gatewayID,Received,Interfered,No Receivers, Under, GW busy, unset
1,455,471,0,0,0,0
2,437,489,0,0,0,0
3,432,494,0,0,0,0
4,430,496,0,0,0,0
EndDeviceID,X,Y,Z
5,-79.72909545898438,367.99200439453125,1
6,268.802001953125,463.39404296875,1
7,-127.97198486328125,321.2550048828125,1
8,-45.7615966796875,131.43402099609375,1
9,173.28997802734375,-332.01800537109375,1
10,60.3001708984375,498.0830078125,1
11,321.2640380859375,268.56103515625,1
12,-201.1820068359375,-363.00299072265625,1
13,-235.01400756835938,-196.4580078125,1
14,286.8170166015625,-4.6820068359375,1
15,-156.34500122070312,120.6309814453125,1
16,-137.27999877929688,440.281005859375,1
17,212.07501220703125,496.260986328125,1
18,-9.625579833984375,-488.531005859375,1
19,404.5989990234375,-172.35198974609375,1
20,-315.65399169921875,384.094970703125,1
21,-395.7170104980469,231.969970703125,1
22,89.87860107421875,-116.75299072265625,1
23,312.6390380859375,-402.27301025390625,1
24,-450.2510070800781,-283.6549987792969,1
25,-174.6619873046875,27.55511474609375,1
26,449.39300537109375,235.60699462890625,1
27,-325.343994140625,-195.61199951171875,1
28,-42.2926025390625,442.989013671875,1
29,-278.0270080566406,-399.260986328125,1
30,-157.14398193359375,-386.74700927734375,1
31,194.31298828125,-411.4549865722656,1
32,-336.364013671875,93.8162841796875,1
33,175.88800048828125,-332.9119873046875,1
34,-325.2669982910156,-296.0050048828125,1
35,236.57501220703125,-468.97601318359375,1
36,-41.807403564453125,-12.11248779296875,1
37,-162.19598388671875,275.1929931640625,1
38,184.1419677734375,-256.1679992675781,1
39,-271.39801025390625,53.211181640625,1
40,-290.2749938964844,457.1600341796875,1
41,35.8638916015625,199.7440185546875,1
42,-340.7349853515625,-53.872314453125,1
43,-136.22500610351562,-33.173583984375,1
44,482.2340087890625,-329.9729919433594,1
45,-47.51300048828125,137.822021484375,1
46,-140.91799926757812,334.3060302734375,1
47,286.843017578125,-32.389892578125,1
48,472.365966796875,-82.2672119140625,1
49,-170.906982421875,-249.4669952392578,1
50,-207.33999633789062,-160.9219970703125,1
51,497.99798583984375,-25.728607177734375,1
52,-460.0150146484375,-325.5400085449219,1
53,-90.00100708007812,-457.4219970703125,1
54,2.006500244140625,86.6868896484375,1
55,-450.12701416015625,-167.42401123046875,1
56,417.2459716796875,-318.218994140625,1
57,-203.35400390625,480.52899169921875,1
58,-250.45599365234375,125.80999755859375,1
59,-206.73599243164062,-221.6300048828125,1
60,140.5469970703125,-461.6189880371094,1
61,282.115966796875,171.07098388671875,1
62,-306.75299072265625,-171.00201416015625,1
63,181.2230224609375,234.5009765625,1
64,-59.3660888671875,-13.98980712890625,1
65,148.53997802734375,-195.072998046875,1
66,-275.0840148925781,102.3170166015625,1
67,-229.51898193359375,220.613037109375,1
68,-212.07000732421875,360.85595703125,1
69,-383.4219970703125,-231.25201416015625,1
70,-399.6619873046875,-245.49099731445312,1
71,-370.6499938964844,-130.31100463867188,1
72,356.093994140625,-7.533935546875,1
73,300.1500244140625,451.8890380859375,1
74,98.84637451171875,-143.33599853515625,1
75,-242.37200927734375,-102.47100830078125,1
76,57.6497802734375,-155.27999877929688,1
77,135.93499755859375,94.5711669921875,1
78,171.4849853515625,-295.4440002441406,1
79,-90.97198486328125,-149.52801513671875,1
80,262.62298583984375,29.6068115234375,1
81,305.48199462890625,203.85601806640625,1
82,79.4735107421875,243.781982421875,1
83,268.6650390625,121.1519775390625,1
84,-206.75100708007812,-351.7250061035156,1
85,-284.2030029296875,59.3585205078125,1
86,-272.7510070800781,-275.0379943847656,1
87,157.4530029296875,475.47198486328125,1
88,-19.01409912109375,173.00799560546875,1
89,-446.91900634765625,-454.69000244140625,1
90,-343.6700134277344,-294.06500244140625,1
91,-203.90802001953125,486.8690185546875,1
92,241.22802734375,-117.14199829101562,1
93,291.84100341796875,-117.58999633789062,1
94,-443.27099609375,-193.0830078125,1
95,249.82000732421875,-347.78399658203125,1
96,11.312713623046875,362.1719970703125,1
97,157.5059814453125,329.60198974609375,1
98,393.9730224609375,-60.5037841796875,1
99,-295.8680114746094,40.82781982421875,1
100,388.344970703125,-309.31500244140625,1
101,485.3699951171875,149.97198486328125,1
102,-151.4019775390625,296.66400146484375,1
103,335.28900146484375,-281.67401123046875,1
104,306.5589599609375,-58.24749755859375,1
senderId,receiverID, sendTime, receivedTime,SF,SNR,Ftype,Freq,received,code
75,2,834.2625,906.1985,7,21.5706,2,8685,1,0
93,1,15415.857,15487.793,7,-4.98585,4,8685,1,0
91,3,16766.502,17219.111,10,-16.2871,2,8685,1,0
91,4,16766.502,17219.111,10,-16.2871,2,8685,1,0
104,1,19147.91,19219.848,7,10.7811,4,8685,1,0
37,1,20313.135,20385.07,7,-7.48018,2,8685,1,0
37,2,20313.135,20385.07,7,-7.48018,2,8685,1,0
37,3,20313.135,20385.07,7,-7.48018,2,8685,1,0
100,1,21936.053,22388.66,10,-2.21805,4,8685,0,1
100,4,21936.053,22388.66,10,-2.21805,4,8685,1,0
59,2,23858.062,24104.848,9,8.27877,4,8685,1,0
59,3,23858.062,24104.848,9,8.27877,4,8685,1,0
59,4,23858.062,24104.848,9,8.27877,4,8685,1,0
96,1,25234.604,25306.54,7,-2.24266,2,8685,1,0
96,2,25234.604,25306.54,7,-2.24266,2,8685,0,1
96,3,25234.604,25306.54,7,-2.24266,2,8685,1,0
73,1,29174.307,30984.74,12,-9.19325,4,8685,1,0
73,3,29174.307,30984.74,12,-9.19325,4,8685,1,0
16,3,33365.508,33499.14,8,0.0,2,8685,0,1
28,2,33945.32,34078.953,8,-7.5744,2,8685,1,0
28,3,33945.32,34078.953,8,-7.5744,2,8685,0,1
28,4,33945.32,34078.953,8,-7.5744,2,8685,1,0
78,1,33953.53,34087.164,8,-1.6095,4,8685,1,0
45,2,39151.465,39223.402,7,-6.54413,2,8685,1,0
45,4,39151.465,39223.402,7,-6.54413,2,8685,1,0
37,2,42077.844,42149.78,7,2.92294,2,8681,1,0
70,2,53329.766,55140.2,12,-15.2953,4,8685,1,0
41,3,54065.254,54137.19,7,-3.77611,4,8685,1,0
41,4,54065.254,54137.19,7,-3.77611,4,8685,1,0
18,2,55414.36,55661.145,9,-8.74472,4,8685,1,0
18,4,55414.36,55661.145,9,-8.74472,4,8685,1,0
67,1,61439.695,61686.477,9,-10.2867,4,8685,1,0
67,2,61439.695,61686.477,9,-10.2867,4,8685,1,0
67,4,61439.695,61686.477,9,-10.2867,4,8685,1,0
40,1,62581.676,63034.28,10,0.0,2,8685,0,1
96,3,75642.6,75714.54,7,1.41797,2,8681,1,0
47,1,78755.45,78827.39,7,14.2528,2,8685,1,0
47,3,78755.45,78827.39,7,14.2528,2,8685,1,0
101,1,86242.72,86695.33,10,-5.06224,4,8685,1,0
101,4,86242.72,86695.33,10,-5.06224,4,8685,1,0
84,2,89331.58,89578.36,9,-11.3729,4,8685,1,0
84,4,89331.58,89578.36,9,-11.3729,4,8685,1,0
94,1,91075.45,91528.06,10,4.1293,4,8685,1,0
94,3,91075.45,91528.06,10,4.1293,4,8685,1,0
69,2,96575.31,96822.09,9,-10.1303,2,8685,1,0
69,4,96575.31,96822.09,9,-10.1303,2,8685,1,0
88,3,97061.336,97133.27,7,5.3589,4,8685,1,0
35,1,99987.47,100974.61,11,-15.9375,2,8685,1,0
35,2,99987.47,100974.61,11,-15.9375,2,8685,1,0
35,4,99987.47,100974.61,11,-15.9375,2,8685,1,0
40,2,107842.48,108295.086,10,-6.70642,2,8681,1,0
40,3,107842.48,108295.086,10,-6.70642,2,8681,1,0
40,4,107842.48,108295.086,10,-6.70642,2,8681,1,0
53,2,108050.59,109861.02,12,-20.8795,4,8685,1,0
53,4,108050.59,109861.02,12,-20.8795,4,8685,1,0
88,1,109275.97,109347.91,7,14.8711,4,8681,1,0
88,3,109275.97,109347.91,7,14.8711,4,8681,1,0
21,2,114674.22,114921.0,9,-6.2372,2,8685,1,0
21,4,114674.22,114921.0,9,-6.2372,2,8685,1,0
89,2,120760.28,122570.72,12,-4.97974,2,8685,1,0
89,4,120760.28,122570.72,12,-4.97974,2,8685,1,0
32,2,125113.99,125185.93,7,-3.54784,4,8685,1,0
68,3,126290.47,126537.25,9,-6.15776,4,8685,1,0
19,1,127475.445,127928.055,10,-10.4305,2,8685,1,0
39,2,132478.9,132550.84,7,24.9562,2,8685,1,0
39,3,132478.9,132550.84,7,24.9562,2,8685,1,0
43,2,133716.38,133788.3,7,-8.88801,2,8685,1,0
43,3,133716.38,133788.3,7,-8.88801,2,8685,1,0
15,2,136827.58,136899.5,7,2.30263,4,8685,1,0
104,1,137322.86,137394.8,7,18.0502,4,8681,1,0
104,2,137322.86,137394.8,7,18.0502,4,8681,1,0
50,2,138308.97,138442.61,8,2.2123,4,8685,1,0
50,3,138308.97,138442.61,8,2.2123,4,8685,1,0
30,4,142133.94,142380.72,9,-13.4551,2,8685,1,0
10,3,142804.83,143051.61,9,-11.343,2,8685,1,0
10,4,142804.83,143051.61,9,-11.343,2,8685,1,0
83,1,148956.73,149028.67,7,-1.32959,4,8685,1,0
83,3,148956.73,149028.67,7,-1.32959,4,8685,1,0
62,2,155083.48,155155.4,7,-8.29416,4,8685,1,0
86,1,155850.73,156097.52,9,-7.17659,4,8681,1,0
86,2,155850.73,156097.52,9,-7.17659,4,8681,1,0
86,4,155850.73,156097.52,9,-7.17659,4,8681,1,0
85,2,157755.06,157827.0,7,10.47,2,8685,1,0
18,2,161111.78,161358.56,9,-12.0588,4,8681,1,0
18,3,161111.78,161358.56,9,-12.0588,4,8681,1,0
18,4,161111.78,161358.56,9,-12.0588,4,8681,1,0
83,1,161204.64,161276.56,7,-3.80821,4,8681,1,0
83,3,161204.64,161276.56,7,-3.80821,4,8681,1,0
83,4,161204.64,161276.56,7,-3.80821,4,8681,1,0
97,2,162123.06,162369.84,9,-12.4134,4,8685,0,1
97,3,162123.06,162369.84,9,-12.4134,4,8685,1,0
44,4,164721.42,166531.84,12,-2.27136,4,8685,1,0
102,1,168717.86,168789.8,7,-7.87729,4,8685,1,0
87,1,170897.56,171144.34,9,-7.39152,4,8685,1,0
87,3,170897.56,171144.34,9,-7.39152,4,8685,1,0
23,1,172409.05,172861.66,10,-12.6422,2,8685,1,0
23,2,172409.05,172861.66,10,-12.6422,2,8685,1,0
23,4,172409.05,172861.66,10,-12.6422,2,8685,1,0
49,1,173901.2,174147.98,9,9.48718,2,8685,0,1
49,3,173901.2,174147.98,9,9.48718,2,8685,1,0
49,4,173901.2,174147.98,9,9.48718,2,8685,1,0
33,2,180979.72,181226.5,9,-9.08549,2,8685,1,0
33,3,180979.72,181226.5,9,-9.08549,2,8685,1,0
33,4,180979.72,181226.5,9,-9.08549,2,8685,1,0
46,2,183020.55,183154.19,8,-5.71454,4,8685,1,0
46,3,183020.55,183154.19,8,-5.71454,4,8685,1,0
48,1,183059.17,183305.95,9,-4.23184,2,8685,1,0
48,2,183059.17,183305.95,9,-4.23184,2,8685,1,0
67,1,183802.0,184048.78,9,-2.00191,4,8681,1,0
67,2,183802.0,184048.78,9,-2.00191,4,8681,1,0
67,3,183802.0,184048.78,9,-2.00191,4,8681,1,0
67,4,183802.0,184048.78,9,-2.00191,4,8681,1,0
77,1,190894.06,191027.69,8,-0.700973,2,8685,1,0
77,2,190894.06,191027.69,8,-0.700973,2,8685,1,0
77,3,190894.06,191027.69,8,-0.700973,2,8685,1,0
64,1,195828.77,195900.7,7,-6.76468,2,8685,1,0
64,2,195828.77,195900.7,7,-6.76468,2,8685,1,0
95,1,196464.72,196711.5,9,-14.3313,2,8685,1,0
95,2,196464.72,196711.5,9,-14.3313,2,8685,1,0
95,4,196464.72,196711.5,9,-14.3313,2,8685,1,0
34,2,196929.84,197176.62,9,-10.5818,4,8685,1,0
34,4,196929.84,197176.62,9,-10.5818,4,8685,1,0
7,3,205049.48,205121.42,7,-4.11876,2,8685,1,0
99,1,205781.81,205853.75,7,-3.56616,2,8685,1,0
99,2,205781.81,205853.75,7,-3.56616,2,8685,1,0
74,1,206149.78,206221.7,7,3.27987,4,8685,1,0
73,2,210217.52,212027.94,12,-13.752,4,8681,1,0
73,3,210217.52,212027.94,12,-13.752,4,8681,1,0
73,4,210217.52,212027.94,12,-13.752,4,8681,1,0
60,4,212837.14,212970.78,8,8.65916,4,8685,1,0
99,2,212975.42,213047.34,7,6.81265,2,8681,1,0
29,4,213407.14,213859.73,10,-5.78325,2,8685,1,0
54,4,214476.23,214548.16,7,-3.99737,2,8685,1,0
84,1,218301.67,218548.45,9,-12.5766,4,8681,1,0
84,2,218301.67,218548.45,9,-12.5766,4,8681,1,0
84,3,218301.67,218548.45,9,-12.5766,4,8681,1,0
84,4,218301.67,218548.45,9,-12.5766,4,8681,1,0
20,1,218480.44,219467.58,11,-10.9416,2,8685,1,0
20,3,218480.44,219467.58,11,-10.9416,2,8685,1,0
58,2,224319.69,224391.61,7,12.7185,2,8685,1,0
58,4,224319.69,224391.61,7,12.7185,2,8685,1,0
45,3,224893.27,224965.19,7,14.3754,2,8681,1,0
47,1,225580.95,225652.88,7,6.48855,2,8681,1,0
47,3,225580.95,225652.88,7,6.48855,2,8681,1,0
47,4,225580.95,225652.88,7,6.48855,2,8681,1,0
62,1,229110.66,229182.6,7,3.95063,4,8681,1,0
62,4,229110.66,229182.6,7,3.95063,4,8681,1,0
51,1,231187.53,231640.14,10,-1.67346,4,8685,1,0
25,1,231444.22,231516.14,7,-6.6358,2,8685,1,0
25,2,231444.22,231516.14,7,-6.6358,2,8685,1,0
25,3,231444.22,231516.14,7,-6.6358,2,8685,1,0
60,4,234235.45,234369.1,8,-0.332091,4,8681,1,0
70,1,234372.97,236183.39,12,-8.56459,4,8681,1,0
70,2,234372.97,236183.39,12,-8.56459,4,8681,1,0
70,3,234372.97,236183.39,12,-8.56459,4,8681,1,0
70,4,234372.97,236183.39,12,-8.56459,4,8681,0,1
82,1,241697.77,241769.7,7,3.93694,4,8685,1,0
82,2,241697.77,241769.7,7,3.93694,4,8685,1,0
82,3,241697.77,241769.7,7,3.93694,4,8685,1,0
104,1,242371.34,242443.27,7,-6.70541,4,8681,1,0
104,3,242371.34,242443.27,7,-6.70541,4,8681,1,0
104,4,242371.34,242443.27,7,-6.70541,4,8681,1,0
65,1,247249.9,247383.55,8,-7.33293,4,8685,1,0
65,2,247249.9,247383.55,8,-7.33293,4,8685,1,0
65,4,247249.9,247383.55,8,-7.33293,4,8685,1,0
38,1,253944.22,254191.0,9,-8.13669,2,8685,1,0
38,2,253944.22,254191.0,9,-8.13669,2,8685,1,0
38,3,253944.22,254191.0,9,-8.13669,2,8685,1,0
76,4,254275.75,254347.69,7,-8.6702,4,8685,1,0
92,1,255536.23,255608.17,7,6.40228,4,8685,1,0
92,4,255536.23,255608.17,7,6.40228,4,8685,1,0
27,3,261705.62,261952.42,9,5.05949,2,8685,1,0
27,4,261705.62,261952.42,9,5.05949,2,8685,1,0
29,2,263932.28,264384.88,10,-4.84183,2,8681,1,0
29,4,263932.28,264384.88,10,-4.84183,2,8681,1,0
59,1,266086.9,266333.72,9,-6.8016,4,8681,1,0
59,2,266086.9,266333.72,9,-6.8016,4,8681,1,0
59,4,266086.9,266333.72,9,-6.8016,4,8681,1,0
81,1,267538.84,267672.5,8,-6.94098,2,8685,1,0
81,2,267538.84,267672.5,8,-6.94098,2,8685,1,0
81,4,267538.84,267672.5,8,-6.94098,2,8685,1,0
15,2,269278.22,269350.16,7,-5.30543,4,8681,1,0
36,1,269533.28,269780.1,9,-2.03252,2,8685,1,0
36,2,269533.28,269780.1,9,-2.03252,2,8685,1,0
36,3,269533.28,269780.1,9,-2.03252,2,8685,1,0
55,2,271760.84,272007.62,9,-14.2566,2,8685,1,0
55,4,271760.84,272007.62,9,-14.2566,2,8685,1,0
5,1,280586.03,280719.66,8,-4.08232,2,8685,1,0
9,1,283527.12,283599.06,7,0.791322,2,8681,1,0
9,4,283527.12,283599.06,7,0.791322,2,8681,1,0
28,1,283812.03,283945.7,8,-7.51927,2,8681,1,0
28,4,283812.03,283945.7,8,-7.51927,2,8681,1,0
77,1,286442.38,286576.03,8,9.45796,2,8681,1,0
53,2,289093.78,290904.22,12,-16.214,4,8681,1,0
30,4,289901.22,290148.0,9,4.56267,2,8681,1,0
71,2,292051.94,292185.56,8,-11.728,4,8685,1,0
87,1,292763.8,293010.62,9,-10.4566,4,8681,1,0
6,4,292768.12,293220.72,10,-11.1306,4,8685,1,0
47,1,294165.56,294237.5,7,18.2283,2,8681,1,0
47,2,294165.56,294237.5,7,18.2283,2,8681,1,0
94,2,294540.8,294993.4,10,-8.70595,4,8681,1,0
31,4,295122.38,295369.16,9,0.0,4,8685,0,1
8,3,295903.56,295975.5,7,16.1727,4,8685,1,0
8,4,295903.56,295975.5,7,16.1727,4,8685,0,1
24,3,296160.53,296613.12,10,-14.5215,2,8685,1,0
24,4,296160.53,296613.12,10,-14.5215,2,8685,0,1
32,2,297310.75,297382.7,7,-5.61429,4,8681,0,1
32,3,297310.75,297382.7,7,-5.61429,4,8681,1,0
66,2,298906.2,298978.12,7,-4.17804,4,8685,1,0
66,4,298906.2,298978.12,7,-4.17804,4,8685,1,0
39,2,301672.78,301744.72,7,19.8038,2,8681,1,0
56,1,303755.8,304742.9,11,-8.43048,4,8685,1,0
56,2,303755.8,304742.9,11,-8.43048,4,8685,1,0
56,3,303755.8,304742.9,11,-8.43048,4,8685,1,0
12,4,304337.78,304790.38,10,-1.15349,2,8685,1,0
17,1,305206.0,305658.6,10,-4.91232,4,8685,1,0
17,2,305206.0,305658.6,10,-4.91232,4,8685,1,0
17,3,305206.0,305658.6,10,-4.91232,4,8685,1,0
17,4,305206.0,305658.6,10,-4.91232,4,8685,1,0
22,1,307111.62,307183.56,7,12.334,4,8685,1,0
22,2,307111.62,307183.56,7,12.334,4,8685,1,0
26,3,310755.44,311742.56,11,-3.3463,2,8685,1,0
14,1,311249.72,311321.66,7,15.5408,4,8685,1,0
14,4,311249.72,311321.66,7,15.5408,4,8685,1,0
45,2,311893.8,311965.72,7,-5.1631,2,8681,1,0
45,3,311893.8,311965.72,7,-5.1631,2,8681,1,0
13,2,312337.16,312409.1,7,3.64337,4,8685,1,0
13,4,312337.16,312409.1,7,3.64337,4,8685,1,0
32,2,315876.28,315948.22,7,-3.90071,4,8681,1,0
32,4,315876.28,315948.22,7,-3.90071,4,8681,1,0
52,1,316005.7,316992.8,11,-10.4581,4,8681,1,0
52,2,316005.7,316992.8,11,-10.4581,4,8681,0,1
52,4,316005.7,316992.8,11,-10.4581,4,8681,1,0
59,1,317630.88,317877.7,9,-13.3843,4,8681,1,0
63,1,317934.16,318006.06,7,-1.90291,2,8685,1,0
63,2,317934.16,318006.06,7,-1.90291,2,8685,1,0
63,3,317934.16,318006.06,7,-1.90291,2,8685,1,0
19,1,318380.4,318833.0,10,4.71861,2,8681,1,0
19,3,318380.4,318833.0,10,4.71861,2,8681,1,0
67,2,320030.97,320277.78,9,0.0,4,8681,1,0
67,3,320030.97,320277.78,9,0.0,4,8681,1,0
77,1,320032.72,320166.34,8,-5.93121,2,8681,1,0
77,2,320032.72,320166.34,8,-5.93121,2,8681,1,0
97,2,320657.94,320904.72,9,-9.75087,4,8681,1,0
97,3,320657.94,320904.72,9,-9.75087,4,8681,1,0
57,2,321921.1,322908.2,11,-0.574325,4,8685,1,0
57,3,321921.1,322908.2,11,-0.574325,4,8685,0,1
57,4,321921.1,322908.2,11,-0.574325,4,8685,1,0
32,2,336322.88,336394.8,7,10.3705,4,8685,1,0
33,2,339977.06,340223.84,9,4.3519,2,8681,1,0
33,3,339977.06,340223.84,9,4.3519,2,8681,1,0
33,4,339977.06,340223.84,9,4.3519,2,8681,1,0
103,1,341886.62,342339.22,10,-9.4751,4,8685,1,0
98,1,345580.28,345713.94,8,7.07506,2,8685,1,0
98,2,345580.28,345713.94,8,7.07506,2,8685,1,0
98,3,345580.28,345713.94,8,7.07506,2,8685,1,0
65,1,350265.88,350399.5,8,-11.7341,4,8681,1,0
65,2,350265.88,350399.5,8,-11.7341,4,8681,1,0
65,3,350265.88,350399.5,8,-11.7341,4,8681,1,0
72,1,350716.06,350788.0,7,4.41369,2,8685,1,0
72,3,350716.06,350788.0,7,4.41369,2,8685,1,0
61,1,354834.66,354906.6,7,-0.303054,2,8685,1,0
61,3,354834.66,354906.6,7,-0.303054,2,8685,1,0
42,2,354986.2,355058.1,7,-5.13858,2,8685,1,0
80,1,357153.47,357225.4,7,6.92173,4,8685,1,0
45,1,362558.38,362630.3,7,-6.52421,2,8685,1,0
45,3,362558.38,362630.3,7,-6.52421,2,8685,1,0
8,2,372426.25,372498.16,7,-0.0114433,4,8681,1,0
8,3,372426.25,372498.16,7,-0.0114433,4,8681,1,0
64,2,380015.25,380087.2,7,11.7936,2,8681,1,0
84,4,387394.56,387641.34,9,-8.50568,4,8681,1,0
59,1,388842.75,389089.53,9,-7.73976,4,8685,1,0
59,2,388842.75,389089.53,9,-7.73976,4,8685,1,0
59,4,388842.75,389089.53,9,-7.73976,4,8685,1,0
82,3,390009.28,390081.22,7,7.57998,4,8681,1,0
98,1,393576.8,393710.44,8,1.48485,2,8681,1,0
19,1,403582.72,404035.34,10,6.30294,2,8681,1,0
19,3,403582.72,404035.34,10,6.30294,2,8681,1,0
19,4,403582.72,404035.34,10,6.30294,2,8681,1,0
10,3,406112.16,406358.94,9,0.861192,2,8681,1,0
96,4,408460.38,408532.3,7,-3.41368,2,8681,1,0
48,1,409048.84,409295.66,9,-1.2915,2,8681,1,0
11,1,409395.2,409642.0,9,-10.752,2,8681,1,0
11,3,409395.2,409642.0,9,-10.752,2,8681,1,0
91,2,409923.03,410375.66,10,-13.2772,2,8681,1,0
91,3,409923.03,410375.66,10,-13.2772,2,8681,1,0
22,1,410034.5,410106.4,7,-7.64181,4,8681,1,0
22,2,410034.5,410106.4,7,-7.64181,4,8681,1,0
79,4,414741.7,414875.34,8,4.61649,2,8681,1,0
70,1,415416.16,417226.6,12,-19.7736,4,8681,1,0
50,1,418003.75,418137.38,8,-7.06102,4,8681,1,0
50,2,418003.75,418137.38,8,-7.06102,4,8681,1,0
50,4,418003.75,418137.38,8,-7.06102,4,8681,1,0
57,1,420634.7,421621.78,11,-6.90765,4,8681,1,0
57,3,420634.7,421621.78,11,-6.90765,4,8681,1,0
60,4,424732.6,424866.25,8,-6.13095,4,8681,1,0
47,1,428421.84,428493.78,7,1.24422,2,8685,1,0
47,3,428421.84,428493.78,7,1.24422,2,8685,1,0
38,4,439226.5,439473.3,9,-1.92319,2,8681,1,0
69,2,448736.1,448982.88,9,-6.99815,2,8681,1,0
46,2,453701.88,453835.5,8,-9.27586,4,8681,1,0
46,3,453701.88,453835.5,8,-9.27586,4,8681,1,0
91,3,455183.84,455636.44,10,-7.52087,2,8681,1,0
50,2,456437.2,456570.84,8,-4.00445,4,8681,1,0
50,3,456437.2,456570.84,8,-4.00445,4,8681,1,0
19,1,456914.72,457367.3,10,8.50382,2,8685,1,0
19,3,456914.72,457367.3,10,8.50382,2,8685,1,0
19,4,456914.72,457367.3,10,8.50382,2,8685,1,0
36,1,465254.8,465501.62,9,-4.94614,2,8681,1,0
36,3,465254.8,465501.62,9,-4.94614,2,8681,1,0
36,4,465254.8,465501.62,9,-4.94614,2,8681,1,0
62,1,466009.4,466081.34,7,-7.95615,4,8681,1,0
62,3,466009.4,466081.34,7,-7.95615,4,8681,1,0
62,4,466009.4,466081.34,7,-7.95615,4,8681,1,0
53,1,470137.0,471947.4,12,-20.3092,4,8681,1,0
53,2,470137.0,471947.4,12,-20.3092,4,8681,1,0
53,4,470137.0,471947.4,12,-20.3092,4,8681,1,0
61,3,475163.88,475235.8,7,-8.5822,2,8681,1,0
100,1,475822.84,476275.44,10,-16.0491,4,8681,1,0
100,4,475822.84,476275.44,10,-16.0491,4,8681,1,0
86,2,476179.9,476426.7,9,-0.336669,4,8681,1,0
38,2,482073.28,482320.06,9,-11.9326,2,8681,1,0
38,4,482073.28,482320.06,9,-11.9326,2,8681,1,0
28,3,486808.72,486942.34,8,-2.01289,2,8681,1,0
28,4,486808.72,486942.34,8,-2.01289,2,8681,1,0
20,1,488563.6,489550.72,11,-15.5865,2,8681,1,0
20,2,488563.6,489550.72,11,-15.5865,2,8681,1,0
24,3,494194.2,494646.78,10,-12.2428,2,8681,1,0
24,4,494194.2,494646.78,10,-12.2428,2,8681,1,0
79,1,498011.84,498145.47,8,-0.602187,2,8681,1,0
73,3,500332.12,502142.56,12,-7.42462,4,8681,1,0
85,2,500570.6,500642.53,7,12.3888,2,8681,1,0
42,2,502321.78,502393.72,7,9.09886,2,8681,1,0
42,4,502321.78,502393.72,7,9.09886,2,8681,1,0
98,1,509718.47,509852.12,8,-6.29835,2,8681,1,0
30,1,517775.94,518022.72,9,-3.85721,2,8681,1,0
30,2,517775.94,518022.72,9,-3.85721,2,8681,1,0
30,4,517775.94,518022.72,9,-3.85721,2,8681,1,0
90,2,521446.1,521692.88,9,-5.76509,4,8681,1,0
64,1,521627.8,521699.78,7,2.76264,2,8681,1,0
64,3,521627.8,521699.78,7,2.76264,2,8681,1,0
64,4,521627.8,521699.78,7,2.76264,2,8681,1,0
32,2,521837.6,521909.53,7,13.0571,4,8685,1,0
84,2,529729.25,529976.0,9,-7.95169,4,8685,1,0
84,4,529729.25,529976.0,9,-7.95169,4,8685,1,0
89,1,530890.2,532700.6,12,-12.8953,2,8681,1,0
89,2,530890.2,532700.6,12,-12.8953,2,8681,1,0
89,4,530890.2,532700.6,12,-12.8953,2,8681,0,1
77,1,533698.1,533831.75,8,-5.13847,2,8685,1,0
48,1,534264.9,534511.7,9,-9.65109,2,8681,1,0
48,2,534264.9,534511.7,9,-9.65109,2,8681,1,0
48,4,534264.9,534511.7,9,-9.65109,2,8681,1,0
8,2,535040.3,535112.25,7,2.21393,4,8681,1,0
38,1,535595.7,535842.44,9,-10.6594,2,8685,1,0
38,3,535595.7,535842.44,9,-10.6594,2,8685,1,0
38,4,535595.7,535842.44,9,-10.6594,2,8685,1,0
98,1,537295.8,537429.44,8,-4.13963,2,8685,1,0
101,1,539450.8,539903.44,10,-4.58778,4,8681,1,0
101,4,539450.8,539903.44,10,-4.58778,4,8681,1,0
33,3,540387.25,540634.06,9,-2.26981,2,8681,1,0
33,4,540387.25,540634.06,9,-2.26981,2,8681,1,0
96,3,548942.6,549014.56,7,14.7362,2,8685,1,0
32,1,550962.3,551034.3,7,-8.0778,4,8683,1,0
32,2,550962.3,551034.3,7,-8.0778,4,8683,1,0
21,2,559783.44,560030.2,9,-11.528,2,8681,1,0
21,3,559783.44,560030.2,9,-11.528,2,8681,1,0
21,4,559783.44,560030.2,9,-11.528,2,8681,1,0
12,1,562129.1,562581.8,10,-5.97313,2,8681,1,0
12,2,562129.1,562581.8,10,-5.97313,2,8681,1,0
90,1,565078.4,565325.1,9,-7.85739,4,8681,1,0
90,2,565078.4,565325.1,9,-7.85739,4,8681,1,0
90,4,565078.4,565325.1,9,-7.85739,4,8681,1,0
14,1,569571.75,569643.75,7,12.9879,4,8681,1,0
71,2,582484.75,582618.4,8,1.68295,4,8681,1,0
18,4,586555.75,586802.5,9,-6.9857,4,8681,1,0
22,2,595814.1,595886.1,7,-7.13855,4,8681,1,0
27,1,596241.1,596487.94,9,-9.60039,2,8681,1,0
27,2,596241.1,596487.94,9,-9.60039,2,8681,1,0
70,2,596459.4,598269.75,12,0.0,4,8685,0,1
70,3,596459.4,598269.75,12,0.0,4,8685,1,0
69,4,606334.25,606581.0,9,1.86438,2,8681,1,0
15,2,606376.44,606448.44,7,2.95628,4,8681,1,0
15,4,606376.44,606448.44,7,2.95628,4,8681,1,0
22,2,607225.75,607297.75,7,-4.12071,4,8685,1,0
22,4,607225.75,607297.75,7,-4.12071,4,8685,1,0
75,1,610384.0,610455.94,7,2.66707,2,8681,1,0
33,1,619011.7,619258.44,9,2.53604,2,8685,1,0
33,3,619011.7,619258.44,9,2.53604,2,8685,1,0
33,4,619011.7,619258.44,9,2.53604,2,8685,1,0
91,3,622517.2,622969.9,10,-5.11787,2,8685,1,0
91,4,622517.2,622969.9,10,-5.11787,2,8685,1,0
18,1,627768.2,628014.94,9,1.83853,4,8685,1,0
18,2,627768.2,628014.94,9,1.83853,4,8685,1,0
18,3,627768.2,628014.94,9,1.83853,4,8685,1,0
18,4,627768.2,628014.94,9,1.83853,4,8685,1,0
90,1,632091.44,632338.2,9,-7.10893,4,8685,1,0
90,2,632091.44,632338.2,9,-7.10893,4,8685,1,0
90,3,632091.44,632338.2,9,-7.10893,4,8685,1,0
94,3,632840.7,633293.3,10,-14.9017,4,8685,1,0
19,1,634535.0,634987.6,10,-11.598,2,8685,1,0
19,3,634535.0,634987.6,10,-11.598,2,8685,0,1
19,4,634535.0,634987.6,10,-11.598,2,8685,1,0
30,1,634650.3,634897.1,9,-14.2354,2,8685,1,0
30,2,634650.3,634897.1,9,-14.2354,2,8685,1,0
30,4,634650.3,634897.1,9,-14.2354,2,8685,1,0
82,3,635665.3,635737.25,7,0.0,4,8681,1,0
13,2,635918.0,635989.94,7,7.50295,4,8681,1,0
99,2,651502.8,651574.75,7,23.6416,2,8681,1,0
99,4,651502.8,651574.75,7,23.6416,2,8681,1,0
104,1,655301.7,655373.7,7,26.2247,4,8685,1,0
104,4,655301.7,655373.7,7,26.2247,4,8685,1,0
64,2,660570.75,660642.7,7,10.8272,2,8685,1,0
88,2,662496.25,662568.25,7,-0.351028,4,8681,1,0
88,3,662496.25,662568.25,7,-0.351028,4,8681,1,0
83,1,662704.6,662776.6,7,5.86854,4,8681,1,0
101,1,663458.8,663911.44,10,0.0,4,8681,0,1
101,3,663458.8,663911.44,10,0.0,4,8681,1,0
101,4,663458.8,663911.44,10,0.0,4,8681,1,0
41,2,664004.2,664076.2,7,17.6868,4,8681,1,0
41,3,664004.2,664076.2,7,17.6868,4,8681,1,0
11,1,667677.56,667924.3,9,-6.68358,2,8681,1,0
11,3,667677.56,667924.3,9,-6.68358,2,8681,1,0
28,3,672713.9,672847.5,8,25.2948,2,8685,1,0
99,2,676101.6,676173.56,7,10.4586,2,8685,1,0
30,3,678945.0,679191.75,9,-2.11374,2,8685,1,0
30,4,678945.0,679191.75,9,-2.11374,2,8685,1,0
73,1,681375.3,683185.75,12,-12.4207,4,8685,1,0
73,4,681375.3,683185.75,12,-12.4207,4,8685,1,0
46,2,701912.44,702046.0,8,-1.93388,4,8685,1,0
46,3,701912.44,702046.0,8,-1.93388,4,8685,1,0
30,1,703623.44,703870.2,9,-7.99954,2,8683,1,0
30,2,703623.44,703870.2,9,-7.99954,2,8683,1,0
30,4,703623.44,703870.2,9,-7.99954,2,8683,1,0
36,1,710663.06,710909.9,9,-5.09541,2,8681,1,0
36,2,710663.06,710909.9,9,-5.09541,2,8681,1,0
36,3,710663.06,710909.9,9,-5.09541,2,8681,1,0
69,2,711789.06,712035.8,9,20.8888,2,8685,1,0
69,4,711789.06,712035.8,9,20.8888,2,8685,1,0
68,4,717591.75,717838.5,9,-13.6341,4,8681,1,0
67,2,723989.1,724235.9,9,-1.65526,4,8685,1,0
67,3,723989.1,724235.9,9,-1.65526,4,8685,1,0
77,1,734587.7,734721.3,8,-9.14102,2,8685,1,0
5,3,736135.06,736268.7,8,-2.52866,2,8681,1,0
56,1,741464.56,742451.7,11,-2.43588,4,8681,1,0
56,2,741464.56,742451.7,11,-2.43588,4,8681,1,0
56,4,741464.56,742451.7,11,-2.43588,4,8681,1,0
68,2,742270.1,742516.94,9,-6.78419,4,8685,1,0
68,3,742270.1,742516.94,9,-6.78419,4,8685,1,0
57,1,751604.94,752592.06,11,-11.7959,4,8685,1,0
57,3,751604.94,752592.06,11,-11.7959,4,8685,1,0
90,1,755102.9,755349.6,9,-13.8947,4,8685,1,0
90,2,755102.9,755349.6,9,-13.8947,4,8685,1,0
90,4,755102.9,755349.6,9,-13.8947,4,8685,1,0
10,1,758814.9,759061.6,9,-9.31753,2,8681,1,0
10,2,758814.9,759061.6,9,-9.31753,2,8681,1,0
10,3,758814.9,759061.6,9,-9.31753,2,8681,1,0
26,1,762009.3,762996.44,11,3.85203,2,8681,1,0
26,2,762009.3,762996.44,11,3.85203,2,8681,1,0
26,3,762009.3,762996.44,11,3.85203,2,8681,1,0
66,2,768136.1,768208.06,7,-6.6347,4,8681,1,0
66,3,768136.1,768208.06,7,-6.6347,4,8681,1,0
66,4,768136.1,768208.06,7,-6.6347,4,8681,1,0
86,1,768573.7,768820.44,9,-12.2504,4,8685,1,0
86,2,768573.7,768820.44,9,-12.2504,4,8685,1,0
86,3,768573.7,768820.44,9,-12.2504,4,8685,1,0
86,4,768573.7,768820.44,9,-12.2504,4,8685,1,0
97,3,773169.5,773416.25,9,-11.6944,4,8681,1,0
70,1,777502.56,779313.0,12,-3.29871,4,8685,1,0
70,2,777502.56,779313.0,12,-3.29871,4,8685,1,0
70,4,777502.56,779313.0,12,-3.29871,4,8685,1,0
102,1,779753.9,779825.9,7,-6.91307,4,8681,1,0
102,3,779753.9,779825.9,7,-6.91307,4,8681,1,0
54,3,781204.3,781276.25,7,-7.14134,2,8681,1,0
54,4,781204.3,781276.25,7,-7.14134,2,8681,1,0
101,1,789919.8,790372.44,10,9.38271,4,8685,1,0
101,4,789919.8,790372.44,10,9.38271,4,8685,1,0
61,2,793769.2,793841.1,7,8.61279,2,8681,1,0
25,2,794152.2,794224.1,7,7.13753,2,8681,1,0
80,1,797753.9,797825.8,7,23.0252,4,8681,1,0
86,3,800166.2,800412.94,9,-11.1313,4,8685,1,0
86,4,800166.2,800412.94,9,-11.1313,4,8685,1,0
40,3,812285.3,812738.0,10,-7.83931,2,8681,1,0
40,4,812285.3,812738.0,10,-7.83931,2,8681,1,0
48,1,816202.56,816449.3,9,0.65474,2,8685,1,0
99,2,818370.4,818442.3,7,-4.11044,2,8685,1,0
102,3,822222.3,822294.25,7,-4.79765,4,8681,1,0
11,1,828476.06,828722.8,9,9.44574,2,8685,1,0
36,1,830821.3,831068.06,9,-7.80879,2,8685,1,0
36,2,830821.3,831068.06,9,-7.80879,2,8685,1,0
36,3,830821.3,831068.06,9,-7.80879,2,8685,1,0
22,4,832855.44,832927.4,7,6.33305,4,8685,1,0
35,1,849957.6,850944.75,11,-14.1815,2,8681,1,0
79,4,851972.56,852106.1,8,13.7607,2,8685,1,0
19,1,853545.56,853998.25,10,20.4557,2,8683,1,0
19,2,853545.56,853998.25,10,20.4557,2,8683,1,0
19,4,853545.56,853998.25,10,20.4557,2,8683,1,0
98,1,858434.0,858567.6,8,14.8394,2,8685,1,0
45,1,867778.2,867850.2,7,7.2933,2,8685,1,0
45,3,867778.2,867850.2,7,7.2933,2,8685,1,0
82,3,870283.3,870355.3,7,15.2312,4,8685,1,0
82,4,870283.3,870355.3,7,15.2312,4,8685,1,0
41,3,876092.94,876164.94,7,-0.678222,4,8681,1,0
41,4,876092.94,876164.94,7,-0.678222,4,8681,1,0
99,2,878733.8,878805.8,7,22.3923,2,8683,1,0
46,1,882112.56,882246.1,8,-9.88063,4,8685,1,0
46,3,882112.56,882246.1,8,-9.88063,4,8685,1,0
8,1,888896.75,888968.7,7,18.9485,4,8685,1,0
8,3,888896.75,888968.7,7,18.9485,4,8685,1,0
85,2,892096.5,892168.44,7,0.898667,2,8681,1,0
54,1,895733.2,895805.2,7,-0.43016,2,8681,1,0
54,2,895733.2,895805.2,7,-0.43016,2,8681,1,0
54,3,895733.2,895805.2,7,-0.43016,2,8681,1,0
54,4,895733.2,895805.2,7,-0.43016,2,8681,1,0
19,2,898806.4,899259.06,10,-12.1177,2,8685,1,0
19,4,898806.4,899259.06,10,-12.1177,2,8685,1,0
86,4,903383.1,903629.9,9,-9.95073,4,8683,1,0
23,4,908681.5,909134.1,10,0.686356,2,8681,1,0
74,1,912056.2,912128.2,7,-6.75827,4,8681,1,0
44,1,915552.25,917362.7,12,-18.1637,4,8681,1,0
44,3,915552.25,917362.7,12,-18.1637,4,8681,1,0
29,1,920756.0,921208.6,10,-13.7406,2,8681,1,0
29,3,920756.0,921208.6,10,-13.7406,2,8681,1,0
71,2,921482.44,921616.0,8,1.00253,4,8685,1,0
71,4,921482.44,921616.0,8,1.00253,4,8685,1,0
67,1,922727.1,922973.9,9,-6.50131,4,8685,1,0
67,3,922727.1,922973.9,9,-6.50131,4,8685,1,0
7,2,925967.9,926039.9,7,-1.88811,2,8681,1,0
88,1,927969.7,928041.6,7,1.7159,4,8685,1,0
88,3,927969.7,928041.6,7,1.7159,4,8685,1,0
6,2,940885.44,941338.06,10,-14.9765,4,8681,1,0
6,3,940885.44,941338.06,10,-14.9765,4,8681,1,0
6,4,940885.44,941338.06,10,-14.9765,4,8681,1,0
59,1,941329.7,941576.5,9,3.47989,4,8685,1,0
59,2,941329.7,941576.5,9,3.47989,4,8685,1,0
59,4,941329.7,941576.5,9,3.47989,4,8685,1,0
83,1,956272.9,956344.9,7,17.2441,4,8685,1,0
83,3,956272.9,956344.9,7,17.2441,4,8685,1,0
83,4,956272.9,956344.9,7,17.2441,4,8685,1,0
17,3,959951.75,960404.4,10,-2.05139,4,8681,1,0
55,3,960562.3,960809.06,9,-8.05957,2,8681,1,0
55,4,960562.3,960809.06,9,-8.05957,2,8681,1,0
91,2,960959.06,961411.7,10,-11.517,2,8685,1,0
91,4,960959.06,961411.7,10,-11.517,2,8685,1,0
71,2,979410.1,979543.7,8,-3.41724,4,8685,1,0
71,3,979410.1,979543.7,8,-3.41724,4,8685,1,0
71,4,979410.1,979543.7,8,-3.41724,4,8685,1,0
30,4,984739.9,984986.6,9,-9.55188,2,8685,1,0
78,4,985599.4,985733.0,8,0.705781,4,8681,1,0
15,2,994888.4,994960.3,7,3.75723,4,8685,1,0
15,3,994888.4,994960.3,7,3.75723,4,8685,1,0
95,1,998625.06,998871.8,9,-8.6719,2,8681,1,0
95,4,998625.06,998871.8,9,-8.6719,2,8681,1,0
54,2,999800.94,999872.94,7,4.95606,2,8685,1,0
54,3,999800.94,999872.94,7,4.95606,2,8685,1,0
52,1,1000151.56,1001138.7,11,-3.1279,4,8681,1,0
34,1,1002242.3,1002489.06,9,-7.16713,4,8681,0,1
34,2,1002242.3,1002489.06,9,-7.16713,4,8681,1,0
20,1,1003069.2,1004056.3,11,2.62319,2,8681,1,0
20,2,1003069.2,1004056.3,11,2.62319,2,8681,0,1
20,3,1003069.2,1004056.3,11,2.62319,2,8681,1,0
20,4,1003069.2,1004056.3,11,2.62319,2,8681,1,0
60,4,1005989.3,1006122.94,8,-7.10408,4,8685,1,0
14,1,1007993.5,1008065.44,7,3.51108,4,8681,1,0
14,4,1007993.5,1008065.44,7,3.51108,4,8681,1,0
73,1,1010211.25,1012021.7,12,-12.5633,4,8685,1,0
73,3,1010211.25,1012021.7,12,-12.5633,4,8685,1,0
76,1,1011221.4,1011293.3,7,-9.15352,4,8681,1,0
76,2,1011221.4,1011293.3,7,-9.15352,4,8681,1,0
76,4,1011221.4,1011293.3,7,-9.15352,4,8681,1,0
18,2,1018636.06,1018882.8,9,-10.8503,4,8685,1,0
76,1,1026481.2,1026553.1,7,-4.56964,4,8681,1,0
76,4,1026481.2,1026553.1,7,-4.56964,4,8681,1,0
42,2,1033433.94,1033505.9,7,6.96808,2,8685,1,0
42,4,1033433.94,1033505.9,7,6.96808,2,8685,1,0
15,1,1042288.7,1042360.6,7,-2.48256,4,8685,1,0
15,2,1042288.7,1042360.6,7,-2.48256,4,8685,1,0
15,3,1042288.7,1042360.6,7,-2.48256,4,8685,1,0
15,4,1042288.7,1042360.6,7,-2.48256,4,8685,1,0
10,3,1042555.94,1042802.75,9,13.1235,2,8685,1,0
9,1,1046873.44,1046945.3,7,-7.94917,2,8681,1,0
9,2,1046873.44,1046945.3,7,-7.94917,2,8681,1,0
63,1,1049642.5,1049714.4,7,-7.49846,2,8681,1,0
63,3,1049642.5,1049714.4,7,-7.49846,2,8681,1,0
54,2,1058215.8,1058287.6,7,-5.40797,2,8685,1,0
54,3,1058215.8,1058287.6,7,-5.40797,2,8685,1,0
8,2,1061721.2,1061793.1,7,-7.69092,4,8685,1,0
8,4,1061721.2,1061793.1,7,-7.69092,4,8685,1,0
62,2,1068954.6,1069026.5,7,6.32536,4,8685,1,0
62,4,1068954.6,1069026.5,7,6.32536,4,8685,1,0
48,1,1073496.2,1073743.0,9,13.0305,2,8685,1,0
48,2,1073496.2,1073743.0,9,13.0305,2,8685,1,0
67,3,1087412.2,1087659.0,9,-13.4294,4,8683,1,0
99,2,1089068.2,1089140.1,7,24.5172,2,8685,1,0
10,2,1089254.2,1089501.1,9,-6.94029,2,8685,1,0
10,3,1089254.2,1089501.1,9,-6.94029,2,8685,1,0
77,1,1089812.8,1089946.4,8,3.26072,2,8683,1,0
77,3,1089812.8,1089946.4,8,3.26072,2,8683,1,0
77,4,1089812.8,1089946.4,8,3.26072,2,8683,1,0
86,1,1091587.1,1091834.0,9,-9.16624,4,8685,1,0
48,1,1098174.6,1098421.5,9,7.90878,2,8683,1,0
52,4,1098865.1,1099852.2,11,-19.3445,4,8685,1,0
31,1,1102552.2,1102799.1,9,-10.1843,4,8681,1,0
58,2,1105391.0,1105462.9,7,-1.28401,2,8681,1,0
58,3,1105391.0,1105462.9,7,-1.28401,2,8681,1,0
95,1,1107037.9,1107284.6,9,-0.140945,2,8681,1,0
95,3,1107037.9,1107284.6,9,-0.140945,2,8681,1,0
95,4,1107037.9,1107284.6,9,-0.140945,2,8681,1,0
59,2,1108233.6,1108480.5,9,-6.7328,4,8683,1,0
59,3,1108233.6,1108480.5,9,-6.7328,4,8683,1,0
59,4,1108233.6,1108480.5,9,-6.7328,4,8683,1,0
104,1,1109530.4,1109602.2,7,19.4805,4,8685,1,0
104,2,1109530.4,1109602.2,7,19.4805,4,8685,0,1
104,4,1109530.4,1109602.2,7,19.4805,4,8685,1,0
88,1,1111363.6,1111435.5,7,-4.34888,4,8685,1,0
88,3,1111363.6,1111435.5,7,-4.34888,4,8685,1,0
87,1,1116127.4,1116374.1,9,-12.8556,4,8685,1,0
87,4,1116127.4,1116374.1,9,-12.8556,4,8685,1,0
101,4,1130167.0,1130619.6,10,-10.0662,4,8685,1,0
6,1,1131189.8,1131642.4,10,-8.93936,4,8681,1,0
6,3,1131189.8,1131642.4,10,-8.93936,4,8681,1,0
6,4,1131189.8,1131642.4,10,-8.93936,4,8681,1,0
53,1,1135786.5,1137596.9,12,-10.6676,4,8685,1,0
53,4,1135786.5,1137596.9,12,-10.6676,4,8685,1,0
60,1,1136951.2,1137085.0,8,-7.10429,4,8683,1,0
60,4,1136951.2,1137085.0,8,-7.10429,4,8683,1,0
92,1,1138672.1,1138744.0,7,-0.475097,4,8681,1,0
92,4,1138672.1,1138744.0,7,-0.475097,4,8681,1,0
68,3,1139142.8,1139389.5,9,-5.75075,4,8685,1,0
45,1,1149253.9,1149325.8,7,4.3864,2,8683,1,0
45,3,1149253.9,1149325.8,7,4.3864,2,8683,1,0
45,4,1149253.9,1149325.8,7,4.3864,2,8683,1,0
71,1,1158560.0,1158693.8,8,-5.64612,4,8683,1,0
71,2,1158560.0,1158693.8,8,-5.64612,4,8683,1,0
13,2,1161768.4,1161840.4,7,-2.72565,4,8685,1,0
13,4,1161768.4,1161840.4,7,-2.72565,4,8685,1,0
17,2,1162098.4,1162551.0,10,-4.70033,4,8681,1,0
83,1,1163633.1,1163705.1,7,-5.28082,4,8685,1,0
83,3,1163633.1,1163705.1,7,-5.28082,4,8685,1,0
67,2,1164491.8,1164738.5,9,0.0,4,8685,0,1
67,3,1164491.8,1164738.5,9,0.0,4,8685,1,0
39,2,1166340.6,1166412.5,7,-0.0764915,2,8681,1,0
39,4,1166340.6,1166412.5,7,-0.0764915,2,8681,1,0
83,1,1171946.2,1172018.2,7,-5.89299,4,8683,1,0
83,3,1171946.2,1172018.2,7,-5.89299,4,8683,1,0
44,1,1174963.2,1176773.6,12,-13.7137,4,8681,1,0
44,2,1174963.2,1176773.6,12,-13.7137,4,8681,1,0
44,4,1174963.2,1176773.6,12,-13.7137,4,8681,1,0
6,3,1176450.5,1176903.1,10,-6.57233,4,8685,1,0
97,1,1179325.6,1179572.5,9,-9.44685,4,8685,1,0
97,3,1179325.6,1179572.5,9,-9.44685,4,8685,0,1
45,4,1179398.5,1179470.5,7,0.0,2,8685,0,1
94,2,1187001.8,1187454.4,10,-14.764,4,8685,1,0
78,1,1188446.8,1188580.5,8,-5.93971,4,8681,1,0
96,3,1189484.8,1189556.6,7,-5.53444,2,8685,1,0
100,1,1192450.5,1192903.1,10,-8.58432,4,8681,1,0
24,2,1193222.4,1193675.0,10,-14.5098,2,8681,1,0
24,3,1193222.4,1193675.0,10,-14.5098,2,8681,1,0
52,1,1197578.8,1198565.9,11,-4.32637,4,8685,1,0
52,2,1197578.8,1198565.9,11,-4.32637,4,8685,1,0
52,4,1197578.8,1198565.9,11,-4.32637,4,8685,1,0
20,2,1199847.4,1200834.6,11,-9.81311,2,8685,1,0
20,3,1199847.4,1200834.6,11,-9.81311,2,8685,1,0
17,1,1207359.1,1207811.8,10,-16.3848,4,8685,1,0
17,2,1207359.1,1207811.8,10,-16.3848,4,8685,1,0
17,4,1207359.1,1207811.8,10,-16.3848,4,8685,1,0
82,3,1207519.0,1207591.0,7,3.41765,4,8685,1,0
21,4,1208464.0,1208710.9,9,-1.62747,2,8681,1,0
92,1,1224504.5,1224576.4,7,-4.39978,4,8681,1,0
94,2,1232262.5,1232715.1,10,0.888688,4,8683,1,0
94,3,1232262.5,1232715.1,10,0.888688,4,8683,1,0
68,2,1232730.1,1232976.9,9,4.22291,4,8683,1,0
99,2,1234125.9,1234197.8,7,2.8727,2,8683,1,0
95,3,1234311.0,1234557.9,9,-2.6439,2,8685,1,0
95,4,1234311.0,1234557.9,9,-2.6439,2,8685,1,0
19,1,1235286.1,1235738.8,10,-10.3194,2,8683,1,0
19,3,1235286.1,1235738.8,10,-10.3194,2,8683,0,1
19,4,1235286.1,1235738.8,10,-10.3194,2,8683,1,0
100,1,1237711.1,1238163.9,10,3.21702,4,8685,1,0
100,2,1237711.1,1238163.9,10,3.21702,4,8685,1,0
100,4,1237711.1,1238163.9,10,3.21702,4,8685,1,0
75,2,1245723.0,1245794.9,7,-5.92174,2,8685,1,0
75,3,1245723.0,1245794.9,7,-5.92174,2,8685,1,0
8,3,1250624.4,1250696.2,7,8.56777,4,8683,1,0
45,1,1251935.6,1252007.6,7,-0.408675,2,8683,1,0
45,3,1251935.6,1252007.6,7,-0.408675,2,8683,1,0
64,2,1254057.5,1254129.4,7,4.66547,2,8685,1,0
64,4,1254057.5,1254129.4,7,4.66547,2,8685,1,0
31,1,1254477.1,1254724.0,9,-11.639,4,8681,1,0
31,2,1254477.1,1254724.0,9,-11.639,4,8681,1,0
31,4,1254477.1,1254724.0,9,-11.639,4,8681,1,0
74,1,1255967.2,1256039.1,7,-1.93683,4,8685,1,0
74,3,1255967.2,1256039.1,7,-1.93683,4,8685,1,0
81,3,1256893.8,1257027.5,8,9.40482,2,8681,1,0
71,1,1263080.9,1263214.6,8,2.79782,4,8685,1,0
71,2,1263080.9,1263214.6,8,2.79782,4,8685,1,0
86,2,1271930.8,1272177.6,9,-11.8638,4,8683,1,0
86,4,1271930.8,1272177.6,9,-11.8638,4,8683,1,0
12,1,1273327.0,1273779.6,10,-12.9236,2,8681,1,0
12,2,1273327.0,1273779.6,10,-12.9236,2,8681,1,0
12,4,1273327.0,1273779.6,10,-12.9236,2,8681,1,0
38,1,1273470.0,1273716.8,9,-13.1053,2,8685,1,0
38,3,1273470.0,1273716.8,9,-13.1053,2,8685,1,0
38,4,1273470.0,1273716.8,9,-13.1053,2,8685,1,0
7,2,1275600.5,1275672.4,7,0.507783,2,8681,1,0
91,3,1275962.6,1276415.2,10,2.74468,2,8683,1,0
91,4,1275962.6,1276415.2,10,2.74468,2,8683,1,0
90,1,1282301.8,1282548.6,9,-13.2713,4,8683,1,0
90,2,1282301.8,1282548.6,9,-13.2713,4,8683,1,0
90,4,1282301.8,1282548.6,9,-13.2713,4,8683,1,0
6,3,1283342.6,1283795.2,10,-7.97775,4,8685,1,0
18,2,1286667.4,1286914.1,9,-13.3613,4,8683,1,0
62,1,1294172.4,1294244.2,7,-2.37028,4,8685,1,0
62,2,1294172.4,1294244.2,7,-2.37028,4,8685,1,0
52,1,1296292.4,1297279.5,11,-17.0933,4,8683,1,0
52,4,1296292.4,1297279.5,11,-17.0933,4,8683,1,0
20,1,1298560.9,1299548.1,11,-15.8396,2,8685,1,0
20,2,1298560.9,1299548.1,11,-15.8396,2,8685,1,0
20,3,1298560.9,1299548.1,11,-15.8396,2,8685,1,0
74,1,1307851.0,1307922.9,7,9.85307,4,8685,1,0
74,4,1307851.0,1307922.9,7,9.85307,4,8685,1,0
103,1,1308917.4,1309370.0,10,0.0,4,8681,0,1
103,4,1308917.4,1309370.0,10,0.0,4,8681,1,0
10,1,1314504.6,1314751.5,9,-13.6869,2,8683,1,0
87,2,1317248.0,1317494.9,9,-5.6792,4,8685,1,0
87,4,1317248.0,1317494.9,9,-5.6792,4,8685,1,0
75,2,1325768.4,1325840.4,7,17.2727,2,8683,1,0
69,2,1327316.0,1327562.9,9,-11.8327,2,8685,1,0
84,1,1331158.8,1331405.5,9,-8.15364,4,8683,1,0
84,3,1331158.8,1331405.5,9,-8.15364,4,8683,1,0
101,1,1334588.2,1335040.9,10,1.20871,4,8683,1,0
101,3,1334588.2,1335040.9,10,1.20871,4,8683,1,0
47,1,1340780.6,1340852.5,7,26.1775,2,8685,1,0
47,4,1340780.6,1340852.5,7,26.1775,2,8685,1,0
65,1,1341891.5,1342025.1,8,-10.1502,4,8681,1,0
65,3,1341891.5,1342025.1,8,-10.1502,4,8681,1,0
67,1,1345344.8,1345591.5,9,1.28984,4,8683,1,0
67,2,1345344.8,1345591.5,9,1.28984,4,8683,1,0
67,3,1345344.8,1345591.5,9,1.28984,4,8683,1,0
43,2,1350084.4,1350156.2,7,-8.78941,2,8681,1,0
8,2,1352911.8,1352983.6,7,11.147,4,8685,1,0
36,3,1359831.8,1360078.6,9,1.04466,2,8685,1,0
102,3,1364689.2,1364761.1,7,2.3228,4,8685,1,0
49,1,1366476.0,1366722.8,9,-12.9831,2,8681,1,0
49,3,1366476.0,1366722.8,9,-12.9831,2,8681,1,0
49,4,1366476.0,1366722.8,9,-12.9831,2,8681,1,0
77,1,1367412.8,1367546.4,8,2.36522,2,8685,1,0
26,1,1368280.6,1369267.9,11,-17.2912,2,8681,1,0
26,4,1368280.6,1369267.9,11,-17.2912,2,8681,1,0
66,2,1378227.4,1378299.4,7,-7.38335,4,8681,1,0
6,1,1381469.9,1381922.5,10,-5.15515,4,8683,1,0
6,3,1381469.9,1381922.5,10,-5.15515,4,8683,1,0
33,1,1387711.1,1387958.0,9,-10.9331,2,8685,1,0
60,1,1389537.8,1389671.4,8,-1.81059,4,8685,1,0
60,3,1389537.8,1389671.4,8,-1.81059,4,8685,1,0
49,1,1391154.2,1391401.1,9,-5.64493,2,8681,1,0
49,2,1391154.2,1391401.1,9,-5.64493,2,8681,1,0
49,4,1391154.2,1391401.1,9,-5.64493,2,8681,1,0
97,3,1399356.6,1399603.4,9,-4.72099,4,8685,1,0
97,4,1399356.6,1399603.4,9,-4.72099,4,8685,1,0
56,1,1400749.9,1401737.0,11,-0.318679,4,8685,1,0
88,2,1401708.5,1401780.4,7,-4.71855,4,8683,1,0
88,3,1401708.5,1401780.4,7,-4.71855,4,8683,1,0
82,3,1406137.0,1406208.9,7,-0.414382,4,8683,1,0
33,1,1412389.6,1412636.5,9,-7.50792,2,8683,1,0
33,2,1412389.6,1412636.5,9,-7.50792,2,8683,1,0
33,3,1412389.6,1412636.5,9,-7.50792,2,8683,1,0
33,4,1412389.6,1412636.5,9,-7.50792,2,8683,1,0
49,2,1415832.8,1416079.6,9,-7.29721,2,8685,1,0
49,4,1415832.8,1416079.6,9,-7.29721,2,8685,1,0
76,1,1421850.1,1421922.0,7,-3.09495,4,8685,1,0
76,2,1421850.1,1421922.0,7,-3.09495,4,8685,1,0
76,4,1421850.1,1421922.0,7,-3.09495,4,8685,1,0
21,2,1425075.9,1425322.8,9,-7.35008,2,8685,1,0
80,1,1428029.1,1428101.1,7,4.83086,4,8681,1,0
7,1,1428313.8,1428385.6,7,-3.26881,2,8685,1,0
7,2,1428313.8,1428385.6,7,-3.26881,2,8685,1,0
7,3,1428313.8,1428385.6,7,-3.26881,2,8685,1,0
7,4,1428313.8,1428385.6,7,-3.26881,2,8685,1,0
8,1,1429274.1,1429346.1,7,-9.29378,4,8683,1,0
8,3,1429274.1,1429346.1,7,-9.29378,4,8683,1,0
8,4,1429274.1,1429346.1,7,-9.29378,4,8683,1,0
31,1,1438739.4,1438986.2,9,2.29434,4,8685,1,0
31,3,1438739.4,1438986.2,9,2.29434,4,8685,1,0
59,2,1442760.2,1443007.1,9,0.282151,4,8685,1,0
59,4,1442760.2,1443007.1,9,0.282151,4,8685,1,0
94,2,1450435.6,1450888.2,10,-2.82754,4,8685,1,0
69,2,1457061.1,1457308.0,9,-10.9818,2,8683,1,0
58,2,1457209.8,1457281.6,7,1.84956,2,8681,1,0
58,3,1457209.8,1457281.6,7,1.84956,2,8681,1,0
73,1,1457224.5,1459034.9,12,-2.03676,4,8683,1,0
73,3,1457224.5,1459034.9,12,-2.03676,4,8683,1,0
38,1,1461499.6,1461746.5,9,-13.9656,2,8683,0,1
38,4,1461499.6,1461746.5,9,-13.9656,2,8683,1,0
98,1,1461828.9,1461962.5,8,0.0,2,8683,0,1
98,4,1461828.9,1461962.5,8,0.0,2,8683,1,0
27,1,1461962.5,1462209.4,9,12.027,2,8681,0,1
27,2,1461962.5,1462209.4,9,12.027,2,8681,1,0
27,3,1461962.5,1462209.4,9,12.027,2,8681,1,0
27,4,1461962.5,1462209.4,9,12.027,2,8681,1,0
76,2,1462751.4,1462823.2,7,-5.56573,4,8685,1,0
76,4,1462751.4,1462823.2,7,-5.56573,4,8685,1,0
63,3,1471030.5,1471102.4,7,-7.93751,2,8681,1,0
97,1,1471790.2,1472037.1,9,-2.45058,4,8685,1,0
97,2,1471790.2,1472037.1,9,-2.45058,4,8685,1,0
97,3,1471790.2,1472037.1,9,-2.45058,4,8685,1,0
85,2,1473848.0,1473919.9,7,10.9231,2,8685,1,0
33,4,1474599.2,1474846.1,9,-1.2722,2,8685,1,0
99,2,1474721.9,1474793.9,7,-4.96197,2,8683,1,0
31,4,1476287.1,1476533.9,9,-5.6122,4,8685,1,0
79,2,1476956.0,1477089.8,8,-9.04094,2,8685,1,0
79,3,1476956.0,1477089.8,8,-9.04094,2,8685,1,0
79,4,1476956.0,1477089.8,8,-9.04094,2,8685,1,0
11,1,1478560.9,1478807.8,9,-9.84344,2,8685,1,0
35,1,1488540.5,1489527.8,11,-10.6233,2,8681,1,0
35,2,1488540.5,1489527.8,11,-10.6233,2,8681,1,0
35,4,1488540.5,1489527.8,11,-10.6233,2,8681,1,0
37,1,1505237.0,1505309.0,7,2.35602,2,8681,1,0
37,3,1505237.0,1505309.0,7,2.35602,2,8681,1,0
61,1,1510044.1,1510116.0,7,4.01978,2,8685,1,0
56,1,1512482.2,1513469.5,11,-19.3581,4,8685,1,0
56,2,1512482.2,1513469.5,11,-19.3581,4,8685,1,0
34,4,1515431.0,1515677.9,9,-1.15684,4,8685,1,0
57,3,1518355.8,1519342.9,11,-10.9328,4,8685,1,0
49,2,1527988.6,1528235.5,9,-7.54071,2,8685,1,0
49,4,1527988.6,1528235.5,9,-7.54071,2,8685,1,0
86,2,1529665.6,1529912.5,9,3.29471,4,8683,1,0
86,4,1529665.6,1529912.5,9,3.29471,4,8683,1,0
21,2,1547460.2,1547707.0,9,-12.7458,2,8685,1,0
41,2,1548746.8,1548818.6,7,-1.95442,4,8685,1,0
41,3,1548746.8,1548818.6,7,-1.95442,4,8685,1,0
66,1,1551654.5,1551726.5,7,-3.82288,4,8685,1,0
8,2,1551793.4,1551865.2,7,6.52612,4,8683,1,0
8,3,1551793.4,1551865.2,7,6.52612,4,8683,1,0
23,1,1555042.5,1555495.1,10,-7.66765,2,8685,1,0
23,2,1555042.5,1555495.1,10,-7.66765,2,8685,1,0
23,4,1555042.5,1555495.1,10,-7.66765,2,8685,1,0
5,1,1557389.0,1557522.8,8,-8.89595,2,8685,1,0
5,2,1557389.0,1557522.8,8,-8.89595,2,8685,1,0
5,3,1557389.0,1557522.8,8,-8.89595,2,8685,1,0
5,4,1557389.0,1557522.8,8,-8.89595,2,8685,1,0
26,2,1564070.5,1565057.8,11,-9.81563,2,8685,1,0
26,3,1564070.5,1565057.8,11,-9.81563,2,8685,1,0
21,2,1572138.6,1572385.5,9,-8.90588,2,8683,1,0
39,2,1581531.6,1581603.5,7,0.951554,2,8685,1,0
29,1,1588605.4,1589058.0,10,-7.07242,2,8685,1,0
54,1,1590889.1,1590961.0,7,-0.478347,2,8683,1,0
54,2,1590889.1,1590961.0,7,-0.478347,2,8683,1,0
54,3,1590889.1,1590961.0,7,-0.478347,2,8683,1,0
54,4,1590889.1,1590961.0,7,-0.478347,2,8683,1,0
78,4,1592836.5,1592970.2,8,3.5472,4,8685,1,0
47,1,1596133.2,1596205.2,7,-3.41339,2,8683,1,0
21,1,1596817.0,1597063.9,9,-3.64917,2,8685,1,0
21,2,1596817.0,1597063.9,9,-3.64917,2,8685,1,0
21,4,1596817.0,1597063.9,9,-3.64917,2,8685,1,0
62,1,1602358.9,1602430.8,7,0.033677,4,8683,1,0
62,3,1602358.9,1602430.8,7,0.033677,4,8683,1,0
103,2,1604563.2,1605015.9,10,-8.2467,4,8681,1,0
103,3,1604563.2,1605015.9,10,-8.2467,4,8681,1,0
9,4,1607619.1,1607691.0,7,-7.00331,2,8685,1,0
50,2,1610714.1,1610847.8,8,-1.12201,4,8685,1,0
50,4,1610714.1,1610847.8,8,-1.12201,4,8685,1,0
6,1,1615768.5,1616221.2,10,-15.9926,4,8685,1,0
6,3,1615768.5,1616221.2,10,-15.9926,4,8685,1,0
57,1,1617069.4,1618056.5,11,1.99878,4,8683,1,0
57,3,1617069.4,1618056.5,11,1.99878,4,8683,0,1
57,4,1617069.4,1618056.5,11,1.99878,4,8683,1,0
41,2,1617193.6,1617265.5,7,4.49134,4,8683,1,0
41,4,1617193.6,1617265.5,7,4.49134,4,8683,1,0
56,1,1620381.9,1621369.0,11,-16.6185,4,8683,0,1
56,3,1620381.9,1621369.0,11,-16.6185,4,8683,1,0
56,4,1620381.9,1621369.0,11,-16.6185,4,8683,1,0
54,1,1623182.6,1623254.5,7,-2.4361,2,8685,1,0
54,3,1623182.6,1623254.5,7,-2.4361,2,8685,1,0
92,1,1624264.1,1624336.0,7,5.61135,4,8685,1,0
86,2,1643169.9,1643416.8,9,-5.97122,4,8681,1,0
41,1,1647530.8,1647602.6,7,6.0885,4,8685,1,0
41,3,1647530.8,1647602.6,7,6.0885,4,8685,1,0
51,1,1651915.5,1652368.1,10,-16.4196,4,8681,1,0
51,2,1651915.5,1652368.1,10,-16.4196,4,8681,1,0
51,3,1651915.5,1652368.1,10,-16.4196,4,8681,1,0
51,4,1651915.5,1652368.1,10,-16.4196,4,8681,1,0
74,4,1658213.1,1658285.0,7,-8.91278,4,8683,1,0
40,1,1661520.0,1661972.6,10,-14.2229,2,8685,1,0
86,4,1667848.4,1668095.2,9,-10.722,4,8683,1,0
68,2,1667907.1,1668153.9,9,-9.5137,4,8685,1,0
68,3,1667907.1,1668153.9,9,-9.5137,4,8685,1,0
68,4,1667907.1,1668153.9,9,-9.5137,4,8685,1,0
102,3,1668371.8,1668443.6,7,-4.91838,4,8685,1,0
98,1,1676221.9,1676355.6,8,-2.08205,2,8685,1,0
98,3,1676221.9,1676355.6,8,-2.08205,2,8685,1,0
33,1,1680512.5,1680759.2,9,11.2276,2,8683,1,0
33,3,1680512.5,1680759.2,9,11.2276,2,8683,1,0
41,3,1685777.5,1685849.4,7,16.3437,4,8683,1,0
83,1,1691334.5,1691406.4,7,13.7647,4,8685,1,0
83,2,1691334.5,1691406.4,7,13.7647,4,8685,1,0
12,2,1695397.6,1695850.2,10,-1.33534,2,8685,1,0
12,3,1695397.6,1695850.2,10,-1.33534,2,8685,1,0
12,4,1695397.6,1695850.2,10,-1.33534,2,8685,1,0
63,3,1696477.4,1696549.4,7,9.60748,2,8685,1,0
27,1,1699368.0,1699614.9,9,-9.16182,2,8685,1,0
27,2,1699368.0,1699614.9,9,-9.16182,2,8685,1,0
27,4,1699368.0,1699614.9,9,-9.16182,2,8685,1,0
22,1,1703495.1,1703567.0,7,-1.17259,4,8683,1,0
22,4,1703495.1,1703567.0,7,-1.17259,4,8683,1,0
15,2,1711395.0,1711466.9,7,-1.71365,4,8683,1,0
59,1,1712132.9,1712379.8,9,-7.52019,4,8683,1,0
59,2,1712132.9,1712379.8,9,-7.52019,4,8683,1,0
59,3,1712132.9,1712379.8,9,-7.52019,4,8683,1,0
57,1,1715783.0,1716770.1,11,-15.2625,4,8685,1,0
57,3,1715783.0,1716770.1,11,-15.2625,4,8685,1,0
103,3,1718827.9,1719280.5,10,-13.931,4,8685,1,0
103,4,1718827.9,1719280.5,10,-13.931,4,8685,1,0
33,1,1719262.8,1719509.5,9,-1.06378,2,8683,1,0
33,2,1719262.8,1719509.5,9,-1.06378,2,8683,1,0
33,4,1719262.8,1719509.5,9,-1.06378,2,8683,1,0
71,2,1727527.9,1727661.5,8,-0.561492,4,8681,1,0
71,3,1727527.9,1727661.5,8,-0.561492,4,8681,1,0
63,1,1727785.9,1727857.8,7,-7.12651,2,8683,1,0
72,1,1739011.2,1739083.1,7,-6.14709,2,8681,1,0
72,3,1739011.2,1739083.1,7,-6.14709,2,8681,1,0
72,4,1739011.2,1739083.1,7,-6.14709,2,8681,1,0
60,4,1743441.6,1743575.4,8,-5.71612,4,8683,1,0
61,4,1743774.4,1743846.4,7,0.88205,2,8685,1,0
6,1,1744454.6,1744907.2,10,-0.805495,4,8683,1,0
6,3,1744454.6,1744907.2,10,-0.805495,4,8683,1,0
52,1,1746791.0,1747778.2,11,-14.9332,4,8685,1,0
52,2,1746791.0,1747778.2,11,-14.9332,4,8685,1,0
52,4,1746791.0,1747778.2,11,-14.9332,4,8685,1,0
89,2,1748494.9,1750305.2,12,-18.983,2,8681,0,1
89,3,1748494.9,1750305.2,12,-18.983,2,8681,1,0
89,4,1748494.9,1750305.2,12,-18.983,2,8681,1,0
33,1,1758333.4,1758580.2,9,-1.29985,4,8681,1,0
33,3,1758333.4,1758580.2,9,-1.29985,4,8681,1,0
33,4,1758333.4,1758580.2,9,-1.29985,4,8681,1,0
91,1,1769107.4,1769560.0,10,-14.0773,2,8683,1,0
91,3,1769107.4,1769560.0,10,-14.0773,2,8683,1,0
104,1,1770411.6,1770483.5,7,26.2287,4,8683,1,0
5,2,1772283.8,1772417.4,8,-11.5363,2,8685,1,0
5,3,1772283.8,1772417.4,8,-11.5363,2,8685,1,0
5,4,1772283.8,1772417.4,8,-11.5363,2,8685,1,0
73,2,1783418.4,1785228.8,12,-8.04965,4,8685,1,0
73,3,1783418.4,1785228.8,12,-8.04965,4,8685,1,0
73,4,1783418.4,1785228.8,12,-8.04965,4,8685,1,0
25,2,1784430.8,1784502.6,7,-2.58255,2,8681,1,0
44,1,1784545.4,1786355.9,12,0.0,4,8685,0,1
44,4,1784545.4,1786355.9,12,0.0,4,8685,1,0
83,1,1784709.8,1784781.6,7,1.4691,4,8683,1,0
83,3,1784709.8,1784781.6,7,1.4691,4,8683,1,0
83,4,1784709.8,1784781.6,7,1.4691,4,8683,1,0
98,1,1786980.4,1787114.0,8,-7.09825,2,8683,1,0
47,1,1794545.5,1794617.4,7,9.89989,2,8685,1,0
47,4,1794545.5,1794617.4,7,9.89989,2,8685,1,0
23,1,1798257.0,1798709.6,10,-7.41432,2,8685,1,0
36,1,1804424.0,1804670.8,9,-11.6976,2,8683,1,0
36,2,1804424.0,1804670.8,9,-11.6976,2,8683,1,0
36,3,1804424.0,1804670.8,9,-11.6976,2,8683,1,0
36,4,1804424.0,1804670.8,9,-11.6976,2,8683,1,0
94,3,1805700.5,1806153.2,10,-16.6767,4,8683,1,0
94,4,1805700.5,1806153.2,10,-16.6767,4,8683,1,0
60,4,1812643.4,1812777.1,8,-9.82988,4,8683,1,0
81,1,1819328.4,1819462.0,8,-6.41533,2,8681,1,0
81,4,1819328.4,1819462.0,8,-6.41533,2,8681,1,0
86,2,1820738.4,1820985.2,9,-0.0695793,4,8683,1,0
11,1,1820927.6,1821174.5,9,-7.54466,2,8683,1,0
34,2,1827494.4,1827741.2,9,-10.0197,4,8685,1,0
20,1,1833926.4,1834913.6,11,-8.97598,2,8683,1,0
20,2,1833926.4,1834913.6,11,-8.97598,2,8683,1,0
20,3,1833926.4,1834913.6,11,-8.97598,2,8683,1,0
45,3,1837086.0,1837158.0,7,24.0186,4,8681,1,0
45,4,1837086.0,1837158.0,7,24.0186,4,8681,1,0
60,1,1841362.4,1841496.1,8,4.57865,4,8683,1,0
77,3,1844642.4,1844776.0,8,-10.1612,2,8683,1,0
77,4,1844642.4,1844776.0,8,-10.1612,2,8683,1,0
94,2,1850961.4,1851414.0,10,6.83434,4,8681,1,0
43,2,1857619.8,1857691.6,7,2.39412,2,8681,1,0
43,3,1857619.8,1857691.6,7,2.39412,2,8681,1,0
43,4,1857619.8,1857691.6,7,2.39412,2,8681,1,0
28,4,1868781.1,1868914.8,8,-7.88104,2,8685,1,0
74,4,1868949.5,1869021.4,7,-0.223479,4,8685,1,0
72,1,1872513.4,1872585.4,7,-6.12662,2,8681,1,0
24,3,1873628.2,1874080.9,10,-13.9858,2,8685,1,0
24,4,1873628.2,1874080.9,10,-13.9858,2,8685,1,0
18,1,1876685.5,1876932.4,9,-5.1969,4,8685,1,0
18,2,1876685.5,1876932.4,9,-5.1969,4,8685,1,0
41,2,1879349.1,1879421.0,7,-2.11511,4,8683,1,0
41,3,1879349.1,1879421.0,7,-2.11511,4,8683,1,0
57,2,1884306.6,1885293.9,11,-14.7591,4,8683,1,0
32,1,1891526.0,1891597.9,7,-9.29434,4,8685,1,0
32,2,1891526.0,1891597.9,7,-9.29434,4,8685,1,0
32,3,1891526.0,1891597.9,7,-9.29434,4,8685,1,0
94,1,1896222.1,1896674.8,10,-16.9593,4,8683,1,0
26,1,1897182.2,1898169.4,11,-10.0249,2,8685,1,0
26,2,1897182.2,1898169.4,11,-10.0249,2,8685,1,0
26,3,1897182.2,1898169.4,11,-10.0249,2,8685,1,0
84,1,1897444.2,1897691.0,9,-6.99292,4,8685,1,0
104,1,1901375.1,1901447.0,7,8.47599,4,8685,1,0
104,3,1901375.1,1901447.0,7,8.47599,4,8685,1,0
104,4,1901375.1,1901447.0,7,8.47599,4,8685,1,0
30,2,1902514.2,1902761.1,9,-11.4831,2,8683,1,0
30,4,1902514.2,1902761.1,9,-11.4831,2,8683,1,0
52,2,1908729.2,1909716.4,11,-3.29094,4,8683,1,0
52,3,1908729.2,1909716.4,11,-3.29094,4,8683,1,0
9,3,1911584.6,1911656.5,7,-3.08231,2,8683,1,0
9,4,1911584.6,1911656.5,7,-3.08231,2,8683,1,0
65,1,1913516.6,1913650.2,8,-2.06149,4,8685,1,0
65,2,1913516.6,1913650.2,8,-2.06149,4,8685,1,0
12,4,1920928.5,1921381.1,10,-11.7372,2,8685,1,0
102,2,1937244.1,1937316.0,7,0.553727,4,8683,1,0
25,2,1943421.4,1943493.2,7,12.6916,2,8685,1,0
76,2,1943688.8,1943760.6,7,1.40353,4,8685,1,0
76,3,1943688.8,1943760.6,7,1.40353,4,8685,1,0
76,4,1943688.8,1943760.6,7,1.40353,4,8685,1,0
64,4,1949426.8,1949498.6,7,-6.86925,2,8683,1,0
101,1,1950771.5,1951224.1,10,-15.2451,4,8685,1,0
101,2,1950771.5,1951224.1,10,-15.2451,4,8685,1,0
101,3,1950771.5,1951224.1,10,-15.2451,4,8685,1,0
101,4,1950771.5,1951224.1,10,-15.2451,4,8685,1,0
39,2,1954210.6,1954282.5,7,0.0,2,8685,1,0
39,3,1954210.6,1954282.5,7,0.0,2,8685,1,0
22,4,1959844.0,1959915.9,7,10.0287,4,8685,1,0
100,1,1962185.9,1962638.5,10,-5.39525,4,8683,1,0
100,2,1962185.9,1962638.5,10,-5.39525,4,8683,1,0
100,4,1962185.9,1962638.5,10,-5.39525,4,8683,1,0
73,1,1964461.5,1966272.0,12,-18.826,4,8683,1,0
73,2,1964461.5,1966272.0,12,-18.826,4,8683,1,0
73,3,1964461.5,1966272.0,12,-18.826,4,8683,1,0
73,4,1964461.5,1966272.0,12,-18.826,4,8683,1,0
65,3,1965212.4,1965346.1,8,-5.89119,4,8685,1,0
65,4,1965212.4,1965346.1,8,-5.89119,4,8685,1,0
12,1,1966189.2,1966641.9,10,-2.7728,2,8683,1,0
12,4,1966189.2,1966641.9,10,-2.7728,2,8683,0,1
72,1,1967148.5,1967220.4,7,-0.585418,2,8685,1,0
47,1,1983744.1,1983816.0,7,16.2561,2,8683,1,0
18,1,1984798.0,1985044.8,9,-11.2525,4,8683,1,0
18,2,1984798.0,1985044.8,9,-11.2525,4,8683,1,0
78,4,1985193.9,1985327.5,8,3.16951,4,8685,1,0
93,4,1990712.5,1990784.4,7,-6.62932,4,8681,1,0
68,2,1992183.8,1992430.5,9,-9.92294,4,8683,1,0
68,3,1992183.8,1992430.5,9,-9.92294,4,8683,1,0
93,4,1997906.1,1997978.0,7,-7.58093,4,8681,1,0
19,2,2007549.2,2008001.9,10,-12.7154,4,8681,1,0
19,3,2007549.2,2008001.9,10,-12.7154,4,8681,1,0
19,4,2007549.2,2008001.9,10,-12.7154,4,8681,1,0
46,1,2015271.5,2015405.1,8,-10.3102,4,8683,1,0
46,2,2015271.5,2015405.1,8,-10.3102,4,8683,1,0
46,4,2015271.5,2015405.1,8,-10.3102,4,8683,1,0
61,1,2023779.1,2023851.1,7,-0.0377647,2,8683,1,0
61,3,2023779.1,2023851.1,7,-0.0377647,2,8683,1,0
61,4,2023779.1,2023851.1,7,-0.0377647,2,8683,1,0
64,3,2027188.6,2027260.5,7,17.7817,2,8685,1,0
64,4,2027188.6,2027260.5,7,17.7817,2,8685,1,0
22,1,2029786.5,2029858.4,7,0.0231484,4,8683,1,0
22,4,2029786.5,2029858.4,7,0.0231484,4,8683,1,0
77,1,2032297.2,2032430.9,8,15.09,2,8683,1,0
77,4,2032297.2,2032430.9,8,15.09,2,8683,1,0
70,1,2035475.1,2037285.5,12,-8.90852,4,8683,1,0
70,2,2035475.1,2037285.5,12,-8.90852,4,8683,1,0
70,3,2035475.1,2037285.5,12,-8.90852,4,8683,1,0
70,4,2035475.1,2037285.5,12,-8.90852,4,8683,1,0
5,2,2036049.5,2036183.2,8,-11.6315,2,8683,1,0
5,3,2036049.5,2036183.2,8,-11.6315,2,8683,1,0
5,4,2036049.5,2036183.2,8,-11.6315,2,8683,1,0
20,3,2055002.9,2055990.0,11,-7.40253,2,8685,1,0
63,2,2068975.9,2069047.9,7,-6.90903,2,8685,1,0
63,3,2068975.9,2069047.9,7,-6.90903,2,8685,1,0
77,2,2071608.6,2071742.2,8,-11.5637,4,8681,1,0
77,3,2071608.6,2071742.2,8,-11.5637,4,8681,1,0
22,1,2087207.0,2087279.0,7,-9.42294,4,8683,1,0
22,3,2087207.0,2087279.0,7,-9.42294,4,8683,1,0
22,4,2087207.0,2087279.0,7,-9.42294,4,8683,1,0
96,1,2088489.2,2088561.2,7,-1.45901,2,8685,1,0
96,3,2088489.2,2088561.2,7,-1.45901,2,8685,1,0
5,1,2088908.8,2089042.2,8,-11.9553,2,8685,1,0
5,2,2088908.8,2089042.2,8,-11.9553,2,8685,1,0
5,3,2088908.8,2089042.2,8,-11.9553,2,8685,1,0
45,2,2101922.2,2101994.5,7,12.8529,2,8683,1,0
45,3,2101922.2,2101994.5,7,12.8529,2,8683,1,0
45,4,2101922.2,2101994.5,7,12.8529,2,8683,1,0
72,1,2106974.0,2107046.0,7,-1.00867,2,8685,1,0
74,4,2107042.2,2107114.2,7,-8.40108,4,8683,1,0
89,1,2110581.2,2112391.8,12,-18.2156,2,8685,1,0
89,2,2110581.2,2112391.8,12,-18.2156,2,8685,1,0
89,3,2110581.2,2112391.8,12,-18.2156,2,8685,1,0
64,1,2112961.0,2113033.0,7,2.96207,2,8683,1,0
64,4,2112961.0,2113033.0,7,2.96207,2,8683,1,0
21,2,2120153.0,2120400.0,9,-3.16304,2,8683,1,0
21,4,2120153.0,2120400.0,9,-3.16304,2,8683,1,0
64,3,2128266.8,2128338.8,7,-6.60275,2,8683,1,0
24,4,2129362.2,2129815.0,10,-10.8558,2,8685,1,0
76,1,2130848.5,2130920.5,7,-0.637313,4,8683,1,0
76,4,2130848.5,2130920.5,7,-0.637313,4,8683,1,0
97,1,2130852.0,2131099.0,9,-12.5082,4,8683,1,0
97,3,2130852.0,2131099.0,9,-12.5082,4,8683,1,0
97,4,2130852.0,2131099.0,9,-12.5082,4,8683,1,0
14,1,2131363.5,2131435.5,7,16.5657,4,8685,1,0
14,4,2131363.5,2131435.5,7,16.5657,4,8685,1,0
31,1,2136177.2,2136424.0,9,-9.32042,4,8683,1,0
31,4,2136177.2,2136424.0,9,-9.32042,4,8683,1,0
57,2,2136716.8,2137703.8,11,-6.12085,4,8683,1,0
100,1,2138288.0,2138740.8,10,-12.1006,4,8683,1,0
100,4,2138288.0,2138740.8,10,-12.1006,4,8683,0,1
68,3,2139365.0,2139611.8,9,-1.76689,4,8683,1,0
68,4,2139365.0,2139611.8,9,-1.76689,4,8683,0,1
59,1,2139707.8,2139954.5,9,-9.99689,4,8683,0,1
59,2,2139707.8,2139954.5,9,-9.99689,4,8683,1,0
59,3,2139707.8,2139954.5,9,-9.99689,4,8683,1,0
59,4,2139707.8,2139954.5,9,-9.99689,4,8683,1,0
58,3,2141659.5,2141731.5,7,0.0,2,8685,1,0
58,4,2141659.5,2141731.5,7,0.0,2,8685,1,0
45,2,2142786.0,2142858.0,7,4.80177,2,8685,1,0
45,3,2142786.0,2142858.0,7,4.80177,2,8685,0,1
50,4,2142830.5,2142964.0,8,-10.1615,4,8685,1,0
19,1,2144953.2,2145406.0,10,-11.0988,2,8683,1,0
19,4,2144953.2,2145406.0,10,-11.0988,2,8683,1,0
98,4,2146021.8,2146155.2,8,-9.30318,2,8683,1,0
68,3,2164043.2,2164290.0,9,0.76056,4,8681,1,0
68,4,2164043.2,2164290.0,9,0.76056,4,8681,1,0
63,1,2174423.5,2174495.5,7,3.91631,2,8683,1,0
63,2,2174423.5,2174495.5,7,3.91631,2,8683,1,0
63,3,2174423.5,2174495.5,7,3.91631,2,8683,1,0
13,2,2181131.5,2181203.5,7,-4.99014,4,8685,1,0
13,4,2181131.5,2181203.5,7,-4.99014,4,8685,1,0
47,1,2184041.2,2184113.2,7,12.4648,2,8683,1,0
47,2,2184041.2,2184113.2,7,12.4648,2,8683,1,0
75,3,2186485.8,2186557.8,7,-9.31857,2,8683,1,0
9,3,2192876.5,2192948.5,7,-8.30772,2,8685,1,0
9,4,2192876.5,2192948.5,7,-8.30772,2,8685,1,0
29,2,2200960.0,2201412.5,10,-10.3456,2,8685,1,0
29,3,2200960.0,2201412.5,10,-10.3456,2,8685,1,0
29,4,2200960.0,2201412.5,10,-10.3456,2,8685,1,0
101,1,2201160.0,2201612.5,10,-4.16199,4,8683,1,0
25,1,2202522.8,2202594.8,7,-7.18388,2,8685,1,0
25,2,2202522.8,2202594.8,7,-7.18388,2,8685,1,0
25,4,2202522.8,2202594.8,7,-7.18388,2,8685,1,0
43,2,2203430.0,2203502.0,7,1.42224,2,8685,1,0
43,3,2203430.0,2203502.0,7,1.42224,2,8685,1,0
84,3,2207531.5,2207778.2,9,-9.84093,4,8683,1,0
43,2,2210623.5,2210695.5,7,-8.1262,2,8685,1,0
43,3,2210623.5,2210695.5,7,-8.1262,2,8685,1,0
43,4,2210623.5,2210695.5,7,-8.1262,2,8685,1,0
13,4,2217506.0,2217578.0,7,9.04527,4,8683,1,0
88,3,2222538.8,2222610.8,7,-4.30994,4,8685,1,0
88,4,2222538.8,2222610.8,7,-4.30994,4,8685,1,0
76,1,2231660.2,2231732.2,7,8.19828,4,8683,1,0
76,2,2231660.2,2231732.2,7,8.19828,4,8683,1,0
76,4,2231660.2,2231732.2,7,8.19828,4,8683,1,0
23,2,2231866.5,2232319.0,10,-13.2068,2,8683,1,0
23,3,2231866.5,2232319.0,10,-13.2068,2,8683,1,0
23,4,2231866.5,2232319.0,10,-13.2068,2,8683,1,0
55,2,2233811.2,2234058.0,9,1.22972,2,8681,1,0
10,3,2242536.8,2242783.8,9,-1.63707,2,8683,1,0
20,2,2243945.5,2244932.5,11,-11.9821,2,8683,1,0
20,3,2243945.5,2244932.5,11,-11.9821,2,8683,1,0
20,4,2243945.5,2244932.5,11,-11.9821,2,8683,1,0
66,2,2245764.2,2245836.2,7,7.73973,4,8685,1,0
97,1,2247119.8,2247366.5,9,-13.1114,4,8681,1,0
97,3,2247119.8,2247366.5,9,-13.1114,4,8681,1,0
78,1,2248788.2,2248922.0,8,23.535,4,8683,1,0
78,4,2248788.2,2248922.0,8,23.535,4,8683,1,0
58,1,2250587.8,2250659.8,7,-6.09445,2,8685,1,0
61,1,2250852.0,2250924.0,7,-5.43066,2,8685,1,0
61,2,2250852.0,2250924.0,7,-5.43066,2,8685,1,0
99,1,2251720.2,2251792.2,7,-6.79889,4,8681,1,0
99,2,2251720.2,2251792.2,7,-6.79889,4,8681,1,0
99,4,2251720.2,2251792.2,7,-6.79889,4,8681,1,0
56,1,2253517.2,2254504.5,11,-10.2547,4,8685,1,0
56,3,2253517.2,2254504.5,11,-10.2547,4,8685,1,0
36,1,2259975.5,2260222.5,9,6.13895,2,8685,1,0
36,3,2259975.5,2260222.5,9,6.13895,2,8685,1,0
73,1,2263476.0,2265286.5,12,-9.9299,4,8683,1,0
73,2,2263476.0,2265286.5,12,-9.9299,4,8683,1,0
73,3,2263476.0,2265286.5,12,-9.9299,4,8683,1,0
73,4,2263476.0,2265286.5,12,-9.9299,4,8683,1,0
97,3,2271798.0,2272045.0,9,-9.41624,4,8683,1,0
97,4,2271798.0,2272045.0,9,-9.41624,4,8683,1,0
76,1,2273987.0,2274059.0,7,-8.40868,4,8681,1,0
70,2,2281022.2,2282832.8,12,-18.7334,4,8685,1,0
70,3,2281022.2,2282832.8,12,-18.7334,4,8685,1,0
70,4,2281022.2,2282832.8,12,-18.7334,4,8685,1,0
84,2,2287358.2,2287605.0,9,-6.89459,4,8683,1,0
84,4,2287358.2,2287605.0,9,-6.89459,4,8683,1,0
65,1,2288038.5,2288172.0,8,-11.6266,4,8683,1,0
65,3,2288038.5,2288172.0,8,-11.6266,4,8683,1,0
65,4,2288038.5,2288172.0,8,-11.6266,4,8683,1,0
100,1,2290361.0,2290813.8,10,-3.12019,4,8683,1,0
100,2,2290361.0,2290813.8,10,-3.12019,4,8683,1,0
100,4,2290361.0,2290813.8,10,-3.12019,4,8683,1,0
67,2,2291333.8,2291580.5,9,-8.80545,4,8683,1,0
67,3,2291333.8,2291580.5,9,-8.80545,4,8683,1,0
85,1,2294906.8,2294978.8,7,-8.27158,2,8685,1,0
85,2,2294906.8,2294978.8,7,-8.27158,2,8685,1,0
85,3,2294906.8,2294978.8,7,-8.27158,2,8685,1,0
10,3,2308740.8,2308987.5,9,-10.5699,2,8683,1,0
51,1,2311443.8,2311896.5,10,3.50313,4,8681,1,0
51,3,2311443.8,2311896.5,10,3.50313,4,8681,1,0
51,4,2311443.8,2311896.5,10,3.50313,4,8681,1,0
91,2,2311764.5,2312217.0,10,-1.6635,2,8683,1,0
45,1,2324753.5,2324825.5,7,-1.23648,2,8683,1,0
45,3,2324753.5,2324825.5,7,-1.23648,2,8683,1,0
45,4,2324753.5,2324825.5,7,-1.23648,2,8683,1,0
29,2,2326038.0,2326490.8,10,-11.5949,2,8683,1,0
29,3,2326038.0,2326490.8,10,-11.5949,2,8683,1,0
10,2,2334190.2,2334437.0,9,-10.9798,4,8681,1,0
10,3,2334190.2,2334437.0,9,-10.9798,4,8681,1,0
10,4,2334190.2,2334437.0,9,-10.9798,4,8681,1,0
54,2,2335238.2,2335310.2,7,4.50081,2,8683,1,0
54,3,2335238.2,2335310.2,7,4.50081,2,8683,1,0
24,1,2335827.8,2336280.2,10,-11.5573,2,8683,1,0
24,2,2335827.8,2336280.2,10,-11.5573,2,8683,1,0
36,1,2351657.2,2351904.0,9,-6.88925,2,8683,1,0
36,2,2351657.2,2351904.0,9,-6.88925,2,8683,1,0
36,3,2351657.2,2351904.0,9,-6.88925,2,8683,1,0
90,2,2355533.8,2355780.5,9,-4.17314,4,8685,1,0
90,3,2355533.8,2355780.5,9,-4.17314,4,8685,1,0
23,2,2356225.0,2356677.8,10,-7.47365,2,8685,1,0
23,4,2356225.0,2356677.8,10,-7.47365,2,8685,1,0
58,1,2356414.2,2356486.2,7,4.7891,2,8683,1,0
58,2,2356414.2,2356486.2,7,4.7891,2,8683,1,0
58,3,2356414.2,2356486.2,7,4.7891,2,8683,1,0
65,2,2369112.8,2369246.2,8,-1.58365,4,8685,1,0
88,4,2377558.2,2377630.2,7,-4.83168,4,8683,1,0
31,4,2378235.8,2378482.8,9,-14.1426,4,8685,1,0
65,4,2382476.0,2382609.5,8,-11.5794,4,8683,1,0
85,2,2388924.2,2388996.2,7,16.8973,2,8683,1,0
85,3,2388924.2,2388996.2,7,16.8973,2,8683,1,0
66,2,2403037.0,2403109.2,7,13.8554,4,8683,1,0
66,4,2403037.0,2403109.2,7,13.8554,4,8683,1,0
11,1,2405558.8,2405805.8,9,-7.36923,2,8685,1,0
68,2,2406513.5,2406760.2,9,-2.14743,4,8683,1,0
68,3,2406513.5,2406760.2,9,-2.14743,4,8683,1,0
78,1,2413887.8,2414021.2,8,-2.35481,4,8685,1,0
78,3,2413887.8,2414021.2,8,-2.35481,4,8685,1,0
78,4,2413887.8,2414021.2,8,-2.35481,4,8685,1,0
75,1,2414931.5,2415003.5,7,-0.615295,4,8681,1,0
75,4,2414931.5,2415003.5,7,-0.615295,4,8681,1,0
16,3,2415676.0,2415809.5,8,-3.09476,2,8685,1,0
17,1,2430262.8,2430715.2,10,-7.74467,4,8683,1,0
17,2,2430262.8,2430715.2,10,-7.74467,4,8683,1,0
17,3,2430262.8,2430715.2,10,-7.74467,4,8683,1,0
30,1,2431879.8,2432126.5,9,-11.2661,2,8683,0,1
30,2,2431879.8,2432126.5,9,-11.2661,2,8683,1,0
30,4,2431879.8,2432126.5,9,-11.2661,2,8683,1,0
78,4,2436099.2,2436233.0,8,11.083,4,8683,1,0
44,3,2448160.5,2449971.0,12,-19.4268,4,8683,1,0
44,4,2448160.5,2449971.0,12,-19.4268,4,8683,1,0
26,3,2454449.2,2455436.2,11,-11.1821,2,8685,1,0
26,4,2454449.2,2455436.2,11,-11.1821,2,8685,1,0
30,1,2456558.0,2456805.0,9,-12.7332,4,8681,1,0
30,2,2456558.0,2456805.0,9,-12.7332,4,8681,1,0
77,2,2469816.0,2469949.5,8,1.08611,2,8685,1,0
77,3,2469816.0,2469949.5,8,1.08611,2,8685,1,0
104,1,2474559.0,2474631.0,7,12.4097,4,8683,1,0
104,3,2474559.0,2474631.0,7,12.4097,4,8683,1,0
7,3,2474986.0,2475058.0,7,3.15044,2,8685,1,0
43,2,2475624.0,2475696.0,7,27.2228,2,8683,1,0
43,3,2475624.0,2475696.0,7,27.2228,2,8683,1,0
58,3,2482086.0,2482158.0,7,-9.4216,2,8683,1,0
87,1,2484014.5,2484261.2,9,1.50798,4,8685,1,0
87,3,2484014.5,2484261.2,9,1.50798,4,8685,1,0
87,4,2484014.5,2484261.2,9,1.50798,4,8685,1,0
82,1,2487635.8,2487707.8,7,-7.74338,4,8685,1,0
82,3,2487635.8,2487707.8,7,-7.74338,4,8685,1,0
12,4,2487721.8,2488174.2,10,-12.8136,2,8685,1,0
59,2,2494370.0,2494617.0,9,-4.41688,4,8681,1,0
14,1,2495864.2,2495936.2,7,24.9143,4,8685,1,0
75,2,2496039.5,2496111.5,7,-3.24098,2,8683,1,0
5,1,2496289.8,2496423.2,8,-8.13444,2,8683,1,0
5,3,2496289.8,2496423.2,8,-8.13444,2,8683,1,0
5,4,2496289.8,2496423.2,8,-8.13444,2,8683,1,0
68,2,2504423.8,2504670.8,9,11.5149,4,8685,1,0
68,3,2504423.8,2504670.8,9,11.5149,4,8685,1,0
68,4,2504423.8,2504670.8,9,11.5149,4,8685,1,0
103,1,2510730.8,2511183.2,10,-2.1573,4,8685,1,0
103,4,2510730.8,2511183.2,10,-2.1573,4,8685,1,0
43,1,2512065.5,2512137.5,7,-2.13127,2,8685,1,0
43,2,2512065.5,2512137.5,7,-2.13127,2,8685,1,0
47,1,2512172.2,2512244.5,7,20.0691,4,8681,0,1
47,3,2512172.2,2512244.5,7,20.0691,4,8681,1,0
88,2,2524142.2,2524214.2,7,-5.65309,4,8683,1,0
88,3,2524142.2,2524214.2,7,-5.65309,4,8683,1,0
88,4,2524142.2,2524214.2,7,-5.65309,4,8683,1,0
22,1,2527578.0,2527650.2,7,-6.40495,4,8681,1,0
22,2,2527578.0,2527650.2,7,-6.40495,4,8681,1,0
22,3,2527578.0,2527650.2,7,-6.40495,4,8681,1,0
22,4,2527578.0,2527650.2,7,-6.40495,4,8681,1,0
27,2,2530239.5,2530486.2,9,4.33032,2,8685,1,0
89,1,2542121.5,2543932.2,12,-17.612,2,8685,1,0
95,4,2546940.8,2547187.5,9,-0.590453,2,8685,1,0
65,1,2549679.8,2549813.2,8,1.45158,4,8683,1,0
65,2,2549679.8,2549813.2,8,1.45158,4,8683,1,0
17,3,2549744.8,2550197.2,10,-9.4019,4,8685,1,0
66,2,2550108.8,2550180.8,7,18.2773,4,8685,1,0
26,1,2553162.8,2554150.0,11,-11.4868,2,8683,1,0
26,4,2553162.8,2554150.0,11,-11.4868,2,8683,1,0
79,4,2553218.0,2553351.5,8,-8.31636,2,8685,1,0
58,4,2554450.2,2554522.2,7,-8.25839,2,8683,1,0
67,2,2557845.2,2558092.0,9,-2.99441,4,8681,1,0
56,1,2559280.0,2560267.0,11,-8.5973,4,8683,1,0
56,2,2559280.0,2560267.0,11,-8.5973,4,8683,1,0
56,4,2559280.0,2560267.0,11,-8.5973,4,8683,1,0
27,2,2570369.5,2570616.2,9,-8.57135,2,8683,1,0
27,3,2570369.5,2570616.2,9,-8.57135,2,8683,1,0
27,4,2570369.5,2570616.2,9,-8.57135,2,8683,1,0
76,1,2574746.0,2574818.0,7,0.760545,4,8683,1,0
76,3,2574746.0,2574818.0,7,0.760545,4,8683,1,0
76,4,2574746.0,2574818.0,7,0.760545,4,8683,1,0
80,1,2579439.0,2579511.0,7,15.1547,4,8685,1,0
80,3,2579439.0,2579511.0,7,15.1547,4,8685,1,0
20,2,2585926.5,2586913.5,11,-18.9356,4,8681,1,0
19,1,2586668.0,2587120.5,10,5.62547,2,8685,1,0
19,4,2586668.0,2587120.5,10,5.62547,2,8685,1,0
87,3,2602154.0,2602401.0,9,-8.40535,4,8683,1,0
83,1,2604015.2,2604087.2,7,11.7294,4,8683,1,0
83,3,2604015.2,2604087.2,7,11.7294,4,8683,1,0
83,4,2604015.2,2604087.2,7,11.7294,4,8683,1,0
36,1,2605586.0,2605832.8,9,9.27277,2,8683,1,0
36,2,2605586.0,2605832.8,9,9.27277,2,8683,1,0
36,3,2605586.0,2605832.8,9,9.27277,2,8683,1,0
36,4,2605586.0,2605832.8,9,9.27277,2,8683,1,0
61,1,2619626.5,2619698.5,7,4.56448,2,8683,1,0
47,1,2620878.2,2620950.2,7,5.30006,2,8683,1,0
15,2,2626312.0,2626384.0,7,-1.00976,4,8685,1,0
73,1,2637343.2,2639153.8,12,-18.5844,4,8681,1,0
73,2,2637343.2,2639153.8,12,-18.5844,4,8681,1,0
73,3,2637343.2,2639153.8,12,-18.5844,4,8681,1,0
73,4,2637343.2,2639153.8,12,-18.5844,4,8681,1,0
35,2,2643429.2,2644416.2,11,-6.28508,2,8685,1,0
35,3,2643429.2,2644416.2,11,-6.28508,2,8685,1,0
94,1,2644901.2,2645354.0,10,-11.6474,4,8685,1,0
94,2,2644901.2,2645354.0,10,-11.6474,4,8685,1,0
94,4,2644901.2,2645354.0,10,-11.6474,4,8685,1,0
43,2,2647473.0,2647545.0,7,0.0,2,8683,1,0
43,3,2647473.0,2647545.0,7,0.0,2,8683,1,0
76,1,2650578.8,2650651.0,7,2.06392,4,8685,1,0
76,4,2650578.8,2650651.0,7,2.06392,4,8685,1,0
26,3,2651876.5,2652863.5,11,-4.98846,2,8683,1,0
53,1,2654464.8,2656275.5,12,-6.60777,4,8685,0,1
53,2,2654464.8,2656275.5,12,-6.60777,4,8685,1,0
53,3,2654464.8,2656275.5,12,-6.60777,4,8685,1,0
53,4,2654464.8,2656275.5,12,-6.60777,4,8685,1,0
84,1,2654766.2,2655013.2,9,7.70474,4,8681,1,0
84,2,2654766.2,2655013.2,9,7.70474,4,8681,1,0
84,4,2654766.2,2655013.2,9,7.70474,4,8681,1,0
11,2,2656294.5,2656541.2,9,-3.34253,2,8683,1,0
11,3,2656294.5,2656541.2,9,-3.34253,2,8683,1,0
60,2,2657413.5,2657547.0,8,5.3261,4,8685,1,0
60,4,2657413.5,2657547.0,8,5.3261,4,8685,0,1
46,3,2659849.0,2659982.5,8,6.68588,4,8685,1,0
51,1,2660058.0,2660510.8,10,15.7924,4,8685,1,0
51,3,2660058.0,2660510.8,10,15.7924,4,8685,1,0
92,1,2670978.2,2671050.2,7,-1.74239,4,8685,1,0
92,2,2670978.2,2671050.2,7,-1.74239,4,8685,1,0
92,3,2670978.2,2671050.2,7,-1.74239,4,8685,1,0
47,1,2681606.0,2681678.0,7,12.9291,2,8685,1,0
47,3,2681606.0,2681678.0,7,12.9291,2,8685,1,0
78,1,2682763.5,2682897.0,8,9.37167,4,8681,1,0
78,4,2682763.5,2682897.0,8,9.37167,4,8681,1,0
20,1,2684640.0,2685627.0,11,-13.3115,2,8683,1,0
20,2,2684640.0,2685627.0,11,-13.3115,2,8683,1,0
18,3,2692388.2,2692635.0,9,-8.41966,4,8681,1,0
64,2,2692768.8,2692840.8,7,12.6376,4,8681,1,0
64,3,2692768.8,2692840.8,7,12.6376,4,8681,1,0
64,4,2692768.8,2692840.8,7,12.6376,4,8681,1,0
27,1,2698352.8,2698599.5,9,-10.3139,2,8685,1,0
27,4,2698352.8,2698599.5,9,-10.3139,2,8685,1,0
42,3,2703140.8,2703213.0,7,-5.51532,2,8683,1,0
50,2,2706696.8,2706830.2,8,-7.90359,4,8683,1,0
50,4,2706696.8,2706830.2,8,-7.90359,4,8683,1,0
48,1,2715813.5,2716060.2,9,-6.73202,2,8685,1,0
48,2,2715813.5,2716060.2,9,-6.73202,2,8685,1,0
48,4,2715813.5,2716060.2,9,-6.73202,2,8685,1,0
89,2,2723164.5,2724975.0,12,-15.3756,2,8683,1,0
89,3,2723164.5,2724975.0,12,-15.3756,2,8683,1,0
89,4,2723164.5,2724975.0,12,-15.3756,2,8683,1,0
104,1,2729340.5,2729412.5,7,-6.94701,4,8683,1,0
104,3,2729340.5,2729412.5,7,-6.94701,4,8683,1,0
104,4,2729340.5,2729412.5,7,-6.94701,4,8683,1,0
56,1,2730433.2,2731420.5,11,2.34824,4,8683,0,1
56,3,2730433.2,2731420.5,11,2.34824,4,8683,1,0
56,4,2730433.2,2731420.5,11,2.34824,4,8683,1,0
28,3,2732369.2,2732502.8,8,3.80895,2,8683,1,0
22,3,2745415.0,2745487.0,7,-8.35326,4,8683,1,0
39,2,2746737.5,2746809.5,7,-1.44714,2,8683,1,0
39,3,2746737.5,2746809.5,7,-1.44714,2,8683,1,0
48,4,2747347.5,2747594.2,9,4.14613,2,8683,1,0
9,1,2748534.5,2748606.5,7,4.69699,2,8683,1,0
68,2,2757118.5,2757365.2,9,-6.52927,4,8683,1,0
68,3,2757118.5,2757365.2,9,-6.52927,4,8683,1,0
65,1,2758910.0,2759043.5,8,16.3167,4,8681,1,0
65,2,2758910.0,2759043.5,8,16.3167,4,8681,1,0
65,3,2758910.0,2759043.5,8,16.3167,4,8681,1,0
65,4,2758910.0,2759043.5,8,16.3167,4,8681,1,0
41,1,2758956.8,2759028.8,7,8.68478,4,8681,1,0
41,3,2758956.8,2759028.8,7,8.68478,4,8681,1,0
43,1,2762445.0,2762517.0,7,-2.75749,2,8683,1,0
43,2,2762445.0,2762517.0,7,-2.75749,2,8683,1,0
91,4,2772072.8,2772525.5,10,-14.5208,4,8681,1,0
35,1,2773098.0,2774085.0,11,-15.2591,2,8685,1,0
35,3,2773098.0,2774085.0,11,-15.2591,2,8685,1,0
35,4,2773098.0,2774085.0,11,-15.2591,2,8685,0,1
99,2,2774286.2,2774358.2,7,14.5395,2,8683,1,0
99,3,2774286.2,2774358.2,7,14.5395,2,8683,1,0
70,1,2778883.0,2780693.5,12,-17.8757,4,8683,1,0
70,2,2778883.0,2780693.5,12,-17.8757,4,8683,1,0
70,3,2778883.0,2780693.5,12,-17.8757,4,8683,1,0
90,2,2781122.8,2781369.8,9,-6.41504,4,8683,1,0
90,3,2781122.8,2781369.8,9,-6.41504,4,8683,1,0
44,2,2781302.5,2783113.0,12,-12.4676,4,8685,0,1
44,3,2781302.5,2783113.0,12,-12.4676,4,8685,0,1
44,4,2781302.5,2783113.0,12,-12.4676,4,8685,1,0
68,1,2781797.0,2782043.8,9,-9.61156,4,8681,1,0
68,3,2781797.0,2782043.8,9,-9.61156,4,8681,1,0
20,1,2783353.5,2784340.5,11,-6.40129,2,8685,1,0
20,3,2783353.5,2784340.5,11,-6.40129,2,8685,1,0
6,2,2787871.8,2788324.5,10,-6.32323,4,8683,1,0
6,3,2787871.8,2788324.5,10,-6.32323,4,8683,1,0
71,2,2792799.0,2792932.5,8,-4.78488,4,8683,1,0
42,1,2800074.2,2800146.2,7,-1.36667,2,8685,1,0
42,2,2800074.2,2800146.2,7,-1.36667,2,8685,1,0
42,3,2800074.2,2800146.2,7,-1.36667,2,8685,1,0
8,1,2804276.8,2804349.0,7,0.699876,4,8683,1,0
8,3,2804276.8,2804349.0,7,0.699876,4,8683,1,0
88,1,2812771.2,2812843.2,7,7.96096,4,8681,1,0
88,3,2812771.2,2812843.2,7,7.96096,4,8681,1,0
17,3,2813067.8,2813520.5,10,-0.71907,4,8683,1,0
17,4,2813067.8,2813520.5,10,-0.71907,4,8683,1,0
73,1,2818386.5,2820197.0,12,-20.5834,4,8683,1,0
73,3,2818386.5,2820197.0,12,-20.5834,4,8683,1,0
73,4,2818386.5,2820197.0,12,-20.5834,4,8683,1,0
71,1,2821509.5,2821643.0,8,-9.89059,4,8685,1,0
71,2,2821509.5,2821643.0,8,-9.89059,4,8685,1,0
22,4,2825663.8,2825735.8,7,-1.41826,4,8685,1,0
79,2,2827896.5,2828030.0,8,-6.12012,2,8683,1,0
79,3,2827896.5,2828030.0,8,-6.12012,2,8683,1,0
38,2,2832390.5,2832637.2,9,-14.0206,2,8683,1,0
38,4,2832390.5,2832637.2,9,-14.0206,2,8683,1,0
65,1,2837621.2,2837755.0,8,3.48429,4,8683,1,0
65,2,2837621.2,2837755.0,8,3.48429,4,8683,1,0
65,4,2837621.2,2837755.0,8,3.48429,4,8683,1,0
58,2,2838095.0,2838167.0,7,-7.14537,4,8681,1,0
58,3,2838095.0,2838167.0,7,-7.14537,4,8681,1,0
55,2,2838978.8,2839225.5,9,2.29591,2,8685,0,1
92,1,2841074.2,2841146.2,7,-5.82536,4,8683,1,0
92,2,2841074.2,2841146.2,7,-5.82536,4,8683,1,0
92,4,2841074.2,2841146.2,7,-5.82536,4,8683,1,0
47,1,2842353.5,2842425.5,7,12.054,2,8683,1,0
47,4,2842353.5,2842425.5,7,12.054,2,8683,1,0
65,1,2856545.8,2856679.2,8,11.198,4,8685,1,0
65,4,2856545.8,2856679.2,8,11.198,4,8685,1,0
17,1,2858328.5,2858781.2,10,5.07866,4,8683,1,0
17,4,2858328.5,2858781.2,10,5.07866,4,8683,1,0
10,1,2860880.2,2861127.2,9,0.0,2,8683,1,0
10,2,2860880.2,2861127.2,9,0.0,2,8683,1,0
72,1,2862162.5,2862234.5,7,5.32785,2,8683,1,0
72,4,2862162.5,2862234.5,7,5.32785,2,8683,1,0
62,4,2869973.0,2870045.0,7,-2.97171,4,8685,1,0
66,3,2870219.2,2870291.2,7,-6.41896,4,8683,1,0
66,4,2870219.2,2870291.2,7,-6.41896,4,8683,1,0
72,1,2875736.0,2875808.0,7,0.836701,2,8685,1,0
91,3,2875769.0,2876221.8,10,5.08869,2,8683,1,0
5,2,2876414.2,2876547.8,8,-9.24559,2,8683,1,0
57,1,2877263.0,2878250.0,11,-15.8819,4,8681,1,0
57,2,2877263.0,2878250.0,11,-15.8819,4,8681,1,0
57,3,2877263.0,2878250.0,11,-15.8819,4,8681,1,0
10,1,2885558.8,2885805.8,9,-14.1375,2,8685,1,0
10,2,2885558.8,2885805.8,9,-14.1375,2,8685,1,0
10,3,2885558.8,2885805.8,9,-14.1375,2,8685,1,0
32,3,2888582.0,2888654.0,7,-4.27746,4,8683,1,0
7,3,2891649.2,2891721.2,7,11.4805,2,8683,1,0
14,1,2898864.8,2898936.8,7,14.9354,4,8683,1,0
71,2,2903990.0,2904123.5,8,20.4149,4,8683,1,0
71,4,2903990.0,2904123.5,8,20.4149,4,8683,1,0
89,1,2904207.8,2906018.2,12,-8.62465,2,8683,1,0
89,2,2904207.8,2906018.2,12,-8.62465,2,8683,1,0
89,4,2904207.8,2906018.2,12,-8.62465,2,8683,0,1
58,2,2906861.8,2906933.8,7,4.77911,2,8683,1,0
58,3,2906861.8,2906933.8,7,4.77911,2,8683,1,0
58,4,2906861.8,2906933.8,7,4.77911,2,8683,1,0
87,3,2909640.5,2909887.5,9,-14.4222,4,8683,1,0
8,3,2912209.5,2912281.5,7,0.43094,4,8685,1,0
33,3,2917919.5,2918166.2,9,-5.19405,2,8683,1,0
33,4,2917919.5,2918166.2,9,-5.19405,2,8683,1,0
80,1,2923421.5,2923493.5,7,39.1654,4,8685,1,0
80,4,2923421.5,2923493.5,7,39.1654,4,8685,1,0
80,1,2930615.0,2930687.0,7,15.4064,4,8683,1,0
80,2,2930615.0,2930687.0,7,15.4064,4,8683,1,0
80,3,2930615.0,2930687.0,7,15.4064,4,8683,1,0
80,4,2930615.0,2930687.0,7,15.4064,4,8683,1,0
72,1,2934088.0,2934160.0,7,15.1132,2,8683,1,0
93,1,2936775.0,2936847.0,7,-8.68275,4,8685,1,0
80,1,2937808.2,2937880.2,7,0.0,4,8685,0,1
49,1,2942947.8,2943194.5,9,8.95044,2,8683,1,0
49,2,2942947.8,2943194.5,9,8.95044,2,8683,1,0
49,3,2942947.8,2943194.5,9,8.95044,2,8683,1,0
49,4,2942947.8,2943194.5,9,8.95044,2,8683,1,0
26,1,2945303.2,2946290.2,11,-15.491,4,8681,1,0
68,2,2957168.8,2957415.5,9,-13.6278,4,8683,1,0
50,2,2957533.2,2957666.8,8,3.30256,4,8685,1,0
50,4,2957533.2,2957666.8,8,3.30256,4,8685,1,0
9,4,2959087.8,2959159.8,7,-7.70888,4,8681,1,0
44,1,2962345.8,2964156.2,12,4.7525,4,8683,1,0
44,3,2962345.8,2964156.2,12,4.7525,4,8683,1,0
44,4,2962345.8,2964156.2,12,4.7525,4,8683,1,0
59,2,2968452.2,2968699.0,9,-5.1815,4,8685,1,0
59,4,2968452.2,2968699.0,9,-5.1815,4,8685,1,0
91,3,2972738.5,2973191.2,10,-3.9662,2,8685,1,0
91,4,2972738.5,2973191.2,10,-3.9662,2,8685,1,0
7,1,2977492.2,2977564.2,7,-5.44334,2,8683,1,0
7,3,2977492.2,2977564.2,7,-5.44334,2,8683,1,0
95,2,2979780.5,2980027.2,9,-3.24681,4,8681,1,0
95,4,2979780.5,2980027.2,9,-3.24681,4,8681,1,0
55,2,2983545.2,2983792.0,9,-4.93057,2,8685,1,0
21,2,2997831.0,2998078.0,9,-12.6214,2,8683,1,0
80,1,2998072.2,2998144.2,7,7.84256,4,8683,1,0
73,1,2999429.8,3001240.2,12,-9.5565,4,8685,0,1
73,3,2999429.8,3001240.2,12,-9.5565,4,8685,1,0
88,1,3004264.0,3004336.0,7,-8.64374,4,8683,1,0
88,2,3004264.0,3004336.0,7,-8.64374,4,8683,1,0
85,4,3016082.5,3016154.5,7,8.13117,2,8685,1,0
98,1,3016697.2,3016830.8,8,-10.1077,4,8681,1,0
13,1,3019182.0,3019254.0,7,-7.84476,4,8685,1,0
13,4,3019182.0,3019254.0,7,-7.84476,4,8685,1,0
52,4,3032409.8,3033396.8,11,-18.9409,4,8683,1,0
71,1,3033999.2,3034132.8,8,-6.60345,4,8681,1,0
71,2,3033999.2,3034132.8,8,-6.60345,4,8681,1,0
103,1,3037042.5,3037495.0,10,-11.0653,4,8683,1,0
103,2,3037042.5,3037495.0,10,-11.0653,4,8683,1,0
93,1,3054037.8,3054109.8,7,-8.30112,4,8685,1,0
9,4,3060012.5,3060084.5,7,-9.05212,2,8683,1,0
82,3,3061760.2,3061832.2,7,16.9481,4,8683,1,0
21,2,3061862.5,3062109.5,9,-6.87428,4,8681,1,0
50,2,3072243.8,3072377.2,8,-3.38342,4,8683,1,0
50,3,3072243.8,3072377.2,8,-3.38342,4,8683,1,0
50,4,3072243.8,3072377.2,8,-3.38342,4,8683,1,0
56,1,3072661.2,3073648.2,11,0.659821,4,8681,1,0
56,2,3072661.2,3073648.2,11,0.659821,4,8681,1,0
56,4,3072661.2,3073648.2,11,0.659821,4,8681,1,0
72,4,3079155.8,3079227.8,7,6.62946,2,8683,1,0
37,1,3079492.5,3079564.5,7,-4.84813,2,8685,1,0
37,2,3079492.5,3079564.5,7,-4.84813,2,8685,1,0
37,3,3079492.5,3079564.5,7,-4.84813,2,8685,1,0
30,3,3084511.0,3084757.8,9,-13.2592,2,8683,1,0
30,4,3084511.0,3084757.8,9,-13.2592,2,8683,1,0
90,1,3087413.2,3087660.2,9,-0.716628,4,8681,1,0
90,3,3087413.2,3087660.2,9,-0.716628,4,8681,1,0
47,1,3088134.2,3088206.2,7,5.29189,2,8681,1,0
47,3,3088134.2,3088206.2,7,5.29189,2,8681,1,0
89,1,3091512.5,3093323.0,12,-7.52283,4,8681,1,0
89,3,3091512.5,3093323.0,12,-7.52283,4,8681,1,0
20,2,3092296.5,3093283.5,11,-6.16301,2,8683,1,0
20,3,3092296.5,3093283.5,11,-6.16301,2,8683,1,0
78,2,3095916.2,3096049.8,8,5.70105,4,8683,1,0
78,3,3095916.2,3096049.8,8,5.70105,4,8683,0,1
78,4,3095916.2,3096049.8,8,5.70105,4,8683,1,0
17,1,3096194.0,3096646.8,10,0.0,4,8681,1,0
70,2,3102973.2,3104783.8,12,-18.6165,4,8683,1,0
81,1,3103509.0,3103642.5,8,5.77986,2,8685,1,0
37,3,3103700.5,3103772.5,7,-5.69098,2,8685,1,0
54,1,3104548.2,3104620.2,7,4.70803,4,8681,1,0
11,1,3114610.8,3114857.8,9,-11.7728,2,8683,1,0
74,4,3118494.2,3118566.2,7,-1.31428,4,8683,1,0
55,4,3137015.2,3137262.0,9,8.16983,2,8683,1,0
94,4,3143696.0,3144148.8,10,-14.9075,4,8683,1,0
80,1,3145155.2,3145227.2,7,5.60677,4,8683,1,0
91,1,3145605.5,3146058.0,10,-9.58093,2,8683,1,0
42,2,3148882.5,3148954.5,7,2.14655,2,8683,1,0
49,1,3173945.5,3174192.5,9,-1.98761,2,8683,1,0
49,2,3173945.5,3174192.5,9,-1.98761,2,8683,1,0
49,4,3173945.5,3174192.5,9,-1.98761,2,8683,1,0
86,3,3176593.0,3176839.8,9,-0.382995,4,8681,1,0
51,1,3182262.5,3182715.0,10,-5.31731,4,8683,1,0
51,2,3182262.5,3182715.0,10,-5.31731,4,8683,1,0
51,4,3182262.5,3182715.0,10,-5.31731,4,8683,1,0
67,1,3182746.2,3182993.2,9,-6.78033,4,8683,1,0
67,2,3182746.2,3182993.2,9,-6.78033,4,8683,1,0
67,3,3182746.2,3182993.2,9,-6.78033,4,8683,1,0
67,4,3182746.2,3182993.2,9,-6.78033,4,8683,1,0
98,1,3187083.2,3187216.8,8,-10.8524,2,8683,1,0
24,2,3190054.8,3190507.2,10,-12.6893,2,8683,1,0
8,3,3193299.0,3193371.0,7,-3.41482,4,8683,1,0
35,4,3195842.2,3196829.2,11,-0.492324,2,8683,1,0
14,1,3200863.2,3200935.2,7,-3.76095,4,8685,1,0
14,3,3200863.2,3200935.2,7,-3.76095,4,8685,1,0
14,4,3200863.2,3200935.2,7,-3.76095,4,8685,1,0
52,3,3208792.8,3209779.8,11,-4.14632,4,8681,1,0
86,4,3210540.2,3210787.0,9,-9.88592,4,8683,1,0
93,1,3211366.5,3211438.5,7,3.43885,4,8683,1,0
82,1,3214077.8,3214149.8,7,-7.57632,4,8683,1,0
82,3,3214077.8,3214149.8,7,-7.57632,4,8683,1,0
80,1,3225051.0,3225123.0,7,-8.98296,4,8681,1,0
49,1,3228373.5,3228620.2,9,-3.6936,2,8683,1,0
49,2,3228373.5,3228620.2,9,-3.6936,2,8683,1,0
49,3,3228373.5,3228620.2,9,-3.6936,2,8683,1,0
84,1,3242974.0,3243221.0,9,-2.9865,4,8683,1,0
64,2,3250018.8,3250090.8,7,12.0304,2,8683,1,0
64,3,3250018.8,3250090.8,7,12.0304,2,8683,1,0
64,4,3250018.8,3250090.8,7,12.0304,2,8683,1,0
41,3,3250187.8,3250259.8,7,-2.47653,4,8683,1,0
16,1,3254179.0,3254312.5,8,-0.067382,2,8685,1,0
16,4,3254179.0,3254312.5,8,-0.067382,2,8685,1,0
82,3,3257246.2,3257318.2,7,7.88976,4,8681,1,0
71,2,3268624.5,3268758.0,8,-5.74466,4,8683,1,0
89,4,3272555.8,3274366.2,12,0.0,2,8683,0,1
43,4,3272575.5,3272647.5,7,14.6119,4,8681,1,0
40,3,3277124.5,3277577.2,10,-16.399,2,8685,1,0
48,1,3283870.2,3284117.2,9,-12.0882,4,8681,1,0
10,3,3284791.8,3285038.5,9,11.3734,2,8683,1,0
11,1,3291081.0,3291328.0,9,1.82451,4,8681,1,0
11,2,3291081.0,3291328.0,9,1.82451,4,8681,1,0
11,3,3291081.0,3291328.0,9,1.82451,4,8681,1,0
50,2,3291521.2,3291654.8,8,-10.4803,4,8683,1,0
19,2,3294317.8,3294770.5,10,-4.00339,2,8683,1,0
19,4,3294317.8,3294770.5,10,-4.00339,2,8683,1,0
35,1,3294556.0,3295543.0,11,-2.93129,2,8685,1,0
35,2,3294556.0,3295543.0,11,-2.93129,2,8685,1,0
50,2,3304884.5,3305018.0,8,-1.44624,4,8681,1,0
80,1,3306818.8,3306890.8,7,8.87433,4,8683,1,0
64,2,3312315.2,3312387.2,7,-7.80321,2,8685,1,0
64,3,3312315.2,3312387.2,7,-7.80321,2,8685,1,0
64,4,3312315.2,3312387.2,7,-7.80321,2,8685,1,0
30,4,3315743.5,3315990.2,9,-1.11435,2,8685,1,0
31,2,3319539.0,3319786.0,9,-12.6128,4,8683,1,0
31,3,3319539.0,3319786.0,9,-12.6128,4,8683,1,0
27,1,3321707.5,3321954.2,9,-11.2014,2,8683,1,0
27,2,3321707.5,3321954.2,9,-11.2014,2,8683,1,0
27,3,3321707.5,3321954.2,9,-11.2014,2,8683,1,0
84,2,3323920.2,3324167.0,9,1.44281,4,8685,1,0
84,4,3323920.2,3324167.0,9,1.44281,4,8685,1,0
6,4,3324032.5,3324485.0,10,-10.7609,4,8681,1,0
36,1,3334737.0,3334984.0,9,-0.157882,4,8681,1,0
36,3,3334737.0,3334984.0,9,-0.157882,4,8681,1,0
83,1,3342040.8,3342112.8,7,-9.26126,4,8683,1,0
83,3,3342040.8,3342112.8,7,-9.26126,4,8683,1,0
37,1,3344222.5,3344294.5,7,-5.87175,2,8683,1,0
37,3,3344222.5,3344294.5,7,-5.87175,2,8683,1,0
71,2,3352370.0,3352503.8,8,17.0443,4,8683,1,0
71,4,3352370.0,3352503.8,8,17.0443,4,8683,1,0
51,1,3353534.5,3353987.0,10,-16.8316,4,8685,1,0
51,2,3353534.5,3353987.0,10,-16.8316,4,8685,1,0
51,4,3353534.5,3353987.0,10,-16.8316,4,8685,1,0
24,1,3355143.8,3355596.5,10,-8.16702,2,8683,1,0
24,4,3355143.8,3355596.5,10,-8.16702,2,8683,0,1
76,4,3357130.5,3357202.8,7,0.0,4,8683,1,0
49,1,3357431.0,3357677.8,9,-14.0935,4,8681,1,0
49,2,3357431.0,3357677.8,9,-14.0935,4,8681,1,0
49,4,3357431.0,3357677.8,9,-14.0935,4,8681,1,0
67,2,3357967.8,3358214.5,9,-4.62494,4,8685,1,0
67,3,3357967.8,3358214.5,9,-4.62494,4,8685,1,0
67,4,3357967.8,3358214.5,9,-4.62494,4,8685,1,0
77,1,3361950.2,3362083.8,8,7.19109,2,8681,1,0
77,2,3361950.2,3362083.8,8,7.19109,2,8681,1,0
61,1,3365068.2,3365140.5,7,-0.731902,4,8681,1,0
29,1,3370525.8,3370978.2,10,-14.7525,2,8685,1,0
29,3,3370525.8,3370978.2,10,-14.7525,2,8685,1,0
29,4,3370525.8,3370978.2,10,-14.7525,2,8685,1,0
83,1,3375655.8,3375727.8,7,-2.8146,4,8685,1,0
98,1,3379420.0,3379553.5,8,-7.90489,2,8685,1,0
10,1,3387617.8,3387864.5,9,-6.17375,2,8681,1,0
10,3,3387617.8,3387864.5,9,-6.17375,2,8681,1,0
69,2,3393611.0,3393858.0,9,1.64577,2,8685,1,0
69,3,3393611.0,3393858.0,9,1.64577,2,8685,1,0
69,4,3393611.0,3393858.0,9,1.64577,2,8685,1,0
64,2,3399319.5,3399391.5,7,-3.91682,2,8683,1,0
64,3,3399319.5,3399391.5,7,-3.91682,2,8683,1,0
28,3,3400834.8,3400968.2,8,-8.57617,2,8683,1,0
100,1,3400899.8,3401352.2,10,-16.5792,4,8681,1,0
100,4,3400899.8,3401352.2,10,-16.5792,4,8681,1,0
75,3,3405337.2,3405409.2,7,-3.89563,2,8685,1,0
75,4,3405337.2,3405409.2,7,-3.89563,2,8685,1,0
61,1,3413073.5,3413145.5,7,-1.82138,2,8683,1,0
92,1,3413112.2,3413184.2,7,-4.33774,4,8685,1,0
40,2,3415699.8,3416152.2,10,-11.0962,2,8683,1,0
40,3,3415699.8,3416152.2,10,-11.0962,2,8683,1,0
82,1,3415724.8,3415797.0,7,-5.78996,4,8683,1,0
82,3,3415724.8,3415797.0,7,-5.78996,4,8683,1,0
63,1,3424521.8,3424593.8,7,4.08076,2,8683,1,0
63,3,3424521.8,3424593.8,7,4.08076,2,8683,1,0
35,4,3425548.0,3426535.2,11,-12.3444,2,8683,1,0
11,1,3429047.5,3429294.5,9,-7.72545,2,8683,1,0
66,2,3430041.0,3430113.0,7,7.51145,4,8683,1,0
49,2,3430763.0,3431009.8,9,-4.7941,2,8683,1,0
49,3,3430763.0,3431009.8,9,-4.7941,2,8683,1,0
49,4,3430763.0,3431009.8,9,-4.7941,2,8683,1,0
79,1,3433173.8,3433307.2,8,-9.98224,2,8683,1,0
79,2,3433173.8,3433307.2,8,-9.98224,2,8683,1,0
101,1,3439588.5,3440041.0,10,-10.2964,4,8683,1,0
101,3,3439588.5,3440041.0,10,-10.2964,4,8683,1,0
24,3,3441101.0,3441553.8,10,-10.7002,4,8681,1,0
64,2,3441304.0,3441376.0,7,1.77971,2,8681,1,0
64,3,3441304.0,3441376.0,7,1.77971,2,8681,1,0
60,3,3442286.8,3442420.5,8,-1.25235,4,8683,1,0
60,4,3442286.8,3442420.5,8,-1.25235,4,8683,1,0
50,1,3445840.5,3445974.0,8,4.03242,4,8683,1,0
50,2,3445840.5,3445974.0,8,4.03242,4,8683,1,0
50,4,3445840.5,3445974.0,8,4.03242,4,8683,1,0
55,3,3451070.8,3451317.8,9,-6.34233,2,8683,1,0
22,3,3456514.2,3456586.2,7,-2.21962,4,8683,1,0
22,4,3456514.2,3456586.2,7,-2.21962,4,8683,1,0
33,1,3458866.8,3459113.5,9,-6.18042,2,8685,1,0
33,4,3458866.8,3459113.5,9,-6.18042,2,8685,1,0
12,3,3468545.5,3468998.0,10,-9.48386,2,8683,1,0
12,4,3468545.5,3468998.0,10,-9.48386,2,8683,1,0
16,3,3471562.5,3471696.0,8,-3.5777,2,8683,1,0
72,1,3480123.2,3480195.2,7,-6.63454,4,8681,1,0
72,2,3480123.2,3480195.2,7,-6.63454,4,8681,1,0
72,4,3480123.2,3480195.2,7,-6.63454,4,8681,1,0
62,1,3481683.5,3481755.5,7,-1.72197,4,8683,1,0
62,2,3481683.5,3481755.5,7,-1.72197,4,8683,1,0
62,4,3481683.5,3481755.5,7,-1.72197,4,8683,1,0
101,1,3484849.0,3485301.8,10,-10.987,4,8681,1,0
101,2,3484849.0,3485301.8,10,-10.987,4,8681,1,0
101,4,3484849.0,3485301.8,10,-10.987,4,8681,1,0
29,1,3487572.5,3488025.2,10,-5.62121,2,8683,1,0
29,4,3487572.5,3488025.2,10,-5.62121,2,8683,1,0
66,2,3507190.5,3507262.5,7,-4.47285,4,8681,1,0
66,3,3507190.5,3507262.5,7,-4.47285,4,8681,1,0
47,1,3519107.8,3519179.8,7,16.9882,2,8683,1,0
36,2,3520196.0,3520442.8,9,-0.603789,2,8683,1,0
36,4,3520196.0,3520442.8,9,-0.603789,2,8683,1,0
35,4,3524261.8,3525248.8,11,-14.7923,2,8683,1,0
46,2,3524459.8,3524593.2,8,-4.79449,4,8683,1,0
90,2,3534990.0,3535236.8,9,-11.2487,4,8683,1,0
17,2,3540965.5,3541418.2,10,-2.4648,4,8683,1,0
17,3,3540965.5,3541418.2,10,-2.4648,4,8683,1,0
21,3,3548100.2,3548347.2,9,2.15355,2,8683,1,0
37,3,3553618.0,3553690.0,7,7.51608,2,8685,1,0
97,3,3561092.2,3561339.0,9,-5.56377,4,8685,1,0
97,4,3561092.2,3561339.0,9,-5.56377,4,8685,1,0
55,2,3563884.2,3564131.0,9,-13.4194,2,8683,1,0
79,4,3565388.8,3565522.2,8,1.74825,4,8681,1,0
68,1,3572331.0,3572578.0,9,-2.56644,4,8683,1,0
68,2,3572331.0,3572578.0,9,-2.56644,4,8683,1,0
68,3,3572331.0,3572578.0,9,-2.56644,4,8683,1,0
69,1,3573625.5,3573872.2,9,-6.02698,2,8683,1,0
69,2,3573625.5,3573872.2,9,-6.02698,2,8683,1,0
69,4,3573625.5,3573872.2,9,-6.02698,2,8683,1,0
30,3,3574984.0,3575230.8,9,-10.3313,2,8683,1,0
50,1,3580046.5,3580180.0,8,4.80778,4,8685,1,0
50,2,3580046.5,3580180.0,8,4.80778,4,8685,1,0
50,4,3580046.5,3580180.0,8,4.80778,4,8685,1,0
96,2,3580218.2,3580290.2,7,-1.63036,2,8683,1,0
96,3,3580218.2,3580290.2,7,-1.63036,2,8683,1,0
73,1,3580311.2,3582121.8,12,-17.4007,4,8683,0,1
73,2,3580311.2,3582121.8,12,-17.4007,4,8683,1,0
73,3,3580311.2,3582121.8,12,-17.4007,4,8683,1,0
73,4,3580311.2,3582121.8,12,-17.4007,4,8683,1,0
82,2,3581412.8,3581484.8,7,-9.18143,4,8685,1,0
82,3,3581412.8,3581484.8,7,-9.18143,4,8685,1,0
43,4,3587998.0,3588070.0,7,-1.3596,2,8683,1,0
82,3,3588706.5,3588778.5,7,12.2052,4,8683,1,0
31,1,3592313.0,3592559.8,9,9.16509,4,8681,1,0
31,4,3592313.0,3592559.8,9,9.16509,4,8681,1,0
28,3,3596133.2,3596266.8,8,5.46194,4,8681,1,0
40,3,3599392.5,3599845.2,10,-13.7231,2,8683,1,0
senderId,receiverID, sendTime, receivedTime,SF,SNR,Ftype,Freq,RX
1,93,16487.793,16529.01,7,0.0,3,0,1
1,104,21219.848,22374.918,12,0.0,3,0,2
4,100,23388.66,23677.43,10,0.0,3,0,1
2,59,25104.848,25249.23,9,0.0,3,0,1
3,73,32984.742,34139.812,12,0.0,3,0,2
1,78,35087.164,35169.598,8,0.0,3,0,1
3,41,55137.19,55178.41,7,0.0,3,0,1
4,18,56661.145,56805.527,9,0.0,3,0,1
2,70,57140.2,58295.27,12,0.0,3,0,2
1,67,62686.477,62830.86,9,0.0,3,0,1
4,101,87695.33,87984.09,10,0.0,3,0,1
2,84,90578.36,90722.75,9,0.0,3,0,1
1,94,92528.06,92816.83,10,0.0,3,0,1
3,88,98133.27,98174.484,7,0.0,3,0,1
3,88,110347.91,110389.125,7,0.0,3,0,1
2,53,111861.02,113016.1,12,0.0,3,0,2
2,32,126185.93,126227.14,7,0.0,3,0,1
3,68,128537.25,129692.32,12,0.0,3,0,2
2,15,137899.5,137940.72,7,0.0,3,0,1
1,104,138394.8,138436.0,7,0.0,3,0,1
3,50,139442.61,139525.05,8,0.0,3,0,1
1,83,150028.67,150069.89,7,0.0,3,0,1
2,62,156155.4,156196.62,7,0.0,3,0,1
4,86,157097.52,157241.89,9,0.0,3,0,1
1,83,162276.56,162317.78,7,0.0,3,0,1
2,18,162358.56,162502.94,9,0.0,3,0,1
3,97,163369.84,163514.22,9,0.0,3,0,1
4,44,168531.84,169686.92,12,0.0,3,0,2
1,102,169789.8,169831.02,7,0.0,3,0,1
1,87,173144.34,174299.42,12,0.0,3,0,2
3,46,184154.19,184236.62,8,0.0,3,0,1
1,67,185048.78,185193.16,9,0.0,3,0,1
2,34,198176.62,198321.0,9,0.0,3,0,1
1,74,207221.7,207262.92,7,0.0,3,0,1
4,60,213970.78,214053.2,8,0.0,3,0,1
3,73,214027.94,215183.02,12,0.0,3,0,2
3,84,219548.45,219692.83,9,0.0,3,0,1
4,62,230182.6,230223.8,7,0.0,3,0,1
1,51,232640.14,232928.9,10,0.0,3,0,1
4,60,235369.1,235451.52,8,0.0,3,0,1
2,70,238183.39,239338.47,12,0.0,3,0,2
2,82,242769.7,242810.9,7,0.0,3,0,1
3,104,243443.27,243484.48,7,0.0,3,0,1
2,65,248383.55,248465.97,8,0.0,3,0,1
4,76,255347.69,255388.9,7,0.0,3,0,1
4,92,257608.16,258763.22,12,0.0,3,0,2
1,59,267333.72,267478.1,9,0.0,3,0,1
2,15,270350.16,270391.38,7,0.0,3,0,1
2,71,293185.56,293268.0,8,0.0,3,0,1
1,87,294010.62,294155.0,9,0.0,3,0,1
4,6,295220.72,296375.78,12,0.0,3,0,2
3,8,296975.5,297016.72,7,0.0,3,0,1
2,94,296993.4,298148.47,12,0.0,3,0,2
3,32,299382.7,300537.75,12,0.0,3,0,2
4,66,299978.12,300019.34,7,0.0,3,0,1
3,56,305742.9,306320.47,11,0.0,3,0,1
4,17,307658.6,308813.66,12,0.0,3,0,2
2,22,308183.56,308224.78,7,0.0,3,0,1
1,14,312321.66,312362.88,7,0.0,3,0,1
4,13,313409.1,313450.3,7,0.0,3,0,1
2,32,316948.22,316989.44,7,0.0,3,0,1
4,52,317992.8,318570.34,11,0.0,3,0,1
1,59,318877.7,319022.06,9,0.0,3,0,1
2,67,321277.78,321422.16,9,0.0,3,0,1
3,97,322904.72,324059.78,12,0.0,3,0,2
4,57,324908.2,326063.25,12,0.0,3,0,2
2,32,337394.8,337436.03,7,0.0,3,0,1
1,103,344339.22,345494.28,12,0.0,3,0,2
2,65,351399.5,351481.94,8,0.0,3,0,1
1,80,358225.4,358266.62,7,0.0,3,0,1
2,8,373498.16,373539.4,7,0.0,3,0,1
4,84,388641.34,388785.75,9,0.0,3,0,1
1,59,390089.53,390233.9,9,0.0,3,0,1
3,82,391081.22,391122.44,7,0.0,3,0,1
2,22,411106.4,411147.66,7,0.0,3,0,1
1,70,418226.6,419381.66,12,0.0,3,0,1
2,50,419137.38,419219.8,8,0.0,3,0,1
3,57,423621.78,424776.84,12,0.0,3,0,2
4,60,425866.25,425948.66,8,0.0,3,0,1
3,46,454835.5,454917.94,8,0.0,3,0,1
2,50,457570.84,457653.25,8,0.0,3,0,1
4,62,467081.34,467122.56,7,0.0,3,0,1
4,53,473947.4,475102.47,12,0.0,3,0,2
4,100,477275.44,477564.22,10,0.0,3,0,1
2,86,477426.7,477571.06,9,0.0,3,0,1
3,73,503142.56,504297.6,12,0.0,3,0,1
2,32,522909.53,522950.75,7,0.0,3,0,1
2,90,523692.88,524847.94,12,0.0,3,0,2
4,84,530976.0,531120.44,9,0.0,3,0,1
2,8,536112.25,536153.44,7,0.0,3,0,1
1,101,540903.44,541192.2,10,0.0,3,0,1
2,32,552034.3,552075.5,7,0.0,3,0,1
4,90,566325.1,566469.56,9,0.0,3,0,1
1,14,570643.75,570684.94,7,0.0,3,0,1
2,71,583618.4,583700.8,8,0.0,3,0,1
4,18,587802.5,587946.9,9,0.0,3,0,1
2,22,596886.1,596927.3,7,0.0,3,0,1
3,70,600269.75,601424.9,12,0.0,3,0,2
4,15,607448.44,607489.6,7,0.0,3,0,1
2,22,608297.75,608338.94,7,0.0,3,0,1
4,18,629014.94,629159.4,9,0.0,3,0,1
1,90,633338.2,633482.6,9,0.0,3,0,1
3,94,634293.3,634582.06,10,0.0,3,0,1
2,13,636989.94,637031.1,7,0.0,3,0,1
3,82,637737.25,638892.3,12,0.0,3,0,2
1,104,656373.7,656414.9,7,0.0,3,0,1
2,88,663568.25,663609.44,7,0.0,3,0,1
1,83,663776.6,663817.8,7,0.0,3,0,1
4,101,664911.44,665200.2,10,0.0,3,0,1
3,41,665076.2,665117.4,7,0.0,3,0,1
1,73,685185.75,686340.8,12,0.0,3,0,2
2,46,703046.0,703128.5,8,0.0,3,0,1
4,68,718838.5,718982.94,9,0.0,3,0,1
2,67,725235.9,725380.3,9,0.0,3,0,1
3,68,743516.94,743661.3,9,0.0,3,0,1
4,56,744451.7,745606.75,12,0.0,3,0,2
3,57,754592.06,755747.1,12,0.0,3,0,2
2,90,756349.6,756494.0,9,0.0,3,0,1
3,66,769208.06,769249.25,7,0.0,3,0,1
4,86,769820.44,769964.9,9,0.0,3,0,1
3,97,774416.25,774560.7,9,0.0,3,0,1
2,70,780313.0,781468.06,12,0.0,3,0,1
1,102,780825.9,780867.06,7,0.0,3,0,1
4,101,791372.44,791661.2,10,0.0,3,0,1
1,80,798825.8,798867.0,7,0.0,3,0,1
3,86,801412.94,801557.4,9,0.0,3,0,1
3,102,823294.25,823335.44,7,0.0,3,0,1
4,22,833927.4,833968.56,7,0.0,3,0,1
3,82,871355.3,871396.5,7,0.0,3,0,1
3,41,877164.94,877206.1,7,0.0,3,0,1
3,46,883246.1,883328.6,8,0.0,3,0,1
1,8,889968.7,890009.9,7,0.0,3,0,1
4,86,904629.9,904774.3,9,0.0,3,0,1
1,74,913128.2,913169.4,7,0.0,3,0,1
3,44,919362.7,920517.75,12,0.0,3,0,2
2,71,922616.0,922698.5,8,0.0,3,0,1
1,67,923973.9,924118.3,9,0.0,3,0,1
3,88,929041.6,929082.8,7,0.0,3,0,1
2,6,942338.06,942626.8,10,0.0,3,0,1
1,59,942576.5,942720.9,9,0.0,3,0,1
1,83,957344.9,957386.06,7,0.0,3,0,1
3,17,961404.4,961693.1,10,0.0,3,0,1
2,71,980543.7,980626.2,8,0.0,3,0,1
4,78,986733.0,986815.44,8,0.0,3,0,1
2,15,995960.3,996001.5,7,0.0,3,0,1
1,52,1002138.7,1002716.2,11,0.0,3,0,1
2,34,1003489.06,1003633.5,9,0.0,3,0,1
4,60,1007122.94,1007205.4,8,0.0,3,0,1
4,14,1010065.44,1011220.5,12,0.0,3,0,2
2,76,1013293.3,1014448.44,12,0.0,3,0,2
3,73,1014021.7,1015176.75,12,0.0,3,0,2
2,18,1019882.8,1020027.25,9,0.0,3,0,1
4,76,1027553.1,1027594.4,7,0.0,3,0,1
2,15,1043360.6,1043401.9,7,0.0,3,0,1
2,8,1062793.1,1062834.4,7,0.0,3,0,1
2,62,1070026.5,1070067.8,7,0.0,3,0,1
3,67,1088659.0,1088803.5,9,0.0,3,0,1
1,86,1093834.0,1094989.0,12,0.0,3,0,2
4,52,1101852.2,1103007.4,12,0.0,3,0,2
1,31,1103799.1,1103943.5,9,0.0,3,0,1
2,59,1109480.5,1109624.9,9,0.0,3,0,1
4,104,1110602.2,1110643.5,7,0.0,3,0,1
3,88,1112435.5,1112476.8,7,0.0,3,0,1
4,87,1117374.1,1117518.5,9,0.0,3,0,1
4,101,1132619.6,1133774.6,12,0.0,3,0,2
3,6,1132642.4,1132931.1,10,0.0,3,0,1
1,60,1138085.0,1138167.4,8,0.0,3,0,1
1,53,1139596.9,1140752.0,12,0.0,3,0,2
4,92,1139744.0,1139785.2,7,0.0,3,0,1
3,68,1141389.5,1142544.5,12,0.0,3,0,2
2,71,1159693.8,1159776.1,8,0.0,3,0,1
4,13,1162840.4,1162881.6,7,0.0,3,0,1
2,17,1164551.0,1165706.0,12,0.0,3,0,2
1,83,1164705.1,1164746.4,7,0.0,3,0,1
3,67,1165738.5,1165882.9,9,0.0,3,0,1
1,83,1173018.2,1173059.5,7,0.0,3,0,1
4,44,1178773.6,1179928.8,12,0.0,3,0,2
3,6,1178903.1,1180058.1,12,0.0,3,0,2
3,97,1180572.5,1180716.9,9,0.0,3,0,1
2,94,1188454.4,1188743.1,10,0.0,3,0,1
1,78,1190580.5,1191735.5,12,0.0,3,0,2
1,100,1193903.1,1194191.9,10,0.0,3,0,1
4,52,1200565.9,1201721.0,12,0.0,3,0,2
3,82,1208591.0,1208632.2,7,0.0,3,0,1
4,17,1208811.8,1209100.6,10,0.0,3,0,1
1,92,1225576.4,1225617.6,7,0.0,3,0,1
2,68,1233976.9,1234121.4,9,0.0,3,0,1
3,94,1234715.1,1235870.1,12,0.0,3,0,2
4,100,1239163.9,1239452.6,10,0.0,3,0,1
3,8,1251696.2,1251737.5,7,0.0,3,0,1
2,31,1255724.0,1255868.4,9,0.0,3,0,1
1,74,1257039.1,1257080.5,7,0.0,3,0,1
1,71,1264214.6,1264297.0,8,0.0,3,0,1
2,86,1273177.6,1273322.0,9,0.0,3,0,1
4,90,1283548.6,1283693.0,9,0.0,3,0,1
3,6,1284795.2,1285084.1,10,0.0,3,0,1
2,18,1287914.1,1288058.6,9,0.0,3,0,1
1,62,1295244.2,1295285.5,7,0.0,3,0,1
4,52,1298279.5,1298857.0,11,0.0,3,0,1
1,74,1308922.9,1308964.1,7,0.0,3,0,1
1,103,1311370.0,1312525.0,12,0.0,3,0,2
2,87,1318494.9,1318639.2,9,0.0,3,0,1
1,84,1332405.5,1332549.9,9,0.0,3,0,1
3,101,1336040.9,1336329.8,10,0.0,3,0,1
3,65,1344025.1,1345180.1,12,0.0,3,0,2
1,67,1347591.5,1348746.6,12,0.0,3,0,2
2,8,1353983.6,1354024.9,7,0.0,3,0,1
3,102,1365761.1,1365802.4,7,0.0,3,0,1
2,66,1379299.4,1379340.6,7,0.0,3,0,1
1,6,1382922.5,1383211.2,10,0.0,3,0,1
3,60,1390671.4,1390753.8,8,0.0,3,0,1
4,97,1400603.4,1400747.8,9,0.0,3,0,1
2,88,1402780.4,1402821.6,7,0.0,3,0,1
1,56,1403737.0,1404892.1,12,0.0,3,0,2
3,82,1407208.9,1407250.1,7,0.0,3,0,1
2,76,1422922.0,1422963.2,7,0.0,3,0,1
1,80,1429101.1,1429142.4,7,0.0,3,0,1
3,8,1430346.1,1430387.4,7,0.0,3,0,1
3,31,1439986.2,1440130.6,9,0.0,3,0,1
4,59,1444007.1,1444151.5,9,0.0,3,0,1
2,94,1451888.2,1452177.1,10,0.0,3,0,1
1,73,1461034.9,1462190.0,12,0.0,3,0,2
4,76,1463823.2,1463864.5,7,0.0,3,0,1
1,97,1473037.1,1473181.5,9,0.0,3,0,1
4,31,1477533.9,1477678.4,9,0.0,3,0,1
1,56,1515469.5,1516624.5,12,0.0,3,0,2
4,34,1516677.9,1516822.2,9,0.0,3,0,1
3,57,1520342.9,1520920.4,11,0.0,3,0,1
2,86,1530912.5,1531056.9,9,0.0,3,0,1
2,41,1549818.6,1549859.9,7,0.0,3,0,1
1,66,1552726.5,1552767.8,7,0.0,3,0,1
2,8,1553865.2,1555020.2,12,0.0,3,0,2
4,78,1593970.2,1594052.6,8,0.0,3,0,1
1,62,1603430.8,1603472.0,7,0.0,3,0,1
3,103,1607015.9,1608170.9,12,0.0,3,0,2
2,50,1611847.8,1611930.1,8,0.0,3,0,1
3,6,1617221.2,1617510.0,10,0.0,3,0,1
4,41,1618265.5,1618306.8,7,0.0,3,0,1
1,57,1620056.5,1621211.5,12,0.0,3,0,2
4,56,1623369.0,1624524.0,12,0.0,3,0,2
1,92,1625336.0,1625377.4,7,0.0,3,0,1
2,86,1644416.8,1644561.1,9,0.0,3,0,1
3,41,1648602.6,1648643.9,7,0.0,3,0,1
1,51,1653368.1,1653657.0,10,0.0,3,0,1
4,74,1659285.0,1659326.2,7,0.0,3,0,1
4,86,1669095.2,1669239.6,9,0.0,3,0,1
2,68,1669153.9,1669298.4,9,0.0,3,0,1
3,102,1669443.6,1669484.9,7,0.0,3,0,1
3,41,1686849.4,1686890.6,7,0.0,3,0,1
1,83,1692406.4,1692447.6,7,0.0,3,0,1
1,22,1704567.0,1704608.2,7,0.0,3,0,1
2,15,1712466.9,1712508.1,7,0.0,3,0,1
1,59,1713379.8,1713524.1,9,0.0,3,0,1
3,57,1717770.1,1718347.6,11,0.0,3,0,1
4,103,1721280.5,1722435.5,12,0.0,3,0,2
2,71,1728661.5,1728743.9,8,0.0,3,0,1
4,60,1744575.4,1744657.8,8,0.0,3,0,1
3,6,1746907.2,1748062.2,12,0.0,3,0,2
2,52,1748778.2,1749355.8,11,0.0,3,0,1
4,33,1759580.2,1759724.6,9,0.0,3,0,1
1,104,1771483.5,1771524.8,7,0.0,3,0,1
1,83,1785781.6,1785822.9,7,0.0,3,0,1
2,73,1787228.8,1788383.8,12,0.0,3,0,2
1,44,1788355.9,1789510.9,12,0.0,3,0,2
3,94,1807153.2,1807442.0,10,0.0,3,0,1
4,60,1813777.1,1813859.5,8,0.0,3,0,1
2,86,1822985.2,1824140.2,12,0.0,3,0,2
2,34,1828741.2,1828885.6,9,0.0,3,0,1
3,45,1838158.0,1838199.2,7,0.0,3,0,1
1,60,1842496.1,1842578.5,8,0.0,3,0,1
2,94,1852414.0,1852702.9,10,0.0,3,0,1
4,74,1870021.4,1870062.6,7,0.0,3,0,1
1,18,1877932.4,1878076.8,9,0.0,3,0,1
3,41,1880421.0,1880462.2,7,0.0,3,0,1
2,57,1887293.9,1888448.9,12,0.0,3,0,2
3,32,1892597.9,1892639.1,7,0.0,3,0,1
1,84,1898691.0,1898835.5,9,0.0,3,0,1
3,104,1902447.0,1902488.2,7,0.0,3,0,1
2,52,1911716.4,1912871.5,12,0.0,3,0,2
1,65,1914650.2,1914732.6,8,0.0,3,0,1
2,102,1938316.0,1938357.2,7,0.0,3,0,1
4,76,1944760.6,1944801.9,7,0.0,3,0,1
1,101,1952224.1,1952513.0,10,0.0,3,0,1
4,22,1960915.9,1960957.1,7,0.0,3,0,1
2,100,1963638.5,1963927.4,10,0.0,3,0,1
4,65,1966346.1,1966428.5,8,0.0,3,0,1
3,73,1967272.0,1968427.0,12,0.0,3,0,1
1,18,1986044.8,1986189.2,9,0.0,3,0,1
4,78,1987327.5,1988482.5,12,0.0,3,0,2
4,93,1991784.4,1991825.6,7,0.0,3,0,1
2,68,1993430.5,1993575.0,9,0.0,3,0,1
4,93,1998978.0,1999019.2,7,0.0,3,0,1
2,19,2009001.9,2009290.6,10,0.0,3,0,1
1,46,2016405.1,2016487.5,8,0.0,3,0,1
4,22,2030858.4,2030899.6,7,0.0,3,0,1
3,70,2039285.5,2040440.5,12,0.0,3,0,2
2,77,2072742.2,2072824.8,8,0.0,3,0,1
1,22,2088279.0,2088320.2,7,0.0,3,0,1
4,74,2108114.2,2108155.5,7,0.0,3,0,1
1,76,2131920.5,2131961.8,7,0.0,3,0,1
4,14,2132435.5,2132476.8,7,0.0,3,0,1
1,97,2133099.0,2134254.0,12,0.0,3,0,2
4,31,2138424.0,2139579.0,12,0.0,3,0,2
2,57,2138703.8,2139281.5,11,0.0,3,0,1
1,100,2139740.8,2140029.5,10,0.0,3,0,1
3,68,2140611.8,2140756.0,9,0.0,3,0,1
3,59,2141954.5,2143109.5,12,0.0,3,0,2
4,50,2143964.0,2144046.8,8,0.0,3,0,1
3,68,2165290.0,2165434.2,9,0.0,3,0,1
4,13,2182203.5,2182244.8,7,0.0,3,0,1
1,101,2202612.5,2202901.2,10,0.0,3,0,1
3,84,2208778.2,2208922.5,9,0.0,3,0,1
4,13,2218578.0,2218619.5,7,0.0,3,0,1
4,88,2223610.8,2223652.0,7,0.0,3,0,1
1,76,2232732.2,2232773.5,7,0.0,3,0,1
2,66,2246836.2,2246877.5,7,0.0,3,0,1
1,97,2248366.5,2248510.8,9,0.0,3,0,1
4,78,2249922.0,2250004.5,8,0.0,3,0,1
2,99,2252792.2,2252833.5,7,0.0,3,0,1
3,56,2255504.5,2256082.0,11,0.0,3,0,1
2,73,2267286.5,2268441.8,12,0.0,3,0,2
4,97,2273045.0,2273189.2,9,0.0,3,0,1
1,76,2275059.0,2275100.2,7,0.0,3,0,1
4,70,2284832.8,2285987.8,12,0.0,3,0,2
4,84,2288605.0,2288749.2,9,0.0,3,0,1
1,65,2289172.0,2289254.8,8,0.0,3,0,1
2,67,2292580.5,2292724.8,9,0.0,3,0,1
2,100,2292813.8,2293968.8,12,0.0,3,0,2
1,51,2312896.5,2313185.2,10,0.0,3,0,1
2,10,2335437.0,2335581.2,9,0.0,3,0,1
3,90,2356780.5,2356924.8,9,0.0,3,0,1
2,65,2370246.2,2370328.8,8,0.0,3,0,1
4,88,2378630.2,2378671.8,7,0.0,3,0,1
4,31,2380482.8,2381637.8,12,0.0,3,0,2
4,65,2383609.5,2383692.2,8,0.0,3,0,1
4,66,2404109.2,2404150.5,7,0.0,3,0,1
2,68,2407760.2,2407904.5,9,0.0,3,0,1
3,78,2415021.2,2415103.8,8,0.0,3,0,1
4,75,2416003.5,2416044.8,7,0.0,3,0,1
1,17,2431715.2,2432004.2,10,0.0,3,0,1
4,78,2437233.0,2437315.5,8,0.0,3,0,1
4,44,2451971.0,2453126.0,12,0.0,3,0,2
2,30,2457805.0,2457949.2,9,0.0,3,0,1
1,104,2475631.0,2475672.2,7,0.0,3,0,1
4,87,2485261.2,2485405.5,9,0.0,3,0,1
3,82,2488707.8,2488749.0,7,0.0,3,0,1
2,59,2495617.0,2495761.2,9,0.0,3,0,1
1,14,2496936.2,2496977.5,7,0.0,3,0,1
4,68,2505670.8,2505815.0,9,0.0,3,0,1
1,103,2512183.2,2512472.2,10,0.0,3,0,1
3,47,2513244.5,2513285.8,7,0.0,3,0,1
2,88,2525214.2,2525255.5,7,0.0,3,0,1
4,22,2528650.2,2528691.5,7,0.0,3,0,1
1,65,2550813.2,2550895.8,8,0.0,3,0,1
2,66,2551180.8,2551222.0,7,0.0,3,0,1
3,17,2551197.2,2551486.0,10,0.0,3,0,1
2,67,2559092.0,2559236.2,9,0.0,3,0,1
1,56,2561267.0,2561844.8,11,0.0,3,0,1
4,76,2575818.0,2575859.5,7,0.0,3,0,1
3,80,2580511.0,2580552.2,7,0.0,3,0,1
2,20,2588913.5,2590068.5,12,0.0,3,0,2
3,87,2603401.0,2603545.2,9,0.0,3,0,1
4,83,2605087.2,2605128.5,7,0.0,3,0,1
2,15,2627384.0,2627425.2,7,0.0,3,0,1
3,73,2641153.8,2642308.8,12,0.0,3,0,2
2,94,2646354.0,2646642.8,10,0.0,3,0,1
4,76,2651651.0,2651692.2,7,0.0,3,0,1
1,84,2656013.2,2656157.5,9,0.0,3,0,1
4,53,2657275.5,2658430.5,12,0.0,3,0,1
4,60,2659547.0,2660702.2,12,0.0,3,0,2
3,46,2660982.5,2661065.0,8,0.0,3,0,1
1,51,2662510.8,2663665.8,12,0.0,3,0,2
3,92,2672050.2,2672091.5,7,0.0,3,0,1
1,78,2683897.0,2683979.5,8,0.0,3,0,1
3,18,2693635.0,2693779.2,9,0.0,3,0,1
2,64,2693840.8,2693882.0,7,0.0,3,0,1
2,50,2707830.2,2707912.8,8,0.0,3,0,1
1,104,2730412.5,2730453.8,7,0.0,3,0,1
4,56,2733420.5,2734575.5,12,0.0,3,0,2
3,22,2746487.0,2746528.2,7,0.0,3,0,1
2,68,2758365.2,2758509.5,9,0.0,3,0,1
3,41,2760028.8,2760070.0,7,0.0,3,0,1
1,65,2760043.5,2760126.0,8,0.0,3,0,1
4,91,2773525.5,2773814.2,10,0.0,3,0,1
3,90,2782369.8,2782514.0,9,0.0,3,0,1
2,70,2782693.5,2783848.8,12,0.0,3,0,2
1,68,2783043.8,2783188.0,9,0.0,3,0,1
4,44,2785113.0,2786268.0,12,0.0,3,0,2
3,6,2790324.5,2791479.5,12,0.0,3,0,2
2,71,2793932.5,2794015.2,8,0.0,3,0,1
3,8,2805349.0,2805390.2,7,0.0,3,0,1
1,88,2813843.2,2813884.5,7,0.0,3,0,1
3,17,2814520.5,2814809.2,10,0.0,3,0,1
4,73,2822197.0,2823352.0,12,0.0,3,0,2
1,71,2822643.0,2822725.5,8,0.0,3,0,1
4,22,2826735.8,2826777.0,7,0.0,3,0,1
1,65,2838755.0,2838837.5,8,0.0,3,0,1
2,58,2839167.0,2839208.2,7,0.0,3,0,1
4,92,2842146.2,2842187.5,7,0.0,3,0,1
4,65,2857679.2,2857761.8,8,0.0,3,0,1
1,17,2859781.2,2860070.0,10,0.0,3,0,1
4,62,2871045.0,2871086.2,7,0.0,3,0,1
3,66,2871291.2,2871332.5,7,0.0,3,0,1
2,57,2879250.0,2879827.8,11,0.0,3,0,1
3,32,2889654.0,2889695.2,7,0.0,3,0,1
1,14,2899936.8,2899978.0,7,0.0,3,0,1
4,71,2905123.5,2905206.0,8,0.0,3,0,1
3,87,2910887.5,2911031.8,9,0.0,3,0,1
3,8,2914281.5,2915436.5,12,0.0,3,0,2
4,80,2924493.5,2924534.8,7,0.0,3,0,1
1,80,2931687.0,2931728.2,7,0.0,3,0,1
1,93,2937847.0,2937888.2,7,0.0,3,0,1
1,26,2947290.2,2947868.0,11,0.0,3,0,1
2,68,2958415.5,2958559.8,9,0.0,3,0,1
2,50,2959666.8,2960821.8,12,0.0,3,0,2
4,9,2960159.8,2960201.0,7,0.0,3,0,1
3,44,2966156.2,2967311.2,12,0.0,3,0,2
4,59,2969699.0,2969843.2,9,0.0,3,0,1
2,95,2981027.2,2981171.8,9,0.0,3,0,1
1,80,3000144.2,3001299.2,12,0.0,3,0,2
3,73,3003240.2,3004395.2,12,0.0,3,0,2
2,88,3005336.0,3005377.2,7,0.0,3,0,1
1,98,3017830.8,3017913.2,8,0.0,3,0,1
4,13,3020254.0,3020295.2,7,0.0,3,0,1
4,52,3034396.8,3034974.2,11,0.0,3,0,1
1,71,3035132.8,3035215.2,8,0.0,3,0,1
2,103,3038495.0,3038784.0,10,0.0,3,0,1
1,93,3055109.8,3055151.0,7,0.0,3,0,1
3,82,3062832.2,3062873.5,7,0.0,3,0,1
2,21,3064109.5,3065264.5,12,0.0,3,0,2
3,50,3073377.2,3073459.8,8,0.0,3,0,1
2,56,3074648.2,3075225.8,11,0.0,3,0,1
1,90,3088660.2,3088804.5,9,0.0,3,0,1
3,89,3095323.0,3096478.0,12,0.0,3,0,2
4,78,3097049.8,3097132.2,8,0.0,3,0,1
1,17,3098646.8,3099801.8,12,0.0,3,0,2
1,54,3105620.2,3105661.5,7,0.0,3,0,1
2,70,3106783.8,3107938.8,12,0.0,3,0,2
4,74,3119566.2,3119607.5,7,0.0,3,0,1
4,94,3145148.8,3145437.5,10,0.0,3,0,1
1,80,3146227.2,3146268.5,7,0.0,3,0,1
3,86,3177839.8,3177984.2,9,0.0,3,0,1
2,51,3183715.0,3184004.0,10,0.0,3,0,1
4,67,3183993.2,3184137.5,9,0.0,3,0,1
3,8,3194371.0,3194412.2,7,0.0,3,0,1
4,14,3201935.2,3201976.5,7,0.0,3,0,1
3,52,3211779.8,3212934.8,12,0.0,3,0,2
4,86,3211787.0,3211931.5,9,0.0,3,0,1
1,93,3212438.5,3212479.8,7,0.0,3,0,1
3,82,3215149.8,3215191.0,7,0.0,3,0,1
1,80,3226123.0,3226164.2,7,0.0,3,0,1
1,84,3244221.0,3244365.2,9,0.0,3,0,1
3,41,3251259.8,3251301.0,7,0.0,3,0,1
3,82,3258318.2,3258359.5,7,0.0,3,0,1
2,71,3269758.0,3269840.5,8,0.0,3,0,1
4,43,3273647.5,3273688.8,7,0.0,3,0,1
1,48,3285117.2,3285261.5,9,0.0,3,0,1
3,11,3292328.0,3292472.2,9,0.0,3,0,1
2,50,3292654.8,3292737.2,8,0.0,3,0,1
2,50,3306018.0,3306100.5,8,0.0,3,0,1
1,80,3307890.8,3307932.2,7,0.0,3,0,1
3,31,3320786.0,3320930.2,9,0.0,3,0,1
2,84,3325167.0,3325311.2,9,0.0,3,0,1
4,6,3325485.0,3325774.0,10,0.0,3,0,1
3,36,3335984.0,3336128.2,9,0.0,3,0,1
1,83,3343112.8,3343154.0,7,0.0,3,0,1
2,71,3354503.8,3355658.8,12,0.0,3,0,2
4,51,3354987.0,3355276.0,10,0.0,3,0,1
2,49,3358677.8,3358822.0,9,0.0,3,0,1
4,76,3359202.8,3360357.8,12,0.0,3,0,2
3,67,3359214.5,3359359.0,9,0.0,3,0,1
1,61,3366140.5,3366181.8,7,0.0,3,0,1
1,83,3376727.8,3376769.0,7,0.0,3,0,1
4,100,3402352.2,3402641.0,10,0.0,3,0,1
1,92,3414184.2,3414225.5,7,0.0,3,0,1
3,82,3416797.0,3416838.2,7,0.0,3,0,1
2,66,3431113.0,3431154.2,7,0.0,3,0,1
1,101,3441041.0,3441329.8,10,0.0,3,0,1
3,24,3442553.8,3442842.5,10,0.0,3,0,1
4,60,3443420.5,3443503.0,8,0.0,3,0,1
2,50,3446974.0,3447056.8,8,0.0,3,0,1
4,22,3457586.2,3457627.5,7,0.0,3,0,1
1,72,3481195.2,3481236.5,7,0.0,3,0,1
4,62,3482755.5,3482797.0,7,0.0,3,0,1
2,101,3486301.8,3486590.5,10,0.0,3,0,1
3,66,3508262.5,3508303.8,7,0.0,3,0,1
2,46,3525593.2,3525675.8,8,0.0,3,0,1
2,90,3536236.8,3536381.0,9,0.0,3,0,1
3,17,3542418.2,3542707.0,10,0.0,3,0,1
3,97,3563339.0,3564494.2,12,0.0,3,0,2
4,79,3566522.2,3566604.8,8,0.0,3,0,1
3,68,3573578.0,3573722.2,9,0.0,3,0,1
1,50,3581180.0,3581262.5,8,0.0,3,0,1
2,82,3582484.8,3582526.0,7,0.0,3,0,1
4,73,3583121.8,3584276.8,12,0.0,3,0,1
3,82,3589778.5,3589819.8,7,0.0,3,0,1
1,31,3593559.8,3593704.0,9,0.0,3,0,1
3,28,3597266.8,3597349.2,8,0.0,3,0,1
senderId,receiverID, sendTime, receivedTime,SF,SNR,Ftype,Freq,RX
2,53,291904.22,293059.25,12,0.0,3,0,1,b
2,53,292904.22,294059.25,12,0.0,3,0,2,b
4,31,296369.16,296513.56,9,0.0,3,0,1,c
4,31,297369.16,298524.22,12,0.0,3,0,2,c
1,94,1897674.8,1897963.6,10,0.0,3,0,1,b
1,94,1898674.8,1899829.9,12,0.0,3,0,2,b
1,80,2938880.2,2938921.8,7,0.0,3,0,1,b
1,80,2939880.2,2941035.5,12,0.0,3,0,2,b
