gatewayID,Received,Interfered,No Receivers, Under, GW busy, unset
1,2090,1132,0,0,0,0
2,2088,1134,0,0,0,0
EndDeviceID,X,Y,Z
3,-79.72909545898438,367.99200439453125,1
4,268.802001953125,463.39404296875,1
5,-127.97198486328125,321.2550048828125,1
6,-45.7615966796875,131.43402099609375,1
7,173.28997802734375,-332.01800537109375,1
8,60.3001708984375,498.0830078125,1
9,321.2640380859375,268.56103515625,1
10,-201.1820068359375,-363.00299072265625,1
11,-235.01400756835938,-196.4580078125,1
12,286.8170166015625,-4.6820068359375,1
13,-156.34500122070312,120.6309814453125,1
14,-137.27999877929688,440.281005859375,1
15,212.07501220703125,496.260986328125,1
16,-9.625579833984375,-488.531005859375,1
17,404.5989990234375,-172.35198974609375,1
18,-315.65399169921875,384.094970703125,1
19,-395.7170104980469,231.969970703125,1
20,89.87860107421875,-116.75299072265625,1
21,312.6390380859375,-402.27301025390625,1
22,-450.2510070800781,-283.6549987792969,1
23,-174.6619873046875,27.55511474609375,1
24,449.39300537109375,235.60699462890625,1
25,-325.343994140625,-195.61199951171875,1
26,-42.2926025390625,442.989013671875,1
27,-278.0270080566406,-399.260986328125,1
28,-157.14398193359375,-386.74700927734375,1
29,194.31298828125,-411.4549865722656,1
30,-336.364013671875,93.8162841796875,1
31,175.88800048828125,-332.9119873046875,1
32,-325.2669982910156,-296.0050048828125,1
33,236.57501220703125,-468.97601318359375,1
34,-41.807403564453125,-12.11248779296875,1
35,-162.19598388671875,275.1929931640625,1
36,184.1419677734375,-256.1679992675781,1
37,-271.39801025390625,53.211181640625,1
38,-290.2749938964844,457.1600341796875,1
39,35.8638916015625,199.7440185546875,1
40,-340.7349853515625,-53.872314453125,1
41,-136.22500610351562,-33.173583984375,1
42,482.2340087890625,-329.9729919433594,1
43,-47.51300048828125,137.822021484375,1
44,-140.91799926757812,334.3060302734375,1
45,286.843017578125,-32.389892578125,1
46,472.365966796875,-82.2672119140625,1
47,-170.906982421875,-249.4669952392578,1
48,-207.33999633789062,-160.9219970703125,1
49,497.99798583984375,-25.728607177734375,1
50,-460.0150146484375,-325.5400085449219,1
51,-90.00100708007812,-457.4219970703125,1
52,2.006500244140625,86.6868896484375,1
53,-450.12701416015625,-167.42401123046875,1
54,417.2459716796875,-318.218994140625,1
55,-203.35400390625,480.52899169921875,1
56,-250.45599365234375,125.80999755859375,1
57,-206.73599243164062,-221.6300048828125,1
58,140.5469970703125,-461.6189880371094,1
59,282.115966796875,171.07098388671875,1
60,-306.75299072265625,-171.00201416015625,1
61,181.2230224609375,234.5009765625,1
62,-59.3660888671875,-13.98980712890625,1
63,148.53997802734375,-195.072998046875,1
64,-275.0840148925781,102.3170166015625,1
65,-229.51898193359375,220.613037109375,1
66,-212.07000732421875,360.85595703125,1
67,-383.4219970703125,-231.25201416015625,1
68,-399.6619873046875,-245.49099731445312,1
69,-370.6499938964844,-130.31100463867188,1
70,356.093994140625,-7.533935546875,1
71,300.1500244140625,451.8890380859375,1
72,98.84637451171875,-143.33599853515625,1
73,-242.37200927734375,-102.47100830078125,1
74,57.6497802734375,-155.27999877929688,1
75,135.93499755859375,94.5711669921875,1
76,171.4849853515625,-295.4440002441406,1
77,-90.97198486328125,-149.52801513671875,1
78,262.62298583984375,29.6068115234375,1
79,305.48199462890625,203.85601806640625,1
80,79.4735107421875,243.781982421875,1
81,268.6650390625,121.1519775390625,1
82,-206.75100708007812,-351.7250061035156,1
83,-284.2030029296875,59.3585205078125,1
84,-272.7510070800781,-275.0379943847656,1
85,157.4530029296875,475.47198486328125,1
86,-19.01409912109375,173.00799560546875,1
87,-446.91900634765625,-454.69000244140625,1
88,-343.6700134277344,-294.06500244140625,1
89,-203.90802001953125,486.8690185546875,1
90,241.22802734375,-117.14199829101562,1
91,291.84100341796875,-117.58999633789062,1
92,-443.27099609375,-193.0830078125,1
93,249.82000732421875,-347.78399658203125,1
94,11.312713623046875,362.1719970703125,1
95,157.5059814453125,329.60198974609375,1
96,393.9730224609375,-60.5037841796875,1
97,-295.8680114746094,40.82781982421875,1
98,388.344970703125,-309.31500244140625,1
99,485.3699951171875,149.97198486328125,1
100,-151.4019775390625,296.66400146484375,1
101,335.28900146484375,-281.67401123046875,1
102,306.5589599609375,-58.24749755859375,1
103,199.2669677734375,154.24298095703125,1
104,-343.2919921875,-23.283905029296875,1
105,-217.90399169921875,-329.2650146484375,1
106,-254.86199951171875,250.01898193359375,1
107,133.3399658203125,81.98577880859375,1
108,-315.04901123046875,-15.2427978515625,1
109,68.56988525390625,-217.10498046875,1
110,-447.9309997558594,403.45703125,1
111,5.905487060546875,299.64898681640625,1
112,108.6500244140625,345.8270263671875,1
113,-19.825408935546875,256.27899169921875,1
114,-99.39950561523438,-243.48599243164062,1
115,-132.99600219726562,-230.69097900390625,1
116,-171.989013671875,-19.725799560546875,1
117,133.1099853515625,-295.5260009765625,1
118,463.85101318359375,-34.867889404296875,1
119,-302.6969909667969,-146.55099487304688,1
120,381.27197265625,327.2340087890625,1
121,124.35101318359375,-80.3345947265625,1
122,30.1400146484375,-116.04299926757812,1
123,183.9219970703125,-52.594207763671875,1
124,178.3399658203125,194.3599853515625,1
125,338.68701171875,-282.8789978027344,1
126,11.365509033203125,11.014892578125,1
127,484.344970703125,363.3690185546875,1
128,161.70599365234375,117.093017578125,1
129,-470.9049987792969,-447.64898681640625,1
130,-61.768402099609375,126.531005859375,1
131,-253.27200317382812,75.7232666015625,1
132,193.04498291015625,0.800750732421875,1
133,375.9439697265625,-217.61599731445312,1
134,-354.4750061035156,-240.30599975585938,1
135,193.26300048828125,476.322998046875,1
136,-172.697998046875,287.2449951171875,1
137,334.676025390625,-493.4169921875,1
138,-374.22900390625,-134.57098388671875,1
139,-495.9840087890625,117.11102294921875,1
140,127.1710205078125,-80.41510009765625,1
141,409.010986328125,277.635009765625,1
142,459.7230224609375,-349.8160095214844,1
143,-47.5869140625,449.489013671875,1
144,-494.2080078125,-328.989013671875,1
145,-165.4320068359375,343.7130126953125,1
146,384.0870361328125,-399.4639892578125,1
147,371.06396484375,-411.1830139160156,1
148,365.95703125,-247.8300018310547,1
149,-154.9840087890625,300.9320068359375,1
150,-323.87701416015625,114.02301025390625,1
151,-288.59600830078125,-261.2250061035156,1
152,476.490966796875,0.359893798828125,1
153,84.9749755859375,-107.791015625,1
154,-187.3280029296875,-494.9289855957031,1
155,-259.87298583984375,-292.3380126953125,1
156,123.35601806640625,-214.62899780273438,1
157,-75.79339599609375,-83.4259033203125,1
158,115.34100341796875,8.676849365234375,1
159,26.9320068359375,101.0040283203125,1
160,348.38800048828125,-311.1080017089844,1
161,-356.6029968261719,389.0069580078125,1
162,-456.5050048828125,337.8299560546875,1
163,487.52801513671875,-11.26611328125,1
164,257.77197265625,-138.156005859375,1
165,-97.90420532226562,181.8900146484375,1
166,175.53997802734375,-295.3559875488281,1
167,198.2149658203125,-101.17098999023438,1
168,-398.84698486328125,-130.6300048828125,1
169,-317.2909851074219,262.54296875,1
170,-410.27899169921875,438.6099853515625,1
171,-379.6499938964844,-375.1300048828125,1
172,-490.9309997558594,-426.78900146484375,1
173,6.795623779296875,60.271484375,1
174,-294.6099853515625,-322.1759948730469,1
175,21.4832763671875,-146.10699462890625,1
176,26.84619140625,303.59100341796875,1
177,139.14898681640625,149.636962890625,1
178,414.530029296875,356.696044921875,1
179,105.3289794921875,-220.6090087890625,1
180,27.56201171875,140.11700439453125,1
181,-499.1619873046875,401.10699462890625,1
182,407.20001220703125,-172.46697998046875,1
183,454.76800537109375,-190.260009765625,1
184,-168.72998046875,-136.18600463867188,1
185,466.5,-346.8110046386719,1
186,-373.875,-293.4110107421875,1
187,-318.6719970703125,-342.1109924316406,1
188,166.89398193359375,116.07501220703125,1
189,-324.114013671875,295.39801025390625,1
190,-373.364990234375,252.864013671875,1
191,9.945556640625,-11.49420166015625,1
192,402.4630126953125,-145.20700073242188,1
193,305.39599609375,453.91400146484375,1
194,366.4639892578125,-49.881988525390625,1
195,382.3060302734375,-429.614990234375,1
196,238.4859619140625,472.52197265625,1
197,188.166015625,-272.5669860839844,1
198,336.197021484375,-7.533966064453125,1
199,-358.4469909667969,-20.95098876953125,1
200,-493.9419860839844,-35.259796142578125,1
201,-409.2170104980469,-421.239990234375,1
202,-141.666015625,264.09100341796875,1
203,258.18701171875,28.5042724609375,1
204,421.156005859375,113.98797607421875,1
205,38.51123046875,-427.3290100097656,1
206,-334.43499755859375,439.54400634765625,1
207,-239.36700439453125,-244.89500427246094,1
208,61.03619384765625,-179.12600708007812,1
209,92.95758056640625,-126.0369873046875,1
210,-383.5589904785156,380.3790283203125,1
211,-167.46002197265625,-359.56298828125,1
212,-434.85699462890625,16.828369140625,1
213,6.432281494140625,234.1719970703125,1
214,-334.2590026855469,-13.621612548828125,1
215,-411.2239990234375,327.156982421875,1
216,-28.666595458984375,-196.4530029296875,1
217,384.6209716796875,159.8919677734375,1
218,168.009033203125,291.7049560546875,1
219,202.156005859375,-423.5369873046875,1
220,253.51898193359375,-52.806610107421875,1
221,465.8580322265625,-415.9700012207031,1
222,143.93499755859375,-352.8919982910156,1
223,416.20001220703125,148.75201416015625,1
224,245.0350341796875,67.894287109375,1
225,-298.8030090332031,97.480712890625,1
226,-281.6570129394531,-147.8170166015625,1
227,-466.1570129394531,-286.67498779296875,1
228,-259.260986328125,-1.255126953125,1
229,325.5780029296875,-499.2929992675781,1
230,378.83099365234375,-245.58900451660156,1
231,168.26898193359375,351.467041015625,1
232,-446.85400390625,338.780029296875,1
233,-271.4599914550781,-162.59500122070312,1
234,-391.1080017089844,212.219970703125,1
235,267.6669921875,-116.90301513671875,1
236,354.3699951171875,175.09698486328125,1
237,-50.594207763671875,-10.308685302734375,1
238,304.68603515625,7.383026123046875,1
239,-70.64190673828125,-369.7080078125,1
240,36.6815185546875,-361.0690002441406,1
241,445.718017578125,-264.9649963378906,1
242,351.875,-83.50350952148438,1
243,-321.3450012207031,-499.44500732421875,1
244,-398.45599365234375,-114.91500854492188,1
245,-415.718994140625,-381.93798828125,1
246,-354.6709899902344,-231.95501708984375,1
247,-355.82501220703125,144.09197998046875,1
248,-129.0679931640625,129.9539794921875,1
249,283.197998046875,117.53997802734375,1
250,375.4200439453125,373.6290283203125,1
251,-405.85101318359375,-59.71649169921875,1
252,243.864013671875,-334.08099365234375,1
253,90.010498046875,-443.69500732421875,1
254,-174.53399658203125,-72.74920654296875,1
255,166.2769775390625,254.3699951171875,1
256,-238.60198974609375,-70.6024169921875,1
257,275.3189697265625,-462.9110107421875,1
258,-305.28900146484375,-434.5199890136719,1
259,-357.8580017089844,113.75,1
260,-353.4750061035156,7.628082275390625,1
261,-318.072998046875,-468.3030090332031,1
262,-119.39999389648438,60.47479248046875,1
263,276.1650390625,-100.083984375,1
264,162.594970703125,138.7020263671875,1
265,188.78399658203125,1.194061279296875,1
266,55.65338134765625,-312.67498779296875,1
267,-417.22900390625,-297.5790100097656,1
268,-191.44097900390625,-32.621795654296875,1
269,283.3370361328125,284.34698486328125,1
270,105.80999755859375,-491.3999938964844,1
271,337.1839599609375,-54.788604736328125,1
272,349.9000244140625,-428.3110046386719,1
273,120.6829833984375,110.91900634765625,1
274,212.50201416015625,-129.27001953125,1
275,434.0849609375,-7.0328369140625,1
276,80.101318359375,-369.760986328125,1
277,56.39678955078125,60.66070556640625,1
278,148.1939697265625,-492.5830078125,1
279,-361.4800109863281,-395.3349914550781,1
280,-403.53399658203125,-307.7409973144531,1
281,224.00799560546875,-150.95199584960938,1
282,26.60711669921875,85.61199951171875,1
283,-448.8389892578125,316.9410400390625,1
284,-487.2149963378906,87.69329833984375,1
285,-225.70700073242188,179.3599853515625,1
286,-326.4800109863281,-331.1130065917969,1
287,424.35198974609375,213.81201171875,1
288,-357.82598876953125,-232.9010009765625,1
289,19.2379150390625,268.38299560546875,1
290,-410.2650146484375,295.5780029296875,1
291,-382.9119873046875,159.61199951171875,1
292,63.8687744140625,-429.8399963378906,1
293,-128.00399780273438,145.301025390625,1
294,-405.1610107421875,-251.3000030517578,1
295,73.09637451171875,-419.19000244140625,1
296,338.82598876953125,57.63397216796875,1
297,-375.2170104980469,103.52099609375,1
298,312.6319580078125,-206.91000366210938,1
299,-357.9209899902344,-384.89599609375,1
300,445.2900390625,-30.3004150390625,1
301,366.592041015625,67.13812255859375,1
302,28.5255126953125,-201.49298095703125,1
303,-392.343994140625,-278.8580017089844,1
304,330.40301513671875,-245.6840057373047,1
305,153.719970703125,27.2296142578125,1
306,-229.23699951171875,-40.17041015625,1
307,84.14068603515625,444.9210205078125,1
308,135.031005859375,269.4329833984375,1
309,-269.1099853515625,-390.6610107421875,1
310,-310.26300048828125,-359.7460021972656,1
311,477.7139892578125,-431.3739929199219,1
312,239.70098876953125,-141.54901123046875,1
313,165.1629638671875,374.64599609375,1
314,-75.59548950195312,-388.468994140625,1
315,-3.252685546875,-1.86572265625,1
316,-329.7489929199219,54.54931640625,1
317,-488.30999755859375,-302.17401123046875,1
318,-290.0,-485.3580017089844,1
319,467.511962890625,-117.260009765625,1
320,35.5421142578125,416.0269775390625,1
321,168.06201171875,135.2509765625,1
322,290.583984375,-470.6090087890625,1
323,225.74798583984375,-494.3479919433594,1
324,-98.28118896484375,17.31951904296875,1
325,-46.619110107421875,140.59100341796875,1
326,476.65301513671875,242.3389892578125,1
327,-349.5780029296875,369.073974609375,1
328,224.70501708984375,-30.44879150390625,1
329,-381.8800048828125,123.02099609375,1
330,-217.031982421875,251.5880126953125,1
331,482.70703125,432.52301025390625,1
332,210.469970703125,325.93603515625,1
333,-358.4490051269531,-19.018402099609375,1
334,-96.1134033203125,116.11700439453125,1
335,-365.6199951171875,-490.8689880371094,1
336,-214.70098876953125,386.488037109375,1
337,441.802978515625,130.10302734375,1
338,359.15399169921875,-49.469207763671875,1
339,163.9329833984375,272.531005859375,1
340,-76.88510131835938,-69.56219482421875,1
341,73.56591796875,-274.43701171875,1
342,-43.943695068359375,24.72119140625,1
343,282.7659912109375,-355.2430114746094,1
344,-267.7439880371094,-378.5979919433594,1
345,309.54998779296875,-64.8140869140625,1
346,305.2860107421875,-492.8169860839844,1
347,372.92401123046875,-226.7230224609375,1
348,372.58203125,312.5469970703125,1
349,301.24798583984375,-251.53799438476562,1
350,-271.8280029296875,496.02001953125,1
351,-275.4679870605469,209.1390380859375,1
352,-17.6962890625,28.260009765625,1
353,-377.27801513671875,-323.04400634765625,1
354,43.67071533203125,321.384033203125,1
355,-339.02099609375,-442.7590026855469,1
356,3.07281494140625,144.95501708984375,1
357,136.60498046875,223.531982421875,1
358,89.1995849609375,35.38201904296875,1
359,-275.4960021972656,-51.87469482421875,1
360,-356.46600341796875,229.11798095703125,1
361,-147.99099731445312,-211.51199340820312,1
362,471.65899658203125,-3.66729736328125,1
363,235.24798583984375,-58.432708740234375,1
364,263.1719970703125,-419.1440124511719,1
365,-231.09100341796875,155.6610107421875,1
366,237.16998291015625,381.4849853515625,1
367,-78.52838134765625,13.91290283203125,1
368,471.4620361328125,-416.5270080566406,1
369,295.7669677734375,-211.635986328125,1
370,252.85302734375,394.0570068359375,1
371,176.4520263671875,478.10400390625,1
372,358.4739990234375,409.39404296875,1
373,-11.198089599609375,212.1719970703125,1
374,-422.3869934082031,296.6409912109375,1
375,-103.45501708984375,434.50299072265625,1
376,60.4356689453125,191.875,1
377,-113.0,430.04296875,1
378,-459.6210021972656,383.47900390625,1
379,51.65478515625,73.6749267578125,1
380,48.10699462890625,-206.68798828125,1
381,327.52301025390625,108.9439697265625,1
382,287.4539794921875,-468.40399169921875,1
383,281.24200439453125,-167.99099731445312,1
384,-317.46099853515625,-219.08599853515625,1
385,-297.4219970703125,26.2064208984375,1
386,442.072021484375,-82.33050537109375,1
387,211.59100341796875,454.0250244140625,1
388,-272.0,300.9859619140625,1
389,35.1962890625,228.593994140625,1
390,128.1209716796875,213.45703125,1
391,92.30657958984375,-12.212890625,1
392,-345.3559875488281,251.21099853515625,1
393,-268.8269958496094,332.157958984375,1
394,278.5849609375,220.05902099609375,1
395,153.82098388671875,-78.77398681640625,1
396,394.698974609375,-191.85498046875,1
397,448.34698486328125,-420.2799987792969,1
398,-212.18701171875,68.356201171875,1
399,-213.031982421875,-382.7699890136719,1
400,332.364013671875,137.5479736328125,1
401,-339.9320068359375,-147.60601806640625,1
402,-180.42999267578125,-74.37680053710938,1
senderId,receiverID, sendTime, receivedTime,SF,SNR,Ftype,Freq,received,code
105,2,774.42914,1761.5652,11,-11.7144,4,8685,1,0
18,1,1547.9044,3358.3364,12,-20.0467,4,8685,1,0
123,2,2156.047,2227.983,7,-9.00358,4,8685,1,0
278,2,3405.7712,5216.203,12,0.0,4,8685,0,1
11,2,3882.7795,4129.564,9,15.1842,4,8685,0,1
346,1,4381.1597,6191.592,12,0.0,4,8685,1,0
293,2,4484.544,4618.176,8,0.0,4,8685,0,1
130,1,6486.87,6733.6543,9,-3.26169,4,8685,1,0
6,2,6664.134,6910.9185,9,-4.05868,4,8685,1,0
13,2,8206.19,8339.822,8,0.744416,4,8685,1,0
190,2,9710.14,9956.924,9,-10.7766,4,8685,1,0
323,1,10278.072,12088.505,12,-15.8867,4,8685,1,0
125,1,10407.513,10654.297,9,-13.2849,4,8685,1,0
299,2,10505.907,10958.516,10,4.18643,4,8685,1,0
344,2,13932.949,15743.382,12,-8.34434,4,8685,1,0
273,1,14655.294,14727.2295,7,-7.24475,4,8685,1,0
267,2,17278.123,17730.732,10,3.383,4,8685,1,0
385,1,18420.744,18492.68,7,4.21491,4,8685,1,0
385,2,18420.744,18492.68,7,4.21491,4,8685,1,0
401,2,18820.418,18892.354,7,0.0,4,8685,1,0
214,2,18938.504,19010.44,7,5.6434,4,8685,1,0
134,1,19305.482,19552.268,9,-11.4342,4,8685,1,0
134,2,19305.482,19552.268,9,-11.4342,4,8685,1,0
223,1,19927.127,20173.912,9,-6.50391,4,8685,1,0
24,1,20711.475,20958.26,9,0.0,4,8685,0,1
24,2,20711.475,20958.26,9,0.0,4,8685,1,0
69,2,22401.965,22535.598,8,16.0614,4,8685,1,0
260,2,23311.697,23383.633,7,9.20619,4,8685,1,0
306,2,23720.916,23792.852,7,0.368302,4,8685,1,0
43,1,24757.422,24891.055,8,-9.27655,4,8685,1,0
43,2,24757.422,24891.055,8,-9.27655,4,8685,0,1
204,1,27368.367,27615.15,9,-9.57565,4,8685,1,0
80,1,30543.838,31530.975,11,-10.8056,4,8685,1,0
87,2,33382.113,35192.547,12,-13.374,4,8685,1,0
101,1,35254.59,35707.195,10,-5.78152,4,8685,1,0
376,1,36237.71,37224.848,11,-3.80557,4,8685,1,0
109,1,37365.863,37818.47,10,1.51602,4,8685,1,0
15,2,37528.81,39339.242,12,0.0,4,8685,0,1
139,2,37876.297,38328.902,10,0.0,4,8685,0,1
108,2,38972.234,39044.17,7,4.63345,4,8685,1,0
165,2,40073.805,40320.586,9,22.3048,4,8685,0,1
233,1,43485.43,43557.367,7,-4.96605,4,8685,1,0
233,2,43485.43,43557.367,7,-4.96605,4,8685,1,0
143,1,43928.16,45738.594,12,0.0,4,8685,0,1
263,1,44074.227,44146.164,7,-5.3064,4,8685,1,0
263,2,44074.227,44146.164,7,-5.3064,4,8685,1,0
334,2,47160.945,47294.58,8,9.43721,4,8685,1,0
359,2,47610.207,47682.145,7,-0.635726,4,8685,1,0
234,2,47770.39,48017.17,9,-9.70692,4,8685,1,0
314,1,48669.12,50479.555,12,-7.16792,4,8685,1,0
314,2,48669.12,50479.555,12,-7.16792,4,8685,0,1
175,2,49249.387,49701.992,10,0.0,4,8685,0,1
393,1,51686.45,52673.586,11,-18.988,4,8685,1,0
103,1,53180.33,53313.96,8,-3.55846,4,8685,1,0
62,1,53219.938,53291.875,7,-3.67349,4,8685,1,0
62,2,53219.938,53291.875,7,-3.67349,4,8685,1,0
272,1,53463.668,55274.1,12,0.956925,4,8685,0,1
342,1,55929.863,56176.65,9,-1.31229,4,8685,1,0
342,2,55929.863,56176.65,9,-1.31229,4,8685,1,0
10,1,56087.844,57898.277,12,-0.574416,4,8685,1,0
10,2,56087.844,57898.277,12,-0.574416,4,8685,0,1
12,1,56173.01,56244.95,7,10.8241,4,8685,1,0
12,2,56173.01,56244.95,7,10.8241,4,8685,1,0
245,1,56785.61,57772.746,11,0.0,4,8685,1,0
221,1,58204.867,60015.3,12,0.0,4,8685,1,0
221,2,58204.867,60015.3,12,0.0,4,8685,1,0
176,1,58341.258,58793.863,10,0.0,4,8685,1,0
329,2,58434.457,58887.062,10,-2.06666,4,8685,1,0
294,2,59259.74,60246.875,11,-3.76553,4,8685,1,0
264,1,60219.668,60353.3,8,-1.82541,4,8685,1,0
224,1,61074.754,61146.69,7,5.02113,4,8685,1,0
188,2,62892.254,62964.19,7,2.33121,4,8685,1,0
239,2,63217.527,65027.953,12,0.0,4,8685,0,1
130,2,63396.242,63643.027,9,-2.89053,4,8681,1,0
179,1,65001.67,65248.453,9,2.67113,4,8685,1,0
341,1,70047.99,70500.59,10,5.79034,4,8685,1,0
341,2,70047.99,70500.59,10,5.79034,4,8685,1,0
3,1,71234.375,73044.805,12,-11.936,4,8685,1,0
3,2,71234.375,73044.805,12,-11.936,4,8685,0,1
9,1,72914.84,73161.625,9,0.0,4,8685,1,0
243,2,73327.71,75138.15,12,0.0,4,8685,0,1
75,1,74435.375,74569.0,8,-10.611,4,8685,1,0
75,2,74435.375,74569.0,8,-10.611,4,8685,1,0
381,1,74757.266,74829.2,7,2.83379,4,8685,1,0
138,2,74765.164,74898.8,8,0.0,4,8685,1,0
241,1,74800.95,75788.09,11,-15.2887,4,8685,1,0
190,2,77954.99,78201.77,9,-5.35466,4,8681,1,0
168,2,81473.586,81607.22,8,-6.67708,4,8685,1,0
139,1,83137.1,83589.7,10,-0.970809,4,8681,1,0
139,2,83137.1,83589.7,10,-0.970809,4,8681,1,0
398,2,84992.5,85064.44,7,10.0437,4,8685,1,0
156,2,85794.87,85928.5,8,-11.1265,4,8685,0,1
164,1,86382.93,86454.87,7,0.0,4,8685,1,0
56,1,86454.445,86588.07,8,7.38474,4,8685,1,0
56,2,86454.445,86588.07,8,7.38474,4,8685,0,1
205,1,86728.54,88538.97,12,0.0,4,8685,0,1
309,2,90757.016,92567.45,12,-8.7867,4,8685,1,0
150,1,90959.125,91205.9,9,-10.8084,4,8681,1,0
150,2,90959.125,91205.9,9,-10.8084,4,8681,1,0
203,1,92320.13,92392.07,7,4.90535,4,8685,1,0
345,1,92522.83,92594.766,7,2.03764,4,8685,1,0
180,1,93462.445,93709.23,9,-9.26839,4,8685,1,0
331,1,93632.76,95443.195,12,-12.5292,4,8685,0,1
191,1,94540.17,94786.945,9,0.305619,4,8685,0,1
386,2,94578.07,94824.85,9,-10.9217,4,8681,1,0
288,2,95563.86,96016.46,10,-16.0419,4,8685,1,0
232,1,96033.35,96485.95,10,-16.2517,4,8685,1,0
232,2,96033.35,96485.95,10,-16.2517,4,8685,1,0
52,2,99853.71,100100.49,9,-7.02318,4,8685,1,0
41,2,100357.69,100429.625,7,11.2056,4,8685,1,0
13,2,101841.86,101975.484,8,-4.22497,4,8681,1,0
63,1,101944.92,102078.555,8,-10.9213,4,8685,1,0
63,2,101944.92,102078.555,8,-10.9213,4,8685,1,0
259,2,102488.89,102622.52,8,0.523255,4,8685,1,0
197,1,103222.54,103469.32,9,-1.61928,4,8685,1,0
197,2,103222.54,103469.32,9,-1.61928,4,8685,1,0
357,1,104358.25,104605.03,9,3.34205,4,8685,1,0
357,2,104358.25,104605.03,9,3.34205,4,8685,1,0
210,1,104614.72,105601.85,11,-18.4419,4,8685,1,0
168,2,105080.54,105214.164,8,9.14941,4,8681,1,0
162,1,106619.7,107072.31,10,-11.8893,4,8685,1,0
162,2,106619.7,107072.31,10,-11.8893,4,8685,1,0
301,2,108629.08,108701.016,7,1.79524,4,8685,1,0
307,1,110784.12,112594.555,12,-12.0125,4,8685,1,0
295,2,112779.14,114589.58,12,-7.66733,4,8685,1,0
242,1,113529.76,113601.695,7,-6.46632,4,8685,1,0
201,1,114063.21,115873.64,12,-1.60506,4,8685,0,1
363,1,114524.305,114596.24,7,5.29889,4,8685,1,0
60,2,114771.195,114904.82,8,5.10614,4,8685,1,0
261,1,118994.0,120804.44,12,-18.8371,4,8685,1,0
261,2,118994.0,120804.44,12,-18.8371,4,8685,1,0
286,2,120874.78,121327.38,10,2.99034,4,8685,1,0
31,2,121268.586,121402.21,8,-8.25815,4,8685,1,0
362,1,123456.41,123703.19,9,-8.51524,4,8685,1,0
110,1,123677.086,125487.516,12,0.0,4,8685,1,0
62,2,124898.18,124970.12,7,-2.76172,4,8681,1,0
265,1,124923.805,124995.74,7,4.28281,4,8685,1,0
265,2,124923.805,124995.74,7,4.28281,4,8685,1,0
41,2,125620.43,125692.37,7,16.494,4,8681,1,0
387,2,126300.65,128111.086,12,4.361,4,8685,1,0
372,1,127239.125,129049.56,12,0.0,4,8685,0,1
112,1,127848.63,128301.24,10,0.0,4,8685,0,1
358,1,129511.7,129645.34,8,-6.12681,4,8685,1,0
318,2,131266.36,132253.5,11,-11.1822,4,8685,1,0
111,2,131342.47,133152.89,12,-21.4863,4,8685,1,0
224,1,131564.58,131636.5,7,20.4245,4,8681,1,0
224,2,131564.58,131636.5,7,20.4245,4,8681,1,0
53,2,132061.22,132194.86,8,-6.30588,4,8685,1,0
105,2,132420.02,133407.16,11,-6.46612,4,8681,0,1
276,1,134562.31,136372.73,12,-15.1644,4,8685,1,0
74,2,136654.77,136901.55,9,-5.55662,4,8685,1,0
28,2,136949.61,137402.22,10,-7.0522,4,8685,1,0
217,1,137321.31,137454.95,8,11.0995,4,8685,1,0
366,2,137773.1,138760.22,11,-6.79646,4,8685,1,0
141,1,137865.98,138112.77,9,-5.71272,4,8685,1,0
267,2,137877.78,138330.39,10,-3.66434,4,8681,1,0
386,1,138203.52,138450.3,9,-8.46155,4,8681,1,0
220,1,138642.34,138714.28,7,4.65505,4,8685,1,0
118,1,139597.08,139843.86,9,0.0,4,8685,1,0
316,2,141239.88,141311.8,7,-3.10419,4,8685,1,0
303,2,141737.64,142190.25,10,-13.8816,4,8685,1,0
220,1,145835.95,145907.88,7,21.4021,4,8681,1,0
362,2,148134.81,148381.6,9,-4.55501,4,8681,1,0
60,1,148156.73,148290.38,8,-6.80649,4,8681,1,0
60,2,148156.73,148290.38,8,-6.80649,4,8681,1,0
388,1,148429.08,149416.22,11,2.63295,4,8685,1,0
160,2,149110.78,149563.39,10,-1.78253,4,8685,0,1
122,1,149191.72,149644.31,10,0.0679635,4,8685,1,0
154,1,149445.17,151255.6,12,-20.1149,4,8685,1,0
154,2,149445.17,151255.6,12,-20.1149,4,8685,0,1
56,1,151401.53,151535.17,8,0.0,4,8681,1,0
56,2,151401.53,151535.17,8,0.0,4,8681,0,1
400,1,151532.45,151604.39,7,0.0,4,8681,1,0
312,1,151754.28,151887.92,8,0.0,4,8685,1,0
312,2,151754.28,151887.92,8,0.0,4,8685,1,0
199,2,153173.78,153245.72,7,5.15015,4,8685,1,0
78,1,153715.34,153787.28,7,15.6612,4,8685,0,1
128,1,153856.11,153989.75,8,-3.79597,4,8685,0,1
181,1,154263.27,156073.69,12,-9.97696,4,8685,0,1
181,2,154263.27,156073.69,12,-9.97696,4,8685,1,0
51,2,155587.61,157398.05,12,-12.6503,4,8685,1,0
390,1,156137.58,156384.36,9,-0.219268,4,8685,1,0
390,2,156137.58,156384.36,9,-0.219268,4,8685,1,0
324,1,157451.92,157585.56,8,-9.45267,4,8685,0,1
324,2,157451.92,157585.56,8,-9.45267,4,8685,1,0
174,2,158397.83,160208.25,12,-11.8627,4,8685,0,1
166,1,158537.9,159525.05,11,-13.0823,4,8685,1,0
120,1,158583.69,160394.12,12,-14.2411,4,8685,1,0
133,1,160059.69,160512.3,10,13.1831,4,8685,1,0
206,2,162492.08,163479.22,11,0.0,4,8685,1,0
39,1,162860.95,163313.55,10,-11.8822,4,8685,1,0
39,2,162860.95,163313.55,10,-11.8822,4,8685,1,0
369,1,164853.22,165305.83,10,-10.9297,4,8685,1,0
31,2,166743.78,166877.4,8,15.0441,4,8681,1,0
116,2,166979.28,167051.2,7,8.55103,4,8685,1,0
247,2,167112.06,167245.7,8,-1.2969,4,8685,1,0
59,1,167464.84,167711.62,9,-6.57085,4,8685,1,0
304,1,170175.66,170628.27,10,-3.18155,4,8685,1,0
304,2,170175.66,170628.27,10,-3.18155,4,8685,1,0
93,1,170735.34,171722.48,11,-8.03129,4,8685,1,0
93,2,170735.34,171722.48,11,-8.03129,4,8685,1,0
350,1,170867.73,172678.16,12,-14.7909,4,8685,1,0
350,2,170867.73,172678.16,12,-14.7909,4,8685,1,0
401,2,171236.1,171308.03,7,-5.53006,4,8681,1,0
333,2,172237.69,172309.61,7,2.9221,4,8685,1,0
177,1,173088.22,173221.84,8,-5.22101,4,8685,1,0
177,2,173088.22,173221.84,8,-5.22101,4,8685,1,0
322,1,174049.45,175859.88,12,-10.8874,4,8685,1,0
182,1,174330.0,174576.78,9,-12.7401,4,8685,1,0
182,2,174330.0,174576.78,9,-12.7401,4,8685,1,0
264,1,175498.83,175632.47,8,8.98796,4,8681,1,0
264,2,175498.83,175632.47,8,8.98796,4,8681,1,0
361,1,176430.48,176883.1,10,-15.7316,4,8685,1,0
230,2,176540.78,176993.39,10,-0.267898,4,8685,1,0
226,2,177073.2,177145.12,7,-9.00586,4,8685,1,0
395,1,177265.62,177399.27,8,2.41712,4,8681,1,0
296,1,177426.73,177498.66,7,-5.92253,4,8685,1,0
200,1,178339.38,178586.16,9,0.0,4,8685,0,1
124,1,178706.5,178953.28,9,0.0,4,8685,1,0
297,2,179098.69,179232.33,8,5.97673,4,8685,1,0
367,1,179682.1,179815.73,8,-8.57786,4,8685,0,1
367,2,179682.1,179815.73,8,-8.57786,4,8685,1,0
270,1,181381.5,183191.92,12,-8.84683,4,8685,1,0
270,2,181381.5,183191.92,12,-8.84683,4,8685,1,0
373,2,181824.5,182277.1,10,-7.84611,4,8685,1,0
293,2,182429.34,182562.97,8,4.77644,4,8681,1,0
267,2,183138.56,183591.17,10,-14.6649,4,8681,1,0
211,1,185124.28,186934.7,12,-21.7316,4,8685,1,0
211,2,185124.28,186934.7,12,-21.7316,4,8685,1,0
391,1,189007.92,189079.84,7,5.23148,4,8685,1,0
391,2,189007.92,189079.84,7,5.23148,4,8685,1,0
247,1,189484.16,189617.8,8,-6.28412,4,8681,1,0
247,2,189484.16,189617.8,8,-6.28412,4,8681,1,0
188,2,190309.58,190381.52,7,3.34709,4,8681,1,0
401,2,190311.03,190382.97,7,-3.06555,4,8685,1,0
323,1,191321.28,193131.7,12,0.0,4,8681,0,1
121,1,191356.55,191428.48,7,0.0,4,8685,1,0
382,1,192288.56,193275.7,11,-0.44789,4,8685,0,1
55,2,192970.88,193958.0,11,-17.7093,4,8685,0,1
160,1,194371.58,194824.19,10,3.14086,4,8681,1,0
132,1,194724.38,194796.31,7,9.47602,4,8685,1,0
26,2,195281.75,197092.17,12,-11.644,4,8685,1,0
25,2,195900.86,196147.64,9,-13.8559,4,8681,1,0
36,1,196815.27,197802.4,11,4.49615,4,8685,1,0
355,2,196849.75,198660.17,12,0.0,4,8685,1,0
47,2,196905.23,197892.36,11,0.0,4,8685,1,0
77,2,197658.8,198111.4,10,-10.4391,4,8685,1,0
250,1,197781.81,199592.23,12,-18.1705,4,8685,1,0
92,1,201712.4,202165.02,10,-10.7272,4,8685,1,0
92,2,201712.4,202165.02,10,-10.7272,4,8685,1,0
285,1,201951.67,202198.45,9,-6.84302,4,8685,1,0
285,2,201951.67,202198.45,9,-6.84302,4,8685,1,0
212,2,202192.67,202264.61,7,7.97989,4,8685,1,0
370,1,202599.52,204409.94,12,0.0,4,8685,0,1
30,2,206047.53,206119.47,7,-6.84656,4,8685,1,0
275,1,206322.08,206568.86,9,-13.2416,4,8685,1,0
275,2,206322.08,206568.86,9,-13.2416,4,8685,1,0
268,1,209139.77,209211.7,7,5.45376,4,8685,1,0
268,2,209139.77,209211.7,7,5.45376,4,8685,1,0
310,2,209440.92,210428.06,11,2.26178,4,8685,0,1
315,1,209734.31,209981.1,9,0.921403,4,8685,1,0
315,2,209734.31,209981.1,9,0.921403,4,8685,1,0
290,1,211140.2,211592.8,10,-10.1556,4,8685,1,0
290,2,211140.2,211592.8,10,-10.1556,4,8685,1,0
21,1,211344.06,213154.48,12,-11.1973,4,8685,0,1
196,1,211826.3,212278.9,10,-14.3653,4,8685,1,0
196,2,211826.3,212278.9,10,-14.3653,4,8685,1,0
379,1,211923.69,212057.33,8,4.35371,4,8685,1,0
396,1,213520.4,214507.53,11,-15.0697,4,8685,1,0
7,1,213535.45,214522.58,11,-4.20682,4,8681,1,0
7,2,213535.45,214522.58,11,-4.20682,4,8681,1,0
299,1,217409.5,217862.11,10,0.0,4,8681,0,1
299,2,217409.5,217862.11,10,0.0,4,8681,0,1
359,1,218072.75,218144.69,7,8.8999,4,8681,1,0
359,2,218072.75,218144.69,7,8.8999,4,8681,1,0
144,2,218209.77,220020.19,12,-8.55943,4,8681,0,1
317,2,220007.14,220994.28,11,-4.06966,4,8685,1,0
248,2,220217.36,220351.0,8,23.3478,4,8685,1,0
274,1,220939.88,221011.81,7,16.2616,4,8685,1,0
360,2,222052.3,222299.08,9,-13.5224,4,8685,1,0
117,1,223589.52,224042.11,10,-3.80635,4,8681,1,0
326,1,223688.02,224140.62,10,-7.76355,4,8685,1,0
326,2,223688.02,224140.62,10,-7.76355,4,8685,1,0
17,1,223759.9,224006.69,9,-8.68223,4,8685,1,0
48,2,224111.31,224244.95,8,-1.85133,4,8685,1,0
218,1,224148.11,224600.72,10,-12.3336,4,8685,1,0
363,1,224532.8,224604.72,7,2.62843,4,8681,1,0
159,2,225077.89,225324.67,9,1.23306,4,8685,0,1
277,1,225264.17,225397.81,8,-6.88341,4,8685,1,0
190,2,226178.84,226425.62,9,-10.3761,4,8685,1,0
5,1,226324.38,228134.8,12,-12.5215,4,8685,0,1
225,1,227020.17,227092.11,7,-6.50954,4,8685,1,0
225,2,227020.17,227092.11,7,-6.50954,4,8685,1,0
99,1,228881.25,229333.86,10,0.0,4,8685,1,0
6,1,229903.9,230150.69,9,0.0,4,8681,1,0
294,2,230979.6,231966.73,11,-12.9145,4,8681,1,0
390,1,231087.45,231334.23,9,-0.662444,4,8681,1,0
390,2,231087.45,231334.23,9,-0.662444,4,8681,1,0
33,1,231215.39,232202.53,11,-1.84289,4,8681,1,0
141,1,232005.84,232252.62,9,-10.5765,4,8681,1,0
91,1,232930.14,233002.08,7,-5.6281,4,8685,1,0
257,1,233207.11,235017.53,12,-11.0746,4,8685,0,1
257,2,233207.11,235017.53,12,-11.0746,4,8685,0,1
84,2,233581.0,234033.6,10,-6.47986,4,8685,0,1
272,2,234506.86,236317.3,12,-11.7181,4,8681,0,1
401,1,234940.22,235012.14,7,0.346177,4,8685,1,0
401,2,234940.22,235012.14,7,0.346177,4,8685,1,0
362,1,235410.14,235656.92,9,-2.75398,4,8685,1,0
222,1,235484.7,237295.12,12,-16.3524,4,8685,1,0
222,2,235484.7,237295.12,12,-16.3524,4,8685,0,1
13,2,236553.5,236687.14,8,7.02632,4,8681,1,0
378,2,236610.19,237597.33,11,2.4399,4,8685,1,0
10,2,237131.05,238941.47,12,-13.9758,4,8681,1,0
319,1,237970.42,238423.03,10,-14.5796,4,8685,0,1
319,2,237970.42,238423.03,10,-14.5796,4,8685,1,0
221,2,239248.06,241058.48,12,0.0,4,8681,1,0
380,2,239497.1,239949.7,10,-16.7709,4,8685,1,0
242,1,239566.14,239638.08,7,18.6778,4,8681,1,0
90,1,240059.98,240131.9,7,0.986482,4,8685,1,0
90,2,240059.98,240131.9,7,0.986482,4,8685,1,0
185,2,241582.84,243393.27,12,0.0,4,8685,1,0
383,1,241976.77,242110.39,8,-5.18848,4,8685,1,0
383,2,241976.77,242110.39,8,-5.18848,4,8685,1,0
237,1,242070.06,242316.84,9,-0.273849,4,8685,1,0
237,2,242070.06,242316.84,9,-0.273849,4,8685,1,0
63,1,242161.88,242295.52,8,0.0,4,8681,1,0
63,2,242161.88,242295.52,8,0.0,4,8681,1,0
155,2,242181.86,243168.98,11,0.0,4,8685,1,0
304,1,242445.98,242898.6,10,0.0,4,8681,1,0
227,1,244250.28,245237.4,11,-13.7207,4,8685,1,0
227,2,244250.28,245237.4,11,-13.7207,4,8685,0,1
102,1,244738.39,244810.31,7,0.200623,4,8685,1,0
356,1,244750.94,244997.72,9,-11.1113,4,8685,1,0
256,1,246678.11,246750.05,7,8.61245,4,8685,1,0
256,2,246678.11,246750.05,7,8.61245,4,8685,1,0
340,2,249244.86,249491.64,9,7.22781,4,8685,1,0
114,2,250562.48,251549.62,11,-9.58308,4,8685,1,0
66,1,250838.66,252649.08,12,-19.9317,4,8685,1,0
66,2,250838.66,252649.08,12,-19.9317,4,8685,1,0
48,1,251829.05,251962.67,8,-2.78128,4,8681,1,0
233,1,252220.19,252292.11,7,-6.81415,4,8681,1,0
233,2,252220.19,252292.11,7,-6.81415,4,8681,1,0
39,1,252574.2,253026.81,10,0.0,4,8681,1,0
192,2,253151.86,253398.64,9,-12.5829,4,8685,0,1
140,1,253196.22,253268.14,7,9.81956,4,8681,1,0
243,2,254370.9,256181.33,12,0.0,4,8681,1,0
80,1,255032.34,256019.47,11,0.0,4,8681,1,0
131,1,256623.78,256695.7,7,-1.57349,4,8685,1,0
131,2,256623.78,256695.7,7,-1.57349,4,8685,1,0
166,2,257251.5,258238.61,11,-19.1259,4,8681,0,1
186,2,257731.69,258184.3,10,0.172974,4,8685,0,1
38,1,257833.38,259643.8,12,-20.5327,4,8685,0,1
38,2,257833.38,259643.8,12,-20.5327,4,8685,1,0
216,1,258269.05,258721.66,10,-3.71439,4,8685,0,1
216,2,258269.05,258721.66,10,-3.71439,4,8685,1,0
76,1,261866.55,262113.34,9,10.7944,4,8685,1,0
76,2,261866.55,262113.34,9,10.7944,4,8685,0,1
206,2,262016.48,263003.6,11,-15.7791,4,8681,1,0
183,1,262694.25,263146.84,10,0.0,4,8685,1,0
399,2,262804.75,263257.34,10,-13.1383,4,8685,1,0
287,2,264190.8,264643.44,10,-16.1557,4,8685,1,0
49,1,264195.94,265183.03,11,-3.14709,4,8685,1,0
49,2,264195.94,265183.03,11,-3.14709,4,8685,1,0
167,1,264398.0,264469.94,7,-3.21954,4,8681,1,0
83,2,267463.03,267534.97,7,0.0,4,8685,1,0
205,1,267771.72,269582.16,12,-8.4938,4,8681,1,0
205,2,267771.72,269582.16,12,-8.4938,4,8681,0,1
4,1,269690.66,271501.06,12,-13.4453,4,8685,1,0
354,1,269908.2,270895.28,11,-13.4248,4,8685,1,0
354,2,269908.2,270895.28,11,-13.4248,4,8685,1,0
151,2,270745.22,271197.8,10,-14.2495,4,8685,1,0
65,2,270795.97,271042.75,9,-7.1427,4,8685,1,0
189,2,272016.56,273827.0,12,-17.8202,4,8685,0,1
198,1,273310.03,273381.97,7,13.7379,4,8685,1,0
9,1,273564.22,273811.0,9,-14.2239,4,8681,1,0
104,2,274140.7,274212.62,7,-0.709182,4,8685,1,0
376,1,274550.12,275537.25,11,-16.1129,4,8681,1,0
376,2,274550.12,275537.25,11,-16.1129,4,8681,0,1
122,1,274761.72,275214.3,10,-7.32405,4,8681,1,0
392,1,276131.2,276583.8,10,-15.8014,4,8681,1,0
392,2,276131.2,276583.8,10,-15.8014,4,8681,1,0
231,1,276848.56,278659.0,12,0.0,4,8685,1,0
16,2,277049.16,278859.6,12,-16.3495,4,8685,1,0
135,1,278633.9,280444.34,12,-11.7585,4,8685,1,0
383,1,281745.0,281878.62,8,-1.91388,4,8681,1,0
271,1,281996.03,282067.97,7,6.95846,4,8685,1,0
143,1,282447.7,284258.12,12,-17.0378,4,8681,0,1
143,2,282447.7,284258.12,12,-17.0378,4,8681,1,0
171,2,283433.7,284420.8,11,-19.4378,4,8685,1,0
199,2,284502.84,284574.78,7,10.3311,4,8681,1,0
61,2,285604.78,285851.56,9,8.1286,4,8685,0,1
145,2,285996.28,286983.4,11,-13.2545,4,8685,0,1
368,1,287164.75,288975.2,12,-20.107,4,8685,1,0
282,1,290393.4,290640.2,9,-7.16601,4,8685,1,0
37,1,291805.22,291877.12,7,-6.76981,4,8685,1,0
307,2,291827.34,293637.75,12,-20.6896,4,8681,1,0
394,1,293305.56,293439.22,8,15.3573,4,8685,1,0
394,2,293305.56,293439.22,8,15.3573,4,8685,1,0
275,1,293871.9,294118.72,9,-4.64656,4,8681,1,0
201,2,295106.4,296916.84,12,0.0,4,8681,1,0
34,1,296200.7,296447.47,9,0.0,4,8685,0,1
81,1,298626.84,298698.75,7,2.14436,4,8685,1,0
308,1,299419.03,299871.66,10,-6.29422,4,8685,0,1
70,1,299974.72,300046.66,7,16.1345,4,8681,1,0
261,1,300037.2,301847.62,12,-16.276,4,8681,1,0
261,2,300037.2,301847.62,12,-16.276,4,8681,0,1
179,2,300860.88,301107.66,9,-10.1897,4,8681,1,0
228,2,301214.3,301286.25,7,25.9059,4,8685,1,0
356,1,301242.9,301489.72,9,-5.33784,4,8681,1,0
356,2,301242.9,301489.72,9,-5.33784,4,8681,1,0
292,2,301843.4,302830.53,11,-11.127,4,8685,0,1
364,2,304695.97,306506.4,12,-17.4358,4,8685,1,0
110,1,304720.28,306530.7,12,-19.6143,4,8681,1,0
110,2,304720.28,306530.7,12,-19.6143,4,8681,1,0
402,2,306345.62,306417.53,7,8.79205,4,8685,1,0
384,2,306572.88,307025.47,10,-10.8731,4,8685,1,0
258,1,306588.9,308399.3,12,0.0,4,8685,1,0
343,2,306761.03,308571.44,12,0.0,4,8685,0,1
68,2,307030.22,307277.0,9,-12.1142,4,8685,1,0
18,2,307370.22,309180.62,12,0.0,4,8681,0,1
97,2,307550.6,307622.53,7,12.6604,4,8685,1,0
255,1,307883.1,308129.88,9,0.0,4,8685,1,0
310,2,308154.5,309141.62,11,0.0,4,8681,1,0
372,1,308282.3,310092.75,12,0.0,4,8681,0,1
369,1,308599.2,309051.78,10,0.0,4,8681,0,1
369,2,308599.2,309051.78,10,0.0,4,8681,1,0
149,1,308947.94,309400.53,10,-16.5727,4,8685,0,1
137,2,309102.88,310913.3,12,0.0,4,8685,1,0
188,1,309802.25,309874.2,7,3.88991,4,8681,1,0
107,1,309902.2,309974.12,7,-2.57297,4,8685,1,0
153,1,309911.03,310044.7,8,-5.38068,4,8685,1,0
153,2,309911.03,310044.7,8,-5.38068,4,8685,1,0
385,2,310792.8,310864.75,7,12.6445,4,8681,1,0
251,2,311151.44,311223.34,7,-7.91565,4,8685,1,0
9,1,311500.84,311747.66,9,0.0,4,8681,1,0
27,1,311720.7,313531.1,12,-12.0707,4,8685,1,0
27,2,311720.7,313531.1,12,-12.0707,4,8685,0,1
111,1,312385.7,314196.1,12,0.0,4,8681,1,0
228,2,313336.16,313408.1,7,46.4355,4,8681,0,1
46,1,313661.06,313794.72,8,-7.82007,4,8685,1,0
86,1,314820.28,315067.06,9,-12.6366,4,8685,1,0
86,2,314820.28,315067.06,9,-12.6366,4,8685,1,0
280,2,315005.4,316815.8,12,1.44289,4,8681,1,0
282,2,315071.8,315318.6,9,6.28198,4,8681,1,0
146,1,315514.72,317325.12,12,-12.7074,4,8685,0,1
119,2,315593.3,315665.25,7,6.84322,4,8685,1,0
305,1,315599.9,315671.84,7,3.12899,4,8685,1,0
336,1,316586.88,318397.3,12,-11.0297,4,8685,0,1
336,2,316586.88,318397.3,12,-11.0297,4,8685,0,1
104,2,317290.4,317362.34,7,17.0436,4,8681,1,0
37,2,317993.2,318065.12,7,15.7373,4,8681,1,0
318,1,318097.75,319084.88,11,-19.217,4,8681,1,0
318,2,318097.75,319084.88,11,-19.217,4,8681,0,1
335,2,319372.1,321182.53,12,0.0,4,8681,1,0
224,1,321121.97,321193.9,7,5.91782,4,8681,0,1
392,2,321392.0,321844.6,10,1.7475,4,8681,1,0
273,2,321608.53,321680.44,7,-4.56897,4,8681,1,0
389,1,322083.72,322330.5,9,-6.00111,4,8685,0,1
389,2,322083.72,322330.5,9,-6.00111,4,8685,1,0
100,2,323033.5,323486.12,10,-9.59355,4,8685,1,0
238,1,323328.56,323400.47,7,0.0,4,8685,1,0
209,1,326620.16,326866.94,9,-2.6741,4,8685,1,0
209,2,326620.16,326866.94,9,-2.6741,4,8685,0,1
67,1,327038.6,327491.22,10,-4.41302,4,8685,1,0
337,1,327152.78,327286.4,8,-11.7175,4,8681,1,0
249,1,327640.7,327712.62,7,18.1819,4,8685,1,0
249,2,327640.7,327712.62,7,18.1819,4,8685,1,0
300,1,327677.97,327811.62,8,-6.77757,4,8681,1,0
254,2,328663.4,328735.34,7,24.5467,4,8685,1,0
154,1,330488.38,332298.8,12,-18.3763,4,8681,1,0
154,2,330488.38,332298.8,12,-18.3763,4,8681,1,0
338,1,332368.66,332440.6,7,-0.0328208,4,8685,1,0
377,1,332552.62,334363.03,12,-2.68056,4,8685,0,1
377,2,332552.62,334363.03,12,-2.68056,4,8685,0,1
345,1,332670.97,332742.88,7,11.1673,4,8681,1,0
164,1,333109.8,333181.72,7,2.11047,4,8681,1,0
164,2,333109.8,333181.72,7,2.11047,4,8681,1,0
163,1,333765.66,334218.25,10,-6.46905,4,8685,1,0
115,2,334042.2,334494.78,10,0.0,4,8685,0,1
32,2,334253.2,334386.8,8,0.0,4,8681,1,0
246,1,334629.38,335081.97,10,-6.68872,4,8685,1,0
246,2,334629.38,335081.97,10,-6.68872,4,8685,1,0
378,1,335323.78,336310.9,11,0.0,4,8681,1,0
378,2,335323.78,336310.9,11,0.0,4,8681,1,0
73,2,335621.53,335693.44,7,22.2031,4,8685,1,0
46,1,336269.7,336403.3,8,0.0,4,8681,1,0
173,2,336445.6,336692.38,9,2.08295,4,8681,1,0
352,1,336458.34,336910.94,10,-5.93605,4,8685,1,0
352,2,336458.34,336910.94,10,-5.93605,4,8685,1,0
116,2,336574.88,336646.78,7,6.59209,4,8681,1,0
51,1,336630.8,338441.22,12,-16.5643,4,8681,1,0
51,2,336630.8,338441.22,12,-16.5643,4,8681,1,0
82,1,337653.8,339464.22,12,-8.01265,4,8685,0,1
82,2,337653.8,339464.22,12,-8.01265,4,8685,0,1
23,1,338122.34,338194.28,7,-5.93683,4,8681,1,0
281,1,339231.28,339303.22,7,-3.93492,4,8685,0,1
174,2,339441.0,341251.44,12,1.02274,4,8681,0,1
120,1,339626.9,341437.3,12,7.4325,4,8681,1,0
347,2,339981.12,340227.94,9,-10.0121,4,8685,0,1
60,2,340262.0,340395.62,8,-9.62912,4,8681,1,0
223,1,340438.78,340685.56,9,4.41489,4,8681,1,0
208,1,340540.38,340992.97,10,-13.7109,4,8685,1,0
208,2,340540.38,340992.97,10,-13.7109,4,8685,1,0
64,2,341096.38,341168.3,7,1.08916,4,8685,1,0
45,1,341245.66,341317.6,7,-4.45537,4,8685,1,0
195,1,341392.28,343202.7,12,-21.8853,4,8685,1,0
195,2,341392.28,343202.7,12,-21.8853,4,8685,0,1
127,1,342204.56,344014.97,12,-7.86172,4,8681,0,1
155,2,343747.28,344734.4,11,0.0,4,8681,1,0
375,2,344193.47,346003.9,12,0.0,4,8685,1,0
123,1,344478.62,344550.56,7,12.0768,4,8681,1,0
106,2,345431.7,345678.5,9,-7.53201,4,8681,1,0
44,2,350791.0,351243.62,10,8.57204,4,8685,1,0
20,1,351189.88,351436.7,9,-0.187713,4,8685,1,0
240,1,352035.38,353845.78,12,0.0,4,8685,0,1
157,1,353042.78,353289.6,9,-12.4165,4,8685,1,0
157,2,353042.78,353289.6,9,-12.4165,4,8685,0,1
184,2,353894.16,354027.8,8,-2.64374,4,8685,0,1
294,2,354029.03,355016.16,11,-5.88084,4,8681,0,1
266,1,354511.44,355498.56,11,0.0,4,8685,1,0
42,1,355353.88,357164.3,12,-13.9386,4,8685,1,0
42,2,355353.88,357164.3,12,-13.9386,4,8685,1,0
291,2,355618.53,355752.16,8,-10.0815,4,8685,1,0
72,1,356163.03,356615.62,10,0.536378,4,8685,1,0
72,2,356163.03,356615.62,10,0.536378,4,8685,1,0
116,2,356983.25,357055.2,7,-5.53085,4,8681,1,0
68,1,357184.88,357431.66,9,-5.08063,4,8681,1,0
68,2,357184.88,357431.66,9,-5.08063,4,8681,1,0
147,1,358344.2,360154.6,12,-8.76486,4,8681,0,1
147,2,358344.2,360154.6,12,-8.76486,4,8681,1,0
19,2,358584.62,359037.22,10,-6.35168,4,8685,1,0
126,1,359465.8,359599.47,8,-2.63083,4,8685,0,1
14,2,359985.5,361795.94,12,0.0,4,8685,1,0
193,2,360078.16,361888.6,12,0.0,4,8681,1,0
270,1,362424.7,364235.1,12,0.357774,4,8681,1,0
270,2,362424.7,364235.1,12,0.357774,4,8681,1,0
288,1,362826.9,363279.5,10,-9.85533,4,8681,1,0
288,2,362826.9,363279.5,10,-9.85533,4,8681,1,0
278,1,365492.16,367302.6,12,0.0,4,8681,1,0
211,2,366167.47,367977.9,12,-4.97502,4,8681,0,1
265,1,366691.78,366763.7,7,5.61201,4,8681,1,0
241,1,367759.9,368747.03,11,-6.34972,4,8681,0,1
197,1,368098.5,368345.3,9,-10.8455,4,8681,1,0
197,2,368098.5,368345.3,9,-10.8455,4,8681,1,0
391,1,369266.9,369338.84,7,11.851,4,8681,1,0
309,1,372041.34,373851.78,12,-20.6882,4,8681,0,1
309,2,372041.34,373851.78,12,-20.6882,4,8681,1,0
55,2,372486.38,373473.5,11,-13.5308,4,8681,1,0
344,1,376019.34,377829.78,12,-19.0435,4,8681,1,0
344,2,376019.34,377829.78,12,-19.0435,4,8681,1,0
210,2,377469.88,378457.0,11,-5.44432,4,8681,1,0
180,1,377507.25,377754.06,9,2.86012,4,8681,1,0
180,2,377507.25,377754.06,9,2.86012,4,8681,1,0
119,2,378430.25,378502.16,7,-1.75218,4,8681,1,0
289,1,379145.3,380132.44,11,0.0,4,8681,1,0
289,2,379145.3,380132.44,11,0.0,4,8681,1,0
115,2,379302.94,379755.56,10,-4.19214,4,8681,1,0
71,1,380910.7,382721.1,12,0.0,4,8681,1,0
352,1,381719.12,382171.72,10,-16.2074,4,8681,1,0
352,2,381719.12,382171.72,10,-16.2074,4,8681,1,0
308,2,383556.94,384009.56,10,1.76224,4,8681,1,0
91,1,384784.53,384856.47,7,-1.70814,4,8681,0,1
284,1,384986.75,385439.38,10,-16.1022,4,8681,0,1
284,2,384986.75,385439.38,10,-16.1022,4,8681,1,0
248,2,385788.56,385922.22,8,-1.99484,4,8681,1,0
97,2,386841.28,386913.22,7,13.6364,4,8681,1,0
213,2,387270.34,387517.16,9,0.0,4,8681,1,0
76,1,388441.5,388688.28,9,-13.842,4,8681,1,0
76,2,388441.5,388688.28,9,-13.842,4,8681,1,0
169,2,390392.03,391379.16,11,-9.27704,4,8681,1,0
75,1,393017.72,393151.38,8,-8.78712,4,8681,1,0
214,2,394908.7,394980.62,7,-3.47957,4,8681,1,0
198,1,396688.94,396760.88,7,-3.54603,4,8681,1,0
198,2,396688.94,396760.88,7,-3.54603,4,8681,1,0
49,1,397491.9,398479.03,11,1.68613,4,8681,1,0
49,2,397491.9,398479.03,11,1.68613,4,8681,1,0
52,1,399108.9,399355.72,9,-4.43114,4,8681,0,1
52,2,399108.9,399355.72,9,-4.43114,4,8681,1,0
313,1,399271.0,400258.12,11,-15.5152,4,8681,0,1
374,2,399378.38,399831.0,10,-16.5278,4,8681,1,0
15,2,399615.22,401425.62,12,0.0,4,8681,1,0
153,1,400537.12,400670.78,8,8.08568,4,8685,1,0
153,2,400537.12,400670.78,8,8.08568,4,8685,1,0
72,1,401423.8,401876.44,10,0.92627,4,8681,1,0
248,1,401668.4,401802.03,8,-8.44061,4,8681,1,0
116,2,403293.22,403365.16,7,4.5025,4,8685,1,0
330,1,404342.9,404476.53,8,-2.36352,4,8681,1,0
330,2,404342.9,404476.53,8,-2.36352,4,8681,0,1
229,1,405944.28,407754.7,12,-10.2163,4,8681,1,0
229,2,405944.28,407754.7,12,-10.2163,4,8681,0,1
207,2,409421.78,409555.4,8,-0.375442,4,8681,1,0
158,1,409422.88,409556.53,8,-5.24185,4,8681,1,0
114,1,411120.44,412107.53,11,-9.49995,4,8681,1,0
114,2,411120.44,412107.53,11,-9.49995,4,8681,1,0
81,1,411760.25,411832.2,7,0.739991,4,8681,1,0
81,2,411760.25,411832.2,7,0.739991,4,8681,1,0
399,1,413190.78,413643.4,10,-9.2014,4,8681,1,0
190,1,413744.12,413990.9,9,-12.8049,4,8685,1,0
190,2,413744.12,413990.9,9,-12.8049,4,8685,1,0
272,1,415550.1,417360.5,12,6.54994,4,8681,1,0
329,2,416464.9,416917.5,10,18.419,4,8681,1,0
326,1,418361.84,418814.44,10,-2.58052,4,8681,1,0
167,2,418591.1,418663.03,7,-0.979446,4,8681,1,0
121,1,418901.7,418973.6,7,-6.53401,4,8681,1,0
296,2,418962.84,419034.75,7,-7.0901,4,8681,0,1
165,2,421506.6,421753.38,9,6.58186,4,8681,1,0
139,2,425207.7,425660.28,10,8.41601,4,8681,1,0
11,2,427440.66,427687.44,9,0.0,4,8681,1,0
379,2,428401.1,428534.72,8,0.0,4,8681,1,0
285,2,429271.1,429517.88,9,-6.8398,4,8681,1,0
197,1,430411.94,430658.72,9,-11.4089,4,8681,1,0
172,2,431283.12,433093.53,12,-3.08371,4,8681,0,1
378,2,434037.38,435024.5,11,-11.9725,4,8681,1,0
243,1,435414.12,437224.56,12,-13.6806,4,8681,1,0
225,2,436330.28,436402.22,7,3.84789,4,8681,1,0
67,2,438307.06,438759.7,10,-9.31558,4,8681,1,0
38,1,438876.56,440686.97,12,-11.1117,4,8681,0,1
38,2,438876.56,440686.97,12,-11.1117,4,8681,1,0
153,1,441571.94,441705.56,8,-1.71468,4,8683,1,0
262,2,442278.5,442412.12,8,-9.63235,4,8681,1,0
155,1,442460.88,443448.0,11,-13.0641,4,8681,1,0
155,2,442460.88,443448.0,11,-13.0641,4,8681,0,1
252,1,446103.28,447090.4,11,-1.81476,4,8681,1,0
252,2,446103.28,447090.4,11,-1.81476,4,8681,0,1
74,1,447115.2,447361.97,9,-6.21808,4,8681,1,0
74,2,447115.2,447361.97,9,-6.21808,4,8681,1,0
248,2,449439.78,449573.44,8,6.8482,4,8685,1,0
389,2,449785.56,450032.34,9,16.7053,4,8681,1,0
93,1,449863.9,450851.0,11,-3.38473,4,8681,1,0
4,1,450733.8,452544.25,12,-20.0814,4,8681,1,0
228,2,450992.9,451064.84,7,34.2191,4,8681,1,0
299,2,452398.75,452851.34,10,-12.5742,4,8685,1,0
345,1,452539.84,452611.78,7,13.7259,4,8681,1,0
266,1,453225.03,454212.16,11,0.0,4,8681,0,1
181,2,455783.7,457594.12,12,-20.3942,4,8681,1,0
150,2,457558.38,457805.2,9,13.9673,4,8681,1,0
66,1,457572.72,459383.16,12,2.65712,4,8681,1,0
66,2,457572.72,459383.16,12,2.65712,4,8681,1,0
308,1,459514.47,459967.06,10,-14.0875,4,8681,1,0
135,1,459677.12,461487.56,12,-10.3241,4,8681,1,0
304,1,461024.44,461477.06,10,0.754212,4,8681,1,0
359,2,461459.44,461531.38,7,0.0,4,8681,1,0
109,1,461977.28,462429.9,10,-5.94548,4,8681,1,0
109,2,461977.28,462429.9,10,-5.94548,4,8681,1,0
99,1,462778.44,463231.06,10,-3.09895,4,8681,1,0
99,2,462778.44,463231.06,10,-3.09895,4,8681,1,0
143,1,463490.9,465301.34,12,0.0,4,8681,0,1
381,1,464309.03,464380.94,7,-9.29703,4,8681,1,0
385,2,467264.88,467336.78,7,10.5024,4,8681,1,0
400,1,467997.25,468069.2,7,-1.05902,4,8681,1,0
368,2,468207.94,470018.38,12,-20.0927,4,8681,0,1
170,2,471924.62,473735.03,12,-9.60178,4,8681,1,0
162,1,473897.38,474349.97,10,-14.2609,4,8681,1,0
162,2,473897.38,474349.97,10,-14.2609,4,8681,1,0
382,1,475214.2,476201.28,11,-12.9758,4,8681,1,0
382,2,475214.2,476201.28,11,-12.9758,4,8681,0,1
83,2,477559.2,477631.1,7,5.83731,4,8681,1,0
48,2,479492.4,479626.03,8,3.18313,4,8685,1,0
138,2,481439.6,481573.25,8,-10.4603,4,8681,1,0
227,1,482177.62,483164.72,11,-18.1078,4,8681,1,0
55,2,486078.34,487065.47,11,-9.33858,4,8681,1,0
218,1,486433.84,486886.44,10,-14.0681,4,8681,1,0
218,2,486433.84,486886.44,10,-14.0681,4,8681,1,0
118,1,487409.88,487656.7,9,-10.9178,4,8681,1,0
258,2,487632.12,489442.53,12,-12.5587,4,8681,0,1
331,1,488881.4,490691.84,12,0.0,4,8681,1,0
169,2,489105.66,490092.78,11,-17.2813,4,8681,0,1
274,1,490496.56,490568.47,7,-3.62997,4,8681,1,0
136,2,490962.78,491209.56,9,-4.49371,4,8681,1,0
47,2,492107.25,493094.38,11,0.0,4,8681,1,0
48,2,492855.62,492989.25,8,-9.98477,4,8685,1,0
116,1,492962.22,493034.16,7,-6.7952,4,8685,0,1
116,2,492962.22,493034.16,7,-6.7952,4,8685,1,0
281,1,496076.16,496148.06,7,-8.88405,4,8681,1,0
281,2,496076.16,496148.06,7,-8.88405,4,8681,1,0
49,1,496205.5,497192.62,11,7.67665,4,8681,1,0
49,2,496205.5,497192.62,11,7.67665,4,8681,0,1
26,1,496771.28,498581.7,12,-6.82843,4,8681,1,0
26,2,496771.28,498581.7,12,-6.82843,4,8681,0,1
130,2,496808.6,497055.38,9,-13.565,4,8685,1,0
363,1,498171.22,498243.16,7,17.6296,4,8681,1,0
202,2,498646.66,499099.28,10,-8.69368,4,8681,1,0
259,1,499651.16,499784.78,8,-4.09123,4,8681,1,0
255,2,499697.56,499944.38,9,-10.9918,4,8681,1,0
101,1,499996.66,500449.25,10,-6.51012,4,8681,1,0
384,2,501994.0,502446.6,10,-7.5199,4,8681,0,1
74,1,502042.94,502289.72,9,-3.13971,4,8681,1,0
323,1,502299.84,504110.25,12,-19.4663,4,8681,1,0
323,2,502299.84,504110.25,12,-19.4663,4,8681,1,0
97,2,505488.84,505560.75,7,0.0,4,8681,1,0
219,1,505757.3,507567.75,12,-16.6036,4,8681,1,0
219,2,505757.3,507567.75,12,-16.6036,4,8681,0,1
177,1,507648.5,507782.12,8,-5.05965,4,8681,1,0
284,1,507942.25,508394.88,10,-12.0833,4,8681,1,0
284,2,507942.25,508394.88,10,-12.0833,4,8681,1,0
103,1,509893.88,510027.5,8,-4.00731,4,8681,1,0
194,1,512760.0,512831.97,7,0.762086,4,8681,1,0
194,2,512760.0,512831.97,7,0.762086,4,8681,1,0
156,1,514937.06,515070.7,8,0.0,4,8681,1,0
341,1,516892.34,517344.97,10,-7.20998,4,8681,0,1
341,2,516892.34,517344.97,10,-7.20998,4,8681,1,0
281,2,519376.94,519448.9,7,0.0,4,8681,1,0
115,2,519588.12,520040.78,10,0.0,4,8681,1,0
174,1,520484.25,522294.7,12,-6.59518,4,8681,1,0
174,2,520484.25,522294.7,12,-6.59518,4,8681,0,1
256,2,522304.94,522376.9,7,-0.937209,4,8681,1,0
36,1,522745.0,523732.12,11,1.17337,4,8681,1,0
36,2,522745.0,523732.12,11,1.17337,4,8681,1,0
127,1,523247.75,525058.2,12,-7.96167,4,8681,1,0
127,2,523247.75,525058.2,12,-7.96167,4,8681,1,0
191,2,525278.9,525525.6,9,8.56257,4,8681,1,0
311,1,525478.9,527289.3,12,0.0,4,8681,1,0
311,2,525478.9,527289.3,12,0.0,4,8681,1,0
173,2,526077.25,526324.06,9,-3.03511,4,8685,1,0
293,2,526308.2,526441.75,8,-10.9251,4,8685,1,0
365,2,531143.2,531276.8,8,6.63149,4,8681,1,0
378,1,532751.0,533738.1,11,-4.02164,4,8685,1,0
240,1,533078.56,534889.0,12,-13.464,4,8681,0,1
240,2,533078.56,534889.0,12,-13.464,4,8681,1,0
345,1,533733.06,533805.06,7,25.4602,4,8685,1,0
147,1,539387.4,541197.8,12,-5.18292,4,8681,1,0
97,2,540458.1,540530.06,7,-1.67515,4,8685,1,0
193,1,541121.3,542931.75,12,-3.18275,4,8681,1,0
334,2,542701.5,542835.06,8,-6.47777,4,8681,1,0
270,1,543467.9,545278.3,12,0.0,4,8681,0,1
270,2,543467.9,545278.3,12,0.0,4,8681,0,1
202,2,543907.5,544360.1,10,4.48643,4,8681,1,0
289,2,544877.06,545864.2,11,0.0,4,8681,0,1
274,1,547051.2,547123.2,7,-6.41048,4,8681,1,0
320,1,547239.3,549049.75,12,2.52654,4,8685,0,1
320,2,547239.3,549049.75,12,2.52654,4,8685,1,0
351,1,549573.94,549820.7,9,-13.2158,4,8681,1,0
191,2,549957.25,550204.06,9,-6.26999,4,8685,1,0
308,1,550508.8,550961.44,10,-15.8623,4,8685,1,0
379,2,553733.25,553866.9,8,-7.76984,4,8681,1,0
217,1,554679.2,554812.8,8,-4.04694,4,8681,1,0
386,1,554958.56,555205.3,9,-7.01822,4,8685,1,0
207,1,555659.8,555793.4,8,-5.98523,4,8681,1,0
32,2,556282.9,556416.5,8,-8.32635,4,8685,1,0
106,1,557121.94,557368.7,9,0.0,4,8681,0,1
11,2,557217.1,557463.9,9,19.9953,4,8681,1,0
340,2,557484.4,557731.1,9,-12.9985,4,8681,1,0
397,1,565227.56,567037.94,12,-20.261,4,8681,1,0
397,2,565227.56,567037.94,12,-20.261,4,8681,1,0
99,1,567533.44,567986.06,10,-4.45016,4,8681,1,0
13,2,569034.75,569168.3,8,1.0583,4,8685,1,0
3,1,569930.8,571741.2,12,0.0,4,8681,0,1
3,2,569930.8,571741.2,12,0.0,4,8681,0,1
329,2,570762.7,571215.3,10,0.0,4,8681,1,0
365,2,571043.3,571176.94,8,0.0,4,8685,1,0
280,1,571598.44,573408.9,12,-0.188659,4,8681,1,0
280,2,571598.44,573408.9,12,-0.188659,4,8681,0,1
81,1,575463.8,575535.75,7,5.70532,4,8681,1,0
160,1,575567.25,576019.9,10,2.49728,4,8685,1,0
215,2,577699.25,579509.6,12,0.0,4,8681,0,1
254,2,578241.7,578313.7,7,8.50332,4,8681,1,0
192,1,578359.2,578605.94,9,-2.75465,4,8681,1,0
192,2,578359.2,578605.94,9,-2.75465,4,8681,1,0
388,1,580044.94,581032.06,11,-15.1109,4,8681,0,1
388,2,580044.94,581032.06,11,-15.1109,4,8681,1,0
340,2,582162.75,582409.56,9,9.07889,4,8681,1,0
177,1,583796.3,583929.94,8,-4.38719,4,8681,1,0
177,2,583796.3,583929.94,8,-4.38719,4,8681,1,0
81,1,584683.8,584755.8,7,-3.4982,4,8685,1,0
173,1,585106.0,585352.8,9,-9.88811,4,8685,1,0
173,2,585106.0,585352.8,9,-9.88811,4,8685,1,0
166,1,585681.56,586668.7,11,-12.8454,4,8681,0,1
218,1,590215.3,590668.0,10,-5.45068,4,8681,1,0
120,1,590421.8,592232.25,12,-17.2769,4,8681,1,0
41,2,592053.0,592124.94,7,-8.02063,4,8681,1,0
295,2,593229.25,595039.7,12,8.26875,4,8681,1,0
138,1,594011.75,594145.3,8,-10.4412,4,8681,1,0
228,1,594645.4,594717.4,7,-6.60882,4,8685,1,0
228,2,594645.4,594717.4,7,-6.60882,4,8685,1,0
189,2,596663.25,598473.7,12,0.0,4,8681,0,1
73,1,597110.8,597182.8,7,-8.25183,4,8681,1,0
73,2,597110.8,597182.8,7,-8.25183,4,8681,1,0
222,1,597571.1,599381.5,12,-4.15308,4,8681,1,0
321,1,597625.7,597697.6,7,-9.33382,4,8681,1,0
37,2,598597.9,598669.9,7,10.4684,4,8681,1,0
379,1,599832.6,599966.25,8,0.811173,4,8685,1,0
157,2,601000.94,601247.7,9,-9.00807,4,8681,0,1
163,1,601706.0,602158.6,10,0.459962,4,8681,1,0
352,1,603898.25,604350.9,10,-8.79674,4,8681,1,0
352,2,603898.25,604350.9,10,-8.79674,4,8681,1,0
35,2,608726.9,609179.5,10,-2.3676,4,8681,1,0
245,1,609741.5,610728.6,11,-10.1183,4,8681,1,0
245,2,609741.5,610728.6,11,-10.1183,4,8681,1,0
142,1,610268.0,610720.6,10,-5.65044,4,8681,1,0
251,2,611878.9,611950.8,7,0.0,4,8681,1,0
172,2,612326.3,614136.75,12,0.0,4,8681,0,1
130,2,614160.06,614406.8,9,-10.4431,4,8683,1,0
220,1,614633.7,614705.6,7,9.57633,4,8685,1,0
27,2,614696.25,616506.6,12,-17.6016,4,8681,1,0
79,1,615258.56,615505.3,9,-3.20535,4,8681,1,0
79,2,615258.56,615505.3,9,-3.20535,4,8681,1,0
243,2,616457.3,618267.75,12,0.0,4,8685,0,1
359,2,617110.56,617182.5,7,8.36572,4,8685,1,0
184,1,618391.56,618525.1,8,-11.8794,4,8681,1,0
184,2,618391.56,618525.1,8,-11.8794,4,8681,1,0
336,1,619200.75,621011.2,12,-15.301,4,8681,1,0
336,2,619200.75,621011.2,12,-15.301,4,8681,1,0
50,2,620388.3,620840.94,10,-13.1993,4,8685,1,0
141,1,620847.44,621094.2,9,0.0,4,8681,1,0
322,1,621109.2,622919.6,12,0.0,4,8681,1,0
322,2,621109.2,622919.6,12,0.0,4,8681,1,0
274,1,622501.6,622573.6,7,-4.96593,4,8685,1,0
133,2,622596.1,623048.75,10,0.0,4,8681,1,0
57,2,622979.4,623113.0,8,0.0,4,8681,1,0
269,1,624242.4,625229.5,11,-17.9602,4,8681,0,1
269,2,624242.4,625229.5,11,-17.9602,4,8681,1,0
402,2,624838.56,624910.5,7,7.03307,4,8681,1,0
177,1,626059.4,626193.0,8,3.50018,4,8685,0,1
177,2,626059.4,626193.0,8,3.50018,4,8685,1,0
17,1,626687.8,626934.56,9,0.0,4,8681,1,0
238,1,629163.6,629235.6,7,8.14057,4,8681,1,0
119,2,632845.3,632917.3,7,4.1619,4,8681,1,0
330,1,634659.94,634793.5,8,-5.51657,4,8681,1,0
330,2,634659.94,634793.5,8,-5.51657,4,8681,1,0
333,1,636422.8,636494.75,7,-1.05778,4,8681,1,0
333,2,636422.8,636494.75,7,-1.05778,4,8681,1,0
149,1,636446.3,636898.94,10,-9.0646,4,8681,1,0
149,2,636446.3,636898.94,10,-9.0646,4,8681,1,0
151,1,637085.9,637538.5,10,6.14068,4,8681,0,1
151,2,637085.9,637538.5,10,6.14068,4,8681,1,0
262,1,637591.44,637725.06,8,8.01532,4,8681,1,0
262,2,637591.44,637725.06,8,8.01532,4,8681,1,0
130,2,638838.44,639085.2,9,4.48548,4,8685,1,0
135,2,640720.3,642530.75,12,-14.9433,4,8681,0,1
63,1,641837.8,641971.44,8,-3.76993,4,8681,1,0
289,1,643590.7,644577.8,11,0.979218,4,8685,1,0
289,2,643590.7,644577.8,11,0.979218,4,8685,1,0
113,2,644808.7,645795.8,11,8.55596,4,8681,1,0
148,1,648310.5,648557.25,9,-3.41292,4,8681,1,0
369,1,648526.4,648979.0,10,5.94842,4,8681,1,0
67,2,650588.6,651041.25,10,-10.9326,4,8681,1,0
170,1,652967.8,654778.25,12,-10.4593,4,8681,1,0
170,2,652967.8,654778.25,12,-10.4593,4,8681,0,1
287,2,655695.3,656147.94,10,-14.1867,4,8681,1,0
6,1,656368.5,656615.3,9,-8.38208,4,8681,1,0
6,2,656368.5,656615.3,9,-8.38208,4,8681,1,0
389,2,658456.3,658703.06,9,0.0,4,8681,1,0
284,1,658462.75,658915.4,10,-7.53757,4,8685,1,0
284,2,658462.75,658915.4,10,-7.53757,4,8685,1,0
198,1,659144.4,659216.3,7,3.72573,4,8685,1,0
334,1,660598.8,660732.44,8,-9.64532,4,8681,1,0
334,2,660598.8,660732.44,8,-9.64532,4,8681,1,0
35,2,661874.25,662326.9,10,-0.128524,4,8685,1,0
39,1,665731.94,666184.56,10,-11.9162,4,8681,1,0
39,2,665731.94,666184.56,10,-11.9162,4,8681,1,0
188,1,667635.44,667707.4,7,0.478867,4,8685,1,0
402,2,667768.6,667840.56,7,1.52086,4,8681,1,0
129,1,667789.94,669600.3,12,-18.9392,4,8681,1,0
197,2,668625.3,668872.06,9,-9.42493,4,8685,0,1
265,1,669979.25,670051.2,7,1.84659,4,8685,1,0
356,1,673627.8,673874.56,9,-9.01077,4,8681,1,0
199,2,674094.6,674166.56,7,-6.58943,4,8681,1,0
89,1,675951.3,677761.75,12,0.0,4,8681,0,1
26,1,677814.44,679624.9,12,-5.66606,4,8681,1,0
159,1,677936.9,678183.6,9,-8.27408,4,8681,1,0
159,2,677936.9,678183.6,9,-8.27408,4,8681,1,0
58,1,679260.8,681071.25,12,-7.9584,4,8681,1,0
149,1,681707.06,682159.75,10,-9.49217,4,8681,1,0
149,2,681707.06,682159.75,10,-9.49217,4,8681,1,0
358,1,682327.9,682461.5,8,-4.69203,4,8681,1,0
271,1,682752.06,682824.06,7,10.8808,4,8681,1,0
323,2,683343.0,685153.44,12,0.0,4,8685,1,0
315,2,683839.06,684085.8,9,-10.212,4,8685,1,0
138,2,684374.9,684508.5,8,0.0,4,8685,1,0
332,1,684793.2,685245.9,10,-9.399,4,8681,1,0
151,1,685447.25,685899.9,10,-14.2116,4,8681,1,0
151,2,685447.25,685899.9,10,-14.2116,4,8681,0,1
59,1,686280.4,686527.2,9,0.0,4,8681,1,0
235,1,687010.44,687082.4,7,11.6265,4,8681,1,0
351,2,687090.06,687336.9,9,12.7194,4,8681,1,0
213,1,687731.4,687978.1,9,0.0,4,8681,1,0
213,2,687731.4,687978.1,9,0.0,4,8681,1,0
355,2,687808.3,689618.7,12,-10.4158,4,8681,1,0
276,1,689593.2,691403.6,12,-18.2588,4,8681,1,0
276,2,689593.2,691403.6,12,-18.2588,4,8681,1,0
51,1,691322.44,693132.9,12,-19.0776,4,8681,1,0
326,1,691748.94,692201.6,10,-1.43497,4,8681,1,0
96,2,692478.44,692550.44,7,-3.9057,4,8681,1,0
191,1,695306.56,695553.4,9,-9.56383,4,8685,1,0
256,2,695913.44,695985.44,7,8.2614,4,8681,1,0
137,2,695997.1,697807.56,12,4.551,4,8681,0,1
325,1,696011.94,696145.56,8,-7.42781,4,8681,1,0
80,1,696193.0,697180.1,11,-15.9841,4,8681,0,1
80,2,696193.0,697180.1,11,-15.9841,4,8681,0,1
55,1,697412.56,698399.7,11,-11.498,4,8685,1,0
55,2,697412.56,698399.7,11,-11.498,4,8685,1,0
111,1,699859.3,701669.75,12,0.0,4,8681,1,0
262,2,700868.06,701001.6,8,-3.97761,4,8685,1,0
119,2,701615.2,701687.1,7,14.6982,4,8685,1,0
254,2,701989.1,702061.1,7,20.4836,4,8681,1,0
156,1,702396.25,702529.9,8,-4.63763,4,8685,1,0
327,2,702401.9,704212.25,12,-12.7147,4,8685,0,1
61,1,704715.7,704962.44,9,24.5452,4,8681,1,0
44,1,704952.2,705404.9,10,0.387391,4,8681,1,0
44,2,704952.2,705404.9,10,0.387391,4,8681,1,0
116,2,706379.56,706451.56,7,-4.6486,4,8683,1,0
100,1,706427.56,706880.2,10,-0.919356,4,8681,1,0
100,2,706427.56,706880.2,10,-0.919356,4,8681,1,0
383,2,707508.25,707641.9,8,-3.63803,4,8681,1,0
398,2,710756.3,710828.25,7,0.0,4,8681,1,0
240,1,714121.75,715932.2,12,-14.5058,4,8681,1,0
372,2,715249.9,717060.3,12,-6.19235,4,8681,1,0
272,1,715816.0,717626.4,12,0.0,4,8685,1,0
274,1,718367.7,718439.6,7,-3.48308,4,8685,1,0
305,1,718870.94,718942.9,7,34.582,4,8681,1,0
166,1,719644.5,720631.56,11,0.0,4,8685,0,1
373,1,719861.0,720313.7,10,-14.2481,4,8681,0,1
353,2,720874.2,722684.6,12,10.0153,4,8681,1,0
294,1,721358.8,722345.94,11,18.8167,4,8685,1,0
294,2,721358.8,722345.94,11,18.8167,4,8685,1,0
156,1,721871.6,722005.25,8,-10.7876,4,8685,1,0
393,1,721935.25,722922.4,11,-8.66516,4,8681,1,0
393,2,721935.25,722922.4,11,-8.66516,4,8681,1,0
351,1,724706.5,724953.25,9,-7.58469,4,8685,1,0
351,2,724706.5,724953.25,9,-7.58469,4,8685,1,0
268,2,725107.5,725179.44,7,0.0,4,8681,1,0
247,2,727574.56,727708.2,8,-9.96361,4,8681,1,0
362,2,728074.56,728321.4,9,-13.1581,4,8685,1,0
184,1,729258.56,729392.1,8,-8.23959,4,8681,1,0
184,2,729258.56,729392.1,8,-8.23959,4,8681,1,0
296,1,729269.8,729341.8,7,0.34253,4,8681,1,0
69,2,730486.9,730620.5,8,9.99832,4,8681,1,0
231,1,731410.1,733220.5,12,-15.9908,4,8681,1,0
313,1,736470.75,737457.9,11,-15.2939,4,8681,1,0
359,2,740838.8,740910.75,7,20.8007,4,8685,1,0
265,1,740885.75,740957.7,7,16.6119,4,8685,1,0
247,2,740937.8,741071.44,8,14.3901,4,8685,1,0
113,1,743522.3,744509.44,11,-17.0963,4,8681,1,0
113,2,743522.3,744509.44,11,-17.0963,4,8681,1,0
208,1,744325.5,744778.1,10,-4.91928,4,8681,1,0
401,2,744462.6,744534.6,7,-3.15263,4,8683,1,0
75,1,745180.06,745313.7,8,-11.1964,4,8685,1,0
248,1,746235.4,746368.94,8,-3.11784,4,8683,0,1
340,2,747791.25,748038.0,9,1.84596,4,8685,1,0
351,1,749384.9,749631.6,9,-8.28805,4,8685,1,0
351,2,749384.9,749631.6,9,-8.28805,4,8685,1,0
174,2,749787.44,751597.8,12,3.31304,4,8685,1,0
273,1,750092.9,750164.9,7,-8.36375,4,8681,1,0
44,1,750212.94,750665.56,10,5.79943,4,8681,1,0
44,2,750212.94,750665.56,10,5.79943,4,8681,1,0
291,1,751024.5,751158.06,8,-5.8519,4,8681,1,0
291,2,751024.5,751158.06,8,-5.8519,4,8681,1,0
110,1,751239.0,753049.44,12,-13.0589,4,8685,1,0
396,1,753446.7,754433.8,11,9.85226,4,8681,1,0
363,1,756763.1,756835.06,7,20.6122,4,8685,1,0
42,1,759126.8,760937.25,12,0.0,4,8681,1,0
42,2,759126.8,760937.25,12,0.0,4,8681,1,0
258,1,761723.94,763534.4,12,-6.72458,4,8681,1,0
258,2,761723.94,763534.4,12,-6.72458,4,8681,1,0
293,1,762485.5,762619.06,8,-9.32626,4,8685,1,0
293,2,762485.5,762619.06,8,-9.32626,4,8685,1,0
123,1,763587.0,763658.94,7,13.8345,4,8681,1,0
123,2,763587.0,763658.94,7,13.8345,4,8681,0,1
152,1,766661.44,766795.06,8,-5.11134,4,8681,1,0
35,2,769128.9,769581.56,10,-16.6641,4,8685,1,0
278,2,769673.56,771484.0,12,0.0,4,8685,1,0
201,2,771277.3,773087.7,12,-10.0559,4,8685,1,0
120,1,771465.0,773275.44,12,-12.8455,4,8685,1,0
340,1,772469.7,772716.44,9,8.33021,4,8685,1,0
340,2,772469.7,772716.44,9,8.33021,4,8685,1,0
399,2,774263.8,774716.44,10,-7.55499,4,8681,1,0
270,2,774553.4,776363.75,12,0.0,4,8685,1,0
49,2,774701.0,775688.1,11,0.0,4,8685,1,0
85,1,777281.8,779092.25,12,-11.4657,4,8685,1,0
189,1,777706.5,779516.94,12,-19.3631,4,8681,1,0
189,2,777706.5,779516.94,12,-19.3631,4,8681,0,1
366,1,777764.0,778751.1,11,-18.135,4,8681,1,0
366,2,777764.0,778751.1,11,-18.135,4,8681,0,1
76,2,778694.94,778941.7,9,-11.8976,4,8681,0,1
289,1,779321.2,780308.3,11,4.37321,4,8685,1,0
289,2,779321.2,780308.3,11,4.37321,4,8685,0,1
296,1,779514.06,779586.0,7,0.643861,4,8685,1,0
205,2,780243.6,782054.06,12,-21.1297,4,8681,1,0
325,1,782127.6,782261.25,8,13.2333,4,8681,1,0
325,2,782127.6,782261.25,8,13.2333,4,8681,1,0
64,1,782615.8,782687.75,7,-1.30745,4,8681,1,0
64,2,782615.8,782687.75,7,-1.30745,4,8681,1,0
262,1,782876.75,783010.4,8,-7.39567,4,8685,1,0
262,2,782876.75,783010.4,8,-7.39567,4,8685,1,0
163,1,785267.56,785720.2,10,-0.266143,4,8681,1,0
381,1,785299.0,785371.0,7,11.0374,4,8685,1,0
394,1,785606.4,785740.0,8,-4.16215,4,8681,1,0
226,2,787710.44,787782.44,7,-7.80388,4,8681,1,0
315,1,787952.44,788199.25,9,-11.2806,4,8685,1,0
315,2,787952.44,788199.25,9,-11.2806,4,8685,1,0
291,1,788903.44,789037.06,8,-11.923,4,8685,1,0
328,1,788961.44,789033.4,7,23.5709,4,8681,1,0
295,2,789090.06,790900.5,12,0.0,4,8681,1,0
160,2,789180.9,789633.5,10,0.628831,4,8685,1,0
288,2,789250.3,789702.94,10,-14.0621,4,8681,1,0
233,2,790588.44,790660.4,7,0.0,4,8681,1,0
144,1,790934.1,792744.56,12,-7.19163,4,8685,1,0
284,2,791337.25,791789.9,10,-11.641,4,8685,0,1
21,1,792743.5,794553.9,12,-15.6484,4,8681,1,0
172,1,793369.5,795179.94,12,-14.5498,4,8685,0,1
172,2,793369.5,795179.94,12,-14.5498,4,8685,1,0
238,1,793556.0,793628.0,7,8.77712,4,8681,1,0
325,2,795490.9,795624.44,8,-2.59639,4,8685,1,0
178,1,797084.06,798894.5,12,-19.919,4,8681,0,1
228,2,799708.0,799779.94,7,28.6707,4,8685,1,0
336,1,800243.94,802054.4,12,0.0,4,8681,1,0
336,2,800243.94,802054.4,12,0.0,4,8681,0,1
352,2,806119.3,806571.94,10,-4.78172,4,8685,1,0
330,1,806517.1,806650.75,8,-7.67189,4,8685,1,0
39,1,808463.56,808916.2,10,4.67439,4,8685,0,1
39,2,808463.56,808916.2,10,4.67439,4,8685,1,0
279,2,810355.2,812165.56,12,0.0,4,8681,1,0
321,1,814218.6,814290.56,7,20.9273,4,8685,1,0
35,2,814389.7,814842.4,10,-5.58931,4,8683,1,0
211,1,815171.8,816982.25,12,-3.91466,4,8681,0,1
211,2,815171.8,816982.25,12,-3.91466,4,8681,0,1
291,2,817236.1,817369.75,8,-7.04846,4,8685,0,1
324,2,817517.8,817651.44,8,-10.9817,4,8681,0,1
376,1,817714.8,818701.9,11,-5.38155,4,8685,1,0
210,2,818570.25,819557.4,11,-10.0271,4,8685,1,0
150,1,819323.8,819570.56,9,-9.51398,4,8685,1,0
150,2,819323.8,819570.56,9,-9.51398,4,8685,1,0
399,2,819524.6,819977.25,10,-6.86066,4,8685,1,0
393,1,820648.9,821636.0,11,-8.25117,4,8681,1,0
28,2,820800.8,821253.5,10,-11.6797,4,8681,1,0
328,1,821369.4,821441.4,7,11.0649,4,8681,1,0
262,2,821867.9,822001.44,8,-4.41884,4,8683,1,0
321,1,823995.0,824066.94,7,-4.05475,4,8685,0,1
321,2,823995.0,824066.94,7,-4.05475,4,8685,1,0
37,2,824158.8,824230.75,7,0.0,4,8685,1,0
180,1,826477.8,826724.56,9,9.09912,4,8681,1,0
141,1,826500.75,826747.5,9,-5.99585,4,8685,1,0
141,2,826500.75,826747.5,9,-5.99585,4,8685,1,0
46,1,826906.3,827039.94,8,-11.2775,4,8685,1,0
285,2,827436.2,827682.94,9,2.57555,4,8681,1,0
225,2,828943.25,829015.2,7,2.05905,4,8681,1,0
266,1,829589.7,830576.8,11,0.0,4,8685,1,0
266,2,829589.7,830576.8,11,0.0,4,8685,1,0
134,1,830036.44,830283.2,9,-5.7953,4,8685,1,0
134,2,830036.44,830283.2,9,-5.7953,4,8685,1,0
268,2,830191.06,830263.0,7,-1.69852,4,8681,1,0
160,1,834441.6,834894.3,10,-11.2691,4,8683,1,0
160,2,834441.6,834894.3,10,-11.2691,4,8683,1,0
313,1,835184.4,836171.5,11,-12.4923,4,8685,1,0
262,2,835231.06,835364.7,8,-10.0207,4,8685,1,0
250,1,835794.94,837605.4,12,0.0,4,8681,1,0
151,2,836540.3,836992.94,10,0.0,4,8685,1,0
10,1,837103.2,838913.6,12,0.0,4,8685,0,1
20,2,837485.25,837732.0,9,0.0,4,8681,1,0
126,1,837869.0,838002.6,8,-5.73819,4,8681,1,0
301,1,841249.56,841321.56,7,-4.40491,4,8681,1,0
113,1,842235.94,843223.06,11,-6.19662,4,8685,0,1
241,2,842272.2,843259.3,11,-9.43121,4,8681,1,0
356,1,842910.75,843157.56,9,-5.29687,4,8685,1,0
356,2,842910.75,843157.56,9,-5.29687,4,8685,1,0
303,1,843852.2,844304.8,10,0.0,4,8685,1,0
303,2,843852.2,844304.8,10,0.0,4,8685,1,0
380,1,847220.75,847673.4,10,-14.9879,4,8681,1,0
329,1,848139.56,848592.25,10,-10.3054,4,8685,1,0
329,2,848139.56,848592.25,10,-10.3054,4,8685,1,0
218,1,849287.4,849740.0,10,6.98058,4,8685,1,0
218,2,849287.4,849740.0,10,6.98058,4,8685,1,0
396,1,852160.25,853147.4,11,-3.24768,4,8681,1,0
396,2,852160.25,853147.4,11,-3.24768,4,8681,1,0
100,1,853235.1,853687.75,10,6.40615,4,8681,1,0
100,2,853235.1,853687.75,10,6.40615,4,8681,1,0
29,1,854434.75,856245.2,12,0.0,4,8681,0,1
273,1,854577.8,854649.75,7,-2.07484,4,8685,1,0
273,2,854577.8,854649.75,7,-2.07484,4,8685,1,0
293,2,854582.6,854716.25,8,-5.8761,4,8683,1,0
337,2,855227.8,855361.4,8,-9.36899,4,8683,1,0
185,1,857977.9,859788.3,12,0.345795,4,8685,1,0
343,1,858813.94,860624.4,12,-18.956,4,8681,1,0
159,1,860876.0,861122.75,9,-11.9491,4,8681,1,0
206,2,862210.75,863197.9,11,-16.0658,4,8681,1,0
167,1,862619.56,862691.5,7,9.96903,4,8685,1,0
282,1,864380.5,864627.25,9,-14.0894,4,8681,1,0
282,2,864380.5,864627.25,9,-14.0894,4,8681,1,0
249,1,865776.2,865848.1,7,-3.07829,4,8681,1,0
116,1,866519.6,866591.6,7,-0.105254,4,8685,1,0
116,2,866519.6,866591.6,7,-0.105254,4,8685,1,0
356,2,867589.2,867835.94,9,-14.311,4,8685,0,1
65,2,869121.06,869367.8,9,0.0,4,8681,1,0
70,2,872966.44,873038.4,7,-2.18742,4,8681,1,0
155,2,873335.8,874322.94,11,-17.5159,4,8685,0,1
59,1,874534.06,874780.8,9,17.1324,4,8681,1,0
317,2,876217.3,877204.44,11,-15.5249,4,8681,1,0
257,1,876425.0,878235.44,12,-19.8142,4,8685,1,0
257,2,876425.0,878235.44,12,-19.8142,4,8685,1,0
137,1,877040.4,878850.75,12,-17.9029,4,8681,1,0
139,1,877525.5,877978.1,10,-3.21979,4,8685,1,0
164,1,878212.3,878284.3,7,2.541,4,8681,1,0
164,2,878212.3,878284.3,7,2.541,4,8681,1,0
184,2,878898.0,879031.6,8,-11.4453,4,8685,1,0
111,1,880902.5,882712.94,12,0.0,4,8685,0,1
111,2,880902.5,882712.94,12,0.0,4,8685,1,0
98,1,882105.06,883915.44,12,-19.5309,4,8681,1,0
98,2,882105.06,883915.44,12,-19.5309,4,8681,1,0
328,1,882943.3,883015.25,7,19.9768,4,8685,1,0
327,1,883445.06,885255.5,12,-10.0863,4,8685,0,1
327,2,883445.06,885255.5,12,-10.0863,4,8685,1,0
310,2,886071.6,887058.75,11,-16.5691,4,8681,1,0
326,2,887580.2,888032.8,10,15.0269,4,8685,1,0
260,2,887796.4,887868.4,7,-8.87431,4,8681,1,0
62,2,887933.0,888004.94,7,-5.1412,4,8681,1,0
61,1,890556.5,890803.3,9,4.75063,4,8685,1,0
202,2,892724.9,893177.5,10,5.67342,4,8685,1,0
101,1,893037.3,893489.94,10,0.0,4,8681,0,1
364,1,893865.3,895675.75,12,0.0,4,8681,0,1
73,2,894311.3,894383.3,7,4.19747,4,8681,1,0
229,1,895321.44,897131.8,12,0.0,4,8681,1,0
394,1,895556.06,895689.7,8,-0.12741,4,8685,1,0
272,1,896859.2,898669.6,12,-2.96658,4,8685,1,0
328,1,898305.25,898377.2,7,-1.59834,4,8685,1,0
100,2,898495.94,898948.56,10,-6.96472,4,8685,1,0
106,1,899129.5,899376.3,9,-13.1891,4,8685,1,0
106,2,899129.5,899376.3,9,-13.1891,4,8685,1,0
28,1,900039.25,900491.9,10,-1.31348,4,8681,1,0
28,2,900039.25,900491.9,10,-1.31348,4,8681,0,1
65,1,900885.2,901131.94,9,-13.2251,4,8681,1,0
65,2,900885.2,901131.94,9,-13.2251,4,8681,1,0
153,1,901233.44,901367.06,8,-5.39577,4,8685,1,0
194,1,901735.9,901807.9,7,2.22231,4,8681,1,0
305,1,901760.3,901832.25,7,-3.59463,4,8685,1,0
305,2,901760.3,901832.25,7,-3.59463,4,8685,1,0
353,2,901917.44,903727.9,12,-9.04733,4,8681,0,1
337,1,904165.4,904298.94,8,-1.37012,4,8685,1,0
301,1,907212.1,907284.06,7,-4.03114,4,8681,0,1
320,2,909325.75,911136.2,12,-21.2344,4,8683,1,0
194,1,909430.2,909502.1,7,0.0,4,8685,1,0
112,1,911842.25,912294.9,10,-7.35899,4,8681,1,0
66,2,915294.9,917105.3,12,-19.3455,4,8681,1,0
40,1,916057.3,916129.25,7,-0.479003,4,8681,1,0
40,2,916057.3,916129.25,7,-0.479003,4,8681,1,0
213,2,916388.44,916635.2,9,-12.549,4,8685,1,0
217,1,916948.8,917082.4,8,-7.1566,4,8685,1,0
252,2,918087.56,919074.7,11,-11.5642,4,8685,0,1
138,2,920143.75,920277.4,8,9.90596,4,8685,1,0
186,2,920200.8,920653.44,10,-3.11238,4,8681,1,0
363,1,923372.06,923444.0,7,29.3315,4,8685,1,0
40,2,923837.4,923909.4,7,8.54405,4,8681,1,0
209,1,923959.4,924206.1,9,9.16356,4,8681,1,0
209,2,923959.4,924206.1,9,9.16356,4,8681,1,0
231,2,924747.25,926557.7,12,0.0,4,8681,1,0
51,1,927051.1,928861.56,12,-13.0864,4,8685,1,0
51,2,927051.1,928861.56,12,-13.0864,4,8685,1,0
266,1,928303.3,929290.4,11,14.8572,4,8685,1,0
266,2,928303.3,929290.4,11,14.8572,4,8685,1,0
292,2,928561.4,929548.5,11,-9.69965,4,8681,1,0
146,1,929128.7,930939.06,12,0.0,4,8681,1,0
146,2,929128.7,930939.06,12,0.0,4,8681,1,0
334,2,929576.8,929710.44,8,-7.06995,4,8685,1,0
264,2,929599.06,929732.7,8,12.6939,4,8681,1,0
244,1,930339.25,930472.8,8,0.0,4,8685,1,0
188,1,933642.5,933714.5,7,-8.09309,4,8685,1,0
312,1,934657.3,934790.9,8,0.95395,4,8681,0,1
312,2,934657.3,934790.9,8,0.95395,4,8681,1,0
296,1,935440.75,935512.7,7,8.46488,4,8685,1,0
319,2,936525.44,936978.06,10,-12.0846,4,8681,1,0
381,1,937047.56,937119.5,7,-4.17203,4,8685,1,0
9,1,938213.5,938460.25,9,1.26762,4,8685,1,0
101,1,938298.1,938750.75,10,-13.727,4,8685,1,0
101,2,938298.1,938750.75,10,-13.727,4,8685,1,0
113,2,940949.5,941936.6,11,-2.13449,4,8685,1,0
213,1,941066.8,941313.6,9,-12.1533,4,8685,1,0
213,2,941066.8,941313.6,9,-12.1533,4,8685,1,0
3,1,941107.4,942917.8,12,-1.45662,4,8681,1,0
3,2,941107.4,942917.8,12,-1.45662,4,8681,1,0
150,2,942811.56,943058.4,9,3.11589,4,8685,1,0
30,2,943992.0,944063.94,7,0.0,4,8681,1,0
399,1,944880.5,945333.1,10,-10.5507,4,8685,1,0
28,2,945300.0,945752.6,10,-11.8703,4,8685,1,0
355,2,946220.56,948031.0,12,-15.0028,4,8681,1,0
357,1,947074.5,947321.3,9,-4.43796,4,8681,1,0
357,2,947074.5,947321.3,9,-4.43796,4,8681,1,0
86,1,948382.25,948629.0,9,-12.6242,4,8681,0,1
224,1,951265.8,951337.75,7,2.24999,4,8685,1,0
224,2,951265.8,951337.75,7,2.24999,4,8685,1,0
120,1,952508.25,954318.7,12,0.0,4,8685,1,0
120,2,952508.25,954318.7,12,0.0,4,8685,1,0
168,2,953063.2,953196.75,8,-11.7111,4,8681,1,0
270,1,955596.56,957407.0,12,-14.204,4,8685,0,1
270,2,955596.56,957407.0,12,-14.204,4,8685,1,0
349,1,957689.25,957936.06,9,-4.1324,4,8681,1,0
85,2,958325.0,960135.44,12,2.88796,4,8685,1,0
189,1,958749.7,960560.1,12,-9.58504,4,8685,1,0
170,2,960238.94,962049.4,12,17.8134,4,8685,1,0
69,2,962294.6,962428.25,8,-2.3632,4,8685,1,0
176,1,962927.75,963380.4,10,6.77973,4,8681,1,0
13,2,963796.1,963929.75,8,7.05074,4,8685,1,0
244,1,964190.06,964323.7,8,-3.97606,4,8685,1,0
223,1,965067.3,965314.06,9,-11.5168,4,8681,1,0
198,1,967724.56,967796.5,7,-2.14088,4,8685,1,0
307,2,968093.6,969904.06,12,-19.5754,4,8685,1,0
127,1,968704.56,970515.0,12,3.12808,4,8685,0,1
63,1,968849.94,968983.5,8,-1.83737,4,8683,1,0
63,2,968849.94,968983.5,8,-1.83737,4,8683,1,0
238,1,970954.0,971025.94,7,4.57297,4,8685,1,0
20,2,974112.3,974359.06,9,-2.39191,4,8685,1,0
376,1,974300.8,975287.94,11,-17.4423,4,8685,1,0
376,2,974300.8,975287.94,11,-17.4423,4,8685,1,0
172,1,974412.75,976223.1,12,0.0891732,4,8685,1,0
246,1,974888.3,975340.94,10,-13.5217,4,8681,1,0
246,2,974888.3,975340.94,10,-13.5217,4,8681,1,0
398,2,976710.56,976782.56,7,6.4549,4,8685,1,0
333,2,977279.6,977351.56,7,-3.2657,4,8685,1,0
178,1,978127.25,979937.7,12,0.0,4,8681,0,1
178,2,978127.25,979937.7,12,0.0,4,8681,1,0
238,1,978329.4,978401.3,7,0.0,4,8685,1,0
401,2,978747.8,978819.75,7,-5.08763,4,8683,1,0
165,1,980336.7,980583.44,9,-6.11006,4,8681,1,0
336,2,981287.2,983097.6,12,-2.3004,4,8685,0,1
94,2,981320.56,983131.0,12,-11.3116,4,8681,0,1
335,1,982441.2,984251.56,12,-6.80073,4,8681,0,1
124,1,983343.7,983590.44,9,-1.80292,4,8681,0,1
23,2,984822.6,984894.56,7,6.57647,4,8681,1,0
92,2,985619.25,986071.9,10,0.0,4,8681,0,1
271,1,988981.94,989053.9,7,-7.69821,4,8681,1,0
34,1,989065.0,989311.75,9,5.18247,4,8681,1,0
34,2,989065.0,989311.75,9,5.18247,4,8681,1,0
40,2,990509.94,990581.94,7,11.6179,4,8685,1,0
207,2,993369.7,993503.3,8,17.0381,4,8685,0,1
387,1,993779.2,995589.6,12,-9.55292,4,8681,1,0
159,1,994576.06,994822.8,9,-8.82266,4,8685,1,0
159,2,994576.06,994822.8,9,-8.82266,4,8685,1,0
315,2,995054.94,995301.7,9,-10.3075,4,8683,1,0
219,1,995477.6,997288.0,12,0.0,4,8681,0,1
219,2,995477.6,997288.0,12,0.0,4,8681,1,0
72,1,999513.4,999966.0,10,6.2006,4,8681,1,0
259,2,999665.7,999799.3,8,-9.5773,4,8681,1,0
255,1,1001720.9,1001967.6,9,-11.0698,4,8681,1,0
221,1,1002397.4,1004207.8,12,0.0,4,8685,1,0
221,2,1002397.4,1004207.8,12,0.0,4,8685,1,0
324,1,1003636.8,1003770.44,8,-9.28471,4,8685,1,0
324,2,1003636.8,1003770.44,8,-9.28471,4,8685,1,0
102,1,1003665.5,1003737.5,7,4.42974,4,8681,1,0
340,1,1005205.1,1005451.9,9,-2.8659,4,8683,1,0
340,2,1005205.1,1005451.9,9,-2.8659,4,8683,1,0
211,1,1005804.3,1007614.75,12,-19.1854,4,8685,1,0
211,2,1005804.3,1007614.75,12,-19.1854,4,8685,0,1
197,1,1006141.44,1006388.2,9,6.7004,4,8685,1,0
233,2,1007247.9,1007319.8,7,1.40913,4,8685,1,0
73,1,1007749.25,1007821.25,7,-5.70517,4,8685,1,0
201,2,1015226.25,1017036.7,12,-10.5122,4,8685,1,0
206,1,1015300.5,1016287.6,11,-13.1278,4,8685,1,0
206,2,1015300.5,1016287.6,11,-13.1278,4,8685,1,0
103,1,1015467.06,1015600.6,8,16.7338,4,8681,1,0
252,1,1016801.2,1017788.3,11,0.0,4,8683,1,0
382,1,1017727.6,1018714.75,11,0.0,4,8681,1,0
237,2,1019054.8,1019301.56,9,-14.4008,4,8681,0,1
159,2,1019254.44,1019501.25,9,-7.991,4,8685,0,1
333,2,1019986.3,1020058.3,7,-0.696746,4,8685,1,0
294,1,1022834.9,1023822.0,11,-4.53203,4,8683,1,0
294,2,1022834.9,1023822.0,11,-4.53203,4,8683,1,0
357,1,1023849.3,1024096.06,9,-1.86647,4,8685,1,0
381,2,1024150.1,1024222.06,7,0.561875,4,8683,1,0
96,1,1025968.6,1026040.5,7,8.76808,4,8681,1,0
96,2,1025968.6,1026040.5,7,8.76808,4,8681,1,0
241,2,1026034.2,1027021.4,11,6.19949,4,8685,1,0
148,1,1026133.44,1026380.25,9,-9.58809,4,8685,1,0
5,1,1027748.7,1029559.06,12,-9.0883,4,8681,1,0
5,2,1027748.7,1029559.06,12,-9.0883,4,8681,1,0
152,1,1028475.0,1028608.6,8,-9.94047,4,8681,1,0
290,2,1030861.56,1031314.2,10,0.267411,4,8681,1,0
246,2,1031152.0,1031604.6,10,-8.6506,4,8685,1,0
271,1,1032378.2,1032450.06,7,-1.61441,4,8685,1,0
338,1,1034120.4,1034192.25,7,-4.60716,4,8681,1,0
344,1,1034468.75,1036279.2,12,-11.2458,4,8685,0,1
344,2,1034468.75,1036279.2,12,-11.2458,4,8685,0,1
398,2,1036046.0,1036117.94,7,11.2642,4,8685,1,0
19,1,1036448.75,1036901.4,10,-10.6209,4,8681,0,1
177,1,1037069.2,1037202.9,8,-11.692,4,8683,0,1
177,2,1037069.2,1037202.9,8,-11.692,4,8683,0,1
238,1,1039211.44,1039283.3,7,23.3737,4,8683,1,0
274,1,1039664.3,1039736.2,7,4.72924,4,8683,1,0
392,2,1040791.75,1041244.4,10,-2.73363,4,8685,1,0
154,1,1041029.8,1042840.2,12,-15.7088,4,8681,1,0
154,2,1041029.8,1042840.2,12,-15.7088,4,8681,0,1
63,1,1041262.06,1041395.75,8,-8.62433,4,8685,1,0
63,2,1041262.06,1041395.75,8,-8.62433,4,8685,1,0
223,1,1041597.9,1041844.75,9,4.35762,4,8685,1,0
155,1,1041644.3,1042631.5,11,-18.4155,4,8685,1,0
155,2,1041644.3,1042631.5,11,-18.4155,4,8685,0,1
151,1,1041794.44,1042247.06,10,-12.771,4,8685,1,0
151,2,1041794.44,1042247.06,10,-12.771,4,8685,1,0
152,1,1041838.25,1041971.94,8,-10.6276,4,8685,1,0
216,1,1042793.7,1043246.3,10,-13.8267,4,8681,1,0
216,2,1042793.7,1043246.3,10,-13.8267,4,8681,1,0
233,2,1044288.56,1044360.5,7,-8.94829,4,8685,1,0
95,1,1045429.44,1046416.6,11,-3.77589,4,8681,1,0
44,2,1048723.6,1049176.2,10,-9.52757,4,8685,1,0
142,1,1048866.6,1049319.2,10,-6.95549,4,8681,1,0
142,2,1048866.6,1049319.2,10,-6.95549,4,8681,1,0
115,2,1049632.8,1050085.5,10,0.44275,4,8685,1,0
358,1,1051065.5,1051199.2,8,0.105424,4,8681,1,0
358,2,1051065.5,1051199.2,8,0.105424,4,8681,1,0
263,1,1057194.4,1057266.2,7,-8.92572,4,8681,1,0
362,1,1058035.1,1058282.0,9,5.13924,4,8683,0,1
137,1,1058083.5,1059893.9,12,0.0,4,8685,0,1
65,1,1063771.8,1064018.5,9,-11.2036,4,8685,1,0
65,2,1063771.8,1064018.5,9,-11.2036,4,8685,1,0
263,1,1064694.4,1064766.2,7,-0.21173,4,8685,1,0
263,2,1064694.4,1064766.2,7,-0.21173,4,8685,1,0
55,1,1070179.0,1071166.1,11,-15.9739,4,8685,1,0
238,1,1072961.2,1073033.2,7,-5.72929,4,8685,1,0
238,2,1072961.2,1073033.2,7,-5.72929,4,8685,1,0
285,2,1073498.0,1073744.9,9,8.76933,4,8685,1,0
364,1,1074908.5,1076718.9,12,-5.74429,4,8685,1,0
364,2,1074908.5,1076718.9,12,-5.74429,4,8685,0,1
384,2,1075132.0,1075584.6,10,-5.05934,4,8681,0,1
388,1,1077058.5,1078045.6,11,-12.2619,4,8685,1,0
388,2,1077058.5,1078045.6,11,-12.2619,4,8685,1,0
163,1,1078151.4,1078604.0,10,-14.8561,4,8685,1,0
111,1,1081569.1,1083379.5,12,3.40387,4,8685,0,1
375,1,1081863.1,1083673.6,12,-19.2672,4,8681,0,1
375,2,1081863.1,1083673.6,12,-19.2672,4,8681,1,0
140,1,1082270.6,1082342.5,7,-4.21609,4,8685,1,0
140,2,1082270.6,1082342.5,7,-4.21609,4,8685,1,0
227,1,1083639.6,1084626.9,11,-4.37225,4,8685,1,0
227,2,1083639.6,1084626.9,11,-4.37225,4,8685,1,0
346,2,1088000.9,1089811.2,12,-8.21947,4,8681,1,0
79,2,1092432.5,1092679.4,9,-7.03532,4,8681,1,0
109,1,1093345.6,1093798.2,10,1.28551,4,8685,1,0
109,2,1093345.6,1093798.2,10,1.28551,4,8685,0,1
67,1,1095531.8,1095984.4,10,-13.9756,4,8685,1,0
67,2,1095531.8,1095984.4,10,-13.9756,4,8685,1,0
101,1,1096307.9,1096760.5,10,-2.7225,4,8685,1,0
245,1,1098034.5,1099021.8,11,0.0,4,8685,0,1
19,1,1099963.4,1100416.0,10,-11.7588,4,8681,1,0
19,2,1099963.4,1100416.0,10,-11.7588,4,8681,1,0
17,1,1100457.4,1100704.2,9,-11.165,4,8681,1,0
193,1,1101356.8,1103167.1,12,-11.6842,4,8685,1,0
300,1,1104384.1,1104517.9,8,-11.8391,4,8685,1,0
275,1,1104569.9,1104816.6,9,-14.2882,4,8681,1,0
176,1,1104735.8,1105188.4,10,-15.2887,4,8681,1,0
312,1,1108220.5,1108354.1,8,4.56955,4,8685,1,0
370,2,1109233.5,1111044.0,12,-18.8426,4,8681,1,0
196,1,1109467.6,1109920.2,10,-16.0509,4,8681,1,0
146,1,1110171.9,1111982.2,12,0.0,4,8681,0,1
351,2,1111922.0,1112168.9,9,-9.83726,4,8683,1,0
198,1,1111960.6,1112032.5,7,-3.21513,4,8683,1,0
248,2,1113804.2,1113937.9,8,0.0,4,8685,1,0
218,2,1114362.9,1114815.5,10,-0.472854,4,8685,1,0
252,1,1115514.8,1116502.0,11,-19.211,4,8685,1,0
164,1,1115943.0,1116014.9,7,5.52216,4,8685,1,0
164,2,1115943.0,1116014.9,7,5.52216,4,8685,1,0
48,2,1117014.9,1117148.5,8,-6.62648,4,8683,0,1
79,1,1117110.9,1117357.6,9,5.05853,4,8685,1,0
114,2,1119090.2,1120077.4,11,-2.81049,4,8681,1,0
15,1,1120062.1,1121872.5,12,-21.5518,4,8685,0,1
384,1,1120392.8,1120845.4,10,-10.7213,4,8685,1,0
384,2,1120392.8,1120845.4,10,-10.7213,4,8685,1,0
7,1,1120433.6,1121420.8,11,-8.83005,4,8685,1,0
385,1,1120754.6,1120826.5,7,-8.26254,4,8685,1,0
385,2,1120754.6,1120826.5,7,-8.26254,4,8685,1,0
147,1,1122290.5,1124101.0,12,0.0,4,8685,0,1
173,1,1123132.4,1123379.1,9,0.0,4,8683,0,1
173,2,1123132.4,1123379.1,9,0.0,4,8683,1,0
37,2,1123158.1,1123230.0,7,15.8934,4,8685,1,0
241,2,1124747.8,1125735.0,11,0.0,4,8685,1,0
22,2,1124920.4,1125907.6,11,0.0,4,8681,1,0
68,1,1125715.4,1125962.1,9,-13.7109,4,8685,1,0
112,1,1126845.0,1127297.6,10,-3.42567,4,8681,1,0
385,1,1127948.2,1128020.1,7,-7.97386,4,8685,1,0
385,2,1127948.2,1128020.1,7,-7.97386,4,8685,1,0
60,2,1128378.9,1128512.6,8,-11.909,4,8685,1,0
12,1,1128505.8,1128577.6,7,30.5138,4,8681,1,0
348,1,1129720.2,1129967.0,9,-8.47591,4,8681,1,0
348,2,1129720.2,1129967.0,9,-8.47591,4,8681,1,0
314,1,1130949.1,1132759.5,12,-4.88879,4,8685,1,0
281,1,1131911.6,1131983.5,7,7.67595,4,8685,1,0
261,1,1133287.5,1135097.9,12,0.0,4,8685,0,1
283,1,1136369.2,1136821.9,10,-6.14044,4,8681,1,0
283,2,1136369.2,1136821.9,10,-6.14044,4,8681,1,0
324,2,1137807.5,1137941.1,8,0.0391854,4,8683,1,0
56,1,1139002.9,1139136.6,8,-9.38045,4,8681,1,0
56,2,1139002.9,1139136.6,8,-9.38045,4,8681,0,1
36,2,1139054.8,1140041.9,11,0.0,4,8685,1,0
189,2,1139792.9,1141603.2,12,0.0,4,8685,1,0
362,1,1141009.6,1141256.5,9,-13.7026,4,8685,1,0
278,1,1141088.6,1142899.0,12,-11.7258,4,8685,1,0
217,1,1143059.4,1143193.0,8,-4.94913,4,8685,1,0
217,2,1143059.4,1143193.0,8,-4.94913,4,8685,1,0
105,1,1144080.2,1145067.4,11,5.16933,4,8685,1,0
105,2,1144080.2,1145067.4,11,5.16933,4,8685,1,0
289,1,1144954.2,1145941.4,11,-17.8501,4,8683,1,0
289,2,1144954.2,1145941.4,11,-17.8501,4,8683,0,1
313,2,1145467.6,1146454.9,11,-14.3756,4,8685,0,1
13,2,1146964.1,1147097.8,8,3.91383,4,8683,1,0
307,1,1149136.9,1150947.2,12,-12.4792,4,8683,1,0
307,2,1149136.9,1150947.2,12,-12.4792,4,8683,1,0
138,2,1152039.2,1152173.0,8,-11.1443,4,8685,1,0
158,1,1152277.8,1152411.4,8,-9.74339,4,8685,1,0
204,1,1152649.1,1152896.0,9,10.8016,4,8681,1,0
277,2,1152746.9,1152880.5,8,-0.858565,4,8681,1,0
383,1,1153717.5,1153851.2,8,-7.51311,4,8685,1,0
21,1,1153794.6,1155605.1,12,-8.07272,4,8685,1,0
21,2,1153794.6,1155605.1,12,-8.07272,4,8685,1,0
243,2,1157424.8,1159235.2,12,0.574815,4,8685,0,1
26,1,1157600.0,1159410.4,12,-4.24066,4,8685,1,0
213,2,1159257.6,1159504.4,9,-4.60243,4,8683,1,0
310,1,1160927.4,1161914.5,11,-14.6764,4,8685,0,1
310,2,1160927.4,1161914.5,11,-14.6764,4,8685,1,0
336,2,1162330.4,1164140.8,12,-15.949,4,8685,0,1
23,2,1162517.9,1162589.8,7,4.19277,4,8685,1,0
86,1,1162643.2,1162890.1,9,-3.90625,4,8685,1,0
86,2,1162643.2,1162890.1,9,-3.90625,4,8685,1,0
128,1,1163204.8,1163338.4,8,0.761155,4,8685,1,0
95,2,1163242.2,1164229.4,11,-2.1512,4,8681,0,1
335,1,1163484.4,1165294.8,12,-20.516,4,8685,0,1
155,1,1163708.1,1164695.2,11,-7.95196,4,8683,0,1
374,1,1164756.5,1165209.1,10,-0.788024,4,8681,1,0
119,2,1165293.5,1165365.4,7,0.0,4,8683,1,0
284,2,1171897.1,1172349.8,10,-13.6313,4,8683,1,0
174,1,1172471.0,1174281.4,12,-10.4047,4,8685,1,0
174,2,1172471.0,1174281.4,12,-10.4047,4,8685,1,0
387,2,1174822.4,1176632.8,12,6.02362,4,8681,0,1
103,1,1176376.9,1176510.5,8,0.0,4,8685,1,0
69,2,1176661.8,1176795.4,8,5.33406,4,8685,1,0
383,2,1176961.8,1177095.5,8,4.53525,4,8683,1,0
392,2,1178070.9,1178523.5,10,-9.40515,4,8683,0,1
219,1,1181204.0,1183014.4,12,-19.8781,4,8685,1,0
92,2,1182149.0,1182601.6,10,-13.1998,4,8681,1,0
281,1,1182285.2,1182357.1,7,4.87548,4,8683,1,0
285,2,1182720.4,1182967.1,9,-12.0217,4,8683,1,0
384,1,1183479.8,1183932.4,10,-1.99272,4,8685,1,0
384,2,1183479.8,1183932.4,10,-1.99272,4,8685,1,0
43,1,1184230.6,1184364.2,8,0.0,4,8685,1,0
110,2,1184985.9,1186796.2,12,-7.80548,4,8683,0,1
35,2,1186513.6,1186966.2,10,-5.09058,4,8685,0,1
225,2,1188417.1,1188489.0,7,-0.178664,4,8685,1,0
308,2,1188424.4,1188877.0,10,-14.9208,4,8685,1,0
331,1,1188502.5,1190312.9,12,-17.7905,4,8685,1,0
331,2,1188502.5,1190312.9,12,-17.7905,4,8685,1,0
254,2,1191376.6,1191448.5,7,0.0,4,8685,1,0
231,1,1191646.0,1193456.4,12,-9.05249,4,8685,1,0
127,2,1192116.0,1193926.4,12,-17.8226,4,8685,0,1
195,1,1195099.6,1196910.0,12,-21.8376,4,8681,0,1
186,2,1196169.4,1196622.1,10,2.01038,4,8681,1,0
329,2,1196664.8,1197117.4,10,-3.39091,4,8685,1,0
87,2,1196669.4,1198479.9,12,-16.6109,4,8681,1,0
220,1,1196855.8,1196927.6,7,12.0746,4,8685,1,0
16,2,1196874.8,1198685.1,12,-19.3703,4,8685,1,0
372,1,1197308.6,1199119.0,12,0.0,4,8685,0,1
262,2,1199132.0,1199265.6,8,-2.97575,4,8683,1,0
299,1,1199392.8,1199845.4,10,-13.0111,4,8683,1,0
299,2,1199392.8,1199845.4,10,-13.0111,4,8683,1,0
203,1,1203645.0,1203716.9,7,18.0609,4,8681,1,0
203,2,1203645.0,1203716.9,7,18.0609,4,8681,1,0
4,2,1204326.4,1206136.9,12,0.0,4,8681,1,0
263,1,1205200.6,1205272.6,7,12.2516,4,8685,1,0
73,2,1205798.1,1205870.0,7,0.0,4,8685,1,0
30,2,1206959.6,1207031.5,7,1.1106,4,8681,1,0
83,1,1207496.4,1207568.2,7,-8.19292,4,8681,0,1
83,2,1207496.4,1207568.2,7,-8.19292,4,8681,1,0
225,1,1207604.0,1207675.9,7,-2.45277,4,8685,0,1
253,1,1207721.1,1209531.5,12,-0.860992,4,8681,0,1
253,2,1207721.1,1209531.5,12,-0.860992,4,8681,0,1
23,2,1207895.2,1207967.1,7,21.1763,4,8685,1,0
5,2,1208791.9,1210602.2,12,-19.2886,4,8681,1,0
132,1,1209656.0,1209727.9,7,21.3674,4,8681,1,0
132,2,1209656.0,1209727.9,7,21.3674,4,8681,1,0
374,2,1210017.2,1210469.9,10,-5.79446,4,8685,1,0
172,1,1210768.6,1212579.1,12,-11.6466,4,8683,0,1
172,2,1210768.6,1212579.1,12,-11.6466,4,8683,1,0
273,1,1212145.9,1212217.8,7,0.0,4,8685,1,0
273,2,1212145.9,1212217.8,7,0.0,4,8685,1,0
398,2,1212719.9,1212791.8,7,18.9779,4,8683,1,0
188,1,1214543.2,1214615.1,7,-2.23765,4,8683,1,0
242,2,1215293.0,1215364.9,7,-8.1293,4,8681,0,1
319,2,1215373.1,1215825.8,10,-9.71802,4,8681,0,1
344,2,1215512.0,1217322.4,12,-17.9604,4,8683,0,1
126,1,1219093.9,1219227.5,8,-11.3681,4,8685,1,0
126,2,1219093.9,1219227.5,8,-11.3681,4,8685,1,0
7,1,1219147.2,1220134.4,11,0.570847,4,8685,1,0
7,2,1219147.2,1220134.4,11,0.570847,4,8685,1,0
294,1,1220262.1,1221249.2,11,-14.7205,4,8683,0,1
14,1,1221091.6,1222902.1,12,-7.46338,4,8681,1,0
250,1,1221760.0,1223570.4,12,0.0,4,8685,1,0
273,1,1221854.6,1221926.5,7,17.4951,4,8683,1,0
273,2,1221854.6,1221926.5,7,17.4951,4,8683,1,0
283,2,1222292.4,1222745.0,10,-8.12823,4,8685,1,0
274,1,1222959.1,1223031.0,7,0.760712,4,8685,1,0
22,2,1223634.0,1224621.2,11,-6.13766,4,8685,1,0
109,1,1226646.9,1227099.5,10,-13.8784,4,8685,1,0
68,1,1227696.5,1227943.4,9,-11.8862,4,8685,1,0
132,1,1231247.0,1231318.9,7,-7.47827,4,8685,1,0
35,1,1231774.4,1232227.0,10,-13.5741,4,8683,1,0
192,1,1232162.5,1232409.2,9,-11.231,4,8681,0,1
164,1,1232519.0,1232591.0,7,4.03906,4,8683,1,0
164,2,1232519.0,1232591.0,7,4.03906,4,8683,1,0
308,2,1233685.0,1234137.8,10,-13.6209,4,8683,1,0
271,1,1233939.9,1234011.8,7,10.9899,4,8685,1,0
92,1,1235661.2,1236113.9,10,-13.6553,4,8685,1,0
92,2,1235661.2,1236113.9,10,-13.6553,4,8685,1,0
141,1,1238077.5,1238324.4,9,-2.17641,4,8685,1,0
282,2,1238306.1,1238553.0,9,-1.93881,4,8685,1,0
165,2,1238612.0,1238858.9,9,-13.861,4,8685,1,0
353,1,1239659.5,1241470.0,12,-5.18159,4,8685,0,1
394,1,1240838.0,1240971.6,8,-7.7964,4,8683,0,1
394,2,1240838.0,1240971.6,8,-7.7964,4,8683,0,1
296,1,1242635.0,1242706.9,7,8.1352,4,8683,1,0
276,1,1244533.9,1246344.2,12,-13.8613,4,8681,1,0
276,2,1244533.9,1246344.2,12,-13.8613,4,8681,0,1
251,2,1244846.5,1244918.5,7,2.22223,4,8685,1,0
218,2,1244863.5,1245316.1,10,2.46622,4,8683,1,0
151,2,1245637.4,1246090.0,10,-3.30675,4,8683,0,1
313,2,1245762.6,1246749.8,11,-12.7195,4,8683,0,1
30,1,1245794.1,1245866.0,7,0.0530861,4,8685,1,0
30,2,1245794.1,1245866.0,7,0.0530861,4,8685,1,0
177,1,1245899.5,1246033.2,8,0.685685,4,8685,1,0
329,2,1246036.5,1246489.1,10,2.4886,4,8683,1,0
226,2,1249515.1,1249587.0,7,4.82446,4,8685,1,0
217,1,1250080.6,1250214.2,8,-8.93478,4,8683,1,0
217,2,1250080.6,1250214.2,8,-8.93478,4,8683,1,0
256,2,1250101.2,1250173.1,7,18.5799,4,8685,1,0
275,1,1251199.4,1251446.1,9,-8.48544,4,8685,1,0
275,2,1251199.4,1251446.1,9,-8.48544,4,8685,1,0
237,1,1251471.9,1251718.8,9,-5.83337,4,8681,1,0
237,2,1251471.9,1251718.8,9,-5.83337,4,8681,1,0
306,1,1254091.8,1254163.8,7,-4.94788,4,8681,1,0
306,2,1254091.8,1254163.8,7,-4.94788,4,8681,0,1
139,2,1254197.2,1254649.9,10,-13.147,4,8683,0,1
153,1,1254210.4,1254344.0,8,-11.5394,4,8683,1,0
153,2,1254210.4,1254344.0,8,-11.5394,4,8683,0,1
251,2,1259216.4,1259288.4,7,-4.98422,4,8683,1,0
176,1,1260351.9,1260804.6,10,-7.92668,4,8685,1,0
176,2,1260351.9,1260804.6,10,-7.92668,4,8685,1,0
399,1,1260741.9,1261194.5,10,-14.0028,4,8683,1,0
399,2,1260741.9,1261194.5,10,-14.0028,4,8683,1,0
232,2,1261234.6,1261687.2,10,-11.3495,4,8681,1,0
170,2,1262402.2,1264212.6,12,0.0,4,8685,1,0
155,2,1262421.8,1263408.9,11,0.0,4,8685,1,0
165,2,1263290.4,1263537.2,9,0.0,4,8685,1,0
169,1,1263631.2,1264618.4,11,0.0,4,8683,1,0
169,2,1263631.2,1264618.4,11,0.0,4,8683,0,1
352,1,1265259.6,1265712.2,10,10.0625,4,8685,1,0
318,2,1269774.8,1270762.0,11,-1.8569,4,8681,1,0
340,2,1270833.5,1271080.4,9,-11.0007,4,8685,1,0
160,1,1271250.9,1271703.5,10,1.60072,4,8685,1,0
160,2,1271250.9,1271703.5,10,1.60072,4,8685,1,0
131,2,1272616.6,1272688.5,7,-2.51509,4,8681,1,0
366,1,1273770.8,1274757.9,11,-12.2506,4,8685,1,0
355,2,1274296.2,1276106.8,12,-18.8809,4,8685,1,0
264,1,1276169.2,1276303.0,8,2.56766,4,8685,1,0
389,1,1276326.8,1276573.6,9,-8.23286,4,8685,1,0
301,1,1276474.9,1276546.8,7,9.63119,4,8685,1,0
299,1,1277399.0,1277851.6,10,0.0,4,8685,1,0
284,2,1279164.2,1279617.0,10,0.0,4,8685,1,0
84,2,1280594.6,1281047.2,10,-4.87581,4,8681,1,0
138,1,1283411.0,1283544.6,8,-6.8977,4,8683,1,0
262,2,1283666.0,1283799.6,8,10.7154,4,8683,1,0
117,2,1284878.4,1285331.0,10,-12.3823,4,8681,0,1
323,1,1287266.6,1289077.0,12,-14.3324,4,8683,1,0
323,2,1287266.6,1289077.0,12,-14.3324,4,8683,1,0
165,2,1287968.9,1288215.8,9,-4.53429,4,8683,1,0
312,1,1288685.6,1288819.4,8,-6.98529,4,8685,1,0
255,1,1289071.6,1289318.5,9,-9.08528,4,8685,1,0
255,2,1289071.6,1289318.5,9,-9.08528,4,8685,1,0
206,1,1289941.4,1290928.6,11,0.0,4,8683,1,0
206,2,1289941.4,1290928.6,11,0.0,4,8683,1,0
383,1,1294757.1,1294890.8,8,-4.11117,4,8685,1,0
383,2,1294757.1,1294890.8,8,-4.11117,4,8685,1,0
340,1,1295511.9,1295758.6,9,-12.0895,4,8683,1,0
33,1,1295858.2,1296845.5,11,0.0,4,8685,1,0
9,1,1296245.1,1296492.0,9,-12.6628,4,8683,1,0
75,1,1297158.8,1297292.4,8,-6.40747,4,8683,1,0
356,1,1297295.8,1297542.6,9,-12.2502,4,8685,1,0
356,2,1297295.8,1297542.6,9,-12.2502,4,8685,1,0
358,1,1298909.0,1299042.8,8,-10.3821,4,8685,1,0
63,1,1300004.8,1300138.4,8,-6.78953,4,8683,1,0
63,2,1300004.8,1300138.4,8,-6.78953,4,8683,0,1
73,1,1300749.2,1300821.1,7,-6.87044,4,8685,1,0
73,2,1300749.2,1300821.1,7,-6.87044,4,8685,1,0
15,2,1301105.4,1302915.8,12,0.0,4,8685,1,0
18,1,1302133.4,1303943.9,12,0.0,4,8681,0,1
18,2,1302133.4,1303943.9,12,0.0,4,8681,1,0
257,1,1302361.5,1304171.9,12,0.0,4,8683,0,1
257,2,1302361.5,1304171.9,12,0.0,4,8683,1,0
3,2,1303193.8,1305004.1,12,0.0,4,8685,0,1
147,1,1303333.8,1305144.1,12,0.0,4,8685,0,1
32,2,1303541.1,1303674.8,8,10.1153,4,8683,1,0
373,1,1308902.4,1309355.0,10,-10.7722,4,8681,1,0
171,1,1311373.4,1312360.6,11,-8.18301,4,8681,1,0
171,2,1311373.4,1312360.6,11,-8.18301,4,8681,1,0
201,2,1311880.1,1313690.5,12,-5.94092,4,8683,1,0
350,1,1312513.2,1314323.8,12,-11.2046,4,8681,1,0
350,2,1312513.2,1314323.8,12,-11.2046,4,8681,1,0
145,1,1312664.9,1313652.1,11,-11.4477,4,8681,1,0
145,2,1312664.9,1313652.1,11,-11.4477,4,8681,1,0
29,1,1314451.4,1316261.9,12,0.0,4,8681,1,0
332,2,1316608.0,1317060.6,10,-14.0469,4,8685,0,1
211,2,1316979.2,1318789.6,12,-9.42075,4,8685,1,0
133,2,1317777.5,1318230.1,10,-15.4005,4,8681,1,0
7,2,1317860.9,1318848.0,11,-0.20494,4,8683,1,0
294,1,1318975.8,1319962.9,11,-13.6667,4,8683,1,0
138,2,1319883.8,1320017.5,8,-3.95843,4,8683,1,0
73,1,1321844.9,1321916.8,7,-9.29652,4,8683,1,0
73,2,1321844.9,1321916.8,7,-9.29652,4,8683,1,0
234,1,1323219.6,1323466.4,9,-6.22209,4,8681,1,0
234,2,1323219.6,1323466.4,9,-6.22209,4,8681,1,0
114,1,1324858.4,1325845.6,11,0.898103,4,8685,1,0
114,2,1324858.4,1325845.6,11,0.898103,4,8685,1,0
214,1,1325717.4,1325789.2,7,10.9674,4,8685,1,0
214,2,1325717.4,1325789.2,7,10.9674,4,8685,1,0
32,1,1327140.1,1327273.8,8,-8.80463,4,8685,1,0
235,1,1330902.6,1330974.5,7,-2.64464,4,8685,1,0
98,1,1333683.0,1335493.4,12,-19.1629,4,8681,1,0
21,1,1334837.9,1336648.4,12,-0.76068,4,8685,1,0
21,2,1334837.9,1336648.4,12,-0.76068,4,8685,0,1
306,2,1335500.6,1335572.5,7,27.9848,4,8681,1,0
224,1,1335682.1,1335754.0,7,-2.67725,4,8683,1,0
224,2,1335682.1,1335754.0,7,-2.67725,4,8683,1,0
203,1,1335845.9,1335917.8,7,6.24101,4,8681,1,0
212,2,1337608.8,1337680.6,7,5.92234,4,8681,1,0
163,1,1339248.0,1339700.6,10,-10.6178,4,8683,0,1
163,2,1339248.0,1339700.6,10,-10.6178,4,8683,1,0
248,1,1339829.5,1339963.1,8,-10.6839,4,8683,1,0
248,2,1339829.5,1339963.1,8,-10.6839,4,8683,1,0
149,2,1340634.1,1341086.8,10,0.0,4,8685,0,1
336,2,1343373.5,1345184.0,12,12.5956,4,8683,1,0
271,1,1343383.9,1343455.8,7,7.46442,4,8683,1,0
335,2,1344527.6,1346338.0,12,0.0,4,8685,1,0
237,2,1344757.0,1345003.8,9,-11.2172,4,8685,1,0
369,1,1348813.2,1349265.9,10,-0.995849,4,8685,1,0
369,2,1348813.2,1349265.9,10,-0.995849,4,8685,1,0
27,1,1348821.4,1350631.9,12,-18.476,4,8685,1,0
27,2,1348821.4,1350631.9,12,-18.476,4,8685,1,0
252,1,1348977.9,1349965.1,11,-4.41112,4,8683,1,0
252,2,1348977.9,1349965.1,11,-4.41112,4,8683,1,0
68,2,1349956.4,1350203.2,9,-6.94411,4,8683,1,0
20,1,1350614.5,1350861.4,9,3.83355,4,8685,1,0
247,2,1352945.1,1353078.8,8,4.33175,4,8683,1,0
345,1,1353164.1,1353236.1,7,11.5166,4,8685,1,0
36,1,1353252.1,1354239.2,11,-5.3849,4,8685,1,0
281,1,1355179.8,1355251.6,7,0.0,4,8685,1,0
387,1,1355865.6,1357676.0,12,0.0,4,8685,0,1
263,1,1356137.6,1356209.5,7,0.0,4,8683,1,0
385,2,1357476.6,1357548.6,7,-6.9973,4,8683,1,0
345,1,1360357.8,1360429.8,7,33.7331,4,8683,1,0
345,2,1360357.8,1360429.8,7,33.7331,4,8683,1,0
123,1,1361303.8,1361375.6,7,17.8879,4,8685,1,0
219,1,1362247.2,1364057.6,12,-20.0284,4,8685,0,1
219,2,1362247.2,1364057.6,12,-20.0284,4,8685,1,0
263,1,1363331.1,1363403.1,7,-9.1656,4,8685,0,1
227,1,1363612.1,1364599.4,11,-10.677,4,8685,0,1
221,2,1364483.8,1366294.2,12,0.0,4,8683,1,0
164,1,1364717.8,1364789.6,7,3.63101,4,8685,1,0
205,1,1365248.0,1367058.5,12,0.0,4,8685,0,1
41,2,1365520.0,1365591.9,7,6.5959,4,8685,1,0
110,2,1366029.0,1367839.5,12,0.0,4,8685,0,1
357,1,1371320.0,1371566.8,9,-2.71939,4,8685,1,0
299,1,1373567.5,1374020.1,10,-14.5477,4,8683,1,0
185,1,1374209.2,1376019.6,12,-20.5661,4,8685,1,0
185,2,1374209.2,1376019.6,12,-20.5661,4,8685,1,0
315,1,1376430.1,1376677.0,9,5.21366,4,8685,1,0
87,2,1377712.6,1379523.1,12,0.0,4,8685,1,0
372,1,1378351.6,1380162.1,12,0.0,4,8685,0,1
356,2,1379684.5,1379931.2,9,-10.8758,4,8683,1,0
75,1,1379799.0,1379932.6,8,0.0,4,8685,0,1
75,2,1379799.0,1379932.6,8,0.0,4,8685,1,0
305,1,1379941.1,1380013.0,7,-4.93062,4,8685,1,0
109,1,1384477.5,1384930.1,10,1.14305,4,8683,1,0
109,2,1384477.5,1384930.1,10,1.14305,4,8683,1,0
251,2,1384795.8,1384867.6,7,-7.07498,4,8685,1,0
60,2,1386044.6,1386178.4,8,5.37555,4,8683,1,0
262,2,1386458.1,1386591.8,8,8.33658,4,8681,1,0
261,2,1387314.6,1389125.0,12,-7.88263,4,8685,1,0
122,2,1388978.4,1389431.0,10,-14.1944,4,8685,1,0
5,1,1389835.0,1391645.4,12,-13.7774,4,8685,1,0
5,2,1389835.0,1391645.4,12,-13.7774,4,8685,1,0
59,1,1391044.2,1391291.1,9,9.78718,4,8685,1,0
30,2,1391966.0,1392037.9,7,0.0119027,4,8685,1,0
95,1,1394136.2,1395123.4,11,0.0,4,8685,0,1
95,2,1394136.2,1395123.4,11,0.0,4,8685,1,0
242,1,1394404.6,1394476.5,7,0.0,4,8685,0,1
242,2,1394404.6,1394476.5,7,0.0,4,8685,1,0
344,2,1396555.1,1398365.6,12,-6.85289,4,8685,0,1
232,2,1397528.8,1397981.5,10,-12.7848,4,8685,0,1
229,1,1399414.6,1401225.1,12,1.1046,4,8685,1,0
229,2,1399414.6,1401225.1,12,1.1046,4,8685,1,0
38,1,1399587.0,1401397.5,12,-0.910033,4,8681,1,0
358,1,1401692.9,1401826.5,8,6.88995,4,8685,1,0
358,2,1401692.9,1401826.5,8,6.88995,4,8685,1,0
177,1,1402605.1,1402738.8,8,-6.20518,4,8683,1,0
250,1,1402803.2,1404613.6,12,4.24542,4,8685,0,1
148,1,1404033.6,1404280.4,9,-8.23167,4,8685,1,0
83,2,1405657.1,1405729.0,7,26.4525,4,8685,1,0
245,1,1405757.5,1406744.6,11,-13.9734,4,8685,0,1
245,2,1405757.5,1406744.6,11,-13.9734,4,8685,0,1
258,1,1406566.2,1408376.8,12,0.0,4,8685,0,1
258,2,1406566.2,1408376.8,12,0.0,4,8685,0,1
289,1,1407416.8,1408403.9,11,0.0,4,8685,0,1
380,1,1408249.0,1408701.6,10,-9.73875,4,8685,1,0
380,2,1408249.0,1408701.6,10,-9.73875,4,8685,1,0
222,1,1409578.6,1411389.0,12,0.0,4,8685,1,0
249,1,1410843.2,1410915.1,7,1.97418,4,8681,1,0
251,2,1411411.9,1411483.8,7,4.45302,4,8683,1,0
146,2,1412266.1,1414076.5,12,-15.7544,4,8685,0,1
283,2,1414815.9,1415268.5,10,-5.32425,4,8685,1,0
93,1,1415942.4,1416929.6,11,-15.7408,4,8681,1,0
183,2,1417528.6,1417981.4,10,-16.697,4,8681,0,1
137,1,1420169.9,1421980.4,12,-4.68475,4,8683,1,0
137,2,1420169.9,1421980.4,12,-4.68475,4,8683,1,0
315,1,1420307.1,1420554.0,9,2.3353,4,8683,1,0
315,2,1420307.1,1420554.0,9,2.3353,4,8683,1,0
32,2,1422747.5,1422881.2,8,-7.22818,4,8683,1,0
324,1,1423096.6,1423230.4,8,-0.639571,4,8685,1,0
324,2,1423096.6,1423230.4,8,-0.639571,4,8685,1,0
235,1,1423271.5,1423343.4,7,-7.04625,4,8683,1,0
388,1,1423355.1,1424342.2,11,-16.7807,4,8683,1,0
332,1,1425667.9,1426120.5,10,-11.1826,4,8685,1,0
332,2,1425667.9,1426120.5,10,-11.1826,4,8685,1,0
273,1,1426361.1,1426433.0,7,4.19488,4,8685,1,0
276,1,1426538.6,1428349.0,12,-8.81166,4,8685,1,0
276,2,1426538.6,1428349.0,12,-8.81166,4,8685,1,0
236,1,1429301.1,1429434.9,8,-8.01378,4,8681,1,0
109,1,1429738.2,1430190.9,10,3.84274,4,8685,1,0
224,1,1429803.2,1429875.1,7,1.79317,4,8685,1,0
82,1,1434618.6,1436429.1,12,-0.364547,4,8681,1,0
82,2,1434618.6,1436429.1,12,-0.364547,4,8681,1,0
284,2,1435245.5,1435698.1,10,-6.98633,4,8683,1,0
157,2,1435534.1,1435781.0,9,14.6056,4,8685,1,0
362,1,1437433.0,1437679.8,9,-4.94864,4,8683,1,0
84,2,1439234.0,1439686.6,10,-14.4698,4,8681,1,0
83,1,1440141.4,1440213.2,7,-5.7961,4,8685,1,0
83,2,1440141.4,1440213.2,7,-5.7961,4,8685,1,0
37,2,1441352.2,1441424.2,7,11.5385,4,8683,1,0
99,1,1442268.1,1442720.8,10,-7.90478,4,8685,1,0
162,2,1442403.6,1442856.2,10,-10.7344,4,8685,1,0
13,2,1444260.2,1444393.9,8,-1.84926,4,8685,0,1
191,1,1444480.4,1444727.1,9,-11.5459,4,8683,0,1
356,2,1444613.0,1444859.9,9,-14.0482,4,8683,1,0
34,1,1447110.4,1447357.1,9,-13.8026,4,8681,1,0
34,2,1447110.4,1447357.1,9,-13.8026,4,8681,1,0
252,1,1447691.5,1448678.8,11,-10.3618,4,8683,1,0
358,1,1448970.8,1449104.4,8,-3.99222,4,8683,1,0
358,2,1448970.8,1449104.4,8,-3.99222,4,8683,1,0
45,1,1450256.9,1450328.8,7,19.8639,4,8681,1,0
139,1,1450896.2,1451348.9,10,-15.7439,4,8685,0,1
139,2,1450896.2,1451348.9,10,-15.7439,4,8685,1,0
338,1,1452956.4,1453028.4,7,-1.76042,4,8685,1,0
224,2,1453434.8,1453506.6,7,-5.00102,4,8683,1,0
228,2,1454728.5,1454800.4,7,36.4294,4,8683,1,0
319,1,1454921.4,1455374.0,10,-14.3345,4,8685,1,0
355,2,1455339.4,1457149.8,12,-20.0165,4,8685,0,1
78,1,1455772.4,1455844.2,7,12.1742,4,8681,1,0
325,2,1456061.2,1456195.0,8,6.02316,4,8683,1,0
79,1,1456340.0,1456586.8,9,-7.11098,4,8683,1,0
399,1,1458182.4,1458635.0,10,-13.5701,4,8685,0,1
399,2,1458182.4,1458635.0,10,-13.5701,4,8685,1,0
64,2,1459087.0,1459158.9,7,5.3271,4,8685,1,0
133,1,1460275.8,1460728.4,10,-10.9888,4,8685,1,0
145,2,1462108.8,1463096.0,11,0.0,4,8685,1,0
227,2,1462325.8,1463313.0,11,-14.9285,4,8683,1,0
14,1,1463135.8,1464946.1,12,-12.5619,4,8685,1,0
14,2,1463135.8,1464946.1,12,-12.5619,4,8685,1,0
192,1,1463372.6,1463619.5,9,-6.59993,4,8685,1,0
189,2,1464834.4,1466644.8,12,-12.0131,4,8683,1,0
186,1,1466174.2,1466626.9,10,-8.49786,4,8685,1,0
186,2,1466174.2,1466626.9,10,-8.49786,4,8685,1,0
238,1,1466929.8,1467001.6,7,4.83234,4,8683,1,0
124,1,1469790.4,1470037.2,9,0.0,4,8685,1,0
124,2,1469790.4,1470037.2,9,0.0,4,8685,1,0
148,1,1473362.0,1473608.8,9,-3.22789,4,8685,1,0
223,2,1475508.0,1475754.9,9,-8.70361,4,8685,1,0
115,1,1476238.5,1476691.1,10,-12.6808,4,8683,1,0
402,2,1476249.8,1476321.6,7,0.897782,4,8685,1,0
317,2,1479783.4,1480770.5,11,0.132768,4,8685,1,0
275,1,1480958.9,1481205.8,9,23.8719,4,8685,1,0
53,2,1481687.9,1481821.5,8,-2.23236,4,8681,1,0
15,1,1482148.5,1483959.0,12,0.0,4,8683,1,0
15,2,1482148.5,1483959.0,12,0.0,4,8683,0,1
19,2,1483379.9,1483832.5,10,-14.9636,4,8685,1,0
257,1,1483404.6,1485215.1,12,0.0,4,8685,1,0
257,2,1483404.6,1485215.1,12,0.0,4,8685,1,0
150,1,1483695.4,1483942.2,9,-8.32892,4,8683,1,0
150,2,1483695.4,1483942.2,9,-8.32892,4,8683,1,0
349,1,1483841.1,1484088.0,9,0.0,4,8681,1,0
3,1,1484237.0,1486047.4,12,0.0,4,8683,1,0
147,2,1484377.0,1486187.4,12,-10.5973,4,8683,1,0
255,1,1484570.8,1484817.6,9,-4.83961,4,8685,1,0
163,1,1484580.6,1485033.2,10,-8.3911,4,8685,1,0
283,1,1485165.9,1485618.5,10,-1.20503,4,8683,1,0
183,1,1485787.5,1486240.1,10,6.45928,4,8681,1,0
183,2,1485787.5,1486240.1,10,6.45928,4,8681,1,0
238,1,1486500.0,1486571.9,7,10.0369,4,8683,1,0
193,1,1487629.2,1489439.8,12,-12.6965,4,8685,0,1
280,2,1488366.8,1490177.1,12,-16.1405,4,8685,0,1
298,1,1489182.1,1489634.8,10,9.21486,4,8681,0,1
380,2,1489372.4,1489825.1,10,-13.4182,4,8683,1,0
168,1,1489986.9,1490120.5,8,-1.3786,4,8685,1,0
39,2,1490197.6,1490650.2,10,-8.65976,4,8683,1,0
44,2,1491653.4,1492106.0,10,0.0,4,8685,1,0
391,1,1491728.2,1491800.1,7,9.98894,4,8685,1,0
350,2,1493556.5,1495367.0,12,-17.7021,4,8685,1,0
94,1,1495365.6,1497176.0,12,-14.6931,4,8685,1,0
29,2,1495494.5,1497304.9,12,0.0,4,8685,1,0
20,2,1495830.8,1496077.6,9,-12.9588,4,8685,1,0
117,1,1495992.6,1496445.2,10,-5.9368,4,8685,1,0
117,2,1495992.6,1496445.2,10,-5.9368,4,8685,1,0
194,1,1496173.0,1496244.9,7,-4.7178,4,8683,1,0
374,2,1496951.9,1497404.5,10,0.0,4,8685,1,0
224,1,1497829.9,1497901.8,7,6.41217,4,8683,1,0
211,2,1498022.5,1499832.9,12,-4.63286,4,8683,0,1
173,1,1501369.4,1501616.2,9,9.31522,4,8685,1,0
173,2,1501369.4,1501616.2,9,9.31522,4,8685,1,0
396,1,1501397.1,1502384.2,11,-8.40756,4,8685,1,0
23,1,1502553.6,1502625.5,7,-1.4163,4,8683,0,1
23,2,1502553.6,1502625.5,7,-1.4163,4,8683,1,0
362,1,1503056.2,1503303.1,9,-11.7005,4,8683,1,0
278,1,1503174.9,1504985.4,12,-17.5161,4,8685,1,0
278,2,1503174.9,1504985.4,12,-17.5161,4,8685,0,1
245,2,1504471.1,1505458.2,11,0.0,4,8683,1,0
109,1,1505203.0,1505655.6,10,-10.6329,4,8683,1,0
109,2,1505203.0,1505655.6,10,-10.6329,4,8683,1,0
289,1,1506130.4,1507117.5,11,-12.2872,4,8683,1,0
289,2,1506130.4,1507117.5,11,-12.2872,4,8683,1,0
69,2,1508778.4,1508912.0,8,-3.77339,4,8683,1,0
35,1,1510392.1,1510844.8,10,-16.1147,4,8683,1,0
329,1,1511629.9,1512082.5,10,-14.7422,4,8685,1,0
329,2,1511629.9,1512082.5,10,-14.7422,4,8685,1,0
98,1,1514726.2,1516536.6,12,-19.7117,4,8685,1,0
98,2,1514726.2,1516536.6,12,-19.7117,4,8685,0,1
304,1,1515256.5,1515709.1,10,-16.6614,4,8685,1,0
21,1,1515881.1,1517691.5,12,-8.00279,4,8683,1,0
55,1,1517672.2,1518659.4,11,0.227494,4,8683,1,0
267,1,1520307.4,1520760.0,10,-12.6033,4,8685,1,0
394,1,1520308.2,1520441.9,8,4.38031,4,8683,1,0
394,2,1520308.2,1520441.9,8,4.38031,4,8683,1,0
251,1,1520827.8,1520899.6,7,-4.60124,4,8681,1,0
166,2,1521011.1,1521998.2,11,-13.613,4,8683,0,1
132,1,1522787.9,1522859.8,7,5.34274,4,8685,1,0
132,2,1522787.9,1522859.8,7,5.34274,4,8685,1,0
321,1,1522799.9,1522871.9,7,-7.78796,4,8683,1,0
141,1,1523067.5,1523314.4,9,-10.0715,4,8683,1,0
336,1,1524416.8,1526227.1,12,0.0,4,8685,0,1
268,2,1524891.4,1524963.2,7,25.8504,4,8685,1,0
335,2,1525570.8,1527381.2,12,-22.4192,4,8683,0,1
273,1,1526802.0,1526873.9,7,-8.56229,4,8683,1,0
284,1,1532739.4,1533192.0,10,-15.7337,4,8683,1,0
114,1,1533207.5,1534194.8,11,-7.73852,4,8685,1,0
114,2,1533207.5,1534194.8,11,-7.73852,4,8685,1,0
379,1,1534449.1,1534582.8,8,-11.0049,4,8683,1,0
379,2,1534449.1,1534582.8,8,-11.0049,4,8683,1,0
39,1,1535458.4,1535911.0,10,13.6076,4,8685,0,1
39,2,1535458.4,1535911.0,10,13.6076,4,8685,1,0
44,2,1536914.0,1537366.8,10,0.0,4,8683,1,0
9,1,1539891.9,1540138.6,9,0.190583,4,8685,1,0
9,2,1539891.9,1540138.6,9,0.190583,4,8685,0,1
165,2,1544012.9,1544259.6,9,0.138093,4,8685,1,0
45,1,1544064.9,1544136.8,7,-2.56155,4,8681,1,0
89,1,1544500.9,1546311.2,12,-21.4072,4,8681,0,1
16,2,1545290.2,1547100.8,12,-14.7851,4,8685,1,0
221,1,1545527.0,1547337.4,12,-11.8553,4,8685,1,0
110,2,1547072.2,1548882.8,12,-3.01756,4,8683,1,0
20,1,1547242.0,1547488.8,9,13.1148,4,8683,1,0
20,2,1547242.0,1547488.8,9,13.1148,4,8683,1,0
300,1,1547593.8,1547727.4,8,-4.31003,4,8685,1,0
390,1,1549650.9,1549897.8,9,-4.83009,4,8685,0,1
390,2,1549650.9,1549897.8,9,-4.83009,4,8685,1,0
332,1,1550014.9,1550467.5,10,-1.9207,4,8683,0,1
209,1,1550916.8,1551163.6,9,9.48368,4,8681,1,0
382,1,1550992.1,1551979.2,11,-16.3554,4,8685,1,0
100,1,1554957.0,1555409.6,10,5.26064,4,8685,1,0
372,1,1559394.9,1561205.4,12,-21.3072,4,8683,1,0
153,1,1560176.0,1560309.8,8,11.2879,4,8683,1,0
224,1,1561833.8,1561905.6,7,23.4931,4,8681,1,0
386,1,1563866.6,1564113.4,9,-10.1561,4,8685,0,1
397,1,1563919.8,1565730.2,12,-3.27696,4,8685,0,1
397,2,1563919.8,1565730.2,12,-3.27696,4,8685,1,0
298,1,1564581.2,1565033.9,10,-13.0227,4,8681,1,0
316,1,1567402.2,1567474.1,7,-4.63277,4,8681,1,0
316,2,1567402.2,1567474.1,7,-4.63277,4,8681,1,0
255,1,1569338.5,1569585.4,9,-11.2134,4,8683,1,0
255,2,1569338.5,1569585.4,9,-11.2134,4,8683,1,0
281,1,1569470.8,1569542.6,7,-1.11528,4,8683,1,0
360,1,1571786.4,1572033.2,9,-7.64474,4,8681,1,0
360,2,1571786.4,1572033.2,9,-7.64474,4,8681,1,0
274,1,1572386.6,1572458.5,7,1.49631,4,8683,1,0
274,2,1572386.6,1572458.5,7,1.49631,4,8683,1,0
343,1,1572419.4,1574229.9,12,0.0,4,8685,1,0
25,1,1572811.9,1573058.8,9,-9.65633,4,8685,1,0
25,2,1572811.9,1573058.8,9,-9.65633,4,8685,1,0
118,1,1573935.0,1574181.9,9,0.0,4,8685,1,0
171,1,1575320.5,1576307.8,11,-8.72493,4,8685,1,0
171,2,1575320.5,1576307.8,11,-8.72493,4,8685,1,0
81,2,1575544.2,1575616.1,7,-8.66261,4,8683,1,0
209,1,1575595.1,1575841.9,9,-10.9474,4,8685,1,0
198,1,1575905.9,1575977.8,7,12.3664,4,8685,1,0
300,1,1576053.8,1576187.4,8,15.5152,4,8683,1,0
104,2,1577349.8,1577421.6,7,-9.28319,4,8685,1,0
290,2,1577420.2,1577872.9,10,-9.96075,4,8685,1,0
261,1,1578355.4,1580165.8,12,-13.6141,4,8683,0,1
261,2,1578355.4,1580165.8,12,-13.6141,4,8683,0,1
38,1,1580630.2,1582440.6,12,0.0,4,8685,1,0
373,1,1580725.5,1581178.1,10,0.0,4,8685,1,0
236,1,1585504.0,1585637.8,8,7.78768,4,8685,1,0
258,1,1587609.5,1589419.9,12,0.0,4,8685,1,0
297,1,1588353.8,1588487.4,8,-11.9476,4,8681,1,0
297,2,1588353.8,1588487.4,8,-11.9476,4,8681,1,0
283,2,1588846.8,1589299.5,10,-7.75203,4,8685,1,0
164,1,1589639.2,1589711.1,7,17.0097,4,8683,1,0
52,2,1591112.4,1591359.2,9,0.0,4,8685,0,1
65,2,1591576.1,1591823.0,9,0.0,4,8685,0,1
154,2,1593248.1,1595058.6,12,-14.0321,4,8685,1,0
146,1,1593309.2,1595119.6,12,-13.2154,4,8685,1,0
243,1,1593790.5,1595601.0,12,3.5119,4,8683,1,0
243,2,1593790.5,1595601.0,12,3.5119,4,8683,1,0
293,1,1595537.2,1595670.9,8,-11.5013,4,8685,1,0
293,2,1595537.2,1595670.9,8,-11.5013,4,8685,1,0
224,1,1595684.9,1595756.8,7,7.42445,4,8683,1,0
27,1,1599549.5,1601360.0,12,-12.8392,4,8685,1,0
125,2,1600058.4,1600305.1,9,-11.7798,4,8681,1,0
100,1,1600217.8,1600670.4,10,-8.07265,4,8683,1,0
62,2,1601030.4,1601102.2,7,-1.87073,4,8685,1,0
289,2,1604844.0,1605831.1,11,3.10558,4,8683,1,0
79,1,1605195.6,1605442.5,9,-2.56007,4,8685,1,0
218,1,1609470.0,1609922.6,10,-8.80778,4,8685,1,0
218,2,1609470.0,1609922.6,10,-8.80778,4,8685,1,0
295,1,1610806.9,1612617.2,12,-9.23985,4,8685,1,0
295,2,1610806.9,1612617.2,12,-9.23985,4,8685,0,1
131,2,1611126.6,1611198.5,7,0.833863,4,8681,1,0
338,1,1612736.2,1612808.1,7,-4.46362,4,8685,1,0
402,1,1613189.1,1613261.0,7,-0.449569,4,8685,1,0
402,2,1613189.1,1613261.0,7,-0.449569,4,8685,1,0
82,2,1615661.9,1617472.2,12,0.0,4,8685,0,1
253,1,1615781.4,1617591.8,12,-7.12721,4,8685,0,1
386,1,1615926.9,1616173.8,9,-4.28485,4,8683,1,0
386,2,1615926.9,1616173.8,9,-4.28485,4,8683,0,1
244,2,1617309.8,1617443.4,8,-5.38031,4,8683,1,0
9,1,1618798.4,1619045.1,9,-9.02983,4,8683,1,0
309,1,1619700.8,1621511.2,12,-21.5607,4,8681,0,1
309,2,1619700.8,1621511.2,12,-21.5607,4,8681,1,0
311,2,1619987.6,1621798.1,12,-21.1374,4,8685,1,0
290,1,1622681.1,1623133.8,10,4.19505,4,8685,1,0
290,2,1622681.1,1623133.8,10,4.19505,4,8685,1,0
393,1,1623126.8,1624113.9,11,-15.6595,4,8685,1,0
393,2,1623126.8,1624113.9,11,-15.6595,4,8685,1,0
125,1,1624736.8,1624983.5,9,8.53748,4,8681,1,0
49,1,1624873.9,1625861.1,11,-1.1723,4,8683,1,0
203,1,1626612.0,1626683.9,7,-5.7867,4,8685,1,0
260,2,1629201.4,1629273.4,7,11.4642,4,8685,1,0
109,1,1630461.6,1630914.2,10,-2.46258,4,8683,1,0
78,1,1630647.9,1630719.8,7,19.5749,4,8681,1,0
133,1,1630725.1,1631177.8,10,1.09419,4,8685,1,0
40,2,1631413.4,1631485.2,7,9.59776,4,8685,0,1
145,1,1632174.5,1633161.6,11,-15.2957,4,8685,0,1
129,1,1632684.8,1634495.1,12,-10.1117,4,8685,0,1
131,2,1632897.8,1632969.6,7,-5.69165,4,8685,1,0
59,1,1633053.5,1633300.2,9,-7.94537,4,8683,0,1
157,1,1633136.8,1633383.5,9,-14.3905,4,8685,0,1
105,2,1633400.2,1634387.5,11,0.0,4,8683,0,1
299,2,1634664.1,1635116.9,10,-15.2473,4,8683,1,0
11,2,1635393.6,1635640.5,9,-0.069503,4,8685,1,0
69,2,1635985.6,1636119.2,8,-2.53059,4,8685,1,0
43,1,1636362.2,1636496.0,8,-6.34701,4,8683,1,0
345,1,1638223.6,1638295.5,7,23.6452,4,8683,1,0
294,1,1638945.9,1639933.1,11,-13.6352,4,8681,0,1
294,2,1638945.9,1639933.1,11,-13.6352,4,8681,1,0
306,1,1639192.2,1639264.1,7,1.87398,4,8685,1,0
201,2,1640367.2,1642177.6,12,-16.3263,4,8685,1,0
244,2,1641640.1,1641773.8,8,-5.47151,4,8685,1,0
130,1,1642091.8,1642338.6,9,-9.01421,4,8683,1,0
358,1,1642378.5,1642512.2,8,-3.49686,4,8685,1,0
208,1,1644798.0,1645250.6,10,-14.3015,4,8681,0,1
208,2,1644798.0,1645250.6,10,-14.3015,4,8681,1,0
78,1,1645198.9,1645270.8,7,19.7772,4,8685,0,1
137,2,1645246.8,1647057.1,12,-12.5171,4,8685,1,0
203,1,1645734.9,1645806.8,7,6.87926,4,8685,1,0
189,1,1645877.6,1647688.0,12,-6.21974,4,8685,0,1
111,1,1646060.5,1647871.0,12,5.8869,4,8683,0,1
226,2,1650018.9,1650090.9,7,-4.88824,4,8683,1,0
388,1,1650327.6,1651314.9,11,-6.64148,4,8685,1,0
388,2,1650327.6,1651314.9,11,-6.64148,4,8685,0,1
337,1,1652137.5,1652271.1,8,-0.657836,4,8683,1,0
78,1,1652392.5,1652464.4,7,5.9339,4,8685,1,0
108,1,1654375.0,1654446.9,7,1.05122,4,8681,1,0
108,2,1654375.0,1654446.9,7,1.05122,4,8681,1,0
90,1,1655974.6,1656046.5,7,-5.20082,4,8681,1,0
333,2,1658454.8,1658526.6,7,2.40631,4,8683,1,0
17,2,1659306.9,1659553.8,9,-12.7904,4,8685,0,1
72,2,1660184.9,1660637.5,10,0.0,4,8685,1,0
326,1,1660413.5,1660866.1,10,-11.6447,4,8685,1,0
263,1,1661877.6,1661949.5,7,3.4777,4,8683,1,0
88,1,1662385.8,1662632.6,9,-14.4246,4,8685,1,0
120,1,1662598.4,1664408.9,12,-16.2486,4,8685,1,0
120,2,1662598.4,1664408.9,12,-16.2486,4,8685,0,1
191,1,1663065.2,1663312.1,9,-6.01489,4,8685,1,0
191,2,1663065.2,1663312.1,9,-6.01489,4,8685,0,1
12,1,1663504.1,1663576.0,7,-6.50861,4,8681,1,0
44,1,1664447.5,1664900.1,10,-16.3817,4,8685,0,1
44,2,1664447.5,1664900.1,10,-16.3817,4,8685,0,1
257,2,1664447.9,1666258.2,12,0.0,4,8683,0,1
202,1,1666043.9,1666496.5,10,0.0,4,8685,1,0
348,1,1667882.6,1668129.4,9,4.67618,4,8685,1,0
193,2,1668672.4,1670482.8,12,-8.5067,4,8683,1,0
131,1,1668841.9,1668913.9,7,-8.02646,4,8685,0,1
131,2,1668841.9,1668913.9,7,-8.02646,4,8685,1,0
322,2,1669458.6,1671269.0,12,-10.2229,4,8685,1,0
50,2,1669719.5,1670172.1,10,-14.1039,4,8683,1,0
174,1,1670396.5,1672206.9,12,0.568406,4,8683,1,0
174,2,1670396.5,1672206.9,12,0.568406,4,8683,1,0
152,1,1673988.8,1674122.4,8,-9.21327,4,8685,1,0
152,2,1673988.8,1674122.4,8,-9.21327,4,8685,1,0
94,1,1676408.9,1678219.2,12,-12.2657,4,8685,1,0
94,2,1676408.9,1678219.2,12,-12.2657,4,8685,1,0
79,1,1678039.8,1678286.6,9,-11.2448,4,8683,1,0
211,1,1679065.6,1680876.1,12,0.0,4,8685,0,1
158,1,1680871.0,1681004.6,8,0.0,4,8685,0,1
116,1,1680991.2,1681063.1,7,-5.40665,4,8683,0,1
116,2,1680991.2,1681063.1,7,-5.40665,4,8683,1,0
399,2,1683340.6,1683793.2,10,3.44013,4,8683,1,0
171,2,1683409.5,1684396.8,11,-0.513671,4,8683,1,0
200,2,1683879.6,1684126.5,9,-4.41188,4,8681,1,0
187,1,1684201.9,1686012.4,12,-1.70821,4,8681,1,0
187,2,1684201.9,1686012.4,12,-1.70821,4,8681,1,0
278,2,1684218.1,1686028.6,12,0.0,4,8683,1,0
349,1,1684351.1,1684597.9,9,-4.67445,4,8685,1,0
371,1,1686179.5,1687989.9,12,-18.8457,4,8685,1,0
371,2,1686179.5,1687989.9,12,-18.8457,4,8685,0,1
63,1,1687728.6,1687862.2,8,-8.11058,4,8681,1,0
91,1,1688909.0,1688981.0,7,-1.8781,4,8685,1,0
389,1,1688936.8,1689183.6,9,-7.28825,4,8683,1,0
389,2,1688936.8,1689183.6,9,-7.28825,4,8683,1,0
208,1,1690058.8,1690511.4,10,-1.8641,4,8685,1,0
208,2,1690058.8,1690511.4,10,-1.8641,4,8685,0,1
317,1,1690909.2,1691896.5,11,-16.593,4,8685,1,0
317,2,1690909.2,1691896.5,11,-16.593,4,8685,1,0
65,1,1691817.8,1692064.6,9,-5.33144,4,8683,1,0
65,2,1691817.8,1692064.6,9,-5.33144,4,8683,1,0
254,1,1694032.0,1694103.9,7,-4.42094,4,8685,1,0
254,2,1694032.0,1694103.9,7,-4.42094,4,8685,1,0
307,2,1694707.6,1696518.1,12,-21.8021,4,8683,1,0
28,2,1695693.9,1696146.5,10,1.18141,4,8683,1,0
98,1,1695769.4,1697579.9,12,-5.15958,4,8685,1,0
98,2,1695769.4,1697579.9,12,-5.15958,4,8685,1,0
270,1,1697701.2,1699511.8,12,0.0,4,8683,1,0
342,1,1699160.0,1699406.9,9,0.0,4,8681,1,0
342,2,1699160.0,1699406.9,9,0.0,4,8681,0,1
160,1,1701682.5,1702135.1,10,-8.05141,4,8683,1,0
237,2,1702883.9,1703130.8,9,-9.08765,4,8685,1,0
275,1,1703563.5,1703810.2,9,-8.23695,4,8683,1,0
241,1,1704107.5,1705094.8,11,0.0,4,8683,1,0
306,2,1704288.0,1704359.9,7,-0.194976,4,8683,1,0
139,1,1705749.8,1706202.4,10,-8.72554,4,8683,0,1
335,1,1706614.0,1708424.5,12,-17.5071,4,8685,0,1
335,2,1706614.0,1708424.5,12,-17.5071,4,8685,1,0
64,1,1707209.5,1707281.4,7,-7.28075,4,8685,1,0
64,2,1707209.5,1707281.4,7,-7.28075,4,8685,1,0
266,1,1709302.9,1710290.0,11,-11.5399,4,8683,1,0
266,2,1709302.9,1710290.0,11,-11.5399,4,8683,1,0
44,2,1709708.2,1710160.9,10,-0.544509,4,8683,1,0
380,2,1710283.1,1710735.8,10,0.0,4,8685,1,0
30,2,1710396.0,1710467.9,7,0.0,4,8683,1,0
107,1,1711286.4,1711358.2,7,-8.77333,4,8681,1,0
107,2,1711286.4,1711358.2,7,-8.77333,4,8681,1,0
288,1,1711678.4,1712131.0,10,-13.6697,4,8685,1,0
288,2,1711678.4,1712131.0,10,-13.6697,4,8685,1,0
75,1,1716625.9,1716759.5,8,4.44271,4,8683,1,0
75,2,1716625.9,1716759.5,8,4.44271,4,8683,1,0
173,1,1717363.9,1717610.8,9,-12.6554,4,8683,1,0
173,2,1717363.9,1717610.8,9,-12.6554,4,8683,1,0
387,2,1717952.0,1719762.5,12,-7.86876,4,8683,1,0
72,1,1718474.0,1718926.6,10,0.0,4,8685,1,0
230,2,1721624.5,1722077.1,10,-7.09231,4,8681,1,0
393,2,1721840.4,1722827.5,11,-12.2038,4,8683,1,0
90,1,1724446.8,1724518.6,7,-8.01141,4,8681,1,0
89,1,1725544.1,1727354.5,12,-8.98028,4,8685,0,1
16,1,1726333.5,1728143.9,12,-12.4072,4,8683,1,0
16,2,1726333.5,1728143.9,12,-12.4072,4,8683,1,0
282,1,1728302.1,1728549.0,9,-9.89133,4,8685,1,0
254,1,1729184.8,1729256.6,7,-8.32788,4,8683,1,0
254,2,1729184.8,1729256.6,7,-8.32788,4,8683,1,0
61,1,1730062.4,1730309.2,9,7.96626,4,8685,1,0
5,1,1731224.0,1733034.4,12,0.0,4,8685,0,1
290,1,1731669.6,1732122.4,10,0.0,4,8683,1,0
169,1,1731683.2,1732670.4,11,-16.441,4,8685,0,1
169,2,1731683.2,1732670.4,11,-16.441,4,8685,1,0
365,2,1732457.9,1732591.5,8,-6.97536,4,8685,1,0
340,1,1733859.6,1734106.5,9,-13.3646,4,8681,1,0
340,2,1733859.6,1734106.5,9,-13.3646,4,8681,1,0
256,2,1733940.5,1734012.5,7,5.70413,4,8683,1,0
126,2,1734479.2,1734612.9,8,-10.4703,4,8683,1,0
219,1,1735218.9,1737029.2,12,-16.942,4,8683,0,1
219,2,1735218.9,1737029.2,12,-16.942,4,8683,0,1
24,2,1735613.1,1735860.0,9,-8.00746,4,8685,1,0
55,2,1738813.2,1739800.4,11,-18.4597,4,8681,1,0
372,1,1740438.1,1742248.5,12,-15.6954,4,8685,1,0
372,2,1740438.1,1742248.5,12,-15.6954,4,8685,1,0
144,1,1740936.8,1742747.2,12,-16.0208,4,8683,1,0
385,2,1743524.4,1743596.4,7,5.76379,4,8685,1,0
344,1,1743638.1,1745448.6,12,-9.06097,4,8683,1,0
344,2,1743638.1,1745448.6,12,-9.06097,4,8683,0,1
231,2,1744206.2,1746016.8,12,-21.6872,4,8685,0,1
360,2,1747584.8,1747831.5,9,3.6459,4,8685,1,0
115,2,1750474.9,1750927.5,10,-0.0696098,4,8685,0,1
203,1,1751260.5,1751332.4,7,12.0365,4,8683,1,0
148,1,1751403.2,1751650.0,9,-11.1534,4,8683,1,0
238,1,1751690.1,1751762.0,7,7.26985,4,8681,1,0
350,2,1752110.6,1753921.0,12,-21.4937,4,8685,1,0
25,1,1753063.6,1753310.4,9,-13.5756,4,8683,1,0
25,2,1753063.6,1753310.4,9,-13.5756,4,8683,1,0
343,1,1753462.6,1755273.1,12,-0.610244,4,8685,1,0
23,2,1753570.8,1753642.8,7,16.9169,4,8685,1,0
196,2,1754798.9,1755251.5,10,-10.8179,4,8685,1,0
380,1,1755543.9,1755996.5,10,-15.5275,4,8683,1,0
361,1,1756961.1,1757413.9,10,0.0,4,8681,1,0
240,2,1757991.2,1759801.6,12,-12.9232,4,8685,1,0
164,1,1758172.9,1758244.8,7,0.0,4,8683,1,0
203,1,1758454.1,1758526.0,7,26.2613,4,8685,1,0
203,2,1758454.1,1758526.0,7,26.2613,4,8685,1,0
86,1,1760964.9,1761211.6,9,-8.58791,4,8685,1,0
23,2,1761329.6,1761401.5,7,0.0,4,8683,1,0
161,1,1761556.4,1763366.9,12,-15.8772,4,8683,1,0
161,2,1761556.4,1763366.9,12,-15.8772,4,8683,0,1
38,1,1761673.5,1763483.9,12,-3.56268,4,8685,1,0
38,2,1761673.5,1763483.9,12,-3.56268,4,8685,0,1
381,1,1764057.9,1764129.8,7,-6.89822,4,8683,1,0
370,1,1764664.5,1766475.0,12,-17.3566,4,8681,0,1
164,1,1765366.5,1765438.4,7,-8.53206,4,8681,1,0
300,1,1766206.0,1766339.8,8,-6.18799,4,8683,1,0
300,2,1766206.0,1766339.8,8,-6.18799,4,8683,0,1
316,2,1769021.1,1769093.0,7,17.245,4,8681,1,0
184,1,1769809.9,1769943.5,8,2.26087,4,8685,1,0
398,1,1773057.0,1773128.9,7,10.2142,4,8683,0,1
398,2,1773057.0,1773128.9,7,10.2142,4,8683,1,0
346,1,1774707.2,1776517.8,12,-16.3037,4,8685,1,0
354,1,1775481.4,1776468.5,11,-10.5685,4,8685,1,0
354,2,1775481.4,1776468.5,11,-10.5685,4,8685,1,0
130,1,1776734.0,1776980.9,9,-14.4072,4,8683,1,0
130,2,1776734.0,1776980.9,9,-14.4072,4,8683,1,0
95,2,1778690.2,1779677.5,11,-16.5374,4,8685,0,1
117,1,1778906.2,1779358.9,10,-15.9214,4,8685,1,0
209,1,1780216.9,1780463.8,9,-2.43088,4,8685,1,0
235,2,1780286.4,1780358.2,7,-1.76381,4,8685,1,0
74,1,1781255.8,1781502.6,9,7.64745,4,8685,1,0
74,2,1781255.8,1781502.6,9,7.64745,4,8685,0,1
105,2,1782027.0,1783014.1,11,-16.339,4,8685,1,0
282,1,1783728.0,1783974.9,9,0.0,4,8683,0,1
282,2,1783728.0,1783974.9,9,0.0,4,8683,1,0
162,2,1784241.0,1784693.6,10,-14.1665,4,8685,1,0
86,1,1785643.2,1785890.1,9,-9.85847,4,8683,1,0
342,1,1785713.6,1785960.5,9,-0.36354,4,8685,1,0
14,2,1786221.9,1788032.4,12,-1.94859,4,8685,1,0
57,2,1787239.5,1787373.1,8,-11.5343,4,8685,1,0
347,1,1787399.4,1787646.2,9,-3.8114,4,8685,1,0
51,1,1789436.6,1791247.1,12,-3.31668,4,8685,0,1
328,1,1789478.2,1789550.1,7,19.2201,4,8685,1,0
375,2,1790586.8,1792397.2,12,-15.1463,4,8681,0,1
60,2,1790763.5,1790897.2,8,-11.7392,4,8685,0,1
192,1,1790954.5,1791201.2,9,0.686478,4,8685,1,0
127,1,1791045.5,1792856.0,12,-9.23773,4,8683,1,0
181,2,1793072.4,1794882.8,12,-18.1529,4,8685,1,0
177,1,1794134.0,1794267.8,8,2.75981,4,8683,1,0
390,1,1795101.1,1795347.9,9,-7.66775,4,8683,0,1
183,2,1796689.2,1797141.9,10,-13.3066,4,8685,1,0
253,1,1796824.6,1798635.0,12,0.0,4,8685,1,0
253,2,1796824.6,1798635.0,12,0.0,4,8685,0,1
69,2,1797242.9,1797376.6,8,-11.4899,4,8683,1,0
71,1,1797991.6,1799802.0,12,-17.1455,4,8685,1,0
173,1,1798037.2,1798284.0,9,-4.8127,4,8683,1,0
85,2,1799459.6,1801270.0,12,-10.4813,4,8683,1,0
196,1,1800059.8,1800512.4,10,-3.08427,4,8683,1,0
196,2,1800059.8,1800512.4,10,-3.08427,4,8683,1,0
309,1,1800744.0,1802554.5,12,-10.8179,4,8685,0,1
399,1,1801163.1,1801615.8,10,-12.3149,4,8683,0,1
289,2,1802271.1,1803258.2,11,0.0,4,8683,1,0
197,1,1803413.4,1803660.1,9,-2.83099,4,8685,1,0
18,1,1803686.8,1805497.2,12,-14.5193,4,8685,1,0
52,1,1804510.8,1804757.6,9,-10.3663,4,8685,1,0
52,2,1804510.8,1804757.6,9,-10.3663,4,8685,1,0
228,2,1807467.2,1807539.1,7,23.0094,4,8685,1,0
266,2,1808016.5,1809003.6,11,-16.5029,4,8685,0,1
107,1,1808174.1,1808246.0,7,-4.79507,4,8681,1,0
136,1,1808675.0,1808921.9,9,-13.9953,4,8681,1,0
304,1,1810194.2,1810646.9,10,0.0,4,8685,1,0
304,2,1810194.2,1810646.9,10,0.0,4,8685,1,0
226,2,1811374.5,1811446.4,7,3.18902,4,8685,1,0
188,2,1814523.1,1814595.0,7,4.91734,4,8683,1,0
358,1,1817505.0,1817638.6,8,0.188172,4,8683,1,0
4,1,1818076.0,1819886.5,12,0.0,4,8685,1,0
4,2,1818076.0,1819886.5,12,0.0,4,8685,0,1
148,1,1818680.6,1818927.5,9,0.0,4,8683,1,0
148,2,1818680.6,1818927.5,9,0.0,4,8683,1,0
83,2,1818758.9,1818830.8,7,-8.45476,4,8683,1,0
175,2,1818957.9,1819410.5,10,-3.08719,4,8681,1,0
126,1,1819287.2,1819420.9,8,10.2716,4,8685,1,0
9,1,1820061.9,1820308.8,9,-11.2256,4,8681,1,0
91,1,1825499.1,1825571.0,7,-2.72952,4,8685,1,0
296,1,1825676.2,1825748.1,7,12.6707,4,8685,1,0
364,1,1825773.5,1827584.0,12,-12.9975,4,8685,0,1
364,2,1825773.5,1827584.0,12,-12.9975,4,8685,1,0
228,2,1826882.8,1826954.6,7,37.7882,4,8683,1,0
162,2,1829501.9,1829954.5,10,-11.1398,4,8683,1,0
153,1,1829653.1,1829786.8,8,0.0,4,8681,1,0
153,2,1829653.1,1829786.8,8,0.0,4,8681,1,0
179,1,1835302.6,1835549.5,9,-12.5189,4,8681,1,0
125,1,1835958.9,1836205.8,9,-11.3164,4,8685,1,0
97,2,1838236.4,1838308.2,7,10.616,4,8683,1,0
328,1,1838272.2,1838344.1,7,0.0,4,8683,1,0
201,2,1838833.5,1840643.9,12,0.0,4,8683,0,1
234,2,1841966.4,1842213.2,9,-7.5336,4,8685,1,0
37,2,1843375.8,1843447.6,7,9.25376,4,8685,1,0
17,1,1843598.6,1843845.5,9,-9.45894,4,8683,1,0
17,2,1843598.6,1843845.5,9,-9.45894,4,8683,1,0
196,2,1845320.4,1845773.1,10,0.0,4,8685,1,0
301,1,1848467.1,1848539.0,7,-4.91229,4,8683,1,0
116,1,1852120.6,1852192.5,7,0.0519265,4,8683,1,0
116,2,1852120.6,1852192.5,7,0.0519265,4,8683,1,0
133,1,1852848.8,1853301.4,10,-5.97992,4,8683,1,0
62,1,1855373.9,1855445.8,7,5.66624,4,8685,1,0
62,2,1855373.9,1855445.8,7,5.66624,4,8685,1,0
304,1,1855455.1,1855907.8,10,-7.08737,4,8683,1,0
75,1,1856267.0,1856400.6,8,4.16425,4,8683,1,0
75,2,1856267.0,1856400.6,8,4.16425,4,8683,1,0
391,1,1857078.4,1857150.2,7,5.51572,4,8683,1,0
391,2,1857078.4,1857150.2,7,5.51572,4,8683,1,0
211,1,1860108.9,1861919.2,12,1.04831,4,8683,1,0
211,2,1860108.9,1861919.2,12,1.04831,4,8683,1,0
92,2,1861137.8,1861590.4,10,3.51215,4,8685,1,0
57,1,1862556.6,1862690.2,8,1.91606,4,8685,1,0
57,2,1862556.6,1862690.2,8,1.91606,4,8685,1,0
192,1,1863449.9,1863696.6,9,-12.7385,4,8683,1,0
148,1,1864355.0,1864601.8,9,0.0,4,8681,1,0
148,2,1864355.0,1864601.8,9,0.0,4,8681,1,0
135,1,1864749.5,1866559.9,12,0.0,4,8685,1,0
298,1,1865755.5,1866208.1,10,-4.18396,4,8685,1,0
298,2,1865755.5,1866208.1,10,-4.18396,4,8685,1,0
233,1,1866872.5,1866944.5,7,10.1667,4,8683,1,0
333,2,1870056.8,1870128.6,7,-7.7344,4,8685,1,0
99,1,1870911.5,1871364.1,10,1.68791,4,8683,1,0
6,1,1870932.1,1871179.0,9,5.75042,4,8685,1,0
332,2,1870958.2,1871410.9,10,-14.8691,4,8685,1,0
19,1,1871402.9,1871855.5,10,11.0597,4,8685,1,0
19,2,1871402.9,1871855.5,10,11.0597,4,8685,1,0
108,2,1871559.8,1871631.6,7,2.79788,4,8685,1,0
354,1,1874195.0,1875182.1,11,-8.85278,4,8685,0,1
354,2,1874195.0,1875182.1,11,-8.85278,4,8685,1,0
160,2,1875442.1,1875894.8,10,-16.5945,4,8681,1,0
347,1,1875494.4,1875741.2,9,-1.88286,4,8683,1,0
307,1,1875750.8,1877561.1,12,0.0,4,8683,1,0
297,1,1876412.6,1876546.2,8,-1.17587,4,8681,1,0
98,2,1876812.6,1878623.0,12,-21.5795,4,8683,1,0
321,1,1878871.4,1878943.2,7,9.18511,4,8683,1,0
105,1,1880740.5,1881727.6,11,-6.7477,4,8683,1,0
105,2,1880740.5,1881727.6,11,-6.7477,4,8683,0,1
167,1,1885932.2,1886004.1,7,1.69483,4,8683,1,0
306,2,1886607.4,1886679.4,7,5.31321,4,8685,1,0
335,1,1887657.2,1889467.6,12,-2.25285,4,8683,1,0
192,1,1888128.2,1888375.1,9,9.33446,4,8685,1,0
88,2,1891000.9,1891247.6,9,-5.61511,4,8683,1,0
11,2,1894059.8,1894306.5,9,-13.0707,4,8685,0,1
172,2,1895632.2,1897442.6,12,0.0,4,8685,1,0
228,2,1896395.9,1896467.8,7,0.0,4,8683,1,0
169,1,1896588.1,1897575.4,11,-13.8761,4,8683,1,0
169,2,1896588.1,1897575.4,11,-13.8761,4,8683,0,1
179,1,1898840.2,1899087.0,9,-4.31222,4,8685,1,0
107,1,1899300.6,1899372.5,7,11.6406,4,8685,1,0
324,2,1901223.0,1901356.8,8,-5.74145,4,8683,1,0
336,2,1901822.8,1903633.1,12,-1.86166,4,8683,0,1
381,1,1903754.5,1903826.4,7,-8.90359,4,8683,1,0
392,2,1904570.9,1905023.5,10,4.40028,4,8685,1,0
206,1,1905223.6,1906210.9,11,-15.0249,4,8685,1,0
206,2,1905223.6,1906210.9,11,-15.0249,4,8685,1,0
246,1,1905588.9,1906041.5,10,0.0,4,8683,1,0
322,2,1905717.2,1907527.8,12,0.0,4,8685,0,1
266,1,1906730.0,1907717.1,11,0.0,4,8683,1,0
302,1,1906875.1,1907327.8,10,0.0,4,8681,1,0
302,2,1906875.1,1907327.8,10,0.0,4,8681,0,1
273,1,1907846.2,1907918.1,7,6.3629,4,8683,1,0
214,1,1914064.5,1914136.4,7,-8.61078,4,8685,1,0
214,2,1914064.5,1914136.4,7,-8.61078,4,8685,1,0
219,1,1916262.1,1918072.5,12,-13.2703,4,8685,1,0
219,2,1916262.1,1918072.5,12,-13.2703,4,8685,1,0
241,1,1916668.9,1917656.0,11,6.43697,4,8683,1,0
241,2,1916668.9,1917656.0,11,6.43697,4,8683,1,0
221,1,1917915.5,1919726.0,12,0.0,4,8683,1,0
221,2,1917915.5,1919726.0,12,0.0,4,8683,0,1
362,1,1920300.8,1920547.6,9,0.0,4,8681,0,1
272,1,1921551.9,1923362.2,12,-16.091,4,8683,1,0
272,2,1921551.9,1923362.2,12,-16.091,4,8683,0,1
138,2,1921742.2,1921875.9,8,-10.1637,4,8681,1,0
220,1,1922624.0,1922695.9,7,0.490495,4,8683,1,0
126,1,1924497.2,1924630.9,8,-8.21017,4,8683,1,0
126,2,1924497.2,1924630.9,8,-8.21017,4,8683,1,0
344,1,1924681.4,1926491.9,12,-13.4959,4,8683,1,0
344,2,1924681.4,1926491.9,12,-13.4959,4,8683,1,0
70,1,1925992.6,1926064.6,7,13.2363,4,8685,1,0
182,1,1926226.5,1926473.4,9,-0.418883,4,8681,1,0
259,2,1927495.2,1927628.9,8,0.557771,4,8685,1,0
60,2,1928155.8,1928289.4,8,-0.00707926,4,8683,1,0
237,2,1928451.4,1928698.2,9,0.0,4,8683,1,0
387,1,1928951.5,1930762.0,12,-15.2792,4,8685,1,0
52,1,1930122.9,1930369.8,9,-2.69072,4,8683,1,0
52,2,1930122.9,1930369.8,9,-2.69072,4,8683,1,0
144,2,1930510.8,1932321.1,12,-0.199432,4,8685,0,1
66,2,1933357.2,1935167.8,12,-18.2739,4,8685,1,0
118,2,1933365.1,1933612.0,9,-2.68542,4,8683,1,0
248,1,1933618.5,1933752.2,8,-5.73955,4,8681,0,1
248,2,1933618.5,1933752.2,8,-5.73955,4,8681,1,0
5,2,1933791.8,1935602.1,12,0.466493,4,8683,1,0
343,1,1934505.8,1936316.1,12,-9.85266,4,8683,1,0
393,1,1934523.2,1935510.4,11,-1.46091,4,8685,1,0
59,1,1935690.9,1935937.8,9,0.128098,4,8685,1,0
383,1,1935761.6,1935895.2,8,3.46439,4,8683,1,0
197,1,1938020.6,1938267.5,9,-12.0149,4,8683,1,0
9,1,1940124.8,1940371.6,9,0.333238,4,8683,1,0
139,2,1940631.1,1941083.8,10,-11.5723,4,8683,1,0
142,1,1941342.1,1941794.8,10,-13.567,4,8685,1,0
141,2,1942035.8,1942282.6,9,-13.7679,4,8683,1,0
184,1,1942936.8,1943070.4,8,-11.2523,4,8683,1,0
184,2,1942936.8,1943070.4,8,-11.2523,4,8683,1,0
39,1,1942980.6,1943433.2,10,-2.46588,4,8683,1,0
164,1,1943552.1,1943624.0,7,-0.514449,4,8683,1,0
372,1,1944226.5,1946036.9,12,0.0,4,8683,1,0
140,1,1944894.1,1944966.1,7,-4.58694,4,8683,1,0
140,2,1944894.1,1944966.1,7,-4.58694,4,8683,1,0
78,1,1945388.8,1945460.8,7,0.0,4,8683,1,0
370,1,1945707.8,1947518.2,12,0.0,4,8685,0,1
136,1,1951626.5,1951873.2,9,-12.9662,4,8685,1,0
132,1,1952577.2,1952649.1,7,1.81949,4,8683,1,0
120,1,1953677.4,1955487.8,12,-2.0676,4,8683,0,1
26,1,1953949.1,1955759.5,12,-21.8329,4,8685,1,0
26,2,1953949.1,1955759.5,12,-21.8329,4,8685,1,0
376,1,1955810.0,1956797.2,11,6.42518,4,8685,1,0
376,2,1955810.0,1956797.2,11,6.42518,4,8685,1,0
190,1,1957220.4,1957467.1,9,-10.6802,4,8683,1,0
190,2,1957220.4,1957467.1,9,-10.6802,4,8683,1,0
223,1,1957818.2,1958065.1,9,0.0,4,8683,1,0
223,2,1957818.2,1958065.1,9,0.0,4,8683,1,0
293,1,1959807.4,1959941.0,8,-1.14302,4,8683,1,0
73,2,1962600.6,1962672.5,7,-4.65921,4,8683,1,0
70,1,1962928.1,1963000.0,7,21.6314,4,8685,1,0
134,1,1964171.9,1964418.8,9,-7.11558,4,8685,1,0
156,1,1964675.2,1964809.0,8,2.74829,4,8685,1,0
256,2,1965173.9,1965245.8,7,9.69447,4,8685,1,0
362,1,1965494.4,1965741.2,9,-0.487884,4,8683,1,0
117,1,1967516.2,1967968.9,10,-4.47943,4,8683,0,1
163,1,1969865.5,1970318.1,10,-8.63463,4,8683,1,0
289,1,1969927.0,1970914.1,11,-17.2947,4,8685,1,0
51,2,1970479.9,1972290.2,12,0.266984,4,8683,1,0
15,1,1971355.5,1973165.9,12,0.0,4,8683,1,0
375,1,1971630.0,1973440.4,12,0.0,4,8685,1,0
375,2,1971630.0,1973440.4,12,0.0,4,8685,0,1
40,2,1972184.9,1972256.9,7,6.54421,4,8685,1,0
181,1,1974115.6,1975926.0,12,-18.2824,4,8685,1,0
181,2,1974115.6,1975926.0,12,-18.2824,4,8685,0,1
136,1,1976304.8,1976551.6,9,-10.0603,4,8685,1,0
136,2,1976304.8,1976551.6,9,-10.0603,4,8685,0,1
312,2,1977189.1,1977322.8,8,-10.8266,4,8685,1,0
140,2,1978720.0,1978791.9,7,2.98641,4,8685,1,0
71,1,1979034.8,1980845.2,12,-0.331802,4,8685,0,1
345,1,1979192.1,1979264.0,7,1.9155,4,8681,0,1
273,1,1979835.0,1979906.9,7,1.80444,4,8681,1,0
217,2,1981755.6,1981889.2,8,9.14893,4,8683,1,0
215,2,1982046.8,1983857.1,12,-6.55464,4,8685,1,0
41,2,1984530.9,1984602.8,7,-0.122817,4,8683,1,0
216,1,1985673.4,1986126.0,10,0.142457,4,8681,1,0
228,2,1985948.6,1986020.5,7,0.0,4,8681,1,0
391,1,1986614.9,1986686.8,7,1.61377,4,8683,1,0
239,1,1986984.9,1988795.2,12,0.0,4,8681,0,1
239,2,1986984.9,1988795.2,12,0.0,4,8681,0,1
395,1,1988337.5,1988471.2,8,0.0,4,8683,1,0
308,1,1989182.2,1989634.9,10,0.0,4,8683,1,0
308,2,1989182.2,1989634.9,10,0.0,4,8683,1,0
81,2,1989758.2,1989830.2,7,3.00609,4,8685,1,0
194,1,1992652.9,1992724.8,7,-7.75621,4,8685,1,0
262,2,1994435.6,1994569.4,8,-6.36131,4,8683,1,0
80,1,2000067.5,2001054.8,11,-10.6248,4,8683,1,0
80,2,2000067.5,2001054.8,11,-10.6248,4,8683,1,0
388,2,2002735.1,2003722.2,11,-9.48048,4,8683,1,0
338,1,2003111.4,2003183.2,7,1.22337,4,8683,1,0
154,1,2005195.6,2007006.1,12,0.0,4,8683,1,0
266,1,2005443.6,2006430.8,11,0.0,4,8683,1,0
266,2,2005443.6,2006430.8,11,0.0,4,8683,0,1
137,1,2007333.1,2009143.5,12,-11.4279,4,8683,0,1
137,2,2007333.1,2009143.5,12,-11.4279,4,8683,1,0
18,1,2008310.4,2010120.9,12,-7.59259,4,8685,0,1
18,2,2008310.4,2010120.9,12,-7.59259,4,8685,1,0
106,1,2009970.1,2010216.9,9,-13.8473,4,8681,0,1
106,2,2009970.1,2010216.9,9,-13.8473,4,8681,1,0
395,1,2010251.5,2010385.1,8,2.63579,4,8685,1,0
395,2,2010251.5,2010385.1,8,2.63579,4,8685,1,0
90,1,2010760.5,2010832.4,7,1.16277,4,8685,1,0
69,2,2010898.4,2011032.0,8,-4.31418,4,8681,1,0
127,2,2012506.9,2014317.2,12,-19.9603,4,8685,1,0
81,1,2014070.5,2014142.5,7,-7.63954,4,8683,1,0
241,1,2015382.5,2016369.6,11,-14.5448,4,8681,1,0
360,2,2015612.9,2015859.8,9,-13.5304,4,8685,1,0
244,1,2016973.0,2017106.8,8,-5.78101,4,8683,1,0
143,1,2017518.5,2019329.0,12,-1.49348,4,8685,0,1
143,2,2017518.5,2019329.0,12,-1.49348,4,8685,1,0
64,1,2018733.0,2018804.9,7,24.1871,4,8683,1,0
64,2,2018733.0,2018804.9,7,24.1871,4,8683,1,0
373,2,2018891.5,2019344.1,10,-9.05104,4,8685,1,0
190,2,2018906.5,2019153.4,9,-2.43196,4,8683,1,0
115,2,2020009.8,2020462.4,10,3.34718,4,8683,1,0
327,1,2023268.1,2025078.5,12,-16.2973,4,8685,1,0
327,2,2023268.1,2025078.5,12,-16.2973,4,8685,0,1
96,2,2023941.9,2024013.8,7,-4.93515,4,8685,1,0
52,1,2024033.8,2024280.5,9,-9.75191,4,8685,1,0
276,1,2026696.9,2028507.4,12,-17.1397,4,8685,1,0
276,2,2026696.9,2028507.4,12,-17.1397,4,8685,1,0
377,2,2029503.2,2031313.8,12,-4.64523,4,8685,0,1
237,2,2030018.9,2030265.8,9,-4.75455,4,8685,1,0
346,1,2030414.6,2032225.1,12,0.0,4,8685,1,0
269,2,2030734.8,2031721.9,11,-7.41595,4,8681,0,1
393,1,2033236.9,2034224.0,11,-14.2679,4,8683,1,0
12,1,2034706.4,2034778.4,7,1.84744,4,8685,1,0
195,1,2035096.4,2036906.8,12,6.62933,4,8685,0,1
121,1,2035449.2,2035521.1,7,10.7614,4,8681,1,0
167,1,2037648.5,2037720.5,7,11.1166,4,8685,1,0
99,1,2039557.1,2040009.8,10,15.9417,4,8685,0,1
20,1,2040659.1,2040906.0,9,-12.0554,4,8683,0,1
20,2,2040659.1,2040906.0,9,-12.0554,4,8683,1,0
170,1,2044020.8,2045831.1,12,-20.6472,4,8683,1,0
170,2,2044020.8,2045831.1,12,-20.6472,4,8683,1,0
135,1,2045792.8,2047603.1,12,-18.5789,4,8685,1,0
135,2,2045792.8,2047603.1,12,-18.5789,4,8685,1,0
22,1,2050606.0,2051593.0,11,-9.32472,4,8683,1,0
22,2,2050606.0,2051593.0,11,-9.32472,4,8683,1,0
332,1,2050781.5,2051234.1,10,-4.28989,4,8683,1,0
277,2,2053690.0,2053823.5,8,-3.19975,4,8681,1,0
361,1,2056364.8,2056817.4,10,-15.4438,4,8681,1,0
274,1,2056976.8,2057048.9,7,-8.19498,4,8681,1,0
369,1,2057656.8,2058109.4,10,-15.1248,4,8683,0,1
369,2,2057656.8,2058109.4,10,-15.1248,4,8683,1,0
98,1,2057856.0,2059666.5,12,0.0,4,8685,0,1
56,2,2058437.2,2058570.8,8,-6.61488,4,8685,1,0
230,1,2059558.4,2060011.0,10,0.0,4,8681,1,0
294,2,2060465.6,2061452.6,11,0.0,4,8683,0,1
206,1,2061604.8,2062591.8,11,-14.4969,4,8683,1,0
206,2,2061604.8,2062591.8,11,-14.4969,4,8683,1,0
114,1,2063166.8,2064153.8,11,-6.23407,4,8683,1,0
114,2,2063166.8,2064153.8,11,-6.23407,4,8683,1,0
252,1,2064290.5,2065277.6,11,0.0,4,8681,1,0
252,2,2064290.5,2065277.6,11,0.0,4,8681,1,0
234,2,2064466.5,2064713.4,9,-8.532,4,8683,1,0
316,2,2065996.9,2066068.9,7,2.1615,4,8685,1,0
325,1,2066594.0,2066727.5,8,-4.16536,4,8683,1,0
318,2,2066895.5,2067882.6,11,-6.24385,4,8685,0,1
82,1,2067084.5,2068895.0,12,-17.1595,4,8683,0,1
82,2,2067084.5,2068895.0,12,-17.1595,4,8683,0,1
4,1,2067618.6,2069429.2,12,-19.1384,4,8685,0,1
4,2,2067618.6,2069429.2,12,-19.1384,4,8685,1,0
204,1,2068979.2,2069226.1,9,-3.39366,4,8685,1,0
358,1,2069227.5,2069361.1,8,-9.33853,4,8683,1,0
358,2,2069227.5,2069361.1,8,-9.33853,4,8683,1,0
29,2,2069276.4,2071086.9,12,-12.9457,4,8685,1,0
392,1,2069480.5,2069933.1,10,-10.3522,4,8683,1,0
392,2,2069480.5,2069933.1,10,-10.3522,4,8683,1,0
148,1,2075894.2,2076141.1,9,15.1628,4,8683,1,0
39,1,2076420.1,2076872.8,10,-1.62024,4,8683,1,0
140,2,2077410.6,2077482.6,7,8.43972,4,8683,1,0
267,1,2079218.5,2079671.1,10,2.16615,4,8683,1,0
267,2,2079218.5,2079671.1,10,2.16615,4,8683,1,0
133,1,2079697.8,2080150.4,10,-8.64981,4,8685,1,0
133,2,2079697.8,2080150.4,10,-8.64981,4,8685,1,0
247,2,2079878.9,2080012.5,8,2.2673,4,8685,1,0
63,1,2080148.5,2080282.0,8,3.42362,4,8685,1,0
55,1,2080824.8,2081811.8,11,-10.703,4,8683,1,0
55,2,2080824.8,2081811.8,11,-10.703,4,8683,1,0
3,2,2080867.6,2082678.2,12,-3.63299,4,8685,0,1
207,2,2081281.8,2081415.2,8,15.311,4,8685,1,0
336,2,2082866.0,2084676.5,12,0.0,4,8683,0,1
295,2,2084171.4,2085981.9,12,0.0,4,8685,0,1
99,1,2084817.9,2085270.5,10,-8.13252,4,8683,1,0
8,1,2085808.1,2087618.6,12,0.0,4,8685,0,1
8,2,2085808.1,2087618.6,12,0.0,4,8685,1,0
68,2,2087967.0,2088213.9,9,2.39809,4,8683,1,0
385,2,2090195.1,2090267.1,7,-2.47508,4,8683,1,0
255,1,2091783.8,2092030.5,9,-4.74016,4,8683,1,0
91,1,2093005.6,2093077.6,7,-3.10895,4,8683,1,0
91,2,2093005.6,2093077.6,7,-3.10895,4,8683,1,0
204,2,2093657.8,2093904.5,9,-13.9873,4,8685,1,0
187,1,2096863.8,2098674.2,12,-10.7576,4,8685,1,0
187,2,2096863.8,2098674.2,12,-10.7576,4,8685,0,1
80,1,2098781.2,2099768.2,11,-15.0759,4,8685,1,0
80,2,2098781.2,2099768.2,11,-15.0759,4,8685,1,0
221,1,2098958.8,2100769.2,12,0.0,4,8683,0,1
395,1,2101548.2,2101682.0,8,0.0,4,8683,0,1
164,1,2102405.5,2102477.5,7,-3.00214,4,8685,1,0
303,2,2104119.2,2104571.8,10,-11.2683,4,8685,1,0
344,2,2105724.5,2107535.2,12,-13.676,4,8681,1,0
12,1,2106544.0,2106616.0,7,6.20771,4,8685,1,0
228,1,2107741.8,2107813.8,7,-7.968,4,8683,1,0
228,2,2107741.8,2107813.8,7,-7.968,4,8683,1,0
314,1,2108243.5,2110054.0,12,-16.5026,4,8683,1,0
337,2,2108827.2,2108960.8,8,-8.20914,4,8683,0,1
11,2,2110854.2,2111101.0,9,4.63664,4,8683,1,0
320,1,2111965.0,2113775.8,12,-0.47792,4,8683,1,0
320,2,2111965.0,2113775.8,12,-0.47792,4,8683,0,1
149,1,2113849.5,2114302.2,10,-0.850646,4,8683,1,0
149,2,2113849.5,2114302.2,10,-0.850646,4,8683,0,1
76,1,2114063.2,2114310.0,9,4.87104,4,8685,1,0
50,2,2114138.8,2114591.2,10,2.77315,4,8685,0,1
260,1,2114341.0,2114413.0,7,-6.11575,4,8685,1,0
260,2,2114341.0,2114413.0,7,-6.11575,4,8685,1,0
66,1,2114400.8,2116211.2,12,-14.175,4,8685,0,1
66,2,2114400.8,2116211.2,12,-14.175,4,8685,0,1
107,1,2114426.5,2114498.5,7,-3.20099,4,8685,1,0
247,2,2114480.5,2114614.0,8,2.08884,4,8683,1,0
357,1,2115541.0,2115787.8,9,0.0,4,8683,1,0
357,2,2115541.0,2115787.8,9,0.0,4,8683,0,1
287,1,2117986.0,2118438.8,10,-16.9322,4,8681,0,1
102,1,2119519.5,2119591.5,7,3.77333,4,8681,1,0
118,1,2119873.2,2120120.0,9,4.45915,4,8685,1,0
28,1,2120596.5,2121049.0,10,-3.76367,4,8685,0,1
28,2,2120596.5,2121049.0,10,-3.76367,4,8685,1,0
354,1,2120763.0,2121750.0,11,-7.69519,4,8683,1,0
354,2,2120763.0,2121750.0,11,-7.69519,4,8683,1,0
387,1,2122158.0,2123968.5,12,3.87858,4,8683,1,0
387,2,2122158.0,2123968.5,12,3.87858,4,8683,1,0
54,2,2122772.0,2123759.0,11,-8.35753,4,8681,1,0
180,2,2123287.5,2123534.5,9,-5.0345,4,8685,1,0
25,2,2123622.2,2123869.2,9,0.0,4,8685,1,0
90,1,2124530.8,2124602.8,7,2.27773,4,8685,1,0
226,1,2125057.2,2125129.2,7,0.919114,4,8683,1,0
226,2,2125057.2,2125129.2,7,0.919114,4,8683,1,0
68,2,2125275.0,2125521.8,9,-13.6425,4,8683,1,0
370,1,2126751.0,2128561.5,12,-7.91778,4,8685,1,0
370,2,2126751.0,2128561.5,12,-7.91778,4,8685,0,1
250,1,2127913.0,2129723.8,12,-10.1266,4,8683,1,0
250,2,2127913.0,2129723.8,12,-10.1266,4,8683,0,1
160,1,2128019.2,2128472.0,10,-8.5219,4,8683,1,0
241,1,2129639.5,2130626.5,11,0.0,4,8683,1,0
241,2,2129639.5,2130626.5,11,0.0,4,8683,1,0
99,1,2130078.5,2130531.2,10,0.0,4,8683,1,0
393,2,2131950.5,2132937.5,11,-12.2524,4,8683,1,0
42,1,2133057.8,2134868.5,12,6.74445,4,8685,0,1
42,2,2133057.8,2134868.5,12,6.74445,4,8685,1,0
334,2,2134206.8,2134340.2,8,-10.8835,4,8683,1,0
97,2,2134677.8,2134749.8,7,-8.88318,4,8685,1,0
89,2,2134733.8,2136544.2,12,0.0,4,8685,0,1
188,1,2134932.5,2135004.8,7,-3.56729,4,8683,1,0
26,1,2134992.2,2136802.8,12,-0.351318,4,8683,0,1
26,2,2134992.2,2136802.8,12,-0.351318,4,8683,0,1
34,1,2137299.0,2137546.0,9,9.70077,4,8685,1,0
34,2,2137299.0,2137546.0,9,9.70077,4,8685,1,0
359,1,2139324.0,2139396.0,7,7.902,4,8683,1,0
359,2,2139324.0,2139396.0,7,7.902,4,8683,1,0
280,2,2141897.2,2143707.8,12,-3.87744,4,8683,1,0
20,1,2142416.2,2142663.0,9,-1.69104,4,8681,1,0
20,2,2142416.2,2142663.0,9,-1.69104,4,8681,1,0
40,2,2144104.5,2144176.5,7,17.8627,4,8683,1,0
238,1,2145247.2,2145319.2,7,0.0,4,8683,1,0
238,2,2145247.2,2145319.2,7,0.0,4,8683,1,0
272,2,2147971.2,2149781.8,12,1.41135,4,8683,1,0
156,2,2150002.5,2150136.0,8,-2.36801,4,8683,1,0
177,1,2150125.0,2150258.5,8,-8.0274,4,8681,1,0
51,1,2151523.0,2153333.5,12,-20.6234,4,8685,0,1
51,2,2151523.0,2153333.5,12,-20.6234,4,8685,1,0
142,1,2154128.8,2154581.2,10,-11.8652,4,8685,1,0
263,1,2154999.0,2155071.0,7,-2.67325,4,8681,1,0
151,2,2155705.8,2156158.5,10,-10.9027,4,8685,0,1
264,1,2157946.8,2158080.2,8,-9.49107,4,8685,1,0
47,2,2158235.0,2159222.2,11,1.5641,4,8681,1,0
254,2,2158692.2,2158764.2,7,9.78632,4,8685,1,0
206,1,2160318.2,2161305.5,11,-18.7284,4,8683,1,0
206,2,2160318.2,2161305.5,11,-18.7284,4,8683,1,0
301,1,2160922.2,2160994.5,7,7.25879,4,8685,1,0
163,1,2161225.2,2161678.0,10,-15.8186,4,8681,1,0
163,2,2161225.2,2161678.0,10,-15.8186,4,8681,1,0
114,1,2161880.2,2162867.5,11,-5.69009,4,8685,0,1
382,1,2163849.2,2164836.5,11,-11.4172,4,8685,1,0
271,1,2164062.2,2164134.2,7,-4.38447,4,8685,1,0
112,2,2164942.2,2165394.8,10,-12.193,4,8683,1,0
37,2,2165034.0,2165106.0,7,4.61256,4,8683,1,0
28,1,2165857.2,2166309.8,10,-1.15747,4,8683,1,0
28,2,2165857.2,2166309.8,10,-1.15747,4,8683,0,1
9,1,2168189.2,2168436.0,9,0.0,4,8685,1,0
85,1,2169021.8,2170832.2,12,0.0,4,8685,0,1
85,2,2169021.8,2170832.2,12,0.0,4,8685,1,0
174,1,2170025.0,2171835.5,12,-12.4745,4,8685,1,0
174,2,2170025.0,2171835.5,12,-12.4745,4,8685,1,0
57,2,2170026.0,2170159.8,8,-6.60156,4,8683,1,0
397,1,2170679.2,2172489.8,12,4.49783,4,8683,1,0
397,2,2170679.2,2172489.8,12,4.49783,4,8683,1,0
77,1,2174730.2,2175182.8,10,-13.354,4,8681,1,0
77,2,2174730.2,2175182.8,10,-13.354,4,8681,1,0
395,1,2177716.0,2177849.5,8,-7.0852,4,8683,1,0
395,2,2177716.0,2177849.5,8,-7.0852,4,8683,1,0
16,1,2177897.2,2179707.8,12,-5.43034,4,8685,1,0
16,2,2177897.2,2179707.8,12,-5.43034,4,8685,0,1
245,2,2179101.0,2180088.2,11,-5.7444,4,8683,1,0
198,1,2182075.5,2182147.5,7,0.0,4,8681,1,0
55,2,2182625.2,2183612.2,11,-12.4389,4,8685,0,1
335,2,2184498.0,2186308.5,12,-5.11763,4,8683,1,0
169,2,2185302.5,2186289.5,11,-6.80348,4,8681,1,0
267,2,2185526.0,2185978.8,10,-5.95518,4,8683,1,0
379,1,2187294.2,2187427.8,8,-0.126723,4,8685,1,0
379,2,2187294.2,2187427.8,8,-0.126723,4,8685,1,0
342,2,2187472.0,2187718.8,9,-9.88312,4,8685,1,0
121,1,2187932.2,2188004.5,7,4.55715,4,8685,1,0
63,1,2188467.0,2188600.5,8,-5.79504,4,8683,1,0
205,2,2192345.2,2194155.8,12,-11.1152,4,8685,1,0
127,1,2193550.0,2195360.5,12,-10.5043,4,8683,1,0
341,2,2196281.5,2196734.2,10,-5.69409,4,8685,1,0
259,1,2197362.8,2197496.2,8,5.25546,4,8685,1,0
259,2,2197362.8,2197496.2,8,5.25546,4,8685,1,0
269,1,2199250.8,2200237.8,11,-9.76587,4,8685,0,1
269,2,2199250.8,2200237.8,11,-9.76587,4,8685,0,1
39,1,2200306.5,2200759.0,10,-14.0271,4,8681,0,1
102,1,2200870.8,2200942.8,7,-5.48732,4,8685,1,0
185,1,2201220.0,2203030.5,12,-16.1622,4,8683,0,1
119,1,2201608.0,2201680.0,7,-6.39496,4,8685,1,0
119,2,2201608.0,2201680.0,7,-6.39496,4,8685,1,0
181,2,2201737.0,2203547.5,12,0.0,4,8683,0,1
22,2,2203965.0,2204952.2,11,-12.292,4,8685,1,0
324,1,2205048.8,2205182.2,8,2.79532,4,8683,1,0
324,2,2205048.8,2205182.2,8,2.79532,4,8683,1,0
276,1,2207740.0,2209550.5,12,-14.878,4,8683,1,0
276,2,2207740.0,2209550.5,12,-14.878,4,8683,1,0
102,1,2209251.0,2209323.0,7,4.23521,4,8685,1,0
377,1,2210546.8,2212357.2,12,-9.75124,4,8685,0,1
377,2,2210546.8,2212357.2,12,-9.75124,4,8685,0,1
337,1,2211036.5,2211170.2,8,-6.2507,4,8681,1,0
28,1,2211118.2,2211570.8,10,0.0,4,8683,0,1
111,1,2213333.8,2215144.2,12,-12.1693,4,8685,1,0
111,2,2213333.8,2215144.2,12,-12.1693,4,8685,1,0
195,2,2216139.8,2217950.2,12,-21.3954,4,8685,1,0
159,2,2216746.2,2216993.2,9,2.31043,4,8683,1,0
361,1,2218481.8,2218934.2,10,-3.49026,4,8685,1,0
361,2,2218481.8,2218934.2,10,-3.49026,4,8685,1,0
227,1,2220232.0,2221219.0,11,-16.3899,4,8685,1,0
193,1,2220949.0,2222759.5,12,-17.9378,4,8685,1,0
193,2,2220949.0,2222759.5,12,-17.9378,4,8685,1,0
43,2,2223444.5,2223578.0,8,-7.80974,4,8685,1,0
266,1,2224880.5,2225867.8,11,-1.166,4,8681,1,0
170,1,2225064.0,2226874.5,12,-12.9677,4,8685,1,0
170,2,2225064.0,2226874.5,12,-12.9677,4,8685,0,1
147,2,2226721.0,2228531.5,12,-9.02711,4,8683,0,1
383,1,2227602.8,2227736.2,8,9.50279,4,8683,1,0
321,1,2227835.2,2227907.2,7,0.917146,4,8681,1,0
321,2,2227835.2,2227907.2,7,0.917146,4,8681,1,0
138,2,2228683.8,2228817.5,8,2.68686,4,8683,1,0
264,1,2231717.2,2231850.8,8,19.9761,4,8683,1,0
264,2,2231717.2,2231850.8,8,19.9761,4,8683,1,0
273,2,2232151.2,2232223.5,7,-7.64667,4,8683,1,0
393,1,2232920.2,2233907.2,11,-11.6284,4,8681,1,0
393,2,2232920.2,2233907.2,11,-11.6284,4,8681,0,1
287,1,2236195.5,2236648.2,10,0.0,4,8685,0,1
6,1,2237677.0,2237923.8,9,-11.8323,4,8685,1,0
6,2,2237677.0,2237923.8,9,-11.8323,4,8685,1,0
357,1,2238360.5,2238607.5,9,-13.6815,4,8685,1,0
172,1,2238968.2,2240778.8,12,-17.6226,4,8683,1,0
172,2,2238968.2,2240778.8,12,-17.6226,4,8683,0,1
58,1,2240789.2,2242599.8,12,0.0,4,8685,1,0
383,2,2240966.0,2241099.5,8,-10.9564,4,8681,0,1
230,1,2241327.8,2241780.2,10,0.0,4,8685,1,0
44,2,2241783.0,2242235.5,10,-6.17787,4,8681,1,0
122,1,2242997.5,2243450.2,10,-8.53494,4,8685,1,0
122,2,2242997.5,2243450.2,10,-8.53494,4,8685,1,0
43,1,2243648.8,2243782.2,8,-8.85341,4,8683,1,0
43,2,2243648.8,2243782.2,8,-8.85341,4,8683,1,0
263,1,2246153.5,2246225.5,7,19.9933,4,8683,1,0
263,2,2246153.5,2246225.5,7,19.9933,4,8683,1,0
65,1,2246703.0,2246950.0,9,-14.3436,4,8685,1,0
65,2,2246703.0,2246950.0,9,-14.3436,4,8685,1,0
326,1,2247165.5,2247618.2,10,-6.04733,4,8683,1,0
19,2,2248599.0,2249051.8,10,-10.4886,4,8683,1,0
29,1,2250319.5,2252130.2,12,-14.896,4,8683,1,0
29,2,2250319.5,2252130.2,12,-14.896,4,8683,1,0
45,1,2256409.5,2256481.5,7,22.3001,4,8685,1,0
45,2,2256409.5,2256481.5,7,22.3001,4,8685,1,0
358,1,2256979.8,2257113.2,8,-10.058,4,8681,1,0
68,2,2259304.2,2259551.0,9,-6.75375,4,8681,1,0
119,2,2259493.2,2259565.2,7,-2.07524,4,8683,1,0
309,1,2259747.8,2261558.2,12,-16.0039,4,8685,1,0
309,2,2259747.8,2261558.2,12,-16.0039,4,8685,0,1
142,2,2260045.0,2260497.5,10,-15.4359,4,8683,1,0
114,1,2260594.0,2261581.0,11,-12.3215,4,8683,1,0
114,2,2260594.0,2261581.0,11,-12.3215,4,8683,0,1
15,1,2262461.8,2264272.2,12,0.0,4,8683,1,0
15,2,2262461.8,2264272.2,12,0.0,4,8683,1,0
361,1,2263742.5,2264195.0,10,-6.50714,4,8685,1,0
361,2,2263742.5,2264195.0,10,-6.50714,4,8685,1,0
244,2,2263887.8,2264021.2,8,0.996583,4,8683,1,0
336,1,2263909.2,2265719.8,12,0.0,4,8681,1,0
336,2,2263909.2,2265719.8,12,0.0,4,8681,0,1
295,1,2265214.5,2267025.2,12,-3.70465,4,8683,0,1
295,2,2265214.5,2267025.2,12,-3.70465,4,8683,1,0
47,1,2266923.0,2267910.2,11,-3.93971,4,8685,0,1
47,2,2266923.0,2267910.2,11,-3.93971,4,8685,1,0
60,2,2267069.2,2267203.0,8,-5.23437,4,8681,1,0
107,1,2268913.0,2268985.0,7,-4.3895,4,8683,1,0
107,2,2268913.0,2268985.0,7,-4.3895,4,8683,1,0
161,1,2271734.2,2273544.8,12,1.39534,4,8685,1,0
161,2,2271734.2,2273544.8,12,1.39534,4,8685,1,0
357,1,2272240.5,2272487.2,9,-13.8069,4,8683,1,0
357,2,2272240.5,2272487.2,9,-13.8069,4,8683,1,0
367,1,2276145.2,2276278.8,8,-8.64372,4,8681,1,0
367,2,2276145.2,2276278.8,8,-8.64372,4,8681,1,0
187,1,2277907.0,2279717.5,12,-8.77823,4,8683,1,0
187,2,2277907.0,2279717.5,12,-8.77823,4,8683,1,0
365,2,2278543.8,2278677.2,8,0.0,4,8683,1,0
221,1,2280002.0,2281812.5,12,-17.5957,4,8681,0,1
55,1,2281338.8,2282326.0,11,-4.45874,4,8683,0,1
274,1,2283992.5,2284064.5,7,-5.93219,4,8683,1,0
169,1,2284016.0,2285003.2,11,-14.4755,4,8683,1,0
169,2,2284016.0,2285003.2,11,-14.4755,4,8683,1,0
351,2,2284470.8,2284717.5,9,-1.05725,4,8683,1,0
206,1,2287598.8,2288585.8,11,-8.63425,4,8681,1,0
91,1,2289836.5,2289908.5,7,7.87537,4,8683,1,0
378,1,2291651.0,2292638.2,11,0.0,4,8685,1,0
132,1,2291812.5,2291884.5,7,11.5142,4,8685,1,0
338,1,2292968.0,2293040.0,7,-5.74573,4,8685,1,0
320,1,2293008.2,2294818.8,12,-10.424,4,8683,0,1
320,2,2293008.2,2294818.8,12,-10.424,4,8683,1,0
149,2,2293013.0,2293465.5,10,-5.8423,4,8685,1,0
73,2,2294296.2,2294368.2,7,12.9928,4,8681,1,0
224,1,2295845.2,2295917.2,7,5.05177,4,8685,1,0
27,1,2297335.0,2299145.5,12,-16.6794,4,8683,1,0
325,1,2298541.8,2298675.2,8,-7.62617,4,8681,1,0
325,2,2298541.8,2298675.2,8,-7.62617,4,8681,1,0
48,2,2299098.2,2299231.8,8,7.87726,4,8685,1,0
177,1,2301242.0,2301375.5,8,-6.76637,4,8683,1,0
177,2,2301242.0,2301375.5,8,-6.76637,4,8683,1,0
249,1,2301699.8,2301771.8,7,-2.97089,4,8683,1,0
226,2,2306630.8,2306703.0,7,12.7458,4,8683,1,0
369,1,2307030.5,2307483.2,10,-10.1623,4,8685,1,0
75,1,2307086.8,2307220.2,8,-6.21492,4,8683,1,0
75,2,2307086.8,2307220.2,8,-6.21492,4,8683,1,0
216,1,2307737.5,2308190.2,10,2.05458,4,8685,1,0
216,2,2307737.5,2308190.2,10,2.05458,4,8685,1,0
363,1,2309846.2,2309918.2,7,2.51527,4,8683,0,1
363,2,2309846.2,2309918.2,7,2.51527,4,8683,0,1
222,1,2311358.0,2313168.5,12,-8.56398,4,8685,1,0
222,2,2311358.0,2313168.5,12,-8.56398,4,8685,1,0
49,1,2312028.0,2313015.2,11,-14.6325,4,8685,1,0
238,1,2313579.5,2313651.5,7,22.5159,4,8685,1,0
350,1,2313580.0,2315390.5,12,0.0,4,8685,0,1
115,2,2315475.0,2315927.8,10,-6.19856,4,8683,1,0
26,1,2316035.5,2317846.0,12,0.0,4,8685,1,0
278,1,2316782.2,2318592.8,12,-4.92302,4,8683,1,0
18,2,2317032.5,2318843.0,12,-15.5223,4,8683,1,0
48,2,2317093.8,2317227.2,8,-2.49855,4,8683,1,0
141,1,2317778.2,2318025.2,9,0.360627,4,8683,1,0
141,2,2317778.2,2318025.2,9,0.360627,4,8683,1,0
339,1,2319116.0,2319568.5,10,-9.70589,4,8681,0,1
339,2,2319116.0,2319568.5,10,-9.70589,4,8681,1,0
37,2,2319272.5,2319344.5,7,-7.6533,4,8683,1,0
332,1,2320212.5,2320665.0,10,0.10669,4,8683,1,0
33,1,2320830.5,2321817.8,11,-19.1273,4,8683,0,1
33,2,2320830.5,2321817.8,11,-19.1273,4,8683,1,0
347,1,2321014.0,2321260.8,9,-5.14619,4,8683,1,0
4,1,2321710.8,2323521.2,12,-8.763,4,8683,0,1
4,2,2321710.8,2323521.2,12,-8.763,4,8683,1,0
280,2,2322940.5,2324751.0,12,-2.06705,4,8685,1,0
266,2,2323594.0,2324581.0,11,-11.0912,4,8683,1,0
282,1,2324104.8,2324351.5,9,0.190369,4,8683,1,0
282,2,2324104.8,2324351.5,9,0.190369,4,8683,1,0
373,1,2324908.8,2325361.2,10,-6.92337,4,8683,1,0
373,2,2324908.8,2325361.2,10,-6.92337,4,8683,1,0
60,1,2324953.0,2325086.5,8,-1.08624,4,8683,1,0
60,2,2324953.0,2325086.5,8,-1.08624,4,8683,1,0
389,1,2326989.5,2327236.2,9,0.0,4,8685,1,0
112,1,2329181.5,2329634.0,10,-7.31665,4,8685,1,0
171,2,2329439.0,2330426.0,11,-10.3495,4,8685,1,0
12,1,2331183.2,2331255.2,7,20.9498,4,8683,1,0
79,1,2333291.0,2333537.8,9,1.46188,4,8681,0,1
79,2,2333291.0,2333537.8,9,1.46188,4,8681,1,0
232,2,2334051.2,2334504.0,10,-10.8487,4,8683,1,0
212,1,2336132.0,2336204.0,7,-6.61198,4,8681,1,0
212,2,2336132.0,2336204.0,7,-6.61198,4,8681,1,0
210,1,2336694.2,2337681.5,11,-8.66989,4,8685,1,0
210,2,2336694.2,2337681.5,11,-8.66989,4,8685,0,1
61,2,2336716.5,2336963.5,9,-12.4313,4,8683,1,0
394,1,2336840.2,2336974.0,8,9.65328,4,8683,1,0
75,1,2337581.5,2337715.0,8,-7.07873,4,8685,1,0
175,2,2337974.0,2338426.8,10,-3.26591,4,8685,1,0
184,2,2340013.2,2340146.8,8,-3.83287,4,8685,1,0
151,2,2340433.0,2340885.8,10,-0.396056,4,8683,1,0
256,2,2342235.2,2342307.2,7,16.4165,4,8683,1,0
313,1,2342805.0,2343792.0,11,-13.6344,4,8685,1,0
348,2,2347536.5,2347783.2,9,-0.822982,4,8683,1,0
183,1,2348221.2,2348673.8,10,-3.89155,4,8685,1,0
347,1,2350693.5,2350940.5,9,0.0,4,8683,1,0
207,2,2350871.5,2351005.2,8,-6.85597,4,8683,0,1
174,2,2351067.8,2352878.5,12,0.0,4,8683,1,0
70,1,2355045.0,2355117.0,7,7.99297,4,8683,1,0
70,2,2355045.0,2355117.0,7,7.99297,4,8683,1,0
159,2,2356815.2,2357062.0,9,-11.952,4,8685,1,0
245,1,2357827.8,2358814.8,11,5.11277,4,8683,1,0
245,2,2357827.8,2358814.8,11,5.11277,4,8683,1,0
8,1,2358544.2,2360354.8,12,0.0,4,8685,1,0
8,2,2358544.2,2360354.8,12,0.0,4,8685,1,0
121,1,2358708.0,2358780.0,7,2.28897,4,8685,1,0
114,1,2359307.5,2360294.8,11,0.0,4,8683,1,0
21,1,2363725.5,2365536.2,12,-18.7842,4,8685,1,0
21,2,2363725.5,2365536.2,12,-18.7842,4,8685,1,0
382,2,2364841.0,2365828.0,11,-16.8649,4,8683,1,0
194,1,2365163.2,2365235.2,7,-0.620925,4,8683,1,0
12,1,2365286.5,2365358.5,7,7.35834,4,8685,1,0
351,2,2365477.5,2365724.2,9,7.17632,4,8681,1,0
328,1,2365507.0,2365579.0,7,26.4705,4,8683,1,0
335,2,2365541.2,2367351.8,12,8.35351,4,8681,1,0
47,2,2365636.8,2366623.8,11,-7.3439,4,8685,1,0
78,1,2366150.5,2366222.5,7,2.82402,4,8685,1,0
364,1,2366624.2,2368434.8,12,0.0,4,8683,1,0
60,2,2367654.2,2367787.8,8,21.5526,4,8685,1,0
298,1,2368157.8,2368610.2,10,0.0,4,8683,1,0
200,2,2373236.5,2373483.5,9,-12.0729,4,8685,1,0
121,1,2373247.2,2373319.2,7,6.89761,4,8683,1,0
121,2,2373247.2,2373319.2,7,6.89761,4,8683,1,0
205,1,2373388.2,2375198.8,12,0.0,4,8683,0,1
205,2,2373388.2,2375198.8,12,0.0,4,8683,1,0
37,2,2373422.8,2373494.8,7,8.34526,4,8681,1,0
325,1,2373690.2,2373823.8,8,-4.63267,4,8683,1,0
275,1,2375784.5,2376031.2,9,10.4322,4,8685,0,1
153,1,2375794.2,2375927.8,8,2.72638,4,8683,0,1
153,2,2375794.2,2375927.8,8,2.72638,4,8683,1,0
196,1,2376274.5,2376727.0,10,1.8958,4,8683,0,1
196,2,2376274.5,2376727.0,10,1.8958,4,8683,1,0
217,2,2376350.2,2376484.0,8,-9.91711,4,8683,1,0
362,1,2377592.5,2377839.2,9,6.98472,4,8685,1,0
331,1,2379520.5,2381331.0,12,-9.8036,4,8683,1,0
159,2,2381493.8,2381740.5,9,-9.14873,4,8683,1,0
72,1,2382033.2,2382485.8,10,-10.7829,4,8683,1,0
181,2,2382780.2,2384590.8,12,0.0,4,8685,1,0
41,1,2384502.5,2384574.5,7,-9.18347,4,8685,1,0
191,1,2386670.0,2386916.8,9,-7.78323,4,8683,1,0
191,2,2386670.0,2386916.8,9,-7.78323,4,8683,1,0
179,2,2387078.2,2387325.2,9,-10.7764,4,8685,1,0
197,1,2387514.2,2387761.0,9,-5.60635,4,8681,1,0
197,2,2387514.2,2387761.0,9,-5.60635,4,8681,1,0
401,2,2388219.5,2388291.5,7,-6.9763,4,8685,1,0
276,1,2388783.2,2390593.8,12,-3.44734,4,8685,0,1
281,1,2389564.0,2389636.0,7,18.1335,4,8683,0,1
281,2,2389564.0,2389636.0,7,18.1335,4,8683,1,0
5,2,2389891.8,2391702.5,12,-10.5445,4,8685,1,0
140,1,2390077.2,2390149.2,7,-4.09503,4,8683,1,0
137,1,2390188.0,2391998.5,12,-19.3463,4,8681,0,1
137,2,2390188.0,2391998.5,12,-19.3463,4,8681,1,0
70,1,2390716.2,2390788.2,7,1.79909,4,8685,1,0
19,1,2390752.8,2391205.2,10,-15.9941,4,8685,1,0
19,2,2390752.8,2391205.2,10,-15.9941,4,8685,1,0
373,2,2391446.5,2391899.2,10,-10.3455,4,8685,1,0
183,1,2393482.0,2393934.5,10,1.35393,4,8683,1,0
183,2,2393482.0,2393934.5,10,1.35393,4,8683,0,1
111,1,2394377.0,2396187.5,12,0.0,4,8683,1,0
111,2,2394377.0,2396187.5,12,0.0,4,8683,1,0
308,1,2395483.5,2395936.0,10,-12.2325,4,8683,1,0
308,2,2395483.5,2395936.0,10,-12.2325,4,8683,1,0
324,1,2396307.5,2396441.2,8,-0.484389,4,8681,1,0
324,2,2396307.5,2396441.2,8,-0.484389,4,8681,1,0
144,1,2398204.8,2400015.5,12,0.0,4,8683,1,0
144,2,2398204.8,2400015.5,12,0.0,4,8683,0,1
150,2,2398243.0,2398489.8,9,0.0,4,8683,1,0
225,2,2398855.5,2398927.5,7,0.0,4,8683,1,0
200,2,2399884.5,2400131.2,9,-11.0891,4,8685,0,1
395,1,2400730.5,2400864.0,8,13.6958,4,8681,1,0
395,2,2400730.5,2400864.0,8,13.6958,4,8681,1,0
264,1,2402279.5,2402413.0,8,6.59482,4,8685,0,1
101,1,2402450.2,2402902.8,10,2.57877,4,8683,0,1
367,2,2402606.2,2402739.8,8,4.47202,4,8685,1,0
95,2,2402777.8,2403765.0,11,-12.1194,4,8683,1,0
258,2,2402975.2,2404786.0,12,-18.1013,4,8683,0,1
23,2,2403093.5,2403165.5,7,0.808457,4,8683,1,0
326,1,2404939.8,2405392.2,10,4.73377,4,8681,1,0
326,2,2404939.8,2405392.2,10,4.73377,4,8681,1,0
186,1,2404994.8,2405447.2,10,-12.7009,4,8683,1,0
69,2,2405922.0,2406055.5,8,-3.0229,4,8685,0,1
170,1,2406107.2,2407917.8,12,-13.5973,4,8683,0,1
170,2,2406107.2,2407917.8,12,-13.5973,4,8683,0,1
239,2,2406168.0,2407978.5,12,-3.04636,4,8685,0,1
136,2,2407393.8,2407640.5,9,7.09349,4,8683,1,0
143,1,2410306.5,2412117.0,12,-14.2956,4,8683,1,0
143,2,2410306.5,2412117.0,12,-14.2956,4,8683,1,0
35,2,2410582.2,2411035.0,10,0.0,4,8683,1,0
131,2,2411160.5,2411232.5,7,-5.24133,4,8683,1,0
197,2,2412192.8,2412439.5,9,-1.53346,4,8683,0,1
87,1,2413979.0,2415789.5,12,-13.0683,4,8685,0,1
87,2,2413979.0,2415789.5,12,-13.0683,4,8685,1,0
195,1,2418676.8,2420487.2,12,-9.70712,4,8683,1,0
172,2,2420011.5,2421822.0,12,-9.16673,4,8683,1,0
353,2,2420483.2,2422293.8,12,-7.95021,4,8685,1,0
83,2,2421306.0,2421378.0,7,-5.00761,4,8685,1,0
130,1,2422080.8,2422327.8,9,-7.98735,4,8681,1,0
130,2,2422080.8,2422327.8,9,-7.98735,4,8681,1,0
124,2,2422665.5,2422912.2,9,-8.06833,4,8685,1,0
169,2,2423289.5,2424276.5,11,0.0,4,8685,1,0
251,2,2423780.0,2423852.0,7,0.0,4,8685,1,0
91,2,2424348.0,2424420.0,7,0.0,4,8681,1,0
171,2,2428152.5,2429139.8,11,-13.2603,4,8683,1,0
43,2,2428796.8,2428930.2,8,-1.71605,4,8681,1,0
132,1,2429727.2,2429799.2,7,6.71713,4,8683,1,0
132,2,2429727.2,2429799.2,7,6.71713,4,8683,1,0
128,2,2430821.0,2430954.5,8,-9.27907,4,8685,1,0
271,1,2433434.5,2433506.5,7,-1.26283,4,8683,1,0
57,1,2434870.2,2435004.0,8,-4.91733,4,8683,1,0
57,2,2434870.2,2435004.0,8,-4.91733,4,8683,1,0
207,1,2435170.5,2435304.0,8,-7.17949,4,8681,1,0
207,2,2435170.5,2435304.0,8,-7.17949,4,8681,1,0
210,2,2435408.0,2436395.0,11,-11.2469,4,8683,1,0
273,1,2435651.0,2435723.2,7,0.0,4,8685,1,0
14,1,2438906.8,2440717.2,12,-16.716,4,8683,1,0
309,1,2440791.0,2442601.5,12,-19.6744,4,8683,1,0
309,2,2440791.0,2442601.5,12,-19.6744,4,8683,1,0
208,1,2441519.2,2441972.0,10,0.0,4,8683,1,0
208,2,2441519.2,2441972.0,10,0.0,4,8683,1,0
91,2,2441760.0,2441832.0,7,4.76294,4,8683,1,0
158,1,2444168.0,2444301.5,8,-6.49148,4,8683,0,1
138,2,2444652.8,2444786.5,8,7.36656,4,8685,0,1
295,1,2446257.8,2448068.2,12,-14.6006,4,8683,1,0
112,2,2447017.5,2447470.2,10,-9.9436,4,8683,1,0
119,2,2448997.2,2449069.2,7,-3.73938,4,8683,1,0
264,1,2450122.8,2450256.2,8,0.0,4,8683,1,0
225,2,2451158.2,2451230.2,7,10.2883,4,8685,1,0
161,2,2452777.2,2454588.0,12,-0.619308,4,8683,1,0
91,1,2453783.8,2453855.8,7,-2.19464,4,8685,1,0
91,2,2453783.8,2453855.8,7,-2.19464,4,8685,1,0
354,1,2453818.2,2454805.5,11,-12.9561,4,8685,1,0
105,2,2456982.8,2457969.8,11,-4.84279,4,8683,0,1
402,2,2461645.8,2461717.8,7,7.54373,4,8683,1,0
359,2,2462169.2,2462241.2,7,15.5681,4,8683,1,0
247,1,2462961.2,2463094.8,8,-5.15214,4,8683,1,0
317,1,2463426.5,2464413.5,11,-18.3949,4,8683,1,0
117,1,2463573.2,2464026.0,10,4.74141,4,8683,1,0
394,1,2464858.0,2464991.5,8,-2.28218,4,8681,1,0
394,2,2464858.0,2464991.5,8,-2.28218,4,8681,1,0
357,1,2465476.0,2465723.0,9,0.0,4,8683,1,0
341,1,2467788.5,2468241.2,10,-3.47063,4,8683,1,0
138,2,2468069.0,2468202.8,8,1.3344,4,8683,1,0
209,1,2468164.0,2468411.0,9,-9.18056,4,8683,1,0
209,2,2468164.0,2468411.0,9,-9.18056,4,8683,1,0
147,1,2470604.0,2472414.5,12,-3.40321,4,8681,0,1
147,2,2470604.0,2472414.5,12,-3.40321,4,8681,0,1
319,1,2473513.5,2473966.0,10,-13.5777,4,8683,1,0
155,2,2475068.0,2476055.2,11,-13.616,4,8683,1,0
316,2,2475366.5,2475438.5,7,2.30345,4,8685,1,0
27,2,2478378.2,2480188.8,12,0.0,4,8685,1,0
68,2,2479676.2,2479923.0,9,-13.7758,4,8685,1,0
131,2,2479916.2,2479988.2,7,8.56658,4,8685,1,0
136,2,2480331.2,2480578.0,9,-14.1277,4,8685,1,0
254,2,2480377.0,2480449.0,7,9.4217,4,8683,1,0
159,2,2482799.8,2483046.8,9,-12.6774,4,8683,0,1
132,1,2483971.2,2484043.2,7,0.333955,4,8683,1,0
318,1,2484573.2,2485560.2,11,-19.1688,4,8685,0,1
223,1,2484786.8,2485033.8,9,-2.02464,4,8683,1,0
223,2,2484786.8,2485033.8,9,-2.02464,4,8683,1,0
257,1,2485207.5,2487018.0,12,0.0,4,8683,1,0
257,2,2485207.5,2487018.0,12,0.0,4,8683,1,0
101,1,2485457.5,2485910.2,10,-13.7948,4,8683,1,0
183,1,2485864.5,2486317.2,10,0.0,4,8685,1,0
59,1,2486053.8,2486300.5,9,0.0,4,8683,1,0
59,2,2486053.8,2486300.5,9,0.0,4,8683,1,0
19,2,2487233.5,2487686.0,10,-1.59274,4,8683,1,0
294,1,2487627.0,2488614.0,11,-13.6998,4,8685,0,1
294,2,2487627.0,2488614.0,11,-13.6998,4,8685,1,0
303,2,2490359.8,2490812.5,10,-8.7771,4,8683,1,0
86,2,2491093.5,2491340.2,9,-10.1122,4,8685,1,0
287,1,2491210.2,2491662.8,10,7.4215,4,8683,1,0
287,2,2491210.2,2491662.8,10,7.4215,4,8683,1,0
222,1,2492401.0,2494211.8,12,-7.08583,4,8683,1,0
292,1,2493996.0,2494983.2,11,-7.61438,4,8685,1,0
198,1,2496888.0,2496960.0,7,6.87444,4,8683,1,0
213,1,2497956.8,2498203.5,9,-5.91051,4,8683,1,0
238,1,2498205.5,2498277.5,7,9.89555,4,8683,1,0
337,1,2504027.2,2504161.0,8,-9.24463,4,8683,1,0
368,1,2512497.8,2514308.2,12,-19.5474,4,8685,1,0
368,2,2512497.8,2514308.2,12,-19.5474,4,8685,1,0
79,1,2514540.0,2514786.8,9,-1.77148,4,8683,1,0
79,2,2514540.0,2514786.8,9,-1.77148,4,8683,1,0
35,1,2515058.5,2515511.2,10,-14.4731,4,8685,1,0
35,2,2515058.5,2515511.2,10,-14.4731,4,8685,1,0
23,2,2516869.2,2516941.2,7,4.60186,4,8681,0,1
159,1,2517742.2,2517989.0,9,0.0,4,8681,0,1
159,2,2517742.2,2517989.0,9,0.0,4,8681,1,0
187,1,2518518.8,2520329.2,12,-20.5316,4,8685,0,1
187,2,2518518.8,2520329.2,12,-20.5316,4,8685,1,0
123,1,2519623.8,2519695.8,7,3.67646,4,8683,1,0
123,2,2519623.8,2519695.8,7,3.67646,4,8683,1,0
305,2,2519777.5,2519849.5,7,0.0,4,8683,1,0
185,1,2521809.5,2523620.0,12,-20.5106,4,8685,1,0
270,1,2523367.2,2525177.8,12,-18.3934,4,8683,1,0
119,2,2524002.5,2524074.5,7,-4.12007,4,8683,1,0
388,1,2524074.8,2525061.8,11,-16.7597,4,8683,1,0
388,2,2524074.8,2525061.8,11,-16.7597,4,8683,1,0
215,2,2525176.2,2526986.8,12,-12.2768,4,8683,1,0
132,1,2530169.2,2530241.2,7,5.98495,4,8681,1,0
310,1,2531387.8,2532374.8,11,-18.1279,4,8685,1,0
310,2,2531387.8,2532374.8,11,-18.1279,4,8685,1,0
174,1,2532111.0,2533921.8,12,-5.81355,4,8683,1,0
174,2,2532111.0,2533921.8,12,-5.81355,4,8683,1,0
15,2,2532393.8,2534204.2,12,3.09478,4,8681,1,0
141,1,2535555.0,2535801.8,9,-0.860458,4,8685,1,0
160,1,2535746.2,2536199.0,10,-10.5316,4,8681,1,0
41,2,2536759.5,2536831.5,7,9.48591,4,8683,1,0
219,1,2537314.8,2539125.2,12,-16.9842,4,8683,1,0
237,1,2539160.0,2539406.8,9,-6.98488,4,8683,1,0
237,2,2539160.0,2539406.8,9,-6.98488,4,8683,1,0
259,1,2542318.0,2542451.8,8,-9.75748,4,8683,1,0
3,1,2543349.0,2545159.8,12,0.0,4,8683,0,1
304,1,2543515.0,2543967.5,10,-11.3377,4,8683,1,0
304,2,2543515.0,2543967.5,10,-11.3377,4,8683,1,0
238,1,2543879.2,2543951.2,7,7.07716,4,8681,1,0
158,1,2544179.2,2544312.8,8,14.807,4,8685,1,0
158,2,2544179.2,2544312.8,8,14.807,4,8685,1,0
302,1,2544629.8,2545082.2,10,0.0,4,8685,0,1
302,2,2544629.8,2545082.2,10,0.0,4,8685,1,0
359,2,2544965.2,2545037.2,7,6.06538,4,8681,1,0
85,1,2545713.8,2547524.5,12,-13.5667,4,8683,0,1
85,2,2545713.8,2547524.5,12,-13.5667,4,8683,0,1
329,1,2546828.8,2547281.5,10,-9.52885,4,8683,0,1
329,2,2546828.8,2547281.5,10,-9.52885,4,8683,1,0
250,1,2547151.0,2548961.8,12,3.82736,4,8685,1,0
364,1,2547667.5,2549478.0,12,-13.7363,4,8683,1,0
364,2,2547667.5,2549478.0,12,-13.7363,4,8683,1,0
375,2,2548607.5,2550418.0,12,-10.5725,4,8685,0,1
30,2,2549100.2,2549172.2,7,-6.56522,4,8685,1,0
200,2,2550288.5,2550535.5,9,-6.48341,4,8685,1,0
319,1,2550456.5,2550909.2,10,-6.50183,4,8685,1,0
319,2,2550456.5,2550909.2,10,-6.50183,4,8685,1,0
68,1,2553398.0,2553644.8,9,-11.8619,4,8681,1,0
68,2,2553398.0,2553644.8,9,-11.8619,4,8681,1,0
135,1,2555217.8,2557028.2,12,2.01061,4,8683,1,0
135,2,2555217.8,2557028.2,12,2.01061,4,8683,0,1
24,1,2556584.0,2556830.8,9,-10.3749,4,8683,1,0
213,1,2557924.8,2558171.8,9,0.0,4,8683,1,0
213,2,2557924.8,2558171.8,9,0.0,4,8683,1,0
128,1,2558454.0,2558587.8,8,-11.4025,4,8683,1,0
35,1,2560319.2,2560772.0,10,-11.7549,4,8683,1,0
271,1,2562115.2,2562187.2,7,-2.76736,4,8683,1,0
48,2,2563353.5,2563487.0,8,-9.95041,4,8683,1,0
313,1,2563817.8,2564804.8,11,-19.1926,4,8683,1,0
181,2,2563823.5,2565634.0,12,-6.83371,4,8683,0,1
256,1,2564377.0,2564449.0,7,1.1642,4,8681,1,0
256,2,2564377.0,2564449.0,7,1.1642,4,8681,1,0
184,1,2564564.2,2564697.8,8,-10.2139,4,8683,1,0
184,2,2564564.2,2564697.8,8,-10.2139,4,8683,1,0
308,1,2565383.5,2565836.2,10,-3.29057,4,8681,1,0
308,2,2565383.5,2565836.2,10,-3.29057,4,8681,0,1
369,1,2568521.0,2568973.8,10,-10.5605,4,8683,1,0
276,2,2569826.5,2571637.0,12,-18.2197,4,8683,1,0
65,2,2571518.0,2571765.0,9,-2.362,4,8683,1,0
377,1,2572632.8,2574443.2,12,0.0,4,8685,0,1
377,2,2572632.8,2574443.2,12,0.0,4,8685,1,0
178,1,2573097.8,2574908.2,12,0.0,4,8683,0,1
178,2,2573097.8,2574908.2,12,0.0,4,8683,1,0
238,1,2573185.0,2573257.0,7,-2.28212,4,8683,1,0
228,2,2574535.5,2574607.5,7,0.0,4,8685,1,0
356,1,2578714.8,2578961.8,9,-10.2776,4,8681,1,0
356,2,2578714.8,2578961.8,9,-10.2776,4,8681,1,0
18,1,2578865.2,2580675.8,12,-10.4837,4,8685,1,0
18,2,2578865.2,2580675.8,12,-10.4837,4,8685,1,0
120,1,2578917.2,2580727.8,12,0.0,4,8681,1,0
120,2,2578917.2,2580727.8,12,0.0,4,8681,1,0
177,1,2580491.5,2580625.0,8,-5.43083,4,8685,1,0
216,1,2582325.5,2582778.0,10,-11.7379,4,8685,1,0
216,2,2582325.5,2582778.0,10,-11.7379,4,8685,1,0
122,1,2583317.8,2583770.5,10,0.0,4,8683,1,0
122,2,2583317.8,2583770.5,10,0.0,4,8683,1,0
55,2,2584398.2,2585385.2,11,-7.06993,4,8681,1,0
239,1,2587211.2,2589021.8,12,-20.4227,4,8685,1,0
239,2,2587211.2,2589021.8,12,-20.4227,4,8685,0,1
171,1,2588838.5,2589825.8,11,-11.4679,4,8683,1,0
171,2,2588838.5,2589825.8,11,-11.4679,4,8683,1,0
146,2,2589732.0,2591542.5,12,-16.1843,4,8685,1,0
57,1,2590524.8,2590658.2,8,-11.6275,4,8681,1,0
57,2,2590524.8,2590658.2,8,-11.6275,4,8681,1,0
376,1,2591422.8,2592410.0,11,-14.8657,4,8683,1,0
278,1,2591910.5,2593721.0,12,-22.1548,4,8681,1,0
329,1,2592089.8,2592542.5,10,1.12248,4,8681,1,0
329,2,2592089.8,2592542.5,10,1.12248,4,8681,1,0
263,1,2594374.2,2594446.2,7,0.0,4,8685,1,0
291,2,2594850.5,2594984.2,8,-2.81956,4,8683,1,0
229,1,2595014.0,2596824.5,12,0.0,4,8685,1,0
48,1,2596214.5,2596348.2,8,-3.61027,4,8681,1,0
48,2,2596214.5,2596348.2,8,-3.61027,4,8681,1,0
281,1,2596385.8,2596457.8,7,-1.03459,4,8681,1,0
282,2,2597727.2,2597974.0,9,-13.8819,4,8683,1,0
47,1,2598864.2,2599851.2,11,-19.3837,4,8685,0,1
47,2,2598864.2,2599851.2,11,-19.3837,4,8685,1,0
46,1,2601154.8,2601288.2,8,-0.683669,4,8683,1,0
131,2,2601711.8,2601783.8,7,4.18379,4,8683,1,0
154,1,2604077.0,2605887.5,12,-15.8466,4,8685,0,1
305,1,2604298.8,2604370.8,7,-0.859771,4,8685,1,0
35,2,2605580.2,2606033.0,10,-10.4865,4,8681,1,0
97,2,2605864.8,2605936.8,7,-6.05167,4,8683,1,0
118,1,2606160.5,2606407.2,9,0.0,4,8683,1,0
402,2,2608929.2,2609001.2,7,2.63295,4,8685,1,0
50,1,2610500.2,2610953.0,10,-14.72,4,8683,1,0
308,2,2610644.2,2611097.0,10,0.0,4,8683,1,0
121,1,2610771.5,2610843.5,7,-2.81911,4,8685,1,0
121,2,2610771.5,2610843.5,7,-2.81911,4,8685,1,0
67,2,2613266.2,2613719.0,10,-9.83092,4,8685,1,0
349,1,2613365.2,2613612.0,9,-0.397552,4,8685,0,1
262,2,2613909.0,2614042.5,8,1.42676,4,8683,1,0
273,1,2615238.8,2615310.8,7,-0.638,4,8683,1,0
97,2,2617726.5,2617798.5,7,2.04257,4,8683,1,0
258,1,2622693.0,2624503.8,12,-19.6913,4,8685,1,0
258,2,2622693.0,2624503.8,12,-19.6913,4,8685,1,0
150,2,2622853.5,2623100.2,9,-9.16484,4,8681,1,0
332,1,2624201.0,2624653.5,10,-2.94696,4,8681,1,0
186,2,2624890.5,2625343.2,10,0.0,4,8685,1,0
336,1,2625995.5,2627806.2,12,0.0,4,8685,0,1
336,2,2625995.5,2627806.2,12,0.0,4,8685,0,1
46,1,2626352.2,2626485.8,8,0.0,4,8685,1,0
295,1,2627301.0,2629111.5,12,-14.6533,4,8681,0,1
295,2,2627301.0,2629111.5,12,-14.6533,4,8681,0,1
312,1,2630491.2,2630624.8,8,-5.37788,4,8683,1,0
312,2,2630491.2,2630624.8,8,-5.37788,4,8683,1,0
320,1,2631228.8,2633039.2,12,0.0,4,8681,0,1
320,2,2631228.8,2633039.2,12,0.0,4,8681,1,0
143,2,2632828.5,2634639.2,12,-15.1919,4,8685,1,0
24,1,2633911.8,2634158.8,9,-2.51845,4,8683,1,0
87,1,2634517.0,2636327.8,12,-7.11803,4,8683,1,0
391,1,2634540.8,2634612.8,7,-6.20618,4,8683,1,0
391,2,2634540.8,2634612.8,7,-6.20618,4,8683,1,0
289,1,2636378.8,2637365.8,11,-2.10959,4,8683,1,0
289,2,2636378.8,2637365.8,11,-2.10959,4,8683,1,0
189,1,2639098.8,2640909.2,12,1.30116,4,8683,0,1
189,2,2639098.8,2640909.2,12,1.30116,4,8683,0,1
220,1,2639889.8,2639961.8,7,8.74173,4,8685,1,0
285,1,2641435.0,2641682.0,9,-12.1983,4,8685,1,0
235,2,2644537.0,2644609.2,7,-3.4557,4,8683,1,0
163,1,2646512.2,2646964.8,10,8.36524,4,8685,1,0
150,1,2647532.0,2647778.8,9,-10.5029,4,8683,1,0
150,2,2647532.0,2647778.8,9,-10.5029,4,8683,1,0
105,2,2647712.8,2648699.8,11,-15.0729,4,8681,1,0
389,1,2649786.5,2650033.2,9,2.74616,4,8683,1,0
122,1,2650043.8,2650496.2,10,-4.56982,4,8685,1,0
122,2,2650043.8,2650496.2,10,-4.56982,4,8685,1,0
246,1,2651391.5,2651844.2,10,-10.5647,4,8683,1,0
147,1,2651647.2,2653457.8,12,-6.28378,4,8683,0,1
147,2,2651647.2,2653457.8,12,-6.28378,4,8683,1,0
114,1,2654782.2,2655769.2,11,-12.3175,4,8681,1,0
114,2,2654782.2,2655769.2,11,-12.3175,4,8681,1,0
68,1,2655787.0,2656034.0,9,-8.04457,4,8683,1,0
68,2,2655787.0,2656034.0,9,-8.04457,4,8683,1,0
152,1,2656215.0,2656348.8,8,0.0,4,8683,1,0
184,1,2656437.0,2656570.5,8,-2.42686,4,8683,1,0
184,2,2656437.0,2656570.5,8,-2.42686,4,8683,1,0
386,2,2657382.2,2657629.2,9,-13.2178,4,8685,1,0
24,1,2658590.2,2658837.2,9,-10.313,4,8681,1,0
104,2,2659660.2,2659732.2,7,-7.3596,4,8683,1,0
127,2,2659905.2,2661715.8,12,-8.23457,4,8683,0,1
8,1,2660325.8,2662136.2,12,0.245637,4,8683,1,0
311,1,2662500.8,2664311.2,12,-15.708,4,8683,1,0
311,2,2662500.8,2664311.2,12,-15.708,4,8683,1,0
313,2,2662531.0,2663518.0,11,-11.2987,4,8683,1,0
281,1,2664047.5,2664119.8,7,-4.26681,4,8683,1,0
226,1,2664361.5,2664433.5,7,3.52909,4,8681,1,0
226,2,2664361.5,2664433.5,7,3.52909,4,8681,1,0
160,2,2665457.2,2665910.0,10,-7.60208,4,8683,0,1
257,1,2666250.8,2668061.2,12,-9.30025,4,8681,0,1
257,2,2666250.8,2668061.2,12,-9.30025,4,8681,1,0
117,1,2666446.0,2666898.8,10,-15.1518,4,8681,0,1
117,2,2666446.0,2666898.8,10,-15.1518,4,8681,1,0
52,1,2666749.8,2666996.5,9,6.48561,4,8683,0,1
195,1,2668880.0,2670690.5,12,0.0,4,8685,0,1
177,1,2668910.0,2669043.5,8,0.0,4,8683,1,0
64,2,2669199.8,2669271.8,7,7.13269,4,8685,1,0
332,2,2669461.8,2669914.2,10,-2.86879,4,8683,1,0
186,2,2670151.2,2670604.0,10,0.0,4,8683,0,1
308,1,2670772.8,2671225.2,10,-7.76578,4,8685,1,0
308,2,2670772.8,2671225.2,10,-7.76578,4,8685,1,0
172,1,2671262.5,2673073.0,12,-17.6459,4,8681,1,0
172,2,2671262.5,2673073.0,12,-17.6459,4,8681,1,0
30,2,2673959.0,2674031.0,7,2.50952,4,8683,1,0
23,1,2675441.5,2675513.5,7,-1.07603,4,8683,1,0
23,2,2675441.5,2675513.5,7,-1.07603,4,8683,1,0
217,1,2676775.0,2676908.5,8,7.06849,4,8681,1,0
110,2,2677167.5,2678978.0,12,-9.78,4,8683,0,1
283,2,2679657.5,2680110.0,10,-11.9498,4,8683,1,0
24,1,2683744.8,2683991.8,9,0.463746,4,8683,1,0
78,1,2683778.0,2683850.0,7,-1.32353,4,8683,1,0
363,1,2685483.8,2685555.8,7,23.8206,4,8685,1,0
14,2,2687052.5,2688863.0,12,-17.6881,4,8685,1,0
55,1,2688258.0,2689245.0,11,-10.8504,4,8683,1,0
55,2,2688258.0,2689245.0,11,-10.8504,4,8683,1,0
45,1,2691215.0,2691287.0,7,9.02255,4,8683,1,0
312,2,2691619.0,2691752.5,8,0.0,4,8683,0,1
368,1,2693541.0,2695351.5,12,-17.9008,4,8683,1,0
275,1,2693554.8,2693801.5,9,0.568498,4,8683,1,0
238,1,2695995.8,2696067.8,7,39.1023,4,8683,1,0
269,1,2696520.5,2697507.5,11,-6.53632,4,8685,1,0
131,2,2698863.5,2698935.5,7,21.4734,4,8683,1,0
126,1,2698935.5,2699069.0,8,0.0,4,8683,0,1
126,2,2698935.5,2699069.0,8,0.0,4,8683,1,0
185,1,2702852.8,2704663.2,12,-20.4547,4,8683,1,0
206,2,2703570.0,2704557.2,11,-12.463,4,8685,1,0
77,1,2704325.0,2704777.5,10,-2.76524,4,8681,1,0
77,2,2704325.0,2704777.5,10,-2.76524,4,8681,1,0
159,1,2705233.8,2705480.5,9,-11.6079,4,8683,1,0
159,2,2705233.8,2705480.5,9,-11.6079,4,8683,1,0
215,1,2706219.5,2708030.0,12,-19.35,4,8683,1,0
215,2,2706219.5,2708030.0,12,-19.35,4,8683,0,1
24,1,2708423.2,2708670.2,9,5.83411,4,8685,1,0
282,1,2709083.5,2709330.2,9,-6.14781,4,8681,1,0
399,1,2710098.0,2710550.5,10,0.0,4,8683,0,1
326,2,2710458.8,2710911.5,10,-14.8399,4,8683,1,0
288,1,2710489.5,2710942.2,10,11.938,4,8685,0,1
288,2,2710489.5,2710942.2,10,11.938,4,8685,1,0
255,1,2710960.0,2711206.8,9,0.0,4,8685,0,1
255,2,2710960.0,2711206.8,9,0.0,4,8685,1,0
303,2,2711918.0,2712370.5,10,0.0,4,8685,1,0
323,1,2714581.2,2716391.8,12,-20.0471,4,8683,1,0
187,2,2715113.0,2716923.5,12,-14.8881,4,8683,0,1
186,2,2715412.0,2715864.8,10,-10.6528,4,8683,1,0
40,2,2715799.0,2715871.0,7,12.6065,4,8683,1,0
308,1,2716033.5,2716486.0,10,-0.287871,4,8683,1,0
308,2,2716033.5,2716486.0,10,-0.287871,4,8683,1,0
103,1,2716325.5,2716459.0,8,-5.21355,4,8685,1,0
103,2,2716325.5,2716459.0,8,-5.21355,4,8685,1,0
321,1,2718301.8,2718373.8,7,6.02618,4,8683,1,0
321,2,2718301.8,2718373.8,7,6.02618,4,8683,1,0
219,1,2718358.0,2720168.5,12,-4.41626,4,8683,1,0
165,2,2718838.5,2719085.2,9,0.0,4,8683,1,0
106,2,2719845.2,2720092.0,9,-5.16829,4,8683,1,0
302,1,2720700.5,2721153.0,10,7.80766,4,8683,1,0
15,1,2721015.5,2722826.2,12,0.0,4,8683,0,1
15,2,2721015.5,2722826.2,12,0.0,4,8683,1,0
21,1,2722303.0,2724113.5,12,0.0,4,8683,0,1
21,2,2722303.0,2724113.5,12,0.0,4,8683,1,0
322,1,2723956.5,2725767.0,12,-16.1244,4,8683,1,0
322,2,2723956.5,2725767.0,12,-16.1244,4,8683,0,1
265,1,2723973.8,2724045.8,7,-2.55606,4,8685,1,0
265,2,2723973.8,2724045.8,7,-2.55606,4,8685,1,0
234,2,2726300.2,2726547.0,9,-12.4307,4,8685,0,1
335,2,2727627.8,2729438.2,12,-11.2262,4,8685,1,0
64,2,2728921.2,2728993.2,7,16.3525,4,8683,1,0
339,1,2729323.2,2729776.0,10,-13.8271,4,8681,1,0
375,1,2729650.8,2731461.2,12,-18.8308,4,8683,1,0
375,2,2729650.8,2731461.2,12,-18.8308,4,8683,0,1
9,1,2731737.5,2731984.5,9,-13.5815,4,8683,1,0
347,2,2734288.5,2734535.5,9,-6.84903,4,8681,1,0
315,1,2734895.2,2735142.0,9,-2.0265,4,8681,0,1
315,2,2734895.2,2735142.0,9,-2.0265,4,8681,1,0
135,1,2736261.0,2738071.5,12,-5.36943,4,8685,1,0
135,2,2736261.0,2738071.5,12,-5.36943,4,8685,1,0
324,1,2737420.8,2737554.2,8,-8.23312,4,8685,1,0
324,2,2737420.8,2737554.2,8,-8.23312,4,8685,1,0
318,2,2739475.8,2740463.0,11,-18.7722,4,8683,1,0
250,1,2739513.2,2741323.8,12,-8.55295,4,8683,1,0
328,1,2740632.0,2740704.0,7,9.69176,4,8681,1,0
280,2,2742957.0,2744767.5,12,-19.7404,4,8683,0,1
165,1,2743516.8,2743763.8,9,-10.1049,4,8683,1,0
75,1,2747919.8,2748053.2,8,-4.93475,4,8683,1,0
75,2,2747919.8,2748053.2,8,-4.93475,4,8683,1,0
294,2,2748032.8,2749019.8,11,-14.123,4,8683,1,0
62,1,2749465.0,2749537.0,7,-6.98816,4,8685,1,0
62,2,2749465.0,2749537.0,7,-6.98816,4,8685,1,0
102,1,2751064.8,2751136.8,7,-4.96155,4,8683,1,0
395,2,2751147.5,2751281.0,8,-9.51749,4,8685,1,0
377,1,2753676.0,2755486.5,12,-9.10286,4,8683,1,0
377,2,2753676.0,2755486.5,12,-9.10286,4,8683,1,0
12,1,2755803.8,2755875.8,7,8.41727,4,8683,1,0
362,1,2757647.2,2757894.0,9,0.0,4,8683,1,0
102,1,2758258.2,2758330.2,7,0.0,4,8685,1,0
152,1,2758704.5,2758838.2,8,-0.322219,4,8685,1,0
152,2,2758704.5,2758838.2,8,-0.322219,4,8685,1,0
18,2,2759908.5,2761719.0,12,-13.0407,4,8683,0,1
267,2,2760070.8,2760523.5,10,-11.185,4,8681,1,0
17,1,2760379.5,2760626.2,9,-4.13557,4,8685,1,0
17,2,2760379.5,2760626.2,9,-4.13557,4,8685,1,0
107,1,2761381.8,2761453.8,7,18.2849,4,8685,1,0
164,1,2763425.8,2763497.8,7,-9.26286,4,8683,1,0
297,2,2765540.8,2765674.2,8,4.83791,4,8685,1,0
246,2,2766397.0,2766849.5,10,-0.159896,4,8683,1,0
205,1,2766515.5,2768326.0,12,-17.9802,4,8685,0,1
205,2,2766515.5,2768326.0,12,-17.9802,4,8685,1,0
349,1,2767333.5,2767580.2,9,-5.94508,4,8683,1,0
349,2,2767333.5,2767580.2,9,-5.94508,4,8683,1,0
248,2,2768088.5,2768222.0,8,-8.89793,4,8683,1,0
386,1,2769170.5,2769417.2,9,-4.50349,4,8683,1,0
386,2,2769170.5,2769417.2,9,-4.50349,4,8683,0,1
23,2,2773643.8,2773715.8,7,-4.75432,4,8685,1,0
45,1,2776222.8,2776294.8,7,8.31893,4,8685,1,0
357,1,2779399.5,2779646.2,9,-3.08258,4,8681,0,1
357,2,2779399.5,2779646.2,9,-3.08258,4,8681,1,0
33,1,2780542.0,2781529.0,11,6.22756,4,8685,1,0
33,2,2780542.0,2781529.0,11,6.22756,4,8685,0,1
223,1,2780549.2,2780796.2,9,-4.02472,4,8681,1,0
319,1,2781042.5,2781495.0,10,-8.54417,4,8683,1,0
297,2,2783689.8,2783823.2,8,1.19698,4,8685,0,1
175,2,2784032.0,2784484.5,10,1.34329,4,8685,0,1
393,1,2784813.0,2785800.0,11,-11.7761,4,8683,1,0
154,2,2785120.0,2786930.8,12,-22.3428,4,8683,1,0
301,1,2787151.2,2787223.5,7,0.0,4,8683,1,0
374,1,2789167.8,2789620.2,10,1.25603,4,8683,1,0
374,2,2789167.8,2789620.2,10,1.25603,4,8683,1,0
105,2,2793462.8,2794449.8,11,-15.7126,4,8683,1,0
397,2,2793471.2,2795281.8,12,-10.3932,4,8683,1,0
360,2,2793903.2,2794150.2,9,-12.4802,4,8683,1,0
249,1,2796684.0,2796756.0,7,-5.63045,4,8683,1,0
80,1,2796718.0,2797705.0,11,-2.93191,4,8683,1,0
385,2,2798466.8,2798538.8,7,7.34362,4,8683,1,0
331,1,2800338.2,2802148.8,12,-7.4576,4,8683,1,0
342,1,2803769.2,2804016.0,9,5.16009,4,8685,1,0
342,2,2803769.2,2804016.0,9,5.16009,4,8685,1,0
153,1,2804431.0,2804564.5,8,1.33634,4,8683,1,0
153,2,2804431.0,2804564.5,8,1.33634,4,8683,1,0
265,1,2805167.8,2805239.8,7,22.2155,4,8683,1,0
267,1,2805331.5,2805784.2,10,-7.90936,4,8683,1,0
222,2,2808003.2,2809813.8,12,-22.0214,4,8685,1,0
295,1,2808344.2,2810154.8,12,-1.24631,4,8683,0,1
295,2,2808344.2,2810154.8,12,-1.24631,4,8683,1,0
341,1,2809482.8,2809935.2,10,-8.95158,4,8685,1,0
341,2,2809482.8,2809935.2,10,-8.95158,4,8685,1,0
352,1,2811496.0,2811948.8,10,0.0,4,8685,1,0
210,2,2812201.5,2813188.5,11,-7.45534,4,8683,0,1
29,1,2814024.0,2815834.5,12,-6.2019,4,8683,1,0
29,2,2814024.0,2815834.5,12,-6.2019,4,8683,1,0
109,1,2815231.8,2815684.2,10,5.41066,4,8683,1,0
151,2,2815578.0,2816030.5,10,-16.2832,4,8681,1,0
306,2,2816762.0,2816834.0,7,6.69497,4,8683,1,0
400,1,2818169.0,2818241.0,7,8.4461,4,8683,1,0
400,2,2818169.0,2818241.0,7,8.4461,4,8683,1,0
253,2,2818298.0,2820108.8,12,0.0,4,8683,1,0
337,1,2818934.0,2819067.8,8,3.43803,4,8685,1,0
191,1,2819904.2,2820151.0,9,9.40603,4,8683,1,0
189,1,2820141.8,2821952.5,12,-15.5714,4,8683,0,1
243,1,2821375.8,2823186.2,12,-13.664,4,8683,0,1
223,1,2824281.2,2824528.0,9,0.0,4,8683,1,0
223,2,2824281.2,2824528.0,9,0.0,4,8683,1,0
362,1,2825059.5,2825306.5,9,0.0,4,8681,1,0
107,1,2825105.0,2825177.0,7,0.0,4,8683,1,0
107,2,2825105.0,2825177.0,7,0.0,4,8683,1,0
183,1,2825225.2,2825678.0,10,2.07269,4,8683,0,1
307,1,2828593.2,2830403.8,12,-16.995,4,8681,1,0
307,2,2828593.2,2830403.8,12,-16.995,4,8681,1,0
286,1,2828710.5,2829163.0,10,-7.17973,4,8685,1,0
286,2,2828710.5,2829163.0,10,-7.17973,4,8685,1,0
175,1,2831494.2,2831946.8,10,1.32181,4,8683,1,0
175,2,2831494.2,2831946.8,10,1.32181,4,8683,0,1
364,1,2832617.5,2834428.0,12,-4.83064,4,8681,1,0
364,2,2832617.5,2834428.0,12,-4.83064,4,8681,0,1
108,2,2832961.2,2833033.2,7,22.4239,4,8685,1,0
26,1,2833127.0,2834937.5,12,-19.5078,4,8683,1,0
84,2,2835231.8,2835684.2,10,-16.6225,4,8685,1,0
159,1,2837363.0,2837609.8,9,0.0,4,8685,0,1
354,1,2837866.8,2838853.8,11,-11.1218,4,8683,0,1
354,2,2837866.8,2838853.8,11,-11.1218,4,8683,1,0
318,2,2838189.5,2839176.5,11,-4.67799,4,8685,1,0
98,1,2838256.5,2840067.2,12,-15.9025,4,8683,0,1
98,2,2838256.5,2840067.2,12,-15.9025,4,8683,0,1
184,1,2838277.8,2838411.5,8,-7.21872,4,8681,1,0
184,2,2838277.8,2838411.5,8,-7.21872,4,8681,1,0
277,1,2838894.5,2839028.0,8,-5.46936,4,8685,1,0
310,1,2839644.8,2840631.8,11,-9.49493,4,8683,0,1
310,2,2839644.8,2840631.8,11,-9.49493,4,8683,1,0
27,1,2840464.5,2842275.2,12,-12.7951,4,8683,1,0
27,2,2840464.5,2842275.2,12,-12.7951,4,8683,1,0
8,1,2841369.0,2843179.5,12,9.53414,4,8685,1,0
8,2,2841369.0,2843179.5,12,9.53414,4,8685,1,0
67,1,2841690.8,2842143.2,10,-7.26024,4,8683,1,0
67,2,2841690.8,2842143.2,10,-7.26024,4,8683,1,0
50,2,2843761.2,2844213.8,10,0.0,4,8683,1,0
192,1,2844131.5,2844378.5,9,-2.2103,4,8683,1,0
192,2,2844131.5,2844378.5,9,-2.2103,4,8683,1,0
272,2,2844271.5,2846082.0,12,0.0,4,8681,0,1
82,2,2844605.0,2846415.5,12,0.0,4,8683,0,1
349,1,2845097.0,2845343.8,9,-3.79484,4,8683,1,0
349,2,2845097.0,2845343.8,9,-3.79484,4,8683,0,1
107,2,2845173.5,2845245.5,7,0.0,4,8683,0,1
204,1,2846886.2,2847133.0,9,-10.0451,4,8683,1,0
257,1,2847294.0,2849104.5,12,-22.0866,4,8683,1,0
257,2,2847294.0,2849104.5,12,-22.0866,4,8683,1,0
195,1,2849923.0,2851733.8,12,0.0,4,8683,0,1
195,2,2849923.0,2851733.8,12,0.0,4,8683,1,0
239,2,2851191.0,2853001.5,12,-12.1982,4,8683,1,0
186,1,2851529.0,2851981.8,10,-2.2654,4,8681,1,0
186,2,2851529.0,2851981.8,10,-2.2654,4,8681,1,0
277,1,2852257.5,2852391.0,8,-8.1514,4,8683,1,0
161,1,2853114.5,2854925.0,12,-15.1269,4,8683,1,0
161,2,2853114.5,2854925.0,12,-15.1269,4,8683,1,0
341,1,2854743.5,2855196.0,10,-12.841,4,8683,1,0
394,1,2855339.5,2855473.2,8,-3.48437,4,8685,1,0
102,1,2856677.2,2856749.2,7,18.0778,4,8683,1,0
74,1,2859573.2,2859820.0,9,5.38316,4,8683,1,0
102,1,2863870.8,2863942.8,7,2.03088,4,8683,1,0
291,2,2865988.8,2866122.2,8,-3.47876,4,8683,1,0
35,2,2866548.2,2867001.0,10,-2.0249,4,8683,1,0
283,2,2867244.8,2867697.2,10,-0.960693,4,8681,1,0
267,2,2867533.8,2867986.2,10,-8.15016,4,8685,1,0
14,1,2868095.8,2869906.2,12,-1.73473,4,8683,1,0
14,2,2868095.8,2869906.2,12,-1.73473,4,8683,0,1
173,1,2868282.2,2868529.0,9,3.18177,4,8683,1,0
220,1,2869619.0,2869691.0,7,-3.93405,4,8683,1,0
349,2,2869775.5,2870022.2,9,0.0,4,8681,0,1
305,1,2870587.8,2870659.8,7,4.4079,4,8683,1,0
228,2,2871183.5,2871255.5,7,26.322,4,8683,1,0
378,2,2873627.0,2874614.0,11,-12.5464,4,8683,1,0
392,2,2875625.8,2876078.2,10,-7.12073,4,8681,1,0
166,1,2876253.8,2877240.8,11,9.81691,4,8683,1,0
166,2,2876253.8,2877240.8,11,9.81691,4,8683,1,0
387,2,2876927.8,2878738.2,12,-18.6864,4,8683,1,0
209,1,2878210.5,2878457.2,9,0.0,4,8685,1,0
209,2,2878210.5,2878457.2,9,0.0,4,8685,1,0
73,2,2879278.2,2879350.2,7,-8.45451,4,8683,1,0
97,2,2880484.5,2880556.8,7,10.2971,4,8681,1,0
237,2,2882355.8,2882602.5,9,4.41083,4,8683,0,1
334,2,2883885.0,2884018.5,8,-6.90939,4,8685,1,0
185,1,2883896.0,2885706.5,12,7.20277,4,8683,1,0
185,2,2883896.0,2885706.5,12,7.20277,4,8683,0,1
167,2,2886273.5,2886345.5,7,-7.07924,4,8683,1,0
61,1,2886502.0,2886748.8,9,1.52164,4,8685,1,0
319,1,2889194.8,2889647.5,10,-11.0828,4,8683,1,0
55,1,2894622.0,2895609.2,11,-14.1595,4,8683,1,0
55,2,2894622.0,2895609.2,11,-14.1595,4,8683,1,0
219,1,2899401.0,2901211.8,12,-7.25323,4,8681,1,0
219,2,2899401.0,2901211.8,12,-7.25323,4,8681,1,0
74,1,2902880.2,2903127.0,9,-8.1488,4,8685,1,0
21,1,2903346.2,2905156.8,12,0.0,4,8683,0,1
21,2,2903346.2,2905156.8,12,0.0,4,8683,1,0
271,1,2904824.8,2904896.8,7,1.58066,4,8681,1,0
325,1,2905453.5,2905587.2,8,-10.0341,4,8685,1,0
325,2,2905453.5,2905587.2,8,-10.0341,4,8685,1,0
9,1,2905718.0,2905964.8,9,-12.3528,4,8681,0,1
162,2,2905991.5,2906444.0,10,0.0,4,8685,1,0
173,2,2906128.2,2906375.0,9,0.0,4,8685,1,0
99,1,2906525.8,2906978.2,10,-14.3042,4,8683,1,0
99,2,2906525.8,2906978.2,10,-14.3042,4,8683,1,0
192,1,2908020.5,2908267.2,9,-14.0698,4,8683,1,0
335,2,2908671.0,2910481.5,12,-5.18922,4,8683,1,0
94,1,2909704.8,2911515.5,12,1.77046,4,8685,1,0
94,2,2909704.8,2911515.5,12,1.77046,4,8685,1,0
389,1,2910099.5,2910346.5,9,-9.47797,4,8681,1,0
389,2,2910099.5,2910346.5,9,-9.47797,4,8681,1,0
299,2,2910435.5,2910888.2,10,-8.48756,4,8683,1,0
236,1,2910910.5,2911044.0,8,3.26357,4,8683,1,0
236,2,2910910.5,2911044.0,8,3.26357,4,8683,1,0
41,1,2911022.2,2911094.2,7,9.16908,4,8683,1,0
41,2,2911022.2,2911094.2,7,9.16908,4,8683,1,0
163,1,2912671.5,2913124.0,10,18.6096,4,8683,1,0
155,1,2913729.2,2914716.2,11,-0.6454,4,8683,1,0
342,1,2914747.2,2914994.2,9,4.56365,4,8683,1,0
342,2,2914747.2,2914994.2,9,4.56365,4,8683,1,0
35,1,2914963.8,2915416.5,10,0.0,4,8683,1,0
352,1,2918619.0,2919071.5,10,-5.46233,4,8683,1,0
352,2,2918619.0,2919071.5,10,-5.46233,4,8683,1,0
42,1,2919551.0,2921361.5,12,-0.598434,4,8683,1,0
250,2,2920556.5,2922367.0,12,-6.13959,4,8683,1,0
286,1,2920816.5,2921269.0,10,-5.11798,4,8685,1,0
286,2,2920816.5,2921269.0,10,-5.11798,4,8685,1,0
304,1,2922542.5,2922995.0,10,-13.7826,4,8683,1,0
304,2,2922542.5,2922995.0,10,-13.7826,4,8683,1,0
240,1,2923367.8,2925178.2,12,-18.442,4,8685,1,0
20,1,2925317.5,2925564.2,9,-6.22287,4,8683,1,0
20,2,2925317.5,2925564.2,9,-6.22287,4,8683,0,1
40,2,2927006.2,2927078.2,7,-8.53738,4,8681,1,0
74,1,2927558.5,2927805.5,9,0.0,4,8683,1,0
194,1,2928779.2,2928851.2,7,7.68618,4,8683,1,0
147,1,2930593.2,2932403.8,12,-17.5819,4,8685,0,1
5,1,2930953.0,2932763.8,12,-14.1725,4,8683,0,1
5,2,2930953.0,2932763.8,12,-14.1725,4,8683,1,0
71,2,2934509.0,2936319.5,12,-13.0303,4,8685,1,0
224,1,2935999.8,2936071.8,7,1.1425,4,8683,1,0
224,2,2935999.8,2936071.8,7,1.1425,4,8683,1,0
180,2,2936042.2,2936289.0,9,-11.9456,4,8683,1,0
310,1,2938358.2,2939345.2,11,-8.69687,4,8683,1,0
310,2,2938358.2,2939345.2,11,-8.69687,4,8683,1,0
25,2,2938464.2,2938711.2,9,0.0,4,8683,1,0
133,1,2939450.0,2939902.5,10,-16.1263,4,8683,1,0
133,2,2939450.0,2939902.5,10,-16.1263,4,8683,1,0
131,1,2940140.5,2940212.5,7,-8.61905,4,8681,1,0
131,2,2940140.5,2940212.5,7,-8.61905,4,8681,1,0
284,2,2940480.8,2940933.2,10,-6.53778,4,8683,0,1
182,2,2940914.2,2941161.2,9,-1.99979,4,8685,0,1
120,1,2941003.8,2942814.2,12,0.0,4,8685,0,1
120,2,2941003.8,2942814.2,12,0.0,4,8685,0,1
122,1,2941719.5,2942172.0,10,0.0,4,8683,0,1
122,2,2941719.5,2942172.0,10,0.0,4,8683,0,1
33,1,2942856.0,2943843.0,11,19.4276,4,8683,0,1
339,1,2943644.8,2944097.5,10,-5.12997,4,8685,1,0
339,2,2943644.8,2944097.5,10,-5.12997,4,8685,1,0
395,1,2944848.0,2944981.5,8,3.75084,4,8683,1,0
291,2,2945350.5,2945484.2,8,20.7751,4,8681,1,0
100,2,2947973.2,2948425.8,10,-10.0218,4,8683,1,0
173,1,2950398.8,2950645.5,9,-3.03541,4,8683,1,0
173,2,2950398.8,2950645.5,9,-3.03541,4,8683,1,0
337,1,2951343.5,2951477.0,8,-11.8119,4,8683,1,0
205,1,2952582.5,2954393.0,12,0.0,4,8683,0,1
119,1,2954468.0,2954540.0,7,-2.6841,4,8683,0,1
119,2,2954468.0,2954540.0,7,-2.6841,4,8683,1,0
279,1,2957165.2,2958975.8,12,4.74611,4,8685,0,1
279,2,2957165.2,2958975.8,12,4.74611,4,8685,1,0
78,1,2957667.8,2957739.8,7,-4.18028,4,8683,1,0
163,2,2957932.2,2958384.8,10,-15.2329,4,8681,1,0
109,1,2959181.2,2959633.8,10,-9.90643,4,8685,1,0
109,2,2959181.2,2959633.8,10,-9.90643,4,8685,1,0
103,1,2959493.2,2959626.8,8,-4.95239,4,8683,1,0
111,1,2959604.5,2961415.0,12,-16.8295,4,8683,1,0
111,2,2959604.5,2961415.0,12,-16.8295,4,8683,1,0
124,1,2960074.5,2960321.2,9,-4.21149,4,8683,1,0
124,2,2960074.5,2960321.2,9,-4.21149,4,8683,1,0
159,1,2962180.8,2962427.5,9,-9.3076,4,8683,1,0
159,2,2962180.8,2962427.5,9,-9.3076,4,8683,1,0
54,1,2962863.8,2963850.8,11,0.0,4,8685,0,1
54,2,2962863.8,2963850.8,11,0.0,4,8685,1,0
19,2,2964263.8,2964716.2,10,-15.844,4,8683,1,0
74,1,2964795.2,2965042.0,9,-10.4532,4,8683,1,0
74,2,2964795.2,2965042.0,9,-10.4532,4,8683,1,0
37,2,2968634.5,2968706.5,7,6.7234,4,8683,1,0
13,2,2971058.5,2971192.2,8,8.63953,4,8683,1,0
17,1,2974842.0,2975088.8,9,-10.2297,4,8683,1,0
186,2,2975411.8,2975864.5,10,-7.37819,4,8683,1,0
204,1,2975540.8,2975787.5,9,3.75991,4,8685,1,0
259,1,2975802.8,2975936.2,8,-3.4931,4,8685,1,0
259,2,2975802.8,2975936.2,8,-3.4931,4,8685,1,0
281,1,2976843.8,2976915.8,7,9.0024,4,8685,1,0
281,2,2976843.8,2976915.8,7,9.0024,4,8685,1,0
298,1,2979047.0,2979499.5,10,2.40782,4,8683,1,0
298,2,2979047.0,2979499.5,10,2.40782,4,8683,1,0
193,1,2979582.5,2981393.0,12,-5.46037,4,8683,1,0
331,1,2981381.0,2983191.8,12,0.0,4,8681,0,1
168,2,2982974.0,2983107.5,8,-0.464873,4,8683,1,0
34,2,2983317.8,2983564.5,9,14.3877,4,8685,1,0
153,1,2983821.0,2983954.5,8,1.05499,4,8681,1,0
281,1,2984037.2,2984109.5,7,19.2553,4,8683,1,0
133,1,2984710.8,2985163.2,10,0.0,4,8683,0,1
133,2,2984710.8,2985163.2,10,0.0,4,8683,1,0
226,2,2986003.2,2986075.2,7,-2.41408,4,8683,1,0
90,1,2986538.2,2986610.2,7,5.42004,4,8683,1,0
119,2,2988067.2,2988139.2,7,3.33841,4,8683,1,0
339,2,2988905.8,2989358.5,10,-11.8333,4,8685,1,0
60,2,2989731.8,2989865.2,8,14.4356,4,8683,1,0
273,1,2990153.0,2990225.0,7,-2.81387,4,8681,1,0
121,1,2991976.8,2992048.8,7,6.99336,4,8683,1,0
162,1,2993058.5,2993511.2,10,-3.119,4,8683,1,0
276,1,2993685.8,2995496.2,12,0.0,4,8683,0,1
276,2,2993685.8,2995496.2,12,0.0,4,8683,1,0
29,1,2995067.2,2996877.8,12,0.0,4,8681,0,1
188,1,2997727.2,2997799.2,7,-0.891997,4,8681,1,0
35,1,2998707.2,2999160.0,10,-9.6597,4,8681,0,1
35,2,2998707.2,2999160.0,10,-9.6597,4,8681,1,0
187,1,2999165.0,3000975.5,12,-9.2973,4,8683,1,0
187,2,2999165.0,3000975.5,12,-9.2973,4,8683,1,0
317,2,2999251.2,3000238.2,11,-0.353194,4,8685,1,0
253,2,2999341.2,3001151.8,12,-22.4444,4,8685,1,0
150,2,2999383.8,2999630.5,9,4.81158,4,8683,1,0
31,2,3001554.8,3001688.2,8,-7.45644,4,8683,1,0
47,1,3002374.0,3003361.0,11,-12.9458,4,8683,1,0
163,1,3003192.8,3003645.5,10,7.58314,4,8683,1,0
163,2,3003192.8,3003645.5,10,7.58314,4,8683,1,0
216,2,3004330.2,3004783.0,10,-16.0236,4,8683,1,0
89,1,3006124.8,3007935.2,12,0.0,4,8683,1,0
396,1,3006622.8,3007609.8,11,0.0,4,8683,1,0
38,1,3007705.8,3009516.2,12,-15.6031,4,8683,1,0
38,2,3007705.8,3009516.2,12,-15.6031,4,8683,1,0
58,1,3010336.8,3012147.2,12,-5.2218,4,8685,0,1
58,2,3010336.8,3012147.2,12,-5.2218,4,8685,1,0
106,2,3012168.5,3012415.2,9,0.735261,4,8683,1,0
143,1,3013054.0,3014864.5,12,-18.5292,4,8683,1,0
48,2,3013342.5,3013476.0,8,16.4648,4,8683,1,0
26,2,3014170.2,3015980.8,12,0.0,4,8683,0,1
249,1,3014646.0,3014718.0,7,2.83235,4,8683,1,0
201,1,3014743.2,3016553.8,12,-13.3603,4,8681,0,1
283,2,3015298.8,3015751.5,10,0.0,4,8683,1,0
202,1,3015759.5,3016212.2,10,-10.0302,4,8683,1,0
342,2,3016748.0,3016994.8,9,-9.37558,4,8683,1,0
388,2,3017626.5,3018613.5,11,11.1394,4,8681,0,1
196,1,3017733.5,3018186.0,10,-5.39134,4,8683,1,0
196,2,3017733.5,3018186.0,10,-5.39134,4,8683,0,1
300,1,3018507.5,3018641.0,8,0.0,4,8683,1,0
341,1,3018607.8,3019060.2,10,0.0,4,8683,1,0
151,2,3018849.0,3019301.5,10,-14.0596,4,8683,0,1
357,1,3019222.8,3019469.5,9,0.0,4,8683,1,0
357,2,3019222.8,3019469.5,9,0.0,4,8683,1,0
105,2,3021170.0,3022157.0,11,-13.9561,4,8685,1,0
34,1,3021276.0,3021523.0,9,-3.20175,4,8683,1,0
236,1,3021453.0,3021586.8,8,-2.72412,4,8685,1,0
27,1,3021507.8,3023318.2,12,-21.994,4,8681,0,1
361,2,3021712.2,3022164.8,10,-5.25073,4,8683,1,0
99,1,3021743.2,3022195.8,10,-0.405044,4,8685,1,0
67,1,3023996.5,3024449.2,10,-14.5333,4,8681,0,1
150,2,3024062.2,3024309.0,9,5.86613,4,8681,1,0
73,2,3025061.0,3025133.0,7,-4.10622,4,8685,1,0
256,2,3025357.8,3025429.8,7,22.8466,4,8683,1,0
40,2,3027983.5,3028055.5,7,-8.3649,4,8683,1,0
181,1,3028603.5,3030414.0,12,-20.339,4,8683,1,0
181,2,3028603.5,3030414.0,12,-20.339,4,8683,0,1
340,1,3029496.5,3029743.5,9,-13.5613,4,8683,1,0
238,1,3029707.2,3029779.2,7,12.8481,4,8681,1,0
37,1,3030474.0,3030546.2,7,-2.85234,4,8685,1,0
37,2,3030474.0,3030546.2,7,-2.85234,4,8685,0,1
242,1,3031742.2,3031814.2,7,0.0,4,8683,1,0
241,1,3032957.5,3033944.5,11,-11.355,4,8683,1,0
57,2,3034278.5,3034412.0,8,2.53429,4,8683,1,0
351,1,3036630.0,3036876.8,9,-13.9255,4,8683,0,1
351,2,3036630.0,3036876.8,9,-13.9255,4,8683,1,0
305,1,3037362.0,3037434.0,7,-6.79813,4,8683,1,0
305,2,3037362.0,3037434.0,7,-6.79813,4,8683,1,0
51,1,3038083.2,3039893.8,12,-15.5286,4,8683,0,1
51,2,3038083.2,3039893.8,12,-15.5286,4,8683,1,0
402,2,3041195.0,3041267.0,7,5.59415,4,8683,1,0
61,2,3042573.8,3042820.5,9,-8.20303,4,8683,0,1
303,2,3042872.5,3043325.2,10,-13.8517,4,8683,0,1
261,2,3043119.0,3044929.5,12,-18.3341,4,8683,1,0
222,2,3044331.5,3046142.0,12,-17.7261,4,8683,0,1
305,1,3044778.5,3044850.5,7,-0.795669,4,8681,1,0
305,2,3044778.5,3044850.5,7,-0.795669,4,8681,1,0
274,1,3045064.0,3045136.0,7,6.19192,4,8685,1,0
34,1,3045954.5,3046201.5,9,-2.73935,4,8685,0,1
34,2,3045954.5,3046201.5,9,-2.73935,4,8685,1,0
122,1,3047687.8,3048140.5,10,0.0,4,8683,1,0
122,2,3047687.8,3048140.5,10,0.0,4,8683,1,0
269,1,3048360.5,3049347.8,11,-17.0792,4,8683,0,1
242,1,3048413.8,3048485.8,7,7.80032,4,8685,0,1
242,2,3048413.8,3048485.8,7,7.80032,4,8685,1,0
256,2,3050164.5,3050236.5,7,-3.28227,4,8685,1,0
236,1,3050489.8,3050623.2,8,15.426,4,8683,1,0
87,1,3051240.0,3053050.5,12,-22.2782,4,8685,0,1
87,2,3051240.0,3053050.5,12,-22.2782,4,8685,0,1
188,1,3051873.0,3051945.0,7,1.87663,4,8683,1,0
50,2,3052761.8,3053214.2,10,-14.5764,4,8681,1,0
291,2,3053062.0,3053195.5,8,-5.31593,4,8683,1,0
278,2,3054357.2,3056167.8,12,-20.6747,4,8683,1,0
41,1,3055952.0,3056024.0,7,-8.3383,4,8681,1,0
41,2,3055952.0,3056024.0,7,-8.3383,4,8681,1,0
375,2,3056004.5,3057815.0,12,-4.99727,4,8685,0,1
174,1,3056598.2,3058408.8,12,-16.5175,4,8681,1,0
174,2,3056598.2,3058408.8,12,-16.5175,4,8681,0,1
308,1,3057695.2,3058148.0,10,-6.19359,4,8681,1,0
308,2,3057695.2,3058148.0,10,-6.19359,4,8681,1,0
175,2,3058603.8,3059056.5,10,-6.71356,4,8685,0,1
274,1,3058699.0,3058771.0,7,-9.08258,4,8683,1,0
332,1,3059311.2,3059764.0,10,3.74969,4,8685,1,0
332,2,3059311.2,3059764.0,10,3.74969,4,8685,0,1
79,2,3059557.8,3059804.8,9,-11.1496,4,8685,1,0
209,1,3061143.2,3061390.2,9,0.0,4,8683,1,0
11,1,3061706.2,3061953.0,9,-2.54341,4,8685,1,0
11,2,3061706.2,3061953.0,9,-2.54341,4,8685,1,0
10,2,3061769.5,3063580.0,12,-20.7677,4,8683,1,0
39,1,3062782.0,3063234.5,10,0.0,4,8683,1,0
236,1,3063853.0,3063986.5,8,9.46367,4,8681,0,1
236,2,3063853.0,3063986.5,8,9.46367,4,8681,1,0
398,1,3064638.8,3064710.8,7,-8.13589,4,8681,1,0
146,2,3066471.0,3068281.5,12,0.0,4,8683,1,0
7,1,3067206.0,3068193.0,11,-12.2213,4,8683,1,0
76,1,3067879.2,3068126.0,9,-4.39786,4,8683,1,0
32,1,3068342.8,3068476.2,8,-11.8532,4,8683,1,0
130,2,3071149.5,3071396.2,9,-3.3902,4,8683,0,1
371,1,3071843.8,3073654.2,12,-8.32732,4,8683,1,0
371,2,3071843.8,3073654.2,12,-8.32732,4,8683,1,0
37,2,3073536.0,3073608.0,7,5.61701,4,8683,1,0
54,1,3073618.0,3074605.0,11,-1.36056,4,8683,1,0
162,1,3076037.2,3076490.0,10,-12.1726,4,8683,0,1
162,2,3076037.2,3076490.0,10,-12.1726,4,8683,1,0
169,2,3078884.5,3079871.5,11,0.0,4,8681,1,0
22,1,3080592.5,3081579.5,11,-18.3933,4,8683,1,0
22,2,3080592.5,3081579.5,11,-18.3933,4,8683,1,0
178,1,3081961.5,3083772.0,12,-5.69717,4,8685,1,0
178,2,3081961.5,3083772.0,12,-5.69717,4,8685,0,1
166,1,3085468.8,3086455.8,11,0.0,4,8683,1,0
166,2,3085468.8,3086455.8,11,0.0,4,8683,1,0
322,1,3086043.0,3087853.5,12,-21.6962,4,8683,1,0
322,2,3086043.0,3087853.5,12,-21.6962,4,8683,0,1
168,2,3086406.2,3086539.8,8,8.02229,4,8685,1,0
28,2,3086845.0,3087297.5,10,-8.81795,4,8683,1,0
337,1,3087886.5,3088020.0,8,0.663331,4,8681,1,0
303,1,3088133.2,3088586.0,10,4.63937,4,8681,0,1
74,2,3089935.0,3090182.0,9,-2.38036,4,8681,1,0
94,1,3090748.0,3092558.5,12,0.0,4,8683,1,0
94,2,3090748.0,3092558.5,12,0.0,4,8683,1,0
228,1,3092337.5,3092409.5,7,-2.39946,4,8681,1,0
228,2,3092337.5,3092409.5,7,-2.39946,4,8681,1,0
348,1,3094463.8,3094710.8,9,12.2584,4,8685,1,0
348,2,3094463.8,3094710.8,9,12.2584,4,8685,1,0
327,2,3097785.0,3099595.5,12,-19.9435,4,8683,0,1
252,1,3099931.5,3100918.5,11,2.42561,4,8683,1,0
252,2,3099931.5,3100918.5,11,2.42561,4,8683,1,0
400,1,3100175.2,3100247.2,7,1.74706,4,8683,1,0
400,2,3100175.2,3100247.2,7,1.74706,4,8683,1,0
122,1,3100867.0,3101319.5,10,-8.7287,4,8681,0,1
122,2,3100867.0,3101319.5,10,-8.7287,4,8681,1,0
109,2,3103264.2,3103716.8,10,-14.5519,4,8683,1,0
240,2,3104411.0,3106221.5,12,0.0,4,8683,1,0
396,1,3105336.5,3106323.5,11,-6.40301,4,8685,1,0
396,2,3105336.5,3106323.5,11,-6.40301,4,8685,1,0
390,2,3105531.2,3105778.0,9,0.0,4,8683,1,0
311,2,3106171.2,3107981.8,12,0.0,4,8683,1,0
37,2,3111694.8,3111766.8,7,21.6723,4,8681,1,0
199,1,3112749.2,3112821.2,7,-6.29451,4,8685,1,0
55,1,3114532.0,3115519.0,11,-10.4567,4,8681,1,0
55,2,3114532.0,3115519.0,11,-10.4567,4,8681,1,0
71,1,3115552.2,3117362.8,12,0.0,4,8683,1,0
40,1,3115596.5,3115668.5,7,17.2704,4,8685,1,0
40,2,3115596.5,3115668.5,7,17.2704,4,8685,1,0
380,2,3117399.8,3117852.2,10,0.0,4,8683,1,0
139,2,3118569.0,3119021.8,10,0.0,4,8681,1,0
60,2,3118642.5,3118776.0,8,0.0,4,8681,1,0
165,1,3120637.8,3120884.5,9,-8.90211,4,8681,1,0
162,2,3121298.0,3121750.8,10,-0.624358,4,8681,1,0
120,1,3122047.0,3123857.5,12,-16.0193,4,8683,1,0
358,1,3122888.0,3123021.5,8,8.8216,4,8683,1,0
358,2,3122888.0,3123021.5,8,8.8216,4,8683,1,0
391,1,3126519.8,3126591.8,7,2.3685,4,8683,1,0
21,1,3130593.0,3132403.5,12,-1.26021,4,8681,1,0
234,2,3132778.8,3133025.8,9,-10.4527,4,8683,1,0
347,1,3133993.8,3134240.5,9,-1.30801,4,8683,1,0
167,1,3137608.2,3137680.2,7,5.63939,4,8681,1,0
167,2,3137608.2,3137680.2,7,5.63939,4,8681,1,0
186,1,3139905.2,3140358.0,10,-15.1384,4,8685,1,0
192,1,3143070.8,3143317.8,9,0.0,4,8681,1,0
395,1,3147158.8,3147292.2,8,0.852265,4,8681,1,0
363,1,3148364.5,3148436.5,7,7.91261,4,8683,1,0
316,1,3151116.5,3151188.5,7,-4.12181,4,8683,1,0
316,2,3151116.5,3151188.5,7,-4.12181,4,8683,1,0
177,1,3153753.5,3153887.0,8,-5.01045,4,8681,1,0
388,1,3153785.5,3154772.5,11,-8.53859,4,8683,1,0
388,2,3153785.5,3154772.5,11,-8.53859,4,8683,1,0
209,1,3154507.2,3154754.2,9,0.760224,4,8683,1,0
209,2,3154507.2,3154754.2,9,0.760224,4,8683,1,0
15,1,3154765.5,3156576.0,12,0.0,4,8685,1,0
244,1,3157007.5,3157141.0,8,0.0,4,8683,1,0
121,1,3158239.5,3158311.5,7,-2.06848,4,8683,1,0
121,2,3158239.5,3158311.5,7,-2.06848,4,8683,1,0
137,1,3158806.2,3160616.8,12,-9.33539,4,8685,1,0
193,1,3160625.8,3162436.2,12,2.76804,4,8683,1,0
193,2,3160625.8,3162436.2,12,2.76804,4,8683,1,0
286,2,3161511.0,3161963.5,10,-4.18429,4,8683,1,0
14,2,3162725.8,3164536.5,12,0.0,4,8683,1,0
281,1,3168742.5,3168814.5,7,-0.440505,4,8681,1,0
185,1,3168890.5,3170701.0,12,-22.4154,4,8681,0,1
185,2,3168890.5,3170701.0,12,-22.4154,4,8681,1,0
80,1,3172742.8,3173729.8,11,-9.05759,4,8681,1,0
80,2,3172742.8,3173729.8,11,-9.05759,4,8681,0,1
109,1,3174749.5,3175202.2,10,9.10655,4,8681,1,0
109,2,3174749.5,3175202.2,10,9.10655,4,8681,1,0
307,1,3175520.5,3177331.0,12,-11.7621,4,8683,0,1
72,1,3175713.5,3176166.2,10,-9.55337,4,8683,0,1
72,2,3175713.5,3176166.2,10,-9.55337,4,8683,1,0
367,2,3176697.8,3176831.2,8,-1.3768,4,8685,1,0
142,1,3177863.8,3178316.5,10,-14.9761,4,8683,1,0
330,1,3178818.2,3178952.0,8,-8.10655,4,8683,1,0
268,2,3178908.5,3178980.5,7,3.83607,4,8685,1,0
318,2,3179790.5,3180777.5,11,-9.09471,4,8683,0,1
64,2,3183683.0,3183755.2,7,-6.80696,4,8683,1,0
148,1,3185180.5,3185427.2,9,-2.73576,4,8685,1,0
218,1,3185621.0,3186073.8,10,8.02602,4,8683,1,0
23,2,3186033.0,3186105.0,7,0.0,4,8681,1,0
49,1,3187401.2,3188388.5,11,0.0,4,8683,0,1
254,2,3191182.5,3191254.8,7,-1.86558,4,8683,1,0
238,1,3192340.5,3192412.5,7,-0.331618,4,8685,1,0
166,1,3194176.5,3195163.5,11,-10.4081,4,8681,1,0
166,2,3194176.5,3195163.5,11,-10.4081,4,8681,1,0
378,1,3194452.0,3195439.0,11,-19.0961,4,8683,1,0
378,2,3194452.0,3195439.0,11,-19.0961,4,8683,1,0
26,1,3195213.5,3197024.0,12,-14.5774,4,8681,1,0
26,2,3195213.5,3197024.0,12,-14.5774,4,8681,1,0
201,1,3195786.5,3197597.0,12,-0.113525,4,8683,1,0
34,2,3196089.2,3196336.2,9,-10.3237,4,8681,1,0
387,1,3197543.5,3199354.0,12,0.0,4,8681,1,0
387,2,3197543.5,3199354.0,12,0.0,4,8681,0,1
84,2,3198720.5,3199173.0,10,-10.9267,4,8685,1,0
290,2,3199143.5,3199596.2,10,4.63123,4,8683,1,0
149,2,3199669.0,3200121.5,10,-12.7422,4,8683,1,0
25,2,3199789.0,3200036.0,9,-11.9879,4,8683,1,0
167,1,3201445.0,3201517.0,7,11.0517,4,8683,1,0
167,2,3201445.0,3201517.0,7,11.0517,4,8683,1,0
260,2,3201585.0,3201657.0,7,-3.36473,4,8681,1,0
265,1,3202141.2,3202213.5,7,1.7643,4,8683,1,0
363,1,3204539.8,3204611.8,7,26.0518,4,8683,1,0
206,2,3204728.5,3205715.5,11,-14.9355,4,8683,1,0
398,2,3206951.8,3207023.8,7,6.71165,4,8683,1,0
44,1,3207197.8,3207650.5,10,-14.2643,4,8683,1,0
44,2,3207197.8,3207650.5,10,-14.2643,4,8683,1,0
195,1,3207986.0,3209796.8,12,0.0,4,8683,1,0
113,1,3208571.0,3209558.0,11,0.0,4,8683,1,0
113,2,3208571.0,3209558.0,11,0.0,4,8683,1,0
158,1,3209051.5,3209185.0,8,-8.70962,4,8683,1,0
158,2,3209051.5,3209185.0,8,-8.70962,4,8683,1,0
139,2,3209557.2,3210009.8,10,0.0,4,8685,1,0
128,1,3211369.5,3211503.0,8,0.0,4,8685,1,0
35,2,3212907.8,3213360.2,10,-13.7768,4,8685,0,1
66,1,3216501.5,3218312.0,12,-19.5239,4,8683,1,0
66,2,3216501.5,3218312.0,12,-19.5239,4,8683,1,0
121,1,3218767.8,3218839.8,7,0.128983,4,8681,1,0
301,1,3218977.2,3219049.2,7,-4.91174,4,8683,1,0
51,1,3219126.5,3220937.0,12,0.629426,4,8683,0,1
51,2,3219126.5,3220937.0,12,0.629426,4,8683,1,0
30,1,3220236.2,3220308.2,7,-7.65489,4,8685,1,0
30,2,3220236.2,3220308.2,7,-7.65489,4,8685,1,0
148,1,3221161.5,3221408.5,9,-11.1628,4,8683,1,0
208,1,3224036.5,3224489.0,10,0.0,4,8685,1,0
208,2,3224036.5,3224489.0,10,0.0,4,8685,1,0
6,2,3224336.0,3224582.8,9,-3.64137,4,8683,1,0
103,1,3227454.5,3227588.2,8,2.81476,4,8685,0,1
19,1,3229330.5,3229783.2,10,-16.7303,4,8681,1,0
19,2,3229330.5,3229783.2,10,-16.7303,4,8681,1,0
75,1,3229862.8,3229996.2,8,2.70615,4,8683,1,0
128,1,3230735.8,3230869.5,8,-8.77362,4,8683,1,0
128,2,3230735.8,3230869.5,8,-8.77362,4,8683,1,0
173,1,3231250.8,3231497.5,9,20.2426,4,8681,1,0
173,2,3231250.8,3231497.5,9,20.2426,4,8681,1,0
337,1,3231602.5,3231736.0,8,-9.46631,4,8683,1,0
325,2,3231851.5,3231985.0,8,6.97655,4,8683,1,0
157,1,3232845.0,3233091.8,9,0.8452,4,8683,1,0
157,2,3232845.0,3233091.8,9,0.8452,4,8683,0,1
238,1,3233253.2,3233325.2,7,11.1756,4,8681,1,0
377,1,3234750.8,3236561.2,12,0.0,4,8683,1,0
377,2,3234750.8,3236561.2,12,0.0,4,8683,1,0
278,1,3235400.5,3237211.0,12,0.0,4,8685,1,0
23,2,3236359.8,3236432.0,7,18.6546,4,8683,1,0
347,2,3237714.8,3237961.8,9,-8.95497,4,8685,1,0
279,1,3239518.2,3241328.8,12,-9.90494,4,8683,0,1
279,2,3239518.2,3241328.8,12,-9.90494,4,8683,0,1
348,1,3241819.0,3242066.0,9,-7.1756,4,8683,1,0
335,1,3242008.5,3243819.0,12,-18.7612,4,8681,0,1
335,2,3242008.5,3243819.0,12,-18.7612,4,8681,1,0
10,1,3242812.8,3244623.2,12,-11.1015,4,8685,0,1
10,2,3242812.8,3244623.2,12,-11.1015,4,8685,0,1
260,2,3242875.5,3242947.5,7,5.56813,4,8683,1,0
393,1,3246653.5,3247640.5,11,-8.42068,4,8683,1,0
393,2,3246653.5,3247640.5,11,-8.42068,4,8683,1,0
352,1,3247575.8,3248028.2,10,-7.63522,4,8683,1,0
352,2,3247575.8,3248028.2,10,-7.63522,4,8683,1,0
175,1,3249042.8,3249495.2,10,0.922624,4,8683,1,0
73,1,3249445.5,3249517.5,7,-1.07066,4,8683,1,0
73,2,3249445.5,3249517.5,7,-1.07066,4,8683,1,0
44,2,3252458.5,3252911.2,10,-9.1058,4,8685,1,0
362,1,3252474.2,3252721.2,9,1.63036,4,8683,0,1
384,2,3253977.8,3254430.5,10,5.2886,4,8683,1,0
46,1,3255530.5,3255664.0,8,-5.93075,4,8683,1,0
302,1,3256968.5,3257421.2,10,-5.62552,4,8685,1,0
263,1,3258249.8,3258321.8,7,29.2182,4,8683,1,0
319,1,3258406.5,3258859.2,10,-0.541274,4,8683,1,0
319,2,3258406.5,3258859.2,10,-0.541274,4,8683,1,0
22,2,3258575.2,3259562.2,11,-1.68437,4,8683,1,0
152,1,3259564.8,3259698.2,8,5.07288,4,8683,1,0
8,2,3259762.8,3261573.2,12,0.0,4,8683,1,0
292,1,3260851.5,3261838.5,11,0.0,4,8685,1,0
292,2,3260851.5,3261838.5,11,0.0,4,8685,1,0
179,1,3261619.8,3261866.5,9,0.0,4,8685,1,0
332,1,3261689.0,3262141.5,10,0.0,4,8683,1,0
332,2,3261689.0,3262141.5,10,0.0,4,8683,1,0
314,1,3263535.5,3265346.0,12,-6.64728,4,8683,0,1
196,2,3264366.8,3264819.2,10,-15.5556,4,8681,1,0
174,1,3268548.0,3270358.8,12,-3.89328,4,8683,1,0
174,2,3268548.0,3270358.8,12,-3.89328,4,8683,1,0
372,2,3270921.2,3272731.8,12,-19.0677,4,8683,1,0
94,1,3271791.2,3273601.8,12,10.4833,4,8683,1,0
94,2,3271791.2,3273601.8,12,10.4833,4,8683,1,0
111,1,3273506.0,3275316.8,12,-14.2077,4,8681,0,1
111,2,3273506.0,3275316.8,12,-14.2077,4,8681,0,1
305,1,3273780.5,3273852.5,7,11.0852,4,8683,1,0
56,2,3274092.5,3274226.0,8,4.39121,4,8683,1,0
208,1,3275536.5,3275989.0,10,0.0,4,8683,1,0
134,1,3275584.8,3275831.5,9,0.0,4,8683,1,0
134,2,3275584.8,3275831.5,9,0.0,4,8683,1,0
327,2,3278828.0,3280638.8,12,-7.73424,4,8683,1,0
374,2,3280219.8,3280672.2,10,-8.27348,4,8683,1,0
353,2,3282710.0,3284520.5,12,0.0,4,8683,0,1
46,1,3282743.5,3282877.0,8,-5.68172,4,8683,1,0
334,2,3285829.2,3285963.0,8,5.09107,4,8683,1,0
267,1,3290684.0,3291136.8,10,-5.98732,4,8683,1,0
267,2,3290684.0,3291136.8,10,-5.98732,4,8683,1,0
381,2,3292716.0,3292788.0,7,-9.38441,4,8681,1,0
389,1,3292807.2,3293054.0,9,-6.3269,4,8683,1,0
166,1,3292890.2,3293877.2,11,0.0,4,8683,0,1
192,2,3294278.0,3294525.0,9,-6.48112,4,8683,1,0
398,2,3294363.8,3294435.8,7,14.6259,4,8685,1,0
115,1,3294466.2,3294919.0,10,-15.0053,4,8681,1,0
238,1,3297565.0,3297637.0,7,5.71474,4,8681,1,0
44,1,3297719.2,3298172.0,10,3.05266,4,8683,1,0
44,2,3297719.2,3298172.0,10,3.05266,4,8683,1,0
309,1,3298122.0,3299932.5,12,-14.8139,4,8685,0,1
309,2,3298122.0,3299932.5,12,-14.8139,4,8685,1,0
5,1,3298418.0,3300228.5,12,-13.2423,4,8683,0,1
5,2,3298418.0,3300228.5,12,-13.2423,4,8683,1,0
146,1,3301617.0,3303427.5,12,-0.677428,4,8683,1,0
9,1,3302205.8,3302452.8,9,-14.411,4,8683,1,0
250,1,3303093.5,3304904.0,12,-22.3188,4,8681,0,1
105,2,3303186.0,3304173.0,11,-18.6594,4,8683,0,1
56,2,3303639.5,3303773.0,8,-1.76689,4,8685,1,0
100,1,3303721.8,3304174.2,10,-13.8377,4,8681,1,0
130,2,3304662.0,3304909.0,9,11.6001,4,8681,0,1
231,1,3304721.8,3306532.2,12,0.0,4,8683,1,0
231,2,3304721.8,3306532.2,12,0.0,4,8683,0,1
249,1,3305724.0,3305796.0,7,0.0,4,8681,1,0
249,2,3305724.0,3305796.0,7,0.0,4,8681,1,0
176,1,3305794.5,3306247.0,10,0.0,4,8685,1,0
176,2,3305794.5,3306247.0,10,0.0,4,8685,1,0
42,1,3306164.5,3307975.0,12,0.0,4,8685,1,0
284,1,3306975.8,3307428.5,10,-16.9584,4,8685,1,0
284,2,3306975.8,3307428.5,10,-16.9584,4,8685,1,0
57,2,3309625.0,3309758.5,8,-8.30348,4,8685,1,0
21,1,3311636.0,3313446.5,12,3.08498,4,8683,1,0
356,1,3311791.8,3312038.5,9,-11.3599,4,8683,1,0
356,2,3311791.8,3312038.5,9,-11.3599,4,8683,1,0
77,1,3313364.0,3313816.8,10,-16.4234,4,8685,1,0
77,2,3313364.0,3313816.8,10,-16.4234,4,8685,1,0
4,2,3313478.2,3315288.8,12,-18.63,4,8683,1,0
369,1,3313916.2,3314369.0,10,-0.609832,4,8683,1,0
369,2,3313916.2,3314369.0,10,-0.609832,4,8683,1,0
227,2,3314890.5,3315877.5,11,0.628831,4,8683,1,0
36,1,3316122.5,3317109.5,11,-15.5911,4,8685,1,0
36,2,3316122.5,3317109.5,11,-15.5911,4,8685,0,1
108,2,3317285.5,3317357.5,7,6.88024,4,8683,0,1
274,1,3318588.0,3318660.0,7,-1.06769,4,8681,1,0
337,1,3321595.2,3321728.8,8,4.04912,4,8683,0,1
128,1,3322629.8,3322763.2,8,7.91045,4,8683,1,0
374,1,3325480.8,3325933.2,10,-12.74,4,8681,1,0
374,2,3325480.8,3325933.2,10,-12.74,4,8681,1,0
72,1,3325867.0,3326319.5,10,9.35118,4,8683,1,0
72,2,3325867.0,3326319.5,10,9.35118,4,8683,1,0
17,1,3326395.0,3326641.8,9,1.98656,4,8681,1,0
92,2,3329184.8,3329637.5,10,-11.5813,4,8683,0,1
322,1,3329559.2,3331369.8,12,-15.9355,4,8683,1,0
67,2,3331062.2,3331515.0,10,-11.1483,4,8683,1,0
265,1,3334838.0,3334910.0,7,-2.18596,4,8681,1,0
95,1,3334897.0,3335884.0,11,-15.9977,4,8685,1,0
15,1,3335808.5,3337619.2,12,-7.83105,4,8683,0,1
149,2,3336051.5,3336504.2,10,-11.9865,4,8681,1,0
91,1,3339529.0,3339601.0,7,-3.60594,4,8683,1,0
97,2,3339578.2,3339650.5,7,-7.22517,4,8685,1,0
102,1,3339888.2,3339960.2,7,-0.576339,4,8681,1,0
102,2,3339888.2,3339960.2,7,-0.576339,4,8681,1,0
229,1,3340692.5,3342503.0,12,-21.4877,4,8685,1,0
32,1,3341912.2,3342046.0,8,1.50781,4,8683,1,0
376,1,3342882.0,3343869.2,11,-16.6479,4,8683,1,0
360,1,3342957.2,3343204.0,9,-0.386962,4,8685,1,0
360,2,3342957.2,3343204.0,9,-0.386962,4,8685,0,1
14,1,3343769.0,3345579.5,12,-8.18404,4,8681,0,1
14,2,3343769.0,3345579.5,12,-8.18404,4,8681,1,0
189,1,3344777.0,3346587.8,12,0.0,4,8681,0,1
384,1,3345897.8,3346350.2,10,5.00104,4,8683,0,1
384,2,3345897.8,3346350.2,10,5.00104,4,8683,1,0
262,1,3346388.8,3346522.2,8,2.6902,4,8681,1,0
262,2,3346388.8,3346522.2,8,2.6902,4,8681,1,0
302,2,3347490.0,3347942.8,10,-11.5712,4,8683,1,0
319,1,3349411.8,3349864.5,10,-9.85759,4,8685,1,0
319,2,3349411.8,3349864.5,10,-9.85759,4,8685,1,0
228,2,3349472.8,3349544.8,7,32.0172,4,8683,1,0
120,2,3351611.0,3353421.8,12,8.75455,4,8681,1,0
379,1,3352131.8,3352265.5,8,-4.8575,4,8683,1,0
103,1,3352453.0,3352586.5,8,-5.11583,4,8683,1,0
103,2,3352453.0,3352586.5,8,-5.11583,4,8683,1,0
93,1,3352755.0,3353742.0,11,-11.2018,4,8685,1,0
93,2,3352755.0,3353742.0,11,-11.2018,4,8685,1,0
142,1,3352775.8,3353228.2,10,-4.43684,4,8683,1,0
139,1,3353220.8,3353673.2,10,-9.00226,4,8683,1,0
217,1,3353395.0,3353528.5,8,-5.53793,4,8683,1,0
163,1,3353803.2,3354255.8,10,-11.296,4,8683,1,0
133,1,3355534.8,3355987.2,10,-10.5274,4,8681,1,0
81,1,3355882.0,3355954.0,7,3.13458,4,8683,1,0
292,2,3359565.2,3360552.2,11,-5.23338,4,8683,1,0
223,1,3359578.0,3359825.0,9,2.30879,4,8683,1,0
331,1,3360203.5,3362014.2,12,0.0,4,8683,1,0
331,2,3360203.5,3362014.2,12,0.0,4,8683,1,0
59,1,3361277.0,3361524.0,9,-7.67027,4,8683,1,0
59,2,3361277.0,3361524.0,9,-7.67027,4,8683,1,0
347,1,3361537.2,3361784.2,9,-3.86619,4,8681,1,0
346,2,3362980.2,3364790.8,12,-0.911986,4,8683,1,0
392,2,3364700.5,3365153.0,10,11.486,4,8683,1,0
109,1,3365942.5,3366395.0,10,-8.26572,4,8683,1,0
109,2,3365942.5,3366395.0,10,-8.26572,4,8683,1,0
49,1,3368571.0,3369558.0,11,-13.1706,4,8683,1,0
49,2,3368571.0,3369558.0,11,-13.1706,4,8683,1,0
238,1,3369150.5,3369222.5,7,12.6006,4,8681,1,0
284,2,3371007.5,3371460.2,10,-15.7181,4,8683,1,0
312,1,3371836.2,3371969.8,8,0.0,4,8681,0,1
312,2,3371836.2,3371969.8,8,0.0,4,8681,0,1
72,1,3371895.8,3372348.5,10,0.0,4,8681,0,1
72,2,3371895.8,3372348.5,10,0.0,4,8681,0,1
301,1,3372418.0,3372490.0,7,-2.7318,4,8685,1,0
301,2,3372418.0,3372490.0,7,-2.7318,4,8685,0,1
86,2,3372499.2,3372746.0,9,-9.09164,4,8683,0,1
187,2,3372835.2,3374645.8,12,0.616456,4,8681,0,1
255,1,3375990.5,3376237.2,9,4.25263,4,8681,1,0
184,2,3376562.0,3376695.5,8,4.30959,4,8683,1,0
313,1,3376767.8,3377755.0,11,0.0,4,8685,0,1
313,2,3376767.8,3377755.0,11,0.0,4,8685,0,1
200,1,3376996.0,3377243.0,9,0.0,4,8683,0,1
172,1,3377748.5,3379559.0,12,-20.0434,4,8683,1,0
132,1,3380837.5,3380909.5,7,24.1334,4,8683,1,0
194,1,3380958.2,3381030.2,7,-2.64247,4,8681,1,0
194,2,3380958.2,3381030.2,7,-2.64247,4,8681,1,0
299,2,3382263.8,3382716.2,10,-15.9904,4,8683,1,0
127,1,3383840.8,3385651.2,12,0.0,4,8681,0,1
166,1,3391603.8,3392590.8,11,4.18977,4,8685,1,0
244,2,3392928.5,3393062.0,8,-4.55466,4,8685,1,0
394,1,3394952.0,3395085.5,8,-11.7049,4,8683,1,0
394,2,3394952.0,3395085.5,8,-11.7049,4,8683,1,0
269,2,3395595.2,3396582.2,11,0.0,4,8685,1,0
29,2,3398181.0,3399991.5,12,-21.7468,4,8683,0,1
383,1,3400542.8,3400676.2,8,1.24703,4,8683,1,0
192,1,3403821.0,3404067.8,9,-14.2769,4,8685,0,1
63,1,3404184.8,3404318.2,8,-11.7422,4,8683,1,0
77,2,3408330.5,3408783.2,10,-16.0674,4,8685,1,0
277,1,3408343.8,3408477.2,8,-8.69435,4,8683,1,0
215,1,3411203.8,3413014.5,12,0.0,4,8681,1,0
227,2,3413604.0,3414591.0,11,-8.90742,4,8681,1,0
155,2,3414794.8,3415781.8,11,-3.75642,4,8681,1,0
308,1,3415910.0,3416362.5,10,-1.83029,4,8683,0,1
106,1,3417820.2,3418067.2,9,-1.09117,4,8681,1,0
110,1,3417820.5,3419631.0,12,-18.1102,4,8683,0,1
279,2,3420561.5,3422372.0,12,-16.7988,4,8685,1,0
202,1,3422405.8,3422858.5,10,-15.2735,4,8685,1,0
202,2,3422405.8,3422858.5,10,-15.2735,4,8685,1,0
182,2,3422963.2,3423210.0,9,-6.87485,4,8683,1,0
10,2,3423856.0,3425666.5,12,0.0,4,8683,0,1
41,2,3424327.0,3424399.0,7,0.0,4,8685,1,0
257,1,3424422.2,3426233.0,12,0.0,4,8683,1,0
220,1,3428425.8,3428497.8,7,19.4029,4,8683,1,0
220,2,3428425.8,3428497.8,7,19.4029,4,8683,1,0
134,1,3431201.2,3431448.0,9,-8.1459,4,8683,1,0
134,2,3431201.2,3431448.0,9,-8.1459,4,8683,1,0
188,1,3431294.8,3431366.8,7,15.811,4,8685,1,0
276,1,3431628.8,3433439.2,12,-10.0436,4,8681,1,0
276,2,3431628.8,3433439.2,12,-10.0436,4,8681,1,0
359,2,3433047.0,3433119.0,7,-3.24397,4,8683,1,0
18,2,3433404.5,3435215.0,12,-11.4525,4,8683,0,1
216,1,3433585.0,3434037.5,10,1.67284,4,8683,0,1
364,1,3433633.8,3435444.2,12,-19.7863,4,8683,0,1
63,1,3436113.5,3436247.0,8,4.55309,4,8681,1,0
363,1,3436772.8,3436844.8,7,-8.62254,4,8681,1,0
165,2,3440515.8,3440762.8,9,-9.07664,4,8683,1,0
83,2,3440750.8,3440822.8,7,5.16205,4,8683,1,0
169,1,3442543.2,3443530.2,11,-18.0351,4,8683,1,0
140,1,3443042.8,3443114.8,7,-5.36131,4,8685,1,0
226,2,3443834.2,3443906.2,7,-0.159148,4,8685,0,1
153,2,3444053.2,3444186.8,8,-1.94203,4,8683,1,0
133,2,3447829.2,3448282.0,10,-10.7996,4,8683,1,0
17,1,3448203.0,3448449.8,9,-6.5583,4,8683,1,0
66,1,3449261.8,3451072.2,12,0.0,4,8685,1,0
112,1,3449311.5,3449764.2,10,-11.7563,4,8681,1,0
281,1,3451449.8,3451521.8,7,0.0,4,8683,1,0
94,1,3452834.5,3454645.0,12,-14.4408,4,8681,1,0
94,2,3452834.5,3454645.0,12,-14.4408,4,8681,1,0
292,1,3458278.8,3459265.8,11,-9.51047,4,8683,1,0
145,2,3458624.2,3459611.2,11,0.136506,4,8683,1,0
102,1,3459658.8,3459730.8,7,7.3992,4,8683,1,0
314,1,3461370.5,3463181.2,12,-11.5356,4,8683,1,0
310,1,3463899.8,3464886.8,11,-17.8318,4,8681,1,0
31,1,3465336.2,3465469.8,8,0.0,4,8685,1,0
7,1,3468894.0,3469881.0,11,-4.17853,4,8681,1,0
191,1,3469273.2,3469520.0,9,-11.2999,4,8681,1,0
244,1,3469723.0,3469856.5,8,-2.54784,4,8683,1,0
244,2,3469723.0,3469856.5,8,-2.54784,4,8683,1,0
299,1,3470160.8,3470613.2,10,-14.3749,4,8681,0,1
299,2,3470160.8,3470613.2,10,-14.3749,4,8681,1,0
388,1,3470616.8,3471603.8,11,-13.267,4,8685,0,1
388,2,3470616.8,3471603.8,11,-13.267,4,8685,1,0
175,1,3471949.0,3472401.5,10,2.28856,4,8681,1,0
175,2,3471949.0,3472401.5,10,2.28856,4,8681,1,0
61,1,3473151.2,3473398.2,9,14.1605,4,8683,1,0
61,2,3473151.2,3473398.2,9,14.1605,4,8683,1,0
168,2,3473333.8,3473467.2,8,-2.18474,4,8683,1,0
183,1,3474241.8,3474694.2,10,3.53282,4,8681,1,0
329,2,3474305.2,3474757.8,10,-10.3092,4,8683,1,0
39,2,3474361.2,3474814.0,10,-14.8586,4,8685,1,0
353,1,3475135.8,3476946.2,12,-19.5516,4,8685,1,0
353,2,3475135.8,3476946.2,12,-19.5516,4,8685,1,0
313,2,3475481.5,3476468.5,11,-14.0092,4,8683,1,0
144,1,3475764.8,3477575.2,12,-16.1609,4,8681,1,0
144,2,3475764.8,3477575.2,12,-16.1609,4,8681,1,0
9,1,3476812.8,3477059.5,9,0.116685,4,8681,1,0
335,1,3478865.8,3480676.2,12,0.0,4,8683,1,0
332,2,3482047.5,3482500.2,10,0.686036,4,8681,1,0
401,2,3482654.8,3482726.8,7,4.57496,4,8681,1,0
376,1,3483010.5,3483997.5,11,-15.2801,4,8681,0,1
376,2,3483010.5,3483997.5,11,-15.2801,4,8681,0,1
338,1,3484217.5,3484289.5,7,0.546052,4,8683,1,0
365,2,3484785.5,3484919.0,8,0.0,4,8683,1,0
16,1,3485153.8,3486964.2,12,-13.5999,4,8683,1,0
391,1,3485940.0,3486012.0,7,7.76106,4,8681,1,0
391,2,3485940.0,3486012.0,7,7.76106,4,8681,1,0
42,1,3487207.8,3489018.2,12,-13.0038,4,8683,1,0
35,2,3488948.5,3489401.0,10,-1.79933,4,8681,1,0
289,2,3488953.8,3489941.0,11,-8.84004,4,8683,1,0
205,1,3490097.8,3491908.2,12,0.0,4,8683,1,0
205,2,3490097.8,3491908.2,12,0.0,4,8683,0,1
181,2,3490567.0,3492377.5,12,-21.7837,4,8681,0,1
251,2,3491794.8,3491866.8,7,6.95045,4,8681,0,1
307,1,3491983.0,3493793.5,12,0.0,4,8685,1,0
402,2,3492942.2,3493014.2,7,0.570207,4,8683,1,0
78,1,3493445.8,3493517.8,7,-4.8979,4,8681,1,0
334,2,3494996.5,3495130.2,8,-5.85486,4,8683,1,0
31,1,3494997.0,3495130.5,8,0.88321,4,8683,1,0
49,1,3497892.2,3498879.5,11,6.899,4,8681,1,0
377,2,3502934.0,3504744.8,12,-21.8391,4,8681,0,1
259,2,3503528.2,3503661.8,8,-9.40964,4,8683,1,0
86,2,3504511.8,3504758.5,9,10.1049,4,8683,0,1
44,2,3505044.8,3505497.2,10,-10.0298,4,8681,1,0
343,1,3505346.5,3507157.0,12,-18.5029,4,8683,1,0
17,1,3506165.8,3506412.5,9,-3.03207,4,8685,1,0
17,2,3506165.8,3506412.5,9,-3.03207,4,8685,1,0
303,2,3506213.0,3506665.5,10,-16.6146,4,8683,1,0
234,2,3515217.5,3515464.2,9,14.9683,4,8683,1,0
243,2,3515375.2,3517185.8,12,-18.3846,4,8683,0,1
294,1,3519535.8,3520522.8,11,-12.3371,4,8681,1,0
294,2,3519535.8,3520522.8,11,-12.3371,4,8681,1,0
76,1,3521139.8,3521386.5,9,-8.79167,4,8685,1,0
76,2,3521139.8,3521386.5,9,-8.79167,4,8685,1,0
379,1,3522112.8,3522246.2,8,16.5336,4,8683,1,0
272,1,3523195.0,3525005.5,12,0.0,4,8683,0,1
99,2,3525199.0,3525651.5,10,-9.02438,4,8683,1,0
24,1,3525544.8,3525791.5,9,-5.38757,4,8683,1,0
24,2,3525544.8,3525791.5,9,-5.38757,4,8683,1,0
330,1,3526313.5,3526447.0,8,-1.14334,4,8683,1,0
367,1,3526685.8,3526819.2,8,-9.98779,4,8683,1,0
367,2,3526685.8,3526819.2,8,-9.98779,4,8683,1,0
265,1,3529741.8,3529813.8,7,26.4684,4,8683,0,1
393,1,3529842.8,3530829.8,11,-10.5565,4,8681,0,1
393,2,3529842.8,3530829.8,11,-10.5565,4,8681,1,0
317,2,3530888.0,3531875.0,11,-10.8594,4,8681,1,0
203,1,3531123.2,3531195.2,7,13.6237,4,8683,1,0
85,1,3531299.8,3533110.2,12,-9.90251,4,8683,1,0
85,2,3531299.8,3533110.2,12,-9.90251,4,8683,0,1
13,2,3531846.5,3531980.0,8,-9.37324,4,8681,1,0
140,1,3532927.5,3532999.5,7,21.9245,4,8683,1,0
150,2,3532996.5,3533243.5,9,0.0,4,8683,0,1
139,2,3534638.0,3535090.5,10,-5.75502,4,8681,1,0
20,1,3534811.5,3535058.2,9,0.0,4,8683,1,0
20,2,3534811.5,3535058.2,9,0.0,4,8683,1,0
147,1,3534995.8,3536806.5,12,0.0,4,8683,1,0
147,2,3534995.8,3536806.5,12,0.0,4,8683,1,0
298,1,3536664.2,3537117.0,10,-2.03273,4,8683,1,0
298,2,3536664.2,3537117.0,10,-2.03273,4,8683,0,1
363,1,3539982.2,3540054.2,7,0.662873,4,8683,1,0
363,2,3539982.2,3540054.2,7,0.662873,4,8683,1,0
240,1,3540481.0,3542291.5,12,-12.4019,4,8683,0,1
148,1,3540603.2,3540850.0,9,-6.38783,4,8681,1,0
148,2,3540603.2,3540850.0,9,-6.38783,4,8681,1,0
169,1,3541256.8,3542244.0,11,-17.342,4,8683,1,0
135,2,3543253.8,3545064.2,12,-12.8025,4,8683,1,0
5,1,3543911.5,3545722.0,12,-19.9694,4,8681,0,1
5,2,3543911.5,3545722.0,12,-19.9694,4,8681,1,0
346,1,3544023.5,3545834.0,12,-11.5125,4,8685,0,1
346,2,3544023.5,3545834.0,12,-11.5125,4,8685,1,0
349,1,3544816.0,3545062.8,9,1.99521,4,8683,0,1
351,2,3545306.0,3545552.8,9,-8.43898,4,8681,1,0
348,1,3545840.5,3546087.5,9,-14.2298,4,8683,1,0
367,1,3546670.8,3546804.2,8,-10.6229,4,8685,1,0
367,2,3546670.8,3546804.2,8,-10.6229,4,8685,1,0
87,1,3547549.0,3549359.5,12,0.0,4,8683,1,0
111,2,3553737.5,3555548.0,12,-6.83739,4,8683,1,0
72,1,3554426.2,3554879.0,10,-0.287505,4,8685,1,0
72,2,3554426.2,3554879.0,10,-0.287505,4,8685,1,0
278,1,3555111.2,3556922.0,12,-4.26822,4,8683,0,1
288,1,3555175.0,3555627.8,10,-9.99252,4,8683,1,0
288,2,3555175.0,3555627.8,10,-9.99252,4,8683,1,0
74,1,3556195.8,3556442.8,9,-10.3619,4,8683,1,0
401,2,3556577.0,3556649.0,7,3.18837,4,8683,1,0
50,1,3558717.8,3559170.5,10,0.0,4,8683,1,0
50,2,3558717.8,3559170.5,10,0.0,4,8683,1,0
350,2,3560586.5,3562397.0,12,-21.7741,4,8683,0,1
329,2,3561971.5,3562424.0,10,-5.89416,4,8685,0,1
34,2,3562309.5,3562556.5,9,1.58521,4,8683,0,1
41,2,3563387.0,3563459.0,7,-4.37253,4,8683,1,0
146,1,3563791.2,3565601.8,12,-17.2636,4,8681,1,0
146,2,3563791.2,3565601.8,12,-17.2636,4,8681,0,1
244,1,3564414.2,3564547.8,8,-4.51578,4,8683,1,0
127,1,3564884.0,3566694.5,12,-10.9858,4,8683,1,0
121,1,3565849.5,3565921.8,7,-7.03528,4,8683,1,0
375,2,3565894.8,3567705.2,12,-3.00377,4,8683,1,0
303,2,3567237.0,3567689.8,10,-15.1425,4,8685,1,0
327,1,3567653.8,3569464.2,12,1.01367,4,8681,0,1
327,2,3567653.8,3569464.2,12,1.01367,4,8681,1,0
114,1,3569252.5,3570239.5,11,-11.397,4,8683,0,1
157,1,3571096.5,3571343.2,9,-5.10927,4,8685,1,0
157,2,3571096.5,3571343.2,9,-5.10927,4,8685,1,0
90,1,3573918.0,3573990.0,7,-2.1001,4,8685,1,0
90,2,3573918.0,3573990.0,7,-2.1001,4,8685,0,1
136,1,3574708.2,3574955.0,9,-9.58945,4,8683,1,0
136,2,3574708.2,3574955.0,9,-9.58945,4,8683,1,0
133,1,3575407.8,3575860.2,10,-3.53667,4,8685,1,0
133,2,3575407.8,3575860.2,10,-3.53667,4,8685,1,0
227,2,3577653.8,3578640.8,11,-18.2226,4,8683,1,0
253,1,3577774.0,3579584.5,12,-9.14619,4,8683,1,0
273,1,3578905.2,3578977.2,7,-2.06334,4,8683,1,0
99,1,3580576.0,3581028.5,10,-10.2507,4,8681,1,0
99,2,3580576.0,3581028.5,10,-10.2507,4,8681,1,0
245,1,3580606.5,3581593.5,11,-14.781,4,8685,1,0
51,2,3581213.0,3583023.5,12,-10.8089,4,8683,1,0
164,2,3582464.0,3582536.2,7,-1.62071,4,8681,1,0
382,1,3583071.0,3584058.0,11,0.0,4,8683,1,0
215,2,3592247.0,3594057.5,12,-21.794,4,8683,1,0
163,1,3593443.0,3593895.8,10,-5.84508,4,8681,1,0
163,2,3593443.0,3593895.8,10,-5.84508,4,8681,1,0
384,2,3596391.8,3596844.5,10,1.03264,4,8681,1,0
213,1,3596771.0,3597017.8,9,-6.19606,4,8683,1,0
103,2,3598249.0,3598382.5,8,-10.8038,4,8683,1,0
senderId,receiverID, sendTime, receivedTime,SF,SNR,Ftype,Freq,RX
2,123,3227.983,3269.199,7,0.0,3,0,1
2,105,3761.5652,4916.637,12,0.0,3,0,2
1,130,8733.654,9888.727,12,0.0,3,0,2
2,13,9339.822,9422.254,8,0.0,3,0,1
1,273,15727.2295,15768.445,7,0.0,3,0,1
2,401,19892.354,19933.568,7,0.0,3,0,1
1,385,20492.68,21647.75,12,0.0,3,0,2
2,260,24383.633,24424.848,7,0.0,3,0,1
2,69,24535.598,25690.668,12,0.0,3,0,2
1,43,25891.055,25973.486,8,0.0,3,0,1
2,87,37192.547,38347.617,12,0.0,3,0,2
1,376,39224.848,40379.918,12,0.0,3,0,2
2,108,40044.17,40085.387,7,0.0,3,0,1
2,233,44557.367,44598.582,7,0.0,3,0,1
1,263,45146.164,45187.383,7,0.0,3,0,1
2,359,48682.145,48723.363,7,0.0,3,0,1
2,334,49294.58,50449.65,12,0.0,3,0,2
1,62,54291.875,54333.09,7,0.0,3,0,1
2,12,57244.95,57286.168,7,0.0,3,0,1
2,329,60887.062,62042.133,12,0.0,3,0,2
1,264,61353.3,61435.734,8,0.0,3,0,1
1,224,63146.69,64301.766,12,0.0,3,0,2
2,188,63964.19,64005.41,7,0.0,3,0,1
2,341,72500.59,73655.67,12,0.0,3,0,2
1,381,75829.2,75870.414,7,0.0,3,0,1
2,138,75898.8,75981.234,8,0.0,3,0,1
1,75,76569.0,77724.08,12,0.0,3,0,2
2,139,85589.7,86744.78,12,0.0,3,0,2
1,164,87454.87,87496.08,7,0.0,3,0,1
2,56,87588.07,87670.51,8,0.0,3,0,1
1,203,93392.07,93433.28,7,0.0,3,0,1
1,345,94594.766,95749.836,12,0.0,3,0,2
2,232,98485.95,99641.03,12,0.0,3,0,2
2,41,101429.625,101470.84,7,0.0,3,0,1
1,63,103078.555,103160.984,8,0.0,3,0,1
2,168,106214.164,106296.6,8,0.0,3,0,1
1,162,109072.31,110227.38,12,0.0,3,0,2
2,301,110701.016,111856.09,12,0.0,3,0,2
1,242,114601.695,114642.91,7,0.0,3,0,1
2,60,115904.82,115987.26,8,0.0,3,0,1
2,31,123402.21,124557.29,12,0.0,3,0,2
2,62,125970.12,126011.33,7,0.0,3,0,1
1,265,125995.74,126036.95,7,0.0,3,0,1
1,110,127487.516,128642.59,12,0.0,3,0,2
1,224,132636.5,132677.72,7,0.0,3,0,1
2,53,133194.86,133277.28,8,0.0,3,0,1
2,111,135152.89,136307.97,12,0.0,3,0,2
1,217,138454.95,138537.39,8,0.0,3,0,1
1,220,140714.28,141869.36,12,0.0,3,0,2
2,316,142311.8,142353.02,7,0.0,3,0,1
1,220,146907.88,146949.1,7,0.0,3,0,1
2,60,149290.38,149372.8,8,0.0,3,0,1
2,362,150381.6,151536.67,12,0.0,3,0,2
1,400,152604.39,152645.6,7,0.0,3,0,1
1,56,153535.17,154690.25,12,0.0,3,0,2
1,390,157384.36,157528.73,9,0.0,3,0,1
2,324,158585.56,158667.98,8,0.0,3,0,1
1,39,165313.55,166468.62,12,0.0,3,0,2
2,206,165479.22,166634.3,12,0.0,3,0,2
2,116,168051.2,168092.42,7,0.0,3,0,1
2,333,173309.61,173350.83,7,0.0,3,0,1
2,264,177632.47,178787.53,12,0.0,3,0,2
1,296,178498.66,178539.88,7,0.0,3,0,1
1,395,179399.27,180554.34,12,0.0,3,0,2
2,367,180815.73,180898.16,8,0.0,3,0,1
1,391,190079.84,190121.06,7,0.0,3,0,1
2,188,191381.52,191422.73,7,0.0,3,0,1
1,247,191617.8,192772.88,12,0.0,3,0,2
2,401,192382.97,193538.05,12,0.0,3,0,2
1,132,195796.31,195837.53,7,0.0,3,0,1
2,212,203264.61,203305.81,7,0.0,3,0,1
2,92,204165.02,205320.08,12,0.0,3,0,2
1,285,204198.45,205353.53,12,0.0,3,0,2
2,268,210211.7,210252.92,7,0.0,3,0,1
1,379,213057.33,213139.75,8,0.0,3,0,1
1,396,216507.53,217662.61,12,0.0,3,0,2
2,7,216522.58,217677.66,12,0.0,3,0,2
2,359,219144.69,219185.89,7,0.0,3,0,1
1,274,222011.81,222053.03,7,0.0,3,0,1
2,48,225244.95,225327.38,8,0.0,3,0,1
1,225,228092.11,228133.31,7,0.0,3,0,1
2,390,233334.23,234489.3,12,0.0,3,0,2
1,91,234002.08,234043.3,7,0.0,3,0,1
2,401,236012.14,236053.36,7,0.0,3,0,1
1,362,237656.92,238812.0,12,0.0,3,0,2
1,242,240638.08,240679.3,7,0.0,3,0,1
2,90,241131.9,241173.12,7,0.0,3,0,1
2,155,245168.98,246324.06,12,0.0,3,0,2
1,102,245810.31,245851.53,7,0.0,3,0,1
2,256,247750.05,247791.27,7,0.0,3,0,1
2,233,253292.11,253333.33,7,0.0,3,0,1
1,140,254268.14,254309.36,7,0.0,3,0,1
2,131,257695.7,257736.94,7,0.0,3,0,1
1,80,258019.47,259174.53,12,0.0,3,0,2
2,216,260721.66,261876.7,12,0.0,3,0,2
1,167,265469.94,265511.16,7,0.0,3,0,1
2,83,268534.97,268576.2,7,0.0,3,0,1
1,205,271582.16,272737.22,12,0.0,3,0,2
2,354,272895.28,274050.34,12,0.0,3,0,2
1,198,274381.97,274423.2,7,0.0,3,0,1
2,104,275212.62,275253.84,7,0.0,3,0,1
1,271,283067.97,283109.2,7,0.0,3,0,1
1,383,283878.62,285033.7,12,0.0,3,0,2
2,199,285574.78,285616.0,7,0.0,3,0,1
2,171,286420.8,287575.88,12,0.0,3,0,2
1,37,292877.12,292918.38,7,0.0,3,0,1
1,275,296118.72,297273.78,12,0.0,3,0,2
2,201,298916.84,300071.9,12,0.0,3,0,2
1,81,299698.75,299740.0,7,0.0,3,0,1
2,228,302286.25,302327.47,7,0.0,3,0,1
2,402,307417.53,307458.78,7,0.0,3,0,1
1,110,308530.7,309685.75,12,0.0,3,0,2
1,107,310974.12,311015.34,7,0.0,3,0,1
2,385,311864.75,311905.97,7,0.0,3,0,1
2,251,313223.34,314378.4,12,0.0,3,0,2
1,305,316671.84,316713.06,7,0.0,3,0,1
2,104,318362.34,318403.56,7,0.0,3,0,1
1,318,321084.88,322239.94,12,0.0,3,0,2
2,273,322680.44,322721.7,7,0.0,3,0,1
1,238,324400.47,324441.72,7,0.0,3,0,1
2,100,325486.12,326641.2,12,0.0,3,0,2
1,249,328712.62,328753.84,7,0.0,3,0,1
2,254,329735.34,329776.6,7,0.0,3,0,1
1,338,333440.6,333481.8,7,0.0,3,0,1
2,164,334181.72,334222.97,7,0.0,3,0,1
2,352,338910.94,340066.0,12,0.0,3,0,2
1,23,339194.28,339235.5,7,0.0,3,0,1
2,64,342168.3,342209.53,7,0.0,3,0,1
1,45,343317.6,344472.66,12,0.0,3,0,2
1,123,345550.56,345591.8,7,0.0,3,0,1
1,20,352436.7,352581.06,9,0.0,3,0,1
2,44,353243.62,354398.7,12,0.0,3,0,2
2,116,358055.2,358096.4,7,0.0,3,0,1
1,72,358615.62,359770.7,12,0.0,3,0,2
2,288,365279.5,366434.56,12,0.0,3,0,2
1,265,367763.7,367804.94,7,0.0,3,0,1
2,197,369345.3,369489.7,9,0.0,3,0,1
1,391,371338.84,372493.9,12,0.0,3,0,2
1,180,378754.06,378898.44,9,0.0,3,0,1
2,210,380457.0,381612.06,12,0.0,3,0,2
1,352,384171.72,385326.78,12,0.0,3,0,2
2,97,387913.22,387954.44,7,0.0,3,0,1
2,169,393379.16,394534.22,12,0.0,3,0,2
1,75,394151.38,394233.78,8,0.0,3,0,1
2,214,395980.62,396021.84,7,0.0,3,0,1
1,198,398760.88,399915.94,12,0.0,3,0,2
1,248,402802.03,402884.47,8,0.0,3,0,1
2,116,404365.16,404406.38,7,0.0,3,0,1
2,330,406476.53,407631.6,12,0.0,3,0,2
2,207,410555.4,410637.84,8,0.0,3,0,1
1,81,412832.2,412873.4,7,0.0,3,0,1
2,329,418917.5,420072.56,12,0.0,3,0,2
1,121,419973.6,420014.84,7,0.0,3,0,1
1,326,420814.44,421969.5,12,0.0,3,0,2
2,165,422753.38,422897.78,9,0.0,3,0,1
2,379,430534.72,431689.78,12,0.0,3,0,2
1,197,431658.72,431803.1,9,0.0,3,0,1
2,225,437402.22,437443.44,7,0.0,3,0,1
1,243,439224.56,440379.6,12,0.0,3,0,2
2,262,443412.12,443494.56,8,0.0,3,0,1
2,155,445448.0,446603.06,12,0.0,3,0,2
1,74,448361.97,448506.34,9,0.0,3,0,1
2,228,452064.84,452106.1,7,0.0,3,0,1
1,93,452851.0,454006.06,12,0.0,3,0,2
2,181,459594.12,460749.2,12,0.0,3,0,2
2,359,462531.38,462572.6,7,0.0,3,0,1
1,109,464429.9,465584.97,12,0.0,3,0,2
2,385,468336.78,468378.03,7,0.0,3,0,1
1,400,469069.2,469110.4,7,0.0,3,0,1
2,170,475735.03,476890.1,12,0.0,3,0,2
1,162,476349.97,477505.03,12,0.0,3,0,2
2,48,480626.03,480708.47,8,0.0,3,0,1
2,55,489065.47,490220.53,12,0.0,3,0,2
1,274,491568.47,491609.72,7,0.0,3,0,1
1,331,492691.84,493846.9,12,0.0,3,0,2
2,281,497148.06,497189.3,7,0.0,3,0,1
1,259,500784.78,500867.22,8,0.0,3,0,1
2,202,501099.28,502254.34,12,0.0,3,0,2
1,74,504289.72,505444.78,12,0.0,3,0,2
2,97,506560.75,506602.0,7,0.0,3,0,1
1,103,511027.5,511109.94,8,0.0,3,0,1
2,194,513831.97,513873.16,7,0.0,3,0,1
1,156,517070.7,518225.78,12,0.0,3,0,2
2,281,520448.9,520490.12,7,0.0,3,0,1
2,293,527441.75,527524.25,8,0.0,3,0,1
2,173,528324.06,529479.1,12,0.0,3,0,2
1,311,529289.3,530444.4,12,0.0,3,0,2
1,345,534805.06,534846.25,7,0.0,3,0,1
2,97,541530.06,541571.3,7,0.0,3,0,1
2,334,544835.06,545990.2,12,0.0,3,0,2
1,193,544931.75,546086.9,12,0.0,3,0,2
1,274,548123.2,548164.4,7,0.0,3,0,1
2,191,551204.06,551348.44,9,0.0,3,0,1
1,217,555812.8,555895.25,8,0.0,3,0,1
1,386,557205.3,558360.44,12,0.0,3,0,2
2,11,559463.9,560618.94,12,0.0,3,0,2
1,397,569037.94,570193.06,12,0.0,3,0,2
2,13,570168.3,570250.8,8,0.0,3,0,1
2,329,573215.3,574370.44,12,0.0,3,0,2
1,81,576535.75,576576.94,7,0.0,3,0,1
2,254,579313.7,579354.9,7,0.0,3,0,1
1,192,580605.94,581761.06,12,0.0,3,0,2
1,81,585755.8,585797.0,7,0.0,3,0,1
2,177,585929.94,587085.0,12,0.0,3,0,2
1,218,592668.0,593823.06,12,0.0,3,0,2
2,41,593124.94,593166.1,7,0.0,3,0,1
1,228,595717.4,595758.56,7,0.0,3,0,1
2,73,598182.8,598224.0,7,0.0,3,0,1
2,37,600669.9,601824.94,12,0.0,3,0,2
1,379,600966.25,601048.7,8,0.0,3,0,1
1,142,612720.6,613875.75,12,0.0,3,0,2
2,251,612950.8,612992.0,7,0.0,3,0,1
1,220,615705.6,615746.8,7,0.0,3,0,1
2,359,618182.5,618223.7,7,0.0,3,0,1
1,274,623573.6,623614.8,7,0.0,3,0,1
1,322,624919.6,626074.7,12,0.0,3,0,2
2,402,625910.5,625951.75,7,0.0,3,0,1
2,177,628193.0,629348.06,12,0.0,3,0,2
1,238,630235.6,630276.8,7,0.0,3,0,1
2,119,633917.3,633958.5,7,0.0,3,0,1
1,333,637494.75,637535.94,7,0.0,3,0,1
2,262,638725.06,638807.5,8,0.0,3,0,1
1,149,638898.94,640054.0,12,0.0,3,0,2
2,130,641085.2,642240.3,12,0.0,3,0,2
1,63,642971.44,643053.9,8,0.0,3,0,1
1,148,650557.25,651712.3,12,0.0,3,0,2
2,67,653041.25,654196.4,12,0.0,3,0,2
2,6,657615.3,657759.7,9,0.0,3,0,1
1,198,660216.3,660257.5,7,0.0,3,0,1
1,334,662732.44,663887.5,12,0.0,3,0,2
2,39,668184.56,669339.7,12,0.0,3,0,2
1,265,671051.2,671092.44,7,0.0,3,0,1
2,199,675166.56,675207.75,7,0.0,3,0,1
1,356,675874.56,677029.7,12,0.0,3,0,2
2,159,680183.6,681338.75,12,0.0,3,0,2
1,271,683824.06,683865.25,7,0.0,3,0,1
2,138,685508.5,685590.94,8,0.0,3,0,1
1,235,688082.4,688123.6,7,0.0,3,0,1
1,276,693403.6,694558.7,12,0.0,3,0,2
2,96,694550.44,695705.5,12,0.0,3,0,2
2,256,696985.44,697026.6,7,0.0,3,0,1
1,325,697145.56,697228.0,8,0.0,3,0,1
2,254,703061.1,703102.3,7,0.0,3,0,1
1,61,705962.44,706106.9,9,0.0,3,0,1
1,44,707404.9,708559.94,12,0.0,3,0,2
2,116,707451.56,707492.75,7,0.0,3,0,1
2,100,708880.2,710035.25,12,0.0,3,0,2
2,398,711828.25,711869.44,7,0.0,3,0,1
1,272,719626.4,720781.5,12,0.0,3,0,2
1,156,723005.25,723087.7,8,0.0,3,0,1
2,268,726179.44,726220.6,7,0.0,3,0,1
2,184,730392.1,730474.6,8,0.0,3,0,1
2,69,732620.5,733775.56,12,0.0,3,0,2
1,231,735220.5,736375.6,12,0.0,3,0,2
2,359,741910.75,741951.94,7,0.0,3,0,1
1,265,741957.7,741998.9,7,0.0,3,0,1
1,75,746313.7,746396.1,8,0.0,3,0,1
2,401,746534.6,747689.7,12,0.0,3,0,2
2,291,752158.06,752240.56,8,0.0,3,0,1
1,110,755049.44,756204.5,12,0.0,3,0,2
1,363,757835.06,757876.3,7,0.0,3,0,1
2,293,763619.06,763701.56,8,0.0,3,0,1
1,123,764658.94,764700.1,7,0.0,3,0,1
2,258,765534.4,766689.44,12,0.0,3,0,2
1,152,768795.06,769950.1,12,0.0,3,0,2
2,340,773716.44,773860.8,9,0.0,3,0,1
2,270,778363.75,779518.9,12,0.0,3,0,2
1,366,780751.1,781906.2,12,0.0,3,0,2
1,64,783687.75,783728.94,7,0.0,3,0,1
2,226,788782.44,788823.6,7,0.0,3,0,1
1,328,790033.4,790074.56,7,0.0,3,0,1
2,288,791702.94,792858.06,12,0.0,3,0,2
1,238,794628.0,794669.2,7,0.0,3,0,1
1,21,796553.9,797709.0,12,0.0,3,0,2
2,228,800779.94,800821.2,7,0.0,3,0,1
2,336,804054.4,805209.5,12,0.0,3,0,2
1,330,808650.75,809805.9,12,0.0,3,0,2
1,321,815290.56,815331.8,7,0.0,3,0,1
2,35,816842.4,817997.44,12,0.0,3,0,2
1,328,822441.4,822482.56,7,0.0,3,0,1
1,393,823636.0,824791.06,12,0.0,3,0,2
2,37,825230.75,825272.0,7,0.0,3,0,1
1,46,828039.94,828122.4,8,0.0,3,0,1
2,268,831263.0,831304.2,7,0.0,3,0,1
2,134,832283.2,833438.3,12,0.0,3,0,2
1,313,838171.5,839326.6,12,0.0,3,0,2
2,20,838732.0,838876.4,9,0.0,3,0,1
1,301,842321.56,842362.75,7,0.0,3,0,1
2,356,845157.56,846312.6,12,0.0,3,0,2
1,329,850592.25,851747.3,12,0.0,3,0,2
1,273,855649.75,855691.0,7,0.0,3,0,1
2,293,855716.25,855798.7,8,0.0,3,0,1
2,337,857361.4,858516.5,12,0.0,3,0,2
1,167,863691.5,863732.75,7,0.0,3,0,1
2,116,867591.6,867632.8,7,0.0,3,0,1
1,249,867848.1,869003.25,12,0.0,3,0,2
2,65,871367.8,872522.9,12,0.0,3,0,2
2,70,874038.4,874079.56,7,0.0,3,0,1
1,164,879284.3,879325.5,7,0.0,3,0,1
2,184,880031.6,880114.06,8,0.0,3,0,1
1,137,880850.75,882005.9,12,0.0,3,0,2
1,328,884015.25,884056.44,7,0.0,3,0,1
2,260,888868.4,888909.56,7,0.0,3,0,1
2,310,889058.75,890213.9,12,0.0,3,0,2
1,61,892803.3,893958.4,12,0.0,3,0,2
2,73,895383.3,895424.5,7,0.0,3,0,1
1,328,899377.2,899418.4,7,0.0,3,0,1
2,106,900376.3,900520.7,9,0.0,3,0,1
2,28,902491.9,903647.0,12,0.0,3,0,2
1,337,906298.94,907454.06,12,0.0,3,0,2
1,194,910502.1,910543.3,7,0.0,3,0,1
1,40,917129.25,917170.5,7,0.0,3,0,1
2,213,918635.2,919790.3,12,0.0,3,0,2
1,217,919082.4,920237.5,12,0.0,3,0,2
2,138,921277.4,921359.8,8,0.0,3,0,1
1,363,924444.0,924485.25,7,0.0,3,0,1
1,266,931290.4,932445.5,12,0.0,3,0,2
2,146,932939.06,934094.2,12,0.0,3,0,2
1,188,934714.5,934755.7,7,0.0,3,0,1
2,312,935790.9,935873.4,8,0.0,3,0,1
1,213,943313.6,944468.7,12,0.0,3,0,2
2,30,945063.94,945105.2,7,0.0,3,0,1
1,357,948321.3,948465.7,9,0.0,3,0,1
2,355,950031.0,951186.1,12,0.0,3,0,2
2,224,952337.75,952378.94,7,0.0,3,0,1
1,120,956318.7,957473.75,12,0.0,3,0,2
2,69,963428.25,963510.7,8,0.0,3,0,1
1,244,965323.7,965406.1,8,0.0,3,0,1
2,13,965929.75,967084.8,12,0.0,3,0,2
1,198,969796.5,970951.6,12,0.0,3,0,2
2,398,977782.56,977823.75,7,0.0,3,0,1
1,238,979401.3,979442.5,7,0.0,3,0,1
2,401,980819.75,981974.9,12,0.0,3,0,2
1,165,982583.44,983738.5,12,0.0,3,0,2
2,23,985894.56,985935.8,7,0.0,3,0,1
1,271,990053.9,990095.06,7,0.0,3,0,1
2,34,990311.75,990456.2,9,0.0,3,0,1
2,40,992581.94,993737.0,12,0.0,3,0,2
1,159,996822.8,997977.9,12,0.0,3,0,2
1,102,1004737.5,1004778.7,7,0.0,3,0,1
2,324,1005770.44,1006925.56,12,0.0,3,0,2
2,233,1008319.8,1008361.0,7,0.0,3,0,1
1,197,1008388.2,1009543.25,12,0.0,3,0,2
1,103,1016600.6,1016683.1,8,0.0,3,0,1
2,206,1018287.6,1019442.7,12,0.0,3,0,2
1,382,1020714.75,1021869.8,12,0.0,3,0,2
2,333,1021058.3,1021099.5,7,0.0,3,0,1
2,381,1025222.06,1025263.3,7,0.0,3,0,1
1,96,1027040.5,1027081.8,7,0.0,3,0,1
1,271,1033450.06,1033491.3,7,0.0,3,0,1
2,246,1033604.6,1034759.6,12,0.0,3,0,2
1,338,1036192.25,1037347.3,12,0.0,3,0,2
2,398,1037117.94,1037159.2,7,0.0,3,0,1
1,274,1040736.2,1040777.44,7,0.0,3,0,1
2,63,1042395.75,1042478.1,8,0.0,3,0,1
2,216,1045246.3,1046401.4,12,0.0,3,0,2
1,142,1051319.2,1052474.2,12,0.0,3,0,2
2,358,1052199.2,1052281.6,8,0.0,3,0,1
1,263,1058266.2,1058307.5,7,0.0,3,0,1
1,65,1065018.5,1065163.0,9,0.0,3,0,1
2,263,1065766.2,1065807.5,7,0.0,3,0,1
1,55,1073166.1,1074321.1,12,0.0,3,0,2
2,285,1074744.9,1074889.2,9,0.0,3,0,1
2,238,1075033.2,1076188.2,12,0.0,3,0,2
1,140,1083342.5,1083383.8,7,0.0,3,0,1
1,375,1085673.6,1086828.6,12,0.0,3,0,2
2,227,1086626.9,1087781.9,12,0.0,3,0,2
2,79,1093679.4,1093823.8,9,0.0,3,0,1
1,67,1097984.4,1099139.4,12,0.0,3,0,2
2,19,1102416.0,1103571.0,12,0.0,3,0,2
1,300,1105517.9,1105600.2,8,0.0,3,0,1
1,312,1110354.1,1111509.1,12,0.0,3,0,2
2,248,1114937.9,1115020.2,8,0.0,3,0,1
2,218,1116815.5,1117970.6,12,0.0,3,0,2
1,164,1117014.9,1117056.1,7,0.0,3,0,1
1,385,1121826.5,1121867.8,7,0.0,3,0,1
1,384,1122845.4,1124000.4,12,0.0,3,0,2
2,37,1124230.0,1124271.2,7,0.0,3,0,1
1,385,1129020.1,1129061.4,7,0.0,3,0,1
2,60,1129512.6,1129595.0,8,0.0,3,0,1
2,348,1131967.0,1133122.1,12,0.0,3,0,2
1,314,1134759.5,1135914.5,12,0.0,3,0,2
2,324,1138941.1,1139023.5,8,0.0,3,0,1
1,56,1140136.6,1140219.0,8,0.0,3,0,1
2,217,1145193.0,1146348.0,12,0.0,3,0,2
1,105,1147067.4,1148222.4,12,0.0,3,0,2
2,138,1153173.0,1153255.4,8,0.0,3,0,1
1,158,1153411.4,1153493.8,8,0.0,3,0,1
2,21,1157605.1,1158760.1,12,0.0,3,0,2
1,26,1161410.4,1162565.4,12,0.0,3,0,2
2,23,1163589.8,1163631.0,7,0.0,3,0,1
1,86,1163890.1,1164034.5,9,0.0,3,0,1
2,284,1174349.8,1175504.8,12,0.0,3,0,2
2,383,1178095.5,1178177.9,8,0.0,3,0,1
1,103,1178510.5,1179665.5,12,0.0,3,0,2
1,281,1183357.1,1183398.5,7,0.0,3,0,1
2,384,1185932.4,1187087.4,12,0.0,3,0,2
2,254,1192448.5,1192489.8,7,0.0,3,0,1
1,231,1195456.4,1196611.5,12,0.0,3,0,2
1,220,1197927.6,1197968.9,7,0.0,3,0,1
2,262,1200265.6,1200348.0,8,0.0,3,0,1
2,299,1201845.4,1203000.4,12,0.0,3,0,2
1,203,1204716.9,1204758.1,7,0.0,3,0,1
1,263,1207272.6,1208427.6,12,0.0,3,0,2
2,83,1208568.2,1208609.5,7,0.0,3,0,1
1,132,1210727.9,1210769.1,7,0.0,3,0,1
2,273,1213217.8,1213259.0,7,0.0,3,0,1
2,398,1214791.8,1215946.8,12,0.0,3,0,2
1,188,1215615.1,1215656.4,7,0.0,3,0,1
1,126,1220227.5,1220309.9,8,0.0,3,0,1
2,273,1222926.5,1222967.8,7,0.0,3,0,1
1,14,1224902.1,1226057.1,12,0.0,3,0,2
2,22,1226621.2,1227776.2,12,0.0,3,0,2
1,132,1232318.9,1232360.1,7,0.0,3,0,1
2,164,1233591.0,1233632.2,7,0.0,3,0,1
1,141,1240324.4,1241479.4,12,0.0,3,0,2
2,282,1240553.0,1241708.0,12,0.0,3,0,2
2,251,1245918.5,1245959.8,7,0.0,3,0,1
1,30,1246866.0,1246907.2,7,0.0,3,0,1
2,226,1250587.0,1250628.2,7,0.0,3,0,1
1,217,1252214.2,1253369.2,12,0.0,3,0,2
2,237,1253718.8,1254873.8,12,0.0,3,0,2
2,306,1255163.8,1255205.0,7,0.0,3,0,1
1,153,1255344.0,1255426.4,8,0.0,3,0,1
2,251,1260288.4,1260329.6,7,0.0,3,0,1
2,165,1264537.2,1264681.6,9,0.0,3,0,1
2,170,1266212.6,1267367.6,12,0.0,3,0,2
1,169,1266618.4,1267773.5,12,0.0,3,0,2
1,264,1277303.0,1277385.4,8,0.0,3,0,1
1,389,1278573.6,1279728.6,12,0.0,3,0,2
2,284,1281617.0,1282772.0,12,0.0,3,0,2
2,262,1284799.6,1284882.1,8,0.0,3,0,1
1,312,1289819.4,1289901.8,8,0.0,3,0,1
1,323,1291077.0,1292232.0,12,0.0,3,0,2
2,383,1295890.8,1295973.1,8,0.0,3,0,1
2,356,1299542.6,1300697.6,12,0.0,3,0,2
1,63,1301138.4,1301220.9,8,0.0,3,0,1
1,73,1302821.1,1303976.2,12,0.0,3,0,2
2,32,1304674.8,1304757.2,8,0.0,3,0,1
2,145,1315652.1,1316807.1,12,0.0,3,0,2
1,350,1316323.8,1317478.8,12,0.0,3,0,2
2,138,1321017.5,1321099.9,8,0.0,3,0,1
1,214,1326789.2,1326830.6,7,0.0,3,0,1
2,114,1327845.6,1329000.6,12,0.0,3,0,2
1,235,1331974.5,1332015.8,7,0.0,3,0,1
2,306,1336572.5,1336613.8,7,0.0,3,0,1
1,224,1336754.0,1336795.2,7,0.0,3,0,1
1,21,1338648.4,1339803.4,12,0.0,3,0,2
2,248,1340963.1,1341045.5,8,0.0,3,0,1
2,163,1341700.6,1342855.8,12,0.0,3,0,2
1,271,1344455.8,1344497.1,7,0.0,3,0,1
1,369,1351265.9,1352420.9,12,0.0,3,0,2
2,247,1355078.8,1356233.8,12,0.0,3,0,2
1,281,1356251.6,1356292.9,7,0.0,3,0,1
2,385,1358548.6,1358589.9,7,0.0,3,0,1
1,345,1361429.8,1361471.0,7,0.0,3,0,1
1,123,1363375.6,1364530.6,12,0.0,3,0,2
1,164,1365789.6,1365830.9,7,0.0,3,0,1
2,41,1366591.9,1366633.1,7,0.0,3,0,1
2,221,1368294.2,1369449.2,12,0.0,3,0,2
1,315,1378677.0,1379832.0,12,0.0,3,0,2
1,305,1381013.0,1381054.4,7,0.0,3,0,1
2,356,1381931.2,1383086.2,12,0.0,3,0,2
2,251,1385867.6,1385908.9,7,0.0,3,0,1
2,30,1393037.9,1393079.1,7,0.0,3,0,1
1,59,1393291.1,1394446.1,12,0.0,3,0,2
1,242,1395476.5,1395517.9,7,0.0,3,0,1
2,95,1397123.4,1398278.5,12,0.0,3,0,2
1,358,1402826.5,1402908.9,8,0.0,3,0,1
1,148,1406280.4,1407435.4,12,0.0,3,0,2
2,83,1406729.0,1406770.2,7,0.0,3,0,1
1,249,1411915.1,1411956.4,7,0.0,3,0,1
2,251,1412483.8,1412525.0,7,0.0,3,0,1
2,283,1417268.5,1418423.6,12,0.0,3,0,2
1,93,1418929.6,1420084.6,12,0.0,3,0,2
2,32,1423881.2,1423963.6,8,0.0,3,0,1
1,235,1424343.4,1424384.6,7,0.0,3,0,1
2,276,1430349.0,1431504.0,12,0.0,3,0,2
1,224,1430875.1,1430916.4,7,0.0,3,0,1
1,109,1432190.9,1433346.0,12,0.0,3,0,2
2,157,1436781.0,1436925.4,9,0.0,3,0,1
1,83,1441213.2,1441254.5,7,0.0,3,0,1
2,37,1443424.2,1444579.2,12,0.0,3,0,2
1,99,1444720.8,1445875.8,12,0.0,3,0,2
1,45,1451328.8,1451370.0,7,0.0,3,0,1
2,224,1454506.6,1454547.9,7,0.0,3,0,1
2,228,1456800.4,1457955.5,12,0.0,3,0,2
1,78,1456844.2,1456885.5,7,0.0,3,0,1
1,79,1458586.8,1459741.9,12,0.0,3,0,2
2,64,1460158.9,1460200.2,7,0.0,3,0,1
1,238,1468001.6,1468042.9,7,0.0,3,0,1
2,186,1468626.9,1469781.9,12,0.0,3,0,2
1,124,1472037.2,1473192.2,12,0.0,3,0,2
1,148,1474608.8,1474753.1,9,0.0,3,0,1
2,402,1477321.6,1477362.9,7,0.0,3,0,1
2,53,1482821.5,1482903.9,8,0.0,3,0,1
2,257,1487215.1,1488370.1,12,0.0,3,0,2
1,183,1488240.1,1489395.1,12,0.0,3,0,2
1,391,1492800.1,1492841.4,7,0.0,3,0,1
1,194,1497244.9,1497286.1,7,0.0,3,0,1
2,29,1499304.9,1500460.0,12,0.0,3,0,2
1,224,1499901.8,1501056.8,12,0.0,3,0,2
1,173,1502616.2,1502760.6,9,0.0,3,0,1
2,23,1503625.5,1503666.8,7,0.0,3,0,1
2,69,1509912.0,1509994.4,8,0.0,3,0,1
1,35,1512844.8,1513999.8,12,0.0,3,0,2
2,329,1514082.5,1515237.5,12,0.0,3,0,2
2,394,1521441.9,1521524.2,8,0.0,3,0,1
1,251,1521899.6,1521940.9,7,0.0,3,0,1
1,132,1524859.8,1526014.8,12,0.0,3,0,2
2,268,1526963.2,1528118.2,12,0.0,3,0,2
1,273,1527873.9,1527915.1,7,0.0,3,0,1
1,379,1535582.8,1535665.1,8,0.0,3,0,1
1,39,1537911.0,1539066.0,12,0.0,3,0,2
2,44,1539366.8,1540521.8,12,0.0,3,0,2
2,9,1541138.6,1541283.1,9,0.0,3,0,1
1,45,1545136.8,1545178.0,7,0.0,3,0,1
1,300,1549727.4,1550882.5,12,0.0,3,0,2
2,390,1551897.8,1553052.8,12,0.0,3,0,2
1,153,1561309.8,1561392.1,8,0.0,3,0,1
1,372,1563205.4,1564360.4,12,0.0,3,0,2
2,316,1568474.1,1568515.4,7,0.0,3,0,1
1,281,1570542.6,1570583.9,7,0.0,3,0,1
2,274,1573458.5,1573499.8,7,0.0,3,0,1
2,360,1574033.2,1575188.2,12,0.0,3,0,2
1,300,1577187.4,1577269.8,8,0.0,3,0,1
1,198,1577977.8,1579132.8,12,0.0,3,0,2
2,104,1578421.6,1578462.9,7,0.0,3,0,1
1,236,1586637.8,1586720.1,8,0.0,3,0,1
2,297,1589487.4,1589569.9,8,0.0,3,0,1
2,283,1591299.5,1592454.5,12,0.0,3,0,2
1,164,1591711.1,1592866.2,12,0.0,3,0,2
1,224,1596756.8,1596798.0,7,0.0,3,0,1
2,62,1602102.2,1602143.5,7,0.0,3,0,1
1,27,1603360.0,1604515.0,12,0.0,3,0,2
2,131,1612198.5,1612239.8,7,0.0,3,0,1
2,402,1615261.0,1616416.0,12,0.0,3,0,2
1,386,1617173.8,1617318.1,9,0.0,3,0,1
2,244,1618443.4,1618525.8,8,0.0,3,0,1
1,9,1621045.1,1622200.2,12,0.0,3,0,2
2,260,1631273.4,1632428.4,12,0.0,3,0,2
1,78,1631719.8,1631761.0,7,0.0,3,0,1
1,109,1632914.2,1634069.4,12,0.0,3,0,2
2,131,1633969.6,1634010.9,7,0.0,3,0,1
1,345,1639295.5,1639336.8,7,0.0,3,0,1
2,244,1642773.8,1642856.2,8,0.0,3,0,1
1,358,1644512.2,1645667.2,12,0.0,3,0,2
1,203,1646806.8,1646848.0,7,0.0,3,0,1
2,208,1647250.6,1648405.6,12,0.0,3,0,2
2,226,1651090.9,1651132.1,7,0.0,3,0,1
1,337,1653271.1,1653353.5,8,0.0,3,0,1
1,108,1656446.9,1657601.9,12,0.0,3,0,2
2,333,1659526.6,1659567.9,7,0.0,3,0,1
2,72,1662637.5,1663792.5,12,0.0,3,0,2
2,191,1664312.1,1664456.5,9,0.0,3,0,1
1,12,1664576.0,1664617.2,7,0.0,3,0,1
1,202,1668496.5,1669651.5,12,0.0,3,0,2
1,131,1669913.9,1669955.1,7,0.0,3,0,1
2,174,1674206.9,1675362.0,12,0.0,3,0,2
1,152,1675122.4,1675204.9,8,0.0,3,0,1
1,79,1680286.6,1681441.6,12,0.0,3,0,2
2,116,1682063.1,1682104.4,7,0.0,3,0,1
2,171,1686396.8,1687551.8,12,0.0,3,0,2
1,91,1689981.0,1690022.2,7,0.0,3,0,1
2,389,1690183.6,1690328.0,9,0.0,3,0,1
1,208,1692511.4,1693666.4,12,0.0,3,0,2
1,254,1695103.9,1695145.1,7,0.0,3,0,1
2,28,1698146.5,1699301.5,12,0.0,3,0,2
2,306,1705359.9,1705401.1,7,0.0,3,0,1
1,275,1705810.2,1706965.4,12,0.0,3,0,2
1,64,1708281.4,1708322.6,7,0.0,3,0,1
2,30,1711467.9,1711509.1,7,0.0,3,0,1
2,44,1712160.9,1713315.9,12,0.0,3,0,2
2,75,1717759.5,1717841.9,8,0.0,3,0,1
1,173,1719610.8,1720765.8,12,0.0,3,0,2
2,230,1724077.1,1725232.1,12,0.0,3,0,2
1,90,1725518.6,1725559.9,7,0.0,3,0,1
2,254,1730256.6,1730297.9,7,0.0,3,0,1
1,61,1732309.2,1733464.2,12,0.0,3,0,2
2,256,1735012.5,1735053.8,7,0.0,3,0,1
1,340,1735106.5,1735250.9,9,0.0,3,0,1
2,126,1736612.9,1737768.0,12,0.0,3,0,2
2,385,1744596.4,1744637.6,7,0.0,3,0,1
1,344,1747448.6,1748603.6,12,0.0,3,0,2
2,360,1749831.5,1750986.6,12,0.0,3,0,2
1,203,1752332.4,1752373.6,7,0.0,3,0,1
2,23,1754642.8,1754684.0,7,0.0,3,0,1
1,164,1759244.8,1759286.0,7,0.0,3,0,1
1,361,1759413.9,1760568.9,12,0.0,3,0,2
2,23,1762401.5,1762442.8,7,0.0,3,0,1
2,161,1765366.9,1766521.9,12,0.0,3,0,2
1,164,1766438.4,1766479.6,7,0.0,3,0,1
2,316,1770093.0,1770134.2,7,0.0,3,0,1
1,184,1771943.5,1773098.5,12,0.0,3,0,2
1,398,1774128.9,1774170.1,7,0.0,3,0,1
2,354,1778468.5,1779623.5,12,0.0,3,0,2
2,235,1781358.2,1781399.5,7,0.0,3,0,1
1,74,1783502.6,1784657.6,12,0.0,3,0,2
2,57,1788373.1,1788455.6,8,0.0,3,0,1
2,14,1790032.4,1791187.4,12,0.0,3,0,2
1,328,1790550.1,1790591.4,7,0.0,3,0,1
1,177,1795267.8,1795350.1,8,0.0,3,0,1
2,69,1798376.6,1798459.0,8,0.0,3,0,1
1,253,1800635.0,1801790.0,12,0.0,3,0,2
2,289,1805258.2,1806413.4,12,0.0,3,0,2
2,228,1808539.1,1808580.5,7,0.0,3,0,1
1,107,1809246.0,1809287.2,7,0.0,3,0,1
1,304,1812646.9,1813801.9,12,0.0,3,0,2
2,188,1815595.0,1815636.2,7,0.0,3,0,1
2,83,1819830.8,1819872.1,7,0.0,3,0,1
1,126,1820420.9,1820503.2,8,0.0,3,0,1
2,175,1821410.5,1822565.5,12,0.0,3,0,2
1,91,1827571.0,1828726.1,12,0.0,3,0,2
2,228,1827954.6,1827995.9,7,0.0,3,0,1
1,153,1830786.8,1830869.1,8,0.0,3,0,1
2,97,1839308.2,1839349.5,7,0.0,3,0,1
1,328,1839344.1,1839385.4,7,0.0,3,0,1
2,37,1844447.6,1844488.9,7,0.0,3,0,1
1,17,1845845.5,1847000.5,12,0.0,3,0,2
2,196,1847773.1,1848928.1,12,0.0,3,0,2
1,301,1849539.0,1849580.4,7,0.0,3,0,1
2,116,1853192.5,1853233.8,7,0.0,3,0,1
1,62,1856445.8,1856487.0,7,0.0,3,0,1
2,391,1858150.2,1858191.5,7,0.0,3,0,1
1,75,1858400.6,1859555.6,12,0.0,3,0,2
2,57,1863690.2,1863772.8,8,0.0,3,0,1
1,233,1867944.5,1867985.8,7,0.0,3,0,1
2,298,1868208.1,1869363.1,12,0.0,3,0,2
1,6,1872179.0,1872323.4,9,0.0,3,0,1
2,108,1872631.6,1872672.9,7,0.0,3,0,1
1,99,1873364.1,1874519.1,12,0.0,3,0,2
2,98,1880623.0,1881778.1,12,0.0,3,0,2
1,167,1887004.1,1887045.4,7,0.0,3,0,1
2,306,1887679.4,1887720.6,7,0.0,3,0,1
1,335,1891467.6,1892622.6,12,0.0,3,0,2
2,88,1893247.6,1894402.8,12,0.0,3,0,2
2,228,1897467.8,1897509.0,7,0.0,3,0,1
1,107,1900372.5,1900413.9,7,0.0,3,0,1
2,324,1902356.8,1902439.1,8,0.0,3,0,1
1,381,1904826.4,1904867.6,7,0.0,3,0,1
2,392,1907023.5,1908178.6,12,0.0,3,0,2
1,206,1908210.9,1909365.9,12,0.0,3,0,2
1,214,1915136.4,1915177.6,7,0.0,3,0,1
2,241,1919656.0,1920811.0,12,0.0,3,0,2
1,219,1920072.5,1921227.5,12,0.0,3,0,2
2,138,1922875.9,1922958.2,8,0.0,3,0,1
1,70,1927064.6,1927105.9,7,0.0,3,0,1
2,52,1931369.8,1931514.1,9,0.0,3,0,1
1,387,1932762.0,1933917.0,12,0.0,3,0,2
2,118,1935612.0,1936767.0,12,0.0,3,0,2
1,383,1936895.2,1936977.6,8,0.0,3,0,1
2,140,1945966.1,1946007.4,7,0.0,3,0,1
1,78,1946460.8,1946502.0,7,0.0,3,0,1
1,372,1948036.9,1949191.9,12,0.0,3,0,2
1,132,1953649.1,1953690.4,7,0.0,3,0,1
2,376,1958797.2,1959952.2,12,0.0,3,0,2
1,70,1964000.0,1964041.2,7,0.0,3,0,1
2,256,1966245.8,1966287.0,7,0.0,3,0,1
1,156,1966809.0,1967964.0,12,0.0,3,0,2
2,40,1973256.9,1973298.1,7,0.0,3,0,1
2,375,1975440.4,1976595.5,12,0.0,3,0,2
1,136,1978551.6,1979706.6,12,0.0,3,0,2
2,140,1979791.9,1979833.1,7,0.0,3,0,1
1,273,1980906.9,1980948.1,7,0.0,3,0,1
2,41,1985602.8,1985644.0,7,0.0,3,0,1
1,391,1987686.8,1987728.0,7,0.0,3,0,1
2,228,1988020.5,1989175.5,12,0.0,3,0,2
1,395,1990471.2,1991626.2,12,0.0,3,0,2
2,81,1990830.2,1990871.5,7,0.0,3,0,1
1,194,1993724.8,1993766.0,7,0.0,3,0,1
2,262,1995569.4,1995651.8,8,0.0,3,0,1
1,338,2004183.2,2004224.5,7,0.0,3,0,1
2,388,2005722.2,2006877.4,12,0.0,3,0,2
1,154,2009006.1,2010161.1,12,0.0,3,0,2
2,395,2011385.1,2011467.5,8,0.0,3,0,1
1,90,2011832.4,2011873.6,7,0.0,3,0,1
1,244,2018106.8,2018189.1,8,0.0,3,0,1
2,64,2019804.9,2019846.2,7,0.0,3,0,1
1,143,2021329.0,2022484.0,12,0.0,3,0,2
2,373,2021344.1,2022499.1,12,0.0,3,0,2
2,96,2025013.8,2025055.0,7,0.0,3,0,1
2,237,2031265.8,2031410.1,9,0.0,3,0,1
1,121,2036521.1,2036562.4,7,0.0,3,0,1
1,167,2039720.5,2040875.5,12,0.0,3,0,2
1,20,2041906.0,2042050.4,9,0.0,3,0,1
2,170,2047831.1,2048986.4,12,0.0,3,0,2
1,332,2053234.1,2054389.1,12,0.0,3,0,2
2,277,2054823.5,2054906.0,8,0.0,3,0,1
1,274,2058048.9,2058090.1,7,0.0,3,0,1
2,369,2060109.4,2061264.4,12,0.0,3,0,2
2,316,2067068.9,2067110.1,7,0.0,3,0,1
1,325,2067727.5,2067810.0,8,0.0,3,0,1
1,4,2071429.2,2072584.2,12,0.0,3,0,2
2,392,2071933.1,2073088.1,12,0.0,3,0,2
1,148,2077141.1,2077285.4,9,0.0,3,0,1
2,207,2082415.2,2082497.8,8,0.0,3,0,1
2,55,2083811.8,2084966.8,12,0.0,3,0,2
1,99,2087270.5,2088425.5,12,0.0,3,0,2
2,385,2091267.1,2091308.4,7,0.0,3,0,1
1,91,2094077.6,2094118.9,7,0.0,3,0,1
2,204,2095904.5,2097059.6,12,0.0,3,0,2
1,187,2100674.2,2101829.2,12,0.0,3,0,2
1,164,2103477.5,2103518.8,7,0.0,3,0,1
1,12,2107616.0,2107657.2,7,0.0,3,0,1
2,228,2108813.8,2108855.0,7,0.0,3,0,1
2,11,2113101.0,2114256.0,12,0.0,3,0,2
1,107,2115498.5,2115539.8,7,0.0,3,0,1
2,247,2115614.0,2115696.5,8,0.0,3,0,1
1,357,2117787.8,2118942.8,12,0.0,3,0,2
1,102,2120591.5,2120632.8,7,0.0,3,0,1
1,90,2125602.8,2125644.0,7,0.0,3,0,1
2,226,2126129.2,2126170.5,7,0.0,3,0,1
2,68,2127521.8,2128676.8,12,0.0,3,0,2
1,241,2132626.5,2133781.5,12,0.0,3,0,2
2,97,2135749.8,2135791.0,7,0.0,3,0,1
1,188,2136004.8,2136046.0,7,0.0,3,0,1
2,34,2139546.0,2140701.0,12,0.0,3,0,2
1,359,2140396.0,2140437.2,7,0.0,3,0,1
2,40,2145176.5,2145217.8,7,0.0,3,0,1
1,238,2146319.2,2146360.5,7,0.0,3,0,1
2,156,2151136.0,2151218.5,8,0.0,3,0,1
1,177,2152258.5,2153413.5,12,0.0,3,0,2
2,51,2155333.5,2156488.5,12,0.0,3,0,2
1,263,2156071.0,2156112.2,7,0.0,3,0,1
2,254,2159764.2,2159805.5,7,0.0,3,0,1
1,301,2161994.5,2162035.8,7,0.0,3,0,1
2,37,2166106.0,2166147.2,7,0.0,3,0,1
1,382,2166836.5,2167991.5,12,0.0,3,0,2
2,112,2167394.8,2168549.8,12,0.0,3,0,2
1,9,2169436.0,2169580.2,9,0.0,3,0,1
2,395,2178849.5,2178932.2,8,0.0,3,0,1
2,245,2182088.2,2183243.2,12,0.0,3,0,2
1,198,2184147.5,2185302.5,12,0.0,3,0,2
2,379,2188427.8,2188510.2,8,0.0,3,0,1
1,63,2189600.5,2189683.0,8,0.0,3,0,1
2,341,2198734.2,2199889.2,12,0.0,3,0,2
1,259,2199496.2,2200651.2,12,0.0,3,0,2
1,102,2201942.8,2201984.2,7,0.0,3,0,1
2,119,2202680.0,2202721.2,7,0.0,3,0,1
1,324,2206182.2,2206265.0,8,0.0,3,0,1
1,102,2211323.0,2212478.0,12,0.0,3,0,2
2,276,2211550.5,2212705.5,12,0.0,3,0,2
2,159,2217993.2,2218137.5,9,0.0,3,0,1
1,227,2223219.0,2224374.0,12,0.0,3,0,2
2,43,2225578.0,2226733.2,12,0.0,3,0,2
1,321,2228907.2,2228948.5,7,0.0,3,0,1
2,273,2233223.5,2233264.8,7,0.0,3,0,1
1,393,2235907.2,2237062.2,12,0.0,3,0,2
2,6,2239923.8,2241078.8,12,0.0,3,0,2
1,43,2244782.2,2244864.8,8,0.0,3,0,1
2,263,2247225.5,2247266.8,7,0.0,3,0,1
1,65,2248950.0,2250105.0,12,0.0,3,0,2
2,29,2254130.2,2255285.2,12,0.0,3,0,2
1,358,2258113.2,2258195.8,8,0.0,3,0,1
2,119,2260565.2,2260606.5,7,0.0,3,0,1
2,244,2265021.2,2265103.8,8,0.0,3,0,1
1,15,2266272.2,2267427.2,12,0.0,3,0,2
2,295,2269025.2,2270180.2,12,0.0,3,0,2
1,107,2269985.0,2270026.2,7,0.0,3,0,1
2,367,2277278.8,2277361.2,8,0.0,3,0,1
2,365,2280677.2,2281832.2,12,0.0,3,0,2
1,187,2281717.5,2282872.5,12,0.0,3,0,2
1,274,2285064.5,2285105.8,7,0.0,3,0,1
1,91,2290908.5,2290949.8,7,0.0,3,0,1
1,378,2294638.2,2295793.2,12,0.0,3,0,2
2,73,2295368.2,2295409.5,7,0.0,3,0,1
2,320,2296818.8,2297974.0,12,0.0,3,0,2
1,224,2296917.2,2296958.5,7,0.0,3,0,1
2,325,2299675.2,2299757.8,8,0.0,3,0,1
1,249,2302771.8,2302813.0,7,0.0,3,0,1
2,75,2308220.2,2308302.8,8,0.0,3,0,1
2,226,2308703.0,2309858.0,12,0.0,3,0,2
1,369,2309483.2,2310638.2,12,0.0,3,0,2
1,238,2314651.5,2314692.8,7,0.0,3,0,1
1,141,2319025.2,2319169.5,9,0.0,3,0,1
2,37,2320344.5,2320385.8,7,0.0,3,0,1
1,339,2321568.5,2322723.8,12,0.0,3,0,2
2,60,2326086.5,2326169.0,8,0.0,3,0,1
2,373,2327361.2,2328516.2,12,0.0,3,0,2
1,12,2333255.2,2334410.5,12,0.0,3,0,2
1,79,2334537.8,2334682.2,9,0.0,3,0,1
2,212,2337204.0,2337245.2,7,0.0,3,0,1
2,256,2343307.2,2343348.8,7,0.0,3,0,1
1,313,2345792.0,2346947.0,12,0.0,3,0,2
2,348,2349783.2,2350938.2,12,0.0,3,0,2
1,347,2351940.5,2352084.8,9,0.0,3,0,1
2,70,2356117.0,2356158.2,7,0.0,3,0,1
1,114,2362294.8,2363449.8,12,0.0,3,0,2
2,8,2362354.8,2363509.8,12,0.0,3,0,2
1,328,2366579.0,2366620.2,7,0.0,3,0,1
2,60,2368787.8,2368870.2,8,0.0,3,0,1
1,325,2374823.8,2374906.2,8,0.0,3,0,1
1,121,2375319.2,2376474.2,12,0.0,3,0,2
2,217,2377484.0,2377566.5,8,0.0,3,0,1
2,196,2378727.0,2379882.0,12,0.0,3,0,2
1,41,2385574.5,2385615.8,7,0.0,3,0,1
1,191,2388916.8,2390071.8,12,0.0,3,0,2
2,401,2389291.5,2389332.8,7,0.0,3,0,1
1,70,2391788.2,2391829.5,7,0.0,3,0,1
2,19,2393205.2,2394360.2,12,0.0,3,0,2
1,324,2397441.2,2397523.8,8,0.0,3,0,1
2,225,2399927.5,2399968.8,7,0.0,3,0,1
1,144,2402015.5,2403170.5,12,0.0,3,0,2
2,23,2404165.5,2404206.8,7,0.0,3,0,1
2,95,2405765.0,2406920.0,12,0.0,3,0,2
1,186,2406447.2,2406736.0,10,0.0,3,0,1
2,131,2412232.5,2412273.8,7,0.0,3,0,1
1,143,2414117.0,2415272.0,12,0.0,3,0,2
2,87,2417789.5,2418944.5,12,0.0,3,0,2
2,83,2422378.0,2422419.2,7,0.0,3,0,1
2,43,2429930.2,2430012.8,8,0.0,3,0,1
2,171,2431139.8,2432294.8,12,0.0,3,0,2
1,132,2431799.2,2432954.2,12,0.0,3,0,2
1,273,2436723.2,2436764.5,7,0.0,3,0,1
2,91,2442832.0,2442873.2,7,0.0,3,0,1
1,208,2443972.0,2445127.0,12,0.0,3,0,2
2,309,2444601.5,2445756.5,12,0.0,3,0,2
2,119,2450069.2,2450110.5,7,0.0,3,0,1
1,264,2451256.2,2451338.8,8,0.0,3,0,1
2,91,2454855.8,2454897.0,7,0.0,3,0,1
2,161,2456588.0,2457743.0,12,0.0,3,0,2
1,354,2456805.5,2457960.5,12,0.0,3,0,2
2,359,2463241.2,2463282.5,7,0.0,3,0,1
1,394,2465991.5,2466074.0,8,0.0,3,0,1
2,138,2470202.8,2471357.8,12,0.0,3,0,2
1,341,2470241.2,2471396.2,12,0.0,3,0,2
2,316,2476438.5,2476479.8,7,0.0,3,0,1
2,131,2480988.2,2481029.5,7,0.0,3,0,1
2,68,2481923.0,2483078.0,12,0.0,3,0,2
1,132,2485043.2,2485084.5,7,0.0,3,0,1
1,223,2487033.8,2488188.8,12,0.0,3,0,2
2,19,2488686.0,2488974.8,10,0.0,3,0,1
2,287,2493662.8,2494817.8,12,0.0,3,0,2
1,238,2499277.5,2499318.8,7,0.0,3,0,1
1,213,2500203.5,2501358.8,12,0.0,3,0,2
1,337,2505161.0,2505243.5,8,0.0,3,0,1
1,79,2515786.8,2515931.2,9,0.0,3,0,1
2,368,2516308.2,2517463.5,12,0.0,3,0,2
1,35,2517511.2,2518666.2,12,0.0,3,0,2
2,305,2520849.5,2520890.8,7,0.0,3,0,1
2,119,2525074.5,2525115.8,7,0.0,3,0,1
2,215,2528986.8,2530141.8,12,0.0,3,0,2
1,132,2531241.2,2531282.5,7,0.0,3,0,1
1,310,2534374.8,2535529.8,12,0.0,3,0,2
2,41,2537831.5,2537872.8,7,0.0,3,0,1
2,237,2541406.8,2542561.8,12,0.0,3,0,2
1,238,2544951.2,2544992.5,7,0.0,3,0,1
1,304,2545967.5,2547122.5,12,0.0,3,0,2
2,359,2546037.2,2546078.5,7,0.0,3,0,1
2,30,2550172.2,2550213.5,7,0.0,3,0,1
2,68,2555644.8,2556799.8,12,0.0,3,0,2
1,135,2559028.2,2560183.2,12,0.0,3,0,2
1,271,2563187.2,2563228.5,7,0.0,3,0,1
2,256,2565449.0,2565490.2,7,0.0,3,0,1
2,308,2567836.2,2568991.2,12,0.0,3,0,2
1,369,2570973.8,2572128.8,12,0.0,3,0,2
1,238,2574257.0,2574298.2,7,0.0,3,0,1
2,228,2575607.5,2575648.8,7,0.0,3,0,1
1,177,2581625.0,2581707.5,8,0.0,3,0,1
1,216,2584778.0,2585933.0,12,0.0,3,0,2
2,55,2587385.2,2588540.2,12,0.0,3,0,2
2,57,2591658.2,2591740.8,8,0.0,3,0,1
1,281,2597457.8,2597499.0,7,0.0,3,0,1
1,48,2598348.2,2599503.2,12,0.0,3,0,2
2,282,2599974.0,2601129.2,12,0.0,3,0,2
2,131,2602783.8,2602825.0,7,0.0,3,0,1
1,305,2605370.8,2605412.0,7,0.0,3,0,1
2,97,2606936.8,2606978.0,7,0.0,3,0,1
2,121,2611843.5,2611884.8,7,0.0,3,0,1
1,50,2612953.0,2614108.0,12,0.0,3,0,2
2,67,2615719.0,2616874.0,12,0.0,3,0,2
1,273,2616310.8,2616352.0,7,0.0,3,0,1
2,97,2618798.5,2618839.8,7,0.0,3,0,1
1,332,2626653.5,2627808.5,12,0.0,3,0,2
2,186,2627343.2,2628498.2,12,0.0,3,0,2
1,312,2631624.8,2631707.2,8,0.0,3,0,1
2,391,2635612.8,2635654.0,7,0.0,3,0,1
1,87,2638327.8,2639482.8,12,0.0,3,0,2
2,289,2639365.8,2640520.8,12,0.0,3,0,2
1,220,2640961.8,2641003.0,7,0.0,3,0,1
2,235,2645609.2,2645650.5,7,0.0,3,0,1
1,150,2648778.8,2648923.0,9,0.0,3,0,1
1,122,2652496.2,2653651.2,12,0.0,3,0,2
2,114,2657769.2,2658924.2,12,0.0,3,0,2
2,104,2660732.2,2660773.5,7,0.0,3,0,1
1,281,2665119.8,2665161.0,7,0.0,3,0,1
2,226,2665433.5,2665474.8,7,0.0,3,0,1
1,311,2666311.2,2667466.2,12,0.0,3,0,2
1,177,2670043.5,2670126.0,8,0.0,3,0,1
2,64,2670271.8,2670313.0,7,0.0,3,0,1
2,30,2675031.0,2675072.2,7,0.0,3,0,1
2,23,2677513.5,2678668.5,12,0.0,3,0,2
2,283,2681110.0,2681399.0,10,0.0,3,0,1
1,78,2684850.0,2684891.2,7,0.0,3,0,1
1,24,2685991.8,2687146.8,12,0.0,3,0,2
2,55,2691245.0,2692400.2,12,0.0,3,0,2
1,45,2692287.0,2692328.2,7,0.0,3,0,1
1,238,2698067.8,2699223.0,12,0.0,3,0,2
1,126,2700069.0,2700151.5,8,0.0,3,0,1
2,206,2706557.2,2707712.2,12,0.0,3,0,2
1,215,2710030.0,2711185.0,12,0.0,3,0,2
2,40,2716871.0,2716912.2,7,0.0,3,0,1
1,103,2717459.0,2717541.5,8,0.0,3,0,1
1,219,2722168.5,2723323.5,12,0.0,3,0,2
2,265,2725045.8,2725087.0,7,0.0,3,0,1
2,21,2726113.5,2727268.5,12,0.0,3,0,2
2,64,2729993.2,2730034.5,7,0.0,3,0,1
1,9,2733984.5,2735139.5,12,0.0,3,0,2
2,324,2738554.2,2738636.8,8,0.0,3,0,1
1,328,2741704.0,2741745.2,7,0.0,3,0,1
2,318,2742463.0,2743618.0,12,0.0,3,0,2
1,165,2745763.8,2746918.8,12,0.0,3,0,2
2,62,2750537.0,2750578.2,7,0.0,3,0,1
1,102,2752136.8,2752178.0,7,0.0,3,0,1
1,12,2756875.8,2756917.0,7,0.0,3,0,1
2,377,2757486.5,2758641.5,12,0.0,3,0,2
2,152,2759838.2,2759920.8,8,0.0,3,0,1
1,107,2762453.8,2762495.0,7,0.0,3,0,1
1,164,2765497.8,2766652.8,12,0.0,3,0,2
2,248,2769222.0,2769304.5,8,0.0,3,0,1
2,205,2770326.0,2771481.0,12,0.0,3,0,2
1,386,2770417.2,2770561.5,9,0.0,3,0,1
1,45,2778294.8,2779449.8,12,0.0,3,0,2
2,357,2780646.2,2780790.5,9,0.0,3,0,1
2,33,2783529.0,2784684.0,12,0.0,3,0,2
1,301,2788223.5,2788264.8,7,0.0,3,0,1
1,374,2791620.2,2792775.5,12,0.0,3,0,2
2,397,2797281.8,2798436.8,12,0.0,3,0,2
1,249,2797756.0,2797797.2,7,0.0,3,0,1
2,385,2799538.8,2799580.0,7,0.0,3,0,1
2,153,2805564.5,2805647.0,8,0.0,3,0,1
1,265,2806239.8,2806281.0,7,0.0,3,0,1
1,267,2807784.2,2808939.2,12,0.0,3,0,2
2,222,2811813.8,2812968.8,12,0.0,3,0,2
2,306,2817834.0,2817875.2,7,0.0,3,0,1
1,400,2819241.0,2819282.2,7,0.0,3,0,1
1,337,2821067.8,2822222.8,12,0.0,3,0,2
1,223,2825528.0,2825672.2,9,0.0,3,0,1
2,107,2826177.0,2826218.2,7,0.0,3,0,1
2,286,2831163.0,2832318.0,12,0.0,3,0,2
2,108,2834033.2,2834074.5,7,0.0,3,0,1
1,26,2836937.5,2838092.5,12,0.0,3,0,2
2,184,2839411.5,2839494.0,8,0.0,3,0,1
1,277,2840028.0,2840110.5,8,0.0,3,0,1
2,8,2845179.5,2846334.5,12,0.0,3,0,2
1,204,2849133.0,2850288.0,12,0.0,3,0,2
1,394,2856473.2,2856555.8,8,0.0,3,0,1
2,161,2856925.0,2858080.0,12,0.0,3,0,2
1,74,2861820.0,2862975.0,12,0.0,3,0,2
1,102,2864942.8,2864984.2,7,0.0,3,0,1
2,291,2867122.2,2867204.8,8,0.0,3,0,1
2,35,2869001.0,2870156.0,12,0.0,3,0,2
1,220,2870691.0,2870732.2,7,0.0,3,0,1
1,166,2879240.8,2880395.8,12,0.0,3,0,2
2,73,2880350.2,2880391.5,7,0.0,3,0,1
2,97,2882556.8,2883711.8,12,0.0,3,0,2
2,334,2885018.5,2885101.0,8,0.0,3,0,1
1,61,2887748.8,2887893.0,9,0.0,3,0,1
1,319,2891647.5,2892802.5,12,0.0,3,0,2
2,55,2897609.2,2898764.2,12,0.0,3,0,2
1,219,2903211.8,2904366.8,12,0.0,3,0,2
1,271,2905896.8,2905938.0,7,0.0,3,0,1
2,173,2907375.0,2907519.2,9,0.0,3,0,1
1,236,2912044.0,2912126.5,8,0.0,3,0,1
2,41,2913094.2,2914249.2,12,0.0,3,0,2
1,35,2917416.5,2918571.5,12,0.0,3,0,2
2,304,2924995.0,2926150.2,12,0.0,3,0,2
1,20,2926564.2,2926708.5,9,0.0,3,0,1
2,40,2928078.2,2928119.8,7,0.0,3,0,1
1,74,2929805.5,2930960.5,12,0.0,3,0,2
2,224,2937071.8,2937113.0,7,0.0,3,0,1
2,25,2940711.2,2941866.2,12,0.0,3,0,2
1,131,2941212.5,2941253.8,7,0.0,3,0,1
1,133,2941902.5,2943057.5,12,0.0,3,0,2
1,395,2945981.5,2946064.0,8,0.0,3,0,1
2,291,2946484.2,2946566.8,8,0.0,3,0,1
2,173,2952645.5,2953800.5,12,0.0,3,0,2
1,337,2953477.0,2954632.0,12,0.0,3,0,2
2,119,2955540.0,2955581.2,7,0.0,3,0,1
1,78,2958739.8,2958781.0,7,0.0,3,0,1
1,159,2963427.5,2963571.8,9,0.0,3,0,1
2,54,2965850.8,2967005.8,12,0.0,3,0,2
1,74,2967042.0,2968197.0,12,0.0,3,0,2
2,37,2969706.5,2969747.8,7,0.0,3,0,1
2,259,2976936.2,2977018.8,8,0.0,3,0,1
2,186,2977864.5,2979019.5,12,0.0,3,0,2
1,281,2977915.8,2977957.0,7,0.0,3,0,1
1,298,2981499.5,2982654.5,12,0.0,3,0,2
1,281,2985109.5,2985150.8,7,0.0,3,0,1
2,60,2990865.2,2990947.8,8,0.0,3,0,1
1,273,2991225.0,2991266.2,7,0.0,3,0,1
2,339,2991358.5,2992513.5,12,0.0,3,0,2
1,121,2994048.8,2995203.8,12,0.0,3,0,2
1,188,2998799.2,2998840.5,7,0.0,3,0,1
2,31,3002688.2,3002770.8,8,0.0,3,0,1
2,163,3005645.5,3006800.5,12,0.0,3,0,2
1,396,3009609.8,3010765.0,12,0.0,3,0,2
2,48,3014476.0,3014558.5,8,0.0,3,0,1
1,249,3015718.0,3015759.2,7,0.0,3,0,1
2,283,3017751.5,3018906.5,12,0.0,3,0,2
1,236,3022586.8,3022669.2,8,0.0,3,0,1
1,99,3024195.8,3025350.8,12,0.0,3,0,2
2,256,3026429.8,3026471.0,7,0.0,3,0,1
2,40,3030055.5,3031210.5,12,0.0,3,0,2
2,37,3031546.2,3031587.5,7,0.0,3,0,1
1,242,3032814.2,3032855.5,7,0.0,3,0,1
1,241,3035944.5,3037099.5,12,0.0,3,0,2
1,305,3038434.0,3038475.2,7,0.0,3,0,1
2,51,3041893.8,3043048.8,12,0.0,3,0,2
2,305,3045850.5,3045891.8,7,0.0,3,0,1
1,274,3046136.0,3046177.2,7,0.0,3,0,1
1,34,3048201.5,3049356.5,12,0.0,3,0,2
2,256,3051236.5,3051277.8,7,0.0,3,0,1
1,188,3052945.0,3052986.2,7,0.0,3,0,1
2,41,3057024.0,3057065.2,7,0.0,3,0,1
2,278,3058167.8,3059322.8,12,0.0,3,0,2
1,274,3059771.0,3059812.2,7,0.0,3,0,1
1,209,3063390.2,3064545.2,12,0.0,3,0,2
2,236,3064986.5,3065069.0,8,0.0,3,0,1
1,398,3065710.8,3065752.0,7,0.0,3,0,1
2,146,3070281.5,3071436.5,12,0.0,3,0,2
2,37,3074608.0,3074649.2,7,0.0,3,0,1
1,371,3075654.2,3076809.2,12,0.0,3,0,2
2,169,3081871.5,3083026.5,12,0.0,3,0,2
2,168,3087539.8,3087622.2,8,0.0,3,0,1
1,166,3088455.8,3089610.8,12,0.0,3,0,2
1,228,3093409.5,3093450.8,7,0.0,3,0,1
2,348,3096710.8,3097865.8,12,0.0,3,0,2
1,400,3101247.2,3101288.5,7,0.0,3,0,1
1,252,3102918.5,3104073.5,12,0.0,3,0,2
2,311,3109981.8,3111136.8,12,0.0,3,0,2
2,37,3112766.8,3112808.0,7,0.0,3,0,1
1,199,3113821.2,3113862.5,7,0.0,3,0,1
1,55,3117519.0,3118674.0,12,0.0,3,0,2
2,60,3119776.0,3119858.8,8,0.0,3,0,1
2,162,3123750.8,3124905.8,12,0.0,3,0,2
1,358,3124021.5,3124104.0,8,0.0,3,0,1
2,234,3134025.8,3134170.0,9,0.0,3,0,1
1,347,3136240.5,3137395.5,12,0.0,3,0,2
1,167,3138680.2,3138721.5,7,0.0,3,0,1
1,363,3149436.5,3149477.8,7,0.0,3,0,1
2,316,3152188.5,3152229.8,7,0.0,3,0,1
2,388,3156772.5,3157927.5,12,0.0,3,0,2
1,244,3158141.0,3158223.8,8,0.0,3,0,1
2,121,3159311.5,3159352.8,7,0.0,3,0,1
1,137,3162616.8,3163771.8,12,0.0,3,0,2
1,281,3169814.5,3169855.8,7,0.0,3,0,1
2,185,3172701.0,3173856.0,12,0.0,3,0,2
1,80,3175729.8,3176884.8,12,0.0,3,0,2
1,330,3179952.0,3180034.5,8,0.0,3,0,1
2,268,3179980.5,3180021.8,7,0.0,3,0,1
2,64,3184755.2,3184796.5,7,0.0,3,0,1
1,148,3187427.2,3188582.2,12,0.0,3,0,2
2,254,3192254.8,3192296.0,7,0.0,3,0,1
1,238,3193412.5,3193453.8,7,0.0,3,0,1
2,378,3197439.0,3198594.0,12,0.0,3,0,2
1,201,3199597.0,3200752.0,12,0.0,3,0,2
1,167,3202517.0,3202558.2,7,0.0,3,0,1
2,260,3202657.0,3202698.2,7,0.0,3,0,1
2,398,3208023.8,3208065.0,7,0.0,3,0,1
1,158,3210185.0,3210267.5,8,0.0,3,0,1
2,139,3212009.8,3213164.8,12,0.0,3,0,2
1,128,3213503.0,3214658.0,12,0.0,3,0,2
1,301,3220049.2,3220090.5,7,0.0,3,0,1
2,30,3221308.2,3221349.5,7,0.0,3,0,1
1,208,3226489.0,3227644.0,12,0.0,3,0,2
2,6,3226582.8,3227737.8,12,0.0,3,0,2
1,75,3230996.2,3231078.8,8,0.0,3,0,1
2,325,3232985.0,3233067.8,8,0.0,3,0,1
1,278,3239211.0,3240366.0,12,0.0,3,0,2
2,347,3239961.8,3241116.8,12,0.0,3,0,2
1,348,3243066.0,3243210.2,9,0.0,3,0,1
2,260,3243947.5,3243988.8,7,0.0,3,0,1
2,73,3250517.5,3250558.8,7,0.0,3,0,1
1,175,3251495.2,3252650.5,12,0.0,3,0,2
2,44,3254911.2,3256066.2,12,0.0,3,0,2
1,263,3259321.8,3259363.0,7,0.0,3,0,1
1,292,3263838.5,3264993.8,12,0.0,3,0,2
2,196,3266819.2,3267974.2,12,0.0,3,0,2
1,305,3274852.5,3274893.8,7,0.0,3,0,1
2,56,3275226.0,3275308.5,8,0.0,3,0,1
1,208,3277989.0,3279144.0,12,0.0,3,0,2
2,327,3282638.8,3283793.8,12,0.0,3,0,2
1,46,3283877.0,3283959.5,8,0.0,3,0,1
2,334,3286963.0,3287045.5,8,0.0,3,0,1
1,267,3293136.8,3294291.8,12,0.0,3,0,2
2,398,3295435.8,3295477.0,7,0.0,3,0,1
1,238,3298637.0,3298678.2,7,0.0,3,0,1
2,5,3302228.5,3303383.5,12,0.0,3,0,2
1,9,3303452.8,3303597.0,9,0.0,3,0,1
2,56,3304773.0,3304855.5,8,0.0,3,0,1
1,231,3308532.2,3309687.2,12,0.0,3,0,2
2,356,3313038.5,3313182.8,9,0.0,3,0,1
2,369,3316369.0,3317524.0,12,0.0,3,0,2
1,274,3320660.0,3321815.0,12,0.0,3,0,2
1,128,3323763.2,3323845.8,8,0.0,3,0,1
2,72,3328319.5,3329474.5,12,0.0,3,0,2
1,322,3333369.8,3334525.0,12,0.0,3,0,2
1,265,3335910.0,3335951.2,7,0.0,3,0,1
1,91,3340601.0,3340642.2,7,0.0,3,0,1
2,97,3340650.5,3340691.8,7,0.0,3,0,1
2,102,3341960.2,3343115.2,12,0.0,3,0,2
1,360,3345204.0,3346359.2,12,0.0,3,0,2
1,262,3347522.2,3347604.8,8,0.0,3,0,1
2,228,3350544.8,3350586.0,7,0.0,3,0,1
2,120,3355421.8,3356576.8,12,0.0,3,0,2
1,81,3356954.0,3356995.2,7,0.0,3,0,1
1,133,3357987.2,3359142.2,12,0.0,3,0,2
1,59,3362524.0,3362668.2,9,0.0,3,0,1
1,238,3371222.5,3372377.5,12,0.0,3,0,2
2,49,3371558.0,3372713.2,12,0.0,3,0,2
2,301,3373490.0,3373531.2,7,0.0,3,0,1
1,255,3377237.2,3377381.5,9,0.0,3,0,1
2,184,3377695.5,3377778.0,8,0.0,3,0,1
1,132,3382909.5,3384064.5,12,0.0,3,0,2
2,299,3384716.2,3385871.2,12,0.0,3,0,2
2,244,3394062.0,3394144.5,8,0.0,3,0,1
1,394,3396085.5,3396168.0,8,0.0,3,0,1
2,269,3398582.2,3399737.2,12,0.0,3,0,2
1,383,3402676.2,3403831.2,12,0.0,3,0,2
1,277,3409477.2,3409559.8,8,0.0,3,0,1
2,77,3410783.2,3411938.2,12,0.0,3,0,2
1,215,3415014.5,3416169.5,12,0.0,3,0,2
1,106,3419067.2,3419211.5,9,0.0,3,0,1
2,202,3424858.5,3426013.5,12,0.0,3,0,2
2,220,3429497.8,3429539.0,7,0.0,3,0,1
1,134,3433448.0,3434603.0,12,0.0,3,0,2
2,359,3434119.0,3434160.2,7,0.0,3,0,1
1,363,3437844.8,3437886.0,7,0.0,3,0,1
2,83,3441822.8,3441864.0,7,0.0,3,0,1
2,165,3442762.8,3443917.8,12,0.0,3,0,2
1,140,3444114.8,3444156.0,7,0.0,3,0,1
1,169,3445530.2,3446685.2,12,0.0,3,0,2
2,133,3449282.0,3449570.8,10,0.0,3,0,1
1,281,3452521.8,3452563.0,7,0.0,3,0,1
1,102,3460730.8,3460772.0,7,0.0,3,0,1
2,145,3461611.2,3462766.2,12,0.0,3,0,2
1,310,3466886.8,3468041.8,12,0.0,3,0,2
1,191,3470520.0,3470664.2,9,0.0,3,0,1
2,144,3479575.2,3480730.2,12,0.0,3,0,2
1,335,3482676.2,3483831.2,12,0.0,3,0,2
2,401,3483726.8,3483768.0,7,0.0,3,0,1
1,391,3487012.0,3487053.2,7,0.0,3,0,1
2,35,3491401.0,3492556.2,12,0.0,3,0,2
2,402,3494014.2,3494055.5,7,0.0,3,0,1
1,78,3494517.8,3494559.0,7,0.0,3,0,1
1,307,3495793.5,3496948.5,12,0.0,3,0,2
2,259,3504661.8,3504744.5,8,0.0,3,0,1
1,17,3507412.5,3507557.0,9,0.0,3,0,1
2,44,3507497.2,3508652.2,12,0.0,3,0,2
1,343,3509157.0,3510312.0,12,0.0,3,0,2
2,234,3516464.2,3516608.8,9,0.0,3,0,1
1,379,3523246.2,3523328.8,8,0.0,3,0,1
2,76,3523386.5,3524541.5,12,0.0,3,0,2
1,367,3528819.2,3529974.2,12,0.0,3,0,2
2,13,3532980.0,3533062.5,8,0.0,3,0,1
1,140,3533999.5,3534040.8,7,0.0,3,0,1
2,20,3537058.2,3538213.5,12,0.0,3,0,2
1,363,3541054.2,3541095.5,7,0.0,3,0,1
2,148,3541850.0,3541994.5,9,0.0,3,0,1
1,169,3544244.0,3545399.0,12,0.0,3,0,2
1,348,3547087.5,3547231.8,9,0.0,3,0,1
2,367,3548804.2,3549959.2,12,0.0,3,0,2
1,72,3556879.0,3558034.0,12,0.0,3,0,2
2,401,3557649.0,3557690.2,7,0.0,3,0,1
2,50,3561170.5,3562325.5,12,0.0,3,0,2
2,41,3564459.0,3564500.2,7,0.0,3,0,1
1,121,3566921.8,3566963.0,7,0.0,3,0,1
1,127,3568694.5,3569849.5,12,0.0,3,0,2
2,157,3573343.2,3574498.2,12,0.0,3,0,2
1,90,3574990.0,3575031.2,7,0.0,3,0,1
1,273,3579977.2,3580018.5,7,0.0,3,0,1
2,164,3583536.2,3583577.5,7,0.0,3,0,1
2,51,3585023.5,3586178.5,12,0.0,3,0,2
1,382,3586058.0,3587213.2,12,0.0,3,0,2
1,163,3594895.8,3595184.5,10,0.0,3,0,1
2,384,3597844.5,3598133.2,10,0.0,3,0,1
1,213,3599017.8,3600172.8,12,0.0,3,0,2
2,103,3600382.5,3601537.5,12,0.0,3,0,2
senderId,receiverID, sendTime, receivedTime,SF,SNR,Ftype,Freq,RX
1,18,4358.3364,5513.4087,12,0.0,3,0,1,b
1,18,5358.3364,6513.4087,12,0.0,3,0,2,b
2,278,6216.203,7371.275,12,0.0,3,0,1,b
2,278,7216.203,8371.275,12,0.0,3,0,2,b
2,11,5129.564,5273.9478,9,0.0,3,0,1,b
2,11,6129.564,7284.6357,12,0.0,3,0,2,b
1,346,7191.592,8346.663,12,0.0,3,0,1,b
1,346,8191.5913,9346.663,12,0.0,3,0,2,b
2,293,5618.176,5700.608,8,0.0,3,0,1,b
2,293,6618.176,7773.2476,12,0.0,3,0,2,b
2,6,7910.9185,8055.3027,9,0.0,3,0,1,b
2,6,8910.918,10065.99,12,0.0,3,0,2,b
2,190,10956.924,11101.308,9,0.0,3,0,1,b
2,190,11956.924,13111.996,12,0.0,3,0,2,b
1,323,13088.505,14243.577,12,0.0,3,0,1,b
1,323,14088.505,15243.577,12,0.0,3,0,2,b
1,125,11654.297,11798.682,9,0.0,3,0,1,b
1,125,12654.297,13809.369,12,0.0,3,0,2,b
2,299,11958.516,12247.283,10,0.0,3,0,1,b
2,299,12958.516,14113.587,12,0.0,3,0,2,b
2,344,16743.38,17898.453,12,0.0,3,0,1,b
2,344,17743.38,18898.453,12,0.0,3,0,2,b
2,267,18730.732,19019.5,10,0.0,3,0,1,b
2,267,19730.732,20885.803,12,0.0,3,0,2,b
2,214,20010.44,20051.654,7,0.0,3,0,1,b
2,214,21010.44,22165.51,12,0.0,3,0,2,b
1,134,20552.268,20696.652,9,0.0,3,0,1,c
1,134,21552.268,22707.338,12,0.0,3,0,2,c
2,134,20552.268,20696.652,9,0.0,3,0,1,b
2,134,21552.268,22707.338,12,0.0,3,0,2,b
1,223,21173.912,21318.297,9,0.0,3,0,1,c
1,223,22173.912,23328.982,12,0.0,3,0,2,c
1,24,21958.26,22102.645,9,0.0,3,0,1,b
1,24,22958.26,24113.33,12,0.0,3,0,2,b
2,24,21958.26,22102.645,9,0.0,3,0,1,b
2,24,22958.26,24113.33,12,0.0,3,0,2,b
2,306,24792.852,24834.068,7,0.0,3,0,1,c
2,306,25792.852,26947.924,12,0.0,3,0,2,c
1,204,28615.15,28759.535,9,0.0,3,0,1,b
1,204,29615.15,30770.223,12,0.0,3,0,2,b
1,80,32530.975,33108.51,11,0.0,3,0,1,b
1,80,33530.977,34686.047,12,0.0,3,0,2,b
1,101,36707.195,36995.965,10,0.0,3,0,1,b
1,101,37707.195,38862.266,12,0.0,3,0,2,b
1,109,38818.47,39107.24,10,0.0,3,0,1,b
1,109,39818.47,40973.543,12,0.0,3,0,2,b
2,15,40339.242,41494.312,12,0.0,3,0,1,b
2,15,41339.242,42494.312,12,0.0,3,0,2,b
2,139,39328.902,39617.67,10,0.0,3,0,1,b
2,139,40328.902,41483.973,12,0.0,3,0,2,b
2,165,41320.586,41464.97,9,0.0,3,0,1,b
2,165,42320.586,43475.66,12,0.0,3,0,2,b
1,143,46738.594,47893.664,12,0.0,3,0,1,b
1,143,47738.594,48893.664,12,0.0,3,0,2,b
2,234,49017.17,49161.555,9,0.0,3,0,1,b
2,234,50017.17,51172.246,12,0.0,3,0,2,b
1,314,51479.555,52634.625,12,0.0,3,0,1,b
1,314,52479.555,53634.625,12,0.0,3,0,2,b
2,314,51479.555,52634.625,12,0.0,3,0,1,b
2,314,52479.555,53634.625,12,0.0,3,0,2,b
2,175,50701.992,50990.76,10,0.0,3,0,1,b
2,175,51701.992,52857.062,12,0.0,3,0,2,b
1,393,53673.586,54251.125,11,0.0,3,0,1,b
1,393,54673.586,55828.66,12,0.0,3,0,2,b
1,103,54313.96,54396.395,8,0.0,3,0,1,c
1,103,55313.96,56469.03,12,0.0,3,0,2,c
1,272,56274.1,57429.17,12,0.0,3,0,1,b
1,272,57274.1,58429.17,12,0.0,3,0,2,b
1,342,57176.65,57321.03,9,0.0,3,0,1,b
1,342,58176.65,59331.72,12,0.0,3,0,2,b
2,342,57176.65,57321.03,9,0.0,3,0,1,c
2,342,58176.65,59331.72,12,0.0,3,0,2,c
1,10,58898.277,60053.348,12,0.0,3,0,1,b
1,10,59898.277,61053.348,12,0.0,3,0,2,b
2,10,58898.277,60053.348,12,0.0,3,0,1,b
2,10,59898.277,61053.348,12,0.0,3,0,2,b
1,245,58772.746,59350.285,11,0.0,3,0,1,b
1,245,59772.746,60927.816,12,0.0,3,0,2,b
1,221,61015.3,62170.37,12,0.0,3,0,1,c
1,221,62015.3,63170.37,12,0.0,3,0,2,c
2,221,61015.3,62170.37,12,0.0,3,0,1,c
2,221,62015.3,63170.37,12,0.0,3,0,2,c
1,176,59793.863,60082.633,10,0.0,3,0,1,b
1,176,60793.863,61948.938,12,0.0,3,0,2,b
2,294,61246.875,61824.414,11,0.0,3,0,1,c
2,294,62246.875,63401.945,12,0.0,3,0,2,c
2,239,66027.95,67183.03,12,0.0,3,0,1,b
2,239,67027.95,68183.03,12,0.0,3,0,2,b
2,130,64643.027,64787.414,9,0.0,3,0,1,b
2,130,65643.03,66798.1,12,0.0,3,0,2,b
1,179,66248.45,66392.836,9,0.0,3,0,1,b
1,179,67248.45,68403.52,12,0.0,3,0,2,b
1,3,74044.805,75199.88,12,0.0,3,0,1,b
1,3,75044.805,76199.88,12,0.0,3,0,2,b
2,3,74044.805,75199.88,12,0.0,3,0,1,b
2,3,75044.805,76199.88,12,0.0,3,0,2,b
1,9,74161.625,74306.01,9,0.0,3,0,1,b
1,9,75161.625,76316.695,12,0.0,3,0,2,b
2,243,76138.15,77293.22,12,0.0,3,0,1,b
2,243,77138.15,78293.22,12,0.0,3,0,2,b
1,241,76788.09,77365.63,11,0.0,3,0,1,c
1,241,77788.09,78943.17,12,0.0,3,0,2,c
2,190,79201.77,79346.164,9,0.0,3,0,1,b
2,190,80201.77,81356.85,12,0.0,3,0,2,b
2,168,82607.22,82689.65,8,0.0,3,0,1,b
2,168,83607.22,84762.29,12,0.0,3,0,2,b
2,398,86064.44,86105.65,7,0.0,3,0,1,c
2,398,87064.44,88219.516,12,0.0,3,0,2,c
2,156,86928.5,87010.93,8,0.0,3,0,1,b
2,156,87928.5,89083.57,12,0.0,3,0,2,b
1,205,89538.97,90694.05,12,0.0,3,0,1,b
1,205,90538.97,91694.05,12,0.0,3,0,2,b
2,309,93567.45,94722.52,12,0.0,3,0,1,b
2,309,94567.45,95722.52,12,0.0,3,0,2,b
1,150,92205.9,92350.29,9,0.0,3,0,1,b
1,150,93205.9,94360.98,12,0.0,3,0,2,b
2,150,92205.9,92350.29,9,0.0,3,0,1,b
2,150,93205.9,94360.98,12,0.0,3,0,2,b
1,180,94709.23,94853.62,9,0.0,3,0,1,c
1,180,95709.23,96864.305,12,0.0,3,0,2,c
1,331,96443.195,97598.266,12,0.0,3,0,1,b
1,331,97443.195,98598.266,12,0.0,3,0,2,b
1,191,95786.945,95931.336,9,0.0,3,0,1,b
1,191,96786.945,97942.02,12,0.0,3,0,2,b
2,386,95824.85,95969.234,9,0.0,3,0,1,b
2,386,96824.85,97979.93,12,0.0,3,0,2,b
2,288,97016.46,97305.23,10,0.0,3,0,1,b
2,288,98016.46,99171.54,12,0.0,3,0,2,b
2,52,101100.49,101244.88,9,0.0,3,0,1,b
2,52,102100.49,103255.57,12,0.0,3,0,2,b
2,13,102975.484,103057.92,8,0.0,3,0,1,b
2,13,103975.484,105130.56,12,0.0,3,0,2,b
2,259,103622.52,103704.95,8,0.0,3,0,1,b
2,259,104622.52,105777.59,12,0.0,3,0,2,b
1,197,104469.32,104613.71,9,0.0,3,0,1,b
1,197,105469.32,106624.4,12,0.0,3,0,2,b
2,197,104469.32,104613.71,9,0.0,3,0,1,b
2,197,105469.32,106624.4,12,0.0,3,0,2,b
1,357,105605.03,105749.42,9,0.0,3,0,1,b
1,357,106605.03,107760.11,12,0.0,3,0,2,b
2,357,105605.03,105749.42,9,0.0,3,0,1,b
2,357,106605.03,107760.11,12,0.0,3,0,2,b
1,210,106601.85,107179.39,11,0.0,3,0,1,b
1,210,107601.85,108756.93,12,0.0,3,0,2,b
1,307,113594.555,114749.625,12,0.0,3,0,1,c
1,307,114594.555,115749.625,12,0.0,3,0,2,c
2,295,115589.58,116744.65,12,0.0,3,0,1,c
2,295,116589.58,117744.65,12,0.0,3,0,2,c
1,201,116873.64,118028.72,12,0.0,3,0,1,b
1,201,117873.64,119028.72,12,0.0,3,0,2,b
1,363,115596.24,115637.46,7,0.0,3,0,1,b
1,363,116596.24,117751.32,12,0.0,3,0,2,b
1,261,121804.44,122959.51,12,0.0,3,0,1,b
1,261,122804.44,123959.51,12,0.0,3,0,2,b
2,261,121804.44,122959.51,12,0.0,3,0,1,b
2,261,122804.44,123959.51,12,0.0,3,0,2,b
2,286,122327.38,122616.15,10,0.0,3,0,1,b
2,286,123327.38,124482.46,12,0.0,3,0,2,b
1,362,124703.19,124847.57,9,0.0,3,0,1,b
1,362,125703.19,126858.26,12,0.0,3,0,2,b
2,41,126692.37,126733.58,7,0.0,3,0,1,b
2,41,127692.37,128847.445,12,0.0,3,0,2,b
2,387,129111.086,130266.16,12,0.0,3,0,1,b
2,387,130111.086,131266.16,12,0.0,3,0,2,b
1,372,130049.56,131204.64,12,0.0,3,0,1,b
1,372,131049.56,132204.64,12,0.0,3,0,2,b
1,112,129301.24,129590.01,10,0.0,3,0,1,b
1,112,130301.24,131456.31,12,0.0,3,0,2,b
1,358,130645.34,130727.766,8,0.0,3,0,1,b
1,358,131645.34,132800.42,12,0.0,3,0,2,b
2,318,133253.5,133831.03,11,0.0,3,0,1,c
2,318,134253.5,135408.56,12,0.0,3,0,2,c
2,105,134407.16,134984.69,11,0.0,3,0,1,b
2,105,135407.16,136562.22,12,0.0,3,0,2,b
1,276,137372.73,138527.81,12,0.0,3,0,1,c
1,276,138372.73,139527.81,12,0.0,3,0,2,c
2,74,137901.55,138045.92,9,0.0,3,0,1,b
2,74,138901.55,140056.62,12,0.0,3,0,2,b
2,28,138402.22,138691.0,10,0.0,3,0,1,b
2,28,139402.22,140557.3,12,0.0,3,0,2,b
2,366,139760.22,140337.75,11,0.0,3,0,1,b
2,366,140760.22,141915.3,12,0.0,3,0,2,b
1,141,139112.77,139257.14,9,0.0,3,0,1,b
1,141,140112.77,141267.84,12,0.0,3,0,2,b
2,267,139330.39,139619.16,10,0.0,3,0,1,b
2,267,140330.39,141485.45,12,0.0,3,0,2,b
1,386,139450.3,139594.69,9,0.0,3,0,1,b
1,386,140450.3,141605.38,12,0.0,3,0,2,b
1,118,140843.86,140988.23,9,0.0,3,0,1,c
1,118,141843.86,142998.94,12,0.0,3,0,2,c
2,303,143190.25,143479.02,10,0.0,3,0,1,b
2,303,144190.25,145345.33,12,0.0,3,0,2,b
1,388,150416.22,150993.75,11,0.0,3,0,1,b
1,388,151416.22,152571.28,12,0.0,3,0,2,b
2,160,150563.39,150852.16,10,0.0,3,0,1,c
2,160,151563.39,152718.45,12,0.0,3,0,2,c
1,122,150644.31,150933.1,10,0.0,3,0,1,b
1,122,151644.31,152799.39,12,0.0,3,0,2,b
1,154,152255.6,153410.67,12,0.0,3,0,1,c
1,154,153255.6,154410.67,12,0.0,3,0,2,c
2,154,152255.6,153410.67,12,0.0,3,0,1,b
2,154,153255.6,154410.67,12,0.0,3,0,2,b
1,312,152887.92,152970.36,8,0.0,3,0,1,b
1,312,153887.92,155043.0,12,0.0,3,0,2,b
2,312,152887.92,152970.36,8,0.0,3,0,1,b
2,312,153887.92,155043.0,12,0.0,3,0,2,b
2,199,154245.72,154286.92,7,0.0,3,0,1,b
2,199,155245.72,156400.78,12,0.0,3,0,2,b
1,78,154787.28,154828.48,7,0.0,3,0,1,b
1,78,155787.28,156942.36,12,0.0,3,0,2,b
1,128,154989.75,155072.17,8,0.0,3,0,1,b
1,128,155989.75,157144.83,12,0.0,3,0,2,b
1,181,157073.69,158228.77,12,0.0,3,0,1,c
1,181,158073.69,159228.77,12,0.0,3,0,2,c
2,181,157073.69,158228.77,12,0.0,3,0,1,b
2,181,158073.69,159228.77,12,0.0,3,0,2,b
2,51,158398.05,159553.11,12,0.0,3,0,1,c
2,51,159398.05,160553.11,12,0.0,3,0,2,c
2,174,161208.25,162363.33,12,0.0,3,0,1,b
2,174,162208.25,163363.33,12,0.0,3,0,2,b
1,166,160525.05,161102.56,11,0.0,3,0,1,b
1,166,161525.05,162680.11,12,0.0,3,0,2,b
1,120,161394.12,162549.19,12,0.0,3,0,1,b
1,120,162394.12,163549.19,12,0.0,3,0,2,b
1,133,161512.3,161801.08,10,0.0,3,0,1,b
1,133,162512.3,163667.38,12,0.0,3,0,2,b
1,369,166305.83,166594.61,10,0.0,3,0,1,c
1,369,167305.83,168460.9,12,0.0,3,0,2,c
2,31,167877.4,167959.84,8,0.0,3,0,1,b
2,31,168877.4,170032.48,12,0.0,3,0,2,b
2,247,168245.7,168328.12,8,0.0,3,0,1,b
2,247,169245.7,170400.77,12,0.0,3,0,2,b
1,59,168711.62,168856.0,9,0.0,3,0,1,b
1,59,169711.62,170866.7,12,0.0,3,0,2,b
1,304,171628.27,171917.03,10,0.0,3,0,1,b
1,304,172628.27,173783.34,12,0.0,3,0,2,b
2,304,171628.27,171917.03,10,0.0,3,0,1,b
2,304,172628.27,173783.34,12,0.0,3,0,2,b
1,93,172722.48,173300.02,11,0.0,3,0,1,b
1,93,173722.48,174877.56,12,0.0,3,0,2,b
2,93,172722.48,173300.02,11,0.0,3,0,1,b
2,93,173722.48,174877.56,12,0.0,3,0,2,b
1,350,173678.16,174833.23,12,0.0,3,0,1,b
1,350,174678.16,175833.23,12,0.0,3,0,2,b
2,350,173678.16,174833.23,12,0.0,3,0,1,b
2,350,174678.16,175833.23,12,0.0,3,0,2,b
2,401,172308.03,172349.25,7,0.0,3,0,1,b
2,401,173308.03,174463.11,12,0.0,3,0,2,b
1,177,174221.84,174304.28,8,0.0,3,0,1,b
1,177,175221.84,176376.92,12,0.0,3,0,2,b
2,177,174221.84,174304.28,8,0.0,3,0,1,b
2,177,175221.84,176376.92,12,0.0,3,0,2,b
1,322,176859.88,178014.95,12,0.0,3,0,1,b
1,322,177859.88,179014.95,12,0.0,3,0,2,b
1,182,175576.78,175721.16,9,0.0,3,0,1,b
1,182,176576.78,177731.86,12,0.0,3,0,2,b
2,182,175576.78,175721.16,9,0.0,3,0,1,b
2,182,176576.78,177731.86,12,0.0,3,0,2,b
1,361,177883.1,178171.86,10,0.0,3,0,1,b
1,361,178883.1,180038.16,12,0.0,3,0,2,b
2,230,177993.39,178282.17,10,0.0,3,0,1,c
2,230,178993.39,180148.47,12,0.0,3,0,2,c
2,226,178145.12,178186.34,7,0.0,3,0,1,c
2,226,179145.12,180300.2,12,0.0,3,0,2,c
1,200,179586.16,179730.53,9,0.0,3,0,1,c
1,200,180586.16,181741.22,12,0.0,3,0,2,c
1,124,179953.28,180097.66,9,0.0,3,0,1,c
1,124,180953.28,182108.36,12,0.0,3,0,2,c
2,297,180232.33,180314.77,8,0.0,3,0,1,b
2,297,181232.33,182387.4,12,0.0,3,0,2,b
1,270,184191.92,185347.0,12,0.0,3,0,1,b
1,270,185191.92,186347.0,12,0.0,3,0,2,b
2,270,184191.92,185347.0,12,0.0,3,0,1,b
2,270,185191.92,186347.0,12,0.0,3,0,2,b
2,373,183277.1,183565.88,10,0.0,3,0,1,b
2,373,184277.1,185432.17,12,0.0,3,0,2,b
2,293,183562.97,183645.4,8,0.0,3,0,1,b
2,293,184562.97,185718.05,12,0.0,3,0,2,b
2,267,184591.17,184879.94,10,0.0,3,0,1,b
2,267,185591.17,186746.25,12,0.0,3,0,2,b
1,211,187934.7,189089.78,12,0.0,3,0,1,b
1,211,188934.7,190089.78,12,0.0,3,0,2,b
2,211,187934.7,189089.78,12,0.0,3,0,1,b
2,211,188934.7,190089.78,12,0.0,3,0,2,b
1,323,194131.7,195286.78,12,0.0,3,0,1,b
1,323,195131.7,196286.78,12,0.0,3,0,2,b
1,121,192428.48,192469.7,7,0.0,3,0,1,c
1,121,193428.48,194583.56,12,0.0,3,0,2,c
1,382,194275.7,194853.22,11,0.0,3,0,1,b
1,382,195275.7,196430.77,12,0.0,3,0,2,b
2,55,194958.0,195535.53,11,0.0,3,0,1,b
2,55,195958.0,197113.08,12,0.0,3,0,2,b
1,160,195824.19,196112.95,10,0.0,3,0,1,c
1,160,196824.19,197979.27,12,0.0,3,0,2,c
2,26,198092.17,199247.25,12,0.0,3,0,1,b
2,26,199092.17,200247.25,12,0.0,3,0,2,b
2,25,197147.64,197292.02,9,0.0,3,0,1,b
2,25,198147.64,199302.72,12,0.0,3,0,2,b
1,36,198802.4,199379.92,11,0.0,3,0,1,b
1,36,199802.4,200957.47,12,0.0,3,0,2,b
2,355,199660.17,200815.25,12,0.0,3,0,1,b
2,355,200660.17,201815.25,12,0.0,3,0,2,b
2,47,198892.36,199469.89,11,0.0,3,0,1,b
2,47,199892.36,201047.44,12,0.0,3,0,2,b
2,77,199111.4,199400.17,10,0.0,3,0,1,b
2,77,200111.4,201266.48,12,0.0,3,0,2,b
1,250,200592.23,201747.31,12,0.0,3,0,1,b
1,250,201592.23,202747.31,12,0.0,3,0,2,b
1,370,205409.94,206565.02,12,0.0,3,0,1,b
1,370,206409.94,207565.02,12,0.0,3,0,2,b
2,30,207119.47,207160.67,7,0.0,3,0,1,b
2,30,208119.47,209274.53,12,0.0,3,0,2,b
1,275,207568.86,207713.23,9,0.0,3,0,1,b
1,275,208568.86,209723.94,12,0.0,3,0,2,b
2,275,207568.86,207713.23,9,0.0,3,0,1,b
2,275,208568.86,209723.94,12,0.0,3,0,2,b
2,310,211428.06,212005.58,11,0.0,3,0,1,b
2,310,212428.06,213583.12,12,0.0,3,0,2,b
1,315,210981.1,211125.47,9,0.0,3,0,1,b
1,315,211981.1,213136.17,12,0.0,3,0,2,b
2,315,210981.1,211125.47,9,0.0,3,0,1,b
2,315,211981.1,213136.17,12,0.0,3,0,2,b
1,290,212592.8,212881.58,10,0.0,3,0,1,b
1,290,213592.8,214747.88,12,0.0,3,0,2,b
2,290,212592.8,212881.58,10,0.0,3,0,1,b
2,290,213592.8,214747.88,12,0.0,3,0,2,b
1,21,214154.48,215309.56,12,0.0,3,0,1,b
1,21,215154.48,216309.56,12,0.0,3,0,2,b
1,196,213278.9,213567.67,10,0.0,3,0,1,b
1,196,214278.9,215433.97,12,0.0,3,0,2,b
2,196,213278.9,213567.67,10,0.0,3,0,1,b
2,196,214278.9,215433.97,12,0.0,3,0,2,b
1,299,218862.11,219150.88,10,0.0,3,0,1,b
1,299,219862.11,221017.19,12,0.0,3,0,2,b
2,299,218862.11,219150.88,10,0.0,3,0,1,c
2,299,219862.11,221017.19,12,0.0,3,0,2,c
2,144,221020.19,222175.27,12,0.0,3,0,1,b
2,144,222020.19,223175.27,12,0.0,3,0,2,b
2,317,221994.28,222571.81,11,0.0,3,0,1,b
2,317,222994.28,224149.36,12,0.0,3,0,2,b
2,248,221351.0,221433.42,8,0.0,3,0,1,b
2,248,222351.0,223506.08,12,0.0,3,0,2,b
2,360,223299.08,223443.45,9,0.0,3,0,1,b
2,360,224299.08,225454.14,12,0.0,3,0,2,b
1,117,225042.11,225330.89,10,0.0,3,0,1,b
1,117,226042.11,227197.19,12,0.0,3,0,2,b
1,326,225140.62,225429.39,10,0.0,3,0,1,b
1,326,226140.62,227295.7,12,0.0,3,0,2,b
2,326,225140.62,225429.39,10,0.0,3,0,1,c
2,326,226140.62,227295.7,12,0.0,3,0,2,c
1,17,225006.69,225151.06,9,0.0,3,0,1,b
1,17,226006.69,227161.77,12,0.0,3,0,2,b
1,218,225600.72,225889.5,10,0.0,3,0,1,b
1,218,226600.72,227755.8,12,0.0,3,0,2,b
1,363,225604.72,225645.94,7,0.0,3,0,1,b
1,363,226604.72,227759.8,12,0.0,3,0,2,b
2,159,226324.67,226469.06,9,0.0,3,0,1,b
2,159,227324.67,228479.75,12,0.0,3,0,2,b
1,277,226397.81,226480.23,8,0.0,3,0,1,b
1,277,227397.81,228552.89,12,0.0,3,0,2,b
2,190,227425.62,227570.0,9,0.0,3,0,1,b
2,190,228425.62,229580.7,12,0.0,3,0,2,b
1,5,229134.8,230289.88,12,0.0,3,0,1,b
1,5,230134.8,231289.88,12,0.0,3,0,2,b
1,99,230333.86,230622.64,10,0.0,3,0,1,b
1,99,231333.86,232488.94,12,0.0,3,0,2,b
1,6,231150.69,231295.06,9,0.0,3,0,1,b
1,6,232150.69,233305.75,12,0.0,3,0,2,b
2,294,232966.73,233544.27,11,0.0,3,0,1,c
2,294,233966.73,235121.81,12,0.0,3,0,2,c
1,33,233202.53,233780.06,11,0.0,3,0,1,b
1,33,234202.53,235357.61,12,0.0,3,0,2,b
1,141,233252.62,233397.0,9,0.0,3,0,1,b
1,141,234252.62,235407.7,12,0.0,3,0,2,b
1,257,236017.53,237172.61,12,0.0,3,0,1,b
1,257,237017.53,238172.61,12,0.0,3,0,2,b
2,257,236017.53,237172.61,12,0.0,3,0,1,c
2,257,237017.53,238172.61,12,0.0,3,0,2,c
2,84,235033.6,235322.38,10,0.0,3,0,1,b
2,84,236033.6,237188.67,12,0.0,3,0,2,b
2,272,237317.3,238472.36,12,0.0,3,0,1,b
2,272,238317.3,239472.36,12,0.0,3,0,2,b
1,222,238295.12,239450.19,12,0.0,3,0,1,c
1,222,239295.12,240450.19,12,0.0,3,0,2,c
2,222,238295.12,239450.19,12,0.0,3,0,1,b
2,222,239295.12,240450.19,12,0.0,3,0,2,b
2,13,237687.14,237769.56,8,0.0,3,0,1,b
2,13,238687.14,239842.2,12,0.0,3,0,2,b
2,378,238597.33,239174.84,11,0.0,3,0,1,b
2,378,239597.33,240752.39,12,0.0,3,0,2,b
2,10,239941.47,241096.55,12,0.0,3,0,1,b
2,10,240941.47,242096.55,12,0.0,3,0,2,b
1,319,239423.03,239711.81,10,0.0,3,0,1,b
1,319,240423.03,241578.11,12,0.0,3,0,2,b
2,319,239423.03,239711.81,10,0.0,3,0,1,b
2,319,240423.03,241578.11,12,0.0,3,0,2,b
2,221,242058.48,243213.56,12,0.0,3,0,1,b
2,221,243058.48,244213.56,12,0.0,3,0,2,b
2,380,240949.7,241238.48,10,0.0,3,0,1,c
2,380,241949.7,243104.78,12,0.0,3,0,2,c
2,185,244393.27,245548.34,12,0.0,3,0,1,c
2,185,245393.27,246548.34,12,0.0,3,0,2,c
1,383,243110.39,243192.83,8,0.0,3,0,1,b
1,383,244110.39,245265.47,12,0.0,3,0,2,b
2,383,243110.39,243192.83,8,0.0,3,0,1,b
2,383,244110.39,245265.47,12,0.0,3,0,2,b
1,237,243316.84,243461.23,9,0.0,3,0,1,b
1,237,244316.84,245471.92,12,0.0,3,0,2,b
2,237,243316.84,243461.23,9,0.0,3,0,1,b
2,237,244316.84,245471.92,12,0.0,3,0,2,b
1,63,243295.52,243377.94,8,0.0,3,0,1,b
1,63,244295.52,245450.6,12,0.0,3,0,2,b
2,63,243295.52,243377.94,8,0.0,3,0,1,b
2,63,244295.52,245450.6,12,0.0,3,0,2,b
1,304,243898.6,244187.36,10,0.0,3,0,1,b
1,304,244898.6,246053.67,12,0.0,3,0,2,b
1,227,246237.4,246814.94,11,0.0,3,0,1,b
1,227,247237.4,248392.48,12,0.0,3,0,2,b
2,227,246237.4,246814.94,11,0.0,3,0,1,c
2,227,247237.4,248392.48,12,0.0,3,0,2,c
1,356,245997.72,246142.1,9,0.0,3,0,1,b
1,356,246997.72,248152.78,12,0.0,3,0,2,b
2,340,250491.64,250636.02,9,0.0,3,0,1,b
2,340,251491.64,252646.72,12,0.0,3,0,2,b
2,114,252549.62,253127.16,11,0.0,3,0,1,b
2,114,253549.62,254704.7,12,0.0,3,0,2,b
1,66,253649.08,254804.16,12,0.0,3,0,1,c
1,66,254649.08,255804.16,12,0.0,3,0,2,c
2,66,253649.08,254804.16,12,0.0,3,0,1,b
2,66,254649.08,255804.16,12,0.0,3,0,2,b
1,48,252962.67,253045.11,8,0.0,3,0,1,b
1,48,253962.67,255117.75,12,0.0,3,0,2,b
1,39,254026.81,254315.58,10,0.0,3,0,1,c
1,39,255026.81,256181.89,12,0.0,3,0,2,c
2,192,254398.64,254543.02,9,0.0,3,0,1,b
2,192,255398.64,256553.72,12,0.0,3,0,2,b
2,243,257181.33,258336.39,12,0.0,3,0,1,c
2,243,258181.33,259336.39,12,0.0,3,0,2,c
2,166,259238.61,259816.16,11,0.0,3,0,1,b
2,166,260238.61,261393.67,12,0.0,3,0,2,b
2,186,259184.3,259473.05,10,0.0,3,0,1,b
2,186,260184.3,261339.36,12,0.0,3,0,2,b
1,38,260643.8,261798.86,12,0.0,3,0,1,b
1,38,261643.8,262798.84,12,0.0,3,0,2,b
2,38,260643.8,261798.86,12,0.0,3,0,1,c
2,38,261643.8,262798.84,12,0.0,3,0,2,c
1,76,263113.34,263257.72,9,0.0,3,0,1,b
1,76,264113.34,265268.4,12,0.0,3,0,2,b
2,76,263113.34,263257.72,9,0.0,3,0,1,b
2,76,264113.34,265268.4,12,0.0,3,0,2,b
2,206,264003.6,264581.16,11,0.0,3,0,1,b
2,206,265003.6,266158.66,12,0.0,3,0,2,b
1,183,264146.84,264435.6,10,0.0,3,0,1,b
1,183,265146.84,266301.9,12,0.0,3,0,2,b
2,399,264257.34,264546.12,10,0.0,3,0,1,b
2,399,265257.34,266412.4,12,0.0,3,0,2,b
2,287,265643.44,265932.2,10,0.0,3,0,1,b
2,287,266643.44,267798.5,12,0.0,3,0,2,b
1,49,266183.03,266760.6,11,0.0,3,0,1,b
1,49,267183.03,268338.1,12,0.0,3,0,2,b
2,49,266183.03,266760.6,11,0.0,3,0,1,b
2,49,267183.03,268338.1,12,0.0,3,0,2,b
1,4,272501.06,273656.12,12,0.0,3,0,1,c
1,4,273501.06,274656.12,12,0.0,3,0,2,c
2,151,272197.8,272486.56,10,0.0,3,0,1,b
2,151,273197.8,274352.88,12,0.0,3,0,2,b
2,65,272042.75,272187.12,9,0.0,3,0,1,b
2,65,273042.75,274197.8,12,0.0,3,0,2,b
2,189,274827.0,275982.06,12,0.0,3,0,1,c
2,189,275827.0,276982.06,12,0.0,3,0,2,c
1,9,274811.0,274955.38,9,0.0,3,0,1,b
1,9,275811.0,276966.06,12,0.0,3,0,2,b
1,376,276537.25,277114.8,11,0.0,3,0,1,b
1,376,277537.25,278692.3,12,0.0,3,0,2,b
2,376,276537.25,277114.8,11,0.0,3,0,1,b
2,376,277537.25,278692.3,12,0.0,3,0,2,b
1,122,276214.3,276503.1,10,0.0,3,0,1,b
1,122,277214.3,278369.38,12,0.0,3,0,2,b
1,392,277583.8,277872.56,10,0.0,3,0,1,b
1,392,278583.8,279738.88,12,0.0,3,0,2,b
2,392,277583.8,277872.56,10,0.0,3,0,1,b
2,392,278583.8,279738.88,12,0.0,3,0,2,b
1,231,279659.0,280814.06,12,0.0,3,0,1,b
1,231,280659.0,281814.06,12,0.0,3,0,2,b
2,16,279859.6,281014.66,12,0.0,3,0,1,b
2,16,280859.6,282014.66,12,0.0,3,0,2,b
1,135,281444.34,282599.4,12,0.0,3,0,1,b
1,135,282444.34,283599.4,12,0.0,3,0,2,b
1,143,285258.12,286413.2,12,0.0,3,0,1,b
1,143,286258.12,287413.2,12,0.0,3,0,2,b
2,143,285258.12,286413.2,12,0.0,3,0,1,c
2,143,286258.12,287413.2,12,0.0,3,0,2,c
2,61,286851.56,286995.94,9,0.0,3,0,1,c
2,61,287851.56,289006.62,12,0.0,3,0,2,c
2,145,287983.4,288560.94,11,0.0,3,0,1,b
2,145,288983.4,290138.47,12,0.0,3,0,2,b
1,368,289975.2,291130.25,12,0.0,3,0,1,b
1,368,290975.2,292130.25,12,0.0,3,0,2,b
1,282,291640.2,291784.56,9,0.0,3,0,1,b
1,282,292640.2,293795.25,12,0.0,3,0,2,b
2,307,294637.75,295792.8,12,0.0,3,0,1,b
2,307,295637.75,296792.8,12,0.0,3,0,2,b
1,394,294439.22,294521.62,8,0.0,3,0,1,b
1,394,295439.22,296594.28,12,0.0,3,0,2,b
2,394,294439.22,294521.62,8,0.0,3,0,1,b
2,394,295439.22,296594.28,12,0.0,3,0,2,b
1,34,297447.47,297591.84,9,0.0,3,0,1,b
1,34,298447.47,299602.53,12,0.0,3,0,2,b
1,308,300871.66,301160.4,10,0.0,3,0,1,b
1,308,301871.66,303026.7,12,0.0,3,0,2,b
1,70,301046.66,301087.88,7,0.0,3,0,1,b
1,70,302046.66,303201.72,12,0.0,3,0,2,b
1,261,302847.62,304002.7,12,0.0,3,0,1,b
1,261,303847.62,305002.7,12,0.0,3,0,2,b
2,261,302847.62,304002.7,12,0.0,3,0,1,b
2,261,303847.62,305002.7,12,0.0,3,0,2,b
2,179,302107.66,302252.03,9,0.0,3,0,1,b
2,179,303107.66,304262.72,12,0.0,3,0,2,b
1,356,302489.72,302634.1,9,0.0,3,0,1,b
1,356,303489.72,304644.78,12,0.0,3,0,2,b
2,356,302489.72,302634.1,9,0.0,3,0,1,b
2,356,303489.72,304644.78,12,0.0,3,0,2,b
2,292,303830.53,304408.1,11,0.0,3,0,1,b
2,292,304830.53,305985.6,12,0.0,3,0,2,b
2,364,307506.4,308661.47,12,0.0,3,0,1,b
2,364,308506.4,309661.47,12,0.0,3,0,2,b
2,384,308025.47,308314.25,10,0.0,3,0,1,b
2,384,309025.47,310180.53,12,0.0,3,0,2,b
1,258,309399.3,310554.38,12,0.0,3,0,1,c
1,258,310399.3,311554.38,12,0.0,3,0,2,c
2,343,309571.44,310726.5,12,0.0,3,0,1,b
2,343,310571.44,311726.5,12,0.0,3,0,2,b
2,68,308277.0,308421.38,9,0.0,3,0,1,b
2,68,309277.0,310432.06,12,0.0,3,0,2,b
2,18,310180.62,311335.7,12,0.0,3,0,1,b
2,18,311180.62,312335.7,12,0.0,3,0,2,b
2,97,308622.53,308663.75,7,0.0,3,0,1,b
2,97,309622.53,310777.6,12,0.0,3,0,2,b
1,255,309129.88,309274.25,9,0.0,3,0,1,c
1,255,310129.88,311284.94,12,0.0,3,0,2,c
2,310,310141.62,310719.2,11,0.0,3,0,1,b
2,310,311141.62,312296.7,12,0.0,3,0,2,b
1,372,311092.75,312247.8,12,0.0,3,0,1,b
1,372,312092.75,313247.8,12,0.0,3,0,2,b
1,369,310051.78,310340.53,10,0.0,3,0,1,b
1,369,311051.78,312206.84,12,0.0,3,0,2,b
2,369,310051.78,310340.53,10,0.0,3,0,1,b
2,369,311051.78,312206.84,12,0.0,3,0,2,b
1,149,310400.53,310689.3,10,0.0,3,0,1,b
1,149,311400.53,312555.6,12,0.0,3,0,2,b
2,137,311913.3,313068.38,12,0.0,3,0,1,b
2,137,312913.3,314068.38,12,0.0,3,0,2,b
1,188,310874.2,310915.4,7,0.0,3,0,1,b
1,188,311874.2,313029.25,12,0.0,3,0,2,b
1,153,311044.7,311127.1,8,0.0,3,0,1,b
1,153,312044.7,313199.75,12,0.0,3,0,2,b
2,153,311044.7,311127.1,8,0.0,3,0,1,b
2,153,312044.7,313199.75,12,0.0,3,0,2,b
1,9,312747.66,312892.03,9,0.0,3,0,1,b
1,9,313747.66,314902.72,12,0.0,3,0,2,b
1,27,314531.1,315686.16,12,0.0,3,0,1,b
1,27,315531.1,316686.16,12,0.0,3,0,2,b
2,27,314531.1,315686.16,12,0.0,3,0,1,b
2,27,315531.1,316686.16,12,0.0,3,0,2,b
1,111,315196.1,316351.16,12,0.0,3,0,1,b
1,111,316196.1,317351.16,12,0.0,3,0,2,b
2,228,314408.1,314449.3,7,0.0,3,0,1,b
2,228,315408.1,316563.16,12,0.0,3,0,2,b
1,46,314794.72,314877.12,8,0.0,3,0,1,b
1,46,315794.72,316949.78,12,0.0,3,0,2,b
1,86,316067.06,316211.47,9,0.0,3,0,1,b
1,86,317067.06,318222.12,12,0.0,3,0,2,b
2,86,316067.06,316211.47,9,0.0,3,0,1,b
2,86,317067.06,318222.12,12,0.0,3,0,2,b
2,280,317815.8,318970.88,12,0.0,3,0,1,c
2,280,318815.8,319970.88,12,0.0,3,0,2,c
2,282,316318.6,316462.97,9,0.0,3,0,1,b
2,282,317318.6,318473.66,12,0.0,3,0,2,b
1,146,318325.12,319480.2,12,0.0,3,0,1,b
1,146,319325.12,320480.2,12,0.0,3,0,2,b
2,119,316665.25,316706.47,7,0.0,3,0,1,b
2,119,317665.25,318820.3,12,0.0,3,0,2,b
1,336,319397.3,320552.38,12,0.0,3,0,1,b
1,336,320397.3,321552.38,12,0.0,3,0,2,b
2,336,319397.3,320552.38,12,0.0,3,0,1,b
2,336,320397.3,321552.38,12,0.0,3,0,2,b
2,37,319065.12,319106.34,7,0.0,3,0,1,b
2,37,320065.12,321220.2,12,0.0,3,0,2,b
2,335,322182.53,323337.6,12,0.0,3,0,1,c
2,335,323182.53,324337.6,12,0.0,3,0,2,c
1,224,322193.9,322235.12,7,0.0,3,0,1,c
1,224,323193.9,324348.97,12,0.0,3,0,2,c
2,392,322844.6,323133.38,10,0.0,3,0,1,b
2,392,323844.6,324999.66,12,0.0,3,0,2,b
1,389,323330.5,323474.88,9,0.0,3,0,1,b
1,389,324330.5,325485.56,12,0.0,3,0,2,b
2,389,323330.5,323474.88,9,0.0,3,0,1,b
2,389,324330.5,325485.56,12,0.0,3,0,2,b
1,209,327866.94,328011.3,9,0.0,3,0,1,b
1,209,328866.94,330022.0,12,0.0,3,0,2,b
2,209,327866.94,328011.3,9,0.0,3,0,1,b
2,209,328866.94,330022.0,12,0.0,3,0,2,b
1,67,328491.22,328779.97,10,0.0,3,0,1,c
1,67,329491.22,330646.28,12,0.0,3,0,2,c
1,337,328286.4,328368.84,8,0.0,3,0,1,b
1,337,329286.4,330441.47,12,0.0,3,0,2,b
1,300,328811.62,328894.03,8,0.0,3,0,1,b
1,300,329811.62,330966.7,12,0.0,3,0,2,b
1,154,333298.8,334453.84,12,0.0,3,0,1,c
1,154,334298.8,335453.84,12,0.0,3,0,2,c
2,154,333298.8,334453.84,12,0.0,3,0,1,c
2,154,334298.8,335453.84,12,0.0,3,0,2,c
1,377,335363.03,336518.1,12,0.0,3,0,1,b
1,377,336363.03,337518.1,12,0.0,3,0,2,b
2,377,335363.03,336518.1,12,0.0,3,0,1,b
2,377,336363.03,337518.1,12,0.0,3,0,2,b
1,345,333742.88,333784.12,7,0.0,3,0,1,b
1,345,334742.88,335897.94,12,0.0,3,0,2,b
1,163,335218.25,335507.03,10,0.0,3,0,1,b
1,163,336218.25,337373.3,12,0.0,3,0,2,b
2,115,335494.78,335783.53,10,0.0,3,0,1,b
2,115,336494.78,337649.84,12,0.0,3,0,2,b
2,32,335386.8,335469.25,8,0.0,3,0,1,b
2,32,336386.8,337541.88,12,0.0,3,0,2,b
1,246,336081.97,336370.72,10,0.0,3,0,1,b
1,246,337081.97,338237.03,12,0.0,3,0,2,b
2,246,336081.97,336370.72,10,0.0,3,0,1,b
2,246,337081.97,338237.03,12,0.0,3,0,2,b
1,378,337310.9,337888.47,11,0.0,3,0,1,b
1,378,338310.9,339465.97,12,0.0,3,0,2,b
2,378,337310.9,337888.47,11,0.0,3,0,1,b
2,378,338310.9,339465.97,12,0.0,3,0,2,b
2,73,336693.44,336734.7,7,0.0,3,0,1,b
2,73,337693.44,338848.5,12,0.0,3,0,2,b
1,46,337403.3,337485.75,8,0.0,3,0,1,b
1,46,338403.3,339558.38,12,0.0,3,0,2,b
2,173,337692.38,337836.75,9,0.0,3,0,1,b
2,173,338692.38,339847.44,12,0.0,3,0,2,b
2,116,337646.78,337688.03,7,0.0,3,0,1,b
2,116,338646.78,339801.84,12,0.0,3,0,2,b
1,51,339441.22,340596.28,12,0.0,3,0,1,b
1,51,340441.22,341596.28,12,0.0,3,0,2,b
2,51,339441.22,340596.28,12,0.0,3,0,1,c
2,51,340441.22,341596.28,12,0.0,3,0,2,c
1,82,340464.22,341619.28,12,0.0,3,0,1,b
1,82,341464.22,342619.28,12,0.0,3,0,2,b
2,82,340464.22,341619.28,12,0.0,3,0,1,b
2,82,341464.22,342619.28,12,0.0,3,0,2,b
1,281,340303.22,340344.44,7,0.0,3,0,1,b
1,281,341303.22,342458.28,12,0.0,3,0,2,b
2,174,342251.44,343406.5,12,0.0,3,0,1,b
2,174,343251.44,344406.5,12,0.0,3,0,2,b
1,120,342437.3,343592.38,12,0.0,3,0,1,c
1,120,343437.3,344592.38,12,0.0,3,0,2,c
2,347,341227.94,341372.3,9,0.0,3,0,1,b
2,347,342227.94,343383.0,12,0.0,3,0,2,b
2,60,341395.62,341478.06,8,0.0,3,0,1,b
2,60,342395.62,343550.7,12,0.0,3,0,2,b
1,223,341685.56,341829.97,9,0.0,3,0,1,b
1,223,342685.56,343840.62,12,0.0,3,0,2,b
1,208,341992.97,342281.75,10,0.0,3,0,1,b
1,208,342992.97,344148.03,12,0.0,3,0,2,b
2,208,341992.97,342281.75,10,0.0,3,0,1,c
2,208,342992.97,344148.03,12,0.0,3,0,2,c
1,195,344202.7,345357.75,12,0.0,3,0,1,c
1,195,345202.7,346357.75,12,0.0,3,0,2,c
2,195,344202.7,345357.75,12,0.0,3,0,1,b
2,195,345202.7,346357.75,12,0.0,3,0,2,b
1,127,345014.97,346170.03,12,0.0,3,0,1,c
1,127,346014.97,347170.03,12,0.0,3,0,2,c
2,155,345734.4,346311.94,11,0.0,3,0,1,b
2,155,346734.4,347889.47,12,0.0,3,0,2,b
2,375,347003.9,348158.97,12,0.0,3,0,1,b
2,375,348003.9,349158.97,12,0.0,3,0,2,b
2,106,346678.5,346822.88,9,0.0,3,0,1,b
2,106,347678.5,348833.56,12,0.0,3,0,2,b
1,240,354845.78,356000.84,12,0.0,3,0,1,b
1,240,355845.78,357000.84,12,0.0,3,0,2,b
1,157,354289.6,354433.97,9,0.0,3,0,1,b
1,157,355289.6,356444.66,12,0.0,3,0,2,b
2,157,354289.6,354433.97,9,0.0,3,0,1,c
2,157,355289.6,356444.66,12,0.0,3,0,2,c
2,184,355027.8,355110.22,8,0.0,3,0,1,b
2,184,356027.8,357182.88,12,0.0,3,0,2,b
2,294,356016.16,356593.7,11,0.0,3,0,1,b
2,294,357016.16,358171.22,12,0.0,3,0,2,b
1,266,356498.56,357076.12,11,0.0,3,0,1,b
1,266,357498.56,358653.62,12,0.0,3,0,2,b
1,42,358164.3,359319.38,12,0.0,3,0,1,c
1,42,359164.3,360319.38,12,0.0,3,0,2,c
2,42,358164.3,359319.38,12,0.0,3,0,1,b
2,42,359164.3,360319.38,12,0.0,3,0,2,b
2,291,356752.16,356834.6,8,0.0,3,0,1,b
2,291,357752.16,358907.22,12,0.0,3,0,2,b
1,68,358431.66,358576.06,9,0.0,3,0,1,b
1,68,359431.66,360586.72,12,0.0,3,0,2,b
2,68,358431.66,358576.06,9,0.0,3,0,1,b
2,68,359431.66,360586.72,12,0.0,3,0,2,b
1,147,361154.6,362309.66,12,0.0,3,0,1,b
1,147,362154.6,363309.66,12,0.0,3,0,2,b
2,147,361154.6,362309.66,12,0.0,3,0,1,b
2,147,362154.6,363309.66,12,0.0,3,0,2,b
2,19,360037.22,360326.0,10,0.0,3,0,1,b
2,19,361037.22,362192.28,12,0.0,3,0,2,b
1,126,360599.47,360681.88,8,0.0,3,0,1,b
1,126,361599.47,362754.53,12,0.0,3,0,2,b
2,14,362795.94,363951.0,12,0.0,3,0,1,b
2,14,363795.94,364951.0,12,0.0,3,0,2,b
2,193,362888.6,364043.62,12,0.0,3,0,1,b
2,193,363888.6,365043.62,12,0.0,3,0,2,b
1,270,365235.1,366390.16,12,0.0,3,0,1,b
1,270,366235.1,367390.16,12,0.0,3,0,2,b
2,270,365235.1,366390.16,12,0.0,3,0,1,c
2,270,366235.1,367390.16,12,0.0,3,0,2,c
1,278,368302.6,369457.66,12,0.0,3,0,1,b
1,278,369302.6,370457.66,12,0.0,3,0,2,b
2,211,368977.9,370132.97,12,0.0,3,0,1,c
2,211,369977.9,371132.97,12,0.0,3,0,2,c
1,241,369747.03,370324.6,11,0.0,3,0,1,b
1,241,370747.03,371902.1,12,0.0,3,0,2,b
1,309,374851.78,376006.84,12,0.0,3,0,1,b
1,309,375851.78,377006.84,12,0.0,3,0,2,b
2,309,374851.78,376006.84,12,0.0,3,0,1,b
2,309,375851.78,377006.84,12,0.0,3,0,2,b
2,55,374473.5,375051.06,11,0.0,3,0,1,b
2,55,375473.5,376628.56,12,0.0,3,0,2,b
1,344,378829.78,379984.84,12,0.0,3,0,1,c
1,344,379829.78,380984.84,12,0.0,3,0,2,c
2,344,378829.78,379984.84,12,0.0,3,0,1,b
2,344,379829.78,380984.84,12,0.0,3,0,2,b
2,119,379502.16,379543.4,7,0.0,3,0,1,b
2,119,380502.16,381657.22,12,0.0,3,0,2,b
1,289,381132.44,381710.0,11,0.0,3,0,1,b
1,289,382132.44,383287.5,12,0.0,3,0,2,b
2,289,381132.44,381710.0,11,0.0,3,0,1,c
2,289,382132.44,383287.5,12,0.0,3,0,2,c
2,115,380755.56,381044.3,10,0.0,3,0,1,c
2,115,381755.56,382910.62,12,0.0,3,0,2,c
1,71,383721.1,384876.16,12,0.0,3,0,1,c
1,71,384721.1,385876.16,12,0.0,3,0,2,c
2,308,385009.56,385298.3,10,0.0,3,0,1,b
2,308,386009.56,387164.62,12,0.0,3,0,2,b
1,91,385856.47,385897.72,7,0.0,3,0,1,b
1,91,386856.47,388011.53,12,0.0,3,0,2,b
1,284,386439.38,386728.12,10,0.0,3,0,1,b
1,284,387439.38,388594.4,12,0.0,3,0,2,b
2,284,386439.38,386728.12,10,0.0,3,0,1,b
2,284,387439.38,388594.4,12,0.0,3,0,2,b
2,248,386922.22,387004.62,8,0.0,3,0,1,b
2,248,387922.22,389077.28,12,0.0,3,0,2,b
2,213,388517.16,388661.53,9,0.0,3,0,1,b
2,213,389517.16,390672.22,12,0.0,3,0,2,b
1,76,389688.28,389832.7,9,0.0,3,0,1,b
1,76,390688.28,391843.34,12,0.0,3,0,2,b
2,76,389688.28,389832.7,9,0.0,3,0,1,b
2,76,390688.28,391843.34,12,0.0,3,0,2,b
1,49,399479.03,400056.6,11,0.0,3,0,1,c
1,49,400479.03,401634.1,12,0.0,3,0,2,c
2,49,399479.03,400056.6,11,0.0,3,0,1,b
2,49,400479.03,401634.1,12,0.0,3,0,2,b
1,52,400355.72,400500.1,9,0.0,3,0,1,b
1,52,401355.72,402510.78,12,0.0,3,0,2,b
2,52,400355.72,400500.1,9,0.0,3,0,1,b
2,52,401355.72,402510.78,12,0.0,3,0,2,b
1,313,401258.12,401835.66,11,0.0,3,0,1,b
1,313,402258.12,403413.2,12,0.0,3,0,2,b
2,374,400831.0,401119.75,10,0.0,3,0,1,b
2,374,401831.0,402986.06,12,0.0,3,0,2,b
2,15,402425.62,403580.7,12,0.0,3,0,1,b
2,15,403425.62,404580.7,12,0.0,3,0,2,b
1,153,401670.78,401753.22,8,0.0,3,0,1,b
1,153,402670.78,403825.84,12,0.0,3,0,2,b
2,153,401670.78,401753.22,8,0.0,3,0,1,b
2,153,402670.78,403825.84,12,0.0,3,0,2,b
1,72,402876.44,403165.2,10,0.0,3,0,1,c
1,72,403876.44,405031.5,12,0.0,3,0,2,c
1,229,408754.7,409909.75,12,0.0,3,0,1,b
1,229,409754.7,410909.75,12,0.0,3,0,2,b
2,229,408754.7,409909.75,12,0.0,3,0,1,b
2,229,409754.7,410909.75,12,0.0,3,0,2,b
1,158,410556.53,410638.94,8,0.0,3,0,1,b
1,158,411556.53,412711.6,12,0.0,3,0,2,b
1,114,413107.53,413685.1,11,0.0,3,0,1,b
1,114,414107.53,415262.6,12,0.0,3,0,2,b
2,114,413107.53,413685.1,11,0.0,3,0,1,b
2,114,414107.53,415262.6,12,0.0,3,0,2,b
1,399,414643.4,414932.16,10,0.0,3,0,1,b
1,399,415643.4,416798.47,12,0.0,3,0,2,b
1,190,414990.9,415135.28,9,0.0,3,0,1,b
1,190,415990.9,417145.97,12,0.0,3,0,2,b
2,190,414990.9,415135.28,9,0.0,3,0,1,b
2,190,415990.9,417145.97,12,0.0,3,0,2,b
1,272,418360.5,419515.56,12,0.0,3,0,1,b
1,272,419360.5,420515.56,12,0.0,3,0,2,b
2,167,419663.03,419704.25,7,0.0,3,0,1,c
2,167,420663.03,421818.1,12,0.0,3,0,2,c
2,296,420034.75,420076.0,7,0.0,3,0,1,c
2,296,421034.75,422189.8,12,0.0,3,0,2,c
2,139,426660.28,426949.03,10,0.0,3,0,1,b
2,139,427660.28,428815.34,12,0.0,3,0,2,b
2,11,428687.44,428831.8,9,0.0,3,0,1,b
2,11,429687.44,430842.5,12,0.0,3,0,2,b
2,285,430517.88,430662.25,9,0.0,3,0,1,c
2,285,431517.88,432672.94,12,0.0,3,0,2,c
2,172,434093.53,435248.6,12,0.0,3,0,1,b
2,172,435093.53,436248.6,12,0.0,3,0,2,b
2,378,436024.5,436602.06,11,0.0,3,0,1,b
2,378,437024.5,438179.56,12,0.0,3,0,2,b
2,67,439759.7,440048.44,10,0.0,3,0,1,b
2,67,440759.7,441914.72,12,0.0,3,0,2,b
1,38,441686.97,442842.03,12,0.0,3,0,1,b
1,38,442686.97,443842.03,12,0.0,3,0,2,b
2,38,441686.97,442842.03,12,0.0,3,0,1,b
2,38,442686.97,443842.03,12,0.0,3,0,2,b
1,153,442705.56,442788.0,8,0.0,3,0,1,b
1,153,443705.56,444860.62,12,0.0,3,0,2,b
1,252,448090.4,448667.94,11,0.0,3,0,1,c
1,252,449090.4,450245.44,12,0.0,3,0,2,c
2,252,448090.4,448667.94,11,0.0,3,0,1,b
2,252,449090.4,450245.44,12,0.0,3,0,2,b
2,248,450573.44,450655.84,8,0.0,3,0,1,b
2,248,451573.44,452728.5,12,0.0,3,0,2,b
2,389,451032.34,451176.72,9,0.0,3,0,1,b
2,389,452032.34,453187.4,12,0.0,3,0,2,b
1,4,453544.25,454699.3,12,0.0,3,0,1,c
1,4,454544.25,455699.3,12,0.0,3,0,2,c
2,299,453851.34,454140.1,10,0.0,3,0,1,b
2,299,454851.34,456006.4,12,0.0,3,0,2,b
1,345,453611.78,453653.0,7,0.0,3,0,1,c
1,345,454611.78,455766.84,12,0.0,3,0,2,c
1,266,455212.16,455789.72,11,0.0,3,0,1,b
1,266,456212.16,457367.22,12,0.0,3,0,2,b
2,150,458805.2,458949.56,9,0.0,3,0,1,b
2,150,459805.2,460960.25,12,0.0,3,0,2,b
1,66,460383.16,461538.22,12,0.0,3,0,1,b
1,66,461383.16,462538.22,12,0.0,3,0,2,b
2,66,460383.16,461538.22,12,0.0,3,0,1,c
2,66,461383.16,462538.22,12,0.0,3,0,2,c
1,308,460967.06,461255.84,10,0.0,3,0,1,b
1,308,461967.06,463122.12,12,0.0,3,0,2,b
1,135,462487.56,463642.6,12,0.0,3,0,1,b
1,135,463487.56,464642.6,12,0.0,3,0,2,b
1,304,462477.06,462765.8,10,0.0,3,0,1,b
1,304,463477.06,464632.12,12,0.0,3,0,2,b
1,99,464231.06,464519.8,10,0.0,3,0,1,c
1,99,465231.06,466386.1,12,0.0,3,0,2,c
2,99,464231.06,464519.8,10,0.0,3,0,1,b
2,99,465231.06,466386.1,12,0.0,3,0,2,b
1,143,466301.34,467456.38,12,0.0,3,0,1,b
1,143,467301.34,468456.38,12,0.0,3,0,2,b
1,381,465380.94,465422.2,7,0.0,3,0,1,c
1,381,466380.94,467536.0,12,0.0,3,0,2,c
2,368,471018.38,472173.44,12,0.0,3,0,1,b
2,368,472018.38,473173.44,12,0.0,3,0,2,b
1,382,477201.28,477778.84,11,0.0,3,0,1,c
1,382,478201.28,479356.34,12,0.0,3,0,2,c
2,382,477201.28,477778.84,11,0.0,3,0,1,b
2,382,478201.28,479356.34,12,0.0,3,0,2,b
2,83,478631.1,478672.34,7,0.0,3,0,1,b
2,83,479631.1,480786.16,12,0.0,3,0,2,b
2,138,482573.25,482655.66,8,0.0,3,0,1,b
2,138,483573.25,484728.3,12,0.0,3,0,2,b
1,227,484164.72,484742.28,11,0.0,3,0,1,b
1,227,485164.72,486319.78,12,0.0,3,0,2,b
1,218,487886.44,488175.2,10,0.0,3,0,1,b
1,218,488886.44,490041.5,12,0.0,3,0,2,b
2,218,487886.44,488175.2,10,0.0,3,0,1,b
2,218,488886.44,490041.5,12,0.0,3,0,2,b
1,118,488656.7,488801.06,9,0.0,3,0,1,b
1,118,489656.7,490811.75,12,0.0,3,0,2,b
2,258,490442.53,491597.6,12,0.0,3,0,1,b
2,258,491442.53,492597.6,12,0.0,3,0,2,b
2,169,491092.78,491670.3,11,0.0,3,0,1,b
2,169,492092.78,493247.84,12,0.0,3,0,2,b
2,136,492209.56,492353.94,9,0.0,3,0,1,b
2,136,493209.56,494364.62,12,0.0,3,0,2,b
2,47,494094.38,494671.9,11,0.0,3,0,1,b
2,47,495094.38,496249.4,12,0.0,3,0,2,b
2,48,493989.25,494071.7,8,0.0,3,0,1,b
2,48,494989.25,496144.3,12,0.0,3,0,2,b
1,116,494034.16,494075.38,7,0.0,3,0,1,b
1,116,495034.16,496189.22,12,0.0,3,0,2,b
2,116,494034.16,494075.38,7,0.0,3,0,1,b
2,116,495034.16,496189.22,12,0.0,3,0,2,b
1,49,498192.62,498770.2,11,0.0,3,0,1,b
1,49,499192.62,500347.7,12,0.0,3,0,2,b
2,49,498192.62,498770.2,11,0.0,3,0,1,b
2,49,499192.62,500347.7,12,0.0,3,0,2,b
1,26,499581.7,500736.75,12,0.0,3,0,1,b
1,26,500581.7,501736.75,12,0.0,3,0,2,b
2,26,499581.7,500736.75,12,0.0,3,0,1,b
2,26,500581.7,501736.75,12,0.0,3,0,2,b
2,130,498055.38,498199.78,9,0.0,3,0,1,b
2,130,499055.38,500210.44,12,0.0,3,0,2,b
1,363,499243.16,499284.4,7,0.0,3,0,1,b
1,363,500243.16,501398.22,12,0.0,3,0,2,b
2,255,500944.38,501088.75,9,0.0,3,0,1,b
2,255,501944.38,503099.44,12,0.0,3,0,2,b
1,101,501449.25,501738.0,10,0.0,3,0,1,b
1,101,502449.25,503604.3,12,0.0,3,0,2,b
2,384,503446.6,503735.34,10,0.0,3,0,1,b
2,384,504446.6,505601.66,12,0.0,3,0,2,b
1,323,505110.25,506265.3,12,0.0,3,0,1,c
1,323,506110.25,507265.3,12,0.0,3,0,2,c
2,323,505110.25,506265.3,12,0.0,3,0,1,b
2,323,506110.25,507265.3,12,0.0,3,0,2,b
1,219,508567.75,509722.8,12,0.0,3,0,1,b
1,219,509567.75,510722.8,12,0.0,3,0,2,b
2,219,508567.75,509722.8,12,0.0,3,0,1,b
2,219,509567.75,510722.8,12,0.0,3,0,2,b
1,177,508782.12,508864.56,8,0.0,3,0,1,b
1,177,509782.12,510937.2,12,0.0,3,0,2,b
1,284,509394.88,509683.62,10,0.0,3,0,1,b
1,284,510394.88,511549.94,12,0.0,3,0,2,b
2,284,509394.88,509683.62,10,0.0,3,0,1,b
2,284,510394.88,511549.94,12,0.0,3,0,2,b
1,341,518344.97,518633.72,10,0.0,3,0,1,b
1,341,519344.97,520500.06,12,0.0,3,0,2,b
2,341,518344.97,518633.72,10,0.0,3,0,1,b
2,341,519344.97,520500.06,12,0.0,3,0,2,b
2,115,521040.78,521329.53,10,0.0,3,0,1,b
2,115,522040.78,523195.88,12,0.0,3,0,2,b
1,174,523294.7,524449.75,12,0.0,3,0,1,b
1,174,524294.7,525449.75,12,0.0,3,0,2,b
2,174,523294.7,524449.75,12,0.0,3,0,1,b
2,174,524294.7,525449.75,12,0.0,3,0,2,b
2,256,523376.9,523418.1,7,0.0,3,0,1,b
2,256,524376.9,525532.0,12,0.0,3,0,2,b
1,36,524732.1,525309.6,11,0.0,3,0,1,b
1,36,525732.1,526887.2,12,0.0,3,0,2,b
2,36,524732.1,525309.6,11,0.0,3,0,1,b
2,36,525732.1,526887.2,12,0.0,3,0,2,b
1,127,526058.2,527213.25,12,0.0,3,0,1,b
1,127,527058.2,528213.25,12,0.0,3,0,2,b
2,127,526058.2,527213.25,12,0.0,3,0,1,b
2,127,527058.2,528213.25,12,0.0,3,0,2,b
2,191,526525.6,526670.06,9,0.0,3,0,1,b
2,191,527525.6,528680.75,12,0.0,3,0,2,b
2,365,532276.8,532359.25,8,0.0,3,0,1,b
2,365,533276.8,534431.9,12,0.0,3,0,2,b
1,378,534738.1,535315.6,11,0.0,3,0,1,c
1,378,535738.1,536893.2,12,0.0,3,0,2,c
1,240,535889.0,537044.06,12,0.0,3,0,1,b
1,240,536889.0,538044.06,12,0.0,3,0,2,b
2,240,535889.0,537044.06,12,0.0,3,0,1,b
2,240,536889.0,538044.06,12,0.0,3,0,2,b
1,147,542197.8,543352.9,12,0.0,3,0,1,b
1,147,543197.8,544352.9,12,0.0,3,0,2,b
1,270,546278.3,547433.44,12,0.0,3,0,1,b
1,270,547278.3,548433.44,12,0.0,3,0,2,b
2,270,546278.3,547433.44,12,0.0,3,0,1,b
2,270,547278.3,548433.44,12,0.0,3,0,2,b
2,202,545360.1,545648.9,10,0.0,3,0,1,c
2,202,546360.1,547515.2,12,0.0,3,0,2,c
2,289,546864.2,547441.7,11,0.0,3,0,1,b
2,289,547864.2,549019.3,12,0.0,3,0,2,b
1,320,550049.75,551204.8,12,0.0,3,0,1,b
1,320,551049.75,552204.8,12,0.0,3,0,2,b
2,320,550049.75,551204.8,12,0.0,3,0,1,c
2,320,551049.75,552204.8,12,0.0,3,0,2,c
1,351,550820.7,550965.06,9,0.0,3,0,1,b
1,351,551820.7,552975.75,12,0.0,3,0,2,b
1,308,551961.44,552250.2,10,0.0,3,0,1,b
1,308,552961.44,554116.5,12,0.0,3,0,2,b
2,379,554866.9,554949.3,8,0.0,3,0,1,b
2,379,555866.9,557022.0,12,0.0,3,0,2,b
1,207,556793.4,556875.9,8,0.0,3,0,1,b
1,207,557793.4,558948.5,12,0.0,3,0,2,b
2,32,557416.5,557498.94,8,0.0,3,0,1,b
2,32,558416.5,559571.6,12,0.0,3,0,2,b
1,106,558368.7,558513.1,9,0.0,3,0,1,b
1,106,559368.7,560523.8,12,0.0,3,0,2,b
2,340,558731.1,558875.56,9,0.0,3,0,1,b
2,340,559731.1,560886.25,12,0.0,3,0,2,b
1,99,568986.06,569274.8,10,0.0,3,0,1,c
1,99,569986.06,571141.2,12,0.0,3,0,2,c
1,3,572741.2,573896.3,12,0.0,3,0,1,b
1,3,573741.2,574896.3,12,0.0,3,0,2,b
2,3,572741.2,573896.3,12,0.0,3,0,1,c
2,3,573741.2,574896.3,12,0.0,3,0,2,c
2,365,572176.94,572259.4,8,0.0,3,0,1,b
2,365,573176.94,574332.0,12,0.0,3,0,2,b
1,280,574408.9,575563.94,12,0.0,3,0,1,b
1,280,575408.9,576563.94,12,0.0,3,0,2,b
2,280,574408.9,575563.94,12,0.0,3,0,1,b
2,280,575408.9,576563.94,12,0.0,3,0,2,b
1,160,577019.9,577308.6,10,0.0,3,0,1,b
1,160,578019.9,579175.0,12,0.0,3,0,2,b
2,215,580509.6,581664.75,12,0.0,3,0,1,b
2,215,581509.6,582664.75,12,0.0,3,0,2,b
1,388,582032.06,582609.56,11,0.0,3,0,1,b
1,388,583032.06,584187.1,12,0.0,3,0,2,b
2,388,582032.06,582609.56,11,0.0,3,0,1,b
2,388,583032.06,584187.1,12,0.0,3,0,2,b
2,340,583409.56,583553.94,9,0.0,3,0,1,b
2,340,584409.56,585564.6,12,0.0,3,0,2,b
1,173,586352.8,586497.2,9,0.0,3,0,1,b
1,173,587352.8,588507.9,12,0.0,3,0,2,b
2,173,586352.8,586497.2,9,0.0,3,0,1,c
2,173,587352.8,588507.9,12,0.0,3,0,2,c
1,166,587668.7,588246.2,11,0.0,3,0,1,b
1,166,588668.7,589823.8,12,0.0,3,0,2,b
1,120,593232.25,594387.3,12,0.0,3,0,1,c
1,120,594232.25,595387.3,12,0.0,3,0,2,c
2,295,596039.7,597194.75,12,0.0,3,0,1,b
2,295,597039.7,598194.75,12,0.0,3,0,2,b
1,138,595145.3,595227.8,8,0.0,3,0,1,b
1,138,596145.3,597300.44,12,0.0,3,0,2,b
2,189,599473.7,600628.8,12,0.0,3,0,1,b
2,189,600473.7,601628.8,12,0.0,3,0,2,b
1,222,600381.5,601536.6,12,0.0,3,0,1,c
1,222,601381.5,602536.6,12,0.0,3,0,2,c
1,321,598697.6,598738.8,7,0.0,3,0,1,b
1,321,599697.6,600852.75,12,0.0,3,0,2,b
2,157,602247.7,602392.06,9,0.0,3,0,1,b
2,157,603247.7,604402.75,12,0.0,3,0,2,b
1,163,603158.6,603447.4,10,0.0,3,0,1,b
1,163,604158.6,605313.75,12,0.0,3,0,2,b
1,352,605350.9,605639.6,10,0.0,3,0,1,b
1,352,606350.9,607506.0,12,0.0,3,0,2,b
2,352,605350.9,605639.6,10,0.0,3,0,1,b
2,352,606350.9,607506.0,12,0.0,3,0,2,b
2,35,610179.5,610468.25,10,0.0,3,0,1,b
2,35,611179.5,612334.6,12,0.0,3,0,2,b
1,245,611728.6,612306.1,11,0.0,3,0,1,b
1,245,612728.6,613883.75,12,0.0,3,0,2,b
2,245,611728.6,612306.1,11,0.0,3,0,1,b
2,245,612728.6,613883.75,12,0.0,3,0,2,b
2,172,615136.75,616291.8,12,0.0,3,0,1,b
2,172,616136.75,617291.8,12,0.0,3,0,2,b
2,130,615406.8,615551.2,9,0.0,3,0,1,b
2,130,616406.8,617561.9,12,0.0,3,0,2,b
2,27,617506.6,618661.75,12,0.0,3,0,1,c
2,27,618506.6,619661.75,12,0.0,3,0,2,c
1,79,616505.3,616649.75,9,0.0,3,0,1,b
1,79,617505.3,618660.4,12,0.0,3,0,2,b
2,79,616505.3,616649.75,9,0.0,3,0,1,b
2,79,617505.3,618660.4,12,0.0,3,0,2,b
2,243,619267.75,620422.9,12,0.0,3,0,1,b
2,243,620267.75,621422.9,12,0.0,3,0,2,b
1,184,619525.1,619607.6,8,0.0,3,0,1,b
1,184,620525.1,621680.25,12,0.0,3,0,2,b
2,184,619525.1,619607.6,8,0.0,3,0,1,b
2,184,620525.1,621680.25,12,0.0,3,0,2,b
1,336,622011.2,623166.25,12,0.0,3,0,1,b
1,336,623011.2,624166.25,12,0.0,3,0,2,b
2,336,622011.2,623166.25,12,0.0,3,0,1,b
2,336,623011.2,624166.25,12,0.0,3,0,2,b
2,50,621840.94,622129.7,10,0.0,3,0,1,b
2,50,622840.94,623996.06,12,0.0,3,0,2,b
1,141,622094.2,622238.56,9,0.0,3,0,1,b
1,141,623094.2,624249.25,12,0.0,3,0,2,b
2,133,624048.75,624337.5,10,0.0,3,0,1,b
2,133,625048.75,626203.9,12,0.0,3,0,2,b
2,57,624113.0,624195.44,8,0.0,3,0,1,b
2,57,625113.0,626268.06,12,0.0,3,0,2,b
1,269,626229.5,626807.0,11,0.0,3,0,1,b
1,269,627229.5,628384.56,12,0.0,3,0,2,b
2,269,626229.5,626807.0,11,0.0,3,0,1,b
2,269,627229.5,628384.56,12,0.0,3,0,2,b
1,17,627934.56,628079.0,9,0.0,3,0,1,b
1,17,628934.56,630089.7,12,0.0,3,0,2,b
1,330,635793.5,635876.0,8,0.0,3,0,1,b
1,330,636793.5,637948.6,12,0.0,3,0,2,b
2,330,635793.5,635876.0,8,0.0,3,0,1,b
2,330,636793.5,637948.6,12,0.0,3,0,2,b
1,151,638538.5,638827.25,10,0.0,3,0,1,b
1,151,639538.5,640693.6,12,0.0,3,0,2,b
2,151,638538.5,638827.25,10,0.0,3,0,1,c
2,151,639538.5,640693.6,12,0.0,3,0,2,c
2,135,643530.75,644685.9,12,0.0,3,0,1,b
2,135,644530.75,645685.9,12,0.0,3,0,2,b
1,289,645577.8,646155.3,11,0.0,3,0,1,b
1,289,646577.8,647732.94,12,0.0,3,0,2,b
2,289,645577.8,646155.3,11,0.0,3,0,1,b
2,289,646577.8,647732.94,12,0.0,3,0,2,b
2,113,646795.8,647373.4,11,0.0,3,0,1,b
2,113,647795.8,648950.94,12,0.0,3,0,2,b
1,369,649979.0,650267.75,10,0.0,3,0,1,b
1,369,650979.0,652134.1,12,0.0,3,0,2,b
1,170,655778.25,656933.4,12,0.0,3,0,1,b
1,170,656778.25,657933.4,12,0.0,3,0,2,b
2,170,655778.25,656933.4,12,0.0,3,0,1,b
2,170,656778.25,657933.4,12,0.0,3,0,2,b
2,287,657147.94,657436.7,10,0.0,3,0,1,b
2,287,658147.94,659303.06,12,0.0,3,0,2,b
2,389,659703.06,659847.5,9,0.0,3,0,1,b
2,389,660703.06,661858.1,12,0.0,3,0,2,b
1,284,659915.4,660204.2,10,0.0,3,0,1,b
1,284,660915.4,662070.5,12,0.0,3,0,2,b
2,284,659915.4,660204.2,10,0.0,3,0,1,b
2,284,660915.4,662070.5,12,0.0,3,0,2,b
2,35,663326.9,663615.7,10,0.0,3,0,1,b
2,35,664326.9,665482.0,12,0.0,3,0,2,b
1,188,668707.4,668748.6,7,0.0,3,0,1,b
1,188,669707.4,670862.5,12,0.0,3,0,2,b
2,402,668840.56,668881.75,7,0.0,3,0,1,c
2,402,669840.56,670995.7,12,0.0,3,0,2,c
1,129,670600.3,671755.44,12,0.0,3,0,1,c
1,129,671600.3,672755.44,12,0.0,3,0,2,c
2,197,669872.06,670016.5,9,0.0,3,0,1,b
2,197,670872.06,672027.2,12,0.0,3,0,2,b
1,89,678761.75,679916.8,12,0.0,3,0,1,b
1,89,679761.75,680916.8,12,0.0,3,0,2,b
1,26,680624.9,681779.94,12,0.0,3,0,1,b
1,26,681624.9,682779.94,12,0.0,3,0,2,b
1,58,682071.25,683226.3,12,0.0,3,0,1,b
1,58,683071.25,684226.3,12,0.0,3,0,2,b
1,149,683159.75,683448.5,10,0.0,3,0,1,b
1,149,684159.75,685314.8,12,0.0,3,0,2,b
2,149,683159.75,683448.5,10,0.0,3,0,1,b
2,149,684159.75,685314.8,12,0.0,3,0,2,b
1,358,683461.5,683543.94,8,0.0,3,0,1,b
1,358,684461.5,685616.56,12,0.0,3,0,2,b
2,323,686153.44,687308.56,12,0.0,3,0,1,b
2,323,687153.44,688308.56,12,0.0,3,0,2,b
2,315,685085.8,685230.25,9,0.0,3,0,1,b
2,315,686085.8,687240.9,12,0.0,3,0,2,b
1,332,686245.9,686534.6,10,0.0,3,0,1,b
1,332,687245.9,688400.94,12,0.0,3,0,2,b
1,151,686899.9,687188.7,10,0.0,3,0,1,b
1,151,687899.9,689055.0,12,0.0,3,0,2,b
2,151,686899.9,687188.7,10,0.0,3,0,1,b
2,151,687899.9,689055.0,12,0.0,3,0,2,b
1,59,687527.2,687671.56,9,0.0,3,0,1,b
1,59,688527.2,689682.25,12,0.0,3,0,2,b
2,351,688336.9,688481.25,9,0.0,3,0,1,b
2,351,689336.9,690491.94,12,0.0,3,0,2,b
1,213,688978.1,689122.56,9,0.0,3,0,1,b
1,213,689978.1,691133.25,12,0.0,3,0,2,b
2,213,688978.1,689122.56,9,0.0,3,0,1,b
2,213,689978.1,691133.25,12,0.0,3,0,2,b
2,355,690618.7,691773.8,12,0.0,3,0,1,b
2,355,691618.7,692773.8,12,0.0,3,0,2,b
1,51,694132.9,695287.94,12,0.0,3,0,1,c
1,51,695132.9,696287.94,12,0.0,3,0,2,c
1,326,693201.6,693490.4,10,0.0,3,0,1,c
1,326,694201.6,695356.7,12,0.0,3,0,2,c
1,191,696553.4,696697.75,9,0.0,3,0,1,b
1,191,697553.4,698708.44,12,0.0,3,0,2,b
2,137,698807.56,699962.6,12,0.0,3,0,1,b
2,137,699807.56,700962.6,12,0.0,3,0,2,b
1,80,698180.1,698757.6,11,0.0,3,0,1,b
1,80,699180.1,700335.2,12,0.0,3,0,2,b
2,80,698180.1,698757.6,11,0.0,3,0,1,b
2,80,699180.1,700335.2,12,0.0,3,0,2,b
1,55,699399.7,699977.2,11,0.0,3,0,1,b
1,55,700399.7,701554.75,12,0.0,3,0,2,b
2,55,699399.7,699977.2,11,0.0,3,0,1,b
2,55,700399.7,701554.75,12,0.0,3,0,2,b
1,111,702669.75,703824.8,12,0.0,3,0,1,b
1,111,703669.75,704824.8,12,0.0,3,0,2,b
2,262,702001.6,702084.1,8,0.0,3,0,1,b
2,262,703001.6,704156.75,12,0.0,3,0,2,b
2,119,702687.1,702728.3,7,0.0,3,0,1,b
2,119,703687.1,704842.25,12,0.0,3,0,2,b
1,156,703529.9,703612.3,8,0.0,3,0,1,b
1,156,704529.9,705684.94,12,0.0,3,0,2,b
2,327,705212.25,706367.4,12,0.0,3,0,1,b
2,327,706212.25,707367.4,12,0.0,3,0,2,b
2,383,708641.9,708724.3,8,0.0,3,0,1,b
2,383,709641.9,710796.94,12,0.0,3,0,2,b
1,240,716932.2,718087.25,12,0.0,3,0,1,b
1,240,717932.2,719087.25,12,0.0,3,0,2,b
2,372,718060.3,719215.4,12,0.0,3,0,1,b
2,372,719060.3,720215.4,12,0.0,3,0,2,b
1,274,719439.6,719480.8,7,0.0,3,0,1,b
1,274,720439.6,721594.75,12,0.0,3,0,2,b
1,305,719942.9,719984.06,7,0.0,3,0,1,c
1,305,720942.9,722097.94,12,0.0,3,0,2,c
1,166,721631.56,722209.1,11,0.0,3,0,1,b
1,166,722631.56,723786.7,12,0.0,3,0,2,b
1,373,721313.7,721602.44,10,0.0,3,0,1,b
1,373,722313.7,723468.75,12,0.0,3,0,2,b
2,353,723684.6,724839.75,12,0.0,3,0,1,b
2,353,724684.6,725839.75,12,0.0,3,0,2,b
1,294,723345.94,723923.44,11,0.0,3,0,1,b
1,294,724345.94,725501.06,12,0.0,3,0,2,b
2,294,723345.94,723923.44,11,0.0,3,0,1,b
2,294,724345.94,725501.06,12,0.0,3,0,2,b
1,393,723922.4,724499.9,11,0.0,3,0,1,b
1,393,724922.4,726077.44,12,0.0,3,0,2,b
2,393,723922.4,724499.9,11,0.0,3,0,1,b
2,393,724922.4,726077.44,12,0.0,3,0,2,b
1,351,725953.25,726097.6,9,0.0,3,0,1,b
1,351,726953.25,728108.3,12,0.0,3,0,2,b
2,351,725953.25,726097.6,9,0.0,3,0,1,b
2,351,726953.25,728108.3,12,0.0,3,0,2,b
2,247,728708.2,728790.6,8,0.0,3,0,1,b
2,247,729708.2,730863.25,12,0.0,3,0,2,b
2,362,729321.4,729465.75,9,0.0,3,0,1,b
2,362,730321.4,731476.44,12,0.0,3,0,2,b
1,296,730341.8,730383.0,7,0.0,3,0,1,b
1,296,731341.8,732496.9,12,0.0,3,0,2,b
1,313,738457.9,739035.4,11,0.0,3,0,1,b
1,313,739457.9,740613.0,12,0.0,3,0,2,b
2,247,742071.44,742153.9,8,0.0,3,0,1,b
2,247,743071.44,744226.5,12,0.0,3,0,2,b
1,113,745509.44,746087.0,11,0.0,3,0,1,b
1,113,746509.44,747664.56,12,0.0,3,0,2,b
2,113,745509.44,746087.0,11,0.0,3,0,1,b
2,113,746509.44,747664.56,12,0.0,3,0,2,b
1,208,745778.1,746066.9,10,0.0,3,0,1,b
1,208,746778.1,747933.25,12,0.0,3,0,2,b
1,248,747368.94,747451.44,8,0.0,3,0,1,b
1,248,748368.94,749524.06,12,0.0,3,0,2,b
2,340,749038.0,749182.44,9,0.0,3,0,1,b
2,340,750038.0,751193.1,12,0.0,3,0,2,b
1,351,750631.6,750776.06,9,0.0,3,0,1,b
1,351,751631.6,752786.75,12,0.0,3,0,2,b
2,351,750631.6,750776.06,9,0.0,3,0,1,b
2,351,751631.6,752786.75,12,0.0,3,0,2,b
2,174,752597.8,753752.94,12,0.0,3,0,1,b
2,174,753597.8,754752.94,12,0.0,3,0,2,b
1,273,751164.9,751206.06,7,0.0,3,0,1,b
1,273,752164.9,753319.94,12,0.0,3,0,2,b
1,44,751665.56,751954.4,10,0.0,3,0,1,b
1,44,752665.56,753820.7,12,0.0,3,0,2,b
2,44,751665.56,751954.4,10,0.0,3,0,1,b
2,44,752665.56,753820.7,12,0.0,3,0,2,b
1,396,755433.8,756011.4,11,0.0,3,0,1,c
1,396,756433.8,757588.94,12,0.0,3,0,2,c
1,42,761937.25,763092.4,12,0.0,3,0,1,b
1,42,762937.25,764092.4,12,0.0,3,0,2,b
2,42,761937.25,763092.4,12,0.0,3,0,1,b
2,42,762937.25,764092.4,12,0.0,3,0,2,b
2,35,770581.56,770870.3,10,0.0,3,0,1,b
2,35,771581.56,772736.6,12,0.0,3,0,2,b
2,278,772484.0,773639.1,12,0.0,3,0,1,b
2,278,773484.0,774639.1,12,0.0,3,0,2,b
2,201,774087.7,775242.8,12,0.0,3,0,1,b
2,201,775087.7,776242.8,12,0.0,3,0,2,b
1,120,774275.44,775430.56,12,0.0,3,0,1,b
1,120,775275.44,776430.56,12,0.0,3,0,2,b
2,399,775716.44,776005.2,10,0.0,3,0,1,b
2,399,776716.44,777871.5,12,0.0,3,0,2,b
2,49,776688.1,777265.6,11,0.0,3,0,1,b
2,49,777688.1,778843.2,12,0.0,3,0,2,b
1,85,780092.25,781247.3,12,0.0,3,0,1,c
1,85,781092.25,782247.3,12,0.0,3,0,2,c
1,189,780516.94,781672.0,12,0.0,3,0,1,c
1,189,781516.94,782672.0,12,0.0,3,0,2,c
2,189,780516.94,781672.0,12,0.0,3,0,1,b
2,189,781516.94,782672.0,12,0.0,3,0,2,b
2,76,779941.7,780086.1,9,0.0,3,0,1,b
2,76,780941.7,782096.8,12,0.0,3,0,2,b
1,289,781308.3,781885.8,11,0.0,3,0,1,c
1,289,782308.3,783463.4,12,0.0,3,0,2,c
2,289,781308.3,781885.8,11,0.0,3,0,1,b
2,289,782308.3,783463.4,12,0.0,3,0,2,b
1,296,780586.0,780627.2,7,0.0,3,0,1,b
1,296,781586.0,782741.06,12,0.0,3,0,2,b
2,205,783054.06,784209.2,12,0.0,3,0,1,b
2,205,784054.06,785209.2,12,0.0,3,0,2,b
1,325,783261.25,783343.7,8,0.0,3,0,1,b
1,325,784261.25,785416.3,12,0.0,3,0,2,b
2,325,783261.25,783343.7,8,0.0,3,0,1,b
2,325,784261.25,785416.3,12,0.0,3,0,2,b
1,262,784010.4,784092.8,8,0.0,3,0,1,b
1,262,785010.4,786165.44,12,0.0,3,0,2,b
2,262,784010.4,784092.8,8,0.0,3,0,1,b
2,262,785010.4,786165.44,12,0.0,3,0,2,b
1,163,786720.2,787009.0,10,0.0,3,0,1,b
1,163,787720.2,788875.3,12,0.0,3,0,2,b
1,381,786371.0,786412.2,7,0.0,3,0,1,b
1,381,787371.0,788526.06,12,0.0,3,0,2,b
1,394,786740.0,786822.44,8,0.0,3,0,1,b
1,394,787740.0,788895.06,12,0.0,3,0,2,b
1,315,789199.25,789343.6,9,0.0,3,0,1,b
1,315,790199.25,791354.3,12,0.0,3,0,2,b
2,315,789199.25,789343.6,9,0.0,3,0,1,b
2,315,790199.25,791354.3,12,0.0,3,0,2,b
1,291,790037.06,790119.5,8,0.0,3,0,1,c
1,291,791037.06,792192.1,12,0.0,3,0,2,c
2,295,791900.5,793055.6,12,0.0,3,0,1,c
2,295,792900.5,794055.6,12,0.0,3,0,2,c
2,160,790633.5,790922.25,10,0.0,3,0,1,b
2,160,791633.5,792788.56,12,0.0,3,0,2,b
2,233,791660.4,791701.6,7,0.0,3,0,1,b
2,233,792660.4,793815.5,12,0.0,3,0,2,b
1,144,793744.56,794899.7,12,0.0,3,0,1,c
1,144,794744.56,795899.7,12,0.0,3,0,2,c
2,284,792789.9,793078.6,10,0.0,3,0,1,c
2,284,793789.9,794944.94,12,0.0,3,0,2,c
1,172,796179.94,797335.0,12,0.0,3,0,1,c
1,172,797179.94,798335.0,12,0.0,3,0,2,c
2,172,796179.94,797335.0,12,0.0,3,0,1,b
2,172,797179.94,798335.0,12,0.0,3,0,2,b
2,325,796624.44,796706.94,8,0.0,3,0,1,b
2,325,797624.44,798779.56,12,0.0,3,0,2,b
1,178,799894.5,801049.56,12,0.0,3,0,1,b
1,178,800894.5,802049.56,12,0.0,3,0,2,b
2,352,807571.94,807860.7,10,0.0,3,0,1,b
2,352,808571.94,809727.06,12,0.0,3,0,2,b
1,39,809916.2,810204.94,10,0.0,3,0,1,b
1,39,810916.2,812071.3,12,0.0,3,0,2,b
2,39,809916.2,810204.94,10,0.0,3,0,1,b
2,39,810916.2,812071.3,12,0.0,3,0,2,b
2,279,813165.56,814320.7,12,0.0,3,0,1,b
2,279,814165.56,815320.7,12,0.0,3,0,2,b
1,211,817982.25,819137.3,12,0.0,3,0,1,b
1,211,818982.25,820137.3,12,0.0,3,0,2,b
2,211,817982.25,819137.3,12,0.0,3,0,1,c
2,211,818982.25,820137.3,12,0.0,3,0,2,c
2,291,818369.75,818452.2,8,0.0,3,0,1,b
2,291,819369.75,820524.8,12,0.0,3,0,2,b
2,324,818651.44,818733.9,8,0.0,3,0,1,b
2,324,819651.44,820806.5,12,0.0,3,0,2,b
1,376,819701.9,820279.44,11,0.0,3,0,1,b
1,376,820701.9,821857.0,12,0.0,3,0,2,b
2,210,820557.4,821134.9,11,0.0,3,0,1,b
2,210,821557.4,822712.44,12,0.0,3,0,2,b
1,150,820570.56,820714.94,9,0.0,3,0,1,b
1,150,821570.56,822725.6,12,0.0,3,0,2,b
2,150,820570.56,820714.94,9,0.0,3,0,1,b
2,150,821570.56,822725.6,12,0.0,3,0,2,b
2,399,820977.25,821266.0,10,0.0,3,0,1,b
2,399,821977.25,823132.3,12,0.0,3,0,2,b
2,28,822253.5,822542.25,10,0.0,3,0,1,b
2,28,823253.5,824408.56,12,0.0,3,0,2,b
2,262,823001.44,823083.94,8,0.0,3,0,1,b
2,262,824001.44,825156.56,12,0.0,3,0,2,b
1,321,825066.94,825108.1,7,0.0,3,0,1,b
1,321,826066.94,827222.06,12,0.0,3,0,2,b
2,321,825066.94,825108.1,7,0.0,3,0,1,b
2,321,826066.94,827222.06,12,0.0,3,0,2,b
1,180,827724.56,827868.94,9,0.0,3,0,1,b
1,180,828724.56,829879.6,12,0.0,3,0,2,b
1,141,827747.5,827891.94,9,0.0,3,0,1,b
1,141,828747.5,829902.56,12,0.0,3,0,2,b
2,141,827747.5,827891.94,9,0.0,3,0,1,b
2,141,828747.5,829902.56,12,0.0,3,0,2,b
2,285,828682.94,828827.3,9,0.0,3,0,1,b
2,285,829682.94,830838.0,12,0.0,3,0,2,b
2,225,830015.2,830056.4,7,0.0,3,0,1,b
2,225,831015.2,832170.3,12,0.0,3,0,2,b
1,266,831576.8,832154.3,11,0.0,3,0,1,b
1,266,832576.8,833731.9,12,0.0,3,0,2,b
2,266,831576.8,832154.3,11,0.0,3,0,1,b
2,266,832576.8,833731.9,12,0.0,3,0,2,b
1,160,835894.3,836183.06,10,0.0,3,0,1,b
1,160,836894.3,838049.4,12,0.0,3,0,2,b
2,160,835894.3,836183.06,10,0.0,3,0,1,b
2,160,836894.3,838049.4,12,0.0,3,0,2,b
2,262,836364.7,836447.1,8,0.0,3,0,1,b
2,262,837364.7,838519.75,12,0.0,3,0,2,b
1,250,838605.4,839760.44,12,0.0,3,0,1,c
1,250,839605.4,840760.44,12,0.0,3,0,2,c
2,151,837992.94,838281.7,10,0.0,3,0,1,b
2,151,838992.94,840148.0,12,0.0,3,0,2,b
1,10,839913.6,841068.75,12,0.0,3,0,1,b
1,10,840913.6,842068.75,12,0.0,3,0,2,b
1,126,839002.6,839085.06,8,0.0,3,0,1,c
1,126,840002.6,841157.7,12,0.0,3,0,2,c
1,113,844223.06,844800.6,11,0.0,3,0,1,b
1,113,845223.06,846378.2,12,0.0,3,0,2,b
2,241,844259.3,844836.9,11,0.0,3,0,1,b
2,241,845259.3,846414.44,12,0.0,3,0,2,b
1,303,845304.8,845593.56,10,0.0,3,0,1,b
1,303,846304.8,847459.9,12,0.0,3,0,2,b
2,303,845304.8,845593.56,10,0.0,3,0,1,c
2,303,846304.8,847459.9,12,0.0,3,0,2,c
1,380,848673.4,848962.2,10,0.0,3,0,1,b
1,380,849673.4,850828.5,12,0.0,3,0,2,b
1,218,850740.0,851028.75,10,0.0,3,0,1,c
1,218,851740.0,852895.06,12,0.0,3,0,2,c
2,218,850740.0,851028.75,10,0.0,3,0,1,b
2,218,851740.0,852895.06,12,0.0,3,0,2,b
1,396,854147.4,854724.94,11,0.0,3,0,1,b
1,396,855147.4,856302.5,12,0.0,3,0,2,b
2,396,854147.4,854724.94,11,0.0,3,0,1,b
2,396,855147.4,856302.5,12,0.0,3,0,2,b
1,100,854687.75,854976.5,10,0.0,3,0,1,b
1,100,855687.75,856842.8,12,0.0,3,0,2,b
2,100,854687.75,854976.5,10,0.0,3,0,1,b
2,100,855687.75,856842.8,12,0.0,3,0,2,b
1,29,857245.2,858400.25,12,0.0,3,0,1,b
1,29,858245.2,859400.25,12,0.0,3,0,2,b
1,185,860788.3,861943.44,12,0.0,3,0,1,b
1,185,861788.3,862943.44,12,0.0,3,0,2,b
1,343,861624.4,862779.5,12,0.0,3,0,1,b
1,343,862624.4,863779.5,12,0.0,3,0,2,b
1,159,862122.75,862267.1,9,0.0,3,0,1,b
1,159,863122.75,864277.8,12,0.0,3,0,2,b
2,206,864197.9,864775.4,11,0.0,3,0,1,b
2,206,865197.9,866352.94,12,0.0,3,0,2,b
1,282,865627.25,865771.7,9,0.0,3,0,1,b
1,282,866627.25,867782.4,12,0.0,3,0,2,b
2,282,865627.25,865771.7,9,0.0,3,0,1,b
2,282,866627.25,867782.4,12,0.0,3,0,2,b
2,356,868835.94,868980.4,9,0.0,3,0,1,b
2,356,869835.94,870991.0,12,0.0,3,0,2,b
2,155,875322.94,875900.44,11,0.0,3,0,1,b
2,155,876322.94,877478.0,12,0.0,3,0,2,b
1,59,875780.8,875925.25,9,0.0,3,0,1,b
1,59,876780.8,877935.94,12,0.0,3,0,2,b
2,317,878204.44,878781.94,11,0.0,3,0,1,b
2,317,879204.44,880359.5,12,0.0,3,0,2,b
1,257,879235.44,880390.5,12,0.0,3,0,1,c
1,257,880235.44,881390.5,12,0.0,3,0,2,c
2,257,879235.44,880390.5,12,0.0,3,0,1,c
2,257,880235.44,881390.5,12,0.0,3,0,2,c
1,139,878978.1,879266.94,10,0.0,3,0,1,b
1,139,879978.1,881133.25,12,0.0,3,0,2,b
1,111,883712.94,884868.06,12,0.0,3,0,1,c
1,111,884712.94,885868.06,12,0.0,3,0,2,c
2,111,883712.94,884868.06,12,0.0,3,0,1,b
2,111,884712.94,885868.06,12,0.0,3,0,2,b
1,98,884915.44,886070.56,12,0.0,3,0,1,b
1,98,885915.44,887070.56,12,0.0,3,0,2,b
2,98,884915.44,886070.56,12,0.0,3,0,1,b
2,98,885915.44,887070.56,12,0.0,3,0,2,b
1,327,886255.5,887410.56,12,0.0,3,0,1,b
1,327,887255.5,888410.56,12,0.0,3,0,2,b
2,327,886255.5,887410.56,12,0.0,3,0,1,b
2,327,887255.5,888410.56,12,0.0,3,0,2,b
2,326,889032.8,889321.6,10,0.0,3,0,1,c
2,326,890032.8,891187.94,12,0.0,3,0,2,c
2,62,889004.94,889046.1,7,0.0,3,0,1,b
2,62,890004.94,891160.06,12,0.0,3,0,2,b
2,202,894177.5,894466.25,10,0.0,3,0,1,b
2,202,895177.5,896332.56,12,0.0,3,0,2,b
1,101,894489.94,894778.7,10,0.0,3,0,1,b
1,101,895489.94,896645.0,12,0.0,3,0,2,b
1,364,896675.75,897830.8,12,0.0,3,0,1,b
1,364,897675.75,898830.8,12,0.0,3,0,2,b
1,229,898131.8,899286.94,12,0.0,3,0,1,b
1,229,899131.8,900286.94,12,0.0,3,0,2,b
1,394,896689.7,896772.1,8,0.0,3,0,1,b
1,394,897689.7,898844.8,12,0.0,3,0,2,b
1,272,899669.6,900824.7,12,0.0,3,0,1,b
1,272,900669.6,901824.7,12,0.0,3,0,2,b
2,100,899948.56,900237.3,10,0.0,3,0,1,b
2,100,900948.56,902103.6,12,0.0,3,0,2,b
1,65,902131.94,902276.4,9,0.0,3,0,1,b
1,65,903131.94,904287.06,12,0.0,3,0,2,b
2,65,902131.94,902276.4,9,0.0,3,0,1,b
2,65,903131.94,904287.06,12,0.0,3,0,2,b
1,153,902367.06,902449.5,8,0.0,3,0,1,b
1,153,903367.06,904522.1,12,0.0,3,0,2,b
1,194,902807.9,902849.06,7,0.0,3,0,1,b
1,194,903807.9,904962.94,12,0.0,3,0,2,b
1,305,902832.25,902873.5,7,0.0,3,0,1,b
1,305,903832.25,904987.4,12,0.0,3,0,2,b
2,305,902832.25,902873.5,7,0.0,3,0,1,c
2,305,903832.25,904987.4,12,0.0,3,0,2,c
2,353,904727.9,905882.94,12,0.0,3,0,1,b
2,353,905727.9,906882.94,12,0.0,3,0,2,b
1,301,908284.06,908325.25,7,0.0,3,0,1,b
1,301,909284.06,910439.1,12,0.0,3,0,2,b
2,320,912136.2,913291.25,12,0.0,3,0,1,b
2,320,913136.2,914291.25,12,0.0,3,0,2,b
1,112,913294.9,913583.6,10,0.0,3,0,1,b
1,112,914294.9,915449.94,12,0.0,3,0,2,b
2,66,918105.3,919260.4,12,0.0,3,0,1,c
2,66,919105.3,920260.4,12,0.0,3,0,2,c
2,252,920074.7,920652.25,11,0.0,3,0,1,b
2,252,921074.7,922229.8,12,0.0,3,0,2,b
2,186,921653.44,921942.2,10,0.0,3,0,1,b
2,186,922653.44,923808.56,12,0.0,3,0,2,b
2,40,924909.4,924950.56,7,0.0,3,0,1,b
2,40,925909.4,927064.44,12,0.0,3,0,2,b
1,209,925206.1,925350.5,9,0.0,3,0,1,b
1,209,926206.1,927361.2,12,0.0,3,0,2,b
2,209,925206.1,925350.5,9,0.0,3,0,1,b
2,209,926206.1,927361.2,12,0.0,3,0,2,b
2,231,927557.7,928712.75,12,0.0,3,0,1,b
2,231,928557.7,929712.75,12,0.0,3,0,2,b
1,51,929861.56,931016.7,12,0.0,3,0,1,b
1,51,930861.56,932016.7,12,0.0,3,0,2,b
2,51,929861.56,931016.7,12,0.0,3,0,1,b
2,51,930861.56,932016.7,12,0.0,3,0,2,b
2,292,930548.5,931126.06,11,0.0,3,0,1,b
2,292,931548.5,932703.6,12,0.0,3,0,2,b
2,334,930710.44,930792.94,8,0.0,3,0,1,b
2,334,931710.44,932865.56,12,0.0,3,0,2,b
2,264,930732.7,930815.1,8,0.0,3,0,1,b
2,264,931732.7,932887.75,12,0.0,3,0,2,b
1,244,931472.8,931555.3,8,0.0,3,0,1,c
1,244,932472.8,933627.94,12,0.0,3,0,2,c
1,296,936512.7,936553.9,7,0.0,3,0,1,b
1,296,937512.7,938667.8,12,0.0,3,0,2,b
2,319,937978.06,938266.9,10,0.0,3,0,1,b
2,319,938978.06,940133.2,12,0.0,3,0,2,b
1,381,938119.5,938160.7,7,0.0,3,0,1,b
1,381,939119.5,940274.6,12,0.0,3,0,2,b
1,9,939460.25,939604.7,9,0.0,3,0,1,b
1,9,940460.25,941615.4,12,0.0,3,0,2,b
1,101,939750.75,940039.5,10,0.0,3,0,1,b
1,101,940750.75,941905.8,12,0.0,3,0,2,b
2,101,939750.75,940039.5,10,0.0,3,0,1,b
2,101,940750.75,941905.8,12,0.0,3,0,2,b
2,113,942936.6,943514.2,11,0.0,3,0,1,b
2,113,943936.6,945091.75,12,0.0,3,0,2,b
1,3,943917.8,945072.9,12,0.0,3,0,1,c
1,3,944917.8,946072.9,12,0.0,3,0,2,c
2,3,943917.8,945072.9,12,0.0,3,0,1,c
2,3,944917.8,946072.9,12,0.0,3,0,2,c
2,150,944058.4,944202.75,9,0.0,3,0,1,b
2,150,945058.4,946213.44,12,0.0,3,0,2,b
1,399,946333.1,946621.9,10,0.0,3,0,1,b
1,399,947333.1,948488.25,12,0.0,3,0,2,b
2,28,946752.6,947041.4,10,0.0,3,0,1,b
2,28,947752.6,948907.7,12,0.0,3,0,2,b
1,86,949629.0,949773.44,9,0.0,3,0,1,b
1,86,950629.0,951784.1,12,0.0,3,0,2,b
2,168,954196.75,954279.25,8,0.0,3,0,1,b
2,168,955196.75,956351.9,12,0.0,3,0,2,b
1,270,958407.0,959562.06,12,0.0,3,0,1,b
1,270,959407.0,960562.06,12,0.0,3,0,2,b
2,270,958407.0,959562.06,12,0.0,3,0,1,b
2,270,959407.0,960562.06,12,0.0,3,0,2,b
1,349,958936.06,959080.44,9,0.0,3,0,1,b
1,349,959936.06,961091.1,12,0.0,3,0,2,b
2,85,961135.44,962290.5,12,0.0,3,0,1,b
2,85,962135.44,963290.5,12,0.0,3,0,2,b
1,189,961560.1,962715.2,12,0.0,3,0,1,b
1,189,962560.1,963715.2,12,0.0,3,0,2,b
2,170,963049.4,964204.44,12,0.0,3,0,1,c
2,170,964049.4,965204.44,12,0.0,3,0,2,c
1,176,964380.4,964669.1,10,0.0,3,0,1,b
1,176,965380.4,966535.44,12,0.0,3,0,2,b
1,223,966314.06,966458.5,9,0.0,3,0,1,b
1,223,967314.06,968469.2,12,0.0,3,0,2,b
2,307,970904.06,972059.1,12,0.0,3,0,1,b
2,307,971904.06,973059.1,12,0.0,3,0,2,b
1,127,971515.0,972670.1,12,0.0,3,0,1,b
1,127,972515.0,973670.1,12,0.0,3,0,2,b
1,63,969983.5,970066.0,8,0.0,3,0,1,c
1,63,970983.5,972138.6,12,0.0,3,0,2,c
2,63,969983.5,970066.0,8,0.0,3,0,1,b
2,63,970983.5,972138.6,12,0.0,3,0,2,b
1,238,972025.94,972067.1,7,0.0,3,0,1,b
1,238,973025.94,974181.0,12,0.0,3,0,2,b
2,20,975359.06,975503.5,9,0.0,3,0,1,b
2,20,976359.06,977514.2,12,0.0,3,0,2,b
1,376,976287.94,976865.5,11,0.0,3,0,1,b
1,376,977287.94,978443.06,12,0.0,3,0,2,b
2,376,976287.94,976865.5,11,0.0,3,0,1,b
2,376,977287.94,978443.06,12,0.0,3,0,2,b
1,172,977223.1,978378.25,12,0.0,3,0,1,b
1,172,978223.1,979378.25,12,0.0,3,0,2,b
1,246,976340.94,976629.7,10,0.0,3,0,1,b
1,246,977340.94,978496.06,12,0.0,3,0,2,b
2,246,976340.94,976629.7,10,0.0,3,0,1,b
2,246,977340.94,978496.06,12,0.0,3,0,2,b
2,333,978351.56,978392.75,7,0.0,3,0,1,b
2,333,979351.56,980506.6,12,0.0,3,0,2,b
1,178,980937.7,982092.75,12,0.0,3,0,1,b
1,178,981937.7,983092.75,12,0.0,3,0,2,b
2,178,980937.7,982092.75,12,0.0,3,0,1,c
2,178,981937.7,983092.75,12,0.0,3,0,2,c
2,336,984097.6,985252.7,12,0.0,3,0,1,b
2,336,985097.6,986252.7,12,0.0,3,0,2,b
2,94,984131.0,985286.06,12,0.0,3,0,1,b
2,94,985131.0,986286.06,12,0.0,3,0,2,b
1,335,985251.56,986406.7,12,0.0,3,0,1,b
1,335,986251.56,987406.7,12,0.0,3,0,2,b
1,124,984590.44,984734.9,9,0.0,3,0,1,b
1,124,985590.44,986745.56,12,0.0,3,0,2,b
2,92,987071.9,987360.7,10,0.0,3,0,1,b
2,92,988071.9,989227.0,12,0.0,3,0,2,b
2,207,994503.3,994585.75,8,0.0,3,0,1,b
2,207,995503.3,996658.4,12,0.0,3,0,2,b
1,387,996589.6,997744.7,12,0.0,3,0,1,c
1,387,997589.6,998744.7,12,0.0,3,0,2,c
2,315,996301.7,996446.1,9,0.0,3,0,1,b
2,315,997301.7,998456.8,12,0.0,3,0,2,b
1,219,998288.0,999443.1,12,0.0,3,0,1,b
1,219,999288.0,1000443.1,12,0.0,3,0,2,b
2,219,998288.0,999443.1,12,0.0,3,0,1,b
2,219,999288.0,1000443.1,12,0.0,3,0,2,b
1,72,1000966.0,1001254.75,10,0.0,3,0,1,b
1,72,1001966.0,1003121.1,12,0.0,3,0,2,b
2,259,1000799.3,1000881.75,8,0.0,3,0,1,b
2,259,1001799.3,1002954.44,12,0.0,3,0,2,b
1,255,1002967.6,1003112.06,9,0.0,3,0,1,b
1,255,1003967.6,1005122.75,12,0.0,3,0,2,b
1,221,1005207.8,1006362.94,12,0.0,3,0,1,b
1,221,1006207.8,1007362.94,12,0.0,3,0,2,b
2,221,1005207.8,1006362.94,12,0.0,3,0,1,c
2,221,1006207.8,1007362.94,12,0.0,3,0,2,c
1,340,1006451.9,1006596.3,9,0.0,3,0,1,b
1,340,1007451.9,1008607.0,12,0.0,3,0,2,b
2,340,1006451.9,1006596.3,9,0.0,3,0,1,c
2,340,1007451.9,1008607.0,12,0.0,3,0,2,c
1,211,1008614.75,1009769.8,12,0.0,3,0,1,c
1,211,1009614.75,1010769.8,12,0.0,3,0,2,c
2,211,1008614.75,1009769.8,12,0.0,3,0,1,b
2,211,1009614.75,1010769.8,12,0.0,3,0,2,b
1,73,1008821.25,1008862.44,7,0.0,3,0,1,c
1,73,1009821.25,1010976.3,12,0.0,3,0,2,c
2,201,1018036.7,1019191.75,12,0.0,3,0,1,c
2,201,1019036.7,1020191.75,12,0.0,3,0,2,c
1,252,1018788.3,1019365.9,11,0.0,3,0,1,b
1,252,1019788.3,1020943.44,12,0.0,3,0,2,b
2,237,1020301.56,1020446.0,9,0.0,3,0,1,b
2,237,1021301.56,1022456.7,12,0.0,3,0,2,b
2,159,1020501.25,1020645.6,9,0.0,3,0,1,b
2,159,1021501.25,1022656.3,12,0.0,3,0,2,b
1,294,1024822.0,1025399.56,11,0.0,3,0,1,b
1,294,1025822.0,1026977.06,12,0.0,3,0,2,b
2,294,1024822.0,1025399.56,11,0.0,3,0,1,c
2,294,1025822.0,1026977.06,12,0.0,3,0,2,c
1,357,1025096.06,1025240.5,9,0.0,3,0,1,b
1,357,1026096.06,1027251.1,12,0.0,3,0,2,b
2,241,1028021.4,1028598.9,11,0.0,3,0,1,b
2,241,1029021.4,1030176.4,12,0.0,3,0,2,b
1,148,1027380.25,1027524.7,9,0.0,3,0,1,b
1,148,1028380.25,1029535.25,12,0.0,3,0,2,b
1,5,1030559.06,1031714.1,12,0.0,3,0,1,b
1,5,1031559.06,1032714.1,12,0.0,3,0,2,b
2,5,1030559.06,1031714.1,12,0.0,3,0,1,b
2,5,1031559.06,1032714.1,12,0.0,3,0,2,b
1,152,1029608.6,1029691.06,8,0.0,3,0,1,b
1,152,1030608.6,1031763.7,12,0.0,3,0,2,b
2,290,1032314.2,1032603.0,10,0.0,3,0,1,b
2,290,1033314.2,1034469.25,12,0.0,3,0,2,b
1,344,1037279.2,1038434.2,12,0.0,3,0,1,c
1,344,1038279.2,1039434.2,12,0.0,3,0,2,c
2,344,1037279.2,1038434.2,12,0.0,3,0,1,b
2,344,1038279.2,1039434.2,12,0.0,3,0,2,b
1,19,1037901.4,1038190.2,10,0.0,3,0,1,b
1,19,1038901.4,1040056.4,12,0.0,3,0,2,b
1,177,1038202.9,1038285.25,8,0.0,3,0,1,b
1,177,1039202.9,1040357.94,12,0.0,3,0,2,b
2,177,1038202.9,1038285.25,8,0.0,3,0,1,b
2,177,1039202.9,1040357.94,12,0.0,3,0,2,b
1,238,1040283.3,1040324.56,7,0.0,3,0,1,b
1,238,1041283.3,1042438.4,12,0.0,3,0,2,b
2,392,1042244.4,1042533.2,10,0.0,3,0,1,c
2,392,1043244.4,1044399.44,12,0.0,3,0,2,c
1,154,1043840.2,1044995.25,12,0.0,3,0,1,b
1,154,1044840.2,1045995.25,12,0.0,3,0,2,b
2,154,1043840.2,1044995.25,12,0.0,3,0,1,b
2,154,1044840.2,1045995.25,12,0.0,3,0,2,b
1,223,1042844.75,1042989.1,9,0.0,3,0,1,b
1,223,1043844.75,1044999.75,12,0.0,3,0,2,b
1,155,1043631.5,1044209.0,11,0.0,3,0,1,b
1,155,1044631.5,1045786.5,12,0.0,3,0,2,b
2,155,1043631.5,1044209.0,11,0.0,3,0,1,b
2,155,1044631.5,1045786.5,12,0.0,3,0,2,b
1,151,1043247.06,1043535.9,10,0.0,3,0,1,b
1,151,1044247.06,1045402.1,12,0.0,3,0,2,b
2,151,1043247.06,1043535.9,10,0.0,3,0,1,b
2,151,1044247.06,1045402.1,12,0.0,3,0,2,b
1,152,1042971.94,1043054.3,8,0.0,3,0,1,b
1,152,1043971.94,1045126.94,12,0.0,3,0,2,b
2,233,1045360.5,1045401.75,7,0.0,3,0,1,c
2,233,1046360.5,1047515.5,12,0.0,3,0,2,c
1,95,1047416.6,1047994.1,11,0.0,3,0,1,b
1,95,1048416.6,1049571.6,12,0.0,3,0,2,b
2,44,1050176.2,1050465.1,10,0.0,3,0,1,b
2,44,1051176.2,1052331.2,12,0.0,3,0,2,b
2,115,1051085.5,1051374.2,10,0.0,3,0,1,b
2,115,1052085.5,1053240.5,12,0.0,3,0,2,b
1,362,1059282.0,1059426.4,9,0.0,3,0,1,b
1,362,1060282.0,1061437.0,12,0.0,3,0,2,b
1,137,1060893.9,1062049.0,12,0.0,3,0,1,b
1,137,1061893.9,1063049.0,12,0.0,3,0,2,b
1,364,1077718.9,1078873.9,12,0.0,3,0,1,b
1,364,1078718.9,1079873.9,12,0.0,3,0,2,b
2,364,1077718.9,1078873.9,12,0.0,3,0,1,b
2,364,1078718.9,1079873.9,12,0.0,3,0,2,b
2,384,1076584.6,1076873.4,10,0.0,3,0,1,b
2,384,1077584.6,1078739.6,12,0.0,3,0,2,b
1,388,1079045.6,1079623.1,11,0.0,3,0,1,b
1,388,1080045.6,1081200.6,12,0.0,3,0,2,b
2,388,1079045.6,1079623.1,11,0.0,3,0,1,b
2,388,1080045.6,1081200.6,12,0.0,3,0,2,b
1,163,1079604.0,1079892.9,10,0.0,3,0,1,b
1,163,1080604.0,1081759.0,12,0.0,3,0,2,b
1,111,1084379.5,1085534.5,12,0.0,3,0,1,b
1,111,1085379.5,1086534.5,12,0.0,3,0,2,b
2,346,1090811.2,1091966.2,12,0.0,3,0,1,b
2,346,1091811.2,1092966.2,12,0.0,3,0,2,b
1,109,1094798.2,1095087.0,10,0.0,3,0,1,b
1,109,1095798.2,1096953.2,12,0.0,3,0,2,b
2,109,1094798.2,1095087.0,10,0.0,3,0,1,b
2,109,1095798.2,1096953.2,12,0.0,3,0,2,b
1,101,1097760.5,1098049.4,10,0.0,3,0,1,c
1,101,1098760.5,1099915.5,12,0.0,3,0,2,c
1,245,1100021.8,1100599.2,11,0.0,3,0,1,b
1,245,1101021.8,1102176.8,12,0.0,3,0,2,b
1,17,1101704.2,1101848.6,9,0.0,3,0,1,b
1,17,1102704.2,1103859.2,12,0.0,3,0,2,b
1,193,1104167.1,1105322.1,12,0.0,3,0,1,b
1,193,1105167.1,1106322.1,12,0.0,3,0,2,b
1,275,1105816.6,1105961.0,9,0.0,3,0,1,b
1,275,1106816.6,1107971.6,12,0.0,3,0,2,b
1,176,1106188.4,1106477.1,10,0.0,3,0,1,b
1,176,1107188.4,1108343.4,12,0.0,3,0,2,b
2,370,1112044.0,1113199.0,12,0.0,3,0,1,b
2,370,1113044.0,1114199.0,12,0.0,3,0,2,b
1,196,1110920.2,1111209.1,10,0.0,3,0,1,c
1,196,1111920.2,1113075.4,12,0.0,3,0,2,c
1,146,1112982.2,1114137.4,12,0.0,3,0,1,b
1,146,1113982.2,1115137.4,12,0.0,3,0,2,b
2,351,1113168.9,1113313.2,9,0.0,3,0,1,b
2,351,1114168.9,1115323.9,12,0.0,3,0,2,b
1,198,1113032.5,1113073.8,7,0.0,3,0,1,b
1,198,1114032.5,1115187.5,12,0.0,3,0,2,b
1,252,1117502.0,1118079.5,11,0.0,3,0,1,b
1,252,1118502.0,1119657.0,12,0.0,3,0,2,b
2,48,1118148.5,1118231.0,8,0.0,3,0,1,b
2,48,1119148.5,1120303.6,12,0.0,3,0,2,b
1,79,1118357.6,1118502.1,9,0.0,3,0,1,b
1,79,1119357.6,1120512.8,12,0.0,3,0,2,b
2,114,1121077.4,1121654.9,11,0.0,3,0,1,b
2,114,1122077.4,1123232.4,12,0.0,3,0,2,b
1,15,1122872.5,1124027.6,12,0.0,3,0,1,c
1,15,1123872.5,1125027.6,12,0.0,3,0,2,c
1,7,1122420.8,1122998.2,11,0.0,3,0,1,c
1,7,1123420.8,1124575.8,12,0.0,3,0,2,c
1,147,1125101.0,1126256.0,12,0.0,3,0,1,b
1,147,1126101.0,1127256.0,12,0.0,3,0,2,b
1,173,1124379.1,1124523.5,9,0.0,3,0,1,b
1,173,1125379.1,1126534.1,12,0.0,3,0,2,b
2,173,1124379.1,1124523.5,9,0.0,3,0,1,b
2,173,1125379.1,1126534.1,12,0.0,3,0,2,b
2,241,1126735.0,1127312.5,11,0.0,3,0,1,b
2,241,1127735.0,1128890.0,12,0.0,3,0,2,b
2,22,1126907.6,1127485.1,11,0.0,3,0,1,b
2,22,1127907.6,1129062.6,12,0.0,3,0,2,b
1,68,1126962.1,1127106.6,9,0.0,3,0,1,b
1,68,1127962.1,1129117.2,12,0.0,3,0,2,b
1,112,1128297.6,1128586.4,10,0.0,3,0,1,b
1,112,1129297.6,1130452.6,12,0.0,3,0,2,b
1,12,1129577.6,1129618.9,7,0.0,3,0,1,b
1,12,1130577.6,1131732.6,12,0.0,3,0,2,b
1,281,1132983.5,1133024.8,7,0.0,3,0,1,b
1,281,1133983.5,1135138.5,12,0.0,3,0,2,b
1,261,1136097.9,1137252.9,12,0.0,3,0,1,b
1,261,1137097.9,1138252.9,12,0.0,3,0,2,b
1,283,1137821.9,1138110.8,10,0.0,3,0,1,b
1,283,1138821.9,1139976.9,12,0.0,3,0,2,b
2,283,1137821.9,1138110.8,10,0.0,3,0,1,b
2,283,1138821.9,1139976.9,12,0.0,3,0,2,b
2,36,1141041.9,1141619.4,11,0.0,3,0,1,b
2,36,1142041.9,1143196.9,12,0.0,3,0,2,b
2,189,1142603.2,1143758.2,12,0.0,3,0,1,b
2,189,1143603.2,1144758.2,12,0.0,3,0,2,b
1,362,1142256.5,1142400.9,9,0.0,3,0,1,b
1,362,1143256.5,1144411.5,12,0.0,3,0,2,b
1,278,1143899.0,1145054.1,12,0.0,3,0,1,b
1,278,1144899.0,1146054.1,12,0.0,3,0,2,b
1,289,1146941.4,1147518.9,11,0.0,3,0,1,c
1,289,1147941.4,1149096.4,12,0.0,3,0,2,c
2,289,1146941.4,1147518.9,11,0.0,3,0,1,b
2,289,1147941.4,1149096.4,12,0.0,3,0,2,b
2,313,1147454.9,1148032.4,11,0.0,3,0,1,b
2,313,1148454.9,1149609.9,12,0.0,3,0,2,b
2,13,1148097.8,1148180.1,8,0.0,3,0,1,b
2,13,1149097.8,1150252.8,12,0.0,3,0,2,b
1,307,1151947.2,1153102.2,12,0.0,3,0,1,b
1,307,1152947.2,1154102.2,12,0.0,3,0,2,b
2,307,1151947.2,1153102.2,12,0.0,3,0,1,b
2,307,1152947.2,1154102.2,12,0.0,3,0,2,b
1,204,1153896.0,1154040.4,9,0.0,3,0,1,b
1,204,1154896.0,1156051.0,12,0.0,3,0,2,b
2,277,1153880.5,1153962.9,8,0.0,3,0,1,b
2,277,1154880.5,1156035.5,12,0.0,3,0,2,b
1,383,1154851.2,1154933.6,8,0.0,3,0,1,b
1,383,1155851.2,1157006.2,12,0.0,3,0,2,b
2,243,1160235.2,1161390.2,12,0.0,3,0,1,b
2,243,1161235.2,1162390.2,12,0.0,3,0,2,b
2,213,1160504.4,1160648.8,9,0.0,3,0,1,b
2,213,1161504.4,1162659.4,12,0.0,3,0,2,b
1,310,1162914.5,1163492.1,11,0.0,3,0,1,b
1,310,1163914.5,1165069.6,12,0.0,3,0,2,b
2,310,1162914.5,1163492.1,11,0.0,3,0,1,b
2,310,1163914.5,1165069.6,12,0.0,3,0,2,b
2,336,1165140.8,1166295.8,12,0.0,3,0,1,b
2,336,1166140.8,1167295.8,12,0.0,3,0,2,b
1,128,1164338.4,1164420.8,8,0.0,3,0,1,b
1,128,1165338.4,1166493.4,12,0.0,3,0,2,b
2,95,1165229.4,1165806.9,11,0.0,3,0,1,b
2,95,1166229.4,1167384.4,12,0.0,3,0,2,b
1,335,1166294.8,1167449.9,12,0.0,3,0,1,b
1,335,1167294.8,1168449.9,12,0.0,3,0,2,b
1,155,1165695.2,1166272.9,11,0.0,3,0,1,b
1,155,1166695.2,1167850.4,12,0.0,3,0,2,b
1,374,1166209.1,1166497.9,10,0.0,3,0,1,b
1,374,1167209.1,1168364.1,12,0.0,3,0,2,b
2,119,1166365.4,1166406.6,7,0.0,3,0,1,b
2,119,1167365.4,1168520.4,12,0.0,3,0,2,b
1,174,1175281.4,1176436.4,12,0.0,3,0,1,b
1,174,1176281.4,1177436.4,12,0.0,3,0,2,b
2,174,1175281.4,1176436.4,12,0.0,3,0,1,c
2,174,1176281.4,1177436.4,12,0.0,3,0,2,c
2,387,1177632.8,1178787.9,12,0.0,3,0,1,c
2,387,1178632.8,1179787.9,12,0.0,3,0,2,c
2,69,1177795.4,1177877.8,8,0.0,3,0,1,b
2,69,1178795.4,1179950.5,12,0.0,3,0,2,b
2,392,1179523.5,1179812.4,10,0.0,3,0,1,b
2,392,1180523.5,1181678.6,12,0.0,3,0,2,b
1,219,1184014.4,1185169.4,12,0.0,3,0,1,b
1,219,1185014.4,1186169.4,12,0.0,3,0,2,b
2,92,1183601.6,1183890.5,10,0.0,3,0,1,b
2,92,1184601.6,1185756.8,12,0.0,3,0,2,b
2,285,1183967.1,1184111.6,9,0.0,3,0,1,b
2,285,1184967.1,1186122.2,12,0.0,3,0,2,b
1,43,1185364.2,1185446.6,8,0.0,3,0,1,b
1,43,1186364.2,1187519.2,12,0.0,3,0,2,b
2,110,1187796.2,1188951.2,12,0.0,3,0,1,b
2,110,1188796.2,1189951.2,12,0.0,3,0,2,b
2,35,1187966.2,1188255.1,10,0.0,3,0,1,b
2,35,1188966.2,1190121.4,12,0.0,3,0,2,b
2,225,1189489.0,1189530.2,7,0.0,3,0,1,b
2,225,1190489.0,1191644.0,12,0.0,3,0,2,b
2,308,1189877.0,1190165.8,10,0.0,3,0,1,b
2,308,1190877.0,1192032.0,12,0.0,3,0,2,b
1,331,1191312.9,1192467.9,12,0.0,3,0,1,b
1,331,1192312.9,1193467.9,12,0.0,3,0,2,b
2,331,1191312.9,1192467.9,12,0.0,3,0,1,c
2,331,1192312.9,1193467.9,12,0.0,3,0,2,c
2,127,1194926.4,1196081.4,12,0.0,3,0,1,b
2,127,1195926.4,1197081.4,12,0.0,3,0,2,b
1,195,1197910.0,1199065.1,12,0.0,3,0,1,c
1,195,1198910.0,1200065.1,12,0.0,3,0,2,c
2,186,1197622.1,1197910.9,10,0.0,3,0,1,b
2,186,1198622.1,1199777.1,12,0.0,3,0,2,b
2,329,1198117.4,1198406.2,10,0.0,3,0,1,b
2,329,1199117.4,1200272.5,12,0.0,3,0,2,b
2,87,1199479.9,1200634.9,12,0.0,3,0,1,c
2,87,1200479.9,1201634.9,12,0.0,3,0,2,c
2,16,1199685.1,1200840.2,12,0.0,3,0,1,c
2,16,1200685.1,1201840.2,12,0.0,3,0,2,c
1,372,1200119.0,1201274.0,12,0.0,3,0,1,b
1,372,1201119.0,1202274.0,12,0.0,3,0,2,b
2,4,1207136.9,1208291.9,12,0.0,3,0,1,b
2,4,1208136.9,1209291.9,12,0.0,3,0,2,b
2,73,1206870.0,1206911.2,7,0.0,3,0,1,b
2,73,1207870.0,1209025.0,12,0.0,3,0,2,b
2,30,1208031.5,1208072.8,7,0.0,3,0,1,b
2,30,1209031.5,1210186.5,12,0.0,3,0,2,b
1,225,1208675.9,1208717.1,7,0.0,3,0,1,b
1,225,1209675.9,1210830.9,12,0.0,3,0,2,b
1,253,1210531.5,1211686.5,12,0.0,3,0,1,c
1,253,1211531.5,1212686.5,12,0.0,3,0,2,c
2,253,1210531.5,1211686.5,12,0.0,3,0,1,b
2,253,1211531.5,1212686.5,12,0.0,3,0,2,b
2,23,1208967.1,1209008.4,7,0.0,3,0,1,b
2,23,1209967.1,1211122.2,12,0.0,3,0,2,b
2,5,1211602.2,1212757.4,12,0.0,3,0,1,b
2,5,1212602.2,1213757.4,12,0.0,3,0,2,b
2,374,1211469.9,1211758.6,10,0.0,3,0,1,b
2,374,1212469.9,1213624.9,12,0.0,3,0,2,b
1,172,1213579.1,1214734.1,12,0.0,3,0,1,b
1,172,1214579.1,1215734.1,12,0.0,3,0,2,b
2,172,1213579.1,1214734.1,12,0.0,3,0,1,b
2,172,1214579.1,1215734.1,12,0.0,3,0,2,b
2,242,1216364.9,1216406.1,7,0.0,3,0,1,b
2,242,1217364.9,1218519.9,12,0.0,3,0,2,b
2,319,1216825.8,1217114.6,10,0.0,3,0,1,b
2,319,1217825.8,1218980.9,12,0.0,3,0,2,b
2,344,1218322.4,1219477.4,12,0.0,3,0,1,b
2,344,1219322.4,1220477.4,12,0.0,3,0,2,b
1,7,1221134.4,1221711.9,11,0.0,3,0,1,b
1,7,1222134.4,1223289.4,12,0.0,3,0,2,b
2,7,1221134.4,1221711.9,11,0.0,3,0,1,b
2,7,1222134.4,1223289.4,12,0.0,3,0,2,b
1,294,1222249.2,1222826.8,11,0.0,3,0,1,b
1,294,1223249.2,1224404.2,12,0.0,3,0,2,b
1,250,1224570.4,1225725.5,12,0.0,3,0,1,c
1,250,1225570.4,1226725.5,12,0.0,3,0,2,c
2,283,1223745.0,1224033.9,10,0.0,3,0,1,b
2,283,1224745.0,1225900.0,12,0.0,3,0,2,b
1,274,1224031.0,1224072.2,7,0.0,3,0,1,b
1,274,1225031.0,1226186.0,12,0.0,3,0,2,b
1,109,1228099.5,1228388.2,10,0.0,3,0,1,b
1,109,1229099.5,1230254.5,12,0.0,3,0,2,b
1,68,1228943.4,1229087.8,9,0.0,3,0,1,b
1,68,1229943.4,1231098.4,12,0.0,3,0,2,b
1,35,1233227.0,1233515.9,10,0.0,3,0,1,b
1,35,1234227.0,1235382.1,12,0.0,3,0,2,b
1,192,1233409.2,1233553.8,9,0.0,3,0,1,b
1,192,1234409.2,1235564.4,12,0.0,3,0,2,b
2,308,1235137.8,1235426.5,10,0.0,3,0,1,b
2,308,1236137.8,1237292.8,12,0.0,3,0,2,b
1,271,1235011.8,1235053.0,7,0.0,3,0,1,b
1,271,1236011.8,1237166.8,12,0.0,3,0,2,b
1,92,1237113.9,1237402.8,10,0.0,3,0,1,b
1,92,1238113.9,1239268.9,12,0.0,3,0,2,b
2,92,1237113.9,1237402.8,10,0.0,3,0,1,b
2,92,1238113.9,1239268.9,12,0.0,3,0,2,b
2,165,1239858.9,1240003.2,9,0.0,3,0,1,b
2,165,1240858.9,1242013.9,12,0.0,3,0,2,b
1,353,1242470.0,1243625.0,12,0.0,3,0,1,b
1,353,1243470.0,1244625.0,12,0.0,3,0,2,b
1,394,1241971.6,1242054.1,8,0.0,3,0,1,b
1,394,1242971.6,1244126.8,12,0.0,3,0,2,b
2,394,1241971.6,1242054.1,8,0.0,3,0,1,b
2,394,1242971.6,1244126.8,12,0.0,3,0,2,b
1,296,1243706.9,1243748.1,7,0.0,3,0,1,b
1,296,1244706.9,1245862.0,12,0.0,3,0,2,b
1,276,1247344.2,1248499.2,12,0.0,3,0,1,b
1,276,1248344.2,1249499.2,12,0.0,3,0,2,b
2,276,1247344.2,1248499.2,12,0.0,3,0,1,b
2,276,1248344.2,1249499.2,12,0.0,3,0,2,b
2,218,1246316.1,1246605.0,10,0.0,3,0,1,b
2,218,1247316.1,1248471.2,12,0.0,3,0,2,b
2,151,1247090.0,1247378.8,10,0.0,3,0,1,b
2,151,1248090.0,1249245.0,12,0.0,3,0,2,b
2,313,1247749.8,1248327.2,11,0.0,3,0,1,b
2,313,1248749.8,1249904.8,12,0.0,3,0,2,b
1,177,1247033.2,1247115.6,8,0.0,3,0,1,b
1,177,1248033.2,1249188.2,12,0.0,3,0,2,b
2,329,1247489.1,1247778.0,10,0.0,3,0,1,b
2,329,1248489.1,1249644.1,12,0.0,3,0,2,b
2,256,1251173.1,1251214.4,7,0.0,3,0,1,b
2,256,1252173.1,1253328.1,12,0.0,3,0,2,b
1,275,1252446.1,1252590.6,9,0.0,3,0,1,c
1,275,1253446.1,1254601.2,12,0.0,3,0,2,c
2,275,1252446.1,1252590.6,9,0.0,3,0,1,b
2,275,1253446.1,1254601.2,12,0.0,3,0,2,b
2,139,1255649.9,1255938.8,10,0.0,3,0,1,b
2,139,1256649.9,1257804.9,12,0.0,3,0,2,b
1,176,1261804.6,1262093.4,10,0.0,3,0,1,b
1,176,1262804.6,1263959.6,12,0.0,3,0,2,b
2,176,1261804.6,1262093.4,10,0.0,3,0,1,b
2,176,1262804.6,1263959.6,12,0.0,3,0,2,b
1,399,1262194.5,1262483.2,10,0.0,3,0,1,b
1,399,1263194.5,1264349.5,12,0.0,3,0,2,b
2,399,1262194.5,1262483.2,10,0.0,3,0,1,b
2,399,1263194.5,1264349.5,12,0.0,3,0,2,b
2,232,1262687.2,1262976.1,10,0.0,3,0,1,b
2,232,1263687.2,1264842.2,12,0.0,3,0,2,b
2,155,1264408.9,1264986.5,11,0.0,3,0,1,c
2,155,1265408.9,1266564.0,12,0.0,3,0,2,c
1,352,1266712.2,1267001.1,10,0.0,3,0,1,c
1,352,1267712.2,1268867.2,12,0.0,3,0,2,c
2,318,1271762.0,1272339.5,11,0.0,3,0,1,b
2,318,1272762.0,1273917.0,12,0.0,3,0,2,b
2,340,1272080.4,1272224.8,9,0.0,3,0,1,b
2,340,1273080.4,1274235.4,12,0.0,3,0,2,b
1,160,1272703.5,1272992.2,10,0.0,3,0,1,b
1,160,1273703.5,1274858.5,12,0.0,3,0,2,b
2,160,1272703.5,1272992.2,10,0.0,3,0,1,b
2,160,1273703.5,1274858.5,12,0.0,3,0,2,b
2,131,1273688.5,1273729.8,7,0.0,3,0,1,b
2,131,1274688.5,1275843.5,12,0.0,3,0,2,b
1,366,1275757.9,1276335.5,11,0.0,3,0,1,b
1,366,1276757.9,1277913.0,12,0.0,3,0,2,b
2,355,1277106.8,1278261.8,12,0.0,3,0,1,b
2,355,1278106.8,1279261.8,12,0.0,3,0,2,b
1,301,1277546.8,1277588.0,7,0.0,3,0,1,b
1,301,1278546.8,1279701.8,12,0.0,3,0,2,b
1,299,1278851.6,1279140.5,10,0.0,3,0,1,c
1,299,1279851.6,1281006.8,12,0.0,3,0,2,c
2,84,1282047.2,1282336.0,10,0.0,3,0,1,c
2,84,1283047.2,1284202.2,12,0.0,3,0,2,c
1,138,1284544.6,1284627.1,8,0.0,3,0,1,b
1,138,1285544.6,1286699.8,12,0.0,3,0,2,b
2,117,1286331.0,1286619.9,10,0.0,3,0,1,b
2,117,1287331.0,1288486.1,12,0.0,3,0,2,b
2,165,1289215.8,1289360.1,9,0.0,3,0,1,b
2,165,1290215.8,1291370.8,12,0.0,3,0,2,b
1,255,1290318.5,1290462.9,9,0.0,3,0,1,b
1,255,1291318.5,1292473.5,12,0.0,3,0,2,b
2,255,1290318.5,1290462.9,9,0.0,3,0,1,b
2,255,1291318.5,1292473.5,12,0.0,3,0,2,b
1,206,1291928.6,1292506.1,11,0.0,3,0,1,c
1,206,1292928.6,1294083.6,12,0.0,3,0,2,c
2,206,1291928.6,1292506.1,11,0.0,3,0,1,b
2,206,1292928.6,1294083.6,12,0.0,3,0,2,b
1,340,1296758.6,1296903.1,9,0.0,3,0,1,b
1,340,1297758.6,1298913.8,12,0.0,3,0,2,b
1,33,1297845.5,1298423.0,11,0.0,3,0,1,b
1,33,1298845.5,1300000.5,12,0.0,3,0,2,b
1,9,1297492.0,1297636.4,9,0.0,3,0,1,b
1,9,1298492.0,1299647.0,12,0.0,3,0,2,b
1,75,1298292.4,1298374.8,8,0.0,3,0,1,b
1,75,1299292.4,1300447.4,12,0.0,3,0,2,b
1,358,1300042.8,1300125.1,8,0.0,3,0,1,b
1,358,1301042.8,1302197.8,12,0.0,3,0,2,b
2,15,1303915.8,1305070.8,12,0.0,3,0,1,c
2,15,1304915.8,1306070.8,12,0.0,3,0,2,c
1,18,1304943.9,1306098.9,12,0.0,3,0,1,b
1,18,1305943.9,1307098.9,12,0.0,3,0,2,b
2,18,1304943.9,1306098.9,12,0.0,3,0,1,b
2,18,1305943.9,1307098.9,12,0.0,3,0,2,b
1,257,1305171.9,1306326.9,12,0.0,3,0,1,b
1,257,1306171.9,1307326.9,12,0.0,3,0,2,b
2,257,1305171.9,1306326.9,12,0.0,3,0,1,b
2,257,1306171.9,1307326.9,12,0.0,3,0,2,b
2,3,1306004.1,1307159.1,12,0.0,3,0,1,b
2,3,1307004.1,1308159.1,12,0.0,3,0,2,b
1,147,1306144.1,1307299.2,12,0.0,3,0,1,b
1,147,1307144.1,1308299.2,12,0.0,3,0,2,b
1,373,1310355.0,1310643.8,10,0.0,3,0,1,b
1,373,1311355.0,1312510.0,12,0.0,3,0,2,b
1,171,1313360.6,1313938.1,11,0.0,3,0,1,b
1,171,1314360.6,1315515.6,12,0.0,3,0,2,b
2,171,1313360.6,1313938.1,11,0.0,3,0,1,b
2,171,1314360.6,1315515.6,12,0.0,3,0,2,b
2,201,1314690.5,1315845.6,12,0.0,3,0,1,c
2,201,1315690.5,1316845.6,12,0.0,3,0,2,c
1,29,1317261.9,1318416.9,12,0.0,3,0,1,c
1,29,1318261.9,1319416.9,12,0.0,3,0,2,c
2,332,1318060.6,1318349.5,10,0.0,3,0,1,b
2,332,1319060.6,1320215.8,12,0.0,3,0,2,b
2,211,1319789.6,1320944.8,12,0.0,3,0,1,b
2,211,1320789.6,1321944.8,12,0.0,3,0,2,b
2,133,1319230.1,1319518.9,10,0.0,3,0,1,b
2,133,1320230.1,1321385.1,12,0.0,3,0,2,b
2,7,1319848.0,1320425.5,11,0.0,3,0,1,b
2,7,1320848.0,1322003.0,12,0.0,3,0,2,b
1,294,1320962.9,1321540.4,11,0.0,3,0,1,b
1,294,1321962.9,1323117.9,12,0.0,3,0,2,b
1,73,1322916.8,1322958.0,7,0.0,3,0,1,b
1,73,1323916.8,1325071.8,12,0.0,3,0,2,b
2,73,1322916.8,1322958.0,7,0.0,3,0,1,b
2,73,1323916.8,1325071.8,12,0.0,3,0,2,b
1,234,1324466.4,1324610.9,9,0.0,3,0,1,b
1,234,1325466.4,1326621.5,12,0.0,3,0,2,b
2,234,1324466.4,1324610.9,9,0.0,3,0,1,b
2,234,1325466.4,1326621.5,12,0.0,3,0,2,b
1,32,1328273.8,1328356.2,8,0.0,3,0,1,b
1,32,1329273.8,1330428.9,12,0.0,3,0,2,b
1,98,1336493.4,1337648.5,12,0.0,3,0,1,c
1,98,1337493.4,1338648.5,12,0.0,3,0,2,c
1,203,1336917.8,1336959.0,7,0.0,3,0,1,b
1,203,1337917.8,1339072.8,12,0.0,3,0,2,b
2,212,1338680.6,1338721.9,7,0.0,3,0,1,b
2,212,1339680.6,1340835.8,12,0.0,3,0,2,b
2,149,1342086.8,1342375.6,10,0.0,3,0,1,c
2,149,1343086.8,1344241.9,12,0.0,3,0,2,c
2,336,1346184.0,1347339.0,12,0.0,3,0,1,b
2,336,1347184.0,1348339.0,12,0.0,3,0,2,b
2,335,1347338.0,1348493.0,12,0.0,3,0,1,b
2,335,1348338.0,1349493.0,12,0.0,3,0,2,b
2,237,1346003.8,1346148.2,9,0.0,3,0,1,b
2,237,1347003.8,1348158.9,12,0.0,3,0,2,b
1,27,1351631.9,1352786.9,12,0.0,3,0,1,c
1,27,1352631.9,1353786.9,12,0.0,3,0,2,c
2,27,1351631.9,1352786.9,12,0.0,3,0,1,b
2,27,1352631.9,1353786.9,12,0.0,3,0,2,b
1,252,1350965.1,1351542.6,11,0.0,3,0,1,c
1,252,1351965.1,1353120.1,12,0.0,3,0,2,c
2,252,1350965.1,1351542.6,11,0.0,3,0,1,b
2,252,1351965.1,1353120.1,12,0.0,3,0,2,b
2,68,1351203.2,1351347.6,9,0.0,3,0,1,b
2,68,1352203.2,1353358.2,12,0.0,3,0,2,b
1,20,1351861.4,1352005.8,9,0.0,3,0,1,c
1,20,1352861.4,1354016.4,12,0.0,3,0,2,c
1,345,1354236.1,1354277.4,7,0.0,3,0,1,b
1,345,1355236.1,1356391.1,12,0.0,3,0,2,b
1,36,1355239.2,1355816.8,11,0.0,3,0,1,b
1,36,1356239.2,1357394.2,12,0.0,3,0,2,b
1,387,1358676.0,1359831.0,12,0.0,3,0,1,b
1,387,1359676.0,1360831.0,12,0.0,3,0,2,b
1,263,1357209.5,1357250.8,7,0.0,3,0,1,b
1,263,1358209.5,1359364.5,12,0.0,3,0,2,b
1,219,1365057.6,1366212.6,12,0.0,3,0,1,c
1,219,1366057.6,1367212.6,12,0.0,3,0,2,c
2,219,1365057.6,1366212.6,12,0.0,3,0,1,b
2,219,1366057.6,1367212.6,12,0.0,3,0,2,b
1,263,1364403.1,1364444.4,7,0.0,3,0,1,c
1,263,1365403.1,1366558.1,12,0.0,3,0,2,c
1,227,1365599.4,1366176.9,11,0.0,3,0,1,c
1,227,1366599.4,1367754.4,12,0.0,3,0,2,c
1,205,1368058.5,1369213.5,12,0.0,3,0,1,b
1,205,1369058.5,1370213.5,12,0.0,3,0,2,b
2,110,1368839.5,1369994.5,12,0.0,3,0,1,c
2,110,1369839.5,1370994.5,12,0.0,3,0,2,c
1,357,1372566.8,1372711.1,9,0.0,3,0,1,b
1,357,1373566.8,1374721.8,12,0.0,3,0,2,b
1,299,1375020.1,1375309.0,10,0.0,3,0,1,b
1,299,1376020.1,1377175.1,12,0.0,3,0,2,b
1,185,1377019.6,1378174.6,12,0.0,3,0,1,b
1,185,1378019.6,1379174.6,12,0.0,3,0,2,b
2,185,1377019.6,1378174.6,12,0.0,3,0,1,b
2,185,1378019.6,1379174.6,12,0.0,3,0,2,b
2,87,1380523.1,1381678.1,12,0.0,3,0,1,b
2,87,1381523.1,1382678.1,12,0.0,3,0,2,b
1,372,1381162.1,1382317.1,12,0.0,3,0,1,b
1,372,1382162.1,1383317.1,12,0.0,3,0,2,b
1,75,1380932.6,1381015.0,8,0.0,3,0,1,c
1,75,1381932.6,1383087.6,12,0.0,3,0,2,c
2,75,1380932.6,1381015.0,8,0.0,3,0,1,b
2,75,1381932.6,1383087.6,12,0.0,3,0,2,b
1,109,1385930.1,1386219.0,10,0.0,3,0,1,b
1,109,1386930.1,1388085.2,12,0.0,3,0,2,b
2,109,1385930.1,1386219.0,10,0.0,3,0,1,b
2,109,1386930.1,1388085.2,12,0.0,3,0,2,b
2,60,1387178.4,1387260.8,8,0.0,3,0,1,b
2,60,1388178.4,1389333.4,12,0.0,3,0,2,b
2,262,1387591.8,1387674.2,8,0.0,3,0,1,b
2,262,1388591.8,1389746.9,12,0.0,3,0,2,b
2,261,1390125.0,1391280.0,12,0.0,3,0,1,b
2,261,1391125.0,1392280.0,12,0.0,3,0,2,b
2,122,1390431.0,1390719.9,10,0.0,3,0,1,b
2,122,1391431.0,1392586.0,12,0.0,3,0,2,b
1,5,1392645.4,1393800.4,12,0.0,3,0,1,c
1,5,1393645.4,1394800.4,12,0.0,3,0,2,c
2,5,1392645.4,1393800.4,12,0.0,3,0,1,c
2,5,1393645.4,1394800.4,12,0.0,3,0,2,c
2,344,1399365.6,1400520.6,12,0.0,3,0,1,b
2,344,1400365.6,1401520.6,12,0.0,3,0,2,b
2,232,1398981.5,1399270.2,10,0.0,3,0,1,b
2,232,1399981.5,1401136.5,12,0.0,3,0,2,b
1,229,1402225.1,1403380.1,12,0.0,3,0,1,c
1,229,1403225.1,1404380.1,12,0.0,3,0,2,c
2,229,1402225.1,1403380.1,12,0.0,3,0,1,b
2,229,1403225.1,1404380.1,12,0.0,3,0,2,b
1,38,1402397.5,1403552.5,12,0.0,3,0,1,c
1,38,1403397.5,1404552.5,12,0.0,3,0,2,c
1,177,1403738.8,1403821.1,8,0.0,3,0,1,b
1,177,1404738.8,1405893.8,12,0.0,3,0,2,b
1,250,1405613.6,1406768.6,12,0.0,3,0,1,c
1,250,1406613.6,1407768.6,12,0.0,3,0,2,c
1,245,1407744.6,1408322.1,11,0.0,3,0,1,b
1,245,1408744.6,1409899.6,12,0.0,3,0,2,b
2,245,1407744.6,1408322.1,11,0.0,3,0,1,b
2,245,1408744.6,1409899.6,12,0.0,3,0,2,b
1,258,1409376.8,1410531.8,12,0.0,3,0,1,b
1,258,1410376.8,1411531.8,12,0.0,3,0,2,b
2,258,1409376.8,1410531.8,12,0.0,3,0,1,b
2,258,1410376.8,1411531.8,12,0.0,3,0,2,b
1,289,1409403.9,1409981.5,11,0.0,3,0,1,b
1,289,1410403.9,1411559.0,12,0.0,3,0,2,b
1,380,1409701.6,1409990.5,10,0.0,3,0,1,b
1,380,1410701.6,1411856.8,12,0.0,3,0,2,b
2,380,1409701.6,1409990.5,10,0.0,3,0,1,b
2,380,1410701.6,1411856.8,12,0.0,3,0,2,b
1,222,1412389.0,1413544.1,12,0.0,3,0,1,b
1,222,1413389.0,1414544.1,12,0.0,3,0,2,b
2,146,1415076.5,1416231.6,12,0.0,3,0,1,b
2,146,1416076.5,1417231.6,12,0.0,3,0,2,b
2,183,1418981.4,1419270.1,10,0.0,3,0,1,b
2,183,1419981.4,1421136.4,12,0.0,3,0,2,b
1,137,1422980.4,1424135.4,12,0.0,3,0,1,b
1,137,1423980.4,1425135.4,12,0.0,3,0,2,b
2,137,1422980.4,1424135.4,12,0.0,3,0,1,c
2,137,1423980.4,1425135.4,12,0.0,3,0,2,c
1,315,1421554.0,1421698.4,9,0.0,3,0,1,b
1,315,1422554.0,1423709.0,12,0.0,3,0,2,b
2,315,1421554.0,1421698.4,9,0.0,3,0,1,b
2,315,1422554.0,1423709.0,12,0.0,3,0,2,b
1,324,1424230.4,1424312.8,8,0.0,3,0,1,b
1,324,1425230.4,1426385.4,12,0.0,3,0,2,b
2,324,1424230.4,1424312.8,8,0.0,3,0,1,b
2,324,1425230.4,1426385.4,12,0.0,3,0,2,b
1,388,1425342.2,1425919.8,11,0.0,3,0,1,b
1,388,1426342.2,1427497.4,12,0.0,3,0,2,b
1,332,1427120.5,1427409.2,10,0.0,3,0,1,b
1,332,1428120.5,1429275.5,12,0.0,3,0,2,b
2,332,1427120.5,1427409.2,10,0.0,3,0,1,b
2,332,1428120.5,1429275.5,12,0.0,3,0,2,b
1,273,1427433.0,1427474.2,7,0.0,3,0,1,b
1,273,1428433.0,1429588.0,12,0.0,3,0,2,b
1,236,1430434.9,1430517.2,8,0.0,3,0,1,b
1,236,1431434.9,1432589.9,12,0.0,3,0,2,b
1,82,1437429.1,1438584.1,12,0.0,3,0,1,b
1,82,1438429.1,1439584.1,12,0.0,3,0,2,b
2,82,1437429.1,1438584.1,12,0.0,3,0,1,b
2,82,1438429.1,1439584.1,12,0.0,3,0,2,b
2,284,1436698.1,1436987.0,10,0.0,3,0,1,c
2,284,1437698.1,1438853.1,12,0.0,3,0,2,c
1,362,1438679.8,1438824.2,9,0.0,3,0,1,b
1,362,1439679.8,1440834.9,12,0.0,3,0,2,b
2,84,1440686.6,1440975.5,10,0.0,3,0,1,b
2,84,1441686.6,1442841.6,12,0.0,3,0,2,b
2,162,1443856.2,1444145.0,10,0.0,3,0,1,c
2,162,1444856.2,1446011.2,12,0.0,3,0,2,c
2,13,1445393.9,1445476.4,8,0.0,3,0,1,b
2,13,1446393.9,1447549.0,12,0.0,3,0,2,b
1,191,1445727.1,1445871.6,9,0.0,3,0,1,c
1,191,1446727.1,1447882.2,12,0.0,3,0,2,c
2,356,1445859.9,1446004.2,9,0.0,3,0,1,b
2,356,1446859.9,1448014.9,12,0.0,3,0,2,b
1,34,1448357.1,1448501.6,9,0.0,3,0,1,b
1,34,1449357.1,1450512.2,12,0.0,3,0,2,b
2,34,1448357.1,1448501.6,9,0.0,3,0,1,b
2,34,1449357.1,1450512.2,12,0.0,3,0,2,b
1,252,1449678.8,1450256.2,11,0.0,3,0,1,b
1,252,1450678.8,1451833.8,12,0.0,3,0,2,b
1,358,1450104.4,1450186.8,8,0.0,3,0,1,b
1,358,1451104.4,1452259.4,12,0.0,3,0,2,b
2,358,1450104.4,1450186.8,8,0.0,3,0,1,b
2,358,1451104.4,1452259.4,12,0.0,3,0,2,b
1,139,1452348.9,1452637.8,10,0.0,3,0,1,b
1,139,1453348.9,1454503.9,12,0.0,3,0,2,b
2,139,1452348.9,1452637.8,10,0.0,3,0,1,b
2,139,1453348.9,1454503.9,12,0.0,3,0,2,b
1,338,1454028.4,1454069.6,7,0.0,3,0,1,b
1,338,1455028.4,1456183.4,12,0.0,3,0,2,b
1,319,1456374.0,1456662.9,10,0.0,3,0,1,b
1,319,1457374.0,1458529.0,12,0.0,3,0,2,b
2,355,1458149.8,1459304.8,12,0.0,3,0,1,b
2,355,1459149.8,1460304.8,12,0.0,3,0,2,b
2,325,1457195.0,1457277.4,8,0.0,3,0,1,c
2,325,1458195.0,1459350.0,12,0.0,3,0,2,c
1,399,1459635.0,1459923.9,10,0.0,3,0,1,c
1,399,1460635.0,1461790.0,12,0.0,3,0,2,c
2,399,1459635.0,1459923.9,10,0.0,3,0,1,b
2,399,1460635.0,1461790.0,12,0.0,3,0,2,b
1,133,1461728.4,1462017.2,10,0.0,3,0,1,b
1,133,1462728.4,1463883.4,12,0.0,3,0,2,b
2,145,1464096.0,1464673.5,11,0.0,3,0,1,b
2,145,1465096.0,1466251.0,12,0.0,3,0,2,b
2,227,1464313.0,1464890.5,11,0.0,3,0,1,b
2,227,1465313.0,1466468.0,12,0.0,3,0,2,b
1,14,1465946.1,1467101.2,12,0.0,3,0,1,b
1,14,1466946.1,1468101.2,12,0.0,3,0,2,b
2,14,1465946.1,1467101.2,12,0.0,3,0,1,b
2,14,1466946.1,1468101.2,12,0.0,3,0,2,b
1,192,1464619.5,1464763.9,9,0.0,3,0,1,b
1,192,1465619.5,1466774.5,12,0.0,3,0,2,b
2,189,1467644.8,1468799.8,12,0.0,3,0,1,c
2,189,1468644.8,1469799.8,12,0.0,3,0,2,c
2,223,1476754.9,1476899.2,9,0.0,3,0,1,b
2,223,1477754.9,1478909.9,12,0.0,3,0,2,b
1,115,1477691.1,1477980.0,10,0.0,3,0,1,b
1,115,1478691.1,1479846.2,12,0.0,3,0,2,b
2,317,1481770.5,1482348.0,11,0.0,3,0,1,b
2,317,1482770.5,1483925.5,12,0.0,3,0,2,b
1,275,1482205.8,1482350.1,9,0.0,3,0,1,b
1,275,1483205.8,1484360.8,12,0.0,3,0,2,b
1,15,1484959.0,1486114.0,12,0.0,3,0,1,b
1,15,1485959.0,1487114.0,12,0.0,3,0,2,b
2,15,1484959.0,1486114.0,12,0.0,3,0,1,b
2,15,1485959.0,1487114.0,12,0.0,3,0,2,b
2,19,1484832.5,1485121.4,10,0.0,3,0,1,b
2,19,1485832.5,1486987.5,12,0.0,3,0,2,b
1,150,1484942.2,1485086.6,9,0.0,3,0,1,b
1,150,1485942.2,1487097.2,12,0.0,3,0,2,b
2,150,1484942.2,1485086.6,9,0.0,3,0,1,b
2,150,1485942.2,1487097.2,12,0.0,3,0,2,b
1,349,1485088.0,1485232.4,9,0.0,3,0,1,b
1,349,1486088.0,1487243.0,12,0.0,3,0,2,b
1,3,1487047.4,1488202.4,12,0.0,3,0,1,b
1,3,1488047.4,1489202.4,12,0.0,3,0,2,b
2,147,1487187.4,1488342.4,12,0.0,3,0,1,c
2,147,1488187.4,1489342.4,12,0.0,3,0,2,c
1,255,1485817.6,1485962.0,9,0.0,3,0,1,b
1,255,1486817.6,1487972.6,12,0.0,3,0,2,b
1,163,1486033.2,1486322.0,10,0.0,3,0,1,b
1,163,1487033.2,1488188.2,12,0.0,3,0,2,b
1,283,1486618.5,1486907.4,10,0.0,3,0,1,b
1,283,1487618.5,1488773.5,12,0.0,3,0,2,b
1,238,1487571.9,1487613.1,7,0.0,3,0,1,b
1,238,1488571.9,1489726.9,12,0.0,3,0,2,b
1,193,1490439.8,1491594.8,12,0.0,3,0,1,b
1,193,1491439.8,1492594.8,12,0.0,3,0,2,b
2,280,1491177.1,1492332.1,12,0.0,3,0,1,b
2,280,1492177.1,1493332.1,12,0.0,3,0,2,b
1,298,1490634.8,1490923.6,10,0.0,3,0,1,b
1,298,1491634.8,1492789.8,12,0.0,3,0,2,b
2,380,1490825.1,1491113.9,10,0.0,3,0,1,b
2,380,1491825.1,1492980.1,12,0.0,3,0,2,b
1,168,1491120.5,1491202.9,8,0.0,3,0,1,b
1,168,1492120.5,1493275.5,12,0.0,3,0,2,b
2,39,1491650.2,1491939.1,10,0.0,3,0,1,b
2,39,1492650.2,1493805.2,12,0.0,3,0,2,b
2,44,1493106.0,1493394.8,10,0.0,3,0,1,b
2,44,1494106.0,1495261.0,12,0.0,3,0,2,b
2,350,1496367.0,1497522.0,12,0.0,3,0,1,b
2,350,1497367.0,1498522.0,12,0.0,3,0,2,b
1,94,1498176.0,1499331.0,12,0.0,3,0,1,b
1,94,1499176.0,1500331.0,12,0.0,3,0,2,b
2,20,1497077.6,1497222.0,9,0.0,3,0,1,b
2,20,1498077.6,1499232.6,12,0.0,3,0,2,b
1,117,1497445.2,1497734.1,10,0.0,3,0,1,b
1,117,1498445.2,1499600.4,12,0.0,3,0,2,b
2,117,1497445.2,1497734.1,10,0.0,3,0,1,b
2,117,1498445.2,1499600.4,12,0.0,3,0,2,b
2,374,1498404.5,1498693.4,10,0.0,3,0,1,b
2,374,1499404.5,1500559.6,12,0.0,3,0,2,b
2,211,1500832.9,1501987.9,12,0.0,3,0,1,b
2,211,1501832.9,1502987.9,12,0.0,3,0,2,b
1,396,1503384.2,1503961.8,11,0.0,3,0,1,b
1,396,1504384.2,1505539.2,12,0.0,3,0,2,b
1,362,1504303.1,1504447.5,9,0.0,3,0,1,b
1,362,1505303.1,1506458.1,12,0.0,3,0,2,b
1,278,1505985.4,1507140.4,12,0.0,3,0,1,b
1,278,1506985.4,1508140.4,12,0.0,3,0,2,b
2,278,1505985.4,1507140.4,12,0.0,3,0,1,b
2,278,1506985.4,1508140.4,12,0.0,3,0,2,b
2,245,1506458.2,1507035.8,11,0.0,3,0,1,b
2,245,1507458.2,1508613.2,12,0.0,3,0,2,b
1,109,1506655.6,1506944.5,10,0.0,3,0,1,b
1,109,1507655.6,1508810.6,12,0.0,3,0,2,b
2,109,1506655.6,1506944.5,10,0.0,3,0,1,b
2,109,1507655.6,1508810.6,12,0.0,3,0,2,b
1,289,1508117.5,1508695.1,11,0.0,3,0,1,b
1,289,1509117.5,1510272.6,12,0.0,3,0,2,b
2,289,1508117.5,1508695.1,11,0.0,3,0,1,b
2,289,1509117.5,1510272.6,12,0.0,3,0,2,b
1,98,1517536.6,1518691.6,12,0.0,3,0,1,b
1,98,1518536.6,1519691.6,12,0.0,3,0,2,b
2,98,1517536.6,1518691.6,12,0.0,3,0,1,b
2,98,1518536.6,1519691.6,12,0.0,3,0,2,b
1,304,1516709.1,1516997.9,10,0.0,3,0,1,b
1,304,1517709.1,1518864.1,12,0.0,3,0,2,b
1,21,1518691.5,1519846.5,12,0.0,3,0,1,b
1,21,1519691.5,1520846.5,12,0.0,3,0,2,b
1,55,1519659.4,1520237.0,11,0.0,3,0,1,b
1,55,1520659.4,1521814.5,12,0.0,3,0,2,b
1,267,1521760.0,1522048.9,10,0.0,3,0,1,c
1,267,1522760.0,1523915.0,12,0.0,3,0,2,c
2,166,1522998.2,1523575.8,11,0.0,3,0,1,b
2,166,1523998.2,1525153.4,12,0.0,3,0,2,b
1,321,1523871.9,1523913.1,7,0.0,3,0,1,b
1,321,1524871.9,1526026.9,12,0.0,3,0,2,b
1,141,1524314.4,1524458.8,9,0.0,3,0,1,b
1,141,1525314.4,1526469.4,12,0.0,3,0,2,b
1,336,1527227.1,1528382.2,12,0.0,3,0,1,c
1,336,1528227.1,1529382.2,12,0.0,3,0,2,c
2,335,1528381.2,1529536.2,12,0.0,3,0,1,b
2,335,1529381.2,1530536.2,12,0.0,3,0,2,b
1,284,1534192.0,1534480.9,10,0.0,3,0,1,b
1,284,1535192.0,1536347.0,12,0.0,3,0,2,b
1,114,1535194.8,1535772.2,11,0.0,3,0,1,c
1,114,1536194.8,1537349.8,12,0.0,3,0,2,c
2,114,1535194.8,1535772.2,11,0.0,3,0,1,b
2,114,1536194.8,1537349.8,12,0.0,3,0,2,b
2,165,1545259.6,1545404.0,9,0.0,3,0,1,b
2,165,1546259.6,1547414.6,12,0.0,3,0,2,b
1,89,1547311.2,1548466.2,12,0.0,3,0,1,b
1,89,1548311.2,1549466.2,12,0.0,3,0,2,b
2,16,1548100.8,1549255.8,12,0.0,3,0,1,b
2,16,1549100.8,1550255.8,12,0.0,3,0,2,b
1,221,1548337.4,1549492.4,12,0.0,3,0,1,b
1,221,1549337.4,1550492.4,12,0.0,3,0,2,b
2,110,1549882.8,1551037.8,12,0.0,3,0,1,b
2,110,1550882.8,1552037.8,12,0.0,3,0,2,b
1,20,1548488.8,1548633.1,9,0.0,3,0,1,b
1,20,1549488.8,1550643.8,12,0.0,3,0,2,b
2,20,1548488.8,1548633.1,9,0.0,3,0,1,b
2,20,1549488.8,1550643.8,12,0.0,3,0,2,b
1,332,1551467.5,1551756.4,10,0.0,3,0,1,b
1,332,1552467.5,1553622.5,12,0.0,3,0,2,b
1,209,1552163.6,1552308.0,9,0.0,3,0,1,b
1,209,1553163.6,1554318.6,12,0.0,3,0,2,b
1,382,1552979.2,1553556.8,11,0.0,3,0,1,b
1,382,1553979.2,1555134.2,12,0.0,3,0,2,b
1,100,1556409.6,1556698.5,10,0.0,3,0,1,b
1,100,1557409.6,1558564.8,12,0.0,3,0,2,b
1,224,1562905.6,1562946.9,7,0.0,3,0,1,b
1,224,1563905.6,1565060.6,12,0.0,3,0,2,b
1,386,1565113.4,1565257.8,9,0.0,3,0,1,b
1,386,1566113.4,1567268.4,12,0.0,3,0,2,b
1,397,1566730.2,1567885.2,12,0.0,3,0,1,b
1,397,1567730.2,1568885.2,12,0.0,3,0,2,b
2,397,1566730.2,1567885.2,12,0.0,3,0,1,b
2,397,1567730.2,1568885.2,12,0.0,3,0,2,b
1,298,1566033.9,1566322.8,10,0.0,3,0,1,b
1,298,1567033.9,1568189.0,12,0.0,3,0,2,b
1,255,1570585.4,1570729.8,9,0.0,3,0,1,b
1,255,1571585.4,1572740.4,12,0.0,3,0,2,b
2,255,1570585.4,1570729.8,9,0.0,3,0,1,b
2,255,1571585.4,1572740.4,12,0.0,3,0,2,b
1,343,1575229.9,1576384.9,12,0.0,3,0,1,b
1,343,1576229.9,1577384.9,12,0.0,3,0,2,b
1,25,1574058.8,1574203.1,9,0.0,3,0,1,b
1,25,1575058.8,1576213.8,12,0.0,3,0,2,b
2,25,1574058.8,1574203.1,9,0.0,3,0,1,c
2,25,1575058.8,1576213.8,12,0.0,3,0,2,c
1,118,1575181.9,1575326.2,9,0.0,3,0,1,b
1,118,1576181.9,1577336.9,12,0.0,3,0,2,b
1,171,1577307.8,1577885.2,11,0.0,3,0,1,b
1,171,1578307.8,1579462.8,12,0.0,3,0,2,b
2,171,1577307.8,1577885.2,11,0.0,3,0,1,b
2,171,1578307.8,1579462.8,12,0.0,3,0,2,b
2,81,1576616.1,1576657.4,7,0.0,3,0,1,b
2,81,1577616.1,1578771.1,12,0.0,3,0,2,b
1,209,1576841.9,1576986.4,9,0.0,3,0,1,b
1,209,1577841.9,1578997.0,12,0.0,3,0,2,b
2,290,1578872.9,1579161.8,10,0.0,3,0,1,b
2,290,1579872.9,1581028.0,12,0.0,3,0,2,b
1,261,1581165.8,1582320.8,12,0.0,3,0,1,b
1,261,1582165.8,1583320.8,12,0.0,3,0,2,b
2,261,1581165.8,1582320.8,12,0.0,3,0,1,b
2,261,1582165.8,1583320.8,12,0.0,3,0,2,b
1,38,1583440.6,1584595.8,12,0.0,3,0,1,b
1,38,1584440.6,1585595.8,12,0.0,3,0,2,b
1,373,1582178.1,1582466.9,10,0.0,3,0,1,b
1,373,1583178.1,1584333.1,12,0.0,3,0,2,b
1,258,1590419.9,1591575.0,12,0.0,3,0,1,b
1,258,1591419.9,1592575.0,12,0.0,3,0,2,b
2,52,1592359.2,1592503.6,9,0.0,3,0,1,c
2,52,1593359.2,1594514.2,12,0.0,3,0,2,c
2,65,1592823.0,1592967.4,9,0.0,3,0,1,b
2,65,1593823.0,1594978.0,12,0.0,3,0,2,b
2,154,1596058.6,1597213.6,12,0.0,3,0,1,b
2,154,1597058.6,1598213.6,12,0.0,3,0,2,b
1,146,1596119.6,1597274.6,12,0.0,3,0,1,c
1,146,1597119.6,1598274.6,12,0.0,3,0,2,c
1,243,1596601.0,1597756.0,12,0.0,3,0,1,c
1,243,1597601.0,1598756.0,12,0.0,3,0,2,c
2,243,1596601.0,1597756.0,12,0.0,3,0,1,b
2,243,1597601.0,1598756.0,12,0.0,3,0,2,b
1,293,1596670.9,1596753.2,8,0.0,3,0,1,b
1,293,1597670.9,1598825.9,12,0.0,3,0,2,b
2,293,1596670.9,1596753.2,8,0.0,3,0,1,b
2,293,1597670.9,1598825.9,12,0.0,3,0,2,b
2,125,1601305.1,1601449.6,9,0.0,3,0,1,b
2,125,1602305.1,1603460.2,12,0.0,3,0,2,b
1,100,1601670.4,1601959.2,10,0.0,3,0,1,b
1,100,1602670.4,1603825.5,12,0.0,3,0,2,b
2,289,1606831.1,1607408.8,11,0.0,3,0,1,b
2,289,1607831.1,1608986.2,12,0.0,3,0,2,b
1,79,1606442.5,1606586.9,9,0.0,3,0,1,b
1,79,1607442.5,1608597.5,12,0.0,3,0,2,b
1,218,1610922.6,1611211.4,10,0.0,3,0,1,b
1,218,1611922.6,1613077.6,12,0.0,3,0,2,b
2,218,1610922.6,1611211.4,10,0.0,3,0,1,b
2,218,1611922.6,1613077.6,12,0.0,3,0,2,b
1,295,1613617.2,1614772.4,12,0.0,3,0,1,b
1,295,1614617.2,1615772.4,12,0.0,3,0,2,b
2,295,1613617.2,1614772.4,12,0.0,3,0,1,b
2,295,1614617.2,1615772.4,12,0.0,3,0,2,b
1,338,1613808.1,1613849.4,7,0.0,3,0,1,b
1,338,1614808.1,1615963.1,12,0.0,3,0,2,b
2,82,1618472.2,1619627.4,12,0.0,3,0,1,c
2,82,1619472.2,1620627.4,12,0.0,3,0,2,c
1,253,1618591.8,1619746.9,12,0.0,3,0,1,b
1,253,1619591.8,1620746.9,12,0.0,3,0,2,b
1,309,1622511.2,1623666.2,12,0.0,3,0,1,b
1,309,1623511.2,1624666.2,12,0.0,3,0,2,b
2,309,1622511.2,1623666.2,12,0.0,3,0,1,b
2,309,1623511.2,1624666.2,12,0.0,3,0,2,b
2,311,1622798.1,1623953.1,12,0.0,3,0,1,b
2,311,1623798.1,1624953.1,12,0.0,3,0,2,b
1,290,1624133.8,1624422.6,10,0.0,3,0,1,b
1,290,1625133.8,1626288.9,12,0.0,3,0,2,b
2,290,1624133.8,1624422.6,10,0.0,3,0,1,b
2,290,1625133.8,1626288.9,12,0.0,3,0,2,b
1,393,1625113.9,1625691.4,11,0.0,3,0,1,b
1,393,1626113.9,1627268.9,12,0.0,3,0,2,b
2,393,1625113.9,1625691.4,11,0.0,3,0,1,b
2,393,1626113.9,1627268.9,12,0.0,3,0,2,b
1,125,1625983.5,1626127.9,9,0.0,3,0,1,b
1,125,1626983.5,1628138.5,12,0.0,3,0,2,b
1,49,1626861.1,1627438.6,11,0.0,3,0,1,b
1,49,1627861.1,1629016.1,12,0.0,3,0,2,b
1,203,1627683.9,1627725.1,7,0.0,3,0,1,b
1,203,1628683.9,1629838.9,12,0.0,3,0,2,b
1,133,1632177.8,1632466.5,10,0.0,3,0,1,b
1,133,1633177.8,1634332.8,12,0.0,3,0,2,b
2,40,1632485.2,1632526.5,7,0.0,3,0,1,b
2,40,1633485.2,1634640.2,12,0.0,3,0,2,b
1,145,1634161.6,1634739.1,11,0.0,3,0,1,b
1,145,1635161.6,1636316.6,12,0.0,3,0,2,b
1,129,1635495.1,1636650.1,12,0.0,3,0,1,b
1,129,1636495.1,1637650.1,12,0.0,3,0,2,b
1,59,1634300.2,1634444.8,9,0.0,3,0,1,b
1,59,1635300.2,1636455.4,12,0.0,3,0,2,b
1,157,1634383.5,1634528.0,9,0.0,3,0,1,b
1,157,1635383.5,1636538.6,12,0.0,3,0,2,b
2,105,1635387.5,1635965.0,11,0.0,3,0,1,b
2,105,1636387.5,1637542.5,12,0.0,3,0,2,b
2,299,1636116.9,1636405.6,10,0.0,3,0,1,b
2,299,1637116.9,1638271.9,12,0.0,3,0,2,b
2,11,1636640.5,1636784.9,9,0.0,3,0,1,b
2,11,1637640.5,1638795.5,12,0.0,3,0,2,b
2,69,1637119.2,1637201.6,8,0.0,3,0,1,b
2,69,1638119.2,1639274.2,12,0.0,3,0,2,b
1,43,1637496.0,1637578.4,8,0.0,3,0,1,b
1,43,1638496.0,1639651.0,12,0.0,3,0,2,b
1,294,1640933.1,1641510.6,11,0.0,3,0,1,b
1,294,1641933.1,1643088.1,12,0.0,3,0,2,b
2,294,1640933.1,1641510.6,11,0.0,3,0,1,b
2,294,1641933.1,1643088.1,12,0.0,3,0,2,b
1,306,1640264.1,1640305.4,7,0.0,3,0,1,b
1,306,1641264.1,1642419.2,12,0.0,3,0,2,b
2,201,1643177.6,1644332.6,12,0.0,3,0,1,b
2,201,1644177.6,1645332.6,12,0.0,3,0,2,b
1,130,1643338.6,1643483.0,9,0.0,3,0,1,b
1,130,1644338.6,1645493.6,12,0.0,3,0,2,b
1,78,1646270.8,1646312.0,7,0.0,3,0,1,b
1,78,1647270.8,1648425.8,12,0.0,3,0,2,b
2,137,1648057.1,1649212.1,12,0.0,3,0,1,c
2,137,1649057.1,1650212.1,12,0.0,3,0,2,c
1,189,1648688.0,1649843.0,12,0.0,3,0,1,b
1,189,1649688.0,1650843.0,12,0.0,3,0,2,b
1,111,1648871.0,1650026.0,12,0.0,3,0,1,b
1,111,1649871.0,1651026.0,12,0.0,3,0,2,b
1,388,1652314.9,1652892.4,11,0.0,3,0,1,b
1,388,1653314.9,1654469.9,12,0.0,3,0,2,b
2,388,1652314.9,1652892.4,11,0.0,3,0,1,b
2,388,1653314.9,1654469.9,12,0.0,3,0,2,b
1,78,1653464.4,1653505.6,7,0.0,3,0,1,b
1,78,1654464.4,1655619.4,12,0.0,3,0,2,b
1,90,1657046.5,1657087.8,7,0.0,3,0,1,c
1,90,1658046.5,1659201.5,12,0.0,3,0,2,c
2,17,1660553.8,1660698.1,9,0.0,3,0,1,b
2,17,1661553.8,1662708.8,12,0.0,3,0,2,b
1,326,1661866.1,1662154.9,10,0.0,3,0,1,b
1,326,1662866.1,1664021.1,12,0.0,3,0,2,b
1,263,1662949.5,1662990.8,7,0.0,3,0,1,b
1,263,1663949.5,1665104.5,12,0.0,3,0,2,b
1,88,1663632.6,1663777.0,9,0.0,3,0,1,b
1,88,1664632.6,1665787.6,12,0.0,3,0,2,b
1,120,1665408.9,1666563.9,12,0.0,3,0,1,b
1,120,1666408.9,1667563.9,12,0.0,3,0,2,b
2,120,1665408.9,1666563.9,12,0.0,3,0,1,b
2,120,1666408.9,1667563.9,12,0.0,3,0,2,b
1,44,1665900.1,1666189.0,10,0.0,3,0,1,b
1,44,1666900.1,1668055.1,12,0.0,3,0,2,b
2,44,1665900.1,1666189.0,10,0.0,3,0,1,b
2,44,1666900.1,1668055.1,12,0.0,3,0,2,b
2,257,1667258.2,1668413.4,12,0.0,3,0,1,b
2,257,1668258.2,1669413.4,12,0.0,3,0,2,b
1,348,1669129.4,1669273.8,9,0.0,3,0,1,c
1,348,1670129.4,1671284.4,12,0.0,3,0,2,c
2,193,1671482.8,1672637.9,12,0.0,3,0,1,b
2,193,1672482.8,1673637.9,12,0.0,3,0,2,b
2,322,1672269.0,1673424.1,12,0.0,3,0,1,b
2,322,1673269.0,1674424.1,12,0.0,3,0,2,b
2,50,1671172.1,1671461.0,10,0.0,3,0,1,b
2,50,1672172.1,1673327.1,12,0.0,3,0,2,b
1,94,1679219.2,1680374.2,12,0.0,3,0,1,c
1,94,1680219.2,1681374.2,12,0.0,3,0,2,c
2,94,1679219.2,1680374.2,12,0.0,3,0,1,b
2,94,1680219.2,1681374.2,12,0.0,3,0,2,b
1,211,1681876.1,1683031.1,12,0.0,3,0,1,b
1,211,1682876.1,1684031.1,12,0.0,3,0,2,b
1,158,1682004.6,1682087.0,8,0.0,3,0,1,b
1,158,1683004.6,1684159.6,12,0.0,3,0,2,b
2,399,1684793.2,1685082.0,10,0.0,3,0,1,b
2,399,1685793.2,1686948.2,12,0.0,3,0,2,b
2,200,1685126.5,1685270.9,9,0.0,3,0,1,b
2,200,1686126.5,1687281.5,12,0.0,3,0,2,b
1,187,1687012.4,1688167.4,12,0.0,3,0,1,b
1,187,1688012.4,1689167.4,12,0.0,3,0,2,b
2,187,1687012.4,1688167.4,12,0.0,3,0,1,c
2,187,1688012.4,1689167.4,12,0.0,3,0,2,c
2,278,1687028.6,1688183.6,12,0.0,3,0,1,c
2,278,1688028.6,1689183.6,12,0.0,3,0,2,c
1,349,1685597.9,1685742.2,9,0.0,3,0,1,b
1,349,1686597.9,1687752.9,12,0.0,3,0,2,b
1,371,1688989.9,1690144.9,12,0.0,3,0,1,c
1,371,1689989.9,1691144.9,12,0.0,3,0,2,c
2,371,1688989.9,1690144.9,12,0.0,3,0,1,b
2,371,1689989.9,1691144.9,12,0.0,3,0,2,b
1,63,1688862.2,1688944.8,8,0.0,3,0,1,b
1,63,1689862.2,1691017.4,12,0.0,3,0,2,b
1,317,1692896.5,1693474.0,11,0.0,3,0,1,c
1,317,1693896.5,1695051.5,12,0.0,3,0,2,c
2,317,1692896.5,1693474.0,11,0.0,3,0,1,b
2,317,1693896.5,1695051.5,12,0.0,3,0,2,b
1,65,1693064.6,1693209.0,9,0.0,3,0,1,c
1,65,1694064.6,1695219.6,12,0.0,3,0,2,c
2,65,1693064.6,1693209.0,9,0.0,3,0,1,b
2,65,1694064.6,1695219.6,12,0.0,3,0,2,b
2,307,1697518.1,1698673.1,12,0.0,3,0,1,c
2,307,1698518.1,1699673.1,12,0.0,3,0,2,c
1,98,1698579.9,1699734.9,12,0.0,3,0,1,b
1,98,1699579.9,1700734.9,12,0.0,3,0,2,b
2,98,1698579.9,1699734.9,12,0.0,3,0,1,c
2,98,1699579.9,1700734.9,12,0.0,3,0,2,c
1,270,1700511.8,1701666.8,12,0.0,3,0,1,b
1,270,1701511.8,1702666.8,12,0.0,3,0,2,b
1,342,1700406.9,1700551.2,9,0.0,3,0,1,b
1,342,1701406.9,1702561.9,12,0.0,3,0,2,b
2,342,1700406.9,1700551.2,9,0.0,3,0,1,b
2,342,1701406.9,1702561.9,12,0.0,3,0,2,b
1,160,1703135.1,1703424.0,10,0.0,3,0,1,b
1,160,1704135.1,1705290.1,12,0.0,3,0,2,b
2,237,1704130.8,1704275.1,9,0.0,3,0,1,b
2,237,1705130.8,1706285.8,12,0.0,3,0,2,b
1,241,1706094.8,1706672.2,11,0.0,3,0,1,c
1,241,1707094.8,1708249.8,12,0.0,3,0,2,c
1,139,1707202.4,1707491.2,10,0.0,3,0,1,b
1,139,1708202.4,1709357.4,12,0.0,3,0,2,b
1,335,1709424.5,1710579.5,12,0.0,3,0,1,b
1,335,1710424.5,1711579.5,12,0.0,3,0,2,b
2,335,1709424.5,1710579.5,12,0.0,3,0,1,b
2,335,1710424.5,1711579.5,12,0.0,3,0,2,b
1,266,1711290.0,1711867.5,11,0.0,3,0,1,b
1,266,1712290.0,1713445.1,12,0.0,3,0,2,b
2,266,1711290.0,1711867.5,11,0.0,3,0,1,c
2,266,1712290.0,1713445.1,12,0.0,3,0,2,c
2,380,1711735.8,1712024.5,10,0.0,3,0,1,b
2,380,1712735.8,1713890.8,12,0.0,3,0,2,b
1,107,1712358.2,1712399.5,7,0.0,3,0,1,b
1,107,1713358.2,1714513.2,12,0.0,3,0,2,b
2,107,1712358.2,1712399.5,7,0.0,3,0,1,c
2,107,1713358.2,1714513.2,12,0.0,3,0,2,c
1,288,1713131.0,1713419.8,10,0.0,3,0,1,b
1,288,1714131.0,1715286.0,12,0.0,3,0,2,b
2,288,1713131.0,1713419.8,10,0.0,3,0,1,c
2,288,1714131.0,1715286.0,12,0.0,3,0,2,c
2,387,1720762.5,1721917.5,12,0.0,3,0,1,b
2,387,1721762.5,1722917.5,12,0.0,3,0,2,b
1,72,1719926.6,1720215.5,10,0.0,3,0,1,c
1,72,1720926.6,1722081.6,12,0.0,3,0,2,c
2,393,1723827.5,1724405.0,11,0.0,3,0,1,c
2,393,1724827.5,1725982.5,12,0.0,3,0,2,c
1,89,1728354.5,1729509.5,12,0.0,3,0,1,b
1,89,1729354.5,1730509.5,12,0.0,3,0,2,b
1,16,1729143.9,1730299.0,12,0.0,3,0,1,b
1,16,1730143.9,1731299.0,12,0.0,3,0,2,b
2,16,1729143.9,1730299.0,12,0.0,3,0,1,c
2,16,1730143.9,1731299.0,12,0.0,3,0,2,c
1,282,1729549.0,1729693.4,9,0.0,3,0,1,b
1,282,1730549.0,1731704.0,12,0.0,3,0,2,b
1,5,1734034.4,1735189.5,12,0.0,3,0,1,c
1,5,1735034.4,1736189.5,12,0.0,3,0,2,c
1,290,1733122.4,1733411.1,10,0.0,3,0,1,c
1,290,1734122.4,1735277.4,12,0.0,3,0,2,c
1,169,1733670.4,1734247.9,11,0.0,3,0,1,b
1,169,1734670.4,1735825.5,12,0.0,3,0,2,b
2,169,1733670.4,1734247.9,11,0.0,3,0,1,b
2,169,1734670.4,1735825.5,12,0.0,3,0,2,b
2,365,1733591.5,1733674.0,8,0.0,3,0,1,b
2,365,1734591.5,1735746.6,12,0.0,3,0,2,b
1,219,1738029.2,1739184.4,12,0.0,3,0,1,b
1,219,1739029.2,1740184.4,12,0.0,3,0,2,b
2,219,1738029.2,1739184.4,12,0.0,3,0,1,b
2,219,1739029.2,1740184.4,12,0.0,3,0,2,b
2,24,1736860.0,1737004.4,9,0.0,3,0,1,c
2,24,1737860.0,1739015.0,12,0.0,3,0,2,c
2,55,1740800.4,1741377.9,11,0.0,3,0,1,b
2,55,1741800.4,1742955.5,12,0.0,3,0,2,b
1,372,1743248.5,1744403.6,12,0.0,3,0,1,b
1,372,1744248.5,1745403.6,12,0.0,3,0,2,b
2,372,1743248.5,1744403.6,12,0.0,3,0,1,b
2,372,1744248.5,1745403.6,12,0.0,3,0,2,b
1,144,1743747.2,1744902.2,12,0.0,3,0,1,b
1,144,1744747.2,1745902.2,12,0.0,3,0,2,b
2,231,1747016.8,1748171.8,12,0.0,3,0,1,b
2,231,1748016.8,1749171.8,12,0.0,3,0,2,b
2,115,1751927.5,1752216.2,10,0.0,3,0,1,b
2,115,1752927.5,1754082.5,12,0.0,3,0,2,b
1,148,1752650.0,1752794.4,9,0.0,3,0,1,b
1,148,1753650.0,1754805.0,12,0.0,3,0,2,b
1,238,1752762.0,1752803.2,7,0.0,3,0,1,b
1,238,1753762.0,1754917.0,12,0.0,3,0,2,b
2,350,1754921.0,1756076.0,12,0.0,3,0,1,b
2,350,1755921.0,1757076.0,12,0.0,3,0,2,b
1,25,1754310.4,1754454.9,9,0.0,3,0,1,b
1,25,1755310.4,1756465.5,12,0.0,3,0,2,b
2,25,1754310.4,1754454.9,9,0.0,3,0,1,b
2,25,1755310.4,1756465.5,12,0.0,3,0,2,b
1,343,1756273.1,1757428.1,12,0.0,3,0,1,b
1,343,1757273.1,1758428.1,12,0.0,3,0,2,b
2,196,1756251.5,1756540.2,10,0.0,3,0,1,b
2,196,1757251.5,1758406.5,12,0.0,3,0,2,b
1,380,1756996.5,1757285.2,10,0.0,3,0,1,b
1,380,1757996.5,1759151.5,12,0.0,3,0,2,b
2,240,1760801.6,1761956.6,12,0.0,3,0,1,b
2,240,1761801.6,1762956.6,12,0.0,3,0,2,b
1,203,1759526.0,1759567.2,7,0.0,3,0,1,c
1,203,1760526.0,1761681.0,12,0.0,3,0,2,c
2,203,1759526.0,1759567.2,7,0.0,3,0,1,b
2,203,1760526.0,1761681.0,12,0.0,3,0,2,b
1,86,1762211.6,1762356.1,9,0.0,3,0,1,b
1,86,1763211.6,1764366.8,12,0.0,3,0,2,b
1,38,1764483.9,1765638.9,12,0.0,3,0,1,b
1,38,1765483.9,1766638.9,12,0.0,3,0,2,b
2,38,1764483.9,1765638.9,12,0.0,3,0,1,c
2,38,1765483.9,1766638.9,12,0.0,3,0,2,c
1,381,1765129.8,1765171.0,7,0.0,3,0,1,b
1,381,1766129.8,1767284.8,12,0.0,3,0,2,b
1,370,1767475.0,1768630.0,12,0.0,3,0,1,b
1,370,1768475.0,1769630.0,12,0.0,3,0,2,b
1,300,1767339.8,1767422.1,8,0.0,3,0,1,b
1,300,1768339.8,1769494.8,12,0.0,3,0,2,b
2,300,1767339.8,1767422.1,8,0.0,3,0,1,b
2,300,1768339.8,1769494.8,12,0.0,3,0,2,b
1,346,1777517.8,1778672.8,12,0.0,3,0,1,b
1,346,1778517.8,1779672.8,12,0.0,3,0,2,b
1,130,1777980.9,1778125.2,9,0.0,3,0,1,b
1,130,1778980.9,1780135.9,12,0.0,3,0,2,b
2,130,1777980.9,1778125.2,9,0.0,3,0,1,b
2,130,1778980.9,1780135.9,12,0.0,3,0,2,b
2,95,1780677.5,1781255.0,11,0.0,3,0,1,b
2,95,1781677.5,1782832.5,12,0.0,3,0,2,b
1,117,1780358.9,1780647.8,10,0.0,3,0,1,b
1,117,1781358.9,1782513.9,12,0.0,3,0,2,b
1,209,1781463.8,1781608.1,9,0.0,3,0,1,b
1,209,1782463.8,1783618.8,12,0.0,3,0,2,b
2,105,1784014.1,1784591.6,11,0.0,3,0,1,b
2,105,1785014.1,1786169.2,12,0.0,3,0,2,b
1,282,1784974.9,1785119.2,9,0.0,3,0,1,b
1,282,1785974.9,1787129.9,12,0.0,3,0,2,b
2,282,1784974.9,1785119.2,9,0.0,3,0,1,b
2,282,1785974.9,1787129.9,12,0.0,3,0,2,b
2,162,1785693.6,1785982.4,10,0.0,3,0,1,b
2,162,1786693.6,1787848.6,12,0.0,3,0,2,b
1,86,1786890.1,1787034.5,9,0.0,3,0,1,b
1,86,1787890.1,1789045.1,12,0.0,3,0,2,b
1,342,1786960.5,1787104.9,9,0.0,3,0,1,b
1,342,1787960.5,1789115.5,12,0.0,3,0,2,b
1,347,1788646.2,1788790.6,9,0.0,3,0,1,b
1,347,1789646.2,1790801.2,12,0.0,3,0,2,b
1,51,1792247.1,1793402.1,12,0.0,3,0,1,b
1,51,1793247.1,1794402.1,12,0.0,3,0,2,b
2,375,1793397.2,1794552.2,12,0.0,3,0,1,b
2,375,1794397.2,1795552.2,12,0.0,3,0,2,b
2,60,1791897.2,1791979.6,8,0.0,3,0,1,b
2,60,1792897.2,1794052.2,12,0.0,3,0,2,b
1,192,1792201.2,1792345.8,9,0.0,3,0,1,b
1,192,1793201.2,1794356.4,12,0.0,3,0,2,b
1,127,1793856.0,1795011.0,12,0.0,3,0,1,b
1,127,1794856.0,1796011.0,12,0.0,3,0,2,b
2,181,1795882.8,1797037.9,12,0.0,3,0,1,b
2,181,1796882.8,1798037.9,12,0.0,3,0,2,b
1,390,1796347.9,1796492.2,9,0.0,3,0,1,b
1,390,1797347.9,1798502.9,12,0.0,3,0,2,b
2,183,1798141.9,1798430.6,10,0.0,3,0,1,c
2,183,1799141.9,1800296.9,12,0.0,3,0,2,c
1,71,1800802.0,1801957.0,12,0.0,3,0,1,c
1,71,1801802.0,1802957.0,12,0.0,3,0,2,c
1,173,1799284.0,1799428.5,9,0.0,3,0,1,b
1,173,1800284.0,1801439.1,12,0.0,3,0,2,b
2,85,1802270.0,1803425.0,12,0.0,3,0,1,b
2,85,1803270.0,1804425.0,12,0.0,3,0,2,b
1,196,1801512.4,1801801.1,10,0.0,3,0,1,c
1,196,1802512.4,1803667.4,12,0.0,3,0,2,c
2,196,1801512.4,1801801.1,10,0.0,3,0,1,b
2,196,1802512.4,1803667.4,12,0.0,3,0,2,b
1,309,1803554.5,1804709.5,12,0.0,3,0,1,b
1,309,1804554.5,1805709.5,12,0.0,3,0,2,b
1,399,1802615.8,1802904.5,10,0.0,3,0,1,b
1,399,1803615.8,1804770.8,12,0.0,3,0,2,b
1,197,1804660.1,1804804.6,9,0.0,3,0,1,b
1,197,1805660.1,1806815.1,12,0.0,3,0,2,b
1,18,1806497.2,1807652.2,12,0.0,3,0,1,b
1,18,1807497.2,1808652.2,12,0.0,3,0,2,b
1,52,1805757.6,1805902.0,9,0.0,3,0,1,b
1,52,1806757.6,1807912.6,12,0.0,3,0,2,b
2,52,1805757.6,1805902.0,9,0.0,3,0,1,c
2,52,1806757.6,1807912.6,12,0.0,3,0,2,c
2,266,1810003.6,1810581.1,11,0.0,3,0,1,b
2,266,1811003.6,1812158.8,12,0.0,3,0,2,b
1,136,1809921.9,1810066.2,9,0.0,3,0,1,b
1,136,1810921.9,1812076.9,12,0.0,3,0,2,b
2,226,1812446.4,1812487.6,7,0.0,3,0,1,b
2,226,1813446.4,1814601.5,12,0.0,3,0,2,b
1,358,1818638.6,1818721.1,8,0.0,3,0,1,b
1,358,1819638.6,1820793.8,12,0.0,3,0,2,b
1,4,1820886.5,1822041.5,12,0.0,3,0,1,b
1,4,1821886.5,1823041.5,12,0.0,3,0,2,b
2,4,1820886.5,1822041.5,12,0.0,3,0,1,c
2,4,1821886.5,1823041.5,12,0.0,3,0,2,c
1,148,1819927.5,1820071.9,9,0.0,3,0,1,b
1,148,1820927.5,1822082.5,12,0.0,3,0,2,b
2,148,1819927.5,1820071.9,9,0.0,3,0,1,b
2,148,1820927.5,1822082.5,12,0.0,3,0,2,b
1,9,1821308.8,1821453.1,9,0.0,3,0,1,b
1,9,1822308.8,1823463.8,12,0.0,3,0,2,b
1,296,1826748.1,1826789.4,7,0.0,3,0,1,b
1,296,1827748.1,1828903.2,12,0.0,3,0,2,b
1,364,1828584.0,1829739.0,12,0.0,3,0,1,c
1,364,1829584.0,1830739.0,12,0.0,3,0,2,c
2,364,1828584.0,1829739.0,12,0.0,3,0,1,b
2,364,1829584.0,1830739.0,12,0.0,3,0,2,b
2,162,1830954.5,1831243.2,10,0.0,3,0,1,b
2,162,1831954.5,1833109.5,12,0.0,3,0,2,b
1,179,1836549.5,1836693.9,9,0.0,3,0,1,b
1,179,1837549.5,1838704.5,12,0.0,3,0,2,b
1,125,1837205.8,1837350.1,9,0.0,3,0,1,b
1,125,1838205.8,1839360.8,12,0.0,3,0,2,b
2,201,1841643.9,1842799.0,12,0.0,3,0,1,b
2,201,1842643.9,1843799.0,12,0.0,3,0,2,b
2,234,1843213.2,1843357.6,9,0.0,3,0,1,b
2,234,1844213.2,1845368.2,12,0.0,3,0,2,b
1,133,1854301.4,1854590.2,10,0.0,3,0,1,b
1,133,1855301.4,1856456.4,12,0.0,3,0,2,b
1,304,1856907.8,1857196.5,10,0.0,3,0,1,b
1,304,1857907.8,1859062.8,12,0.0,3,0,2,b
1,211,1862919.2,1864074.4,12,0.0,3,0,1,b
1,211,1863919.2,1865074.4,12,0.0,3,0,2,b
2,211,1862919.2,1864074.4,12,0.0,3,0,1,c
2,211,1863919.2,1865074.4,12,0.0,3,0,2,c
2,92,1862590.4,1862879.1,10,0.0,3,0,1,b
2,92,1863590.4,1864745.4,12,0.0,3,0,2,b
1,192,1864696.6,1864841.1,9,0.0,3,0,1,b
1,192,1865696.6,1866851.6,12,0.0,3,0,2,b
1,148,1865601.8,1865746.2,9,0.0,3,0,1,b
1,148,1866601.8,1867756.9,12,0.0,3,0,2,b
2,148,1865601.8,1865746.2,9,0.0,3,0,1,b
2,148,1866601.8,1867756.9,12,0.0,3,0,2,b
1,135,1867559.9,1868715.0,12,0.0,3,0,1,c
1,135,1868559.9,1869715.0,12,0.0,3,0,2,c
2,333,1871128.6,1871169.9,7,0.0,3,0,1,b
2,333,1872128.6,1873283.8,12,0.0,3,0,2,b
2,332,1872410.9,1872699.8,10,0.0,3,0,1,c
2,332,1873410.9,1874565.9,12,0.0,3,0,2,c
1,19,1872855.5,1873144.2,10,0.0,3,0,1,b
1,19,1873855.5,1875010.5,12,0.0,3,0,2,b
2,19,1872855.5,1873144.2,10,0.0,3,0,1,b
2,19,1873855.5,1875010.5,12,0.0,3,0,2,b
1,354,1876182.1,1876759.6,11,0.0,3,0,1,b
1,354,1877182.1,1878337.1,12,0.0,3,0,2,b
2,354,1876182.1,1876759.6,11,0.0,3,0,1,b
2,354,1877182.1,1878337.1,12,0.0,3,0,2,b
2,160,1876894.8,1877183.6,10,0.0,3,0,1,b
2,160,1877894.8,1879049.8,12,0.0,3,0,2,b
1,347,1876741.2,1876885.6,9,0.0,3,0,1,b
1,347,1877741.2,1878896.2,12,0.0,3,0,2,b
1,307,1878561.1,1879716.1,12,0.0,3,0,1,b
1,307,1879561.1,1880716.1,12,0.0,3,0,2,b
1,297,1877546.2,1877628.6,8,0.0,3,0,1,b
1,297,1878546.2,1879701.2,12,0.0,3,0,2,b
1,321,1879943.2,1879984.5,7,0.0,3,0,1,b
1,321,1880943.2,1882098.2,12,0.0,3,0,2,b
1,105,1882727.6,1883305.1,11,0.0,3,0,1,b
1,105,1883727.6,1884882.8,12,0.0,3,0,2,b
2,105,1882727.6,1883305.1,11,0.0,3,0,1,b
2,105,1883727.6,1884882.8,12,0.0,3,0,2,b
1,192,1889375.1,1889519.5,9,0.0,3,0,1,b
1,192,1890375.1,1891530.1,12,0.0,3,0,2,b
2,11,1895306.5,1895450.9,9,0.0,3,0,1,b
2,11,1896306.5,1897461.5,12,0.0,3,0,2,b
2,172,1898442.6,1899597.6,12,0.0,3,0,1,b
2,172,1899442.6,1900597.6,12,0.0,3,0,2,b
1,169,1898575.4,1899152.9,11,0.0,3,0,1,b
1,169,1899575.4,1900730.4,12,0.0,3,0,2,b
2,169,1898575.4,1899152.9,11,0.0,3,0,1,b
2,169,1899575.4,1900730.4,12,0.0,3,0,2,b
1,179,1900087.0,1900231.5,9,0.0,3,0,1,b
1,179,1901087.0,1902242.1,12,0.0,3,0,2,b
2,336,1904633.1,1905788.2,12,0.0,3,0,1,b
2,336,1905633.1,1906788.2,12,0.0,3,0,2,b
1,246,1907041.5,1907330.4,10,0.0,3,0,1,b
1,246,1908041.5,1909196.5,12,0.0,3,0,2,b
2,322,1908527.8,1909682.8,12,0.0,3,0,1,b
2,322,1909527.8,1910682.8,12,0.0,3,0,2,b
1,266,1908717.1,1909294.6,11,0.0,3,0,1,c
1,266,1909717.1,1910872.2,12,0.0,3,0,2,c
1,302,1908327.8,1908616.6,10,0.0,3,0,1,c
1,302,1909327.8,1910482.8,12,0.0,3,0,2,c
2,302,1908327.8,1908616.6,10,0.0,3,0,1,b
2,302,1909327.8,1910482.8,12,0.0,3,0,2,b
1,273,1908918.1,1908959.4,7,0.0,3,0,1,c
1,273,1909918.1,1911073.1,12,0.0,3,0,2,c
1,221,1920726.0,1921881.0,12,0.0,3,0,1,c
1,221,1921726.0,1922881.0,12,0.0,3,0,2,c
2,221,1920726.0,1921881.0,12,0.0,3,0,1,c
2,221,1921726.0,1922881.0,12,0.0,3,0,2,c
1,362,1921547.6,1921692.0,9,0.0,3,0,1,b
1,362,1922547.6,1923702.6,12,0.0,3,0,2,b
1,272,1924362.2,1925517.4,12,0.0,3,0,1,b
1,272,1925362.2,1926517.4,12,0.0,3,0,2,b
2,272,1924362.2,1925517.4,12,0.0,3,0,1,b
2,272,1925362.2,1926517.4,12,0.0,3,0,2,b
1,220,1923695.9,1923737.1,7,0.0,3,0,1,b
1,220,1924695.9,1925851.0,12,0.0,3,0,2,b
1,126,1925630.9,1925713.2,8,0.0,3,0,1,b
1,126,1926630.9,1927785.9,12,0.0,3,0,2,b
2,126,1925630.9,1925713.2,8,0.0,3,0,1,b
2,126,1926630.9,1927785.9,12,0.0,3,0,2,b
1,344,1927491.9,1928646.9,12,0.0,3,0,1,b
1,344,1928491.9,1929646.9,12,0.0,3,0,2,b
2,344,1927491.9,1928646.9,12,0.0,3,0,1,b
2,344,1928491.9,1929646.9,12,0.0,3,0,2,b
1,182,1927473.4,1927617.8,9,0.0,3,0,1,b
1,182,1928473.4,1929628.4,12,0.0,3,0,2,b
2,259,1928628.9,1928711.2,8,0.0,3,0,1,b
2,259,1929628.9,1930783.9,12,0.0,3,0,2,b
2,60,1929289.4,1929371.9,8,0.0,3,0,1,b
2,60,1930289.4,1931444.5,12,0.0,3,0,2,b
2,237,1929698.2,1929842.6,9,0.0,3,0,1,b
2,237,1930698.2,1931853.2,12,0.0,3,0,2,b
2,144,1933321.1,1934476.2,12,0.0,3,0,1,b
2,144,1934321.1,1935476.2,12,0.0,3,0,2,b
2,66,1936167.8,1937322.8,12,0.0,3,0,1,c
2,66,1937167.8,1938322.8,12,0.0,3,0,2,c
1,248,1934752.2,1934834.6,8,0.0,3,0,1,b
1,248,1935752.2,1936907.2,12,0.0,3,0,2,b
2,248,1934752.2,1934834.6,8,0.0,3,0,1,b
2,248,1935752.2,1936907.2,12,0.0,3,0,2,b
2,5,1936602.1,1937757.2,12,0.0,3,0,1,c
2,5,1937602.1,1938757.2,12,0.0,3,0,2,c
1,343,1937316.1,1938471.2,12,0.0,3,0,1,b
1,343,1938316.1,1939471.2,12,0.0,3,0,2,b
1,393,1936510.4,1937087.9,11,0.0,3,0,1,c
1,393,1937510.4,1938665.4,12,0.0,3,0,2,c
1,59,1936937.8,1937082.1,9,0.0,3,0,1,c
1,59,1937937.8,1939092.8,12,0.0,3,0,2,c
1,197,1939267.5,1939411.9,9,0.0,3,0,1,b
1,197,1940267.5,1941422.5,12,0.0,3,0,2,b
1,9,1941371.6,1941516.0,9,0.0,3,0,1,b
1,9,1942371.6,1943526.6,12,0.0,3,0,2,b
2,139,1942083.8,1942372.5,10,0.0,3,0,1,b
2,139,1943083.8,1944238.8,12,0.0,3,0,2,b
1,142,1942794.8,1943083.6,10,0.0,3,0,1,b
1,142,1943794.8,1944949.9,12,0.0,3,0,2,b
2,141,1943282.6,1943427.0,9,0.0,3,0,1,b
2,141,1944282.6,1945437.6,12,0.0,3,0,2,b
1,184,1944070.4,1944152.9,8,0.0,3,0,1,b
1,184,1945070.4,1946225.5,12,0.0,3,0,2,b
2,184,1944070.4,1944152.9,8,0.0,3,0,1,b
2,184,1945070.4,1946225.5,12,0.0,3,0,2,b
1,39,1944433.2,1944722.0,10,0.0,3,0,1,b
1,39,1945433.2,1946588.2,12,0.0,3,0,2,b
1,164,1944624.0,1944665.2,7,0.0,3,0,1,b
1,164,1945624.0,1946779.0,12,0.0,3,0,2,b
1,370,1948518.2,1949673.2,12,0.0,3,0,1,c
1,370,1949518.2,1950673.2,12,0.0,3,0,2,c
1,136,1952873.2,1953017.8,9,0.0,3,0,1,b
1,136,1953873.2,1955028.4,12,0.0,3,0,2,b
1,120,1956487.8,1957642.9,12,0.0,3,0,1,b
1,120,1957487.8,1958642.9,12,0.0,3,0,2,b
1,26,1956759.5,1957914.5,12,0.0,3,0,1,b
1,26,1957759.5,1958914.5,12,0.0,3,0,2,b
2,26,1956759.5,1957914.5,12,0.0,3,0,1,b
2,26,1957759.5,1958914.5,12,0.0,3,0,2,b
1,190,1958467.1,1958611.6,9,0.0,3,0,1,b
1,190,1959467.1,1960622.2,12,0.0,3,0,2,b
2,190,1958467.1,1958611.6,9,0.0,3,0,1,b
2,190,1959467.1,1960622.2,12,0.0,3,0,2,b
1,223,1959065.1,1959209.5,9,0.0,3,0,1,b
1,223,1960065.1,1961220.1,12,0.0,3,0,2,b
2,223,1959065.1,1959209.5,9,0.0,3,0,1,c
2,223,1960065.1,1961220.1,12,0.0,3,0,2,c
1,293,1960941.0,1961023.5,8,0.0,3,0,1,b
1,293,1961941.0,1963096.1,12,0.0,3,0,2,b
2,73,1963672.5,1963713.8,7,0.0,3,0,1,b
2,73,1964672.5,1965827.5,12,0.0,3,0,2,b
1,134,1965418.8,1965563.1,9,0.0,3,0,1,b
1,134,1966418.8,1967573.8,12,0.0,3,0,2,b
1,362,1966741.2,1966885.6,9,0.0,3,0,1,c
1,362,1967741.2,1968896.2,12,0.0,3,0,2,c
1,117,1968968.9,1969257.8,10,0.0,3,0,1,b
1,117,1969968.9,1971123.9,12,0.0,3,0,2,b
1,163,1971318.1,1971606.9,10,0.0,3,0,1,b
1,163,1972318.1,1973473.1,12,0.0,3,0,2,b
1,289,1971914.1,1972491.8,11,0.0,3,0,1,b
1,289,1972914.1,1974069.2,12,0.0,3,0,2,b
2,51,1973290.2,1974445.2,12,0.0,3,0,1,c
2,51,1974290.2,1975445.2,12,0.0,3,0,2,c
1,15,1974165.9,1975320.9,12,0.0,3,0,1,b
1,15,1975165.9,1976320.9,12,0.0,3,0,2,b
1,181,1976926.0,1978081.0,12,0.0,3,0,1,b
1,181,1977926.0,1979081.0,12,0.0,3,0,2,b
2,181,1976926.0,1978081.0,12,0.0,3,0,1,b
2,181,1977926.0,1979081.0,12,0.0,3,0,2,b
2,312,1978322.8,1978405.1,8,0.0,3,0,1,b
2,312,1979322.8,1980477.8,12,0.0,3,0,2,b
1,71,1981845.2,1983000.2,12,0.0,3,0,1,b
1,71,1982845.2,1984000.2,12,0.0,3,0,2,b
1,345,1980264.0,1980305.2,7,0.0,3,0,1,b
1,345,1981264.0,1982419.1,12,0.0,3,0,2,b
2,217,1982889.2,1982971.6,8,0.0,3,0,1,b
2,217,1983889.2,1985044.2,12,0.0,3,0,2,b
2,215,1984857.1,1986012.2,12,0.0,3,0,1,c
2,215,1985857.1,1987012.2,12,0.0,3,0,2,c
1,216,1987126.0,1987414.8,10,0.0,3,0,1,b
1,216,1988126.0,1989281.0,12,0.0,3,0,2,b
1,239,1989795.2,1990950.4,12,0.0,3,0,1,c
1,239,1990795.2,1991950.4,12,0.0,3,0,2,c
2,239,1989795.2,1990950.4,12,0.0,3,0,1,c
2,239,1990795.2,1991950.4,12,0.0,3,0,2,c
1,308,1990634.9,1990923.8,10,0.0,3,0,1,c
1,308,1991634.9,1992789.9,12,0.0,3,0,2,c
2,308,1990634.9,1990923.8,10,0.0,3,0,1,c
2,308,1991634.9,1992789.9,12,0.0,3,0,2,c
1,80,2002054.8,2002632.2,11,0.0,3,0,1,b
1,80,2003054.8,2004209.8,12,0.0,3,0,2,b
2,80,2002054.8,2002632.2,11,0.0,3,0,1,b
2,80,2003054.8,2004209.8,12,0.0,3,0,2,b
1,266,2007430.8,2008008.2,11,0.0,3,0,1,b
1,266,2008430.8,2009585.9,12,0.0,3,0,2,b
2,266,2007430.8,2008008.2,11,0.0,3,0,1,b
2,266,2008430.8,2009585.9,12,0.0,3,0,2,b
1,137,2010143.5,2011298.6,12,0.0,3,0,1,c
1,137,2011143.5,2012298.6,12,0.0,3,0,2,c
2,137,2010143.5,2011298.6,12,0.0,3,0,1,b
2,137,2011143.5,2012298.6,12,0.0,3,0,2,b
1,18,2011120.9,2012275.9,12,0.0,3,0,1,c
1,18,2012120.9,2013275.9,12,0.0,3,0,2,c
2,18,2011120.9,2012275.9,12,0.0,3,0,1,c
2,18,2012120.9,2013275.9,12,0.0,3,0,2,c
1,106,2011216.9,2011361.4,9,0.0,3,0,1,b
1,106,2012216.9,2013372.0,12,0.0,3,0,2,b
2,106,2011216.9,2011361.4,9,0.0,3,0,1,b
2,106,2012216.9,2013372.0,12,0.0,3,0,2,b
2,69,2012032.0,2012114.4,8,0.0,3,0,1,b
2,69,2013032.0,2014187.0,12,0.0,3,0,2,b
2,127,2015317.2,2016472.2,12,0.0,3,0,1,b
2,127,2016317.2,2017472.2,12,0.0,3,0,2,b
1,81,2015142.5,2015183.8,7,0.0,3,0,1,b
1,81,2016142.5,2017297.5,12,0.0,3,0,2,b
1,241,2017369.6,2017947.1,11,0.0,3,0,1,b
1,241,2018369.6,2019524.6,12,0.0,3,0,2,b
2,360,2016859.8,2017004.1,9,0.0,3,0,1,b
2,360,2017859.8,2019014.8,12,0.0,3,0,2,b
2,190,2020153.4,2020297.8,9,0.0,3,0,1,b
2,190,2021153.4,2022308.4,12,0.0,3,0,2,b
2,115,2021462.4,2021751.2,10,0.0,3,0,1,c
2,115,2022462.4,2023617.4,12,0.0,3,0,2,c
1,327,2026078.5,2027233.5,12,0.0,3,0,1,b
1,327,2027078.5,2028233.5,12,0.0,3,0,2,b
2,327,2026078.5,2027233.5,12,0.0,3,0,1,b
2,327,2027078.5,2028233.5,12,0.0,3,0,2,b
1,52,2025280.5,2025424.9,9,0.0,3,0,1,b
1,52,2026280.5,2027435.5,12,0.0,3,0,2,b
1,276,2029507.4,2030662.4,12,0.0,3,0,1,b
1,276,2030507.4,2031662.4,12,0.0,3,0,2,b
2,276,2029507.4,2030662.4,12,0.0,3,0,1,b
2,276,2030507.4,2031662.4,12,0.0,3,0,2,b
2,377,2032313.8,2033468.8,12,0.0,3,0,1,b
2,377,2033313.8,2034468.8,12,0.0,3,0,2,b
1,346,2033225.1,2034380.1,12,0.0,3,0,1,b
1,346,2034225.1,2035380.1,12,0.0,3,0,2,b
2,269,2032721.9,2033299.5,11,0.0,3,0,1,b
2,269,2033721.9,2034877.0,12,0.0,3,0,2,b
1,393,2035224.0,2035801.5,11,0.0,3,0,1,b
1,393,2036224.0,2037379.0,12,0.0,3,0,2,b
1,12,2035778.4,2035819.6,7,0.0,3,0,1,b
1,12,2036778.4,2037933.4,12,0.0,3,0,2,b
1,195,2037906.8,2039061.8,12,0.0,3,0,1,b
1,195,2038906.8,2040061.8,12,0.0,3,0,2,b
1,99,2041009.8,2041298.6,10,0.0,3,0,1,b
1,99,2042009.8,2043164.8,12,0.0,3,0,2,b
1,135,2048603.0,2049758.0,12,0.0,3,0,1,b
1,135,2049603.0,2050758.0,12,0.0,3,0,2,b
2,135,2048603.0,2049758.0,12,0.0,3,0,1,c
2,135,2049603.0,2050758.0,12,0.0,3,0,2,c
1,22,2052593.0,2053170.6,11,0.0,3,0,1,b
1,22,2053593.0,2054748.0,12,0.0,3,0,2,b
2,22,2052593.0,2053170.6,11,0.0,3,0,1,b
2,22,2053593.0,2054748.0,12,0.0,3,0,2,b
1,361,2057817.4,2058106.2,10,0.0,3,0,1,c
1,361,2058817.4,2059972.4,12,0.0,3,0,2,c
1,98,2060666.5,2061821.5,12,0.0,3,0,1,b
1,98,2061666.5,2062821.5,12,0.0,3,0,2,b
2,56,2059570.8,2059653.4,8,0.0,3,0,1,b
2,56,2060570.8,2061725.9,12,0.0,3,0,2,b
1,230,2061011.0,2061299.8,10,0.0,3,0,1,b
1,230,2062011.0,2063166.0,12,0.0,3,0,2,b
2,294,2062452.6,2063030.2,11,0.0,3,0,1,b
2,294,2063452.6,2064607.6,12,0.0,3,0,2,b
1,206,2063591.8,2064169.4,11,0.0,3,0,1,b
1,206,2064591.8,2065746.9,12,0.0,3,0,2,b
2,206,2063591.8,2064169.4,11,0.0,3,0,1,b
2,206,2064591.8,2065746.9,12,0.0,3,0,2,b
1,114,2065153.8,2065731.5,11,0.0,3,0,1,b
1,114,2066153.8,2067308.9,12,0.0,3,0,2,b
2,114,2065153.8,2065731.5,11,0.0,3,0,1,b
2,114,2066153.8,2067308.9,12,0.0,3,0,2,b
1,252,2066277.6,2066855.2,11,0.0,3,0,1,b
1,252,2067277.6,2068432.6,12,0.0,3,0,2,b
2,252,2066277.6,2066855.2,11,0.0,3,0,1,b
2,252,2067277.6,2068432.6,12,0.0,3,0,2,b
2,234,2065713.4,2065857.6,9,0.0,3,0,1,b
2,234,2066713.4,2067868.4,12,0.0,3,0,2,b
2,318,2068882.6,2069460.2,11,0.0,3,0,1,b
2,318,2069882.6,2071037.6,12,0.0,3,0,2,b
1,82,2069895.0,2071050.0,12,0.0,3,0,1,b
1,82,2070895.0,2072050.0,12,0.0,3,0,2,b
2,82,2069895.0,2071050.0,12,0.0,3,0,1,b
2,82,2070895.0,2072050.0,12,0.0,3,0,2,b
1,204,2070226.1,2070370.4,9,0.0,3,0,1,b
1,204,2071226.1,2072381.1,12,0.0,3,0,2,b
1,358,2070361.1,2070443.6,8,0.0,3,0,1,b
1,358,2071361.1,2072516.1,12,0.0,3,0,2,b
2,358,2070361.1,2070443.6,8,0.0,3,0,1,b
2,358,2071361.1,2072516.1,12,0.0,3,0,2,b
2,29,2072086.9,2073242.0,12,0.0,3,0,1,c
2,29,2073086.9,2074242.0,12,0.0,3,0,2,c
1,39,2077872.8,2078161.6,10,0.0,3,0,1,b
1,39,2078872.8,2080027.9,12,0.0,3,0,2,b
2,140,2078482.6,2078523.9,7,0.0,3,0,1,b
2,140,2079482.6,2080637.8,12,0.0,3,0,2,b
1,267,2080671.1,2080960.0,10,0.0,3,0,1,b
1,267,2081671.1,2082826.1,12,0.0,3,0,2,b
2,267,2080671.1,2080960.0,10,0.0,3,0,1,b
2,267,2081671.1,2082826.1,12,0.0,3,0,2,b
1,133,2081150.4,2081439.2,10,0.0,3,0,1,b
1,133,2082150.4,2083305.4,12,0.0,3,0,2,b
2,133,2081150.4,2081439.2,10,0.0,3,0,1,b
2,133,2082150.4,2083305.4,12,0.0,3,0,2,b
2,247,2081012.5,2081095.0,8,0.0,3,0,1,b
2,247,2082012.5,2083167.5,12,0.0,3,0,2,b
1,63,2081282.0,2081364.5,8,0.0,3,0,1,b
1,63,2082282.0,2083437.0,12,0.0,3,0,2,b
2,3,2083678.2,2084833.2,12,0.0,3,0,1,c
2,3,2084678.2,2085833.2,12,0.0,3,0,2,c
2,336,2085676.5,2086831.5,12,0.0,3,0,1,b
2,336,2086676.5,2087831.5,12,0.0,3,0,2,b
2,295,2086981.9,2088137.0,12,0.0,3,0,1,b
2,295,2087981.9,2089137.0,12,0.0,3,0,2,b
1,8,2088618.6,2089773.6,12,0.0,3,0,1,b
1,8,2089618.6,2090773.6,12,0.0,3,0,2,b
2,8,2088618.6,2089773.6,12,0.0,3,0,1,b
2,8,2089618.6,2090773.6,12,0.0,3,0,2,b
2,68,2089213.9,2089358.1,9,0.0,3,0,1,b
2,68,2090213.9,2091368.9,12,0.0,3,0,2,b
1,255,2093030.5,2093174.8,9,0.0,3,0,1,b
1,255,2094030.5,2095185.5,12,0.0,3,0,2,b
1,80,2100768.2,2101346.0,11,0.0,3,0,1,c
1,80,2101768.2,2102923.2,12,0.0,3,0,2,c
2,80,2100768.2,2101346.0,11,0.0,3,0,1,b
2,80,2101768.2,2102923.2,12,0.0,3,0,2,b
1,221,2101769.2,2102924.2,12,0.0,3,0,1,c
1,221,2102769.2,2103924.2,12,0.0,3,0,2,c
1,395,2102682.0,2102764.5,8,0.0,3,0,1,b
1,395,2103682.0,2104837.0,12,0.0,3,0,2,b
2,303,2105571.8,2105860.5,10,0.0,3,0,1,b
2,303,2106571.8,2107726.8,12,0.0,3,0,2,b
2,344,2108535.2,2109690.2,12,0.0,3,0,1,c
2,344,2109535.2,2110690.2,12,0.0,3,0,2,c
1,314,2111054.0,2112209.0,12,0.0,3,0,1,b
1,314,2112054.0,2113209.0,12,0.0,3,0,2,b
2,337,2109960.8,2110043.2,8,0.0,3,0,1,b
2,337,2110960.8,2112115.8,12,0.0,3,0,2,b
1,320,2114775.8,2115930.8,12,0.0,3,0,1,c
1,320,2115775.8,2116930.8,12,0.0,3,0,2,c
2,320,2114775.8,2115930.8,12,0.0,3,0,1,c
2,320,2115775.8,2116930.8,12,0.0,3,0,2,c
1,149,2115302.2,2115591.0,10,0.0,3,0,1,c
1,149,2116302.2,2117457.2,12,0.0,3,0,2,c
2,149,2115302.2,2115591.0,10,0.0,3,0,1,b
2,149,2116302.2,2117457.2,12,0.0,3,0,2,b
1,76,2115310.0,2115454.2,9,0.0,3,0,1,b
1,76,2116310.0,2117465.0,12,0.0,3,0,2,b
2,50,2115591.2,2115880.2,10,0.0,3,0,1,c
2,50,2116591.2,2117746.2,12,0.0,3,0,2,c
1,260,2115413.0,2115454.2,7,0.0,3,0,1,b
1,260,2116413.0,2117568.0,12,0.0,3,0,2,b
2,260,2115413.0,2115454.2,7,0.0,3,0,1,b
2,260,2116413.0,2117568.0,12,0.0,3,0,2,b
1,66,2117211.2,2118366.2,12,0.0,3,0,1,c
1,66,2118211.2,2119366.2,12,0.0,3,0,2,c
2,66,2117211.2,2118366.2,12,0.0,3,0,1,b
2,66,2118211.2,2119366.2,12,0.0,3,0,2,b
1,287,2119438.8,2119727.5,10,0.0,3,0,1,b
1,287,2120438.8,2121593.8,12,0.0,3,0,2,b
1,118,2121120.0,2121264.5,9,0.0,3,0,1,b
1,118,2122120.0,2123275.2,12,0.0,3,0,2,b
1,28,2122049.0,2122338.0,10,0.0,3,0,1,b
1,28,2123049.0,2124204.0,12,0.0,3,0,2,b
2,28,2122049.0,2122338.0,10,0.0,3,0,1,b
2,28,2123049.0,2124204.0,12,0.0,3,0,2,b
1,354,2122750.0,2123327.8,11,0.0,3,0,1,b
1,354,2123750.0,2124905.0,12,0.0,3,0,2,b
2,354,2122750.0,2123327.8,11,0.0,3,0,1,b
2,354,2123750.0,2124905.0,12,0.0,3,0,2,b
1,387,2124968.5,2126123.5,12,0.0,3,0,1,c
1,387,2125968.5,2127123.5,12,0.0,3,0,2,c
2,387,2124968.5,2126123.5,12,0.0,3,0,1,b
2,387,2125968.5,2127123.5,12,0.0,3,0,2,b
2,54,2124759.0,2125336.8,11,0.0,3,0,1,b
2,54,2125759.0,2126914.0,12,0.0,3,0,2,b
2,180,2124534.5,2124678.8,9,0.0,3,0,1,b
2,180,2125534.5,2126689.5,12,0.0,3,0,2,b
2,25,2124869.2,2125013.5,9,0.0,3,0,1,b
2,25,2125869.2,2127024.2,12,0.0,3,0,2,b
1,370,2129561.5,2130716.5,12,0.0,3,0,1,b
1,370,2130561.5,2131716.5,12,0.0,3,0,2,b
2,370,2129561.5,2130716.5,12,0.0,3,0,1,b
2,370,2130561.5,2131716.5,12,0.0,3,0,2,b
1,250,2130723.8,2131878.8,12,0.0,3,0,1,b
1,250,2131723.8,2132878.8,12,0.0,3,0,2,b
2,250,2130723.8,2131878.8,12,0.0,3,0,1,b
2,250,2131723.8,2132878.8,12,0.0,3,0,2,b
1,160,2129472.0,2129760.8,10,0.0,3,0,1,b
1,160,2130472.0,2131627.0,12,0.0,3,0,2,b
1,99,2131531.2,2131820.0,10,0.0,3,0,1,b
1,99,2132531.2,2133686.2,12,0.0,3,0,2,b
2,393,2133937.5,2134515.2,11,0.0,3,0,1,b
2,393,2134937.5,2136092.5,12,0.0,3,0,2,b
1,42,2135868.5,2137023.5,12,0.0,3,0,1,c
1,42,2136868.5,2138023.5,12,0.0,3,0,2,c
2,42,2135868.5,2137023.5,12,0.0,3,0,1,b
2,42,2136868.5,2138023.5,12,0.0,3,0,2,b
2,334,2135340.2,2135422.8,8,0.0,3,0,1,b
2,334,2136340.2,2137495.2,12,0.0,3,0,2,b
2,89,2137544.2,2138699.2,12,0.0,3,0,1,b
2,89,2138544.2,2139699.2,12,0.0,3,0,2,b
1,26,2137802.8,2138957.8,12,0.0,3,0,1,b
1,26,2138802.8,2139957.8,12,0.0,3,0,2,b
2,26,2137802.8,2138957.8,12,0.0,3,0,1,b
2,26,2138802.8,2139957.8,12,0.0,3,0,2,b
2,280,2144707.8,2145862.8,12,0.0,3,0,1,c
2,280,2145707.8,2146862.8,12,0.0,3,0,2,c
1,20,2143663.0,2143807.2,9,0.0,3,0,1,b
1,20,2144663.0,2145818.0,12,0.0,3,0,2,b
2,20,2143663.0,2143807.2,9,0.0,3,0,1,b
2,20,2144663.0,2145818.0,12,0.0,3,0,2,b
2,272,2150781.8,2151936.8,12,0.0,3,0,1,c
2,272,2151781.8,2152936.8,12,0.0,3,0,2,c
1,142,2155581.2,2155870.0,10,0.0,3,0,1,b
1,142,2156581.2,2157736.2,12,0.0,3,0,2,b
2,151,2157158.5,2157447.2,10,0.0,3,0,1,b
2,151,2158158.5,2159313.5,12,0.0,3,0,2,b
1,264,2159080.2,2159162.8,8,0.0,3,0,1,b
1,264,2160080.2,2161235.2,12,0.0,3,0,2,b
2,47,2160222.2,2160799.8,11,0.0,3,0,1,b
2,47,2161222.2,2162377.2,12,0.0,3,0,2,b
1,206,2162305.5,2162883.0,11,0.0,3,0,1,b
1,206,2163305.5,2164460.5,12,0.0,3,0,2,b
2,206,2162305.5,2162883.0,11,0.0,3,0,1,b
2,206,2163305.5,2164460.5,12,0.0,3,0,2,b
1,163,2162678.0,2162966.8,10,0.0,3,0,1,b
1,163,2163678.0,2164833.0,12,0.0,3,0,2,b
2,163,2162678.0,2162966.8,10,0.0,3,0,1,b
2,163,2163678.0,2164833.0,12,0.0,3,0,2,b
1,114,2163867.5,2164445.0,11,0.0,3,0,1,b
1,114,2164867.5,2166022.5,12,0.0,3,0,2,b
1,271,2165134.2,2165175.5,7,0.0,3,0,1,b
1,271,2166134.2,2167289.2,12,0.0,3,0,2,b
1,28,2167309.8,2167598.8,10,0.0,3,0,1,c
1,28,2168309.8,2169464.8,12,0.0,3,0,2,c
2,28,2167309.8,2167598.8,10,0.0,3,0,1,c
2,28,2168309.8,2169464.8,12,0.0,3,0,2,c
1,85,2171832.2,2172987.2,12,0.0,3,0,1,b
1,85,2172832.2,2173987.2,12,0.0,3,0,2,b
2,85,2171832.2,2172987.2,12,0.0,3,0,1,b
2,85,2172832.2,2173987.2,12,0.0,3,0,2,b
1,174,2172835.5,2173990.5,12,0.0,3,0,1,b
1,174,2173835.5,2174990.5,12,0.0,3,0,2,b
2,174,2172835.5,2173990.5,12,0.0,3,0,1,b
2,174,2173835.5,2174990.5,12,0.0,3,0,2,b
2,57,2171159.8,2171242.2,8,0.0,3,0,1,b
2,57,2172159.8,2173314.8,12,0.0,3,0,2,b
1,397,2173489.8,2174644.8,12,0.0,3,0,1,b
1,397,2174489.8,2175644.8,12,0.0,3,0,2,b
2,397,2173489.8,2174644.8,12,0.0,3,0,1,b
2,397,2174489.8,2175644.8,12,0.0,3,0,2,b
1,77,2176182.8,2176471.8,10,0.0,3,0,1,b
1,77,2177182.8,2178338.0,12,0.0,3,0,2,b
2,77,2176182.8,2176471.8,10,0.0,3,0,1,b
2,77,2177182.8,2178338.0,12,0.0,3,0,2,b
1,16,2180707.8,2181862.8,12,0.0,3,0,1,b
1,16,2181707.8,2182862.8,12,0.0,3,0,2,b
2,16,2180707.8,2181862.8,12,0.0,3,0,1,b
2,16,2181707.8,2182862.8,12,0.0,3,0,2,b
2,55,2184612.2,2185190.0,11,0.0,3,0,1,b
2,55,2185612.2,2186767.2,12,0.0,3,0,2,b
2,335,2187308.5,2188463.5,12,0.0,3,0,1,c
2,335,2188308.5,2189463.5,12,0.0,3,0,2,c
2,169,2187289.5,2187867.2,11,0.0,3,0,1,b
2,169,2188289.5,2189444.5,12,0.0,3,0,2,b
2,267,2186978.8,2187267.5,10,0.0,3,0,1,b
2,267,2187978.8,2189133.8,12,0.0,3,0,2,b
2,342,2188718.8,2188863.0,9,0.0,3,0,1,b
2,342,2189718.8,2190873.8,12,0.0,3,0,2,b
1,121,2189004.5,2189045.8,7,0.0,3,0,1,b
1,121,2190004.5,2191159.5,12,0.0,3,0,2,b
2,205,2195155.8,2196310.8,12,0.0,3,0,1,b
2,205,2196155.8,2197310.8,12,0.0,3,0,2,b
1,127,2196360.5,2197515.5,12,0.0,3,0,1,b
1,127,2197360.5,2198515.5,12,0.0,3,0,2,b
1,269,2201237.8,2201815.5,11,0.0,3,0,1,b
1,269,2202237.8,2203392.8,12,0.0,3,0,2,b
2,269,2201237.8,2201815.5,11,0.0,3,0,1,b
2,269,2202237.8,2203392.8,12,0.0,3,0,2,b
1,39,2201759.0,2202047.8,10,0.0,3,0,1,c
1,39,2202759.0,2203914.0,12,0.0,3,0,2,c
1,185,2204030.5,2205185.5,12,0.0,3,0,1,b
1,185,2205030.5,2206185.5,12,0.0,3,0,2,b
2,181,2204547.5,2205702.8,12,0.0,3,0,1,b
2,181,2205547.5,2206702.8,12,0.0,3,0,2,b
2,22,2205952.2,2206529.8,11,0.0,3,0,1,b
2,22,2206952.2,2208107.2,12,0.0,3,0,2,b
1,377,2213357.2,2214512.2,12,0.0,3,0,1,b
1,377,2214357.2,2215512.2,12,0.0,3,0,2,b
2,377,2213357.2,2214512.2,12,0.0,3,0,1,b
2,377,2214357.2,2215512.2,12,0.0,3,0,2,b
1,337,2212170.2,2212252.8,8,0.0,3,0,1,c
1,337,2213170.2,2214325.2,12,0.0,3,0,2,c
1,28,2212570.8,2212859.5,10,0.0,3,0,1,b
1,28,2213570.8,2214725.8,12,0.0,3,0,2,b
1,111,2216144.2,2217299.2,12,0.0,3,0,1,b
1,111,2217144.2,2218299.2,12,0.0,3,0,2,b
2,111,2216144.2,2217299.2,12,0.0,3,0,1,b
2,111,2217144.2,2218299.2,12,0.0,3,0,2,b
2,195,2218950.2,2220105.2,12,0.0,3,0,1,b
2,195,2219950.2,2221105.2,12,0.0,3,0,2,b
1,361,2219934.2,2220223.2,10,0.0,3,0,1,b
1,361,2220934.2,2222089.2,12,0.0,3,0,2,b
2,361,2219934.2,2220223.2,10,0.0,3,0,1,b
2,361,2220934.2,2222089.2,12,0.0,3,0,2,b
1,193,2223759.5,2224914.5,12,0.0,3,0,1,c
1,193,2224759.5,2225914.5,12,0.0,3,0,2,c
2,193,2223759.5,2224914.5,12,0.0,3,0,1,b
2,193,2224759.5,2225914.5,12,0.0,3,0,2,b
1,266,2226867.8,2227445.2,11,0.0,3,0,1,b
1,266,2227867.8,2229022.8,12,0.0,3,0,2,b
1,170,2227874.5,2229029.5,12,0.0,3,0,1,c
1,170,2228874.5,2230029.5,12,0.0,3,0,2,c
2,170,2227874.5,2229029.5,12,0.0,3,0,1,b
2,170,2228874.5,2230029.5,12,0.0,3,0,2,b
2,147,2229531.5,2230686.5,12,0.0,3,0,1,b
2,147,2230531.5,2231686.5,12,0.0,3,0,2,b
1,383,2228736.2,2228818.8,8,0.0,3,0,1,b
1,383,2229736.2,2230891.2,12,0.0,3,0,2,b
2,138,2229817.5,2229900.0,8,0.0,3,0,1,b
2,138,2230817.5,2231972.5,12,0.0,3,0,2,b
1,264,2232850.8,2232933.2,8,0.0,3,0,1,b
1,264,2233850.8,2235005.8,12,0.0,3,0,2,b
2,264,2232850.8,2232933.2,8,0.0,3,0,1,b
2,264,2233850.8,2235005.8,12,0.0,3,0,2,b
1,287,2237648.2,2237937.0,10,0.0,3,0,1,b
1,287,2238648.2,2239803.2,12,0.0,3,0,2,b
1,357,2239607.5,2239751.8,9,0.0,3,0,1,b
1,357,2240607.5,2241762.5,12,0.0,3,0,2,b
1,172,2241778.8,2242933.8,12,0.0,3,0,1,b
1,172,2242778.8,2243933.8,12,0.0,3,0,2,b
2,172,2241778.8,2242933.8,12,0.0,3,0,1,b
2,172,2242778.8,2243933.8,12,0.0,3,0,2,b
1,58,2243599.8,2244755.0,12,0.0,3,0,1,b
1,58,2244599.8,2245755.0,12,0.0,3,0,2,b
2,383,2242099.5,2242182.2,8,0.0,3,0,1,b
2,383,2243099.5,2244254.8,12,0.0,3,0,2,b
1,230,2242780.2,2243069.0,10,0.0,3,0,1,b
1,230,2243780.2,2244935.2,12,0.0,3,0,2,b
2,44,2243235.5,2243524.5,10,0.0,3,0,1,b
2,44,2244235.5,2245390.5,12,0.0,3,0,2,b
1,122,2244450.2,2244739.0,10,0.0,3,0,1,b
1,122,2245450.2,2246605.2,12,0.0,3,0,2,b
2,122,2244450.2,2244739.0,10,0.0,3,0,1,b
2,122,2245450.2,2246605.2,12,0.0,3,0,2,b
1,326,2248618.2,2248907.0,10,0.0,3,0,1,b
1,326,2249618.2,2250773.2,12,0.0,3,0,2,b
2,19,2250051.8,2250340.5,10,0.0,3,0,1,b
2,19,2251051.8,2252206.8,12,0.0,3,0,2,b
1,45,2257481.5,2257522.8,7,0.0,3,0,1,b
1,45,2258481.5,2259636.5,12,0.0,3,0,2,b
2,45,2257481.5,2257522.8,7,0.0,3,0,1,b
2,45,2258481.5,2259636.5,12,0.0,3,0,2,b
2,68,2260551.0,2260695.2,9,0.0,3,0,1,c
2,68,2261551.0,2262706.0,12,0.0,3,0,2,c
1,309,2262558.2,2263713.5,12,0.0,3,0,1,b
1,309,2263558.2,2264713.5,12,0.0,3,0,2,b
2,309,2262558.2,2263713.5,12,0.0,3,0,1,b
2,309,2263558.2,2264713.5,12,0.0,3,0,2,b
2,142,2261497.5,2261786.5,10,0.0,3,0,1,b
2,142,2262497.5,2263652.5,12,0.0,3,0,2,b
1,114,2262581.0,2263158.8,11,0.0,3,0,1,b
1,114,2263581.0,2264736.0,12,0.0,3,0,2,b
2,114,2262581.0,2263158.8,11,0.0,3,0,1,b
2,114,2263581.0,2264736.0,12,0.0,3,0,2,b
1,361,2265195.0,2265484.0,10,0.0,3,0,1,b
1,361,2266195.0,2267350.0,12,0.0,3,0,2,b
2,361,2265195.0,2265484.0,10,0.0,3,0,1,b
2,361,2266195.0,2267350.0,12,0.0,3,0,2,b
1,336,2266719.8,2267874.8,12,0.0,3,0,1,c
1,336,2267719.8,2268874.8,12,0.0,3,0,2,c
2,336,2266719.8,2267874.8,12,0.0,3,0,1,b
2,336,2267719.8,2268874.8,12,0.0,3,0,2,b
1,47,2268910.2,2269487.8,11,0.0,3,0,1,b
1,47,2269910.2,2271065.2,12,0.0,3,0,2,b
2,47,2268910.2,2269487.8,11,0.0,3,0,1,c
2,47,2269910.2,2271065.2,12,0.0,3,0,2,c
2,60,2268203.0,2268285.5,8,0.0,3,0,1,b
2,60,2269203.0,2270358.0,12,0.0,3,0,2,b
1,161,2274544.8,2275699.8,12,0.0,3,0,1,b
1,161,2275544.8,2276699.8,12,0.0,3,0,2,b
2,161,2274544.8,2275699.8,12,0.0,3,0,1,b
2,161,2275544.8,2276699.8,12,0.0,3,0,2,b
1,357,2273487.2,2273631.5,9,0.0,3,0,1,b
1,357,2274487.2,2275642.2,12,0.0,3,0,2,b
2,357,2273487.2,2273631.5,9,0.0,3,0,1,b
2,357,2274487.2,2275642.2,12,0.0,3,0,2,b
1,221,2282812.5,2283967.5,12,0.0,3,0,1,c
1,221,2283812.5,2284967.5,12,0.0,3,0,2,c
1,55,2283326.0,2283903.5,11,0.0,3,0,1,b
1,55,2284326.0,2285481.0,12,0.0,3,0,2,b
1,169,2286003.2,2286580.8,11,0.0,3,0,1,b
1,169,2287003.2,2288158.2,12,0.0,3,0,2,b
2,169,2286003.2,2286580.8,11,0.0,3,0,1,b
2,169,2287003.2,2288158.2,12,0.0,3,0,2,b
2,351,2285717.5,2285861.8,9,0.0,3,0,1,b
2,351,2286717.5,2287872.5,12,0.0,3,0,2,b
1,206,2289585.8,2290163.2,11,0.0,3,0,1,b
1,206,2290585.8,2291740.8,12,0.0,3,0,2,b
1,132,2292884.5,2292925.8,7,0.0,3,0,1,b
1,132,2293884.5,2295039.5,12,0.0,3,0,2,b
1,338,2294040.0,2294081.2,7,0.0,3,0,1,b
1,338,2295040.0,2296195.0,12,0.0,3,0,2,b
2,149,2294465.5,2294754.5,10,0.0,3,0,1,b
2,149,2295465.5,2296620.5,12,0.0,3,0,2,b
1,27,2300145.5,2301300.5,12,0.0,3,0,1,b
1,27,2301145.5,2302300.5,12,0.0,3,0,2,b
2,48,2300231.8,2300314.2,8,0.0,3,0,1,b
2,48,2301231.8,2302386.8,12,0.0,3,0,2,b
1,177,2302375.5,2302458.0,8,0.0,3,0,1,b
1,177,2303375.5,2304530.5,12,0.0,3,0,2,b
2,177,2302375.5,2302458.0,8,0.0,3,0,1,b
2,177,2303375.5,2304530.5,12,0.0,3,0,2,b
1,216,2309190.2,2309479.0,10,0.0,3,0,1,b
1,216,2310190.2,2311345.2,12,0.0,3,0,2,b
2,216,2309190.2,2309479.0,10,0.0,3,0,1,c
2,216,2310190.2,2311345.2,12,0.0,3,0,2,c
1,363,2310918.2,2310959.5,7,0.0,3,0,1,b
1,363,2311918.2,2313073.2,12,0.0,3,0,2,b
2,363,2310918.2,2310959.5,7,0.0,3,0,1,b
2,363,2311918.2,2313073.2,12,0.0,3,0,2,b
1,222,2314168.5,2315323.5,12,0.0,3,0,1,c
1,222,2315168.5,2316323.5,12,0.0,3,0,2,c
2,222,2314168.5,2315323.5,12,0.0,3,0,1,b
2,222,2315168.5,2316323.5,12,0.0,3,0,2,b
1,49,2314015.2,2314592.8,11,0.0,3,0,1,b
1,49,2315015.2,2316170.2,12,0.0,3,0,2,b
1,350,2316390.5,2317545.8,12,0.0,3,0,1,b
1,350,2317390.5,2318545.8,12,0.0,3,0,2,b
2,115,2316927.8,2317216.5,10,0.0,3,0,1,b
2,115,2317927.8,2319082.8,12,0.0,3,0,2,b
1,26,2318846.0,2320001.0,12,0.0,3,0,1,c
1,26,2319846.0,2321001.0,12,0.0,3,0,2,c
1,278,2319592.8,2320747.8,12,0.0,3,0,1,b
1,278,2320592.8,2321747.8,12,0.0,3,0,2,b
2,18,2319843.0,2320998.0,12,0.0,3,0,1,c
2,18,2320843.0,2321998.0,12,0.0,3,0,2,c
2,48,2318227.2,2318309.8,8,0.0,3,0,1,b
2,48,2319227.2,2320382.2,12,0.0,3,0,2,b
1,332,2321665.0,2321953.8,10,0.0,3,0,1,c
1,332,2322665.0,2323820.0,12,0.0,3,0,2,c
1,33,2322817.8,2323395.2,11,0.0,3,0,1,b
1,33,2323817.8,2324972.8,12,0.0,3,0,2,b
2,33,2322817.8,2323395.2,11,0.0,3,0,1,b
2,33,2323817.8,2324972.8,12,0.0,3,0,2,b
1,347,2322260.8,2322405.0,9,0.0,3,0,1,c
1,347,2323260.8,2324415.8,12,0.0,3,0,2,c
1,4,2324521.2,2325676.2,12,0.0,3,0,1,b
1,4,2325521.2,2326676.2,12,0.0,3,0,2,b
2,4,2324521.2,2325676.2,12,0.0,3,0,1,b
2,4,2325521.2,2326676.2,12,0.0,3,0,2,b
2,280,2325751.0,2326906.0,12,0.0,3,0,1,c
2,280,2326751.0,2327906.0,12,0.0,3,0,2,c
2,266,2325581.0,2326158.8,11,0.0,3,0,1,c
2,266,2326581.0,2327736.0,12,0.0,3,0,2,c
1,282,2325351.5,2325495.8,9,0.0,3,0,1,b
1,282,2326351.5,2327506.5,12,0.0,3,0,2,b
2,282,2325351.5,2325495.8,9,0.0,3,0,1,b
2,282,2326351.5,2327506.5,12,0.0,3,0,2,b
1,389,2328236.2,2328380.5,9,0.0,3,0,1,b
1,389,2329236.2,2330391.2,12,0.0,3,0,2,b
1,112,2330634.0,2330922.8,10,0.0,3,0,1,b
1,112,2331634.0,2332789.0,12,0.0,3,0,2,b
2,171,2331426.0,2332003.8,11,0.0,3,0,1,b
2,171,2332426.0,2333581.0,12,0.0,3,0,2,b
2,232,2335504.0,2335792.8,10,0.0,3,0,1,b
2,232,2336504.0,2337659.0,12,0.0,3,0,2,b
1,210,2338681.5,2339259.0,11,0.0,3,0,1,b
1,210,2339681.5,2340836.5,12,0.0,3,0,2,b
2,210,2338681.5,2339259.0,11,0.0,3,0,1,b
2,210,2339681.5,2340836.5,12,0.0,3,0,2,b
2,61,2337963.5,2338107.8,9,0.0,3,0,1,b
2,61,2338963.5,2340118.5,12,0.0,3,0,2,b
1,394,2337974.0,2338056.5,8,0.0,3,0,1,b
1,394,2338974.0,2340129.0,12,0.0,3,0,2,b
1,75,2338715.0,2338797.5,8,0.0,3,0,1,b
1,75,2339715.0,2340870.0,12,0.0,3,0,2,b
2,175,2339426.8,2339715.5,10,0.0,3,0,1,b
2,175,2340426.8,2341581.8,12,0.0,3,0,2,b
2,184,2341146.8,2341229.2,8,0.0,3,0,1,b
2,184,2342146.8,2343301.8,12,0.0,3,0,2,b
2,151,2341885.8,2342174.5,10,0.0,3,0,1,b
2,151,2342885.8,2344040.8,12,0.0,3,0,2,b
1,183,2349673.8,2349962.8,10,0.0,3,0,1,b
1,183,2350673.8,2351828.8,12,0.0,3,0,2,b
2,207,2352005.2,2352087.8,8,0.0,3,0,1,b
2,207,2353005.2,2354160.2,12,0.0,3,0,2,b
2,174,2353878.5,2355033.5,12,0.0,3,0,1,b
2,174,2354878.5,2356033.5,12,0.0,3,0,2,b
2,159,2358062.0,2358206.2,9,0.0,3,0,1,b
2,159,2359062.0,2360217.0,12,0.0,3,0,2,b
1,245,2359814.8,2360392.2,11,0.0,3,0,1,b
1,245,2360814.8,2361969.8,12,0.0,3,0,2,b
2,245,2359814.8,2360392.2,11,0.0,3,0,1,b
2,245,2360814.8,2361969.8,12,0.0,3,0,2,b
1,121,2359780.0,2359821.2,7,0.0,3,0,1,b
1,121,2360780.0,2361935.0,12,0.0,3,0,2,b
1,21,2366536.2,2367691.2,12,0.0,3,0,1,c
1,21,2367536.2,2368691.2,12,0.0,3,0,2,c
2,21,2366536.2,2367691.2,12,0.0,3,0,1,b
2,21,2367536.2,2368691.2,12,0.0,3,0,2,b
2,382,2366828.0,2367405.8,11,0.0,3,0,1,b
2,382,2367828.0,2368983.2,12,0.0,3,0,2,b
1,194,2366235.2,2366276.5,7,0.0,3,0,1,b
1,194,2367235.2,2368390.5,12,0.0,3,0,2,b
1,12,2366358.5,2366399.8,7,0.0,3,0,1,b
1,12,2367358.5,2368513.5,12,0.0,3,0,2,b
2,351,2366724.2,2366868.8,9,0.0,3,0,1,b
2,351,2367724.2,2368879.5,12,0.0,3,0,2,b
2,335,2368351.8,2369506.8,12,0.0,3,0,1,c
2,335,2369351.8,2370506.8,12,0.0,3,0,2,c
2,47,2367623.8,2368201.5,11,0.0,3,0,1,b
2,47,2368623.8,2369778.8,12,0.0,3,0,2,b
1,78,2367222.5,2367263.8,7,0.0,3,0,1,b
1,78,2368222.5,2369377.5,12,0.0,3,0,2,b
1,364,2369434.8,2370589.8,12,0.0,3,0,1,b
1,364,2370434.8,2371589.8,12,0.0,3,0,2,b
1,298,2369610.2,2369899.2,10,0.0,3,0,1,b
1,298,2370610.2,2371765.5,12,0.0,3,0,2,b
2,200,2374483.5,2374627.8,9,0.0,3,0,1,b
2,200,2375483.5,2376638.5,12,0.0,3,0,2,b
1,205,2376198.8,2377353.8,12,0.0,3,0,1,c
1,205,2377198.8,2378353.8,12,0.0,3,0,2,c
2,205,2376198.8,2377353.8,12,0.0,3,0,1,b
2,205,2377198.8,2378353.8,12,0.0,3,0,2,b
2,37,2374494.8,2374536.2,7,0.0,3,0,1,b
2,37,2375494.8,2376650.0,12,0.0,3,0,2,b
1,275,2377031.2,2377175.5,9,0.0,3,0,1,b
1,275,2378031.2,2379186.2,12,0.0,3,0,2,b
1,153,2376927.8,2377010.2,8,0.0,3,0,1,b
1,153,2377927.8,2379082.8,12,0.0,3,0,2,b
2,153,2376927.8,2377010.2,8,0.0,3,0,1,b
2,153,2377927.8,2379082.8,12,0.0,3,0,2,b
1,362,2378839.2,2378983.8,9,0.0,3,0,1,b
1,362,2379839.2,2380994.5,12,0.0,3,0,2,b
1,331,2382331.0,2383486.0,12,0.0,3,0,1,b
1,331,2383331.0,2384486.0,12,0.0,3,0,2,b
2,159,2382740.5,2382884.8,9,0.0,3,0,1,b
2,159,2383740.5,2384895.5,12,0.0,3,0,2,b
1,72,2383485.8,2383774.8,10,0.0,3,0,1,b
1,72,2384485.8,2385640.8,12,0.0,3,0,2,b
2,181,2385590.8,2386745.8,12,0.0,3,0,1,b
2,181,2386590.8,2387745.8,12,0.0,3,0,2,b
2,179,2388325.2,2388469.5,9,0.0,3,0,1,b
2,179,2389325.2,2390480.2,12,0.0,3,0,2,b
1,197,2388761.0,2388905.2,9,0.0,3,0,1,b
1,197,2389761.0,2390916.0,12,0.0,3,0,2,b
2,197,2388761.0,2388905.2,9,0.0,3,0,1,b
2,197,2389761.0,2390916.0,12,0.0,3,0,2,b
1,276,2391593.8,2392748.8,12,0.0,3,0,1,c
1,276,2392593.8,2393748.8,12,0.0,3,0,2,c
1,281,2390636.0,2390677.2,7,0.0,3,0,1,b
1,281,2391636.0,2392791.0,12,0.0,3,0,2,b
2,281,2390636.0,2390677.2,7,0.0,3,0,1,b
2,281,2391636.0,2392791.0,12,0.0,3,0,2,b
2,5,2392702.5,2393857.5,12,0.0,3,0,1,c
2,5,2393702.5,2394857.5,12,0.0,3,0,2,c
1,140,2391149.2,2391190.5,7,0.0,3,0,1,b
1,140,2392149.2,2393304.2,12,0.0,3,0,2,b
1,137,2392998.5,2394153.5,12,0.0,3,0,1,b
1,137,2393998.5,2395153.5,12,0.0,3,0,2,b
2,137,2392998.5,2394153.5,12,0.0,3,0,1,c
2,137,2393998.5,2395153.5,12,0.0,3,0,2,c
2,373,2392899.2,2393188.0,10,0.0,3,0,1,b
2,373,2393899.2,2395054.2,12,0.0,3,0,2,b
1,183,2394934.5,2395223.5,10,0.0,3,0,1,b
1,183,2395934.5,2397089.5,12,0.0,3,0,2,b
2,183,2394934.5,2395223.5,10,0.0,3,0,1,b
2,183,2395934.5,2397089.5,12,0.0,3,0,2,b
1,111,2397187.5,2398342.5,12,0.0,3,0,1,c
1,111,2398187.5,2399342.5,12,0.0,3,0,2,c
2,111,2397187.5,2398342.5,12,0.0,3,0,1,b
2,111,2398187.5,2399342.5,12,0.0,3,0,2,b
1,308,2396936.0,2397224.8,10,0.0,3,0,1,b
1,308,2397936.0,2399091.0,12,0.0,3,0,2,b
2,308,2396936.0,2397224.8,10,0.0,3,0,1,b
2,308,2397936.0,2399091.0,12,0.0,3,0,2,b
2,150,2399489.8,2399634.0,9,0.0,3,0,1,b
2,150,2400489.8,2401644.8,12,0.0,3,0,2,b
2,200,2401131.2,2401275.8,9,0.0,3,0,1,b
2,200,2402131.2,2403286.5,12,0.0,3,0,2,b
1,395,2401864.0,2401946.5,8,0.0,3,0,1,b
1,395,2402864.0,2404019.0,12,0.0,3,0,2,b
2,395,2401864.0,2401946.5,8,0.0,3,0,1,b
2,395,2402864.0,2404019.0,12,0.0,3,0,2,b
1,264,2403413.0,2403495.5,8,0.0,3,0,1,b
1,264,2404413.0,2405568.0,12,0.0,3,0,2,b
1,101,2403902.8,2404191.8,10,0.0,3,0,1,b
1,101,2404902.8,2406057.8,12,0.0,3,0,2,b
2,367,2403739.8,2403822.2,8,0.0,3,0,1,b
2,367,2404739.8,2405894.8,12,0.0,3,0,2,b
2,258,2405786.0,2406941.0,12,0.0,3,0,1,c
2,258,2406786.0,2407941.0,12,0.0,3,0,2,c
1,326,2406392.2,2406681.2,10,0.0,3,0,1,c
1,326,2407392.2,2408547.2,12,0.0,3,0,2,c
2,326,2406392.2,2406681.2,10,0.0,3,0,1,c
2,326,2407392.2,2408547.2,12,0.0,3,0,2,c
2,69,2407055.5,2407138.0,8,0.0,3,0,1,b
2,69,2408055.5,2409210.5,12,0.0,3,0,2,b
1,170,2408917.8,2410072.8,12,0.0,3,0,1,b
1,170,2409917.8,2411072.8,12,0.0,3,0,2,b
2,170,2408917.8,2410072.8,12,0.0,3,0,1,b
2,170,2409917.8,2411072.8,12,0.0,3,0,2,b
2,239,2408978.5,2410133.5,12,0.0,3,0,1,b
2,239,2409978.5,2411133.5,12,0.0,3,0,2,b
2,136,2408640.5,2408785.0,9,0.0,3,0,1,b
2,136,2409640.5,2410795.8,12,0.0,3,0,2,b
2,35,2412035.0,2412323.8,10,0.0,3,0,1,c
2,35,2413035.0,2414190.0,12,0.0,3,0,2,c
2,197,2413439.5,2413583.8,9,0.0,3,0,1,b
2,197,2414439.5,2415594.5,12,0.0,3,0,2,b
1,195,2421487.2,2422642.2,12,0.0,3,0,1,b
1,195,2422487.2,2423642.2,12,0.0,3,0,2,b
2,172,2422822.0,2423977.0,12,0.0,3,0,1,b
2,172,2423822.0,2424977.0,12,0.0,3,0,2,b
2,353,2423293.8,2424448.8,12,0.0,3,0,1,b
2,353,2424293.8,2425448.8,12,0.0,3,0,2,b
1,130,2423327.8,2423472.0,9,0.0,3,0,1,b
1,130,2424327.8,2425482.8,12,0.0,3,0,2,b
2,130,2423327.8,2423472.0,9,0.0,3,0,1,b
2,130,2424327.8,2425482.8,12,0.0,3,0,2,b
2,124,2423912.2,2424056.8,9,0.0,3,0,1,b
2,124,2424912.2,2426067.5,12,0.0,3,0,2,b
2,169,2425276.5,2425854.2,11,0.0,3,0,1,b
2,169,2426276.5,2427431.8,12,0.0,3,0,2,b
2,251,2424852.0,2424893.2,7,0.0,3,0,1,b
2,251,2425852.0,2427007.0,12,0.0,3,0,2,b
2,91,2425420.0,2425461.2,7,0.0,3,0,1,b
2,91,2426420.0,2427575.0,12,0.0,3,0,2,b
2,128,2431954.5,2432037.0,8,0.0,3,0,1,c
2,128,2432954.5,2434109.5,12,0.0,3,0,2,c
1,271,2434506.5,2434547.8,7,0.0,3,0,1,b
1,271,2435506.5,2436661.5,12,0.0,3,0,2,b
1,57,2436004.0,2436086.5,8,0.0,3,0,1,b
1,57,2437004.0,2438159.0,12,0.0,3,0,2,b
2,57,2436004.0,2436086.5,8,0.0,3,0,1,b
2,57,2437004.0,2438159.0,12,0.0,3,0,2,b
1,207,2436304.0,2436386.5,8,0.0,3,0,1,b
1,207,2437304.0,2438459.0,12,0.0,3,0,2,b
2,207,2436304.0,2436386.5,8,0.0,3,0,1,b
2,207,2437304.0,2438459.0,12,0.0,3,0,2,b
2,210,2437395.0,2437972.8,11,0.0,3,0,1,b
2,210,2438395.0,2439550.0,12,0.0,3,0,2,b
1,14,2441717.2,2442872.2,12,0.0,3,0,1,b
1,14,2442717.2,2443872.2,12,0.0,3,0,2,b
1,158,2445301.5,2445384.0,8,0.0,3,0,1,b
1,158,2446301.5,2447456.5,12,0.0,3,0,2,b
2,138,2445786.5,2445869.0,8,0.0,3,0,1,b
2,138,2446786.5,2447941.5,12,0.0,3,0,2,b
1,295,2449068.2,2450223.5,12,0.0,3,0,1,b
1,295,2450068.2,2451223.5,12,0.0,3,0,2,b
2,112,2448470.2,2448759.0,10,0.0,3,0,1,b
2,112,2449470.2,2450625.2,12,0.0,3,0,2,b
2,225,2452230.2,2452271.5,7,0.0,3,0,1,b
2,225,2453230.2,2454385.2,12,0.0,3,0,2,b
2,105,2458969.8,2459547.2,11,0.0,3,0,1,b
2,105,2459969.8,2461124.8,12,0.0,3,0,2,b
2,402,2462717.8,2462759.0,7,0.0,3,0,1,b
2,402,2463717.8,2464872.8,12,0.0,3,0,2,b
1,247,2464094.8,2464177.2,8,0.0,3,0,1,b
1,247,2465094.8,2466249.8,12,0.0,3,0,2,b
1,317,2465413.5,2465991.2,11,0.0,3,0,1,b
1,317,2466413.5,2467568.5,12,0.0,3,0,2,b
1,117,2465026.0,2465314.8,10,0.0,3,0,1,b
1,117,2466026.0,2467181.0,12,0.0,3,0,2,b
1,357,2466723.0,2466867.2,9,0.0,3,0,1,b
1,357,2467723.0,2468878.0,12,0.0,3,0,2,b
1,209,2469411.0,2469555.2,9,0.0,3,0,1,b
1,209,2470411.0,2471566.0,12,0.0,3,0,2,b
2,209,2469411.0,2469555.2,9,0.0,3,0,1,b
2,209,2470411.0,2471566.0,12,0.0,3,0,2,b
1,147,2473414.5,2474569.5,12,0.0,3,0,1,b
1,147,2474414.5,2475569.5,12,0.0,3,0,2,b
2,147,2473414.5,2474569.5,12,0.0,3,0,1,b
2,147,2474414.5,2475569.5,12,0.0,3,0,2,b
1,319,2474966.0,2475255.0,10,0.0,3,0,1,b
1,319,2475966.0,2477121.0,12,0.0,3,0,2,b
2,155,2477055.2,2477632.8,11,0.0,3,0,1,b
2,155,2478055.2,2479210.2,12,0.0,3,0,2,b
2,27,2481188.8,2482343.8,12,0.0,3,0,1,c
2,27,2482188.8,2483343.8,12,0.0,3,0,2,c
2,136,2481578.0,2481722.5,9,0.0,3,0,1,b
2,136,2482578.0,2483733.2,12,0.0,3,0,2,b
2,254,2481449.0,2481490.2,7,0.0,3,0,1,b
2,254,2482449.0,2483604.0,12,0.0,3,0,2,b
2,159,2484046.8,2484191.0,9,0.0,3,0,1,b
2,159,2485046.8,2486201.8,12,0.0,3,0,2,b
1,318,2486560.2,2487138.0,11,0.0,3,0,1,c
1,318,2487560.2,2488715.2,12,0.0,3,0,2,c
1,257,2488018.0,2489173.0,12,0.0,3,0,1,c
1,257,2489018.0,2490173.0,12,0.0,3,0,2,c
2,257,2488018.0,2489173.0,12,0.0,3,0,1,c
2,257,2489018.0,2490173.0,12,0.0,3,0,2,c
1,101,2486910.2,2487199.0,10,0.0,3,0,1,c
1,101,2487910.2,2489065.2,12,0.0,3,0,2,c
1,183,2487317.2,2487606.0,10,0.0,3,0,1,c
1,183,2488317.2,2489472.2,12,0.0,3,0,2,c
1,59,2487300.5,2487444.8,9,0.0,3,0,1,c
1,59,2488300.5,2489455.5,12,0.0,3,0,2,c
2,59,2487300.5,2487444.8,9,0.0,3,0,1,b
2,59,2488300.5,2489455.5,12,0.0,3,0,2,b
1,294,2489614.0,2490191.8,11,0.0,3,0,1,b
1,294,2490614.0,2491769.0,12,0.0,3,0,2,b
2,294,2489614.0,2490191.8,11,0.0,3,0,1,b
2,294,2490614.0,2491769.0,12,0.0,3,0,2,b
2,303,2491812.5,2492101.2,10,0.0,3,0,1,b
2,303,2492812.5,2493967.5,12,0.0,3,0,2,b
2,86,2492340.2,2492484.5,9,0.0,3,0,1,b
2,86,2493340.2,2494495.2,12,0.0,3,0,2,b
1,222,2495211.8,2496366.8,12,0.0,3,0,1,b
1,222,2496211.8,2497366.8,12,0.0,3,0,2,b
1,292,2495983.2,2496560.8,11,0.0,3,0,1,b
1,292,2496983.2,2498138.2,12,0.0,3,0,2,b
1,198,2497960.0,2498001.2,7,0.0,3,0,1,b
1,198,2498960.0,2500115.0,12,0.0,3,0,2,b
2,23,2517941.2,2517982.5,7,0.0,3,0,1,b
2,23,2518941.2,2520096.2,12,0.0,3,0,2,b
1,159,2518989.0,2519133.2,9,0.0,3,0,1,b
1,159,2519989.0,2521144.0,12,0.0,3,0,2,b
2,159,2518989.0,2519133.2,9,0.0,3,0,1,b
2,159,2519989.0,2521144.0,12,0.0,3,0,2,b
1,187,2521329.2,2522484.5,12,0.0,3,0,1,b
1,187,2522329.2,2523484.5,12,0.0,3,0,2,b
2,187,2521329.2,2522484.5,12,0.0,3,0,1,b
2,187,2522329.2,2523484.5,12,0.0,3,0,2,b
1,123,2520695.8,2520737.0,7,0.0,3,0,1,b
1,123,2521695.8,2522850.8,12,0.0,3,0,2,b
2,123,2520695.8,2520737.0,7,0.0,3,0,1,b
2,123,2521695.8,2522850.8,12,0.0,3,0,2,b
1,185,2524620.0,2525775.2,12,0.0,3,0,1,b
1,185,2525620.0,2526775.2,12,0.0,3,0,2,b
1,270,2526177.8,2527332.8,12,0.0,3,0,1,b
1,270,2527177.8,2528332.8,12,0.0,3,0,2,b
1,388,2526061.8,2526639.5,11,0.0,3,0,1,b
1,388,2527061.8,2528216.8,12,0.0,3,0,2,b
2,388,2526061.8,2526639.5,11,0.0,3,0,1,b
2,388,2527061.8,2528216.8,12,0.0,3,0,2,b
1,174,2534921.8,2536076.8,12,0.0,3,0,1,c
1,174,2535921.8,2537076.8,12,0.0,3,0,2,c
2,174,2534921.8,2536076.8,12,0.0,3,0,1,b
2,174,2535921.8,2537076.8,12,0.0,3,0,2,b
2,15,2535204.2,2536359.5,12,0.0,3,0,1,b
2,15,2536204.2,2537359.5,12,0.0,3,0,2,b
1,141,2536801.8,2536946.0,9,0.0,3,0,1,b
1,141,2537801.8,2538956.8,12,0.0,3,0,2,b
1,160,2537199.0,2537487.8,10,0.0,3,0,1,b
1,160,2538199.0,2539354.0,12,0.0,3,0,2,b
1,219,2540125.2,2541280.2,12,0.0,3,0,1,b
1,219,2541125.2,2542280.2,12,0.0,3,0,2,b
1,259,2543451.8,2543534.2,8,0.0,3,0,1,b
1,259,2544451.8,2545606.8,12,0.0,3,0,2,b
1,3,2546159.8,2547314.8,12,0.0,3,0,1,c
1,3,2547159.8,2548314.8,12,0.0,3,0,2,c
1,158,2545312.8,2545395.2,8,0.0,3,0,1,b
1,158,2546312.8,2547467.8,12,0.0,3,0,2,b
2,158,2545312.8,2545395.2,8,0.0,3,0,1,b
2,158,2546312.8,2547467.8,12,0.0,3,0,2,b
1,302,2546082.2,2546371.0,10,0.0,3,0,1,c
1,302,2547082.2,2548237.2,12,0.0,3,0,2,c
2,302,2546082.2,2546371.0,10,0.0,3,0,1,b
2,302,2547082.2,2548237.2,12,0.0,3,0,2,b
1,85,2548524.5,2549679.5,12,0.0,3,0,1,b
1,85,2549524.5,2550679.5,12,0.0,3,0,2,b
2,85,2548524.5,2549679.5,12,0.0,3,0,1,b
2,85,2549524.5,2550679.5,12,0.0,3,0,2,b
1,329,2548281.5,2548570.2,10,0.0,3,0,1,b
1,329,2549281.5,2550436.5,12,0.0,3,0,2,b
2,329,2548281.5,2548570.2,10,0.0,3,0,1,b
2,329,2549281.5,2550436.5,12,0.0,3,0,2,b
1,250,2549961.8,2551116.8,12,0.0,3,0,1,b
1,250,2550961.8,2552116.8,12,0.0,3,0,2,b
1,364,2550478.0,2551633.0,12,0.0,3,0,1,b
1,364,2551478.0,2552633.0,12,0.0,3,0,2,b
2,364,2550478.0,2551633.0,12,0.0,3,0,1,b
2,364,2551478.0,2552633.0,12,0.0,3,0,2,b
2,375,2551418.0,2552573.0,12,0.0,3,0,1,b
2,375,2552418.0,2553573.0,12,0.0,3,0,2,b
2,200,2551535.5,2551679.8,9,0.0,3,0,1,b
2,200,2552535.5,2553690.5,12,0.0,3,0,2,b
1,319,2551909.2,2552198.0,10,0.0,3,0,1,b
1,319,2552909.2,2554064.2,12,0.0,3,0,2,b
2,319,2551909.2,2552198.0,10,0.0,3,0,1,b
2,319,2552909.2,2554064.2,12,0.0,3,0,2,b
1,24,2557830.8,2557975.0,9,0.0,3,0,1,b
1,24,2558830.8,2559985.8,12,0.0,3,0,2,b
1,213,2559171.8,2559316.0,9,0.0,3,0,1,c
1,213,2560171.8,2561326.8,12,0.0,3,0,2,c
2,213,2559171.8,2559316.0,9,0.0,3,0,1,b
2,213,2560171.8,2561326.8,12,0.0,3,0,2,b
1,128,2559587.8,2559670.2,8,0.0,3,0,1,c
1,128,2560587.8,2561742.8,12,0.0,3,0,2,c
1,35,2561772.0,2562060.8,10,0.0,3,0,1,b
1,35,2562772.0,2563927.0,12,0.0,3,0,2,b
2,48,2564487.0,2564569.5,8,0.0,3,0,1,b
2,48,2565487.0,2566642.0,12,0.0,3,0,2,b
1,313,2565804.8,2566382.2,11,0.0,3,0,1,b
1,313,2566804.8,2567959.8,12,0.0,3,0,2,b
2,181,2566634.0,2567789.0,12,0.0,3,0,1,b
2,181,2567634.0,2568789.0,12,0.0,3,0,2,b
1,184,2565697.8,2565780.2,8,0.0,3,0,1,b
1,184,2566697.8,2567852.8,12,0.0,3,0,2,b
2,184,2565697.8,2565780.2,8,0.0,3,0,1,b
2,184,2566697.8,2567852.8,12,0.0,3,0,2,b
2,276,2572637.0,2573792.0,12,0.0,3,0,1,b
2,276,2573637.0,2574792.0,12,0.0,3,0,2,b
2,65,2572765.0,2572909.2,9,0.0,3,0,1,b
2,65,2573765.0,2574920.0,12,0.0,3,0,2,b
1,377,2575443.2,2576598.5,12,0.0,3,0,1,b
1,377,2576443.2,2577598.5,12,0.0,3,0,2,b
2,377,2575443.2,2576598.5,12,0.0,3,0,1,c
2,377,2576443.2,2577598.5,12,0.0,3,0,2,c
1,178,2575908.2,2577063.2,12,0.0,3,0,1,b
1,178,2576908.2,2578063.2,12,0.0,3,0,2,b
2,178,2575908.2,2577063.2,12,0.0,3,0,1,b
2,178,2576908.2,2578063.2,12,0.0,3,0,2,b
1,356,2579961.8,2580106.0,9,0.0,3,0,1,b
1,356,2580961.8,2582116.8,12,0.0,3,0,2,b
2,356,2579961.8,2580106.0,9,0.0,3,0,1,b
2,356,2580961.8,2582116.8,12,0.0,3,0,2,b
1,18,2581675.8,2582830.8,12,0.0,3,0,1,c
1,18,2582675.8,2583830.8,12,0.0,3,0,2,c
2,18,2581675.8,2582830.8,12,0.0,3,0,1,b
2,18,2582675.8,2583830.8,12,0.0,3,0,2,b
1,120,2581727.8,2582882.8,12,0.0,3,0,1,b
1,120,2582727.8,2583882.8,12,0.0,3,0,2,b
2,120,2581727.8,2582882.8,12,0.0,3,0,1,b
2,120,2582727.8,2583882.8,12,0.0,3,0,2,b
1,122,2584770.5,2585059.2,10,0.0,3,0,1,c
1,122,2585770.5,2586925.5,12,0.0,3,0,2,c
2,122,2584770.5,2585059.2,10,0.0,3,0,1,b
2,122,2585770.5,2586925.5,12,0.0,3,0,2,b
1,239,2590021.8,2591176.8,12,0.0,3,0,1,b
1,239,2591021.8,2592176.8,12,0.0,3,0,2,b
2,239,2590021.8,2591176.8,12,0.0,3,0,1,b
2,239,2591021.8,2592176.8,12,0.0,3,0,2,b
1,171,2590825.8,2591403.2,11,0.0,3,0,1,b
1,171,2591825.8,2592980.8,12,0.0,3,0,2,b
2,171,2590825.8,2591403.2,11,0.0,3,0,1,b
2,171,2591825.8,2592980.8,12,0.0,3,0,2,b
2,146,2592542.5,2593697.5,12,0.0,3,0,1,b
2,146,2593542.5,2594697.5,12,0.0,3,0,2,b
1,376,2593410.0,2593987.5,11,0.0,3,0,1,b
1,376,2594410.0,2595565.0,12,0.0,3,0,2,b
1,278,2594721.0,2595876.0,12,0.0,3,0,1,b
1,278,2595721.0,2596876.0,12,0.0,3,0,2,b
1,329,2593542.5,2593831.2,10,0.0,3,0,1,b
1,329,2594542.5,2595697.5,12,0.0,3,0,2,b
2,329,2593542.5,2593831.2,10,0.0,3,0,1,b
2,329,2594542.5,2595697.5,12,0.0,3,0,2,b
1,263,2595446.2,2595487.5,7,0.0,3,0,1,b
1,263,2596446.2,2597601.2,12,0.0,3,0,2,b
2,291,2595984.2,2596066.8,8,0.0,3,0,1,b
2,291,2596984.2,2598139.2,12,0.0,3,0,2,b
1,229,2597824.5,2598979.5,12,0.0,3,0,1,c
1,229,2598824.5,2599979.5,12,0.0,3,0,2,c
1,47,2600851.2,2601429.0,11,0.0,3,0,1,b
1,47,2601851.2,2603006.2,12,0.0,3,0,2,b
2,47,2600851.2,2601429.0,11,0.0,3,0,1,c
2,47,2601851.2,2603006.2,12,0.0,3,0,2,c
1,46,2602288.2,2602370.8,8,0.0,3,0,1,b
1,46,2603288.2,2604443.2,12,0.0,3,0,2,b
1,154,2606887.5,2608042.5,12,0.0,3,0,1,b
1,154,2607887.5,2609042.5,12,0.0,3,0,2,b
2,35,2607033.0,2607321.8,10,0.0,3,0,1,b
2,35,2608033.0,2609188.0,12,0.0,3,0,2,b
1,118,2607407.2,2607551.5,9,0.0,3,0,1,b
1,118,2608407.2,2609562.2,12,0.0,3,0,2,b
2,402,2610001.2,2610042.5,7,0.0,3,0,1,b
2,402,2611001.2,2612156.2,12,0.0,3,0,2,b
2,308,2612097.0,2612385.8,10,0.0,3,0,1,b
2,308,2613097.0,2614252.0,12,0.0,3,0,2,b
1,349,2614612.0,2614756.2,9,0.0,3,0,1,b
1,349,2615612.0,2616767.0,12,0.0,3,0,2,b
2,262,2615042.5,2615125.0,8,0.0,3,0,1,b
2,262,2616042.5,2617197.5,12,0.0,3,0,2,b
1,258,2625503.8,2626658.8,12,0.0,3,0,1,c
1,258,2626503.8,2627658.8,12,0.0,3,0,2,c
2,258,2625503.8,2626658.8,12,0.0,3,0,1,b
2,258,2626503.8,2627658.8,12,0.0,3,0,2,b
2,150,2624100.2,2624244.8,9,0.0,3,0,1,b
2,150,2625100.2,2626255.2,12,0.0,3,0,2,b
1,336,2628806.2,2629961.2,12,0.0,3,0,1,b
1,336,2629806.2,2630961.2,12,0.0,3,0,2,b
2,336,2628806.2,2629961.2,12,0.0,3,0,1,b
2,336,2629806.2,2630961.2,12,0.0,3,0,2,b
1,46,2627485.8,2627568.2,8,0.0,3,0,1,c
1,46,2628485.8,2629640.8,12,0.0,3,0,2,c
1,295,2630111.5,2631266.5,12,0.0,3,0,1,b
1,295,2631111.5,2632266.5,12,0.0,3,0,2,b
2,295,2630111.5,2631266.5,12,0.0,3,0,1,b
2,295,2631111.5,2632266.5,12,0.0,3,0,2,b
1,320,2634039.2,2635194.2,12,0.0,3,0,1,b
1,320,2635039.2,2636194.2,12,0.0,3,0,2,b
2,320,2634039.2,2635194.2,12,0.0,3,0,1,b
2,320,2635039.2,2636194.2,12,0.0,3,0,2,b
2,143,2635639.2,2636794.2,12,0.0,3,0,1,c
2,143,2636639.2,2637794.2,12,0.0,3,0,2,c
1,24,2635158.8,2635303.0,9,0.0,3,0,1,b
1,24,2636158.8,2637313.8,12,0.0,3,0,2,b
1,189,2641909.2,2643064.2,12,0.0,3,0,1,b
1,189,2642909.2,2644064.2,12,0.0,3,0,2,b
2,189,2641909.2,2643064.2,12,0.0,3,0,1,b
2,189,2642909.2,2644064.2,12,0.0,3,0,2,b
1,285,2642682.0,2642826.2,9,0.0,3,0,1,b
1,285,2643682.0,2644837.0,12,0.0,3,0,2,b
1,163,2647964.8,2648253.8,10,0.0,3,0,1,b
1,163,2648964.8,2650119.8,12,0.0,3,0,2,b
2,105,2649699.8,2650277.2,11,0.0,3,0,1,b
2,105,2650699.8,2651854.8,12,0.0,3,0,2,b
1,389,2651033.2,2651177.5,9,0.0,3,0,1,b
1,389,2652033.2,2653188.2,12,0.0,3,0,2,b
1,246,2652844.2,2653133.0,10,0.0,3,0,1,c
1,246,2653844.2,2654999.2,12,0.0,3,0,2,c
1,147,2654457.8,2655612.8,12,0.0,3,0,1,b
1,147,2655457.8,2656612.8,12,0.0,3,0,2,b
2,147,2654457.8,2655612.8,12,0.0,3,0,1,b
2,147,2655457.8,2656612.8,12,0.0,3,0,2,b
1,68,2657034.0,2657178.2,9,0.0,3,0,1,b
1,68,2658034.0,2659189.0,12,0.0,3,0,2,b
2,68,2657034.0,2657178.2,9,0.0,3,0,1,b
2,68,2658034.0,2659189.0,12,0.0,3,0,2,b
1,152,2657348.8,2657431.2,8,0.0,3,0,1,b
1,152,2658348.8,2659503.8,12,0.0,3,0,2,b
1,184,2657570.5,2657653.0,8,0.0,3,0,1,b
1,184,2658570.5,2659725.5,12,0.0,3,0,2,b
2,184,2657570.5,2657653.0,8,0.0,3,0,1,b
2,184,2658570.5,2659725.5,12,0.0,3,0,2,b
2,386,2658629.2,2658773.5,9,0.0,3,0,1,c
2,386,2659629.2,2660784.2,12,0.0,3,0,2,c
1,24,2659837.2,2659981.5,9,0.0,3,0,1,b
1,24,2660837.2,2661992.2,12,0.0,3,0,2,b
2,127,2662715.8,2663870.8,12,0.0,3,0,1,b
2,127,2663715.8,2664870.8,12,0.0,3,0,2,b
1,8,2663136.2,2664291.2,12,0.0,3,0,1,b
1,8,2664136.2,2665291.2,12,0.0,3,0,2,b
2,313,2664518.0,2665095.8,11,0.0,3,0,1,b
2,313,2665518.0,2666673.0,12,0.0,3,0,2,b
2,160,2666910.0,2667198.8,10,0.0,3,0,1,b
2,160,2667910.0,2669065.0,12,0.0,3,0,2,b
1,257,2669061.2,2670216.2,12,0.0,3,0,1,c
1,257,2670061.2,2671216.2,12,0.0,3,0,2,c
2,257,2669061.2,2670216.2,12,0.0,3,0,1,b
2,257,2670061.2,2671216.2,12,0.0,3,0,2,b
1,117,2667898.8,2668187.5,10,0.0,3,0,1,b
1,117,2668898.8,2670053.8,12,0.0,3,0,2,b
2,117,2667898.8,2668187.5,10,0.0,3,0,1,b
2,117,2668898.8,2670053.8,12,0.0,3,0,2,b
1,52,2667996.5,2668140.8,9,0.0,3,0,1,b
1,52,2668996.5,2670151.5,12,0.0,3,0,2,b
1,195,2671690.5,2672845.5,12,0.0,3,0,1,b
1,195,2672690.5,2673845.5,12,0.0,3,0,2,b
2,332,2670914.2,2671203.0,10,0.0,3,0,1,b
2,332,2671914.2,2673069.2,12,0.0,3,0,2,b
2,186,2671604.0,2671892.8,10,0.0,3,0,1,b
2,186,2672604.0,2673759.0,12,0.0,3,0,2,b
1,308,2672225.2,2672514.2,10,0.0,3,0,1,b
1,308,2673225.2,2674380.2,12,0.0,3,0,2,b
2,308,2672225.2,2672514.2,10,0.0,3,0,1,b
2,308,2673225.2,2674380.2,12,0.0,3,0,2,b
1,172,2674073.0,2675228.0,12,0.0,3,0,1,b
1,172,2675073.0,2676228.0,12,0.0,3,0,2,b
2,172,2674073.0,2675228.0,12,0.0,3,0,1,c
2,172,2675073.0,2676228.0,12,0.0,3,0,2,c
1,217,2677908.5,2677991.0,8,0.0,3,0,1,b
1,217,2678908.5,2680063.5,12,0.0,3,0,2,b
2,110,2679978.0,2681133.0,12,0.0,3,0,1,c
2,110,2680978.0,2682133.0,12,0.0,3,0,2,c
1,363,2686555.8,2686597.0,7,0.0,3,0,1,c
1,363,2687555.8,2688710.8,12,0.0,3,0,2,c
2,14,2689863.0,2691018.0,12,0.0,3,0,1,b
2,14,2690863.0,2692018.0,12,0.0,3,0,2,b
2,312,2692752.5,2692835.0,8,0.0,3,0,1,b
2,312,2693752.5,2694907.5,12,0.0,3,0,2,b
1,368,2696351.5,2697506.5,12,0.0,3,0,1,b
1,368,2697351.5,2698506.5,12,0.0,3,0,2,b
1,275,2694801.5,2694945.8,9,0.0,3,0,1,b
1,275,2695801.5,2696956.5,12,0.0,3,0,2,b
1,269,2698507.5,2699085.2,11,0.0,3,0,1,c
1,269,2699507.5,2700662.5,12,0.0,3,0,2,c
2,131,2699935.5,2699976.8,7,0.0,3,0,1,b
2,131,2700935.5,2702090.5,12,0.0,3,0,2,b
1,185,2705663.2,2706818.2,12,0.0,3,0,1,b
1,185,2706663.2,2707818.2,12,0.0,3,0,2,b
1,77,2705777.5,2706066.5,10,0.0,3,0,1,b
1,77,2706777.5,2707932.5,12,0.0,3,0,2,b
2,77,2705777.5,2706066.5,10,0.0,3,0,1,b
2,77,2706777.5,2707932.5,12,0.0,3,0,2,b
1,159,2706480.5,2706624.8,9,0.0,3,0,1,b
1,159,2707480.5,2708635.5,12,0.0,3,0,2,b
2,159,2706480.5,2706624.8,9,0.0,3,0,1,c
2,159,2707480.5,2708635.5,12,0.0,3,0,2,c
1,24,2709670.2,2709814.5,9,0.0,3,0,1,b
1,24,2710670.2,2711825.2,12,0.0,3,0,2,b
1,282,2710330.2,2710474.5,9,0.0,3,0,1,c
1,282,2711330.2,2712485.2,12,0.0,3,0,2,c
1,399,2711550.5,2711839.2,10,0.0,3,0,1,b
1,399,2712550.5,2713705.5,12,0.0,3,0,2,b
2,326,2711911.5,2712200.2,10,0.0,3,0,1,b
2,326,2712911.5,2714066.5,12,0.0,3,0,2,b
1,288,2711942.2,2712231.0,10,0.0,3,0,1,b
1,288,2712942.2,2714097.2,12,0.0,3,0,2,b
2,288,2711942.2,2712231.0,10,0.0,3,0,1,b
2,288,2712942.2,2714097.2,12,0.0,3,0,2,b
1,255,2712206.8,2712351.0,9,0.0,3,0,1,b
1,255,2713206.8,2714361.8,12,0.0,3,0,2,b
2,255,2712206.8,2712351.0,9,0.0,3,0,1,b
2,255,2713206.8,2714361.8,12,0.0,3,0,2,b
2,303,2713370.5,2713659.5,10,0.0,3,0,1,b
2,303,2714370.5,2715525.8,12,0.0,3,0,2,b
1,323,2717391.8,2718547.0,12,0.0,3,0,1,c
1,323,2718391.8,2719547.0,12,0.0,3,0,2,c
2,187,2717923.5,2719078.5,12,0.0,3,0,1,b
2,187,2718923.5,2720078.5,12,0.0,3,0,2,b
2,186,2716864.8,2717153.5,10,0.0,3,0,1,c
2,186,2717864.8,2719019.8,12,0.0,3,0,2,c
1,308,2717486.0,2717775.0,10,0.0,3,0,1,c
1,308,2718486.0,2719641.0,12,0.0,3,0,2,c
2,308,2717486.0,2717775.0,10,0.0,3,0,1,b
2,308,2718486.0,2719641.0,12,0.0,3,0,2,b
1,321,2719373.8,2719415.0,7,0.0,3,0,1,b
1,321,2720373.8,2721528.8,12,0.0,3,0,2,b
2,321,2719373.8,2719415.0,7,0.0,3,0,1,b
2,321,2720373.8,2721528.8,12,0.0,3,0,2,b
2,165,2720085.2,2720229.5,9,0.0,3,0,1,b
2,165,2721085.2,2722240.2,12,0.0,3,0,2,b
2,106,2721092.0,2721236.2,9,0.0,3,0,1,b
2,106,2722092.0,2723247.0,12,0.0,3,0,2,b
1,302,2722153.0,2722442.0,10,0.0,3,0,1,c
1,302,2723153.0,2724308.0,12,0.0,3,0,2,c
1,15,2723826.2,2724981.2,12,0.0,3,0,1,b
1,15,2724826.2,2725981.2,12,0.0,3,0,2,b
2,15,2723826.2,2724981.2,12,0.0,3,0,1,b
2,15,2724826.2,2725981.2,12,0.0,3,0,2,b
1,322,2726767.0,2727922.0,12,0.0,3,0,1,b
1,322,2727767.0,2728922.0,12,0.0,3,0,2,b
2,322,2726767.0,2727922.0,12,0.0,3,0,1,c
2,322,2727767.0,2728922.0,12,0.0,3,0,2,c
2,234,2727547.0,2727691.5,9,0.0,3,0,1,b
2,234,2728547.0,2729702.2,12,0.0,3,0,2,b
2,335,2730438.2,2731593.2,12,0.0,3,0,1,b
2,335,2731438.2,2732593.2,12,0.0,3,0,2,b
1,339,2730776.0,2731064.8,10,0.0,3,0,1,b
1,339,2731776.0,2732931.0,12,0.0,3,0,2,b
1,375,2732461.2,2733616.2,12,0.0,3,0,1,b
1,375,2733461.2,2734616.2,12,0.0,3,0,2,b
2,375,2732461.2,2733616.2,12,0.0,3,0,1,b
2,375,2733461.2,2734616.2,12,0.0,3,0,2,b
2,347,2735535.5,2735679.8,9,0.0,3,0,1,b
2,347,2736535.5,2737690.5,12,0.0,3,0,2,b
1,315,2736142.0,2736286.5,9,0.0,3,0,1,b
1,315,2737142.0,2738297.0,12,0.0,3,0,2,b
2,315,2736142.0,2736286.5,9,0.0,3,0,1,b
2,315,2737142.0,2738297.0,12,0.0,3,0,2,b
1,135,2739071.5,2740226.5,12,0.0,3,0,1,b
1,135,2740071.5,2741226.5,12,0.0,3,0,2,b
2,135,2739071.5,2740226.5,12,0.0,3,0,1,b
2,135,2740071.5,2741226.5,12,0.0,3,0,2,b
1,250,2742323.8,2743478.8,12,0.0,3,0,1,b
1,250,2743323.8,2744478.8,12,0.0,3,0,2,b
2,280,2745767.5,2746922.5,12,0.0,3,0,1,b
2,280,2746767.5,2747922.5,12,0.0,3,0,2,b
1,75,2749053.2,2749135.8,8,0.0,3,0,1,b
1,75,2750053.2,2751208.2,12,0.0,3,0,2,b
2,75,2749053.2,2749135.8,8,0.0,3,0,1,b
2,75,2750053.2,2751208.2,12,0.0,3,0,2,b
2,294,2750019.8,2750597.5,11,0.0,3,0,1,c
2,294,2751019.8,2752174.8,12,0.0,3,0,2,c
2,395,2752281.0,2752363.5,8,0.0,3,0,1,b
2,395,2753281.0,2754436.0,12,0.0,3,0,2,b
1,362,2758894.0,2759038.2,9,0.0,3,0,1,b
1,362,2759894.0,2761049.0,12,0.0,3,0,2,b
1,102,2759330.2,2759371.5,7,0.0,3,0,1,b
1,102,2760330.2,2761485.2,12,0.0,3,0,2,b
2,18,2762719.0,2763874.0,12,0.0,3,0,1,b
2,18,2763719.0,2764874.0,12,0.0,3,0,2,b
2,267,2761523.5,2761812.2,10,0.0,3,0,1,b
2,267,2762523.5,2763678.5,12,0.0,3,0,2,b
1,17,2761626.2,2761770.5,9,0.0,3,0,1,b
1,17,2762626.2,2763781.2,12,0.0,3,0,2,b
2,17,2761626.2,2761770.5,9,0.0,3,0,1,b
2,17,2762626.2,2763781.2,12,0.0,3,0,2,b
2,297,2766674.2,2766756.8,8,0.0,3,0,1,b
2,297,2767674.2,2768829.2,12,0.0,3,0,2,b
2,246,2767849.5,2768138.5,10,0.0,3,0,1,b
2,246,2768849.5,2770004.8,12,0.0,3,0,2,b
1,349,2768580.2,2768724.5,9,0.0,3,0,1,b
1,349,2769580.2,2770735.2,12,0.0,3,0,2,b
2,349,2768580.2,2768724.5,9,0.0,3,0,1,b
2,349,2769580.2,2770735.2,12,0.0,3,0,2,b
2,23,2774715.8,2774757.0,7,0.0,3,0,1,b
2,23,2775715.8,2776870.8,12,0.0,3,0,2,b
1,223,2781796.2,2781940.5,9,0.0,3,0,1,b
1,223,2782796.2,2783951.2,12,0.0,3,0,2,b
1,319,2782495.0,2782784.0,10,0.0,3,0,1,b
1,319,2783495.0,2784650.2,12,0.0,3,0,2,b
2,297,2784823.2,2784905.8,8,0.0,3,0,1,b
2,297,2785823.2,2786978.2,12,0.0,3,0,2,b
2,175,2785484.5,2785773.5,10,0.0,3,0,1,b
2,175,2786484.5,2787639.8,12,0.0,3,0,2,b
1,393,2786800.0,2787377.8,11,0.0,3,0,1,b
1,393,2787800.0,2788955.0,12,0.0,3,0,2,b
2,154,2787930.8,2789085.8,12,0.0,3,0,1,b
2,154,2788930.8,2790085.8,12,0.0,3,0,2,b
2,105,2795449.8,2796027.2,11,0.0,3,0,1,b
2,105,2796449.8,2797604.8,12,0.0,3,0,2,b
2,360,2795150.2,2795294.5,9,0.0,3,0,1,b
2,360,2796150.2,2797305.2,12,0.0,3,0,2,b
1,80,2798705.0,2799282.8,11,0.0,3,0,1,b
1,80,2799705.0,2800860.0,12,0.0,3,0,2,b
1,331,2803148.8,2804303.8,12,0.0,3,0,1,b
1,331,2804148.8,2805303.8,12,0.0,3,0,2,b
1,342,2805016.0,2805160.5,9,0.0,3,0,1,b
1,342,2806016.0,2807171.2,12,0.0,3,0,2,b
2,342,2805016.0,2805160.5,9,0.0,3,0,1,b
2,342,2806016.0,2807171.2,12,0.0,3,0,2,b
1,295,2811154.8,2812309.8,12,0.0,3,0,1,b
1,295,2812154.8,2813309.8,12,0.0,3,0,2,b
2,295,2811154.8,2812309.8,12,0.0,3,0,1,c
2,295,2812154.8,2813309.8,12,0.0,3,0,2,c
1,341,2810935.2,2811224.0,10,0.0,3,0,1,b
1,341,2811935.2,2813090.2,12,0.0,3,0,2,b
2,341,2810935.2,2811224.0,10,0.0,3,0,1,b
2,341,2811935.2,2813090.2,12,0.0,3,0,2,b
1,352,2812948.8,2813237.5,10,0.0,3,0,1,b
1,352,2813948.8,2815103.8,12,0.0,3,0,2,b
2,210,2814188.5,2814766.0,11,0.0,3,0,1,b
2,210,2815188.5,2816343.5,12,0.0,3,0,2,b
1,29,2816834.5,2817989.5,12,0.0,3,0,1,b
1,29,2817834.5,2818989.5,12,0.0,3,0,2,b
2,29,2816834.5,2817989.5,12,0.0,3,0,1,c
2,29,2817834.5,2818989.5,12,0.0,3,0,2,c
1,109,2816684.2,2816973.2,10,0.0,3,0,1,b
1,109,2817684.2,2818839.2,12,0.0,3,0,2,b
2,151,2817030.5,2817319.2,10,0.0,3,0,1,b
2,151,2818030.5,2819185.5,12,0.0,3,0,2,b
2,253,2821108.8,2822263.8,12,0.0,3,0,1,b
2,253,2822108.8,2823263.8,12,0.0,3,0,2,b
1,191,2821151.0,2821295.5,9,0.0,3,0,1,c
1,191,2822151.0,2823306.2,12,0.0,3,0,2,c
1,189,2822952.5,2824107.5,12,0.0,3,0,1,b
1,189,2823952.5,2825107.5,12,0.0,3,0,2,b
1,243,2824186.2,2825341.2,12,0.0,3,0,1,b
1,243,2825186.2,2826341.2,12,0.0,3,0,2,b
1,362,2826306.5,2826450.8,9,0.0,3,0,1,b
1,362,2827306.5,2828461.5,12,0.0,3,0,2,b
1,183,2826678.0,2826966.8,10,0.0,3,0,1,b
1,183,2827678.0,2828833.0,12,0.0,3,0,2,b
1,307,2831403.8,2832558.8,12,0.0,3,0,1,b
1,307,2832403.8,2833558.8,12,0.0,3,0,2,b
2,307,2831403.8,2832558.8,12,0.0,3,0,1,c
2,307,2832403.8,2833558.8,12,0.0,3,0,2,c
1,175,2832946.8,2833235.5,10,0.0,3,0,1,b
1,175,2833946.8,2835101.8,12,0.0,3,0,2,b
2,175,2832946.8,2833235.5,10,0.0,3,0,1,b
2,175,2833946.8,2835101.8,12,0.0,3,0,2,b
1,364,2835428.0,2836583.0,12,0.0,3,0,1,b
1,364,2836428.0,2837583.0,12,0.0,3,0,2,b
2,364,2835428.0,2836583.0,12,0.0,3,0,1,b
2,364,2836428.0,2837583.0,12,0.0,3,0,2,b
2,84,2836684.2,2836973.2,10,0.0,3,0,1,b
2,84,2837684.2,2838839.2,12,0.0,3,0,2,b
1,159,2838609.8,2838754.2,9,0.0,3,0,1,b
1,159,2839609.8,2840765.0,12,0.0,3,0,2,b
1,354,2839853.8,2840431.5,11,0.0,3,0,1,c
1,354,2840853.8,2842008.8,12,0.0,3,0,2,c
2,354,2839853.8,2840431.5,11,0.0,3,0,1,b
2,354,2840853.8,2842008.8,12,0.0,3,0,2,b
2,318,2840176.5,2840754.2,11,0.0,3,0,1,b
2,318,2841176.5,2842331.5,12,0.0,3,0,2,b
1,98,2841067.2,2842222.2,12,0.0,3,0,1,b
1,98,2842067.2,2843222.2,12,0.0,3,0,2,b
2,98,2841067.2,2842222.2,12,0.0,3,0,1,b
2,98,2842067.2,2843222.2,12,0.0,3,0,2,b
1,310,2841631.8,2842209.5,11,0.0,3,0,1,b
1,310,2842631.8,2843786.8,12,0.0,3,0,2,b
2,310,2841631.8,2842209.5,11,0.0,3,0,1,b
2,310,2842631.8,2843786.8,12,0.0,3,0,2,b
1,27,2843275.2,2844430.2,12,0.0,3,0,1,b
1,27,2844275.2,2845430.2,12,0.0,3,0,2,b
2,27,2843275.2,2844430.2,12,0.0,3,0,1,b
2,27,2844275.2,2845430.2,12,0.0,3,0,2,b
1,67,2843143.2,2843432.2,10,0.0,3,0,1,b
1,67,2844143.2,2845298.2,12,0.0,3,0,2,b
2,67,2843143.2,2843432.2,10,0.0,3,0,1,b
2,67,2844143.2,2845298.2,12,0.0,3,0,2,b
2,50,2845213.8,2845502.8,10,0.0,3,0,1,c
2,50,2846213.8,2847369.0,12,0.0,3,0,2,c
1,192,2845378.5,2845522.8,9,0.0,3,0,1,b
1,192,2846378.5,2847533.5,12,0.0,3,0,2,b
2,192,2845378.5,2845522.8,9,0.0,3,0,1,c
2,192,2846378.5,2847533.5,12,0.0,3,0,2,c
2,272,2847082.0,2848237.0,12,0.0,3,0,1,b
2,272,2848082.0,2849237.0,12,0.0,3,0,2,b
2,82,2847415.5,2848570.5,12,0.0,3,0,1,b
2,82,2848415.5,2849570.5,12,0.0,3,0,2,b
1,349,2846343.8,2846488.0,9,0.0,3,0,1,b
1,349,2847343.8,2848498.8,12,0.0,3,0,2,b
2,349,2846343.8,2846488.0,9,0.0,3,0,1,b
2,349,2847343.8,2848498.8,12,0.0,3,0,2,b
2,107,2846245.5,2846286.8,7,0.0,3,0,1,c
2,107,2847245.5,2848400.8,12,0.0,3,0,2,c
1,257,2850104.5,2851259.5,12,0.0,3,0,1,c
1,257,2851104.5,2852259.5,12,0.0,3,0,2,c
2,257,2850104.5,2851259.5,12,0.0,3,0,1,b
2,257,2851104.5,2852259.5,12,0.0,3,0,2,b
1,195,2852733.8,2853888.8,12,0.0,3,0,1,b
1,195,2853733.8,2854888.8,12,0.0,3,0,2,b
2,195,2852733.8,2853888.8,12,0.0,3,0,1,b
2,195,2853733.8,2854888.8,12,0.0,3,0,2,b
2,239,2854001.5,2855156.5,12,0.0,3,0,1,b
2,239,2855001.5,2856156.5,12,0.0,3,0,2,b
1,186,2852981.8,2853270.5,10,0.0,3,0,1,b
1,186,2853981.8,2855136.8,12,0.0,3,0,2,b
2,186,2852981.8,2853270.5,10,0.0,3,0,1,b
2,186,2853981.8,2855136.8,12,0.0,3,0,2,b
1,277,2853391.0,2853473.8,8,0.0,3,0,1,b
1,277,2854391.0,2855546.2,12,0.0,3,0,2,b
1,341,2856196.0,2856484.8,10,0.0,3,0,1,c
1,341,2857196.0,2858351.0,12,0.0,3,0,2,c
1,102,2857749.2,2857790.5,7,0.0,3,0,1,b
1,102,2858749.2,2859904.2,12,0.0,3,0,2,b
2,283,2868697.2,2868986.0,10,0.0,3,0,1,b
2,283,2869697.2,2870852.2,12,0.0,3,0,2,b
2,267,2868986.2,2869275.2,10,0.0,3,0,1,c
2,267,2869986.2,2871141.2,12,0.0,3,0,2,c
1,14,2870906.2,2872061.2,12,0.0,3,0,1,b
1,14,2871906.2,2873061.2,12,0.0,3,0,2,b
2,14,2870906.2,2872061.2,12,0.0,3,0,1,b
2,14,2871906.2,2873061.2,12,0.0,3,0,2,b
1,173,2869529.0,2869673.2,9,0.0,3,0,1,b
1,173,2870529.0,2871684.0,12,0.0,3,0,2,b
2,349,2871022.2,2871166.5,9,0.0,3,0,1,b
2,349,2872022.2,2873177.2,12,0.0,3,0,2,b
1,305,2871659.8,2871701.0,7,0.0,3,0,1,b
1,305,2872659.8,2873814.8,12,0.0,3,0,2,b
2,228,2872255.5,2872297.0,7,0.0,3,0,1,b
2,228,2873255.5,2874410.8,12,0.0,3,0,2,b
2,378,2875614.0,2876191.8,11,0.0,3,0,1,b
2,378,2876614.0,2877769.0,12,0.0,3,0,2,b
2,392,2877078.2,2877367.2,10,0.0,3,0,1,b
2,392,2878078.2,2879233.5,12,0.0,3,0,2,b
2,387,2879738.2,2880893.2,12,0.0,3,0,1,c
2,387,2880738.2,2881893.2,12,0.0,3,0,2,c
1,209,2879457.2,2879601.5,9,0.0,3,0,1,c
1,209,2880457.2,2881612.2,12,0.0,3,0,2,c
2,209,2879457.2,2879601.5,9,0.0,3,0,1,b
2,209,2880457.2,2881612.2,12,0.0,3,0,2,b
2,237,2883602.5,2883746.8,9,0.0,3,0,1,c
2,237,2884602.5,2885757.5,12,0.0,3,0,2,c
1,185,2886706.5,2887861.5,12,0.0,3,0,1,c
1,185,2887706.5,2888861.5,12,0.0,3,0,2,c
2,185,2886706.5,2887861.5,12,0.0,3,0,1,b
2,185,2887706.5,2888861.5,12,0.0,3,0,2,b
2,167,2887345.5,2887386.8,7,0.0,3,0,1,b
2,167,2888345.5,2889500.5,12,0.0,3,0,2,b
1,74,2904127.0,2904271.2,9,0.0,3,0,1,c
1,74,2905127.0,2906282.0,12,0.0,3,0,2,c
1,21,2906156.8,2907311.8,12,0.0,3,0,1,b
1,21,2907156.8,2908311.8,12,0.0,3,0,2,b
2,21,2906156.8,2907311.8,12,0.0,3,0,1,b
2,21,2907156.8,2908311.8,12,0.0,3,0,2,b
1,325,2906587.2,2906669.8,8,0.0,3,0,1,b
1,325,2907587.2,2908742.2,12,0.0,3,0,2,b
2,325,2906587.2,2906669.8,8,0.0,3,0,1,b
2,325,2907587.2,2908742.2,12,0.0,3,0,2,b
1,9,2906964.8,2907109.2,9,0.0,3,0,1,b
1,9,2907964.8,2909119.8,12,0.0,3,0,2,b
2,162,2907444.0,2907733.0,10,0.0,3,0,1,c
2,162,2908444.0,2909599.0,12,0.0,3,0,2,c
1,99,2907978.2,2908267.0,10,0.0,3,0,1,b
1,99,2908978.2,2910133.2,12,0.0,3,0,2,b
2,99,2907978.2,2908267.0,10,0.0,3,0,1,b
2,99,2908978.2,2910133.2,12,0.0,3,0,2,b
1,192,2909267.2,2909411.5,9,0.0,3,0,1,b
1,192,2910267.2,2911422.2,12,0.0,3,0,2,b
2,335,2911481.5,2912636.5,12,0.0,3,0,1,b
2,335,2912481.5,2913636.5,12,0.0,3,0,2,b
1,94,2912515.5,2913670.5,12,0.0,3,0,1,b
1,94,2913515.5,2914670.5,12,0.0,3,0,2,b
2,94,2912515.5,2913670.5,12,0.0,3,0,1,c
2,94,2913515.5,2914670.5,12,0.0,3,0,2,c
1,389,2911346.5,2911490.8,9,0.0,3,0,1,b
1,389,2912346.5,2913501.5,12,0.0,3,0,2,b
2,389,2911346.5,2911490.8,9,0.0,3,0,1,b
2,389,2912346.5,2913501.5,12,0.0,3,0,2,b
2,299,2911888.2,2912177.0,10,0.0,3,0,1,b
2,299,2912888.2,2914043.2,12,0.0,3,0,2,b
1,163,2914124.0,2914412.8,10,0.0,3,0,1,b
1,163,2915124.0,2916279.0,12,0.0,3,0,2,b
1,155,2915716.2,2916294.0,11,0.0,3,0,1,b
1,155,2916716.2,2917871.2,12,0.0,3,0,2,b
1,342,2915994.2,2916138.5,9,0.0,3,0,1,b
1,342,2916994.2,2918149.2,12,0.0,3,0,2,b
2,342,2915994.2,2916138.5,9,0.0,3,0,1,b
2,342,2916994.2,2918149.2,12,0.0,3,0,2,b
1,352,2920071.5,2920360.2,10,0.0,3,0,1,b
1,352,2921071.5,2922226.5,12,0.0,3,0,2,b
2,352,2920071.5,2920360.2,10,0.0,3,0,1,b
2,352,2921071.5,2922226.5,12,0.0,3,0,2,b
1,42,2922361.5,2923516.5,12,0.0,3,0,1,b
1,42,2923361.5,2924516.5,12,0.0,3,0,2,b
2,250,2923367.0,2924522.0,12,0.0,3,0,1,b
2,250,2924367.0,2925522.0,12,0.0,3,0,2,b
1,286,2922269.0,2922557.8,10,0.0,3,0,1,b
1,286,2923269.0,2924424.0,12,0.0,3,0,2,b
2,286,2922269.0,2922557.8,10,0.0,3,0,1,b
2,286,2923269.0,2924424.0,12,0.0,3,0,2,b
1,240,2926178.2,2927333.2,12,0.0,3,0,1,c
1,240,2927178.2,2928333.2,12,0.0,3,0,2,c
1,194,2929851.2,2929892.5,7,0.0,3,0,1,c
1,194,2930851.2,2932006.2,12,0.0,3,0,2,c
1,147,2933403.8,2934558.8,12,0.0,3,0,1,b
1,147,2934403.8,2935558.8,12,0.0,3,0,2,b
1,5,2933763.8,2934918.8,12,0.0,3,0,1,b
1,5,2934763.8,2935918.8,12,0.0,3,0,2,b
2,5,2933763.8,2934918.8,12,0.0,3,0,1,b
2,5,2934763.8,2935918.8,12,0.0,3,0,2,b
2,71,2937319.5,2938474.5,12,0.0,3,0,1,b
2,71,2938319.5,2939474.5,12,0.0,3,0,2,b
2,180,2937289.0,2937433.2,9,0.0,3,0,1,b
2,180,2938289.0,2939444.0,12,0.0,3,0,2,b
1,310,2940345.2,2940922.8,11,0.0,3,0,1,b
1,310,2941345.2,2942500.2,12,0.0,3,0,2,b
2,310,2940345.2,2940922.8,11,0.0,3,0,1,c
2,310,2941345.2,2942500.2,12,0.0,3,0,2,c
2,284,2941933.2,2942222.2,10,0.0,3,0,1,b
2,284,2942933.2,2944088.5,12,0.0,3,0,2,b
2,182,2942161.2,2942305.5,9,0.0,3,0,1,b
2,182,2943161.2,2944316.2,12,0.0,3,0,2,b
1,120,2943814.2,2944969.2,12,0.0,3,0,1,b
1,120,2944814.2,2945969.2,12,0.0,3,0,2,b
2,120,2943814.2,2944969.2,12,0.0,3,0,1,b
2,120,2944814.2,2945969.2,12,0.0,3,0,2,b
1,122,2943172.0,2943461.0,10,0.0,3,0,1,b
1,122,2944172.0,2945327.2,12,0.0,3,0,2,b
2,122,2943172.0,2943461.0,10,0.0,3,0,1,b
2,122,2944172.0,2945327.2,12,0.0,3,0,2,b
1,33,2944843.0,2945420.8,11,0.0,3,0,1,b
1,33,2945843.0,2946998.0,12,0.0,3,0,2,b
1,339,2945097.5,2945386.2,10,0.0,3,0,1,b
1,339,2946097.5,2947252.5,12,0.0,3,0,2,b
2,339,2945097.5,2945386.2,10,0.0,3,0,1,b
2,339,2946097.5,2947252.5,12,0.0,3,0,2,b
2,100,2949425.8,2949714.5,10,0.0,3,0,1,b
2,100,2950425.8,2951580.8,12,0.0,3,0,2,b
1,205,2955393.0,2956548.0,12,0.0,3,0,1,b
1,205,2956393.0,2957548.0,12,0.0,3,0,2,b
1,279,2959975.8,2961130.8,12,0.0,3,0,1,b
1,279,2960975.8,2962130.8,12,0.0,3,0,2,b
2,279,2959975.8,2961130.8,12,0.0,3,0,1,b
2,279,2960975.8,2962130.8,12,0.0,3,0,2,b
2,163,2959384.8,2959673.5,10,0.0,3,0,1,b
2,163,2960384.8,2961539.8,12,0.0,3,0,2,b
1,109,2960633.8,2960922.5,10,0.0,3,0,1,b
1,109,2961633.8,2962788.8,12,0.0,3,0,2,b
2,109,2960633.8,2960922.5,10,0.0,3,0,1,b
2,109,2961633.8,2962788.8,12,0.0,3,0,2,b
1,103,2960626.8,2960709.2,8,0.0,3,0,1,b
1,103,2961626.8,2962781.8,12,0.0,3,0,2,b
1,111,2962415.0,2963570.0,12,0.0,3,0,1,c
1,111,2963415.0,2964570.0,12,0.0,3,0,2,c
2,111,2962415.0,2963570.0,12,0.0,3,0,1,b
2,111,2963415.0,2964570.0,12,0.0,3,0,2,b
1,124,2961321.2,2961465.5,9,0.0,3,0,1,b
1,124,2962321.2,2963476.2,12,0.0,3,0,2,b
2,124,2961321.2,2961465.5,9,0.0,3,0,1,b
2,124,2962321.2,2963476.2,12,0.0,3,0,2,b
2,19,2965716.2,2966005.2,10,0.0,3,0,1,c
2,19,2966716.2,2967871.2,12,0.0,3,0,2,c
2,13,2972192.2,2972274.8,8,0.0,3,0,1,b
2,13,2973192.2,2974347.2,12,0.0,3,0,2,b
1,17,2976088.8,2976233.2,9,0.0,3,0,1,b
1,17,2977088.8,2978244.0,12,0.0,3,0,2,b
1,204,2976787.5,2976932.0,9,0.0,3,0,1,b
1,204,2977787.5,2978942.8,12,0.0,3,0,2,b
1,193,2982393.0,2983548.0,12,0.0,3,0,1,c
1,193,2983393.0,2984548.0,12,0.0,3,0,2,c
1,331,2984191.8,2985346.8,12,0.0,3,0,1,c
1,331,2985191.8,2986346.8,12,0.0,3,0,2,c
2,168,2984107.5,2984190.0,8,0.0,3,0,1,b
2,168,2985107.5,2986262.5,12,0.0,3,0,2,b
2,34,2984564.5,2984708.8,9,0.0,3,0,1,b
2,34,2985564.5,2986719.5,12,0.0,3,0,2,b
1,153,2984954.5,2985037.0,8,0.0,3,0,1,b
1,153,2985954.5,2987109.5,12,0.0,3,0,2,b
1,133,2986163.2,2986452.2,10,0.0,3,0,1,b
1,133,2987163.2,2988318.2,12,0.0,3,0,2,b
2,133,2986163.2,2986452.2,10,0.0,3,0,1,b
2,133,2987163.2,2988318.2,12,0.0,3,0,2,b
2,226,2987075.2,2987116.5,7,0.0,3,0,1,b
2,226,2988075.2,2989230.2,12,0.0,3,0,2,b
1,90,2987610.2,2987651.5,7,0.0,3,0,1,b
1,90,2988610.2,2989765.5,12,0.0,3,0,2,b
2,119,2989139.2,2989180.5,7,0.0,3,0,1,b
2,119,2990139.2,2991294.2,12,0.0,3,0,2,b
1,162,2994511.2,2994800.0,10,0.0,3,0,1,c
1,162,2995511.2,2996666.2,12,0.0,3,0,2,c
1,276,2996496.2,2997651.2,12,0.0,3,0,1,b
1,276,2997496.2,2998651.2,12,0.0,3,0,2,b
2,276,2996496.2,2997651.2,12,0.0,3,0,1,b
2,276,2997496.2,2998651.2,12,0.0,3,0,2,b
1,29,2997877.8,2999032.8,12,0.0,3,0,1,c
1,29,2998877.8,3000032.8,12,0.0,3,0,2,c
1,35,3000160.0,3000448.8,10,0.0,3,0,1,b
1,35,3001160.0,3002315.0,12,0.0,3,0,2,b
2,35,3000160.0,3000448.8,10,0.0,3,0,1,b
2,35,3001160.0,3002315.0,12,0.0,3,0,2,b
1,187,3001975.5,3003130.5,12,0.0,3,0,1,b
1,187,3002975.5,3004130.5,12,0.0,3,0,2,b
2,187,3001975.5,3003130.5,12,0.0,3,0,1,c
2,187,3002975.5,3004130.5,12,0.0,3,0,2,c
2,317,3001238.2,3001816.0,11,0.0,3,0,1,b
2,317,3002238.2,3003393.2,12,0.0,3,0,2,b
2,253,3002151.8,3003307.0,12,0.0,3,0,1,c
2,253,3003151.8,3004307.0,12,0.0,3,0,2,c
2,150,3000630.5,3000775.0,9,0.0,3,0,1,b
2,150,3001630.5,3002785.8,12,0.0,3,0,2,b
1,47,3004361.0,3004938.8,11,0.0,3,0,1,b
1,47,3005361.0,3006516.0,12,0.0,3,0,2,b
2,216,3005783.0,3006071.8,10,0.0,3,0,1,c
2,216,3006783.0,3007938.0,12,0.0,3,0,2,c
1,89,3008935.2,3010090.2,12,0.0,3,0,1,c
1,89,3009935.2,3011090.2,12,0.0,3,0,2,c
1,38,3010516.2,3011671.5,12,0.0,3,0,1,c
1,38,3011516.2,3012671.5,12,0.0,3,0,2,c
2,38,3010516.2,3011671.5,12,0.0,3,0,1,b
2,38,3011516.2,3012671.5,12,0.0,3,0,2,b
1,58,3013147.2,3014302.2,12,0.0,3,0,1,b
1,58,3014147.2,3015302.2,12,0.0,3,0,2,b
2,58,3013147.2,3014302.2,12,0.0,3,0,1,b
2,58,3014147.2,3015302.2,12,0.0,3,0,2,b
2,106,3013415.2,3013559.5,9,0.0,3,0,1,b
2,106,3014415.2,3015570.2,12,0.0,3,0,2,b
1,143,3015864.5,3017019.5,12,0.0,3,0,1,b
1,143,3016864.5,3018019.5,12,0.0,3,0,2,b
2,26,3016980.8,3018135.8,12,0.0,3,0,1,c
2,26,3017980.8,3019135.8,12,0.0,3,0,2,c
1,201,3017553.8,3018708.8,12,0.0,3,0,1,b
1,201,3018553.8,3019708.8,12,0.0,3,0,2,b
1,202,3017212.2,3017501.0,10,0.0,3,0,1,b
1,202,3018212.2,3019367.2,12,0.0,3,0,2,b
2,342,3017994.8,3018139.2,9,0.0,3,0,1,c
2,342,3018994.8,3020150.0,12,0.0,3,0,2,c
2,388,3019613.5,3020191.2,11,0.0,3,0,1,b
2,388,3020613.5,3021768.5,12,0.0,3,0,2,b
1,196,3019186.0,3019474.8,10,0.0,3,0,1,b
1,196,3020186.0,3021341.0,12,0.0,3,0,2,b
2,196,3019186.0,3019474.8,10,0.0,3,0,1,b
2,196,3020186.0,3021341.0,12,0.0,3,0,2,b
1,300,3019641.0,3019723.8,8,0.0,3,0,1,b
1,300,3020641.0,3021796.2,12,0.0,3,0,2,b
1,341,3020060.2,3020349.0,10,0.0,3,0,1,b
1,341,3021060.2,3022215.2,12,0.0,3,0,2,b
2,151,3020301.5,3020590.2,10,0.0,3,0,1,b
2,151,3021301.5,3022456.5,12,0.0,3,0,2,b
1,357,3020469.5,3020613.8,9,0.0,3,0,1,b
1,357,3021469.5,3022624.5,12,0.0,3,0,2,b
2,357,3020469.5,3020613.8,9,0.0,3,0,1,b
2,357,3021469.5,3022624.5,12,0.0,3,0,2,b
2,105,3023157.0,3023734.5,11,0.0,3,0,1,b
2,105,3024157.0,3025312.0,12,0.0,3,0,2,b
1,34,3022523.0,3022667.2,9,0.0,3,0,1,c
1,34,3023523.0,3024678.0,12,0.0,3,0,2,c
1,27,3024318.2,3025473.5,12,0.0,3,0,1,c
1,27,3025318.2,3026473.5,12,0.0,3,0,2,c
2,361,3023164.8,3023453.5,10,0.0,3,0,1,b
2,361,3024164.8,3025319.8,12,0.0,3,0,2,b
1,67,3025449.2,3025738.0,10,0.0,3,0,1,b
1,67,3026449.2,3027604.2,12,0.0,3,0,2,b
2,150,3025309.0,3025453.2,9,0.0,3,0,1,b
2,150,3026309.0,3027464.0,12,0.0,3,0,2,b
2,73,3026133.0,3026174.2,7,0.0,3,0,1,b
2,73,3027133.0,3028288.0,12,0.0,3,0,2,b
1,181,3031414.0,3032569.0,12,0.0,3,0,1,b
1,181,3032414.0,3033569.0,12,0.0,3,0,2,b
2,181,3031414.0,3032569.0,12,0.0,3,0,1,c
2,181,3032414.0,3033569.0,12,0.0,3,0,2,c
1,340,3030743.5,3030887.8,9,0.0,3,0,1,b
1,340,3031743.5,3032898.5,12,0.0,3,0,2,b
1,238,3030779.2,3030820.5,7,0.0,3,0,1,b
1,238,3031779.2,3032934.2,12,0.0,3,0,2,b
2,57,3035412.0,3035494.8,8,0.0,3,0,1,b
2,57,3036412.0,3037567.2,12,0.0,3,0,2,b
1,351,3037876.8,3038021.0,9,0.0,3,0,1,b
1,351,3038876.8,3040031.8,12,0.0,3,0,2,b
2,351,3037876.8,3038021.0,9,0.0,3,0,1,b
2,351,3038876.8,3040031.8,12,0.0,3,0,2,b
2,402,3042267.0,3042308.2,7,0.0,3,0,1,c
2,402,3043267.0,3044422.0,12,0.0,3,0,2,c
2,61,3043820.5,3043964.8,9,0.0,3,0,1,b
2,61,3044820.5,3045975.5,12,0.0,3,0,2,b
2,303,3044325.2,3044614.0,10,0.0,3,0,1,b
2,303,3045325.2,3046480.2,12,0.0,3,0,2,b
2,261,3045929.5,3047084.5,12,0.0,3,0,1,b
2,261,3046929.5,3048084.5,12,0.0,3,0,2,b
2,222,3047142.0,3048297.0,12,0.0,3,0,1,b
2,222,3048142.0,3049297.0,12,0.0,3,0,2,b
1,122,3049140.5,3049429.2,10,0.0,3,0,1,c
1,122,3050140.5,3051295.5,12,0.0,3,0,2,c
2,122,3049140.5,3049429.2,10,0.0,3,0,1,b
2,122,3050140.5,3051295.5,12,0.0,3,0,2,b
1,269,3050347.8,3050925.2,11,0.0,3,0,1,b
1,269,3051347.8,3052502.8,12,0.0,3,0,2,b
1,242,3049485.8,3049527.0,7,0.0,3,0,1,b
1,242,3050485.8,3051640.8,12,0.0,3,0,2,b
2,242,3049485.8,3049527.0,7,0.0,3,0,1,b
2,242,3050485.8,3051640.8,12,0.0,3,0,2,b
1,236,3051623.2,3051705.8,8,0.0,3,0,1,b
1,236,3052623.2,3053778.2,12,0.0,3,0,2,b
1,87,3054050.5,3055205.5,12,0.0,3,0,1,b
1,87,3055050.5,3056205.5,12,0.0,3,0,2,b
2,87,3054050.5,3055205.5,12,0.0,3,0,1,b
2,87,3055050.5,3056205.5,12,0.0,3,0,2,b
2,50,3054214.2,3054503.2,10,0.0,3,0,1,b
2,50,3055214.2,3056369.5,12,0.0,3,0,2,b
2,291,3054195.5,3054278.0,8,0.0,3,0,1,b
2,291,3055195.5,3056350.5,12,0.0,3,0,2,b
2,375,3058815.0,3059970.0,12,0.0,3,0,1,c
2,375,3059815.0,3060970.0,12,0.0,3,0,2,c
1,174,3059408.8,3060563.8,12,0.0,3,0,1,c
1,174,3060408.8,3061563.8,12,0.0,3,0,2,c
2,174,3059408.8,3060563.8,12,0.0,3,0,1,b
2,174,3060408.8,3061563.8,12,0.0,3,0,2,b
1,308,3059148.0,3059436.8,10,0.0,3,0,1,b
1,308,3060148.0,3061303.0,12,0.0,3,0,2,b
2,308,3059148.0,3059436.8,10,0.0,3,0,1,c
2,308,3060148.0,3061303.0,12,0.0,3,0,2,c
2,175,3060056.5,3060345.2,10,0.0,3,0,1,b
2,175,3061056.5,3062211.5,12,0.0,3,0,2,b
1,332,3060764.0,3061052.8,10,0.0,3,0,1,b
1,332,3061764.0,3062919.0,12,0.0,3,0,2,b
2,332,3060764.0,3061052.8,10,0.0,3,0,1,b
2,332,3061764.0,3062919.0,12,0.0,3,0,2,b
2,79,3060804.8,3060949.0,9,0.0,3,0,1,b
2,79,3061804.8,3062959.8,12,0.0,3,0,2,b
1,11,3062953.0,3063097.5,9,0.0,3,0,1,b
1,11,3063953.0,3065108.2,12,0.0,3,0,2,b
2,11,3062953.0,3063097.5,9,0.0,3,0,1,b
2,11,3063953.0,3065108.2,12,0.0,3,0,2,b
2,10,3064580.0,3065735.0,12,0.0,3,0,1,c
2,10,3065580.0,3066735.0,12,0.0,3,0,2,c
1,39,3064234.5,3064523.5,10,0.0,3,0,1,c
1,39,3065234.5,3066389.8,12,0.0,3,0,2,c
1,7,3069193.0,3069770.8,11,0.0,3,0,1,b
1,7,3070193.0,3071348.2,12,0.0,3,0,2,b
1,76,3069126.0,3069270.2,9,0.0,3,0,1,b
1,76,3070126.0,3071281.0,12,0.0,3,0,2,b
1,32,3069476.2,3069558.8,8,0.0,3,0,1,b
1,32,3070476.2,3071631.2,12,0.0,3,0,2,b
2,130,3072396.2,3072540.5,9,0.0,3,0,1,b
2,130,3073396.2,3074551.2,12,0.0,3,0,2,b
1,54,3075605.0,3076182.5,11,0.0,3,0,1,c
1,54,3076605.0,3077760.0,12,0.0,3,0,2,c
1,162,3077490.0,3077778.8,10,0.0,3,0,1,b
1,162,3078490.0,3079645.0,12,0.0,3,0,2,b
2,162,3077490.0,3077778.8,10,0.0,3,0,1,b
2,162,3078490.0,3079645.0,12,0.0,3,0,2,b
1,22,3082579.5,3083157.2,11,0.0,3,0,1,b
1,22,3083579.5,3084734.5,12,0.0,3,0,2,b
2,22,3082579.5,3083157.2,11,0.0,3,0,1,c
2,22,3083579.5,3084734.5,12,0.0,3,0,2,c
1,178,3084772.0,3085927.0,12,0.0,3,0,1,b
1,178,3085772.0,3086927.0,12,0.0,3,0,2,b
2,178,3084772.0,3085927.0,12,0.0,3,0,1,b
2,178,3085772.0,3086927.0,12,0.0,3,0,2,b
1,322,3088853.5,3090008.5,12,0.0,3,0,1,c
1,322,3089853.5,3091008.5,12,0.0,3,0,2,c
2,322,3088853.5,3090008.5,12,0.0,3,0,1,b
2,322,3089853.5,3091008.5,12,0.0,3,0,2,b
2,28,3088297.5,3088586.5,10,0.0,3,0,1,b
2,28,3089297.5,3090452.8,12,0.0,3,0,2,b
1,337,3089020.0,3089102.5,8,0.0,3,0,1,c
1,337,3090020.0,3091175.0,12,0.0,3,0,2,c
1,303,3089586.0,3089874.8,10,0.0,3,0,1,c
1,303,3090586.0,3091741.0,12,0.0,3,0,2,c
2,74,3091182.0,3091326.2,9,0.0,3,0,1,b
2,74,3092182.0,3093337.0,12,0.0,3,0,2,b
1,94,3093558.5,3094713.5,12,0.0,3,0,1,b
1,94,3094558.5,3095713.5,12,0.0,3,0,2,b
2,94,3093558.5,3094713.5,12,0.0,3,0,1,b
2,94,3094558.5,3095713.5,12,0.0,3,0,2,b
2,327,3100595.5,3101750.5,12,0.0,3,0,1,b
2,327,3101595.5,3102750.5,12,0.0,3,0,2,b
1,122,3102319.5,3102608.5,10,0.0,3,0,1,b
1,122,3103319.5,3104474.5,12,0.0,3,0,2,b
2,122,3102319.5,3102608.5,10,0.0,3,0,1,b
2,122,3103319.5,3104474.5,12,0.0,3,0,2,b
2,109,3104716.8,3105005.5,10,0.0,3,0,1,b
2,109,3105716.8,3106871.8,12,0.0,3,0,2,b
2,240,3107221.5,3108376.5,12,0.0,3,0,1,b
2,240,3108221.5,3109376.5,12,0.0,3,0,2,b
1,396,3107323.5,3107901.0,11,0.0,3,0,1,b
1,396,3108323.5,3109478.5,12,0.0,3,0,2,b
2,396,3107323.5,3107901.0,11,0.0,3,0,1,b
2,396,3108323.5,3109478.5,12,0.0,3,0,2,b
2,390,3106778.0,3106922.2,9,0.0,3,0,1,b
2,390,3107778.0,3108933.0,12,0.0,3,0,2,b
1,71,3118362.8,3119517.8,12,0.0,3,0,1,c
1,71,3119362.8,3120517.8,12,0.0,3,0,2,c
1,40,3116668.5,3116709.8,7,0.0,3,0,1,b
1,40,3117668.5,3118823.5,12,0.0,3,0,2,b
2,40,3116668.5,3116709.8,7,0.0,3,0,1,b
2,40,3117668.5,3118823.5,12,0.0,3,0,2,b
2,380,3118852.2,3119141.0,10,0.0,3,0,1,b
2,380,3119852.2,3121007.2,12,0.0,3,0,2,b
2,139,3120021.8,3120310.5,10,0.0,3,0,1,b
2,139,3121021.8,3122176.8,12,0.0,3,0,2,b
1,165,3121884.5,3122028.8,9,0.0,3,0,1,b
1,165,3122884.5,3124039.5,12,0.0,3,0,2,b
1,120,3124857.5,3126012.5,12,0.0,3,0,1,b
1,120,3125857.5,3127012.5,12,0.0,3,0,2,b
1,391,3127591.8,3127633.0,7,0.0,3,0,1,b
1,391,3128591.8,3129746.8,12,0.0,3,0,2,b
1,21,3133403.5,3134558.5,12,0.0,3,0,1,b
1,21,3134403.5,3135558.5,12,0.0,3,0,2,b
1,186,3141358.0,3141646.8,10,0.0,3,0,1,b
1,186,3142358.0,3143513.0,12,0.0,3,0,2,b
1,192,3144317.8,3144462.0,9,0.0,3,0,1,b
1,192,3145317.8,3146472.8,12,0.0,3,0,2,b
1,395,3148292.2,3148374.8,8,0.0,3,0,1,b
1,395,3149292.2,3150447.2,12,0.0,3,0,2,b
1,177,3154887.0,3154969.5,8,0.0,3,0,1,b
1,177,3155887.0,3157042.0,12,0.0,3,0,2,b
1,209,3155754.2,3155898.5,9,0.0,3,0,1,b
1,209,3156754.2,3157909.2,12,0.0,3,0,2,b
2,209,3155754.2,3155898.5,9,0.0,3,0,1,b
2,209,3156754.2,3157909.2,12,0.0,3,0,2,b
1,15,3157576.0,3158731.0,12,0.0,3,0,1,c
1,15,3158576.0,3159731.0,12,0.0,3,0,2,c
1,193,3163436.2,3164591.2,12,0.0,3,0,1,c
1,193,3164436.2,3165591.2,12,0.0,3,0,2,c
2,193,3163436.2,3164591.2,12,0.0,3,0,1,b
2,193,3164436.2,3165591.2,12,0.0,3,0,2,b
2,286,3162963.5,3163252.5,10,0.0,3,0,1,b
2,286,3163963.5,3165118.8,12,0.0,3,0,2,b
2,14,3165536.5,3166691.5,12,0.0,3,0,1,b
2,14,3166536.5,3167691.5,12,0.0,3,0,2,b
1,109,3176202.2,3176491.0,10,0.0,3,0,1,c
1,109,3177202.2,3178357.2,12,0.0,3,0,2,c
2,109,3176202.2,3176491.0,10,0.0,3,0,1,b
2,109,3177202.2,3178357.2,12,0.0,3,0,2,b
1,307,3178331.0,3179486.0,12,0.0,3,0,1,b
1,307,3179331.0,3180486.0,12,0.0,3,0,2,b
1,72,3177166.2,3177455.0,10,0.0,3,0,1,b
1,72,3178166.2,3179321.2,12,0.0,3,0,2,b
2,72,3177166.2,3177455.0,10,0.0,3,0,1,b
2,72,3178166.2,3179321.2,12,0.0,3,0,2,b
2,367,3177831.2,3177913.8,8,0.0,3,0,1,b
2,367,3178831.2,3179986.2,12,0.0,3,0,2,b
1,142,3179316.5,3179605.2,10,0.0,3,0,1,b
1,142,3180316.5,3181471.5,12,0.0,3,0,2,b
2,318,3181777.5,3182355.2,11,0.0,3,0,1,b
2,318,3182777.5,3183932.5,12,0.0,3,0,2,b
1,218,3187073.8,3187362.5,10,0.0,3,0,1,b
1,218,3188073.8,3189228.8,12,0.0,3,0,2,b
2,23,3187105.0,3187146.2,7,0.0,3,0,1,b
2,23,3188105.0,3189260.0,12,0.0,3,0,2,b
1,49,3189388.5,3189966.0,11,0.0,3,0,1,b
1,49,3190388.5,3191543.5,12,0.0,3,0,2,b
1,166,3196163.5,3196741.2,11,0.0,3,0,1,b
1,166,3197163.5,3198318.5,12,0.0,3,0,2,b
2,166,3196163.5,3196741.2,11,0.0,3,0,1,b
2,166,3197163.5,3198318.5,12,0.0,3,0,2,b
1,26,3198024.0,3199179.0,12,0.0,3,0,1,b
1,26,3199024.0,3200179.0,12,0.0,3,0,2,b
2,26,3198024.0,3199179.0,12,0.0,3,0,1,c
2,26,3199024.0,3200179.0,12,0.0,3,0,2,c
2,34,3197336.2,3197480.5,9,0.0,3,0,1,c
2,34,3198336.2,3199491.2,12,0.0,3,0,2,c
1,387,3200354.0,3201509.0,12,0.0,3,0,1,c
1,387,3201354.0,3202509.0,12,0.0,3,0,2,c
2,387,3200354.0,3201509.0,12,0.0,3,0,1,b
2,387,3201354.0,3202509.0,12,0.0,3,0,2,b
2,84,3200173.0,3200462.0,10,0.0,3,0,1,b
2,84,3201173.0,3202328.0,12,0.0,3,0,2,b
2,290,3200596.2,3200885.0,10,0.0,3,0,1,b
2,290,3201596.2,3202751.2,12,0.0,3,0,2,b
2,149,3201121.5,3201410.5,10,0.0,3,0,1,b
2,149,3202121.5,3203276.5,12,0.0,3,0,2,b
2,25,3201036.0,3201180.2,9,0.0,3,0,1,b
2,25,3202036.0,3203191.0,12,0.0,3,0,2,b
1,265,3203213.5,3203254.8,7,0.0,3,0,1,b
1,265,3204213.5,3205368.5,12,0.0,3,0,2,b
1,363,3205611.8,3205653.0,7,0.0,3,0,1,b
1,363,3206611.8,3207766.8,12,0.0,3,0,2,b
2,206,3206715.5,3207293.2,11,0.0,3,0,1,b
2,206,3207715.5,3208870.5,12,0.0,3,0,2,b
1,44,3208650.5,3208939.2,10,0.0,3,0,1,b
1,44,3209650.5,3210805.5,12,0.0,3,0,2,b
2,44,3208650.5,3208939.2,10,0.0,3,0,1,b
2,44,3209650.5,3210805.5,12,0.0,3,0,2,b
1,195,3210796.8,3211951.8,12,0.0,3,0,1,b
1,195,3211796.8,3212951.8,12,0.0,3,0,2,b
1,113,3210558.0,3211135.8,11,0.0,3,0,1,b
1,113,3211558.0,3212713.2,12,0.0,3,0,2,b
2,113,3210558.0,3211135.8,11,0.0,3,0,1,b
2,113,3211558.0,3212713.2,12,0.0,3,0,2,b
2,35,3214360.2,3214649.2,10,0.0,3,0,1,b
2,35,3215360.2,3216515.5,12,0.0,3,0,2,b
1,66,3219312.0,3220467.0,12,0.0,3,0,1,c
1,66,3220312.0,3221467.0,12,0.0,3,0,2,c
2,66,3219312.0,3220467.0,12,0.0,3,0,1,b
2,66,3220312.0,3221467.0,12,0.0,3,0,2,b
1,121,3219839.8,3219881.0,7,0.0,3,0,1,b
1,121,3220839.8,3221994.8,12,0.0,3,0,2,b
1,51,3221937.0,3223092.0,12,0.0,3,0,1,b
1,51,3222937.0,3224092.0,12,0.0,3,0,2,b
2,51,3221937.0,3223092.0,12,0.0,3,0,1,b
2,51,3222937.0,3224092.0,12,0.0,3,0,2,b
1,148,3222408.5,3222552.8,9,0.0,3,0,1,b
1,148,3223408.5,3224563.5,12,0.0,3,0,2,b
1,103,3228588.2,3228670.8,8,0.0,3,0,1,b
1,103,3229588.2,3230743.2,12,0.0,3,0,2,b
1,19,3230783.2,3231072.0,10,0.0,3,0,1,c
1,19,3231783.2,3232938.2,12,0.0,3,0,2,c
2,19,3230783.2,3231072.0,10,0.0,3,0,1,b
2,19,3231783.2,3232938.2,12,0.0,3,0,2,b
1,128,3231869.5,3231952.0,8,0.0,3,0,1,b
1,128,3232869.5,3234024.5,12,0.0,3,0,2,b
2,128,3231869.5,3231952.0,8,0.0,3,0,1,b
2,128,3232869.5,3234024.5,12,0.0,3,0,2,b
1,173,3232497.5,3232641.8,9,0.0,3,0,1,b
1,173,3233497.5,3234652.5,12,0.0,3,0,2,b
2,173,3232497.5,3232641.8,9,0.0,3,0,1,b
2,173,3233497.5,3234652.5,12,0.0,3,0,2,b
1,337,3232736.0,3232818.5,8,0.0,3,0,1,b
1,337,3233736.0,3234891.0,12,0.0,3,0,2,b
1,157,3234091.8,3234236.0,9,0.0,3,0,1,b
1,157,3235091.8,3236246.8,12,0.0,3,0,2,b
2,157,3234091.8,3234236.0,9,0.0,3,0,1,b
2,157,3235091.8,3236246.8,12,0.0,3,0,2,b
1,238,3234325.2,3234366.5,7,0.0,3,0,1,b
1,238,3235325.2,3236480.2,12,0.0,3,0,2,b
1,377,3237561.2,3238716.2,12,0.0,3,0,1,b
1,377,3238561.2,3239716.2,12,0.0,3,0,2,b
2,377,3237561.2,3238716.2,12,0.0,3,0,1,b
2,377,3238561.2,3239716.2,12,0.0,3,0,2,b
2,23,3237432.0,3237473.2,7,0.0,3,0,1,b
2,23,3238432.0,3239587.0,12,0.0,3,0,2,b
1,279,3242328.8,3243484.0,12,0.0,3,0,1,c
1,279,3243328.8,3244484.0,12,0.0,3,0,2,c
2,279,3242328.8,3243484.0,12,0.0,3,0,1,b
2,279,3243328.8,3244484.0,12,0.0,3,0,2,b
1,335,3244819.0,3245974.0,12,0.0,3,0,1,b
1,335,3245819.0,3246974.0,12,0.0,3,0,2,b
2,335,3244819.0,3245974.0,12,0.0,3,0,1,b
2,335,3245819.0,3246974.0,12,0.0,3,0,2,b
1,10,3245623.2,3246778.2,12,0.0,3,0,1,b
1,10,3246623.2,3247778.2,12,0.0,3,0,2,b
2,10,3245623.2,3246778.2,12,0.0,3,0,1,b
2,10,3246623.2,3247778.2,12,0.0,3,0,2,b
1,393,3248640.5,3249218.2,11,0.0,3,0,1,b
1,393,3249640.5,3250795.8,12,0.0,3,0,2,b
2,393,3248640.5,3249218.2,11,0.0,3,0,1,b
2,393,3249640.5,3250795.8,12,0.0,3,0,2,b
1,352,3249028.2,3249317.2,10,0.0,3,0,1,b
1,352,3250028.2,3251183.2,12,0.0,3,0,2,b
2,352,3249028.2,3249317.2,10,0.0,3,0,1,b
2,352,3250028.2,3251183.2,12,0.0,3,0,2,b
1,362,3253721.2,3253865.5,9,0.0,3,0,1,b
1,362,3254721.2,3255876.2,12,0.0,3,0,2,b
2,384,3255430.5,3255719.2,10,0.0,3,0,1,c
2,384,3256430.5,3257585.5,12,0.0,3,0,2,c
1,46,3256664.0,3256746.5,8,0.0,3,0,1,b
1,46,3257664.0,3258819.0,12,0.0,3,0,2,b
1,302,3258421.2,3258710.0,10,0.0,3,0,1,b
1,302,3259421.2,3260576.2,12,0.0,3,0,2,b
1,319,3259859.2,3260148.0,10,0.0,3,0,1,b
1,319,3260859.2,3262014.2,12,0.0,3,0,2,b
2,319,3259859.2,3260148.0,10,0.0,3,0,1,b
2,319,3260859.2,3262014.2,12,0.0,3,0,2,b
2,22,3260562.2,3261140.0,11,0.0,3,0,1,b
2,22,3261562.2,3262717.2,12,0.0,3,0,2,b
1,152,3260698.2,3260780.8,8,0.0,3,0,1,b
1,152,3261698.2,3262853.2,12,0.0,3,0,2,b
2,8,3262573.2,3263728.2,12,0.0,3,0,1,b
2,8,3263573.2,3264728.2,12,0.0,3,0,2,b
1,179,3262866.5,3263010.8,9,0.0,3,0,1,b
1,179,3263866.5,3265021.5,12,0.0,3,0,2,b
1,332,3263141.5,3263430.5,10,0.0,3,0,1,b
1,332,3264141.5,3265296.8,12,0.0,3,0,2,b
2,332,3263141.5,3263430.5,10,0.0,3,0,1,b
2,332,3264141.5,3265296.8,12,0.0,3,0,2,b
1,314,3266346.0,3267501.0,12,0.0,3,0,1,b
1,314,3267346.0,3268501.0,12,0.0,3,0,2,b
1,174,3271358.8,3272513.8,12,0.0,3,0,1,b
1,174,3272358.8,3273513.8,12,0.0,3,0,2,b
2,174,3271358.8,3272513.8,12,0.0,3,0,1,b
2,174,3272358.8,3273513.8,12,0.0,3,0,2,b
2,372,3273731.8,3274886.8,12,0.0,3,0,1,b
2,372,3274731.8,3275886.8,12,0.0,3,0,2,b
1,94,3274601.8,3275756.8,12,0.0,3,0,1,c
1,94,3275601.8,3276756.8,12,0.0,3,0,2,c
2,94,3274601.8,3275756.8,12,0.0,3,0,1,c
2,94,3275601.8,3276756.8,12,0.0,3,0,2,c
1,111,3276316.8,3277471.8,12,0.0,3,0,1,b
1,111,3277316.8,3278471.8,12,0.0,3,0,2,b
2,111,3276316.8,3277471.8,12,0.0,3,0,1,b
2,111,3277316.8,3278471.8,12,0.0,3,0,2,b
1,134,3276831.5,3276975.8,9,0.0,3,0,1,b
1,134,3277831.5,3278986.5,12,0.0,3,0,2,b
2,134,3276831.5,3276975.8,9,0.0,3,0,1,b
2,134,3277831.5,3278986.5,12,0.0,3,0,2,b
2,374,3281672.2,3281961.2,10,0.0,3,0,1,b
2,374,3282672.2,3283827.5,12,0.0,3,0,2,b
2,353,3285520.5,3286675.5,12,0.0,3,0,1,b
2,353,3286520.5,3287675.5,12,0.0,3,0,2,b
2,381,3293788.0,3293829.2,7,0.0,3,0,1,b
2,381,3294788.0,3295943.0,12,0.0,3,0,2,b
1,389,3294054.0,3294198.2,9,0.0,3,0,1,c
1,389,3295054.0,3296209.0,12,0.0,3,0,2,c
1,166,3294877.2,3295454.8,11,0.0,3,0,1,b
1,166,3295877.2,3297032.2,12,0.0,3,0,2,b
2,192,3295525.0,3295669.2,9,0.0,3,0,1,b
2,192,3296525.0,3297680.0,12,0.0,3,0,2,b
1,115,3295919.0,3296207.8,10,0.0,3,0,1,b
1,115,3296919.0,3298074.0,12,0.0,3,0,2,b
1,44,3299172.0,3299460.8,10,0.0,3,0,1,b
1,44,3300172.0,3301327.0,12,0.0,3,0,2,b
2,44,3299172.0,3299460.8,10,0.0,3,0,1,b
2,44,3300172.0,3301327.0,12,0.0,3,0,2,b
1,309,3300932.5,3302087.8,12,0.0,3,0,1,b
1,309,3301932.5,3303087.8,12,0.0,3,0,2,b
2,309,3300932.5,3302087.8,12,0.0,3,0,1,b
2,309,3301932.5,3303087.8,12,0.0,3,0,2,b
1,146,3304427.5,3305582.5,12,0.0,3,0,1,b
1,146,3305427.5,3306582.5,12,0.0,3,0,2,b
1,250,3305904.0,3307059.0,12,0.0,3,0,1,b
1,250,3306904.0,3308059.0,12,0.0,3,0,2,b
2,105,3305173.0,3305750.8,11,0.0,3,0,1,b
2,105,3306173.0,3307328.0,12,0.0,3,0,2,b
1,100,3305174.2,3305463.2,10,0.0,3,0,1,b
1,100,3306174.2,3307329.2,12,0.0,3,0,2,b
2,130,3305909.0,3306053.2,9,0.0,3,0,1,b
2,130,3306909.0,3308064.0,12,0.0,3,0,2,b
1,249,3306796.0,3306837.2,7,0.0,3,0,1,b
1,249,3307796.0,3308951.0,12,0.0,3,0,2,b
2,249,3306796.0,3306837.2,7,0.0,3,0,1,b
2,249,3307796.0,3308951.0,12,0.0,3,0,2,b
1,176,3307247.0,3307536.0,10,0.0,3,0,1,b
1,176,3308247.0,3309402.0,12,0.0,3,0,2,b
2,176,3307247.0,3307536.0,10,0.0,3,0,1,b
2,176,3308247.0,3309402.0,12,0.0,3,0,2,b
1,42,3308975.0,3310130.2,12,0.0,3,0,1,c
1,42,3309975.0,3311130.2,12,0.0,3,0,2,c
1,284,3308428.5,3308717.2,10,0.0,3,0,1,c
1,284,3309428.5,3310583.5,12,0.0,3,0,2,c
2,284,3308428.5,3308717.2,10,0.0,3,0,1,b
2,284,3309428.5,3310583.5,12,0.0,3,0,2,b
2,57,3310758.5,3310841.0,8,0.0,3,0,1,b
2,57,3311758.5,3312913.5,12,0.0,3,0,2,b
1,21,3314446.5,3315601.5,12,0.0,3,0,1,b
1,21,3315446.5,3316601.5,12,0.0,3,0,2,b
1,77,3314816.8,3315105.5,10,0.0,3,0,1,b
1,77,3315816.8,3316971.8,12,0.0,3,0,2,b
2,77,3314816.8,3315105.5,10,0.0,3,0,1,b
2,77,3315816.8,3316971.8,12,0.0,3,0,2,b
2,4,3316288.8,3317443.8,12,0.0,3,0,1,c
2,4,3317288.8,3318443.8,12,0.0,3,0,2,c
2,227,3316877.5,3317455.0,11,0.0,3,0,1,c
2,227,3317877.5,3319032.5,12,0.0,3,0,2,c
1,36,3318109.5,3318687.2,11,0.0,3,0,1,b
1,36,3319109.5,3320264.8,12,0.0,3,0,2,b
2,36,3318109.5,3318687.2,11,0.0,3,0,1,b
2,36,3319109.5,3320264.8,12,0.0,3,0,2,b
2,108,3318357.5,3318398.8,7,0.0,3,0,1,b
2,108,3319357.5,3320512.5,12,0.0,3,0,2,b
1,337,3322728.8,3322811.2,8,0.0,3,0,1,b
1,337,3323728.8,3324883.8,12,0.0,3,0,2,b
1,374,3326933.2,3327222.2,10,0.0,3,0,1,b
1,374,3327933.2,3329088.5,12,0.0,3,0,2,b
2,374,3326933.2,3327222.2,10,0.0,3,0,1,b
2,374,3327933.2,3329088.5,12,0.0,3,0,2,b
1,17,3327641.8,3327786.2,9,0.0,3,0,1,b
1,17,3328641.8,3329797.0,12,0.0,3,0,2,b
2,92,3330637.5,3330926.2,10,0.0,3,0,1,b
2,92,3331637.5,3332792.5,12,0.0,3,0,2,b
2,67,3332515.0,3332803.8,10,0.0,3,0,1,b
2,67,3333515.0,3334670.0,12,0.0,3,0,2,b
1,95,3336884.0,3337461.8,11,0.0,3,0,1,b
1,95,3337884.0,3339039.0,12,0.0,3,0,2,b
1,15,3338619.2,3339774.2,12,0.0,3,0,1,b
1,15,3339619.2,3340774.2,12,0.0,3,0,2,b
2,149,3337504.2,3337793.0,10,0.0,3,0,1,b
2,149,3338504.2,3339659.2,12,0.0,3,0,2,b
1,229,3343503.0,3344658.0,12,0.0,3,0,1,b
1,229,3344503.0,3345658.0,12,0.0,3,0,2,b
1,32,3343046.0,3343128.5,8,0.0,3,0,1,b
1,32,3344046.0,3345201.0,12,0.0,3,0,2,b
1,376,3344869.2,3345446.8,11,0.0,3,0,1,c
1,376,3345869.2,3347024.2,12,0.0,3,0,2,c
1,14,3346579.5,3347734.5,12,0.0,3,0,1,c
1,14,3347579.5,3348734.5,12,0.0,3,0,2,c
2,14,3346579.5,3347734.5,12,0.0,3,0,1,b
2,14,3347579.5,3348734.5,12,0.0,3,0,2,b
1,189,3347587.8,3348742.8,12,0.0,3,0,1,c
1,189,3348587.8,3349742.8,12,0.0,3,0,2,c
1,384,3347350.2,3347639.2,10,0.0,3,0,1,c
1,384,3348350.2,3349505.2,12,0.0,3,0,2,c
2,384,3347350.2,3347639.2,10,0.0,3,0,1,b
2,384,3348350.2,3349505.2,12,0.0,3,0,2,b
2,302,3348942.8,3349231.5,10,0.0,3,0,1,b
2,302,3349942.8,3351097.8,12,0.0,3,0,2,b
1,319,3350864.5,3351153.2,10,0.0,3,0,1,b
1,319,3351864.5,3353019.5,12,0.0,3,0,2,b
2,319,3350864.5,3351153.2,10,0.0,3,0,1,b
2,319,3351864.5,3353019.5,12,0.0,3,0,2,b
1,379,3353265.5,3353348.0,8,0.0,3,0,1,b
1,379,3354265.5,3355420.5,12,0.0,3,0,2,b
1,103,3353586.5,3353669.0,8,0.0,3,0,1,b
1,103,3354586.5,3355741.5,12,0.0,3,0,2,b
2,103,3353586.5,3353669.0,8,0.0,3,0,1,b
2,103,3354586.5,3355741.5,12,0.0,3,0,2,b
1,93,3354742.0,3355319.5,11,0.0,3,0,1,b
1,93,3355742.0,3356897.0,12,0.0,3,0,2,b
2,93,3354742.0,3355319.5,11,0.0,3,0,1,b
2,93,3355742.0,3356897.0,12,0.0,3,0,2,b
1,142,3354228.2,3354517.0,10,0.0,3,0,1,b
1,142,3355228.2,3356383.2,12,0.0,3,0,2,b
1,139,3354673.2,3354962.2,10,0.0,3,0,1,b
1,139,3355673.2,3356828.2,12,0.0,3,0,2,b
1,217,3354528.5,3354611.0,8,0.0,3,0,1,b
1,217,3355528.5,3356683.5,12,0.0,3,0,2,b
1,163,3355255.8,3355544.8,10,0.0,3,0,1,b
1,163,3356255.8,3357411.0,12,0.0,3,0,2,b
2,292,3361552.2,3362130.0,11,0.0,3,0,1,b
2,292,3362552.2,3363707.2,12,0.0,3,0,2,b
1,223,3360825.0,3360969.2,9,0.0,3,0,1,b
1,223,3361825.0,3362980.0,12,0.0,3,0,2,b
1,331,3363014.2,3364169.2,12,0.0,3,0,1,b
1,331,3364014.2,3365169.2,12,0.0,3,0,2,b
2,331,3363014.2,3364169.2,12,0.0,3,0,1,b
2,331,3364014.2,3365169.2,12,0.0,3,0,2,b
1,347,3362784.2,3362928.5,9,0.0,3,0,1,b
1,347,3363784.2,3364939.2,12,0.0,3,0,2,b
2,346,3365790.8,3366945.8,12,0.0,3,0,1,b
2,346,3366790.8,3367945.8,12,0.0,3,0,2,b
2,392,3366153.0,3366442.0,10,0.0,3,0,1,b
2,392,3367153.0,3368308.0,12,0.0,3,0,2,b
1,109,3367395.0,3367683.8,10,0.0,3,0,1,b
1,109,3368395.0,3369550.0,12,0.0,3,0,2,b
2,109,3367395.0,3367683.8,10,0.0,3,0,1,b
2,109,3368395.0,3369550.0,12,0.0,3,0,2,b
2,284,3372460.2,3372749.0,10,0.0,3,0,1,c
2,284,3373460.2,3374615.2,12,0.0,3,0,2,c
1,312,3372969.8,3373052.2,8,0.0,3,0,1,b
1,312,3373969.8,3375124.8,12,0.0,3,0,2,b
2,312,3372969.8,3373052.2,8,0.0,3,0,1,b
2,312,3373969.8,3375124.8,12,0.0,3,0,2,b
1,72,3373348.5,3373637.2,10,0.0,3,0,1,b
1,72,3374348.5,3375503.5,12,0.0,3,0,2,b
2,72,3373348.5,3373637.2,10,0.0,3,0,1,c
2,72,3374348.5,3375503.5,12,0.0,3,0,2,c
2,86,3373746.0,3373890.5,9,0.0,3,0,1,b
2,86,3374746.0,3375901.0,12,0.0,3,0,2,b
2,187,3375645.8,3376800.8,12,0.0,3,0,1,b
2,187,3376645.8,3377800.8,12,0.0,3,0,2,b
1,313,3378755.0,3379332.5,11,0.0,3,0,1,b
1,313,3379755.0,3380910.0,12,0.0,3,0,2,b
2,313,3378755.0,3379332.5,11,0.0,3,0,1,b
2,313,3379755.0,3380910.0,12,0.0,3,0,2,b
1,200,3378243.0,3378387.2,9,0.0,3,0,1,b
1,200,3379243.0,3380398.0,12,0.0,3,0,2,b
1,172,3380559.0,3381714.0,12,0.0,3,0,1,b
1,172,3381559.0,3382714.0,12,0.0,3,0,2,b
1,194,3382030.2,3382071.5,7,0.0,3,0,1,b
1,194,3383030.2,3384185.2,12,0.0,3,0,2,b
2,194,3382030.2,3382071.5,7,0.0,3,0,1,b
2,194,3383030.2,3384185.2,12,0.0,3,0,2,b
1,127,3386651.2,3387806.5,12,0.0,3,0,1,b
1,127,3387651.2,3388806.5,12,0.0,3,0,2,b
1,166,3393590.8,3394168.5,11,0.0,3,0,1,b
1,166,3394590.8,3395745.8,12,0.0,3,0,2,b
2,29,3400991.5,3402146.5,12,0.0,3,0,1,b
2,29,3401991.5,3403146.5,12,0.0,3,0,2,b
1,192,3405067.8,3405212.2,9,0.0,3,0,1,b
1,192,3406067.8,3407223.0,12,0.0,3,0,2,b
1,63,3405318.2,3405401.0,8,0.0,3,0,1,b
1,63,3406318.2,3407473.5,12,0.0,3,0,2,b
2,227,3415591.0,3416168.8,11,0.0,3,0,1,b
2,227,3416591.0,3417746.0,12,0.0,3,0,2,b
2,155,3416781.8,3417359.5,11,0.0,3,0,1,b
2,155,3417781.8,3418936.8,12,0.0,3,0,2,b
1,308,3417362.5,3417651.2,10,0.0,3,0,1,b
1,308,3418362.5,3419517.5,12,0.0,3,0,2,b
1,110,3420631.0,3421786.2,12,0.0,3,0,1,b
1,110,3421631.0,3422786.2,12,0.0,3,0,2,b
2,279,3423372.0,3424527.0,12,0.0,3,0,1,b
2,279,3424372.0,3425527.0,12,0.0,3,0,2,b
2,182,3424210.0,3424354.2,9,0.0,3,0,1,b
2,182,3425210.0,3426365.0,12,0.0,3,0,2,b
2,10,3426666.5,3427821.5,12,0.0,3,0,1,b
2,10,3427666.5,3428821.5,12,0.0,3,0,2,b
2,41,3425399.0,3425440.2,7,0.0,3,0,1,c
2,41,3426399.0,3427554.0,12,0.0,3,0,2,c
1,257,3427233.0,3428388.0,12,0.0,3,0,1,b
1,257,3428233.0,3429388.0,12,0.0,3,0,2,b
1,188,3432366.8,3432408.0,7,0.0,3,0,1,b
1,188,3433366.8,3434521.8,12,0.0,3,0,2,b
1,276,3434439.2,3435594.2,12,0.0,3,0,1,c
1,276,3435439.2,3436594.2,12,0.0,3,0,2,c
2,276,3434439.2,3435594.2,12,0.0,3,0,1,b
2,276,3435439.2,3436594.2,12,0.0,3,0,2,b
2,18,3436215.0,3437370.0,12,0.0,3,0,1,b
2,18,3437215.0,3438370.0,12,0.0,3,0,2,b
1,216,3435037.5,3435326.5,10,0.0,3,0,1,b
1,216,3436037.5,3437192.8,12,0.0,3,0,2,b
1,364,3436444.2,3437599.2,12,0.0,3,0,1,b
1,364,3437444.2,3438599.2,12,0.0,3,0,2,b
1,63,3437247.0,3437329.5,8,0.0,3,0,1,b
1,63,3438247.0,3439402.0,12,0.0,3,0,2,b
2,226,3444906.2,3444947.5,7,0.0,3,0,1,b
2,226,3445906.2,3447061.2,12,0.0,3,0,2,b
2,153,3445186.8,3445269.2,8,0.0,3,0,1,b
2,153,3446186.8,3447341.8,12,0.0,3,0,2,b
1,17,3449449.8,3449594.0,9,0.0,3,0,1,b
1,17,3450449.8,3451604.8,12,0.0,3,0,2,b
1,66,3452072.2,3453227.2,12,0.0,3,0,1,c
1,66,3453072.2,3454227.2,12,0.0,3,0,2,c
1,112,3450764.2,3451053.0,10,0.0,3,0,1,b
1,112,3451764.2,3452919.2,12,0.0,3,0,2,b
1,94,3455645.0,3456800.0,12,0.0,3,0,1,b
1,94,3456645.0,3457800.0,12,0.0,3,0,2,b
2,94,3455645.0,3456800.0,12,0.0,3,0,1,b
2,94,3456645.0,3457800.0,12,0.0,3,0,2,b
1,292,3460265.8,3460843.5,11,0.0,3,0,1,c
1,292,3461265.8,3462421.0,12,0.0,3,0,2,c
1,314,3464181.2,3465336.2,12,0.0,3,0,1,b
1,314,3465181.2,3466336.2,12,0.0,3,0,2,b
1,31,3466469.8,3466552.2,8,0.0,3,0,1,b
1,31,3467469.8,3468624.8,12,0.0,3,0,2,b
1,7,3470881.0,3471458.8,11,0.0,3,0,1,b
1,7,3471881.0,3473036.2,12,0.0,3,0,2,b
1,244,3470856.5,3470939.0,8,0.0,3,0,1,b
1,244,3471856.5,3473011.5,12,0.0,3,0,2,b
2,244,3470856.5,3470939.0,8,0.0,3,0,1,b
2,244,3471856.5,3473011.5,12,0.0,3,0,2,b
1,299,3471613.2,3471902.0,10,0.0,3,0,1,b
1,299,3472613.2,3473768.2,12,0.0,3,0,2,b
2,299,3471613.2,3471902.0,10,0.0,3,0,1,b
2,299,3472613.2,3473768.2,12,0.0,3,0,2,b
1,388,3472603.8,3473181.5,11,0.0,3,0,1,b
1,388,3473603.8,3474758.8,12,0.0,3,0,2,b
2,388,3472603.8,3473181.5,11,0.0,3,0,1,b
2,388,3473603.8,3474758.8,12,0.0,3,0,2,b
1,175,3473401.5,3473690.5,10,0.0,3,0,1,b
1,175,3474401.5,3475556.8,12,0.0,3,0,2,b
2,175,3473401.5,3473690.5,10,0.0,3,0,1,b
2,175,3474401.5,3475556.8,12,0.0,3,0,2,b
1,61,3474398.2,3474542.5,9,0.0,3,0,1,b
1,61,3475398.2,3476553.2,12,0.0,3,0,2,b
2,61,3474398.2,3474542.5,9,0.0,3,0,1,b
2,61,3475398.2,3476553.2,12,0.0,3,0,2,b
2,168,3474467.2,3474549.8,8,0.0,3,0,1,b
2,168,3475467.2,3476622.2,12,0.0,3,0,2,b
1,183,3475694.2,3475983.2,10,0.0,3,0,1,b
1,183,3476694.2,3477849.2,12,0.0,3,0,2,b
2,329,3475757.8,3476046.8,10,0.0,3,0,1,b
2,329,3476757.8,3477912.8,12,0.0,3,0,2,b
2,39,3475814.0,3476102.8,10,0.0,3,0,1,b
2,39,3476814.0,3477969.0,12,0.0,3,0,2,b
1,353,3477946.2,3479101.2,12,0.0,3,0,1,b
1,353,3478946.2,3480101.2,12,0.0,3,0,2,b
2,353,3477946.2,3479101.2,12,0.0,3,0,1,b
2,353,3478946.2,3480101.2,12,0.0,3,0,2,b
2,313,3477468.5,3478046.2,11,0.0,3,0,1,b
2,313,3478468.5,3479623.5,12,0.0,3,0,2,b
1,9,3478059.5,3478203.8,9,0.0,3,0,1,b
1,9,3479059.5,3480214.5,12,0.0,3,0,2,b
2,332,3483500.2,3483789.0,10,0.0,3,0,1,c
2,332,3484500.2,3485655.2,12,0.0,3,0,2,c
1,376,3484997.5,3485575.2,11,0.0,3,0,1,b
1,376,3485997.5,3487152.5,12,0.0,3,0,2,b
2,376,3484997.5,3485575.2,11,0.0,3,0,1,b
2,376,3485997.5,3487152.5,12,0.0,3,0,2,b
1,338,3485289.5,3485330.8,7,0.0,3,0,1,b
1,338,3486289.5,3487444.5,12,0.0,3,0,2,b
2,365,3485919.0,3486001.5,8,0.0,3,0,1,b
2,365,3486919.0,3488074.0,12,0.0,3,0,2,b
1,16,3487964.2,3489119.5,12,0.0,3,0,1,b
1,16,3488964.2,3490119.5,12,0.0,3,0,2,b
1,42,3490018.2,3491173.2,12,0.0,3,0,1,b
1,42,3491018.2,3492173.2,12,0.0,3,0,2,b
2,289,3490941.0,3491518.5,11,0.0,3,0,1,c
2,289,3491941.0,3493096.0,12,0.0,3,0,2,c
1,205,3492908.2,3494063.2,12,0.0,3,0,1,b
1,205,3493908.2,3495063.2,12,0.0,3,0,2,b
2,205,3492908.2,3494063.2,12,0.0,3,0,1,c
2,205,3493908.2,3495063.2,12,0.0,3,0,2,c
2,181,3493377.5,3494532.5,12,0.0,3,0,1,c
2,181,3494377.5,3495532.5,12,0.0,3,0,2,c
2,251,3492866.8,3492908.0,7,0.0,3,0,1,b
2,251,3493866.8,3495021.8,12,0.0,3,0,2,b
2,334,3496130.2,3496212.8,8,0.0,3,0,1,b
2,334,3497130.2,3498285.2,12,0.0,3,0,2,b
1,31,3496130.5,3496213.2,8,0.0,3,0,1,c
1,31,3497130.5,3498285.8,12,0.0,3,0,2,c
1,49,3499879.5,3500457.0,11,0.0,3,0,1,b
1,49,3500879.5,3502034.5,12,0.0,3,0,2,b
2,377,3505744.8,3506899.8,12,0.0,3,0,1,b
2,377,3506744.8,3507899.8,12,0.0,3,0,2,b
2,86,3505758.5,3505902.8,9,0.0,3,0,1,b
2,86,3506758.5,3507913.5,12,0.0,3,0,2,b
2,303,3507665.5,3507954.2,10,0.0,3,0,1,c
2,303,3508665.5,3509820.5,12,0.0,3,0,2,c
2,243,3518185.8,3519340.8,12,0.0,3,0,1,b
2,243,3519185.8,3520340.8,12,0.0,3,0,2,b
1,294,3521522.8,3522100.2,11,0.0,3,0,1,b
1,294,3522522.8,3523677.8,12,0.0,3,0,2,b
2,294,3521522.8,3522100.2,11,0.0,3,0,1,b
2,294,3522522.8,3523677.8,12,0.0,3,0,2,b
1,272,3526005.5,3527160.8,12,0.0,3,0,1,b
1,272,3527005.5,3528160.8,12,0.0,3,0,2,b
2,99,3526651.5,3526940.5,10,0.0,3,0,1,b
2,99,3527651.5,3528806.8,12,0.0,3,0,2,b
1,24,3526791.5,3526935.8,9,0.0,3,0,1,b
1,24,3527791.5,3528946.5,12,0.0,3,0,2,b
2,24,3526791.5,3526935.8,9,0.0,3,0,1,b
2,24,3527791.5,3528946.5,12,0.0,3,0,2,b
1,330,3527447.0,3527529.5,8,0.0,3,0,1,b
1,330,3528447.0,3529602.0,12,0.0,3,0,2,b
1,265,3530813.8,3530855.0,7,0.0,3,0,1,b
1,265,3531813.8,3532968.8,12,0.0,3,0,2,b
1,393,3531829.8,3532407.5,11,0.0,3,0,1,b
1,393,3532829.8,3533984.8,12,0.0,3,0,2,b
2,393,3531829.8,3532407.5,11,0.0,3,0,1,b
2,393,3532829.8,3533984.8,12,0.0,3,0,2,b
2,317,3532875.0,3533452.8,11,0.0,3,0,1,c
2,317,3533875.0,3535030.0,12,0.0,3,0,2,c
1,203,3532195.2,3532236.5,7,0.0,3,0,1,b
1,203,3533195.2,3534350.2,12,0.0,3,0,2,b
1,85,3534110.2,3535265.5,12,0.0,3,0,1,b
1,85,3535110.2,3536265.5,12,0.0,3,0,2,b
2,85,3534110.2,3535265.5,12,0.0,3,0,1,b
2,85,3535110.2,3536265.5,12,0.0,3,0,2,b
2,150,3534243.5,3534387.8,9,0.0,3,0,1,b
2,150,3535243.5,3536398.5,12,0.0,3,0,2,b
2,139,3536090.5,3536379.5,10,0.0,3,0,1,b
2,139,3537090.5,3538245.5,12,0.0,3,0,2,b
1,147,3537806.5,3538961.5,12,0.0,3,0,1,b
1,147,3538806.5,3539961.5,12,0.0,3,0,2,b
2,147,3537806.5,3538961.5,12,0.0,3,0,1,c
2,147,3538806.5,3539961.5,12,0.0,3,0,2,c
1,298,3538117.0,3538405.8,10,0.0,3,0,1,b
1,298,3539117.0,3540272.0,12,0.0,3,0,2,b
2,298,3538117.0,3538405.8,10,0.0,3,0,1,c
2,298,3539117.0,3540272.0,12,0.0,3,0,2,c
1,240,3543291.5,3544446.5,12,0.0,3,0,1,c
1,240,3544291.5,3545446.5,12,0.0,3,0,2,c
2,135,3546064.2,3547219.2,12,0.0,3,0,1,b
2,135,3547064.2,3548219.2,12,0.0,3,0,2,b
1,5,3546722.0,3547877.0,12,0.0,3,0,1,c
1,5,3547722.0,3548877.0,12,0.0,3,0,2,c
2,5,3546722.0,3547877.0,12,0.0,3,0,1,b
2,5,3547722.0,3548877.0,12,0.0,3,0,2,b
1,346,3546834.0,3547989.0,12,0.0,3,0,1,c
1,346,3547834.0,3548989.0,12,0.0,3,0,2,c
2,346,3546834.0,3547989.0,12,0.0,3,0,1,b
2,346,3547834.0,3548989.0,12,0.0,3,0,2,b
1,349,3546062.8,3546207.0,9,0.0,3,0,1,b
1,349,3547062.8,3548217.8,12,0.0,3,0,2,b
2,351,3546552.8,3546697.0,9,0.0,3,0,1,b
2,351,3547552.8,3548707.8,12,0.0,3,0,2,b
1,87,3550359.5,3551514.8,12,0.0,3,0,1,b
1,87,3551359.5,3552514.8,12,0.0,3,0,2,b
2,111,3556548.0,3557703.0,12,0.0,3,0,1,c
2,111,3557548.0,3558703.0,12,0.0,3,0,2,c
1,278,3557922.0,3559077.0,12,0.0,3,0,1,c
1,278,3558922.0,3560077.0,12,0.0,3,0,2,c
1,288,3556627.8,3556916.5,10,0.0,3,0,1,c
1,288,3557627.8,3558782.8,12,0.0,3,0,2,c
2,288,3556627.8,3556916.5,10,0.0,3,0,1,b
2,288,3557627.8,3558782.8,12,0.0,3,0,2,b
1,74,3557442.8,3557587.0,9,0.0,3,0,1,c
1,74,3558442.8,3559597.8,12,0.0,3,0,2,c
2,350,3563397.0,3564552.0,12,0.0,3,0,1,c
2,350,3564397.0,3565552.0,12,0.0,3,0,2,c
2,329,3563424.0,3563713.0,10,0.0,3,0,1,b
2,329,3564424.0,3565579.0,12,0.0,3,0,2,b
2,34,3563556.5,3563700.8,9,0.0,3,0,1,b
2,34,3564556.5,3565711.5,12,0.0,3,0,2,b
1,146,3566601.8,3567756.8,12,0.0,3,0,1,c
1,146,3567601.8,3568756.8,12,0.0,3,0,2,c
2,146,3566601.8,3567756.8,12,0.0,3,0,1,b
2,146,3567601.8,3568756.8,12,0.0,3,0,2,b
1,244,3565547.8,3565630.2,8,0.0,3,0,1,b
1,244,3566547.8,3567703.0,12,0.0,3,0,2,b
2,375,3568705.2,3569860.2,12,0.0,3,0,1,b
2,375,3569705.2,3570860.2,12,0.0,3,0,2,b
2,303,3568689.8,3568978.5,10,0.0,3,0,1,b
2,303,3569689.8,3570844.8,12,0.0,3,0,2,b
1,327,3570464.2,3571619.5,12,0.0,3,0,1,b
1,327,3571464.2,3572619.5,12,0.0,3,0,2,b
2,327,3570464.2,3571619.5,12,0.0,3,0,1,b
2,327,3571464.2,3572619.5,12,0.0,3,0,2,b
1,114,3571239.5,3571817.2,11,0.0,3,0,1,b
1,114,3572239.5,3573394.5,12,0.0,3,0,2,b
1,136,3575955.0,3576099.2,9,0.0,3,0,1,b
1,136,3576955.0,3578110.0,12,0.0,3,0,2,b
2,136,3575955.0,3576099.2,9,0.0,3,0,1,b
2,136,3576955.0,3578110.0,12,0.0,3,0,2,b
1,133,3576860.2,3577149.2,10,0.0,3,0,1,b
1,133,3577860.2,3579015.5,12,0.0,3,0,2,b
2,133,3576860.2,3577149.2,10,0.0,3,0,1,b
2,133,3577860.2,3579015.5,12,0.0,3,0,2,b
2,227,3579640.8,3580218.5,11,0.0,3,0,1,b
2,227,3580640.8,3581796.0,12,0.0,3,0,2,b
1,253,3580584.5,3581739.5,12,0.0,3,0,1,b
1,253,3581584.5,3582739.5,12,0.0,3,0,2,b
1,99,3582028.5,3582317.5,10,0.0,3,0,1,b
1,99,3583028.5,3584183.5,12,0.0,3,0,2,b
2,99,3582028.5,3582317.5,10,0.0,3,0,1,b
2,99,3583028.5,3584183.5,12,0.0,3,0,2,b
1,245,3582593.5,3583171.2,11,0.0,3,0,1,b
1,245,3583593.5,3584748.5,12,0.0,3,0,2,b
2,215,3595057.5,3596212.8,12,0.0,3,0,1,b
2,215,3596057.5,3597212.8,12,0.0,3,0,2,b
