gatewayID,Received,Interfered,No Receivers, Under, GW busy, unset
1,1805,1971,0,0,0,0
2,1781,1995,0,0,0,0
3,1796,1980,0,0,0,0
4,1704,2072,0,0,0,0
EndDeviceID,X,Y,Z
5,-79.72909545898438,367.99200439453125,1
6,268.802001953125,463.39404296875,1
7,-127.97198486328125,321.2550048828125,1
8,-45.7615966796875,131.43402099609375,1
9,173.28997802734375,-332.01800537109375,1
10,60.3001708984375,498.0830078125,1
11,321.2640380859375,268.56103515625,1
12,-201.1820068359375,-363.00299072265625,1
13,-235.01400756835938,-196.4580078125,1
14,286.8170166015625,-4.6820068359375,1
15,-156.34500122070312,120.6309814453125,1
16,-137.27999877929688,440.281005859375,1
17,212.07501220703125,496.260986328125,1
18,-9.625579833984375,-488.531005859375,1
19,404.5989990234375,-172.35198974609375,1
20,-315.65399169921875,384.094970703125,1
21,-395.7170104980469,231.969970703125,1
22,89.87860107421875,-116.75299072265625,1
23,312.6390380859375,-402.27301025390625,1
24,-450.2510070800781,-283.6549987792969,1
25,-174.6619873046875,27.55511474609375,1
26,449.39300537109375,235.60699462890625,1
27,-325.343994140625,-195.61199951171875,1
28,-42.2926025390625,442.989013671875,1
29,-278.0270080566406,-399.260986328125,1
30,-157.14398193359375,-386.74700927734375,1
31,194.31298828125,-411.4549865722656,1
32,-336.364013671875,93.8162841796875,1
33,175.88800048828125,-332.9119873046875,1
34,-325.2669982910156,-296.0050048828125,1
35,236.57501220703125,-468.97601318359375,1
36,-41.807403564453125,-12.11248779296875,1
37,-162.19598388671875,275.1929931640625,1
38,184.1419677734375,-256.1679992675781,1
39,-271.39801025390625,53.211181640625,1
40,-290.2749938964844,457.1600341796875,1
41,35.8638916015625,199.7440185546875,1
42,-340.7349853515625,-53.872314453125,1
43,-136.22500610351562,-33.173583984375,1
44,482.2340087890625,-329.9729919433594,1
45,-47.51300048828125,137.822021484375,1
46,-140.91799926757812,334.3060302734375,1
47,286.843017578125,-32.389892578125,1
48,472.365966796875,-82.2672119140625,1
49,-170.906982421875,-249.4669952392578,1
50,-207.33999633789062,-160.9219970703125,1
51,497.99798583984375,-25.728607177734375,1
52,-460.0150146484375,-325.5400085449219,1
53,-90.00100708007812,-457.4219970703125,1
54,2.006500244140625,86.6868896484375,1
55,-450.12701416015625,-167.42401123046875,1
56,417.2459716796875,-318.218994140625,1
57,-203.35400390625,480.52899169921875,1
58,-250.45599365234375,125.80999755859375,1
59,-206.73599243164062,-221.6300048828125,1
60,140.5469970703125,-461.6189880371094,1
61,282.115966796875,171.07098388671875,1
62,-306.75299072265625,-171.00201416015625,1
63,181.2230224609375,234.5009765625,1
64,-59.3660888671875,-13.98980712890625,1
65,148.53997802734375,-195.072998046875,1
66,-275.0840148925781,102.3170166015625,1
67,-229.51898193359375,220.613037109375,1
68,-212.07000732421875,360.85595703125,1
69,-383.4219970703125,-231.25201416015625,1
70,-399.6619873046875,-245.49099731445312,1
71,-370.6499938964844,-130.31100463867188,1
72,356.093994140625,-7.533935546875,1
73,300.1500244140625,451.8890380859375,1
74,98.84637451171875,-143.33599853515625,1
75,-242.37200927734375,-102.47100830078125,1
76,57.6497802734375,-155.27999877929688,1
77,135.93499755859375,94.5711669921875,1
78,171.4849853515625,-295.4440002441406,1
79,-90.97198486328125,-149.52801513671875,1
80,262.62298583984375,29.6068115234375,1
81,305.48199462890625,203.85601806640625,1
82,79.4735107421875,243.781982421875,1
83,268.6650390625,121.1519775390625,1
84,-206.75100708007812,-351.7250061035156,1
85,-284.2030029296875,59.3585205078125,1
86,-272.7510070800781,-275.0379943847656,1
87,157.4530029296875,475.47198486328125,1
88,-19.01409912109375,173.00799560546875,1
89,-446.91900634765625,-454.69000244140625,1
90,-343.6700134277344,-294.06500244140625,1
91,-203.90802001953125,486.8690185546875,1
92,241.22802734375,-117.14199829101562,1
93,291.84100341796875,-117.58999633789062,1
94,-443.27099609375,-193.0830078125,1
95,249.82000732421875,-347.78399658203125,1
96,11.312713623046875,362.1719970703125,1
97,157.5059814453125,329.60198974609375,1
98,393.9730224609375,-60.5037841796875,1
99,-295.8680114746094,40.82781982421875,1
100,388.344970703125,-309.31500244140625,1
101,485.3699951171875,149.97198486328125,1
102,-151.4019775390625,296.66400146484375,1
103,335.28900146484375,-281.67401123046875,1
104,306.5589599609375,-58.24749755859375,1
105,199.2669677734375,154.24298095703125,1
106,-343.2919921875,-23.283905029296875,1
107,-217.90399169921875,-329.2650146484375,1
108,-254.86199951171875,250.01898193359375,1
109,133.3399658203125,81.98577880859375,1
110,-315.04901123046875,-15.2427978515625,1
111,68.56988525390625,-217.10498046875,1
112,-447.9309997558594,403.45703125,1
113,5.905487060546875,299.64898681640625,1
114,108.6500244140625,345.8270263671875,1
115,-19.825408935546875,256.27899169921875,1
116,-99.39950561523438,-243.48599243164062,1
117,-132.99600219726562,-230.69097900390625,1
118,-171.989013671875,-19.725799560546875,1
119,133.1099853515625,-295.5260009765625,1
120,463.85101318359375,-34.867889404296875,1
121,-302.6969909667969,-146.55099487304688,1
122,381.27197265625,327.2340087890625,1
123,124.35101318359375,-80.3345947265625,1
124,30.1400146484375,-116.04299926757812,1
125,183.9219970703125,-52.594207763671875,1
126,178.3399658203125,194.3599853515625,1
127,338.68701171875,-282.8789978027344,1
128,11.365509033203125,11.014892578125,1
129,484.344970703125,363.3690185546875,1
130,161.70599365234375,117.093017578125,1
131,-470.9049987792969,-447.64898681640625,1
132,-61.768402099609375,126.531005859375,1
133,-253.27200317382812,75.7232666015625,1
134,193.04498291015625,0.800750732421875,1
135,375.9439697265625,-217.61599731445312,1
136,-354.4750061035156,-240.30599975585938,1
137,193.26300048828125,476.322998046875,1
138,-172.697998046875,287.2449951171875,1
139,334.676025390625,-493.4169921875,1
140,-374.22900390625,-134.57098388671875,1
141,-495.9840087890625,117.11102294921875,1
142,127.1710205078125,-80.41510009765625,1
143,409.010986328125,277.635009765625,1
144,459.7230224609375,-349.8160095214844,1
145,-47.5869140625,449.489013671875,1
146,-494.2080078125,-328.989013671875,1
147,-165.4320068359375,343.7130126953125,1
148,384.0870361328125,-399.4639892578125,1
149,371.06396484375,-411.1830139160156,1
150,365.95703125,-247.8300018310547,1
151,-154.9840087890625,300.9320068359375,1
152,-323.87701416015625,114.02301025390625,1
153,-288.59600830078125,-261.2250061035156,1
154,476.490966796875,0.359893798828125,1
155,84.9749755859375,-107.791015625,1
156,-187.3280029296875,-494.9289855957031,1
157,-259.87298583984375,-292.3380126953125,1
158,123.35601806640625,-214.62899780273438,1
159,-75.79339599609375,-83.4259033203125,1
160,115.34100341796875,8.676849365234375,1
161,26.9320068359375,101.0040283203125,1
162,348.38800048828125,-311.1080017089844,1
163,-356.6029968261719,389.0069580078125,1
164,-456.5050048828125,337.8299560546875,1
165,487.52801513671875,-11.26611328125,1
166,257.77197265625,-138.156005859375,1
167,-97.90420532226562,181.8900146484375,1
168,175.53997802734375,-295.3559875488281,1
169,198.2149658203125,-101.17098999023438,1
170,-398.84698486328125,-130.6300048828125,1
171,-317.2909851074219,262.54296875,1
172,-410.27899169921875,438.6099853515625,1
173,-379.6499938964844,-375.1300048828125,1
174,-490.9309997558594,-426.78900146484375,1
175,6.795623779296875,60.271484375,1
176,-294.6099853515625,-322.1759948730469,1
177,21.4832763671875,-146.10699462890625,1
178,26.84619140625,303.59100341796875,1
179,139.14898681640625,149.636962890625,1
180,414.530029296875,356.696044921875,1
181,105.3289794921875,-220.6090087890625,1
182,27.56201171875,140.11700439453125,1
183,-499.1619873046875,401.10699462890625,1
184,407.20001220703125,-172.46697998046875,1
185,454.76800537109375,-190.260009765625,1
186,-168.72998046875,-136.18600463867188,1
187,466.5,-346.8110046386719,1
188,-373.875,-293.4110107421875,1
189,-318.6719970703125,-342.1109924316406,1
190,166.89398193359375,116.07501220703125,1
191,-324.114013671875,295.39801025390625,1
192,-373.364990234375,252.864013671875,1
193,9.945556640625,-11.49420166015625,1
194,402.4630126953125,-145.20700073242188,1
195,305.39599609375,453.91400146484375,1
196,366.4639892578125,-49.881988525390625,1
197,382.3060302734375,-429.614990234375,1
198,238.4859619140625,472.52197265625,1
199,188.166015625,-272.5669860839844,1
200,336.197021484375,-7.533966064453125,1
201,-358.4469909667969,-20.95098876953125,1
202,-493.9419860839844,-35.259796142578125,1
203,-409.2170104980469,-421.239990234375,1
204,-141.666015625,264.09100341796875,1
205,258.18701171875,28.5042724609375,1
206,421.156005859375,113.98797607421875,1
207,38.51123046875,-427.3290100097656,1
208,-334.43499755859375,439.54400634765625,1
209,-239.36700439453125,-244.89500427246094,1
210,61.03619384765625,-179.12600708007812,1
211,92.95758056640625,-126.0369873046875,1
212,-383.5589904785156,380.3790283203125,1
213,-167.46002197265625,-359.56298828125,1
214,-434.85699462890625,16.828369140625,1
215,6.432281494140625,234.1719970703125,1
216,-334.2590026855469,-13.621612548828125,1
217,-411.2239990234375,327.156982421875,1
218,-28.666595458984375,-196.4530029296875,1
219,384.6209716796875,159.8919677734375,1
220,168.009033203125,291.7049560546875,1
221,202.156005859375,-423.5369873046875,1
222,253.51898193359375,-52.806610107421875,1
223,465.8580322265625,-415.9700012207031,1
224,143.93499755859375,-352.8919982910156,1
225,416.20001220703125,148.75201416015625,1
226,245.0350341796875,67.894287109375,1
227,-298.8030090332031,97.480712890625,1
228,-281.6570129394531,-147.8170166015625,1
229,-466.1570129394531,-286.67498779296875,1
230,-259.260986328125,-1.255126953125,1
231,325.5780029296875,-499.2929992675781,1
232,378.83099365234375,-245.58900451660156,1
233,168.26898193359375,351.467041015625,1
234,-446.85400390625,338.780029296875,1
235,-271.4599914550781,-162.59500122070312,1
236,-391.1080017089844,212.219970703125,1
237,267.6669921875,-116.90301513671875,1
238,354.3699951171875,175.09698486328125,1
239,-50.594207763671875,-10.308685302734375,1
240,304.68603515625,7.383026123046875,1
241,-70.64190673828125,-369.7080078125,1
242,36.6815185546875,-361.0690002441406,1
243,445.718017578125,-264.9649963378906,1
244,351.875,-83.50350952148438,1
245,-321.3450012207031,-499.44500732421875,1
246,-398.45599365234375,-114.91500854492188,1
247,-415.718994140625,-381.93798828125,1
248,-354.6709899902344,-231.95501708984375,1
249,-355.82501220703125,144.09197998046875,1
250,-129.0679931640625,129.9539794921875,1
251,283.197998046875,117.53997802734375,1
252,375.4200439453125,373.6290283203125,1
253,-405.85101318359375,-59.71649169921875,1
254,243.864013671875,-334.08099365234375,1
255,90.010498046875,-443.69500732421875,1
256,-174.53399658203125,-72.74920654296875,1
257,166.2769775390625,254.3699951171875,1
258,-238.60198974609375,-70.6024169921875,1
259,275.3189697265625,-462.9110107421875,1
260,-305.28900146484375,-434.5199890136719,1
261,-357.8580017089844,113.75,1
262,-353.4750061035156,7.628082275390625,1
263,-318.072998046875,-468.3030090332031,1
264,-119.39999389648438,60.47479248046875,1
265,276.1650390625,-100.083984375,1
266,162.594970703125,138.7020263671875,1
267,188.78399658203125,1.194061279296875,1
268,55.65338134765625,-312.67498779296875,1
269,-417.22900390625,-297.5790100097656,1
270,-191.44097900390625,-32.621795654296875,1
271,283.3370361328125,284.34698486328125,1
272,105.80999755859375,-491.3999938964844,1
273,337.1839599609375,-54.788604736328125,1
274,349.9000244140625,-428.3110046386719,1
275,120.6829833984375,110.91900634765625,1
276,212.50201416015625,-129.27001953125,1
277,434.0849609375,-7.0328369140625,1
278,80.101318359375,-369.760986328125,1
279,56.39678955078125,60.66070556640625,1
280,148.1939697265625,-492.5830078125,1
281,-361.4800109863281,-395.3349914550781,1
282,-403.53399658203125,-307.7409973144531,1
283,224.00799560546875,-150.95199584960938,1
284,26.60711669921875,85.61199951171875,1
285,-448.8389892578125,316.9410400390625,1
286,-487.2149963378906,87.69329833984375,1
287,-225.70700073242188,179.3599853515625,1
288,-326.4800109863281,-331.1130065917969,1
289,424.35198974609375,213.81201171875,1
290,-357.82598876953125,-232.9010009765625,1
291,19.2379150390625,268.38299560546875,1
292,-410.2650146484375,295.5780029296875,1
293,-382.9119873046875,159.61199951171875,1
294,63.8687744140625,-429.8399963378906,1
295,-128.00399780273438,145.301025390625,1
296,-405.1610107421875,-251.3000030517578,1
297,73.09637451171875,-419.19000244140625,1
298,338.82598876953125,57.63397216796875,1
299,-375.2170104980469,103.52099609375,1
300,312.6319580078125,-206.91000366210938,1
301,-357.9209899902344,-384.89599609375,1
302,445.2900390625,-30.3004150390625,1
303,366.592041015625,67.13812255859375,1
304,28.5255126953125,-201.49298095703125,1
305,-392.343994140625,-278.8580017089844,1
306,330.40301513671875,-245.6840057373047,1
307,153.719970703125,27.2296142578125,1
308,-229.23699951171875,-40.17041015625,1
309,84.14068603515625,444.9210205078125,1
310,135.031005859375,269.4329833984375,1
311,-269.1099853515625,-390.6610107421875,1
312,-310.26300048828125,-359.7460021972656,1
313,477.7139892578125,-431.3739929199219,1
314,239.70098876953125,-141.54901123046875,1
315,165.1629638671875,374.64599609375,1
316,-75.59548950195312,-388.468994140625,1
317,-3.252685546875,-1.86572265625,1
318,-329.7489929199219,54.54931640625,1
319,-488.30999755859375,-302.17401123046875,1
320,-290.0,-485.3580017089844,1
321,467.511962890625,-117.260009765625,1
322,35.5421142578125,416.0269775390625,1
323,168.06201171875,135.2509765625,1
324,290.583984375,-470.6090087890625,1
325,225.74798583984375,-494.3479919433594,1
326,-98.28118896484375,17.31951904296875,1
327,-46.619110107421875,140.59100341796875,1
328,476.65301513671875,242.3389892578125,1
329,-349.5780029296875,369.073974609375,1
330,224.70501708984375,-30.44879150390625,1
331,-381.8800048828125,123.02099609375,1
332,-217.031982421875,251.5880126953125,1
333,482.70703125,432.52301025390625,1
334,210.469970703125,325.93603515625,1
335,-358.4490051269531,-19.018402099609375,1
336,-96.1134033203125,116.11700439453125,1
337,-365.6199951171875,-490.8689880371094,1
338,-214.70098876953125,386.488037109375,1
339,441.802978515625,130.10302734375,1
340,359.15399169921875,-49.469207763671875,1
341,163.9329833984375,272.531005859375,1
342,-76.88510131835938,-69.56219482421875,1
343,73.56591796875,-274.43701171875,1
344,-43.943695068359375,24.72119140625,1
345,282.7659912109375,-355.2430114746094,1
346,-267.7439880371094,-378.5979919433594,1
347,309.54998779296875,-64.8140869140625,1
348,305.2860107421875,-492.8169860839844,1
349,372.92401123046875,-226.7230224609375,1
350,372.58203125,312.5469970703125,1
351,301.24798583984375,-251.53799438476562,1
352,-271.8280029296875,496.02001953125,1
353,-275.4679870605469,209.1390380859375,1
354,-17.6962890625,28.260009765625,1
355,-377.27801513671875,-323.04400634765625,1
356,43.67071533203125,321.384033203125,1
357,-339.02099609375,-442.7590026855469,1
358,3.07281494140625,144.95501708984375,1
359,136.60498046875,223.531982421875,1
360,89.1995849609375,35.38201904296875,1
361,-275.4960021972656,-51.87469482421875,1
362,-356.46600341796875,229.11798095703125,1
363,-147.99099731445312,-211.51199340820312,1
364,471.65899658203125,-3.66729736328125,1
365,235.24798583984375,-58.432708740234375,1
366,263.1719970703125,-419.1440124511719,1
367,-231.09100341796875,155.6610107421875,1
368,237.16998291015625,381.4849853515625,1
369,-78.52838134765625,13.91290283203125,1
370,471.4620361328125,-416.5270080566406,1
371,295.7669677734375,-211.635986328125,1
372,252.85302734375,394.0570068359375,1
373,176.4520263671875,478.10400390625,1
374,358.4739990234375,409.39404296875,1
375,-11.198089599609375,212.1719970703125,1
376,-422.3869934082031,296.6409912109375,1
377,-103.45501708984375,434.50299072265625,1
378,60.4356689453125,191.875,1
379,-113.0,430.04296875,1
380,-459.6210021972656,383.47900390625,1
381,51.65478515625,73.6749267578125,1
382,48.10699462890625,-206.68798828125,1
383,327.52301025390625,108.9439697265625,1
384,287.4539794921875,-468.40399169921875,1
385,281.24200439453125,-167.99099731445312,1
386,-317.46099853515625,-219.08599853515625,1
387,-297.4219970703125,26.2064208984375,1
388,442.072021484375,-82.33050537109375,1
389,211.59100341796875,454.0250244140625,1
390,-272.0,300.9859619140625,1
391,35.1962890625,228.593994140625,1
392,128.1209716796875,213.45703125,1
393,92.30657958984375,-12.212890625,1
394,-345.3559875488281,251.21099853515625,1
395,-268.8269958496094,332.157958984375,1
396,278.5849609375,220.05902099609375,1
397,153.82098388671875,-78.77398681640625,1
398,394.698974609375,-191.85498046875,1
399,448.34698486328125,-420.2799987792969,1
400,-212.18701171875,68.356201171875,1
401,-213.031982421875,-382.7699890136719,1
402,332.364013671875,137.5479736328125,1
403,-339.9320068359375,-147.60601806640625,1
404,-180.42999267578125,-74.37680053710938,1
senderId,receiverID, sendTime, receivedTime,SF,SNR,Ftype,Freq,received,code
263,4,493.26178,945.8698,10,-3.19884,4,8685,1,0
272,4,1604.8931,1851.677,9,-3.05661,4,8685,1,0
373,1,1839.7806,2292.3887,10,-9.77679,4,8685,1,0
373,2,1839.7806,2292.3887,10,-9.77679,4,8685,1,0
373,3,1839.7806,2292.3887,10,-9.77679,4,8685,1,0
368,1,2631.3857,3083.994,10,-12.89,4,8685,1,0
368,3,2631.3857,3083.994,10,-12.89,4,8685,1,0
368,4,2631.3857,3083.994,10,-12.89,4,8685,0,1
146,2,2845.1426,4655.5747,12,0.0,4,8685,0,1
360,1,2888.0325,3021.6643,8,-5.37324,4,8685,1,0
360,3,2888.0325,3021.6643,8,-5.37324,4,8685,1,0
137,1,6760.6357,7213.244,10,-9.4283,4,8685,1,0
137,2,6760.6357,7213.244,10,-9.4283,4,8685,1,0
137,3,6760.6357,7213.244,10,-9.4283,4,8685,1,0
137,4,6760.6357,7213.244,10,-9.4283,4,8685,1,0
130,2,7286.537,7420.1694,8,-11.8123,4,8685,1,0
207,3,10431.699,10678.483,9,3.97627,4,8685,1,0
207,4,10431.699,10678.483,9,3.97627,4,8685,1,0
77,1,11344.099,11477.73,8,1.62405,4,8685,1,0
77,3,11344.099,11477.73,8,1.62405,4,8685,1,0
239,3,12237.962,12371.594,8,-2.49046,4,8685,1,0
239,4,12237.962,12371.594,8,-2.49046,4,8685,1,0
31,2,14525.519,14772.303,9,5.05561,4,8685,1,0
31,3,14525.519,14772.303,9,5.05561,4,8685,1,0
331,2,14890.464,15024.096,8,6.94434,4,8685,1,0
370,1,17816.664,18803.8,11,2.57495,4,8685,1,0
176,2,17817.613,18064.398,9,-11.0457,4,8685,0,1
176,4,17817.613,18064.398,9,-11.0457,4,8685,1,0
238,1,18097.26,18549.867,10,0.301179,4,8685,1,0
238,3,18097.26,18549.867,10,0.301179,4,8685,1,0
386,1,18220.6,18467.385,9,0.738801,4,8685,1,0
386,2,18220.6,18467.385,9,0.738801,4,8685,1,0
241,1,19296.951,19430.584,8,-4.60342,4,8685,1,0
241,4,19296.951,19430.584,8,-4.60342,4,8685,1,0
91,1,19451.977,19904.584,10,-8.86647,4,8685,1,0
91,4,19451.977,19904.584,10,-8.86647,4,8685,1,0
242,4,20061.344,20133.28,7,0.0,4,8685,1,0
111,2,22412.133,22484.068,7,4.03552,4,8685,1,0
111,4,22412.133,22484.068,7,4.03552,4,8685,1,0
7,2,22444.193,22690.977,9,-12.2988,4,8685,1,0
7,3,22444.193,22690.977,9,-12.2988,4,8685,1,0
7,4,22444.193,22690.977,9,-12.2988,4,8685,1,0
164,1,22966.123,24776.557,12,4.58905,4,8685,0,1
164,3,22966.123,24776.557,12,4.58905,4,8685,1,0
84,4,25892.979,26139.764,9,-13.5987,4,8685,1,0
145,1,26163.395,26297.027,8,0.0,4,8685,1,0
53,1,26593.133,26839.916,9,-10.5404,4,8685,1,0
53,4,26593.133,26839.916,9,-10.5404,4,8685,1,0
282,1,27890.562,29700.994,12,-6.55452,4,8685,1,0
282,2,27890.562,29700.994,12,-6.55452,4,8685,1,0
282,4,27890.562,29700.994,12,-6.55452,4,8685,0,1
85,2,28908.88,28980.816,7,4.06956,4,8685,1,0
85,4,28908.88,28980.816,7,4.06956,4,8685,1,0
237,1,29495.678,29567.613,7,17.1482,4,8685,1,0
237,3,29495.678,29567.613,7,17.1482,4,8685,1,0
281,2,30584.404,31037.012,10,-11.633,4,8685,1,0
281,4,30584.404,31037.012,10,-11.633,4,8685,1,0
160,1,31493.814,31565.75,7,8.75916,4,8685,1,0
160,3,31493.814,31565.75,7,8.75916,4,8685,1,0
319,1,33161.324,33613.93,10,0.0,4,8685,1,0
329,2,33178.73,34165.867,11,-13.9804,4,8685,1,0
348,2,33288.867,35099.3,12,-12.8916,4,8685,1,0
348,4,33288.867,35099.3,12,-12.8916,4,8685,1,0
403,1,35624.97,35871.754,9,-9.4145,4,8685,1,0
403,2,35624.97,35871.754,9,-9.4145,4,8685,1,0
403,3,35624.97,35871.754,9,-9.4145,4,8685,1,0
360,2,35987.473,36121.105,8,-6.50635,4,8681,1,0
360,3,35987.473,36121.105,8,-6.50635,4,8681,1,0
32,2,36040.246,36112.184,7,-6.92331,4,8685,1,0
32,4,36040.246,36112.184,7,-6.92331,4,8685,1,0
258,1,36223.152,36295.09,7,-9.13144,4,8685,1,0
258,2,36223.152,36295.09,7,-9.13144,4,8685,1,0
279,2,38182.395,38429.18,9,-4.26132,4,8685,1,0
279,4,38182.395,38429.18,9,-4.26132,4,8685,0,1
322,3,38268.38,38720.984,10,0.0,4,8685,1,0
203,1,38958.85,40769.285,12,-17.8744,4,8685,1,0
399,1,40816.855,42627.29,12,-14.1355,4,8685,1,0
399,3,40816.855,42627.29,12,-14.1355,4,8685,1,0
399,4,40816.855,42627.29,12,-14.1355,4,8685,1,0
82,1,40988.316,41060.254,7,-5.88724,4,8685,1,0
82,2,40988.316,41060.254,7,-5.88724,4,8685,1,0
82,3,40988.316,41060.254,7,-5.88724,4,8685,1,0
181,4,44724.08,44796.016,7,0.0,4,8685,1,0
249,2,45271.035,45342.973,7,-0.63034,4,8685,1,0
236,2,46632.465,47085.07,10,-10.3972,4,8685,1,0
236,3,46632.465,47085.07,10,-10.3972,4,8685,1,0
236,4,46632.465,47085.07,10,-10.3972,4,8685,1,0
325,4,47223.742,47676.35,10,-12.214,4,8685,1,0
368,2,47892.184,48344.793,10,-10.9689,4,8681,1,0
368,3,47892.184,48344.793,10,-10.9689,4,8681,1,0
368,4,47892.184,48344.793,10,-10.9689,4,8681,1,0
94,1,49016.18,49468.785,10,-14.471,4,8685,1,0
94,2,49016.18,49468.785,10,-14.471,4,8685,0,1
94,4,49016.18,49468.785,10,-14.471,4,8685,1,0
332,2,49662.656,49909.438,9,-4.87193,4,8685,0,1
332,3,49662.656,49909.438,9,-4.87193,4,8685,1,0
266,1,50935.95,51069.58,8,0.521821,4,8685,1,0
317,1,52207.04,52453.824,9,0.753327,4,8685,1,0
317,2,52207.04,52453.824,9,0.753327,4,8685,1,0
269,1,53025.637,53478.246,10,0.551881,4,8685,1,0
269,2,53025.637,53478.246,10,0.551881,4,8685,1,0
299,1,53232.15,53478.93,9,-0.256438,4,8685,1,0
93,1,53316.88,53388.816,7,4.70282,4,8685,1,0
64,2,54170.07,54303.703,8,0.102937,4,8685,1,0
64,3,54170.07,54303.703,8,0.102937,4,8685,1,0
64,4,54170.07,54303.703,8,0.102937,4,8685,1,0
313,1,54644.55,55631.688,11,-8.30673,4,8685,0,1
313,2,54644.55,55631.688,11,-8.30673,4,8685,1,0
313,3,54644.55,55631.688,11,-8.30673,4,8685,1,0
313,4,54644.55,55631.688,11,-8.30673,4,8685,0,1
365,1,56459.973,56531.91,7,25.704,4,8685,0,1
365,3,56459.973,56531.91,7,25.704,4,8685,1,0
62,2,56904.855,57151.637,9,-12.9754,4,8685,1,0
62,4,56904.855,57151.637,9,-12.9754,4,8685,1,0
274,1,57581.504,58568.64,11,-8.47455,4,8685,1,0
274,2,57581.504,58568.64,11,-8.47455,4,8685,1,0
274,4,57581.504,58568.64,11,-8.47455,4,8685,1,0
118,2,58090.527,58162.465,7,-1.97787,4,8685,1,0
118,4,58090.527,58162.465,7,-1.97787,4,8685,1,0
220,1,58750.637,58822.574,7,0.22104,4,8685,1,0
12,2,58932.207,59065.836,8,-9.29013,4,8685,1,0
268,4,59269.156,59341.094,7,16.483,4,8685,1,0
320,3,60377.02,61364.156,11,-17.2824,4,8685,1,0
320,4,60377.02,61364.156,11,-17.2824,4,8685,0,1
259,4,61831.707,62818.844,11,-10.7219,4,8685,0,1
231,3,62142.84,63953.273,12,5.01128,4,8685,1,0
231,4,62142.84,63953.273,12,5.01128,4,8685,0,1
223,1,62366.734,64177.164,12,-12.8218,4,8685,0,1
223,2,62366.734,64177.164,12,-12.8218,4,8685,1,0
277,1,62971.184,63217.97,9,-14.2573,4,8685,1,0
277,3,62971.184,63217.97,9,-14.2573,4,8685,1,0
402,1,62974.48,63108.113,8,-7.19563,4,8685,1,0
400,1,63244.223,63316.16,7,-4.89897,4,8685,1,0
400,2,63244.223,63316.16,7,-4.89897,4,8685,1,0
400,3,63244.223,63316.16,7,-4.89897,4,8685,1,0
226,1,66010.96,66082.9,7,0.0,4,8685,1,0
188,2,66116.516,66569.125,10,-2.35853,4,8685,1,0
295,1,68111.75,68245.375,8,-6.84499,4,8685,0,1
295,2,68111.75,68245.375,8,-6.84499,4,8685,1,0
353,1,69316.76,69450.38,8,-8.14703,4,8685,1,0
316,4,69554.42,69626.36,7,3.53277,4,8685,1,0
99,2,70511.56,70583.5,7,24.6072,4,8685,1,0
99,3,70511.56,70583.5,7,24.6072,4,8685,1,0
382,2,71000.664,71072.6,7,-0.295318,4,8685,1,0
382,4,71000.664,71072.6,7,-0.295318,4,8685,1,0
76,1,71196.27,71268.21,7,2.78059,4,8685,1,0
76,4,71196.27,71268.21,7,2.78059,4,8685,1,0
221,1,71350.695,72337.83,11,-14.0134,4,8685,1,0
221,2,71350.695,72337.83,11,-14.0134,4,8685,1,0
221,4,71350.695,72337.83,11,-14.0134,4,8685,0,1
307,1,72092.9,72164.836,7,11.0048,4,8685,1,0
307,3,72092.9,72164.836,7,11.0048,4,8685,1,0
302,2,72245.09,72491.875,9,-9.83211,4,8685,1,0
302,4,72245.09,72491.875,9,-9.83211,4,8685,1,0
281,2,75845.21,76297.81,10,-13.5419,4,8681,1,0
281,4,75845.21,76297.81,10,-13.5419,4,8681,1,0
95,1,77265.66,77512.44,9,1.47604,4,8685,1,0
95,2,77265.66,77512.44,9,1.47604,4,8685,1,0
95,3,77265.66,77512.44,9,1.47604,4,8685,1,0
55,1,78344.35,78591.13,9,-12.1484,4,8685,1,0
317,1,80321.555,80568.336,9,-8.77901,4,8681,1,0
317,2,80321.555,80568.336,9,-8.77901,4,8681,1,0
317,3,80321.555,80568.336,9,-8.77901,4,8681,1,0
317,4,80321.555,80568.336,9,-8.77901,4,8681,1,0
196,1,80554.07,80687.695,8,0.0,4,8685,1,0
196,3,80554.07,80687.695,8,0.0,4,8685,1,0
19,1,81572.375,82024.98,10,-3.9893,4,8685,0,1
19,4,81572.375,82024.98,10,-3.9893,4,8685,0,1
336,1,81926.99,81998.93,7,-0.95436,4,8685,1,0
336,2,81926.99,81998.93,7,-0.95436,4,8685,1,0
336,3,81926.99,81998.93,7,-0.95436,4,8685,1,0
401,1,82170.23,82303.86,8,-10.9834,4,8685,1,0
401,3,82170.23,82303.86,8,-10.9834,4,8685,1,0
380,1,82364.72,84175.15,12,-10.7468,4,8685,1,0
380,3,82364.72,84175.15,12,-10.7468,4,8685,1,0
186,3,83788.29,83860.23,7,0.0,4,8685,1,0
366,3,84575.68,84822.45,9,-14.2603,4,8685,0,1
99,2,86654.78,86726.73,7,-7.9745,4,8681,1,0
267,1,88720.94,88792.875,7,11.2464,4,8685,1,0
267,4,88720.94,88792.875,7,11.2464,4,8685,1,0
319,2,88899.22,89351.82,10,-6.91336,4,8681,1,0
319,4,88899.22,89351.82,10,-6.91336,4,8681,1,0
235,1,89088.29,89221.914,8,2.87587,4,8685,1,0
26,1,89127.94,90115.07,11,-9.67897,4,8685,1,0
26,4,89127.94,90115.07,11,-9.67897,4,8685,1,0
233,1,89426.57,89879.17,10,-6.87114,4,8685,1,0
309,2,89567.234,90019.84,10,-14.9898,4,8685,1,0
309,3,89567.234,90019.84,10,-14.9898,4,8685,1,0
309,4,89567.234,90019.84,10,-14.9898,4,8685,1,0
285,3,90079.15,91066.28,11,-12.5423,4,8685,1,0
285,4,90079.15,91066.28,11,-12.5423,4,8685,0,1
32,2,90175.984,90247.92,7,7.62607,4,8681,1,0
32,3,90175.984,90247.92,7,7.62607,4,8681,1,0
130,2,90404.836,90538.47,8,3.37366,4,8681,1,0
130,3,90404.836,90538.47,8,3.37366,4,8681,1,0
289,3,92002.7,92249.484,9,-9.30386,4,8685,1,0
289,4,92002.7,92249.484,9,-9.30386,4,8685,1,0
377,3,92356.84,92428.78,7,7.30597,4,8681,1,0
193,1,92388.73,92522.35,8,-10.9626,4,8685,1,0
193,2,92388.73,92522.35,8,-10.9626,4,8685,0,1
193,4,92388.73,92522.35,8,-10.9626,4,8685,1,0
368,2,93152.984,93605.59,10,-9.93701,4,8681,0,1
368,3,93152.984,93605.59,10,-9.93701,4,8681,0,1
303,1,94751.766,94998.54,9,-7.78583,4,8685,1,0
303,3,94751.766,94998.54,9,-7.78583,4,8685,1,0
230,2,94956.766,95028.7,7,0.0,4,8685,1,0
230,4,94956.766,95028.7,7,0.0,4,8685,1,0
365,1,96228.21,96300.15,7,3.82386,4,8681,1,0
155,4,97473.46,97720.234,9,0.0,4,8685,1,0
107,3,97494.97,97741.75,9,-0.238265,4,8685,0,1
200,1,98802.98,98874.914,7,2.92584,4,8685,0,1
200,2,98802.98,98874.914,7,2.92584,4,8685,1,0
200,4,98802.98,98874.914,7,2.92584,4,8685,1,0
352,1,100243.32,101230.45,11,-19.1781,4,8685,1,0
352,3,100243.32,101230.45,11,-19.1781,4,8685,1,0
352,4,100243.32,101230.45,11,-19.1781,4,8685,1,0
119,1,101480.41,101552.34,7,5.47617,4,8685,1,0
119,4,101480.41,101552.34,7,5.47617,4,8685,1,0
124,1,101899.164,102145.945,9,-11.095,4,8685,1,0
124,4,101899.164,102145.945,9,-11.095,4,8685,1,0
356,1,102220.57,102292.51,7,-1.94913,4,8685,1,0
356,3,102220.57,102292.51,7,-1.94913,4,8685,1,0
105,2,102353.8,102425.734,7,-6.56813,4,8685,1,0
191,2,104893.28,105140.06,9,-5.29024,4,8685,0,1
191,3,104893.28,105140.06,9,-5.29024,4,8685,1,0
400,1,104936.49,105008.43,7,-7.22357,4,8681,1,0
400,2,104936.49,105008.43,7,-7.22357,4,8681,0,1
138,2,106205.08,106338.7,8,-4.72676,4,8685,1,0
169,1,107418.805,107490.74,7,-0.363464,4,8685,1,0
169,3,107418.805,107490.74,7,-0.363464,4,8685,1,0
350,1,107555.87,108008.48,10,-9.88939,4,8685,1,0
350,2,107555.87,108008.48,10,-9.88939,4,8685,1,0
350,3,107555.87,108008.48,10,-9.88939,4,8685,1,0
350,4,107555.87,108008.48,10,-9.88939,4,8685,1,0
137,2,108326.07,108778.68,10,-15.4443,4,8681,1,0
137,3,108326.07,108778.68,10,-15.4443,4,8681,0,1
339,1,109525.484,109659.11,8,6.37015,4,8685,1,0
290,1,113881.22,114014.84,8,-5.39873,4,8685,1,0
92,1,115885.13,116018.76,8,13.7929,4,8685,1,0
92,4,115885.13,116018.76,8,13.7929,4,8685,1,0
346,1,119313.26,119765.86,10,-12.3104,4,8685,1,0
346,4,119313.26,119765.86,10,-12.3104,4,8685,1,0
8,3,121027.44,121099.375,7,-5.82008,4,8685,1,0
34,1,121330.37,121782.98,10,-4.88608,4,8685,0,1
34,3,121330.37,121782.98,10,-4.88608,4,8685,1,0
34,4,121330.37,121782.98,10,-4.88608,4,8685,1,0
17,2,122025.56,123836.0,12,-6.1402,4,8685,1,0
17,3,122025.56,123836.0,12,-6.1402,4,8685,0,1
75,4,122826.52,122898.46,7,0.0,4,8685,1,0
251,2,122952.0,123023.94,7,-7.17354,4,8685,1,0
205,1,123764.125,123836.06,7,22.5419,4,8685,1,0
205,4,123764.125,123836.06,7,22.5419,4,8685,1,0
273,1,123920.09,123992.03,7,-1.58485,4,8685,1,0
273,4,123920.09,123992.03,7,-1.58485,4,8685,0,1
96,3,124999.15,125132.77,8,-8.68362,4,8685,1,0
96,4,124999.15,125132.77,8,-8.68362,4,8685,1,0
27,3,125237.12,125483.89,9,-8.40355,4,8685,1,0
27,4,125237.12,125483.89,9,-8.40355,4,8685,1,0
19,1,126833.17,127285.77,10,-14.8204,4,8681,1,0
18,2,127539.32,127672.95,8,2.03099,4,8685,1,0
18,4,127539.32,127672.95,8,2.03099,4,8685,1,0
97,1,129851.625,130304.23,10,2.97832,4,8685,1,0
97,2,129851.625,130304.23,10,2.97832,4,8685,1,0
97,3,129851.625,130304.23,10,2.97832,4,8685,1,0
7,2,130622.41,130869.19,9,-5.32471,4,8681,1,0
7,3,130622.41,130869.19,9,-5.32471,4,8681,1,0
395,1,130985.58,131972.72,11,5.71647,4,8685,1,0
395,2,130985.58,131972.72,11,5.71647,4,8685,1,0
395,3,130985.58,131972.72,11,5.71647,4,8685,1,0
45,2,131341.12,131413.06,7,-7.62746,4,8685,1,0
45,3,131341.12,131413.06,7,-7.62746,4,8685,1,0
35,4,131769.86,132757.0,11,-17.7385,4,8685,1,0
276,1,131937.1,132009.02,7,8.07118,4,8685,1,0
244,1,132146.62,132218.55,7,-1.97919,4,8685,1,0
244,3,132146.62,132218.55,7,-1.97919,4,8685,1,0
185,2,132485.58,132938.19,10,-16.0517,4,8685,1,0
185,3,132485.58,132938.19,10,-16.0517,4,8685,1,0
208,2,132834.64,134645.06,12,-2.89815,4,8685,1,0
208,4,132834.64,134645.06,12,-2.89815,4,8685,1,0
148,2,135706.56,136159.17,10,-8.98469,4,8685,1,0
204,2,136846.62,136918.55,7,5.53497,4,8685,1,0
204,3,136846.62,136918.55,7,5.53497,4,8685,1,0
204,4,136846.62,136918.55,7,5.53497,4,8685,0,1
199,1,137779.75,138026.53,9,-13.0986,4,8685,1,0
199,4,137779.75,138026.53,9,-13.0986,4,8685,0,1
311,2,138342.27,138589.05,9,-2.66605,4,8685,1,0
311,4,138342.27,138589.05,9,-2.66605,4,8685,1,0
387,1,138820.47,138892.39,7,-1.10419,4,8685,1,0
387,2,138820.47,138892.39,7,-1.10419,4,8685,1,0
271,4,139031.88,139278.66,9,-9.15593,4,8685,1,0
47,1,139206.27,139278.2,7,-6.34637,4,8685,1,0
47,4,139206.27,139278.2,7,-6.34637,4,8685,1,0
211,1,142285.95,142357.88,7,4.01582,4,8685,1,0
211,4,142285.95,142357.88,7,4.01582,4,8685,1,0
48,2,142961.66,143414.27,10,-11.9797,4,8685,1,0
48,3,142961.66,143414.27,10,-11.9797,4,8685,1,0
48,4,142961.66,143414.27,10,-11.9797,4,8685,1,0
43,2,143379.56,143451.5,7,-0.489867,4,8685,1,0
43,3,143379.56,143451.5,7,-0.489867,4,8685,1,0
43,4,143379.56,143451.5,7,-0.489867,4,8685,1,0
213,2,145059.22,145306.0,9,0.707581,4,8685,1,0
213,4,145059.22,145306.0,9,0.707581,4,8685,1,0
309,1,145646.55,146099.16,10,-13.8405,4,8681,1,0
309,2,145646.55,146099.16,10,-13.8405,4,8681,1,0
309,3,145646.55,146099.16,10,-13.8405,4,8681,1,0
180,3,145807.52,146260.11,10,-13.3215,4,8685,1,0
180,4,145807.52,146260.11,10,-13.3215,4,8685,1,0
135,2,147802.3,148049.08,9,-13.0141,4,8681,1,0
31,1,147821.48,148068.27,9,3.08583,4,8681,1,0
31,4,147821.48,148068.27,9,3.08583,4,8681,1,0
344,1,149638.69,149885.47,9,-6.76387,4,8681,1,0
344,2,149638.69,149885.47,9,-6.76387,4,8681,1,0
344,4,149638.69,149885.47,9,-6.76387,4,8681,1,0
147,3,151407.39,151654.17,9,-6.54211,4,8685,1,0
80,1,152781.84,152853.78,7,19.1989,4,8685,0,1
80,2,152781.84,152853.78,7,19.1989,4,8685,1,0
350,1,152816.67,153269.27,10,-15.9788,4,8681,0,1
350,3,152816.67,153269.27,10,-15.9788,4,8681,1,0
350,4,152816.67,153269.27,10,-15.9788,4,8681,1,0
66,2,152934.23,153006.17,7,-6.16299,4,8685,1,0
333,1,153527.72,154514.86,11,-5.01013,4,8685,0,1
137,2,153586.88,154039.47,10,-9.88669,4,8681,0,1
137,3,153586.88,154039.47,10,-9.88669,4,8681,1,0
136,2,154157.02,154403.8,9,-3.10219,4,8685,1,0
98,1,154459.97,154531.9,7,-5.24608,4,8685,1,0
319,1,154483.6,154936.2,10,0.0,4,8681,1,0
42,2,154867.05,154938.98,7,21.6199,4,8685,1,0
42,4,154867.05,154938.98,7,21.6199,4,8685,1,0
140,4,156345.47,156479.11,8,-3.88643,4,8685,1,0
263,2,157338.11,157790.7,10,-6.89535,4,8681,1,0
263,3,157338.11,157790.7,10,-6.89535,4,8681,1,0
86,2,157636.62,158089.23,10,-13.4606,4,8685,1,0
86,4,157636.62,158089.23,10,-13.4606,4,8685,1,0
123,2,157712.53,157846.16,8,1.92159,4,8685,1,0
123,3,157712.53,157846.16,8,1.92159,4,8685,1,0
123,4,157712.53,157846.16,8,1.92159,4,8685,1,0
102,1,158079.14,158212.78,8,-9.21823,4,8681,1,0
102,3,158079.14,158212.78,8,-9.21823,4,8681,1,0
102,4,158079.14,158212.78,8,-9.21823,4,8681,1,0
240,1,159693.25,159765.19,7,-1.29513,4,8685,1,0
240,3,159693.25,159765.19,7,-1.29513,4,8685,1,0
11,2,159778.02,160024.8,9,-8.37241,4,8685,1,0
11,3,159778.02,160024.8,9,-8.37241,4,8685,1,0
110,2,160691.06,160762.98,7,4.80761,4,8685,1,0
110,4,160691.06,160762.98,7,4.80761,4,8685,0,1
214,2,160740.05,160986.83,9,-2.50304,4,8685,1,0
150,3,160790.9,161037.69,9,-0.4915,4,8685,1,0
39,2,161690.31,161762.23,7,1.32753,4,8685,1,0
187,1,161693.1,163503.53,12,2.27815,4,8685,1,0
187,2,161693.1,163503.53,12,2.27815,4,8685,0,1
53,2,162246.02,162492.8,9,2.09096,4,8681,1,0
53,3,162246.02,162492.8,9,2.09096,4,8681,1,0
53,4,162246.02,162492.8,9,2.09096,4,8681,1,0
338,4,162579.7,162826.48,9,-3.03325,4,8685,1,0
292,1,162631.86,163619.0,11,-13.1792,4,8685,1,0
292,2,162631.86,163619.0,11,-13.1792,4,8685,0,1
292,4,162631.86,163619.0,11,-13.1792,4,8685,1,0
337,2,163124.1,164934.53,12,1.54865,4,8685,1,0
337,3,163124.1,164934.53,12,1.54865,4,8685,0,1
337,4,163124.1,164934.53,12,1.54865,4,8685,1,0
54,1,163791.4,163863.34,7,0.996934,4,8681,1,0
54,4,163791.4,163863.34,7,0.996934,4,8681,1,0
328,2,164620.0,165607.12,11,-18.8546,4,8685,1,0
188,1,165640.92,166093.52,10,-7.07696,4,8681,0,1
188,2,165640.92,166093.52,10,-7.07696,4,8681,1,0
188,3,165640.92,166093.52,10,-7.07696,4,8681,1,0
188,4,165640.92,166093.52,10,-7.07696,4,8681,1,0
249,2,165870.69,165942.61,7,2.56749,4,8681,1,0
249,4,165870.69,165942.61,7,2.56749,4,8681,1,0
232,1,168332.94,169320.06,11,-11.5416,4,8685,1,0
232,4,168332.94,169320.06,11,-11.5416,4,8685,1,0
108,2,168913.12,169365.73,10,-8.79813,4,8685,0,1
113,2,169352.92,169424.84,7,-6.64094,4,8685,1,0
113,3,169352.92,169424.84,7,-6.64094,4,8685,1,0
9,1,170979.25,171112.89,8,-1.54898,4,8685,1,0
9,4,170979.25,171112.89,8,-1.54898,4,8685,1,0
76,1,171480.89,171552.83,7,-2.96629,4,8681,1,0
76,2,171480.89,171552.83,7,-2.96629,4,8681,1,0
76,4,171480.89,171552.83,7,-2.96629,4,8681,1,0
222,1,172289.11,172361.03,7,0.0,4,8685,1,0
222,2,172289.11,172361.03,7,0.0,4,8685,1,0
222,3,172289.11,172361.03,7,0.0,4,8685,1,0
222,4,172289.11,172361.03,7,0.0,4,8685,1,0
288,2,172941.81,173394.42,10,-9.00487,4,8685,0,1
288,3,172941.81,173394.42,10,-9.00487,4,8685,1,0
376,1,173099.36,174909.8,12,2.01943,4,8685,1,0
376,2,173099.36,174909.8,12,2.01943,4,8685,0,1
376,3,173099.36,174909.8,12,2.01943,4,8685,1,0
317,1,174662.22,174909.0,9,-2.55687,4,8681,1,0
317,2,174662.22,174909.0,9,-2.55687,4,8681,1,0
317,3,174662.22,174909.0,9,-2.55687,4,8681,1,0
317,4,174662.22,174909.0,9,-2.55687,4,8681,1,0
97,2,175112.42,175565.03,10,5.4968,4,8681,1,0
97,3,175112.42,175565.03,10,5.4968,4,8681,1,0
97,4,175112.42,175565.03,10,5.4968,4,8681,1,0
390,1,175635.81,175882.6,9,-10.3196,4,8685,1,0
390,2,175635.81,175882.6,9,-10.3196,4,8685,1,0
390,4,175635.81,175882.6,9,-10.3196,4,8685,1,0
181,1,176053.12,176125.06,7,-8.97917,4,8681,1,0
181,4,176053.12,176125.06,7,-8.97917,4,8681,1,0
127,1,179499.12,180486.27,11,-2.74313,4,8685,1,0
305,2,180383.05,180835.64,10,-10.5047,4,8685,1,0
148,1,180967.34,181419.95,10,-6.49771,4,8681,1,0
148,3,180967.34,181419.95,10,-6.49771,4,8681,1,0
142,2,181022.88,181094.8,7,-0.474593,4,8685,1,0
142,3,181022.88,181094.8,7,-0.474593,4,8685,1,0
142,4,181022.88,181094.8,7,-0.474593,4,8685,1,0
373,3,182098.77,182551.38,10,0.0,4,8681,1,0
294,3,182176.55,182629.16,10,-15.0639,4,8685,1,0
294,4,182176.55,182629.16,10,-15.0639,4,8685,1,0
324,4,183055.62,183508.22,10,-14.8846,4,8685,1,0
382,3,184992.67,185064.61,7,-2.08934,4,8681,1,0
382,4,184992.67,185064.61,7,-2.08934,4,8681,1,0
92,1,185081.08,185214.72,8,12.2716,4,8681,1,0
150,4,185469.31,185716.1,9,0.0,4,8681,0,1
114,3,185691.27,185824.9,8,-8.873,4,8685,1,0
404,2,185719.62,185791.55,7,2.82806,4,8685,1,0
404,4,185719.62,185791.55,7,2.82806,4,8685,0,1
64,2,187627.52,187761.16,8,-1.69803,4,8681,1,0
64,4,187627.52,187761.16,8,-1.69803,4,8681,1,0
306,1,187916.75,188163.53,9,8.09945,4,8685,1,0
306,3,187916.75,188163.53,9,8.09945,4,8685,1,0
306,4,187916.75,188163.53,9,8.09945,4,8685,1,0
358,2,187937.67,188009.6,7,-8.1618,4,8685,1,0
358,3,187937.67,188009.6,7,-8.1618,4,8685,1,0
358,4,187937.67,188009.6,7,-8.1618,4,8685,1,0
371,1,188178.9,188425.69,9,4.05814,4,8685,1,0
371,2,188178.9,188425.69,9,4.05814,4,8685,1,0
371,3,188178.9,188425.69,9,4.05814,4,8685,1,0
371,4,188178.9,188425.69,9,4.05814,4,8685,1,0
142,1,188216.47,188288.4,7,0.89676,4,8681,1,0
142,3,188216.47,188288.4,7,0.89676,4,8681,1,0
42,2,188252.6,188324.53,7,7.34541,4,8681,1,0
268,1,188999.16,189071.1,7,-8.58334,4,8681,1,0
268,3,188999.16,189071.1,7,-8.58334,4,8681,1,0
268,4,188999.16,189071.1,7,-8.58334,4,8681,0,1
323,1,189288.78,189422.42,8,-3.06779,4,8685,1,0
323,2,189288.78,189422.42,8,-3.06779,4,8685,1,0
323,3,189288.78,189422.42,8,-3.06779,4,8685,1,0
323,4,189288.78,189422.42,8,-3.06779,4,8685,1,0
91,3,190767.17,191219.77,10,-5.73593,4,8681,0,1
154,1,192621.77,192868.55,9,-7.48454,4,8685,1,0
154,4,192621.77,192868.55,9,-7.48454,4,8685,1,0
218,2,193225.66,193297.6,7,-5.15095,4,8685,1,0
93,1,194386.7,194458.64,7,4.35668,4,8681,1,0
93,2,194386.7,194458.64,7,4.35668,4,8681,1,0
392,1,195008.6,195080.52,7,12.7162,4,8685,1,0
392,3,195008.6,195080.52,7,12.7162,4,8685,1,0
179,2,195166.81,195300.45,8,-3.24713,4,8685,1,0
179,3,195166.81,195300.45,8,-3.24713,4,8685,1,0
179,4,195166.81,195300.45,8,-3.24713,4,8685,1,0
393,1,196038.81,196172.45,8,-9.93079,4,8685,1,0
393,2,196038.81,196172.45,8,-9.93079,4,8685,1,0
393,3,196038.81,196172.45,8,-9.93079,4,8685,0,1
212,2,196043.48,197853.9,12,-18.7854,4,8685,1,0
212,3,196043.48,197853.9,12,-18.7854,4,8685,0,1
290,2,198019.14,198152.77,8,-9.32323,4,8681,1,0
290,4,198019.14,198152.77,8,-9.32323,4,8681,1,0
315,3,198730.9,198864.55,8,6.27853,4,8681,1,0
360,1,199418.3,199551.94,8,-10.4519,4,8681,1,0
360,3,199418.3,199551.94,8,-10.4519,4,8681,1,0
360,4,199418.3,199551.94,8,-10.4519,4,8681,1,0
78,1,199613.84,199747.48,8,-1.49617,4,8685,1,0
78,4,199613.84,199747.48,8,-1.49617,4,8685,1,0
216,1,199661.31,199733.25,7,-8.01388,4,8685,1,0
216,2,199661.31,199733.25,7,-8.01388,4,8685,1,0
216,3,199661.31,199733.25,7,-8.01388,4,8685,1,0
302,1,200505.34,200752.12,9,-12.3463,4,8681,0,1
302,4,200505.34,200752.12,9,-12.3463,4,8681,1,0
249,2,201377.42,201449.36,7,12.4916,4,8681,1,0
249,4,201377.42,201449.36,7,12.4916,4,8681,1,0
24,2,202464.2,202916.81,10,-1.01413,4,8685,1,0
24,3,202464.2,202916.81,10,-1.01413,4,8685,1,0
24,4,202464.2,202916.81,10,-1.01413,4,8685,1,0
263,3,202598.9,203051.52,10,-11.2909,4,8681,1,0
263,4,202598.9,203051.52,10,-11.2909,4,8681,1,0
86,2,202897.44,203350.03,10,-2.12541,4,8681,1,0
56,1,203227.05,203473.83,9,-10.1713,4,8685,0,1
56,2,203227.05,203473.83,9,-10.1713,4,8685,1,0
56,3,203227.05,203473.83,9,-10.1713,4,8685,1,0
246,3,203309.0,203442.64,8,1.61408,4,8685,1,0
164,1,204009.33,205819.75,12,-14.8748,4,8681,1,0
363,4,205197.56,205269.48,7,2.59486,4,8685,1,0
367,2,205394.94,205528.58,8,-7.63119,4,8685,1,0
367,4,205394.94,205528.58,8,-7.63119,4,8685,1,0
344,4,207356.77,207603.55,9,-12.1009,4,8681,1,0
21,3,208581.48,209034.1,10,-12.9902,4,8685,1,0
282,1,208933.77,210744.19,12,-16.1335,4,8681,0,1
282,2,208933.77,210744.19,12,-16.1335,4,8681,1,0
224,1,208997.58,209131.2,8,-7.94421,4,8685,1,0
224,2,208997.58,209131.2,8,-7.94421,4,8685,1,0
224,3,208997.58,209131.2,8,-7.94421,4,8685,1,0
224,4,208997.58,209131.2,8,-7.94421,4,8685,1,0
345,2,209472.06,210459.2,11,-16.1916,4,8685,1,0
345,4,209472.06,210459.2,11,-16.1916,4,8685,1,0
104,1,210758.03,210829.95,7,18.5118,4,8685,1,0
104,3,210758.03,210829.95,7,18.5118,4,8685,1,0
104,4,210758.03,210829.95,7,18.5118,4,8685,1,0
266,3,212316.97,212450.61,8,-11.5602,4,8681,1,0
260,2,212328.06,212780.67,10,11.828,4,8685,0,1
260,3,212328.06,212780.67,10,11.828,4,8685,1,0
260,4,212328.06,212780.67,10,11.828,4,8685,1,0
360,1,212781.52,212915.14,8,-2.3284,4,8685,1,0
360,3,212781.52,212915.14,8,-2.3284,4,8685,1,0
360,4,212781.52,212915.14,8,-2.3284,4,8685,1,0
327,3,212945.33,213017.25,7,0.0,4,8685,1,0
327,4,212945.33,213017.25,7,0.0,4,8685,1,0
256,1,212976.14,213048.06,7,-7.7162,4,8685,1,0
256,2,212976.14,213048.06,7,-7.7162,4,8685,0,1
256,4,212976.14,213048.06,7,-7.7162,4,8685,1,0
58,2,213431.23,213503.16,7,2.94234,4,8685,0,1
58,4,213431.23,213503.16,7,2.94234,4,8685,1,0
115,2,214758.9,214830.84,7,1.76968,4,8685,1,0
115,3,214758.9,214830.84,7,1.76968,4,8685,1,0
149,1,216885.47,217338.08,10,-11.1818,4,8685,1,0
149,4,216885.47,217338.08,10,-11.1818,4,8685,1,0
65,1,218215.06,218286.98,7,-4.88556,4,8685,1,0
300,1,218837.05,218970.69,8,-2.56525,4,8685,1,0
88,1,218929.56,219001.5,7,2.23352,4,8685,1,0
88,3,218929.56,219001.5,7,2.23352,4,8685,1,0
291,3,219045.6,219117.52,7,8.22833,4,8685,1,0
338,4,219071.7,219318.48,9,-9.91035,4,8681,1,0
207,4,219741.83,219988.61,9,4.00929,4,8681,1,0
13,3,219785.55,219919.19,8,-11.2696,4,8685,1,0
13,4,219785.55,219919.19,8,-11.2696,4,8685,1,0
112,2,219790.55,221600.97,12,-3.89909,4,8685,1,0
112,3,219790.55,221600.97,12,-3.89909,4,8685,0,1
386,2,219871.2,220117.98,9,-12.474,4,8681,1,0
386,3,219871.2,220117.98,9,-12.474,4,8681,0,1
203,2,220002.05,221812.47,12,-22.3403,4,8681,1,0
203,4,220002.05,221812.47,12,-22.3403,4,8681,1,0
375,3,221146.8,221218.72,7,7.97102,4,8685,1,0
156,2,221197.67,222184.81,11,-10.595,4,8685,1,0
156,3,221197.67,222184.81,11,-10.595,4,8685,0,1
156,4,221197.67,222184.81,11,-10.595,4,8685,1,0
74,1,222108.52,222180.45,7,-6.2063,4,8685,1,0
74,2,222108.52,222180.45,7,-6.2063,4,8685,1,0
225,1,222932.69,223385.3,10,-3.37504,4,8685,1,0
225,3,222932.69,223385.3,10,-3.37504,4,8685,0,1
225,4,222932.69,223385.3,10,-3.37504,4,8685,1,0
363,4,223734.62,223806.55,7,-2.22739,4,8681,1,0
275,1,223952.34,224024.28,7,-6.64044,4,8685,1,0
275,2,223952.34,224024.28,7,-6.64044,4,8685,1,0
275,3,223952.34,224024.28,7,-6.64044,4,8685,1,0
278,1,224632.06,224765.7,8,4.87615,4,8685,1,0
278,4,224632.06,224765.7,8,4.87615,4,8685,1,0
89,2,224707.36,226517.78,12,0.0845803,4,8685,1,0
89,3,224707.36,226517.78,12,0.0845803,4,8685,0,1
40,1,225144.31,226131.45,11,0.0,4,8685,0,1
40,3,225144.31,226131.45,11,0.0,4,8685,1,0
40,4,225144.31,226131.45,11,0.0,4,8685,1,0
355,1,226544.36,226791.14,9,-10.8352,4,8685,1,0
355,2,226544.36,226791.14,9,-10.8352,4,8685,1,0
193,2,227989.66,228123.3,8,-2.8818,4,8681,1,0
193,4,227989.66,228123.3,8,-2.8818,4,8681,1,0
362,2,228127.55,228374.33,9,-12.8312,4,8685,1,0
362,3,228127.55,228374.33,9,-12.8312,4,8685,1,0
52,4,228441.34,230251.77,12,-4.07335,4,8685,0,1
38,1,229533.25,229780.03,9,-0.0740196,4,8685,0,1
309,3,229760.84,230213.45,10,-15.1651,4,8681,1,0
309,4,229760.84,230213.45,10,-15.1651,4,8681,1,0
120,1,229797.88,230044.66,9,3.9034,4,8685,0,1
120,2,229797.88,230044.66,9,3.9034,4,8685,1,0
289,4,230127.12,230373.9,9,-9.22922,4,8681,1,0
178,3,230263.31,230335.23,7,-7.85512,4,8685,1,0
342,2,231611.89,231858.67,9,-11.969,4,8685,1,0
342,3,231611.89,231858.67,9,-11.969,4,8685,1,0
342,4,231611.89,231858.67,9,-11.969,4,8685,1,0
257,1,231952.62,232086.27,8,-11.87,4,8685,1,0
257,2,231952.62,232086.27,8,-11.87,4,8685,1,0
88,2,232405.3,232477.23,7,0.208588,4,8681,1,0
88,3,232405.3,232477.23,7,0.208588,4,8681,1,0
88,4,232405.3,232477.23,7,0.208588,4,8681,1,0
293,1,233038.73,233285.52,9,-7.28503,4,8685,1,0
301,4,233726.66,234713.8,11,0.0,4,8685,1,0
134,1,233832.34,233904.27,7,18.8134,4,8685,1,0
134,4,233832.34,233904.27,7,18.8134,4,8685,1,0
347,1,234147.84,234219.77,7,0.866654,4,8685,1,0
14,1,234544.7,234616.64,7,5.61665,4,8685,1,0
401,2,234816.05,234949.67,8,-11.3508,4,8681,1,0
401,4,234816.05,234949.67,8,-11.3508,4,8681,0,1
228,2,235895.22,235967.14,7,10.2445,4,8685,1,0
228,3,235895.22,235967.14,7,10.2445,4,8685,1,0
344,1,236914.03,237160.81,9,-9.31135,4,8685,1,0
344,2,236914.03,237160.81,9,-9.31135,4,8685,1,0
344,4,236914.03,237160.81,9,-9.31135,4,8685,1,0
361,2,236955.9,237027.83,7,5.68384,4,8685,1,0
189,3,237073.88,238061.0,11,-12.0086,4,8685,1,0
189,4,237073.88,238061.0,11,-12.0086,4,8685,1,0
281,2,237487.98,237940.6,10,-10.4162,4,8681,1,0
281,4,237487.98,237940.6,10,-10.4162,4,8681,1,0
326,2,238313.0,238446.64,8,4.77559,4,8685,1,0
326,3,238313.0,238446.64,8,4.77559,4,8685,1,0
219,4,238476.23,238609.86,8,-5.92567,4,8685,1,0
173,1,238656.77,239643.9,11,-15.2554,4,8685,1,0
173,2,238656.77,239643.9,11,-15.2554,4,8685,1,0
173,4,238656.77,239643.9,11,-15.2554,4,8685,0,1
136,2,239391.38,239638.16,9,16.1403,4,8681,1,0
136,3,239391.38,239638.16,9,16.1403,4,8681,1,0
136,4,239391.38,239638.16,9,16.1403,4,8681,0,1
116,2,239434.98,239506.9,7,-0.318862,4,8685,1,0
88,4,239598.9,239670.84,7,-5.15033,4,8681,0,1
81,1,239649.75,239896.53,9,-7.0153,4,8685,1,0
184,2,240387.92,240521.56,8,-5.01663,4,8685,0,1
184,3,240387.92,240521.56,8,-5.01663,4,8685,1,0
313,1,242118.75,243105.88,11,-14.7015,4,8681,0,1
313,4,242118.75,243105.88,11,-14.7015,4,8681,0,1
157,1,242191.39,242438.17,9,-10.9754,4,8685,0,1
157,2,242191.39,242438.17,9,-10.9754,4,8685,1,0
6,1,242399.38,244209.8,12,-20.9762,4,8685,0,1
6,2,242399.38,244209.8,12,-20.9762,4,8685,1,0
6,3,242399.38,244209.8,12,-20.9762,4,8685,1,0
139,1,246022.22,246474.83,10,2.23465,4,8685,1,0
139,3,246022.22,246474.83,10,2.23465,4,8685,0,1
139,4,246022.22,246474.83,10,2.23465,4,8685,1,0
67,2,246072.42,246206.06,8,3.77581,4,8685,1,0
67,3,246072.42,246206.06,8,3.77581,4,8685,1,0
379,2,247362.36,247496.0,8,-4.30305,4,8685,1,0
125,1,247556.11,247628.03,7,8.15325,4,8685,1,0
125,4,247556.11,247628.03,7,8.15325,4,8685,1,0
170,2,249306.53,249440.17,8,-10.6558,4,8681,1,0
343,4,249437.02,249508.94,7,16.2646,4,8685,1,0
240,3,249474.62,249546.55,7,-0.0749198,4,8681,1,0
240,4,249474.62,249546.55,7,-0.0749198,4,8681,1,0
146,1,249572.02,251382.45,12,0.0,4,8681,1,0
146,4,249572.02,251382.45,12,0.0,4,8681,0,1
16,2,249736.14,249982.92,9,-5.15413,4,8685,1,0
16,3,249736.14,249982.92,9,-5.15413,4,8685,1,0
87,3,250991.64,251238.42,9,14.5036,4,8685,1,0
28,2,251051.77,251298.55,9,-10.3559,4,8681,1,0
123,1,251852.39,251986.02,8,0.921433,4,8681,1,0
123,3,251852.39,251986.02,8,0.921433,4,8681,1,0
252,2,252857.45,253844.6,11,-17.6417,4,8685,0,1
252,3,252857.45,253844.6,11,-17.6417,4,8685,1,0
252,4,252857.45,253844.6,11,-17.6417,4,8685,1,0
222,1,254590.39,254662.33,7,17.9581,4,8681,1,0
289,1,254805.53,255052.31,9,-4.60933,4,8681,1,0
201,2,255206.39,255278.31,7,10.6758,4,8685,1,0
128,1,256358.12,256604.92,9,-2.70538,4,8685,1,0
128,2,256358.12,256604.92,9,-2.70538,4,8685,1,0
128,3,256358.12,256604.92,9,-2.70538,4,8685,1,0
167,2,258939.03,259010.95,7,7.50945,4,8685,1,0
167,3,258939.03,259010.95,7,7.50945,4,8685,0,1
230,1,260527.95,260599.89,7,-5.45172,4,8681,1,0
230,2,260527.95,260599.89,7,-5.45172,4,8681,1,0
230,3,260527.95,260599.89,7,-5.45172,4,8681,1,0
389,1,261247.77,263058.2,12,2.10494,4,8685,0,1
389,3,261247.77,263058.2,12,2.10494,4,8685,1,0
389,4,261247.77,263058.2,12,2.10494,4,8685,0,1
292,1,261345.45,262332.6,11,-17.8353,4,8681,0,1
292,3,261345.45,262332.6,11,-17.8353,4,8681,1,0
292,4,261345.45,262332.6,11,-17.8353,4,8681,1,0
111,1,261540.95,261612.89,7,-7.45521,4,8681,0,1
111,4,261540.95,261612.89,7,-7.45521,4,8681,1,0
69,3,262253.25,262705.88,10,-15.3989,4,8685,1,0
69,4,262253.25,262705.88,10,-15.3989,4,8685,0,1
51,1,262394.78,262641.56,9,0.0,4,8685,1,0
51,4,262394.78,262641.56,9,0.0,4,8685,0,1
37,1,263395.94,263529.56,8,2.82668,4,8685,1,0
37,3,263395.94,263529.56,8,2.82668,4,8685,1,0
308,2,263790.12,263862.06,7,9.13285,4,8685,1,0
254,4,263824.34,264071.12,9,0.0,4,8685,1,0
162,4,264959.34,265411.97,10,-8.28493,4,8685,1,0
394,3,266119.62,266572.25,10,-7.75017,4,8685,1,0
50,3,266747.5,266881.12,8,4.92392,4,8685,1,0
182,1,267748.2,267820.12,7,-9.10988,4,8685,1,0
381,1,268342.6,268414.53,7,3.88272,4,8685,1,0
381,3,268342.6,268414.53,7,3.88272,4,8685,1,0
381,4,268342.6,268414.53,7,3.88272,4,8685,0,1
260,1,268635.5,269088.1,10,-8.76923,4,8681,0,1
260,2,268635.5,269088.1,10,-8.76923,4,8681,1,0
260,3,268635.5,269088.1,10,-8.76923,4,8681,1,0
180,1,269186.44,269639.03,10,-11.2744,4,8681,1,0
180,4,269186.44,269639.03,10,-11.2744,4,8681,0,1
378,2,269313.5,269385.44,7,-3.48735,4,8685,1,0
45,2,271558.06,271630.0,7,-6.72884,4,8681,1,0
45,3,271558.06,271630.0,7,-6.72884,4,8681,0,1
151,3,271643.6,271715.5,7,3.71748,4,8681,0,1
373,4,272620.38,273072.97,10,-9.36102,4,8685,1,0
364,2,273002.47,273136.1,8,-4.90535,4,8685,1,0
290,1,273976.66,274110.28,8,-11.8057,4,8681,1,0
290,4,273976.66,274110.28,8,-11.8057,4,8681,1,0
133,2,274396.1,274468.03,7,-8.66107,4,8685,0,1
133,4,274396.1,274468.03,7,-8.66107,4,8685,1,0
239,2,274870.88,275004.53,8,1.54118,4,8681,1,0
135,1,276389.94,276636.72,9,-2.6842,4,8681,1,0
135,4,276389.94,276636.72,9,-2.6842,4,8681,1,0
230,1,276407.78,276479.72,7,-7.95442,4,8681,1,0
230,2,276407.78,276479.72,7,-7.95442,4,8681,1,0
280,2,276837.84,276971.47,8,-10.6429,4,8685,1,0
280,3,276837.84,276971.47,8,-10.6429,4,8685,1,0
280,4,276837.84,276971.47,8,-10.6429,4,8685,1,0
234,2,277404.53,277857.16,10,-13.7327,4,8685,0,1
234,3,277404.53,277857.16,10,-13.7327,4,8685,1,0
209,1,277540.62,277787.4,9,-12.7033,4,8685,1,0
310,2,277926.38,278060.0,8,-11.5138,4,8685,1,0
310,3,277926.38,278060.0,8,-11.5138,4,8685,1,0
248,2,278294.94,278541.72,9,0.0,4,8685,1,0
248,3,278294.94,278541.72,9,0.0,4,8685,1,0
248,4,278294.94,278541.72,9,0.0,4,8685,1,0
215,1,278597.0,278668.9,7,2.51828,4,8685,1,0
215,2,278597.0,278668.9,7,2.51828,4,8685,1,0
215,3,278597.0,278668.9,7,2.51828,4,8685,1,0
318,2,278686.03,278757.97,7,0.0,4,8685,1,0
60,1,278949.56,279021.5,7,-8.05949,4,8685,1,0
60,4,278949.56,279021.5,7,-8.05949,4,8685,1,0
284,3,279165.97,279412.75,9,7.9504,4,8685,1,0
366,1,279996.75,280243.56,9,-4.13824,4,8681,0,1
366,3,279996.75,280243.56,9,-4.13824,4,8681,1,0
20,2,280203.03,280449.84,9,-5.01047,4,8685,1,0
20,4,280203.03,280449.84,9,-5.01047,4,8685,1,0
41,2,280595.1,280667.03,7,5.95667,4,8685,1,0
41,3,280595.1,280667.03,7,5.95667,4,8685,1,0
149,1,280871.0,281323.6,10,-13.4429,4,8681,0,1
149,4,280871.0,281323.6,10,-13.4429,4,8681,1,0
62,2,281393.38,281640.16,9,-2.31666,4,8681,1,0
62,3,281393.38,281640.16,9,-2.31666,4,8681,1,0
72,1,282323.06,282395.0,7,-7.7939,4,8685,1,0
354,1,282574.28,282821.06,9,-9.00268,4,8685,1,0
354,2,282574.28,282821.06,9,-9.00268,4,8685,1,0
354,3,282574.28,282821.06,9,-9.00268,4,8685,1,0
354,4,282574.28,282821.06,9,-9.00268,4,8685,0,1
53,2,283186.4,283433.2,9,-3.89372,4,8681,1,0
53,3,283186.4,283433.2,9,-3.89372,4,8681,1,0
53,4,283186.4,283433.2,9,-3.89372,4,8681,0,1
227,2,283425.62,283497.56,7,-8.22569,4,8685,1,0
227,4,283425.62,283497.56,7,-8.22569,4,8685,0,1
217,4,284815.97,285268.6,10,-9.54283,4,8685,1,0
96,2,285557.1,285690.75,8,9.31159,4,8681,1,0
96,3,285557.1,285690.75,8,9.31159,4,8681,0,1
100,4,285779.5,286232.12,10,-7.41238,4,8685,1,0
15,1,285930.7,286064.34,8,7.60495,4,8685,1,0
15,2,285930.7,286064.34,8,7.60495,4,8685,1,0
15,3,285930.7,286064.34,8,7.60495,4,8685,0,1
15,4,285930.7,286064.34,8,7.60495,4,8685,1,0
172,1,286838.28,288648.72,12,-18.3693,4,8685,0,1
172,2,286838.28,288648.72,12,-18.3693,4,8685,0,1
172,3,286838.28,288648.72,12,-18.3693,4,8685,1,0
172,4,286838.28,288648.72,12,-18.3693,4,8685,1,0
71,2,287378.34,287625.16,9,1.36098,4,8685,1,0
298,1,287393.44,287465.38,7,14.9899,4,8685,1,0
357,2,287619.7,288606.8,11,-3.69917,4,8685,1,0
357,4,287619.7,288606.8,11,-3.69917,4,8685,1,0
143,4,287910.25,288362.84,10,0.0,4,8685,1,0
86,2,289080.75,289533.34,10,-16.2572,4,8681,1,0
86,4,289080.75,289533.34,10,-16.2572,4,8681,1,0
211,3,289510.53,289582.47,7,-2.68541,4,8681,1,0
211,4,289510.53,289582.47,7,-2.68541,4,8681,1,0
194,1,289529.38,289663.03,8,-11.9512,4,8685,1,0
194,3,289529.38,289663.03,8,-11.9512,4,8685,1,0
117,2,291343.22,291415.16,7,9.32163,4,8685,1,0
117,4,291343.22,291415.16,7,9.32163,4,8685,1,0
350,3,292138.84,292591.47,10,0.0,4,8681,1,0
350,4,292138.84,292591.47,10,0.0,4,8681,1,0
183,2,292265.66,294076.1,12,-10.9129,4,8685,0,1
183,3,292265.66,294076.1,12,-10.9129,4,8685,1,0
110,2,293084.16,293156.1,7,30.2102,4,8681,1,0
245,2,293093.6,294904.03,12,-10.8107,4,8685,1,0
245,4,293093.6,294904.03,12,-10.8107,4,8685,0,1
238,1,293724.1,294176.7,10,-12.0597,4,8681,1,0
238,2,293724.1,294176.7,10,-12.0597,4,8681,1,0
238,3,293724.1,294176.7,10,-12.0597,4,8681,1,0
145,2,294103.75,294237.4,8,-11.5071,4,8681,1,0
145,3,294103.75,294237.4,8,-11.5071,4,8681,1,0
38,2,294480.34,294727.16,9,-9.017,4,8681,1,0
38,4,294480.34,294727.16,9,-9.017,4,8681,0,1
236,1,296210.72,296663.34,10,-16.5355,4,8681,1,0
236,3,296210.72,296663.34,10,-16.5355,4,8681,1,0
168,1,296772.0,297018.8,9,2.20264,4,8685,1,0
168,2,296772.0,297018.8,9,2.20264,4,8685,1,0
168,4,296772.0,297018.8,9,2.20264,4,8685,1,0
67,4,297705.34,297839.0,8,-6.84477,4,8681,1,0
21,3,298294.75,298747.34,10,-11.4119,4,8681,0,1
21,4,298294.75,298747.34,10,-11.4119,4,8681,1,0
135,1,301068.34,301315.12,9,-1.37555,4,8685,1,0
397,2,301299.78,301371.72,7,-9.26648,4,8685,1,0
397,4,301299.78,301371.72,7,-9.26648,4,8685,1,0
166,1,302499.25,302571.16,7,-8.76894,4,8685,1,0
166,3,302499.25,302571.16,7,-8.76894,4,8685,1,0
335,2,302554.4,302626.34,7,-3.3396,4,8685,1,0
335,3,302554.4,302626.34,7,-3.3396,4,8685,1,0
335,4,302554.4,302626.34,7,-3.3396,4,8685,1,0
276,1,303656.94,303728.88,7,0.0,4,8681,1,0
79,4,303908.03,303979.94,7,21.022,4,8685,1,0
264,2,304031.34,304164.97,8,15.8608,4,8681,0,1
369,2,304275.56,304409.22,8,-4.72339,4,8685,0,1
369,4,304275.56,304409.22,8,-4.72339,4,8685,1,0
206,1,304577.1,304823.88,9,-4.57017,4,8685,1,0
206,4,304577.1,304823.88,9,-4.57017,4,8685,1,0
57,2,305103.16,305349.94,9,0.0,4,8685,1,0
57,3,305103.16,305349.94,9,0.0,4,8685,1,0
57,4,305103.16,305349.94,9,0.0,4,8685,1,0
90,4,305592.75,306045.34,10,-12.2863,4,8685,1,0
29,2,306160.3,306612.9,10,-7.97775,4,8685,1,0
29,4,306160.3,306612.9,10,-7.97775,4,8685,0,1
359,3,306420.94,306554.56,8,8.4727,4,8685,1,0
383,1,307023.4,307095.34,7,5.59523,4,8685,1,0
383,3,307023.4,307095.34,7,5.59523,4,8685,1,0
192,2,308491.16,308737.94,9,6.21601,4,8685,1,0
192,3,308491.16,308737.94,9,6.21601,4,8685,1,0
388,1,308590.84,308837.66,9,3.32552,4,8685,1,0
153,1,308977.94,309224.72,9,-12.7209,4,8685,1,0
153,4,308977.94,309224.72,9,-12.7209,4,8685,1,0
283,4,310130.75,310202.66,7,-3.64928,4,8685,1,0
25,2,310201.12,310273.03,7,4.34898,4,8685,1,0
25,3,310201.12,310273.03,7,4.34898,4,8685,1,0
270,1,310311.44,310383.38,7,-1.30687,4,8685,1,0
202,4,311449.97,311696.78,9,-12.7118,4,8685,1,0
59,2,311526.53,311660.16,8,6.88831,4,8685,1,0
59,4,311526.53,311660.16,8,6.88831,4,8685,1,0
92,1,311731.8,311865.44,8,3.05893,4,8681,1,0
92,2,311731.8,311865.44,8,3.05893,4,8681,1,0
92,4,311731.8,311865.44,8,3.05893,4,8681,1,0
14,1,312168.28,312240.22,7,7.87401,4,8681,1,0
14,4,312168.28,312240.22,7,7.87401,4,8681,1,0
330,1,312181.66,312253.6,7,31.2872,4,8685,1,0
330,2,312181.66,312253.6,7,31.2872,4,8685,1,0
330,3,312181.66,312253.6,7,31.2872,4,8685,1,0
349,2,313028.88,313481.47,10,-15.2327,4,8685,1,0
349,3,313028.88,313481.47,10,-15.2327,4,8685,0,1
208,2,313877.84,315688.25,12,-2.71272,4,8681,0,1
208,3,313877.84,315688.25,12,-2.71272,4,8681,1,0
247,3,314165.06,315152.2,11,-19.324,4,8685,1,0
247,4,314165.06,315152.2,11,-19.324,4,8685,1,0
22,4,314532.47,314666.1,8,-2.2233,4,8685,1,0
97,1,315397.6,315850.2,10,-13.333,4,8681,1,0
97,3,315397.6,315850.2,10,-13.333,4,8681,1,0
70,2,315443.25,315895.84,10,-14.9631,4,8685,0,1
371,4,315880.78,316127.56,9,-7.92122,4,8681,1,0
328,2,315899.6,316886.72,11,-12.6831,4,8681,0,1
328,3,315899.6,316886.72,11,-12.6831,4,8681,1,0
328,4,315899.6,316886.72,11,-12.6831,4,8681,1,0
267,1,316040.34,316112.28,7,36.4738,4,8681,1,0
50,4,316902.16,317035.8,8,-7.05466,4,8681,1,0
109,1,318229.6,318301.5,7,0.0,4,8685,0,1
109,3,318229.6,318301.5,7,0.0,4,8685,1,0
246,2,318588.16,318721.8,8,0.0,4,8681,1,0
246,4,318588.16,318721.8,8,0.0,4,8681,1,0
53,2,318983.62,319230.4,9,-1.62094,4,8685,1,0
53,4,318983.62,319230.4,9,-1.62094,4,8685,0,1
345,1,319480.53,320467.66,11,-10.8148,4,8681,1,0
345,3,319480.53,320467.66,11,-10.8148,4,8681,1,0
345,4,319480.53,320467.66,11,-10.8148,4,8681,0,1
257,1,319502.44,319636.06,8,6.5455,4,8681,1,0
257,3,319502.44,319636.06,8,6.5455,4,8681,1,0
61,1,319817.16,319889.1,7,3.17239,4,8685,1,0
304,1,319933.06,320005.0,7,-0.456863,4,8685,1,0
304,2,319933.06,320005.0,7,-0.456863,4,8685,1,0
304,4,319933.06,320005.0,7,-0.456863,4,8685,0,1
334,1,320051.88,320298.7,9,-12.4578,4,8681,1,0
334,2,320051.88,320298.7,9,-12.4578,4,8681,1,0
334,3,320051.88,320298.7,9,-12.4578,4,8681,1,0
121,1,320857.7,320991.34,8,-9.51573,4,8685,0,1
121,2,320857.7,320991.34,8,-9.51573,4,8685,1,0
121,4,320857.7,320991.34,8,-9.51573,4,8685,1,0
195,1,321985.34,322232.16,9,-13.6168,4,8685,1,0
340,1,322620.28,322692.2,7,-0.351257,4,8685,1,0
234,2,322665.34,323117.94,10,-12.1907,4,8681,1,0
234,3,322665.34,323117.94,10,-12.1907,4,8681,0,1
116,2,323067.56,323139.5,7,-7.76147,4,8681,1,0
116,4,323067.56,323139.5,7,-7.76147,4,8681,1,0
144,1,323328.06,324315.2,11,-12.7541,4,8685,1,0
98,1,324055.56,324127.5,7,-5.01063,4,8681,1,0
98,2,324055.56,324127.5,7,-5.01063,4,8681,1,0
98,3,324055.56,324127.5,7,-5.01063,4,8681,1,0
98,4,324055.56,324127.5,7,-5.01063,4,8681,1,0
230,2,324179.2,324251.12,7,31.0824,4,8685,1,0
230,3,324179.2,324251.12,7,31.0824,4,8685,1,0
255,1,324267.88,325255.0,11,-18.299,4,8685,1,0
255,2,324267.88,325255.0,11,-18.299,4,8685,1,0
255,3,324267.88,325255.0,11,-18.299,4,8685,0,1
255,4,324267.88,325255.0,11,-18.299,4,8685,1,0
174,4,324571.4,326381.84,12,0.0,4,8685,1,0
265,1,324692.38,324764.3,7,-5.39995,4,8685,1,0
132,2,324781.84,324915.47,8,-11.3888,4,8685,1,0
132,3,324781.84,324915.47,8,-11.3888,4,8685,1,0
253,1,325123.22,325256.88,8,-5.44578,4,8685,1,0
253,2,325123.22,325256.88,8,-5.44578,4,8685,1,0
326,2,327785.8,327919.47,8,-5.68913,4,8681,0,1
326,3,327785.8,327919.47,8,-5.68913,4,8681,1,0
326,4,327785.8,327919.47,8,-5.68913,4,8681,1,0
286,1,327971.34,328218.12,9,-13.6946,4,8685,1,0
286,4,327971.34,328218.12,9,-13.6946,4,8685,1,0
197,1,328242.8,330053.22,12,-17.6939,4,8685,1,0
197,2,328242.8,330053.22,12,-17.6939,4,8685,0,1
197,4,328242.8,330053.22,12,-17.6939,4,8685,0,1
396,1,328492.62,328626.25,8,-0.564407,4,8685,1,0
129,1,328786.56,329773.7,11,0.0,4,8685,1,0
63,3,332749.5,332883.16,8,-9.11496,4,8685,1,0
347,1,333708.34,333780.28,7,-2.52545,4,8681,1,0
114,3,334604.94,334738.6,8,-2.11127,4,8681,1,0
224,4,335033.97,335167.6,8,18.9634,4,8681,1,0
314,1,335271.06,335404.7,8,-0.701324,4,8685,1,0
314,3,335271.06,335404.7,8,-0.701324,4,8685,1,0
314,4,335271.06,335404.7,8,-0.701324,4,8685,1,0
266,1,335272.47,335406.1,8,-4.95694,4,8681,1,0
266,3,335272.47,335406.1,8,-4.95694,4,8681,1,0
202,2,336128.38,336375.2,9,12.4869,4,8681,1,0
202,4,336128.38,336375.2,9,12.4869,4,8681,1,0
104,1,336328.03,336399.97,7,12.5055,4,8681,1,0
104,3,336328.03,336399.97,7,12.5055,4,8681,1,0
104,4,336328.03,336399.97,7,12.5055,4,8681,1,0
121,2,336571.34,336705.0,8,-3.0941,4,8681,1,0
50,2,338649.84,338783.47,8,-2.76794,4,8681,1,0
20,4,339261.47,339508.28,9,-13.6521,4,8681,1,0
55,1,339833.72,340080.5,9,-12.0902,4,8681,1,0
58,2,340006.2,340078.12,7,0.570359,4,8681,1,0
199,4,340833.5,341080.28,9,2.28401,4,8681,1,0
229,2,340882.12,341869.22,11,-9.77089,4,8685,0,1
229,3,340882.12,341869.22,11,-9.77089,4,8685,1,0
229,4,340882.12,341869.22,11,-9.77089,4,8685,1,0
122,1,341777.75,342024.53,9,7.61389,4,8681,1,0
122,2,341777.75,342024.53,9,7.61389,4,8681,0,1
122,3,341777.75,342024.53,9,7.61389,4,8681,1,0
312,1,342674.47,344484.9,12,-8.20677,4,8685,0,1
312,2,342674.47,344484.9,12,-8.20677,4,8685,1,0
312,3,342674.47,344484.9,12,-8.20677,4,8685,1,0
312,4,342674.47,344484.9,12,-8.20677,4,8685,1,0
187,1,342736.3,344546.72,12,0.0,4,8681,0,1
187,3,342736.3,344546.72,12,0.0,4,8681,1,0
187,4,342736.3,344546.72,12,0.0,4,8681,1,0
243,2,342854.6,343307.2,10,-6.43768,4,8685,1,0
295,2,343577.84,343711.5,8,2.40334,4,8681,1,0
295,3,343577.84,343711.5,8,2.40334,4,8681,1,0
295,4,343577.84,343711.5,8,2.40334,4,8681,1,0
210,1,344099.12,344171.06,7,-1.38861,4,8685,1,0
210,4,344099.12,344171.06,7,-1.38861,4,8685,1,0
30,2,344466.12,345453.25,11,0.0,4,8685,1,0
30,3,344466.12,345453.25,11,0.0,4,8685,0,1
30,4,344466.12,345453.25,11,0.0,4,8685,1,0
262,2,344824.84,344896.75,7,6.2277,4,8685,1,0
262,3,344824.84,344896.75,7,6.2277,4,8685,1,0
103,3,345080.44,345214.1,8,-8.91913,4,8681,1,0
103,4,345080.44,345214.1,8,-8.91913,4,8681,1,0
10,2,345145.3,345597.94,10,-15.2566,4,8685,1,0
10,3,345145.3,345597.94,10,-15.2566,4,8685,1,0
351,4,345922.78,346375.4,10,0.246812,4,8685,1,0
322,3,346507.9,346960.5,10,0.583894,4,8681,1,0
322,4,346507.9,346960.5,10,0.583894,4,8681,1,0
156,3,347059.53,348046.66,11,-18.0352,4,8681,1,0
156,4,347059.53,348046.66,11,-18.0352,4,8681,0,1
175,1,347573.75,347820.56,9,-4.52064,4,8685,1,0
175,2,347573.75,347820.56,9,-4.52064,4,8685,1,0
167,3,348441.5,348513.44,7,-7.32176,4,8681,1,0
32,2,348586.1,348658.03,7,2.09576,4,8685,1,0
32,3,348586.1,348658.03,7,2.09576,4,8685,1,0
49,4,349220.97,349292.9,7,0.0,4,8685,1,0
48,1,349695.75,350148.34,10,-11.9722,4,8681,1,0
372,1,350246.75,351233.84,11,-6.12663,4,8685,1,0
372,2,350246.75,351233.84,11,-6.12663,4,8685,1,0
330,1,352199.38,352271.3,7,43.7385,4,8681,1,0
330,2,352199.38,352271.3,7,43.7385,4,8681,1,0
330,4,352199.38,352271.3,7,43.7385,4,8681,1,0
33,1,353304.38,353551.2,9,-13.0808,4,8685,0,1
33,3,353304.38,353551.2,9,-13.0808,4,8685,1,0
68,3,353312.38,353764.97,10,-16.4587,4,8685,1,0
68,4,353312.38,353764.97,10,-16.4587,4,8685,1,0
132,1,353319.97,353453.62,8,-1.52077,4,8681,1,0
132,3,353319.97,353453.62,8,-1.52077,4,8681,1,0
384,2,353787.78,354240.38,10,-7.03009,4,8685,0,1
152,2,353985.06,354057.0,7,3.69161,4,8685,0,1
161,1,354336.75,354470.4,8,-6.41749,4,8685,1,0
161,2,354336.75,354470.4,8,-6.41749,4,8685,0,1
161,3,354336.75,354470.4,8,-6.41749,4,8685,0,1
46,2,354719.88,354791.8,7,-0.620727,4,8685,1,0
46,3,354719.88,354791.8,7,-0.620727,4,8685,1,0
44,1,355084.3,356894.75,12,0.0,4,8681,1,0
44,4,355084.3,356894.75,12,0.0,4,8681,1,0
223,3,355325.7,357136.1,12,0.0,4,8681,1,0
23,1,355506.78,355959.38,10,-7.62546,4,8685,1,0
198,1,355597.3,357407.75,12,0.0,4,8685,1,0
198,2,355597.3,357407.75,12,0.0,4,8685,0,1
198,3,355597.3,357407.75,12,0.0,4,8685,1,0
5,3,356031.5,356103.44,7,0.0,4,8681,1,0
210,2,356220.9,356292.84,7,-8.35818,4,8681,1,0
210,4,356220.9,356292.84,7,-8.35818,4,8681,1,0
305,2,356323.94,356776.56,10,-4.96622,4,8681,1,0
154,1,357107.06,357353.84,9,0.0,4,8681,1,0
154,4,357107.06,357353.84,9,0.0,4,8681,1,0
380,1,357894.84,359705.25,12,-13.8363,4,8681,0,1
380,3,357894.84,359705.25,12,-13.8363,4,8681,1,0
171,2,358088.53,358541.12,10,-3.60919,4,8685,1,0
171,3,358088.53,358541.12,10,-3.60919,4,8685,1,0
171,4,358088.53,358541.12,10,-3.60919,4,8685,0,1
296,2,359634.78,360087.4,10,0.0,4,8685,1,0
296,3,359634.78,360087.4,10,0.0,4,8685,1,0
296,4,359634.78,360087.4,10,0.0,4,8685,1,0
200,1,361088.7,361160.62,7,-6.30629,4,8681,1,0
155,1,363820.84,364067.62,9,5.57385,4,8681,1,0
155,2,363820.84,364067.62,9,5.57385,4,8681,1,0
155,3,363820.84,364067.62,9,5.57385,4,8681,1,0
220,3,364585.75,364657.7,7,14.044,4,8681,1,0
290,2,364970.97,365104.62,8,-9.36865,4,8685,1,0
225,1,366092.97,366545.56,10,-1.3983,4,8681,1,0
170,1,368799.2,368932.84,8,0.0,4,8681,1,0
390,3,371887.3,372134.1,9,-5.80037,4,8681,1,0
206,1,375066.9,375313.7,9,5.28718,4,8681,1,0
206,2,375066.9,375313.7,9,5.28718,4,8681,1,0
333,1,375916.25,376903.38,11,4.5594,4,8681,1,0
333,2,375916.25,376903.38,11,4.5594,4,8681,1,0
333,3,375916.25,376903.38,11,4.5594,4,8681,1,0
297,4,376320.38,376454.0,8,-9.30328,4,8681,1,0
252,4,376505.72,377492.84,11,-16.9552,4,8681,1,0
248,1,376599.97,376846.78,9,-9.35638,4,8681,1,0
248,2,376599.97,376846.78,9,-9.35638,4,8681,1,0
287,2,378802.06,378874.0,7,0.0,4,8681,0,1
287,3,378802.06,378874.0,7,0.0,4,8681,1,0
14,1,378859.28,378931.22,7,-9.1806,4,8681,1,0
14,3,378859.28,378931.22,7,-9.1806,4,8681,0,1
14,4,378859.28,378931.22,7,-9.1806,4,8681,0,1
42,2,380357.84,380429.78,7,1.20882,4,8681,1,0
42,4,380357.84,380429.78,7,1.20882,4,8681,1,0
87,1,382637.25,382884.03,9,-8.93993,4,8681,1,0
87,3,382637.25,382884.03,9,-8.93993,4,8681,1,0
173,1,383093.28,384080.4,11,-0.501571,4,8681,1,0
79,4,383198.72,383270.66,7,-4.09012,4,8681,1,0
302,1,383586.78,383833.6,9,0.258897,4,8681,1,0
126,1,384549.0,384620.94,7,-8.2115,4,8681,1,0
126,2,384549.0,384620.94,7,-8.2115,4,8681,1,0
19,2,388365.1,388817.7,10,-13.6513,4,8681,1,0
19,4,388365.1,388817.7,10,-13.6513,4,8681,1,0
135,1,388837.1,389083.9,9,-1.18265,4,8685,1,0
135,2,388837.1,389083.9,9,-1.18265,4,8685,1,0
135,4,388837.1,389083.9,9,-1.18265,4,8685,1,0
228,2,389964.16,390036.06,7,-0.610747,4,8681,1,0
228,3,389964.16,390036.06,7,-0.610747,4,8681,1,0
228,4,389964.16,390036.06,7,-0.610747,4,8681,1,0
282,2,389976.97,391787.38,12,0.0,4,8681,0,1
282,4,389976.97,391787.38,12,0.0,4,8681,0,1
233,1,390154.03,390606.62,10,0.0,4,8681,1,0
233,4,390154.03,390606.62,10,0.0,4,8681,0,1
98,1,390773.9,390845.8,7,-0.988631,4,8685,1,0
101,2,391232.16,392219.28,11,0.0,4,8681,0,1
101,4,391232.16,392219.28,11,0.0,4,8681,1,0
322,2,391768.72,392221.3,10,-16.5132,4,8681,0,1
322,3,391768.72,392221.3,10,-16.5132,4,8681,1,0
356,3,395014.8,395086.72,7,7.14775,4,8681,1,0
286,2,400241.66,400488.47,9,-9.62651,4,8681,1,0
23,1,400767.56,401220.2,10,-13.0036,4,8681,1,0
17,1,401409.5,403219.94,12,-22.0055,4,8681,0,1
17,2,401409.5,403219.94,12,-22.0055,4,8681,0,1
17,3,401409.5,403219.94,12,-22.0055,4,8681,1,0
17,4,401409.5,403219.94,12,-22.0055,4,8681,1,0
275,1,401897.16,401969.1,7,-6.17322,4,8681,1,0
75,2,401955.06,402026.97,7,-0.463897,4,8681,1,0
155,1,403790.22,404037.03,9,0.0,4,8681,1,0
155,3,403790.22,404037.03,9,0.0,4,8681,1,0
300,1,405668.44,405802.06,8,6.11678,4,8681,1,0
300,4,405668.44,405802.06,8,6.11678,4,8681,1,0
130,1,406273.44,406407.06,8,-10.0342,4,8681,1,0
130,3,406273.44,406407.06,8,-10.0342,4,8681,1,0
130,4,406273.44,406407.06,8,-10.0342,4,8681,1,0
189,1,406306.16,407293.28,11,-8.23065,4,8681,1,0
189,2,406306.16,407293.28,11,-8.23065,4,8681,0,1
189,4,406306.16,407293.28,11,-8.23065,4,8681,1,0
302,1,408265.2,408512.0,9,-5.43146,4,8685,1,0
302,3,408265.2,408512.0,9,-5.43146,4,8685,1,0
52,2,409484.53,411294.94,12,-16.4032,4,8681,0,1
52,3,409484.53,411294.94,12,-16.4032,4,8681,0,1
52,4,409484.53,411294.94,12,-16.4032,4,8681,1,0
396,1,409797.3,409930.94,8,-0.971313,4,8681,0,1
396,2,409797.3,409930.94,8,-0.971313,4,8681,1,0
396,3,409797.3,409930.94,8,-0.971313,4,8681,1,0
28,3,409865.47,410112.28,9,5.24505,4,8681,1,0
254,1,410130.0,410376.8,9,-8.621,4,8681,0,1
254,3,410130.0,410376.8,9,-8.621,4,8681,1,0
254,4,410130.0,410376.8,9,-8.621,4,8681,1,0
73,1,415225.6,416212.72,11,-9.32356,4,8681,1,0
73,2,415225.6,416212.72,11,-9.32356,4,8681,1,0
241,4,416459.2,416592.84,8,13.9635,4,8681,1,0
293,4,416575.03,416821.84,9,-8.86082,4,8681,1,0
209,2,416754.38,417001.16,9,3.43564,4,8681,1,0
70,1,417430.38,417883.0,10,-11.428,4,8681,1,0
70,2,417430.38,417883.0,10,-11.428,4,8681,1,0
70,3,417430.38,417883.0,10,-11.428,4,8681,1,0
70,4,417430.38,417883.0,10,-11.428,4,8681,0,1
325,2,418233.5,418686.1,10,-14.8688,4,8681,0,1
325,3,418233.5,418686.1,10,-14.8688,4,8681,1,0
381,1,418728.62,418800.56,7,-9.06163,4,8681,1,0
381,2,418728.62,418800.56,7,-9.06163,4,8681,0,1
381,3,418728.62,418800.56,7,-9.06163,4,8681,1,0
236,2,419958.2,420410.8,10,0.0,4,8681,1,0
236,3,419958.2,420410.8,10,0.0,4,8681,1,0
376,4,420495.38,422305.78,12,-0.233123,4,8681,0,1
34,1,420585.56,421038.2,10,-16.2967,4,8681,1,0
34,2,420585.56,421038.2,10,-16.2967,4,8681,1,0
15,1,422070.97,422204.62,8,0.509873,4,8681,1,0
15,2,422070.97,422204.62,8,0.509873,4,8681,1,0
15,3,422070.97,422204.62,8,0.509873,4,8681,1,0
15,4,422070.97,422204.62,8,0.509873,4,8681,1,0
8,2,422516.94,422588.88,7,-3.27895,4,8681,1,0
319,1,423097.8,423550.4,10,-4.25204,4,8685,1,0
319,2,423097.8,423550.4,10,-4.25204,4,8685,1,0
195,1,423578.72,423825.5,9,-1.20059,4,8681,1,0
195,4,423578.72,423825.5,9,-1.20059,4,8681,1,0
82,3,424382.34,424454.28,7,9.41524,4,8681,1,0
36,2,426245.2,426378.8,8,-7.19655,4,8681,1,0
358,3,426250.1,426322.03,7,5.75945,4,8681,1,0
358,4,426250.1,426322.03,7,5.75945,4,8681,1,0
276,4,426706.38,426778.28,7,1.74663,4,8681,1,0
65,1,428311.2,428383.12,7,-2.4044,4,8681,1,0
65,4,428311.2,428383.12,7,-2.4044,4,8681,1,0
201,2,428830.7,428902.62,7,-3.78964,4,8681,1,0
135,1,429871.84,430118.66,9,-7.36519,4,8683,1,0
135,3,429871.84,430118.66,9,-7.36519,4,8683,1,0
135,4,429871.84,430118.66,9,-7.36519,4,8683,1,0
167,1,432670.47,432742.4,7,-0.318084,4,8681,1,0
167,2,432670.47,432742.4,7,-0.318084,4,8681,1,0
167,3,432670.47,432742.4,7,-0.318084,4,8681,1,0
260,2,434201.0,434653.6,10,8.08218,4,8681,1,0
149,1,435064.1,435516.7,10,0.0,4,8681,1,0
149,3,435064.1,435516.7,10,0.0,4,8681,1,0
202,1,435755.4,436002.2,9,0.0,4,8681,1,0
391,1,438852.44,438924.38,7,-2.11937,4,8681,0,1
391,3,438852.44,438924.38,7,-2.11937,4,8681,1,0
391,4,438852.44,438924.38,7,-2.11937,4,8681,1,0
229,3,439595.7,440582.8,11,-10.3127,4,8681,1,0
271,1,440356.6,440603.4,9,-6.47246,4,8681,1,0
271,2,440356.6,440603.4,9,-6.47246,4,8681,1,0
204,3,440415.22,440487.16,7,1.5829,4,8681,1,0
273,1,442028.0,442099.9,7,23.7017,4,8681,1,0
273,4,442028.0,442099.9,7,23.7017,4,8681,1,0
360,1,442326.75,442460.38,8,11.2896,4,8685,1,0
360,2,442326.75,442460.38,8,11.2896,4,8685,1,0
360,3,442326.75,442460.38,8,11.2896,4,8685,1,0
360,4,442326.75,442460.38,8,11.2896,4,8685,1,0
30,3,443179.75,444166.88,11,-14.5998,4,8681,1,0
26,2,443289.1,444276.22,11,0.0,4,8681,0,1
26,4,443289.1,444276.22,11,0.0,4,8681,0,1
91,3,444063.38,444516.0,10,-11.2673,4,8681,1,0
91,4,444063.38,444516.0,10,-11.2673,4,8681,0,1
205,1,444275.78,444347.72,7,-3.34822,4,8681,1,0
205,4,444275.78,444347.72,7,-3.34822,4,8681,0,1
269,2,444530.1,444982.7,10,2.21001,4,8681,1,0
269,3,444530.1,444982.7,10,2.21001,4,8681,1,0
269,4,444530.1,444982.7,10,2.21001,4,8681,0,1
354,2,444591.16,444837.94,9,-4.87172,4,8681,1,0
354,3,444591.16,444837.94,9,-4.87172,4,8681,1,0
105,1,444676.4,444748.3,7,-6.86241,4,8681,1,0
105,3,444676.4,444748.3,7,-6.86241,4,8681,1,0
67,1,445039.2,445172.8,8,0.762544,4,8681,1,0
67,3,445039.2,445172.8,8,0.762544,4,8681,1,0
67,4,445039.2,445172.8,8,0.762544,4,8681,0,1
156,1,445773.16,446760.28,11,-16.3183,4,8681,1,0
156,2,445773.16,446760.28,11,-16.3183,4,8681,1,0
156,4,445773.16,446760.28,11,-16.3183,4,8681,0,1
63,1,445882.94,446016.56,8,5.33034,4,8681,1,0
63,2,445882.94,446016.56,8,5.33034,4,8681,1,0
63,4,445882.94,446016.56,8,5.33034,4,8681,1,0
159,2,447482.5,447554.44,7,14.9694,4,8681,1,0
159,3,447482.5,447554.44,7,14.9694,4,8681,1,0
346,1,448390.1,448842.72,10,-16.1178,4,8681,1,0
372,1,448960.3,449947.44,11,0.0,4,8681,1,0
372,3,448960.3,449947.44,11,0.0,4,8681,0,1
370,3,449432.5,450419.62,11,-13.2893,4,8681,0,1
370,4,449432.5,450419.62,11,-13.2893,4,8681,1,0
327,3,453093.47,453165.4,7,-6.99605,4,8681,1,0
385,1,453164.1,453236.03,7,9.82837,4,8681,1,0
385,3,453164.1,453236.03,7,9.82837,4,8681,1,0
361,2,453433.28,453505.22,7,30.1964,4,8681,1,0
18,4,453469.06,453602.7,8,0.179734,4,8681,1,0
243,4,454050.94,454503.53,10,-12.3101,4,8681,1,0
387,2,454075.16,454147.1,7,11.5878,4,8681,1,0
88,2,455298.22,455370.16,7,-0.813369,4,8685,1,0
88,3,455298.22,455370.16,7,-0.813369,4,8685,1,0
308,1,458463.97,458535.88,7,2.46076,4,8681,1,0
308,2,458463.97,458535.88,7,2.46076,4,8681,1,0
383,1,459439.1,459511.03,7,-7.86023,4,8681,1,0
163,2,459826.22,460813.34,11,-17.7807,4,8681,1,0
163,4,459826.22,460813.34,11,-17.7807,4,8681,1,0
179,3,460042.75,460176.4,8,-1.95892,4,8681,1,0
49,1,460489.47,460561.4,7,0.0,4,8681,1,0
232,1,460993.8,461980.94,11,0.0,4,8681,0,1
232,3,460993.8,461980.94,11,0.0,4,8681,1,0
232,4,460993.8,461980.94,11,0.0,4,8681,1,0
234,4,462673.6,463126.2,10,-6.28688,4,8681,1,0
70,1,462691.2,463143.8,10,-5.93071,4,8681,1,0
43,2,463300.84,463372.78,7,8.74059,4,8681,1,0
325,1,463494.25,463946.88,10,-13.6746,4,8681,1,0
200,1,464870.22,464942.12,7,-4.21854,4,8681,1,0
278,3,466168.2,466301.8,8,-11.6033,4,8681,1,0
383,1,466632.7,466704.62,7,-7.74295,4,8681,1,0
238,1,467332.62,467785.22,10,-7.95898,4,8681,1,0
238,2,467332.62,467785.22,10,-7.95898,4,8681,1,0
238,3,467332.62,467785.22,10,-7.95898,4,8681,0,1
172,2,467881.47,469691.9,12,-10.7647,4,8681,1,0
172,4,467881.47,469691.9,12,-10.7647,4,8681,1,0
389,1,468050.34,469860.78,12,-6.10446,4,8681,1,0
389,3,468050.34,469860.78,12,-6.10446,4,8681,1,0
222,1,469318.4,469390.34,7,15.4055,4,8681,1,0
140,2,471600.53,471734.16,8,3.5533,4,8681,1,0
281,1,472477.22,472929.84,10,-8.98512,4,8685,0,1
281,2,472477.22,472929.84,10,-8.98512,4,8685,0,1
281,4,472477.22,472929.84,10,-8.98512,4,8685,1,0
180,1,473283.8,473736.4,10,-12.4163,4,8681,1,0
180,3,473283.8,473736.4,10,-12.4163,4,8681,1,0
183,2,473308.84,475119.25,12,-15.0396,4,8681,0,1
183,3,473308.84,475119.25,12,-15.0396,4,8681,1,0
81,2,473546.94,473793.72,9,-11.2968,4,8681,1,0
81,4,473546.94,473793.72,9,-11.2968,4,8681,1,0
122,1,473631.25,473878.06,9,-9.4496,4,8681,1,0
8,1,473960.3,474032.25,7,4.38542,4,8681,1,0
8,3,473960.3,474032.25,7,4.38542,4,8681,1,0
271,4,474215.75,474462.56,9,-7.26073,4,8685,1,0
239,1,474412.66,474546.28,8,4.18316,4,8681,1,0
239,4,474412.66,474546.28,8,4.18316,4,8681,1,0
289,1,475821.75,476068.53,9,0.0,4,8685,1,0
145,2,477665.34,477798.97,8,-10.5151,4,8681,1,0
145,4,477665.34,477798.97,8,-10.5151,4,8681,1,0
252,1,478279.03,479266.16,11,-15.1154,4,8681,1,0
252,3,478279.03,479266.16,11,-15.1154,4,8681,1,0
252,4,478279.03,479266.16,11,-15.1154,4,8681,1,0
383,1,478514.0,478585.94,7,4.52329,4,8685,1,0
383,3,478514.0,478585.94,7,4.52329,4,8685,1,0
98,1,480442.94,480514.88,7,4.2697,4,8685,1,0
131,1,480872.3,482682.75,12,-14.0816,4,8681,0,1
131,4,480872.3,482682.75,12,-14.0816,4,8681,1,0
256,4,482532.78,482604.72,7,-0.440658,4,8681,1,0
394,2,484498.8,484951.4,10,-0.377227,4,8681,1,0
394,4,484498.8,484951.4,10,-0.377227,4,8681,1,0
140,2,484963.72,485097.34,8,5.91418,4,8681,1,0
140,3,484963.72,485097.34,8,5.91418,4,8681,1,0
140,4,484963.72,485097.34,8,5.91418,4,8681,1,0
85,2,485622.4,485694.34,7,15.5451,4,8681,1,0
266,1,485793.0,485926.62,8,-1.81448,4,8685,0,1
266,3,485793.0,485926.62,8,-1.81448,4,8685,1,0
125,1,486075.66,486147.6,7,12.9816,4,8681,1,0
341,1,486289.72,486423.38,8,3.29456,4,8681,1,0
215,1,487331.72,487403.66,7,-6.41418,4,8681,1,0
215,3,487331.72,487403.66,7,-6.41418,4,8681,1,0
126,4,488930.34,489002.28,7,-6.42041,4,8681,1,0
6,4,489311.53,491121.94,12,0.0,4,8681,1,0
351,4,489668.75,490121.38,10,0.0,4,8681,1,0
118,2,492878.84,492950.78,7,2.66284,4,8681,1,0
210,1,493877.7,493949.62,7,-1.72063,4,8681,1,0
210,2,493877.7,493949.62,7,-1.72063,4,8681,1,0
210,4,493877.7,493949.62,7,-1.72063,4,8681,1,0
139,1,493980.34,494432.94,10,-8.39667,4,8681,1,0
139,3,493980.34,494432.94,10,-8.39667,4,8681,1,0
311,1,496372.72,496619.5,9,-2.56587,4,8681,0,1
311,4,496372.72,496619.5,9,-2.56587,4,8681,1,0
367,2,497767.03,497900.66,8,-8.6033,4,8681,1,0
367,3,497767.03,497900.66,8,-8.6033,4,8681,1,0
401,4,498334.28,498467.94,8,-11.9508,4,8685,1,0
291,2,500329.94,500401.84,7,34.7191,4,8681,1,0
291,3,500329.94,500401.84,7,34.7191,4,8681,1,0
382,4,501457.47,501529.38,7,2.24046,4,8681,1,0
79,4,501846.28,501918.22,7,5.83495,4,8681,1,0
368,1,503046.9,503499.5,10,-11.487,4,8685,1,0
368,3,503046.9,503499.5,10,-11.487,4,8685,1,0
175,1,509512.16,509758.94,9,-0.633422,4,8681,1,0
175,3,509512.16,509758.94,9,-0.633422,4,8681,1,0
254,2,510160.56,510407.34,9,7.38081,4,8681,1,0
254,4,510160.56,510407.34,9,7.38081,4,8681,1,0
184,1,510187.7,510321.3,8,5.316,4,8681,1,0
333,1,513432.44,514419.56,11,-18.1632,4,8681,1,0
56,1,513687.44,513934.22,9,7.64287,4,8681,1,0
386,1,516343.2,516589.97,9,-12.5142,4,8681,1,0
386,4,516343.2,516589.97,9,-12.5142,4,8681,1,0
273,1,519326.06,519398.0,7,13.3749,4,8681,1,0
203,2,521589.28,523399.72,12,-21.7142,4,8681,1,0
203,4,521589.28,523399.72,12,-21.7142,4,8681,0,1
303,4,521874.16,522120.9,9,-0.0198814,4,8681,1,0
365,1,521991.47,522063.4,7,24.718,4,8681,1,0
365,3,521991.47,522063.4,7,24.718,4,8681,1,0
365,4,521991.47,522063.4,7,24.718,4,8681,1,0
179,1,522356.2,522489.8,8,7.01016,4,8681,1,0
179,3,522356.2,522489.8,8,7.01016,4,8681,1,0
374,1,523041.56,523494.2,10,-9.49722,4,8681,1,0
374,3,523041.56,523494.2,10,-9.49722,4,8681,0,1
159,2,523630.38,523702.34,7,9.121,4,8681,1,0
159,4,523630.38,523702.34,7,9.121,4,8681,1,0
371,1,524551.5,524798.25,9,-3.17738,4,8681,1,0
371,2,524551.5,524798.25,9,-3.17738,4,8681,0,1
371,4,524551.5,524798.25,9,-3.17738,4,8681,1,0
31,3,525030.56,525277.4,9,0.0,4,8685,1,0
102,3,527245.4,527378.94,8,1.04363,4,8681,1,0
102,4,527245.4,527378.94,8,1.04363,4,8681,1,0
33,2,527728.3,527975.1,9,-13.0241,4,8681,1,0
33,4,527728.3,527975.1,9,-13.0241,4,8681,1,0
220,1,528978.1,529050.1,7,-7.30029,4,8681,1,0
220,3,528978.1,529050.1,7,-7.30029,4,8681,1,0
180,3,531641.9,532094.5,10,3.54732,4,8685,1,0
180,4,531641.9,532094.5,10,3.54732,4,8685,1,0
147,3,532840.2,533087.0,9,-9.549,4,8681,1,0
379,2,532894.25,533027.8,8,-9.82454,4,8681,1,0
309,2,533256.06,533708.7,10,-14.351,4,8685,1,0
309,3,533256.06,533708.7,10,-14.351,4,8685,1,0
262,2,533709.6,533781.6,7,-4.4044,4,8681,1,0
138,1,535347.3,535480.9,8,7.86897,4,8681,1,0
138,3,535347.3,535480.9,8,7.86897,4,8681,1,0
154,1,536170.5,536417.25,9,9.17804,4,8681,1,0
154,2,536170.5,536417.25,9,9.17804,4,8681,1,0
154,3,536170.5,536417.25,9,9.17804,4,8681,1,0
322,2,536814.8,537267.44,10,-3.85168,4,8685,1,0
79,1,536815.56,536887.5,7,-7.34611,4,8685,1,0
79,4,536815.56,536887.5,7,-7.34611,4,8685,1,0
250,1,538183.75,538317.4,8,-5.30017,4,8681,1,0
250,2,538183.75,538317.4,8,-5.30017,4,8681,1,0
250,3,538183.75,538317.4,8,-5.30017,4,8681,1,0
250,4,538183.75,538317.4,8,-5.30017,4,8681,1,0
256,4,539087.44,539159.44,7,0.0,4,8681,1,0
26,1,542002.7,542989.8,11,-18.7331,4,8681,1,0
277,1,543421.25,543668.0,9,8.67141,4,8681,1,0
156,3,544486.75,545473.9,11,-14.4943,4,8685,1,0
156,4,544486.75,545473.9,11,-14.4943,4,8685,1,0
117,3,545118.5,545190.5,7,-8.24248,4,8681,1,0
117,4,545118.5,545190.5,7,-8.24248,4,8681,1,0
109,1,545782.06,545854.0,7,0.0,4,8681,1,0
162,3,549004.1,549456.8,10,-14.7068,4,8681,1,0
162,4,549004.1,549456.8,10,-14.7068,4,8681,1,0
307,1,549034.8,549106.75,7,-3.41324,4,8681,1,0
307,3,549034.8,549106.75,7,-3.41324,4,8681,1,0
184,1,550999.8,551133.44,8,-2.40146,4,8681,1,0
189,1,552544.2,553531.3,11,-18.5011,4,8681,0,1
244,3,553335.94,553407.9,7,-8.67874,4,8685,1,0
244,4,553335.94,553407.9,7,-8.67874,4,8685,1,0
155,2,553452.56,553699.3,9,-9.90877,4,8685,1,0
155,4,553452.56,553699.3,9,-9.90877,4,8685,1,0
287,1,554598.0,554670.0,7,-2.2668,4,8681,1,0
287,2,554598.0,554670.0,7,-2.2668,4,8681,1,0
365,1,554725.25,554797.25,7,21.6726,4,8685,1,0
365,4,554725.25,554797.25,7,21.6726,4,8685,1,0
199,1,555137.6,555384.4,9,-3.52389,4,8681,1,0
199,4,555137.6,555384.4,9,-3.52389,4,8681,1,0
370,3,555666.5,556653.6,11,-12.4961,4,8681,1,0
247,1,555933.06,556920.2,11,-3.26649,4,8681,1,0
247,2,555933.06,556920.2,11,-3.26649,4,8681,1,0
247,4,555933.06,556920.2,11,-3.26649,4,8681,1,0
273,1,557205.0,557277.0,7,-3.58577,4,8685,1,0
233,1,560856.4,561309.0,10,-4.24753,4,8681,1,0
233,3,560856.4,561309.0,10,-4.24753,4,8681,1,0
233,4,560856.4,561309.0,10,-4.24753,4,8681,1,0
142,1,562218.56,562290.5,7,-6.14773,4,8681,1,0
142,4,562218.56,562290.5,7,-6.14773,4,8681,1,0
78,1,562308.3,562441.9,8,-9.28364,4,8681,1,0
78,4,562308.3,562441.9,8,-9.28364,4,8681,1,0
234,1,562324.5,562777.2,10,-5.98549,4,8685,1,0
234,3,562324.5,562777.2,10,-5.98549,4,8685,1,0
43,2,562490.5,562562.44,7,0.604859,4,8681,1,0
334,4,562813.44,563060.2,9,-6.29245,4,8681,1,0
148,2,562850.25,563302.9,10,6.15462,4,8681,1,0
221,1,563491.7,564478.8,11,-9.49737,4,8681,0,1
221,2,563491.7,564478.8,11,-9.49737,4,8681,1,0
221,4,563491.7,564478.8,11,-9.49737,4,8681,1,0
206,1,564624.3,564871.1,9,-3.5141,4,8681,1,0
206,2,564624.3,564871.1,9,-3.5141,4,8681,1,0
206,3,564624.3,564871.1,9,-3.5141,4,8681,1,0
181,4,565644.9,565716.9,7,9.37221,4,8681,0,1
159,2,565893.44,565965.4,7,-5.86099,4,8685,1,0
359,1,566218.3,566351.94,8,-11.7017,4,8681,1,0
166,4,566996.56,567068.56,7,5.01676,4,8681,1,0
374,1,568302.4,568755.0,10,-5.94276,4,8681,1,0
374,3,568302.4,568755.0,10,-5.94276,4,8681,1,0
56,2,568615.25,568862.0,9,-2.28397,4,8681,1,0
56,4,568615.25,568862.0,9,-2.28397,4,8681,1,0
382,1,571103.94,571175.9,7,-1.55316,4,8685,1,0
382,4,571103.94,571175.9,7,-1.55316,4,8685,1,0
82,3,571189.94,571261.9,7,-5.25203,4,8681,1,0
327,1,572962.3,573034.3,7,9.85214,4,8681,1,0
348,1,574566.2,576376.56,12,-13.4422,4,8681,1,0
348,2,574566.2,576376.56,12,-13.4422,4,8681,0,1
348,3,574566.2,576376.56,12,-13.4422,4,8681,1,0
348,4,574566.2,576376.56,12,-13.4422,4,8681,1,0
230,2,575167.0,575238.94,7,31.1577,4,8685,1,0
230,4,575167.0,575238.94,7,31.1577,4,8685,1,0
270,2,577574.44,577646.44,7,-1.7099,4,8681,1,0
270,3,577574.44,577646.44,7,-1.7099,4,8681,1,0
270,4,577574.44,577646.44,7,-1.7099,4,8681,1,0
81,1,578301.94,578548.7,9,-4.22566,4,8681,0,1
81,2,578301.94,578548.7,9,-4.22566,4,8681,1,0
81,3,578301.94,578548.7,9,-4.22566,4,8681,1,0
81,4,578301.94,578548.7,9,-4.22566,4,8681,1,0
361,2,578765.5,578837.44,7,16.6777,4,8681,1,0
318,2,581299.94,581371.9,7,5.99355,4,8681,1,0
192,2,581346.3,581593.06,9,3.18877,4,8681,1,0
112,3,581876.94,583687.4,12,-15.4701,4,8681,1,0
112,4,581876.94,583687.4,12,-15.4701,4,8681,1,0
322,1,582075.6,582528.25,10,-8.6963,4,8685,1,0
322,2,582075.6,582528.25,10,-8.6963,4,8685,0,1
322,3,582075.6,582528.25,10,-8.6963,4,8685,1,0
303,1,582259.1,582505.94,9,-2.63058,4,8681,1,0
303,2,582259.1,582505.94,9,-2.63058,4,8681,0,1
303,4,582259.1,582505.94,9,-2.63058,4,8681,1,0
17,2,582452.7,584263.1,12,-13.3347,4,8681,0,1
225,3,583805.44,584258.06,10,-12.3163,4,8681,1,0
225,4,583805.44,584258.06,10,-12.3163,4,8681,1,0
273,1,585537.7,585609.6,7,0.0,4,8685,1,0
273,3,585537.7,585609.6,7,0.0,4,8685,0,1
161,1,590196.0,590329.56,8,-10.2423,4,8681,1,0
161,2,590196.0,590329.56,8,-10.2423,4,8681,1,0
161,4,590196.0,590329.56,8,-10.2423,4,8681,1,0
142,1,590290.75,590362.75,7,-2.08952,4,8685,1,0
142,4,590290.75,590362.75,7,-2.08952,4,8685,1,0
258,1,591254.0,591326.0,7,-5.32155,4,8681,1,0
258,2,591254.0,591326.0,7,-5.32155,4,8681,1,0
338,2,591456.6,591703.4,9,6.56282,4,8681,1,0
338,3,591456.6,591703.4,9,6.56282,4,8681,1,0
82,2,592098.9,592170.8,7,2.01009,4,8685,1,0
82,3,592098.9,592170.8,7,2.01009,4,8685,1,0
82,4,592098.9,592170.8,7,2.01009,4,8685,1,0
345,1,593118.94,594106.06,11,-13.8816,4,8681,0,1
345,2,593118.94,594106.06,11,-13.8816,4,8681,1,0
345,3,593118.94,594106.06,11,-13.8816,4,8681,0,1
345,4,593118.94,594106.06,11,-13.8816,4,8681,1,0
363,4,594749.3,594821.3,7,-8.26816,4,8681,1,0
238,1,597312.56,597765.2,10,-11.6263,4,8685,1,0
213,3,599620.75,599867.5,9,-4.84599,4,8681,1,0
213,4,599620.75,599867.5,9,-4.84599,4,8681,1,0
30,1,599847.25,600834.4,11,-15.8013,4,8681,1,0
30,4,599847.25,600834.4,11,-15.8013,4,8681,1,0
231,1,600278.4,602088.8,12,0.0,4,8681,1,0
14,1,600889.06,600961.0,7,24.4419,4,8685,1,0
14,2,600889.06,600961.0,7,24.4419,4,8685,1,0
14,3,600889.06,600961.0,7,24.4419,4,8685,1,0
29,1,601362.3,601814.94,10,-3.09784,4,8681,1,0
29,4,601362.3,601814.94,10,-3.09784,4,8681,1,0
25,1,602446.8,602518.8,7,-9.39758,4,8681,1,0
25,2,602446.8,602518.8,7,-9.39758,4,8681,1,0
25,4,602446.8,602518.8,7,-9.39758,4,8681,1,0
319,1,603611.0,604063.7,10,-4.66283,4,8685,1,0
319,3,603611.0,604063.7,10,-4.66283,4,8685,1,0
126,3,603890.0,603962.0,7,0.497254,4,8685,1,0
226,1,604861.9,604933.8,7,0.0177773,4,8681,0,1
226,3,604861.9,604933.8,7,0.0177773,4,8681,1,0
226,4,604861.9,604933.8,7,0.0177773,4,8681,1,0
350,1,605616.6,606069.25,10,-13.1054,4,8685,0,1
350,2,605616.6,606069.25,10,-13.1054,4,8685,1,0
176,1,606192.0,606438.8,9,2.40381,4,8685,1,0
176,4,606192.0,606438.8,9,2.40381,4,8685,1,0
24,1,606237.2,606689.8,10,-12.0172,4,8681,1,0
24,2,606237.2,606689.8,10,-12.0172,4,8681,1,0
24,4,606237.2,606689.8,10,-12.0172,4,8681,1,0
175,1,608679.44,608926.2,9,-4.90718,4,8681,1,0
175,3,608679.44,608926.2,9,-4.90718,4,8681,1,0
175,4,608679.44,608926.2,9,-4.90718,4,8681,0,1
63,3,609586.5,609720.06,8,20.7152,4,8681,1,0
101,1,609770.6,610757.75,11,-18.9883,4,8681,1,0
101,2,609770.6,610757.75,11,-18.9883,4,8681,0,1
101,3,609770.6,610757.75,11,-18.9883,4,8681,0,1
101,4,609770.6,610757.75,11,-18.9883,4,8681,0,1
254,3,610344.5,610591.25,9,1.65091,4,8685,1,0
302,3,611839.44,612086.2,9,-12.0639,4,8685,1,0
302,4,611839.44,612086.2,9,-12.0639,4,8685,1,0
207,4,612354.75,612601.5,9,-0.516448,4,8681,1,0
155,1,612481.25,612728.0,9,-5.88135,4,8685,1,0
155,2,612481.25,612728.0,9,-5.88135,4,8685,1,0
155,4,612481.25,612728.0,9,-5.88135,4,8685,1,0
190,1,613561.2,613633.2,7,-1.50934,4,8681,1,0
68,1,613883.3,614335.94,10,-3.06918,4,8681,1,0
68,2,613883.3,614335.94,10,-3.06918,4,8681,1,0
19,1,613925.94,614378.6,10,0.206864,4,8685,1,0
256,2,614537.9,614609.9,7,10.1188,4,8685,1,0
217,1,615450.44,615903.06,10,-10.8274,4,8681,1,0
217,2,615450.44,615903.06,10,-10.8274,4,8681,0,1
217,4,615450.44,615903.06,10,-10.8274,4,8681,1,0
320,1,617267.0,618254.1,11,-9.07635,4,8681,0,1
320,2,617267.0,618254.1,11,-9.07635,4,8681,1,0
320,4,617267.0,618254.1,11,-9.07635,4,8681,1,0
266,1,618667.44,618801.0,8,-5.03006,4,8685,0,1
266,2,618667.44,618801.0,8,-5.03006,4,8685,1,0
266,3,618667.44,618801.0,8,-5.03006,4,8685,1,0
286,2,618820.1,619066.9,9,-8.9818,4,8681,1,0
56,1,619716.56,619963.3,9,-1.09991,4,8685,1,0
230,1,620974.8,621046.75,7,30.3539,4,8683,0,1
230,2,620974.8,621046.75,7,30.3539,4,8683,1,0
93,1,621833.75,621905.7,7,3.32221,4,8681,1,0
93,4,621833.75,621905.7,7,3.32221,4,8681,1,0
403,3,622035.0,622281.75,9,-2.8443,4,8681,1,0
403,4,622035.0,622281.75,9,-2.8443,4,8681,1,0
63,1,622949.7,623083.3,8,-3.25375,4,8685,1,0
63,2,622949.7,623083.3,8,-3.25375,4,8685,1,0
63,3,622949.7,623083.3,8,-3.25375,4,8685,1,0
31,3,623635.6,623882.4,9,-11.6348,4,8685,1,0
31,4,623635.6,623882.4,9,-11.6348,4,8685,1,0
57,1,623685.5,623932.25,9,-14.1938,4,8681,1,0
361,1,624864.9,624936.8,7,-5.93745,4,8685,1,0
361,2,624864.9,624936.8,7,-5.93745,4,8685,1,0
361,3,624864.9,624936.8,7,-5.93745,4,8685,1,0
95,1,629761.3,630008.06,9,-10.2968,4,8681,1,0
297,2,630836.7,630970.25,8,7.58411,4,8681,1,0
297,4,630836.7,630970.25,8,7.58411,4,8681,1,0
255,4,631221.1,632208.25,11,-15.7798,4,8681,1,0
175,2,633357.8,633604.56,9,-2.18988,4,8685,1,0
175,3,633357.8,633604.56,9,-2.18988,4,8685,1,0
175,4,633357.8,633604.56,9,-2.18988,4,8685,1,0
100,2,633592.3,634044.94,10,-12.2292,4,8681,1,0
100,3,633592.3,634044.94,10,-12.2292,4,8681,1,0
100,4,633592.3,634044.94,10,-12.2292,4,8681,1,0
307,1,635150.44,635222.44,7,12.0302,4,8681,1,0
323,3,636133.1,636266.75,8,0.0,4,8681,1,0
323,4,636133.1,636266.75,8,0.0,4,8681,0,1
71,4,636399.8,636646.6,9,0.0,4,8681,0,1
120,1,636472.4,636719.1,9,-9.35745,4,8681,1,0
120,2,636472.4,636719.1,9,-9.35745,4,8681,1,0
120,3,636472.4,636719.1,9,-9.35745,4,8681,1,0
362,1,636912.75,637159.56,9,-12.393,4,8681,1,0
362,2,636912.75,637159.56,9,-12.393,4,8681,1,0
55,3,637034.2,637280.94,9,10.9782,4,8681,1,0
210,1,637530.1,637602.1,7,-8.39127,4,8685,1,0
137,2,637914.56,638367.2,10,-13.5013,4,8685,1,0
137,4,637914.56,638367.2,10,-13.5013,4,8685,1,0
294,2,639774.25,640226.9,10,-14.8849,4,8681,0,1
294,4,639774.25,640226.9,10,-14.8849,4,8681,1,0
302,1,639956.94,640203.7,9,-4.4263,4,8683,1,0
123,1,640694.0,640827.56,8,10.716,4,8681,1,0
123,3,640694.0,640827.56,8,10.716,4,8681,1,0
133,2,640736.75,640808.7,7,-7.19757,4,8681,1,0
119,2,641632.2,641704.2,7,-6.47319,4,8681,1,0
119,3,641632.2,641704.2,7,-6.47319,4,8681,1,0
119,4,641632.2,641704.2,7,-6.47319,4,8681,1,0
307,2,643609.3,643681.25,7,-7.57202,4,8685,1,0
248,1,645794.2,646040.94,9,-11.7249,4,8681,1,0
248,4,645794.2,646040.94,9,-11.7249,4,8681,1,0
226,1,647208.4,647280.3,7,3.10635,4,8681,1,0
226,4,647208.4,647280.3,7,3.10635,4,8681,1,0
157,4,648383.2,648629.94,9,0.0,4,8681,1,0
319,2,648871.8,649324.44,10,-1.99683,4,8683,1,0
319,3,648871.8,649324.44,10,-1.99683,4,8683,1,0
319,4,648871.8,649324.44,10,-1.99683,4,8683,1,0
172,2,648924.7,650735.1,12,-6.54846,4,8681,1,0
389,3,649093.56,650904.0,12,0.0,4,8681,1,0
119,1,649770.75,649842.7,7,-4.8847,4,8685,1,0
119,4,649770.75,649842.7,7,-4.8847,4,8685,1,0
174,1,649778.75,651589.2,12,6.30078,4,8681,0,1
174,4,649778.75,651589.2,12,6.30078,4,8681,0,1
311,1,650670.5,650917.25,9,-4.72473,4,8681,0,1
311,3,650670.5,650917.25,9,-4.72473,4,8681,1,0
24,1,651498.0,651950.6,10,-10.6885,4,8681,1,0
24,2,651498.0,651950.6,10,-10.6885,4,8681,1,0
129,4,652092.56,653079.7,11,-16.9826,4,8681,1,0
337,1,654082.6,655893.06,12,-16.5904,4,8681,0,1
327,1,654155.56,654227.56,7,-8.29793,4,8685,1,0
327,3,654155.56,654227.56,7,-8.29793,4,8685,1,0
327,4,654155.56,654227.56,7,-8.29793,4,8685,1,0
367,1,654239.06,654372.7,8,-10.01,4,8681,1,0
367,2,654239.06,654372.7,8,-10.01,4,8681,1,0
367,4,654239.06,654372.7,8,-10.01,4,8681,1,0
239,1,654281.75,654415.4,8,-5.41405,4,8685,1,0
239,3,654281.75,654415.4,8,-5.41405,4,8685,1,0
239,4,654281.75,654415.4,8,-5.41405,4,8685,1,0
247,2,654646.7,655633.8,11,-7.3219,4,8681,0,1
247,3,654646.7,655633.8,11,-7.3219,4,8681,1,0
247,4,654646.7,655633.8,11,-7.3219,4,8681,0,1
143,1,658512.3,658964.94,10,-0.590789,4,8681,1,0
143,2,658512.3,658964.94,10,-0.590789,4,8681,1,0
131,1,661915.5,663725.94,12,-6.97452,4,8681,0,1
131,2,661915.5,663725.94,12,-6.97452,4,8681,1,0
131,3,661915.5,663725.94,12,-6.97452,4,8681,1,0
376,1,665400.2,667210.6,12,-17.0814,4,8681,1,0
376,3,665400.2,667210.6,12,-17.0814,4,8681,1,0
376,4,665400.2,667210.6,12,-17.0814,4,8681,1,0
233,1,669253.44,669706.06,10,4.869,4,8685,1,0
233,2,669253.44,669706.06,10,4.869,4,8685,1,0
233,3,669253.44,669706.06,10,4.869,4,8685,1,0
173,1,669395.5,670382.6,11,-3.86714,4,8681,1,0
173,3,669395.5,670382.6,11,-3.86714,4,8681,1,0
173,4,669395.5,670382.6,11,-3.86714,4,8681,0,1
45,2,671234.0,671306.0,7,1.70371,4,8681,1,0
45,3,671234.0,671306.0,7,1.70371,4,8681,1,0
139,2,671322.7,671775.3,10,0.0,4,8681,1,0
134,1,671334.6,671406.56,7,-5.00113,4,8681,1,0
111,1,671574.4,671646.4,7,-4.645,4,8681,1,0
111,3,671574.4,671646.4,7,-4.645,4,8681,1,0
111,4,671574.4,671646.4,7,-4.645,4,8681,1,0
384,1,672280.75,672733.4,10,-13.4227,4,8681,0,1
305,4,672404.8,672857.44,10,-12.815,4,8681,1,0
49,1,672771.0,672842.94,7,-0.984664,4,8681,1,0
49,4,672771.0,672842.94,7,-0.984664,4,8681,1,0
154,1,674016.06,674262.8,9,1.59873,4,8685,1,0
244,1,674335.8,674407.75,7,1.1862,4,8683,1,0
61,1,674464.06,674536.0,7,-4.3762,4,8681,1,0
61,3,674464.06,674536.0,7,-4.3762,4,8681,1,0
61,4,674464.06,674536.0,7,-4.3762,4,8681,1,0
271,1,674800.7,675047.44,9,-3.46709,4,8685,1,0
271,3,674800.7,675047.44,9,-3.46709,4,8685,1,0
141,2,676660.3,677113.0,10,-7.15395,4,8681,1,0
141,4,676660.3,677113.0,10,-7.15395,4,8681,1,0
115,1,677295.4,677367.3,7,-4.46466,4,8681,0,1
115,3,677295.4,677367.3,7,-4.46466,4,8681,1,0
115,4,677295.4,677367.3,7,-4.46466,4,8681,1,0
166,1,677863.6,677935.6,7,5.2137,4,8681,1,0
166,4,677863.6,677935.6,7,5.2137,4,8681,1,0
160,3,677908.75,677980.7,7,0.522035,4,8681,1,0
109,2,677941.1,678013.06,7,2.98438,4,8681,1,0
159,2,679766.3,679838.25,7,-7.54091,4,8685,0,1
159,3,679766.3,679838.25,7,-7.54091,4,8685,1,0
295,3,680777.6,680911.25,8,0.0,4,8681,1,0
124,3,680904.56,681151.3,9,-11.7761,4,8681,1,0
124,4,680904.56,681151.3,9,-11.7761,4,8681,1,0
102,2,681410.44,681544.06,8,-0.377944,4,8685,1,0
102,3,681410.44,681544.06,8,-0.377944,4,8685,1,0
244,1,681529.4,681601.3,7,-5.2009,4,8685,1,0
171,3,682735.3,683187.94,10,-11.4879,4,8681,1,0
316,2,682992.3,683064.25,7,1.8047,4,8681,1,0
316,4,682992.3,683064.25,7,1.8047,4,8681,1,0
183,2,684420.75,686231.2,12,0.0,4,8681,1,0
183,3,684420.75,686231.2,12,0.0,4,8681,0,1
160,2,685102.4,685174.3,7,0.0,4,8681,1,0
133,2,689098.1,689170.1,7,7.03782,4,8681,1,0
276,1,689249.9,689321.8,7,5.69567,4,8685,1,0
309,1,690549.4,691002.0,10,-12.1017,4,8685,1,0
309,3,690549.4,691002.0,10,-12.1017,4,8685,1,0
309,4,690549.4,691002.0,10,-12.1017,4,8685,1,0
144,2,690605.7,691592.8,11,-12.0556,4,8681,1,0
108,1,692577.1,693029.8,10,-14.7591,4,8681,1,0
108,3,692577.1,693029.8,10,-14.7591,4,8681,1,0
98,1,693860.3,693932.25,7,-4.43658,4,8683,1,0
98,4,693860.3,693932.25,7,-4.43658,4,8683,1,0
275,3,694009.4,694081.4,7,-1.74873,4,8681,1,0
275,4,694009.4,694081.4,7,-1.74873,4,8681,1,0
319,1,694132.6,694585.25,10,-11.6123,4,8685,1,0
319,2,694132.6,694585.25,10,-11.6123,4,8685,1,0
217,2,694139.1,694591.75,10,-8.85625,4,8681,1,0
217,3,694139.1,694591.75,10,-8.85625,4,8681,1,0
295,3,694140.8,694274.44,8,-2.96748,4,8685,1,0
167,3,694290.9,694362.9,7,3.91496,4,8685,1,0
148,1,696813.1,697265.75,10,-11.581,4,8685,1,0
148,2,696813.1,697265.75,10,-11.581,4,8685,0,1
30,1,698560.9,699548.0,11,-17.8856,4,8685,1,0
30,2,698560.9,699548.0,11,-17.8856,4,8685,1,0
30,3,698560.9,699548.0,11,-17.8856,4,8685,1,0
30,4,698560.9,699548.0,11,-17.8856,4,8685,1,0
251,1,699568.25,699640.2,7,-4.65407,4,8681,1,0
116,1,701359.94,701431.9,7,-2.354,4,8681,1,0
116,4,701359.94,701431.9,7,-2.354,4,8681,1,0
285,2,701672.06,702659.2,11,4.17724,4,8681,1,0
191,1,702232.5,702479.25,9,-4.27338,4,8681,1,0
191,2,702232.5,702479.25,9,-4.27338,4,8681,1,0
191,3,702232.5,702479.25,9,-4.27338,4,8681,1,0
93,1,703543.2,703615.2,7,17.0646,4,8685,1,0
93,4,703543.2,703615.2,7,17.0646,4,8685,1,0
312,2,704760.9,706571.3,12,-10.0388,4,8681,1,0
312,4,704760.9,706571.3,12,-10.0388,4,8681,0,1
297,1,706264.1,706397.7,8,-9.82986,4,8685,1,0
297,2,706264.1,706397.7,8,-9.82986,4,8685,1,0
297,4,706264.1,706397.7,8,-9.82986,4,8685,0,1
380,2,708128.5,709938.9,12,-20.05,4,8681,0,1
380,3,708128.5,709938.9,12,-20.05,4,8681,1,0
346,1,708482.56,708935.2,10,-3.64246,4,8681,0,1
346,2,708482.56,708935.2,10,-3.64246,4,8681,0,1
346,4,708482.56,708935.2,10,-3.64246,4,8681,1,0
101,1,708484.2,709471.3,11,3.63546,4,8685,0,1
101,3,708484.2,709471.3,11,3.63546,4,8685,1,0
101,4,708484.2,709471.3,11,3.63546,4,8685,1,0
299,2,709442.25,709689.0,9,6.45857,4,8681,0,1
299,3,709442.25,709689.0,9,6.45857,4,8681,1,0
256,2,710403.94,710475.9,7,-8.76497,4,8685,1,0
256,4,710403.94,710475.9,7,-8.76497,4,8685,1,0
51,1,712781.25,713028.0,9,-11.4874,4,8681,1,0
220,4,713751.44,713823.44,7,-7.70622,4,8685,1,0
267,1,714205.44,714277.4,7,16.8243,4,8681,1,0
95,4,714955.94,715202.7,9,3.66345,4,8685,1,0
289,1,716750.7,716997.44,9,-3.27374,4,8685,1,0
289,3,716750.7,716997.44,9,-3.27374,4,8685,1,0
393,1,717047.56,717181.1,8,9.66118,4,8681,1,0
393,4,717047.56,717181.1,8,9.66118,4,8681,1,0
384,1,717541.56,717994.2,10,-14.2738,4,8681,1,0
384,2,717541.56,717994.2,10,-14.2738,4,8681,1,0
384,3,717541.56,717994.2,10,-14.2738,4,8681,1,0
384,4,717541.56,717994.2,10,-14.2738,4,8681,1,0
305,1,717665.56,718118.25,10,-12.9091,4,8685,1,0
305,2,717665.56,718118.25,10,-12.9091,4,8685,1,0
305,4,717665.56,718118.25,10,-12.9091,4,8685,1,0
67,2,718061.06,718194.6,8,-4.69595,4,8685,1,0
132,1,719919.25,720052.9,8,-5.47238,4,8681,1,0
132,2,719919.25,720052.9,8,-5.47238,4,8681,1,0
132,3,719919.25,720052.9,8,-5.47238,4,8681,1,0
193,4,722436.25,722569.9,8,5.56979,4,8681,1,0
62,3,722554.0,722800.75,9,-8.36453,4,8681,1,0
62,4,722554.0,722800.75,9,-8.36453,4,8681,1,0
138,2,722806.44,722940.06,8,-8.38995,4,8685,1,0
138,3,722806.44,722940.06,8,-8.38995,4,8685,1,0
200,1,723942.25,724014.25,7,1.21126,4,8685,1,0
195,1,724039.75,724286.5,9,-2.15015,4,8681,1,0
318,2,724405.7,724477.7,7,8.09524,4,8685,1,0
145,1,725288.25,725421.9,8,-8.05099,4,8685,1,0
145,2,725288.25,725421.9,8,-8.05099,4,8685,1,0
145,3,725288.25,725421.9,8,-8.05099,4,8685,0,1
145,4,725288.25,725421.9,8,-8.05099,4,8685,1,0
253,2,725879.3,726012.94,8,-11.3723,4,8681,1,0
401,4,726295.7,726429.3,8,-2.16083,4,8685,1,0
170,1,726632.4,726766.0,8,-8.64677,4,8685,1,0
170,3,726632.4,726766.0,8,-8.64677,4,8685,1,0
171,2,727996.1,728448.75,10,21.7349,4,8681,1,0
171,3,727996.1,728448.75,10,21.7349,4,8681,1,0
171,4,727996.1,728448.75,10,21.7349,4,8681,1,0
344,1,729578.5,729825.25,9,-2.73624,4,8685,1,0
344,2,729578.5,729825.25,9,-2.73624,4,8685,1,0
344,3,729578.5,729825.25,9,-2.73624,4,8685,1,0
341,3,729676.4,729810.0,8,0.0,4,8681,1,0
263,2,729974.1,730426.75,10,-10.2521,4,8685,1,0
263,4,729974.1,730426.75,10,-10.2521,4,8685,1,0
58,2,730259.6,730331.6,7,5.10641,4,8681,1,0
225,1,731489.25,731941.9,10,-0.247131,4,8685,1,0
225,3,731489.25,731941.9,10,-0.247131,4,8685,1,0
308,2,731851.06,731923.06,7,31.9723,4,8681,0,1
308,3,731851.06,731923.06,7,31.9723,4,8681,1,0
287,3,737487.44,737559.4,7,2.71933,4,8685,1,0
47,1,737531.4,737603.3,7,7.72792,4,8681,1,0
145,2,738651.5,738785.1,8,-7.18484,4,8685,1,0
63,1,738691.75,738825.4,8,-9.38165,4,8685,1,0
63,3,738691.75,738825.4,8,-9.38165,4,8685,1,0
277,1,739282.1,739528.9,9,2.81937,4,8681,1,0
28,1,739618.56,739865.4,9,0.0,4,8685,1,0
28,3,739618.56,739865.4,9,0.0,4,8685,1,0
395,2,741368.5,742355.56,11,-11.8981,4,8681,1,0
395,3,741368.5,742355.56,11,-11.8981,4,8681,0,1
326,2,741506.94,741640.56,8,-3.33293,4,8685,1,0
326,3,741506.94,741640.56,8,-3.33293,4,8685,0,1
138,2,742281.9,742415.44,8,-3.27333,4,8685,1,0
138,3,742281.9,742415.44,8,-3.27333,4,8685,1,0
92,1,743447.06,743580.7,8,1.7686,4,8685,1,0
92,2,743447.06,743580.7,8,1.7686,4,8685,1,0
92,3,743447.06,743580.7,8,1.7686,4,8685,0,1
208,2,743471.9,745282.3,12,0.0,4,8681,0,1
208,4,743471.9,745282.3,12,0.0,4,8681,0,1
239,4,744144.94,744278.56,8,6.08428,4,8685,1,0
275,1,745776.0,745847.94,7,-8.05575,4,8685,1,0
275,3,745776.0,745847.94,7,-8.05575,4,8685,1,0
275,4,745776.0,745847.94,7,-8.05575,4,8685,1,0
45,3,746602.25,746674.2,7,-8.4547,4,8685,1,0
45,4,746602.25,746674.2,7,-8.4547,4,8685,1,0
43,2,748331.3,748403.25,7,3.69436,4,8685,1,0
43,4,748331.3,748403.25,7,3.69436,4,8685,1,0
55,2,750472.1,750718.9,9,-3.27179,4,8685,1,0
55,3,750472.1,750718.9,9,-3.27179,4,8685,1,0
382,1,752341.75,752413.7,7,-7.35915,4,8685,1,0
382,4,752341.75,752413.7,7,-7.35915,4,8685,1,0
248,2,753373.2,753619.94,9,-7.84729,4,8685,1,0
248,3,753373.2,753619.94,9,-7.84729,4,8685,1,0
346,2,753743.4,754196.0,10,-15.3059,4,8685,1,0
348,4,755609.4,757419.8,12,-18.5278,4,8681,1,0
326,2,757639.0,757772.56,8,3.42951,4,8685,1,0
119,2,758550.6,758622.56,7,3.1831,4,8685,1,0
119,4,758550.6,758622.56,7,3.1831,4,8685,1,0
179,1,760569.56,760703.2,8,0.599275,4,8685,1,0
179,2,760569.56,760703.2,8,0.599275,4,8685,1,0
179,3,760569.56,760703.2,8,0.599275,4,8685,1,0
347,1,760787.3,760859.25,7,13.896,4,8681,1,0
347,2,760787.3,760859.25,7,13.896,4,8681,1,0
320,3,762128.75,763115.9,11,-17.4866,4,8681,1,0
320,4,762128.75,763115.9,11,-17.4866,4,8681,1,0
112,2,762920.2,764730.56,12,-19.2109,4,8685,1,0
112,3,762920.2,764730.56,12,-19.2109,4,8685,1,0
305,4,762926.4,763379.0,10,-16.714,4,8685,1,0
14,1,763233.9,763305.9,7,0.0,4,8685,0,1
17,1,763495.94,765306.3,12,0.0,4,8685,0,1
17,4,763495.94,765306.3,12,0.0,4,8685,0,1
355,3,764580.9,764827.6,9,-5.45251,4,8681,1,0
334,1,765034.5,765281.25,9,-11.2472,4,8685,1,0
334,2,765034.5,765281.25,9,-11.2472,4,8685,1,0
334,3,765034.5,765281.25,9,-11.2472,4,8685,1,0
391,2,765058.44,765130.4,7,6.06983,4,8681,1,0
391,3,765058.44,765130.4,7,6.06983,4,8681,1,0
391,4,765058.44,765130.4,7,6.06983,4,8681,0,1
188,2,765835.2,766287.8,10,-7.62877,4,8681,1,0
188,4,765835.2,766287.8,10,-7.62877,4,8681,0,1
106,2,766297.56,766369.5,7,0.0,4,8681,1,0
217,3,766663.5,767116.1,10,0.0,4,8685,1,0
217,4,766663.5,767116.1,10,0.0,4,8685,1,0
80,1,766720.44,766792.44,7,23.608,4,8681,1,0
304,2,766992.9,767064.8,7,-7.7029,4,8681,1,0
304,4,766992.9,767064.8,7,-7.7029,4,8681,1,0
37,3,767837.56,767971.2,8,-4.60089,4,8685,1,0
173,2,768109.06,769096.2,11,0.0,4,8685,1,0
173,4,768109.06,769096.2,11,0.0,4,8685,0,1
206,1,768215.75,768462.5,9,-13.0057,4,8685,1,0
47,1,769295.5,769367.44,7,3.57388,4,8681,0,1
47,3,769295.5,769367.44,7,3.57388,4,8681,1,0
47,4,769295.5,769367.44,7,3.57388,4,8681,0,1
310,1,772216.4,772350.0,8,0.156587,4,8681,1,0
310,3,772216.4,772350.0,8,0.156587,4,8681,1,0
82,2,773543.0,773614.94,7,-4.40529,4,8685,1,0
82,3,773543.0,773614.94,7,-4.40529,4,8685,1,0
220,1,774633.5,774705.44,7,10.8498,4,8683,1,0
39,2,776099.06,776171.0,7,21.4797,4,8681,1,0
39,3,776099.06,776171.0,7,21.4797,4,8681,1,0
39,4,776099.06,776171.0,7,21.4797,4,8681,1,0
278,4,776475.2,776608.75,8,21.4687,4,8681,1,0
381,3,779801.6,779873.6,7,-1.35887,4,8681,1,0
381,4,779801.6,779873.6,7,-1.35887,4,8681,1,0
130,1,784096.3,784229.94,8,16.1106,4,8685,1,0
130,2,784096.3,784229.94,8,16.1106,4,8685,1,0
130,3,784096.3,784229.94,8,16.1106,4,8685,1,0
84,2,784820.06,785066.8,9,2.17154,4,8681,1,0
84,4,784820.06,785066.8,9,2.17154,4,8681,1,0
338,1,785417.94,785664.7,9,-9.05324,4,8685,1,0
338,3,785417.94,785664.7,9,-9.05324,4,8685,1,0
26,1,787060.6,788047.75,11,0.0,4,8685,1,0
26,3,787060.6,788047.75,11,0.0,4,8685,0,1
26,4,787060.6,788047.75,11,0.0,4,8685,1,0
202,1,787441.3,787688.06,9,-2.69467,4,8685,1,0
202,4,787441.3,787688.06,9,-2.69467,4,8685,1,0
262,2,790302.75,790374.7,7,-5.15166,4,8681,1,0
129,2,790961.75,791948.9,11,-14.5614,4,8681,0,1
129,3,790961.75,791948.9,11,-14.5614,4,8681,1,0
248,2,791180.5,791427.25,9,-10.149,4,8685,0,1
248,4,791180.5,791427.25,9,-10.149,4,8685,0,1
372,3,792450.25,793437.4,11,1.14688,4,8681,1,0
372,4,792450.25,793437.4,11,1.14688,4,8681,1,0
192,2,792535.75,792782.56,9,0.0,4,8681,1,0
213,3,792957.94,793204.7,9,-8.35432,4,8681,1,0
263,3,793173.56,793626.25,10,-16.4664,4,8685,1,0
276,1,794036.2,794108.1,7,16.9224,4,8685,1,0
322,1,794228.6,794681.25,10,-13.6102,4,8683,1,0
322,3,794228.6,794681.25,10,-13.6102,4,8683,0,1
177,1,794343.0,794415.0,7,1.08168,4,8681,1,0
177,2,794343.0,794415.0,7,1.08168,4,8681,1,0
177,4,794343.0,794415.0,7,1.08168,4,8681,1,0
146,3,794674.56,796485.0,12,-16.3554,4,8681,0,1
146,4,794674.56,796485.0,12,-16.3554,4,8681,0,1
12,4,796876.7,797010.3,8,-7.1107,4,8681,1,0
88,3,797305.8,797377.75,7,14.1919,4,8685,1,0
88,4,797305.8,797377.75,7,14.1919,4,8685,1,0
303,1,798852.1,799098.9,9,-12.3422,4,8685,1,0
303,3,798852.1,799098.9,9,-12.3422,4,8685,1,0
404,4,799290.5,799362.5,7,-1.28862,4,8681,1,0
41,3,799410.6,799482.6,7,11.573,4,8681,0,1
83,1,800372.44,800444.4,7,1.94698,4,8681,1,0
83,3,800372.44,800444.4,7,1.94698,4,8681,0,1
285,4,800385.7,801372.8,11,-0.563186,4,8681,1,0
347,1,800687.44,800759.4,7,-7.71153,4,8685,1,0
347,4,800687.44,800759.4,7,-7.71153,4,8685,1,0
95,2,801041.6,801288.4,9,-5.81747,4,8685,1,0
42,2,801846.8,801918.75,7,-1.83401,4,8685,1,0
42,4,801846.8,801918.75,7,-1.83401,4,8685,1,0
153,2,803060.0,803306.75,9,-8.40422,4,8681,1,0
153,4,803060.0,803306.75,9,-8.40422,4,8681,1,0
310,1,804624.25,804757.9,8,-8.70866,4,8681,1,0
310,2,804624.25,804757.9,8,-8.70866,4,8681,1,0
310,3,804624.25,804757.9,8,-8.70866,4,8681,1,0
310,4,804624.25,804757.9,8,-8.70866,4,8681,1,0
137,3,806223.0,806675.7,10,-6.24298,4,8685,1,0
137,4,806223.0,806675.7,10,-6.24298,4,8685,1,0
232,1,806346.06,807333.2,11,-10.5076,4,8681,1,0
232,3,806346.06,807333.2,11,-10.5076,4,8681,1,0
48,1,807417.9,807870.5,10,-7.38643,4,8681,1,0
73,1,808037.75,809024.8,11,-3.27711,4,8681,1,0
73,3,808037.75,809024.8,11,-3.27711,4,8681,1,0
73,4,808037.75,809024.8,11,-3.27711,4,8681,1,0
151,3,808211.7,808283.6,7,-7.12775,4,8685,1,0
220,3,808383.4,808455.3,7,-8.66144,4,8685,1,0
378,3,809239.8,809311.75,7,10.7129,4,8681,0,1
378,4,809239.8,809311.75,7,10.7129,4,8681,1,0
297,2,810377.5,810511.1,8,-4.40022,4,8685,1,0
297,4,810377.5,810511.1,8,-4.40022,4,8685,1,0
381,1,811343.75,811415.7,7,18.0156,4,8685,1,0
381,3,811343.75,811415.7,7,18.0156,4,8685,1,0
156,1,812587.25,813574.3,11,-13.083,4,8685,1,0
156,4,812587.25,813574.3,11,-13.083,4,8685,1,0
211,4,812706.4,812778.3,7,0.961305,4,8681,1,0
154,3,813084.75,813331.56,9,-10.7869,4,8685,1,0
331,3,813391.3,813524.9,8,-11.2707,4,8681,1,0
396,1,813615.0,813748.6,8,-6.32666,4,8681,1,0
261,2,813780.56,813852.56,7,-3.87201,4,8681,1,0
261,4,813780.56,813852.56,7,-3.87201,4,8681,1,0
304,2,814785.1,814857.06,7,1.11549,4,8681,1,0
304,3,814785.1,814857.06,7,1.11549,4,8681,1,0
304,4,814785.1,814857.06,7,1.11549,4,8681,0,1
282,1,817960.0,819770.44,12,-22.4195,4,8685,1,0
282,3,817960.0,819770.44,12,-22.4195,4,8685,1,0
338,1,818302.25,818549.0,9,-7.43574,4,8683,1,0
338,2,818302.25,818549.0,9,-7.43574,4,8683,1,0
142,1,821092.94,821164.94,7,4.66448,4,8685,1,0
142,4,821092.94,821164.94,7,4.66448,4,8685,1,0
152,2,822207.0,822279.0,7,-8.06065,4,8681,1,0
303,1,823530.5,823777.3,9,2.88918,4,8685,1,0
303,2,823530.5,823777.3,9,2.88918,4,8685,1,0
303,4,823530.5,823777.3,9,2.88918,4,8685,1,0
278,2,826719.4,826852.94,8,-3.86597,4,8685,1,0
278,4,826719.4,826852.94,8,-3.86597,4,8685,1,0
318,2,826765.94,826837.9,7,-7.06512,4,8685,1,0
166,1,827503.1,827575.06,7,24.2818,4,8685,1,0
166,4,827503.1,827575.06,7,24.2818,4,8685,1,0
351,3,829595.94,830048.56,10,-14.3111,4,8681,1,0
351,4,829595.94,830048.56,10,-14.3111,4,8681,0,1
223,1,829837.94,831648.4,12,0.0,4,8681,1,0
172,2,829967.9,831778.3,12,-2.68114,4,8685,1,0
172,3,829967.9,831778.3,12,-2.68114,4,8685,0,1
172,4,829967.9,831778.3,12,-2.68114,4,8685,0,1
358,2,830850.44,830922.44,7,-1.22233,4,8681,1,0
358,4,830850.44,830922.44,7,-1.22233,4,8681,1,0
296,1,832568.44,833021.06,10,-6.69458,4,8681,1,0
296,4,832568.44,833021.06,10,-6.69458,4,8681,1,0
94,2,833009.75,833462.4,10,1.114,4,8681,0,1
177,1,833551.4,833623.4,7,-2.44199,4,8681,1,0
177,2,833551.4,833623.4,7,-2.44199,4,8681,0,1
177,4,833551.4,833623.4,7,-2.44199,4,8681,1,0
362,1,835851.2,836097.94,9,-10.623,4,8681,1,0
362,3,835851.2,836097.94,9,-10.623,4,8681,1,0
227,2,836381.5,836453.5,7,-3.85789,4,8681,1,0
309,1,836967.2,837419.8,10,8.30852,4,8683,1,0
309,3,836967.2,837419.8,10,8.30852,4,8683,1,0
396,1,837704.0,837837.56,8,-4.55054,4,8685,1,0
396,2,837704.0,837837.56,8,-4.55054,4,8685,1,0
396,4,837704.0,837837.56,8,-4.55054,4,8685,1,0
292,2,839262.56,840249.7,11,0.0,4,8681,1,0
292,4,839262.56,840249.7,11,0.0,4,8681,1,0
133,2,840191.25,840263.2,7,5.66782,4,8685,1,0
180,2,840222.06,840674.7,10,-13.3512,4,8685,1,0
180,3,840222.06,840674.7,10,-13.3512,4,8685,1,0
197,3,840963.3,842773.75,12,-9.05434,4,8681,1,0
210,1,842592.75,842664.75,7,-2.87006,4,8685,1,0
210,3,842592.75,842664.75,7,-2.87006,4,8685,1,0
210,4,842592.75,842664.75,7,-2.87006,4,8685,0,1
361,2,842639.3,842711.3,7,34.8641,4,8685,1,0
131,2,842958.75,844769.2,12,-10.4205,4,8685,0,1
263,1,843547.2,843999.8,10,-8.20314,4,8683,0,1
263,4,843547.2,843999.8,10,-8.20314,4,8683,1,0
102,3,844034.06,844167.7,8,-6.67798,4,8685,1,0
102,4,844034.06,844167.7,8,-6.67798,4,8685,1,0
97,2,845442.2,845894.8,10,-1.33321,4,8685,1,0
97,3,845442.2,845894.8,10,-1.33321,4,8685,1,0
252,1,846029.3,847016.44,11,-8.75491,4,8685,0,1
252,2,846029.3,847016.44,11,-8.75491,4,8685,1,0
252,3,846029.3,847016.44,11,-8.75491,4,8685,1,0
123,1,846347.3,846480.9,8,-1.57397,4,8685,0,1
376,2,846443.44,848253.9,12,-14.0136,4,8685,1,0
23,1,847202.0,847654.7,10,8.31436,4,8681,1,0
23,4,847202.0,847654.7,10,8.31436,4,8681,1,0
370,1,847732.5,848719.6,11,1.39879,4,8685,1,0
370,3,847732.5,848719.6,11,1.39879,4,8685,1,0
370,4,847732.5,848719.6,11,1.39879,4,8685,1,0
234,3,848102.5,848555.1,10,-16.8041,4,8685,1,0
345,1,851710.9,852698.0,11,-5.49756,4,8685,1,0
345,4,851710.9,852698.0,11,-5.49756,4,8685,1,0
98,1,854000.4,854072.3,7,-8.33975,4,8685,1,0
142,1,854116.44,854188.44,7,-2.76808,4,8683,1,0
21,1,854184.1,854636.75,10,-1.84636,4,8685,1,0
21,2,854184.1,854636.75,10,-1.84636,4,8685,1,0
21,4,854184.1,854636.75,10,-1.84636,4,8685,1,0
187,1,855208.2,857018.6,12,0.0,4,8681,1,0
187,2,855208.2,857018.6,12,0.0,4,8681,1,0
187,3,855208.2,857018.6,12,0.0,4,8681,1,0
187,4,855208.2,857018.6,12,0.0,4,8681,0,1
398,2,857476.2,857722.94,9,-12.8311,4,8681,1,0
79,2,858499.94,858571.9,7,-1.64233,4,8685,1,0
79,4,858499.94,858571.9,7,-1.64233,4,8685,1,0
247,3,859220.5,860207.6,11,0.0,4,8685,1,0
141,2,859599.44,860052.06,10,6.60442,4,8681,0,1
167,1,860074.3,860146.3,7,-7.34523,4,8685,0,1
167,3,860074.3,860146.3,7,-7.34523,4,8685,1,0
110,2,861962.5,862034.5,7,-9.093,4,8681,1,0
226,1,862293.8,862365.8,7,12.0222,4,8685,1,0
226,4,862293.8,862365.8,7,12.0222,4,8685,1,0
227,2,863472.6,863544.6,7,3.77577,4,8681,1,0
227,3,863472.6,863544.6,7,3.77577,4,8681,1,0
396,1,863731.06,863864.7,8,5.70736,4,8685,1,0
396,2,863731.06,863864.7,8,5.70736,4,8685,1,0
396,4,863731.06,863864.7,8,5.70736,4,8685,1,0
105,1,863784.75,863856.7,7,7.47343,4,8681,1,0
264,3,864655.2,864788.8,8,0.422166,4,8681,1,0
310,3,866198.25,866331.9,8,-10.4093,4,8685,1,0
173,4,866822.7,867809.8,11,-6.84204,4,8685,1,0
303,1,867710.4,867957.1,9,-13.204,4,8683,1,0
303,3,867710.4,867957.1,9,-13.204,4,8683,1,0
128,3,869972.06,870218.8,9,-4.33737,4,8681,1,0
128,4,869972.06,870218.8,9,-4.33737,4,8681,0,1
354,1,870585.0,870831.8,9,9.76656,4,8681,1,0
354,2,870585.0,870831.8,9,9.76656,4,8681,1,0
354,3,870585.0,870831.8,9,9.76656,4,8681,1,0
267,1,871344.44,871416.4,7,-5.75275,4,8685,1,0
267,2,871344.44,871416.4,7,-5.75275,4,8685,1,0
267,4,871344.44,871416.4,7,-5.75275,4,8685,0,1
45,1,873189.4,873261.4,7,-9.10007,4,8685,0,1
45,2,873189.4,873261.4,7,-9.10007,4,8685,1,0
45,3,873189.4,873261.4,7,-9.10007,4,8685,1,0
340,1,875436.44,875508.44,7,-5.75418,4,8681,1,0
340,2,875436.44,875508.44,7,-5.75418,4,8681,1,0
228,2,876154.2,876226.1,7,0.0,4,8681,1,0
293,2,881422.9,881669.6,9,2.53299,4,8681,1,0
310,1,881560.1,881693.75,8,-1.96477,4,8685,1,0
310,2,881560.1,881693.75,8,-1.96477,4,8685,1,0
310,4,881560.1,881693.75,8,-1.96477,4,8685,1,0
242,4,884546.06,884618.06,7,9.29233,4,8681,1,0
398,1,884881.6,885128.44,9,-13.981,4,8681,1,0
398,4,884881.6,885128.44,9,-13.981,4,8681,1,0
341,2,885327.5,885461.1,8,-10.1553,4,8685,1,0
341,3,885327.5,885461.1,8,-10.1553,4,8685,1,0
312,2,885804.06,887614.5,12,-5.0074,4,8685,1,0
312,4,885804.06,887614.5,12,-5.0074,4,8685,0,1
151,2,886286.3,886358.25,7,-3.32301,4,8685,1,0
151,3,886286.3,886358.25,7,-3.32301,4,8685,1,0
151,4,886286.3,886358.25,7,-3.32301,4,8685,1,0
135,2,889533.4,889780.1,9,-10.3735,4,8685,0,1
135,4,889533.4,889780.1,9,-10.3735,4,8685,1,0
123,1,890764.94,890898.56,8,-8.04271,4,8685,1,0
123,4,890764.94,890898.56,8,-8.04271,4,8685,1,0
11,3,891134.94,891381.7,9,-5.69881,4,8681,1,0
375,2,891395.6,891467.56,7,-2.55838,4,8681,1,0
375,3,891395.6,891467.56,7,-2.55838,4,8681,1,0
22,1,891633.44,891767.0,8,-0.485076,4,8681,1,0
22,2,891633.44,891767.0,8,-0.485076,4,8681,1,0
366,4,892048.1,892294.9,9,-5.74736,4,8685,0,1
40,3,892558.94,893546.06,11,2.96477,4,8681,1,0
234,2,893363.25,893815.94,10,0.0,4,8683,1,0
234,3,893363.25,893815.94,10,0.0,4,8683,1,0
306,4,894198.6,894445.4,9,-3.95117,4,8681,1,0
78,4,895798.44,895932.06,8,-9.3376,4,8681,1,0
226,3,896144.6,896216.6,7,-4.84999,4,8685,1,0
226,4,896144.6,896216.6,7,-4.84999,4,8685,1,0
317,1,896319.3,896566.1,9,-9.68141,4,8685,1,0
317,2,896319.3,896566.1,9,-9.68141,4,8685,1,0
388,1,897405.8,897652.56,9,-6.99548,4,8681,1,0
388,3,897405.8,897652.56,9,-6.99548,4,8681,1,0
229,2,901344.7,902331.8,11,-15.2858,4,8681,1,0
229,4,901344.7,902331.8,11,-15.2858,4,8681,1,0
128,1,902382.7,902629.44,9,-9.19899,4,8681,1,0
128,2,902382.7,902629.44,9,-9.19899,4,8681,1,0
128,3,902382.7,902629.44,9,-9.19899,4,8681,1,0
184,1,904265.8,904399.44,8,-5.24248,4,8685,1,0
184,3,904265.8,904399.44,8,-5.24248,4,8685,1,0
184,4,904265.8,904399.44,8,-5.24248,4,8685,0,1
22,2,904996.6,905130.25,8,-0.286773,4,8681,1,0
22,4,904996.6,905130.25,8,-0.286773,4,8681,0,1
77,1,908811.2,908944.75,8,-10.0458,4,8681,1,0
236,2,909345.56,909798.2,10,-12.6702,4,8685,1,0
143,1,910167.9,910620.5,10,-5.67766,4,8681,1,0
143,2,910167.9,910620.5,10,-5.67766,4,8681,1,0
143,3,910167.9,910620.5,10,-5.67766,4,8681,1,0
337,2,912494.94,914305.4,12,-7.93759,4,8681,0,1
337,4,912494.94,914305.4,12,-7.93759,4,8681,1,0
23,1,912858.56,913311.2,10,-0.065612,4,8685,1,0
23,2,912858.56,913311.2,10,-0.065612,4,8685,0,1
193,2,913068.8,913202.4,8,2.59296,4,8685,1,0
193,3,913068.8,913202.4,8,2.59296,4,8685,0,1
193,4,913068.8,913202.4,8,2.59296,4,8685,1,0
363,2,915739.3,915811.25,7,-7.48048,4,8685,1,0
241,4,916473.75,916607.4,8,-4.1378,4,8681,0,1
199,4,917407.25,917654.0,9,-7.06576,4,8685,0,1
306,1,918877.0,919123.75,9,-13.106,4,8685,1,0
306,3,918877.0,919123.75,9,-13.106,4,8685,1,0
188,3,918924.94,919377.56,10,-2.9274,4,8685,1,0
401,4,919428.8,919562.44,8,0.0,4,8683,1,0
404,1,920162.1,920234.06,7,0.0,4,8681,1,0
317,1,920997.75,921244.5,9,-4.77118,4,8685,0,1
317,3,920997.75,921244.5,9,-4.77118,4,8685,1,0
317,4,920997.75,921244.5,9,-4.77118,4,8685,1,0
315,3,923342.0,923475.56,8,9.90815,4,8685,1,0
201,1,925969.94,926041.9,7,6.61043,4,8681,1,0
254,3,926176.6,926423.4,9,-9.32269,4,8685,1,0
308,1,927682.3,927754.25,7,-8.54999,4,8685,1,0
308,2,927682.3,927754.25,7,-8.54999,4,8685,1,0
311,1,928047.4,928294.1,9,-7.06468,4,8685,1,0
311,4,928047.4,928294.1,9,-7.06468,4,8685,1,0
137,1,928286.94,928739.56,10,-14.208,4,8683,1,0
137,2,928286.94,928739.56,10,-14.208,4,8683,1,0
137,3,928286.94,928739.56,10,-14.208,4,8683,0,1
76,1,928451.7,928523.6,7,-3.86177,4,8681,1,0
76,4,928451.7,928523.6,7,-3.86177,4,8681,1,0
37,2,930769.9,930903.5,8,3.88073,4,8685,0,1
37,3,930769.9,930903.5,8,3.88073,4,8685,1,0
314,1,931136.7,931270.25,8,-6.45096,4,8681,1,0
314,3,931136.7,931270.25,8,-6.45096,4,8681,1,0
314,4,931136.7,931270.25,8,-6.45096,4,8681,0,1
47,1,932182.0,932253.94,7,16.1023,4,8685,1,0
47,3,932182.0,932253.94,7,16.1023,4,8685,1,0
301,2,932281.7,933268.8,11,-15.629,4,8681,1,0
228,2,932417.9,932489.8,7,-8.73482,4,8685,1,0
228,4,932417.9,932489.8,7,-8.73482,4,8685,1,0
134,1,933148.2,933220.1,7,24.2459,4,8681,1,0
134,2,933148.2,933220.1,7,24.2459,4,8681,1,0
134,3,933148.2,933220.1,7,24.2459,4,8681,1,0
134,4,933148.2,933220.1,7,24.2459,4,8681,1,0
375,2,935076.06,935148.0,7,-3.76009,4,8681,1,0
375,3,935076.06,935148.0,7,-3.76009,4,8681,1,0
375,4,935076.06,935148.0,7,-3.76009,4,8681,1,0
333,3,938264.3,939251.44,11,-9.1142,4,8685,1,0
134,1,940341.8,940413.75,7,-0.099044,4,8685,1,0
134,3,940341.8,940413.75,7,-0.099044,4,8685,1,0
16,3,942600.44,942847.25,9,0.550752,4,8681,1,0
16,4,942600.44,942847.25,9,0.550752,4,8681,1,0
88,3,943622.0,943694.0,7,17.5207,4,8683,1,0
88,4,943622.0,943694.0,7,17.5207,4,8683,1,0
112,1,943963.3,945773.75,12,-16.5638,4,8685,1,0
112,2,943963.3,945773.75,12,-16.5638,4,8685,1,0
112,3,943963.3,945773.75,12,-16.5638,4,8685,0,1
112,4,943963.3,945773.75,12,-16.5638,4,8685,0,1
329,3,944507.2,945494.3,11,0.0,4,8681,0,1
252,1,944742.94,945730.06,11,-15.0588,4,8685,1,0
370,3,946446.06,947433.2,11,-14.847,4,8685,1,0
370,4,946446.06,947433.2,11,-14.847,4,8685,1,0
395,2,946926.8,947913.94,11,-5.9033,4,8681,1,0
395,3,946926.8,947913.94,11,-5.9033,4,8681,1,0
395,4,946926.8,947913.94,11,-5.9033,4,8681,1,0
15,1,947588.06,947721.7,8,-10.6707,4,8681,1,0
15,4,947588.06,947721.7,8,-10.6707,4,8681,1,0
55,2,948521.0,948767.75,9,0.0,4,8685,1,0
55,4,948521.0,948767.75,9,0.0,4,8685,0,1
234,2,949091.5,949544.1,10,-13.3999,4,8685,1,0
234,3,949091.5,949544.1,10,-13.3999,4,8685,1,0
234,4,949091.5,949544.1,10,-13.3999,4,8685,1,0
381,2,950418.3,950490.3,7,-6.88838,4,8685,0,1
67,2,951401.6,951535.2,8,-6.90364,4,8685,1,0
67,3,951401.6,951535.2,8,-6.90364,4,8685,1,0
316,3,951970.3,952042.3,7,-2.95828,4,8685,1,0
316,4,951970.3,952042.3,7,-2.95828,4,8685,1,0
339,1,952241.75,952375.4,8,12.7852,4,8681,1,0
339,3,952241.75,952375.4,8,12.7852,4,8681,1,0
195,1,952696.75,952943.56,9,3.84959,4,8685,1,0
254,2,953487.44,953734.2,9,-4.325,4,8683,1,0
254,4,953487.44,953734.2,9,-4.325,4,8683,1,0
119,4,955244.9,955316.8,7,0.232438,4,8683,1,0
302,1,957724.25,957971.0,9,5.19123,4,8685,1,0
302,4,957724.25,957971.0,9,5.19123,4,8685,0,1
46,3,957734.25,957806.2,7,11.3804,4,8681,1,0
247,1,957934.06,958921.2,11,-18.8023,4,8685,1,0
247,4,957934.06,958921.2,11,-18.8023,4,8685,0,1
168,3,959241.06,959487.9,9,-12.6033,4,8681,1,0
168,4,959241.06,959487.9,9,-12.6033,4,8681,1,0
267,1,960267.3,960339.3,7,2.51544,4,8685,0,1
267,2,960267.3,960339.3,7,2.51544,4,8685,1,0
267,4,960267.3,960339.3,7,2.51544,4,8685,1,0
366,2,961482.5,961729.25,9,-11.2308,4,8685,1,0
37,1,962789.0,962922.6,8,0.719865,4,8683,1,0
37,3,962789.0,962922.6,8,0.719865,4,8683,1,0
294,4,965079.5,965532.2,10,-5.10393,4,8681,1,0
22,3,966086.06,966219.7,8,0.601289,4,8685,1,0
22,4,966086.06,966219.7,8,0.601289,4,8685,1,0
171,1,967040.06,967492.7,10,-12.7109,4,8685,1,0
171,2,967040.06,967492.7,10,-12.7109,4,8685,1,0
365,1,968200.7,968272.6,7,29.9582,4,8685,1,0
365,4,968200.7,968272.6,7,29.9582,4,8685,1,0
398,1,969805.75,970052.5,9,-0.540725,4,8685,1,0
332,1,970586.8,970833.56,9,-12.1298,4,8681,1,0
332,2,970586.8,970833.56,9,-12.1298,4,8681,1,0
332,3,970586.8,970833.56,9,-12.1298,4,8681,1,0
18,4,971065.2,971198.8,8,0.840226,4,8681,1,0
207,1,971828.6,972075.4,9,-13.1481,4,8685,0,1
207,2,971828.6,972075.4,9,-13.1481,4,8685,0,1
207,4,971828.6,972075.4,9,-13.1481,4,8685,1,0
380,2,974082.75,975893.2,12,-7.18768,4,8685,1,0
380,3,974082.75,975893.2,12,-7.18768,4,8685,1,0
57,3,975847.8,976094.6,9,-6.79904,4,8685,1,0
57,4,975847.8,976094.6,9,-6.79904,4,8685,1,0
52,3,976527.0,978337.4,12,-0.882629,4,8681,1,0
52,4,976527.0,978337.4,12,-0.882629,4,8681,1,0
159,1,976903.25,976975.25,7,-4.5217,4,8683,1,0
159,4,976903.25,976975.25,7,-4.5217,4,8683,1,0
195,2,977375.2,977621.94,9,2.09482,4,8685,1,0
260,1,978595.8,979048.44,10,-7.67479,4,8685,1,0
260,2,978595.8,979048.44,10,-7.67479,4,8685,0,1
260,3,978595.8,979048.44,10,-7.67479,4,8685,1,0
260,4,978595.8,979048.44,10,-7.67479,4,8685,1,0
339,1,981557.8,981691.4,8,-2.23679,4,8681,1,0
339,3,981557.8,981691.4,8,-2.23679,4,8681,1,0
275,1,981953.3,982025.25,7,-4.46011,4,8685,1,0
275,2,981953.3,982025.25,7,-4.46011,4,8685,1,0
275,3,981953.3,982025.25,7,-4.46011,4,8685,1,0
278,1,982646.06,982779.7,8,-11.5166,4,8685,0,1
278,4,982646.06,982779.7,8,-11.5166,4,8685,1,0
336,1,982994.9,983066.8,7,-2.18329,4,8681,1,0
203,1,983151.4,984961.8,12,-12.3155,4,8685,1,0
203,2,983151.4,984961.8,12,-12.3155,4,8685,1,0
203,4,983151.4,984961.8,12,-12.3155,4,8685,0,1
180,1,984458.1,984910.75,10,9.21219,4,8683,1,0
180,4,984458.1,984910.75,10,9.21219,4,8683,1,0
137,3,984980.06,985432.7,10,-13.7231,4,8685,1,0
152,2,986610.1,986682.06,7,-2.31174,4,8681,1,0
152,3,986610.1,986682.06,7,-2.31174,4,8681,1,0
68,1,986874.3,987326.94,10,0.0,4,8681,1,0
41,3,987664.3,987736.25,7,0.0,4,8681,1,0
230,2,988543.5,988615.5,7,30.8353,4,8685,1,0
200,1,989017.8,989089.8,7,2.82132,4,8685,1,0
189,1,990254.0,991241.1,11,-12.6609,4,8685,1,0
189,3,990254.0,991241.1,11,-12.6609,4,8685,1,0
85,1,991195.6,991267.56,7,-5.88391,4,8681,1,0
85,2,991195.6,991267.56,7,-5.88391,4,8681,0,1
365,1,991444.94,991516.94,7,-3.4892,4,8683,1,0
365,2,991444.94,991516.94,7,-3.4892,4,8683,0,1
365,4,991444.94,991516.94,7,-3.4892,4,8683,1,0
170,1,992639.44,992773.06,8,-7.42639,4,8685,1,0
170,2,992639.44,992773.06,8,-7.42639,4,8685,1,0
141,3,993299.5,993752.1,10,-5.63235,4,8685,1,0
96,3,993526.94,993660.5,8,-2.7074,4,8681,1,0
92,1,996150.6,996284.25,8,3.25729,4,8685,1,0
207,4,996507.0,996753.8,9,-4.85934,4,8685,1,0
18,4,997219.1,997352.75,8,18.4802,4,8685,1,0
162,1,997974.7,998427.3,10,-15.1814,4,8681,0,1
162,2,997974.7,998427.3,10,-15.1814,4,8681,1,0
162,4,997974.7,998427.3,10,-15.1814,4,8681,0,1
45,3,998246.1,998318.1,7,-7.67895,4,8683,1,0
266,1,999227.25,999360.8,8,7.12125,4,8683,0,1
266,2,999227.25,999360.8,8,7.12125,4,8683,1,0
266,3,999227.25,999360.8,8,7.12125,4,8683,1,0
229,4,1000058.25,1001045.4,11,0.0,4,8685,1,0
111,1,1002251.6,1002323.6,7,7.91424,4,8685,1,0
111,2,1002251.6,1002323.6,7,7.91424,4,8685,1,0
111,4,1002251.6,1002323.6,7,7.91424,4,8685,1,0
5,1,1002731.8,1002803.75,7,0.459962,4,8681,1,0
290,1,1002886.5,1003020.06,8,-11.537,4,8685,1,0
290,2,1002886.5,1003020.06,8,-11.537,4,8685,1,0
93,1,1003543.5,1003615.5,7,-2.18477,4,8685,1,0
270,1,1003997.94,1004069.9,7,-7.61101,4,8681,1,0
270,2,1003997.94,1004069.9,7,-7.61101,4,8681,0,1
74,4,1006015.4,1006087.3,7,5.96957,4,8681,1,0
352,3,1006877.3,1007864.44,11,-7.36519,4,8681,1,0
44,1,1008754.1,1010564.56,12,0.0,4,8681,1,0
44,3,1008754.1,1010564.56,12,0.0,4,8681,1,0
341,1,1009055.8,1009189.4,8,1.23108,4,8685,1,0
341,3,1009055.8,1009189.4,8,1.23108,4,8685,1,0
371,1,1010403.2,1010649.94,9,0.127824,4,8685,1,0
371,3,1010403.2,1010649.94,9,0.127824,4,8685,1,0
237,4,1010684.3,1010756.3,7,-7.98749,4,8685,1,0
223,2,1013600.0,1015410.4,12,-15.342,4,8685,1,0
223,3,1013600.0,1015410.4,12,-15.342,4,8685,0,1
223,4,1013600.0,1015410.4,12,-15.342,4,8685,1,0
219,3,1015460.94,1015594.56,8,-9.28615,4,8681,1,0
385,1,1016047.06,1016119.0,7,11.8899,4,8681,1,0
263,3,1016441.6,1016894.3,10,-15.8503,4,8685,0,1
263,4,1016441.6,1016894.3,10,-15.8503,4,8685,1,0
393,1,1016549.2,1016682.8,8,-7.54906,4,8681,1,0
393,2,1016549.2,1016682.8,8,-7.54906,4,8681,1,0
393,3,1016549.2,1016682.8,8,-7.54906,4,8681,0,1
106,2,1017036.9,1017108.8,7,0.0,4,8681,1,0
106,3,1017036.9,1017108.8,7,0.0,4,8681,1,0
345,1,1018319.8,1019306.94,11,1.67268,4,8685,1,0
238,1,1021520.3,1021972.94,10,-13.7026,4,8685,1,0
192,2,1022446.6,1022693.44,9,5.32701,4,8685,1,0
233,1,1023121.6,1023574.25,10,-5.5367,4,8685,1,0
233,2,1023121.6,1023574.25,10,-5.5367,4,8685,1,0
233,3,1023121.6,1023574.25,10,-5.5367,4,8685,1,0
357,2,1025289.3,1026276.5,11,-14.491,4,8681,1,0
357,4,1025289.3,1026276.5,11,-14.491,4,8681,1,0
215,1,1025699.94,1025771.9,7,7.9209,4,8681,1,0
215,3,1025699.94,1025771.9,7,7.9209,4,8681,0,1
305,3,1025974.5,1026427.1,10,-3.28429,4,8683,0,1
305,4,1025974.5,1026427.1,10,-3.28429,4,8683,1,0
77,1,1026623.9,1026757.56,8,0.0,4,8681,1,0
108,4,1028541.25,1028993.9,10,0.0,4,8685,1,0
10,1,1028996.56,1029449.25,10,-4.95659,4,8681,1,0
137,2,1030240.9,1030693.5,10,-15.5182,4,8683,1,0
137,3,1030240.9,1030693.5,10,-15.5182,4,8683,1,0
145,3,1031645.75,1031779.44,8,-2.8914,4,8683,1,0
256,3,1031700.56,1031772.44,7,-9.3248,4,8683,1,0
253,2,1032109.1,1032242.8,8,-11.2485,4,8681,1,0
253,3,1032109.1,1032242.8,8,-11.2485,4,8681,1,0
150,1,1032380.5,1032627.3,9,-0.72026,4,8681,1,0
150,2,1032380.5,1032627.3,9,-0.72026,4,8681,1,0
383,1,1032665.6,1032737.56,7,5.4583,4,8683,1,0
383,3,1032665.6,1032737.56,7,5.4583,4,8683,1,0
306,1,1034101.7,1034348.5,9,-13.1748,4,8685,1,0
7,1,1037883.2,1038130.0,9,-5.29071,4,8681,1,0
7,3,1037883.2,1038130.0,9,-5.29071,4,8681,1,0
141,2,1038560.3,1039012.94,10,-10.892,4,8685,1,0
290,3,1040307.1,1040440.8,8,-4.06055,4,8683,0,1
271,3,1040433.7,1040680.56,9,12.022,4,8683,0,1
271,4,1040433.7,1040680.56,9,12.022,4,8683,1,0
353,1,1041666.5,1041800.2,8,-11.2305,4,8681,1,0
353,4,1041666.5,1041800.2,8,-11.2305,4,8681,1,0
335,4,1041980.4,1042052.25,7,-5.29961,4,8681,1,0
283,2,1042751.25,1042823.1,7,-9.06258,4,8681,1,0
302,1,1043075.56,1043322.4,9,-10.7957,4,8683,1,0
302,2,1043075.56,1043322.4,9,-10.7957,4,8683,1,0
252,3,1043456.56,1044443.75,11,-17.1122,4,8683,1,0
55,1,1043472.06,1043718.9,9,-8.28032,4,8685,1,0
55,4,1043472.06,1043718.9,9,-8.28032,4,8685,1,0
289,3,1045185.7,1045432.5,9,-9.74679,4,8685,1,0
133,2,1045445.3,1045517.2,7,-4.68468,4,8685,1,0
136,1,1045741.56,1045988.4,9,-9.98215,4,8681,1,0
136,4,1045741.56,1045988.4,9,-9.98215,4,8681,0,1
94,2,1048012.56,1048465.2,10,1.54181,4,8681,0,1
94,3,1048012.56,1048465.2,10,1.54181,4,8681,1,0
188,2,1049581.8,1050034.4,10,-8.75085,4,8685,1,0
188,3,1049581.8,1050034.4,10,-8.75085,4,8685,1,0
244,1,1051599.9,1051671.8,7,14.4573,4,8683,1,0
254,1,1052711.1,1052958.0,9,4.31811,4,8685,1,0
254,4,1052711.1,1052958.0,9,4.31811,4,8685,1,0
158,1,1054156.8,1054228.6,7,0.0,4,8681,1,0
344,1,1059539.0,1059785.9,9,-10.439,4,8683,1,0
344,3,1059539.0,1059785.9,9,-10.439,4,8683,1,0
255,1,1059705.6,1060692.8,11,-14.8553,4,8681,1,0
255,2,1059705.6,1060692.8,11,-14.8553,4,8681,1,0
255,4,1059705.6,1060692.8,11,-14.8553,4,8681,1,0
213,1,1059856.8,1060103.5,9,10.8815,4,8685,1,0
213,4,1059856.8,1060103.5,9,10.8815,4,8685,1,0
322,3,1059857.0,1060309.8,10,-15.5225,4,8685,1,0
312,2,1066847.2,1068657.8,12,-19.5601,4,8685,1,0
312,4,1066847.2,1068657.8,12,-19.5601,4,8685,1,0
363,3,1067487.8,1067559.8,7,-3.90802,4,8685,1,0
55,4,1068150.5,1068397.4,9,-10.1186,4,8683,1,0
233,1,1068382.5,1068835.1,10,0.702088,4,8683,1,0
233,3,1068382.5,1068835.1,10,0.702088,4,8683,0,1
196,2,1068882.9,1069016.6,8,-8.67393,4,8681,1,0
205,1,1068904.2,1068976.2,7,22.8045,4,8681,1,0
267,3,1069489.5,1069561.4,7,2.36789,4,8683,1,0
267,4,1069489.5,1069561.4,7,2.36789,4,8683,1,0
45,2,1070658.4,1070730.2,7,0.0,4,8685,1,0
246,2,1072688.4,1072822.0,8,0.859376,4,8681,1,0
136,2,1073765.8,1074012.6,9,-13.7496,4,8685,1,0
136,3,1073765.8,1074012.6,9,-13.7496,4,8685,1,0
120,1,1075176.5,1075423.4,9,-2.21994,4,8685,1,0
91,2,1075431.8,1075884.4,10,8.38965,4,8685,0,1
91,3,1075431.8,1075884.4,10,8.38965,4,8685,1,0
253,4,1075505.4,1075639.0,8,2.78107,4,8685,1,0
329,1,1076945.2,1077932.5,11,-11.1681,4,8681,0,1
329,2,1076945.2,1077932.5,11,-11.1681,4,8681,1,0
329,3,1076945.2,1077932.5,11,-11.1681,4,8681,1,0
329,4,1076945.2,1077932.5,11,-11.1681,4,8681,1,0
123,1,1079102.5,1079236.2,8,0.0,4,8683,1,0
123,2,1079102.5,1079236.2,8,0.0,4,8683,1,0
123,3,1079102.5,1079236.2,8,0.0,4,8683,1,0
123,4,1079102.5,1079236.2,8,0.0,4,8683,1,0
239,3,1081392.4,1081526.0,8,-10.4326,4,8683,1,0
132,1,1081684.6,1081818.2,8,-1.73109,4,8685,1,0
132,3,1081684.6,1081818.2,8,-1.73109,4,8685,1,0
8,3,1083345.8,1083417.6,7,-9.37065,4,8685,1,0
50,2,1085432.6,1085566.2,8,-8.90556,4,8685,1,0
50,3,1085432.6,1085566.2,8,-8.90556,4,8685,0,1
50,4,1085432.6,1085566.2,8,-8.90556,4,8685,1,0
307,1,1088436.8,1088508.6,7,8.97373,4,8685,1,0
307,3,1088436.8,1088508.6,7,8.97373,4,8685,1,0
307,4,1088436.8,1088508.6,7,8.97373,4,8685,1,0
295,2,1089774.5,1089908.2,8,-5.77901,4,8685,1,0
295,3,1089774.5,1089908.2,8,-5.77901,4,8685,1,0
393,1,1090662.9,1090796.5,8,-2.18483,4,8685,1,0
176,2,1090737.6,1090984.5,9,-12.896,4,8685,0,1
372,1,1091122.0,1092109.1,11,-19.1581,4,8685,0,1
372,2,1091122.0,1092109.1,11,-19.1581,4,8685,1,0
372,3,1091122.0,1092109.1,11,-19.1581,4,8685,1,0
372,4,1091122.0,1092109.1,11,-19.1581,4,8685,1,0
147,1,1091670.2,1091917.1,9,-8.80569,4,8681,0,1
147,2,1091670.2,1091917.1,9,-8.80569,4,8681,1,0
147,3,1091670.2,1091917.1,9,-8.80569,4,8681,1,0
276,1,1095512.2,1095584.1,7,21.2532,4,8683,1,0
276,2,1095512.2,1095584.1,7,21.2532,4,8683,1,0
276,4,1095512.2,1095584.1,7,21.2532,4,8683,1,0
179,1,1098085.8,1098219.4,8,6.66911,4,8685,1,0
179,3,1098085.8,1098219.4,8,6.66911,4,8685,1,0
25,2,1098265.0,1098336.9,7,10.5675,4,8681,1,0
12,2,1098678.8,1098812.4,8,-10.2113,4,8685,1,0
119,1,1098893.9,1098965.9,7,10.3276,4,8685,1,0
119,2,1098893.9,1098965.9,7,10.3276,4,8685,1,0
119,3,1098893.9,1098965.9,7,10.3276,4,8685,1,0
45,1,1099252.4,1099324.2,7,-4.3362,4,8683,1,0
45,3,1099252.4,1099324.2,7,-4.3362,4,8683,0,1
45,4,1099252.4,1099324.2,7,-4.3362,4,8683,1,0
120,1,1099854.9,1100101.6,9,-13.9029,4,8683,1,0
120,3,1099854.9,1100101.6,9,-13.9029,4,8683,1,0
376,2,1100358.4,1102168.9,12,-8.02054,4,8685,1,0
376,3,1100358.4,1102168.9,12,-8.02054,4,8685,0,1
327,2,1101427.8,1101499.6,7,5.69976,4,8683,1,0
327,3,1101427.8,1101499.6,7,5.69976,4,8683,0,1
289,3,1101975.5,1102222.2,9,-11.6109,4,8683,0,1
289,4,1101975.5,1102222.2,9,-11.6109,4,8683,1,0
362,3,1102407.5,1102654.2,9,-11.0871,4,8685,1,0
362,4,1102407.5,1102654.2,9,-11.0871,4,8685,1,0
322,1,1105117.8,1105570.4,10,-13.7198,4,8683,1,0
322,2,1105117.8,1105570.4,10,-13.7198,4,8683,1,0
322,3,1105117.8,1105570.4,10,-13.7198,4,8683,1,0
266,1,1106494.5,1106628.1,8,-9.16634,4,8685,1,0
266,2,1106494.5,1106628.1,8,-9.16634,4,8685,1,0
266,3,1106494.5,1106628.1,8,-9.16634,4,8685,1,0
266,4,1106494.5,1106628.1,8,-9.16634,4,8685,1,0
127,1,1107454.2,1108441.4,11,-12.8892,4,8681,1,0
127,2,1107454.2,1108441.4,11,-12.8892,4,8681,1,0
127,4,1107454.2,1108441.4,11,-12.8892,4,8681,1,0
39,2,1107636.5,1107708.4,7,3.83881,4,8681,1,0
39,4,1107636.5,1107708.4,7,3.83881,4,8681,1,0
10,1,1108235.0,1108687.6,10,-11.1405,4,8681,1,0
10,2,1108235.0,1108687.6,10,-11.1405,4,8681,1,0
283,3,1108713.8,1108785.6,7,-9.19977,4,8681,1,0
283,4,1108713.8,1108785.6,7,-9.19977,4,8681,1,0
365,1,1109240.4,1109312.2,7,11.4481,4,8685,1,0
201,2,1111696.2,1111768.2,7,-2.87799,4,8685,1,0
201,3,1111696.2,1111768.2,7,-2.87799,4,8685,1,0
292,1,1114118.2,1115105.5,11,-12.6562,4,8685,1,0
292,3,1114118.2,1115105.5,11,-12.6562,4,8685,0,1
403,4,1115707.9,1115954.8,9,-5.91453,4,8681,1,0
209,4,1116929.9,1117176.8,9,-8.14221,4,8685,1,0
302,1,1117534.2,1117781.1,9,7.89546,4,8683,0,1
302,2,1117534.2,1117781.1,9,7.89546,4,8683,1,0
124,1,1119503.0,1119749.9,9,-0.314574,4,8681,1,0
124,3,1119503.0,1119749.9,9,-0.314574,4,8681,1,0
124,4,1119503.0,1119749.9,9,-0.314574,4,8681,1,0
200,1,1119518.4,1119590.4,7,3.25551,4,8683,1,0
88,2,1124705.5,1124777.4,7,-4.7928,4,8685,1,0
88,3,1124705.5,1124777.4,7,-4.7928,4,8685,1,0
33,3,1124768.0,1125014.8,9,-5.76942,4,8685,1,0
33,4,1124768.0,1125014.8,9,-5.76942,4,8685,1,0
394,2,1125877.6,1126330.4,10,-15.5737,4,8681,1,0
394,3,1125877.6,1126330.4,10,-15.5737,4,8681,1,0
358,3,1126000.9,1126072.8,7,-2.64111,4,8685,1,0
178,3,1127904.6,1127976.5,7,0.0,4,8681,0,1
100,1,1130043.6,1130496.2,10,1.77275,4,8681,1,0
100,2,1130043.6,1130496.2,10,1.77275,4,8681,1,0
100,3,1130043.6,1130496.2,10,1.77275,4,8681,1,0
257,1,1130200.4,1130334.0,8,2.38908,4,8681,1,0
244,4,1136133.9,1136205.8,7,-9.32051,4,8683,1,0
171,1,1137033.2,1137485.9,10,-15.2586,4,8683,1,0
171,3,1137033.2,1137485.9,10,-15.2586,4,8683,1,0
294,1,1138642.8,1139095.4,10,-12.9762,4,8685,1,0
294,2,1138642.8,1139095.4,10,-12.9762,4,8685,1,0
294,3,1138642.8,1139095.4,10,-12.9762,4,8685,1,0
294,4,1138642.8,1139095.4,10,-12.9762,4,8685,1,0
198,3,1140122.1,1141932.5,12,0.0,4,8681,1,0
37,1,1140604.0,1140737.6,8,-7.97917,4,8685,1,0
37,2,1140604.0,1140737.6,8,-7.97917,4,8685,1,0
37,3,1140604.0,1140737.6,8,-7.97917,4,8685,1,0
401,1,1141143.9,1141277.6,8,-5.98015,4,8685,1,0
101,1,1142218.6,1143205.8,11,0.0,4,8685,0,1
101,2,1142218.6,1143205.8,11,0.0,4,8685,0,1
101,4,1142218.6,1143205.8,11,0.0,4,8685,0,1
371,1,1142422.0,1142668.9,9,-6.3822,4,8685,1,0
344,3,1142513.5,1142760.4,9,3.08955,4,8685,1,0
344,4,1142513.5,1142760.4,9,3.08955,4,8685,1,0
229,2,1143508.8,1144496.0,11,-3.2395,4,8685,0,1
229,3,1143508.8,1144496.0,11,-3.2395,4,8685,0,1
199,1,1143517.9,1143764.6,9,-11.2276,4,8685,1,0
199,2,1143517.9,1143764.6,9,-11.2276,4,8685,0,1
151,2,1144882.8,1144954.8,7,-5.23575,4,8683,1,0
151,3,1144882.8,1144954.8,7,-5.23575,4,8683,0,1
151,4,1144882.8,1144954.8,7,-5.23575,4,8683,1,0
231,3,1145345.4,1147155.8,12,-20.8605,4,8681,0,1
231,4,1145345.4,1147155.8,12,-20.8605,4,8681,1,0
205,1,1145434.9,1145506.8,7,0.0,4,8685,0,1
258,2,1146194.6,1146266.5,7,0.0,4,8681,1,0
385,1,1148839.4,1148911.2,7,5.28338,4,8685,1,0
385,4,1148839.4,1148911.2,7,5.28338,4,8685,1,0
313,1,1149514.2,1150501.5,11,13.1712,4,8685,1,0
389,2,1150100.5,1151910.9,12,-14.2701,4,8685,1,0
389,3,1150100.5,1151910.9,12,-14.2701,4,8685,1,0
389,4,1150100.5,1151910.9,12,-14.2701,4,8685,1,0
155,1,1150507.6,1150754.4,9,-4.2001,4,8683,1,0
155,4,1150507.6,1150754.4,9,-4.2001,4,8683,1,0
64,1,1151135.0,1151268.6,8,-1.49771,4,8681,1,0
64,2,1151135.0,1151268.6,8,-1.49771,4,8681,1,0
61,1,1151638.0,1151709.9,7,0.0,4,8681,1,0
61,4,1151638.0,1151709.9,7,0.0,4,8681,1,0
85,2,1152105.5,1152177.4,7,14.3105,4,8685,1,0
85,3,1152105.5,1152177.4,7,14.3105,4,8685,1,0
17,1,1152755.2,1154565.6,12,14.1956,4,8685,1,0
17,2,1152755.2,1154565.6,12,14.1956,4,8685,1,0
17,3,1152755.2,1154565.6,12,14.1956,4,8685,0,1
154,1,1153150.5,1153397.4,9,15.5918,4,8683,1,0
154,2,1153150.5,1153397.4,9,15.5918,4,8683,1,0
363,2,1154590.4,1154662.2,7,-9.35414,4,8683,1,0
363,4,1154590.4,1154662.2,7,-9.35414,4,8683,1,0
380,1,1155126.0,1156936.4,12,-3.68831,4,8685,1,0
380,2,1155126.0,1156936.4,12,-3.68831,4,8685,0,1
380,3,1155126.0,1156936.4,12,-3.68831,4,8685,0,1
245,2,1155140.5,1156950.9,12,-13.4189,4,8681,0,1
245,4,1155140.5,1156950.9,12,-13.4189,4,8681,0,1
92,1,1156094.2,1156227.9,8,-5.86145,4,8683,1,0
146,3,1156761.0,1158571.4,12,-9.98051,4,8685,0,1
146,4,1156761.0,1158571.4,12,-9.98051,4,8685,1,0
65,1,1158248.2,1158320.2,7,-4.89783,4,8681,1,0
65,2,1158248.2,1158320.2,7,-4.89783,4,8681,1,0
65,4,1158248.2,1158320.2,7,-4.89783,4,8681,1,0
218,4,1160052.8,1160124.6,7,6.55587,4,8681,1,0
21,2,1160265.4,1160718.0,10,-8.00339,4,8685,1,0
21,3,1160265.4,1160718.0,10,-8.00339,4,8685,1,0
21,4,1160265.4,1160718.0,10,-8.00339,4,8685,1,0
356,3,1160392.9,1160464.8,7,-0.435271,4,8681,1,0
112,3,1160503.5,1162314.0,12,0.0,4,8683,1,0
121,1,1160507.0,1160640.6,8,5.00682,4,8685,1,0
121,2,1160507.0,1160640.6,8,5.00682,4,8685,1,0
130,3,1161996.6,1162130.2,8,5.92049,4,8685,1,0
233,1,1163070.9,1163523.5,10,-10.9066,4,8685,1,0
233,3,1163070.9,1163523.5,10,-10.9066,4,8685,0,1
233,4,1163070.9,1163523.5,10,-10.9066,4,8685,1,0
255,1,1164190.4,1165177.6,11,-14.9064,4,8685,1,0
255,2,1164190.4,1165177.6,11,-14.9064,4,8685,1,0
255,4,1164190.4,1165177.6,11,-14.9064,4,8685,1,0
203,2,1164194.6,1166005.0,12,-6.82146,4,8685,1,0
203,3,1164194.6,1166005.0,12,-6.82146,4,8685,1,0
239,1,1164276.8,1164410.4,8,-2.51363,4,8685,1,0
239,2,1164276.8,1164410.4,8,-2.51363,4,8685,1,0
239,3,1164276.8,1164410.4,8,-2.51363,4,8685,1,0
239,4,1164276.8,1164410.4,8,-2.51363,4,8685,1,0
356,2,1167586.4,1167658.4,7,-2.36771,4,8685,0,1
306,1,1168272.4,1168519.1,9,-1.92923,4,8683,1,0
306,2,1168272.4,1168519.1,9,-1.92923,4,8683,0,1
42,2,1168474.8,1168546.6,7,-2.56293,4,8685,1,0
348,2,1169286.5,1171096.9,12,-7.12024,4,8685,1,0
348,3,1169286.5,1171096.9,12,-7.12024,4,8685,1,0
348,4,1169286.5,1171096.9,12,-7.12024,4,8685,1,0
379,3,1169500.0,1169633.6,8,-9.35187,4,8681,1,0
110,2,1170039.6,1170111.6,7,12.322,4,8685,1,0
235,2,1171415.2,1171549.0,8,0.0,4,8681,1,0
235,3,1171415.2,1171549.0,8,0.0,4,8681,1,0
369,1,1171754.0,1171887.8,8,-9.97838,4,8681,1,0
369,3,1171754.0,1171887.8,8,-9.97838,4,8681,1,0
369,4,1171754.0,1171887.8,8,-9.97838,4,8681,1,0
109,3,1172282.1,1172354.0,7,-1.73575,4,8685,1,0
270,2,1174136.5,1174208.4,7,15.7329,4,8685,1,0
270,3,1174136.5,1174208.4,7,15.7329,4,8685,1,0
270,4,1174136.5,1174208.4,7,15.7329,4,8685,1,0
130,1,1175454.6,1175588.2,8,-5.30232,4,8683,1,0
130,3,1175454.6,1175588.2,8,-5.30232,4,8683,1,0
176,4,1175950.6,1176197.5,9,3.70025,4,8683,1,0
145,2,1176978.4,1177112.0,8,-5.11777,4,8685,1,0
145,3,1176978.4,1177112.0,8,-5.11777,4,8685,1,0
99,2,1177061.2,1177133.1,7,7.54586,4,8681,1,0
99,3,1177061.2,1177133.1,7,7.54586,4,8681,1,0
5,3,1180426.9,1180498.8,7,-6.4671,4,8685,1,0
320,3,1180964.9,1181952.0,11,-3.09677,4,8685,0,1
320,4,1180964.9,1181952.0,11,-3.09677,4,8685,1,0
308,1,1181195.5,1181267.5,7,-7.5274,4,8685,1,0
308,2,1181195.5,1181267.5,7,-7.5274,4,8685,1,0
318,2,1181607.4,1181679.4,7,12.3325,4,8685,1,0
82,1,1184046.5,1184118.4,7,-9.06657,4,8683,0,1
82,3,1184046.5,1184118.4,7,-9.06657,4,8683,1,0
82,4,1184046.5,1184118.4,7,-9.06657,4,8683,1,0
131,2,1185060.1,1186870.6,12,-20.2898,4,8685,1,0
131,4,1185060.1,1186870.6,12,-20.2898,4,8685,1,0
70,3,1187162.4,1187615.0,10,-16.5128,4,8685,1,0
50,4,1187413.9,1187547.5,8,-7.52292,4,8685,1,0
295,1,1190069.5,1190203.1,8,-6.37488,4,8683,1,0
295,3,1190069.5,1190203.1,8,-6.37488,4,8683,0,1
295,4,1190069.5,1190203.1,8,-6.37488,4,8683,1,0
201,2,1190117.5,1190189.5,7,-3.75247,4,8683,1,0
201,3,1190117.5,1190189.5,7,-3.75247,4,8683,0,1
332,3,1191308.2,1191555.0,9,-6.23483,4,8681,1,0
332,4,1191308.2,1191555.0,9,-6.23483,4,8681,1,0
119,1,1191316.5,1191388.4,7,-4.03529,4,8683,1,0
119,4,1191316.5,1191388.4,7,-4.03529,4,8683,1,0
61,1,1191448.9,1191520.8,7,-0.179626,4,8685,1,0
61,2,1191448.9,1191520.8,7,-0.179626,4,8685,1,0
232,1,1192311.0,1193298.2,11,-14.4528,4,8685,0,1
232,2,1192311.0,1193298.2,11,-14.4528,4,8685,1,0
379,1,1192868.9,1193002.6,8,-2.81644,4,8685,1,0
379,3,1192868.9,1193002.6,8,-2.81644,4,8685,1,0
83,3,1193413.1,1193485.0,7,-6.91449,4,8681,1,0
183,1,1193428.8,1195239.1,12,-11.7354,4,8685,0,1
183,2,1193428.8,1195239.1,12,-11.7354,4,8685,0,1
183,3,1193428.8,1195239.1,12,-11.7354,4,8685,0,1
188,2,1193565.8,1194018.4,10,-9.64448,4,8683,0,1
188,3,1193565.8,1194018.4,10,-9.64448,4,8683,1,0
188,4,1193565.8,1194018.4,10,-9.64448,4,8683,1,0
317,1,1193653.8,1193900.6,9,10.7946,4,8683,1,0
317,3,1193653.8,1193900.6,9,10.7946,4,8683,1,0
317,4,1193653.8,1193900.6,9,10.7946,4,8683,1,0
223,3,1194643.2,1196453.6,12,-20.7468,4,8685,1,0
223,4,1194643.2,1196453.6,12,-20.7468,4,8685,1,0
206,1,1194768.2,1195015.0,9,-12.3859,4,8685,0,1
377,4,1195065.1,1195137.1,7,-7.90916,4,8685,1,0
158,2,1195964.8,1196036.6,7,0.0,4,8681,1,0
92,1,1198098.1,1198231.8,8,-11.9332,4,8685,1,0
92,2,1198098.1,1198231.8,8,-11.9332,4,8685,1,0
92,4,1198098.1,1198231.8,8,-11.9332,4,8685,1,0
96,2,1199295.0,1199428.8,8,-8.27652,4,8685,1,0
96,3,1199295.0,1199428.8,8,-8.27652,4,8685,1,0
66,1,1199947.9,1200019.8,7,-8.06758,4,8681,1,0
114,1,1200622.9,1200756.6,8,-11.6374,4,8681,1,0
114,3,1200622.9,1200756.6,8,-11.6374,4,8681,1,0
68,2,1201135.5,1201588.1,10,-14.6505,4,8685,1,0
68,3,1201135.5,1201588.1,10,-14.6505,4,8685,0,1
51,1,1202287.5,1202534.2,9,0.0,4,8685,1,0
220,3,1202351.8,1202423.8,7,-0.10559,4,8683,0,1
74,4,1202545.1,1202617.1,7,-3.41823,4,8681,1,0
132,2,1205172.5,1205306.1,8,-4.91598,4,8685,1,0
132,3,1205172.5,1205306.1,8,-4.91598,4,8685,1,0
208,2,1205276.6,1207087.0,12,-17.4683,4,8685,0,1
208,3,1205276.6,1207087.0,12,-17.4683,4,8685,0,1
265,3,1205327.0,1205398.9,7,-3.82175,4,8681,1,0
265,4,1205327.0,1205398.9,7,-3.82175,4,8681,0,1
296,2,1206151.8,1206604.4,10,-14.695,4,8681,0,1
296,3,1206151.8,1206604.4,10,-14.695,4,8681,0,1
296,4,1206151.8,1206604.4,10,-14.695,4,8681,1,0
127,1,1206167.9,1207155.0,11,-7.80684,4,8681,1,0
127,2,1206167.9,1207155.0,11,-7.80684,4,8681,0,1
127,4,1206167.9,1207155.0,11,-7.80684,4,8681,1,0
237,1,1206183.5,1206255.4,7,-4.50461,4,8685,1,0
237,4,1206183.5,1206255.4,7,-4.50461,4,8685,1,0
9,1,1208080.1,1208213.8,8,-5.05574,4,8685,1,0
9,4,1208080.1,1208213.8,8,-5.05574,4,8685,1,0
233,1,1208331.8,1208784.4,10,-3.15951,4,8683,1,0
233,3,1208331.8,1208784.4,10,-3.15951,4,8683,1,0
91,2,1208732.9,1209185.5,10,1.3445,4,8685,1,0
91,3,1208732.9,1209185.5,10,1.3445,4,8685,1,0
91,4,1208732.9,1209185.5,10,1.3445,4,8685,1,0
186,3,1209069.1,1209141.0,7,0.311173,4,8681,1,0
186,4,1209069.1,1209141.0,7,0.311173,4,8681,1,0
301,3,1211129.4,1212116.6,11,-17.2236,4,8681,1,0
301,4,1211129.4,1212116.6,11,-17.2236,4,8681,1,0
391,2,1211472.8,1211544.6,7,-6.15602,4,8685,0,1
391,3,1211472.8,1211544.6,7,-6.15602,4,8685,1,0
292,2,1212831.9,1213819.1,11,-11.0155,4,8685,1,0
292,3,1212831.9,1213819.1,11,-11.0155,4,8685,1,0
299,1,1213441.5,1213688.4,9,-4.24826,4,8681,1,0
299,2,1213441.5,1213688.4,9,-4.24826,4,8681,1,0
34,2,1214056.6,1214509.2,10,-16.3343,4,8681,1,0
34,4,1214056.6,1214509.2,10,-16.3343,4,8681,1,0
230,2,1214568.9,1214640.8,7,6.04251,4,8683,1,0
256,2,1214995.4,1215067.2,7,28.2417,4,8685,1,0
256,4,1214995.4,1215067.2,7,28.2417,4,8685,1,0
338,1,1215124.6,1215371.5,9,-5.75587,4,8685,1,0
287,2,1215668.4,1215740.2,7,-4.2736,4,8685,0,1
287,3,1215668.4,1215740.2,7,-4.2736,4,8685,1,0
83,1,1217070.8,1217142.8,7,3.87177,4,8685,1,0
80,1,1218298.5,1218370.4,7,10.3807,4,8681,1,0
80,3,1218298.5,1218370.4,7,10.3807,4,8681,1,0
220,2,1221922.0,1221993.9,7,-2.60649,4,8683,1,0
220,3,1221922.0,1221993.9,7,-2.60649,4,8683,1,0
114,3,1222213.9,1222347.5,8,-11.6123,4,8685,1,0
193,2,1224243.8,1224377.5,8,0.0,4,8685,1,0
193,3,1224243.8,1224377.5,8,0.0,4,8685,1,0
35,1,1224300.9,1225288.1,11,-14.2477,4,8681,1,0
35,2,1224300.9,1225288.1,11,-14.2477,4,8681,1,0
35,3,1224300.9,1225288.1,11,-14.2477,4,8681,1,0
64,1,1225159.6,1225293.4,8,-5.07246,4,8685,1,0
64,2,1225159.6,1225293.4,8,-5.07246,4,8685,1,0
64,4,1225159.6,1225293.4,8,-5.07246,4,8685,1,0
97,2,1225272.1,1225724.8,10,-5.01778,4,8685,1,0
97,3,1225272.1,1225724.8,10,-5.01778,4,8685,1,0
97,4,1225272.1,1225724.8,10,-5.01778,4,8685,1,0
5,2,1225804.4,1225876.2,7,-6.70529,4,8685,1,0
5,3,1225804.4,1225876.2,7,-6.70529,4,8685,1,0
140,2,1227818.6,1227952.2,8,-2.68396,4,8685,1,0
140,4,1227818.6,1227952.2,8,-2.68396,4,8685,1,0
26,1,1229990.2,1230977.4,11,-15.2156,4,8685,1,0
26,3,1229990.2,1230977.4,11,-15.2156,4,8685,1,0
26,4,1229990.2,1230977.4,11,-15.2156,4,8685,1,0
263,4,1230732.6,1231185.2,10,-6.02623,4,8683,1,0
19,1,1231119.5,1231572.1,10,-15.681,4,8683,1,0
19,3,1231119.5,1231572.1,10,-15.681,4,8683,1,0
19,4,1231119.5,1231572.1,10,-15.681,4,8683,1,0
130,3,1231324.9,1231458.5,8,5.10969,4,8685,1,0
399,3,1232257.5,1234067.9,12,0.0,4,8681,0,1
27,2,1234248.2,1234495.1,9,-8.27617,4,8681,1,0
27,3,1234248.2,1234495.1,9,-8.27617,4,8681,1,0
168,1,1235209.9,1235456.6,9,-7.52693,4,8681,1,0
168,4,1235209.9,1235456.6,9,-7.52693,4,8681,1,0
156,4,1235270.9,1236258.0,11,-5.08807,4,8683,1,0
30,1,1237369.8,1238356.9,11,-14.0131,4,8685,1,0
30,2,1237369.8,1238356.9,11,-14.0131,4,8685,1,0
30,3,1237369.8,1238356.9,11,-14.0131,4,8685,1,0
264,2,1238580.9,1238714.6,8,-10.3742,4,8685,1,0
244,1,1238926.0,1238997.9,7,3.35769,4,8681,1,0
244,4,1238926.0,1238997.9,7,3.35769,4,8681,1,0
57,2,1239606.6,1239853.4,9,-12.406,4,8685,0,1
337,2,1240570.5,1242381.0,12,-14.4737,4,8685,0,1
397,1,1241855.6,1241927.5,7,0.0,4,8681,1,0
397,4,1241855.6,1241927.5,7,0.0,4,8681,1,0
215,3,1242359.4,1242431.2,7,28.3623,4,8685,1,0
374,3,1242441.2,1242893.9,10,1.63596,4,8685,1,0
374,4,1242441.2,1242893.9,10,1.63596,4,8685,1,0
135,1,1242510.2,1242757.1,9,-3.07599,4,8683,1,0
185,3,1243810.4,1244263.0,10,-14.2802,4,8681,1,0
340,1,1244174.1,1244246.0,7,-6.22696,4,8681,1,0
340,3,1244174.1,1244246.0,7,-6.22696,4,8681,1,0
69,2,1244497.4,1244950.1,10,-3.46142,4,8681,1,0
69,4,1244497.4,1244950.1,10,-3.46142,4,8681,1,0
12,4,1244850.6,1244984.2,8,0.0,4,8685,1,0
332,1,1248203.9,1248450.6,9,-12.0186,4,8685,1,0
332,2,1248203.9,1248450.6,9,-12.0186,4,8685,1,0
328,1,1248239.8,1249226.9,11,-6.65443,4,8681,1,0
133,2,1249288.2,1249360.1,7,22.1935,4,8683,1,0
133,3,1249288.2,1249360.1,7,22.1935,4,8683,1,0
276,2,1249640.9,1249712.8,7,-7.01993,4,8683,1,0
276,3,1249640.9,1249712.8,7,-7.01993,4,8683,1,0
276,4,1249640.9,1249712.8,7,-7.01993,4,8683,1,0
199,2,1250539.0,1250785.9,9,1.34255,4,8683,1,0
199,4,1250539.0,1250785.9,9,1.34255,4,8683,1,0
310,3,1253302.2,1253435.9,8,6.18746,4,8683,1,0
310,4,1253302.2,1253435.9,8,6.18746,4,8683,1,0
77,1,1257518.1,1257651.8,8,-1.2531,4,8685,1,0
123,1,1257924.1,1258057.8,8,5.75686,4,8685,1,0
326,3,1258848.8,1258982.4,8,-4.43106,4,8683,1,0
240,1,1259670.6,1259742.5,7,0.0,4,8685,1,0
240,2,1259670.6,1259742.5,7,0.0,4,8685,1,0
240,4,1259670.6,1259742.5,7,0.0,4,8685,1,0
282,1,1261169.5,1262980.0,12,-3.07728,4,8685,1,0
282,2,1261169.5,1262980.0,12,-3.07728,4,8685,1,0
282,4,1261169.5,1262980.0,12,-3.07728,4,8685,1,0
391,3,1261745.4,1261817.2,7,0.0,4,8685,0,1
87,2,1262287.0,1262533.9,9,-9.50748,4,8681,1,0
87,3,1262287.0,1262533.9,9,-9.50748,4,8681,1,0
87,4,1262287.0,1262533.9,9,-9.50748,4,8681,1,0
266,1,1262575.6,1262709.4,8,-2.11796,4,8683,1,0
266,3,1262575.6,1262709.4,8,-2.11796,4,8683,1,0
378,3,1265354.0,1265425.9,7,5.28597,4,8685,1,0
381,2,1266279.6,1266351.5,7,-5.19482,4,8683,1,0
381,3,1266279.6,1266351.5,7,-5.19482,4,8683,1,0
381,4,1266279.6,1266351.5,7,-5.19482,4,8683,1,0
383,1,1266950.8,1267022.8,7,-9.05275,4,8683,1,0
400,2,1269464.1,1269536.0,7,1.26479,4,8685,1,0
175,1,1269895.5,1270142.4,9,-4.73794,4,8685,1,0
175,2,1269895.5,1270142.4,9,-4.73794,4,8685,1,0
175,3,1269895.5,1270142.4,9,-4.73794,4,8685,1,0
97,1,1272048.0,1272500.6,10,-11.9002,4,8683,1,0
97,3,1272048.0,1272500.6,10,-11.9002,4,8683,1,0
82,3,1272911.9,1272983.8,7,7.03564,4,8685,1,0
242,1,1273279.1,1273351.1,7,1.17136,4,8681,1,0
242,4,1273279.1,1273351.1,7,1.17136,4,8681,1,0
170,2,1273540.1,1273673.9,8,-0.859298,4,8683,1,0
170,4,1273540.1,1273673.9,8,-0.859298,4,8683,1,0
330,1,1273718.4,1273790.2,7,4.81071,4,8681,1,0
25,2,1275412.6,1275484.5,7,2.58794,4,8685,1,0
25,4,1275412.6,1275484.5,7,2.58794,4,8685,1,0
311,2,1276572.6,1276819.5,9,-9.88304,4,8685,1,0
311,4,1276572.6,1276819.5,9,-9.88304,4,8685,1,0
257,1,1276830.0,1276963.6,8,-9.89238,4,8685,1,0
253,2,1277067.0,1277200.6,8,-0.598663,4,8685,1,0
253,3,1277067.0,1277200.6,8,-0.598663,4,8685,1,0
346,1,1278304.5,1278757.1,10,-8.13295,4,8685,1,0
346,4,1278304.5,1278757.1,10,-8.13295,4,8685,1,0
234,2,1278992.8,1279445.4,10,-12.5226,4,8683,1,0
215,3,1279400.1,1279472.0,7,40.2176,4,8685,1,0
376,2,1281401.6,1283212.0,12,-13.9979,4,8683,1,0
376,3,1281401.6,1283212.0,12,-13.9979,4,8683,1,0
38,2,1282081.8,1282328.6,9,-7.81953,4,8681,1,0
18,2,1283976.1,1284109.8,8,-6.6532,4,8685,1,0
18,4,1283976.1,1284109.8,8,-6.6532,4,8685,1,0
387,2,1284617.1,1284689.0,7,-2.52093,4,8681,1,0
387,3,1284617.1,1284689.0,7,-2.52093,4,8681,1,0
387,4,1284617.1,1284689.0,7,-2.52093,4,8681,1,0
374,3,1287702.1,1288154.8,10,0.0,4,8685,1,0
318,1,1287996.4,1288068.2,7,-6.14242,4,8683,1,0
240,1,1289146.6,1289218.5,7,8.52509,4,8685,1,0
240,3,1289146.6,1289218.5,7,8.52509,4,8685,1,0
69,3,1289758.1,1290210.9,10,-0.940261,4,8681,1,0
278,3,1289840.4,1289974.0,8,-8.87738,4,8683,1,0
278,4,1289840.4,1289974.0,8,-8.87738,4,8683,1,0
237,1,1290951.0,1291023.0,7,0.0,4,8683,1,0
232,1,1291024.6,1292011.9,11,0.0,4,8685,1,0
232,4,1291024.6,1292011.9,11,0.0,4,8685,0,1
94,4,1291360.5,1291813.1,10,7.64195,4,8685,1,0
370,1,1292742.6,1293729.9,11,-6.65446,4,8683,1,0
370,4,1292742.6,1293729.9,11,-6.65446,4,8683,0,1
393,1,1295530.6,1295664.2,8,-9.66492,4,8685,1,0
338,4,1297513.2,1297760.1,9,-14.1699,4,8683,1,0
105,1,1298397.1,1298469.0,7,-2.42174,4,8685,1,0
105,4,1298397.1,1298469.0,7,-2.42174,4,8685,1,0
233,1,1299102.8,1299555.4,10,4.93765,4,8683,1,0
233,2,1299102.8,1299555.4,10,4.93765,4,8683,1,0
233,3,1299102.8,1299555.4,10,4.93765,4,8683,1,0
233,4,1299102.8,1299555.4,10,4.93765,4,8683,0,1
80,1,1300093.9,1300165.8,7,8.78116,4,8685,1,0
80,4,1300093.9,1300165.8,7,8.78116,4,8685,1,0
369,2,1302129.2,1302263.0,8,-1.88167,4,8681,0,1
369,3,1302129.2,1302263.0,8,-1.88167,4,8681,1,0
122,3,1302705.8,1302952.5,9,6.4772,4,8685,1,0
121,1,1302813.2,1302946.9,8,2.12006,4,8685,1,0
121,2,1302813.2,1302946.9,8,2.12006,4,8685,1,0
121,3,1302813.2,1302946.9,8,2.12006,4,8685,1,0
271,1,1302896.2,1303143.1,9,0.0,4,8685,1,0
142,1,1303163.0,1303234.9,7,0.0,4,8685,1,0
174,2,1303582.0,1305392.5,12,0.0,4,8681,0,1
174,4,1303582.0,1305392.5,12,0.0,4,8681,1,0
265,1,1304038.5,1304110.4,7,11.4126,4,8681,1,0
373,2,1304560.0,1305012.8,10,0.0,4,8685,1,0
225,1,1307029.8,1307482.4,10,-10.9262,4,8685,1,0
225,3,1307029.8,1307482.4,10,-10.9262,4,8685,1,0
120,1,1307072.0,1307318.9,9,-13.3642,4,8685,1,0
120,3,1307072.0,1307318.9,9,-13.3642,4,8685,1,0
367,2,1307728.9,1307862.5,8,0.470017,4,8685,1,0
254,1,1309025.5,1309272.4,9,-8.15544,4,8683,1,0
254,3,1309025.5,1309272.4,9,-8.15544,4,8683,1,0
254,4,1309025.5,1309272.4,9,-8.15544,4,8683,1,0
307,1,1309084.1,1309156.0,7,-5.92319,4,8683,1,0
307,4,1309084.1,1309156.0,7,-5.92319,4,8683,1,0
329,2,1309320.8,1310308.0,11,-10.3265,4,8685,1,0
329,4,1309320.8,1310308.0,11,-10.3265,4,8685,1,0
50,2,1309673.8,1309807.4,8,-3.13905,4,8683,1,0
50,4,1309673.8,1309807.4,8,-3.13905,4,8683,1,0
152,4,1310521.4,1310593.2,7,-8.26433,4,8685,1,0
224,1,1310760.9,1310894.5,8,-10.9494,4,8681,1,0
224,4,1310760.9,1310894.5,8,-10.9494,4,8681,1,0
204,3,1310940.5,1311012.5,7,3.1827,4,8685,1,0
292,3,1311545.5,1312532.8,11,-7.22563,4,8683,0,1
325,1,1312882.1,1313334.8,10,-6.4352,4,8685,0,1
299,2,1313008.2,1313255.1,9,-3.37283,4,8685,1,0
299,4,1313008.2,1313255.1,9,-3.37283,4,8685,1,0
318,2,1316751.5,1316823.4,7,-1.25175,4,8683,1,0
211,1,1316799.5,1316871.5,7,5.83975,4,8685,1,0
211,2,1316799.5,1316871.5,7,5.83975,4,8685,1,0
211,3,1316799.5,1316871.5,7,5.83975,4,8685,1,0
82,3,1316969.8,1317041.6,7,-9.21728,4,8683,1,0
82,4,1316969.8,1317041.6,7,-9.21728,4,8683,1,0
294,1,1319107.9,1319560.5,10,0.0,4,8685,1,0
294,3,1319107.9,1319560.5,10,0.0,4,8685,1,0
294,4,1319107.9,1319560.5,10,0.0,4,8685,0,1
193,1,1319677.1,1319810.8,8,0.0,4,8683,1,0
193,3,1319677.1,1319810.8,8,0.0,4,8683,1,0
228,1,1319986.6,1320058.5,7,0.0,4,8685,1,0
228,4,1319986.6,1320058.5,7,0.0,4,8685,0,1
367,1,1321092.0,1321225.8,8,8.07506,4,8685,1,0
163,1,1322085.8,1323072.9,11,-19.3486,4,8681,0,1
163,2,1322085.8,1323072.9,11,-19.3486,4,8681,1,0
163,3,1322085.8,1323072.9,11,-19.3486,4,8681,0,1
216,2,1322561.1,1322633.0,7,2.40346,4,8681,1,0
224,4,1324124.0,1324257.8,8,-6.77107,4,8685,1,0
227,2,1324674.5,1324746.5,7,-6.48889,4,8685,1,0
311,4,1325944.2,1326191.0,9,-12.565,4,8683,1,0
231,1,1326388.5,1328199.0,12,-18.1561,4,8685,1,0
231,2,1326388.5,1328199.0,12,-18.1561,4,8685,1,0
231,4,1326388.5,1328199.0,12,-18.1561,4,8685,1,0
27,2,1328056.2,1328303.1,9,13.3335,4,8681,1,0
27,4,1328056.2,1328303.1,9,13.3335,4,8681,1,0
258,2,1328199.5,1328271.4,7,4.62364,4,8685,1,0
258,4,1328199.5,1328271.4,7,4.62364,4,8685,1,0
139,4,1328513.5,1328966.1,10,-8.5392,4,8685,1,0
26,1,1328703.9,1329691.0,11,2.08795,4,8683,1,0
26,2,1328703.9,1329691.0,11,2.08795,4,8683,0,1
26,3,1328703.9,1329691.0,11,2.08795,4,8683,1,0
26,4,1328703.9,1329691.0,11,2.08795,4,8683,1,0
45,3,1329401.0,1329472.9,7,-7.06508,4,8683,1,0
317,1,1333119.2,1333366.1,9,-5.45349,4,8685,1,0
317,2,1333119.2,1333366.1,9,-5.45349,4,8685,1,0
317,3,1333119.2,1333366.1,9,-5.45349,4,8685,1,0
17,2,1333798.5,1335608.9,12,-5.08906,4,8683,1,0
17,3,1333798.5,1335608.9,12,-5.08906,4,8683,1,0
380,1,1336169.2,1337979.6,12,-20.8944,4,8683,1,0
380,2,1336169.2,1337979.6,12,-20.8944,4,8683,1,0
245,2,1336183.8,1337994.1,12,-0.568694,4,8681,1,0
245,4,1336183.8,1337994.1,12,-0.568694,4,8681,1,0
153,1,1336917.6,1337164.4,9,-2.45012,4,8681,1,0
153,2,1336917.6,1337164.4,9,-2.45012,4,8681,1,0
146,2,1337804.2,1339614.6,12,0.0,4,8683,1,0
146,4,1337804.2,1339614.6,12,0.0,4,8683,1,0
250,1,1337967.6,1338101.4,8,4.06395,4,8685,1,0
250,2,1337967.6,1338101.4,8,4.06395,4,8685,1,0
250,3,1337967.6,1338101.4,8,4.06395,4,8685,1,0
250,4,1337967.6,1338101.4,8,4.06395,4,8685,1,0
217,3,1338031.1,1338483.8,10,-16.8015,4,8685,1,0
217,4,1338031.1,1338483.8,10,-16.8015,4,8685,1,0
331,2,1339543.2,1339676.9,8,0.0,4,8681,1,0
331,3,1339543.2,1339676.9,8,0.0,4,8681,1,0
320,1,1340744.6,1341731.8,11,-6.56254,4,8685,0,1
320,4,1340744.6,1341731.8,11,-6.56254,4,8685,1,0
242,4,1340793.6,1340865.5,7,2.19058,4,8685,1,0
271,1,1341089.4,1341336.1,9,-0.54724,4,8683,0,1
271,3,1341089.4,1341336.1,9,-0.54724,4,8683,1,0
271,4,1341089.4,1341336.1,9,-0.54724,4,8683,1,0
219,1,1341163.1,1341296.8,8,5.7579,4,8685,1,0
219,3,1341163.1,1341296.8,8,5.7579,4,8685,1,0
159,4,1342439.2,1342511.1,7,3.25644,4,8683,1,0
203,2,1345237.8,1347048.2,12,-11.9203,4,8683,1,0
203,3,1345237.8,1347048.2,12,-11.9203,4,8683,1,0
203,4,1345237.8,1347048.2,12,-11.9203,4,8683,1,0
379,1,1346307.0,1346440.6,8,-7.82315,4,8685,1,0
379,2,1346307.0,1346440.6,8,-7.82315,4,8685,1,0
379,3,1346307.0,1346440.6,8,-7.82315,4,8685,1,0
14,1,1348147.4,1348219.2,7,14.8032,4,8683,1,0
14,4,1348147.4,1348219.2,7,14.8032,4,8683,1,0
147,3,1349945.6,1350192.5,9,24.2535,4,8685,1,0
348,2,1350329.8,1352140.1,12,-4.17642,4,8685,0,1
348,3,1350329.8,1352140.1,12,-4.17642,4,8685,1,0
348,4,1350329.8,1352140.1,12,-4.17642,4,8685,1,0
256,2,1350619.2,1350691.1,7,24.366,4,8683,1,0
256,4,1350619.2,1350691.1,7,24.366,4,8683,1,0
11,3,1351151.6,1351398.5,9,-13.6171,4,8681,1,0
272,2,1351218.1,1351465.0,9,-12.3752,4,8685,1,0
272,4,1351218.1,1351465.0,9,-12.3752,4,8685,1,0
158,1,1351580.9,1351652.9,7,3.97104,4,8685,1,0
158,4,1351580.9,1351652.9,7,3.97104,4,8685,1,0
277,2,1351968.1,1352215.0,9,-10.8655,4,8685,1,0
354,2,1352643.6,1352890.5,9,-6.53296,4,8685,1,0
354,3,1352643.6,1352890.5,9,-6.53296,4,8685,1,0
128,1,1353109.5,1353356.4,9,16.4913,4,8685,1,0
128,3,1353109.5,1353356.4,9,16.4913,4,8685,1,0
128,4,1353109.5,1353356.4,9,16.4913,4,8685,1,0
355,2,1353622.2,1353869.0,9,0.0,4,8681,1,0
355,4,1353622.2,1353869.0,9,0.0,4,8681,1,0
191,2,1353868.1,1354115.0,9,0.0,4,8685,1,0
191,3,1353868.1,1354115.0,9,0.0,4,8685,1,0
191,4,1353868.1,1354115.0,9,0.0,4,8685,1,0
150,1,1354269.4,1354516.2,9,-11.0304,4,8685,1,0
127,1,1355611.8,1356598.9,11,0.0,4,8685,1,0
127,3,1355611.8,1356598.9,11,0.0,4,8685,0,1
127,4,1355611.8,1356598.9,11,0.0,4,8685,0,1
65,1,1356409.1,1356481.1,7,0.0,4,8685,1,0
65,2,1356409.1,1356481.1,7,0.0,4,8685,1,0
65,4,1356409.1,1356481.1,7,0.0,4,8685,0,1
243,3,1357148.1,1357600.8,10,7.11987,4,8685,1,0
243,4,1357148.1,1357600.8,10,7.11987,4,8685,1,0
300,3,1357345.5,1357479.1,8,-9.45854,4,8681,1,0
300,4,1357345.5,1357479.1,8,-9.45854,4,8681,1,0
66,1,1358587.1,1358659.0,7,-5.2415,4,8681,0,1
66,2,1358587.1,1358659.0,7,-5.2415,4,8681,1,0
66,3,1358587.1,1358659.0,7,-5.2415,4,8681,1,0
266,1,1360069.6,1360203.2,8,-1.15631,4,8683,1,0
266,2,1360069.6,1360203.2,8,-1.15631,4,8683,1,0
266,3,1360069.6,1360203.2,8,-1.15631,4,8683,1,0
62,2,1361475.6,1361722.4,9,5.13492,4,8685,0,1
62,4,1361475.6,1361722.4,9,5.13492,4,8685,1,0
13,2,1365359.1,1365492.8,8,-2.09637,4,8681,1,0
13,3,1365359.1,1365492.8,8,-2.09637,4,8681,1,0
13,4,1365359.1,1365492.8,8,-2.09637,4,8681,1,0
271,1,1365767.8,1366014.5,9,-0.605926,4,8683,1,0
271,3,1365767.8,1366014.5,9,-0.605926,4,8683,1,0
91,2,1366563.6,1367016.2,10,-0.605453,4,8683,1,0
75,2,1368033.6,1368105.5,7,0.0,4,8681,1,0
202,2,1369663.4,1369910.1,9,-11.9049,4,8685,1,0
202,3,1369663.4,1369910.1,9,-11.9049,4,8685,1,0
202,4,1369663.4,1369910.1,9,-11.9049,4,8685,1,0
375,3,1369771.4,1369843.2,7,7.13249,4,8685,1,0
393,1,1370925.1,1371058.9,8,-5.85326,4,8683,1,0
261,2,1371617.6,1371689.6,7,12.9685,4,8685,1,0
261,3,1371617.6,1371689.6,7,12.9685,4,8685,1,0
14,1,1371746.2,1371818.1,7,1.52583,4,8685,1,0
115,3,1372476.6,1372548.6,7,0.0,4,8681,1,0
100,3,1374437.6,1374890.2,10,-13.5708,4,8685,1,0
100,4,1374437.6,1374890.2,10,-13.5708,4,8685,1,0
147,1,1374624.0,1374870.9,9,-8.93101,4,8685,1,0
147,3,1374624.0,1374870.9,9,-8.93101,4,8685,1,0
31,1,1375203.5,1375450.4,9,-1.84451,4,8683,1,0
31,2,1375203.5,1375450.4,9,-1.84451,4,8683,1,0
185,1,1376011.4,1376464.0,10,-14.704,4,8681,1,0
185,4,1376011.4,1376464.0,10,-14.704,4,8681,1,0
234,3,1376079.9,1376532.5,10,-8.98303,4,8683,1,0
339,1,1376487.1,1376620.9,8,-10.0881,4,8685,1,0
339,2,1376487.1,1376620.9,8,-10.0881,4,8685,1,0
339,4,1376487.1,1376620.9,8,-10.0881,4,8685,1,0
128,4,1377787.9,1378034.6,9,-14.1873,4,8685,1,0
354,1,1379843.9,1380090.8,9,2.85371,4,8685,1,0
354,2,1379843.9,1380090.8,9,2.85371,4,8685,1,0
369,3,1382655.1,1382788.9,8,-5.00003,4,8685,1,0
369,4,1382655.1,1382788.9,8,-5.00003,4,8685,1,0
393,1,1384288.4,1384422.0,8,8.55028,4,8685,1,0
393,3,1384288.4,1384422.0,8,8.55028,4,8685,1,0
13,2,1385226.9,1385360.6,8,-9.41438,4,8685,1,0
208,3,1386319.9,1388130.2,12,-18.0661,4,8685,1,0
208,4,1386319.9,1388130.2,12,-18.0661,4,8685,0,1
253,2,1386511.1,1386644.8,8,7.26737,4,8683,1,0
253,3,1386511.1,1386644.8,8,7.26737,4,8683,1,0
253,4,1386511.1,1386644.8,8,7.26737,4,8683,1,0
196,3,1387333.0,1387466.6,8,-3.16597,4,8685,1,0
196,4,1387333.0,1387466.6,8,-3.16597,4,8685,1,0
276,1,1387746.1,1387818.0,7,6.53032,4,8683,1,0
276,2,1387746.1,1387818.0,7,6.53032,4,8683,0,1
276,3,1387746.1,1387818.0,7,6.53032,4,8683,1,0
276,4,1387746.1,1387818.0,7,6.53032,4,8683,1,0
99,1,1388175.5,1388247.4,7,-3.22903,4,8685,1,0
99,2,1388175.5,1388247.4,7,-3.22903,4,8685,0,1
99,3,1388175.5,1388247.4,7,-3.22903,4,8685,1,0
240,1,1388603.6,1388675.5,7,13.7488,4,8683,1,0
265,1,1389961.5,1390033.5,7,0.0,4,8685,1,0
65,4,1390893.4,1390965.4,7,-0.695617,4,8685,1,0
167,1,1391565.4,1391637.4,7,-5.63522,4,8683,0,1
167,3,1391565.4,1391637.4,7,-5.63522,4,8683,1,0
237,1,1391826.9,1391898.8,7,10.6763,4,8685,0,1
346,4,1393601.4,1394054.0,10,-12.7913,4,8683,0,1
281,2,1393646.0,1394098.6,10,-13.1862,4,8683,1,0
87,3,1394297.5,1394544.2,9,-9.25104,4,8685,1,0
109,2,1395693.5,1395765.4,7,-7.60136,4,8685,1,0
109,3,1395693.5,1395765.4,7,-7.60136,4,8685,1,0
109,4,1395693.5,1395765.4,7,-7.60136,4,8685,1,0
388,1,1396490.5,1396737.2,9,-0.0549156,4,8685,1,0
388,2,1396490.5,1396737.2,9,-0.0549156,4,8685,1,0
388,4,1396490.5,1396737.2,9,-0.0549156,4,8685,1,0
362,2,1396879.5,1397126.4,9,-5.99594,4,8685,1,0
235,2,1398432.4,1398566.0,8,0.0,4,8681,1,0
235,3,1398432.4,1398566.0,8,0.0,4,8681,1,0
235,4,1398432.4,1398566.0,8,0.0,4,8681,1,0
297,3,1398855.2,1398988.9,8,-9.82878,4,8685,1,0
297,4,1398855.2,1398988.9,8,-9.82878,4,8685,1,0
147,3,1399302.5,1399549.4,9,-7.46767,4,8683,1,0
148,2,1399466.1,1399918.9,10,-13.2639,4,8685,1,0
148,3,1399466.1,1399918.9,10,-13.2639,4,8685,1,0
16,1,1400645.8,1400892.6,9,-9.78743,4,8681,1,0
16,3,1400645.8,1400892.6,9,-9.78743,4,8681,1,0
11,1,1400769.2,1401016.1,9,0.637788,4,8685,1,0
11,3,1400769.2,1401016.1,9,0.637788,4,8685,1,0
288,2,1403312.6,1403765.2,10,3.4302,4,8681,1,0
288,3,1403312.6,1403765.2,10,3.4302,4,8681,1,0
288,4,1403312.6,1403765.2,10,3.4302,4,8681,1,0
354,1,1404522.4,1404769.1,9,-10.6494,4,8683,1,0
354,3,1404522.4,1404769.1,9,-10.6494,4,8683,1,0
272,1,1405959.8,1406206.5,9,-6.93219,4,8685,1,0
272,2,1405959.8,1406206.5,9,-6.93219,4,8685,1,0
272,4,1405959.8,1406206.5,9,-6.93219,4,8685,0,1
96,3,1407644.1,1407777.9,8,-0.818725,4,8685,1,0
96,4,1407644.1,1407777.9,8,-0.818725,4,8685,1,0
326,2,1408766.1,1408899.8,8,-9.42186,4,8685,1,0
91,3,1411824.5,1412277.1,10,-13.8046,4,8685,1,0
236,1,1412001.0,1412453.6,10,-10.2506,4,8685,1,0
236,2,1412001.0,1412453.6,10,-10.2506,4,8685,1,0
319,1,1413883.9,1414336.5,10,-14.2273,4,8683,1,0
319,2,1413883.9,1414336.5,10,-14.2273,4,8683,1,0
319,4,1413883.9,1414336.5,10,-14.2273,4,8683,1,0
335,2,1414682.9,1414754.8,7,1.28272,4,8685,1,0
129,1,1416039.0,1417026.1,11,-12.9089,4,8685,1,0
314,1,1416492.1,1416625.8,8,-3.79184,4,8681,1,0
314,2,1416492.1,1416625.8,8,-3.79184,4,8681,0,1
314,4,1416492.1,1416625.8,8,-3.79184,4,8681,1,0
102,1,1418378.8,1418512.5,8,-0.616668,4,8683,1,0
102,3,1418378.8,1418512.5,8,-0.616668,4,8683,1,0
246,2,1419258.6,1419392.4,8,9.00746,4,8685,1,0
246,4,1419258.6,1419392.4,8,9.00746,4,8685,1,0
337,2,1421613.8,1423424.2,12,-12.634,4,8685,1,0
337,3,1421613.8,1423424.2,12,-12.634,4,8685,1,0
20,3,1421956.6,1422203.5,9,-5.11714,4,8681,1,0
239,2,1422455.0,1422588.6,8,-4.93797,4,8683,1,0
239,4,1422455.0,1422588.6,8,-4.93797,4,8683,1,0
182,3,1424749.0,1424820.9,7,-5.13043,4,8681,1,0
194,1,1424945.4,1425079.1,8,-11.4886,4,8681,1,0
194,4,1424945.4,1425079.1,8,-11.4886,4,8681,1,0
374,3,1424981.4,1425434.0,10,-9.27658,4,8683,1,0
42,2,1426140.6,1426212.5,7,-2.05272,4,8683,1,0
26,1,1427417.5,1428404.6,11,1.92049,4,8685,1,0
26,2,1427417.5,1428404.6,11,1.92049,4,8685,0,1
387,2,1428635.6,1428707.5,7,8.47303,4,8685,0,1
387,3,1428635.6,1428707.5,7,8.47303,4,8685,1,0
69,4,1432432.9,1432885.5,10,-5.78218,4,8685,1,0
377,3,1432836.2,1432908.2,7,-8.71167,4,8685,1,0
402,1,1433022.0,1433155.6,8,6.64767,4,8681,1,0
289,3,1435982.2,1436229.1,9,-8.78172,4,8683,1,0
178,2,1436182.4,1436254.2,7,-7.74316,4,8681,1,0
178,3,1436182.4,1436254.2,7,-7.74316,4,8681,1,0
119,1,1437624.2,1437696.1,7,-8.21533,4,8683,1,0
119,4,1437624.2,1437696.1,7,-8.21533,4,8683,1,0
344,1,1438936.9,1439183.8,9,-11.3454,4,8683,1,0
344,2,1438936.9,1439183.8,9,-11.3454,4,8683,1,0
389,3,1439768.4,1441578.9,12,2.07558,4,8685,1,0
187,1,1440212.5,1442023.0,12,-5.91231,4,8685,1,0
187,4,1440212.5,1442023.0,12,-5.91231,4,8685,1,0
296,1,1441914.8,1442367.4,10,-15.0201,4,8685,1,0
296,2,1441914.8,1442367.4,10,-15.0201,4,8685,0,1
296,3,1441914.8,1442367.4,10,-15.0201,4,8685,1,0
296,4,1441914.8,1442367.4,10,-15.0201,4,8685,1,0
282,1,1442212.8,1444023.2,12,-9.23277,4,8683,1,0
282,2,1442212.8,1444023.2,12,-9.23277,4,8683,0,1
282,3,1442212.8,1444023.2,12,-9.23277,4,8683,0,1
282,4,1442212.8,1444023.2,12,-9.23277,4,8683,0,1
76,1,1442496.8,1442568.6,7,-0.853713,4,8685,1,0
76,2,1442496.8,1442568.6,7,-0.853713,4,8685,1,0
76,3,1442496.8,1442568.6,7,-0.853713,4,8685,1,0
297,1,1442732.1,1442865.9,8,2.71814,4,8683,1,0
297,4,1442732.1,1442865.9,8,2.71814,4,8683,1,0
366,4,1442808.1,1443054.9,9,2.59187,4,8683,1,0
279,1,1447437.5,1447684.4,9,7.61775,4,8681,1,0
279,3,1447437.5,1447684.4,9,7.61775,4,8681,1,0
279,4,1447437.5,1447684.4,9,7.61775,4,8681,1,0
303,1,1447975.8,1448222.5,9,11.8862,4,8685,1,0
303,4,1447975.8,1448222.5,9,11.8862,4,8685,1,0
180,1,1448403.4,1448856.0,10,-9.89464,4,8685,1,0
180,2,1448403.4,1448856.0,10,-9.89464,4,8685,1,0
122,1,1448546.4,1448793.2,9,2.5092,4,8685,1,0
104,1,1450544.6,1450616.6,7,0.0,4,8685,1,0
301,2,1450677.6,1451664.8,11,-4.25644,4,8685,1,0
301,3,1450677.6,1451664.8,11,-4.25644,4,8685,1,0
301,4,1450677.6,1451664.8,11,-4.25644,4,8685,0,1
353,4,1452235.5,1452369.1,8,-8.82892,4,8685,1,0
230,2,1452383.0,1452455.0,7,28.1571,4,8683,1,0
271,2,1452690.9,1452937.8,9,-9.972,4,8681,1,0
271,3,1452690.9,1452937.8,9,-9.972,4,8681,1,0
81,1,1453036.6,1453283.5,9,-9.84543,4,8685,1,0
81,2,1453036.6,1453283.5,9,-9.84543,4,8685,1,0
81,3,1453036.6,1453283.5,9,-9.84543,4,8685,1,0
81,4,1453036.6,1453283.5,9,-9.84543,4,8685,1,0
54,2,1453426.0,1453497.9,7,-4.48485,4,8685,0,1
54,4,1453426.0,1453497.9,7,-4.48485,4,8685,1,0
306,1,1453561.5,1453808.4,9,-4.27722,4,8685,1,0
306,3,1453561.5,1453808.4,9,-4.27722,4,8685,1,0
307,1,1453976.5,1454048.4,7,1.68451,4,8685,1,0
307,4,1453976.5,1454048.4,7,1.68451,4,8685,1,0
254,1,1454507.8,1454754.6,9,-14.1937,4,8683,1,0
254,3,1454507.8,1454754.6,9,-14.1937,4,8683,1,0
88,2,1457155.8,1457227.6,7,-6.39857,4,8683,1,0
88,3,1457155.8,1457227.6,7,-6.39857,4,8683,0,1
236,1,1457261.8,1457714.4,10,-6.79439,4,8683,1,0
236,2,1457261.8,1457714.4,10,-6.79439,4,8683,1,0
236,3,1457261.8,1457714.4,10,-6.79439,4,8683,0,1
305,1,1457371.6,1457824.2,10,7.48435,4,8685,1,0
305,2,1457371.6,1457824.2,10,7.48435,4,8685,1,0
305,3,1457371.6,1457824.2,10,7.48435,4,8685,0,1
325,4,1457412.4,1457865.0,10,-4.82797,4,8685,1,0
9,1,1458808.2,1458941.9,8,-1.19334,4,8685,1,0
9,2,1458808.2,1458941.9,8,-1.19334,4,8685,1,0
47,1,1459986.5,1460058.4,7,4.82218,4,8685,0,1
47,3,1459986.5,1460058.4,7,4.82218,4,8685,1,0
47,4,1459986.5,1460058.4,7,4.82218,4,8685,1,0
160,2,1460624.9,1460696.8,7,-1.68046,4,8683,1,0
86,2,1460845.8,1461298.4,10,-10.5778,4,8685,1,0
86,4,1460845.8,1461298.4,10,-10.5778,4,8685,0,1
105,2,1461501.5,1461573.4,7,-6.77728,4,8685,1,0
214,2,1462235.6,1462482.4,9,8.68621,4,8685,1,0
214,3,1462235.6,1462482.4,9,8.68621,4,8685,1,0
376,2,1462444.9,1464255.2,12,4.00719,4,8685,0,1
376,3,1462444.9,1464255.2,12,4.00719,4,8685,1,0
376,4,1462444.9,1464255.2,12,4.00719,4,8685,0,1
381,1,1463720.2,1463792.1,7,-1.78685,4,8685,1,0
165,1,1466900.2,1467352.9,10,-10.4307,4,8681,0,1
165,3,1466900.2,1467352.9,10,-10.4307,4,8681,1,0
165,4,1466900.2,1467352.9,10,-10.4307,4,8681,1,0
14,1,1467353.6,1467425.5,7,22.09,4,8683,1,0
14,4,1467353.6,1467425.5,7,22.09,4,8683,1,0
25,1,1469674.4,1469746.2,7,-2.64232,4,8685,1,0
25,2,1469674.4,1469746.2,7,-2.64232,4,8685,1,0
25,3,1469674.4,1469746.2,7,-2.64232,4,8685,0,1
25,4,1469674.4,1469746.2,7,-2.64232,4,8685,1,0
235,2,1469716.0,1469849.6,8,-0.284942,4,8685,1,0
235,3,1469716.0,1469849.6,8,-0.284942,4,8685,0,1
235,4,1469716.0,1469849.6,8,-0.284942,4,8685,1,0
169,1,1470814.0,1470885.9,7,11.4487,4,8681,1,0
169,2,1470814.0,1470885.9,7,11.4487,4,8681,1,0
92,1,1472167.9,1472301.5,8,9.06759,4,8683,1,0
92,2,1472167.9,1472301.5,8,9.06759,4,8683,0,1
92,4,1472167.9,1472301.5,8,9.06759,4,8683,1,0
46,3,1472710.6,1472782.5,7,16.9137,4,8685,1,0
215,3,1473110.1,1473182.0,7,26.9385,4,8683,1,0
215,4,1473110.1,1473182.0,7,26.9385,4,8683,1,0
327,3,1473586.6,1473658.6,7,7.38702,4,8685,1,0
120,1,1474916.5,1475163.4,9,0.0,4,8683,1,0
216,1,1475110.6,1475182.5,7,7.14649,4,8681,1,0
216,2,1475110.6,1475182.5,7,7.14649,4,8681,1,0
216,3,1475110.6,1475182.5,7,7.14649,4,8681,1,0
193,1,1477816.9,1477950.5,8,-11.0554,4,8685,1,0
193,2,1477816.9,1477950.5,8,-11.0554,4,8685,1,0
193,4,1477816.9,1477950.5,8,-11.0554,4,8685,1,0
283,1,1477976.5,1478048.5,7,-3.96959,4,8685,1,0
362,2,1478002.9,1478249.8,9,-3.01472,4,8683,1,0
329,2,1480597.0,1481584.2,11,-13.384,4,8685,1,0
329,3,1480597.0,1481584.2,11,-13.384,4,8685,1,0
327,2,1480780.2,1480852.1,7,12.1357,4,8683,1,0
327,3,1480780.2,1480852.1,7,12.1357,4,8683,1,0
76,4,1481096.6,1481168.6,7,-5.33487,4,8685,1,0
35,1,1481396.5,1482383.6,11,-14.4118,4,8681,1,0
35,2,1481396.5,1482383.6,11,-14.4118,4,8681,1,0
7,1,1482855.1,1483101.9,9,-6.89453,4,8685,1,0
7,2,1482855.1,1483101.9,9,-6.89453,4,8685,1,0
7,3,1482855.1,1483101.9,9,-6.89453,4,8685,1,0
353,1,1483514.2,1483648.0,8,-11.6174,4,8685,1,0
353,4,1483514.2,1483648.0,8,-11.6174,4,8685,1,0
200,1,1484124.9,1484196.8,7,16.4661,4,8685,1,0
15,2,1486713.9,1486847.5,8,-7.18285,4,8685,1,0
15,3,1486713.9,1486847.5,8,-7.18285,4,8685,1,0
214,1,1486914.0,1487160.8,9,-7.91444,4,8685,1,0
214,2,1486914.0,1487160.8,9,-7.91444,4,8685,1,0
214,4,1486914.0,1487160.8,9,-7.91444,4,8685,1,0
220,1,1487112.1,1487184.1,7,0.0,4,8681,1,0
220,4,1487112.1,1487184.1,7,0.0,4,8681,1,0
91,2,1487289.0,1487741.8,10,-15.4723,4,8683,1,0
336,3,1488786.5,1488858.4,7,1.81586,4,8681,1,0
224,1,1489872.5,1490006.2,8,-2.9519,4,8685,1,0
183,3,1490082.6,1491893.1,12,-15.1375,4,8683,1,0
209,1,1491328.5,1491575.4,9,-12.1699,4,8683,1,0
209,2,1491328.5,1491575.4,9,-12.1699,4,8683,1,0
209,3,1491328.5,1491575.4,9,-12.1699,4,8683,1,0
209,4,1491328.5,1491575.4,9,-12.1699,4,8683,1,0
340,1,1492017.6,1492089.5,7,-2.95225,4,8685,1,0
87,2,1492393.5,1492640.4,9,0.472047,4,8685,1,0
356,3,1492588.4,1492660.2,7,5.85678,4,8685,1,0
223,1,1494246.1,1496056.5,12,-20.7937,4,8683,0,1
223,2,1494246.1,1496056.5,12,-20.7937,4,8683,1,0
223,3,1494246.1,1496056.5,12,-20.7937,4,8683,1,0
354,1,1494565.2,1494812.1,9,-9.71211,4,8685,0,1
354,2,1494565.2,1494812.1,9,-9.71211,4,8685,1,0
354,4,1494565.2,1494812.1,9,-9.71211,4,8685,1,0
210,4,1497613.4,1497685.2,7,4.64311,4,8683,1,0
322,3,1498204.8,1498657.4,10,0.0,4,8683,0,1
322,4,1498204.8,1498657.4,10,0.0,4,8683,1,0
273,2,1499745.8,1499817.6,7,8.77837,4,8683,1,0
358,3,1501543.6,1501615.5,7,-0.471587,4,8683,1,0
153,1,1502151.1,1502398.0,9,-14.3491,4,8685,1,0
153,2,1502151.1,1502398.0,9,-14.3491,4,8685,1,0
108,2,1503208.4,1503661.0,10,0.0,4,8685,1,0
108,3,1503208.4,1503661.0,10,0.0,4,8685,1,0
106,1,1503483.5,1503555.4,7,4.04485,4,8685,1,0
41,1,1504174.5,1504246.5,7,-1.68594,4,8685,1,0
41,2,1504174.5,1504246.5,7,-1.68594,4,8685,1,0
41,3,1504174.5,1504246.5,7,-1.68594,4,8685,1,0
379,4,1504323.1,1504456.8,8,-4.69374,4,8683,1,0
344,2,1504560.1,1504807.0,9,-1.52135,4,8683,1,0
71,2,1504949.4,1505196.1,9,-6.03029,4,8681,1,0
363,1,1504958.0,1505029.9,7,-7.21155,4,8685,1,0
363,4,1504958.0,1505029.9,7,-7.21155,4,8685,1,0
168,1,1505214.5,1505461.2,9,-13.7011,4,8685,1,0
168,2,1505214.5,1505461.2,9,-13.7011,4,8685,0,1
168,3,1505214.5,1505461.2,9,-13.7011,4,8685,1,0
168,4,1505214.5,1505461.2,9,-13.7011,4,8685,0,1
238,2,1505359.8,1505812.4,10,-10.8444,4,8683,1,0
238,3,1505359.8,1505812.4,10,-10.8444,4,8683,1,0
257,1,1506589.4,1506723.0,8,-8.41902,4,8685,1,0
257,3,1506589.4,1506723.0,8,-8.41902,4,8685,1,0
398,4,1506646.6,1506893.4,9,0.0,4,8685,1,0
346,1,1506978.8,1507431.4,10,-16.9048,4,8685,1,0
346,2,1506978.8,1507431.4,10,-16.9048,4,8685,1,0
346,4,1506978.8,1507431.4,10,-16.9048,4,8685,0,1
303,1,1507433.5,1507680.2,9,5.54546,4,8683,1,0
303,2,1507433.5,1507680.2,9,5.54546,4,8683,1,0
303,4,1507433.5,1507680.2,9,5.54546,4,8683,0,1
7,1,1507533.5,1507780.2,9,-12.4548,4,8685,1,0
7,2,1507533.5,1507780.2,9,-12.4548,4,8685,1,0
7,3,1507533.5,1507780.2,9,-12.4548,4,8685,0,1
130,1,1509366.2,1509499.9,8,-1.37918,4,8683,0,1
130,2,1509366.2,1509499.9,8,-1.37918,4,8683,1,0
130,3,1509366.2,1509499.9,8,-1.37918,4,8683,1,0
293,2,1511083.9,1511330.8,9,-0.414321,4,8685,1,0
54,3,1511715.2,1511787.1,7,-4.26712,4,8683,1,0
54,4,1511715.2,1511787.1,7,-4.26712,4,8683,1,0
402,1,1511767.6,1511901.2,8,-6.54974,4,8681,1,0
368,1,1511955.0,1512407.6,10,-6.76556,4,8685,1,0
368,3,1511955.0,1512407.6,10,-6.76556,4,8685,1,0
235,1,1512780.9,1512914.5,8,-1.19963,4,8685,0,1
235,2,1512780.9,1512914.5,8,-1.19963,4,8685,1,0
326,2,1513531.6,1513665.2,8,-8.44667,4,8683,1,0
326,3,1513531.6,1513665.2,8,-8.44667,4,8683,1,0
326,4,1513531.6,1513665.2,8,-8.44667,4,8683,1,0
114,3,1513754.8,1513888.4,8,-3.39479,4,8685,1,0
190,1,1514033.8,1514105.6,7,-5.39616,4,8681,1,0
190,2,1514033.8,1514105.6,7,-5.39616,4,8681,1,0
129,3,1514752.6,1515739.8,11,0.0,4,8685,1,0
17,2,1514841.6,1516652.1,12,-15.9867,4,8685,1,0
17,3,1514841.6,1516652.1,12,-15.9867,4,8685,0,1
17,4,1514841.6,1516652.1,12,-15.9867,4,8685,0,1
115,2,1514975.0,1515046.9,7,-2.29173,4,8685,1,0
115,3,1514975.0,1515046.9,7,-2.29173,4,8685,1,0
61,1,1515545.4,1515617.2,7,-6.67441,4,8683,1,0
61,4,1515545.4,1515617.2,7,-6.67441,4,8683,1,0
380,1,1517212.4,1519022.9,12,-14.1013,4,8685,1,0
380,3,1517212.4,1519022.9,12,-14.1013,4,8685,1,0
380,4,1517212.4,1519022.9,12,-14.1013,4,8685,0,1
245,2,1517226.8,1519037.2,12,5.02695,4,8685,1,0
146,4,1518847.4,1520657.9,12,0.0,4,8685,0,1
370,2,1519715.2,1520702.4,11,-15.3494,4,8685,1,0
370,3,1519715.2,1520702.4,11,-15.3494,4,8685,1,0
370,4,1519715.2,1520702.4,11,-15.3494,4,8685,0,1
400,2,1519760.8,1519832.6,7,-8.23105,4,8685,1,0
5,3,1520462.6,1520534.5,7,-3.3018,4,8683,1,0
255,4,1521758.5,1522745.8,11,-13.2921,4,8685,1,0
138,2,1522625.8,1522759.4,8,-3.07736,4,8683,1,0
138,3,1522625.8,1522759.4,8,-3.07736,4,8683,0,1
384,2,1523691.9,1524144.5,10,-4.9873,4,8685,0,1
384,4,1523691.9,1524144.5,10,-4.9873,4,8685,1,0
113,1,1523855.8,1523927.6,7,9.67573,4,8681,1,0
113,3,1523855.8,1523927.6,7,9.67573,4,8681,0,1
299,2,1524134.2,1524381.1,9,-6.35852,4,8685,1,0
299,3,1524134.2,1524381.1,9,-6.35852,4,8685,1,0
127,1,1525677.2,1526664.4,11,-16.0809,4,8685,1,0
139,1,1526116.1,1526568.8,10,-8.34805,4,8685,1,0
139,4,1526116.1,1526568.8,10,-8.34805,4,8685,1,0
203,1,1526281.0,1528091.4,12,-12.6687,4,8685,1,0
203,2,1526281.0,1528091.4,12,-12.6687,4,8685,0,1
203,3,1526281.0,1528091.4,12,-12.6687,4,8685,1,0
203,4,1526281.0,1528091.4,12,-12.6687,4,8685,1,0
229,4,1526715.1,1527702.2,11,-17.715,4,8683,1,0
57,3,1527826.4,1528073.2,9,-8.36604,4,8683,1,0
155,1,1528744.6,1528991.5,9,-5.14336,4,8685,1,0
155,2,1528744.6,1528991.5,9,-5.14336,4,8685,1,0
155,3,1528744.6,1528991.5,9,-5.14336,4,8685,1,0
155,4,1528744.6,1528991.5,9,-5.14336,4,8685,1,0
351,3,1529882.8,1530335.5,10,0.0,4,8685,1,0
359,1,1530294.8,1530428.5,8,0.0,4,8681,1,0
359,3,1530294.8,1530428.5,8,0.0,4,8681,1,0
359,4,1530294.8,1530428.5,8,0.0,4,8681,1,0
404,2,1532616.5,1532688.4,7,8.71575,4,8685,1,0
174,2,1534792.2,1536602.6,12,0.0,4,8685,1,0
174,4,1534792.2,1536602.6,12,0.0,4,8685,1,0
165,1,1535159.1,1535611.9,10,5.14707,4,8681,1,0
165,3,1535159.1,1535611.9,10,5.14707,4,8681,1,0
21,2,1535918.1,1536370.8,10,-7.92103,4,8683,1,0
21,3,1535918.1,1536370.8,10,-7.92103,4,8683,1,0
21,4,1535918.1,1536370.8,10,-7.92103,4,8683,1,0
400,2,1536600.2,1536672.1,7,7.88414,4,8683,1,0
400,3,1536600.2,1536672.1,7,7.88414,4,8683,1,0
400,4,1536600.2,1536672.1,7,7.88414,4,8683,1,0
71,2,1536787.6,1537034.4,9,-5.51465,4,8685,1,0
121,4,1537178.6,1537312.2,8,-5.70981,4,8683,1,0
317,3,1537248.0,1537494.9,9,-10.7506,4,8683,1,0
317,4,1537248.0,1537494.9,9,-10.7506,4,8683,1,0
331,2,1540053.1,1540186.8,8,-10.6862,4,8685,1,0
64,2,1542018.5,1542152.2,8,6.47881,4,8685,1,0
64,3,1542018.5,1542152.2,8,6.47881,4,8685,1,0
64,4,1542018.5,1542152.2,8,6.47881,4,8685,1,0
123,1,1542914.0,1543047.8,8,-8.01318,4,8683,1,0
123,2,1542914.0,1543047.8,8,-8.01318,4,8683,1,0
123,3,1542914.0,1543047.8,8,-8.01318,4,8683,1,0
123,4,1542914.0,1543047.8,8,-8.01318,4,8683,1,0
322,1,1543465.6,1543918.2,10,1.36264,4,8681,1,0
199,1,1543964.6,1544211.4,9,-9.48427,4,8685,1,0
199,2,1543964.6,1544211.4,9,-9.48427,4,8685,1,0
367,3,1544450.9,1544584.6,8,0.0,4,8683,1,0
113,3,1545626.9,1545698.8,7,39.611,4,8685,1,0
97,1,1546284.2,1546737.0,10,-8.25983,4,8685,1,0
97,2,1546284.2,1546737.0,10,-8.25983,4,8685,1,0
97,3,1546284.2,1546737.0,10,-8.25983,4,8685,0,1
249,2,1548300.2,1548372.2,7,7.88748,4,8685,1,0
108,2,1548469.1,1548921.8,10,0.0,4,8683,1,0
108,3,1548469.1,1548921.8,10,0.0,4,8683,1,0
135,4,1548476.1,1548722.9,9,-12.1115,4,8683,1,0
226,1,1549264.2,1549336.1,7,11.8355,4,8683,1,0
226,3,1549264.2,1549336.1,7,11.8355,4,8683,1,0
171,2,1550906.2,1551358.9,10,0.589784,4,8685,1,0
142,1,1552648.6,1552720.6,7,4.81423,4,8683,1,0
142,4,1552648.6,1552720.6,7,4.81423,4,8683,1,0
260,2,1553290.2,1553742.9,10,-10.0922,4,8685,0,1
179,1,1555031.0,1555164.6,8,6.71275,4,8683,1,0
179,3,1555031.0,1555164.6,8,6.71275,4,8683,1,0
371,1,1555032.0,1555278.8,9,-6.38328,4,8683,1,0
371,4,1555032.0,1555278.8,9,-6.38328,4,8683,1,0
378,3,1557190.1,1557262.1,7,0.0,4,8685,1,0
191,3,1558490.1,1558737.0,9,-11.53,4,8685,1,0
191,4,1558490.1,1558737.0,9,-11.53,4,8685,1,0
190,1,1558959.2,1559031.1,7,-2.05669,4,8685,1,0
190,2,1558959.2,1559031.1,7,-2.05669,4,8685,1,0
190,3,1558959.2,1559031.1,7,-2.05669,4,8685,1,0
361,2,1559481.2,1559553.1,7,-2.90413,4,8683,1,0
47,1,1560228.0,1560299.9,7,9.08535,4,8683,1,0
47,4,1560228.0,1560299.9,7,9.08535,4,8683,1,0
71,1,1561466.0,1561712.8,9,-10.3744,4,8685,1,0
71,2,1561466.0,1561712.8,9,-10.3744,4,8685,1,0
71,3,1561466.0,1561712.8,9,-10.3744,4,8685,1,0
314,1,1562951.4,1563085.1,8,0.0,4,8685,1,0
314,4,1562951.4,1563085.1,8,0.0,4,8685,1,0
293,2,1563034.8,1563281.6,9,0.457108,4,8685,1,0
293,3,1563034.8,1563281.6,9,0.457108,4,8685,1,0
293,4,1563034.8,1563281.6,9,0.457108,4,8685,1,0
12,1,1563280.8,1563414.4,8,0.0,4,8683,1,0
153,4,1563434.8,1563681.5,9,6.6661,4,8685,1,0
368,3,1564015.2,1564467.9,10,-13.6358,4,8683,1,0
256,1,1564422.9,1564494.8,7,2.49521,4,8683,1,0
256,2,1564422.9,1564494.8,7,2.49521,4,8683,1,0
218,4,1565347.9,1565419.8,7,4.82337,4,8681,1,0
144,2,1565636.2,1566623.4,11,-18.9611,4,8681,0,1
307,1,1565882.8,1565954.6,7,4.74691,4,8683,1,0
307,2,1565882.8,1565954.6,7,4.74691,4,8683,0,1
307,3,1565882.8,1565954.6,7,4.74691,4,8683,1,0
93,1,1568034.9,1568106.8,7,6.13406,4,8683,1,0
93,3,1568034.9,1568106.8,7,6.13406,4,8683,1,0
346,4,1568700.5,1569153.2,10,-10.7047,4,8683,1,0
80,1,1568808.0,1568879.9,7,24.8308,4,8685,1,0
80,4,1568808.0,1568879.9,7,24.8308,4,8685,1,0
150,1,1569304.1,1569550.9,9,-6.9308,4,8685,1,0
226,1,1573594.8,1573666.6,7,10.3273,4,8685,1,0
32,2,1575769.5,1575841.4,7,0.151093,4,8683,1,0
130,2,1576643.6,1576777.4,8,-3.62582,4,8683,1,0
130,3,1576643.6,1576777.4,8,-3.62582,4,8683,1,0
222,3,1578245.0,1578316.9,7,-8.76134,4,8685,1,0
222,4,1578245.0,1578316.9,7,-8.76134,4,8685,1,0
134,1,1578662.0,1578733.9,7,19.1494,4,8685,1,0
134,2,1578662.0,1578733.9,7,19.1494,4,8685,1,0
134,3,1578662.0,1578733.9,7,19.1494,4,8685,1,0
206,1,1579184.6,1579431.4,9,-1.57544,4,8683,1,0
206,3,1579184.6,1579431.4,9,-1.57544,4,8683,1,0
206,4,1579184.6,1579431.4,9,-1.57544,4,8683,0,1
329,1,1579310.6,1580297.9,11,0.0,4,8683,1,0
329,4,1579310.6,1580297.9,11,0.0,4,8683,0,1
205,1,1579345.0,1579416.9,7,31.2937,4,8685,1,0
205,2,1579345.0,1579416.9,7,31.2937,4,8685,0,1
205,4,1579345.0,1579416.9,7,31.2937,4,8685,0,1
60,2,1581006.6,1581078.5,7,-8.48117,4,8681,1,0
60,3,1581006.6,1581078.5,7,-8.48117,4,8681,1,0
21,2,1581179.0,1581631.6,10,-2.81915,4,8685,1,0
342,2,1581346.0,1581592.8,9,10.5328,4,8681,1,0
113,3,1581571.1,1581643.1,7,8.23946,4,8685,1,0
265,1,1582485.1,1582557.0,7,0.0,4,8685,0,1
265,4,1582485.1,1582557.0,7,0.0,4,8685,1,0
392,3,1583976.0,1584047.9,7,0.0,4,8681,1,0
392,4,1583976.0,1584047.9,7,0.0,4,8681,1,0
369,1,1585357.6,1585491.4,8,6.69393,4,8685,1,0
369,2,1585357.6,1585491.4,8,6.69393,4,8685,1,0
369,3,1585357.6,1585491.4,8,6.69393,4,8685,1,0
395,1,1585384.5,1586371.8,11,-16.9584,4,8685,1,0
395,2,1585384.5,1586371.8,11,-16.9584,4,8685,1,0
395,3,1585384.5,1586371.8,11,-16.9584,4,8685,1,0
80,1,1585636.6,1585708.5,7,12.8275,4,8683,1,0
336,1,1587374.1,1587446.0,7,-4.09045,4,8685,1,0
336,2,1587374.1,1587446.0,7,-4.09045,4,8685,1,0
336,3,1587374.1,1587446.0,7,-4.09045,4,8685,1,0
43,2,1587837.1,1587909.0,7,31.4392,4,8685,1,0
37,1,1588097.2,1588231.0,8,-6.36146,4,8683,1,0
37,3,1588097.2,1588231.0,8,-6.36146,4,8683,0,1
37,4,1588097.2,1588231.0,8,-6.36146,4,8683,1,0
173,2,1588596.9,1589584.1,11,0.0,4,8683,1,0
402,1,1589791.4,1589925.0,8,-6.00148,4,8685,1,0
402,3,1589791.4,1589925.0,8,-6.00148,4,8685,1,0
170,1,1590178.4,1590312.0,8,-9.78369,4,8685,1,0
170,2,1590178.4,1590312.0,8,-9.78369,4,8685,1,0
119,4,1591513.1,1591585.1,7,5.67688,4,8681,1,0
317,2,1592447.5,1592694.4,9,-6.04932,4,8683,0,1
317,4,1592447.5,1592694.4,9,-6.04932,4,8683,1,0
336,1,1594567.8,1594639.6,7,2.83876,4,8685,1,0
336,4,1594567.8,1594639.6,7,2.83876,4,8685,0,1
340,1,1594801.4,1594873.2,7,-7.47511,4,8685,1,0
28,2,1597277.6,1597524.4,9,5.61371,4,8685,1,0
28,3,1597277.6,1597524.4,9,5.61371,4,8685,1,0
136,3,1597960.1,1598206.9,9,-5.35536,4,8685,1,0
136,4,1597960.1,1598206.9,9,-5.35536,4,8685,1,0
143,1,1599669.1,1600121.8,10,-15.7465,4,8685,1,0
208,1,1605780.4,1607590.9,12,-13.0557,4,8683,1,0
208,2,1605780.4,1607590.9,12,-13.0557,4,8683,1,0
208,3,1605780.4,1607590.9,12,-13.0557,4,8683,1,0
208,4,1605780.4,1607590.9,12,-13.0557,4,8683,1,0
22,1,1606989.5,1607123.1,8,-7.62318,4,8685,1,0
22,4,1606989.5,1607123.1,8,-7.62318,4,8685,1,0
308,2,1607491.0,1607562.9,7,3.61667,4,8683,1,0
308,3,1607491.0,1607562.9,7,3.61667,4,8683,1,0
41,3,1608964.5,1609036.4,7,-2.94525,4,8685,1,0
63,2,1609666.9,1609800.5,8,3.13139,4,8683,1,0
63,3,1609666.9,1609800.5,8,3.13139,4,8683,1,0
57,3,1610466.8,1610713.6,9,-3.58006,4,8685,1,0
91,1,1612547.8,1613000.4,10,-16.3584,4,8683,1,0
34,3,1612589.1,1613041.8,10,11.0068,4,8685,0,1
34,4,1612589.1,1613041.8,10,11.0068,4,8685,1,0
152,2,1612684.6,1612756.5,7,-7.32814,4,8685,1,0
151,1,1612934.8,1613006.6,7,-1.68053,4,8685,1,0
151,2,1612934.8,1613006.6,7,-1.68053,4,8685,1,0
151,3,1612934.8,1613006.6,7,-1.68053,4,8685,0,1
255,1,1620472.0,1621459.2,11,-16.9445,4,8683,1,0
23,1,1620669.1,1621121.8,10,-8.67601,4,8685,1,0
23,3,1620669.1,1621121.8,10,-8.67601,4,8685,1,0
389,1,1620811.6,1622622.1,12,-5.0251,4,8683,1,0
389,3,1620811.6,1622622.1,12,-5.0251,4,8683,1,0
130,1,1622318.0,1622451.6,8,-1.10478,4,8681,1,0
130,3,1622318.0,1622451.6,8,-1.10478,4,8681,1,0
130,4,1622318.0,1622451.6,8,-1.10478,4,8681,1,0
282,3,1623256.0,1625066.4,12,0.0,4,8685,1,0
341,2,1624446.1,1624579.9,8,-7.09299,4,8683,1,0
341,3,1624446.1,1624579.9,8,-7.09299,4,8683,1,0
341,4,1624446.1,1624579.9,8,-7.09299,4,8683,1,0
53,4,1624717.2,1624964.1,9,-3.03477,4,8685,1,0
355,1,1625445.2,1625692.1,9,-8.25592,4,8685,1,0
242,4,1625951.0,1626023.0,7,-2.09946,4,8685,1,0
89,2,1626091.5,1627902.0,12,0.0,4,8681,1,0
89,3,1626091.5,1627902.0,12,0.0,4,8681,1,0
89,4,1626091.5,1627902.0,12,0.0,4,8681,0,1
271,1,1626195.1,1626441.9,9,-11.8089,4,8685,1,0
271,3,1626195.1,1626441.9,9,-11.8089,4,8685,1,0
271,4,1626195.1,1626441.9,9,-11.8089,4,8685,1,0
350,3,1628584.1,1629036.8,10,-14.9883,4,8685,0,1
350,4,1628584.1,1629036.8,10,-14.9883,4,8685,1,0
108,2,1628734.6,1629187.2,10,-12.0898,4,8685,1,0
332,3,1630905.5,1631152.4,9,3.73987,4,8685,1,0
332,4,1630905.5,1631152.4,9,3.73987,4,8685,1,0
227,2,1632397.5,1632469.4,7,6.74134,4,8685,1,0
227,4,1632397.5,1632469.4,7,6.74134,4,8685,1,0
26,1,1632596.5,1633583.8,11,-5.63068,4,8683,1,0
26,2,1632596.5,1633583.8,11,-5.63068,4,8683,0,1
26,4,1632596.5,1633583.8,11,-5.63068,4,8683,1,0
248,2,1633086.2,1633333.1,9,-12.6203,4,8683,1,0
19,1,1633142.9,1633595.5,10,-13.655,4,8685,1,0
19,3,1633142.9,1633595.5,10,-13.655,4,8685,1,0
387,2,1633862.5,1633934.5,7,1.7231,4,8685,1,0
387,3,1633862.5,1633934.5,7,1.7231,4,8685,1,0
387,4,1633862.5,1633934.5,7,1.7231,4,8685,1,0
111,4,1636469.1,1636541.0,7,-1.21289,4,8685,1,0
13,2,1637962.0,1638095.8,8,3.8446,4,8685,1,0
13,3,1637962.0,1638095.8,8,3.8446,4,8685,1,0
249,2,1638536.1,1638608.0,7,9.02565,4,8683,1,0
260,2,1640574.5,1641027.1,10,0.0,4,8683,1,0
77,1,1642072.1,1642205.8,8,9.31298,4,8685,1,0
77,2,1642072.1,1642205.8,8,9.31298,4,8685,1,0
77,3,1642072.1,1642205.8,8,9.31298,4,8685,1,0
340,1,1642079.2,1642151.1,7,3.15759,4,8683,1,0
340,3,1642079.2,1642151.1,7,3.15759,4,8683,1,0
283,1,1646685.8,1646757.8,7,-7.20264,4,8685,1,0
283,4,1646685.8,1646757.8,7,-7.20264,4,8685,1,0
81,1,1648715.6,1648962.4,9,0.0,4,8685,1,0
81,3,1648715.6,1648962.4,9,0.0,4,8685,1,0
265,1,1652835.2,1652907.1,7,-8.03479,4,8683,1,0
235,2,1654687.6,1654821.2,8,-10.136,4,8683,1,0
235,4,1654687.6,1654821.2,8,-10.136,4,8683,1,0
281,1,1654742.6,1655195.2,10,-4.65437,4,8683,1,0
281,2,1654742.6,1655195.2,10,-4.65437,4,8683,1,0
281,3,1654742.6,1655195.2,10,-4.65437,4,8683,1,0
281,4,1654742.6,1655195.2,10,-4.65437,4,8683,1,0
147,1,1655346.4,1655593.2,9,-13.576,4,8685,1,0
147,3,1655346.4,1655593.2,9,-13.576,4,8685,1,0
249,2,1655753.6,1655825.5,7,-0.900863,4,8685,1,0
175,1,1656168.0,1656414.8,9,-8.42157,4,8683,1,0
175,3,1656168.0,1656414.8,9,-8.42157,4,8683,1,0
175,4,1656168.0,1656414.8,9,-8.42157,4,8683,1,0
227,2,1657119.2,1657191.1,7,4.75406,4,8683,1,0
227,3,1657119.2,1657191.1,7,4.75406,4,8683,1,0
248,2,1657764.8,1658011.6,9,-9.82042,4,8685,1,0
248,3,1657764.8,1658011.6,9,-9.82042,4,8685,1,0
248,4,1657764.8,1658011.6,9,-9.82042,4,8685,0,1
323,4,1659912.5,1660046.1,8,-10.5701,4,8681,1,0
384,1,1660631.4,1661084.0,10,1.78362,4,8685,1,0
384,3,1660631.4,1661084.0,10,1.78362,4,8685,1,0
384,4,1660631.4,1661084.0,10,1.78362,4,8685,1,0
145,1,1662263.2,1662397.0,8,-4.53743,4,8683,1,0
145,3,1662263.2,1662397.0,8,-4.53743,4,8683,1,0
352,1,1662308.4,1663295.5,11,-16.8314,4,8681,0,1
352,2,1662308.4,1663295.5,11,-16.8314,4,8681,1,0
352,3,1662308.4,1663295.5,11,-16.8314,4,8681,1,0
325,4,1663778.0,1664230.6,10,-3.63295,4,8685,1,0
144,1,1664349.9,1665337.0,11,-15.5189,4,8685,1,0
61,1,1664401.2,1664473.1,7,5.30979,4,8685,1,0
61,2,1664401.2,1664473.1,7,5.30979,4,8685,1,0
398,1,1665130.5,1665377.4,9,-12.7409,4,8683,1,0
398,3,1665130.5,1665377.4,9,-12.7409,4,8683,0,1
201,2,1665711.1,1665783.1,7,4.45814,4,8685,1,0
201,4,1665711.1,1665783.1,7,4.45814,4,8685,1,0
185,2,1666777.4,1667230.0,10,-1.49696,4,8685,1,0
342,3,1667594.1,1667841.0,9,-9.00246,4,8681,1,0
342,4,1667594.1,1667841.0,9,-9.00246,4,8681,1,0
98,1,1668471.9,1668543.9,7,8.41862,4,8683,1,0
98,2,1668471.9,1668543.9,7,8.41862,4,8683,1,0
98,4,1668471.9,1668543.9,7,8.41862,4,8683,1,0
373,4,1669910.1,1670362.8,10,-13.8708,4,8683,0,1
99,2,1671089.1,1671161.0,7,-4.63737,4,8685,1,0
99,4,1671089.1,1671161.0,7,-4.63737,4,8685,1,0
314,4,1672011.4,1672145.0,8,-9.20189,4,8685,1,0
176,1,1672430.5,1672677.4,9,-14.0419,4,8685,1,0
176,2,1672430.5,1672677.4,9,-14.0419,4,8685,1,0
206,1,1673305.5,1673552.4,9,-8.53015,4,8685,1,0
206,2,1673305.5,1673552.4,9,-8.53015,4,8685,1,0
108,2,1673995.4,1674448.0,10,0.0,4,8683,1,0
108,3,1673995.4,1674448.0,10,0.0,4,8683,1,0
108,4,1673995.4,1674448.0,10,0.0,4,8683,1,0
223,1,1675289.2,1677099.8,12,0.0,4,8685,0,1
223,2,1675289.2,1677099.8,12,0.0,4,8685,0,1
289,1,1675926.1,1676173.0,9,2.08702,4,8681,1,0
289,3,1675926.1,1676173.0,9,2.08702,4,8681,1,0
193,1,1678664.0,1678797.8,8,-4.55768,4,8683,1,0
171,1,1680312.5,1680765.1,10,-15.1406,4,8683,1,0
333,3,1680807.1,1681794.2,11,-3.91074,4,8683,1,0
333,4,1680807.1,1681794.2,11,-3.91074,4,8683,1,0
111,1,1681619.1,1681691.0,7,-4.58635,4,8683,1,0
111,2,1681619.1,1681691.0,7,-4.58635,4,8683,1,0
111,3,1681619.1,1681691.0,7,-4.58635,4,8683,1,0
111,4,1681619.1,1681691.0,7,-4.58635,4,8683,1,0
354,1,1682421.6,1682668.5,9,10.5378,4,8683,1,0
61,1,1684895.1,1684967.0,7,-6.42451,4,8683,1,0
61,2,1684895.1,1684967.0,7,-6.42451,4,8683,1,0
115,2,1685424.4,1685496.2,7,-7.40645,4,8685,1,0
115,3,1685424.4,1685496.2,7,-7.40645,4,8685,1,0
107,2,1687145.8,1687392.6,9,-3.49072,4,8681,1,0
107,4,1687145.8,1687392.6,9,-3.49072,4,8681,1,0
7,3,1687785.1,1688032.0,9,0.0,4,8683,1,0
381,1,1688878.4,1688950.4,7,-8.42996,4,8683,1,0
381,4,1688878.4,1688950.4,7,-8.42996,4,8683,1,0
172,2,1689859.8,1691670.1,12,-20.4593,4,8685,0,1
172,3,1689859.8,1691670.1,12,-20.4593,4,8685,1,0
22,2,1690505.8,1690639.4,8,-5.19896,4,8683,1,0
22,4,1690505.8,1690639.4,8,-5.19896,4,8683,1,0
398,1,1697434.9,1697681.6,9,3.26415,4,8685,1,0
398,2,1697434.9,1697681.6,9,3.26415,4,8685,1,0
398,3,1697434.9,1697681.6,9,3.26415,4,8685,1,0
206,1,1697984.0,1698230.9,9,-4.48035,4,8683,1,0
206,4,1697984.0,1698230.9,9,-4.48035,4,8683,1,0
72,1,1698237.6,1698309.6,7,21.1449,4,8681,1,0
72,2,1698237.6,1698309.6,7,21.1449,4,8681,1,0
72,4,1698237.6,1698309.6,7,21.1449,4,8681,1,0
245,1,1698270.0,1700080.5,12,0.0,4,8685,0,1
245,4,1698270.0,1700080.5,12,0.0,4,8685,1,0
219,1,1699290.1,1699423.9,8,0.0,4,8685,0,1
146,1,1699890.6,1701701.0,12,-17.3898,4,8683,1,0
146,4,1699890.6,1701701.0,12,-17.3898,4,8683,1,0
308,2,1700515.6,1700587.5,7,19.6313,4,8685,1,0
308,3,1700515.6,1700587.5,7,19.6313,4,8685,0,1
308,4,1700515.6,1700587.5,7,19.6313,4,8685,1,0
277,1,1703628.4,1703875.2,9,15.2412,4,8683,1,0
277,2,1703628.4,1703875.2,9,15.2412,4,8683,1,0
277,4,1703628.4,1703875.2,9,15.2412,4,8683,0,1
290,1,1704901.0,1705034.6,8,-6.37778,4,8685,1,0
290,3,1704901.0,1705034.6,8,-6.37778,4,8685,1,0
55,1,1705323.4,1705570.2,9,-10.1153,4,8683,1,0
55,2,1705323.4,1705570.2,9,-10.1153,4,8683,1,0
262,1,1707070.9,1707142.9,7,3.15565,4,8685,1,0
262,2,1707070.9,1707142.9,7,3.15565,4,8685,1,0
153,2,1708953.9,1709200.6,9,-0.190429,4,8683,1,0
153,4,1708953.9,1709200.6,9,-0.190429,4,8683,1,0
276,1,1711623.2,1711695.2,7,4.82878,4,8681,1,0
276,2,1711623.2,1711695.2,7,4.82878,4,8681,1,0
276,4,1711623.2,1711695.2,7,4.82878,4,8681,1,0
107,1,1711824.2,1712071.0,9,-13.0502,4,8681,1,0
107,3,1711824.2,1712071.0,9,-13.0502,4,8681,1,0
185,1,1712038.2,1712490.9,10,2.12666,4,8685,1,0
175,1,1712673.2,1712920.0,9,-1.52165,4,8685,1,0
175,3,1712673.2,1712920.0,9,-1.52165,4,8685,1,0
298,1,1713555.8,1713627.6,7,5.94489,4,8681,1,0
298,3,1713555.8,1713627.6,7,5.94489,4,8681,1,0
201,2,1716234.6,1716306.5,7,16.116,4,8683,1,0
53,4,1716701.6,1716948.5,9,-4.39658,4,8683,1,0
17,1,1716706.9,1718517.4,12,-17.4915,4,8683,1,0
17,3,1716706.9,1718517.4,12,-17.4915,4,8683,0,1
17,4,1716706.9,1718517.4,12,-17.4915,4,8683,1,0
301,2,1716736.2,1717723.4,11,-10.2409,4,8685,0,1
301,4,1716736.2,1717723.4,11,-10.2409,4,8685,1,0
45,2,1717124.9,1717196.8,7,2.14743,4,8681,1,0
45,3,1717124.9,1717196.8,7,2.14743,4,8681,1,0
288,2,1717521.2,1717973.9,10,-9.63299,4,8685,1,0
166,1,1718414.9,1718486.9,7,-9.22935,4,8685,1,0
166,2,1718414.9,1718486.9,7,-9.22935,4,8685,1,0
166,4,1718414.9,1718486.9,7,-9.22935,4,8685,1,0
73,2,1719350.1,1720337.2,11,-16.4999,4,8685,1,0
73,3,1719350.1,1720337.2,11,-16.4999,4,8685,1,0
119,4,1719620.2,1719692.1,7,-7.68434,4,8683,1,0
100,3,1720117.4,1720570.1,10,-9.54278,4,8685,1,0
100,4,1720117.4,1720570.1,10,-9.54278,4,8685,1,0
46,3,1720832.9,1720904.8,7,1.93111,4,8685,1,0
169,1,1721369.6,1721441.5,7,0.0,4,8681,0,1
169,3,1721369.6,1721441.5,7,0.0,4,8681,1,0
169,4,1721369.6,1721441.5,7,0.0,4,8681,1,0
218,1,1721550.8,1721622.6,7,11.4914,4,8685,0,1
218,4,1721550.8,1721622.6,7,11.4914,4,8685,1,0
44,1,1721851.6,1723662.1,12,-13.8744,4,8685,0,1
44,4,1721851.6,1723662.1,12,-13.8744,4,8685,0,1
289,1,1723673.0,1723919.8,9,-1.39394,4,8683,1,0
6,2,1724110.5,1725920.9,12,-15.166,4,8681,1,0
403,4,1724292.2,1724539.0,9,-7.39696,4,8685,1,0
178,3,1727975.1,1728047.0,7,11.8097,4,8685,1,0
178,4,1727975.1,1728047.0,7,11.8097,4,8685,1,0
354,1,1728433.2,1728680.0,9,-11.9917,4,8683,1,0
354,2,1728433.2,1728680.0,9,-11.9917,4,8683,1,0
354,3,1728433.2,1728680.0,9,-11.9917,4,8683,1,0
354,4,1728433.2,1728680.0,9,-11.9917,4,8683,1,0
264,2,1728576.9,1728710.6,8,-11.3492,4,8685,1,0
264,3,1728576.9,1728710.6,8,-11.3492,4,8685,1,0
320,1,1731119.8,1732106.9,11,-16.5997,4,8683,1,0
320,2,1731119.8,1732106.9,11,-16.5997,4,8683,1,0
320,4,1731119.8,1732106.9,11,-16.5997,4,8683,1,0
386,1,1731420.1,1731667.0,9,-12.1518,4,8685,1,0
398,2,1732822.5,1733069.4,9,-9.62201,4,8683,1,0
156,1,1733196.2,1734183.5,11,0.0,4,8685,0,1
156,3,1733196.2,1734183.5,11,0.0,4,8685,1,0
156,4,1733196.2,1734183.5,11,0.0,4,8685,0,1
121,2,1733877.6,1734011.4,8,-3.6805,4,8685,1,0
108,1,1733944.5,1734397.1,10,-15.3589,4,8683,0,1
108,2,1733944.5,1734397.1,10,-15.3589,4,8683,1,0
108,3,1733944.5,1734397.1,10,-15.3589,4,8683,1,0
357,1,1734013.0,1735000.2,11,-9.54706,4,8681,0,1
357,4,1734013.0,1735000.2,11,-9.54706,4,8681,0,1
279,2,1735496.4,1735743.1,9,-1.97099,4,8681,1,0
279,3,1735496.4,1735743.1,9,-1.97099,4,8681,1,0
279,4,1735496.4,1735743.1,9,-1.97099,4,8681,1,0
143,1,1735704.9,1736157.5,10,-8.82678,4,8685,1,0
143,3,1735704.9,1736157.5,10,-8.82678,4,8685,1,0
143,4,1735704.9,1736157.5,10,-8.82678,4,8685,1,0
40,2,1735964.4,1736951.5,11,-18.0453,4,8681,0,1
255,1,1735973.6,1736960.9,11,-14.6904,4,8685,1,0
255,2,1735973.6,1736960.9,11,-14.6904,4,8685,0,1
255,4,1735973.6,1736960.9,11,-14.6904,4,8685,0,1
238,1,1736593.0,1737045.6,10,2.99754,4,8685,1,0
238,3,1736593.0,1737045.6,10,2.99754,4,8685,1,0
61,1,1737245.4,1737317.2,7,0.894502,4,8683,1,0
212,4,1741127.2,1742937.6,12,-11.6268,4,8681,1,0
206,1,1741332.1,1741579.0,9,-9.44801,4,8683,1,0
206,2,1741332.1,1741579.0,9,-9.44801,4,8683,1,0
206,3,1741332.1,1741579.0,9,-9.44801,4,8683,1,0
206,4,1741332.1,1741579.0,9,-9.44801,4,8683,1,0
393,2,1742905.9,1743039.5,8,-11.3923,4,8683,1,0
393,3,1742905.9,1743039.5,8,-11.3923,4,8683,1,0
393,4,1742905.9,1743039.5,8,-11.3923,4,8683,1,0
225,1,1743395.5,1743848.1,10,-5.50235,4,8683,1,0
225,3,1743395.5,1743848.1,10,-5.50235,4,8683,1,0
260,2,1743705.0,1744157.6,10,-4.56097,4,8683,1,0
260,4,1743705.0,1744157.6,10,-4.56097,4,8683,1,0
372,1,1743760.0,1744747.2,11,-10.434,4,8685,1,0
372,2,1743760.0,1744747.2,11,-10.434,4,8685,1,0
372,3,1743760.0,1744747.2,11,-10.434,4,8685,1,0
155,4,1744739.1,1744986.0,9,-8.19392,4,8683,1,0
94,2,1745779.5,1746232.1,10,-10.0635,4,8685,1,0
94,4,1745779.5,1746232.1,10,-10.0635,4,8685,1,0
233,2,1745863.9,1746316.5,10,-5.46728,4,8681,1,0
233,3,1745863.9,1746316.5,10,-5.46728,4,8681,0,1
132,2,1746056.2,1746190.0,8,-2.40428,4,8683,1,0
132,3,1746056.2,1746190.0,8,-2.40428,4,8683,0,1
41,2,1746183.8,1746255.6,7,-7.9901,4,8683,1,0
41,3,1746183.8,1746255.6,7,-7.9901,4,8683,0,1
149,2,1746495.4,1746948.0,10,-16.0303,4,8685,1,0
149,4,1746495.4,1746948.0,10,-16.0303,4,8685,1,0
178,3,1746742.1,1746814.0,7,0.0,4,8685,1,0
291,1,1747989.4,1748061.2,7,4.43087,4,8681,1,0
291,3,1747989.4,1748061.2,7,4.43087,4,8681,1,0
51,1,1748771.1,1749018.0,9,0.622575,4,8683,1,0
365,1,1750244.9,1750316.8,7,9.58581,4,8683,1,0
365,2,1750244.9,1750316.8,7,9.58581,4,8683,1,0
365,4,1750244.9,1750316.8,7,9.58581,4,8683,1,0
397,1,1752783.5,1752855.4,7,23.7978,4,8681,1,0
218,1,1753484.2,1753556.1,7,-6.34135,4,8685,1,0
218,2,1753484.2,1753556.1,7,-6.34135,4,8685,1,0
218,3,1753484.2,1753556.1,7,-6.34135,4,8685,1,0
218,4,1753484.2,1753556.1,7,-6.34135,4,8685,1,0
140,2,1756411.9,1756545.5,8,0.0,4,8685,1,0
140,3,1756411.9,1756545.5,8,0.0,4,8685,1,0
265,1,1756516.0,1756587.9,7,8.65718,4,8685,1,0
342,2,1757144.2,1757391.1,9,6.47378,4,8685,1,0
342,4,1757144.2,1757391.1,9,6.47378,4,8685,1,0
327,2,1758646.1,1758718.0,7,-3.08395,4,8683,1,0
327,3,1758646.1,1758718.0,7,-3.08395,4,8683,1,0
327,4,1758646.1,1758718.0,7,-3.08395,4,8683,1,0
248,2,1760601.1,1760847.9,9,-12.8162,4,8683,1,0
88,1,1761897.8,1761969.6,7,-4.48686,4,8683,1,0
88,2,1761897.8,1761969.6,7,-4.48686,4,8683,1,0
88,3,1761897.8,1761969.6,7,-4.48686,4,8683,1,0
72,1,1766710.0,1766781.9,7,-5.31743,4,8681,1,0
196,1,1767208.1,1767341.8,8,10.0937,4,8685,1,0
129,1,1767827.9,1768815.1,11,-10.6794,4,8683,1,0
129,2,1767827.9,1768815.1,11,-10.6794,4,8683,1,0
129,3,1767827.9,1768815.1,11,-10.6794,4,8683,1,0
252,3,1769177.2,1770164.4,11,-12.1287,4,8685,1,0
252,4,1769177.2,1770164.4,11,-12.1287,4,8685,1,0
80,1,1769604.4,1769676.2,7,8.2847,4,8685,1,0
380,1,1770429.2,1772239.6,12,-11.4701,4,8683,0,1
380,3,1770429.2,1772239.6,12,-11.4701,4,8683,1,0
60,2,1770433.0,1770504.9,7,1.51192,4,8685,1,0
352,2,1772272.8,1773259.9,11,0.0,4,8685,1,0
352,4,1772272.8,1773259.9,11,0.0,4,8685,0,1
182,1,1773288.5,1773360.4,7,-2.52136,4,8681,1,0
182,3,1773288.5,1773360.4,7,-2.52136,4,8681,1,0
164,2,1774862.6,1776673.1,12,-12.2177,4,8681,0,1
164,3,1774862.6,1776673.1,12,-12.2177,4,8681,0,1
387,2,1775519.6,1775591.5,7,9.65617,4,8683,0,1
90,4,1776764.8,1777217.4,10,-12.5705,4,8681,1,0
189,2,1777014.2,1778001.5,11,-17.0831,4,8685,1,0
189,3,1777014.2,1778001.5,11,-17.0831,4,8685,1,0
189,4,1777014.2,1778001.5,11,-17.0831,4,8685,1,0
151,2,1777839.6,1777911.5,7,-6.99072,4,8683,1,0
20,2,1778011.9,1778258.6,9,-13.6766,4,8685,1,0
20,4,1778011.9,1778258.6,9,-13.6766,4,8685,1,0
5,3,1779238.8,1779310.6,7,0.0,4,8683,1,0
111,2,1779296.9,1779368.8,7,-5.35806,4,8685,1,0
111,3,1779296.9,1779368.8,7,-5.35806,4,8685,1,0
111,4,1779296.9,1779368.8,7,-5.35806,4,8685,1,0
143,1,1780965.8,1781418.4,10,-9.97075,4,8683,1,0
64,1,1783600.8,1783734.4,8,-6.57489,4,8683,1,0
64,2,1783600.8,1783734.4,8,-6.57489,4,8683,1,0
64,4,1783600.8,1783734.4,8,-6.57489,4,8683,1,0
264,1,1784002.8,1784136.5,8,0.0,4,8683,1,0
274,1,1785110.0,1786097.1,11,0.12082,4,8681,0,1
274,3,1785110.0,1786097.1,11,0.12082,4,8681,1,0
274,4,1785110.0,1786097.1,11,0.12082,4,8681,1,0
238,1,1785856.6,1786309.2,10,7.07254,4,8683,1,0
238,4,1785856.6,1786309.2,10,7.07254,4,8683,1,0
208,2,1786823.5,1788633.9,12,0.0,4,8685,1,0
217,2,1787415.0,1787867.6,10,-2.73646,4,8685,1,0
217,3,1787415.0,1787867.6,10,-2.73646,4,8685,1,0
288,1,1788413.2,1788865.9,10,-7.08739,4,8685,1,0
288,2,1788413.2,1788865.9,10,-7.08739,4,8685,1,0
288,4,1788413.2,1788865.9,10,-7.08739,4,8685,0,1
24,2,1788670.8,1789123.4,10,-11.5113,4,8685,1,0
70,1,1789442.5,1789895.1,10,-12.926,4,8685,1,0
70,3,1789442.5,1789895.1,10,-12.926,4,8685,1,0
185,1,1791425.9,1791878.5,10,-9.54852,4,8683,0,1
185,2,1791425.9,1791878.5,10,-9.54852,4,8683,1,0
185,3,1791425.9,1791878.5,10,-9.54852,4,8683,1,0
185,4,1791425.9,1791878.5,10,-9.54852,4,8683,1,0
192,3,1791767.8,1792014.5,9,0.0,4,8685,1,0
373,1,1792253.1,1792705.8,10,-11.545,4,8685,1,0
375,3,1792587.0,1792658.9,7,0.0,4,8685,1,0
314,1,1796358.4,1796492.1,8,-7.25658,4,8683,1,0
163,2,1797115.0,1798102.1,11,-16.8016,4,8685,1,0
163,3,1797115.0,1798102.1,11,-16.8016,4,8685,1,0
163,4,1797115.0,1798102.1,11,-16.8016,4,8685,1,0
264,2,1797366.0,1797499.6,8,-5.23735,4,8685,1,0
264,3,1797366.0,1797499.6,8,-5.23735,4,8685,1,0
264,4,1797366.0,1797499.6,8,-5.23735,4,8685,1,0
178,3,1797981.0,1798052.9,7,15.965,4,8683,1,0
317,1,1798844.4,1799091.1,9,-14.0372,4,8681,1,0
317,3,1798844.4,1799091.1,9,-14.0372,4,8681,0,1
317,4,1798844.4,1799091.1,9,-14.0372,4,8681,1,0
68,3,1799456.9,1799909.5,10,-16.545,4,8685,1,0
68,4,1799456.9,1799909.5,10,-16.545,4,8685,1,0
375,3,1801662.2,1801734.1,7,1.19966,4,8683,1,0
389,1,1801854.8,1803665.1,12,-12.1186,4,8685,1,0
389,2,1801854.8,1803665.1,12,-12.1186,4,8685,1,0
389,3,1801854.8,1803665.1,12,-12.1186,4,8685,0,1
389,4,1801854.8,1803665.1,12,-12.1186,4,8685,0,1
243,2,1802216.0,1802668.6,10,-7.14171,4,8683,1,0
243,4,1802216.0,1802668.6,10,-7.14171,4,8683,0,1
290,2,1803644.4,1803778.1,8,10.8511,4,8683,1,0
290,4,1803644.4,1803778.1,8,10.8511,4,8683,1,0
308,2,1803762.8,1803834.6,7,5.94013,4,8683,1,0
206,1,1805336.0,1805582.9,9,-9.93686,4,8681,1,0
206,4,1805336.0,1805582.9,9,-9.93686,4,8681,1,0
381,1,1806700.9,1806772.9,7,-7.75685,4,8683,0,1
381,3,1806700.9,1806772.9,7,-7.75685,4,8683,1,0
228,1,1806854.8,1806926.6,7,3.10231,4,8683,1,0
228,2,1806854.8,1806926.6,7,3.10231,4,8683,1,0
173,2,1807181.9,1808169.1,11,-7.93773,4,8685,1,0
230,2,1808357.9,1808429.8,7,36.3856,4,8681,1,0
188,2,1808848.0,1809300.6,10,-15.3126,4,8685,1,0
188,3,1808848.0,1809300.6,10,-15.3126,4,8685,1,0
37,2,1809238.2,1809372.0,8,-2.34953,4,8681,1,0
37,3,1809238.2,1809372.0,8,-2.34953,4,8681,1,0
118,2,1810591.1,1810663.0,7,0.996308,4,8681,0,1
118,3,1810591.1,1810663.0,7,0.996308,4,8681,1,0
118,4,1810591.1,1810663.0,7,0.996308,4,8681,1,0
67,2,1811379.8,1811513.4,8,0.0,4,8683,1,0
67,3,1811379.8,1811513.4,8,0.0,4,8683,1,0
67,4,1811379.8,1811513.4,8,0.0,4,8683,1,0
334,1,1811728.6,1811975.5,9,2.06853,4,8683,1,0
334,3,1811728.6,1811975.5,9,2.06853,4,8683,1,0
334,4,1811728.6,1811975.5,9,2.06853,4,8683,1,0
330,1,1811880.8,1811952.6,7,10.0065,4,8685,1,0
330,2,1811880.8,1811952.6,7,10.0065,4,8685,1,0
330,3,1811880.8,1811952.6,7,10.0065,4,8685,1,0
237,1,1813396.2,1813468.1,7,-5.86529,4,8683,1,0
275,2,1815005.1,1815077.0,7,-8.42354,4,8685,1,0
275,3,1815005.1,1815077.0,7,-8.42354,4,8685,0,1
275,4,1815005.1,1815077.0,7,-8.42354,4,8685,1,0
304,3,1815342.1,1815414.0,7,6.12946,4,8685,1,0
304,4,1815342.1,1815414.0,7,6.12946,4,8685,1,0
177,4,1815382.9,1815454.9,7,-5.87158,4,8685,1,0
97,1,1815819.2,1816271.9,10,-10.1501,4,8683,1,0
97,2,1815819.2,1816271.9,10,-10.1501,4,8683,0,1
97,3,1815819.2,1816271.9,10,-10.1501,4,8683,1,0
97,4,1815819.2,1816271.9,10,-10.1501,4,8683,1,0
315,2,1816119.1,1816252.8,8,-5.21251,4,8685,1,0
183,2,1818569.6,1820380.0,12,-12.8282,4,8685,0,1
183,3,1818569.6,1820380.0,12,-12.8282,4,8685,1,0
183,4,1818569.6,1820380.0,12,-12.8282,4,8685,1,0
88,2,1819227.1,1819299.1,7,1.27788,4,8681,1,0
88,3,1819227.1,1819299.1,7,1.27788,4,8681,1,0
383,1,1819970.2,1820042.1,7,-2.26608,4,8683,1,0
383,3,1819970.2,1820042.1,7,-2.26608,4,8683,1,0
108,2,1821226.2,1821678.9,10,-13.5921,4,8681,1,0
108,3,1821226.2,1821678.9,10,-13.5921,4,8681,1,0
310,2,1821527.2,1821660.9,8,-9.25267,4,8683,1,0
393,2,1822865.9,1822999.5,8,-9.15214,4,8681,0,1
393,3,1822865.9,1822999.5,8,-9.15214,4,8681,1,0
272,4,1823142.0,1823388.8,9,-1.9344,4,8685,1,0
155,1,1825412.5,1825659.2,9,2.70908,4,8683,1,0
155,2,1825412.5,1825659.2,9,2.70908,4,8683,1,0
155,4,1825412.5,1825659.2,9,2.70908,4,8683,1,0
48,1,1825480.4,1825933.0,10,-4.69998,4,8685,1,0
48,3,1825480.4,1825933.0,10,-4.69998,4,8685,1,0
34,1,1825987.2,1826440.0,10,3.70014,4,8685,1,0
34,4,1825987.2,1826440.0,10,3.70014,4,8685,1,0
387,2,1826213.4,1826285.2,7,17.5706,4,8685,1,0
324,1,1826285.8,1826738.4,10,-2.13127,4,8681,0,1
324,4,1826285.8,1826738.4,10,-2.13127,4,8681,1,0
332,2,1829463.1,1829710.0,9,-12.6037,4,8683,1,0
332,3,1829463.1,1829710.0,9,-12.6037,4,8683,1,0
343,2,1829967.6,1830039.5,7,3.21344,4,8681,1,0
343,4,1829967.6,1830039.5,7,3.21344,4,8681,1,0
369,2,1830790.6,1830924.4,8,4.30926,4,8683,1,0
369,3,1830790.6,1830924.4,8,4.30926,4,8683,1,0
42,2,1830859.4,1830931.2,7,5.81413,4,8685,1,0
42,4,1830859.4,1830931.2,7,5.81413,4,8685,1,0
13,2,1832435.4,1832569.1,8,-9.6884,4,8683,1,0
357,3,1832726.6,1833713.9,11,-17.5981,4,8685,1,0
357,4,1832726.6,1833713.9,11,-17.5981,4,8685,1,0
130,1,1833857.1,1833990.9,8,-10.8309,4,8683,1,0
130,2,1833857.1,1833990.9,8,-10.8309,4,8683,1,0
130,3,1833857.1,1833990.9,8,-10.8309,4,8683,1,0
130,4,1833857.1,1833990.9,8,-10.8309,4,8683,1,0
10,1,1835556.9,1836009.5,10,-9.40504,4,8685,1,0
296,2,1835883.9,1836336.5,10,0.0,4,8685,1,0
296,4,1835883.9,1836336.5,10,0.0,4,8685,1,0
255,1,1836414.6,1837401.9,11,-19.0407,4,8683,1,0
255,2,1836414.6,1837401.9,11,-19.0407,4,8683,1,0
255,4,1836414.6,1837401.9,11,-19.0407,4,8683,1,0
185,1,1836686.8,1837139.4,10,4.15629,4,8685,1,0
185,4,1836686.8,1837139.4,10,4.15629,4,8685,1,0
373,3,1837513.9,1837966.5,10,-5.88811,4,8683,1,0
154,1,1838014.0,1838260.9,9,-9.35271,4,8685,0,1
154,4,1838014.0,1838260.9,9,-9.35271,4,8685,1,0
206,1,1839187.1,1839434.0,9,-5.51086,4,8683,1,0
206,4,1839187.1,1839434.0,9,-5.51086,4,8683,1,0
98,1,1839601.4,1839673.2,7,-0.395309,4,8683,1,0
260,2,1843383.8,1843836.4,10,-12.6189,4,8681,1,0
178,4,1844601.1,1844673.0,7,-2.71103,4,8685,1,0
68,2,1844717.8,1845170.4,10,-14.1785,4,8683,1,0
68,3,1844717.8,1845170.4,10,-14.1785,4,8683,1,0
68,4,1844717.8,1845170.4,10,-14.1785,4,8683,1,0
237,1,1845275.6,1845347.5,7,-6.45331,4,8683,1,0
165,1,1846060.9,1846513.5,10,0.0,4,8685,0,1
165,4,1846060.9,1846513.5,10,0.0,4,8685,1,0
244,1,1846903.6,1846975.5,7,-7.76305,4,8683,1,0
56,1,1847828.0,1848074.9,9,-2.96629,4,8685,1,0
210,2,1850352.1,1850424.1,7,-5.71812,4,8685,1,0
333,4,1851914.9,1852902.1,11,-12.8453,4,8685,1,0
349,1,1853125.9,1853578.5,10,-10.1412,4,8681,1,0
145,3,1853623.1,1853756.9,8,-0.658919,4,8681,1,0
145,4,1853623.1,1853756.9,8,-0.658919,4,8681,1,0
309,1,1854122.4,1854575.0,10,-7.47432,4,8685,1,0
309,3,1854122.4,1854575.0,10,-7.47432,4,8685,1,0
309,4,1854122.4,1854575.0,10,-7.47432,4,8685,1,0
112,1,1855395.4,1857205.8,12,-12.1579,4,8685,1,0
112,2,1855395.4,1857205.8,12,-12.1579,4,8685,1,0
112,3,1855395.4,1857205.8,12,-12.1579,4,8685,1,0
73,1,1855940.1,1856927.4,11,-16.8266,4,8685,1,0
73,2,1855940.1,1856927.4,11,-16.8266,4,8685,1,0
73,3,1855940.1,1856927.4,11,-16.8266,4,8685,1,0
99,2,1859699.1,1859771.0,7,6.41471,4,8683,0,1
99,4,1859699.1,1859771.0,7,6.41471,4,8683,1,0
291,1,1860417.5,1860489.4,7,1.58116,4,8685,1,0
291,3,1860417.5,1860489.4,7,1.58116,4,8685,1,0
174,1,1862374.0,1864184.5,12,-3.16855,4,8685,1,0
177,2,1862681.5,1862753.4,7,-0.802596,4,8685,1,0
177,4,1862681.5,1862753.4,7,-0.802596,4,8685,1,0
303,1,1863504.8,1863751.6,9,5.24562,4,8683,1,0
303,4,1863504.8,1863751.6,9,5.24562,4,8683,1,0
318,1,1863921.9,1863993.8,7,-6.17525,4,8681,1,0
271,4,1865406.6,1865653.5,9,-8.97382,4,8681,1,0
210,1,1869767.6,1869839.5,7,-5.11008,4,8683,1,0
210,2,1869767.6,1869839.5,7,-5.11008,4,8683,1,0
210,4,1869767.6,1869839.5,7,-5.11008,4,8683,1,0
155,3,1871588.8,1871835.6,9,-7.76504,4,8681,1,0
370,2,1872122.6,1873109.9,11,-10.6636,4,8683,1,0
370,4,1872122.6,1873109.9,11,-10.6636,4,8683,1,0
278,2,1872881.6,1873015.2,8,-6.13286,4,8685,1,0
278,3,1872881.6,1873015.2,8,-6.13286,4,8685,1,0
278,4,1872881.6,1873015.2,8,-6.13286,4,8685,1,0
352,2,1874440.1,1875427.2,11,5.42782,4,8685,0,1
352,3,1874440.1,1875427.2,11,5.42782,4,8685,0,1
352,4,1874440.1,1875427.2,11,5.42782,4,8685,1,0
51,2,1875978.4,1876225.2,9,-7.40063,4,8685,0,1
236,2,1876661.2,1877113.9,10,7.02702,4,8685,1,0
236,3,1876661.2,1877113.9,10,7.02702,4,8685,1,0
172,1,1877001.5,1878811.9,12,-7.8109,4,8683,1,0
172,2,1877001.5,1878811.9,12,-7.8109,4,8683,0,1
172,4,1877001.5,1878811.9,12,-7.8109,4,8683,1,0
117,2,1877458.9,1877530.8,7,-1.17456,4,8685,1,0
117,4,1877458.9,1877530.8,7,-1.17456,4,8685,1,0
8,1,1879694.8,1879766.6,7,-8.23117,4,8685,1,0
8,2,1879694.8,1879766.6,7,-8.23117,4,8685,1,0
8,4,1879694.8,1879766.6,7,-8.23117,4,8685,1,0
220,1,1880669.4,1880741.4,7,-8.5963,4,8683,1,0
220,3,1880669.4,1880741.4,7,-8.5963,4,8683,1,0
146,2,1880933.9,1882744.2,12,-15.6056,4,8683,1,0
146,3,1880933.9,1882744.2,12,-15.6056,4,8683,0,1
146,4,1880933.9,1882744.2,12,-15.6056,4,8683,0,1
74,1,1881533.9,1881605.8,7,6.57929,4,8685,1,0
74,3,1881533.9,1881605.8,7,6.57929,4,8685,1,0
74,4,1881533.9,1881605.8,7,6.57929,4,8685,1,0
81,1,1881679.9,1881926.8,9,-12.8368,4,8683,1,0
197,1,1883224.5,1885034.9,12,-18.0975,4,8681,1,0
197,4,1883224.5,1885034.9,12,-18.0975,4,8681,0,1
87,2,1883617.4,1883864.2,9,8.37282,4,8683,1,0
87,3,1883617.4,1883864.2,9,8.37282,4,8683,1,0
186,2,1889575.2,1889647.1,7,-2.11269,4,8681,1,0
259,4,1890257.5,1891244.6,11,-13.1089,4,8681,1,0
102,2,1890500.9,1890634.5,8,-0.586852,4,8683,1,0
78,1,1893771.6,1893905.2,8,-4.40678,4,8685,1,0
78,4,1893771.6,1893905.2,8,-4.40678,4,8685,1,0
363,1,1894498.1,1894570.1,7,3.69783,4,8683,1,0
363,2,1894498.1,1894570.1,7,3.69783,4,8683,1,0
179,1,1895357.5,1895491.2,8,-3.59798,4,8685,1,0
179,3,1895357.5,1895491.2,8,-3.59798,4,8685,1,0
179,4,1895357.5,1895491.2,8,-3.59798,4,8685,1,0
163,1,1895828.6,1896815.8,11,-8.00003,4,8685,1,0
163,2,1895828.6,1896815.8,11,-8.00003,4,8685,1,0
163,3,1895828.6,1896815.8,11,-8.00003,4,8685,0,1
50,1,1896966.2,1897100.0,8,-4.32228,4,8685,1,0
50,2,1896966.2,1897100.0,8,-4.32228,4,8685,1,0
203,1,1898669.4,1900479.9,12,-21.5609,4,8683,1,0
203,4,1898669.4,1900479.9,12,-21.5609,4,8683,1,0
309,3,1899383.0,1899835.8,10,-10.0473,4,8683,0,1
309,4,1899383.0,1899835.8,10,-10.0473,4,8683,1,0
84,1,1900674.2,1900921.0,9,-12.5345,4,8681,1,0
84,3,1900674.2,1900921.0,9,-12.5345,4,8681,1,0
148,1,1902167.0,1902619.6,10,-6.61865,4,8685,1,0
148,2,1902167.0,1902619.6,10,-6.61865,4,8685,1,0
149,2,1902405.2,1902857.9,10,-16.0571,4,8683,1,0
377,4,1903428.8,1903500.6,7,-7.67815,4,8683,1,0
223,1,1904234.6,1906045.0,12,-19.8569,4,8683,1,0
223,2,1904234.6,1906045.0,12,-19.8569,4,8683,1,0
223,3,1904234.6,1906045.0,12,-19.8569,4,8683,1,0
223,4,1904234.6,1906045.0,12,-19.8569,4,8683,1,0
6,1,1905153.6,1906964.1,12,-15.4464,4,8685,1,0
6,3,1905153.6,1906964.1,12,-15.4464,4,8685,1,0
269,1,1906820.9,1907273.5,10,-14.1687,4,8681,1,0
269,2,1906820.9,1907273.5,10,-14.1687,4,8681,1,0
142,4,1907354.2,1907426.1,7,5.34582,4,8681,1,0
115,1,1907548.0,1907619.9,7,0.22664,4,8683,1,0
115,3,1907548.0,1907619.9,7,0.22664,4,8683,1,0
115,4,1907548.0,1907619.9,7,0.22664,4,8683,1,0
88,1,1908146.4,1908218.2,7,5.70617,4,8683,1,0
88,3,1908146.4,1908218.2,7,5.70617,4,8683,1,0
395,2,1909310.2,1910297.5,11,-9.11685,4,8685,0,1
395,3,1909310.2,1910297.5,11,-9.11685,4,8685,1,0
395,4,1909310.2,1910297.5,11,-9.11685,4,8685,1,0
245,2,1910897.0,1912707.4,12,-14.6212,4,8683,1,0
245,4,1910897.0,1912707.4,12,-14.6212,4,8683,1,0
324,2,1912839.4,1913292.0,10,-16.6894,4,8685,1,0
394,3,1915089.4,1915542.0,10,-5.98804,4,8685,1,0
298,1,1915174.6,1915246.6,7,2.39264,4,8681,1,0
307,1,1919616.8,1919688.6,7,6.05684,4,8683,1,0
90,1,1920995.5,1921448.1,10,-16.2618,4,8681,1,0
90,3,1920995.5,1921448.1,10,-16.2618,4,8681,1,0
90,4,1920995.5,1921448.1,10,-16.2618,4,8681,1,0
344,2,1921804.8,1922051.5,9,-4.42209,4,8681,1,0
344,4,1921804.8,1922051.5,9,-4.42209,4,8681,1,0
25,2,1921806.0,1921877.9,7,5.15647,4,8683,1,0
107,1,1923046.4,1923293.2,9,-12.6021,4,8685,1,0
107,2,1923046.4,1923293.2,9,-12.6021,4,8685,1,0
107,4,1923046.4,1923293.2,9,-12.6021,4,8685,1,0
168,3,1923940.5,1924187.4,9,-2.692,4,8685,1,0
168,4,1923940.5,1924187.4,9,-2.692,4,8685,1,0
305,2,1924264.6,1924717.2,10,0.0,4,8683,0,1
305,3,1924264.6,1924717.2,10,0.0,4,8683,1,0
305,4,1924264.6,1924717.2,10,0.0,4,8683,0,1
219,1,1924857.5,1924991.2,8,-1.11638,4,8683,1,0
270,2,1926425.9,1926497.8,7,-6.14468,4,8685,1,0
270,3,1926425.9,1926497.8,7,-6.14468,4,8685,1,0
258,2,1928357.6,1928429.6,7,2.31227,4,8685,1,0
143,2,1928708.2,1929160.9,10,-11.9744,4,8685,1,0
143,3,1928708.2,1929160.9,10,-11.9744,4,8685,1,0
143,4,1928708.2,1929160.9,10,-11.9744,4,8685,1,0
367,1,1930498.6,1930632.4,8,-8.5657,4,8685,1,0
367,2,1930498.6,1930632.4,8,-8.5657,4,8685,1,0
367,3,1930498.6,1930632.4,8,-8.5657,4,8685,1,0
367,4,1930498.6,1930632.4,8,-8.5657,4,8685,1,0
306,1,1931687.9,1931934.8,9,-3.56885,4,8683,1,0
336,1,1932781.8,1932853.6,7,3.66506,4,8683,1,0
328,1,1934946.1,1935933.4,11,0.0,4,8685,1,0
48,1,1935776.5,1936229.1,10,0.0,4,8685,1,0
48,3,1935776.5,1936229.1,10,0.0,4,8685,1,0
96,3,1937603.4,1937737.0,8,-2.94112,4,8683,1,0
210,3,1939280.8,1939352.6,7,-2.3109,4,8683,1,0
39,2,1940359.1,1940431.0,7,8.45473,4,8685,1,0
114,3,1943544.1,1943677.8,8,3.49598,4,8683,1,0
22,4,1947761.0,1947894.6,8,-8.28487,4,8685,1,0
226,1,1948927.6,1948999.5,7,14.173,4,8683,1,0
179,3,1951107.8,1951241.5,8,2.99419,4,8683,1,0
34,2,1951599.5,1952052.1,10,-2.02766,4,8683,1,0
34,4,1951599.5,1952052.1,10,-2.02766,4,8683,1,0
96,3,1951705.8,1951839.5,8,11.7233,4,8685,1,0
96,4,1951705.8,1951839.5,8,11.7233,4,8685,1,0
169,2,1952988.1,1953060.0,7,-1.25917,4,8685,1,0
118,2,1953542.5,1953614.4,7,-3.77122,4,8685,1,0
118,3,1953542.5,1953614.4,7,-3.77122,4,8685,1,0
118,4,1953542.5,1953614.4,7,-3.77122,4,8685,1,0
73,4,1954653.8,1955641.0,11,-19.364,4,8683,0,1
19,1,1954801.0,1955253.6,10,-12.6644,4,8683,1,0
19,2,1954801.0,1955253.6,10,-12.6644,4,8683,1,0
19,4,1954801.0,1955253.6,10,-12.6644,4,8683,0,1
189,2,1954977.6,1955964.9,11,0.0,4,8683,1,0
274,1,1957527.0,1958514.1,11,-17.8774,4,8685,0,1
131,2,1958275.6,1960086.0,12,8.00089,4,8683,0,1
131,3,1958275.6,1960086.0,12,8.00089,4,8683,0,1
132,2,1958405.5,1958539.1,8,7.15022,4,8685,0,1
132,3,1958405.5,1958539.1,8,7.15022,4,8685,1,0
360,1,1959215.4,1959349.0,8,7.61498,4,8683,1,0
360,3,1959215.4,1959349.0,8,7.61498,4,8683,1,0
360,4,1959215.4,1959349.0,8,7.61498,4,8683,1,0
126,1,1960916.6,1960988.5,7,0.0,4,8685,1,0
118,2,1961499.4,1961571.2,7,0.257554,4,8685,1,0
118,3,1961499.4,1961571.2,7,0.257554,4,8685,1,0
103,1,1961628.0,1961761.8,8,0.0,4,8681,1,0
103,2,1961628.0,1961761.8,8,0.0,4,8681,1,0
123,1,1961882.4,1962016.0,8,14.7331,4,8683,0,1
123,2,1961882.4,1962016.0,8,14.7331,4,8683,1,0
347,1,1962102.0,1962174.0,7,15.7796,4,8685,1,0
401,2,1962579.8,1962713.4,8,-1.46297,4,8683,1,0
401,4,1962579.8,1962713.4,8,-1.46297,4,8683,1,0
188,2,1965229.2,1965681.9,10,3.20057,4,8683,1,0
188,3,1965229.2,1965681.9,10,3.20057,4,8683,1,0
188,4,1965229.2,1965681.9,10,3.20057,4,8683,1,0
344,1,1966998.2,1967245.1,9,-8.62564,4,8683,1,0
344,2,1966998.2,1967245.1,9,-8.62564,4,8683,1,0
344,4,1966998.2,1967245.1,9,-8.62564,4,8683,1,0
330,1,1967616.5,1967688.4,7,15.1777,4,8685,1,0
330,2,1967616.5,1967688.4,7,15.1777,4,8685,1,0
286,2,1967990.0,1968236.9,9,0.0,4,8685,1,0
326,1,1968018.2,1968152.0,8,0.863404,4,8683,1,0
326,2,1968018.2,1968152.0,8,0.863404,4,8683,1,0
326,3,1968018.2,1968152.0,8,0.863404,4,8683,1,0
326,4,1968018.2,1968152.0,8,0.863404,4,8683,0,1
96,1,1968821.0,1968954.8,8,-1.0925,4,8683,1,0
96,3,1968821.0,1968954.8,8,-1.0925,4,8683,1,0
129,2,1970627.4,1971614.5,11,-11.1718,4,8685,1,0
388,1,1972326.0,1972572.9,9,10.5182,4,8685,1,0
143,2,1973969.0,1974421.6,10,-4.70438,4,8683,1,0
143,3,1973969.0,1974421.6,10,-4.70438,4,8683,1,0
196,1,1975680.0,1975813.8,8,0.0,4,8685,1,0
44,1,1976195.1,1978005.5,12,-17.0101,4,8685,0,1
44,2,1976195.1,1978005.5,12,-17.0101,4,8685,0,1
44,3,1976195.1,1978005.5,12,-17.0101,4,8685,0,1
44,4,1976195.1,1978005.5,12,-17.0101,4,8685,1,0
58,2,1976227.0,1976299.0,7,-8.34402,4,8685,1,0
227,2,1979971.1,1980043.0,7,-7.06229,4,8685,0,1
24,2,1980168.4,1980621.0,10,-9.13379,4,8685,0,1
24,4,1980168.4,1980621.0,10,-9.13379,4,8685,1,0
326,2,1981893.4,1982027.1,8,-4.25116,4,8681,1,0
326,3,1981893.4,1982027.1,8,-4.25116,4,8681,1,0
326,4,1981893.4,1982027.1,8,-4.25116,4,8681,1,0
84,1,1982025.4,1982272.2,9,6.97814,4,8685,1,0
199,4,1982214.1,1982461.0,9,-4.33659,4,8683,1,0
138,3,1985085.6,1985219.2,8,2.94763,4,8685,1,0
8,3,1986525.9,1986597.8,7,19.1237,4,8683,1,0
33,3,1987153.5,1987400.2,9,2.57945,4,8685,1,0
33,4,1987153.5,1987400.2,9,2.57945,4,8685,1,0
89,4,1988178.0,1989988.4,12,-19.3996,4,8685,0,1
360,1,1988412.6,1988546.2,8,-8.17001,4,8685,1,0
21,1,1988701.1,1989153.8,10,4.94022,4,8683,1,0
21,2,1988701.1,1989153.8,10,4.94022,4,8683,1,0
21,3,1988701.1,1989153.8,10,4.94022,4,8683,0,1
21,4,1988701.1,1989153.8,10,4.94022,4,8683,1,0
121,4,1988731.2,1988864.9,8,-2.23138,4,8683,1,0
372,1,1989210.2,1990197.4,11,0.0,4,8683,0,1
329,2,1989533.2,1990520.4,11,-16.7543,4,8685,1,0
329,3,1989533.2,1990520.4,11,-16.7543,4,8685,0,1
329,4,1989533.2,1990520.4,11,-16.7543,4,8685,1,0
286,4,1992668.4,1992915.1,9,0.0,4,8683,1,0
18,1,1993581.6,1993715.4,8,-9.19762,4,8683,1,0
216,2,1993857.2,1993929.2,7,22.1903,4,8685,1,0
234,2,1994305.5,1994758.1,10,-3.04106,4,8681,1,0
234,3,1994305.5,1994758.1,10,-3.04106,4,8681,1,0
109,1,1994623.0,1994695.0,7,0.218919,4,8683,1,0
109,2,1994623.0,1994695.0,7,0.218919,4,8683,1,0
221,3,1995118.0,1996105.2,11,-10.0908,4,8681,1,0
221,4,1995118.0,1996105.2,11,-10.0908,4,8681,1,0
45,1,1997299.2,1997371.1,7,13.3367,4,8683,0,1
45,3,1997299.2,1997371.1,7,13.3367,4,8683,1,0
45,4,1997299.2,1997371.1,7,13.3367,4,8683,1,0
353,2,2000396.0,2000529.6,8,-11.9138,4,8683,1,0
144,1,2000949.4,2001936.5,11,-12.7651,4,8685,1,0
144,3,2000949.4,2001936.5,11,-12.7651,4,8685,1,0
396,1,2001107.1,2001240.9,8,-11.18,4,8683,1,0
396,2,2001107.1,2001240.9,8,-11.18,4,8683,1,0
396,3,2001107.1,2001240.9,8,-11.18,4,8683,1,0
396,4,2001107.1,2001240.9,8,-11.18,4,8683,1,0
83,1,2001984.5,2002056.4,7,-3.39606,4,8683,1,0
83,4,2001984.5,2002056.4,7,-3.39606,4,8683,1,0
403,1,2002710.9,2002957.6,9,-11.1482,4,8685,1,0
403,2,2002710.9,2002957.6,9,-11.1482,4,8685,1,0
403,3,2002710.9,2002957.6,9,-11.1482,4,8685,1,0
403,4,2002710.9,2002957.6,9,-11.1482,4,8685,1,0
151,4,2004695.1,2004767.0,7,0.0,4,8681,1,0
392,2,2005638.0,2005709.9,7,-1.4498,4,8685,0,1
84,1,2006703.8,2006950.5,9,-6.99199,4,8685,1,0
84,4,2006703.8,2006950.5,9,-6.99199,4,8685,1,0
294,2,2007611.4,2008064.0,10,-10.1258,4,8685,1,0
294,4,2007611.4,2008064.0,10,-10.1258,4,8685,1,0
284,1,2008914.0,2009160.9,9,0.0,4,8681,0,1
284,2,2008914.0,2009160.9,9,0.0,4,8681,1,0
284,4,2008914.0,2009160.9,9,0.0,4,8681,1,0
169,1,2009202.8,2009274.6,7,0.0,4,8685,0,1
136,1,2009907.5,2010154.2,9,-4.51955,4,8683,0,1
136,2,2009907.5,2010154.2,9,-4.51955,4,8683,1,0
157,2,2011899.9,2012146.8,9,-11.8716,4,8681,1,0
157,4,2011899.9,2012146.8,9,-11.8716,4,8681,1,0
124,1,2011978.8,2012225.6,9,-14.0225,4,8685,1,0
124,4,2011978.8,2012225.6,9,-14.0225,4,8685,1,0
75,1,2013243.9,2013315.8,7,-1.77316,4,8685,1,0
350,2,2015210.2,2015662.9,10,-14.8,4,8683,1,0
39,3,2015676.2,2015748.1,7,11.3475,4,8685,1,0
183,1,2017035.9,2018846.4,12,-7.52319,4,8683,1,0
183,2,2017035.9,2018846.4,12,-7.52319,4,8683,0,1
183,4,2017035.9,2018846.4,12,-7.52319,4,8683,1,0
70,2,2018057.6,2018510.2,10,-0.16661,4,8683,0,1
164,2,2018766.1,2020576.5,12,0.0,4,8685,0,1
164,3,2018766.1,2020576.5,12,0.0,4,8685,1,0
107,4,2019396.1,2019643.0,9,-1.00262,4,8685,1,0
32,2,2020188.8,2020260.6,7,11.2713,4,8685,1,0
32,3,2020188.8,2020260.6,7,11.2713,4,8685,1,0
320,2,2020976.4,2021963.5,11,0.0,4,8685,1,0
320,4,2020976.4,2021963.5,11,0.0,4,8685,0,1
63,1,2023881.0,2024014.6,8,-0.351806,4,8685,1,0
63,3,2023881.0,2024014.6,8,-0.351806,4,8685,1,0
269,2,2025030.2,2025482.9,10,-11.6757,4,8685,1,0
269,3,2025030.2,2025482.9,10,-11.6757,4,8685,1,0
269,4,2025030.2,2025482.9,10,-11.6757,4,8685,1,0
342,1,2025172.5,2025419.2,9,3.21182,4,8685,1,0
342,2,2025172.5,2025419.2,9,3.21182,4,8685,1,0
342,3,2025172.5,2025419.2,9,3.21182,4,8685,1,0
342,4,2025172.5,2025419.2,9,3.21182,4,8685,1,0
62,1,2026428.6,2026675.4,9,-13.0134,4,8683,0,1
42,2,2027924.4,2027996.2,7,-2.59474,4,8683,1,0
360,1,2028600.9,2028734.5,8,11.3915,4,8683,1,0
360,4,2028600.9,2028734.5,8,11.3915,4,8683,1,0
258,2,2028743.5,2028815.4,7,10.8617,4,8683,1,0
210,1,2028833.4,2028905.2,7,-1.30289,4,8681,1,0
210,4,2028833.4,2028905.2,7,-1.30289,4,8681,1,0
381,1,2029339.0,2029410.9,7,-4.71614,4,8681,1,0
381,3,2029339.0,2029410.9,7,-4.71614,4,8681,1,0
52,1,2029553.2,2031363.6,12,-17.8766,4,8685,1,0
52,2,2029553.2,2031363.6,12,-17.8766,4,8685,0,1
52,3,2029553.2,2031363.6,12,-17.8766,4,8685,0,1
52,4,2029553.2,2031363.6,12,-17.8766,4,8685,0,1
179,1,2029965.0,2030098.6,8,-10.3179,4,8683,1,0
179,3,2029965.0,2030098.6,8,-10.3179,4,8683,1,0
87,3,2032244.1,2032491.0,9,0.0,4,8685,1,0
46,3,2032356.6,2032428.5,7,0.0,4,8683,1,0
363,2,2034194.9,2034266.8,7,0.0,4,8683,1,0
277,1,2034363.5,2034610.4,9,-9.32422,4,8685,1,0
277,2,2034363.5,2034610.4,9,-9.32422,4,8685,1,0
402,1,2035324.6,2035458.2,8,0.876801,4,8683,1,0
402,3,2035324.6,2035458.2,8,0.876801,4,8683,0,1
402,4,2035324.6,2035458.2,8,0.876801,4,8683,1,0
288,2,2035828.4,2036281.0,10,-8.63254,4,8685,1,0
288,4,2035828.4,2036281.0,10,-8.63254,4,8685,1,0
231,1,2036201.9,2038012.4,12,0.0,4,8685,1,0
231,3,2036201.9,2038012.4,12,0.0,4,8685,0,1
112,2,2036438.6,2038249.0,12,14.9392,4,8683,1,0
112,3,2036438.6,2038249.0,12,14.9392,4,8683,0,1
397,4,2037867.0,2037938.9,7,5.30126,4,8685,1,0
180,1,2039544.2,2039997.0,10,-16.4602,4,8683,1,0
180,3,2039544.2,2039997.0,10,-16.4602,4,8683,1,0
125,1,2040103.2,2040175.1,7,7.97691,4,8685,1,0
27,2,2040400.9,2040647.8,9,7.30071,4,8685,1,0
365,1,2042086.0,2042158.0,7,0.0467232,4,8683,0,1
365,2,2042086.0,2042158.0,7,0.0467232,4,8683,1,0
174,1,2043417.2,2045227.6,12,-17.9928,4,8683,1,0
174,2,2043417.2,2045227.6,12,-17.9928,4,8683,1,0
174,3,2043417.2,2045227.6,12,-17.9928,4,8683,1,0
174,4,2043417.2,2045227.6,12,-17.9928,4,8683,1,0
176,1,2044940.9,2045187.8,9,-14.3983,4,8683,1,0
176,4,2044940.9,2045187.8,9,-14.3983,4,8683,1,0
34,2,2045510.4,2045963.0,10,-2.78969,4,8685,1,0
34,3,2045510.4,2045963.0,10,-2.78969,4,8685,1,0
34,4,2045510.4,2045963.0,10,-2.78969,4,8685,1,0
188,2,2046652.4,2047105.0,10,-9.81071,4,8683,1,0
188,3,2046652.4,2047105.0,10,-9.81071,4,8683,1,0
398,1,2047464.9,2047711.6,9,-8.4324,4,8683,1,0
398,3,2047464.9,2047711.6,9,-8.4324,4,8683,0,1
216,1,2047682.0,2047753.9,7,-6.20996,4,8685,1,0
216,2,2047682.0,2047753.9,7,-6.20996,4,8685,1,0
50,2,2047684.5,2047818.1,8,0.0,4,8683,1,0
63,2,2048193.1,2048326.6,8,0.0,4,8683,0,1
41,2,2048821.0,2048893.1,7,-7.7319,4,8685,0,1
41,3,2048821.0,2048893.1,7,-7.7319,4,8685,1,0
220,1,2049001.8,2049073.8,7,-2.43362,4,8685,1,0
220,3,2049001.8,2049073.8,7,-2.43362,4,8685,1,0
256,2,2049013.1,2049085.2,7,10.9487,4,8681,0,1
365,1,2049279.5,2049351.5,7,6.46043,4,8681,1,0
365,4,2049279.5,2049351.5,7,6.46043,4,8681,1,0
283,1,2049968.8,2050040.8,7,0.0,4,8683,1,0
283,2,2049968.8,2050040.8,7,0.0,4,8683,1,0
81,2,2050325.6,2050572.5,9,-1.44827,4,8685,1,0
116,1,2051336.6,2051408.8,7,-3.5699,4,8683,1,0
116,2,2051336.6,2051408.8,7,-3.5699,4,8683,1,0
116,4,2051336.6,2051408.8,7,-3.5699,4,8683,1,0
304,1,2051600.9,2051672.9,7,-8.59447,4,8685,1,0
304,4,2051600.9,2051672.9,7,-8.59447,4,8685,1,0
285,1,2052460.8,2053447.8,11,-17.2628,4,8685,1,0
285,2,2052460.8,2053447.8,11,-17.2628,4,8685,1,0
285,3,2052460.8,2053447.8,11,-17.2628,4,8685,1,0
72,1,2053023.5,2053095.5,7,10.2492,4,8685,1,0
72,2,2053023.5,2053095.5,7,10.2492,4,8685,1,0
149,3,2054121.6,2054574.2,10,-12.3273,4,8685,1,0
149,4,2054121.6,2054574.2,10,-12.3273,4,8685,0,1
117,2,2055735.9,2055807.9,7,-5.15802,4,8685,1,0
117,4,2055735.9,2055807.9,7,-5.15802,4,8685,1,0
7,2,2058343.8,2058590.6,9,-11.1256,4,8685,1,0
7,3,2058343.8,2058590.6,9,-11.1256,4,8685,1,0
205,1,2061655.2,2061727.2,7,5.76714,4,8683,1,0
146,1,2061977.0,2063787.6,12,-7.95462,4,8681,0,1
146,2,2061977.0,2063787.6,12,-7.95462,4,8681,1,0
146,4,2061977.0,2063787.6,12,-7.95462,4,8681,0,1
31,2,2062357.6,2062604.5,9,-10.3527,4,8685,1,0
31,4,2062357.6,2062604.5,9,-10.3527,4,8685,1,0
355,4,2063611.4,2063858.1,9,0.0,4,8685,0,1
197,1,2064267.6,2066078.1,12,3.07967,4,8685,1,0
197,2,2064267.6,2066078.1,12,3.07967,4,8685,1,0
197,3,2064267.6,2066078.1,12,3.07967,4,8685,1,0
197,4,2064267.6,2066078.1,12,3.07967,4,8685,0,1
58,2,2065627.9,2065700.0,7,0.0,4,8685,1,0
388,1,2065866.8,2066113.5,9,-11.6227,4,8683,1,0
269,2,2070291.0,2070743.6,10,-15.57,4,8685,1,0
269,3,2070291.0,2070743.6,10,-15.57,4,8685,1,0
396,2,2076704.4,2076837.9,8,-4.43182,4,8685,1,0
396,3,2076704.4,2076837.9,8,-4.43182,4,8685,1,0
120,1,2076774.9,2077021.8,9,-9.1467,4,8681,1,0
120,4,2076774.9,2077021.8,9,-9.1467,4,8681,1,0
189,4,2078166.0,2079153.1,11,0.0,4,8685,0,1
212,1,2079061.0,2080871.6,12,-14.4916,4,8681,1,0
212,2,2079061.0,2080871.6,12,-14.4916,4,8681,1,0
212,3,2079061.0,2080871.6,12,-14.4916,4,8681,1,0
100,1,2079547.6,2080000.2,10,0.918534,4,8683,1,0
100,2,2079547.6,2080000.2,10,0.918534,4,8683,1,0
100,3,2079547.6,2080000.2,10,0.918534,4,8683,1,0
100,4,2079547.6,2080000.2,10,0.918534,4,8683,0,1
203,1,2079712.6,2081523.2,12,-16.944,4,8683,1,0
208,2,2080818.6,2082629.1,12,-16.7938,4,8683,1,0
198,1,2083001.8,2084812.2,12,0.0,4,8681,0,1
198,3,2083001.8,2084812.2,12,0.0,4,8681,0,1
198,4,2083001.8,2084812.2,12,0.0,4,8681,1,0
180,1,2084805.1,2085257.8,10,-13.4452,4,8683,1,0
180,4,2084805.1,2085257.8,10,-13.4452,4,8683,1,0
50,1,2084992.2,2085125.8,8,-11.3151,4,8683,1,0
50,2,2084992.2,2085125.8,8,-11.3151,4,8683,0,1
223,3,2085277.9,2087088.4,12,-14.5653,4,8683,1,0
223,4,2085277.9,2087088.4,12,-14.5653,4,8683,1,0
94,1,2086109.6,2086562.2,10,-9.17627,4,8683,0,1
94,2,2086109.6,2086562.2,10,-9.17627,4,8683,1,0
94,4,2086109.6,2086562.2,10,-9.17627,4,8683,1,0
6,3,2086196.8,2088007.4,12,-21.1662,4,8685,0,1
215,3,2086648.2,2086720.2,7,9.91439,4,8685,1,0
57,2,2086934.9,2087181.6,9,-10.9584,4,8683,1,0
57,3,2086934.9,2087181.6,9,-10.9584,4,8683,1,0
372,3,2087923.9,2088910.9,11,0.0,4,8685,1,0
372,4,2087923.9,2088910.9,11,0.0,4,8685,1,0
329,3,2088246.9,2089233.9,11,0.0,4,8683,1,0
359,1,2089799.5,2089933.1,8,-7.23215,4,8685,1,0
359,2,2089799.5,2089933.1,8,-7.23215,4,8685,1,0
359,3,2089799.5,2089933.1,8,-7.23215,4,8685,1,0
159,2,2089959.0,2090031.0,7,11.2276,4,8681,1,0
159,3,2089959.0,2090031.0,7,11.2276,4,8681,1,0
159,4,2089959.0,2090031.0,7,11.2276,4,8681,1,0
16,4,2090834.5,2091081.2,9,0.0,4,8685,0,1
245,1,2091940.1,2093750.8,12,-19.4081,4,8685,1,0
245,2,2091940.1,2093750.8,12,-19.4081,4,8685,1,0
245,4,2091940.1,2093750.8,12,-19.4081,4,8685,0,1
377,2,2092807.4,2092879.4,7,4.44936,4,8683,1,0
377,3,2092807.4,2092879.4,7,4.44936,4,8683,1,0
377,4,2092807.4,2092879.4,7,4.44936,4,8683,1,0
270,2,2093282.0,2093354.0,7,12.6929,4,8683,1,0
270,3,2093282.0,2093354.0,7,12.6929,4,8683,1,0
71,2,2095182.1,2095429.0,9,-8.30992,4,8683,1,0
202,2,2095431.6,2095678.5,9,-12.6361,4,8683,1,0
202,3,2095431.6,2095678.5,9,-12.6361,4,8683,1,0
317,1,2098376.2,2098623.0,9,-4.30749,4,8683,1,0
232,1,2098464.0,2099451.2,11,-1.9554,4,8683,1,0
232,4,2098464.0,2099451.2,11,-1.9554,4,8683,1,0
327,3,2099614.5,2099686.5,7,-4.60908,4,8681,1,0
144,3,2099663.0,2100650.2,11,-14.6252,4,8683,1,0
81,1,2099682.2,2099929.2,9,-1.17944,4,8683,0,1
33,1,2101715.2,2101962.2,9,-12.9994,4,8683,1,0
33,4,2101715.2,2101962.2,9,-12.9994,4,8683,1,0
215,1,2101984.2,2102056.2,7,-8.67625,4,8683,1,0
215,2,2101984.2,2102056.2,7,-8.67625,4,8683,1,0
215,3,2101984.2,2102056.2,7,-8.67625,4,8683,1,0
86,2,2103614.2,2104067.0,10,0.0,4,8685,1,0
86,4,2103614.2,2104067.0,10,0.0,4,8685,0,1
375,1,2103983.8,2104055.8,7,7.18296,4,8685,1,0
375,3,2103983.8,2104055.8,7,7.18296,4,8685,1,0
375,4,2103983.8,2104055.8,7,7.18296,4,8685,0,1
341,2,2105132.2,2105265.8,8,0.0,4,8685,1,0
341,4,2105132.2,2105265.8,8,0.0,4,8685,1,0
151,3,2105482.8,2105554.8,7,-4.85174,4,8683,1,0
11,1,2105976.5,2106223.5,9,-13.9504,4,8685,1,0
251,1,2106060.5,2106132.5,7,-7.52952,4,8681,1,0
251,4,2106060.5,2106132.5,7,-7.52952,4,8681,1,0
369,2,2106926.5,2107060.0,8,10.5838,4,8685,1,0
369,4,2106926.5,2107060.0,8,10.5838,4,8685,1,0
249,2,2107211.5,2107283.5,7,-5.24586,4,8683,1,0
249,3,2107211.5,2107283.5,7,-5.24586,4,8683,1,0
358,1,2107510.0,2107582.0,7,-5.14564,4,8685,1,0
358,2,2107510.0,2107582.0,7,-5.14564,4,8685,1,0
358,3,2107510.0,2107582.0,7,-5.14564,4,8685,1,0
358,4,2107510.0,2107582.0,7,-5.14564,4,8685,1,0
19,1,2109039.5,2109492.2,10,0.0,4,8683,0,1
19,3,2109039.5,2109492.2,10,0.0,4,8683,1,0
45,3,2109544.8,2109616.8,7,3.40106,4,8685,1,0
333,3,2110813.0,2111800.0,11,-18.7228,4,8683,0,1
242,4,2111090.5,2111162.5,7,2.49402,4,8685,1,0
97,1,2111284.8,2111737.2,10,-8.75127,4,8683,1,0
97,4,2111284.8,2111737.2,10,-8.75127,4,8683,1,0
238,1,2113654.5,2114107.2,10,-16.4037,4,8683,1,0
238,3,2113654.5,2114107.2,10,-16.4037,4,8683,1,0
238,4,2113654.5,2114107.2,10,-16.4037,4,8683,1,0
241,1,2114171.0,2114304.5,8,-0.0178672,4,8685,1,0
47,1,2115113.5,2115185.5,7,2.44058,4,8685,1,0
47,4,2115113.5,2115185.5,7,2.44058,4,8685,1,0
314,1,2117301.8,2117435.2,8,2.1461,4,8685,1,0
314,3,2117301.8,2117435.2,8,2.1461,4,8685,1,0
314,4,2117301.8,2117435.2,8,2.1461,4,8685,1,0
375,1,2118414.8,2118486.8,7,-5.84883,4,8683,1,0
375,3,2118414.8,2118486.8,7,-5.84883,4,8683,1,0
99,2,2118574.0,2118646.0,7,23.1627,4,8685,1,0
99,4,2118574.0,2118646.0,7,23.1627,4,8685,1,0
22,1,2119680.8,2119814.2,8,22.0938,4,8683,1,0
22,2,2119680.8,2119814.2,8,22.0938,4,8683,0,1
22,3,2119680.8,2119814.2,8,22.0938,4,8683,1,0
22,4,2119680.8,2119814.2,8,22.0938,4,8683,1,0
399,3,2119941.8,2121752.2,12,-18.619,4,8681,1,0
399,4,2119941.8,2121752.2,12,-18.619,4,8681,1,0
125,1,2120123.8,2120195.8,7,16.8859,4,8685,1,0
87,1,2120526.2,2120773.2,9,-3.82394,4,8683,1,0
87,2,2120526.2,2120773.2,9,-3.82394,4,8683,1,0
87,3,2120526.2,2120773.2,9,-3.82394,4,8683,1,0
339,1,2120708.2,2120841.8,8,0.0,4,8683,1,0
21,2,2122140.5,2122593.2,10,-1.11838,4,8683,1,0
21,3,2122140.5,2122593.2,10,-1.11838,4,8683,1,0
21,4,2122140.5,2122593.2,10,-1.11838,4,8683,1,0
73,1,2123446.8,2124433.8,11,-9.66888,4,8685,0,1
81,1,2124360.8,2124607.8,9,-7.43234,4,8681,1,0
161,2,2124637.8,2124771.2,8,0.776185,4,8681,1,0
161,3,2124637.8,2124771.2,8,0.776185,4,8681,1,0
186,2,2125399.2,2125471.2,7,6.2943,4,8685,1,0
15,2,2126276.0,2126409.5,8,-8.55994,4,8685,1,0
15,3,2126276.0,2126409.5,8,-8.55994,4,8685,1,0
15,4,2126276.0,2126409.5,8,-8.55994,4,8685,1,0
397,1,2126711.2,2126783.2,7,15.6974,4,8685,1,0
397,3,2126711.2,2126783.2,7,15.6974,4,8685,1,0
343,1,2129371.2,2129443.2,7,3.07134,4,8681,1,0
343,3,2129371.2,2129443.2,7,3.07134,4,8681,1,0
343,4,2129371.2,2129443.2,7,3.07134,4,8681,0,1
316,2,2130445.8,2130517.8,7,2.43186,4,8685,1,0
316,4,2130445.8,2130517.8,7,2.43186,4,8685,1,0
11,1,2130655.0,2130901.8,9,15.8224,4,8683,1,0
11,2,2130655.0,2130901.8,9,15.8224,4,8683,1,0
11,4,2130655.0,2130901.8,9,15.8224,4,8683,1,0
79,4,2131035.2,2131107.2,7,5.8849,4,8685,1,0
276,1,2133143.0,2133215.0,7,0.0,4,8683,1,0
276,4,2133143.0,2133215.0,7,0.0,4,8683,1,0
115,3,2134397.0,2134469.0,7,19.6691,4,8685,1,0
93,1,2135308.2,2135380.2,7,2.88565,4,8685,1,0
90,1,2138180.2,2138632.8,10,-4.55281,4,8685,1,0
90,3,2138180.2,2138632.8,10,-4.55281,4,8685,1,0
90,4,2138180.2,2138632.8,10,-4.55281,4,8685,1,0
247,1,2138195.5,2139182.5,11,-8.65771,4,8683,1,0
247,2,2138195.5,2139182.5,11,-8.65771,4,8683,1,0
247,3,2138195.5,2139182.5,11,-8.65771,4,8683,1,0
379,3,2138346.0,2138479.5,8,-2.63313,4,8685,1,0
273,1,2138367.0,2138439.0,7,-3.9165,4,8685,1,0
131,1,2139318.8,2141129.5,12,-8.45671,4,8685,0,1
131,2,2139318.8,2141129.5,12,-8.45671,4,8685,1,0
123,3,2140710.5,2140844.0,8,0.0,4,8681,1,0
186,2,2140937.0,2141009.0,7,-3.50069,4,8685,1,0
186,4,2140937.0,2141009.0,7,-3.50069,4,8685,1,0
397,1,2141052.5,2141124.5,7,2.50923,4,8683,1,0
397,2,2141052.5,2141124.5,7,2.50923,4,8683,1,0
397,3,2141052.5,2141124.5,7,2.50923,4,8683,1,0
397,4,2141052.5,2141124.5,7,2.50923,4,8683,1,0
102,3,2148467.2,2148600.8,8,-4.68982,4,8683,1,0
248,3,2148664.0,2148911.0,9,-9.34924,4,8681,1,0
126,2,2150490.8,2150562.8,7,-9.15796,4,8683,1,0
210,2,2150626.5,2150698.5,7,-8.68726,4,8683,1,0
210,4,2150626.5,2150698.5,7,-8.68726,4,8683,1,0
37,2,2151249.8,2151383.2,8,15.5735,4,8683,1,0
37,3,2151249.8,2151383.2,8,15.5735,4,8683,0,1
374,1,2151481.2,2151933.8,10,-11.383,4,8685,1,0
374,2,2151481.2,2151933.8,10,-11.383,4,8685,0,1
374,3,2151481.2,2151933.8,10,-11.383,4,8685,0,1
307,1,2151564.5,2151636.5,7,2.73998,4,8681,1,0
307,3,2151564.5,2151636.5,7,2.73998,4,8681,0,1
300,1,2154466.0,2154599.5,8,0.0,4,8685,1,0
300,4,2154466.0,2154599.5,8,0.0,4,8685,1,0
9,4,2156593.5,2156727.0,8,5.80881,4,8683,0,1
316,2,2156600.0,2156672.0,7,-4.16074,4,8683,1,0
316,4,2156600.0,2156672.0,7,-4.16074,4,8683,0,1
128,1,2157068.8,2157315.8,9,-13.8454,4,8683,1,0
128,3,2157068.8,2157315.8,9,-13.8454,4,8683,1,0
277,1,2158462.5,2158709.2,9,1.41643,4,8683,1,0
277,2,2158462.5,2158709.2,9,1.41643,4,8683,1,0
277,4,2158462.5,2158709.2,9,1.41643,4,8683,1,0
133,2,2159356.8,2159428.8,7,-0.441482,4,8685,1,0
133,4,2159356.8,2159428.8,7,-0.441482,4,8685,1,0
313,2,2159489.0,2160476.0,11,-11.6072,4,8685,1,0
313,3,2159489.0,2160476.0,11,-11.6072,4,8685,1,0
313,4,2159489.0,2160476.0,11,-11.6072,4,8685,0,1
142,1,2159931.5,2160003.5,7,25.1267,4,8683,0,1
142,2,2159931.5,2160003.5,7,25.1267,4,8683,1,0
142,3,2159931.5,2160003.5,7,25.1267,4,8683,1,0
142,4,2159931.5,2160003.5,7,25.1267,4,8683,1,0
39,2,2161631.8,2161703.8,7,1.81952,4,8683,1,0
19,2,2163190.0,2163642.5,10,-15.1465,4,8681,1,0
394,2,2164122.8,2164575.5,10,-9.23079,4,8685,1,0
76,4,2164829.5,2164901.5,7,2.41309,4,8683,1,0
122,1,2165329.0,2165576.0,9,-2.43719,4,8683,1,0
122,4,2165329.0,2165576.0,9,-2.43719,4,8683,1,0
72,1,2166794.0,2166866.0,7,9.08842,4,8685,1,0
72,3,2166794.0,2166866.0,7,9.08842,4,8685,1,0
72,4,2166794.0,2166866.0,7,9.08842,4,8685,1,0
11,1,2168573.8,2168820.5,9,0.0,4,8685,1,0
11,2,2168573.8,2168820.5,9,0.0,4,8685,1,0
396,1,2168854.5,2168988.0,8,-9.3546,4,8683,1,0
396,3,2168854.5,2168988.0,8,-9.3546,4,8683,1,0
396,4,2168854.5,2168988.0,8,-9.3546,4,8683,1,0
89,2,2169221.2,2171031.8,12,-13.9437,4,8685,0,1
39,2,2169905.2,2169977.2,7,6.02166,4,8685,0,1
39,3,2169905.2,2169977.2,7,6.02166,4,8685,1,0
9,1,2169956.8,2170090.2,8,-9.43904,4,8685,1,0
9,4,2169956.8,2170090.2,8,-9.43904,4,8685,1,0
138,3,2170412.5,2170546.2,8,7.12482,4,8683,1,0
51,2,2170708.2,2170955.0,9,-14.1593,4,8683,1,0
51,3,2170708.2,2170955.0,9,-14.1593,4,8683,1,0
8,1,2172397.0,2172469.0,7,-5.97461,4,8685,1,0
8,2,2172397.0,2172469.0,7,-5.97461,4,8685,1,0
248,4,2173342.5,2173589.2,9,8.49243,4,8683,1,0
169,2,2173650.8,2173722.8,7,-9.2399,4,8683,1,0
169,4,2173650.8,2173722.8,7,-9.2399,4,8683,1,0
54,3,2175274.5,2175346.5,7,-0.0173026,4,8685,1,0
189,1,2176879.8,2177866.8,11,-6.36984,4,8683,1,0
189,4,2176879.8,2177866.8,11,-6.36984,4,8683,1,0
101,1,2178533.2,2179520.2,11,-11.6148,4,8683,1,0
101,3,2178533.2,2179520.2,11,-11.6148,4,8683,1,0
101,4,2178533.2,2179520.2,11,-11.6148,4,8683,1,0
275,1,2179275.2,2179347.2,7,-7.2133,4,8683,1,0
275,3,2179275.2,2179347.2,7,-7.2133,4,8683,1,0
262,1,2179558.0,2179630.2,7,-1.83188,4,8685,1,0
262,2,2179558.0,2179630.2,7,-1.83188,4,8685,1,0
262,3,2179558.0,2179630.2,7,-1.83188,4,8685,1,0
302,1,2180100.2,2180347.2,9,0.0,4,8681,1,0
302,2,2180100.2,2180347.2,9,0.0,4,8681,1,0
302,3,2180100.2,2180347.2,9,0.0,4,8681,1,0
67,2,2180942.2,2181075.8,8,-5.48381,4,8685,1,0
67,4,2180942.2,2181075.8,8,-5.48381,4,8685,1,0
346,2,2181241.5,2181694.0,10,-6.33864,4,8683,1,0
346,3,2181241.5,2181694.0,10,-6.33864,4,8683,1,0
346,4,2181241.5,2181694.0,10,-6.33864,4,8683,1,0
154,1,2181350.0,2181597.0,9,14.9216,4,8683,1,0
207,4,2182266.8,2182513.8,9,0.0,4,8683,1,0
119,1,2182565.5,2182637.5,7,0.0,4,8685,1,0
116,2,2184301.2,2184373.2,7,-2.46126,4,8685,1,0
318,3,2186587.2,2186659.2,7,-0.196136,4,8685,1,0
161,1,2188175.2,2188308.8,8,3.87308,4,8685,1,0
161,3,2188175.2,2188308.8,8,3.87308,4,8685,1,0
161,4,2188175.2,2188308.8,8,3.87308,4,8685,1,0
398,2,2189758.5,2190005.2,9,-10.5239,4,8681,1,0
328,1,2190653.5,2191640.5,11,-1.16879,4,8685,1,0
142,1,2190843.0,2190915.0,7,-8.98128,4,8685,1,0
142,3,2190843.0,2190915.0,7,-8.98128,4,8685,1,0
142,4,2190843.0,2190915.0,7,-8.98128,4,8685,1,0
188,2,2191223.0,2191675.5,10,-10.1849,4,8681,1,0
188,3,2191223.0,2191675.5,10,-10.1849,4,8681,1,0
188,4,2191223.0,2191675.5,10,-10.1849,4,8681,1,0
332,2,2192375.0,2192621.8,9,1.28165,4,8685,1,0
332,3,2192375.0,2192621.8,9,1.28165,4,8685,1,0
371,1,2193084.8,2193331.5,9,-6.16284,4,8685,1,0
371,2,2193084.8,2193331.5,9,-6.16284,4,8685,1,0
371,3,2193084.8,2193331.5,9,-6.16284,4,8685,1,0
351,1,2193465.2,2193918.0,10,0.0,4,8685,1,0
351,4,2193465.2,2193918.0,10,0.0,4,8685,1,0
170,1,2193929.8,2194063.2,8,0.0,4,8683,1,0
43,1,2194491.2,2194563.2,7,0.0,4,8683,1,0
43,4,2194491.2,2194563.2,7,0.0,4,8683,1,0
226,1,2195842.2,2195914.2,7,5.57237,4,8683,1,0
226,2,2195842.2,2195914.2,7,5.57237,4,8683,1,0
226,3,2195842.2,2195914.2,7,5.57237,4,8683,1,0
226,4,2195842.2,2195914.2,7,5.57237,4,8683,1,0
236,2,2198346.0,2198798.5,10,-12.6357,4,8683,1,0
236,3,2198346.0,2198798.5,10,-12.6357,4,8683,1,0
236,4,2198346.0,2198798.5,10,-12.6357,4,8683,1,0
323,1,2198730.8,2198864.2,8,-4.07596,4,8685,1,0
323,3,2198730.8,2198864.2,8,-4.07596,4,8685,1,0
177,4,2198963.5,2199035.5,7,8.04092,4,8683,1,0
122,3,2199155.0,2199401.8,9,-8.35104,4,8685,1,0
38,1,2201515.8,2201762.8,9,-13.7885,4,8685,1,0
38,4,2201515.8,2201762.8,9,-13.7885,4,8685,0,1
233,4,2202055.2,2202507.8,10,-5.43643,4,8683,0,1
163,1,2205779.5,2206766.5,11,-11.7964,4,8683,1,0
163,2,2205779.5,2206766.5,11,-11.7964,4,8683,1,0
163,3,2205779.5,2206766.5,11,-11.7964,4,8683,1,0
253,2,2207189.5,2207323.0,8,-9.4185,4,8685,1,0
52,1,2210596.5,2212407.0,12,-13.2426,4,8685,1,0
52,2,2210596.5,2212407.0,12,-13.2426,4,8685,1,0
52,4,2210596.5,2212407.0,12,-13.2426,4,8685,1,0
298,1,2212150.5,2212222.5,7,18.2651,4,8685,1,0
361,2,2212326.5,2212398.5,7,7.61511,4,8685,1,0
303,1,2212468.8,2212715.5,9,-6.67259,4,8681,1,0
303,3,2212468.8,2212715.5,9,-6.67259,4,8681,1,0
303,4,2212468.8,2212715.5,9,-6.67259,4,8681,1,0
204,3,2212719.8,2212791.8,7,-2.4821,4,8685,1,0
204,4,2212719.8,2212791.8,7,-2.4821,4,8685,1,0
249,2,2213519.0,2213591.0,7,-0.184966,4,8683,1,0
141,2,2215470.0,2215922.5,10,0.0,4,8683,1,0
141,3,2215470.0,2215922.5,10,0.0,4,8683,0,1
109,2,2216084.2,2216156.2,7,-7.02273,4,8685,1,0
317,2,2216188.8,2216435.5,9,-3.21034,4,8685,1,0
317,3,2216188.8,2216435.5,9,-3.21034,4,8685,1,0
389,3,2216270.5,2218081.0,12,-6.8811,4,8683,1,0
389,4,2216270.5,2218081.0,12,-6.8811,4,8683,1,0
216,2,2216357.5,2216429.5,7,-6.06818,4,8683,1,0
376,1,2216634.0,2218444.5,12,0.0,4,8683,0,1
376,2,2216634.0,2218444.5,12,0.0,4,8683,1,0
93,1,2216685.8,2216757.8,7,9.72791,4,8683,1,0
93,3,2216685.8,2216757.8,7,9.72791,4,8683,1,0
93,4,2216685.8,2216757.8,7,9.72791,4,8683,1,0
255,1,2217458.8,2218445.8,11,-7.9977,4,8683,0,1
255,3,2217458.8,2218445.8,11,-7.9977,4,8683,1,0
255,4,2217458.8,2218445.8,11,-7.9977,4,8683,1,0
112,4,2217481.8,2219292.2,12,0.0,4,8683,1,0
45,2,2217863.2,2217935.2,7,-3.0166,4,8683,1,0
45,3,2217863.2,2217935.2,7,-3.0166,4,8683,1,0
167,3,2218576.2,2218648.2,7,-3.76352,4,8685,1,0
50,2,2219021.5,2219155.0,8,-8.71397,4,8681,1,0
50,4,2219021.5,2219155.0,8,-8.71397,4,8681,1,0
397,4,2219470.2,2219542.2,7,0.0,4,8685,1,0
393,1,2222333.2,2222466.8,8,-8.64421,4,8683,1,0
393,2,2222333.2,2222466.8,8,-8.64421,4,8683,1,0
393,3,2222333.2,2222466.8,8,-8.64421,4,8683,1,0
393,4,2222333.2,2222466.8,8,-8.64421,4,8683,1,0
121,4,2223612.5,2223746.0,8,-4.2186,4,8683,1,0
388,1,2223935.2,2224182.2,9,-11.2969,4,8685,1,0
388,4,2223935.2,2224182.2,9,-11.2969,4,8685,1,0
124,1,2224765.2,2225012.0,9,-7.79594,4,8685,1,0
124,2,2224765.2,2225012.0,9,-7.79594,4,8685,1,0
124,4,2224765.2,2225012.0,9,-7.79594,4,8685,0,1
45,2,2225209.2,2225281.2,7,-1.24118,4,8681,1,0
45,3,2225209.2,2225281.2,7,-1.24118,4,8681,1,0
169,1,2225685.8,2225757.8,7,2.1086,4,8685,1,0
307,3,2226713.0,2226785.0,7,1.09163,4,8683,1,0
307,4,2226713.0,2226785.0,7,1.09163,4,8683,0,1
93,1,2231265.2,2231337.2,7,1.46797,4,8683,1,0
93,3,2231265.2,2231337.2,7,1.46797,4,8683,1,0
93,4,2231265.2,2231337.2,7,1.46797,4,8683,1,0
27,1,2231764.8,2232011.5,9,-2.51073,4,8685,1,0
27,2,2231764.8,2232011.5,9,-2.51073,4,8685,1,0
27,4,2231764.8,2232011.5,9,-2.51073,4,8685,1,0
156,1,2232824.8,2233811.8,11,-16.0203,4,8683,1,0
156,2,2232824.8,2233811.8,11,-16.0203,4,8683,1,0
156,3,2232824.8,2233811.8,11,-16.0203,4,8683,1,0
220,3,2233627.8,2233699.8,7,-2.71089,4,8683,1,0
172,3,2234348.5,2236159.0,12,0.0,4,8685,0,1
172,4,2234348.5,2236159.0,12,0.0,4,8685,1,0
207,2,2234569.8,2234816.8,9,-5.98375,4,8685,1,0
207,4,2234569.8,2234816.8,9,-5.98375,4,8685,1,0
306,2,2235513.8,2235760.5,9,-6.10243,4,8683,1,0
188,1,2236484.0,2236936.5,10,-12.2438,4,8683,1,0
188,2,2236484.0,2236936.5,10,-12.2438,4,8683,0,1
188,4,2236484.0,2236936.5,10,-12.2438,4,8683,1,0
351,1,2238726.2,2239179.0,10,0.0,4,8683,0,1
351,4,2238726.2,2239179.0,10,0.0,4,8683,1,0
23,1,2239680.0,2240132.5,10,0.0,4,8683,0,1
23,3,2239680.0,2240132.5,10,0.0,4,8683,1,0
318,2,2243010.2,2243082.2,7,15.466,4,8683,1,0
318,3,2243010.2,2243082.2,7,15.466,4,8683,0,1
339,2,2243527.8,2243661.5,8,-0.247481,4,8685,1,0
364,1,2244563.2,2244696.8,8,-3.49303,4,8685,1,0
197,1,2245310.8,2247121.2,12,-22.4669,4,8685,0,1
197,2,2245310.8,2247121.2,12,-22.4669,4,8685,1,0
325,1,2246021.8,2246474.2,10,-3.92787,4,8683,1,0
21,2,2246026.8,2246479.5,10,-6.18851,4,8681,1,0
191,1,2246437.2,2246684.0,9,-11.6436,4,8683,1,0
233,1,2247316.0,2247768.5,10,-0.984527,4,8685,1,0
233,3,2247316.0,2247768.5,10,-0.984527,4,8685,1,0
36,4,2248016.8,2248150.5,8,0.652299,4,8681,1,0
388,2,2248613.8,2248860.5,9,-1.0043,4,8683,1,0
388,3,2248613.8,2248860.5,9,-1.0043,4,8683,1,0
258,2,2249665.8,2249737.8,7,-4.66046,4,8685,1,0
258,3,2249665.8,2249737.8,7,-4.66046,4,8685,1,0
258,4,2249665.8,2249737.8,7,-4.66046,4,8685,1,0
274,1,2249734.2,2250721.2,11,7.43137,4,8685,1,0
274,2,2249734.2,2250721.2,11,7.43137,4,8685,1,0
274,4,2249734.2,2250721.2,11,7.43137,4,8685,1,0
51,1,2250891.0,2251138.0,9,-0.743682,4,8681,1,0
51,4,2250891.0,2251138.0,9,-0.743682,4,8681,1,0
37,3,2253050.2,2253183.8,8,-3.68666,4,8685,1,0
154,1,2253147.8,2253394.5,9,0.0,4,8683,0,1
209,2,2253522.5,2253769.2,9,-8.35168,4,8685,1,0
229,3,2253649.0,2254636.0,11,-7.34491,4,8685,1,0
240,1,2256079.5,2256151.5,7,9.6392,4,8685,1,0
49,1,2256734.0,2256806.0,7,-2.26956,4,8683,1,0
49,3,2256734.0,2256806.0,7,-2.26956,4,8683,1,0
277,1,2257586.8,2257833.5,9,5.14551,4,8683,1,0
313,2,2258202.8,2259189.8,11,-13.6319,4,8683,1,0
313,4,2258202.8,2259189.8,11,-13.6319,4,8683,1,0
203,1,2260755.8,2262566.5,12,-19.1816,4,8681,1,0
203,2,2260755.8,2262566.5,12,-19.1816,4,8681,1,0
212,3,2260830.2,2262640.8,12,-1.125,4,8685,1,0
398,1,2261536.5,2261783.5,9,2.84754,4,8683,1,0
362,3,2261722.5,2261969.2,9,-12.7478,4,8683,1,0
340,1,2262336.2,2262408.2,7,-2.9124,4,8683,1,0
340,4,2262336.2,2262408.2,7,-2.9124,4,8683,1,0
208,1,2262392.2,2264203.0,12,-21.866,4,8683,0,1
208,2,2262392.2,2264203.0,12,-21.866,4,8683,1,0
239,4,2264238.2,2264371.8,8,1.8831,4,8683,1,0
319,1,2265773.8,2266226.2,10,-7.63579,4,8683,1,0
319,2,2265773.8,2266226.2,10,-7.63579,4,8683,1,0
336,3,2265837.2,2265909.2,7,8.34656,4,8685,1,0
100,2,2266056.0,2266508.5,10,-13.7162,4,8685,1,0
100,4,2266056.0,2266508.5,10,-13.7162,4,8685,1,0
77,4,2266159.5,2266293.0,8,3.22111,4,8683,1,0
223,1,2266321.0,2268131.5,12,-9.86856,4,8681,0,1
133,1,2266856.5,2266928.5,7,-4.67973,4,8683,1,0
133,2,2266856.5,2266928.5,7,-4.67973,4,8683,1,0
187,1,2267309.5,2269120.0,12,-8.69928,4,8685,0,1
187,4,2267309.5,2269120.0,12,-8.69928,4,8685,0,1
29,1,2267490.2,2267942.8,10,1.25777,4,8681,0,1
29,2,2267490.2,2267942.8,10,1.25777,4,8681,1,0
29,3,2267490.2,2267942.8,10,1.25777,4,8681,1,0
29,4,2267490.2,2267942.8,10,1.25777,4,8681,1,0
374,1,2271130.0,2271582.5,10,-10.9412,4,8683,1,0
374,3,2271130.0,2271582.5,10,-10.9412,4,8683,1,0
374,4,2271130.0,2271582.5,10,-10.9412,4,8683,1,0
244,1,2272217.8,2272289.8,7,15.9439,4,8685,1,0
244,4,2272217.8,2272289.8,7,15.9439,4,8685,1,0
251,1,2274576.5,2274648.5,7,-5.87361,4,8685,1,0
251,3,2274576.5,2274648.5,7,-5.87361,4,8685,1,0
51,1,2275569.5,2275816.5,9,-8.6895,4,8683,1,0
33,3,2276537.2,2276784.2,9,23.1967,4,8685,1,0
33,4,2276537.2,2276784.2,9,23.1967,4,8685,1,0
373,1,2276582.5,2277035.2,10,0.0,4,8683,1,0
373,2,2276582.5,2277035.2,10,0.0,4,8683,1,0
373,3,2276582.5,2277035.2,10,0.0,4,8683,1,0
37,2,2276955.8,2277089.2,8,4.14935,4,8683,1,0
37,3,2276955.8,2277089.2,8,4.14935,4,8683,1,0
367,2,2277169.2,2277302.8,8,8.01743,4,8683,1,0
367,3,2277169.2,2277302.8,8,8.01743,4,8683,1,0
101,1,2277246.8,2278234.0,11,8.25771,4,8685,1,0
101,2,2277246.8,2278234.0,11,8.25771,4,8685,1,0
101,4,2277246.8,2278234.0,11,8.25771,4,8685,1,0
339,1,2277407.8,2277541.2,8,1.74161,4,8683,1,0
339,3,2277407.8,2277541.2,8,1.74161,4,8683,1,0
339,4,2277407.8,2277541.2,8,1.74161,4,8683,1,0
318,2,2278004.2,2278076.2,7,5.0184,4,8681,1,0
318,3,2278004.2,2278076.2,7,5.0184,4,8681,1,0
318,4,2278004.2,2278076.2,7,5.0184,4,8681,1,0
220,3,2279301.2,2279373.2,7,6.62711,4,8681,0,1
346,2,2279605.0,2280057.5,10,0.0,4,8681,1,0
346,4,2279605.0,2280057.5,10,0.0,4,8681,1,0
269,1,2280045.0,2280497.5,10,-11.0979,4,8683,0,1
269,2,2280045.0,2280497.5,10,-11.0979,4,8683,1,0
269,4,2280045.0,2280497.5,10,-11.0979,4,8683,1,0
387,1,2281353.8,2281425.8,7,-1.16212,4,8683,1,0
387,2,2281353.8,2281425.8,7,-1.16212,4,8683,1,0
387,3,2281353.8,2281425.8,7,-1.16212,4,8683,1,0
277,1,2282265.0,2282511.8,9,14.6695,4,8681,1,0
114,3,2282779.5,2282913.0,8,3.83107,4,8685,1,0
262,2,2286200.5,2286272.5,7,4.92108,4,8683,1,0
295,1,2287111.8,2287245.2,8,-10.4622,4,8685,1,0
295,3,2287111.8,2287245.2,8,-10.4622,4,8685,1,0
308,1,2287267.5,2287339.5,7,-7.37341,4,8683,1,0
308,2,2287267.5,2287339.5,7,-7.37341,4,8683,0,1
59,1,2288598.0,2288731.5,8,-11.4177,4,8681,1,0
166,1,2288618.2,2288690.2,7,19.9166,4,8685,1,0
166,3,2288618.2,2288690.2,7,19.9166,4,8685,1,0
343,1,2291488.2,2291560.2,7,1.58446,4,8685,0,1
343,4,2291488.2,2291560.2,7,1.58446,4,8685,1,0
204,3,2293624.8,2293696.8,7,4.18369,4,8683,1,0
162,4,2294784.8,2295237.2,10,-14.8431,4,8685,1,0
64,2,2294857.5,2294991.0,8,6.04823,4,8685,1,0
64,3,2294857.5,2294991.0,8,6.04823,4,8685,1,0
64,4,2294857.5,2294991.0,8,6.04823,4,8685,1,0
299,3,2296651.2,2296898.2,9,-8.20509,4,8683,1,0
169,1,2297089.2,2297161.5,7,13.2699,4,8683,1,0
169,2,2297089.2,2297161.5,7,13.2699,4,8683,1,0
169,3,2297089.2,2297161.5,7,13.2699,4,8683,1,0
314,1,2297125.0,2297258.5,8,0.489854,4,8683,1,0
314,3,2297125.0,2297258.5,8,0.489854,4,8683,1,0
375,3,2297571.0,2297643.0,7,-1.44502,4,8683,1,0
122,2,2297845.8,2298092.5,9,-14.0425,4,8683,1,0
103,3,2299426.0,2299559.5,8,-2.62871,4,8683,1,0
103,4,2299426.0,2299559.5,8,-2.62871,4,8683,1,0
369,1,2300132.8,2300266.2,8,-1.93768,4,8683,1,0
369,2,2300132.8,2300266.2,8,-1.93768,4,8683,1,0
369,4,2300132.8,2300266.2,8,-1.93768,4,8683,1,0
401,1,2300997.8,2301131.2,8,-9.17947,4,8683,1,0
246,3,2301036.2,2301169.8,8,-3.27486,4,8685,1,0
239,1,2303686.0,2303819.5,8,-2.11612,4,8681,0,1
239,2,2303686.0,2303819.5,8,-2.11612,4,8681,1,0
239,4,2303686.0,2303819.5,8,-2.11612,4,8681,1,0
151,1,2304541.0,2304613.0,7,-1.57925,4,8685,1,0
104,3,2304563.8,2304635.8,7,6.73835,4,8685,1,0
42,2,2307165.2,2307237.2,7,-3.82588,4,8681,1,0
190,1,2310755.0,2310827.0,7,-2.50966,4,8683,1,0
324,2,2314597.8,2315050.2,10,-8.61366,4,8685,1,0
324,3,2314597.8,2315050.2,10,-8.61366,4,8685,1,0
323,1,2315522.5,2315656.0,8,7.12843,4,8685,1,0
326,3,2315871.8,2316005.2,8,2.59433,4,8683,1,0
374,4,2316390.8,2316843.5,10,-5.08789,4,8683,1,0
312,2,2316579.0,2318389.8,12,-8.74434,4,8683,1,0
312,3,2316579.0,2318389.8,12,-8.74434,4,8683,0,1
312,4,2316579.0,2318389.8,12,-8.74434,4,8683,0,1
393,3,2316902.5,2317036.2,8,5.08581,4,8685,1,0
393,4,2316902.5,2317036.2,8,5.08581,4,8685,1,0
359,1,2319410.0,2319543.5,8,-6.48996,4,8683,1,0
359,3,2319410.0,2319543.5,8,-6.48996,4,8683,1,0
359,4,2319410.0,2319543.5,8,-6.48996,4,8683,1,0
302,4,2319956.5,2320203.2,9,0.0,4,8683,1,0
73,1,2320277.5,2321264.8,11,-4.0197,4,8683,1,0
73,3,2320277.5,2321264.8,11,-4.0197,4,8683,0,1
39,1,2323146.0,2323218.0,7,-7.84618,4,8683,1,0
39,2,2323146.0,2323218.0,7,-7.84618,4,8683,1,0
39,3,2323146.0,2323218.0,7,-7.84618,4,8683,1,0
39,4,2323146.0,2323218.0,7,-7.84618,4,8683,1,0
113,1,2323889.5,2323961.5,7,-6.43118,4,8683,0,1
113,3,2323889.5,2323961.5,7,-6.43118,4,8683,1,0
263,2,2325309.5,2325762.2,10,0.0,4,8683,1,0
343,1,2327756.5,2327828.5,7,4.3241,4,8685,1,0
343,4,2327756.5,2327828.5,7,4.3241,4,8685,1,0
91,3,2328144.5,2328597.2,10,-8.35974,4,8681,1,0
158,1,2328238.8,2328310.8,7,-5.20505,4,8685,1,0
158,4,2328238.8,2328310.8,7,-5.20505,4,8685,1,0
10,1,2328792.2,2329244.8,10,-13.5902,4,8685,1,0
10,2,2328792.2,2329244.8,10,-13.5902,4,8685,1,0
10,3,2328792.2,2329244.8,10,-13.5902,4,8685,1,0
124,1,2330681.5,2330928.2,9,-5.90791,4,8683,1,0
124,2,2330681.5,2330928.2,9,-5.90791,4,8683,1,0
124,4,2330681.5,2330928.2,9,-5.90791,4,8683,1,0
388,1,2331260.8,2331507.5,9,-6.48308,4,8683,1,0
388,2,2331260.8,2331507.5,9,-6.48308,4,8683,0,1
109,1,2332303.5,2332375.5,7,-7.16553,4,8683,1,0
109,2,2332303.5,2332375.5,7,-7.16553,4,8683,0,1
109,3,2332303.5,2332375.5,7,-7.16553,4,8683,1,0
350,1,2332889.0,2333341.5,10,-12.7327,4,8685,1,0
238,1,2335796.2,2336248.8,10,-3.87482,4,8681,1,0
123,1,2337624.8,2337758.2,8,9.41303,4,8683,1,0
145,2,2338910.0,2339043.5,8,-4.83501,4,8685,1,0
145,3,2338910.0,2339043.5,8,-4.83501,4,8685,1,0
129,3,2339426.2,2340413.2,11,-14.4261,4,8683,1,0
83,1,2341780.2,2341852.2,7,3.41818,4,8685,1,0
83,4,2341780.2,2341852.2,7,3.41818,4,8685,1,0
237,1,2342931.5,2343003.5,7,-6.18629,4,8681,1,0
237,2,2342931.5,2343003.5,7,-6.18629,4,8681,1,0
237,4,2342931.5,2343003.5,7,-6.18629,4,8681,1,0
133,2,2344084.0,2344156.0,7,0.096238,4,8683,1,0
133,3,2344084.0,2344156.0,7,0.096238,4,8683,1,0
393,1,2347199.0,2347332.5,8,-8.39082,4,8683,1,0
393,2,2347199.0,2347332.5,8,-8.39082,4,8683,1,0
393,3,2347199.0,2347332.5,8,-8.39082,4,8683,1,0
393,4,2347199.0,2347332.5,8,-8.39082,4,8683,1,0
189,2,2347755.8,2348743.0,11,-13.5405,4,8683,0,1
189,3,2347755.8,2348743.0,11,-13.5405,4,8683,1,0
14,1,2348953.0,2349025.0,7,9.15772,4,8683,1,0
14,4,2348953.0,2349025.0,7,9.15772,4,8683,1,0
89,2,2350264.5,2352075.0,12,-18.5199,4,8683,0,1
89,4,2350264.5,2352075.0,12,-18.5199,4,8683,1,0
229,3,2352362.5,2353349.5,11,-16.6442,4,8683,1,0
163,2,2354054.2,2355041.2,11,0.0,4,8685,1,0
163,4,2354054.2,2355041.2,11,0.0,4,8685,1,0
153,2,2354983.2,2355230.0,9,0.0,4,8685,1,0
153,3,2354983.2,2355230.0,9,0.0,4,8685,1,0
287,3,2355504.8,2355576.8,7,0.0,4,8683,0,1
287,4,2355504.8,2355576.8,7,0.0,4,8683,1,0
141,2,2355538.5,2355991.2,10,-10.2917,4,8685,1,0
141,3,2355538.5,2355991.2,10,-10.2917,4,8685,0,1
99,2,2355756.0,2355828.0,7,-7.02753,4,8683,1,0
99,4,2355756.0,2355828.0,7,-7.02753,4,8683,1,0
254,1,2358332.0,2358578.8,9,-11.6971,4,8683,1,0
254,2,2358332.0,2358578.8,9,-11.6971,4,8683,1,0
400,3,2360156.0,2360228.0,7,-8.39818,4,8685,1,0
283,2,2362424.0,2362496.0,7,4.03428,4,8685,1,0
283,3,2362424.0,2362496.0,7,4.03428,4,8685,1,0
273,2,2363152.0,2363224.0,7,-4.02016,4,8683,1,0
135,1,2364094.0,2364340.8,9,-10.9725,4,8683,1,0
135,4,2364094.0,2364340.8,9,-10.9725,4,8683,1,0
231,1,2364368.2,2366178.8,12,2.32918,4,8683,0,1
231,2,2364368.2,2366178.8,12,2.32918,4,8683,0,1
231,3,2364368.2,2366178.8,12,2.32918,4,8683,1,0
42,1,2365048.8,2365120.8,7,6.59941,4,8683,1,0
94,2,2368185.0,2368637.8,10,0.0,4,8683,1,0
94,3,2368185.0,2368637.8,10,0.0,4,8683,0,1
180,1,2369385.5,2369838.2,10,-10.3131,4,8681,1,0
180,2,2369385.5,2369838.2,10,-10.3131,4,8681,1,0
180,3,2369385.5,2369838.2,10,-10.3131,4,8681,1,0
355,2,2369628.8,2369875.5,9,-10.5692,4,8683,1,0
65,3,2372058.0,2372130.2,7,-5.10683,4,8685,1,0
65,4,2372058.0,2372130.2,7,-5.10683,4,8685,1,0
275,1,2372141.2,2372213.5,7,16.7078,4,8683,1,0
275,3,2372141.2,2372213.5,7,16.7078,4,8683,1,0
10,2,2374053.0,2374505.5,10,-14.4969,4,8683,1,0
10,4,2374053.0,2374505.5,10,-14.4969,4,8683,1,0
333,1,2374112.2,2375099.2,11,-17.3106,4,8681,1,0
333,3,2374112.2,2375099.2,11,-17.3106,4,8681,1,0
246,1,2374806.8,2374940.2,8,0.236985,4,8683,1,0
246,2,2374806.8,2374940.2,8,0.236985,4,8683,1,0
101,2,2375960.5,2376947.5,11,2.60169,4,8683,1,0
101,4,2375960.5,2376947.5,11,2.60169,4,8683,0,1
29,3,2376178.2,2376630.8,10,-16.8136,4,8685,1,0
67,2,2376590.8,2376724.2,8,-9.89145,4,8683,1,0
67,3,2376590.8,2376724.2,8,-9.89145,4,8683,1,0
199,4,2376808.8,2377055.8,9,1.01495,4,8683,0,1
17,2,2376824.0,2378634.5,12,-16.0785,4,8683,1,0
17,3,2376824.0,2378634.5,12,-16.0785,4,8683,0,1
400,1,2377207.0,2377279.0,7,-7.64596,4,8683,1,0
400,2,2377207.0,2377279.0,7,-7.64596,4,8683,1,0
13,3,2378963.5,2379097.0,8,-3.63174,4,8685,1,0
13,4,2378963.5,2379097.0,8,-3.63174,4,8685,1,0
344,1,2379096.5,2379343.2,9,-1.20131,4,8685,1,0
344,2,2379096.5,2379343.2,9,-1.20131,4,8685,0,1
344,3,2379096.5,2379343.2,9,-1.20131,4,8685,1,0
344,4,2379096.5,2379343.2,9,-1.20131,4,8685,1,0
290,2,2379845.8,2379979.2,8,-7.44919,4,8681,0,1
290,3,2379845.8,2379979.2,8,-7.44919,4,8681,1,0
337,4,2380554.0,2382364.5,12,-13.6853,4,8683,1,0
373,1,2382949.5,2383402.0,10,-11.5825,4,8681,1,0
401,1,2385147.8,2385281.2,8,-9.78921,4,8681,1,0
50,4,2386798.2,2386932.0,8,1.29385,4,8683,1,0
291,3,2388036.5,2388108.5,7,25.3332,4,8685,1,0
291,4,2388036.5,2388108.5,7,25.3332,4,8685,1,0
228,2,2388450.8,2388522.8,7,-4.37105,4,8685,1,0
175,1,2389487.8,2389734.5,9,-10.4583,4,8683,1,0
175,3,2389487.8,2389734.5,9,-10.4583,4,8683,1,0
61,1,2392496.5,2392568.5,7,0.0,4,8681,1,0
61,3,2392496.5,2392568.5,7,0.0,4,8681,1,0
61,4,2392496.5,2392568.5,7,0.0,4,8681,1,0
113,3,2392645.5,2392717.5,7,-1.95387,4,8685,1,0
370,1,2393462.5,2394449.5,11,-15.1813,4,8683,1,0
370,2,2393462.5,2394449.5,11,-15.1813,4,8683,1,0
370,3,2393462.5,2394449.5,11,-15.1813,4,8683,0,1
370,4,2393462.5,2394449.5,11,-15.1813,4,8683,0,1
152,1,2394303.2,2394375.2,7,-3.3699,4,8683,1,0
152,2,2394303.2,2394375.2,7,-3.3699,4,8683,1,0
178,3,2394711.5,2394783.5,7,-8.10796,4,8683,1,0
320,2,2394898.8,2395885.8,11,-13.5303,4,8683,0,1
320,3,2394898.8,2395885.8,11,-13.5303,4,8683,1,0
320,4,2394898.8,2395885.8,11,-13.5303,4,8683,1,0
165,1,2397592.8,2398045.5,10,-6.91644,4,8685,0,1
209,2,2397631.0,2397878.0,9,-0.882857,4,8683,1,0
209,3,2397631.0,2397878.0,9,-0.882857,4,8683,0,1
209,4,2397631.0,2397878.0,9,-0.882857,4,8683,1,0
376,2,2397677.2,2399487.8,12,0.336167,4,8683,0,1
376,3,2397677.2,2399487.8,12,0.336167,4,8683,0,1
214,1,2398758.0,2399005.0,9,-4.73868,4,8683,1,0
214,2,2398758.0,2399005.0,9,-4.73868,4,8683,0,1
214,3,2398758.0,2399005.0,9,-4.73868,4,8683,1,0
141,2,2400799.2,2401252.0,10,-16.8425,4,8683,1,0
12,2,2401985.0,2402118.8,8,3.55687,4,8685,1,0
375,3,2402380.5,2402452.8,7,5.73433,4,8681,1,0
375,4,2402380.5,2402452.8,7,5.73433,4,8681,1,0
359,3,2403026.8,2403160.5,8,-5.71043,4,8685,1,0
245,3,2404018.2,2405828.8,12,0.0,4,8683,1,0
321,1,2404430.5,2404677.2,9,-6.55855,4,8681,1,0
205,1,2404478.0,2404550.0,7,22.5322,4,8685,1,0
205,3,2404478.0,2404550.0,7,22.5322,4,8685,1,0
345,1,2404794.0,2405781.0,11,-14.883,4,8683,0,1
345,3,2404794.0,2405781.0,11,-14.883,4,8683,1,0
345,4,2404794.0,2405781.0,11,-14.883,4,8683,1,0
198,2,2405066.0,2406876.5,12,-13.9091,4,8685,1,0
198,3,2405066.0,2406876.5,12,-13.9091,4,8685,1,0
198,4,2405066.0,2406876.5,12,-13.9091,4,8685,1,0
317,1,2405253.2,2405500.0,9,-13.2906,4,8683,1,0
317,3,2405253.2,2405500.0,9,-13.2906,4,8683,1,0
227,2,2405741.0,2405813.0,7,-6.95064,4,8683,1,0
387,2,2406775.8,2406847.8,7,10.2106,4,8683,1,0
14,1,2406882.2,2406954.2,7,0.0,4,8681,1,0
14,3,2406882.2,2406954.2,7,0.0,4,8681,1,0
78,1,2407169.5,2407303.0,8,-5.48964,4,8685,1,0
78,2,2407169.5,2407303.0,8,-5.48964,4,8685,1,0
78,4,2407169.5,2407303.0,8,-5.48964,4,8685,1,0
42,2,2407750.0,2407822.0,7,20.6255,4,8685,1,0
42,4,2407750.0,2407822.0,7,20.6255,4,8685,1,0
237,1,2407894.0,2407966.0,7,6.43965,4,8683,1,0
349,4,2409492.0,2409944.5,10,-11.0096,4,8681,0,1
156,2,2411783.0,2412770.0,11,-7.8779,4,8683,1,0
221,2,2414301.2,2415288.2,11,-6.50052,4,8685,0,1
221,4,2414301.2,2415288.2,11,-6.50052,4,8685,1,0
172,1,2415391.5,2417202.2,12,-19.9388,4,8683,1,0
172,2,2415391.5,2417202.2,12,-19.9388,4,8683,0,1
359,1,2416390.2,2416523.8,8,-6.67258,4,8683,1,0
359,3,2416390.2,2416523.8,8,-6.67258,4,8683,1,0
237,3,2417535.2,2417607.2,7,-1.5779,4,8685,1,0
237,4,2417535.2,2417607.2,7,-1.5779,4,8685,1,0
290,4,2417990.2,2418123.8,8,-6.66055,4,8683,1,0
296,2,2419209.0,2419661.5,10,-1.86333,4,8683,1,0
296,4,2419209.0,2419661.5,10,-1.86333,4,8683,1,0
10,1,2419313.8,2419766.2,10,0.0,4,8683,1,0
259,1,2419426.0,2420413.0,11,-5.98975,4,8685,1,0
259,3,2419426.0,2420413.0,11,-5.98975,4,8685,1,0
30,1,2419453.0,2420440.2,11,-17.1081,4,8683,1,0
30,2,2419453.0,2420440.2,11,-17.1081,4,8683,1,0
30,3,2419453.0,2420440.2,11,-17.1081,4,8683,1,0
402,4,2419832.0,2419965.5,8,0.0,4,8685,1,0
114,1,2420694.0,2420827.8,8,-11.694,4,8683,1,0
114,2,2420694.0,2420827.8,8,-11.694,4,8683,1,0
5,3,2421002.8,2421074.8,7,2.5316,4,8683,1,0
194,4,2423468.8,2423602.2,8,-10.5495,4,8681,1,0
197,2,2426354.0,2428164.5,12,-17.1015,4,8683,1,0
197,3,2426354.0,2428164.5,12,-17.1015,4,8683,1,0
306,3,2426772.5,2427019.2,9,-9.60527,4,8681,1,0
329,2,2427486.2,2428473.5,11,-6.73999,4,8683,1,0
220,2,2431418.0,2431490.0,7,-3.97505,4,8683,0,1
220,3,2431418.0,2431490.0,7,-3.97505,4,8683,1,0
262,2,2431850.0,2431922.0,7,-9.26834,4,8685,1,0
67,2,2436030.5,2436164.0,8,-11.735,4,8683,1,0
67,3,2436030.5,2436164.0,8,-11.735,4,8683,1,0
355,4,2436166.5,2436413.2,9,4.47546,4,8685,1,0
110,3,2437655.8,2437727.8,7,-7.03084,4,8685,1,0
110,4,2437655.8,2437727.8,7,-7.03084,4,8685,1,0
397,1,2437803.8,2437875.8,7,4.81848,4,8683,1,0
397,3,2437803.8,2437875.8,7,4.81848,4,8683,1,0
331,2,2438278.5,2438412.0,8,-0.913421,4,8683,1,0
318,4,2438590.5,2438662.5,7,0.0,4,8683,1,0
285,1,2438701.5,2439688.5,11,-14.3531,4,8685,1,0
285,3,2438701.5,2439688.5,11,-14.3531,4,8685,0,1
50,2,2439393.5,2439527.0,8,0.0,4,8685,1,0
50,3,2439393.5,2439527.0,8,0.0,4,8685,1,0
47,1,2439928.2,2440000.2,7,0.0,4,8683,1,0
287,2,2440026.0,2440098.2,7,-3.8727,4,8685,1,0
192,2,2441857.2,2442104.0,9,-3.4978,4,8683,1,0
212,2,2441873.5,2443684.0,12,-13.5338,4,8685,1,0
212,3,2441873.5,2443684.0,12,-13.5338,4,8685,0,1
212,4,2441873.5,2443684.0,12,-13.5338,4,8685,1,0
99,3,2442262.5,2442334.5,7,-2.68375,4,8683,1,0
99,4,2442262.5,2442334.5,7,-2.68375,4,8683,1,0
165,1,2442853.5,2443306.2,10,-9.65303,4,8683,1,0
165,3,2442853.5,2443306.2,10,-9.65303,4,8683,1,0
274,2,2443418.2,2444405.2,11,-18.4762,4,8683,0,1
168,1,2444035.0,2444281.8,9,4.0243,4,8683,1,0
168,4,2444035.0,2444281.8,9,4.0243,4,8683,1,0
308,2,2445041.8,2445113.8,7,5.30893,4,8681,0,1
308,3,2445041.8,2445113.8,7,5.30893,4,8681,1,0
308,4,2445041.8,2445113.8,7,5.30893,4,8681,1,0
107,2,2445492.8,2445739.5,9,-7.87245,4,8683,1,0
107,4,2445492.8,2445739.5,9,-7.87245,4,8683,1,0
364,1,2445555.0,2445688.5,8,10.181,4,8683,1,0
364,3,2445555.0,2445688.5,8,10.181,4,8683,0,1
153,2,2445817.2,2446064.0,9,0.0,4,8683,1,0
189,1,2446469.5,2447456.5,11,-14.3874,4,8681,1,0
189,2,2446469.5,2447456.5,11,-14.3874,4,8681,1,0
189,4,2446469.5,2447456.5,11,-14.3874,4,8681,1,0
223,4,2447364.2,2449174.8,12,-12.5522,4,8683,1,0
373,3,2447372.5,2447825.2,10,-7.60696,4,8683,1,0
187,1,2448352.8,2450163.2,12,4.62949,4,8683,0,1
187,2,2448352.8,2450163.2,12,4.62949,4,8683,1,0
187,3,2448352.8,2450163.2,12,4.62949,4,8683,1,0
187,4,2448352.8,2450163.2,12,4.62949,4,8683,1,0
398,3,2448559.0,2448806.0,9,-2.98091,4,8685,1,0
177,2,2449166.5,2449238.5,7,-9.2113,4,8685,1,0
239,1,2449997.5,2450131.0,8,1.98229,4,8683,0,1
239,2,2449997.5,2450131.0,8,1.98229,4,8683,1,0
239,3,2449997.5,2450131.0,8,1.98229,4,8683,1,0
340,1,2450088.2,2450160.2,7,1.29015,4,8681,0,1
340,2,2450088.2,2450160.2,7,1.29015,4,8681,1,0
243,4,2451504.8,2451957.2,10,0.0,4,8683,1,0
50,1,2452756.8,2452890.5,8,-11.2131,4,8683,1,0
50,2,2452756.8,2452890.5,8,-11.2131,4,8683,1,0
160,3,2453922.2,2453994.5,7,-0.890777,4,8685,1,0
40,2,2454087.5,2455074.5,11,-7.4527,4,8685,1,0
40,3,2454087.5,2455074.5,11,-7.4527,4,8685,0,1
73,1,2454789.0,2455776.0,11,-14.4593,4,8683,1,0
73,3,2454789.0,2455776.0,11,-14.4593,4,8683,0,1
106,2,2456358.8,2456430.8,7,0.0,4,8685,1,0
106,4,2456358.8,2456430.8,7,0.0,4,8685,1,0
152,2,2457975.5,2458047.5,7,11.2064,4,8685,1,0
52,1,2458605.5,2460416.0,12,-16.0289,4,8683,1,0
52,4,2458605.5,2460416.0,12,-16.0289,4,8683,0,1
241,4,2459126.2,2459259.8,8,3.10259,4,8683,1,0
29,1,2462201.0,2462653.5,10,-6.66307,4,8685,0,1
29,3,2462201.0,2462653.5,10,-6.66307,4,8685,1,0
29,4,2462201.0,2462653.5,10,-6.66307,4,8685,1,0
182,3,2462645.5,2462717.5,7,-4.3168,4,8685,1,0
258,2,2464534.0,2464606.0,7,7.14166,4,8683,1,0
258,4,2464534.0,2464606.0,7,7.14166,4,8683,1,0
244,1,2466377.0,2466449.0,7,-6.32341,4,8683,1,0
162,3,2467209.0,2467661.5,10,-16.7889,4,8685,1,0
201,2,2467807.0,2467879.0,7,0.896546,4,8683,1,0
201,3,2467807.0,2467879.0,7,0.896546,4,8683,1,0
331,2,2469067.5,2469201.0,8,-4.14001,4,8685,1,0
301,1,2469269.8,2470256.8,11,-18.6761,4,8683,1,0
301,4,2469269.8,2470256.8,11,-18.6761,4,8683,1,0
339,1,2470643.2,2470776.8,8,-11.7634,4,8683,1,0
339,2,2470643.2,2470776.8,8,-11.7634,4,8683,1,0
143,3,2471933.0,2472385.8,10,-7.77151,4,8683,1,0
143,4,2471933.0,2472385.8,10,-7.77151,4,8683,1,0
362,1,2473370.8,2473617.8,9,-11.0635,4,8681,1,0
362,3,2473370.8,2473617.8,9,-11.0635,4,8681,1,0
101,1,2474674.0,2475661.2,11,-11.7583,4,8683,0,1
101,2,2474674.0,2475661.2,11,-11.7583,4,8683,1,0
114,1,2474938.2,2475071.8,8,1.89752,4,8683,1,0
27,3,2475206.5,2475453.2,9,-10.5707,4,8683,1,0
240,4,2475797.2,2475869.5,7,-5.22795,4,8683,1,0
12,2,2475940.0,2476073.5,8,1.23732,4,8683,1,0
12,4,2475940.0,2476073.5,8,1.23732,4,8683,1,0
253,3,2476561.8,2476695.2,8,-10.4442,4,8683,1,0
179,1,2479458.5,2479592.0,8,-5.23117,4,8681,1,0
317,1,2480415.2,2480662.0,9,-12.8913,4,8681,1,0
317,2,2480415.2,2480662.0,9,-12.8913,4,8681,1,0
317,3,2480415.2,2480662.0,9,-12.8913,4,8681,1,0
317,4,2480415.2,2480662.0,9,-12.8913,4,8681,1,0
404,1,2481251.2,2481323.2,7,-8.22459,4,8685,1,0
141,2,2481523.2,2481975.8,10,2.87701,4,8683,1,0
141,3,2481523.2,2481975.8,10,2.87701,4,8683,1,0
118,3,2482247.2,2482319.2,7,-3.9435,4,8685,1,0
118,4,2482247.2,2482319.2,7,-3.9435,4,8685,1,0
292,1,2484578.5,2485565.8,11,-16.0613,4,8685,1,0
292,2,2484578.5,2485565.8,11,-16.0613,4,8685,1,0
292,3,2484578.5,2485565.8,11,-16.0613,4,8685,0,1
290,2,2485234.8,2485368.5,8,-10.9969,4,8685,1,0
398,1,2485552.2,2485799.0,9,-6.16215,4,8683,1,0
398,3,2485552.2,2485799.0,9,-6.16215,4,8683,1,0
398,4,2485552.2,2485799.0,9,-6.16215,4,8683,1,0
391,3,2487140.5,2487212.5,7,4.61298,4,8683,1,0
350,1,2487894.5,2488347.2,10,-14.979,4,8683,0,1
350,3,2487894.5,2488347.2,10,-14.979,4,8683,0,1
351,1,2488100.0,2488552.8,10,-9.15425,4,8685,0,1
351,4,2488100.0,2488552.8,10,-9.15425,4,8685,1,0
163,2,2488567.0,2489554.0,11,-15.6783,4,8683,1,0
163,3,2488567.0,2489554.0,11,-15.6783,4,8683,1,0
70,1,2489052.0,2489504.8,10,-6.85831,4,8685,1,0
70,3,2489052.0,2489504.8,10,-6.85831,4,8685,1,0
70,4,2489052.0,2489504.8,10,-6.85831,4,8685,1,0
182,3,2489293.5,2489365.5,7,0.0,4,8685,1,0
330,1,2491534.8,2491606.8,7,20.1961,4,8683,1,0
357,4,2492033.8,2493020.8,11,0.0,4,8685,1,0
179,1,2492821.5,2492955.0,8,20.4028,4,8683,1,0
179,3,2492821.5,2492955.0,8,20.4028,4,8683,1,0
179,4,2492821.5,2492955.0,8,20.4028,4,8683,1,0
404,2,2495569.5,2495641.5,7,-2.30984,4,8683,1,0
338,1,2496543.5,2496790.2,9,-12.678,4,8681,1,0
338,3,2496543.5,2496790.2,9,-12.678,4,8681,1,0
338,4,2496543.5,2496790.2,9,-12.678,4,8681,1,0
243,1,2496765.5,2497218.0,10,-9.37825,4,8683,1,0
277,1,2501821.8,2502068.5,9,3.71229,4,8683,1,0
182,2,2502592.2,2502664.2,7,7.37914,4,8683,1,0
182,3,2502592.2,2502664.2,7,7.37914,4,8683,1,0
372,3,2503136.2,2504123.2,11,7.76429,4,8683,0,1
179,1,2506184.8,2506318.2,8,-6.68019,4,8685,1,0
179,2,2506184.8,2506318.2,8,-6.68019,4,8685,1,0
179,4,2506184.8,2506318.2,8,-6.68019,4,8685,1,0
295,2,2508124.2,2508257.8,8,18.5035,4,8683,1,0
295,3,2508124.2,2508257.8,8,18.5035,4,8683,1,0
347,1,2508187.8,2508259.8,7,-7.67493,4,8683,1,0
347,4,2508187.8,2508259.8,7,-7.67493,4,8683,1,0
108,1,2508382.8,2508835.5,10,-15.1455,4,8683,1,0
108,3,2508382.8,2508835.5,10,-15.1455,4,8683,1,0
25,1,2508888.5,2508960.5,7,15.8534,4,8685,1,0
25,2,2508888.5,2508960.5,7,15.8534,4,8685,1,0
383,4,2509511.2,2509583.2,7,-6.01884,4,8681,1,0
182,1,2509786.0,2509858.0,7,9.30586,4,8685,1,0
182,3,2509786.0,2509858.0,7,9.30586,4,8685,1,0
15,1,2511686.0,2511819.5,8,-9.28432,4,8683,0,1
15,4,2511686.0,2511819.5,8,-9.28432,4,8683,0,1
211,4,2512399.0,2512471.0,7,5.30975,4,8685,0,1
252,1,2512513.5,2513500.5,11,3.43172,4,8683,1,0
252,2,2512513.5,2513500.5,11,3.43172,4,8683,1,0
252,3,2512513.5,2513500.5,11,3.43172,4,8683,1,0
252,4,2512513.5,2513500.5,11,3.43172,4,8683,0,1
142,1,2512949.5,2513021.5,7,14.46,4,8683,1,0
142,4,2512949.5,2513021.5,7,14.46,4,8683,1,0
221,1,2513014.8,2514001.8,11,-19.0853,4,8685,1,0
221,2,2513014.8,2514001.8,11,-19.0853,4,8685,1,0
221,4,2513014.8,2514001.8,11,-19.0853,4,8685,1,0
50,1,2513115.2,2513248.8,8,-6.12356,4,8681,1,0
50,4,2513115.2,2513248.8,8,-6.12356,4,8681,1,0
166,2,2513169.5,2513241.5,7,-5.52005,4,8683,1,0
28,3,2513867.2,2514114.0,9,-0.336074,4,8683,1,0
113,1,2514441.0,2514513.0,7,0.921876,4,8683,1,0
113,3,2514441.0,2514513.0,7,0.921876,4,8683,1,0
29,3,2514570.5,2515023.2,10,-9.93437,4,8683,1,0
29,4,2514570.5,2515023.2,10,-9.93437,4,8683,1,0
371,1,2515881.5,2516128.5,9,-12.0158,4,8683,1,0
371,2,2515881.5,2516128.5,9,-12.0158,4,8683,1,0
32,2,2516550.2,2516622.2,7,-7.13229,4,8683,1,0
143,1,2517194.0,2517646.8,10,1.60674,4,8681,1,0
143,3,2517194.0,2517646.8,10,1.60674,4,8681,1,0
143,4,2517194.0,2517646.8,10,1.60674,4,8681,1,0
232,1,2517702.5,2518689.5,11,-2.88368,4,8685,1,0
232,3,2517702.5,2518689.5,11,-2.88368,4,8685,1,0
159,1,2520325.5,2520397.5,7,1.97606,4,8685,1,0
159,2,2520325.5,2520397.5,7,1.97606,4,8685,1,0
159,3,2520325.5,2520397.5,7,1.97606,4,8685,1,0
114,1,2521136.2,2521269.8,8,17.9041,4,8681,1,0
114,3,2521136.2,2521269.8,8,17.9041,4,8681,1,0
53,4,2521499.5,2521746.2,9,-13.7174,4,8685,1,0
80,1,2523201.8,2523273.8,7,10.1282,4,8683,1,0
286,1,2525025.2,2525272.0,9,-11.8487,4,8685,1,0
286,3,2525025.2,2525272.0,9,-11.8487,4,8685,1,0
286,4,2525025.2,2525272.0,9,-11.8487,4,8685,1,0
385,3,2525244.8,2525316.8,7,-5.85512,4,8683,1,0
385,4,2525244.8,2525316.8,7,-5.85512,4,8683,1,0
141,4,2526784.0,2527236.5,10,6.85036,4,8681,1,0
12,4,2526843.8,2526977.2,8,3.60301,4,8683,1,0
267,1,2528204.0,2528276.0,7,20.5133,4,8685,0,1
267,2,2528204.0,2528276.0,7,20.5133,4,8685,1,0
267,4,2528204.0,2528276.0,7,20.5133,4,8685,1,0
290,2,2529034.5,2529168.0,8,13.9791,4,8683,1,0
25,4,2529092.5,2529164.5,7,-5.10287,4,8683,1,0
306,1,2529168.0,2529414.8,9,-7.59303,4,8683,0,1
306,3,2529168.0,2529414.8,9,-7.59303,4,8683,1,0
306,4,2529168.0,2529414.8,9,-7.59303,4,8683,1,0
96,3,2529218.8,2529352.2,8,-8.11526,4,8683,1,0
68,3,2529585.8,2530038.2,10,1.69811,4,8685,1,0
149,1,2530328.0,2530780.5,10,-10.7377,4,8683,1,0
149,3,2530328.0,2530780.5,10,-10.7377,4,8683,1,0
128,1,2530575.5,2530822.2,9,-3.03848,4,8685,1,0
128,2,2530575.5,2530822.2,9,-3.03848,4,8685,1,0
128,3,2530575.5,2530822.2,9,-3.03848,4,8685,1,0
173,1,2530786.5,2531773.8,11,-7.08272,4,8683,1,0
173,2,2530786.5,2531773.8,11,-7.08272,4,8683,1,0
173,4,2530786.5,2531773.8,11,-7.08272,4,8683,1,0
157,4,2530916.2,2531163.0,9,-8.08368,4,8685,1,0
271,3,2531858.2,2532105.0,9,0.0,4,8683,1,0
84,2,2532219.5,2532466.2,9,-5.62605,4,8683,1,0
84,4,2532219.5,2532466.2,9,-5.62605,4,8683,1,0
226,1,2532258.0,2532330.0,7,-5.17653,4,8681,1,0
226,3,2532258.0,2532330.0,7,-5.17653,4,8681,1,0
201,2,2533785.0,2533857.0,7,3.79194,4,8681,0,1
201,4,2533785.0,2533857.0,7,3.79194,4,8681,1,0
195,2,2534265.2,2534512.0,9,-11.3323,4,8683,0,1
297,3,2535136.8,2535270.2,8,-9.82008,4,8683,1,0
297,4,2535136.8,2535270.2,8,-9.82008,4,8683,1,0
165,1,2535236.0,2535688.8,10,-14.9669,4,8685,1,0
165,3,2535236.0,2535688.8,10,-14.9669,4,8685,1,0
219,1,2535566.2,2535699.8,8,-4.67284,4,8683,1,0
349,3,2535953.0,2536405.5,10,1.35581,4,8685,1,0
103,1,2536950.2,2537083.8,8,0.0,4,8685,1,0
103,3,2536950.2,2537083.8,8,0.0,4,8685,1,0
57,2,2537754.5,2538001.2,9,-9.98146,4,8683,1,0
57,3,2537754.5,2538001.2,9,-9.98146,4,8683,1,0
28,1,2539064.8,2539311.5,9,-13.3218,4,8685,0,1
28,3,2539064.8,2539311.5,9,-13.3218,4,8685,1,0
167,2,2539165.8,2539237.8,7,0.943681,4,8683,1,0
167,3,2539165.8,2539237.8,7,0.943681,4,8683,1,0
167,4,2539165.8,2539237.8,7,0.943681,4,8683,1,0
192,2,2539311.2,2539558.0,9,-6.04391,4,8683,1,0
206,1,2539347.8,2539594.5,9,-11.5284,4,8685,0,1
206,2,2539347.8,2539594.5,9,-11.5284,4,8685,1,0
206,3,2539347.8,2539594.5,9,-11.5284,4,8685,1,0
206,4,2539347.8,2539594.5,9,-11.5284,4,8685,1,0
255,1,2541764.0,2542751.0,11,-14.8679,4,8683,1,0
255,4,2541764.0,2542751.0,11,-14.8679,4,8683,1,0
86,2,2543156.2,2543609.0,10,-14.8144,4,8683,1,0
231,1,2545411.5,2547222.0,12,-1.05585,4,8685,1,0
231,2,2545411.5,2547222.0,12,-1.05585,4,8685,0,1
231,4,2545411.5,2547222.0,12,-1.05585,4,8685,1,0
388,1,2548914.2,2549161.2,9,8.59594,4,8681,1,0
399,1,2550553.8,2552364.2,12,-12.9537,4,8685,0,1
38,2,2552554.2,2552801.0,9,0.0121468,4,8685,1,0
38,3,2552554.2,2552801.0,9,0.0121468,4,8685,1,0
356,3,2553500.5,2553572.5,7,11.9948,4,8683,1,0
73,1,2553502.8,2554489.8,11,2.13638,4,8681,1,0
73,3,2553502.8,2554489.8,11,2.13638,4,8681,1,0
359,2,2554106.5,2554240.0,8,-7.72482,4,8683,1,0
359,3,2554106.5,2554240.0,8,-7.72482,4,8683,1,0
295,3,2554242.8,2554376.2,8,4.27736,4,8683,1,0
123,1,2555401.5,2555535.2,8,-11.425,4,8685,1,0
284,1,2556147.0,2556393.8,9,-9.16211,4,8681,1,0
284,2,2556147.0,2556393.8,9,-9.16211,4,8681,1,0
284,3,2556147.0,2556393.8,9,-9.16211,4,8681,0,1
284,4,2556147.0,2556393.8,9,-9.16211,4,8681,1,0
84,4,2556897.8,2557144.5,9,-6.74745,4,8685,1,0
326,2,2557701.8,2557835.2,8,-7.45167,4,8685,1,0
17,1,2557867.2,2559677.8,12,-7.77522,4,8681,1,0
17,3,2557867.2,2559677.8,12,-7.77522,4,8681,1,0
99,2,2558629.0,2558701.0,7,0.0,4,8681,0,1
27,2,2560214.0,2560461.0,9,1.91127,4,8685,1,0
27,4,2560214.0,2560461.0,9,1.91127,4,8685,1,0
276,4,2560304.2,2560376.2,7,0.0,4,8685,1,0
356,1,2560694.0,2560766.0,7,-6.69609,4,8685,1,0
356,3,2560694.0,2560766.0,7,-6.69609,4,8685,1,0
134,1,2560888.2,2560960.2,7,4.83756,4,8683,1,0
134,2,2560888.2,2560960.2,7,4.83756,4,8683,1,0
134,3,2560888.2,2560960.2,7,4.83756,4,8683,1,0
134,4,2560888.2,2560960.2,7,4.83756,4,8683,1,0
64,1,2561121.2,2561255.0,8,-1.00488,4,8683,1,0
64,3,2561121.2,2561255.0,8,-1.00488,4,8683,1,0
64,4,2561121.2,2561255.0,8,-1.00488,4,8683,1,0
70,4,2562441.0,2562893.5,10,-10.3079,4,8683,1,0
110,1,2565288.8,2565360.8,7,-7.539,4,8683,1,0
110,2,2565288.8,2565360.8,7,-7.539,4,8683,1,0
291,3,2566161.2,2566233.2,7,17.2324,4,8683,1,0
291,4,2566161.2,2566233.2,7,17.2324,4,8683,1,0
314,1,2566556.0,2566689.5,8,1.15555,4,8683,1,0
314,4,2566556.0,2566689.5,8,1.15555,4,8683,1,0
311,1,2566682.0,2566928.8,9,-5.65341,4,8683,1,0
311,4,2566682.0,2566928.8,9,-5.65341,4,8683,1,0
142,1,2567658.5,2567730.5,7,-1.63531,4,8681,1,0
142,4,2567658.5,2567730.5,7,-1.63531,4,8681,0,1
301,1,2567983.5,2568970.5,11,-9.11442,4,8685,0,1
301,2,2567983.5,2568970.5,11,-9.11442,4,8685,1,0
301,4,2567983.5,2568970.5,11,-9.11442,4,8685,1,0
57,2,2568249.2,2568496.0,9,-2.57973,4,8685,1,0
400,2,2568474.8,2568547.0,7,-7.24335,4,8683,1,0
400,3,2568474.8,2568547.0,7,-7.24335,4,8683,1,0
277,2,2570196.0,2570442.8,9,-10.1777,4,8685,1,0
277,4,2570196.0,2570442.8,9,-10.1777,4,8685,1,0
101,1,2573387.8,2574374.8,11,-16.1179,4,8681,1,0
61,1,2573745.2,2573817.5,7,4.54659,4,8683,1,0
61,2,2573745.2,2573817.5,7,4.54659,4,8683,1,0
376,1,2578720.5,2580531.0,12,-4.46913,4,8681,1,0
376,2,2578720.5,2580531.0,12,-4.46913,4,8681,1,0
376,3,2578720.5,2580531.0,12,-4.46913,4,8681,1,0
376,4,2578720.5,2580531.0,12,-4.46913,4,8681,1,0
100,1,2580100.5,2580553.2,10,-0.495803,4,8683,1,0
319,3,2580680.8,2581133.2,10,-16.9617,4,8685,1,0
284,1,2580825.5,2581072.2,9,4.52327,4,8685,1,0
284,2,2580825.5,2581072.2,9,4.52327,4,8685,1,0
117,4,2580828.2,2580900.5,7,-8.16298,4,8685,1,0
227,3,2584467.5,2584539.5,7,-8.0345,4,8683,1,0
245,2,2585061.5,2586872.0,12,-14.4525,4,8683,1,0
242,4,2585926.2,2585998.2,7,-3.73648,4,8683,1,0
198,1,2586109.2,2587919.8,12,3.61625,4,8685,1,0
198,3,2586109.2,2587919.8,12,3.61625,4,8685,1,0
323,2,2587029.5,2587163.0,8,-8.64792,4,8683,1,0
102,3,2587780.8,2587914.2,8,-1.77525,4,8683,1,0
39,1,2587990.0,2588062.0,7,-9.32024,4,8683,1,0
39,2,2587990.0,2588062.0,7,-9.32024,4,8683,1,0
86,2,2588417.0,2588869.8,10,-4.05699,4,8685,1,0
86,4,2588417.0,2588869.8,10,-4.05699,4,8685,1,0
205,1,2588624.0,2588696.0,7,26.6874,4,8683,1,0
205,4,2588624.0,2588696.0,7,26.6874,4,8683,1,0
271,2,2588924.5,2589171.5,9,-13.7169,4,8683,0,1
271,3,2588924.5,2589171.5,9,-13.7169,4,8683,1,0
357,3,2590747.2,2591734.5,11,-16.6898,4,8683,1,0
246,2,2593212.2,2593345.8,8,-6.18867,4,8683,1,0
195,1,2594233.2,2594480.0,9,-12.0522,4,8683,1,0
195,3,2594233.2,2594480.0,9,-12.0522,4,8683,1,0
107,2,2594416.0,2594662.8,9,-9.49402,4,8685,0,1
107,4,2594416.0,2594662.8,9,-9.49402,4,8685,1,0
192,2,2594620.8,2594867.8,9,-11.4176,4,8683,1,0
192,4,2594620.8,2594867.8,9,-11.4176,4,8683,1,0
78,1,2595061.5,2595195.0,8,4.25137,4,8683,1,0
78,2,2595061.5,2595195.0,8,4.25137,4,8683,1,0
78,4,2595061.5,2595195.0,8,4.25137,4,8683,1,0
335,2,2595506.2,2595578.2,7,0.0,4,8685,1,0
390,3,2597640.8,2597887.8,9,0.0,4,8681,1,0
264,1,2598002.0,2598135.5,8,7.84527,4,8683,1,0
264,2,2598002.0,2598135.5,8,7.84527,4,8683,0,1
264,3,2598002.0,2598135.5,8,7.84527,4,8683,1,0
41,2,2599183.8,2599255.8,7,-7.65805,4,8683,1,0
120,1,2599685.5,2599932.2,9,-9.47382,4,8685,1,0
120,3,2599685.5,2599932.2,9,-9.47382,4,8685,1,0
79,2,2602222.2,2602294.2,7,10.9487,4,8683,1,0
79,4,2602222.2,2602294.2,7,10.9487,4,8683,1,0
166,1,2605042.0,2605114.0,7,6.20368,4,8683,1,0
166,3,2605042.0,2605114.0,7,6.20368,4,8683,1,0
166,4,2605042.0,2605114.0,7,6.20368,4,8683,1,0
253,2,2605242.8,2605376.2,8,-6.31489,4,8683,1,0
368,1,2605470.8,2605923.2,10,-9.11578,4,8685,1,0
368,2,2605470.8,2605923.2,10,-9.11578,4,8685,1,0
368,4,2605470.8,2605923.2,10,-9.11578,4,8685,1,0
177,3,2606040.8,2606112.8,7,6.46429,4,8683,1,0
177,4,2606040.8,2606112.8,7,6.46429,4,8683,1,0
318,2,2607166.2,2607238.2,7,-0.141524,4,8681,1,0
318,3,2607166.2,2607238.2,7,-0.141524,4,8681,1,0
188,2,2607194.5,2607647.2,10,0.0,4,8685,1,0
188,3,2607194.5,2607647.2,10,0.0,4,8685,1,0
197,1,2607397.2,2609207.8,12,-10.8346,4,8685,1,0
197,3,2607397.2,2609207.8,12,-10.8346,4,8685,1,0
197,4,2607397.2,2609207.8,12,-10.8346,4,8685,0,1
176,1,2608557.2,2608804.0,9,-10.5337,4,8683,1,0
176,2,2608557.2,2608804.0,9,-10.5337,4,8683,1,0
176,3,2608557.2,2608804.0,9,-10.5337,4,8683,1,0
176,4,2608557.2,2608804.0,9,-10.5337,4,8683,0,1
136,4,2608788.8,2609035.8,9,2.63954,4,8685,0,1
404,2,2609306.5,2609378.5,7,21.3856,4,8685,1,0
404,4,2609306.5,2609378.5,7,21.3856,4,8685,1,0
122,3,2610512.2,2610759.0,9,-12.8501,4,8683,1,0
112,2,2610706.0,2612516.5,12,-10.0391,4,8681,0,1
112,3,2610706.0,2612516.5,12,-10.0391,4,8681,1,0
394,3,2610830.8,2611283.5,10,-14.2549,4,8683,1,0
113,2,2611592.5,2611664.5,7,-5.8148,4,8683,1,0
113,3,2611592.5,2611664.5,7,-5.8148,4,8683,1,0
221,1,2611728.2,2612715.2,11,-16.3916,4,8683,1,0
221,2,2611728.2,2612715.2,11,-16.3916,4,8683,0,1
221,4,2611728.2,2612715.2,11,-16.3916,4,8683,1,0
154,1,2613644.2,2613891.0,9,0.0,4,8681,1,0
154,2,2613644.2,2613891.0,9,0.0,4,8681,1,0
154,3,2613644.2,2613891.0,9,0.0,4,8681,0,1
154,4,2613644.2,2613891.0,9,0.0,4,8681,1,0
125,1,2613934.2,2614006.2,7,0.0,4,8683,1,0
125,4,2613934.2,2614006.2,7,0.0,4,8683,1,0
79,3,2614084.0,2614156.0,7,-8.26239,4,8683,0,1
79,4,2614084.0,2614156.0,7,-8.26239,4,8683,1,0
153,4,2614382.8,2614629.8,9,-6.06049,4,8683,1,0
50,2,2615504.5,2615638.0,8,-4.46355,4,8683,1,0
50,3,2615504.5,2615638.0,8,-4.46355,4,8683,1,0
50,4,2615504.5,2615638.0,8,-4.46355,4,8683,1,0
210,1,2617420.2,2617492.2,7,-7.47319,4,8685,1,0
210,3,2617420.2,2617492.2,7,-7.47319,4,8685,1,0
210,4,2617420.2,2617492.2,7,-7.47319,4,8685,1,0
88,3,2618021.5,2618093.5,7,8.01055,4,8685,1,0
88,4,2618021.5,2618093.5,7,8.01055,4,8685,1,0
9,3,2619386.0,2619519.5,8,-5.75838,4,8683,1,0
9,4,2619386.0,2619519.5,8,-5.75838,4,8683,1,0
140,1,2619720.0,2619853.5,8,2.68965,4,8685,1,0
140,2,2619720.0,2619853.5,8,2.68965,4,8685,1,0
105,1,2619821.5,2619893.5,7,0.0,4,8683,1,0
105,2,2619821.5,2619893.5,7,0.0,4,8683,1,0
105,3,2619821.5,2619893.5,7,0.0,4,8683,1,0
208,3,2620123.0,2621933.5,12,0.0,4,8681,0,1
208,4,2620123.0,2621933.5,12,0.0,4,8681,0,1
25,2,2620893.0,2620965.0,7,-1.25865,4,8683,1,0
25,3,2620893.0,2620965.0,7,-1.25865,4,8683,0,1
36,3,2621017.5,2621151.0,8,-9.67465,4,8685,1,0
36,4,2621017.5,2621151.0,8,-9.67465,4,8685,1,0
298,1,2621520.0,2621592.0,7,4.04038,4,8685,1,0
298,4,2621520.0,2621592.0,7,4.04038,4,8685,1,0
145,1,2621901.2,2622035.0,8,-8.58887,4,8681,1,0
145,3,2621901.2,2622035.0,8,-8.58887,4,8681,1,0
55,2,2622001.0,2622247.8,9,0.0,4,8683,0,1
265,1,2622982.8,2623054.8,7,-4.72783,4,8683,1,0
331,2,2623035.8,2623169.2,8,10.2595,4,8683,1,0
120,1,2624363.8,2624610.5,9,14.5906,4,8683,1,0
279,2,2624624.5,2624871.2,9,3.51272,4,8685,1,0
279,3,2624624.5,2624871.2,9,3.51272,4,8685,1,0
167,1,2624930.2,2625002.2,7,5.06767,4,8683,1,0
167,3,2624930.2,2625002.2,7,5.06767,4,8683,1,0
167,4,2624930.2,2625002.2,7,5.06767,4,8683,1,0
311,2,2626736.8,2626983.8,9,-11.6224,4,8683,1,0
311,4,2626736.8,2626983.8,9,-11.6224,4,8683,1,0
284,3,2627456.0,2627703.0,9,7.19261,4,8685,1,0
284,4,2627456.0,2627703.0,9,7.19261,4,8685,1,0
273,2,2634290.2,2634362.2,7,3.89584,4,8683,1,0
273,4,2634290.2,2634362.2,7,3.89584,4,8683,1,0
49,2,2635448.8,2635520.8,7,11.5973,4,8685,1,0
49,4,2635448.8,2635520.8,7,11.5973,4,8685,1,0
229,1,2636731.2,2637718.2,11,-18.1409,4,8683,1,0
229,2,2636731.2,2637718.2,11,-18.1409,4,8683,1,0
229,3,2636731.2,2637718.2,11,-18.1409,4,8683,1,0
229,4,2636731.2,2637718.2,11,-18.1409,4,8683,0,1
84,2,2637831.8,2638078.5,9,0.0,4,8683,1,0
263,3,2638105.8,2638558.2,10,-16.7116,4,8685,1,0
263,4,2638105.8,2638558.2,10,-16.7116,4,8685,0,1
143,3,2638296.2,2638748.8,10,-7.65323,4,8683,1,0
152,3,2639324.8,2639396.8,7,10.9366,4,8683,1,0
377,2,2639447.2,2639519.2,7,-3.65137,4,8683,1,0
377,3,2639447.2,2639519.2,7,-3.65137,4,8683,1,0
52,2,2639648.8,2641459.2,12,-19.3056,4,8685,1,0
52,3,2639648.8,2641459.2,12,-19.3056,4,8685,0,1
52,4,2639648.8,2641459.2,12,-19.3056,4,8685,0,1
23,2,2639651.5,2640104.2,10,-3.6607,4,8685,1,0
23,3,2639651.5,2640104.2,10,-3.6607,4,8685,1,0
333,1,2639652.0,2640639.2,11,1.37926,4,8683,1,0
182,1,2639697.2,2639769.2,7,-1.98419,4,8683,1,0
182,3,2639697.2,2639769.2,7,-1.98419,4,8683,1,0
360,1,2639904.8,2640038.2,8,-11.1412,4,8683,1,0
360,3,2639904.8,2640038.2,8,-11.1412,4,8683,1,0
360,4,2639904.8,2640038.2,8,-11.1412,4,8683,1,0
230,2,2642828.0,2642900.0,7,44.1739,4,8683,1,0
69,1,2642850.0,2643302.8,10,-7.2587,4,8685,0,1
69,2,2642850.0,2643302.8,10,-7.2587,4,8685,1,0
69,4,2642850.0,2643302.8,10,-7.2587,4,8685,1,0
318,2,2643057.0,2643129.0,7,6.72849,4,8685,1,0
104,1,2644884.2,2644956.2,7,15.4018,4,8683,1,0
104,4,2644884.2,2644956.2,7,15.4018,4,8683,1,0
51,1,2645914.5,2646161.5,9,-10.63,4,8685,0,1
346,3,2647234.5,2647687.2,10,-14.8279,4,8683,1,0
346,4,2647234.5,2647687.2,10,-14.8279,4,8683,1,0
167,2,2648202.5,2648274.5,7,2.95381,4,8681,1,0
279,1,2649303.0,2649549.8,9,-8.76701,4,8685,1,0
279,2,2649303.0,2649549.8,9,-8.76701,4,8685,0,1
279,3,2649303.0,2649549.8,9,-8.76701,4,8685,1,0
279,4,2649303.0,2649549.8,9,-8.76701,4,8685,1,0
336,1,2649885.5,2649957.5,7,-3.94563,4,8683,1,0
368,2,2650731.5,2651184.0,10,-15.7068,4,8683,1,0
368,3,2650731.5,2651184.0,10,-15.7068,4,8683,1,0
217,2,2651665.8,2652118.5,10,-10.7602,4,8683,1,0
217,3,2651665.8,2652118.5,10,-10.7602,4,8683,1,0
217,4,2651665.8,2652118.5,10,-10.7602,4,8683,1,0
317,3,2652446.5,2652693.2,9,0.0,4,8683,1,0
193,3,2652828.0,2652961.8,8,-11.315,4,8683,1,0
193,4,2652828.0,2652961.8,8,-11.315,4,8683,1,0
205,1,2655015.5,2655087.8,7,2.20227,4,8683,1,0
384,1,2656371.5,2656824.2,10,8.51046,4,8685,1,0
384,4,2656371.5,2656824.2,10,8.51046,4,8685,1,0
285,2,2660259.5,2661246.5,11,-9.83288,4,8683,1,0
285,3,2660259.5,2661246.5,11,-9.83288,4,8683,1,0
285,4,2660259.5,2661246.5,11,-9.83288,4,8683,1,0
132,2,2660603.8,2660737.2,8,6.97191,4,8683,1,0
294,1,2660913.2,2661366.0,10,-15.7862,4,8683,1,0
294,4,2660913.2,2661366.0,10,-15.7862,4,8683,1,0
84,2,2662510.2,2662757.0,9,0.0,4,8683,1,0
134,1,2663377.8,2663449.8,7,17.0488,4,8685,1,0
134,2,2663377.8,2663449.8,7,17.0488,4,8685,1,0
134,3,2663377.8,2663449.8,7,17.0488,4,8685,1,0
168,2,2663931.0,2664177.8,9,-13.1093,4,8685,1,0
168,4,2663931.0,2664177.8,9,-13.1093,4,8685,0,1
82,3,2665928.0,2666000.0,7,9.54258,4,8683,1,0
228,1,2667662.8,2667734.8,7,5.76214,4,8683,1,0
228,2,2667662.8,2667734.8,7,5.76214,4,8683,1,0
136,4,2667769.8,2668016.5,9,4.80033,4,8683,1,0
70,1,2668009.2,2668462.0,10,-14.264,4,8683,1,0
70,2,2668009.2,2668462.0,10,-14.264,4,8683,1,0
70,4,2668009.2,2668462.0,10,-14.264,4,8683,1,0
389,3,2668675.8,2670486.2,12,-13.0294,4,8683,1,0
92,1,2669375.5,2669509.0,8,4.23378,4,8683,1,0
92,4,2669375.5,2669509.0,8,4.23378,4,8683,1,0
101,1,2672101.2,2673088.5,11,2.48911,4,8683,0,1
101,4,2672101.2,2673088.5,11,2.48911,4,8683,1,0
81,1,2673581.2,2673828.0,9,0.139756,4,8683,1,0
81,3,2673581.2,2673828.0,9,0.139756,4,8683,0,1
259,1,2675462.0,2676449.0,11,-16.8819,4,8685,1,0
259,2,2675462.0,2676449.0,11,-16.8819,4,8685,1,0
259,3,2675462.0,2676449.0,11,-16.8819,4,8685,1,0
259,4,2675462.0,2676449.0,11,-16.8819,4,8685,0,1
324,1,2676036.5,2676489.2,10,-15.6368,4,8683,1,0
324,3,2676036.5,2676489.2,10,-15.6368,4,8683,1,0
89,4,2676187.0,2677997.5,12,-11.6947,4,8685,0,1
161,1,2676413.2,2676547.0,8,-2.68802,4,8685,1,0
161,2,2676413.2,2676547.0,8,-2.68802,4,8685,1,0
161,4,2676413.2,2676547.0,8,-2.68802,4,8685,1,0
383,1,2676422.5,2676494.8,7,-2.46851,4,8685,1,0
203,2,2676694.8,2678505.2,12,-12.9483,4,8683,0,1
203,4,2676694.8,2678505.2,12,-12.9483,4,8683,1,0
199,3,2677233.5,2677480.2,9,-3.69708,4,8681,1,0
199,4,2677233.5,2677480.2,9,-3.69708,4,8681,1,0
137,2,2678308.0,2678760.8,10,-4.96674,4,8681,0,1
137,3,2678308.0,2678760.8,10,-4.96674,4,8681,1,0
88,3,2678931.8,2679003.8,7,9.36685,4,8683,1,0
146,2,2679888.0,2681698.5,12,-20.5212,4,8683,1,0
46,3,2682823.2,2682895.2,7,11.3067,4,8685,1,0
30,1,2683708.2,2684695.2,11,-19.17,4,8683,1,0
30,3,2683708.2,2684695.2,11,-19.17,4,8683,1,0
30,4,2683708.2,2684695.2,11,-19.17,4,8683,1,0
92,4,2684614.5,2684748.0,8,2.93732,4,8681,1,0
34,4,2688226.2,2688679.0,10,-15.8714,4,8683,1,0
145,3,2688301.2,2688434.8,8,-0.974837,4,8683,1,0
168,2,2688609.2,2688856.0,9,-6.84721,4,8683,1,0
168,3,2688609.2,2688856.0,9,-6.84721,4,8683,1,0
357,1,2689461.0,2690448.0,11,-10.9074,4,8685,1,0
22,1,2691375.2,2691508.8,8,5.21238,4,8683,1,0
22,2,2691375.2,2691508.8,8,5.21238,4,8683,0,1
22,4,2691375.2,2691508.8,8,5.21238,4,8683,0,1
85,2,2692054.0,2692126.0,7,12.9641,4,8685,1,0
296,1,2692881.8,2693334.5,10,0.0,4,8685,1,0
167,1,2693384.8,2693456.8,7,-1.36909,4,8683,1,0
167,2,2693384.8,2693456.8,7,-1.36909,4,8683,1,0
167,3,2693384.8,2693456.8,7,-1.36909,4,8683,1,0
167,4,2693384.8,2693456.8,7,-1.36909,4,8683,1,0
252,1,2695196.0,2696183.0,11,-4.94644,4,8681,1,0
252,2,2695196.0,2696183.0,11,-4.94644,4,8681,1,0
252,3,2695196.0,2696183.0,11,-4.94644,4,8681,1,0
142,1,2697369.5,2697441.5,7,16.7178,4,8683,1,0
142,2,2697369.5,2697441.5,7,16.7178,4,8683,1,0
142,3,2697369.5,2697441.5,7,16.7178,4,8683,1,0
302,1,2699364.0,2699610.8,9,-5.89528,4,8685,1,0
302,3,2699364.0,2699610.8,9,-5.89528,4,8685,1,0
340,1,2699945.5,2700017.5,7,-1.86078,4,8683,1,0
331,3,2700799.0,2700932.5,8,1.229,4,8683,1,0
286,4,2701310.8,2701557.5,9,-9.19757,4,8683,1,0
83,1,2702826.0,2702898.0,7,-5.29665,4,8683,1,0
83,2,2702826.0,2702898.0,7,-5.29665,4,8683,1,0
83,3,2702826.0,2702898.0,7,-5.29665,4,8683,1,0
303,1,2702935.0,2703182.0,9,3.08473,4,8683,1,0
303,3,2702935.0,2703182.0,9,3.08473,4,8683,1,0
303,4,2702935.0,2703182.0,9,3.08473,4,8683,1,0
141,1,2703957.2,2704410.0,10,-8.86047,4,8683,1,0
141,2,2703957.2,2704410.0,10,-8.86047,4,8683,1,0
141,4,2703957.2,2704410.0,10,-8.86047,4,8683,1,0
102,3,2705283.0,2705416.5,8,8.4612,4,8685,1,0
287,1,2706314.8,2706386.8,7,-8.94517,4,8683,1,0
287,3,2706314.8,2706386.8,7,-8.94517,4,8683,1,0
287,4,2706314.8,2706386.8,7,-8.94517,4,8683,0,1
47,1,2707190.2,2707262.2,7,18.7803,4,8683,1,0
47,2,2707190.2,2707262.2,7,18.7803,4,8683,1,0
47,3,2707190.2,2707262.2,7,18.7803,4,8683,1,0
29,1,2708119.5,2708572.0,10,-16.5458,4,8685,1,0
29,2,2708119.5,2708572.0,10,-16.5458,4,8685,0,1
264,1,2709358.5,2709492.0,8,-0.0917045,4,8681,1,0
264,2,2709358.5,2709492.0,8,-0.0917045,4,8681,1,0
204,1,2709365.0,2709437.0,7,2.86366,4,8685,1,0
204,2,2709365.0,2709437.0,7,2.86366,4,8685,1,0
204,3,2709365.0,2709437.0,7,2.86366,4,8685,1,0
392,3,2709949.5,2710021.5,7,-2.34555,4,8685,1,0
232,1,2710064.2,2711051.2,11,-5.79947,4,8683,0,1
232,3,2710064.2,2711051.2,11,-5.79947,4,8683,0,1
232,4,2710064.2,2711051.2,11,-5.79947,4,8683,1,0
396,3,2710366.0,2710499.5,8,6.57415,4,8683,1,0
104,4,2711610.0,2711682.2,7,1.41081,4,8685,1,0
318,2,2711912.5,2711984.5,7,-3.34138,4,8681,1,0
318,3,2711912.5,2711984.5,7,-3.34138,4,8681,1,0
319,4,2713089.8,2713542.5,10,-15.744,4,8683,1,0
273,1,2713652.0,2713724.0,7,-8.69299,4,8681,1,0
273,3,2713652.0,2713724.0,7,-8.69299,4,8681,0,1
273,4,2713652.0,2713724.0,7,-8.69299,4,8681,1,0
331,3,2714162.0,2714295.8,8,-8.22525,4,8681,1,0
25,1,2714240.2,2714312.2,7,-9.36688,4,8681,1,0
25,2,2714240.2,2714312.2,7,-9.36688,4,8681,1,0
25,3,2714240.2,2714312.2,7,-9.36688,4,8681,1,0
268,1,2714839.0,2714911.2,7,12.8081,4,8681,1,0
268,4,2714839.0,2714911.2,7,12.8081,4,8681,1,0
381,3,2715635.8,2715707.8,7,4.16592,4,8683,1,0
381,4,2715635.8,2715707.8,7,4.16592,4,8683,1,0
9,3,2717186.2,2717319.8,8,-4.35484,4,8683,1,0
368,3,2717258.5,2717711.2,10,-11.0483,4,8683,1,0
257,1,2719185.2,2719318.8,8,1.3008,4,8683,1,0
257,3,2719185.2,2719318.8,8,1.3008,4,8683,1,0
54,1,2719445.5,2719517.5,7,13.6238,4,8683,1,0
54,2,2719445.5,2719517.5,7,13.6238,4,8683,1,0
54,3,2719445.5,2719517.5,7,13.6238,4,8683,1,0
294,1,2722041.0,2722493.8,10,-16.6779,4,8683,1,0
294,2,2722041.0,2722493.8,10,-16.6779,4,8683,1,0
294,4,2722041.0,2722493.8,10,-16.6779,4,8683,1,0
266,1,2722550.0,2722683.5,8,-11.8324,4,8681,1,0
266,3,2722550.0,2722683.5,8,-11.8324,4,8681,1,0
80,1,2722872.0,2722944.0,7,4.203,4,8683,1,0
80,3,2722872.0,2722944.0,7,4.203,4,8683,1,0
310,3,2723887.0,2724020.5,8,-3.19302,4,8681,0,1
171,1,2725170.8,2725623.2,10,-10.165,4,8683,1,0
390,2,2728009.0,2728255.8,9,14.3737,4,8685,1,0
390,3,2728009.0,2728255.8,9,14.3737,4,8685,1,0
341,1,2730386.2,2730519.8,8,-2.35693,4,8683,1,0
117,3,2731444.2,2731516.2,7,-0.181014,4,8683,1,0
117,4,2731444.2,2731516.2,7,-0.181014,4,8683,1,0
399,1,2731597.0,2733407.5,12,0.0,4,8685,0,1
399,2,2731597.0,2733407.5,12,0.0,4,8685,1,0
399,4,2731597.0,2733407.5,12,0.0,4,8685,0,1
282,1,2732083.5,2733894.0,12,-17.0962,4,8683,1,0
282,2,2732083.5,2733894.0,12,-17.0962,4,8683,1,0
282,3,2732083.5,2733894.0,12,-17.0962,4,8683,1,0
266,1,2735913.2,2736047.0,8,-3.28686,4,8683,0,1
266,2,2735913.2,2736047.0,8,-3.28686,4,8683,1,0
168,3,2736719.5,2736966.2,9,-7.17721,4,8683,1,0
168,4,2736719.5,2736966.2,9,-7.17721,4,8683,1,0
46,3,2742544.8,2742616.8,7,7.30879,4,8683,1,0
358,3,2743122.8,2743194.8,7,-7.36986,4,8683,1,0
222,1,2743621.2,2743693.2,7,-7.33806,4,8685,1,0
39,4,2743644.2,2743716.2,7,-8.91965,4,8681,1,0
43,2,2744276.8,2744349.0,7,-1.57698,4,8685,1,0
255,1,2745263.8,2746250.8,11,5.05055,4,8685,1,0
255,4,2745263.8,2746250.8,11,5.05055,4,8685,1,0
135,3,2745418.5,2745665.2,9,0.0,4,8685,1,0
231,3,2749148.0,2750958.5,12,1.30713,4,8683,1,0
231,4,2749148.0,2750958.5,12,1.30713,4,8683,1,0
351,4,2749590.5,2750043.2,10,-3.22771,4,8683,1,0
308,2,2750560.8,2750632.8,7,6.80469,4,8683,1,0
196,2,2750703.5,2750837.2,8,-11.7092,4,8683,1,0
371,1,2751516.2,2751763.2,9,-0.898498,4,8683,1,0
371,4,2751516.2,2751763.2,9,-0.898498,4,8683,1,0
42,2,2752270.0,2752342.0,7,15.4896,4,8683,1,0
169,1,2752280.8,2752352.8,7,0.446946,4,8681,1,0
100,1,2752342.8,2752795.5,10,0.0,4,8683,1,0
100,3,2752342.8,2752795.5,10,0.0,4,8683,1,0
100,4,2752342.8,2752795.5,10,0.0,4,8683,0,1
277,1,2753580.2,2753827.2,9,0.536073,4,8683,1,0
277,3,2753580.2,2753827.2,9,0.536073,4,8683,0,1
66,2,2754585.0,2754657.0,7,-7.21202,4,8685,0,1
400,2,2757190.5,2757262.5,7,2.83493,4,8681,1,0
19,1,2758401.5,2758854.2,10,-12.2868,4,8683,1,0
19,2,2758401.5,2758854.2,10,-12.2868,4,8683,1,0
19,3,2758401.5,2758854.2,10,-12.2868,4,8683,1,0
19,4,2758401.5,2758854.2,10,-12.2868,4,8683,1,0
307,1,2758476.2,2758548.2,7,-6.78749,4,8685,1,0
307,2,2758476.2,2758548.2,7,-6.78749,4,8685,1,0
8,3,2758872.5,2758944.5,7,-5.18391,4,8683,1,0
132,3,2758905.8,2759039.2,8,2.22862,4,8683,1,0
285,2,2758973.2,2759960.2,11,-10.2723,4,8685,1,0
285,3,2758973.2,2759960.2,11,-10.2723,4,8685,0,1
344,1,2759151.0,2759398.0,9,-7.06755,4,8683,1,0
344,2,2759151.0,2759398.0,9,-7.06755,4,8683,1,0
344,3,2759151.0,2759398.0,9,-7.06755,4,8683,1,0
344,4,2759151.0,2759398.0,9,-7.06755,4,8683,1,0
376,1,2759763.8,2761574.2,12,-6.54913,4,8683,0,1
376,2,2759763.8,2761574.2,12,-6.54913,4,8683,1,0
376,3,2759763.8,2761574.2,12,-6.54913,4,8683,0,1
70,2,2760610.5,2761063.2,10,-3.70566,4,8683,1,0
70,4,2760610.5,2761063.2,10,-3.70566,4,8683,1,0
379,2,2761138.0,2761271.5,8,-1.45047,4,8683,1,0
379,3,2761138.0,2761271.5,8,-1.45047,4,8683,1,0
53,4,2761234.5,2761481.5,9,0.0,4,8683,0,1
313,3,2761349.8,2762337.0,11,0.0,4,8683,1,0
129,1,2764352.2,2765339.2,11,-12.022,4,8681,1,0
129,2,2764352.2,2765339.2,11,-12.022,4,8681,1,0
129,3,2764352.2,2765339.2,11,-12.022,4,8681,1,0
129,4,2764352.2,2765339.2,11,-12.022,4,8681,1,0
220,3,2765129.5,2765201.5,7,-5.67992,4,8681,1,0
257,3,2766786.0,2766919.5,8,-8.99632,4,8683,1,0
257,4,2766786.0,2766919.5,8,-8.99632,4,8683,1,0
268,1,2767105.0,2767177.0,7,0.472398,4,8685,1,0
268,4,2767105.0,2767177.0,7,0.472398,4,8685,1,0
198,3,2767152.2,2768963.0,12,-5.55626,4,8683,1,0
55,2,2767784.0,2768030.8,9,0.0,4,8685,0,1
55,4,2767784.0,2768030.8,9,0.0,4,8685,0,1
306,1,2767885.5,2768132.2,9,0.919846,4,8685,1,0
222,1,2768464.5,2768536.5,7,29.7373,4,8683,1,0
222,2,2768464.5,2768536.5,7,29.7373,4,8683,0,1
334,3,2770411.2,2770658.0,9,-8.77742,4,8685,1,0
251,1,2771846.5,2771918.5,7,-2.41626,4,8685,1,0
225,1,2772573.2,2773026.0,10,0.0,4,8685,0,1
225,2,2772573.2,2773026.0,10,0.0,4,8685,1,0
225,3,2772573.2,2773026.0,10,0.0,4,8685,1,0
11,3,2772648.5,2772895.2,9,-2.92844,4,8681,1,0
86,2,2773190.2,2773642.8,10,-0.808913,4,8683,1,0
86,4,2773190.2,2773642.8,10,-0.808913,4,8683,1,0
259,4,2774175.5,2775162.5,11,-12.2128,4,8683,1,0
301,2,2776798.5,2777785.8,11,-3.68979,4,8683,1,0
281,3,2780262.2,2780714.8,10,-10.8915,4,8681,1,0
281,4,2780262.2,2780714.8,10,-10.8915,4,8681,1,0
345,3,2780431.5,2781418.5,11,-10.9218,4,8685,1,0
235,4,2781992.2,2782125.8,8,0.0,4,8685,1,0
30,1,2782422.0,2783409.0,11,-12.0427,4,8683,1,0
124,2,2783852.0,2784099.0,9,-2.12514,4,8685,1,0
124,3,2783852.0,2784099.0,9,-2.12514,4,8685,0,1
124,4,2783852.0,2784099.0,9,-2.12514,4,8685,0,1
339,1,2784566.8,2784700.2,8,0.0,4,8681,1,0
339,3,2784566.8,2784700.2,8,0.0,4,8681,0,1
356,3,2784804.2,2784876.2,7,9.38658,4,8683,1,0
356,4,2784804.2,2784876.2,7,9.38658,4,8683,1,0
83,1,2785833.2,2785905.2,7,-5.43246,4,8683,1,0
166,1,2786882.8,2786954.8,7,1.54228,4,8681,1,0
197,1,2788440.5,2790251.0,12,-4.63234,4,8683,1,0
197,4,2788440.5,2790251.0,12,-4.63234,4,8683,1,0
164,2,2789550.5,2791361.0,12,-6.55559,4,8685,1,0
164,3,2789550.5,2791361.0,12,-6.55559,4,8685,1,0
164,4,2789550.5,2791361.0,12,-6.55559,4,8685,1,0
154,1,2790701.0,2790947.8,9,-1.58578,4,8683,1,0
154,3,2790701.0,2790947.8,9,-1.58578,4,8683,1,0
5,3,2791553.0,2791625.0,7,14.9156,4,8685,1,0
112,1,2791749.2,2793559.8,12,-22.2938,4,8683,0,1
23,1,2791908.8,2792361.2,10,-2.38261,4,8683,0,1
23,4,2791908.8,2792361.2,10,-2.38261,4,8683,1,0
135,4,2792730.8,2792977.5,9,0.0,4,8683,1,0
292,1,2792835.8,2793822.8,11,-2.58743,4,8683,0,1
292,2,2792835.8,2793822.8,11,-2.58743,4,8683,1,0
292,4,2792835.8,2793822.8,11,-2.58743,4,8683,1,0
165,1,2793333.2,2793786.0,10,-16.5594,4,8683,0,1
238,4,2796776.5,2797229.2,10,2.30344,4,8683,1,0
91,3,2797317.8,2797770.5,10,12.3396,4,8683,1,0
100,1,2797603.5,2798056.2,10,-16.8192,4,8681,1,0
100,4,2797603.5,2798056.2,10,-16.8192,4,8681,1,0
249,2,2798765.8,2798838.0,7,-0.251296,4,8683,1,0
249,3,2798765.8,2798838.0,7,-0.251296,4,8683,1,0
78,1,2800543.0,2800676.5,8,3.59324,4,8685,1,0
78,4,2800543.0,2800676.5,8,3.59324,4,8685,1,0
260,1,2800832.8,2801285.5,10,-11.3166,4,8685,1,0
260,2,2800832.8,2801285.5,10,-11.3166,4,8685,1,0
260,4,2800832.8,2801285.5,10,-11.3166,4,8685,1,0
9,2,2802665.0,2802798.5,8,-8.95145,4,8685,1,0
9,4,2802665.0,2802798.5,8,-8.95145,4,8685,1,0
342,1,2803463.0,2803709.8,9,-5.38432,4,8683,1,0
342,4,2803463.0,2803709.8,9,-5.38432,4,8683,1,0
242,1,2809308.8,2809380.8,7,-6.30502,4,8683,1,0
242,4,2809308.8,2809380.8,7,-6.30502,4,8683,1,0
289,1,2809811.8,2810058.5,9,-8.72411,4,8685,1,0
289,4,2809811.8,2810058.5,9,-8.72411,4,8685,1,0
202,1,2812697.2,2812944.0,9,-6.46194,4,8685,1,0
202,2,2812697.2,2812944.0,9,-6.46194,4,8685,1,0
80,1,2813033.8,2813105.8,7,18.3179,4,8681,1,0
80,4,2813033.8,2813105.8,7,18.3179,4,8681,0,1
341,3,2813182.2,2813315.8,8,-5.59097,4,8681,1,0
341,4,2813182.2,2813315.8,8,-5.59097,4,8681,0,1
404,2,2813363.2,2813435.2,7,4.83482,4,8683,1,0
404,3,2813363.2,2813435.2,7,4.83482,4,8683,1,0
404,4,2813363.2,2813435.2,7,4.83482,4,8683,1,0
321,1,2814638.0,2814884.8,9,-12.9517,4,8681,1,0
8,3,2815070.2,2815142.2,7,4.34791,4,8683,1,0
293,3,2816224.0,2816471.0,9,0.0,4,8685,1,0
59,2,2818192.8,2818326.2,8,-6.28024,4,8681,1,0
59,3,2818192.8,2818326.2,8,-6.28024,4,8681,1,0
59,4,2818192.8,2818326.2,8,-6.28024,4,8681,1,0
322,3,2818520.2,2818973.0,10,3.01895,4,8683,0,1
133,2,2819228.8,2819300.8,7,33.0303,4,8681,1,0
133,4,2819228.8,2819300.8,7,33.0303,4,8681,1,0
232,1,2819305.5,2820292.5,11,-15.5569,4,8683,1,0
232,3,2819305.5,2820292.5,11,-15.5569,4,8683,0,1
232,4,2819305.5,2820292.5,11,-15.5569,4,8683,1,0
19,1,2820241.2,2820693.8,10,-11.8551,4,8685,1,0
52,1,2820692.0,2822502.5,12,-13.0216,4,8683,0,1
52,2,2820692.0,2822502.5,12,-13.0216,4,8683,1,0
52,3,2820692.0,2822502.5,12,-13.0216,4,8683,0,1
52,4,2820692.0,2822502.5,12,-13.0216,4,8683,1,0
276,3,2820710.0,2820782.0,7,-7.42236,4,8683,1,0
273,1,2821363.8,2821435.8,7,4.03102,4,8683,1,0
284,1,2822739.5,2822986.2,9,-13.2213,4,8683,1,0
284,3,2822739.5,2822986.2,9,-13.2213,4,8683,1,0
62,2,2823078.8,2823325.8,9,-11.1013,4,8683,1,0
62,3,2823078.8,2823325.8,9,-11.1013,4,8683,1,0
394,1,2826076.2,2826528.8,10,-13.1967,4,8685,0,1
344,3,2826563.5,2826810.2,9,-12.9209,4,8681,1,0
300,2,2827046.8,2827180.2,8,-10.3985,4,8683,1,0
300,4,2827046.8,2827180.2,8,-10.3985,4,8683,1,0
329,1,2827191.2,2828178.2,11,-18.9814,4,8681,1,0
329,2,2827191.2,2828178.2,11,-18.9814,4,8681,1,0
329,3,2827191.2,2828178.2,11,-18.9814,4,8681,0,1
329,4,2827191.2,2828178.2,11,-18.9814,4,8681,1,0
201,2,2828757.0,2828829.0,7,3.72767,4,8683,1,0
201,4,2828757.0,2828829.0,7,3.72767,4,8683,1,0
390,2,2829467.0,2829713.8,9,0.715608,4,8685,1,0
381,2,2829952.0,2830024.0,7,-6.46126,4,8685,1,0
381,3,2829952.0,2830024.0,7,-6.46126,4,8685,1,0
263,1,2830004.5,2830457.0,10,-15.1904,4,8681,1,0
263,4,2830004.5,2830457.0,10,-15.1904,4,8681,1,0
147,3,2830172.0,2830418.8,9,-6.90193,4,8683,1,0
299,2,2832476.2,2832723.2,9,7.49069,4,8685,1,0
299,3,2832476.2,2832723.2,9,7.49069,4,8685,0,1
17,1,2832790.0,2834600.5,12,-11.7479,4,8683,1,0
12,4,2835463.2,2835596.8,8,-7.55452,4,8681,1,0
141,2,2836086.5,2836539.0,10,-8.28899,4,8685,1,0
141,4,2836086.5,2836539.0,10,-8.28899,4,8685,1,0
353,2,2837900.0,2838033.5,8,-6.82599,4,8683,1,0
353,3,2837900.0,2838033.5,8,-6.82599,4,8683,1,0
191,2,2839416.5,2839663.2,9,-12.4967,4,8683,1,0
191,3,2839416.5,2839663.2,9,-12.4967,4,8683,1,0
300,4,2840409.8,2840543.2,8,-11.8712,4,8685,1,0
167,1,2840638.0,2840710.0,7,6.87023,4,8685,1,0
167,2,2840638.0,2840710.0,7,6.87023,4,8685,1,0
167,4,2840638.0,2840710.0,7,6.87023,4,8685,1,0
187,3,2841480.0,2843290.5,12,-15.1349,4,8685,1,0
187,4,2841480.0,2843290.5,12,-15.1349,4,8685,0,1
238,1,2842037.5,2842490.2,10,-5.75839,4,8685,1,0
238,3,2842037.5,2842490.2,10,-5.75839,4,8685,1,0
238,4,2842037.5,2842490.2,10,-5.75839,4,8685,1,0
235,3,2842749.0,2842882.5,8,-7.51814,4,8683,1,0
235,4,2842749.0,2842882.5,8,-7.51814,4,8683,0,1
245,1,2843393.5,2845204.0,12,-14.9838,4,8681,1,0
245,2,2843393.5,2845204.0,12,-14.9838,4,8681,1,0
245,3,2843393.5,2845204.0,12,-14.9838,4,8681,0,1
245,4,2843393.5,2845204.0,12,-14.9838,4,8681,0,1
102,1,2844250.5,2844384.0,8,-7.81212,4,8683,1,0
102,3,2844250.5,2844384.0,8,-7.81212,4,8683,1,0
102,4,2844250.5,2844384.0,8,-7.81212,4,8683,1,0
305,3,2845668.8,2846121.2,10,-13.4288,4,8681,1,0
305,4,2845668.8,2846121.2,10,-13.4288,4,8681,1,0
14,1,2847180.8,2847252.8,7,-0.180556,4,8683,1,0
265,1,2847326.8,2847398.8,7,19.872,4,8683,1,0
319,2,2849632.8,2850085.5,10,-16.775,4,8681,1,0
389,1,2849719.0,2851529.5,12,-9.18225,4,8681,0,1
389,2,2849719.0,2851529.5,12,-9.18225,4,8681,1,0
389,3,2849719.0,2851529.5,12,-9.18225,4,8681,1,0
382,2,2851629.2,2851701.2,7,-8.93204,4,8683,1,0
167,3,2852578.0,2852650.0,7,-6.96298,4,8683,1,0
113,1,2852869.5,2852941.5,7,-6.44594,4,8681,1,0
113,3,2852869.5,2852941.5,7,-6.44594,4,8681,1,0
148,2,2853422.2,2853875.0,10,-16.6399,4,8683,1,0
76,4,2856836.0,2856908.0,7,13.0753,4,8685,1,0
89,2,2857230.2,2859040.8,12,-10.7731,4,8683,1,0
89,4,2857230.2,2859040.8,12,-10.7731,4,8683,0,1
268,1,2859211.0,2859283.0,7,-1.93764,4,8685,1,0
268,3,2859211.0,2859283.0,7,-1.93764,4,8685,1,0
268,4,2859211.0,2859283.0,7,-1.93764,4,8685,1,0
221,1,2859324.2,2860311.2,11,0.0,4,8685,1,0
221,3,2859324.2,2860311.2,11,0.0,4,8685,0,1
221,4,2859324.2,2860311.2,11,0.0,4,8685,1,0
377,1,2859939.0,2860011.0,7,-5.14777,4,8683,1,0
377,2,2859939.0,2860011.0,7,-5.14777,4,8683,1,0
333,1,2862972.2,2863959.2,11,0.0,4,8685,1,0
129,1,2863066.0,2864053.0,11,0.0,4,8683,1,0
129,3,2863066.0,2864053.0,11,0.0,4,8683,1,0
129,4,2863066.0,2864053.0,11,0.0,4,8683,0,1
44,1,2863092.8,2864903.2,12,0.0,4,8683,1,0
44,4,2863092.8,2864903.2,12,0.0,4,8683,0,1
69,2,2863388.2,2863840.8,10,-3.17691,4,8683,1,0
49,2,2863873.0,2863945.0,7,5.70953,4,8683,1,0
293,1,2864039.2,2864286.2,9,-4.33536,4,8683,1,0
19,1,2865502.2,2865954.8,10,-2.23259,4,8683,1,0
396,1,2868131.5,2868265.2,8,6.42675,4,8681,1,0
304,2,2869840.2,2869912.2,7,-9.09996,4,8683,1,0
304,4,2869840.2,2869912.2,7,-9.09996,4,8683,1,0
314,2,2870544.5,2870678.0,8,-11.8794,4,8681,1,0
290,2,2872157.8,2872291.2,8,2.06055,4,8681,1,0
290,4,2872157.8,2872291.2,8,2.06055,4,8681,1,0
167,1,2872853.2,2872925.2,7,-3.28448,4,8681,1,0
167,3,2872853.2,2872925.2,7,-3.28448,4,8681,1,0
287,2,2873089.0,2873161.2,7,0.0,4,8683,1,0
7,3,2873186.0,2873432.8,9,6.50013,4,8683,1,0
165,3,2874597.0,2875049.5,10,-16.1541,4,8683,1,0
179,2,2875993.0,2876126.5,8,1.57291,4,8683,0,1
179,3,2875993.0,2876126.5,8,1.57291,4,8683,1,0
398,1,2876790.2,2877037.0,9,-8.45053,4,8681,1,0
398,4,2876790.2,2877037.0,9,-8.45053,4,8681,1,0
79,1,2876842.0,2876914.0,7,0.74167,4,8681,1,0
79,2,2876842.0,2876914.0,7,0.74167,4,8681,1,0
79,4,2876842.0,2876914.0,7,0.74167,4,8681,1,0
216,2,2878191.2,2878263.2,7,16.0277,4,8685,1,0
219,1,2878762.0,2878895.5,8,12.1161,4,8683,1,0
287,2,2880505.5,2880577.8,7,-7.36848,4,8681,1,0
93,1,2881578.8,2881651.0,7,4.58456,4,8681,1,0
314,1,2883907.5,2884041.0,8,-9.86247,4,8683,1,0
314,3,2883907.5,2884041.0,8,-9.86247,4,8683,1,0
314,4,2883907.5,2884041.0,8,-9.86247,4,8683,1,0
205,1,2884386.2,2884458.2,7,36.2841,4,8681,1,0
102,1,2884863.2,2884996.8,8,-11.3542,4,8681,1,0
102,2,2884863.2,2884996.8,8,-11.3542,4,8681,1,0
102,3,2884863.2,2884996.8,8,-11.3542,4,8681,1,0
102,4,2884863.2,2884996.8,8,-11.3542,4,8681,1,0
301,3,2884951.0,2885938.0,11,-12.3466,4,8683,1,0
301,4,2884951.0,2885938.0,11,-12.3466,4,8683,1,0
171,2,2885179.5,2885632.0,10,-2.68576,4,8681,1,0
132,3,2885214.2,2885348.0,8,-8.85657,4,8681,1,0
382,3,2886830.5,2886902.5,7,-6.53223,4,8685,1,0
382,4,2886830.5,2886902.5,7,-6.53223,4,8685,0,1
370,2,2887014.2,2888001.2,11,0.0,4,8681,0,1
388,1,2887970.5,2888217.2,9,-14.2273,4,8683,1,0
122,1,2889108.5,2889355.2,9,0.0,4,8681,0,1
122,2,2889108.5,2889355.2,9,0.0,4,8681,1,0
122,3,2889108.5,2889355.2,9,0.0,4,8681,1,0
14,1,2890119.0,2890191.0,7,1.42253,4,8685,1,0
168,2,2890569.2,2890816.2,9,-10.4265,4,8681,1,0
168,4,2890569.2,2890816.2,9,-10.4265,4,8681,1,0
292,1,2891549.2,2892536.5,11,-1.89905,4,8683,1,0
292,2,2891549.2,2892536.5,11,-1.89905,4,8683,1,0
292,3,2891549.2,2892536.5,11,-1.89905,4,8683,0,1
258,2,2895346.5,2895418.5,7,2.15921,4,8683,1,0
258,3,2895346.5,2895418.5,7,2.15921,4,8683,1,0
258,4,2895346.5,2895418.5,7,2.15921,4,8683,1,0
155,2,2895657.5,2895904.2,9,-2.9586,4,8683,1,0
155,4,2895657.5,2895904.2,9,-2.9586,4,8683,1,0
87,2,2897930.0,2898176.8,9,-4.15691,4,8681,1,0
132,4,2898577.8,2898711.2,8,-11.176,4,8683,1,0
43,2,2900348.5,2900420.5,7,0.0,4,8683,1,0
279,1,2902060.5,2902307.2,9,-7.29744,4,8683,1,0
279,2,2902060.5,2902307.2,9,-7.29744,4,8683,1,0
279,3,2902060.5,2902307.2,9,-7.29744,4,8683,1,0
22,1,2902582.5,2902716.0,8,-3.6861,4,8681,1,0
22,2,2902582.5,2902716.0,8,-3.6861,4,8681,1,0
22,3,2902582.5,2902716.0,8,-3.6861,4,8681,1,0
22,4,2902582.5,2902716.0,8,-3.6861,4,8681,1,0
186,2,2903306.2,2903378.2,7,0.0,4,8683,1,0
304,1,2904690.5,2904762.5,7,-6.52943,4,8685,1,0
304,2,2904690.5,2904762.5,7,-6.52943,4,8685,1,0
304,4,2904690.5,2904762.5,7,-6.52943,4,8685,1,0
316,4,2906278.2,2906350.2,7,0.600465,4,8685,1,0
236,1,2909151.5,2909604.2,10,-9.17868,4,8683,1,0
236,2,2909151.5,2909604.2,10,-9.17868,4,8683,1,0
88,3,2910344.8,2910416.8,7,-0.280257,4,8681,1,0
19,1,2910763.0,2911215.5,10,0.0,4,8681,1,0
19,3,2910763.0,2911215.5,10,0.0,4,8681,1,0
399,3,2912640.2,2914450.8,12,-16.945,4,8683,1,0
399,4,2912640.2,2914450.8,12,-16.945,4,8683,1,0
247,1,2913214.8,2914202.0,11,-3.81795,4,8685,0,1
247,2,2913214.8,2914202.0,11,-3.81795,4,8685,1,0
247,4,2913214.8,2914202.0,11,-3.81795,4,8685,1,0
210,1,2914068.2,2914140.5,7,14.4852,4,8683,0,1
210,2,2914068.2,2914140.5,7,14.4852,4,8683,1,0
174,2,2915551.0,2917361.5,12,-9.35312,4,8685,1,0
174,3,2915551.0,2917361.5,12,-9.35312,4,8685,0,1
81,1,2917294.2,2917541.0,9,0.0,4,8685,1,0
81,2,2917294.2,2917541.0,9,0.0,4,8685,1,0
62,1,2917515.0,2917761.8,9,-12.8384,4,8683,1,0
62,2,2917515.0,2917761.8,9,-12.8384,4,8683,1,0
62,4,2917515.0,2917761.8,9,-12.8384,4,8683,1,0
103,1,2918155.5,2918289.0,8,-10.0903,4,8683,1,0
103,2,2918155.5,2918289.0,8,-10.0903,4,8683,1,0
255,4,2924851.2,2925838.5,11,-9.18916,4,8683,1,0
270,2,2925237.0,2925309.0,7,14.393,4,8685,1,0
270,3,2925237.0,2925309.0,7,14.393,4,8685,1,0
270,4,2925237.0,2925309.0,7,14.393,4,8685,1,0
56,1,2926145.5,2926392.2,9,-13.4235,4,8683,1,0
56,3,2926145.5,2926392.2,9,-13.4235,4,8683,1,0
205,1,2928118.2,2928190.2,7,41.9646,4,8683,1,0
323,3,2928723.5,2928857.0,8,-5.98151,4,8685,1,0
281,2,2930514.2,2930966.8,10,-16.2316,4,8683,1,0
324,2,2930895.0,2931347.8,10,-15.4975,4,8685,1,0
329,1,2930912.2,2931899.5,11,0.236146,4,8683,1,0
329,2,2930912.2,2931899.5,11,0.236146,4,8683,1,0
329,3,2930912.2,2931899.5,11,0.236146,4,8683,1,0
329,4,2930912.2,2931899.5,11,0.236146,4,8683,1,0
101,1,2931393.2,2932380.2,11,-10.5905,4,8685,1,0
191,2,2932780.5,2933027.2,9,0.0,4,8683,1,0
191,3,2932780.5,2933027.2,9,0.0,4,8683,1,0
155,1,2933503.5,2933750.2,9,-6.71825,4,8685,1,0
6,1,2934636.8,2936447.2,12,-13.3246,4,8685,0,1
396,1,2934759.8,2934893.2,8,-5.36839,4,8683,1,0
396,3,2934759.8,2934893.2,8,-5.36839,4,8683,0,1
85,2,2935221.8,2935293.8,7,5.83412,4,8683,1,0
85,4,2935221.8,2935293.8,7,5.83412,4,8683,1,0
119,4,2936535.5,2936607.5,7,15.6247,4,8681,1,0
299,2,2936721.8,2936968.5,9,-4.00947,4,8683,1,0
299,3,2936721.8,2936968.5,9,-4.00947,4,8683,1,0
16,3,2936853.2,2937100.0,9,-8.48633,4,8685,1,0
31,4,2937731.0,2937977.8,9,-9.27228,4,8683,1,0
154,1,2938401.2,2938648.2,9,-2.99373,4,8685,1,0
373,1,2939351.5,2939804.2,10,0.0,4,8683,1,0
91,2,2941267.2,2941720.0,10,-9.16061,4,8685,1,0
91,3,2941267.2,2941720.0,10,-9.16061,4,8685,1,0
208,3,2941764.5,2943575.0,12,0.0,4,8683,0,1
53,3,2942272.2,2942519.0,9,-12.193,4,8683,1,0
130,1,2943143.2,2943276.8,8,2.87456,4,8685,1,0
130,3,2943143.2,2943276.8,8,2.87456,4,8685,1,0
26,1,2945534.8,2946521.8,11,0.0,4,8681,1,0
26,2,2945534.8,2946521.8,11,0.0,4,8681,1,0
26,3,2945534.8,2946521.8,11,0.0,4,8681,1,0
204,4,2945693.2,2945765.5,7,0.779511,4,8683,1,0
253,2,2947952.0,2948085.5,8,-0.243102,4,8681,1,0
380,1,2953205.2,2955015.8,12,-19.5438,4,8683,1,0
375,1,2954273.2,2954345.2,7,-4.95712,4,8683,1,0
375,3,2954273.2,2954345.2,7,-4.95712,4,8683,1,0
279,1,2956315.2,2956562.0,9,-10.1349,4,8685,1,0
279,2,2956315.2,2956562.0,9,-10.1349,4,8685,1,0
32,4,2958811.8,2958883.8,7,-6.2312,4,8681,1,0
151,1,2960136.0,2960208.0,7,-1.78311,4,8681,1,0
151,2,2960136.0,2960208.0,7,-1.78311,4,8681,1,0
151,3,2960136.0,2960208.0,7,-1.78311,4,8681,1,0
80,1,2960218.2,2960290.2,7,-0.488265,4,8683,1,0
80,2,2960218.2,2960290.2,7,-0.488265,4,8683,1,0
261,2,2960590.5,2960662.5,7,7.47299,4,8685,1,0
261,4,2960590.5,2960662.5,7,7.47299,4,8685,1,0
360,1,2960729.8,2960863.2,8,8.28901,4,8681,1,0
141,2,2960904.0,2961356.8,10,-3.5115,4,8683,0,1
262,1,2961661.5,2961733.5,7,-8.91492,4,8683,1,0
262,2,2961661.5,2961733.5,7,-8.91492,4,8683,1,0
262,3,2961661.5,2961733.5,7,-8.91492,4,8683,1,0
160,1,2962786.2,2962858.2,7,-2.13136,4,8683,1,0
160,3,2962786.2,2962858.2,7,-2.13136,4,8683,1,0
173,2,2964021.0,2965008.0,11,-16.0503,4,8683,1,0
173,4,2964021.0,2965008.0,11,-16.0503,4,8683,1,0
37,3,2965047.0,2965180.8,8,26.993,4,8683,1,0
288,3,2965983.0,2966435.5,10,-9.15982,4,8683,1,0
323,1,2966635.8,2966769.2,8,3.25119,4,8683,1,0
323,3,2966635.8,2966769.2,8,3.25119,4,8683,1,0
179,2,2967712.0,2967845.5,8,-10.4126,4,8681,1,0
179,3,2967712.0,2967845.5,8,-10.4126,4,8681,0,1
220,3,2968675.2,2968747.2,7,-8.33133,4,8681,1,0
220,4,2968675.2,2968747.2,7,-8.33133,4,8681,1,0
54,2,2968954.8,2969026.8,7,1.3337,4,8683,1,0
54,3,2968954.8,2969026.8,7,1.3337,4,8683,1,0
54,4,2968954.8,2969026.8,7,1.3337,4,8683,1,0
56,1,2969452.5,2969699.2,9,0.0,4,8685,1,0
197,1,2969483.8,2971294.2,12,0.736222,4,8683,1,0
197,2,2969483.8,2971294.2,12,0.736222,4,8683,1,0
197,4,2969483.8,2971294.2,12,0.736222,4,8683,0,1
225,2,2970980.8,2971433.2,10,-16.4573,4,8683,1,0
225,3,2970980.8,2971433.2,10,-16.4573,4,8683,1,0
15,2,2971397.5,2971531.0,8,-10.6181,4,8685,1,0
135,1,2972120.8,2972367.8,9,-6.06157,4,8681,1,0
16,1,2974811.8,2975058.5,9,-7.74115,4,8683,0,1
16,3,2974811.8,2975058.5,9,-7.74115,4,8683,1,0
155,1,2977774.0,2978020.8,9,-9.01544,4,8683,1,0
155,2,2977774.0,2978020.8,9,-9.01544,4,8683,1,0
155,3,2977774.0,2978020.8,9,-9.01544,4,8683,1,0
155,4,2977774.0,2978020.8,9,-9.01544,4,8683,1,0
57,3,2978587.5,2978834.2,9,-5.99382,4,8683,1,0
397,4,2979083.5,2979155.5,7,0.0,4,8683,1,0
130,1,2979124.8,2979258.2,8,20.1877,4,8683,1,0
130,3,2979124.8,2979258.2,8,20.1877,4,8683,1,0
51,1,2982887.8,2983134.5,9,-10.06,4,8683,1,0
51,4,2982887.8,2983134.5,9,-10.06,4,8683,1,0
367,1,2985441.0,2985574.5,8,-10.0093,4,8683,1,0
367,2,2985441.0,2985574.5,8,-10.0093,4,8683,1,0
11,1,2985637.0,2985883.8,9,-7.69391,4,8683,1,0
177,4,2988272.8,2988344.8,7,10.9654,4,8683,1,0
283,1,2988653.0,2988725.0,7,14.2116,4,8683,0,1
283,4,2988653.0,2988725.0,7,14.2116,4,8683,1,0
272,3,2989608.2,2989855.0,9,-0.5419,4,8683,1,0
272,4,2989608.2,2989855.0,9,-0.5419,4,8683,0,1
404,1,2991743.5,2991815.5,7,-2.45315,4,8683,1,0
404,2,2991743.5,2991815.5,7,-2.45315,4,8683,1,0
404,4,2991743.5,2991815.5,7,-2.45315,4,8683,1,0
250,2,2991984.8,2992118.5,8,-3.72569,4,8685,1,0
250,3,2991984.8,2992118.5,8,-3.72569,4,8685,1,0
250,4,2991984.8,2992118.5,8,-3.72569,4,8685,0,1
55,2,2992168.5,2992415.2,9,-13.8625,4,8683,1,0
319,3,2993349.0,2993801.5,10,-2.268,4,8683,1,0
106,2,2993767.5,2993839.5,7,0.0,4,8683,1,0
56,2,2994130.8,2994377.8,9,1.45149,4,8683,1,0
56,3,2994130.8,2994377.8,9,1.45149,4,8683,1,0
115,3,2994149.2,2994221.2,7,9.11835,4,8683,1,0
259,1,2997120.0,2998107.2,11,5.47865,4,8685,1,0
357,1,2999430.8,3000417.8,11,-17.0928,4,8683,0,1
357,2,2999430.8,3000417.8,11,-17.0928,4,8683,1,0
16,1,2999490.0,2999736.8,9,8.69154,4,8685,1,0
16,3,2999490.0,2999736.8,9,8.69154,4,8685,1,0
52,2,3003120.5,3004931.2,12,-16.8507,4,8683,1,0
104,1,3003286.0,3003358.0,7,3.80577,4,8683,1,0
104,2,3003286.0,3003358.0,7,3.80577,4,8683,1,0
104,3,3003286.0,3003358.0,7,3.80577,4,8683,1,0
22,1,3003559.2,3003692.8,8,7.67693,4,8683,1,0
22,4,3003559.2,3003692.8,8,7.67693,4,8683,1,0
181,1,3004299.5,3004371.5,7,22.8309,4,8685,0,1
181,2,3004299.5,3004371.5,7,22.8309,4,8685,1,0
181,3,3004299.5,3004371.5,7,22.8309,4,8685,1,0
181,4,3004299.5,3004371.5,7,22.8309,4,8685,1,0
128,1,3007314.5,3007561.2,9,-9.12443,4,8683,1,0
128,4,3007314.5,3007561.2,9,-9.12443,4,8683,1,0
300,1,3009571.2,3009704.8,8,6.56852,4,8683,1,0
80,1,3009919.0,3009991.0,7,9.48368,4,8685,1,0
80,2,3009919.0,3009991.0,7,9.48368,4,8685,1,0
269,2,3010907.2,3011359.8,10,-13.1117,4,8685,0,1
42,1,3011799.2,3011871.2,7,-8.1542,4,8683,1,0
42,4,3011799.2,3011871.2,7,-8.1542,4,8683,1,0
247,1,3011928.5,3012915.5,11,-19.3137,4,8683,1,0
247,4,3011928.5,3012915.5,11,-19.3137,4,8683,0,1
17,3,3013833.2,3015643.8,12,1.51016,4,8685,1,0
17,4,3013833.2,3015643.8,12,1.51016,4,8685,1,0
168,1,3014452.5,3014699.2,9,-9.02791,4,8683,1,0
168,4,3014452.5,3014699.2,9,-9.02791,4,8683,1,0
192,1,3016078.0,3016324.8,9,-10.4052,4,8681,1,0
274,3,3016589.5,3017576.8,11,-11.9656,4,8685,1,0
274,4,3016589.5,3017576.8,11,-11.9656,4,8685,1,0
58,2,3019443.8,3019515.8,7,-3.88078,4,8683,1,0
223,1,3020523.2,3022333.8,12,-16.9132,4,8685,1,0
223,4,3020523.2,3022333.8,12,-16.9132,4,8685,0,1
82,3,3021676.5,3021748.5,7,19.0784,4,8681,1,0
82,4,3021676.5,3021748.5,7,19.0784,4,8681,1,0
239,1,3022410.0,3022543.5,8,-4.86378,4,8685,1,0
239,2,3022410.0,3022543.5,8,-4.86378,4,8685,1,0
239,3,3022410.0,3022543.5,8,-4.86378,4,8685,1,0
239,4,3022410.0,3022543.5,8,-4.86378,4,8685,1,0
133,2,3022499.8,3022571.8,7,0.0,4,8683,1,0
133,3,3022499.8,3022571.8,7,0.0,4,8683,1,0
370,3,3023173.0,3024160.2,11,-18.1758,4,8683,0,1
370,4,3023173.0,3024160.2,11,-18.1758,4,8683,1,0
16,2,3024168.5,3024415.2,9,-5.99683,4,8683,1,0
16,3,3024168.5,3024415.2,9,-5.99683,4,8683,1,0
339,1,3024389.8,3024523.2,8,-5.43353,4,8683,1,0
157,1,3024436.0,3024682.8,9,-12.4572,4,8683,1,0
157,4,3024436.0,3024682.8,9,-12.4572,4,8683,1,0
184,1,3027300.5,3027434.0,8,-4.40358,4,8683,1,0
184,3,3027300.5,3027434.0,8,-4.40358,4,8683,1,0
187,3,3027547.0,3029357.8,12,-10.9127,4,8683,1,0
72,1,3028801.2,3028873.2,7,4.03881,4,8683,1,0
72,3,3028801.2,3028873.2,7,4.03881,4,8683,1,0
72,4,3028801.2,3028873.2,7,4.03881,4,8683,1,0
321,1,3028959.5,3029206.2,9,-7.69563,4,8685,1,0
329,2,3029626.0,3030613.0,11,-10.1408,4,8685,1,0
329,3,3029626.0,3030613.0,11,-10.1408,4,8685,0,1
329,4,3029626.0,3030613.0,11,-10.1408,4,8685,0,1
42,1,3029827.8,3029899.8,7,-1.28566,4,8683,1,0
42,4,3029827.8,3029899.8,7,-1.28566,4,8683,0,1
20,3,3030075.5,3030322.2,9,-6.57625,4,8683,0,1
10,2,3030103.0,3030555.8,10,-4.63299,4,8681,1,0
10,3,3030103.0,3030555.8,10,-4.63299,4,8681,0,1
101,3,3030107.0,3031094.0,11,2.54714,4,8683,0,1
101,4,3030107.0,3031094.0,11,2.54714,4,8683,1,0
12,2,3030387.8,3030521.2,8,0.637147,4,8683,1,0
12,4,3030387.8,3030521.2,8,0.637147,4,8683,1,0
355,1,3030531.2,3030778.0,9,-11.241,4,8683,1,0
355,2,3030531.2,3030778.0,9,-11.241,4,8683,1,0
80,1,3030777.2,3030849.2,7,18.4348,4,8683,1,0
115,2,3031036.5,3031108.5,7,-6.5403,4,8683,1,0
115,3,3031036.5,3031108.5,7,-6.5403,4,8683,1,0
56,1,3031367.5,3031614.2,9,0.0,4,8683,1,0
186,2,3031960.8,3032032.8,7,0.255113,4,8685,1,0
186,4,3031960.8,3032032.8,7,0.255113,4,8685,0,1
366,4,3031980.8,3032227.5,9,-14.0043,4,8683,0,1
81,3,3032511.8,3032758.5,9,-7.14658,4,8683,1,0
163,1,3032646.2,3033633.2,11,-12.2068,4,8683,0,1
163,3,3032646.2,3033633.2,11,-12.2068,4,8683,1,0
220,3,3032987.0,3033059.0,7,-0.302383,4,8681,1,0
220,4,3032987.0,3033059.0,7,-0.302383,4,8681,0,1
265,1,3034913.8,3034985.8,7,6.04545,4,8681,1,0
265,4,3034913.8,3034985.8,7,6.04545,4,8681,1,0
178,3,3036170.5,3036242.5,7,0.0,4,8683,1,0
256,2,3037100.0,3037172.0,7,-8.6124,4,8685,1,0
280,2,3037893.0,3038026.5,8,-10.52,4,8683,1,0
79,4,3038995.5,3039067.8,7,20.2256,4,8683,1,0
231,1,3040226.0,3042036.5,12,-17.7363,4,8683,1,0
231,2,3040226.0,3042036.5,12,-17.7363,4,8683,0,1
231,3,3040226.0,3042036.5,12,-17.7363,4,8683,1,0
231,4,3040226.0,3042036.5,12,-17.7363,4,8683,1,0
324,2,3041873.0,3042325.8,10,-8.87338,4,8683,1,0
324,3,3041873.0,3042325.8,10,-8.87338,4,8683,1,0
324,4,3041873.0,3042325.8,10,-8.87338,4,8683,1,0
267,1,3042005.8,3042078.0,7,20.5931,4,8683,1,0
267,4,3042005.8,3042078.0,7,20.5931,4,8683,1,0
202,4,3042426.5,3042673.2,9,-5.071,4,8683,1,0
87,2,3043680.0,3043926.8,9,-13.0693,4,8683,1,0
87,3,3043680.0,3043926.8,9,-13.0693,4,8683,1,0
131,3,3044095.0,3045905.5,12,-12.3294,4,8683,0,1
44,1,3044136.0,3045946.5,12,0.0,4,8685,1,0
44,4,3044136.0,3045946.5,12,0.0,4,8685,0,1
26,2,3044248.2,3045235.2,11,0.991746,4,8683,0,1
218,3,3046957.0,3047029.0,7,-3.31679,4,8683,1,0
218,4,3046957.0,3047029.0,7,-3.31679,4,8683,1,0
256,2,3050735.2,3050807.2,7,7.21858,4,8683,1,0
256,3,3050735.2,3050807.2,7,7.21858,4,8683,1,0
256,4,3050735.2,3050807.2,7,7.21858,4,8683,1,0
143,3,3053313.8,3053766.2,10,-7.53187,4,8685,1,0
295,2,3053426.0,3053559.5,8,-5.35869,4,8681,1,0
295,3,3053426.0,3053559.5,8,-5.35869,4,8681,1,0
321,4,3053637.8,3053884.5,9,-14.1424,4,8685,1,0
254,4,3054632.0,3054879.0,9,-2.98617,4,8685,1,0
369,1,3054902.5,3055036.2,8,1.55853,4,8683,1,0
400,3,3055462.2,3055534.2,7,6.02779,4,8683,1,0
400,4,3055462.2,3055534.2,7,6.02779,4,8683,1,0
170,2,3056724.2,3056858.0,8,-6.53676,4,8681,1,0
195,4,3057909.5,3058156.2,9,13.1088,4,8681,1,0
118,2,3059177.0,3059249.0,7,0.0,4,8683,0,1
118,3,3059177.0,3059249.0,7,0.0,4,8683,1,0
118,4,3059177.0,3059249.0,7,0.0,4,8683,1,0
200,1,3060276.0,3060348.2,7,3.27788,4,8683,1,0
200,2,3060276.0,3060348.2,7,3.27788,4,8683,0,1
200,3,3060276.0,3060348.2,7,3.27788,4,8683,1,0
176,1,3060736.0,3060983.0,9,-1.80046,4,8681,1,0
176,2,3060736.0,3060983.0,9,-1.80046,4,8681,1,0
176,4,3060736.0,3060983.0,9,-1.80046,4,8681,1,0
377,3,3062250.0,3062322.0,7,0.0,4,8681,1,0
150,2,3062291.2,3062538.0,9,-14.2613,4,8683,1,0
150,3,3062291.2,3062538.0,9,-14.2613,4,8683,1,0
150,4,3062291.2,3062538.0,9,-14.2613,4,8683,1,0
378,3,3062416.0,3062488.0,7,5.43343,4,8683,1,0
148,1,3062637.5,3063090.0,10,-11.4332,4,8683,0,1
148,4,3062637.5,3063090.0,10,-11.4332,4,8683,1,0
340,1,3064557.8,3064630.0,7,-8.71944,4,8685,1,0
76,1,3067743.0,3067815.0,7,-5.93599,4,8683,1,0
76,4,3067743.0,3067815.0,7,-5.93599,4,8683,1,0
403,2,3068859.2,3069106.0,9,-1.20999,4,8683,1,0
237,1,3072924.5,3072996.5,7,-0.287109,4,8683,1,0
112,1,3073657.8,3075468.2,12,0.0,4,8685,0,1
16,3,3076057.8,3076304.8,9,4.41139,4,8683,1,0
378,1,3076755.2,3076827.2,7,-6.33342,4,8685,1,0
211,2,3077034.2,3077106.2,7,-3.68236,4,8683,1,0
211,4,3077034.2,3077106.2,7,-3.68236,4,8683,1,0
391,3,3079281.0,3079353.0,7,0.0,4,8685,0,1
395,1,3079830.5,3080817.8,11,-14.4555,4,8685,1,0
395,3,3079830.5,3080817.8,11,-14.4555,4,8685,1,0
395,4,3079830.5,3080817.8,11,-14.4555,4,8685,1,0
286,2,3080338.2,3080585.0,9,-0.12355,4,8683,1,0
286,3,3080338.2,3080585.0,9,-0.12355,4,8683,1,0
60,3,3082901.8,3082974.0,7,-5.4576,4,8683,1,0
103,3,3084418.5,3084552.0,8,-9.16536,4,8683,1,0
307,1,3084874.5,3084946.5,7,2.79067,4,8683,1,0
307,2,3084874.5,3084946.5,7,2.79067,4,8683,1,0
91,3,3085350.2,3085803.0,10,-10.0485,4,8683,1,0
193,1,3086005.5,3086139.2,8,0.712754,4,8681,1,0
193,4,3086005.5,3086139.2,8,0.712754,4,8681,1,0
36,1,3088108.5,3088242.0,8,-9.20143,4,8685,1,0
36,3,3088108.5,3088242.0,8,-9.20143,4,8685,1,0
384,1,3088637.2,3089089.8,10,-14.6812,4,8683,1,0
384,2,3088637.2,3089089.8,10,-14.6812,4,8683,1,0
237,3,3088958.8,3089030.8,7,0.492646,4,8681,1,0
226,1,3088962.2,3089034.2,7,-0.965163,4,8683,1,0
226,2,3088962.2,3089034.2,7,-0.965163,4,8683,1,0
226,3,3088962.2,3089034.2,7,-0.965163,4,8683,1,0
285,2,3089927.8,3090914.8,11,-18.8054,4,8683,0,1
285,4,3089927.8,3090914.8,11,-18.8054,4,8683,1,0
97,1,3090276.0,3090728.5,10,0.0,4,8681,1,0
97,3,3090276.0,3090728.5,10,0.0,4,8681,0,1
22,1,3091172.5,3091306.2,8,13.3523,4,8685,1,0
22,4,3091172.5,3091306.2,8,13.3523,4,8685,1,0
190,1,3093272.0,3093344.0,7,0.0,4,8685,0,1
190,3,3093272.0,3093344.0,7,0.0,4,8685,1,0
159,1,3093587.5,3093659.5,7,2.46574,4,8681,0,1
159,2,3093587.5,3093659.5,7,2.46574,4,8681,1,0
399,1,3093683.2,3095494.0,12,0.0,4,8685,0,1
399,2,3093683.2,3095494.0,12,0.0,4,8685,0,1
399,4,3093683.2,3095494.0,12,0.0,4,8685,1,0
174,1,3096594.2,3098404.8,12,-9.2312,4,8683,1,0
174,2,3096594.2,3098404.8,12,-9.2312,4,8683,1,0
8,1,3098192.5,3098264.5,7,9.59778,4,8681,1,0
8,3,3098192.5,3098264.5,7,9.59778,4,8681,1,0
295,1,3098807.5,3098941.2,8,-0.575515,4,8683,1,0
295,2,3098807.5,3098941.2,8,-0.575515,4,8683,1,0
295,3,3098807.5,3098941.2,8,-0.575515,4,8683,1,0
268,4,3099905.5,3099977.5,7,-5.19621,4,8683,1,0
13,2,3100071.5,3100205.0,8,-6.93413,4,8683,1,0
13,3,3100071.5,3100205.0,8,-6.93413,4,8683,1,0
13,4,3100071.5,3100205.0,8,-6.93413,4,8683,1,0
198,3,3101658.8,3103469.2,12,-10.6602,4,8685,0,1
220,1,3104572.5,3104644.5,7,8.61408,4,8681,1,0
362,3,3106030.0,3106276.8,9,0.0,4,8683,1,0
162,1,3107539.0,3107991.8,10,0.0,4,8683,0,1
402,1,3107892.8,3108026.2,8,-6.46779,4,8683,1,0
188,2,3108353.0,3108805.8,10,-15.4259,4,8683,1,0
188,4,3108353.0,3108805.8,10,-15.4259,4,8683,1,0
48,1,3108624.5,3109077.2,10,5.0302,4,8683,0,1
48,3,3108624.5,3109077.2,10,5.0302,4,8683,1,0
287,2,3109507.5,3109579.5,7,-8.27615,4,8683,1,0
287,3,3109507.5,3109579.5,7,-8.27615,4,8683,1,0
287,4,3109507.5,3109579.5,7,-8.27615,4,8683,1,0
309,2,3109682.2,3110135.0,10,-7.56015,4,8683,1,0
309,3,3109682.2,3110135.0,10,-7.56015,4,8683,1,0
170,1,3110869.8,3111003.5,8,-2.07098,4,8683,1,0
29,4,3111629.2,3112081.8,10,-1.18687,4,8683,0,1
263,3,3112711.8,3113164.2,10,-13.2182,4,8683,1,0
14,1,3112948.8,3113020.8,7,22.8547,4,8683,1,0
14,2,3112948.8,3113020.8,7,22.8547,4,8683,0,1
14,3,3112948.8,3113020.8,7,22.8547,4,8683,1,0
14,4,3112948.8,3113020.8,7,22.8547,4,8683,1,0
274,4,3115303.2,3116290.2,11,-5.61848,4,8683,1,0
66,2,3118073.8,3118145.8,7,3.18296,4,8685,1,0
66,3,3118073.8,3118145.8,7,3.18296,4,8685,1,0
61,1,3118763.5,3118835.5,7,-4.33743,4,8685,1,0
61,3,3118763.5,3118835.5,7,-4.33743,4,8685,1,0
31,1,3118900.8,3119147.5,9,-2.29887,4,8683,1,0
31,4,3118900.8,3119147.5,9,-2.29887,4,8683,1,0
54,2,3119108.2,3119180.2,7,-0.391372,4,8681,0,1
54,3,3119108.2,3119180.2,7,-0.391372,4,8681,1,0
156,1,3119398.0,3120385.0,11,-2.46106,4,8683,0,1
156,2,3119398.0,3120385.0,11,-2.46106,4,8683,1,0
156,3,3119398.0,3120385.0,11,-2.46106,4,8683,1,0
156,4,3119398.0,3120385.0,11,-2.46106,4,8683,0,1
84,2,3121042.8,3121289.5,9,-7.65744,4,8681,1,0
84,3,3121042.8,3121289.5,9,-7.65744,4,8681,1,0
84,4,3121042.8,3121289.5,9,-7.65744,4,8681,1,0
144,1,3122700.0,3123687.0,11,-3.9366,4,8685,0,1
144,2,3122700.0,3123687.0,11,-3.9366,4,8685,1,0
366,2,3123900.5,3124147.2,9,9.20038,4,8683,1,0
366,4,3123900.5,3124147.2,9,9.20038,4,8683,1,0
139,1,3125824.5,3126277.0,10,7.974,4,8683,1,0
139,2,3125824.5,3126277.0,10,7.974,4,8683,0,1
139,3,3125824.5,3126277.0,10,7.974,4,8683,1,0
224,2,3127210.0,3127343.5,8,-6.98367,4,8683,1,0
329,2,3128339.5,3129326.8,11,-6.35324,4,8683,0,1
329,3,3128339.5,3129326.8,11,-6.35324,4,8683,0,1
101,1,3128820.5,3129807.5,11,-13.0549,4,8681,1,0
101,4,3128820.5,3129807.5,11,-13.0549,4,8681,1,0
382,1,3133635.5,3133707.5,7,-2.05205,4,8683,1,0
382,2,3133635.5,3133707.5,7,-2.05205,4,8683,1,0
382,4,3133635.5,3133707.5,7,-2.05205,4,8683,1,0
30,1,3133697.2,3134684.2,11,-12.4258,4,8681,1,0
30,2,3133697.2,3134684.2,11,-12.4258,4,8681,1,0
30,4,3133697.2,3134684.2,11,-12.4258,4,8681,1,0
15,1,3133711.5,3133845.0,8,-6.77769,4,8683,1,0
15,2,3133711.5,3133845.0,8,-6.77769,4,8683,1,0
15,3,3133711.5,3133845.0,8,-6.77769,4,8683,1,0
15,4,3133711.5,3133845.0,8,-6.77769,4,8683,1,0
380,2,3134248.5,3136059.0,12,0.240678,4,8681,1,0
380,3,3134248.5,3136059.0,12,0.240678,4,8681,1,0
380,4,3134248.5,3136059.0,12,0.240678,4,8681,0,1
266,1,3134306.2,3134439.8,8,5.33616,4,8685,1,0
266,3,3134306.2,3134439.8,8,5.33616,4,8685,1,0
266,4,3134306.2,3134439.8,8,5.33616,4,8685,1,0
7,3,3134510.5,3134757.2,9,-12.5467,4,8683,1,0
210,2,3135222.2,3135294.2,7,-8.45512,4,8681,1,0
210,4,3135222.2,3135294.2,7,-8.45512,4,8681,1,0
299,2,3136176.0,3136422.8,9,5.70644,4,8683,1,0
95,1,3136838.5,3137085.2,9,0.0,4,8683,0,1
95,2,3136838.5,3137085.2,9,0.0,4,8683,1,0
95,3,3136838.5,3137085.2,9,0.0,4,8683,1,0
323,1,3137848.5,3137982.0,8,10.1806,4,8683,1,0
323,3,3137848.5,3137982.0,8,10.1806,4,8683,1,0
323,4,3137848.5,3137982.0,8,10.1806,4,8683,1,0
324,1,3143873.8,3144326.5,10,-16.1537,4,8683,1,0
324,2,3143873.8,3144326.5,10,-16.1537,4,8683,1,0
324,4,3143873.8,3144326.5,10,-16.1537,4,8683,1,0
224,2,3143881.5,3144015.2,8,-1.01965,4,8685,1,0
224,4,3143881.5,3144015.2,8,-1.01965,4,8685,1,0
190,1,3144772.0,3144844.0,7,0.496491,4,8683,1,0
190,2,3144772.0,3144844.0,7,0.496491,4,8683,1,0
103,1,3144946.8,3145080.2,8,3.74772,4,8681,1,0
364,1,3147576.0,3147709.5,8,3.27548,4,8685,1,0
172,2,3147592.0,3149402.5,12,-3.38753,4,8683,1,0
172,3,3147592.0,3149402.5,12,-3.38753,4,8683,1,0
175,1,3148121.2,3148368.2,9,-6.47765,4,8683,1,0
175,2,3148121.2,3148368.2,9,-6.47765,4,8683,1,0
175,3,3148121.2,3148368.2,9,-6.47765,4,8683,1,0
175,4,3148121.2,3148368.2,9,-6.47765,4,8683,1,0
16,1,3149624.8,3149871.5,9,-4.34094,4,8681,1,0
16,3,3149624.8,3149871.5,9,-4.34094,4,8681,1,0
24,4,3153275.0,3153727.5,10,-5.60683,4,8685,1,0
309,1,3154943.0,3155395.8,10,-16.5514,4,8681,1,0
309,2,3154943.0,3155395.8,10,-16.5514,4,8681,1,0
309,3,3154943.0,3155395.8,10,-16.5514,4,8681,1,0
309,4,3154943.0,3155395.8,10,-16.5514,4,8681,1,0
304,2,3155513.2,3155585.2,7,-6.27986,4,8683,1,0
304,4,3155513.2,3155585.2,7,-6.27986,4,8683,1,0
238,1,3155876.5,3156329.0,10,11.5049,4,8683,1,0
238,3,3155876.5,3156329.0,10,11.5049,4,8683,1,0
317,1,3155886.8,3156133.5,9,0.387025,4,8683,1,0
317,2,3155886.8,3156133.5,9,0.387025,4,8683,1,0
317,3,3155886.8,3156133.5,9,0.387025,4,8683,1,0
317,4,3155886.8,3156133.5,9,0.387025,4,8683,0,1
56,1,3156507.2,3156754.2,9,-2.74054,4,8681,1,0
400,2,3156609.0,3156681.0,7,5.30808,4,8685,0,1
400,3,3156609.0,3156681.0,7,5.30808,4,8685,1,0
289,1,3156739.0,3156985.8,9,-4.87785,4,8683,1,0
91,1,3156835.8,3157288.2,10,-14.8977,4,8681,1,0
91,3,3156835.8,3157288.2,10,-14.8977,4,8681,1,0
132,1,3157395.5,3157529.0,8,3.27293,4,8685,1,0
132,3,3157395.5,3157529.0,8,3.27293,4,8685,1,0
132,4,3157395.5,3157529.0,8,3.27293,4,8685,1,0
218,2,3157499.8,3157571.8,7,-9.44226,4,8685,1,0
218,4,3157499.8,3157571.8,7,-9.44226,4,8685,1,0
177,4,3158349.8,3158422.0,7,0.0,4,8681,1,0
42,2,3158738.2,3158810.2,7,1.6975,4,8681,1,0
371,1,3158902.2,3159149.2,9,6.93197,4,8683,1,0
352,1,3160736.5,3161723.8,11,-19.0821,4,8683,1,0
104,1,3162433.2,3162505.2,7,-7.31271,4,8681,1,0
104,3,3162433.2,3162505.2,7,-7.31271,4,8681,1,0
104,4,3162433.2,3162505.2,7,-7.31271,4,8681,1,0
392,1,3163059.2,3163131.2,7,-7.09766,4,8683,1,0
392,3,3163059.2,3163131.2,7,-7.09766,4,8683,1,0
134,1,3164238.0,3164310.0,7,0.0,4,8683,0,1
134,3,3164238.0,3164310.0,7,0.0,4,8683,1,0
134,4,3164238.0,3164310.0,7,0.0,4,8683,1,0
278,3,3165104.8,3165238.2,8,0.0,4,8683,1,0
54,2,3165137.0,3165209.0,7,-7.04367,4,8683,1,0
54,4,3165137.0,3165209.0,7,-7.04367,4,8683,1,0
150,1,3165723.8,3165970.5,9,-12.5214,4,8685,1,0
150,4,3165723.8,3165970.5,9,-12.5214,4,8685,1,0
23,1,3166171.2,3166623.8,10,-13.6486,4,8683,1,0
23,2,3166171.2,3166623.8,10,-13.6486,4,8683,0,1
28,3,3168243.0,3168489.8,9,-2.07405,4,8683,1,0
213,2,3172932.2,3173179.2,9,8.86128,4,8683,1,0
218,4,3173173.2,3173245.2,7,17.5959,4,8683,1,0
395,1,3178544.2,3179531.2,11,-19.3735,4,8683,1,0
395,2,3178544.2,3179531.2,11,-19.3735,4,8683,1,0
395,3,3178544.2,3179531.2,11,-19.3735,4,8683,1,0
395,4,3178544.2,3179531.2,11,-19.3735,4,8683,1,0
168,1,3178945.5,3179192.5,9,-1.87982,4,8685,1,0
168,2,3178945.5,3179192.5,9,-1.87982,4,8685,1,0
168,3,3178945.5,3179192.5,9,-1.87982,4,8685,1,0
137,1,3179373.2,3179826.0,10,-13.8929,4,8683,1,0
137,3,3179373.2,3179826.0,10,-13.8929,4,8683,1,0
137,4,3179373.2,3179826.0,10,-13.8929,4,8683,1,0
206,1,3179502.2,3179749.0,9,-6.82602,4,8683,1,0
206,2,3179502.2,3179749.0,9,-6.82602,4,8683,1,0
206,3,3179502.2,3179749.0,9,-6.82602,4,8683,1,0
206,4,3179502.2,3179749.0,9,-6.82602,4,8683,1,0
222,1,3179691.5,3179763.5,7,-7.95898,4,8685,1,0
218,4,3180367.0,3180439.0,7,12.1199,4,8683,1,0
265,1,3182968.0,3183040.0,7,-5.91074,4,8683,1,0
117,1,3183065.5,3183137.5,7,-5.44673,4,8683,1,0
117,4,3183065.5,3183137.5,7,-5.44673,4,8683,1,0
37,1,3184957.0,3185090.5,8,-7.51517,4,8681,1,0
37,3,3184957.0,3185090.5,8,-7.51517,4,8681,1,0
167,3,3186246.2,3186318.2,7,4.96959,4,8683,1,0
312,2,3192396.2,3194206.8,12,-13.8363,4,8685,1,0
312,3,3192396.2,3194206.8,12,-13.8363,4,8685,1,0
312,4,3192396.2,3194206.8,12,-13.8363,4,8685,1,0
183,1,3192945.5,3194756.0,12,-16.3109,4,8681,1,0
183,2,3192945.5,3194756.0,12,-16.3109,4,8681,1,0
183,4,3192945.5,3194756.0,12,-16.3109,4,8681,1,0
239,1,3193807.5,3193941.2,8,-3.02144,4,8683,1,0
239,2,3193807.5,3193941.2,8,-3.02144,4,8683,1,0
239,3,3193807.5,3193941.2,8,-3.02144,4,8683,1,0
17,1,3194876.5,3196687.0,12,0.0,4,8683,0,1
17,4,3194876.5,3196687.0,12,0.0,4,8683,0,1
28,2,3195455.8,3195702.8,9,-11.9445,4,8683,1,0
28,3,3195455.8,3195702.8,9,-11.9445,4,8683,1,0
28,4,3195455.8,3195702.8,9,-11.9445,4,8683,1,0
93,1,3195480.5,3195552.5,7,5.37965,4,8683,1,0
93,4,3195480.5,3195552.5,7,5.37965,4,8683,1,0
218,4,3196476.8,3196548.8,7,6.63706,4,8681,1,0
281,2,3196769.8,3197222.5,10,0.0,4,8685,1,0
281,4,3196769.8,3197222.5,10,0.0,4,8685,1,0
46,1,3197306.8,3197378.8,7,-9.02209,4,8683,1,0
46,3,3197306.8,3197378.8,7,-9.02209,4,8683,0,1
77,1,3198278.8,3198412.2,8,0.0,4,8685,1,0
77,4,3198278.8,3198412.2,8,0.0,4,8685,1,0
242,4,3198334.8,3198406.8,7,0.533295,4,8681,1,0
266,4,3198338.0,3198471.5,8,-11.687,4,8683,1,0
244,1,3198856.8,3198928.8,7,7.02773,4,8681,1,0
36,1,3198862.5,3198996.0,8,-7.35298,4,8683,1,0
36,2,3198862.5,3198996.0,8,-7.35298,4,8683,1,0
36,4,3198862.5,3198996.0,8,-7.35298,4,8683,1,0
230,2,3199065.8,3199137.8,7,28.591,4,8685,1,0
230,3,3199065.8,3199137.8,7,28.591,4,8685,1,0
230,4,3199065.8,3199137.8,7,28.591,4,8685,1,0
62,3,3199103.5,3199350.2,9,-10.2136,4,8681,1,0
62,4,3199103.5,3199350.2,9,-10.2136,4,8681,0,1
134,1,3202382.2,3202454.2,7,-1.94165,4,8683,1,0
134,3,3202382.2,3202454.2,7,-1.94165,4,8683,1,0
134,4,3202382.2,3202454.2,7,-1.94165,4,8683,1,0
85,1,3203183.0,3203255.2,7,-3.68779,4,8685,1,0
85,2,3203183.0,3203255.2,7,-3.68779,4,8685,1,0
304,3,3203845.8,3203917.8,7,-2.37654,4,8683,1,0
304,4,3203845.8,3203917.8,7,-2.37654,4,8683,1,0
387,2,3204070.2,3204142.2,7,7.45113,4,8681,1,0
334,1,3206491.0,3206737.8,9,2.79933,4,8683,1,0
334,3,3206491.0,3206737.8,9,2.79933,4,8683,1,0
301,1,3207096.2,3208083.2,11,-8.43547,4,8681,1,0
301,2,3207096.2,3208083.2,11,-8.43547,4,8681,1,0
301,3,3207096.2,3208083.2,11,-8.43547,4,8681,1,0
61,3,3207750.5,3207822.5,7,0.0,4,8683,1,0
61,4,3207750.5,3207822.5,7,0.0,4,8683,1,0
359,1,3208619.2,3208752.8,8,-5.09914,4,8681,0,1
359,3,3208619.2,3208752.8,8,-5.09914,4,8681,1,0
320,4,3212226.0,3213213.2,11,5.59445,4,8683,1,0
394,2,3212307.5,3212760.2,10,-7.6875,4,8683,1,0
394,3,3212307.5,3212760.2,10,-7.6875,4,8683,1,0
274,1,3214016.8,3215004.0,11,-2.79433,4,8683,1,0
274,3,3214016.8,3215004.0,11,-2.79433,4,8683,1,0
274,4,3214016.8,3215004.0,11,-2.79433,4,8683,1,0
45,1,3214391.2,3214463.5,7,-6.10709,4,8683,1,0
45,2,3214391.2,3214463.5,7,-6.10709,4,8683,1,0
45,3,3214391.2,3214463.5,7,-6.10709,4,8683,1,0
45,4,3214391.2,3214463.5,7,-6.10709,4,8683,1,0
365,1,3215026.0,3215098.0,7,13.022,4,8683,1,0
365,3,3215026.0,3215098.0,7,13.022,4,8683,1,0
148,3,3216606.0,3217058.5,10,0.0,4,8683,1,0
125,1,3216682.0,3216754.0,7,18.4663,4,8683,1,0
125,3,3216682.0,3216754.0,7,18.4663,4,8683,1,0
125,4,3216682.0,3216754.0,7,18.4663,4,8683,1,0
57,2,3217196.0,3217442.8,9,-13.477,4,8681,1,0
149,1,3217918.0,3218370.5,10,-1.1505,4,8683,1,0
149,3,3217918.0,3218370.5,10,-1.1505,4,8683,1,0
149,4,3217918.0,3218370.5,10,-1.1505,4,8683,0,1
110,2,3218204.2,3218276.2,7,6.82933,4,8685,1,0
110,3,3218204.2,3218276.2,7,6.82933,4,8685,1,0
110,4,3218204.2,3218276.2,7,6.82933,4,8685,1,0
400,2,3218453.5,3218525.8,7,11.1114,4,8683,1,0
400,3,3218453.5,3218525.8,7,11.1114,4,8683,1,0
400,4,3218453.5,3218525.8,7,11.1114,4,8683,1,0
54,3,3220346.0,3220418.0,7,-2.52095,4,8685,1,0
383,2,3220995.0,3221067.2,7,-0.654266,4,8683,1,0
144,2,3221413.5,3222400.8,11,-13.6684,4,8683,1,0
144,4,3221413.5,3222400.8,11,-13.6684,4,8683,1,0
404,2,3221718.5,3221790.5,7,-6.83685,4,8681,1,0
404,3,3221718.5,3221790.5,7,-6.83685,4,8681,1,0
40,2,3223634.8,3224621.8,11,-16.1086,4,8685,0,1
40,3,3223634.8,3224621.8,11,-16.1086,4,8685,1,0
129,4,3224341.5,3225328.5,11,2.14954,4,8685,1,0
131,2,3225138.2,3226948.8,12,-15.5975,4,8683,0,1
131,3,3225138.2,3226948.8,12,-15.5975,4,8683,0,1
131,4,3225138.2,3226948.8,12,-15.5975,4,8683,1,0
211,1,3225817.8,3225889.8,7,11.4971,4,8685,1,0
211,2,3225817.8,3225889.8,7,11.4971,4,8685,1,0
211,4,3225817.8,3225889.8,7,11.4971,4,8685,1,0
344,2,3229299.8,3229546.8,9,3.95323,4,8683,1,0
344,3,3229299.8,3229546.8,9,3.95323,4,8683,1,0
338,3,3229620.2,3229867.2,9,-9.23468,4,8683,1,0
147,3,3231971.2,3232218.0,9,0.0,4,8681,1,0
389,1,3235631.8,3237442.5,12,-3.78316,4,8683,1,0
389,3,3235631.8,3237442.5,12,-3.78316,4,8683,1,0
389,4,3235631.8,3237442.5,12,-3.78316,4,8683,1,0
33,1,3235800.0,3236047.0,9,-3.76427,4,8683,1,0
33,4,3235800.0,3236047.0,9,-3.76427,4,8683,1,0
110,2,3237570.8,3237642.8,7,4.3164,4,8683,1,0
330,1,3238462.2,3238534.2,7,1.15634,4,8685,1,0
242,3,3239625.2,3239697.2,7,-5.27116,4,8683,0,1
242,4,3239625.2,3239697.2,7,-5.27116,4,8683,1,0
84,2,3240813.5,3241060.2,9,-14.3825,4,8683,1,0
84,4,3240813.5,3241060.2,9,-14.3825,4,8683,1,0
128,1,3242460.5,3242707.2,9,7.56893,4,8683,1,0
128,2,3242460.5,3242707.2,9,7.56893,4,8683,1,0
128,3,3242460.5,3242707.2,9,7.56893,4,8683,1,0
261,2,3242943.5,3243015.5,7,-7.05148,4,8683,1,0
345,1,3243312.2,3244299.2,11,-8.39404,4,8683,1,0
345,3,3243312.2,3244299.2,11,-8.39404,4,8683,1,0
345,4,3243312.2,3244299.2,11,-8.39404,4,8683,0,1
26,3,3243381.5,3244368.8,11,-12.2128,4,8685,1,0
26,4,3243381.5,3244368.8,11,-12.2128,4,8685,0,1
192,3,3243818.5,3244065.5,9,-9.61636,4,8683,1,0
259,4,3244911.5,3245898.5,11,-14.1149,4,8683,1,0
325,2,3245809.0,3246261.8,10,-8.84959,4,8683,0,1
325,4,3245809.0,3246261.8,10,-8.84959,4,8683,1,0
18,1,3246846.8,3246980.2,8,-3.92879,4,8685,1,0
18,4,3246846.8,3246980.2,8,-3.92879,4,8685,1,0
124,1,3248500.2,3248747.0,9,2.48795,4,8683,1,0
124,2,3248500.2,3248747.0,9,2.48795,4,8683,1,0
124,4,3248500.2,3248747.0,9,2.48795,4,8683,1,0
396,1,3251343.0,3251476.5,8,-10.089,4,8685,1,0
157,2,3251545.8,3251792.5,9,-11.4339,4,8685,1,0
344,1,3253978.2,3254225.0,9,1.79617,4,8683,0,1
344,2,3253978.2,3254225.0,9,1.79617,4,8683,1,0
344,4,3253978.2,3254225.0,9,1.79617,4,8683,1,0
175,2,3254394.8,3254641.5,9,1.3429,4,8681,1,0
175,3,3254394.8,3254641.5,9,1.3429,4,8681,1,0
175,4,3254394.8,3254641.5,9,1.3429,4,8681,1,0
400,2,3255861.0,3255933.0,7,7.4856,4,8681,1,0
155,1,3258626.0,3258872.8,9,-3.38051,4,8681,1,0
155,2,3258626.0,3258872.8,9,-3.38051,4,8681,0,1
134,1,3259133.2,3259205.2,7,15.1426,4,8681,1,0
134,3,3259133.2,3259205.2,7,15.1426,4,8681,1,0
132,2,3261744.8,3261878.2,8,-1.43509,4,8683,1,0
260,1,3263279.5,3263732.2,10,-9.33446,4,8683,1,0
260,2,3263279.5,3263732.2,10,-9.33446,4,8683,1,0
260,4,3263279.5,3263732.2,10,-9.33446,4,8683,1,0
243,1,3266979.5,3267432.2,10,-5.56697,4,8681,1,0
243,4,3266979.5,3267432.2,10,-5.56697,4,8681,1,0
300,2,3267361.0,3267494.8,8,-2.09833,4,8683,1,0
300,4,3267361.0,3267494.8,8,-2.09833,4,8683,1,0
33,1,3268202.0,3268448.8,9,0.0695809,4,8683,1,0
33,2,3268202.0,3268448.8,9,0.0695809,4,8683,1,0
218,4,3268537.0,3268609.2,7,23.4851,4,8683,0,1
233,1,3270069.8,3270522.5,10,-14.0841,4,8683,1,0
233,3,3270069.8,3270522.5,10,-14.0841,4,8683,1,0
87,3,3271387.2,3271634.0,9,-12.0871,4,8685,1,0
164,1,3271599.2,3273410.0,12,-7.29605,4,8683,1,0
164,2,3271599.2,3273410.0,12,-7.29605,4,8683,1,0
164,3,3271599.2,3273410.0,12,-7.29605,4,8683,1,0
164,4,3271599.2,3273410.0,12,-7.29605,4,8683,1,0
232,1,3273644.5,3274631.5,11,-11.4,4,8681,1,0
232,3,3273644.5,3274631.5,11,-11.4,4,8681,0,1
232,4,3273644.5,3274631.5,11,-11.4,4,8681,1,0
399,2,3274726.5,3276537.0,12,-12.4259,4,8683,0,1
399,4,3274726.5,3276537.0,12,-12.4259,4,8683,1,0
376,2,3274745.5,3276556.2,12,6.10791,4,8685,0,1
222,1,3274810.5,3274882.5,7,3.61562,4,8683,1,0
222,3,3274810.5,3274882.5,7,3.61562,4,8683,1,0
222,4,3274810.5,3274882.5,7,3.61562,4,8683,1,0
148,4,3274891.0,3275343.8,10,0.0,4,8685,1,0
356,3,3275856.2,3275928.2,7,-6.49426,4,8683,1,0
132,2,3277046.5,3277180.0,8,-11.4452,4,8681,1,0
132,3,3277046.5,3277180.0,8,-11.4452,4,8681,1,0
132,4,3277046.5,3277180.0,8,-11.4452,4,8681,1,0
174,4,3277637.5,3279448.0,12,-10.9868,4,8683,0,1
175,1,3279073.2,3279320.0,9,9.98228,4,8683,1,0
175,2,3279073.2,3279320.0,9,9.98228,4,8683,1,0
175,3,3279073.2,3279320.0,9,9.98228,4,8683,1,0
175,4,3279073.2,3279320.0,9,9.98228,4,8683,1,0
94,2,3281154.0,3281606.8,10,-9.19572,4,8683,1,0
94,4,3281154.0,3281606.8,10,-9.19572,4,8683,1,0
178,3,3282803.8,3282875.8,7,-6.56692,4,8681,1,0
112,2,3284453.0,3286263.8,12,0.0,4,8683,0,1
112,3,3284453.0,3286263.8,12,0.0,4,8683,1,0
216,2,3284670.0,3284742.0,7,0.0,4,8683,1,0
145,2,3285840.8,3285974.2,8,-10.3777,4,8681,1,0
13,2,3286923.2,3287057.0,8,0.653672,4,8683,1,0
13,4,3286923.2,3287057.0,8,0.653672,4,8683,1,0
102,1,3288434.5,3288568.0,8,-6.13342,4,8683,1,0
102,3,3288434.5,3288568.0,8,-6.13342,4,8683,0,1
356,1,3289436.8,3289508.8,7,-6.10115,4,8681,1,0
356,3,3289436.8,3289508.8,7,-6.10115,4,8681,1,0
236,2,3296672.8,3297125.5,10,-13.5676,4,8681,1,0
236,3,3296672.8,3297125.5,10,-13.5676,4,8681,1,0
298,1,3297270.2,3297342.2,7,9.7058,4,8683,1,0
298,3,3297270.2,3297342.2,7,9.7058,4,8683,1,0
130,3,3298566.2,3298699.8,8,-8.06177,4,8681,1,0
130,4,3298566.2,3298699.8,8,-8.06177,4,8681,1,0
373,2,3298771.8,3299224.2,10,-8.15309,4,8681,1,0
373,3,3298771.8,3299224.2,10,-8.15309,4,8681,1,0
372,3,3299640.5,3300627.5,11,-15.4698,4,8683,1,0
372,4,3299640.5,3300627.5,11,-15.4698,4,8683,0,1
255,3,3299765.8,3300753.0,11,-16.6866,4,8681,1,0
255,4,3299765.8,3300753.0,11,-16.6866,4,8681,0,1
175,3,3303751.5,3303998.2,9,16.2606,4,8685,1,0
175,4,3303751.5,3303998.2,9,16.2606,4,8685,0,1
75,2,3304846.0,3304918.0,7,9.65733,4,8685,1,0
314,1,3305654.5,3305788.0,8,-6.34608,4,8685,1,0
314,2,3305654.5,3305788.0,8,-6.34608,4,8685,1,0
301,2,3305809.8,3306797.0,11,-10.6445,4,8683,0,1
301,4,3305809.8,3306797.0,11,-10.6445,4,8683,1,0
275,1,3306195.5,3306267.5,7,1.07993,4,8681,1,0
275,3,3306195.5,3306267.5,7,1.07993,4,8681,1,0
257,1,3306786.2,3306919.8,8,-10.5835,4,8681,1,0
257,2,3306786.2,3306919.8,8,-10.5835,4,8681,1,0
257,3,3306786.2,3306919.8,8,-10.5835,4,8681,1,0
257,4,3306786.2,3306919.8,8,-10.5835,4,8681,1,0
316,2,3308222.8,3308294.8,7,-8.82181,4,8683,0,1
316,4,3308222.8,3308294.8,7,-8.82181,4,8683,1,0
260,2,3308540.2,3308993.0,10,-2.80911,4,8681,0,1
349,3,3310044.5,3310497.0,10,-16.2763,4,8685,1,0
256,2,3310624.0,3310696.0,7,-5.17248,4,8681,1,0
256,4,3310624.0,3310696.0,7,-5.17248,4,8681,1,0
23,1,3311101.0,3311553.8,10,-16.0426,4,8681,1,0
23,3,3311101.0,3311553.8,10,-16.0426,4,8681,1,0
23,4,3311101.0,3311553.8,10,-16.0426,4,8681,1,0
84,1,3314285.5,3314532.2,9,-0.452804,4,8685,0,1
84,2,3314285.5,3314532.2,9,-0.452804,4,8685,1,0
84,3,3314285.5,3314532.2,9,-0.452804,4,8685,1,0
84,4,3314285.5,3314532.2,9,-0.452804,4,8685,1,0
344,1,3315074.5,3315321.2,9,-6.80066,4,8681,1,0
344,2,3315074.5,3315321.2,9,-6.80066,4,8681,1,0
344,3,3315074.5,3315321.2,9,-6.80066,4,8681,1,0
380,2,3315291.8,3317102.2,12,-11.2204,4,8683,1,0
380,3,3315291.8,3317102.2,12,-11.2204,4,8683,0,1
340,1,3315996.5,3316068.5,7,20.4788,4,8683,1,0
340,4,3315996.5,3316068.5,7,20.4788,4,8683,1,0
375,1,3317400.5,3317472.5,7,0.0,4,8685,1,0
375,3,3317400.5,3317472.5,7,0.0,4,8685,0,1
13,2,3317500.8,3317634.2,8,2.80055,4,8681,1,0
24,1,3318463.8,3318916.5,10,-16.7226,4,8683,0,1
24,3,3318463.8,3318916.5,10,-16.7226,4,8683,0,1
144,2,3320127.2,3321114.2,11,-6.05563,4,8683,1,0
144,3,3320127.2,3321114.2,11,-6.05563,4,8683,1,0
154,2,3320130.2,3320377.2,9,-6.79484,4,8683,1,0
154,3,3320130.2,3320377.2,9,-6.79484,4,8683,1,0
295,1,3321074.8,3321208.2,8,-10.2671,4,8685,1,0
295,2,3321074.8,3321208.2,8,-10.2671,4,8685,1,0
295,4,3321074.8,3321208.2,8,-10.2671,4,8685,1,0
76,1,3321087.2,3321159.2,7,-2.3577,4,8681,1,0
76,2,3321087.2,3321159.2,7,-2.3577,4,8681,1,0
6,2,3321212.0,3323022.5,12,-20.9289,4,8683,0,1
6,3,3321212.0,3323022.5,12,-20.9289,4,8683,1,0
6,4,3321212.0,3323022.5,12,-20.9289,4,8683,0,1
313,2,3321215.5,3322202.8,11,-18.1012,4,8683,1,0
203,3,3321992.5,3323803.0,12,-19.0166,4,8685,1,0
203,4,3321992.5,3323803.0,12,-19.0166,4,8685,0,1
14,1,3322999.5,3323071.5,7,16.9664,4,8681,1,0
151,3,3323794.8,3323866.8,7,-1.96704,4,8683,1,0
226,1,3324883.0,3324955.0,7,11.4303,4,8685,1,0
226,2,3324883.0,3324955.0,7,11.4303,4,8685,1,0
226,3,3324883.0,3324955.0,7,11.4303,4,8685,0,1
166,1,3325167.0,3325239.0,7,21.2797,4,8683,1,0
168,1,3325901.0,3326148.0,9,-10.5557,4,8683,1,0
168,4,3325901.0,3326148.0,9,-10.5557,4,8683,0,1
325,2,3326347.2,3326799.8,10,-6.84672,4,8681,1,0
85,2,3328181.5,3328253.5,7,26.6922,4,8683,1,0
172,2,3328635.2,3330445.8,12,-2.25163,4,8681,0,1
172,3,3328635.2,3330445.8,12,-2.25163,4,8681,1,0
172,4,3328635.2,3330445.8,12,-2.25163,4,8681,1,0
110,1,3329464.5,3329536.5,7,-9.26314,4,8683,1,0
158,1,3330894.8,3330966.8,7,-8.37596,4,8683,1,0
158,3,3330894.8,3330966.8,7,-8.37596,4,8683,1,0
158,4,3330894.8,3330966.8,7,-8.37596,4,8683,1,0
347,1,3332979.2,3333051.2,7,-2.211,4,8685,1,0
347,2,3332979.2,3333051.2,7,-2.211,4,8685,1,0
258,2,3333289.5,3333361.5,7,-7.92248,4,8681,1,0
385,1,3334826.2,3334898.2,7,-3.4128,4,8685,1,0
79,2,3335935.8,3336007.8,7,0.0,4,8685,1,0
48,4,3341384.8,3341837.5,10,-16.2218,4,8685,1,0
356,2,3341404.0,3341476.0,7,17.1759,4,8683,1,0
345,1,3342026.0,3343013.0,11,-15.3794,4,8683,1,0
345,4,3342026.0,3343013.0,11,-15.3794,4,8683,1,0
137,1,3343088.5,3343541.0,10,-7.78696,4,8685,1,0
137,3,3343088.5,3343541.0,10,-7.78696,4,8685,1,0
167,2,3347604.8,3347676.8,7,-2.38344,4,8683,1,0
54,1,3347667.2,3347739.2,7,7.7492,4,8683,1,0
54,3,3347667.2,3347739.2,7,7.7492,4,8683,1,0
91,3,3348028.5,3348481.2,10,-3.08612,4,8683,1,0
74,3,3349581.0,3349653.0,7,-4.06801,4,8683,1,0
74,4,3349581.0,3349653.0,7,-4.06801,4,8683,1,0
127,1,3352127.0,3353114.0,11,-4.5907,4,8683,1,0
127,3,3352127.0,3353114.0,11,-4.5907,4,8683,1,0
342,1,3352516.8,3352763.8,9,-10.2489,4,8685,1,0
342,3,3352516.8,3352763.8,9,-10.2489,4,8685,1,0
342,4,3352516.8,3352763.8,9,-10.2489,4,8685,1,0
49,1,3353244.8,3353316.8,7,-8.10351,4,8683,1,0
49,3,3353244.8,3353316.8,7,-8.10351,4,8683,1,0
49,4,3353244.8,3353316.8,7,-8.10351,4,8683,1,0
61,1,3353292.0,3353364.0,7,5.46759,4,8681,1,0
61,3,3353292.0,3353364.0,7,5.46759,4,8681,1,0
61,4,3353292.0,3353364.0,7,5.46759,4,8681,1,0
199,1,3353853.2,3354100.0,9,-8.4268,4,8683,1,0
199,2,3353853.2,3354100.0,9,-8.4268,4,8683,1,0
199,3,3353853.2,3354100.0,9,-8.4268,4,8683,1,0
23,1,3356361.8,3356814.5,10,-13.545,4,8683,1,0
396,2,3358234.5,3358368.2,8,-7.1593,4,8683,1,0
396,3,3358234.5,3358368.2,8,-7.1593,4,8683,1,0
396,4,3358234.5,3358368.2,8,-7.1593,4,8683,1,0
284,1,3359007.2,3359254.2,9,-6.38911,4,8685,0,1
284,2,3359007.2,3359254.2,9,-6.38911,4,8685,1,0
284,3,3359007.2,3359254.2,9,-6.38911,4,8685,1,0
284,4,3359007.2,3359254.2,9,-6.38911,4,8685,1,0
26,1,3359756.8,3360744.0,11,-14.1011,4,8683,0,1
26,2,3359756.8,3360744.0,11,-14.1011,4,8683,1,0
100,1,3361115.2,3361567.8,10,-15.8166,4,8683,1,0
100,4,3361115.2,3361567.8,10,-15.8166,4,8683,0,1
67,2,3362177.0,3362310.5,8,0.0,4,8681,1,0
67,3,3362177.0,3362310.5,8,0.0,4,8681,1,0
299,2,3364113.0,3364359.8,9,1.22144,4,8681,1,0
31,1,3366179.8,3366426.5,9,-2.46385,4,8683,1,0
31,3,3366179.8,3366426.5,9,-2.46385,4,8683,1,0
126,1,3366411.5,3366483.5,7,13.0512,4,8681,1,0
126,3,3366411.5,3366483.5,7,13.0512,4,8681,1,0
126,4,3366411.5,3366483.5,7,13.0512,4,8681,1,0
53,4,3369514.2,3369761.0,9,-4.86215,4,8681,1,0
73,1,3369970.2,3370957.2,11,-14.0238,4,8683,1,0
73,2,3369970.2,3370957.2,11,-14.0238,4,8683,1,0
94,2,3370479.0,3370931.8,10,-9.66661,4,8681,1,0
94,4,3370479.0,3370931.8,10,-9.66661,4,8681,0,1
333,3,3371648.5,3372635.5,11,-13.5594,4,8683,1,0
236,2,3373367.0,3373819.5,10,0.0,4,8683,1,0
183,1,3373988.8,3375799.2,12,-13.4587,4,8683,0,1
183,2,3373988.8,3375799.2,12,-13.4587,4,8683,1,0
183,3,3373988.8,3375799.2,12,-13.4587,4,8683,1,0
366,4,3374394.8,3374641.5,9,-4.16707,4,8681,1,0
369,3,3375518.2,3375651.8,8,-9.35864,4,8681,1,0
361,2,3377164.0,3377236.0,7,2.69122,4,8683,1,0
295,3,3377470.5,3377604.0,8,0.30771,4,8683,1,0
375,2,3378757.8,3378829.8,7,3.53803,4,8683,1,0
375,3,3378757.8,3378829.8,7,3.53803,4,8683,0,1
75,2,3380738.2,3380810.2,7,9.927,4,8683,1,0
75,3,3380738.2,3380810.2,7,9.927,4,8683,1,0
231,1,3382721.5,3384532.0,12,-20.1765,4,8681,1,0
231,4,3382721.5,3384532.0,12,-20.1765,4,8681,1,0
209,1,3383624.8,3383871.5,9,-6.84563,4,8681,1,0
209,2,3383624.8,3383871.5,9,-6.84563,4,8681,1,0
209,3,3383624.8,3383871.5,9,-6.84563,4,8681,1,0
284,2,3383685.8,3383932.5,9,-6.20908,4,8683,1,0
284,3,3383685.8,3383932.5,9,-6.20908,4,8683,1,0
284,4,3383685.8,3383932.5,9,-6.20908,4,8683,1,0
271,1,3384433.2,3384680.2,9,-4.82201,4,8681,1,0
271,3,3384433.2,3384680.2,9,-4.82201,4,8681,1,0
271,4,3384433.2,3384680.2,9,-4.82201,4,8681,1,0
330,1,3385817.5,3385889.5,7,22.6079,4,8683,0,1
330,2,3385817.5,3385889.5,7,22.6079,4,8683,1,0
330,3,3385817.5,3385889.5,7,22.6079,4,8683,1,0
330,4,3385817.5,3385889.5,7,22.6079,4,8683,1,0
178,3,3386379.8,3386451.8,7,7.34194,4,8683,1,0
178,4,3386379.8,3386451.8,7,7.34194,4,8683,0,1
283,4,3387617.8,3387689.8,7,9.57913,4,8681,1,0
299,1,3388791.5,3389038.2,9,-12.9202,4,8683,1,0
299,3,3388791.5,3389038.2,9,-12.9202,4,8683,1,0
299,4,3388791.5,3389038.2,9,-12.9202,4,8683,1,0
63,2,3390005.0,3390138.5,8,-11.5483,4,8683,1,0
63,4,3390005.0,3390138.5,8,-11.5483,4,8683,1,0
398,1,3390205.5,3390452.5,9,-4.45984,4,8683,1,0
353,2,3390300.5,3390434.0,8,-8.06425,4,8683,1,0
353,3,3390300.5,3390434.0,8,-8.06425,4,8683,1,0
319,1,3390856.2,3391308.8,10,-11.6174,4,8681,1,0
319,2,3390856.2,3391308.8,10,-11.6174,4,8681,1,0
319,4,3390856.2,3391308.8,10,-11.6174,4,8681,1,0
247,4,3391382.5,3392369.8,11,-4.56445,4,8683,1,0
65,3,3391502.8,3391574.8,7,0.0,4,8683,0,1
210,1,3392357.8,3392429.8,7,-7.4725,4,8683,1,0
210,4,3392357.8,3392429.8,7,-7.4725,4,8683,1,0
317,1,3392744.0,3392990.8,9,-0.498946,4,8681,0,1
317,2,3392744.0,3392990.8,9,-0.498946,4,8681,1,0
317,3,3392744.0,3392990.8,9,-0.498946,4,8681,1,0
317,4,3392744.0,3392990.8,9,-0.498946,4,8681,1,0
329,2,3393869.8,3394856.8,11,-12.5526,4,8681,0,1
329,3,3393869.8,3394856.8,11,-12.5526,4,8681,0,1
53,1,3394192.5,3394439.2,9,0.464188,4,8683,1,0
53,4,3394192.5,3394439.2,9,0.464188,4,8683,1,0
158,4,3397023.5,3397095.5,7,-0.160049,4,8685,1,0
208,2,3399595.5,3401406.0,12,-8.44766,4,8685,1,0
208,3,3399595.5,3401406.0,12,-8.44766,4,8685,1,0
208,4,3399595.5,3401406.0,12,-8.44766,4,8685,1,0
155,1,3400512.0,3400758.8,9,-1.81129,4,8683,1,0
155,4,3400512.0,3400758.8,9,-1.81129,4,8683,1,0
331,2,3400518.0,3400651.5,8,-8.72345,4,8683,1,0
121,2,3401550.5,3401684.0,8,-2.77208,4,8681,0,1
226,1,3401677.2,3401749.2,7,-2.51764,4,8683,1,0
294,4,3402258.5,3402711.2,10,-0.0225059,4,8681,1,0
281,3,3402342.0,3402794.8,10,-12.0403,4,8683,1,0
281,4,3402342.0,3402794.8,10,-12.0403,4,8683,1,0
272,1,3403278.8,3403525.8,9,-14.3061,4,8683,1,0
272,4,3403278.8,3403525.8,9,-14.3061,4,8683,1,0
273,1,3403896.2,3403968.2,7,5.79591,4,8685,1,0
301,2,3404523.5,3405510.5,11,-10.6742,4,8685,1,0
301,3,3404523.5,3405510.5,11,-10.6742,4,8685,0,1
169,1,3410003.0,3410075.0,7,21.7607,4,8685,1,0
92,1,3410028.5,3410162.0,8,8.44443,4,8683,1,0
92,2,3410028.5,3410162.0,8,8.44443,4,8683,1,0
92,3,3410028.5,3410162.0,8,8.44443,4,8683,1,0
92,4,3410028.5,3410162.0,8,8.44443,4,8683,1,0
115,3,3410234.0,3410306.0,7,11.3099,4,8681,1,0
68,2,3410991.5,3411444.0,10,0.0,4,8683,0,1
389,1,3416675.0,3418485.5,12,-0.690704,4,8685,0,1
389,2,3416675.0,3418485.5,12,-0.690704,4,8685,1,0
389,3,3416675.0,3418485.5,12,-0.690704,4,8685,1,0
13,1,3416902.5,3417036.2,8,-7.38902,4,8683,1,0
13,4,3416902.5,3417036.2,8,-7.38902,4,8683,1,0
292,1,3417090.5,3418077.8,11,-14.7897,4,8681,1,0
292,2,3417090.5,3418077.8,11,-14.7897,4,8681,1,0
292,4,3417090.5,3418077.8,11,-14.7897,4,8681,1,0
38,1,3417171.5,3417418.2,9,-11.0527,4,8683,1,0
38,4,3417171.5,3417418.2,9,-11.0527,4,8683,1,0
241,3,3420336.2,3420469.8,8,-10.2,4,8683,1,0
283,1,3420479.0,3420551.0,7,5.06126,4,8683,1,0
269,4,3421214.5,3421667.2,10,-6.46681,4,8683,1,0
157,2,3421402.2,3421649.2,9,-1.64902,4,8683,1,0
157,4,3421402.2,3421649.2,9,-1.64902,4,8683,1,0
261,2,3422198.2,3422270.2,7,-4.15495,4,8685,1,0
261,4,3422198.2,3422270.2,7,-4.15495,4,8685,1,0
363,3,3423156.5,3423228.5,7,-8.851,4,8681,1,0
363,4,3423156.5,3423228.5,7,-8.851,4,8681,1,0
124,1,3423412.0,3423659.0,9,-5.03441,4,8683,0,1
124,4,3423412.0,3423659.0,9,-5.03441,4,8683,1,0
402,1,3423726.5,3423860.0,8,-1.27754,4,8683,1,0
402,3,3423726.5,3423860.0,8,-1.27754,4,8683,1,0
239,2,3423912.2,3424046.0,8,1.74809,4,8681,1,0
239,4,3423912.2,3424046.0,8,1.74809,4,8681,1,0
273,1,3423947.2,3424019.2,7,18.047,4,8683,1,0
273,3,3423947.2,3424019.2,7,18.047,4,8683,1,0
317,2,3423987.5,3424234.5,9,2.11038,4,8685,1,0
317,3,3423987.5,3424234.5,9,2.11038,4,8685,1,0
284,1,3424728.2,3424975.0,9,4.5423,4,8683,1,0
284,2,3424728.2,3424975.0,9,4.5423,4,8683,1,0
284,3,3424728.2,3424975.0,9,4.5423,4,8683,1,0
284,4,3424728.2,3424975.0,9,4.5423,4,8683,1,0
354,2,3426256.2,3426503.2,9,4.20342,4,8683,1,0
354,3,3426256.2,3426503.2,9,4.20342,4,8683,1,0
354,4,3426256.2,3426503.2,9,4.20342,4,8683,1,0
291,3,3426410.8,3426482.8,7,32.1102,4,8685,1,0
291,4,3426410.8,3426482.8,7,32.1102,4,8685,1,0
59,2,3427231.8,3427365.2,8,-10.3063,4,8685,1,0
59,4,3427231.8,3427365.2,8,-10.3063,4,8685,1,0
74,1,3430165.2,3430237.2,7,6.48038,4,8685,1,0
74,4,3430165.2,3430237.2,7,6.48038,4,8685,1,0
390,2,3430273.2,3430520.0,9,-6.7905,4,8683,1,0
390,4,3430273.2,3430520.0,9,-6.7905,4,8683,1,0
171,2,3430849.0,3431301.8,10,-7.50508,4,8683,1,0
171,3,3430849.0,3431301.8,10,-7.50508,4,8683,1,0
171,4,3430849.0,3431301.8,10,-7.50508,4,8683,1,0
379,2,3430945.0,3431078.5,8,2.00407,4,8681,1,0
365,1,3431846.8,3431918.8,7,-0.713241,4,8685,1,0
135,1,3432353.2,3432600.0,9,-3.30334,4,8683,1,0
135,4,3432353.2,3432600.0,9,-3.30334,4,8683,1,0
45,1,3433581.0,3433653.0,7,14.2959,4,8683,1,0
45,2,3433581.0,3433653.0,7,14.2959,4,8683,0,1
45,3,3433581.0,3433653.0,7,14.2959,4,8683,1,0
322,1,3433614.2,3434067.0,10,-4.274,4,8685,1,0
322,3,3433614.2,3434067.0,10,-4.274,4,8685,1,0
44,2,3434352.5,3436163.0,12,-22.1119,4,8683,1,0
44,4,3434352.5,3436163.0,12,-22.1119,4,8683,1,0
11,4,3434881.0,3435128.0,9,-14.2185,4,8685,1,0
238,1,3437407.0,3437859.5,10,-9.74133,4,8681,1,0
238,3,3437407.0,3437859.5,10,-9.74133,4,8681,1,0
238,4,3437407.0,3437859.5,10,-9.74133,4,8681,1,0
205,1,3438736.5,3438808.5,7,13.9244,4,8685,1,0
344,1,3438999.5,3439246.2,9,-13.7203,4,8685,1,0
344,3,3438999.5,3439246.2,9,-13.7203,4,8685,1,0
344,4,3438999.5,3439246.2,9,-13.7203,4,8685,0,1
332,3,3439381.2,3439628.2,9,-1.37202,4,8683,1,0
332,4,3439381.2,3439628.2,9,-1.37202,4,8683,1,0
226,1,3440567.2,3440639.2,7,6.12102,4,8681,1,0
226,4,3440567.2,3440639.2,7,6.12102,4,8681,1,0
250,1,3440597.8,3440731.2,8,8.43829,4,8683,1,0
96,3,3443689.0,3443822.5,8,5.56144,4,8685,1,0
38,1,3446718.2,3446965.0,9,-6.3887,4,8685,1,0
38,4,3446718.2,3446965.0,9,-6.3887,4,8685,1,0
121,2,3447277.8,3447411.5,8,10.6149,4,8683,1,0
121,3,3447277.8,3447411.5,8,10.6149,4,8683,1,0
205,1,3453068.2,3453140.5,7,27.0572,4,8683,1,0
285,2,3454554.5,3455541.5,11,-14.8393,4,8681,1,0
291,1,3455156.0,3455228.0,7,12.6254,4,8683,1,0
291,2,3455156.0,3455228.0,7,12.6254,4,8683,1,0
291,3,3455156.0,3455228.0,7,12.6254,4,8683,1,0
17,3,3455190.0,3457000.5,12,0.031205,4,8681,0,1
17,4,3455190.0,3457000.5,12,0.031205,4,8681,1,0
373,2,3455286.5,3455739.0,10,-11.8638,4,8683,1,0
399,4,3455769.8,3457580.2,12,-16.5815,4,8683,1,0
376,1,3455788.8,3457599.2,12,-15.5291,4,8683,1,0
376,2,3455788.8,3457599.2,12,-15.5291,4,8683,1,0
376,3,3455788.8,3457599.2,12,-15.5291,4,8683,0,1
24,4,3457417.2,3457869.8,10,-8.29933,4,8683,1,0
335,2,3457733.2,3457805.2,7,4.22116,4,8683,0,1
335,4,3457733.2,3457805.2,7,4.22116,4,8683,1,0
396,1,3457915.2,3458048.8,8,5.72273,4,8681,1,0
396,3,3457915.2,3458048.8,8,5.72273,4,8681,1,0
26,3,3458470.5,3459457.5,11,-17.3271,4,8681,0,1
271,1,3460612.0,3460859.0,9,-10.6477,4,8685,1,0
271,2,3460612.0,3460859.0,9,-10.6477,4,8685,1,0
271,3,3460612.0,3460859.0,9,-10.6477,4,8685,1,0
271,4,3460612.0,3460859.0,9,-10.6477,4,8685,0,1
178,2,3460944.8,3461016.8,7,6.41964,4,8685,1,0
178,3,3460944.8,3461016.8,7,6.41964,4,8685,1,0
39,2,3462744.8,3462816.8,7,37.8491,4,8685,1,0
397,1,3463040.0,3463112.0,7,9.98941,4,8681,0,1
397,2,3463040.0,3463112.0,7,9.98941,4,8681,1,0
332,1,3464059.8,3464306.8,9,0.0,4,8683,1,0
332,2,3464059.8,3464306.8,9,0.0,4,8683,0,1
332,4,3464059.8,3464306.8,9,0.0,4,8683,1,0
139,1,3464076.0,3464528.5,10,0.0,4,8685,1,0
121,2,3464452.0,3464585.5,8,-11.8184,4,8685,1,0
121,3,3464452.0,3464585.5,8,-11.8184,4,8685,1,0
32,1,3464767.8,3464839.8,7,-8.08382,4,8683,1,0
32,2,3464767.8,3464839.8,7,-8.08382,4,8683,1,0
45,3,3465509.8,3465581.8,7,-2.14664,4,8681,1,0
182,1,3466405.0,3466477.0,7,-5.01857,4,8683,1,0
182,3,3466405.0,3466477.0,7,-5.01857,4,8683,1,0
73,1,3468683.8,3469671.0,11,-8.61661,4,8685,1,0
73,2,3468683.8,3469671.0,11,-8.61661,4,8685,1,0
73,3,3468683.8,3469671.0,11,-8.61661,4,8685,1,0
333,2,3470362.0,3471349.0,11,-6.72922,4,8681,1,0
333,4,3470362.0,3471349.0,11,-6.72922,4,8681,1,0
251,1,3470921.0,3470993.0,7,-1.14888,4,8685,1,0
251,3,3470921.0,3470993.0,7,-1.14888,4,8685,1,0
58,1,3472704.2,3472776.2,7,-0.664031,4,8685,1,0
58,3,3472704.2,3472776.2,7,-0.664031,4,8685,1,0
58,4,3472704.2,3472776.2,7,-0.664031,4,8685,1,0
289,1,3473201.8,3473448.5,9,5.70139,4,8681,1,0
289,3,3473201.8,3473448.5,9,5.70139,4,8681,1,0
41,1,3474407.2,3474479.2,7,9.91668,4,8683,1,0
41,3,3474407.2,3474479.2,7,9.91668,4,8683,1,0
41,4,3474407.2,3474479.2,7,9.91668,4,8683,0,1
304,2,3475442.8,3475515.0,7,-1.65524,4,8681,1,0
304,4,3475442.8,3475515.0,7,-1.65524,4,8681,1,0
205,1,3475690.0,3475762.0,7,38.387,4,8681,1,0
205,2,3475690.0,3475762.0,7,38.387,4,8681,1,0
93,1,3475712.0,3475784.0,7,1.9109,4,8685,1,0
93,3,3475712.0,3475784.0,7,1.9109,4,8685,0,1
93,4,3475712.0,3475784.0,7,1.9109,4,8685,1,0
359,3,3476802.2,3476935.8,8,0.0,4,8683,1,0
359,4,3476802.2,3476935.8,8,0.0,4,8683,1,0
216,2,3482794.5,3482866.5,7,17.9473,4,8683,1,0
136,2,3489184.0,3489431.0,9,-8.10648,4,8683,1,0
136,3,3489184.0,3489431.0,9,-8.10648,4,8683,1,0
136,4,3489184.0,3489431.0,9,-8.10648,4,8683,1,0
281,3,3490239.2,3490692.0,10,-7.73567,4,8681,1,0
281,4,3490239.2,3490692.0,10,-7.73567,4,8681,0,1
170,2,3490291.5,3490425.0,8,-4.99695,4,8685,1,0
170,3,3490291.5,3490425.0,8,-4.99695,4,8685,1,0
170,4,3490291.5,3490425.0,8,-4.99695,4,8685,1,0
103,1,3492028.2,3492161.8,8,-5.8082,4,8683,1,0
103,3,3492028.2,3492161.8,8,-5.8082,4,8683,1,0
67,2,3492800.5,3492934.0,8,3.51803,4,8683,1,0
67,3,3492800.5,3492934.0,8,3.51803,4,8683,0,1
122,1,3493527.0,3493774.0,9,-7.10629,4,8683,1,0
122,4,3493527.0,3493774.0,9,-7.10629,4,8683,1,0
358,2,3494582.0,3494654.0,7,-4.76619,4,8683,1,0
358,3,3494582.0,3494654.0,7,-4.76619,4,8683,1,0
163,2,3494609.5,3495596.8,11,-8.90781,4,8681,1,0
163,3,3494609.5,3495596.8,11,-8.90781,4,8681,1,0
163,4,3494609.5,3495596.8,11,-8.90781,4,8681,1,0
64,2,3494851.2,3494984.8,8,0.0,4,8683,1,0
64,3,3494851.2,3494984.8,8,0.0,4,8683,1,0
351,1,3494985.8,3495438.5,10,8.29043,4,8683,0,1
351,2,3494985.8,3495438.5,10,8.29043,4,8683,1,0
351,3,3494985.8,3495438.5,10,8.29043,4,8683,1,0
116,4,3495714.0,3495786.2,7,8.98363,4,8683,0,1
243,2,3496059.8,3496512.5,10,-12.7326,4,8683,1,0
243,3,3496059.8,3496512.5,10,-12.7326,4,8683,1,0
243,4,3496059.8,3496512.5,10,-12.7326,4,8683,0,1
388,1,3496214.2,3496461.2,9,0.0,4,8681,1,0
388,2,3496214.2,3496461.2,9,0.0,4,8681,1,0
226,1,3496369.0,3496441.0,7,0.0,4,8683,1,0
226,4,3496369.0,3496441.0,7,0.0,4,8683,0,1
249,3,3498698.0,3498770.0,7,-5.61848,4,8681,1,0
146,1,3498926.2,3500736.8,12,-18.4928,4,8685,1,0
146,2,3498926.2,3500736.8,12,-18.4928,4,8685,1,0
146,4,3498926.2,3500736.8,12,-18.4928,4,8685,1,0
12,2,3499737.2,3499870.8,8,-10.1202,4,8683,1,0
12,4,3499737.2,3499870.8,8,-10.1202,4,8683,1,0
266,1,3502168.0,3502301.5,8,0.0,4,8681,1,0
6,1,3502255.2,3504065.8,12,0.0,4,8683,0,1
6,4,3502255.2,3504065.8,12,0.0,4,8683,1,0
115,3,3502528.5,3502600.5,7,36.6861,4,8683,1,0
203,1,3503035.8,3504846.2,12,-15.8972,4,8683,0,1
203,2,3503035.8,3504846.2,12,-15.8972,4,8683,1,0
128,1,3504634.8,3504881.5,9,-9.44279,4,8681,1,0
128,3,3504634.8,3504881.5,9,-9.44279,4,8681,0,1
128,4,3504634.8,3504881.5,9,-9.44279,4,8681,1,0
47,1,3505154.2,3505226.2,7,12.4995,4,8681,1,0
47,2,3505154.2,3505226.2,7,12.4995,4,8681,1,0
82,2,3505997.2,3506069.2,7,-1.70627,4,8683,1,0
82,3,3505997.2,3506069.2,7,-1.70627,4,8683,1,0
82,4,3505997.2,3506069.2,7,-1.70627,4,8683,1,0
245,3,3507269.0,3509079.5,12,-12.2424,4,8683,1,0
245,4,3507269.0,3509079.5,12,-12.2424,4,8683,1,0
390,2,3509321.0,3509567.8,9,2.90874,4,8685,1,0
267,1,3511909.8,3511981.8,7,7.19615,4,8683,1,0
267,2,3511909.8,3511981.8,7,7.19615,4,8683,0,1
267,4,3511909.8,3511981.8,7,7.19615,4,8683,0,1
15,2,3512153.5,3512287.0,8,-4.02914,4,8683,0,1
15,3,3512153.5,3512287.0,8,-4.02914,4,8683,1,0
15,4,3512153.5,3512287.0,8,-4.02914,4,8683,0,1
80,1,3515053.8,3515125.8,7,0.0,4,8681,1,0
16,3,3515845.0,3516091.8,9,11.0689,4,8683,1,0
400,2,3517298.5,3517370.5,7,3.35656,4,8683,1,0
316,2,3517390.2,3517462.2,7,-6.92784,4,8683,1,0
316,4,3517390.2,3517462.2,7,-6.92784,4,8683,1,0
112,4,3517965.8,3519776.2,12,0.0,4,8681,0,1
21,2,3520081.8,3520534.5,10,0.0,4,8685,1,0
21,3,3520081.8,3520534.5,10,0.0,4,8685,1,0
352,1,3521390.0,3522377.0,11,-10.7349,4,8685,1,0
352,2,3521390.0,3522377.0,11,-10.7349,4,8685,1,0
352,3,3521390.0,3522377.0,11,-10.7349,4,8685,1,0
59,2,3522198.2,3522331.8,8,8.61298,4,8685,1,0
328,1,3523219.0,3524206.0,11,-6.11632,4,8683,1,0
328,3,3523219.0,3524206.0,11,-6.11632,4,8683,1,0
247,2,3524079.0,3525066.2,11,12.2003,4,8681,1,0
247,4,3524079.0,3525066.2,11,12.2003,4,8681,1,0
216,1,3525010.8,3525082.8,7,-7.80165,4,8681,0,1
216,2,3525010.8,3525082.8,7,-7.80165,4,8681,1,0
216,4,3525010.8,3525082.8,7,-7.80165,4,8681,1,0
161,1,3526276.2,3526410.0,8,-9.04921,4,8683,1,0
161,3,3526276.2,3526410.0,8,-9.04921,4,8683,1,0
188,1,3526496.8,3526949.5,10,-15.5416,4,8681,1,0
188,2,3526496.8,3526949.5,10,-15.5416,4,8681,1,0
386,4,3529151.8,3529398.8,9,-12.4004,4,8683,1,0
33,2,3530184.8,3530431.8,9,-14.0445,4,8681,1,0
33,3,3530184.8,3530431.8,9,-14.0445,4,8681,1,0
33,4,3530184.8,3530431.8,9,-14.0445,4,8681,1,0
198,1,3530913.0,3532723.8,12,-20.0344,4,8683,1,0
198,2,3530913.0,3532723.8,12,-20.0344,4,8683,1,0
198,3,3530913.0,3532723.8,12,-20.0344,4,8683,1,0
345,4,3531720.5,3532707.5,11,0.0,4,8681,1,0
94,1,3532268.0,3532720.8,10,-15.8709,4,8683,1,0
94,2,3532268.0,3532720.8,10,-15.8709,4,8683,1,0
45,1,3532439.8,3532511.8,7,-7.15529,4,8685,1,0
45,4,3532439.8,3532511.8,7,-7.15529,4,8685,1,0
390,2,3533999.2,3534246.0,9,-1.51149,4,8683,1,0
390,3,3533999.2,3534246.0,9,-1.51149,4,8683,1,0
390,4,3533999.2,3534246.0,9,-1.51149,4,8683,1,0
344,3,3534050.5,3534297.2,9,-0.868941,4,8681,1,0
344,4,3534050.5,3534297.2,9,-0.868941,4,8681,1,0
55,2,3535355.2,3535602.0,9,0.0,4,8681,0,1
55,4,3535355.2,3535602.0,9,0.0,4,8681,1,0
81,3,3535967.5,3536214.2,9,-0.587783,4,8681,1,0
47,1,3537912.0,3537984.2,7,2.52441,4,8683,1,0
47,4,3537912.0,3537984.2,7,2.52441,4,8683,1,0
350,1,3538745.2,3539198.0,10,-13.9953,4,8681,1,0
161,1,3539639.8,3539773.2,8,-0.469009,4,8685,1,0
161,2,3539639.8,3539773.2,8,-0.469009,4,8685,1,0
161,3,3539639.8,3539773.2,8,-0.469009,4,8685,1,0
222,1,3539694.8,3539766.8,7,-0.956283,4,8683,1,0
312,2,3539891.2,3541702.0,12,3.14611,4,8683,1,0
312,4,3539891.2,3541702.0,12,3.14611,4,8683,0,1
384,1,3540384.2,3540837.0,10,-7.80719,4,8683,0,1
384,3,3540384.2,3540837.0,10,-7.80719,4,8683,1,0
384,4,3540384.2,3540837.0,10,-7.80719,4,8683,0,1
43,3,3540774.8,3540846.8,7,-6.21797,4,8681,1,0
43,4,3540774.8,3540846.8,7,-6.21797,4,8681,0,1
98,1,3541721.5,3541793.5,7,-2.61728,4,8681,1,0
98,4,3541721.5,3541793.5,7,-2.61728,4,8681,1,0
68,1,3543004.0,3543456.5,10,-16.3487,4,8683,0,1
191,3,3544077.5,3544324.2,9,-7.77667,4,8681,1,0
230,2,3549730.0,3549802.0,7,35.0659,4,8683,1,0
325,2,3549806.0,3550258.5,10,-8.4736,4,8683,1,0
325,3,3549806.0,3550258.5,10,-8.4736,4,8683,1,0
325,4,3549806.0,3550258.5,10,-8.4736,4,8683,1,0
238,1,3550619.5,3551072.0,10,-7.83664,4,8683,1,0
238,4,3550619.5,3551072.0,10,-7.83664,4,8683,1,0
147,1,3551849.2,3552096.2,9,-10.1633,4,8683,1,0
147,3,3551849.2,3552096.2,9,-10.1633,4,8683,1,0
150,1,3552651.0,3552898.0,9,1.25435,4,8683,1,0
285,2,3553268.0,3554255.2,11,-18.0824,4,8683,1,0
285,3,3553268.0,3554255.2,11,-18.0824,4,8683,1,0
87,3,3553403.2,3553650.2,9,-7.57332,4,8683,1,0
386,2,3553830.2,3554077.2,9,-6.22534,4,8685,1,0
386,3,3553830.2,3554077.2,9,-6.22534,4,8685,1,0
96,3,3553941.2,3554074.8,8,-0.497298,4,8683,1,0
293,2,3553945.5,3554192.5,9,5.90848,4,8683,1,0
311,2,3554213.2,3554460.0,9,-14.2277,4,8683,1,0
311,4,3554213.2,3554460.0,9,-14.2277,4,8683,1,0
117,1,3555963.2,3556035.2,7,2.20268,4,8681,0,1
117,2,3555963.2,3556035.2,7,2.20268,4,8681,1,0
117,4,3555963.2,3556035.2,7,2.20268,4,8681,1,0
26,3,3557184.0,3558171.2,11,-6.12419,4,8683,1,0
34,2,3557555.8,3558008.2,10,3.26863,4,8683,1,0
34,3,3557555.8,3558008.2,10,3.26863,4,8683,1,0
34,4,3557555.8,3558008.2,10,3.26863,4,8683,1,0
390,1,3558677.8,3558924.5,9,0.52443,4,8683,1,0
390,2,3558677.8,3558924.5,9,0.52443,4,8683,1,0
390,4,3558677.8,3558924.5,9,0.52443,4,8683,1,0
58,2,3558727.2,3558799.2,7,10.4301,4,8683,1,0
80,1,3560317.8,3560390.0,7,11.0317,4,8683,1,0
80,4,3560317.8,3560390.0,7,11.0317,4,8683,1,0
334,1,3561034.0,3561280.8,9,-13.3162,4,8681,1,0
334,2,3561034.0,3561280.8,9,-13.3162,4,8681,1,0
334,3,3561034.0,3561280.8,9,-13.3162,4,8681,1,0
334,4,3561034.0,3561280.8,9,-13.3162,4,8681,1,0
13,2,3563853.0,3563986.5,8,-9.79013,4,8685,1,0
187,1,3565062.2,3566872.8,12,-20.8204,4,8683,1,0
187,2,3565062.2,3566872.8,12,-20.8204,4,8683,0,1
187,4,3565062.2,3566872.8,12,-20.8204,4,8683,1,0
392,3,3569417.5,3569489.5,7,16.6862,4,8685,1,0
392,4,3569417.5,3569489.5,7,16.6862,4,8685,0,1
266,1,3570465.0,3570598.8,8,-9.61369,4,8683,1,0
266,2,3570465.0,3570598.8,8,-9.61369,4,8683,1,0
266,3,3570465.0,3570598.8,8,-9.61369,4,8683,0,1
266,4,3570465.0,3570598.8,8,-9.61369,4,8683,1,0
137,2,3571124.8,3571577.5,10,10.574,4,8683,1,0
137,3,3571124.8,3571577.5,10,10.574,4,8683,1,0
137,4,3571124.8,3571577.5,10,10.574,4,8683,1,0
263,2,3572124.5,3572577.2,10,-11.0446,4,8683,1,0
283,1,3573919.8,3573991.8,7,11.0606,4,8685,1,0
283,2,3573919.8,3573991.8,7,11.0606,4,8685,0,1
283,3,3573919.8,3573991.8,7,11.0606,4,8685,1,0
85,1,3573977.5,3574049.5,7,-6.72244,4,8683,1,0
85,2,3573977.5,3574049.5,7,-6.72244,4,8683,0,1
47,1,3574263.5,3574335.5,7,2.40994,4,8685,1,0
47,3,3574263.5,3574335.5,7,2.40994,4,8685,1,0
296,2,3574501.0,3574953.5,10,-5.33266,4,8683,0,1
296,4,3574501.0,3574953.5,10,-5.33266,4,8683,1,0
118,2,3576624.2,3576696.2,7,25.8868,4,8683,1,0
88,3,3576931.8,3577003.8,7,5.39842,4,8683,1,0
309,3,3579551.0,3580003.8,10,-12.0918,4,8683,1,0
309,4,3579551.0,3580003.8,10,-12.0918,4,8683,1,0
363,2,3583209.0,3583281.0,7,3.01311,4,8683,1,0
90,2,3583906.0,3584358.8,10,7.40552,4,8683,0,1
90,4,3583906.0,3584358.8,10,7.40552,4,8683,1,0
304,4,3584060.8,3584132.8,7,12.0872,4,8683,1,0
145,1,3584139.5,3584273.0,8,-3.98567,4,8681,1,0
145,3,3584139.5,3584273.0,8,-3.98567,4,8681,1,0
302,1,3584755.2,3585002.0,9,-1.65962,4,8683,1,0
50,2,3586475.8,3586609.5,8,-5.60683,4,8683,0,1
50,4,3586475.8,3586609.5,8,-5.60683,4,8683,1,0
387,2,3587001.2,3587073.2,7,29.1163,4,8685,0,1
109,1,3587418.5,3587490.5,7,16.7154,4,8681,1,0
109,2,3587418.5,3587490.5,7,16.7154,4,8681,0,1
109,3,3587418.5,3587490.5,7,16.7154,4,8681,1,0
109,4,3587418.5,3587490.5,7,16.7154,4,8681,1,0
193,1,3590481.0,3590614.5,8,0.0,4,8683,1,0
193,3,3590481.0,3590614.5,8,0.0,4,8683,1,0
81,1,3591344.5,3591591.2,9,5.30712,4,8683,1,0
371,3,3591986.5,3592233.5,9,-9.38727,4,8685,1,0
276,1,3592213.0,3592285.0,7,9.17668,4,8681,1,0
78,2,3592234.5,3592368.2,8,-7.69746,4,8683,1,0
78,3,3592234.5,3592368.2,8,-7.69746,4,8683,1,0
163,4,3593323.0,3594310.0,11,-3.99994,4,8683,1,0
93,1,3595821.0,3595893.0,7,-1.04729,4,8683,1,0
93,2,3595821.0,3595893.0,7,-1.04729,4,8683,1,0
238,1,3595880.2,3596332.8,10,-6.06699,4,8683,1,0
238,2,3595880.2,3596332.8,10,-6.06699,4,8683,1,0
238,3,3595880.2,3596332.8,10,-6.06699,4,8683,1,0
329,3,3598107.5,3599094.5,11,-13.6754,4,8683,1,0
329,4,3598107.5,3599094.5,11,-13.6754,4,8683,1,0
200,1,3599800.5,3599872.5,7,10.3277,4,8683,1,0
200,2,3599800.5,3599872.5,7,10.3277,4,8683,1,0
200,3,3599800.5,3599872.5,7,10.3277,4,8683,1,0
senderId,receiverID, sendTime, receivedTime,SF,SNR,Ftype,Freq,RX
4,272,2851.677,2996.0608,9,0.0,3,0,1
1,360,4021.6646,4104.096,8,0.0,3,0,1
2,373,4292.3887,5447.461,12,0.0,3,0,2
3,368,5083.994,6239.066,12,0.0,3,0,2
2,130,8420.17,8502.602,8,0.0,3,0,1
1,137,9213.243,10368.315,12,0.0,3,0,2
1,77,12477.73,12560.162,8,0.0,3,0,1
4,207,12678.483,13833.556,12,0.0,3,0,2
3,239,13371.594,13454.025,8,0.0,3,0,1
3,31,16772.303,17927.373,12,0.0,3,0,2
2,331,17024.096,18179.166,12,0.0,3,0,2
4,242,21133.28,21174.496,7,0.0,3,0,1
1,91,21904.584,23059.656,12,0.0,3,0,2
2,111,23484.068,23525.283,7,0.0,3,0,1
4,7,24690.977,25846.049,12,0.0,3,0,2
1,145,27297.027,27379.459,8,0.0,3,0,1
4,53,27839.916,27984.3,9,0.0,3,0,1
2,85,29980.816,30022.031,7,0.0,3,0,1
3,237,30567.613,30608.83,7,0.0,3,0,1
2,282,31700.994,32856.066,12,0.0,3,0,2
3,160,33565.75,34720.82,12,0.0,3,0,2
3,403,36871.754,37016.137,9,0.0,3,0,1
4,348,37099.3,38254.37,12,0.0,3,0,2
2,32,37112.184,37153.402,7,0.0,3,0,1
1,258,37295.09,37336.31,7,0.0,3,0,1
2,82,42060.254,42101.473,7,0.0,3,0,1
1,203,42769.285,43924.355,12,0.0,3,0,2
4,181,45796.016,45837.234,7,0.0,3,0,1
2,249,46342.973,46384.19,7,0.0,3,0,1
2,236,49085.07,50240.145,12,0.0,3,0,2
4,325,49676.35,50831.42,12,0.0,3,0,2
3,368,50344.793,51499.863,12,0.0,3,0,2
1,93,54388.816,54430.035,7,0.0,3,0,1
4,64,55303.703,55386.137,8,0.0,3,0,1
1,299,55478.93,56634.004,12,0.0,3,0,2
3,365,57531.91,57573.13,7,0.0,3,0,1
2,118,59162.465,59203.684,7,0.0,3,0,1
1,220,59822.574,59863.793,7,0.0,3,0,1
2,12,61065.836,62220.91,12,0.0,3,0,2
4,268,61341.094,62496.168,12,0.0,3,0,2
1,402,64108.11,64190.543,8,0.0,3,0,1
2,400,64316.164,64357.375,7,0.0,3,0,1
3,277,65217.973,66373.05,12,0.0,3,0,2
1,226,68082.9,69237.98,12,0.0,3,0,2
2,295,69245.375,69327.81,8,0.0,3,0,1
3,99,71583.5,71624.72,7,0.0,3,0,1
4,382,72072.6,72113.81,7,0.0,3,0,1
1,307,73164.836,73206.05,7,0.0,3,0,1
4,76,73268.21,74423.29,12,0.0,3,0,2
2,302,74491.875,75646.95,12,0.0,3,0,2
3,95,78512.44,78656.82,9,0.0,3,0,1
4,317,81568.336,81712.73,9,0.0,3,0,1
1,196,81687.695,81770.13,8,0.0,3,0,1
2,336,82998.93,83040.15,7,0.0,3,0,1
3,401,84303.86,85458.93,12,0.0,3,0,2
1,380,86175.15,87330.23,12,0.0,3,0,2
2,99,87726.73,87767.94,7,0.0,3,0,1
1,235,90221.914,90304.35,8,0.0,3,0,1
4,267,90792.875,91947.95,12,0.0,3,0,2
2,319,91351.82,92506.9,12,0.0,3,0,2
3,377,93428.78,93469.99,7,0.0,3,0,1
2,193,93522.35,93604.79,8,0.0,3,0,1
4,230,96028.7,96069.914,7,0.0,3,0,1
3,303,96998.54,98153.62,12,0.0,3,0,2
1,365,98300.15,99455.23,12,0.0,3,0,2
1,200,99874.914,99916.13,7,0.0,3,0,1
4,119,102552.34,102593.56,7,0.0,3,0,1
3,356,103292.51,103333.73,7,0.0,3,0,1
4,124,104145.945,105301.016,12,0.0,3,0,2
2,105,104425.734,105580.81,12,0.0,3,0,2
1,400,106008.43,106049.64,7,0.0,3,0,1
2,138,107338.7,107421.14,8,0.0,3,0,1
3,169,108490.74,108531.96,7,0.0,3,0,1
1,350,110008.48,111163.555,12,0.0,3,0,2
3,137,110778.68,111933.76,12,0.0,3,0,2
1,290,115014.84,115097.28,8,0.0,3,0,1
4,92,118018.76,119173.836,12,0.0,3,0,2
1,346,121765.86,122920.94,12,0.0,3,0,2
3,8,122099.375,122140.586,7,0.0,3,0,1
4,75,123898.46,123939.67,7,0.0,3,0,1
2,251,124023.94,124065.16,7,0.0,3,0,1
1,205,124836.06,124877.27,7,0.0,3,0,1
2,17,125836.0,126991.07,12,0.0,3,0,2
4,18,128672.945,128755.375,8,0.0,3,0,1
2,45,132413.06,132454.27,7,0.0,3,0,1
1,276,133009.02,133050.23,7,0.0,3,0,1
3,244,133218.55,133259.77,7,0.0,3,0,1
3,185,134938.19,136093.27,12,0.0,3,0,2
4,208,136645.06,137800.14,12,0.0,3,0,2
3,204,137918.55,137959.77,7,0.0,3,0,1
2,387,139892.39,139933.61,7,0.0,3,0,1
1,199,140026.53,141181.61,12,0.0,3,0,2
4,271,140278.66,140423.03,9,0.0,3,0,1
2,311,140589.05,141744.12,12,0.0,3,0,2
1,211,143357.88,143399.1,7,0.0,3,0,1
2,43,144451.5,144492.7,7,0.0,3,0,1
3,309,148099.16,149254.23,12,0.0,3,0,2
4,180,148260.11,149415.19,12,0.0,3,0,2
1,344,151885.47,153040.55,12,0.0,3,0,2
3,147,152654.17,152798.55,9,0.0,3,0,1
1,80,153853.78,153894.98,7,0.0,3,0,1
2,66,154006.17,154047.38,7,0.0,3,0,1
4,42,155938.98,155980.19,7,0.0,3,0,1
2,137,156039.47,157194.55,12,0.0,3,0,2
1,102,159212.78,159295.22,8,0.0,3,0,1
4,123,159846.16,161001.23,12,0.0,3,0,2
4,110,161762.98,161804.2,7,0.0,3,0,1
2,39,162762.23,162803.45,7,0.0,3,0,1
3,150,163037.69,164192.77,12,0.0,3,0,2
1,187,165503.53,166658.6,12,0.0,3,0,2
4,249,166942.61,166983.83,7,0.0,3,0,1
2,188,168093.52,169248.6,12,0.0,3,0,2
3,113,170424.84,170466.06,7,0.0,3,0,1
1,9,172112.89,172195.31,8,0.0,3,0,1
4,76,172552.83,172594.05,7,0.0,3,0,1
2,222,173361.03,173402.25,7,0.0,3,0,1
3,317,175909.0,176053.38,9,0.0,3,0,1
4,181,177125.06,177166.28,7,0.0,3,0,1
3,97,177565.03,178720.11,12,0.0,3,0,2
1,390,177882.6,179037.67,12,0.0,3,0,2
4,142,182094.8,182136.02,7,0.0,3,0,1
2,305,182835.64,183990.72,12,0.0,3,0,2
4,324,185508.22,186663.3,12,0.0,3,0,2
1,92,186214.72,186297.16,8,0.0,3,0,1
2,404,186791.55,186832.77,7,0.0,3,0,1
4,358,189009.6,189050.81,7,0.0,3,0,1
1,306,190163.53,191318.61,12,0.0,3,0,2
3,371,190425.69,191580.77,12,0.0,3,0,2
2,218,194297.6,194338.81,7,0.0,3,0,1
1,93,195458.64,195499.84,7,0.0,3,0,1
3,392,196080.52,196121.73,7,0.0,3,0,1
4,179,196300.45,196382.88,8,0.0,3,0,1
2,393,198172.45,199327.53,12,0.0,3,0,2
2,216,200733.25,200774.45,7,0.0,3,0,1
1,78,200747.48,200829.9,8,0.0,3,0,1
1,302,202752.12,203907.2,12,0.0,3,0,2
4,249,203449.36,204604.44,12,0.0,3,0,2
3,246,204442.64,204525.06,8,0.0,3,0,1
3,24,204916.81,206071.89,12,0.0,3,0,2
4,363,206269.48,206310.7,7,0.0,3,0,1
2,367,206528.58,206611.0,8,0.0,3,0,1
1,224,210131.2,210213.64,8,0.0,3,0,1
2,282,212744.19,213899.27,12,0.0,3,0,2
4,360,213915.14,213997.58,8,0.0,3,0,1
3,327,214017.25,214058.47,7,0.0,3,0,1
1,256,215048.06,216203.14,12,0.0,3,0,2
4,58,215503.16,216658.23,12,0.0,3,0,2
2,115,215830.84,215872.06,7,0.0,3,0,1
1,65,219286.98,219328.2,7,0.0,3,0,1
3,291,220117.52,220158.73,7,0.0,3,0,1
3,13,221919.19,223074.27,12,0.0,3,0,2
2,74,223180.45,223221.67,7,0.0,3,0,1
4,363,224806.55,224847.77,7,0.0,3,0,1
3,275,225024.28,225065.48,7,0.0,3,0,1
1,278,225765.7,225848.12,8,0.0,3,0,1
4,40,228131.45,229286.53,12,0.0,3,0,2
2,89,228517.78,229672.84,12,0.0,3,0,2
1,355,228791.14,229946.22,12,0.0,3,0,2
3,178,231335.23,231376.45,7,0.0,3,0,1
2,88,233477.23,233518.45,7,0.0,3,0,1
3,342,233858.67,235013.75,12,0.0,3,0,2
4,134,234904.27,234945.48,7,0.0,3,0,1
1,347,235219.77,235260.98,7,0.0,3,0,1
3,228,236967.14,237008.36,7,0.0,3,0,1
2,361,238027.83,238069.05,7,0.0,3,0,1
4,219,239609.86,239692.3,8,0.0,3,0,1
2,326,240446.64,241601.72,12,0.0,3,0,2
3,184,241521.56,241603.98,8,0.0,3,0,1
4,136,241638.16,242793.23,12,0.0,3,0,2
1,173,241643.9,242798.98,12,0.0,3,0,2
3,6,246209.8,247364.88,12,0.0,3,0,2
2,67,247206.06,247288.48,8,0.0,3,0,1
1,125,248628.03,248669.25,7,0.0,3,0,1
4,343,250508.94,250550.16,7,0.0,3,0,1
3,240,250546.55,250587.77,7,0.0,3,0,1
2,28,253298.55,254453.62,12,0.0,3,0,2
1,146,253382.45,254537.52,12,0.0,3,0,2
1,222,255662.33,255703.53,7,0.0,3,0,1
4,252,255844.6,256999.67,12,0.0,3,0,2
2,201,256278.31,256319.55,7,0.0,3,0,1
3,128,258604.92,259759.98,12,0.0,3,0,2
3,167,260010.95,260052.19,7,0.0,3,0,1
1,230,261599.89,261641.11,7,0.0,3,0,1
4,111,262612.88,262654.12,7,0.0,3,0,1
2,308,264862.06,264903.28,7,0.0,3,0,1
1,389,265058.2,266213.25,12,0.0,3,0,2
4,162,267411.97,268567.03,12,0.0,3,0,2
3,50,267881.12,267963.56,8,0.0,3,0,1
1,182,268820.12,268861.34,7,0.0,3,0,1
4,381,269414.53,269455.75,7,0.0,3,0,1
2,378,270385.44,270426.66,7,0.0,3,0,1
3,260,271088.1,272243.16,12,0.0,3,0,2
2,45,273630.0,274785.06,12,0.0,3,0,2
1,290,275110.28,275192.72,8,0.0,3,0,1
4,133,275468.03,275509.25,7,0.0,3,0,1
2,230,277479.72,277520.94,7,0.0,3,0,1
3,215,279668.9,279710.16,7,0.0,3,0,1
1,209,279787.4,280942.47,12,0.0,3,0,2
4,60,280021.5,280062.72,7,0.0,3,0,1
2,41,281667.03,281708.25,7,0.0,3,0,1
4,20,282449.84,283604.88,12,0.0,3,0,2
1,72,283395.0,283436.22,7,0.0,3,0,1
4,227,284497.56,284538.78,7,0.0,3,0,1
3,53,285433.2,286588.25,12,0.0,3,0,2
3,96,286690.75,286773.16,8,0.0,3,0,1
2,15,287064.34,287146.75,8,0.0,3,0,1
1,298,288465.38,288506.6,7,0.0,3,0,1
4,211,290582.47,290623.7,7,0.0,3,0,1
2,86,291533.34,292688.4,12,0.0,3,0,2
1,194,291663.03,292818.1,12,0.0,3,0,2
4,350,294591.47,295746.53,12,0.0,3,0,2
3,145,295237.4,295319.8,8,0.0,3,0,1
2,168,298018.8,298163.2,9,0.0,3,0,1
3,236,298663.34,299818.38,12,0.0,3,0,2
4,67,298839.0,298921.4,8,0.0,3,0,1
2,397,303371.72,304526.75,12,0.0,3,0,2
1,166,303571.16,303612.4,7,0.0,3,0,1
3,335,303626.34,303667.56,7,0.0,3,0,1
1,276,305728.88,306883.94,12,0.0,3,0,2
4,369,306409.22,307564.28,12,0.0,3,0,2
3,383,308095.34,308136.56,7,0.0,3,0,1
3,192,310737.94,311893.0,12,0.0,3,0,2
4,283,311202.66,311243.9,7,0.0,3,0,1
2,59,312660.16,312742.6,8,0.0,3,0,1
1,14,313240.22,313281.44,7,0.0,3,0,1
3,330,313253.6,313294.84,7,0.0,3,0,1
2,349,315481.47,316636.53,12,0.0,3,0,2
4,22,315666.1,315748.53,8,0.0,3,0,1
1,267,318112.28,319267.34,12,0.0,3,0,2
4,50,319035.8,320190.84,12,0.0,3,0,2
3,109,319301.5,319342.75,7,0.0,3,0,1
1,61,320889.1,320930.34,7,0.0,3,0,1
2,304,321005.0,321046.22,7,0.0,3,0,1
3,334,322298.7,323453.75,12,0.0,3,0,2
4,116,324139.5,324180.72,7,0.0,3,0,1
3,230,325251.12,325292.34,7,0.0,3,0,1
1,265,325764.3,325805.53,7,0.0,3,0,1
2,132,325915.47,325997.9,8,0.0,3,0,1
2,253,327256.88,328411.94,12,0.0,3,0,2
4,326,328919.47,329001.9,8,0.0,3,0,1
1,286,330218.12,331373.2,12,0.0,3,0,2
4,197,332053.22,333208.28,12,0.0,3,0,2
3,63,333883.16,333965.56,8,0.0,3,0,1
1,347,334780.28,334821.5,7,0.0,3,0,1
3,114,336738.6,337893.66,12,0.0,3,0,2
4,104,337399.97,337441.2,7,0.0,3,0,1
2,121,337705.0,337787.4,8,0.0,3,0,1
2,50,340783.47,341938.53,12,0.0,3,0,2
1,55,342080.5,343235.56,12,0.0,3,0,2
3,295,344711.5,344793.9,8,0.0,3,0,1
1,210,345171.06,345212.28,7,0.0,3,0,1
4,103,347214.1,348369.12,12,0.0,3,0,2
3,322,348960.5,350115.56,12,0.0,3,0,2
2,32,349658.03,349699.25,7,0.0,3,0,1
4,49,350292.9,350334.12,7,0.0,3,0,1
2,372,353233.84,354388.9,12,0.0,3,0,2
1,330,353271.3,353312.53,7,0.0,3,0,1
3,132,354453.62,354536.03,8,0.0,3,0,1
2,46,355791.8,355833.03,7,0.0,3,0,1
4,154,358353.84,358498.22,9,0.0,3,0,1
1,44,358894.75,360049.8,12,0.0,3,0,2
4,171,360541.12,361696.2,12,0.0,3,0,2
1,200,362160.62,362201.84,7,0.0,3,0,1
3,220,365657.7,365698.9,7,0.0,3,0,1
3,155,366067.62,367222.7,12,0.0,3,0,2
2,290,366104.62,366187.03,8,0.0,3,0,1
1,170,369932.84,370015.25,8,0.0,3,0,1
3,390,373134.1,373278.47,9,0.0,3,0,1
1,206,377313.7,378468.75,12,0.0,3,0,2
4,297,378454.0,379609.06,12,0.0,3,0,2
2,248,378846.78,380001.84,12,0.0,3,0,2
3,333,378903.38,380058.44,12,0.0,3,0,2
1,14,379931.22,379972.44,7,0.0,3,0,1
2,42,381429.78,381471.0,7,0.0,3,0,1
4,79,384270.66,384311.88,7,0.0,3,0,1
1,302,384833.6,384977.97,9,0.0,3,0,1
2,126,385620.94,385662.16,7,0.0,3,0,1
4,135,390083.9,390228.28,9,0.0,3,0,1
2,19,390817.7,391972.75,12,0.0,3,0,2
3,228,391036.06,391077.3,7,0.0,3,0,1
4,233,392606.62,393761.7,12,0.0,3,0,2
1,98,392845.8,394000.88,12,0.0,3,0,2
3,356,396086.72,396127.97,7,0.0,3,0,1
1,275,402969.1,403010.3,7,0.0,3,0,1
2,75,403026.97,403068.22,7,0.0,3,0,1
3,155,405037.03,405181.4,9,0.0,3,0,1
2,17,405219.94,406375.0,12,0.0,3,0,2
4,130,407407.06,407489.5,8,0.0,3,0,1
4,300,407802.06,408957.12,12,0.0,3,0,2
1,189,409293.28,410448.34,12,0.0,3,0,2
3,302,410512.0,411667.06,12,0.0,3,0,2
2,396,410930.94,411013.38,8,0.0,3,0,1
1,254,411376.8,411521.2,9,0.0,3,0,1
4,241,417592.84,417675.25,8,0.0,3,0,1
2,73,418212.72,419367.78,12,0.0,3,0,2
3,381,419800.56,419841.8,7,0.0,3,0,1
4,70,419883.0,421038.06,12,0.0,3,0,2
3,236,422410.8,423565.84,12,0.0,3,0,2
2,8,423588.88,423630.1,7,0.0,3,0,1
1,15,424204.62,425359.7,12,0.0,3,0,2
3,82,425454.28,425495.5,7,0.0,3,0,1
4,276,427778.28,427819.53,7,0.0,3,0,1
1,65,429383.12,429424.34,7,0.0,3,0,1
2,201,429902.62,429943.84,7,0.0,3,0,1
4,135,432118.66,433273.72,12,0.0,3,0,2
3,167,433742.4,433783.62,7,0.0,3,0,1
2,260,436653.6,437808.66,12,0.0,3,0,2
3,149,437516.7,438671.75,12,0.0,3,0,2
1,202,438002.2,439157.25,12,0.0,3,0,2
1,391,439924.38,439965.6,7,0.0,3,0,1
3,204,441487.16,441528.38,7,0.0,3,0,1
2,360,443460.38,443542.8,8,0.0,3,0,1
4,273,444099.9,445254.97,12,0.0,3,0,2
1,205,445347.72,445388.94,7,0.0,3,0,1
3,105,445748.3,445789.56,7,0.0,3,0,1
4,67,446172.8,446255.25,8,0.0,3,0,1
2,156,448760.28,449915.34,12,0.0,3,0,2
3,159,449554.44,450709.5,12,0.0,3,0,2
1,372,451947.44,453102.5,12,0.0,3,0,2
1,385,454236.03,454277.25,7,0.0,3,0,1
2,361,454505.22,454546.44,7,0.0,3,0,1
4,18,454602.7,454685.12,8,0.0,3,0,1
3,88,456370.16,456411.38,7,0.0,3,0,1
4,243,456503.53,457658.6,12,0.0,3,0,2
2,308,459535.88,459577.12,7,0.0,3,0,1
1,49,461561.4,461602.62,7,0.0,3,0,1
3,232,463980.94,465136.0,12,0.0,3,0,2
2,43,464372.78,464414.0,7,0.0,3,0,1
1,200,465942.12,465983.38,7,0.0,3,0,1
3,278,467301.8,467384.25,8,0.0,3,0,1
1,222,470390.34,470431.6,7,0.0,3,0,1
1,389,471860.78,473015.84,12,0.0,3,0,2
2,140,472734.16,472816.6,8,0.0,3,0,1
2,281,474929.84,476084.9,12,0.0,3,0,2
1,8,475032.25,475073.5,7,0.0,3,0,1
4,239,475546.28,475628.72,8,0.0,3,0,1
4,271,476462.56,477617.62,12,0.0,3,0,2
3,183,477119.25,478274.3,12,0.0,3,0,2
3,383,479585.94,479627.16,7,0.0,3,0,1
1,98,481514.88,481556.1,7,0.0,3,0,1
1,131,484682.75,485837.8,12,0.0,3,0,2
4,140,486097.34,486179.78,8,0.0,3,0,1
2,85,486694.34,486735.56,7,0.0,3,0,1
3,266,486926.62,487009.06,8,0.0,3,0,1
2,394,486951.4,488106.47,12,0.0,3,0,2
1,125,487147.6,487188.8,7,0.0,3,0,1
3,215,489403.66,490558.72,12,0.0,3,0,2
4,351,492121.38,493276.44,12,0.0,3,0,2
2,118,493950.78,493992.0,7,0.0,3,0,1
4,210,494949.62,494990.84,7,0.0,3,0,1
1,139,496432.94,497588.0,12,0.0,3,0,2
1,311,497619.5,497763.88,9,0.0,3,0,1
2,367,498900.66,498983.1,8,0.0,3,0,1
3,291,501401.84,501443.1,7,0.0,3,0,1
4,382,502529.38,502570.62,7,0.0,3,0,1
4,79,503918.22,505073.28,12,0.0,3,0,2
3,368,505499.5,506654.56,12,0.0,3,0,2
1,175,511758.94,512914.0,12,0.0,3,0,2
2,254,512407.34,513562.44,12,0.0,3,0,2
1,56,514934.22,515078.62,9,0.0,3,0,1
4,386,518589.97,519745.06,12,0.0,3,0,2
4,365,523063.4,523104.62,7,0.0,3,0,1
3,179,523489.8,523572.25,8,0.0,3,0,1
2,159,524702.3,524743.5,7,0.0,3,0,1
3,374,525494.2,526649.3,12,0.0,3,0,2
1,371,526798.25,527953.4,12,0.0,3,0,2
4,102,528378.94,528461.44,8,0.0,3,0,1
2,33,529975.1,531130.2,12,0.0,3,0,2
1,220,530050.1,530091.3,7,0.0,3,0,1
3,147,534087.0,534231.4,9,0.0,3,0,1
4,180,534094.5,535249.56,12,0.0,3,0,2
2,262,534781.6,534822.8,7,0.0,3,0,1
1,138,536480.9,536563.4,8,0.0,3,0,1
3,154,538417.25,539572.3,12,0.0,3,0,2
1,79,538887.5,540042.6,12,0.0,3,0,2
2,250,539317.4,539399.8,8,0.0,3,0,1
4,256,540159.44,540200.6,7,0.0,3,0,1
4,117,546190.5,546231.7,7,0.0,3,0,1
1,109,546854.0,546895.2,7,0.0,3,0,1
4,156,547473.9,548628.94,12,0.0,3,0,2
3,307,550106.75,550147.94,7,0.0,3,0,1
3,162,551456.8,552611.9,12,0.0,3,0,2
1,184,553133.44,554288.5,12,0.0,3,0,2
3,244,554407.9,554449.1,7,0.0,3,0,1
2,287,555670.0,555711.2,7,0.0,3,0,1
4,365,555797.25,555838.44,7,0.0,3,0,1
1,273,558277.0,558318.2,7,0.0,3,0,1
2,247,558920.2,560075.25,12,0.0,3,0,2
4,142,563290.5,563331.75,7,0.0,3,0,1
3,233,563309.0,564464.1,12,0.0,3,0,2
1,78,563441.9,563524.4,8,0.0,3,0,1
4,334,565060.2,566215.25,12,0.0,3,0,2
1,221,566478.8,567633.94,12,0.0,3,0,2
2,159,566965.4,567006.56,7,0.0,3,0,1
2,56,570862.0,572017.06,12,0.0,3,0,2
4,382,572175.9,572217.1,7,0.0,3,0,1
3,82,572261.9,572303.1,7,0.0,3,0,1
1,327,574034.3,574075.5,7,0.0,3,0,1
2,230,576238.94,576280.1,7,0.0,3,0,1
1,348,578376.56,579531.7,12,0.0,3,0,2
3,270,578646.44,578687.6,7,0.0,3,0,1
4,81,579548.7,579693.1,9,0.0,3,0,1
2,318,582371.9,582413.06,7,0.0,3,0,1
1,303,583505.94,583650.3,9,0.0,3,0,1
2,192,583593.06,584748.2,12,0.0,3,0,2
3,322,584528.25,585683.4,12,0.0,3,0,2
4,112,585687.4,586842.44,12,0.0,3,0,2
3,273,586609.6,586650.8,7,0.0,3,0,1
2,258,592326.0,592367.2,7,0.0,3,0,1
1,142,592362.75,593517.8,12,0.0,3,0,2
3,82,593170.8,593212.06,7,0.0,3,0,1
4,363,595821.3,595862.5,7,0.0,3,0,1
2,345,596106.06,597261.2,12,0.0,3,0,2
3,213,601867.5,603022.56,12,0.0,3,0,2
2,14,601961.0,602002.2,7,0.0,3,0,1
4,25,603518.8,603560.0,7,0.0,3,0,1
1,231,604088.8,605243.9,12,0.0,3,0,2
3,126,604962.0,605003.2,7,0.0,3,0,1
1,226,605933.8,605975.06,7,0.0,3,0,1
4,176,608438.8,609593.9,12,0.0,3,0,2
2,24,608689.8,609844.94,12,0.0,3,0,2
4,175,609926.2,610070.6,9,0.0,3,0,1
3,63,610720.06,610802.56,8,0.0,3,0,1
3,302,614086.2,615241.25,12,0.0,3,0,2
1,190,614633.2,614674.4,7,0.0,3,0,1
2,256,615609.9,615651.06,7,0.0,3,0,1
1,217,617903.06,619058.2,12,0.0,3,0,2
2,266,619801.0,619883.5,8,0.0,3,0,1
4,320,620254.1,621409.25,12,0.0,3,0,2
1,56,620963.3,621107.75,9,0.0,3,0,1
2,286,621066.9,622222.0,12,0.0,3,0,2
3,63,624083.3,624165.75,8,0.0,3,0,1
4,31,624882.4,625026.8,9,0.0,3,0,1
3,361,626936.8,628091.94,12,0.0,3,0,2
2,297,631970.25,632052.75,8,0.0,3,0,1
1,95,632008.06,633163.1,12,0.0,3,0,2
3,175,634604.56,634748.94,9,0.0,3,0,1
4,100,636044.94,637200.0,12,0.0,3,0,2
1,307,636222.44,636263.6,7,0.0,3,0,1
3,120,638719.1,639874.2,12,0.0,3,0,2
2,362,639159.56,640314.6,12,0.0,3,0,2
2,133,641808.7,641849.94,7,0.0,3,0,1
1,123,641827.56,641910.06,8,0.0,3,0,1
4,119,642704.2,642745.4,7,0.0,3,0,1
1,248,648040.94,649196.06,12,0.0,3,0,2
4,226,648280.3,648321.56,7,0.0,3,0,1
4,157,650629.94,651785.06,12,0.0,3,0,2
1,119,650842.7,650883.94,7,0.0,3,0,1
3,311,651917.25,652061.6,9,0.0,3,0,1
2,172,652735.1,653890.2,12,0.0,3,0,2
1,327,655227.56,655268.75,7,0.0,3,0,1
2,367,655372.7,655455.1,8,0.0,3,0,1
4,239,655415.4,655497.8,8,0.0,3,0,1
3,247,657633.8,658788.9,12,0.0,3,0,2
1,143,660964.94,662120.06,12,0.0,3,0,2
2,131,665725.94,666881.06,12,0.0,3,0,2
4,376,669210.6,670365.75,12,0.0,3,0,2
3,233,671706.06,672861.1,12,0.0,3,0,2
2,45,672306.0,672347.2,7,0.0,3,0,1
1,134,672406.56,672447.75,7,0.0,3,0,1
4,49,673842.94,673884.1,7,0.0,3,0,1
3,61,675536.0,675577.2,7,0.0,3,0,1
1,154,676262.8,677417.94,12,0.0,3,0,2
1,115,678367.3,678408.5,7,0.0,3,0,1
4,166,678935.6,678976.8,7,0.0,3,0,1
2,109,679013.06,679054.25,7,0.0,3,0,1
2,141,679113.0,680268.06,12,0.0,3,0,2
3,295,681911.25,681993.7,8,0.0,3,0,1
1,244,682601.3,682642.5,7,0.0,3,0,1
4,124,683151.3,684306.4,12,0.0,3,0,2
3,102,683544.06,684699.2,12,0.0,3,0,2
2,316,684064.25,684105.5,7,0.0,3,0,1
2,133,690170.1,690211.3,7,0.0,3,0,1
1,276,690321.8,690363.06,7,0.0,3,0,1
1,98,694932.25,694973.44,7,0.0,3,0,1
1,108,695029.8,696184.9,12,0.0,3,0,2
4,275,695081.4,695122.56,7,0.0,3,0,1
3,167,695362.9,695404.06,7,0.0,3,0,1
2,319,695585.25,695874.0,10,0.0,3,0,1
3,295,696274.44,697429.5,12,0.0,3,0,2
2,217,696591.75,697746.8,12,0.0,3,0,2
1,251,700640.2,700681.4,7,0.0,3,0,1
4,116,702431.9,702473.06,7,0.0,3,0,1
3,191,703479.25,703623.7,9,0.0,3,0,1
4,93,705615.2,706770.25,12,0.0,3,0,2
1,297,708397.7,709552.8,12,0.0,3,0,2
2,312,708571.3,709726.4,12,0.0,3,0,2
4,256,711475.9,711517.06,7,0.0,3,0,1
3,299,711689.0,712844.1,12,0.0,3,0,2
1,267,715277.4,715318.6,7,0.0,3,0,1
3,289,717997.44,718141.9,9,0.0,3,0,1
4,393,718181.1,718263.6,8,0.0,3,0,1
4,384,719994.2,721149.3,12,0.0,3,0,2
2,67,720194.6,721349.75,12,0.0,3,0,2
1,132,722052.9,723207.94,12,0.0,3,0,2
3,62,724800.75,725955.9,12,0.0,3,0,2
1,200,725014.25,725055.44,7,0.0,3,0,1
2,318,725477.7,725518.9,7,0.0,3,0,1
4,401,727429.3,727511.75,8,0.0,3,0,1
2,58,731331.6,731372.8,7,0.0,3,0,1
2,344,731825.25,732980.4,12,0.0,3,0,2
4,263,732426.75,733581.9,12,0.0,3,0,2
3,308,732923.06,732964.25,7,0.0,3,0,1
1,225,733941.9,735097.0,12,0.0,3,0,2
3,287,738559.4,738600.56,7,0.0,3,0,1
1,47,738603.3,738644.5,7,0.0,3,0,1
2,145,739785.1,739867.56,8,0.0,3,0,1
3,63,740825.4,741980.5,12,0.0,3,0,2
3,138,743415.44,743497.94,8,0.0,3,0,1
2,395,744355.56,745510.7,12,0.0,3,0,2
1,92,744580.7,744663.1,8,0.0,3,0,1
4,239,745278.56,745361.0,8,0.0,3,0,1
1,275,747847.94,749003.06,12,0.0,3,0,2
4,45,748674.2,749829.3,12,0.0,3,0,2
2,43,749403.25,749444.44,7,0.0,3,0,1
3,55,751718.9,751863.25,9,0.0,3,0,1
1,382,753413.7,753454.9,7,0.0,3,0,1
3,248,755619.94,756775.0,12,0.0,3,0,2
2,346,756196.0,757351.06,12,0.0,3,0,2
2,326,758772.56,758855.06,8,0.0,3,0,1
4,119,759622.56,759663.75,7,0.0,3,0,1
3,179,761703.2,761785.6,8,0.0,3,0,1
2,347,761859.25,761900.44,7,0.0,3,0,1
1,179,762703.2,763858.25,12,0.0,3,0,2
1,14,764305.9,764347.06,7,0.0,3,0,1
4,320,765115.9,766270.94,12,0.0,3,0,2
4,391,766130.4,766171.56,7,0.0,3,0,1
2,106,767369.5,767410.7,7,0.0,3,0,1
1,80,767792.44,767833.6,7,0.0,3,0,1
4,304,768064.8,768106.0,7,0.0,3,0,1
4,188,768287.8,769442.94,12,0.0,3,0,2
1,80,768792.44,769947.5,12,0.0,3,0,2
3,37,769971.2,771126.3,12,0.0,3,0,2
4,47,770367.44,770408.6,7,0.0,3,0,1
2,173,771096.2,772251.3,12,0.0,3,0,2
3,310,773350.0,773432.44,8,0.0,3,0,1
3,82,774614.94,774656.1,7,0.0,3,0,1
1,220,775705.44,775746.6,7,0.0,3,0,1
1,220,776705.44,777860.56,12,0.0,3,0,2
2,39,777171.0,777212.25,7,0.0,3,0,1
4,278,777608.75,777691.25,8,0.0,3,0,1
4,39,778171.0,779326.1,12,0.0,3,0,2
3,381,780873.6,780914.8,7,0.0,3,0,1
3,381,781873.6,783028.7,12,0.0,3,0,2
3,130,785229.94,785312.4,8,0.0,3,0,1
2,84,787066.8,788221.94,12,0.0,3,0,2
3,338,787664.7,788819.75,12,0.0,3,0,2
1,202,789688.06,790843.1,12,0.0,3,0,2
4,26,790047.75,791202.8,12,0.0,3,0,2
2,262,791374.7,791415.9,7,0.0,3,0,1
3,213,794204.7,794349.1,9,0.0,3,0,1
1,276,795108.1,795149.4,7,0.0,3,0,1
3,213,795204.7,796359.8,12,0.0,3,0,2
4,177,795415.0,795456.2,7,0.0,3,0,1
3,88,799377.75,800532.8,12,0.0,3,0,2
1,83,801444.4,801485.6,7,0.0,3,0,1
4,347,801759.4,801800.6,7,0.0,3,0,1
2,42,802918.75,802959.94,7,0.0,3,0,1
4,285,803372.8,804527.9,12,0.0,3,0,2
2,153,805306.75,806461.9,12,0.0,3,0,2
1,310,805757.9,805840.3,8,0.0,3,0,1
3,151,809283.6,809324.8,7,0.0,3,0,1
1,232,809333.2,810488.25,12,0.0,3,0,2
4,378,810311.75,810352.94,7,0.0,3,0,1
2,297,811511.1,811593.56,8,0.0,3,0,1
3,331,814524.9,814607.4,8,0.0,3,0,1
1,396,814748.6,814831.06,8,0.0,3,0,1
4,261,814852.56,814893.75,7,0.0,3,0,1
3,154,815331.56,816486.6,12,0.0,3,0,2
4,304,816857.06,818012.1,12,0.0,3,0,2
2,338,820549.0,821704.1,12,0.0,3,0,2
1,282,821770.44,822925.56,12,0.0,3,0,2
4,142,822164.94,822206.1,7,0.0,3,0,1
2,152,823279.0,823320.2,7,0.0,3,0,1
1,303,824777.3,824921.7,9,0.0,3,0,1
2,318,827837.9,827879.06,7,0.0,3,0,1
4,166,828575.06,828616.25,7,0.0,3,0,1
4,278,828852.94,830008.06,12,0.0,3,0,2
3,351,831048.56,831337.3,10,0.0,3,0,1
2,358,832922.44,834077.5,12,0.0,3,0,2
1,223,833648.4,834803.44,12,0.0,3,0,2
3,172,833778.3,834933.44,12,0.0,3,0,2
4,177,834623.4,834664.56,7,0.0,3,0,1
2,227,837453.5,837494.7,7,0.0,3,0,1
4,292,842249.7,843404.8,12,0.0,3,0,2
1,210,843664.75,843705.94,7,0.0,3,0,1
2,361,843711.3,843752.5,7,0.0,3,0,1
4,102,845167.7,845250.1,8,0.0,3,0,1
1,263,845999.8,847154.94,12,0.0,3,0,2
2,376,850253.9,851408.94,12,0.0,3,0,2
3,234,850555.1,851710.2,12,0.0,3,0,2
1,98,855072.3,855113.5,7,0.0,3,0,1
4,21,856636.75,857791.9,12,0.0,3,0,2
1,187,859018.6,860173.7,12,0.0,3,0,2
2,79,859571.9,859613.1,7,0.0,3,0,1
3,167,861146.3,861187.5,7,0.0,3,0,1
4,226,863365.8,863407.0,7,0.0,3,0,1
2,227,864544.6,864585.8,7,0.0,3,0,1
1,105,864856.7,864897.9,7,0.0,3,0,1
3,264,865788.8,865871.25,8,0.0,3,0,1
2,396,865864.7,867019.75,12,0.0,3,0,2
3,310,868331.9,869486.94,12,0.0,3,0,2
4,173,869809.8,870964.9,12,0.0,3,0,2
4,128,871218.8,871363.25,9,0.0,3,0,1
2,267,872416.4,872457.56,7,0.0,3,0,1
1,354,872831.8,873986.9,12,0.0,3,0,2
3,45,874261.4,874302.56,7,0.0,3,0,1
1,340,876508.44,876549.6,7,0.0,3,0,1
2,228,877226.1,877267.3,7,0.0,3,0,1
2,293,882669.6,882814.0,9,0.0,3,0,1
1,310,882693.75,882776.2,8,0.0,3,0,1
4,151,887358.25,887399.5,7,0.0,3,0,1
3,341,887461.1,888616.2,12,0.0,3,0,2
2,312,889614.5,890769.56,12,0.0,3,0,2
4,135,891780.1,892935.25,12,0.0,3,0,2
1,123,891898.56,891981.0,8,0.0,3,0,1
3,375,892467.56,892508.8,7,0.0,3,0,1
1,22,893767.0,894922.1,12,0.0,3,0,2
4,78,896932.06,897014.5,8,0.0,3,0,1
3,226,897216.6,897257.8,7,0.0,3,0,1
2,317,897566.1,897710.5,9,0.0,3,0,1
3,388,899652.56,900807.7,12,0.0,3,0,2
1,128,903629.44,903773.9,9,0.0,3,0,1
4,229,904331.8,905486.9,12,0.0,3,0,2
3,184,905399.44,905481.9,8,0.0,3,0,1
4,22,906130.25,906212.7,8,0.0,3,0,1
1,77,910944.75,912099.9,12,0.0,3,0,2
2,236,911798.2,912953.3,12,0.0,3,0,2
3,143,912620.5,913775.56,12,0.0,3,0,2
3,193,914202.4,914284.9,8,0.0,3,0,1
4,337,916305.4,917460.44,12,0.0,3,0,2
2,363,916811.25,916852.5,7,0.0,3,0,1
4,401,920562.44,920644.9,8,0.0,3,0,1
1,404,921234.06,921275.25,7,0.0,3,0,1
1,317,923244.5,924399.6,12,0.0,3,0,2
3,315,924475.56,924558.06,8,0.0,3,0,1
1,201,927041.9,927083.06,7,0.0,3,0,1
3,254,928423.4,929578.5,12,0.0,3,0,2
2,308,928754.25,928795.5,7,0.0,3,0,1
4,76,929523.6,929564.8,7,0.0,3,0,1
4,311,930294.1,931449.25,12,0.0,3,0,2
2,137,930739.56,931894.6,12,0.0,3,0,2
1,314,932270.25,932352.75,8,0.0,3,0,1
3,47,933253.94,933295.2,7,0.0,3,0,1
2,228,933489.8,933531.0,7,0.0,3,0,1
1,134,935220.1,936375.25,12,0.0,3,0,2
4,375,936148.0,936189.2,7,0.0,3,0,1
3,333,941251.44,942406.56,12,0.0,3,0,2
1,134,941413.75,941454.94,7,0.0,3,0,1
3,88,944694.0,944735.2,7,0.0,3,0,1
4,16,944847.25,946002.3,12,0.0,3,0,2
1,112,947773.75,948928.8,12,0.0,3,0,2
4,15,948721.7,948804.1,8,0.0,3,0,1
2,395,949913.94,951069.0,12,0.0,3,0,2
2,67,952535.2,952617.7,8,0.0,3,0,1
3,316,953042.3,953083.5,7,0.0,3,0,1
1,195,953943.56,954087.94,9,0.0,3,0,1
3,339,954375.4,955530.44,12,0.0,3,0,2
4,119,957316.8,958471.94,12,0.0,3,0,2
3,46,958806.2,958847.44,7,0.0,3,0,1
1,302,959971.0,961126.1,12,0.0,3,0,2
4,267,961339.3,961380.5,7,0.0,3,0,1
2,366,963729.25,964884.3,12,0.0,3,0,2
3,37,963922.6,964005.06,8,0.0,3,0,1
3,22,968219.7,969374.75,12,0.0,3,0,2
1,365,969272.6,969313.8,7,0.0,3,0,1
2,332,971833.56,971977.94,9,0.0,3,0,1
1,398,972052.5,973207.56,12,0.0,3,0,2
4,18,972198.8,972281.25,8,0.0,3,0,1
4,207,974075.4,975230.5,12,0.0,3,0,2
2,380,977893.2,979048.25,12,0.0,3,0,2
1,159,977975.25,978016.44,7,0.0,3,0,1
3,52,980337.4,981492.5,12,0.0,3,0,2
1,339,982691.4,982773.9,8,0.0,3,0,1
3,275,983025.25,983066.44,7,0.0,3,0,1
4,278,983779.7,983862.1,8,0.0,3,0,1
1,336,985066.8,986221.94,12,0.0,3,0,2
4,203,986961.8,988116.9,12,0.0,3,0,2
2,152,987682.06,987723.25,7,0.0,3,0,1
3,41,988736.25,988777.44,7,0.0,3,0,1
2,230,990615.5,991770.56,12,0.0,3,0,2
2,85,992267.56,992308.75,7,0.0,3,0,1
4,365,992516.94,992558.1,7,0.0,3,0,1
1,170,993773.06,993855.5,8,0.0,3,0,1
3,96,994660.5,994743.0,8,0.0,3,0,1
1,92,998284.25,999439.3,12,0.0,3,0,2
4,18,998352.75,998435.2,8,0.0,3,0,1
3,45,1000318.1,1001473.2,12,0.0,3,0,2
1,5,1003803.75,1003845.0,7,0.0,3,0,1
2,290,1004020.06,1004102.56,8,0.0,3,0,1
4,111,1004323.6,1005478.7,12,0.0,3,0,2
2,270,1006069.9,1007225.0,12,0.0,3,0,2
4,74,1007087.3,1007128.56,7,0.0,3,0,1
1,341,1011189.4,1012344.5,12,0.0,3,0,2
4,237,1011756.3,1011797.5,7,0.0,3,0,1
3,44,1012564.56,1013719.7,12,0.0,3,0,2
3,219,1016594.56,1016677.0,8,0.0,3,0,1
1,385,1017119.0,1017160.2,7,0.0,3,0,1
4,223,1017410.4,1018565.5,12,0.0,3,0,2
2,393,1017682.8,1017765.25,8,0.0,3,0,1
2,106,1019108.8,1020263.94,12,0.0,3,0,2
1,238,1023972.94,1025128.06,12,0.0,3,0,2
3,233,1025574.25,1026729.25,12,0.0,3,0,2
3,215,1026771.9,1026813.1,7,0.0,3,0,1
1,77,1027757.56,1027839.94,8,0.0,3,0,1
4,108,1030993.9,1032148.94,12,0.0,3,0,2
2,253,1033242.8,1033325.2,8,0.0,3,0,1
3,383,1033737.56,1033778.8,7,0.0,3,0,1
2,150,1034627.3,1035782.4,12,0.0,3,0,2
1,306,1036348.5,1037503.56,12,0.0,3,0,2
3,7,1040130.0,1041285.06,12,0.0,3,0,2
1,353,1042800.2,1042882.56,8,0.0,3,0,1
4,335,1043052.25,1043093.5,7,0.0,3,0,1
2,283,1043823.1,1043864.4,7,0.0,3,0,1
4,55,1045718.9,1046873.9,12,0.0,3,0,2
3,289,1046432.5,1046576.9,9,0.0,3,0,1
2,133,1047517.2,1048672.2,12,0.0,3,0,2
1,136,1047988.4,1049143.4,12,0.0,3,0,2
3,188,1052034.4,1053189.5,12,0.0,3,0,2
4,254,1053958.0,1054102.4,9,0.0,3,0,1
1,158,1055228.6,1055269.9,7,0.0,3,0,1
1,344,1061785.9,1062940.9,12,0.0,3,0,2
4,213,1062103.5,1063258.5,12,0.0,3,0,2
2,255,1062692.8,1063847.8,12,0.0,3,0,2
3,363,1068559.8,1068601.0,7,0.0,3,0,1
1,205,1069976.2,1070017.5,7,0.0,3,0,1
4,267,1070561.4,1070602.6,7,0.0,3,0,1
3,233,1070835.1,1071990.1,12,0.0,3,0,2
2,45,1071730.2,1071771.5,7,0.0,3,0,1
2,246,1074822.0,1075977.0,12,0.0,3,0,2
3,136,1075012.6,1075157.0,9,0.0,3,0,1
4,253,1076639.0,1076721.4,8,0.0,3,0,1
1,120,1077423.4,1078578.4,12,0.0,3,0,2
4,329,1079932.5,1081087.5,12,0.0,3,0,2
2,123,1080236.2,1080318.6,8,0.0,3,0,1
1,132,1082818.2,1082900.6,8,0.0,3,0,1
3,8,1085417.6,1086572.6,12,0.0,3,0,2
4,50,1086566.2,1086648.6,8,0.0,3,0,1
3,307,1089508.6,1089549.9,7,0.0,3,0,1
2,295,1090908.2,1090990.6,8,0.0,3,0,1
1,393,1091796.5,1091878.9,8,0.0,3,0,1
2,147,1093917.1,1095072.1,12,0.0,3,0,2
4,372,1094109.1,1095264.1,12,0.0,3,0,2
4,276,1096584.1,1096625.4,7,0.0,3,0,1
3,179,1099219.4,1099301.8,8,0.0,3,0,1
1,45,1100324.2,1100365.5,7,0.0,3,0,1
3,119,1100965.9,1102120.9,12,0.0,3,0,2
1,120,1102101.6,1103256.8,12,0.0,3,0,2
2,327,1102499.6,1102540.9,7,0.0,3,0,1
4,289,1103222.2,1103366.8,9,0.0,3,0,1
3,266,1107628.1,1107710.6,8,0.0,3,0,1
2,39,1108708.4,1108749.6,7,0.0,3,0,1
1,365,1110312.2,1110353.5,7,0.0,3,0,1
2,127,1110441.4,1111596.4,12,0.0,3,0,2
4,283,1110785.6,1111940.6,12,0.0,3,0,2
3,201,1113768.2,1114923.2,12,0.0,3,0,2
1,292,1117105.5,1118260.5,12,0.0,3,0,2
4,209,1118176.8,1118321.1,9,0.0,3,0,1
2,302,1118781.1,1118925.5,9,0.0,3,0,1
1,200,1120590.4,1120631.6,7,0.0,3,0,1
3,124,1120749.9,1120894.2,9,0.0,3,0,1
3,88,1126777.4,1127932.4,12,0.0,3,0,2
4,33,1127014.8,1128169.8,12,0.0,3,0,2
2,394,1128330.4,1129485.4,12,0.0,3,0,2
1,257,1131334.0,1131416.4,8,0.0,3,0,1
1,100,1132496.2,1133651.2,12,0.0,3,0,2
4,244,1137205.8,1137247.1,7,0.0,3,0,1
4,294,1141095.4,1142250.4,12,0.0,3,0,2
1,401,1142277.6,1142360.0,8,0.0,3,0,1
2,37,1142737.6,1143892.8,12,0.0,3,0,2
3,198,1143932.5,1145087.5,12,0.0,3,0,2
1,371,1144668.9,1145823.9,12,0.0,3,0,2
3,151,1145954.8,1145996.0,7,0.0,3,0,1
2,258,1147266.5,1147307.8,7,0.0,3,0,1
4,385,1149911.2,1149952.5,7,0.0,3,0,1
2,64,1152268.6,1152351.1,8,0.0,3,0,1
1,61,1152709.9,1152751.1,7,0.0,3,0,1
4,155,1152754.4,1153909.4,12,0.0,3,0,2
3,85,1153177.4,1153218.6,7,0.0,3,0,1
2,154,1155397.4,1156552.4,12,0.0,3,0,2
4,363,1155662.2,1155703.5,7,0.0,3,0,1
3,17,1156565.6,1157720.8,12,0.0,3,0,2
1,92,1157227.9,1157310.2,8,0.0,3,0,1
1,380,1158936.4,1160091.4,12,0.0,3,0,2
4,218,1161124.6,1161165.9,7,0.0,3,0,1
2,121,1161640.6,1161723.0,8,0.0,3,0,1
3,130,1163130.2,1163212.6,8,0.0,3,0,1
4,239,1165410.4,1165492.8,8,0.0,3,0,1
4,233,1165523.5,1166678.6,12,0.0,3,0,2
2,255,1167177.6,1168332.6,12,0.0,3,0,2
1,306,1170519.1,1171674.2,12,0.0,3,0,2
2,110,1171111.6,1171152.9,7,0.0,3,0,1
1,369,1172887.8,1172970.1,8,0.0,3,0,1
3,109,1173354.0,1173395.2,7,0.0,3,0,1
4,270,1175208.4,1175249.6,7,0.0,3,0,1
3,130,1177588.2,1178743.2,12,0.0,3,0,2
2,99,1178133.1,1178174.5,7,0.0,3,0,1
4,176,1178197.5,1179352.5,12,0.0,3,0,2
2,145,1179112.0,1180267.1,12,0.0,3,0,2
3,5,1181498.8,1181540.0,7,0.0,3,0,1
2,318,1182679.4,1182720.6,7,0.0,3,0,1
1,308,1183267.5,1184422.5,12,0.0,3,0,2
1,82,1185118.4,1185159.6,7,0.0,3,0,1
4,50,1188547.5,1188629.9,8,0.0,3,0,1
3,70,1189615.0,1190770.0,12,0.0,3,0,2
2,201,1191189.5,1191230.8,7,0.0,3,0,1
4,295,1192203.1,1193358.1,12,0.0,3,0,2
1,119,1192388.4,1192429.8,7,0.0,3,0,1
2,61,1193520.8,1194675.8,12,0.0,3,0,2
3,83,1194485.0,1194526.2,7,0.0,3,0,1
1,379,1195002.6,1196157.6,12,0.0,3,0,2
2,158,1197036.6,1197077.9,7,0.0,3,0,1
4,92,1199231.8,1199314.2,8,0.0,3,0,1
1,66,1201019.8,1201061.0,7,0.0,3,0,1
3,96,1201428.8,1202583.8,12,0.0,3,0,2
4,74,1204617.1,1205772.1,12,0.0,3,0,2
2,132,1206306.1,1206388.5,8,0.0,3,0,1
3,265,1206398.9,1206440.1,7,0.0,3,0,1
1,9,1209213.8,1209296.1,8,0.0,3,0,1
4,186,1210141.0,1210182.2,7,0.0,3,0,1
2,91,1211185.5,1212340.6,12,0.0,3,0,2
3,391,1212544.6,1212586.0,7,0.0,3,0,1
4,34,1215509.2,1215798.1,10,0.0,3,0,1
2,230,1215640.8,1215682.0,7,0.0,3,0,1
1,299,1215688.4,1216843.4,12,0.0,3,0,2
3,292,1215819.1,1216974.1,12,0.0,3,0,2
4,256,1217067.2,1218222.2,12,0.0,3,0,2
1,83,1218142.8,1218184.0,7,0.0,3,0,1
3,80,1219370.4,1219411.6,7,0.0,3,0,1
2,220,1222993.9,1223035.1,7,0.0,3,0,1
1,64,1226293.4,1226375.8,8,0.0,3,0,1
2,193,1226377.5,1227532.5,12,0.0,3,0,2
3,5,1226876.2,1226917.5,7,0.0,3,0,1
1,35,1227288.1,1228443.1,12,0.0,3,0,2
3,97,1227724.8,1228879.8,12,0.0,3,0,2
2,140,1228952.2,1229034.6,8,0.0,3,0,1
3,130,1232458.5,1232540.9,8,0.0,3,0,1
4,26,1232977.4,1234132.5,12,0.0,3,0,2
2,264,1239714.6,1239797.0,8,0.0,3,0,1
1,244,1239997.9,1240039.1,7,0.0,3,0,1
2,30,1240356.9,1241512.0,12,0.0,3,0,2
3,215,1243431.2,1243472.5,7,0.0,3,0,1
1,340,1245246.0,1245287.2,7,0.0,3,0,1
4,12,1245984.2,1246066.6,8,0.0,3,0,1
3,185,1246263.0,1247418.1,12,0.0,3,0,2
4,69,1246950.1,1248105.1,12,0.0,3,0,2
2,133,1250360.1,1250401.4,7,0.0,3,0,1
3,276,1250712.8,1250754.0,7,0.0,3,0,1
1,328,1251226.9,1252382.0,12,0.0,3,0,2
2,199,1252785.9,1253940.9,12,0.0,3,0,2
4,310,1254435.9,1254518.2,8,0.0,3,0,1
1,123,1259057.8,1259140.1,8,0.0,3,0,1
2,240,1260742.5,1260783.9,7,0.0,3,0,1
3,326,1260982.4,1262137.5,12,0.0,3,0,2
4,87,1264533.9,1265688.9,12,0.0,3,0,2
1,266,1264709.4,1265864.4,12,0.0,3,0,2
2,282,1264980.0,1266135.0,12,0.0,3,0,2
3,378,1266425.9,1266467.1,7,0.0,3,0,1
4,381,1267351.5,1267392.9,7,0.0,3,0,1
1,383,1268022.8,1268064.0,7,0.0,3,0,1
2,400,1270536.0,1270577.2,7,0.0,3,0,1
3,82,1273983.8,1274025.0,7,0.0,3,0,1
3,97,1274500.6,1275655.6,12,0.0,3,0,2
4,170,1274673.9,1274756.2,8,0.0,3,0,1
2,25,1276484.5,1276525.8,7,0.0,3,0,1
1,257,1277963.6,1278046.0,8,0.0,3,0,1
4,311,1278819.5,1279974.5,12,0.0,3,0,2
3,215,1280472.0,1280513.2,7,0.0,3,0,1
1,346,1280757.1,1281912.1,12,0.0,3,0,2
2,38,1283328.6,1283473.0,9,0.0,3,0,1
4,18,1285109.8,1285192.1,8,0.0,3,0,1
2,376,1285212.0,1286367.1,12,0.0,3,0,2
3,387,1285689.0,1285730.2,7,0.0,3,0,1
3,240,1290218.5,1290259.8,7,0.0,3,0,1
4,278,1291974.0,1293129.0,12,0.0,3,0,2
1,237,1292023.0,1292064.2,7,0.0,3,0,1
3,69,1292210.9,1293365.9,12,0.0,3,0,2
1,232,1294011.9,1295166.9,12,0.0,3,0,2
1,393,1296664.2,1296746.8,8,0.0,3,0,1
4,105,1299469.0,1299510.2,7,0.0,3,0,1
2,233,1301555.4,1302710.5,12,0.0,3,0,2
3,369,1303263.0,1303345.4,8,0.0,3,0,1
2,121,1303946.9,1304029.2,8,0.0,3,0,1
3,122,1304952.5,1306107.5,12,0.0,3,0,2
1,265,1305110.4,1305151.6,7,0.0,3,0,1
4,174,1307392.5,1308547.5,12,0.0,3,0,2
1,307,1310156.0,1310197.2,7,0.0,3,0,1
4,152,1311593.2,1311634.5,7,0.0,3,0,1
3,204,1312012.5,1312053.8,7,0.0,3,0,1
1,224,1312894.5,1314049.5,12,0.0,3,0,2
2,299,1315255.1,1316410.1,12,0.0,3,0,2
2,318,1317823.4,1317864.6,7,0.0,3,0,1
1,211,1317871.5,1317912.8,7,0.0,3,0,1
4,82,1319041.6,1320196.6,12,0.0,3,0,2
3,193,1320810.8,1320893.2,8,0.0,3,0,1
4,228,1321058.5,1321099.8,7,0.0,3,0,1
3,294,1321560.5,1322715.6,12,0.0,3,0,2
1,367,1322225.8,1322308.1,8,0.0,3,0,1
2,216,1323633.0,1323674.4,7,0.0,3,0,1
1,163,1325072.9,1326227.9,12,0.0,3,0,2
4,224,1325257.8,1325340.1,8,0.0,3,0,1
2,258,1329271.4,1329312.6,7,0.0,3,0,1
3,45,1330472.9,1330514.1,7,0.0,3,0,1
4,139,1330966.1,1332121.2,12,0.0,3,0,2
2,26,1331691.0,1332846.1,12,0.0,3,0,2
3,250,1339101.4,1339183.8,8,0.0,3,0,1
1,380,1339979.6,1341134.6,12,0.0,3,0,2
2,331,1340676.9,1340759.2,8,0.0,3,0,1
4,242,1341865.5,1341906.8,7,0.0,3,0,1
1,219,1342296.8,1342379.1,8,0.0,3,0,1
3,271,1343336.1,1344491.2,12,0.0,3,0,2
4,320,1343731.8,1344886.9,12,0.0,3,0,2
3,379,1347440.6,1347523.1,8,0.0,3,0,1
2,203,1349048.2,1350203.2,12,0.0,3,0,2
4,14,1349219.2,1349260.5,7,0.0,3,0,1
2,256,1351691.1,1351732.4,7,0.0,3,0,1
1,158,1352652.9,1352694.1,7,0.0,3,0,1
4,128,1354356.4,1354500.8,9,0.0,3,0,1
3,354,1354890.5,1356045.5,12,0.0,3,0,2
4,355,1355869.0,1357024.0,12,0.0,3,0,2
2,65,1357481.1,1357522.4,7,0.0,3,0,1
3,300,1358479.1,1358561.5,8,0.0,3,0,1
1,127,1358598.9,1359753.9,12,0.0,3,0,2
2,66,1360659.0,1361814.1,12,0.0,3,0,2
1,266,1361203.2,1361285.6,8,0.0,3,0,1
4,13,1367492.8,1368647.9,12,0.0,3,0,2
3,271,1368014.5,1369169.5,12,0.0,3,0,2
2,75,1369105.5,1369146.8,7,0.0,3,0,1
3,375,1370843.2,1370884.5,7,0.0,3,0,1
4,202,1370910.1,1371054.6,9,0.0,3,0,1
1,14,1372818.1,1372859.4,7,0.0,3,0,1
2,261,1373689.6,1374844.6,12,0.0,3,0,2
3,147,1375870.9,1376015.2,9,0.0,3,0,1
1,31,1377450.4,1378605.4,12,0.0,3,0,2
2,339,1377620.9,1377703.2,8,0.0,3,0,1
4,128,1380034.6,1381189.8,12,0.0,3,0,2
3,369,1384788.9,1385943.9,12,0.0,3,0,2
2,13,1387360.6,1388515.6,12,0.0,3,0,2
4,253,1387644.8,1387727.1,8,0.0,3,0,1
2,276,1388818.0,1388859.2,7,0.0,3,0,1
1,99,1389247.4,1389288.8,7,0.0,3,0,1
1,240,1390675.5,1391830.6,12,0.0,3,0,2
3,167,1392637.4,1392678.6,7,0.0,3,0,1
4,65,1392965.4,1394120.4,12,0.0,3,0,2
3,109,1396765.4,1396806.6,7,0.0,3,0,1
1,388,1397737.2,1397881.8,9,0.0,3,0,1
2,362,1398126.4,1398270.8,9,0.0,3,0,1
4,297,1399988.9,1400071.2,8,0.0,3,0,1
2,235,1400566.0,1401721.1,12,0.0,3,0,2
3,148,1401918.9,1403073.9,12,0.0,3,0,2
1,16,1402892.6,1404047.6,12,0.0,3,0,2
4,288,1405765.2,1406920.2,12,0.0,3,0,2
3,354,1405769.1,1405913.6,9,0.0,3,0,1
4,96,1408777.9,1408860.2,8,0.0,3,0,1
3,91,1414277.1,1415432.1,12,0.0,3,0,2
1,236,1414453.6,1415608.6,12,0.0,3,0,2
2,335,1415754.8,1415796.0,7,0.0,3,0,1
2,319,1416336.5,1417491.6,12,0.0,3,0,2
4,314,1417625.8,1417708.1,8,0.0,3,0,1
1,102,1419512.5,1419594.9,8,0.0,3,0,1
2,246,1420392.4,1420474.8,8,0.0,3,0,1
3,182,1425820.9,1425862.1,7,0.0,3,0,1
4,194,1426079.1,1426161.5,8,0.0,3,0,1
3,374,1427434.0,1428589.0,12,0.0,3,0,2
2,42,1428212.5,1429367.5,12,0.0,3,0,2
2,387,1429707.5,1429748.8,7,0.0,3,0,1
1,26,1430404.6,1431559.8,12,0.0,3,0,2
3,377,1433908.2,1433949.5,7,0.0,3,0,1
1,402,1434155.6,1434238.0,8,0.0,3,0,1
4,69,1434885.5,1436040.5,12,0.0,3,0,2
2,178,1437254.2,1437295.5,7,0.0,3,0,1
4,119,1438696.1,1438737.4,7,0.0,3,0,1
2,344,1441183.8,1442338.8,12,0.0,3,0,2
2,76,1443568.6,1443609.9,7,0.0,3,0,1
3,389,1443578.9,1444733.9,12,0.0,3,0,2
4,297,1443865.9,1443948.2,8,0.0,3,0,1
1,296,1444367.4,1445522.5,12,0.0,3,0,2
4,279,1449684.4,1450839.4,12,0.0,3,0,2
2,230,1453455.0,1453496.2,7,0.0,3,0,1
3,271,1453937.8,1454082.1,9,0.0,3,0,1
4,54,1454497.9,1454539.1,7,0.0,3,0,1
1,307,1455048.4,1455089.6,7,0.0,3,0,1
2,81,1455283.5,1456438.5,12,0.0,3,0,2
3,254,1456754.6,1457909.6,12,0.0,3,0,2
2,88,1458227.6,1458268.9,7,0.0,3,0,1
1,9,1459941.9,1460024.2,8,0.0,3,0,1
4,47,1461058.4,1461099.6,7,0.0,3,0,1
2,105,1462573.4,1462614.6,7,0.0,3,0,1
4,86,1463298.4,1464453.4,12,0.0,3,0,2
1,381,1465792.1,1466947.1,12,0.0,3,0,2
4,14,1468425.5,1468466.8,7,0.0,3,0,1
3,165,1469352.9,1470507.9,12,0.0,3,0,2
2,25,1470746.2,1470787.5,7,0.0,3,0,1
2,235,1471849.6,1473004.6,12,0.0,3,0,2
1,169,1471885.9,1471927.1,7,0.0,3,0,1
4,92,1473301.5,1473383.9,8,0.0,3,0,1
3,327,1474658.6,1474699.9,7,0.0,3,0,1
4,215,1475182.0,1476337.0,12,0.0,3,0,2
1,216,1476182.5,1476223.8,7,0.0,3,0,1
2,193,1478950.5,1479033.0,8,0.0,3,0,1
1,283,1480048.5,1481203.5,12,0.0,3,0,2
3,327,1481852.1,1481893.4,7,0.0,3,0,1
4,76,1482168.6,1482209.9,7,0.0,3,0,1
3,329,1483584.2,1484739.2,12,0.0,3,0,2
2,7,1485101.9,1486257.0,12,0.0,3,0,2
1,200,1485196.8,1485238.0,7,0.0,3,0,1
2,15,1487847.5,1487929.9,8,0.0,3,0,1
4,220,1488184.1,1488225.4,7,0.0,3,0,1
4,214,1489160.8,1490315.8,12,0.0,3,0,2
3,336,1489858.4,1489899.6,7,0.0,3,0,1
1,224,1491006.2,1491088.6,8,0.0,3,0,1
1,340,1494089.5,1495244.5,12,0.0,3,0,2
2,354,1496812.1,1497967.1,12,0.0,3,0,2
3,223,1498056.5,1499211.5,12,0.0,3,0,2
4,210,1498685.2,1498726.5,7,0.0,3,0,1
2,273,1500817.6,1500858.9,7,0.0,3,0,1
3,358,1502615.5,1502656.8,7,0.0,3,0,1
1,106,1504555.4,1504596.6,7,0.0,3,0,1
2,41,1505246.5,1505287.8,7,0.0,3,0,1
4,379,1505456.8,1505539.1,8,0.0,3,0,1
4,363,1507029.9,1508184.9,12,0.0,3,0,2
3,257,1507723.0,1507805.4,8,0.0,3,0,1
1,346,1509431.4,1510586.4,12,0.0,3,0,2
3,7,1509780.2,1510935.2,12,0.0,3,0,2
2,130,1511499.9,1512654.9,12,0.0,3,0,2
1,402,1512901.2,1512983.6,8,0.0,3,0,1
2,235,1513914.5,1513997.0,8,0.0,3,0,1
3,115,1516046.9,1516088.1,7,0.0,3,0,1
4,61,1516617.2,1516658.6,7,0.0,3,0,1
4,17,1518652.1,1519807.1,12,0.0,3,0,2
1,380,1521022.9,1522177.9,12,0.0,3,0,2
3,5,1521534.5,1521575.8,7,0.0,3,0,1
3,370,1522702.4,1523857.4,12,0.0,3,0,2
2,138,1523759.4,1523841.8,8,0.0,3,0,1
1,113,1524927.6,1524968.9,7,0.0,3,0,1
2,384,1526144.5,1527299.5,12,0.0,3,0,2
3,57,1529073.2,1529217.6,9,0.0,3,0,1
4,155,1530991.5,1532146.5,12,0.0,3,0,2
1,359,1531428.5,1531510.9,8,0.0,3,0,1
2,404,1533688.4,1533729.6,7,0.0,3,0,1
1,165,1537611.9,1538766.9,12,0.0,3,0,2
4,400,1537672.1,1537713.4,7,0.0,3,0,1
3,21,1538370.8,1539525.8,12,0.0,3,0,2
2,174,1538602.6,1539757.8,12,0.0,3,0,2
4,123,1544047.8,1544130.1,8,0.0,3,0,1
4,64,1544152.2,1545307.2,12,0.0,3,0,2
3,113,1546698.8,1546740.0,7,0.0,3,0,1
2,249,1549372.2,1549413.5,7,0.0,3,0,1
1,226,1550336.1,1550377.5,7,0.0,3,0,1
3,108,1550921.8,1552076.8,12,0.0,3,0,2
2,171,1553358.9,1554513.9,12,0.0,3,0,2
4,142,1553720.6,1553761.9,7,0.0,3,0,1
1,179,1557164.6,1558319.8,12,0.0,3,0,2
4,371,1557278.8,1558433.9,12,0.0,3,0,2
3,378,1558262.1,1558303.4,7,0.0,3,0,1
1,190,1560031.1,1560072.4,7,0.0,3,0,1
2,361,1560553.1,1560594.4,7,0.0,3,0,1
4,47,1561299.9,1561341.1,7,0.0,3,0,1
3,71,1562712.8,1562857.1,9,0.0,3,0,1
2,293,1565281.6,1566436.6,12,0.0,3,0,2
1,256,1565494.8,1565536.0,7,0.0,3,0,1
4,218,1566419.8,1566461.0,7,0.0,3,0,1
3,368,1566467.9,1567622.9,12,0.0,3,0,2
2,307,1566954.6,1566995.9,7,0.0,3,0,1
1,80,1569879.9,1569921.1,7,0.0,3,0,1
1,93,1570106.8,1571261.9,12,0.0,3,0,2
4,346,1571153.2,1572308.2,12,0.0,3,0,2
1,226,1574666.6,1574707.9,7,0.0,3,0,1
2,32,1576841.4,1576882.8,7,0.0,3,0,1
2,130,1578777.4,1579932.4,12,0.0,3,0,2
4,222,1579316.9,1579358.1,7,0.0,3,0,1
3,134,1579733.9,1579775.1,7,0.0,3,0,1
1,205,1580416.9,1580458.1,7,0.0,3,0,1
2,60,1582078.5,1582119.8,7,0.0,3,0,1
1,329,1582297.9,1583452.9,12,0.0,3,0,2
4,265,1583557.0,1583598.2,7,0.0,3,0,1
3,392,1585047.9,1585089.1,7,0.0,3,0,1
1,80,1586708.5,1586749.8,7,0.0,3,0,1
3,369,1587491.4,1588646.4,12,0.0,3,0,2
2,336,1588446.0,1588487.2,7,0.0,3,0,1
4,37,1589231.0,1589313.4,8,0.0,3,0,1
3,402,1590925.0,1591007.5,8,0.0,3,0,1
1,170,1591312.0,1591394.4,8,0.0,3,0,1
2,173,1591584.1,1592739.1,12,0.0,3,0,2
4,119,1593585.1,1594740.1,12,0.0,3,0,2
2,317,1593694.4,1593838.8,9,0.0,3,0,1
1,336,1596639.6,1597794.6,12,0.0,3,0,2
4,136,1599206.9,1599351.4,9,0.0,3,0,1
3,28,1599524.4,1600679.5,12,0.0,3,0,2
1,22,1608123.1,1608205.6,8,0.0,3,0,1
2,308,1608562.9,1608604.1,7,0.0,3,0,1
1,208,1609590.9,1610745.9,12,0.0,3,0,2
3,41,1610036.4,1610077.6,7,0.0,3,0,1
3,63,1611800.5,1612955.6,12,0.0,3,0,2
2,151,1614006.6,1614047.9,7,0.0,3,0,1
2,152,1614756.5,1615911.5,12,0.0,3,0,2
4,34,1615041.8,1616196.8,12,0.0,3,0,2
4,130,1623451.6,1623534.0,8,0.0,3,0,1
1,255,1623459.2,1624614.2,12,0.0,3,0,2
3,341,1625579.9,1625662.2,8,0.0,3,0,1
1,355,1626692.1,1626836.5,9,0.0,3,0,1
4,53,1626964.1,1628119.1,12,0.0,3,0,2
3,271,1628441.9,1629596.9,12,0.0,3,0,2
2,108,1631187.2,1632342.2,12,0.0,3,0,2
4,332,1632152.4,1632296.8,9,0.0,3,0,1
2,227,1633469.4,1633510.6,7,0.0,3,0,1
3,387,1634934.5,1634975.8,7,0.0,3,0,1
1,26,1635583.8,1636738.8,12,0.0,3,0,2
4,111,1638541.0,1639696.0,12,0.0,3,0,2
2,249,1639608.0,1639649.2,7,0.0,3,0,1
3,13,1640095.8,1641250.8,12,0.0,3,0,2
2,260,1643027.1,1644182.1,12,0.0,3,0,2
1,340,1643151.1,1643192.4,7,0.0,3,0,1
3,77,1643205.8,1643288.2,8,0.0,3,0,1
4,283,1647757.8,1647799.0,7,0.0,3,0,1
1,81,1650962.4,1652117.4,12,0.0,3,0,2
1,265,1653907.1,1653948.4,7,0.0,3,0,1
4,235,1655821.2,1655903.6,8,0.0,3,0,1
2,249,1656825.5,1656866.9,7,0.0,3,0,1
4,281,1657195.2,1658350.4,12,0.0,3,0,2
3,227,1658191.1,1658232.4,7,0.0,3,0,1
2,248,1660011.6,1661166.6,12,0.0,3,0,2
1,384,1663084.0,1664239.0,12,0.0,3,0,2
3,145,1663397.0,1663479.4,8,0.0,3,0,1
3,352,1665295.5,1666450.5,12,0.0,3,0,2
2,61,1665473.1,1665514.4,7,0.0,3,0,1
4,201,1666783.1,1666824.4,7,0.0,3,0,1
1,98,1669543.9,1669585.1,7,0.0,3,0,1
4,342,1669841.0,1670996.0,12,0.0,3,0,2
2,99,1672161.0,1672202.2,7,0.0,3,0,1
4,314,1673145.0,1673227.4,8,0.0,3,0,1
1,176,1674677.4,1675832.4,12,0.0,3,0,2
3,108,1675448.0,1675736.9,10,0.0,3,0,1
2,206,1675552.4,1676707.4,12,0.0,3,0,2
3,289,1678173.0,1679328.0,12,0.0,3,0,2
1,193,1679797.8,1679880.1,8,0.0,3,0,1
4,111,1682691.0,1682732.2,7,0.0,3,0,1
4,333,1683794.2,1684949.4,12,0.0,3,0,2
2,115,1686496.2,1686537.5,7,0.0,3,0,1
1,61,1686967.0,1688122.1,12,0.0,3,0,2
4,107,1688392.6,1688537.0,9,0.0,3,0,1
1,381,1689950.4,1689991.6,7,0.0,3,0,1
2,22,1691639.4,1691721.8,8,0.0,3,0,1
2,172,1693670.1,1694825.2,12,0.0,3,0,2
1,72,1699309.6,1699350.9,7,0.0,3,0,1
3,398,1699681.6,1700836.6,12,0.0,3,0,2
2,308,1701587.5,1701628.8,7,0.0,3,0,1
1,245,1702080.5,1703235.5,12,0.0,3,0,2
4,146,1703701.0,1704856.1,12,0.0,3,0,2
4,277,1704875.2,1705019.6,9,0.0,3,0,1
3,290,1706034.6,1706117.1,8,0.0,3,0,1
2,55,1707570.2,1708725.2,12,0.0,3,0,2
1,262,1708142.9,1708184.1,7,0.0,3,0,1
2,276,1712695.2,1712736.5,7,0.0,3,0,1
1,298,1714627.6,1714669.0,7,0.0,3,0,1
3,175,1714920.0,1716075.1,12,0.0,3,0,2
2,201,1717306.5,1717347.8,7,0.0,3,0,1
3,45,1718196.8,1718238.0,7,0.0,3,0,1
4,166,1719486.9,1719528.1,7,0.0,3,0,1
1,17,1720517.4,1721672.4,12,0.0,3,0,2
4,119,1721692.1,1722847.1,12,0.0,3,0,2
2,73,1722337.2,1723492.2,12,0.0,3,0,2
3,169,1722441.5,1722482.8,7,0.0,3,0,1
1,218,1722622.6,1722664.0,7,0.0,3,0,1
4,178,1729047.0,1729088.2,7,0.0,3,0,1
3,264,1729710.6,1729793.0,8,0.0,3,0,1
3,354,1730680.0,1731835.1,12,0.0,3,0,2
1,386,1733667.0,1734822.0,12,0.0,3,0,2
4,320,1734106.9,1735262.0,12,0.0,3,0,2
2,121,1735011.4,1735093.8,8,0.0,3,0,1
2,108,1736397.1,1737552.1,12,0.0,3,0,2
4,279,1736743.1,1736887.6,9,0.0,3,0,1
1,61,1738317.2,1738358.5,7,0.0,3,0,1
3,206,1742579.0,1742723.4,9,0.0,3,0,1
3,393,1745039.5,1746194.6,12,0.0,3,0,2
1,372,1746747.2,1747902.2,12,0.0,3,0,2
2,41,1747255.6,1747296.9,7,0.0,3,0,1
4,94,1748232.1,1749387.2,12,0.0,3,0,2
2,233,1748316.5,1749471.5,12,0.0,3,0,2
1,291,1749061.2,1749102.5,7,0.0,3,0,1
4,365,1751316.8,1751358.0,7,0.0,3,0,1
1,397,1753855.4,1753896.6,7,0.0,3,0,1
2,218,1754556.1,1754597.4,7,0.0,3,0,1
3,140,1757545.5,1757627.9,8,0.0,3,0,1
4,342,1758391.1,1758535.5,9,0.0,3,0,1
1,265,1758587.9,1759742.9,12,0.0,3,0,2
2,327,1759718.0,1759759.2,7,0.0,3,0,1
2,248,1762847.9,1764002.9,12,0.0,3,0,2
1,88,1762969.6,1763010.9,7,0.0,3,0,1
1,72,1767781.9,1767823.1,7,0.0,3,0,1
1,129,1770815.1,1771970.1,12,0.0,3,0,2
2,60,1771504.9,1771546.1,7,0.0,3,0,1
4,252,1772164.4,1773319.5,12,0.0,3,0,2
3,380,1774239.6,1775394.6,12,0.0,3,0,2
1,182,1774360.4,1774401.6,7,0.0,3,0,1
2,352,1775259.9,1776414.9,12,0.0,3,0,2
2,151,1778911.5,1778952.8,7,0.0,3,0,1
3,5,1780310.6,1780351.9,7,0.0,3,0,1
4,111,1780368.8,1780410.0,7,0.0,3,0,1
2,64,1784734.4,1784816.8,8,0.0,3,0,1
1,264,1785136.5,1785218.9,8,0.0,3,0,1
3,274,1788097.1,1789252.2,12,0.0,3,0,2
4,238,1788309.2,1789464.2,12,0.0,3,0,2
2,217,1789867.6,1791022.8,12,0.0,3,0,2
1,288,1790865.9,1792020.9,12,0.0,3,0,2
3,375,1793658.9,1793700.2,7,0.0,3,0,1
1,314,1797492.1,1797574.5,8,0.0,3,0,1
4,264,1798499.6,1798582.0,8,0.0,3,0,1
3,178,1799052.9,1799094.1,7,0.0,3,0,1
4,317,1801091.1,1802246.2,12,0.0,3,0,2
3,68,1801909.5,1803064.6,12,0.0,3,0,2
2,308,1804834.6,1804875.9,7,0.0,3,0,1
1,389,1805665.1,1806820.2,12,0.0,3,0,2
3,381,1807772.9,1807814.1,7,0.0,3,0,1
1,228,1807926.6,1807967.9,7,0.0,3,0,1
2,230,1809429.8,1809471.1,7,0.0,3,0,1
2,173,1810169.1,1811324.1,12,0.0,3,0,2
4,118,1811663.0,1811704.2,7,0.0,3,0,1
4,67,1813513.4,1814668.5,12,0.0,3,0,2
3,330,1813952.6,1815107.6,12,0.0,3,0,2
1,237,1814468.1,1814509.4,7,0.0,3,0,1
2,275,1816077.0,1816118.2,7,0.0,3,0,1
3,304,1816414.0,1816455.4,7,0.0,3,0,1
4,177,1816454.9,1816496.1,7,0.0,3,0,1
1,97,1818271.9,1819426.9,12,0.0,3,0,2
2,88,1820299.1,1820340.4,7,0.0,3,0,1
1,383,1821042.1,1821083.4,7,0.0,3,0,1
2,183,1822380.0,1823535.0,12,0.0,3,0,2
3,393,1823999.5,1824081.9,8,0.0,3,0,1
4,272,1824388.8,1824533.2,9,0.0,3,0,1
1,155,1826659.2,1826803.8,9,0.0,3,0,1
2,387,1827285.2,1827326.5,7,0.0,3,0,1
3,48,1827933.0,1829088.0,12,0.0,3,0,2
4,324,1828738.4,1829893.4,12,0.0,3,0,2
2,369,1831924.4,1832006.8,8,0.0,3,0,1
2,13,1834569.1,1835724.1,12,0.0,3,0,2
3,130,1834990.9,1835073.2,8,0.0,3,0,1
1,10,1838009.5,1839164.5,12,0.0,3,0,2
3,373,1839966.5,1841121.6,12,0.0,3,0,2
4,206,1841434.0,1842589.0,12,0.0,3,0,2
4,178,1845673.0,1845714.2,7,0.0,3,0,1
1,237,1846347.5,1846388.8,7,0.0,3,0,1
2,68,1847170.4,1848325.5,12,0.0,3,0,2
1,56,1850074.9,1851229.9,12,0.0,3,0,2
2,210,1851424.1,1851465.4,7,0.0,3,0,1
4,145,1854756.9,1854839.2,8,0.0,3,0,1
4,333,1854902.1,1856057.1,12,0.0,3,0,2
3,73,1858927.4,1860082.4,12,0.0,3,0,2
2,112,1859205.8,1860360.9,12,0.0,3,0,2
2,99,1860771.0,1860812.2,7,0.0,3,0,1
3,291,1861489.4,1861530.6,7,0.0,3,0,1
4,177,1863753.4,1863794.6,7,0.0,3,0,1
1,303,1864751.6,1864896.0,9,0.0,3,0,1
1,174,1866184.5,1867339.5,12,0.0,3,0,2
4,271,1867653.5,1868808.5,12,0.0,3,0,2
2,210,1870839.5,1870880.8,7,0.0,3,0,1
3,155,1873835.6,1874990.6,12,0.0,3,0,2
4,278,1874015.2,1874097.6,8,0.0,3,0,1
2,370,1875109.9,1876264.9,12,0.0,3,0,2
2,117,1878530.8,1878572.0,7,0.0,3,0,1
1,8,1880766.6,1880807.9,7,0.0,3,0,1
3,220,1881741.4,1881782.6,7,0.0,3,0,1
4,74,1882605.8,1882647.0,7,0.0,3,0,1
4,146,1884744.2,1885899.2,12,0.0,3,0,2
3,87,1885864.2,1887019.2,12,0.0,3,0,2
1,197,1887034.9,1888190.0,12,0.0,3,0,2
2,186,1890647.1,1890688.4,7,0.0,3,0,1
2,102,1892634.5,1893789.5,12,0.0,3,0,2
4,78,1894905.2,1894987.6,8,0.0,3,0,1
2,363,1895570.1,1895611.4,7,0.0,3,0,1
3,179,1896491.2,1896573.6,8,0.0,3,0,1
1,50,1898100.0,1898182.4,8,0.0,3,0,1
3,163,1898815.8,1899970.9,12,0.0,3,0,2
4,309,1901835.8,1902990.8,12,0.0,3,0,2
1,84,1902921.0,1904076.0,12,0.0,3,0,2
4,142,1908426.1,1908467.4,7,0.0,3,0,1
3,115,1908619.9,1908661.1,7,0.0,3,0,1
1,88,1909218.2,1909259.5,7,0.0,3,0,1
2,269,1909273.5,1910428.6,12,0.0,3,0,2
4,245,1914707.4,1915862.4,12,0.0,3,0,2
1,298,1916246.6,1916287.9,7,0.0,3,0,1
3,394,1917542.0,1918697.0,12,0.0,3,0,2
1,307,1920688.6,1920729.9,7,0.0,3,0,1
2,25,1922877.9,1922919.2,7,0.0,3,0,1
1,90,1923448.1,1924603.1,12,0.0,3,0,2
2,344,1924051.5,1925206.5,12,0.0,3,0,2
4,107,1924293.2,1924437.6,9,0.0,3,0,1
3,168,1925187.4,1925331.8,9,0.0,3,0,1
4,305,1926717.2,1927872.4,12,0.0,3,0,2
2,270,1927497.8,1927539.0,7,0.0,3,0,1
3,143,1931160.9,1932315.9,12,0.0,3,0,2
2,367,1931632.4,1931714.8,8,0.0,3,0,1
1,306,1932934.8,1933079.1,9,0.0,3,0,1
1,48,1938229.1,1939384.1,12,0.0,3,0,2
3,210,1940352.6,1940393.9,7,0.0,3,0,1
2,39,1941431.0,1941472.2,7,0.0,3,0,1
3,114,1944677.8,1944760.1,8,0.0,3,0,1
4,22,1948894.6,1948977.0,8,0.0,3,0,1
1,226,1949999.5,1950040.8,7,0.0,3,0,1
4,34,1954052.1,1955207.1,12,0.0,3,0,2
2,169,1954060.0,1954101.4,7,0.0,3,0,1
3,118,1954614.4,1954655.6,7,0.0,3,0,1
1,19,1957253.6,1958408.8,12,0.0,3,0,2
2,189,1957964.9,1959119.9,12,0.0,3,0,2
3,132,1959539.1,1959621.6,8,0.0,3,0,1
4,360,1960349.0,1960431.4,8,0.0,3,0,1
1,126,1961988.5,1962029.8,7,0.0,3,0,1
2,103,1962761.8,1962844.1,8,0.0,3,0,1
3,118,1963571.2,1964726.4,12,0.0,3,0,2
4,188,1967681.9,1968836.9,12,0.0,3,0,2
1,330,1968688.4,1968729.6,7,0.0,3,0,1
4,326,1969152.0,1969234.4,8,0.0,3,0,1
1,344,1969245.1,1970400.1,12,0.0,3,0,2
3,96,1969954.8,1970037.1,8,0.0,3,0,1
3,143,1976421.6,1977576.6,12,0.0,3,0,2
1,196,1976813.8,1976896.1,8,0.0,3,0,1
2,58,1977299.0,1977340.2,7,0.0,3,0,1
2,44,1980005.5,1981160.5,12,0.0,3,0,2
2,326,1983027.1,1983109.5,8,0.0,3,0,1
1,84,1984272.2,1985427.2,12,0.0,3,0,2
4,199,1984461.0,1985616.0,12,0.0,3,0,2
3,138,1986219.2,1986301.6,8,0.0,3,0,1
4,33,1988400.2,1988544.6,9,0.0,3,0,1
3,8,1988597.8,1989752.8,12,0.0,3,0,2
1,360,1989546.2,1989628.6,8,0.0,3,0,1
2,329,1992520.4,1993675.4,12,0.0,3,0,2
2,216,1994929.2,1994970.5,7,0.0,3,0,1
1,109,1996695.0,1997850.0,12,0.0,3,0,2
4,221,1998105.2,1999260.2,12,0.0,3,0,2
1,45,1998371.1,1998412.4,7,0.0,3,0,1
2,353,2001529.6,2001612.0,8,0.0,3,0,1
3,396,2002240.9,2002323.2,8,0.0,3,0,1
1,83,2003056.4,2003097.6,7,0.0,3,0,1
3,144,2003936.5,2005091.5,12,0.0,3,0,2
2,403,2004957.6,2006112.6,12,0.0,3,0,2
4,151,2005767.0,2005808.2,7,0.0,3,0,1
1,84,2008950.5,2010105.6,12,0.0,3,0,2
4,294,2010064.0,2011219.0,12,0.0,3,0,2
2,136,2011154.2,2011298.8,9,0.0,3,0,1
4,124,2013225.6,2013370.0,9,0.0,3,0,1
1,75,2014315.8,2014357.0,7,0.0,3,0,1
3,39,2016748.1,2016789.4,7,0.0,3,0,1
2,350,2017662.9,2018817.9,12,0.0,3,0,2
1,183,2020846.4,2022001.4,12,0.0,3,0,2
3,32,2021260.6,2021301.9,7,0.0,3,0,1
4,107,2021643.0,2022798.0,12,0.0,3,0,2
3,164,2022576.5,2023731.6,12,0.0,3,0,2
1,342,2026419.2,2026563.8,9,0.0,3,0,1
2,42,2028996.2,2029037.5,7,0.0,3,0,1
4,210,2029905.2,2029946.5,7,0.0,3,0,1
3,381,2030410.9,2030452.1,7,0.0,3,0,1
2,258,2030815.4,2031970.5,12,0.0,3,0,2
4,52,2033363.6,2034518.6,12,0.0,3,0,2
3,46,2034428.5,2035583.5,12,0.0,3,0,2
2,363,2035266.8,2035308.0,7,0.0,3,0,1
3,402,2036458.2,2036540.6,8,0.0,3,0,1
4,397,2038938.9,2038980.1,7,0.0,3,0,1
1,125,2041175.1,2041216.4,7,0.0,3,0,1
1,180,2041997.0,2043152.0,12,0.0,3,0,2
2,365,2043158.0,2043199.2,7,0.0,3,0,1
3,174,2047227.6,2048382.8,12,0.0,3,0,2
2,34,2047963.0,2049118.1,12,0.0,3,0,2
1,216,2048753.9,2048795.1,7,0.0,3,0,1
3,41,2049893.1,2049934.4,7,0.0,3,0,1
2,81,2051572.5,2051716.8,9,0.0,3,0,1
4,116,2052408.8,2052450.0,7,0.0,3,0,1
4,304,2053672.9,2054827.9,12,0.0,3,0,2
1,72,2054095.5,2054136.8,7,0.0,3,0,1
1,285,2055447.8,2056602.8,12,0.0,3,0,2
3,149,2055574.2,2055863.0,10,0.0,3,0,1
4,117,2056807.9,2056849.1,7,0.0,3,0,1
2,7,2060590.6,2061745.6,12,0.0,3,0,2
1,205,2062727.2,2062768.5,7,0.0,3,0,1
4,31,2063604.5,2063748.8,9,0.0,3,0,1
4,146,2065787.6,2066942.6,12,0.0,3,0,2
2,58,2066700.0,2066741.2,7,0.0,3,0,1
1,388,2067113.5,2067257.8,9,0.0,3,0,1
3,197,2068078.1,2069233.1,12,0.0,3,0,2
2,269,2072743.6,2073898.6,12,0.0,3,0,2
2,396,2077837.9,2077920.4,8,0.0,3,0,1
4,120,2079021.8,2080176.8,12,0.0,3,0,2
3,100,2082000.2,2083155.2,12,0.0,3,0,2
1,203,2083523.2,2084678.2,12,0.0,3,0,2
2,208,2084629.1,2085784.1,12,0.0,3,0,2
1,50,2086125.8,2086208.2,8,0.0,3,0,1
3,215,2087720.2,2087761.5,7,0.0,3,0,1
4,372,2090910.9,2092065.9,12,0.0,3,0,2
2,359,2090933.1,2091015.6,8,0.0,3,0,1
4,377,2093879.4,2093920.6,7,0.0,3,0,1
3,270,2094354.0,2094395.2,7,0.0,3,0,1
1,245,2095750.8,2096905.8,12,0.0,3,0,2
2,71,2097429.0,2098584.0,12,0.0,3,0,2
3,202,2097678.5,2098833.5,12,0.0,3,0,2
1,317,2099623.0,2099767.2,9,0.0,3,0,1
3,327,2100686.5,2100727.8,7,0.0,3,0,1
2,215,2103056.2,2103097.5,7,0.0,3,0,1
4,33,2103962.2,2105117.2,12,0.0,3,0,2
3,375,2105055.8,2105097.0,7,0.0,3,0,1
4,251,2107132.5,2107173.8,7,0.0,3,0,1
2,369,2108060.0,2108142.5,8,0.0,3,0,1
1,11,2108223.5,2109378.5,12,0.0,3,0,2
2,358,2109582.0,2110737.0,12,0.0,3,0,2
3,45,2110616.8,2110658.0,7,0.0,3,0,1
3,19,2111492.2,2112647.2,12,0.0,3,0,2
4,242,2112162.5,2112203.8,7,0.0,3,0,1
4,238,2116107.2,2117262.2,12,0.0,3,0,2
1,47,2116185.5,2116226.8,7,0.0,3,0,1
4,314,2118435.2,2118517.8,8,0.0,3,0,1
3,375,2119486.8,2119528.0,7,0.0,3,0,1
2,99,2119646.0,2119687.2,7,0.0,3,0,1
1,125,2121195.8,2121237.0,7,0.0,3,0,1
2,87,2122773.2,2123928.2,12,0.0,3,0,2
1,339,2122841.8,2123996.8,12,0.0,3,0,2
3,161,2125771.2,2125853.8,8,0.0,3,0,1
2,186,2126471.2,2126512.5,7,0.0,3,0,1
1,397,2127783.2,2127824.5,7,0.0,3,0,1
4,15,2128409.5,2129564.5,12,0.0,3,0,2
3,343,2131443.2,2132598.5,12,0.0,3,0,2
2,316,2131517.8,2131559.0,7,0.0,3,0,1
4,79,2132107.2,2132148.5,7,0.0,3,0,1
1,276,2134215.0,2134256.2,7,0.0,3,0,1
3,115,2135469.0,2135510.2,7,0.0,3,0,1
1,273,2139439.0,2139480.2,7,0.0,3,0,1
2,247,2141182.5,2142337.8,12,0.0,3,0,2
3,123,2141844.0,2141926.5,8,0.0,3,0,1
4,186,2142009.0,2142050.2,7,0.0,3,0,1
4,397,2143124.5,2144279.5,12,0.0,3,0,2
1,131,2143129.5,2144284.5,12,0.0,3,0,2
3,102,2150600.8,2151755.8,12,0.0,3,0,2
2,126,2151562.8,2151604.0,7,0.0,3,0,1
4,210,2151698.5,2151739.8,7,0.0,3,0,1
3,37,2152383.2,2152465.8,8,0.0,3,0,1
1,307,2152636.5,2152677.8,7,0.0,3,0,1
2,374,2153933.8,2155088.8,12,0.0,3,0,2
4,300,2156599.5,2157754.8,12,0.0,3,0,2
2,316,2157672.0,2157713.5,7,0.0,3,0,1
1,128,2159315.8,2160470.8,12,0.0,3,0,2
4,133,2160428.8,2160470.0,7,0.0,3,0,1
1,142,2161003.5,2161044.8,7,0.0,3,0,1
3,313,2162476.0,2163631.0,12,0.0,3,0,2
2,39,2162703.8,2162745.0,7,0.0,3,0,1
4,76,2165901.5,2165942.8,7,0.0,3,0,1
2,394,2166575.5,2167730.5,12,0.0,3,0,2
1,72,2167866.0,2167907.2,7,0.0,3,0,1
2,11,2169820.5,2169964.8,9,0.0,3,0,1
3,39,2170977.2,2171018.5,7,0.0,3,0,1
1,396,2170988.0,2172143.0,12,0.0,3,0,2
4,9,2172090.2,2173245.2,12,0.0,3,0,2
1,8,2173469.0,2173510.2,7,0.0,3,0,1
4,169,2174722.8,2174764.0,7,0.0,3,0,1
3,54,2176346.5,2176387.8,7,0.0,3,0,1
1,275,2180347.2,2180388.5,7,0.0,3,0,1
3,262,2180630.2,2180671.5,7,0.0,3,0,1
4,67,2182075.8,2182158.2,8,0.0,3,0,1
2,302,2182347.2,2183502.2,12,0.0,3,0,2
3,346,2183694.0,2184849.0,12,0.0,3,0,2
4,207,2184513.8,2185668.8,12,0.0,3,0,2
1,119,2184637.5,2185792.5,12,0.0,3,0,2
2,116,2185373.2,2185414.5,7,0.0,3,0,1
3,318,2187659.2,2187700.5,7,0.0,3,0,1
1,161,2189308.8,2189391.2,8,0.0,3,0,1
2,398,2191005.2,2191149.8,9,0.0,3,0,1
4,142,2191915.0,2191956.2,7,0.0,3,0,1
3,371,2194331.5,2194475.8,9,0.0,3,0,1
2,332,2194621.8,2195776.8,12,0.0,3,0,2
1,43,2196563.2,2197718.2,12,0.0,3,0,2
4,226,2196914.2,2196955.5,7,0.0,3,0,1
1,323,2199864.2,2199946.8,8,0.0,3,0,1
4,177,2201035.5,2202190.5,12,0.0,3,0,2
3,122,2201401.8,2202557.0,12,0.0,3,0,2
4,38,2202762.8,2202907.0,9,0.0,3,0,1
1,163,2208766.5,2209921.8,12,0.0,3,0,2
2,253,2209323.0,2210478.0,12,0.0,3,0,2
1,298,2213222.5,2213263.8,7,0.0,3,0,1
2,361,2213398.5,2213439.8,7,0.0,3,0,1
3,204,2213791.8,2213833.0,7,0.0,3,0,1
4,52,2214407.0,2215562.0,12,0.0,3,0,2
3,303,2214715.5,2215870.5,12,0.0,3,0,2
1,93,2217757.8,2217799.0,7,0.0,3,0,1
2,45,2218935.2,2218976.5,7,0.0,3,0,1
3,167,2219648.2,2219689.5,7,0.0,3,0,1
1,255,2220445.8,2221600.8,12,0.0,3,0,2
4,397,2220542.2,2220583.5,7,0.0,3,0,1
2,50,2221155.0,2222310.0,12,0.0,3,0,2
1,393,2223466.8,2223549.2,8,0.0,3,0,1
4,121,2224746.0,2224828.5,8,0.0,3,0,1
2,124,2226012.0,2226156.2,9,0.0,3,0,1
4,388,2226182.2,2227337.2,12,0.0,3,0,2
3,45,2226281.2,2226322.5,7,0.0,3,0,1
3,307,2228785.0,2229940.0,12,0.0,3,0,2
1,93,2232337.2,2232378.5,7,0.0,3,0,1
4,27,2233011.5,2233155.8,9,0.0,3,0,1
3,220,2234699.8,2234741.0,7,0.0,3,0,1
2,156,2235811.8,2236966.8,12,0.0,3,0,2
1,188,2238936.5,2240091.5,12,0.0,3,0,2
4,351,2241179.0,2242334.0,12,0.0,3,0,2
3,23,2242132.5,2243287.5,12,0.0,3,0,2
3,318,2244082.2,2244123.5,7,0.0,3,0,1
2,339,2244661.5,2244744.0,8,0.0,3,0,1
1,364,2245696.8,2245779.2,8,0.0,3,0,1
4,36,2249150.5,2249233.0,8,0.0,3,0,1
3,258,2250737.8,2250779.0,7,0.0,3,0,1
2,388,2250860.5,2252015.5,12,0.0,3,0,2
1,274,2252721.2,2253876.2,12,0.0,3,0,2
4,51,2253138.0,2254293.0,12,0.0,3,0,2
2,209,2254769.2,2254913.5,9,0.0,3,0,1
1,240,2257151.5,2257192.8,7,0.0,3,0,1
3,49,2257806.0,2257847.2,7,0.0,3,0,1
1,340,2263408.2,2263449.5,7,0.0,3,0,1
1,203,2264566.5,2265721.5,12,0.0,3,0,2
3,212,2264640.8,2265796.0,12,0.0,3,0,2
3,336,2266909.2,2266950.5,7,0.0,3,0,1
4,77,2267293.0,2267375.5,8,0.0,3,0,1
1,133,2267928.5,2267969.8,7,0.0,3,0,1
2,319,2268226.2,2269381.2,12,0.0,3,0,2
4,29,2269942.8,2271098.0,12,0.0,3,0,2
1,244,2273289.8,2273331.0,7,0.0,3,0,1
3,251,2275648.5,2275689.8,7,0.0,3,0,1
2,367,2278302.8,2278385.2,8,0.0,3,0,1
1,339,2278541.2,2278623.8,8,0.0,3,0,1
1,373,2279035.2,2280190.2,12,0.0,3,0,2
4,318,2279076.2,2279117.5,7,0.0,3,0,1
3,37,2279089.2,2280244.5,12,0.0,3,0,2
4,346,2282057.5,2283212.8,12,0.0,3,0,2
3,387,2282425.8,2282467.0,7,0.0,3,0,1
2,269,2282497.5,2283652.5,12,0.0,3,0,2
2,262,2287272.5,2287313.8,7,0.0,3,0,1
3,295,2288245.2,2288328.0,8,0.0,3,0,1
1,308,2288339.5,2288380.8,7,0.0,3,0,1
3,166,2290690.2,2291845.2,12,0.0,3,0,2
1,59,2290731.5,2291886.5,12,0.0,3,0,2
1,343,2292560.2,2292601.5,7,0.0,3,0,1
4,64,2295991.0,2296073.5,8,0.0,3,0,1
4,162,2297237.2,2298392.2,12,0.0,3,0,2
1,169,2298161.5,2298202.8,7,0.0,3,0,1
3,375,2298643.0,2298684.2,7,0.0,3,0,1
2,369,2302266.2,2303421.5,12,0.0,3,0,2
1,401,2303131.2,2304286.5,12,0.0,3,0,2
3,246,2303169.8,2304324.8,12,0.0,3,0,2
4,239,2304819.5,2304902.0,8,0.0,3,0,1
1,151,2305613.0,2305654.2,7,0.0,3,0,1
3,104,2305635.8,2305677.0,7,0.0,3,0,1
2,42,2308237.2,2308278.5,7,0.0,3,0,1
1,190,2311827.0,2311868.2,7,0.0,3,0,1
1,323,2316656.0,2316738.5,8,0.0,3,0,1
3,326,2318005.2,2319160.5,12,0.0,3,0,2
4,393,2318036.2,2318118.8,8,0.0,3,0,1
4,312,2320389.8,2321544.8,12,0.0,3,0,2
3,359,2320543.5,2320626.0,8,0.0,3,0,1
1,73,2323264.8,2324419.8,12,0.0,3,0,2
2,39,2324218.0,2324259.2,7,0.0,3,0,1
1,113,2324961.5,2325002.8,7,0.0,3,0,1
4,343,2328828.5,2328869.8,7,0.0,3,0,1
1,158,2329310.8,2329352.0,7,0.0,3,0,1
3,91,2330597.2,2331752.2,12,0.0,3,0,2
2,10,2331244.8,2332400.0,12,0.0,3,0,2
4,124,2332928.2,2334083.2,12,0.0,3,0,2
3,109,2333375.5,2333416.8,7,0.0,3,0,1
1,350,2334341.5,2334630.2,10,0.0,3,0,1
1,123,2339758.2,2340913.2,12,0.0,3,0,2
2,145,2340043.5,2340126.0,8,0.0,3,0,1
3,129,2342413.2,2343568.2,12,0.0,3,0,2
4,83,2342852.2,2342893.5,7,0.0,3,0,1
4,237,2345003.5,2346158.5,12,0.0,3,0,2
3,133,2345156.0,2345197.2,7,0.0,3,0,1
2,393,2348332.5,2348415.0,8,0.0,3,0,1
4,14,2350025.0,2350066.2,7,0.0,3,0,1
2,189,2350743.0,2351898.0,12,0.0,3,0,2
3,229,2355349.5,2356504.8,12,0.0,3,0,2
4,287,2356576.8,2356618.0,7,0.0,3,0,1
2,99,2356828.0,2356869.5,7,0.0,3,0,1
4,163,2357041.2,2358196.2,12,0.0,3,0,2
1,254,2360578.8,2361734.0,12,0.0,3,0,2
3,400,2361228.0,2361269.2,7,0.0,3,0,1
2,283,2363496.0,2363537.2,7,0.0,3,0,1
2,273,2365224.0,2366379.2,12,0.0,3,0,2
4,135,2365340.8,2365485.0,9,0.0,3,0,1
1,42,2366120.8,2366162.0,7,0.0,3,0,1
3,231,2368178.8,2369333.8,12,0.0,3,0,2
3,65,2373130.2,2373171.5,7,0.0,3,0,1
1,275,2373213.5,2373254.8,7,0.0,3,0,1
4,10,2376505.5,2377660.8,12,0.0,3,0,2
3,67,2377724.2,2377807.0,8,0.0,3,0,1
1,400,2378279.0,2378320.2,7,0.0,3,0,1
2,101,2378947.5,2380102.5,12,0.0,3,0,2
4,13,2380097.0,2380179.5,8,0.0,3,0,1
3,17,2380634.5,2381789.5,12,0.0,3,0,2
2,290,2380979.2,2381061.8,8,0.0,3,0,1
1,344,2381343.2,2382498.2,12,0.0,3,0,2
1,401,2386281.2,2386363.8,8,0.0,3,0,1
4,50,2388932.0,2390087.0,12,0.0,3,0,2
3,291,2389108.5,2389149.8,7,0.0,3,0,1
2,228,2389522.8,2389564.0,7,0.0,3,0,1
4,61,2393568.5,2393609.8,7,0.0,3,0,1
3,113,2393717.5,2393758.8,7,0.0,3,0,1
2,152,2395375.2,2395416.5,7,0.0,3,0,1
1,370,2396449.5,2397604.5,12,0.0,3,0,2
3,178,2396783.5,2397938.5,12,0.0,3,0,2
2,320,2397885.8,2399040.8,12,0.0,3,0,2
3,214,2400005.0,2400149.2,9,0.0,3,0,1
2,12,2403118.8,2403201.2,8,0.0,3,0,1
4,375,2403452.8,2403494.0,7,0.0,3,0,1
1,205,2405550.0,2405591.2,7,0.0,3,0,1
4,78,2408303.0,2408385.5,8,0.0,3,0,1
3,198,2408876.5,2410031.5,12,0.0,3,0,2
4,42,2409822.0,2410977.0,12,0.0,3,0,2
1,237,2409966.0,2411121.0,12,0.0,3,0,2
2,156,2414770.0,2415925.0,12,0.0,3,0,2
1,359,2417523.8,2417606.2,8,0.0,3,0,1
4,237,2418607.2,2418648.5,7,0.0,3,0,1
1,10,2421766.2,2422921.5,12,0.0,3,0,2
2,114,2421827.8,2421910.2,8,0.0,3,0,1
4,402,2421965.5,2423120.5,12,0.0,3,0,2
3,5,2422074.8,2422116.0,7,0.0,3,0,1
4,194,2424602.2,2424684.8,8,0.0,3,0,1
3,197,2430164.5,2431319.5,12,0.0,3,0,2
2,329,2430473.5,2431628.5,12,0.0,3,0,2
3,220,2432490.0,2432531.2,7,0.0,3,0,1
2,262,2432922.0,2432963.5,7,0.0,3,0,1
2,67,2437164.0,2437246.5,8,0.0,3,0,1
3,397,2438875.8,2438917.0,7,0.0,3,0,1
4,318,2439662.5,2439703.8,7,0.0,3,0,1
4,110,2439727.8,2440882.8,12,0.0,3,0,2
1,47,2441000.2,2441041.5,7,0.0,3,0,1
3,99,2443334.5,2443375.8,7,0.0,3,0,1
2,192,2444104.0,2445259.0,12,0.0,3,0,2
4,168,2445281.8,2445426.0,9,0.0,3,0,1
3,165,2445306.2,2446461.2,12,0.0,3,0,2
2,308,2446113.8,2446155.0,7,0.0,3,0,1
1,189,2449456.5,2450611.5,12,0.0,3,0,2
2,177,2450238.5,2450279.8,7,0.0,3,0,1
4,187,2452163.2,2453318.2,12,0.0,3,0,2
1,50,2453890.5,2453973.0,8,0.0,3,0,1
3,160,2454994.5,2455035.8,7,0.0,3,0,1
2,106,2457430.8,2457472.0,7,0.0,3,0,1
3,73,2457776.0,2458931.2,12,0.0,3,0,2
2,152,2460047.5,2461202.8,12,0.0,3,0,2
4,241,2460259.8,2460342.2,8,0.0,3,0,1
1,52,2462416.0,2463571.0,12,0.0,3,0,2
3,182,2463717.5,2463758.8,7,0.0,3,0,1
4,29,2464653.5,2465808.5,12,0.0,3,0,2
2,258,2465606.0,2465647.2,7,0.0,3,0,1
1,244,2467449.0,2467490.2,7,0.0,3,0,1
3,201,2468879.0,2468920.2,7,0.0,3,0,1
3,162,2469661.5,2470816.8,12,0.0,3,0,2
2,331,2470201.0,2470283.5,8,0.0,3,0,1
1,339,2471776.8,2471859.5,8,0.0,3,0,1
1,362,2475617.8,2476772.8,12,0.0,3,0,2
4,240,2476869.5,2476910.8,7,0.0,3,0,1
2,101,2477661.2,2478816.2,12,0.0,3,0,2
3,253,2477695.2,2477777.8,8,0.0,3,0,1
4,12,2478073.5,2479228.5,12,0.0,3,0,2
4,317,2481662.0,2481806.5,9,0.0,3,0,1
1,404,2482323.2,2482364.5,7,0.0,3,0,1
3,118,2484319.2,2485474.2,12,0.0,3,0,2
2,290,2486368.5,2486451.0,8,0.0,3,0,1
1,398,2486799.0,2486943.2,9,0.0,3,0,1
1,292,2487565.8,2488720.8,12,0.0,3,0,2
3,391,2488212.5,2488253.8,7,0.0,3,0,1
4,351,2490552.8,2491707.8,12,0.0,3,0,2
2,163,2491554.0,2492709.0,12,0.0,3,0,2
3,179,2493955.0,2494037.5,8,0.0,3,0,1
2,404,2496641.5,2496682.8,7,0.0,3,0,1
3,338,2498790.2,2499945.2,12,0.0,3,0,2
1,243,2499218.0,2500373.0,12,0.0,3,0,2
3,182,2503664.2,2503705.5,7,0.0,3,0,1
2,179,2507318.2,2507401.0,8,0.0,3,0,1
4,347,2509259.8,2509301.0,7,0.0,3,0,1
1,25,2509960.5,2510001.8,7,0.0,3,0,1
2,295,2510257.8,2511412.8,12,0.0,3,0,2
1,108,2510835.5,2511990.5,12,0.0,3,0,2
3,182,2510858.0,2510899.2,7,0.0,3,0,1
4,383,2511583.2,2512738.2,12,0.0,3,0,2
4,142,2514021.5,2514062.8,7,0.0,3,0,1
1,50,2514248.8,2514331.2,8,0.0,3,0,1
3,113,2515513.0,2515554.2,7,0.0,3,0,1
2,32,2517622.2,2517663.5,7,0.0,3,0,1
3,159,2521397.5,2521438.8,7,0.0,3,0,1
3,114,2523269.8,2524424.8,12,0.0,3,0,2
4,53,2523746.2,2524901.2,12,0.0,3,0,2
1,80,2524273.8,2524315.0,7,0.0,3,0,1
3,385,2526316.8,2526358.0,7,0.0,3,0,1
1,286,2527272.0,2528427.0,12,0.0,3,0,2
1,267,2529276.0,2529317.5,7,0.0,3,0,1
4,25,2530164.5,2530205.8,7,0.0,3,0,1
2,290,2530168.0,2530250.5,8,0.0,3,0,1
3,226,2533330.0,2533371.2,7,0.0,3,0,1
2,173,2533773.8,2534928.8,12,0.0,3,0,2
4,201,2534857.0,2534898.2,7,0.0,3,0,1
1,219,2536699.8,2536782.2,8,0.0,3,0,1
4,297,2537270.2,2538425.2,12,0.0,3,0,2
2,57,2539001.2,2539145.5,9,0.0,3,0,1
1,103,2539083.8,2540238.8,12,0.0,3,0,2
3,167,2540237.8,2540279.0,7,0.0,3,0,1
4,206,2540594.5,2540738.8,9,0.0,3,0,1
3,28,2541311.5,2542466.5,12,0.0,3,0,2
2,86,2545609.0,2546764.0,12,0.0,3,0,2
4,231,2549222.0,2550377.0,12,0.0,3,0,2
1,388,2551161.2,2552316.2,12,0.0,3,0,2
3,356,2554572.5,2554613.8,7,0.0,3,0,1
3,295,2556376.2,2557531.2,12,0.0,3,0,2
1,123,2556535.2,2556617.8,8,0.0,3,0,1
2,284,2558393.8,2559548.8,12,0.0,3,0,2
4,276,2561376.2,2561417.5,7,0.0,3,0,1
3,356,2561766.0,2561807.2,7,0.0,3,0,1
2,134,2561960.2,2562001.5,7,0.0,3,0,1
1,64,2563255.0,2564410.0,12,0.0,3,0,2
2,110,2566360.8,2566402.0,7,0.0,3,0,1
3,291,2567233.2,2567274.5,7,0.0,3,0,1
4,314,2567689.5,2567772.0,8,0.0,3,0,1
1,142,2568730.5,2568771.8,7,0.0,3,0,1
3,400,2570547.0,2571702.0,12,0.0,3,0,2
4,301,2570970.5,2572125.5,12,0.0,3,0,2
2,277,2571442.8,2571587.2,9,0.0,3,0,1
1,61,2574817.5,2574858.8,7,0.0,3,0,1
1,101,2576374.8,2577529.8,12,0.0,3,0,2
4,117,2581900.5,2581941.8,7,0.0,3,0,1
1,284,2582072.2,2582216.5,9,0.0,3,0,1
2,376,2582531.0,2583686.0,12,0.0,3,0,2
3,319,2583133.2,2584288.2,12,0.0,3,0,2
3,227,2585539.5,2585580.8,7,0.0,3,0,1
4,242,2586998.2,2587039.5,7,0.0,3,0,1
2,39,2589062.0,2589103.2,7,0.0,3,0,1
1,198,2589919.8,2591074.8,12,0.0,3,0,2
3,271,2590171.5,2590315.8,9,0.0,3,0,1
4,205,2590696.0,2591851.0,12,0.0,3,0,2
2,246,2594345.8,2594428.2,8,0.0,3,0,1
4,78,2596195.0,2596277.5,8,0.0,3,0,1
3,195,2596480.0,2597635.0,12,0.0,3,0,2
2,335,2597578.2,2598733.5,12,0.0,3,0,2
1,264,2599135.5,2599218.0,8,0.0,3,0,1
1,120,2601932.2,2603087.5,12,0.0,3,0,2
2,79,2603294.2,2603335.5,7,0.0,3,0,1
4,166,2606114.0,2606155.2,7,0.0,3,0,1
3,177,2607112.8,2607154.0,7,0.0,3,0,1
4,368,2607923.2,2609078.2,12,0.0,3,0,2
2,318,2608238.2,2608279.5,7,0.0,3,0,1
2,188,2609647.2,2610802.2,12,0.0,3,0,2
4,404,2610378.5,2610419.8,7,0.0,3,0,1
2,113,2612664.5,2612705.8,7,0.0,3,0,1
3,394,2613283.5,2614438.5,12,0.0,3,0,2
1,221,2614715.2,2615870.2,12,0.0,3,0,2
4,125,2615006.2,2615047.5,7,0.0,3,0,1
3,79,2615156.0,2615197.2,7,0.0,3,0,1
1,210,2618492.2,2618533.5,7,0.0,3,0,1
4,9,2620519.5,2620602.0,8,0.0,3,0,1
3,105,2620893.5,2620934.8,7,0.0,3,0,1
2,25,2621965.0,2622006.2,7,0.0,3,0,1
4,298,2623592.0,2624747.0,12,0.0,3,0,2
1,265,2624054.8,2624096.0,7,0.0,3,0,1
2,331,2625169.2,2626324.2,12,0.0,3,0,2
3,167,2626002.2,2626043.5,7,0.0,3,0,1
1,120,2626610.5,2627765.5,12,0.0,3,0,2
2,311,2627983.8,2628128.0,9,0.0,3,0,1
3,284,2629703.0,2630858.0,12,0.0,3,0,2
4,273,2635362.2,2635403.5,7,0.0,3,0,1
4,49,2637520.8,2638675.8,12,0.0,3,0,2
3,152,2640396.8,2640438.0,7,0.0,3,0,1
1,182,2640769.2,2640810.5,7,0.0,3,0,1
4,360,2641038.2,2641120.8,8,0.0,3,0,1
2,377,2641519.2,2642674.2,12,0.0,3,0,2
3,23,2642104.2,2643259.2,12,0.0,3,0,2
1,333,2642639.2,2643794.2,12,0.0,3,0,2
2,230,2643900.0,2643941.2,7,0.0,3,0,1
1,104,2645956.2,2645997.5,7,0.0,3,0,1
2,167,2649274.5,2649315.8,7,0.0,3,0,1
4,346,2649687.2,2650842.2,12,0.0,3,0,2
3,279,2650549.8,2650694.0,9,0.0,3,0,1
1,336,2650957.5,2650998.8,7,0.0,3,0,1
2,368,2653184.0,2654339.0,12,0.0,3,0,2
4,193,2653961.8,2654044.2,8,0.0,3,0,1
3,217,2654118.5,2655273.5,12,0.0,3,0,2
1,205,2656087.8,2656129.0,7,0.0,3,0,1
1,384,2658824.2,2659979.2,12,0.0,3,0,2
2,132,2661737.2,2661819.8,8,0.0,3,0,1
4,285,2663246.5,2664401.5,12,0.0,3,0,2
1,134,2664449.8,2664491.0,7,0.0,3,0,1
2,84,2664757.0,2665912.0,12,0.0,3,0,2
3,82,2667000.0,2667041.2,7,0.0,3,0,1
1,228,2668734.8,2668776.0,7,0.0,3,0,1
4,136,2669016.5,2669161.0,9,0.0,3,0,1
1,92,2671509.0,2672664.0,12,0.0,3,0,2
3,389,2672486.2,2673641.2,12,0.0,3,0,2
4,101,2675088.5,2676243.5,12,0.0,3,0,2
1,383,2677494.8,2677536.0,7,0.0,3,0,1
2,161,2677547.0,2677629.5,8,0.0,3,0,1
2,259,2678449.0,2679604.0,12,0.0,3,0,2
3,88,2680003.8,2680045.0,7,0.0,3,0,1
3,46,2684895.2,2686050.2,12,0.0,3,0,2
4,92,2685748.0,2685830.5,8,0.0,3,0,1
1,30,2686695.2,2687850.2,12,0.0,3,0,2
3,145,2689434.8,2689517.2,8,0.0,3,0,1
4,34,2690679.0,2691834.0,12,0.0,3,0,2
2,168,2690856.0,2692011.0,12,0.0,3,0,2
1,22,2692508.8,2692591.2,8,0.0,3,0,1
2,85,2693126.0,2693167.2,7,0.0,3,0,1
4,167,2694456.8,2694498.0,7,0.0,3,0,1
3,252,2698183.0,2699338.2,12,0.0,3,0,2
2,142,2698441.5,2698482.8,7,0.0,3,0,1
1,340,2701017.5,2701058.8,7,0.0,3,0,1
1,302,2701610.8,2702765.8,12,0.0,3,0,2
3,331,2701932.5,2702015.2,8,0.0,3,0,1
2,83,2703898.0,2703939.2,7,0.0,3,0,1
4,303,2705182.0,2706337.0,12,0.0,3,0,2
4,287,2707386.8,2707428.0,7,0.0,3,0,1
2,47,2708262.2,2708303.5,7,0.0,3,0,1
1,204,2710437.0,2710478.2,7,0.0,3,0,1
2,29,2710572.0,2711727.0,12,0.0,3,0,2
3,392,2711021.5,2711062.8,7,0.0,3,0,1
3,396,2712499.5,2713654.5,12,0.0,3,0,2
4,104,2712682.2,2712723.5,7,0.0,3,0,1
2,318,2712984.5,2713026.0,7,0.0,3,0,1
1,273,2714724.0,2714765.5,7,0.0,3,0,1
3,331,2715295.8,2715378.2,8,0.0,3,0,1
1,268,2716911.2,2718066.2,12,0.0,3,0,2
4,381,2717707.8,2718862.8,12,0.0,3,0,2
1,257,2720318.8,2720401.2,8,0.0,3,0,1
2,54,2720517.5,2720558.8,7,0.0,3,0,1
3,80,2723944.0,2723985.2,7,0.0,3,0,1
2,294,2724493.8,2725648.8,12,0.0,3,0,2
3,266,2724683.5,2725838.5,12,0.0,3,0,2
3,390,2729255.8,2729400.2,9,0.0,3,0,1
1,341,2731519.8,2731602.2,8,0.0,3,0,1
4,117,2732516.2,2732557.5,7,0.0,3,0,1
4,399,2735407.5,2736562.5,12,0.0,3,0,2
1,282,2735894.0,2737049.0,12,0.0,3,0,2
2,266,2737047.0,2737129.5,8,0.0,3,0,1
3,168,2738966.2,2740121.2,12,0.0,3,0,2
3,358,2744194.8,2744236.0,7,0.0,3,0,1
1,222,2744693.2,2744734.5,7,0.0,3,0,1
4,39,2744716.2,2744757.5,7,0.0,3,0,1
2,43,2745349.0,2745390.2,7,0.0,3,0,1
1,255,2748250.8,2749405.8,12,0.0,3,0,2
2,308,2751632.8,2751674.0,7,0.0,3,0,1
4,371,2752763.2,2752907.5,9,0.0,3,0,1
3,231,2752958.5,2754113.5,12,0.0,3,0,2
1,169,2753352.8,2753394.0,7,0.0,3,0,1
2,42,2754342.0,2755497.0,12,0.0,3,0,2
2,400,2758262.5,2758303.8,7,0.0,3,0,1
1,307,2759548.2,2759589.5,7,0.0,3,0,1
3,8,2759944.5,2759985.8,7,0.0,3,0,1
1,19,2760854.2,2762009.2,12,0.0,3,0,2
4,344,2761398.0,2762553.0,12,0.0,3,0,2
3,220,2766201.5,2766242.8,7,0.0,3,0,1
2,129,2767339.2,2768494.5,12,0.0,3,0,2
4,257,2767919.5,2768002.0,8,0.0,3,0,1
1,268,2768177.0,2768218.2,7,0.0,3,0,1
2,222,2769536.5,2769578.0,7,0.0,3,0,1
3,198,2770963.0,2772118.0,12,0.0,3,0,2
1,251,2772918.5,2772959.8,7,0.0,3,0,1
3,11,2773895.2,2774039.5,9,0.0,3,0,1
2,86,2774642.8,2774931.8,10,0.0,3,0,1
1,225,2775026.0,2776181.0,12,0.0,3,0,2
2,301,2779785.8,2780940.8,12,0.0,3,0,2
4,281,2782714.8,2783869.8,12,0.0,3,0,2
3,345,2783418.5,2784573.5,12,0.0,3,0,2
1,339,2785700.2,2785782.8,8,0.0,3,0,1
4,356,2785876.2,2785917.5,7,0.0,3,0,1
1,197,2792251.0,2793406.0,12,0.0,3,0,2
3,5,2792625.0,2792666.2,7,0.0,3,0,1
4,135,2793977.5,2794121.8,9,0.0,3,0,1
2,292,2795822.8,2796977.8,12,0.0,3,0,2
4,238,2799229.2,2800384.2,12,0.0,3,0,2
3,249,2799838.0,2799879.2,7,0.0,3,0,1
1,78,2801676.5,2801759.0,8,0.0,3,0,1
2,9,2803798.5,2803881.0,8,0.0,3,0,1
1,342,2805709.8,2806864.8,12,0.0,3,0,2
4,242,2810380.8,2810422.0,7,0.0,3,0,1
4,289,2812058.5,2813213.5,12,0.0,3,0,2
1,80,2814105.8,2814147.0,7,0.0,3,0,1
2,404,2814435.2,2814476.5,7,0.0,3,0,1
2,202,2814944.0,2816099.0,12,0.0,3,0,2
3,8,2816142.2,2816183.5,7,0.0,3,0,1
3,293,2818471.0,2819626.0,12,0.0,3,0,2
2,59,2819326.2,2819408.8,8,0.0,3,0,1
4,133,2820300.8,2820342.0,7,0.0,3,0,1
3,276,2821782.0,2821823.2,7,0.0,3,0,1
1,273,2822435.8,2822477.0,7,0.0,3,0,1
4,52,2824502.5,2825657.5,12,0.0,3,0,2
1,284,2824986.2,2826141.2,12,0.0,3,0,2
3,344,2827810.2,2827954.5,9,0.0,3,0,1
4,201,2829829.0,2829870.2,7,0.0,3,0,1
2,381,2831024.0,2831065.2,7,0.0,3,0,1
3,147,2832418.8,2833573.8,12,0.0,3,0,2
2,299,2834723.2,2835878.2,12,0.0,3,0,2
4,12,2836596.8,2836679.2,8,0.0,3,0,1
1,17,2836600.5,2837755.5,12,0.0,3,0,2
2,353,2839033.5,2839116.0,8,0.0,3,0,1
1,167,2841710.0,2841751.2,7,0.0,3,0,1
4,300,2842543.2,2843698.2,12,0.0,3,0,2
3,235,2843882.5,2843965.0,8,0.0,3,0,1
4,102,2845384.0,2845466.5,8,0.0,3,0,1
2,245,2847204.0,2848359.2,12,0.0,3,0,2
3,305,2848121.2,2849276.2,12,0.0,3,0,2
1,14,2848252.8,2848294.0,7,0.0,3,0,1
1,265,2849398.8,2850553.8,12,0.0,3,0,2
2,382,2852701.2,2852742.5,7,0.0,3,0,1
3,167,2853650.0,2853691.2,7,0.0,3,0,1
1,113,2853941.5,2853982.8,7,0.0,3,0,1
4,76,2857908.0,2857949.2,7,0.0,3,0,1
3,268,2860283.0,2860324.2,7,0.0,3,0,1
1,377,2861011.0,2861052.2,7,0.0,3,0,1
2,89,2861040.8,2862195.8,12,0.0,3,0,2
4,221,2862311.2,2863466.2,12,0.0,3,0,2
2,49,2864945.0,2864986.2,7,0.0,3,0,1
3,129,2866053.0,2867208.0,12,0.0,3,0,2
1,44,2866903.2,2868058.2,12,0.0,3,0,2
1,396,2869265.2,2869347.8,8,0.0,3,0,1
4,304,2870912.2,2870953.5,7,0.0,3,0,1
2,314,2871678.0,2871760.5,8,0.0,3,0,1
3,167,2873925.2,2873966.5,7,0.0,3,0,1
4,290,2874291.2,2875446.2,12,0.0,3,0,2
2,287,2875161.2,2876316.2,12,0.0,3,0,2
1,79,2877914.0,2877955.2,7,0.0,3,0,1
3,179,2878126.5,2879281.5,12,0.0,3,0,2
1,398,2879037.0,2880192.2,12,0.0,3,0,2
2,287,2881577.8,2881619.0,7,0.0,3,0,1
1,93,2882651.0,2882692.2,7,0.0,3,0,1
2,102,2885996.8,2886079.2,8,0.0,3,0,1
4,314,2886041.0,2887196.0,12,0.0,3,0,2
2,171,2887632.0,2888787.0,12,0.0,3,0,2
3,382,2887902.5,2887943.8,7,0.0,3,0,1
1,388,2889217.2,2889361.5,9,0.0,3,0,1
3,122,2891355.2,2892510.2,12,0.0,3,0,2
4,168,2891816.2,2891960.5,9,0.0,3,0,1
1,292,2894536.5,2895691.5,12,0.0,3,0,2
2,258,2896418.5,2896459.8,7,0.0,3,0,1
4,132,2900711.2,2901866.2,12,0.0,3,0,2
2,43,2901420.5,2901461.8,7,0.0,3,0,1
1,22,2903716.0,2903798.5,8,0.0,3,0,1
3,279,2904307.2,2905462.5,12,0.0,3,0,2
2,304,2905762.5,2905803.8,7,0.0,3,0,1
4,316,2907350.2,2907391.5,7,0.0,3,0,1
3,88,2911416.8,2911458.0,7,0.0,3,0,1
2,236,2911604.2,2912759.2,12,0.0,3,0,2
1,19,2913215.5,2914370.5,12,0.0,3,0,2
1,210,2915140.5,2915181.8,7,0.0,3,0,1
4,247,2916202.0,2917357.0,12,0.0,3,0,2
3,399,2916450.8,2917605.8,12,0.0,3,0,2
2,81,2918541.0,2918685.2,9,0.0,3,0,1
4,62,2918761.8,2918906.0,9,0.0,3,0,1
1,103,2919289.0,2919371.5,8,0.0,3,0,1
2,270,2927309.0,2928464.0,12,0.0,3,0,2
3,56,2927392.2,2927536.5,9,0.0,3,0,1
4,255,2927838.5,2928993.5,12,0.0,3,0,2
1,205,2929190.2,2929231.5,7,0.0,3,0,1
3,329,2933899.5,2935054.5,12,0.0,3,0,2
1,396,2935893.2,2935975.8,8,0.0,3,0,1
2,85,2936293.8,2936335.0,7,0.0,3,0,1
4,119,2937607.5,2937648.8,7,0.0,3,0,1
2,299,2938968.5,2940123.5,12,0.0,3,0,2
4,31,2939977.8,2941132.8,12,0.0,3,0,2
1,373,2941804.2,2942959.2,12,0.0,3,0,2
3,53,2943519.0,2943663.2,9,0.0,3,0,1
1,130,2944276.8,2944359.5,8,0.0,3,0,1
4,204,2946765.5,2946806.8,7,0.0,3,0,1
3,26,2948521.8,2949676.8,12,0.0,3,0,2
2,253,2949085.5,2949168.0,8,0.0,3,0,1
1,375,2955345.2,2955386.5,7,0.0,3,0,1
1,380,2957015.8,2958171.0,12,0.0,3,0,2
2,279,2958562.0,2959717.0,12,0.0,3,0,2
4,32,2959883.8,2959925.0,7,0.0,3,0,1
1,151,2961208.0,2961249.2,7,0.0,3,0,1
2,80,2961290.2,2961331.5,7,0.0,3,0,1
3,262,2962733.5,2962774.8,7,0.0,3,0,1
3,37,2967180.8,2968335.8,12,0.0,3,0,2
1,323,2967769.2,2967851.8,8,0.0,3,0,1
2,179,2968845.5,2968928.0,8,0.0,3,0,1
4,220,2969747.2,2969788.5,7,0.0,3,0,1
3,54,2970026.8,2970068.0,7,0.0,3,0,1
4,197,2973294.2,2974449.2,12,0.0,3,0,2
2,15,2973531.0,2974686.0,12,0.0,3,0,2
1,135,2974367.8,2975522.8,12,0.0,3,0,2
1,16,2976058.5,2976203.0,9,0.0,3,0,1
2,155,2979020.8,2979165.0,9,0.0,3,0,1
3,57,2979834.2,2979978.5,9,0.0,3,0,1
4,397,2980155.5,2980196.8,7,0.0,3,0,1
3,130,2981258.2,2982413.2,12,0.0,3,0,2
2,367,2987574.5,2988729.5,12,0.0,3,0,2
1,11,2987883.8,2989038.8,12,0.0,3,0,2
4,283,2989725.0,2989766.2,7,0.0,3,0,1
4,272,2991855.0,2993010.0,12,0.0,3,0,2
1,404,2992815.5,2992856.8,7,0.0,3,0,1
2,106,2994839.5,2994880.8,7,0.0,3,0,1
3,115,2995221.2,2995262.5,7,0.0,3,0,1
3,319,2995801.5,2996956.5,12,0.0,3,0,2
1,259,3000107.2,3001262.2,12,0.0,3,0,2
3,16,3000736.8,3000881.0,9,0.0,3,0,1
1,104,3004358.0,3004399.2,7,0.0,3,0,1
2,181,3005371.5,3005412.8,7,0.0,3,0,1
4,22,3005692.8,3006848.0,12,0.0,3,0,2
2,52,3006931.2,3008086.2,12,0.0,3,0,2
1,128,3008561.2,3008705.5,9,0.0,3,0,1
2,80,3010991.0,3011032.2,7,0.0,3,0,1
4,42,3012871.2,3012912.5,7,0.0,3,0,1
3,17,3017643.8,3018798.8,12,0.0,3,0,2
1,192,3018324.8,3019479.8,12,0.0,3,0,2
4,274,3019576.8,3020731.8,12,0.0,3,0,2
2,58,3020515.8,3020557.2,7,0.0,3,0,1
4,82,3022748.5,3022789.8,7,0.0,3,0,1
1,239,3023543.5,3023626.0,8,0.0,3,0,1
3,133,3023571.8,3023613.0,7,0.0,3,0,1
2,16,3026415.2,3027570.2,12,0.0,3,0,2
3,184,3029434.0,3030589.0,12,0.0,3,0,2
4,72,3029873.2,3029914.5,7,0.0,3,0,1
1,80,3031849.2,3031890.5,7,0.0,3,0,1
4,42,3031899.8,3033054.8,12,0.0,3,0,2
3,115,3032108.5,3032149.8,7,0.0,3,0,1
2,186,3033032.8,3033074.0,7,0.0,3,0,1
1,56,3033614.2,3034769.2,12,0.0,3,0,2
4,220,3034059.0,3034100.2,7,0.0,3,0,1
1,265,3035985.8,3036027.0,7,0.0,3,0,1
3,178,3037242.5,3037283.8,7,0.0,3,0,1
2,256,3038172.0,3038213.5,7,0.0,3,0,1
2,280,3040026.5,3041181.8,12,0.0,3,0,2
4,79,3040067.8,3040109.0,7,0.0,3,0,1
1,267,3043078.0,3043119.2,7,0.0,3,0,1
4,231,3044036.5,3045191.8,12,0.0,3,0,2
3,324,3044325.8,3045480.8,12,0.0,3,0,2
2,87,3044926.8,3045071.0,9,0.0,3,0,1
1,44,3047946.5,3049101.5,12,0.0,3,0,2
3,218,3048029.0,3048070.2,7,0.0,3,0,1
4,256,3051807.2,3051848.8,7,0.0,3,0,1
3,295,3054559.5,3054642.0,8,0.0,3,0,1
1,369,3056036.2,3056118.8,8,0.0,3,0,1
4,400,3056534.2,3056575.5,7,0.0,3,0,1
2,170,3058858.0,3060013.0,12,0.0,3,0,2
2,118,3060249.0,3060290.2,7,0.0,3,0,1
4,176,3061983.0,3062127.2,9,0.0,3,0,1
1,200,3062348.2,3063503.2,12,0.0,3,0,2
3,378,3063488.0,3063529.2,7,0.0,3,0,1
3,377,3064322.0,3065477.0,12,0.0,3,0,2
4,148,3065090.0,3066245.0,12,0.0,3,0,2
1,76,3068815.0,3068856.2,7,0.0,3,0,1
2,403,3070106.0,3070250.2,9,0.0,3,0,1
1,237,3074996.5,3076151.5,12,0.0,3,0,2
1,378,3077827.2,3077868.5,7,0.0,3,0,1
4,211,3078106.2,3078147.5,7,0.0,3,0,1
3,16,3078304.8,3079459.8,12,0.0,3,0,2
2,286,3082585.0,3083740.0,12,0.0,3,0,2
4,395,3082817.8,3083972.8,12,0.0,3,0,2
3,60,3083974.0,3084015.2,7,0.0,3,0,1
1,307,3085946.5,3085987.8,7,0.0,3,0,1
4,193,3087139.2,3087221.8,8,0.0,3,0,1
3,237,3090030.8,3090072.0,7,0.0,3,0,1
2,226,3090034.2,3090075.5,7,0.0,3,0,1
3,36,3090242.0,3091397.0,12,0.0,3,0,2
1,22,3092306.2,3092388.8,8,0.0,3,0,1
1,97,3092728.5,3093883.5,12,0.0,3,0,2
3,190,3094344.0,3094385.2,7,0.0,3,0,1
2,159,3094659.5,3094700.8,7,0.0,3,0,1
4,399,3097494.0,3098649.0,12,0.0,3,0,2
3,8,3099264.5,3099305.8,7,0.0,3,0,1
2,295,3099941.2,3100023.8,8,0.0,3,0,1
4,268,3100977.5,3101018.8,7,0.0,3,0,1
3,13,3102205.0,3103360.0,12,0.0,3,0,2
1,220,3106644.5,3107799.5,12,0.0,3,0,2
3,362,3107276.8,3107421.2,9,0.0,3,0,1
1,402,3109026.2,3109109.0,8,0.0,3,0,1
2,287,3110579.5,3110620.8,7,0.0,3,0,1
4,188,3110805.8,3111960.8,12,0.0,3,0,2
2,309,3112135.0,3113290.0,12,0.0,3,0,2
4,14,3114020.8,3114062.0,7,0.0,3,0,1
3,263,3115164.2,3116319.2,12,0.0,3,0,2
2,66,3119145.8,3119187.0,7,0.0,3,0,1
1,61,3119835.5,3119876.8,7,0.0,3,0,1
4,31,3120147.5,3120291.8,9,0.0,3,0,1
3,84,3122289.5,3122433.8,9,0.0,3,0,1
1,156,3122385.0,3123540.0,12,0.0,3,0,2
2,144,3125687.0,3126842.0,12,0.0,3,0,2
4,366,3126147.2,3127302.2,12,0.0,3,0,2
3,139,3128277.0,3129432.2,12,0.0,3,0,2
2,224,3128343.5,3128426.0,8,0.0,3,0,1
1,382,3134707.5,3134748.8,7,0.0,3,0,1
4,15,3134845.0,3134927.5,8,0.0,3,0,1
1,266,3136439.8,3137594.8,12,0.0,3,0,2
4,380,3138059.0,3139214.0,12,0.0,3,0,2
3,95,3138085.2,3138229.5,9,0.0,3,0,1
2,299,3138422.8,3139578.0,12,0.0,3,0,2
1,323,3138982.0,3139064.5,8,0.0,3,0,1
4,224,3145015.2,3145097.8,8,0.0,3,0,1
2,190,3145844.0,3145885.2,7,0.0,3,0,1
1,364,3148709.5,3148792.0,8,0.0,3,0,1
2,175,3150368.2,3151523.2,12,0.0,3,0,2
3,172,3151402.5,3152557.5,12,0.0,3,0,2
1,16,3151871.5,3153026.5,12,0.0,3,0,2
4,24,3155727.5,3156882.5,12,0.0,3,0,2
2,304,3156585.2,3156626.5,7,0.0,3,0,1
3,400,3157681.0,3157722.2,7,0.0,3,0,1
1,132,3158529.0,3158611.5,8,0.0,3,0,1
4,218,3158571.8,3158613.0,7,0.0,3,0,1
4,104,3163505.2,3163546.8,7,0.0,3,0,1
1,352,3163723.8,3164878.8,12,0.0,3,0,2
3,392,3164131.2,3164172.5,7,0.0,3,0,1
2,54,3166209.0,3166250.2,7,0.0,3,0,1
3,134,3166310.0,3167465.0,12,0.0,3,0,2
4,150,3167970.5,3169125.5,12,0.0,3,0,2
2,23,3168623.8,3169778.8,12,0.0,3,0,2
3,28,3169489.8,3169634.0,9,0.0,3,0,1
2,213,3174179.2,3174323.5,9,0.0,3,0,1
4,218,3174245.2,3174286.5,7,0.0,3,0,1
4,206,3180749.0,3180893.2,9,0.0,3,0,1
1,222,3180763.5,3180804.8,7,0.0,3,0,1
1,168,3181192.5,3182347.5,12,0.0,3,0,2
2,395,3181531.2,3182686.2,12,0.0,3,0,2
3,137,3181826.0,3182981.0,12,0.0,3,0,2
4,117,3185137.5,3186292.5,12,0.0,3,0,2
1,37,3186090.5,3186173.0,8,0.0,3,0,1
3,167,3187318.2,3187359.5,7,0.0,3,0,1
1,239,3195941.2,3197096.2,12,0.0,3,0,2
3,312,3196206.8,3197361.8,12,0.0,3,0,2
4,93,3196552.5,3196593.8,7,0.0,3,0,1
2,28,3197702.8,3198857.8,12,0.0,3,0,2
3,46,3198378.8,3198420.0,7,0.0,3,0,1
4,281,3199222.5,3200377.5,12,0.0,3,0,2
1,244,3199928.8,3199970.0,7,0.0,3,0,1
2,230,3200137.8,3200179.0,7,0.0,3,0,1
4,134,3203454.2,3203495.5,7,0.0,3,0,1
1,85,3204255.2,3204296.5,7,0.0,3,0,1
3,304,3204917.8,3204959.0,7,0.0,3,0,1
2,387,3205142.2,3205183.5,7,0.0,3,0,1
1,334,3208737.8,3209892.8,12,0.0,3,0,2
4,61,3208822.5,3208863.8,7,0.0,3,0,1
2,301,3210083.2,3211238.2,12,0.0,3,0,2
3,359,3210752.8,3211907.8,12,0.0,3,0,2
2,45,3215463.5,3215504.8,7,0.0,3,0,1
3,365,3216098.0,3216139.2,7,0.0,3,0,1
4,274,3217004.0,3218159.0,12,0.0,3,0,2
1,125,3217754.0,3217795.2,7,0.0,3,0,1
4,110,3219276.2,3219317.8,7,0.0,3,0,1
1,149,3220370.5,3221525.8,12,0.0,3,0,2
3,54,3221418.0,3221459.2,7,0.0,3,0,1
2,404,3222790.5,3222831.8,7,0.0,3,0,1
2,144,3224400.8,3225555.8,12,0.0,3,0,2
3,40,3226621.8,3227776.8,12,0.0,3,0,2
1,211,3226889.8,3226931.0,7,0.0,3,0,1
4,131,3228948.8,3230103.8,12,0.0,3,0,2
3,344,3230546.8,3230691.0,9,0.0,3,0,1
2,110,3238642.8,3238684.0,7,0.0,3,0,1
3,389,3239442.5,3240597.5,12,0.0,3,0,2
1,330,3239534.2,3239575.5,7,0.0,3,0,1
4,242,3240697.2,3240738.5,7,0.0,3,0,1
4,84,3243060.2,3244215.2,12,0.0,3,0,2
2,261,3244015.5,3244057.0,7,0.0,3,0,1
2,128,3244707.2,3245862.2,12,0.0,3,0,2
3,192,3245065.5,3245209.8,9,0.0,3,0,1
1,18,3247980.2,3248062.8,8,0.0,3,0,1
4,124,3249747.0,3249891.2,9,0.0,3,0,1
2,157,3252792.5,3252936.8,9,0.0,3,0,1
1,396,3253476.5,3254631.5,12,0.0,3,0,2
4,344,3256225.0,3257380.2,12,0.0,3,0,2
3,175,3256641.5,3257796.8,12,0.0,3,0,2
2,400,3257933.0,3259088.2,12,0.0,3,0,2
1,155,3259872.8,3260017.0,9,0.0,3,0,1
3,134,3260205.2,3260246.5,7,0.0,3,0,1
1,260,3265732.2,3266887.2,12,0.0,3,0,2
4,300,3268494.8,3268577.2,8,0.0,3,0,1
4,243,3269432.2,3270587.2,12,0.0,3,0,2
2,33,3269448.8,3269593.0,9,0.0,3,0,1
3,87,3273634.0,3274789.0,12,0.0,3,0,2
2,164,3275410.0,3276565.0,12,0.0,3,0,2
1,222,3275882.5,3275923.8,7,0.0,3,0,1
3,356,3276928.2,3276969.5,7,0.0,3,0,1
4,132,3278180.0,3278262.5,8,0.0,3,0,1
1,175,3281320.0,3282475.0,12,0.0,3,0,2
4,94,3283606.8,3284761.8,12,0.0,3,0,2
3,178,3283875.8,3283917.0,7,0.0,3,0,1
2,216,3285742.0,3285783.2,7,0.0,3,0,1
2,145,3287974.2,3289129.5,12,0.0,3,0,2
4,13,3288057.0,3288139.5,8,0.0,3,0,1
3,112,3288263.8,3289418.8,12,0.0,3,0,2
1,102,3289568.0,3289650.8,8,0.0,3,0,1
3,356,3290508.8,3290550.0,7,0.0,3,0,1
3,298,3298342.2,3298383.5,7,0.0,3,0,1
4,130,3299699.8,3299782.2,8,0.0,3,0,1
3,373,3301224.2,3302379.5,12,0.0,3,0,2
4,372,3302627.5,3303782.5,12,0.0,3,0,2
2,75,3305918.0,3305959.2,7,0.0,3,0,1
3,275,3307267.5,3307308.8,7,0.0,3,0,1
2,314,3307788.0,3308943.0,12,0.0,3,0,2
1,257,3307919.8,3308002.2,8,0.0,3,0,1
4,316,3309294.8,3309336.0,7,0.0,3,0,1
2,256,3311696.0,3311737.2,7,0.0,3,0,1
1,23,3313553.8,3314708.8,12,0.0,3,0,2
3,88,3317068.5,3317109.8,7,0.0,3,0,1
3,344,3317321.2,3318476.2,12,0.0,3,0,2
1,375,3318472.5,3318513.8,7,0.0,3,0,1
2,13,3318634.2,3318716.8,8,0.0,3,0,1
4,295,3322208.2,3322290.8,8,0.0,3,0,1
2,154,3322377.2,3323532.2,12,0.0,3,0,2
1,14,3324071.5,3324112.8,7,0.0,3,0,1
3,151,3324866.8,3324908.0,7,0.0,3,0,1
4,203,3325803.0,3326958.0,12,0.0,3,0,2
1,226,3326955.0,3328110.0,12,0.0,3,0,2
2,85,3329253.5,3329294.8,7,0.0,3,0,1
1,110,3330536.5,3330578.0,7,0.0,3,0,1
4,158,3331966.8,3332008.0,7,0.0,3,0,1
3,172,3332445.8,3333600.8,12,0.0,3,0,2
2,258,3334361.5,3334402.8,7,0.0,3,0,1
1,385,3335898.2,3335939.5,7,0.0,3,0,1
2,79,3338007.8,3339162.8,12,0.0,3,0,2
2,356,3342476.0,3342517.2,7,0.0,3,0,1
4,48,3343837.5,3344992.5,12,0.0,3,0,2
1,345,3345013.0,3346168.0,12,0.0,3,0,2
3,137,3345541.0,3346696.0,12,0.0,3,0,2
2,167,3348676.8,3348718.0,7,0.0,3,0,1
3,54,3348739.2,3348780.5,7,0.0,3,0,1
4,74,3350653.0,3350694.2,7,0.0,3,0,1
3,49,3354316.8,3354358.0,7,0.0,3,0,1
1,61,3354364.0,3354405.2,7,0.0,3,0,1
2,199,3355100.0,3355244.5,9,0.0,3,0,1
1,23,3358814.5,3359969.5,12,0.0,3,0,2
4,396,3359368.2,3359450.8,8,0.0,3,0,1
4,284,3361254.2,3362409.2,12,0.0,3,0,2
2,26,3362744.0,3363899.0,12,0.0,3,0,2
3,67,3364310.5,3365465.5,12,0.0,3,0,2
1,31,3367426.5,3367570.8,9,0.0,3,0,1
3,126,3367483.5,3367524.8,7,0.0,3,0,1
4,53,3370761.0,3370905.2,9,0.0,3,0,1
4,94,3372931.8,3374086.8,12,0.0,3,0,2
1,73,3372957.2,3374112.2,12,0.0,3,0,2
2,236,3375819.5,3376974.5,12,0.0,3,0,2
3,369,3376651.8,3376734.5,8,0.0,3,0,1
3,183,3377799.2,3378954.2,12,0.0,3,0,2
2,75,3381810.2,3381851.5,7,0.0,3,0,1
1,271,3385680.2,3385824.5,9,0.0,3,0,1
4,284,3385932.5,3387087.8,12,0.0,3,0,2
2,330,3386889.5,3386930.8,7,0.0,3,0,1
3,178,3387451.8,3387493.0,7,0.0,3,0,1
4,283,3388689.8,3388731.0,7,0.0,3,0,1
3,299,3391038.2,3392193.2,12,0.0,3,0,2
2,353,3391434.0,3391516.5,8,0.0,3,0,1
1,398,3392452.5,3393607.5,12,0.0,3,0,2
2,319,3393308.8,3394463.8,12,0.0,3,0,2
4,210,3393429.8,3393471.0,7,0.0,3,0,1
3,317,3393990.8,3394135.0,9,0.0,3,0,1
4,158,3398095.5,3398136.8,7,0.0,3,0,1
2,331,3401651.5,3401734.2,8,0.0,3,0,1
1,226,3402749.2,3402790.5,7,0.0,3,0,1
4,272,3404525.8,3404670.0,9,0.0,3,0,1
3,281,3404794.8,3405949.8,12,0.0,3,0,2
1,273,3405968.2,3407123.2,12,0.0,3,0,2
2,301,3407510.5,3408665.5,12,0.0,3,0,2
1,169,3411075.0,3411116.2,7,0.0,3,0,1
2,92,3411162.0,3411244.8,8,0.0,3,0,1
3,115,3411306.0,3411347.2,7,0.0,3,0,1
1,38,3418418.2,3418562.5,9,0.0,3,0,1
4,13,3419036.2,3420191.2,12,0.0,3,0,2
2,292,3420077.8,3421232.8,12,0.0,3,0,2
1,283,3422551.0,3423706.0,12,0.0,3,0,2
2,261,3423270.2,3423311.5,7,0.0,3,0,1
4,363,3424228.5,3424269.8,7,0.0,3,0,1
3,273,3425019.2,3425060.5,7,0.0,3,0,1
4,59,3428365.2,3428447.8,8,0.0,3,0,1
3,354,3428503.2,3429658.2,12,0.0,3,0,2
2,379,3432078.5,3432161.2,8,0.0,3,0,1
2,390,3432520.0,3433675.0,12,0.0,3,0,2
1,365,3432918.8,3432960.0,7,0.0,3,0,1
3,45,3434653.0,3434694.2,7,0.0,3,0,1
1,322,3436067.0,3437222.0,12,0.0,3,0,2
4,44,3438163.0,3439318.0,12,0.0,3,0,2
1,205,3439808.5,3439849.8,7,0.0,3,0,1
3,344,3440246.2,3440390.5,9,0.0,3,0,1
4,226,3441639.2,3441680.5,7,0.0,3,0,1
3,96,3445822.5,3446977.5,12,0.0,3,0,2
2,121,3448411.5,3448494.0,8,0.0,3,0,1
1,38,3448965.0,3450120.0,12,0.0,3,0,2
1,205,3454140.5,3454181.8,7,0.0,3,0,1
3,291,3456228.0,3456269.2,7,0.0,3,0,1
2,373,3457739.0,3458894.0,12,0.0,3,0,2
4,335,3458805.2,3458846.5,7,0.0,3,0,1
3,17,3459000.5,3460155.5,12,0.0,3,0,2
1,396,3459048.8,3459131.2,8,0.0,3,0,1
4,24,3459869.8,3461025.0,12,0.0,3,0,2
3,178,3462016.8,3462058.0,7,0.0,3,0,1
1,271,3462859.0,3464014.0,12,0.0,3,0,2
2,397,3464112.0,3464153.2,7,0.0,3,0,1
4,332,3465306.8,3465451.0,9,0.0,3,0,1
3,45,3466581.8,3466623.0,7,0.0,3,0,1
1,182,3467477.0,3467518.2,7,0.0,3,0,1
2,73,3471671.0,3472826.0,12,0.0,3,0,2
1,251,3471993.0,3472034.2,7,0.0,3,0,1
4,333,3473349.0,3474504.2,12,0.0,3,0,2
3,58,3473776.2,3473817.8,7,0.0,3,0,1
3,289,3475448.5,3476603.5,12,0.0,3,0,2
2,304,3476515.0,3476556.2,7,0.0,3,0,1
1,93,3476784.0,3476825.2,7,0.0,3,0,1
1,205,3477762.0,3478917.0,12,0.0,3,0,2
3,359,3477935.8,3478018.2,8,0.0,3,0,1
2,216,3483866.5,3483907.8,7,0.0,3,0,1
4,136,3490431.0,3490575.2,9,0.0,3,0,1
3,170,3491425.0,3491507.5,8,0.0,3,0,1
3,281,3492692.0,3493847.0,12,0.0,3,0,2
2,67,3493934.0,3494016.5,8,0.0,3,0,1
1,103,3494161.8,3495317.0,12,0.0,3,0,2
4,122,3495774.0,3496929.0,12,0.0,3,0,2
2,351,3497438.5,3498593.5,12,0.0,3,0,2
1,226,3497441.0,3497482.2,7,0.0,3,0,1
3,249,3499770.0,3499811.2,7,0.0,3,0,1
1,266,3503301.5,3503384.0,8,0.0,3,0,1
3,115,3504600.5,3505755.5,12,0.0,3,0,2
2,47,3506226.2,3506267.5,7,0.0,3,0,1
1,203,3506846.2,3508001.2,12,0.0,3,0,2
4,82,3507069.2,3507110.5,7,0.0,3,0,1
4,245,3511079.5,3512234.5,12,0.0,3,0,2
2,390,3511567.8,3512723.0,12,0.0,3,0,2
4,267,3512981.8,3513023.0,7,0.0,3,0,1
3,15,3513287.0,3513369.8,8,0.0,3,0,1
1,80,3516125.8,3516167.0,7,0.0,3,0,1
3,16,3518091.8,3519246.8,12,0.0,3,0,2
2,400,3518370.5,3518411.8,7,0.0,3,0,1
4,316,3518462.2,3518503.5,7,0.0,3,0,1
2,59,3523331.8,3523414.2,8,0.0,3,0,1
1,352,3524377.0,3525532.0,12,0.0,3,0,2
4,216,3526082.8,3526124.0,7,0.0,3,0,1
4,247,3527066.2,3528221.2,12,0.0,3,0,2
3,161,3527410.0,3527492.5,8,0.0,3,0,1
2,188,3528949.5,3530104.5,12,0.0,3,0,2
4,45,3533511.8,3533553.0,7,0.0,3,0,1
3,198,3534723.8,3535878.8,12,0.0,3,0,2
2,390,3535246.0,3535390.5,9,0.0,3,0,1
3,81,3537214.2,3537358.8,9,0.0,3,0,1
4,47,3539984.2,3541139.2,12,0.0,3,0,2
1,222,3540766.8,3540808.0,7,0.0,3,0,1
4,43,3541846.8,3541888.0,7,0.0,3,0,1
1,384,3542837.0,3543992.0,12,0.0,3,0,2
2,312,3543702.0,3544857.0,12,0.0,3,0,2
3,191,3546324.2,3547479.2,12,0.0,3,0,2
2,230,3550802.0,3550843.2,7,0.0,3,0,1
4,325,3552258.5,3553413.5,12,0.0,3,0,2
3,87,3554650.2,3554794.5,9,0.0,3,0,1
1,150,3554898.0,3556053.0,12,0.0,3,0,2
4,311,3555460.0,3555604.2,9,0.0,3,0,1
2,293,3556192.5,3557347.5,12,0.0,3,0,2
1,117,3557035.2,3557076.5,7,0.0,3,0,1
2,58,3559799.2,3559840.5,7,0.0,3,0,1
1,80,3561390.0,3561431.2,7,0.0,3,0,1
3,334,3563280.8,3564435.8,12,0.0,3,0,2
2,13,3564986.5,3565069.0,8,0.0,3,0,1
4,187,3568872.8,3570027.8,12,0.0,3,0,2
3,392,3570489.5,3570530.8,7,0.0,3,0,1
4,266,3571598.8,3571681.2,8,0.0,3,0,1
2,137,3573577.5,3574732.5,12,0.0,3,0,2
3,283,3574991.8,3575033.0,7,0.0,3,0,1
1,47,3575335.5,3575376.8,7,0.0,3,0,1
1,85,3576049.5,3577204.5,12,0.0,3,0,2
2,118,3577696.2,3577737.5,7,0.0,3,0,1
3,309,3582003.8,3583158.8,12,0.0,3,0,2
2,363,3584281.0,3584322.2,7,0.0,3,0,1
4,304,3585132.8,3585174.0,7,0.0,3,0,1
1,145,3585273.0,3585355.5,8,0.0,3,0,1
2,90,3586358.8,3587513.8,12,0.0,3,0,2
2,109,3588490.5,3588531.8,7,0.0,3,0,1
4,50,3588609.5,3589764.5,12,0.0,3,0,2
3,193,3591614.5,3591697.0,8,0.0,3,0,1
2,78,3593368.2,3593450.8,8,0.0,3,0,1
3,371,3594233.5,3595388.5,12,0.0,3,0,2
1,276,3594285.0,3595440.0,12,0.0,3,0,2
4,163,3595310.0,3595887.8,11,0.0,3,0,1
1,93,3596893.0,3596934.2,7,0.0,3,0,1
2,238,3598332.8,3599487.8,12,0.0,3,0,2
3,200,3600872.5,3600913.8,7,0.0,3,0,1
4,329,3601094.5,3602249.5,12,0.0,3,0,2
senderId,receiverID, sendTime, receivedTime,SF,SNR,Ftype,Freq,RX
4,263,1945.8698,2234.6377,10,0.0,3,0,1,b
4,263,2945.8699,4100.942,12,0.0,3,0,2,b
2,146,5655.5747,6810.647,12,0.0,3,0,1,b
2,146,6655.5747,7810.647,12,0.0,3,0,2,b
1,370,19803.8,20381.336,11,0.0,3,0,1,b
1,370,20803.8,21958.871,12,0.0,3,0,2,b
2,176,19064.398,19208.781,9,0.0,3,0,1,b
2,176,20064.398,21219.469,12,0.0,3,0,2,b
4,176,19064.398,19208.781,9,0.0,3,0,1,b
4,176,20064.398,21219.469,12,0.0,3,0,2,b
1,238,19549.867,19838.637,10,0.0,3,0,1,b
1,238,20549.867,21704.94,12,0.0,3,0,2,b
3,238,19549.867,19838.637,10,0.0,3,0,1,b
3,238,20549.867,21704.94,12,0.0,3,0,2,b
1,386,19467.385,19611.77,9,0.0,3,0,1,b
1,386,20467.385,21622.455,12,0.0,3,0,2,b
2,386,19467.385,19611.77,9,0.0,3,0,1,b
2,386,20467.385,21622.455,12,0.0,3,0,2,b
1,241,20430.584,20513.016,8,0.0,3,0,1,b
1,241,21430.584,22585.654,12,0.0,3,0,2,b
4,241,20430.584,20513.016,8,0.0,3,0,1,b
4,241,21430.584,22585.654,12,0.0,3,0,2,b
1,164,25776.557,26931.627,12,0.0,3,0,1,b
1,164,26776.557,27931.627,12,0.0,3,0,2,b
3,164,25776.557,26931.627,12,0.0,3,0,1,b
3,164,26776.557,27931.627,12,0.0,3,0,2,b
4,84,27139.764,27284.146,9,0.0,3,0,1,b
4,84,28139.764,29294.834,12,0.0,3,0,2,b
2,281,32037.01,32325.78,10,0.0,3,0,1,c
2,281,33037.01,34192.082,12,0.0,3,0,2,c
4,281,32037.01,32325.78,10,0.0,3,0,1,b
4,281,33037.01,34192.082,12,0.0,3,0,2,b
1,319,34613.93,34902.7,10,0.0,3,0,1,b
1,319,35613.93,36769.0,12,0.0,3,0,2,b
2,329,35165.867,35743.406,11,0.0,3,0,1,b
2,329,36165.867,37320.938,12,0.0,3,0,2,b
2,360,37121.105,37203.535,8,0.0,3,0,1,c
2,360,38121.105,39276.176,12,0.0,3,0,2,c
3,360,37121.105,37203.535,8,0.0,3,0,1,b
3,360,38121.105,39276.176,12,0.0,3,0,2,b
2,279,39429.18,39573.562,9,0.0,3,0,1,b
2,279,40429.18,41584.25,12,0.0,3,0,2,b
4,279,39429.18,39573.562,9,0.0,3,0,1,b
4,279,40429.18,41584.25,12,0.0,3,0,2,b
3,322,39720.984,40009.754,10,0.0,3,0,1,b
3,322,40720.984,41876.06,12,0.0,3,0,2,b
1,399,43627.29,44782.36,12,0.0,3,0,1,c
1,399,44627.29,45782.36,12,0.0,3,0,2,c
3,399,43627.29,44782.36,12,0.0,3,0,1,b
3,399,44627.29,45782.36,12,0.0,3,0,2,b
4,399,43627.29,44782.36,12,0.0,3,0,1,b
4,399,44627.29,45782.36,12,0.0,3,0,2,b
1,94,50468.785,50757.555,10,0.0,3,0,1,b
1,94,51468.785,52623.855,12,0.0,3,0,2,b
2,94,50468.785,50757.555,10,0.0,3,0,1,b
2,94,51468.785,52623.855,12,0.0,3,0,2,b
4,94,50468.785,50757.555,10,0.0,3,0,1,c
4,94,51468.785,52623.855,12,0.0,3,0,2,c
2,332,50909.438,51053.82,9,0.0,3,0,1,b
2,332,51909.438,53064.51,12,0.0,3,0,2,b
3,332,50909.438,51053.82,9,0.0,3,0,1,c
3,332,51909.438,53064.51,12,0.0,3,0,2,c
1,266,52069.58,52152.01,8,0.0,3,0,1,b
1,266,53069.58,54224.652,12,0.0,3,0,2,b
1,317,53453.824,53598.207,9,0.0,3,0,1,b
1,317,54453.824,55608.895,12,0.0,3,0,2,b
2,317,53453.824,53598.207,9,0.0,3,0,1,b
2,317,54453.824,55608.895,12,0.0,3,0,2,b
1,269,54478.246,54767.01,10,0.0,3,0,1,b
1,269,55478.246,56633.316,12,0.0,3,0,2,b
2,269,54478.246,54767.01,10,0.0,3,0,1,b
2,269,55478.246,56633.316,12,0.0,3,0,2,b
1,313,56631.688,57209.227,11,0.0,3,0,1,c
1,313,57631.688,58786.758,12,0.0,3,0,2,c
2,313,56631.688,57209.227,11,0.0,3,0,1,b
2,313,57631.688,58786.758,12,0.0,3,0,2,b
3,313,56631.688,57209.227,11,0.0,3,0,1,b
3,313,57631.688,58786.758,12,0.0,3,0,2,b
4,313,56631.688,57209.227,11,0.0,3,0,1,b
4,313,57631.688,58786.758,12,0.0,3,0,2,b
2,62,58151.637,58296.02,9,0.0,3,0,1,b
2,62,59151.637,60306.71,12,0.0,3,0,2,b
4,62,58151.637,58296.02,9,0.0,3,0,1,b
4,62,59151.637,60306.71,12,0.0,3,0,2,b
1,274,59568.64,60146.18,11,0.0,3,0,1,c
1,274,60568.64,61723.715,12,0.0,3,0,2,c
2,274,59568.64,60146.18,11,0.0,3,0,1,b
2,274,60568.64,61723.715,12,0.0,3,0,2,b
4,274,59568.64,60146.18,11,0.0,3,0,1,b
4,274,60568.64,61723.715,12,0.0,3,0,2,b
3,320,62364.156,62941.69,11,0.0,3,0,1,b
3,320,63364.156,64519.227,12,0.0,3,0,2,b
4,320,62364.156,62941.69,11,0.0,3,0,1,c
4,320,63364.156,64519.227,12,0.0,3,0,2,c
4,259,63818.844,64396.38,11,0.0,3,0,1,b
4,259,64818.848,65973.92,12,0.0,3,0,2,b
3,231,64953.277,66108.35,12,0.0,3,0,1,c
3,231,65953.28,67108.35,12,0.0,3,0,2,c
4,231,64953.277,66108.35,12,0.0,3,0,1,b
4,231,65953.28,67108.35,12,0.0,3,0,2,b
1,223,65177.164,66332.234,12,0.0,3,0,1,b
1,223,66177.164,67332.234,12,0.0,3,0,2,b
2,223,65177.164,66332.234,12,0.0,3,0,1,b
2,223,66177.164,67332.234,12,0.0,3,0,2,b
2,188,67569.125,67857.89,10,0.0,3,0,1,b
2,188,68569.125,69724.195,12,0.0,3,0,2,b
1,353,70450.38,70532.82,8,0.0,3,0,1,b
1,353,71450.38,72605.46,12,0.0,3,0,2,b
4,316,70626.36,70667.57,7,0.0,3,0,1,b
4,316,71626.36,72781.43,12,0.0,3,0,2,b
1,221,73337.83,73915.37,11,0.0,3,0,1,b
1,221,74337.83,75492.91,12,0.0,3,0,2,b
2,221,73337.83,73915.37,11,0.0,3,0,1,b
2,221,74337.83,75492.91,12,0.0,3,0,2,b
4,221,73337.83,73915.37,11,0.0,3,0,1,c
4,221,74337.83,75492.91,12,0.0,3,0,2,c
2,281,77297.81,77586.58,10,0.0,3,0,1,b
2,281,78297.81,79452.89,12,0.0,3,0,2,b
4,281,77297.81,77586.58,10,0.0,3,0,1,b
4,281,78297.81,79452.89,12,0.0,3,0,2,b
1,55,79591.13,79735.516,9,0.0,3,0,1,b
1,55,80591.13,81746.21,12,0.0,3,0,2,b
1,19,83024.98,83313.74,10,0.0,3,0,1,b
1,19,84024.98,85180.055,12,0.0,3,0,2,b
4,19,83024.98,83313.74,10,0.0,3,0,1,b
4,19,84024.98,85180.055,12,0.0,3,0,2,b
3,186,84860.23,84901.445,7,0.0,3,0,1,c
3,186,85860.23,87015.305,12,0.0,3,0,2,c
3,366,85822.45,85966.84,9,0.0,3,0,1,b
3,366,86822.45,87977.53,12,0.0,3,0,2,b
1,26,91115.07,91692.61,11,0.0,3,0,1,b
1,26,92115.07,93270.15,12,0.0,3,0,2,b
4,26,91115.07,91692.61,11,0.0,3,0,1,c
4,26,92115.07,93270.15,12,0.0,3,0,2,c
1,233,90879.17,91167.94,10,0.0,3,0,1,b
1,233,91879.17,93034.25,12,0.0,3,0,2,b
2,309,91019.84,91308.61,10,0.0,3,0,1,b
2,309,92019.84,93174.92,12,0.0,3,0,2,b
3,309,91019.84,91308.61,10,0.0,3,0,1,b
3,309,92019.84,93174.92,12,0.0,3,0,2,b
4,309,91019.84,91308.61,10,0.0,3,0,1,c
4,309,92019.84,93174.92,12,0.0,3,0,2,c
3,285,92066.28,92643.82,11,0.0,3,0,1,b
3,285,93066.28,94221.36,12,0.0,3,0,2,b
4,285,92066.28,92643.82,11,0.0,3,0,1,b
4,285,93066.28,94221.36,12,0.0,3,0,2,b
2,32,91247.92,91289.14,7,0.0,3,0,1,b
2,32,92247.92,93403.0,12,0.0,3,0,2,b
3,32,91247.92,91289.14,7,0.0,3,0,1,b
3,32,92247.92,93403.0,12,0.0,3,0,2,b
2,130,91538.47,91620.91,8,0.0,3,0,1,c
2,130,92538.47,93693.54,12,0.0,3,0,2,c
3,130,91538.47,91620.91,8,0.0,3,0,1,b
3,130,92538.47,93693.54,12,0.0,3,0,2,b
3,289,93249.484,93393.87,9,0.0,3,0,1,b
3,289,94249.484,95404.555,12,0.0,3,0,2,b
4,289,93249.484,93393.87,9,0.0,3,0,1,b
4,289,94249.484,95404.555,12,0.0,3,0,2,b
2,368,94605.59,94894.36,10,0.0,3,0,1,b
2,368,95605.59,96760.664,12,0.0,3,0,2,b
3,368,94605.59,94894.36,10,0.0,3,0,1,b
3,368,95605.59,96760.664,12,0.0,3,0,2,b
4,155,98720.234,98864.625,9,0.0,3,0,1,b
4,155,99720.234,100875.31,12,0.0,3,0,2,b
3,107,98741.75,98886.14,9,0.0,3,0,1,b
3,107,99741.75,100896.83,12,0.0,3,0,2,b
1,352,102230.45,102807.99,11,0.0,3,0,1,b
1,352,103230.45,104385.53,12,0.0,3,0,2,b
3,352,102230.45,102807.99,11,0.0,3,0,1,b
3,352,103230.45,104385.53,12,0.0,3,0,2,b
4,352,102230.45,102807.99,11,0.0,3,0,1,c
4,352,103230.45,104385.53,12,0.0,3,0,2,c
2,191,106140.06,106284.445,9,0.0,3,0,1,b
2,191,107140.06,108295.13,12,0.0,3,0,2,b
3,191,106140.06,106284.445,9,0.0,3,0,1,b
3,191,107140.06,108295.13,12,0.0,3,0,2,b
1,339,110659.11,110741.55,8,0.0,3,0,1,c
1,339,111659.11,112814.19,12,0.0,3,0,2,c
1,34,122782.98,123071.74,10,0.0,3,0,1,c
1,34,123782.98,124938.05,12,0.0,3,0,2,c
3,34,122782.98,123071.74,10,0.0,3,0,1,b
3,34,123782.98,124938.05,12,0.0,3,0,2,b
4,34,122782.98,123071.74,10,0.0,3,0,1,b
4,34,123782.98,124938.05,12,0.0,3,0,2,b
1,273,124992.03,125033.25,7,0.0,3,0,1,b
1,273,125992.03,127147.11,12,0.0,3,0,2,b
4,273,124992.03,125033.25,7,0.0,3,0,1,b
4,273,125992.03,127147.11,12,0.0,3,0,2,b
3,96,126132.77,126215.21,8,0.0,3,0,1,b
3,96,127132.77,128287.84,12,0.0,3,0,2,b
4,96,126132.77,126215.21,8,0.0,3,0,1,b
4,96,127132.77,128287.84,12,0.0,3,0,2,b
3,27,126483.89,126628.28,9,0.0,3,0,1,b
3,27,127483.89,128638.96,12,0.0,3,0,2,b
4,27,126483.89,126628.28,9,0.0,3,0,1,b
4,27,127483.89,128638.96,12,0.0,3,0,2,b
1,19,128285.766,128574.54,10,0.0,3,0,1,b
1,19,129285.766,130440.84,12,0.0,3,0,2,b
1,97,131304.23,131593.0,10,0.0,3,0,1,b
1,97,132304.23,133459.31,12,0.0,3,0,2,b
2,97,131304.23,131593.0,10,0.0,3,0,1,b
2,97,132304.23,133459.31,12,0.0,3,0,2,b
3,97,131304.23,131593.0,10,0.0,3,0,1,b
3,97,132304.23,133459.31,12,0.0,3,0,2,b
2,7,131869.19,132013.56,9,0.0,3,0,1,b
2,7,132869.19,134024.27,12,0.0,3,0,2,b
3,7,131869.19,132013.56,9,0.0,3,0,1,b
3,7,132869.19,134024.27,12,0.0,3,0,2,b
1,395,132972.72,133550.25,11,0.0,3,0,1,c
1,395,133972.72,135127.8,12,0.0,3,0,2,c
2,395,132972.72,133550.25,11,0.0,3,0,1,b
2,395,133972.72,135127.8,12,0.0,3,0,2,b
3,395,132972.72,133550.25,11,0.0,3,0,1,c
3,395,133972.72,135127.8,12,0.0,3,0,2,c
4,35,133757.0,134334.53,11,0.0,3,0,1,b
4,35,134757.0,135912.08,12,0.0,3,0,2,b
2,148,137159.17,137447.94,10,0.0,3,0,1,b
2,148,138159.17,139314.23,12,0.0,3,0,2,b
1,47,140278.2,140319.4,7,0.0,3,0,1,c
1,47,141278.2,142433.27,12,0.0,3,0,2,c
4,47,140278.2,140319.4,7,0.0,3,0,1,c
4,47,141278.2,142433.27,12,0.0,3,0,2,c
2,48,144414.27,144703.03,10,0.0,3,0,1,c
2,48,145414.27,146569.34,12,0.0,3,0,2,c
3,48,144414.27,144703.03,10,0.0,3,0,1,b
3,48,145414.27,146569.34,12,0.0,3,0,2,b
4,48,144414.27,144703.03,10,0.0,3,0,1,b
4,48,145414.27,146569.34,12,0.0,3,0,2,b
2,213,146306.0,146450.38,9,0.0,3,0,1,b
2,213,147306.0,148461.08,12,0.0,3,0,2,b
4,213,146306.0,146450.38,9,0.0,3,0,1,b
4,213,147306.0,148461.08,12,0.0,3,0,2,b
2,135,149049.08,149193.45,9,0.0,3,0,1,b
2,135,150049.08,151204.14,12,0.0,3,0,2,b
1,31,149068.27,149212.64,9,0.0,3,0,1,b
1,31,150068.27,151223.34,12,0.0,3,0,2,b
4,31,149068.27,149212.64,9,0.0,3,0,1,c
4,31,150068.27,151223.34,12,0.0,3,0,2,c
1,350,154269.27,154558.05,10,0.0,3,0,1,b
1,350,155269.27,156424.34,12,0.0,3,0,2,b
3,350,154269.27,154558.05,10,0.0,3,0,1,b
3,350,155269.27,156424.34,12,0.0,3,0,2,b
4,350,154269.27,154558.05,10,0.0,3,0,1,b
4,350,155269.27,156424.34,12,0.0,3,0,2,b
1,333,155514.86,156092.39,11,0.0,3,0,1,b
1,333,156514.86,157669.94,12,0.0,3,0,2,b
2,136,155403.8,155548.17,9,0.0,3,0,1,b
2,136,156403.8,157558.88,12,0.0,3,0,2,b
1,98,155531.9,155573.12,7,0.0,3,0,1,b
1,98,156531.9,157686.98,12,0.0,3,0,2,b
1,319,155936.2,156224.97,10,0.0,3,0,1,b
1,319,156936.2,158091.28,12,0.0,3,0,2,b
4,140,157479.11,157561.53,8,0.0,3,0,1,b
4,140,158479.11,159634.19,12,0.0,3,0,2,b
2,263,158790.7,159079.48,10,0.0,3,0,1,b
2,263,159790.7,160945.78,12,0.0,3,0,2,b
3,263,158790.7,159079.48,10,0.0,3,0,1,b
3,263,159790.7,160945.78,12,0.0,3,0,2,b
2,86,159089.23,159378.0,10,0.0,3,0,1,b
2,86,160089.23,161244.31,12,0.0,3,0,2,b
4,86,159089.23,159378.0,10,0.0,3,0,1,b
4,86,160089.23,161244.31,12,0.0,3,0,2,b
1,240,160765.19,160806.39,7,0.0,3,0,1,b
1,240,161765.19,162920.25,12,0.0,3,0,2,b
3,240,160765.19,160806.39,7,0.0,3,0,1,b
3,240,161765.19,162920.25,12,0.0,3,0,2,b
2,11,161024.8,161169.17,9,0.0,3,0,1,b
2,11,162024.8,163179.88,12,0.0,3,0,2,b
3,11,161024.8,161169.17,9,0.0,3,0,1,b
3,11,162024.8,163179.88,12,0.0,3,0,2,b
2,214,161986.83,162131.2,9,0.0,3,0,1,b
2,214,162986.83,164141.9,12,0.0,3,0,2,b
2,53,163492.8,163637.17,9,0.0,3,0,1,b
2,53,164492.8,165647.88,12,0.0,3,0,2,b
3,53,163492.8,163637.17,9,0.0,3,0,1,c
3,53,164492.8,165647.88,12,0.0,3,0,2,c
4,53,163492.8,163637.17,9,0.0,3,0,1,b
4,53,164492.8,165647.88,12,0.0,3,0,2,b
4,338,163826.48,163970.86,9,0.0,3,0,1,b
4,338,164826.48,165981.55,12,0.0,3,0,2,b
1,292,164619.0,165196.53,11,0.0,3,0,1,b
1,292,165619.0,166774.08,12,0.0,3,0,2,b
2,292,164619.0,165196.53,11,0.0,3,0,1,b
2,292,165619.0,166774.08,12,0.0,3,0,2,b
4,292,164619.0,165196.53,11,0.0,3,0,1,b
4,292,165619.0,166774.08,12,0.0,3,0,2,b
2,337,165934.53,167089.6,12,0.0,3,0,1,b
2,337,166934.53,168089.6,12,0.0,3,0,2,b
3,337,165934.53,167089.6,12,0.0,3,0,1,b
3,337,166934.53,168089.6,12,0.0,3,0,2,b
4,337,165934.53,167089.6,12,0.0,3,0,1,c
4,337,166934.53,168089.6,12,0.0,3,0,2,c
1,54,164863.34,164904.56,7,0.0,3,0,1,b
1,54,165863.34,167018.42,12,0.0,3,0,2,b
4,54,164863.34,164904.56,7,0.0,3,0,1,b
4,54,165863.34,167018.42,12,0.0,3,0,2,b
2,328,166607.12,167184.66,11,0.0,3,0,1,b
2,328,167607.12,168762.2,12,0.0,3,0,2,b
1,232,170320.06,170897.6,11,0.0,3,0,1,b
1,232,171320.06,172475.14,12,0.0,3,0,2,b
4,232,170320.06,170897.6,11,0.0,3,0,1,b
4,232,171320.06,172475.14,12,0.0,3,0,2,b
2,108,170365.73,170654.52,10,0.0,3,0,1,b
2,108,171365.73,172520.81,12,0.0,3,0,2,b
2,288,174394.42,174683.2,10,0.0,3,0,1,b
2,288,175394.42,176549.5,12,0.0,3,0,2,b
3,288,174394.42,174683.2,10,0.0,3,0,1,b
3,288,175394.42,176549.5,12,0.0,3,0,2,b
1,376,175909.8,177064.86,12,0.0,3,0,1,b
1,376,176909.8,178064.86,12,0.0,3,0,2,b
2,376,175909.8,177064.86,12,0.0,3,0,1,b
2,376,176909.8,178064.86,12,0.0,3,0,2,b
3,376,175909.8,177064.86,12,0.0,3,0,1,c
3,376,176909.8,178064.86,12,0.0,3,0,2,c
1,127,181486.27,182063.8,11,0.0,3,0,1,b
1,127,182486.27,183641.34,12,0.0,3,0,2,b
1,148,182419.95,182708.72,10,0.0,3,0,1,b
1,148,183419.95,184575.03,12,0.0,3,0,2,b
3,148,182419.95,182708.72,10,0.0,3,0,1,b
3,148,183419.95,184575.03,12,0.0,3,0,2,b
3,373,183551.38,183840.16,10,0.0,3,0,1,b
3,373,184551.38,185706.45,12,0.0,3,0,2,b
3,294,183629.16,183917.92,10,0.0,3,0,1,b
3,294,184629.16,185784.22,12,0.0,3,0,2,b
4,294,183629.16,183917.92,10,0.0,3,0,1,b
4,294,184629.16,185784.22,12,0.0,3,0,2,b
3,382,186064.61,186105.81,7,0.0,3,0,1,b
3,382,187064.61,188219.69,12,0.0,3,0,2,b
4,382,186064.61,186105.81,7,0.0,3,0,1,c
4,382,187064.61,188219.69,12,0.0,3,0,2,c
4,150,186716.1,186860.47,9,0.0,3,0,1,b
4,150,187716.1,188871.17,12,0.0,3,0,2,b
3,114,186824.9,186907.33,8,0.0,3,0,1,b
3,114,187824.9,188979.98,12,0.0,3,0,2,b
2,64,188761.16,188843.58,8,0.0,3,0,1,b
2,64,189761.16,190916.23,12,0.0,3,0,2,b
4,64,188761.16,188843.58,8,0.0,3,0,1,b
4,64,189761.16,190916.23,12,0.0,3,0,2,b
1,142,189288.4,189329.62,7,0.0,3,0,1,b
1,142,190288.4,191443.48,12,0.0,3,0,2,b
3,142,189288.4,189329.62,7,0.0,3,0,1,b
3,142,190288.4,191443.48,12,0.0,3,0,2,b
2,42,189324.53,189365.73,7,0.0,3,0,1,b
2,42,190324.53,191479.6,12,0.0,3,0,2,b
1,268,190071.1,190112.31,7,0.0,3,0,1,b
1,268,191071.1,192226.17,12,0.0,3,0,2,b
3,268,190071.1,190112.31,7,0.0,3,0,1,b
3,268,191071.1,192226.17,12,0.0,3,0,2,b
4,268,190071.1,190112.31,7,0.0,3,0,1,b
4,268,191071.1,192226.17,12,0.0,3,0,2,b
1,323,190422.42,190504.86,8,0.0,3,0,1,c
1,323,191422.42,192577.5,12,0.0,3,0,2,c
2,323,190422.42,190504.86,8,0.0,3,0,1,b
2,323,191422.42,192577.5,12,0.0,3,0,2,b
3,323,190422.42,190504.86,8,0.0,3,0,1,c
3,323,191422.42,192577.5,12,0.0,3,0,2,c
4,323,190422.42,190504.86,8,0.0,3,0,1,b
4,323,191422.42,192577.5,12,0.0,3,0,2,b
3,91,192219.77,192508.55,10,0.0,3,0,1,b
3,91,193219.77,194374.84,12,0.0,3,0,2,b
1,154,193868.55,194012.92,9,0.0,3,0,1,b
1,154,194868.55,196023.62,12,0.0,3,0,2,b
4,154,193868.55,194012.92,9,0.0,3,0,1,b
4,154,194868.55,196023.62,12,0.0,3,0,2,b
2,212,198853.9,200008.98,12,0.0,3,0,1,c
2,212,199853.9,201008.98,12,0.0,3,0,2,c
3,212,198853.9,200008.98,12,0.0,3,0,1,b
3,212,199853.9,201008.98,12,0.0,3,0,2,b
2,290,199152.77,199235.2,8,0.0,3,0,1,c
2,290,200152.77,201307.84,12,0.0,3,0,2,c
4,290,199152.77,199235.2,8,0.0,3,0,1,b
4,290,200152.77,201307.84,12,0.0,3,0,2,b
3,315,199864.55,199946.97,8,0.0,3,0,1,b
3,315,200864.55,202019.62,12,0.0,3,0,2,b
1,360,200551.94,200634.38,8,0.0,3,0,1,b
1,360,201551.94,202707.02,12,0.0,3,0,2,b
3,360,200551.94,200634.38,8,0.0,3,0,1,b
3,360,201551.94,202707.02,12,0.0,3,0,2,b
4,360,200551.94,200634.38,8,0.0,3,0,1,b
4,360,201551.94,202707.02,12,0.0,3,0,2,b
3,263,204051.52,204340.28,10,0.0,3,0,1,b
3,263,205051.52,206206.6,12,0.0,3,0,2,b
4,263,204051.52,204340.28,10,0.0,3,0,1,c
4,263,205051.52,206206.6,12,0.0,3,0,2,c
2,86,204350.03,204638.81,10,0.0,3,0,1,b
2,86,205350.03,206505.11,12,0.0,3,0,2,b
1,56,204473.83,204618.2,9,0.0,3,0,1,b
1,56,205473.83,206628.9,12,0.0,3,0,2,b
2,56,204473.83,204618.2,9,0.0,3,0,1,b
2,56,205473.83,206628.9,12,0.0,3,0,2,b
3,56,204473.83,204618.2,9,0.0,3,0,1,c
3,56,205473.83,206628.9,12,0.0,3,0,2,c
1,164,206819.75,207974.83,12,0.0,3,0,1,b
1,164,207819.75,208974.83,12,0.0,3,0,2,b
4,344,208603.55,208747.92,9,0.0,3,0,1,b
4,344,209603.55,210758.62,12,0.0,3,0,2,b
3,21,210034.1,210322.86,10,0.0,3,0,1,b
3,21,211034.1,212189.16,12,0.0,3,0,2,b
2,345,211459.2,212036.73,11,0.0,3,0,1,b
2,345,212459.2,213614.27,12,0.0,3,0,2,b
4,345,211459.2,212036.73,11,0.0,3,0,1,b
4,345,212459.2,213614.27,12,0.0,3,0,2,b
1,104,211829.95,211871.17,7,0.0,3,0,1,b
1,104,212829.95,213985.03,12,0.0,3,0,2,b
3,104,211829.95,211871.17,7,0.0,3,0,1,b
3,104,212829.95,213985.03,12,0.0,3,0,2,b
4,104,211829.95,211871.17,7,0.0,3,0,1,b
4,104,212829.95,213985.03,12,0.0,3,0,2,b
3,266,213450.61,213533.03,8,0.0,3,0,1,b
3,266,214450.61,215605.69,12,0.0,3,0,2,b
2,260,213780.67,214069.44,10,0.0,3,0,1,c
2,260,214780.67,215935.75,12,0.0,3,0,2,c
3,260,213780.67,214069.44,10,0.0,3,0,1,c
3,260,214780.67,215935.75,12,0.0,3,0,2,c
4,260,213780.67,214069.44,10,0.0,3,0,1,c
4,260,214780.67,215935.75,12,0.0,3,0,2,c
1,149,218338.08,218626.84,10,0.0,3,0,1,b
1,149,219338.08,220493.16,12,0.0,3,0,2,b
4,149,218338.08,218626.84,10,0.0,3,0,1,b
4,149,219338.08,220493.16,12,0.0,3,0,2,b
1,300,219970.69,220053.11,8,0.0,3,0,1,b
1,300,220970.69,222125.77,12,0.0,3,0,2,b
1,88,220001.5,220042.7,7,0.0,3,0,1,b
1,88,221001.5,222156.58,12,0.0,3,0,2,b
3,88,220001.5,220042.7,7,0.0,3,0,1,b
3,88,221001.5,222156.58,12,0.0,3,0,2,b
4,338,220318.48,220462.86,9,0.0,3,0,1,b
4,338,221318.48,222473.56,12,0.0,3,0,2,b
4,207,220988.61,221132.98,9,0.0,3,0,1,b
4,207,221988.61,223143.67,12,0.0,3,0,2,b
2,112,222600.97,223756.05,12,0.0,3,0,1,c
2,112,223600.97,224756.05,12,0.0,3,0,2,c
3,112,222600.97,223756.05,12,0.0,3,0,1,c
3,112,223600.97,224756.05,12,0.0,3,0,2,c
2,386,221117.98,221262.36,9,0.0,3,0,1,b
2,386,222117.98,223273.06,12,0.0,3,0,2,b
3,386,221117.98,221262.36,9,0.0,3,0,1,b
3,386,222117.98,223273.06,12,0.0,3,0,2,b
2,203,222812.47,223967.55,12,0.0,3,0,1,c
2,203,223812.47,224967.55,12,0.0,3,0,2,c
4,203,222812.47,223967.55,12,0.0,3,0,1,b
4,203,223812.47,224967.55,12,0.0,3,0,2,b
3,375,222218.72,222259.94,7,0.0,3,0,1,c
3,375,223218.72,224373.8,12,0.0,3,0,2,c
2,156,223184.81,223762.34,11,0.0,3,0,1,c
2,156,224184.81,225339.89,12,0.0,3,0,2,c
3,156,223184.81,223762.34,11,0.0,3,0,1,b
3,156,224184.81,225339.89,12,0.0,3,0,2,b
4,156,223184.81,223762.34,11,0.0,3,0,1,b
4,156,224184.81,225339.89,12,0.0,3,0,2,b
1,225,224385.3,224674.08,10,0.0,3,0,1,b
1,225,225385.3,226540.38,12,0.0,3,0,2,b
3,225,224385.3,224674.08,10,0.0,3,0,1,b
3,225,225385.3,226540.38,12,0.0,3,0,2,b
4,225,224385.3,224674.08,10,0.0,3,0,1,b
4,225,225385.3,226540.38,12,0.0,3,0,2,b
2,193,229123.3,229205.72,8,0.0,3,0,1,c
2,193,230123.3,231278.36,12,0.0,3,0,2,c
4,193,229123.3,229205.72,8,0.0,3,0,1,c
4,193,230123.3,231278.36,12,0.0,3,0,2,c
2,362,229374.33,229518.7,9,0.0,3,0,1,c
2,362,230374.33,231529.4,12,0.0,3,0,2,c
3,362,229374.33,229518.7,9,0.0,3,0,1,b
3,362,230374.33,231529.4,12,0.0,3,0,2,b
4,52,231251.77,232406.84,12,0.0,3,0,1,b
4,52,232251.77,233406.84,12,0.0,3,0,2,b
1,38,230780.03,230924.4,9,0.0,3,0,1,b
1,38,231780.03,232935.11,12,0.0,3,0,2,b
3,309,231213.45,231502.23,10,0.0,3,0,1,c
3,309,232213.45,233368.53,12,0.0,3,0,2,c
4,309,231213.45,231502.23,10,0.0,3,0,1,b
4,309,232213.45,233368.53,12,0.0,3,0,2,b
1,120,231044.66,231189.05,9,0.0,3,0,1,b
1,120,232044.66,233199.73,12,0.0,3,0,2,b
2,120,231044.66,231189.05,9,0.0,3,0,1,b
2,120,232044.66,233199.73,12,0.0,3,0,2,b
4,289,231373.9,231518.28,9,0.0,3,0,1,b
4,289,232373.9,233528.97,12,0.0,3,0,2,b
1,257,233086.27,233168.69,8,0.0,3,0,1,b
1,257,234086.27,235241.33,12,0.0,3,0,2,b
2,257,233086.27,233168.69,8,0.0,3,0,1,b
2,257,234086.27,235241.33,12,0.0,3,0,2,b
1,293,234285.52,234429.9,9,0.0,3,0,1,b
1,293,235285.52,236440.6,12,0.0,3,0,2,b
4,301,235713.8,236291.33,11,0.0,3,0,1,b
4,301,236713.8,237868.86,12,0.0,3,0,2,b
1,14,235616.64,235657.86,7,0.0,3,0,1,b
1,14,236616.64,237771.72,12,0.0,3,0,2,b
2,401,235949.67,236032.11,8,0.0,3,0,1,b
2,401,236949.67,238104.75,12,0.0,3,0,2,b
4,401,235949.67,236032.11,8,0.0,3,0,1,b
4,401,236949.67,238104.75,12,0.0,3,0,2,b
1,344,238160.81,238305.19,9,0.0,3,0,1,b
1,344,239160.81,240315.89,12,0.0,3,0,2,b
2,344,238160.81,238305.19,9,0.0,3,0,1,b
2,344,239160.81,240315.89,12,0.0,3,0,2,b
4,344,238160.81,238305.19,9,0.0,3,0,1,b
4,344,239160.81,240315.89,12,0.0,3,0,2,b
3,189,239061.0,239638.53,11,0.0,3,0,1,b
3,189,240061.0,241216.08,12,0.0,3,0,2,b
4,189,239061.0,239638.53,11,0.0,3,0,1,c
4,189,240061.0,241216.08,12,0.0,3,0,2,c
2,281,238940.6,239229.38,10,0.0,3,0,1,b
2,281,239940.6,241095.67,12,0.0,3,0,2,b
4,281,238940.6,239229.38,10,0.0,3,0,1,b
4,281,239940.6,241095.67,12,0.0,3,0,2,b
2,116,240506.9,240548.12,7,0.0,3,0,1,c
2,116,241506.9,242661.98,12,0.0,3,0,2,c
4,88,240670.84,240712.05,7,0.0,3,0,1,b
4,88,241670.84,242825.9,12,0.0,3,0,2,b
1,81,240896.53,241040.9,9,0.0,3,0,1,b
1,81,241896.53,243051.61,12,0.0,3,0,2,b
1,313,244105.88,244683.4,11,0.0,3,0,1,b
1,313,245105.88,246260.95,12,0.0,3,0,2,b
4,313,244105.88,244683.4,11,0.0,3,0,1,b
4,313,245105.88,246260.95,12,0.0,3,0,2,b
1,157,243438.17,243582.55,9,0.0,3,0,1,b
1,157,244438.17,245593.25,12,0.0,3,0,2,b
2,157,243438.17,243582.55,9,0.0,3,0,1,b
2,157,244438.17,245593.25,12,0.0,3,0,2,b
1,139,247474.83,247763.6,10,0.0,3,0,1,b
1,139,248474.83,249629.89,12,0.0,3,0,2,b
3,139,247474.83,247763.6,10,0.0,3,0,1,b
3,139,248474.83,249629.89,12,0.0,3,0,2,b
4,139,247474.83,247763.6,10,0.0,3,0,1,b
4,139,248474.83,249629.89,12,0.0,3,0,2,b
2,379,248496.0,248578.44,8,0.0,3,0,1,b
2,379,249496.0,250651.08,12,0.0,3,0,2,b
2,170,250440.17,250522.6,8,0.0,3,0,1,b
2,170,251440.17,252595.25,12,0.0,3,0,2,b
2,16,250982.92,251127.3,9,0.0,3,0,1,b
2,16,251982.92,253138.0,12,0.0,3,0,2,b
3,16,250982.92,251127.3,9,0.0,3,0,1,b
3,16,251982.92,253138.0,12,0.0,3,0,2,b
3,87,252238.42,252382.8,9,0.0,3,0,1,b
3,87,253238.42,254393.5,12,0.0,3,0,2,b
1,123,252986.02,253068.45,8,0.0,3,0,1,b
1,123,253986.02,255141.1,12,0.0,3,0,2,b
3,123,252986.02,253068.45,8,0.0,3,0,1,b
3,123,253986.02,255141.1,12,0.0,3,0,2,b
1,289,256052.31,256196.69,9,0.0,3,0,1,b
1,289,257052.31,258207.36,12,0.0,3,0,2,b
1,292,263332.6,263910.12,11,0.0,3,0,1,b
1,292,264332.6,265487.62,12,0.0,3,0,2,b
3,292,263332.6,263910.12,11,0.0,3,0,1,b
3,292,264332.6,265487.62,12,0.0,3,0,2,b
4,292,263332.6,263910.12,11,0.0,3,0,1,b
4,292,264332.6,265487.62,12,0.0,3,0,2,b
3,69,263705.88,263994.62,10,0.0,3,0,1,b
3,69,264705.88,265860.94,12,0.0,3,0,2,b
4,69,263705.88,263994.62,10,0.0,3,0,1,b
4,69,264705.88,265860.94,12,0.0,3,0,2,b
1,51,263641.56,263785.94,9,0.0,3,0,1,b
1,51,264641.56,265796.62,12,0.0,3,0,2,b
4,51,263641.56,263785.94,9,0.0,3,0,1,b
4,51,264641.56,265796.62,12,0.0,3,0,2,b
1,37,264529.56,264612.0,8,0.0,3,0,1,b
1,37,265529.56,266684.62,12,0.0,3,0,2,b
3,37,264529.56,264612.0,8,0.0,3,0,1,b
3,37,265529.56,266684.62,12,0.0,3,0,2,b
4,254,265071.12,265215.5,9,0.0,3,0,1,b
4,254,266071.12,267226.2,12,0.0,3,0,2,b
3,394,267572.25,267861.0,10,0.0,3,0,1,b
3,394,268572.25,269727.28,12,0.0,3,0,2,b
1,180,270639.03,270927.78,10,0.0,3,0,1,b
1,180,271639.03,272794.1,12,0.0,3,0,2,b
4,180,270639.03,270927.78,10,0.0,3,0,1,b
4,180,271639.03,272794.1,12,0.0,3,0,2,b
3,151,272715.5,272756.75,7,0.0,3,0,1,b
3,151,273715.5,274870.56,12,0.0,3,0,2,b
4,373,274072.97,274361.72,10,0.0,3,0,1,b
4,373,275072.97,276228.03,12,0.0,3,0,2,b
2,364,274136.1,274218.53,8,0.0,3,0,1,c
2,364,275136.1,276291.16,12,0.0,3,0,2,c
2,239,276004.53,276086.94,8,0.0,3,0,1,b
2,239,277004.53,278159.56,12,0.0,3,0,2,b
1,135,277636.72,277781.1,9,0.0,3,0,1,b
1,135,278636.72,279791.78,12,0.0,3,0,2,b
4,135,277636.72,277781.1,9,0.0,3,0,1,b
4,135,278636.72,279791.78,12,0.0,3,0,2,b
2,280,277971.47,278053.9,8,0.0,3,0,1,b
2,280,278971.47,280126.53,12,0.0,3,0,2,b
3,280,277971.47,278053.9,8,0.0,3,0,1,b
3,280,278971.47,280126.53,12,0.0,3,0,2,b
4,280,277971.47,278053.9,8,0.0,3,0,1,b
4,280,278971.47,280126.53,12,0.0,3,0,2,b
2,234,278857.16,279145.9,10,0.0,3,0,1,b
2,234,279857.16,281012.22,12,0.0,3,0,2,b
3,234,278857.16,279145.9,10,0.0,3,0,1,b
3,234,279857.16,281012.22,12,0.0,3,0,2,b
2,310,279060.0,279142.44,8,0.0,3,0,1,b
2,310,280060.0,281215.06,12,0.0,3,0,2,b
3,310,279060.0,279142.44,8,0.0,3,0,1,b
3,310,280060.0,281215.06,12,0.0,3,0,2,b
2,248,279541.72,279686.1,9,0.0,3,0,1,b
2,248,280541.72,281696.78,12,0.0,3,0,2,b
3,248,279541.72,279686.1,9,0.0,3,0,1,c
3,248,280541.72,281696.78,12,0.0,3,0,2,c
4,248,279541.72,279686.1,9,0.0,3,0,1,b
4,248,280541.72,281696.78,12,0.0,3,0,2,b
2,318,279757.97,279799.2,7,0.0,3,0,1,b
2,318,280757.97,281913.03,12,0.0,3,0,2,b
3,284,280412.75,280557.12,9,0.0,3,0,1,b
3,284,281412.75,282567.8,12,0.0,3,0,2,b
1,366,281243.56,281387.94,9,0.0,3,0,1,b
1,366,282243.56,283398.62,12,0.0,3,0,2,b
3,366,281243.56,281387.94,9,0.0,3,0,1,b
3,366,282243.56,283398.62,12,0.0,3,0,2,b
1,149,282323.6,282612.38,10,0.0,3,0,1,b
1,149,283323.6,284478.66,12,0.0,3,0,2,b
4,149,282323.6,282612.38,10,0.0,3,0,1,c
4,149,283323.6,284478.66,12,0.0,3,0,2,c
2,62,282640.16,282784.53,9,0.0,3,0,1,b
2,62,283640.16,284795.22,12,0.0,3,0,2,b
3,62,282640.16,282784.53,9,0.0,3,0,1,b
3,62,283640.16,284795.22,12,0.0,3,0,2,b
1,354,283821.06,283965.47,9,0.0,3,0,1,b
1,354,284821.06,285976.12,12,0.0,3,0,2,b
2,354,283821.06,283965.47,9,0.0,3,0,1,b
2,354,284821.06,285976.12,12,0.0,3,0,2,b
3,354,283821.06,283965.47,9,0.0,3,0,1,b
3,354,284821.06,285976.12,12,0.0,3,0,2,b
4,354,283821.06,283965.47,9,0.0,3,0,1,b
4,354,284821.06,285976.12,12,0.0,3,0,2,b
4,217,286268.6,286557.34,10,0.0,3,0,1,b
4,217,287268.6,288423.66,12,0.0,3,0,2,b
4,100,287232.12,287520.88,10,0.0,3,0,1,b
4,100,288232.12,289387.2,12,0.0,3,0,2,b
1,172,289648.72,290803.78,12,0.0,3,0,1,b
1,172,290648.72,291803.78,12,0.0,3,0,2,b
2,172,289648.72,290803.78,12,0.0,3,0,1,b
2,172,290648.72,291803.78,12,0.0,3,0,2,b
3,172,289648.72,290803.78,12,0.0,3,0,1,b
3,172,290648.72,291803.78,12,0.0,3,0,2,b
4,172,289648.72,290803.78,12,0.0,3,0,1,c
4,172,290648.72,291803.78,12,0.0,3,0,2,c
2,71,288625.16,288769.53,9,0.0,3,0,1,b
2,71,289625.16,290780.22,12,0.0,3,0,2,b
2,357,289606.8,290184.34,11,0.0,3,0,1,b
2,357,290606.8,291761.88,12,0.0,3,0,2,b
4,357,289606.8,290184.34,11,0.0,3,0,1,b
4,357,290606.8,291761.88,12,0.0,3,0,2,b
4,143,289362.84,289651.62,10,0.0,3,0,1,b
4,143,290362.84,291517.9,12,0.0,3,0,2,b
2,117,292415.16,292456.38,7,0.0,3,0,1,c
2,117,293415.16,294570.22,12,0.0,3,0,2,c
4,117,292415.16,292456.38,7,0.0,3,0,1,b
4,117,293415.16,294570.22,12,0.0,3,0,2,b
2,183,295076.1,296231.12,12,0.0,3,0,1,b
2,183,296076.1,297231.12,12,0.0,3,0,2,b
3,183,295076.1,296231.12,12,0.0,3,0,1,c
3,183,296076.1,297231.12,12,0.0,3,0,2,c
2,110,294156.1,294197.3,7,0.0,3,0,1,b
2,110,295156.1,296311.16,12,0.0,3,0,2,b
2,245,295904.03,297059.1,12,0.0,3,0,1,b
2,245,296904.03,298059.1,12,0.0,3,0,2,b
4,245,295904.03,297059.1,12,0.0,3,0,1,b
4,245,296904.03,298059.1,12,0.0,3,0,2,b
1,238,295176.7,295465.47,10,0.0,3,0,1,b
1,238,296176.7,297331.75,12,0.0,3,0,2,b
2,238,295176.7,295465.47,10,0.0,3,0,1,b
2,238,296176.7,297331.75,12,0.0,3,0,2,b
3,238,295176.7,295465.47,10,0.0,3,0,1,c
3,238,296176.7,297331.75,12,0.0,3,0,2,c
2,38,295727.16,295871.53,9,0.0,3,0,1,b
2,38,296727.16,297882.2,12,0.0,3,0,2,b
4,38,295727.16,295871.53,9,0.0,3,0,1,c
4,38,296727.16,297882.2,12,0.0,3,0,2,c
3,21,299747.34,300036.1,10,0.0,3,0,1,c
3,21,300747.34,301902.4,12,0.0,3,0,2,c
4,21,299747.34,300036.1,10,0.0,3,0,1,b
4,21,300747.34,301902.4,12,0.0,3,0,2,b
1,135,302315.12,302459.5,9,0.0,3,0,1,b
1,135,303315.12,304470.2,12,0.0,3,0,2,b
4,79,304979.94,305021.2,7,0.0,3,0,1,b
4,79,305979.94,307135.0,12,0.0,3,0,2,b
2,264,305164.97,305247.4,8,0.0,3,0,1,b
2,264,306164.97,307320.03,12,0.0,3,0,2,b
1,206,305823.88,305968.25,9,0.0,3,0,1,c
1,206,306823.88,307978.94,12,0.0,3,0,2,c
4,206,305823.88,305968.25,9,0.0,3,0,1,b
4,206,306823.88,307978.94,12,0.0,3,0,2,b
2,57,306349.94,306494.3,9,0.0,3,0,1,b
2,57,307349.94,308505.0,12,0.0,3,0,2,b
3,57,306349.94,306494.3,9,0.0,3,0,1,b
3,57,307349.94,308505.0,12,0.0,3,0,2,b
4,57,306349.94,306494.3,9,0.0,3,0,1,c
4,57,307349.94,308505.0,12,0.0,3,0,2,c
4,90,307045.34,307334.1,10,0.0,3,0,1,c
4,90,308045.34,309200.4,12,0.0,3,0,2,c
2,29,307612.9,307901.7,10,0.0,3,0,1,b
2,29,308612.9,309767.97,12,0.0,3,0,2,b
4,29,307612.9,307901.7,10,0.0,3,0,1,b
4,29,308612.9,309767.97,12,0.0,3,0,2,b
3,359,307554.56,307637.0,8,0.0,3,0,1,b
3,359,308554.56,309709.62,12,0.0,3,0,2,b
1,388,309837.66,309982.03,9,0.0,3,0,1,b
1,388,310837.66,311992.72,12,0.0,3,0,2,b
1,153,310224.72,310369.12,9,0.0,3,0,1,b
1,153,311224.72,312379.78,12,0.0,3,0,2,b
4,153,310224.72,310369.12,9,0.0,3,0,1,b
4,153,311224.72,312379.78,12,0.0,3,0,2,b
2,25,311273.03,311314.28,7,0.0,3,0,1,b
2,25,312273.03,313428.1,12,0.0,3,0,2,b
3,25,311273.03,311314.28,7,0.0,3,0,1,c
3,25,312273.03,313428.1,12,0.0,3,0,2,c
1,270,311383.38,311424.6,7,0.0,3,0,1,b
1,270,312383.38,313538.4,12,0.0,3,0,2,b
4,202,312696.78,312841.16,9,0.0,3,0,1,b
4,202,313696.78,314851.84,12,0.0,3,0,2,b
1,92,312865.44,312947.88,8,0.0,3,0,1,b
1,92,313865.44,315020.5,12,0.0,3,0,2,b
2,92,312865.44,312947.88,8,0.0,3,0,1,b
2,92,313865.44,315020.5,12,0.0,3,0,2,b
4,92,312865.44,312947.88,8,0.0,3,0,1,b
4,92,313865.44,315020.5,12,0.0,3,0,2,b
2,208,316688.25,317843.3,12,0.0,3,0,1,b
2,208,317688.25,318843.3,12,0.0,3,0,2,b
3,208,316688.25,317843.3,12,0.0,3,0,1,b
3,208,317688.25,318843.3,12,0.0,3,0,2,b
3,247,316152.2,316729.75,11,0.0,3,0,1,b
3,247,317152.2,318307.25,12,0.0,3,0,2,b
4,247,316152.2,316729.75,11,0.0,3,0,1,b
4,247,317152.2,318307.25,12,0.0,3,0,2,b
1,97,316850.2,317138.94,10,0.0,3,0,1,b
1,97,317850.2,319005.25,12,0.0,3,0,2,b
3,97,316850.2,317138.94,10,0.0,3,0,1,b
3,97,317850.2,319005.25,12,0.0,3,0,2,b
2,70,316895.84,317184.6,10,0.0,3,0,1,b
2,70,317895.84,319050.9,12,0.0,3,0,2,b
4,371,317127.56,317271.94,9,0.0,3,0,1,b
4,371,318127.56,319282.62,12,0.0,3,0,2,b
2,328,317886.72,318464.25,11,0.0,3,0,1,b
2,328,318886.72,320041.78,12,0.0,3,0,2,b
3,328,317886.72,318464.25,11,0.0,3,0,1,b
3,328,318886.72,320041.78,12,0.0,3,0,2,b
4,328,317886.72,318464.25,11,0.0,3,0,1,b
4,328,318886.72,320041.78,12,0.0,3,0,2,b
2,246,319721.8,319804.22,8,0.0,3,0,1,b
2,246,320721.8,321876.88,12,0.0,3,0,2,b
4,246,319721.8,319804.22,8,0.0,3,0,1,c
4,246,320721.8,321876.88,12,0.0,3,0,2,c
2,53,320230.4,320374.78,9,0.0,3,0,1,b
2,53,321230.4,322385.47,12,0.0,3,0,2,b
4,53,320230.4,320374.78,9,0.0,3,0,1,b
4,53,321230.4,322385.47,12,0.0,3,0,2,b
1,345,321467.66,322045.2,11,0.0,3,0,1,b
1,345,322467.66,323622.72,12,0.0,3,0,2,b
3,345,321467.66,322045.2,11,0.0,3,0,1,b
3,345,322467.66,323622.72,12,0.0,3,0,2,b
4,345,321467.66,322045.2,11,0.0,3,0,1,b
4,345,322467.66,323622.72,12,0.0,3,0,2,b
1,257,320636.06,320718.5,8,0.0,3,0,1,b
1,257,321636.06,322791.12,12,0.0,3,0,2,b
3,257,320636.06,320718.5,8,0.0,3,0,1,b
3,257,321636.06,322791.12,12,0.0,3,0,2,b
1,121,321991.34,322073.75,8,0.0,3,0,1,b
1,121,322991.34,324146.4,12,0.0,3,0,2,b
2,121,321991.34,322073.75,8,0.0,3,0,1,b
2,121,322991.34,324146.4,12,0.0,3,0,2,b
4,121,321991.34,322073.75,8,0.0,3,0,1,b
4,121,322991.34,324146.4,12,0.0,3,0,2,b
1,195,323232.16,323376.53,9,0.0,3,0,1,b
1,195,324232.16,325387.22,12,0.0,3,0,2,b
1,340,323692.2,323733.44,7,0.0,3,0,1,b
1,340,324692.2,325847.25,12,0.0,3,0,2,b
2,234,324117.94,324406.72,10,0.0,3,0,1,b
2,234,325117.94,326273.0,12,0.0,3,0,2,b
3,234,324117.94,324406.72,10,0.0,3,0,1,b
3,234,325117.94,326273.0,12,0.0,3,0,2,b
1,144,325315.2,325892.72,11,0.0,3,0,1,c
1,144,326315.2,327470.25,12,0.0,3,0,2,c
1,98,325127.5,325168.72,7,0.0,3,0,1,b
1,98,326127.5,327282.56,12,0.0,3,0,2,b
2,98,325127.5,325168.72,7,0.0,3,0,1,b
2,98,326127.5,327282.56,12,0.0,3,0,2,b
3,98,325127.5,325168.72,7,0.0,3,0,1,b
3,98,326127.5,327282.56,12,0.0,3,0,2,b
4,98,325127.5,325168.72,7,0.0,3,0,1,b
4,98,326127.5,327282.56,12,0.0,3,0,2,b
1,255,326255.0,326832.56,11,0.0,3,0,1,b
1,255,327255.0,328410.06,12,0.0,3,0,2,b
2,255,326255.0,326832.56,11,0.0,3,0,1,b
2,255,327255.0,328410.06,12,0.0,3,0,2,b
3,255,326255.0,326832.56,11,0.0,3,0,1,b
3,255,327255.0,328410.06,12,0.0,3,0,2,b
4,255,326255.0,326832.56,11,0.0,3,0,1,b
4,255,327255.0,328410.06,12,0.0,3,0,2,b
4,174,327381.84,328536.9,12,0.0,3,0,1,b
4,174,328381.84,329536.9,12,0.0,3,0,2,b
1,396,329626.25,329708.7,8,0.0,3,0,1,b
1,396,330626.25,331781.3,12,0.0,3,0,2,b
1,129,330773.7,331351.22,11,0.0,3,0,1,c
1,129,331773.7,332928.75,12,0.0,3,0,2,c
4,224,336167.6,336250.03,8,0.0,3,0,1,b
4,224,337167.6,338322.66,12,0.0,3,0,2,b
1,314,336404.7,336487.12,8,0.0,3,0,1,b
1,314,337404.7,338559.75,12,0.0,3,0,2,b
3,314,336404.7,336487.12,8,0.0,3,0,1,b
3,314,337404.7,338559.75,12,0.0,3,0,2,b
4,314,336404.7,336487.12,8,0.0,3,0,1,b
4,314,337404.7,338559.75,12,0.0,3,0,2,b
1,266,336406.1,336488.53,8,0.0,3,0,1,b
1,266,337406.1,338561.16,12,0.0,3,0,2,b
3,266,336406.1,336488.53,8,0.0,3,0,1,b
3,266,337406.1,338561.16,12,0.0,3,0,2,b
2,202,337375.2,337519.56,9,0.0,3,0,1,b
2,202,338375.2,339530.25,12,0.0,3,0,2,b
4,202,337375.2,337519.56,9,0.0,3,0,1,c
4,202,338375.2,339530.25,12,0.0,3,0,2,c
4,20,340508.28,340652.66,9,0.0,3,0,1,b
4,20,341508.28,342663.34,12,0.0,3,0,2,b
2,58,341078.12,341119.34,7,0.0,3,0,1,c
2,58,342078.12,343233.2,12,0.0,3,0,2,c
4,199,342080.28,342224.66,9,0.0,3,0,1,b
4,199,343080.28,344235.34,12,0.0,3,0,2,b
2,229,342869.22,343446.78,11,0.0,3,0,1,b
2,229,343869.22,345024.28,12,0.0,3,0,2,b
3,229,342869.22,343446.78,11,0.0,3,0,1,b
3,229,343869.22,345024.28,12,0.0,3,0,2,b
4,229,342869.22,343446.78,11,0.0,3,0,1,b
4,229,343869.22,345024.28,12,0.0,3,0,2,b
1,122,343024.53,343168.9,9,0.0,3,0,1,c
1,122,344024.53,345179.6,12,0.0,3,0,2,c
2,122,343024.53,343168.9,9,0.0,3,0,1,b
2,122,344024.53,345179.6,12,0.0,3,0,2,b
3,122,343024.53,343168.9,9,0.0,3,0,1,b
3,122,344024.53,345179.6,12,0.0,3,0,2,b
1,312,345484.9,346639.97,12,0.0,3,0,1,b
1,312,346484.9,347639.97,12,0.0,3,0,2,b
2,312,345484.9,346639.97,12,0.0,3,0,1,b
2,312,346484.9,347639.97,12,0.0,3,0,2,b
3,312,345484.9,346639.97,12,0.0,3,0,1,b
3,312,346484.9,347639.97,12,0.0,3,0,2,b
4,312,345484.9,346639.97,12,0.0,3,0,1,b
4,312,346484.9,347639.97,12,0.0,3,0,2,b
1,187,345546.72,346701.78,12,0.0,3,0,1,b
1,187,346546.72,347701.78,12,0.0,3,0,2,b
3,187,345546.72,346701.78,12,0.0,3,0,1,b
3,187,346546.72,347701.78,12,0.0,3,0,2,b
4,187,345546.72,346701.78,12,0.0,3,0,1,b
4,187,346546.72,347701.78,12,0.0,3,0,2,b
2,243,344307.2,344595.94,10,0.0,3,0,1,b
2,243,345307.2,346462.25,12,0.0,3,0,2,b
2,30,346453.25,347030.78,11,0.0,3,0,1,b
2,30,347453.25,348608.3,12,0.0,3,0,2,b
3,30,346453.25,347030.78,11,0.0,3,0,1,b
3,30,347453.25,348608.3,12,0.0,3,0,2,b
4,30,346453.25,347030.78,11,0.0,3,0,1,b
4,30,347453.25,348608.3,12,0.0,3,0,2,b
2,262,345896.75,345938.0,7,0.0,3,0,1,b
2,262,346896.75,348051.8,12,0.0,3,0,2,b
3,262,345896.75,345938.0,7,0.0,3,0,1,b
3,262,346896.75,348051.8,12,0.0,3,0,2,b
2,10,346597.94,346886.7,10,0.0,3,0,1,b
2,10,347597.94,348753.0,12,0.0,3,0,2,b
3,10,346597.94,346886.7,10,0.0,3,0,1,b
3,10,347597.94,348753.0,12,0.0,3,0,2,b
4,351,347375.4,347664.16,10,0.0,3,0,1,c
4,351,348375.4,349530.47,12,0.0,3,0,2,c
3,156,349046.66,349624.22,11,0.0,3,0,1,c
3,156,350046.66,351201.72,12,0.0,3,0,2,c
4,156,349046.66,349624.22,11,0.0,3,0,1,b
4,156,350046.66,351201.72,12,0.0,3,0,2,b
1,175,348820.56,348964.94,9,0.0,3,0,1,b
1,175,349820.56,350975.62,12,0.0,3,0,2,b
2,175,348820.56,348964.94,9,0.0,3,0,1,b
2,175,349820.56,350975.62,12,0.0,3,0,2,b
3,167,349513.44,349554.66,7,0.0,3,0,1,c
3,167,350513.44,351668.5,12,0.0,3,0,2,c
1,48,351148.34,351437.1,10,0.0,3,0,1,b
1,48,352148.34,353303.4,12,0.0,3,0,2,b
1,33,354551.2,354695.56,9,0.0,3,0,1,b
1,33,355551.2,356706.25,12,0.0,3,0,2,b
3,33,354551.2,354695.56,9,0.0,3,0,1,b
3,33,355551.2,356706.25,12,0.0,3,0,2,b
3,68,354764.97,355053.75,10,0.0,3,0,1,b
3,68,355764.97,356920.03,12,0.0,3,0,2,b
4,68,354764.97,355053.75,10,0.0,3,0,1,b
4,68,355764.97,356920.03,12,0.0,3,0,2,b
2,384,355240.38,355529.16,10,0.0,3,0,1,b
2,384,356240.38,357395.44,12,0.0,3,0,2,b
2,152,355057.0,355098.25,7,0.0,3,0,1,b
2,152,356057.0,357212.06,12,0.0,3,0,2,b
1,161,355470.4,355552.8,8,0.0,3,0,1,b
1,161,356470.4,357625.47,12,0.0,3,0,2,b
2,161,355470.4,355552.8,8,0.0,3,0,1,b
2,161,356470.4,357625.47,12,0.0,3,0,2,b
3,161,355470.4,355552.8,8,0.0,3,0,1,b
3,161,356470.4,357625.47,12,0.0,3,0,2,b
3,223,358136.1,359291.16,12,0.0,3,0,1,b
3,223,359136.1,360291.16,12,0.0,3,0,2,b
1,23,356959.38,357248.12,10,0.0,3,0,1,b
1,23,357959.38,359114.44,12,0.0,3,0,2,b
1,198,358407.75,359562.8,12,0.0,3,0,1,c
1,198,359407.75,360562.8,12,0.0,3,0,2,c
2,198,358407.75,359562.8,12,0.0,3,0,1,b
2,198,359407.75,360562.8,12,0.0,3,0,2,b
3,198,358407.75,359562.8,12,0.0,3,0,1,b
3,198,359407.75,360562.8,12,0.0,3,0,2,b
3,5,357103.44,357144.66,7,0.0,3,0,1,b
3,5,358103.44,359258.47,12,0.0,3,0,2,b
2,210,357292.84,357334.06,7,0.0,3,0,1,b
2,210,358292.84,359447.9,12,0.0,3,0,2,b
4,210,357292.84,357334.06,7,0.0,3,0,1,b
4,210,358292.84,359447.9,12,0.0,3,0,2,b
2,305,357776.56,358065.3,10,0.0,3,0,1,b
2,305,358776.56,359931.62,12,0.0,3,0,2,b
1,380,360705.25,361860.3,12,0.0,3,0,1,b
1,380,361705.25,362860.3,12,0.0,3,0,2,b
3,380,360705.25,361860.3,12,0.0,3,0,1,b
3,380,361705.25,362860.3,12,0.0,3,0,2,b
2,296,361087.4,361376.16,10,0.0,3,0,1,b
2,296,362087.4,363242.47,12,0.0,3,0,2,b
3,296,361087.4,361376.16,10,0.0,3,0,1,b
3,296,362087.4,363242.47,12,0.0,3,0,2,b
4,296,361087.4,361376.16,10,0.0,3,0,1,c
4,296,362087.4,363242.47,12,0.0,3,0,2,c
1,225,367545.56,367834.3,10,0.0,3,0,1,b
1,225,368545.56,369700.62,12,0.0,3,0,2,b
4,252,378492.84,379070.38,11,0.0,3,0,1,c
4,252,379492.84,380647.88,12,0.0,3,0,2,c
2,287,379874.0,379915.22,7,0.0,3,0,1,c
2,287,380874.0,382029.06,12,0.0,3,0,2,c
3,287,379874.0,379915.22,7,0.0,3,0,1,c
3,287,380874.0,382029.06,12,0.0,3,0,2,c
1,87,383884.03,384028.4,9,0.0,3,0,1,b
1,87,384884.03,386039.1,12,0.0,3,0,2,b
3,87,383884.03,384028.4,9,0.0,3,0,1,b
3,87,384884.03,386039.1,12,0.0,3,0,2,b
1,173,385080.4,385657.97,11,0.0,3,0,1,b
1,173,386080.4,387235.47,12,0.0,3,0,2,b
2,282,392787.38,393942.44,12,0.0,3,0,1,b
2,282,393787.38,394942.44,12,0.0,3,0,2,b
4,282,392787.38,393942.44,12,0.0,3,0,1,c
4,282,393787.38,394942.44,12,0.0,3,0,2,c
2,101,393219.28,393796.8,11,0.0,3,0,1,b
2,101,394219.28,395374.34,12,0.0,3,0,2,b
4,101,393219.28,393796.8,11,0.0,3,0,1,c
4,101,394219.28,395374.34,12,0.0,3,0,2,c
2,322,393221.3,393510.06,10,0.0,3,0,1,b
2,322,394221.3,395376.38,12,0.0,3,0,2,b
3,322,393221.3,393510.06,10,0.0,3,0,1,b
3,322,394221.3,395376.38,12,0.0,3,0,2,b
2,286,401488.47,401632.84,9,0.0,3,0,1,b
2,286,402488.47,403643.53,12,0.0,3,0,2,b
1,23,402220.2,402508.94,10,0.0,3,0,1,b
1,23,403220.2,404375.25,12,0.0,3,0,2,b
2,52,412294.94,413450.0,12,0.0,3,0,1,b
2,52,413294.94,414450.0,12,0.0,3,0,2,b
3,52,412294.94,413450.0,12,0.0,3,0,1,b
3,52,413294.94,414450.0,12,0.0,3,0,2,b
4,52,412294.94,413450.0,12,0.0,3,0,1,b
4,52,413294.94,414450.0,12,0.0,3,0,2,b
3,28,411112.28,411256.66,9,0.0,3,0,1,c
3,28,412112.28,413267.34,12,0.0,3,0,2,c
4,293,417821.84,417966.22,9,0.0,3,0,1,b
4,293,418821.84,419976.9,12,0.0,3,0,2,b
2,209,418001.16,418145.53,9,0.0,3,0,1,b
2,209,419001.16,420156.22,12,0.0,3,0,2,b
2,325,419686.1,419974.84,10,0.0,3,0,1,b
2,325,420686.1,421841.16,12,0.0,3,0,2,b
3,325,419686.1,419974.84,10,0.0,3,0,1,c
3,325,420686.1,421841.16,12,0.0,3,0,2,c
4,376,423305.78,424460.84,12,0.0,3,0,1,b
4,376,424305.78,425460.84,12,0.0,3,0,2,b
1,34,422038.2,422326.94,10,0.0,3,0,1,b
1,34,423038.2,424193.25,12,0.0,3,0,2,b
2,34,422038.2,422326.94,10,0.0,3,0,1,b
2,34,423038.2,424193.25,12,0.0,3,0,2,b
1,319,424550.4,424839.2,10,0.0,3,0,1,c
1,319,425550.4,426705.47,12,0.0,3,0,2,c
2,319,424550.4,424839.2,10,0.0,3,0,1,b
2,319,425550.4,426705.47,12,0.0,3,0,2,b
1,195,424825.5,424969.88,9,0.0,3,0,1,c
1,195,425825.5,426980.56,12,0.0,3,0,2,c
4,195,424825.5,424969.88,9,0.0,3,0,1,b
4,195,425825.5,426980.56,12,0.0,3,0,2,b
2,36,427378.8,427461.25,8,0.0,3,0,1,b
2,36,428378.8,429533.88,12,0.0,3,0,2,b
3,358,427322.03,427363.25,7,0.0,3,0,1,b
3,358,428322.03,429477.1,12,0.0,3,0,2,b
4,358,427322.03,427363.25,7,0.0,3,0,1,b
4,358,428322.03,429477.1,12,0.0,3,0,2,b
3,229,441582.8,442160.38,11,0.0,3,0,1,b
3,229,442582.8,443737.88,12,0.0,3,0,2,b
1,271,441603.4,441747.78,9,0.0,3,0,1,b
1,271,442603.4,443758.47,12,0.0,3,0,2,b
2,271,441603.4,441747.78,9,0.0,3,0,1,b
2,271,442603.4,443758.47,12,0.0,3,0,2,b
3,30,445166.88,445744.4,11,0.0,3,0,1,b
3,30,446166.88,447321.94,12,0.0,3,0,2,b
2,26,445276.22,445853.75,11,0.0,3,0,1,b
2,26,446276.22,447431.28,12,0.0,3,0,2,b
4,26,445276.22,445853.75,11,0.0,3,0,1,b
4,26,446276.22,447431.28,12,0.0,3,0,2,b
3,91,445516.0,445804.75,10,0.0,3,0,1,c
3,91,446516.0,447671.06,12,0.0,3,0,2,c
4,91,445516.0,445804.75,10,0.0,3,0,1,b
4,91,446516.0,447671.06,12,0.0,3,0,2,b
2,269,445982.7,446271.47,10,0.0,3,0,1,b
2,269,446982.7,448137.75,12,0.0,3,0,2,b
3,269,445982.7,446271.47,10,0.0,3,0,1,b
3,269,446982.7,448137.75,12,0.0,3,0,2,b
4,269,445982.7,446271.47,10,0.0,3,0,1,c
4,269,446982.7,448137.75,12,0.0,3,0,2,c
2,354,445837.94,445982.34,9,0.0,3,0,1,b
2,354,446837.94,447993.0,12,0.0,3,0,2,b
3,354,445837.94,445982.34,9,0.0,3,0,1,b
3,354,446837.94,447993.0,12,0.0,3,0,2,b
1,63,447016.56,447099.0,8,0.0,3,0,1,b
1,63,448016.56,449171.62,12,0.0,3,0,2,b
2,63,447016.56,447099.0,8,0.0,3,0,1,b
2,63,448016.56,449171.62,12,0.0,3,0,2,b
4,63,447016.56,447099.0,8,0.0,3,0,1,b
4,63,448016.56,449171.62,12,0.0,3,0,2,b
1,346,449842.72,450131.47,10,0.0,3,0,1,b
1,346,450842.72,451997.78,12,0.0,3,0,2,b
3,370,451419.62,451997.16,11,0.0,3,0,1,b
3,370,452419.62,453574.7,12,0.0,3,0,2,b
4,370,451419.62,451997.16,11,0.0,3,0,1,b
4,370,452419.62,453574.7,12,0.0,3,0,2,b
3,327,454165.4,454206.62,7,0.0,3,0,1,b
3,327,455165.4,456320.47,12,0.0,3,0,2,b
2,387,455147.1,455188.3,7,0.0,3,0,1,b
2,387,456147.1,457302.16,12,0.0,3,0,2,b
1,383,460511.03,460552.25,7,0.0,3,0,1,b
1,383,461511.03,462666.06,12,0.0,3,0,2,b
2,163,461813.34,462390.9,11,0.0,3,0,1,b
2,163,462813.34,463968.4,12,0.0,3,0,2,b
4,163,461813.34,462390.9,11,0.0,3,0,1,b
4,163,462813.34,463968.4,12,0.0,3,0,2,b
3,179,461176.4,461258.8,8,0.0,3,0,1,b
3,179,462176.4,463331.44,12,0.0,3,0,2,b
4,234,464126.2,464414.94,10,0.0,3,0,1,b
4,234,465126.2,466281.25,12,0.0,3,0,2,b
1,70,464143.8,464432.56,10,0.0,3,0,1,b
1,70,465143.8,466298.84,12,0.0,3,0,2,b
1,325,464946.88,465235.62,10,0.0,3,0,1,b
1,325,465946.88,467101.94,12,0.0,3,0,2,b
1,383,467704.62,467745.84,7,0.0,3,0,1,b
1,383,468704.62,469859.7,12,0.0,3,0,2,b
1,238,468785.22,469073.97,10,0.0,3,0,1,b
1,238,469785.22,470940.28,12,0.0,3,0,2,b
2,238,468785.22,469073.97,10,0.0,3,0,1,b
2,238,469785.22,470940.28,12,0.0,3,0,2,b
3,238,468785.22,469073.97,10,0.0,3,0,1,b
3,238,469785.22,470940.28,12,0.0,3,0,2,b
2,172,470691.9,471846.97,12,0.0,3,0,1,b
2,172,471691.9,472846.97,12,0.0,3,0,2,b
4,172,470691.9,471846.97,12,0.0,3,0,1,b
4,172,471691.9,472846.97,12,0.0,3,0,2,b
1,180,474736.4,475025.2,10,0.0,3,0,1,b
1,180,475736.4,476891.47,12,0.0,3,0,2,b
3,180,474736.4,475025.2,10,0.0,3,0,1,b
3,180,475736.4,476891.47,12,0.0,3,0,2,b
2,81,474793.72,474938.12,9,0.0,3,0,1,c
2,81,475793.72,476948.78,12,0.0,3,0,2,c
4,81,474793.72,474938.12,9,0.0,3,0,1,b
4,81,475793.72,476948.78,12,0.0,3,0,2,b
1,122,474878.06,475022.44,9,0.0,3,0,1,b
1,122,475878.06,477033.12,12,0.0,3,0,2,b
1,289,477068.53,477212.9,9,0.0,3,0,1,b
1,289,478068.53,479223.6,12,0.0,3,0,2,b
2,145,478798.97,478881.4,8,0.0,3,0,1,b
2,145,479798.97,480954.03,12,0.0,3,0,2,b
4,145,478798.97,478881.4,8,0.0,3,0,1,b
4,145,479798.97,480954.03,12,0.0,3,0,2,b
1,252,480266.16,480843.7,11,0.0,3,0,1,b
1,252,481266.16,482421.22,12,0.0,3,0,2,b
3,252,480266.16,480843.7,11,0.0,3,0,1,b
3,252,481266.16,482421.22,12,0.0,3,0,2,b
4,252,480266.16,480843.7,11,0.0,3,0,1,b
4,252,481266.16,482421.22,12,0.0,3,0,2,b
4,256,483604.72,483645.94,7,0.0,3,0,1,b
4,256,484604.72,485759.75,12,0.0,3,0,2,b
1,341,487423.38,487505.8,8,0.0,3,0,1,b
1,341,488423.38,489578.44,12,0.0,3,0,2,b
4,126,490002.28,490043.53,7,0.0,3,0,1,b
4,126,491002.28,492157.34,12,0.0,3,0,2,b
4,6,492121.94,493277.0,12,0.0,3,0,1,c
4,6,493121.94,494277.0,12,0.0,3,0,2,c
4,401,499467.94,499550.34,8,0.0,3,0,1,b
4,401,500467.94,501623.0,12,0.0,3,0,2,b
1,184,511321.3,511403.75,8,0.0,3,0,1,b
1,184,512321.28,513476.38,12,0.0,3,0,2,b
1,333,515419.56,515997.06,11,0.0,3,0,1,b
1,333,516419.56,517574.66,12,0.0,3,0,2,b
1,273,520398.0,520439.22,7,0.0,3,0,1,b
1,273,521398.0,522553.1,12,0.0,3,0,2,b
2,203,524399.75,525554.8,12,0.0,3,0,1,c
2,203,525399.75,526554.8,12,0.0,3,0,2,c
4,203,524399.75,525554.8,12,0.0,3,0,1,b
4,203,525399.75,526554.8,12,0.0,3,0,2,b
4,303,523120.9,523265.3,9,0.0,3,0,1,b
4,303,524120.9,525276.0,12,0.0,3,0,2,b
3,31,526277.4,526421.75,9,0.0,3,0,1,c
3,31,527277.4,528432.44,12,0.0,3,0,2,c
2,379,534027.8,534110.3,8,0.0,3,0,1,b
2,379,535027.8,536182.94,12,0.0,3,0,2,b
2,309,534708.7,534997.44,10,0.0,3,0,1,c
2,309,535708.7,536863.75,12,0.0,3,0,2,c
3,309,534708.7,534997.44,10,0.0,3,0,1,b
3,309,535708.7,536863.75,12,0.0,3,0,2,b
2,322,538267.44,538556.2,10,0.0,3,0,1,b
2,322,539267.44,540422.56,12,0.0,3,0,2,b
1,26,543989.8,544567.3,11,0.0,3,0,1,b
1,26,544989.8,546144.9,12,0.0,3,0,2,b
1,277,544668.0,544812.44,9,0.0,3,0,1,b
1,277,545668.0,546823.1,12,0.0,3,0,2,b
1,189,554531.3,555108.8,11,0.0,3,0,1,b
1,189,555531.3,556686.4,12,0.0,3,0,2,b
2,155,554699.3,554843.75,9,0.0,3,0,1,b
2,155,555699.3,556854.44,12,0.0,3,0,2,b
4,155,554699.3,554843.75,9,0.0,3,0,1,b
4,155,555699.3,556854.44,12,0.0,3,0,2,b
1,199,556384.4,556528.8,9,0.0,3,0,1,b
1,199,557384.4,558539.5,12,0.0,3,0,2,b
4,199,556384.4,556528.8,9,0.0,3,0,1,b
4,199,557384.4,558539.5,12,0.0,3,0,2,b
3,370,557653.6,558231.1,11,0.0,3,0,1,b
3,370,558653.6,559808.7,12,0.0,3,0,2,b
1,234,563777.2,564065.94,10,0.0,3,0,1,b
1,234,564777.2,565932.25,12,0.0,3,0,2,b
3,234,563777.2,564065.94,10,0.0,3,0,1,c
3,234,564777.2,565932.25,12,0.0,3,0,2,c
2,43,563562.44,563603.6,7,0.0,3,0,1,b
2,43,564562.44,565717.5,12,0.0,3,0,2,b
2,148,564302.9,564591.6,10,0.0,3,0,1,b
2,148,565302.9,566457.94,12,0.0,3,0,2,b
1,206,565871.1,566015.5,9,0.0,3,0,1,b
1,206,566871.1,568026.2,12,0.0,3,0,2,b
2,206,565871.1,566015.5,9,0.0,3,0,1,b
2,206,566871.1,568026.2,12,0.0,3,0,2,b
3,206,565871.1,566015.5,9,0.0,3,0,1,b
3,206,566871.1,568026.2,12,0.0,3,0,2,b
4,181,566716.9,566758.06,7,0.0,3,0,1,b
4,181,567716.9,568871.94,12,0.0,3,0,2,b
1,359,567351.94,567434.4,8,0.0,3,0,1,c
1,359,568351.94,569507.0,12,0.0,3,0,2,c
4,166,568068.56,568109.75,7,0.0,3,0,1,b
4,166,569068.56,570223.6,12,0.0,3,0,2,b
1,374,569755.0,570043.75,10,0.0,3,0,1,b
1,374,570755.0,571910.1,12,0.0,3,0,2,b
3,374,569755.0,570043.75,10,0.0,3,0,1,b
3,374,570755.0,571910.1,12,0.0,3,0,2,b
2,361,579837.44,579878.7,7,0.0,3,0,1,b
2,361,580837.44,581992.56,12,0.0,3,0,2,b
2,17,585263.1,586418.2,12,0.0,3,0,1,b
2,17,586263.1,587418.2,12,0.0,3,0,2,b
3,225,585258.06,585546.8,10,0.0,3,0,1,c
3,225,586258.06,587413.1,12,0.0,3,0,2,c
4,225,585258.06,585546.8,10,0.0,3,0,1,b
4,225,586258.06,587413.1,12,0.0,3,0,2,b
1,161,591329.56,591412.06,8,0.0,3,0,1,b
1,161,592329.56,593484.7,12,0.0,3,0,2,b
2,161,591329.56,591412.06,8,0.0,3,0,1,b
2,161,592329.56,593484.7,12,0.0,3,0,2,b
4,161,591329.56,591412.06,8,0.0,3,0,1,b
4,161,592329.56,593484.7,12,0.0,3,0,2,b
2,338,592703.4,592847.75,9,0.0,3,0,1,b
2,338,593703.4,594858.44,12,0.0,3,0,2,b
3,338,592703.4,592847.75,9,0.0,3,0,1,b
3,338,593703.4,594858.44,12,0.0,3,0,2,b
1,238,598765.2,599053.94,10,0.0,3,0,1,b
1,238,599765.2,600920.3,12,0.0,3,0,2,b
1,30,601834.4,602411.9,11,0.0,3,0,1,b
1,30,602834.4,603989.44,12,0.0,3,0,2,b
4,30,601834.4,602411.9,11,0.0,3,0,1,b
4,30,602834.4,603989.44,12,0.0,3,0,2,b
1,29,602814.94,603103.7,10,0.0,3,0,1,b
1,29,603814.94,604970.06,12,0.0,3,0,2,b
4,29,602814.94,603103.7,10,0.0,3,0,1,b
4,29,603814.94,604970.06,12,0.0,3,0,2,b
1,319,605063.7,605352.44,10,0.0,3,0,1,c
1,319,606063.7,607218.75,12,0.0,3,0,2,c
3,319,605063.7,605352.44,10,0.0,3,0,1,b
3,319,606063.7,607218.75,12,0.0,3,0,2,b
1,350,607069.25,607358.06,10,0.0,3,0,1,b
1,350,608069.25,609224.4,12,0.0,3,0,2,b
2,350,607069.25,607358.06,10,0.0,3,0,1,b
2,350,608069.25,609224.4,12,0.0,3,0,2,b
1,101,611757.75,612335.25,11,0.0,3,0,1,b
1,101,612757.75,613912.8,12,0.0,3,0,2,b
2,101,611757.75,612335.25,11,0.0,3,0,1,b
2,101,612757.75,613912.8,12,0.0,3,0,2,b
3,101,611757.75,612335.25,11,0.0,3,0,1,b
3,101,612757.75,613912.8,12,0.0,3,0,2,b
4,101,611757.75,612335.25,11,0.0,3,0,1,b
4,101,612757.75,613912.8,12,0.0,3,0,2,b
3,254,611591.25,611735.7,9,0.0,3,0,1,b
3,254,612591.25,613746.3,12,0.0,3,0,2,b
4,207,613601.5,613745.94,9,0.0,3,0,1,b
4,207,614601.5,615756.56,12,0.0,3,0,2,b
1,155,613728.0,613872.44,9,0.0,3,0,1,b
1,155,614728.0,615883.1,12,0.0,3,0,2,b
2,155,613728.0,613872.44,9,0.0,3,0,1,b
2,155,614728.0,615883.1,12,0.0,3,0,2,b
4,155,613728.0,613872.44,9,0.0,3,0,1,b
4,155,614728.0,615883.1,12,0.0,3,0,2,b
1,68,615335.94,615624.7,10,0.0,3,0,1,b
1,68,616335.94,617491.0,12,0.0,3,0,2,b
2,68,615335.94,615624.7,10,0.0,3,0,1,c
2,68,616335.94,617491.0,12,0.0,3,0,2,c
1,19,615378.6,615667.4,10,0.0,3,0,1,b
1,19,616378.6,617533.7,12,0.0,3,0,2,b
1,230,622046.75,622087.94,7,0.0,3,0,1,b
1,230,623046.75,624201.8,12,0.0,3,0,2,b
2,230,622046.75,622087.94,7,0.0,3,0,1,c
2,230,623046.75,624201.8,12,0.0,3,0,2,c
1,93,622905.7,622946.9,7,0.0,3,0,1,b
1,93,623905.7,625060.8,12,0.0,3,0,2,b
4,93,622905.7,622946.9,7,0.0,3,0,1,b
4,93,623905.7,625060.8,12,0.0,3,0,2,b
3,403,623281.75,623426.1,9,0.0,3,0,1,b
3,403,624281.75,625436.8,12,0.0,3,0,2,b
4,403,623281.75,623426.1,9,0.0,3,0,1,b
4,403,624281.75,625436.8,12,0.0,3,0,2,b
1,57,624932.25,625076.7,9,0.0,3,0,1,b
1,57,625932.25,627087.3,12,0.0,3,0,2,b
4,255,633208.25,633785.75,11,0.0,3,0,1,b
4,255,634208.25,635363.3,12,0.0,3,0,2,b
3,323,637266.75,637349.2,8,0.0,3,0,1,b
3,323,638266.75,639421.8,12,0.0,3,0,2,b
4,323,637266.75,637349.2,8,0.0,3,0,1,b
4,323,638266.75,639421.8,12,0.0,3,0,2,b
4,71,637646.6,637791.0,9,0.0,3,0,1,b
4,71,638646.6,639801.7,12,0.0,3,0,2,b
3,55,638280.94,638425.4,9,0.0,3,0,1,b
3,55,639280.94,640436.06,12,0.0,3,0,2,b
1,210,638602.1,638643.3,7,0.0,3,0,1,b
1,210,639602.1,640757.2,12,0.0,3,0,2,b
2,137,639367.2,639655.94,10,0.0,3,0,1,c
2,137,640367.2,641522.25,12,0.0,3,0,2,c
4,137,639367.2,639655.94,10,0.0,3,0,1,b
4,137,640367.2,641522.25,12,0.0,3,0,2,b
2,294,641226.9,641515.6,10,0.0,3,0,1,b
2,294,642226.9,643381.94,12,0.0,3,0,2,b
4,294,641226.9,641515.6,10,0.0,3,0,1,b
4,294,642226.9,643381.94,12,0.0,3,0,2,b
1,302,641203.7,641348.06,9,0.0,3,0,1,b
1,302,642203.7,643358.75,12,0.0,3,0,2,b
2,307,644681.25,644722.5,7,0.0,3,0,1,b
2,307,645681.25,646836.4,12,0.0,3,0,2,b
2,319,650324.44,650613.25,10,0.0,3,0,1,b
2,319,651324.44,652479.56,12,0.0,3,0,2,b
3,319,650324.44,650613.25,10,0.0,3,0,1,b
3,319,651324.44,652479.56,12,0.0,3,0,2,b
4,319,650324.44,650613.25,10,0.0,3,0,1,b
4,319,651324.44,652479.56,12,0.0,3,0,2,b
3,389,651904.0,653059.06,12,0.0,3,0,1,c
3,389,652904.0,654059.06,12,0.0,3,0,2,c
1,174,652589.2,653744.25,12,0.0,3,0,1,b
1,174,653589.2,654744.25,12,0.0,3,0,2,b
4,174,652589.2,653744.25,12,0.0,3,0,1,b
4,174,653589.2,654744.25,12,0.0,3,0,2,b
1,24,652950.6,653239.4,10,0.0,3,0,1,b
1,24,653950.6,655105.7,12,0.0,3,0,2,b
2,24,652950.6,653239.4,10,0.0,3,0,1,c
2,24,653950.6,655105.7,12,0.0,3,0,2,c
4,129,654079.7,654657.25,11,0.0,3,0,1,b
4,129,655079.7,656234.8,12,0.0,3,0,2,b
1,337,656893.06,658048.2,12,0.0,3,0,1,b
1,337,657893.06,659048.2,12,0.0,3,0,2,b
1,173,671382.6,671960.1,11,0.0,3,0,1,b
1,173,672382.6,673537.75,12,0.0,3,0,2,b
3,173,671382.6,671960.1,11,0.0,3,0,1,c
3,173,672382.6,673537.75,12,0.0,3,0,2,c
4,173,671382.6,671960.1,11,0.0,3,0,1,b
4,173,672382.6,673537.75,12,0.0,3,0,2,b
2,139,672775.3,673064.06,10,0.0,3,0,1,b
2,139,673775.3,674930.44,12,0.0,3,0,2,b
1,111,672646.4,672687.56,7,0.0,3,0,1,b
1,111,673646.4,674801.44,12,0.0,3,0,2,b
3,111,672646.4,672687.56,7,0.0,3,0,1,c
3,111,673646.4,674801.44,12,0.0,3,0,2,c
4,111,672646.4,672687.56,7,0.0,3,0,1,b
4,111,673646.4,674801.44,12,0.0,3,0,2,b
1,384,673733.4,674022.1,10,0.0,3,0,1,b
1,384,674733.4,675888.5,12,0.0,3,0,2,b
4,305,673857.44,674146.2,10,0.0,3,0,1,c
4,305,674857.44,676012.5,12,0.0,3,0,2,c
1,244,675407.75,675449.0,7,0.0,3,0,1,b
1,244,676407.75,677562.9,12,0.0,3,0,2,b
1,271,676047.44,676191.8,9,0.0,3,0,1,b
1,271,677047.44,678202.5,12,0.0,3,0,2,b
3,271,676047.44,676191.8,9,0.0,3,0,1,b
3,271,677047.44,678202.5,12,0.0,3,0,2,b
3,160,678980.7,679021.94,7,0.0,3,0,1,b
3,160,679980.7,681135.8,12,0.0,3,0,2,b
2,159,680838.25,680879.44,7,0.0,3,0,1,b
2,159,681838.25,682993.4,12,0.0,3,0,2,b
3,159,680838.25,680879.44,7,0.0,3,0,1,b
3,159,681838.25,682993.4,12,0.0,3,0,2,b
3,171,684187.94,684476.7,10,0.0,3,0,1,c
3,171,685187.94,686343.0,12,0.0,3,0,2,c
2,183,687231.2,688386.3,12,0.0,3,0,1,b
2,183,688231.2,689386.3,12,0.0,3,0,2,b
3,183,687231.2,688386.3,12,0.0,3,0,1,b
3,183,688231.2,689386.3,12,0.0,3,0,2,b
2,160,686174.3,686215.5,7,0.0,3,0,1,b
2,160,687174.3,688329.44,12,0.0,3,0,2,b
1,309,692002.0,692290.75,10,0.0,3,0,1,b
1,309,693002.0,694157.1,12,0.0,3,0,2,b
3,309,692002.0,692290.75,10,0.0,3,0,1,b
3,309,693002.0,694157.1,12,0.0,3,0,2,b
4,309,692002.0,692290.75,10,0.0,3,0,1,b
4,309,693002.0,694157.1,12,0.0,3,0,2,b
2,144,692592.8,693170.4,11,0.0,3,0,1,b
2,144,693592.8,694747.94,12,0.0,3,0,2,b
1,148,698265.75,698554.5,10,0.0,3,0,1,b
1,148,699265.75,700420.8,12,0.0,3,0,2,b
2,148,698265.75,698554.5,10,0.0,3,0,1,b
2,148,699265.75,700420.8,12,0.0,3,0,2,b
1,30,700548.0,701125.5,11,0.0,3,0,1,c
1,30,701548.0,702703.06,12,0.0,3,0,2,c
2,30,700548.0,701125.5,11,0.0,3,0,1,b
2,30,701548.0,702703.06,12,0.0,3,0,2,b
3,30,700548.0,701125.5,11,0.0,3,0,1,b
3,30,701548.0,702703.06,12,0.0,3,0,2,b
4,30,700548.0,701125.5,11,0.0,3,0,1,b
4,30,701548.0,702703.06,12,0.0,3,0,2,b
2,285,703659.2,704236.7,11,0.0,3,0,1,b
2,285,704659.2,705814.25,12,0.0,3,0,2,b
2,380,710938.9,712094.0,12,0.0,3,0,1,b
2,380,711938.9,713094.0,12,0.0,3,0,2,b
3,380,710938.9,712094.0,12,0.0,3,0,1,c
3,380,711938.9,713094.0,12,0.0,3,0,2,c
1,346,709935.2,710223.94,10,0.0,3,0,1,b
1,346,710935.2,712090.25,12,0.0,3,0,2,b
2,346,709935.2,710223.94,10,0.0,3,0,1,b
2,346,710935.2,712090.25,12,0.0,3,0,2,b
4,346,709935.2,710223.94,10,0.0,3,0,1,b
4,346,710935.2,712090.25,12,0.0,3,0,2,b
1,101,710471.3,711048.8,11,0.0,3,0,1,b
1,101,711471.3,712626.4,12,0.0,3,0,2,b
3,101,710471.3,711048.8,11,0.0,3,0,1,b
3,101,711471.3,712626.4,12,0.0,3,0,2,b
4,101,710471.3,711048.8,11,0.0,3,0,1,b
4,101,711471.3,712626.4,12,0.0,3,0,2,b
1,51,714028.0,714172.44,9,0.0,3,0,1,b
1,51,715028.0,716183.1,12,0.0,3,0,2,b
4,220,714823.44,714864.6,7,0.0,3,0,1,b
4,220,715823.44,716978.5,12,0.0,3,0,2,b
4,95,716202.7,716347.1,9,0.0,3,0,1,b
4,95,717202.7,718357.8,12,0.0,3,0,2,b
1,305,719118.25,719407.0,10,0.0,3,0,1,b
1,305,720118.25,721273.3,12,0.0,3,0,2,b
2,305,719118.25,719407.0,10,0.0,3,0,1,b
2,305,720118.25,721273.3,12,0.0,3,0,2,b
4,305,719118.25,719407.0,10,0.0,3,0,1,b
4,305,720118.25,721273.3,12,0.0,3,0,2,b
4,193,723569.9,723652.4,8,0.0,3,0,1,b
4,193,724569.9,725725.0,12,0.0,3,0,2,b
2,138,723940.06,724022.5,8,0.0,3,0,1,b
2,138,724940.06,726095.1,12,0.0,3,0,2,b
3,138,723940.06,724022.5,8,0.0,3,0,1,b
3,138,724940.06,726095.1,12,0.0,3,0,2,b
1,195,725286.5,725430.94,9,0.0,3,0,1,b
1,195,726286.5,727441.56,12,0.0,3,0,2,b
1,145,726421.9,726504.3,8,0.0,3,0,1,b
1,145,727421.9,728576.94,12,0.0,3,0,2,b
2,145,726421.9,726504.3,8,0.0,3,0,1,b
2,145,727421.9,728576.94,12,0.0,3,0,2,b
3,145,726421.9,726504.3,8,0.0,3,0,1,b
3,145,727421.9,728576.94,12,0.0,3,0,2,b
4,145,726421.9,726504.3,8,0.0,3,0,1,b
4,145,727421.9,728576.94,12,0.0,3,0,2,b
2,253,727012.94,727095.4,8,0.0,3,0,1,b
2,253,728012.94,729168.0,12,0.0,3,0,2,b
1,170,727766.0,727848.44,8,0.0,3,0,1,b
1,170,728766.0,729921.06,12,0.0,3,0,2,b
3,170,727766.0,727848.44,8,0.0,3,0,1,b
3,170,728766.0,729921.06,12,0.0,3,0,2,b
2,171,729448.75,729737.5,10,0.0,3,0,1,b
2,171,730448.75,731603.8,12,0.0,3,0,2,b
3,171,729448.75,729737.5,10,0.0,3,0,1,b
3,171,730448.75,731603.8,12,0.0,3,0,2,b
4,171,729448.75,729737.5,10,0.0,3,0,1,b
4,171,730448.75,731603.8,12,0.0,3,0,2,b
3,341,730810.0,730892.44,8,0.0,3,0,1,b
3,341,731810.0,732965.06,12,0.0,3,0,2,b
1,277,740528.9,740673.25,9,0.0,3,0,1,b
1,277,741528.9,742683.94,12,0.0,3,0,2,b
1,28,740865.4,741009.75,9,0.0,3,0,1,b
1,28,741865.4,743020.44,12,0.0,3,0,2,b
3,28,740865.4,741009.75,9,0.0,3,0,1,c
3,28,741865.4,743020.44,12,0.0,3,0,2,c
2,326,742640.56,742723.0,8,0.0,3,0,1,b
2,326,743640.56,744795.6,12,0.0,3,0,2,b
3,326,742640.56,742723.0,8,0.0,3,0,1,b
3,326,743640.56,744795.6,12,0.0,3,0,2,b
2,208,746282.3,747437.4,12,0.0,3,0,1,b
2,208,747282.3,748437.4,12,0.0,3,0,2,b
4,208,746282.3,747437.4,12,0.0,3,0,1,b
4,208,747282.3,748437.4,12,0.0,3,0,2,b
4,348,758419.8,759574.9,12,0.0,3,0,1,b
4,348,759419.8,760574.9,12,0.0,3,0,2,b
2,112,765730.56,766885.7,12,0.0,3,0,1,b
2,112,766730.56,767885.7,12,0.0,3,0,2,b
3,112,765730.56,766885.7,12,0.0,3,0,1,b
3,112,766730.56,767885.7,12,0.0,3,0,2,b
4,305,764379.0,764667.8,10,0.0,3,0,1,b
4,305,765379.0,766534.1,12,0.0,3,0,2,b
1,17,766306.3,767461.44,12,0.0,3,0,1,b
1,17,767306.3,768461.44,12,0.0,3,0,2,b
4,17,766306.3,767461.44,12,0.0,3,0,1,b
4,17,767306.3,768461.44,12,0.0,3,0,2,b
3,355,765827.6,765972.06,9,0.0,3,0,1,b
3,355,766827.6,767982.75,12,0.0,3,0,2,b
1,334,766281.25,766425.7,9,0.0,3,0,1,b
1,334,767281.25,768436.3,12,0.0,3,0,2,b
2,334,766281.25,766425.7,9,0.0,3,0,1,b
2,334,767281.25,768436.3,12,0.0,3,0,2,b
3,334,766281.25,766425.7,9,0.0,3,0,1,b
3,334,767281.25,768436.3,12,0.0,3,0,2,b
3,217,768116.1,768404.94,10,0.0,3,0,1,b
3,217,769116.1,770271.25,12,0.0,3,0,2,b
4,217,768116.1,768404.94,10,0.0,3,0,1,c
4,217,769116.1,770271.25,12,0.0,3,0,2,c
1,206,769462.5,769606.94,9,0.0,3,0,1,c
1,206,770462.5,771617.6,12,0.0,3,0,2,c
2,129,792948.9,793526.4,11,0.0,3,0,1,b
2,129,793948.9,795103.94,12,0.0,3,0,2,b
3,129,792948.9,793526.4,11,0.0,3,0,1,b
3,129,793948.9,795103.94,12,0.0,3,0,2,b
2,248,792427.25,792571.6,9,0.0,3,0,1,b
2,248,793427.25,794582.3,12,0.0,3,0,2,b
4,248,792427.25,792571.6,9,0.0,3,0,1,b
4,248,793427.25,794582.3,12,0.0,3,0,2,b
3,372,794437.4,795014.9,11,0.0,3,0,1,b
3,372,795437.4,796592.44,12,0.0,3,0,2,b
4,372,794437.4,795014.9,11,0.0,3,0,1,b
4,372,795437.4,796592.44,12,0.0,3,0,2,b
2,192,793782.56,793926.94,9,0.0,3,0,1,b
2,192,794782.56,795937.6,12,0.0,3,0,2,b
3,263,794626.25,794915.0,10,0.0,3,0,1,b
3,263,795626.25,796781.3,12,0.0,3,0,2,b
1,322,795681.25,795970.06,10,0.0,3,0,1,b
1,322,796681.25,797836.4,12,0.0,3,0,2,b
3,322,795681.25,795970.06,10,0.0,3,0,1,c
3,322,796681.25,797836.4,12,0.0,3,0,2,c
3,146,797485.0,798640.06,12,0.0,3,0,1,b
3,146,798485.0,799640.06,12,0.0,3,0,2,b
4,146,797485.0,798640.06,12,0.0,3,0,1,b
4,146,798485.0,799640.06,12,0.0,3,0,2,b
4,12,798010.3,798092.75,8,0.0,3,0,1,b
4,12,799010.3,800165.4,12,0.0,3,0,2,b
1,303,800098.9,800243.3,9,0.0,3,0,1,b
1,303,801098.9,802253.94,12,0.0,3,0,2,b
3,303,800098.9,800243.3,9,0.0,3,0,1,c
3,303,801098.9,802253.94,12,0.0,3,0,2,c
4,404,800362.5,800403.7,7,0.0,3,0,1,b
4,404,801362.5,802517.56,12,0.0,3,0,2,b
3,41,800482.6,800523.8,7,0.0,3,0,1,c
3,41,801482.6,802637.7,12,0.0,3,0,2,c
2,95,802288.4,802432.8,9,0.0,3,0,1,b
2,95,803288.4,804443.5,12,0.0,3,0,2,b
3,137,807675.7,807964.44,10,0.0,3,0,1,b
3,137,808675.7,809830.75,12,0.0,3,0,2,b
4,137,807675.7,807964.44,10,0.0,3,0,1,b
4,137,808675.7,809830.75,12,0.0,3,0,2,b
1,48,808870.5,809159.25,10,0.0,3,0,1,b
1,48,809870.5,811025.56,12,0.0,3,0,2,b
1,73,810024.8,810602.4,11,0.0,3,0,1,c
1,73,811024.8,812179.94,12,0.0,3,0,2,c
3,73,810024.8,810602.4,11,0.0,3,0,1,b
3,73,811024.8,812179.94,12,0.0,3,0,2,b
4,73,810024.8,810602.4,11,0.0,3,0,1,c
4,73,811024.8,812179.94,12,0.0,3,0,2,c
3,220,809455.3,809496.5,7,0.0,3,0,1,b
3,220,810455.3,811610.44,12,0.0,3,0,2,b
1,381,812415.7,812456.94,7,0.0,3,0,1,b
1,381,813415.7,814570.8,12,0.0,3,0,2,b
3,381,812415.7,812456.94,7,0.0,3,0,1,b
3,381,813415.7,814570.8,12,0.0,3,0,2,b
1,156,814574.3,815151.9,11,0.0,3,0,1,c
1,156,815574.3,816729.44,12,0.0,3,0,2,c
4,156,814574.3,815151.9,11,0.0,3,0,1,c
4,156,815574.3,816729.44,12,0.0,3,0,2,c
4,211,813778.3,813819.5,7,0.0,3,0,1,b
4,211,814778.3,815933.44,12,0.0,3,0,2,b
1,296,834021.06,834309.8,10,0.0,3,0,1,c
1,296,835021.06,836176.1,12,0.0,3,0,2,c
4,296,834021.06,834309.8,10,0.0,3,0,1,b
4,296,835021.06,836176.1,12,0.0,3,0,2,b
2,94,834462.4,834751.2,10,0.0,3,0,1,b
2,94,835462.4,836617.5,12,0.0,3,0,2,b
1,362,837097.94,837242.4,9,0.0,3,0,1,b
1,362,838097.94,839253.06,12,0.0,3,0,2,b
3,362,837097.94,837242.4,9,0.0,3,0,1,b
3,362,838097.94,839253.06,12,0.0,3,0,2,b
1,309,838419.8,838708.56,10,0.0,3,0,1,b
1,309,839419.8,840574.9,12,0.0,3,0,2,b
3,309,838419.8,838708.56,10,0.0,3,0,1,b
3,309,839419.8,840574.9,12,0.0,3,0,2,b
1,396,838837.56,838920.06,8,0.0,3,0,1,b
1,396,839837.56,840992.7,12,0.0,3,0,2,b
2,396,838837.56,838920.06,8,0.0,3,0,1,b
2,396,839837.56,840992.7,12,0.0,3,0,2,b
4,396,838837.56,838920.06,8,0.0,3,0,1,b
4,396,839837.56,840992.7,12,0.0,3,0,2,b
2,133,841263.2,841304.4,7,0.0,3,0,1,b
2,133,842263.2,843418.25,12,0.0,3,0,2,b
2,180,841674.7,841963.44,10,0.0,3,0,1,b
2,180,842674.7,843829.75,12,0.0,3,0,2,b
3,180,841674.7,841963.44,10,0.0,3,0,1,b
3,180,842674.7,843829.75,12,0.0,3,0,2,b
3,197,843773.75,844928.8,12,0.0,3,0,1,b
3,197,844773.75,845928.8,12,0.0,3,0,2,b
2,131,845769.2,846924.25,12,0.0,3,0,1,b
2,131,846769.2,847924.25,12,0.0,3,0,2,b
2,97,846894.8,847183.6,10,0.0,3,0,1,b
2,97,847894.8,849049.94,12,0.0,3,0,2,b
3,97,846894.8,847183.6,10,0.0,3,0,1,b
3,97,847894.8,849049.94,12,0.0,3,0,2,b
1,252,848016.44,848593.94,11,0.0,3,0,1,b
1,252,849016.44,850171.5,12,0.0,3,0,2,b
2,252,848016.44,848593.94,11,0.0,3,0,1,b
2,252,849016.44,850171.5,12,0.0,3,0,2,b
3,252,848016.44,848593.94,11,0.0,3,0,1,b
3,252,849016.44,850171.5,12,0.0,3,0,2,b
1,123,847480.9,847563.4,8,0.0,3,0,1,b
1,123,848480.9,849636.0,12,0.0,3,0,2,b
1,23,848654.7,848943.44,10,0.0,3,0,1,b
1,23,849654.7,850809.75,12,0.0,3,0,2,b
4,23,848654.7,848943.44,10,0.0,3,0,1,b
4,23,849654.7,850809.75,12,0.0,3,0,2,b
1,370,849719.6,850297.1,11,0.0,3,0,1,b
1,370,850719.6,851874.7,12,0.0,3,0,2,b
3,370,849719.6,850297.1,11,0.0,3,0,1,b
3,370,850719.6,851874.7,12,0.0,3,0,2,b
4,370,849719.6,850297.1,11,0.0,3,0,1,b
4,370,850719.6,851874.7,12,0.0,3,0,2,b
1,345,853698.0,854275.5,11,0.0,3,0,1,b
1,345,854698.0,855853.06,12,0.0,3,0,2,b
4,345,853698.0,854275.5,11,0.0,3,0,1,b
4,345,854698.0,855853.06,12,0.0,3,0,2,b
1,142,855188.44,855229.6,7,0.0,3,0,1,b
1,142,856188.44,857343.5,12,0.0,3,0,2,b
2,398,858722.94,858867.4,9,0.0,3,0,1,b
2,398,859722.94,860878.06,12,0.0,3,0,2,b
3,247,861207.6,861785.1,11,0.0,3,0,1,b
3,247,862207.6,863362.75,12,0.0,3,0,2,b
2,141,861052.06,861340.8,10,0.0,3,0,1,b
2,141,862052.06,863207.1,12,0.0,3,0,2,b
2,110,863034.5,863075.7,7,0.0,3,0,1,b
2,110,864034.5,865189.56,12,0.0,3,0,2,b
1,303,868957.1,869101.56,9,0.0,3,0,1,b
1,303,869957.1,871112.25,12,0.0,3,0,2,b
3,303,868957.1,869101.56,9,0.0,3,0,1,c
3,303,869957.1,871112.25,12,0.0,3,0,2,c
4,242,885618.06,885659.25,7,0.0,3,0,1,b
4,242,886618.06,887773.1,12,0.0,3,0,2,b
1,398,886128.44,886272.8,9,0.0,3,0,1,b
1,398,887128.44,888283.5,12,0.0,3,0,2,b
4,398,886128.44,886272.8,9,0.0,3,0,1,b
4,398,887128.44,888283.5,12,0.0,3,0,2,b
3,11,892381.7,892526.1,9,0.0,3,0,1,c
3,11,893381.7,894536.8,12,0.0,3,0,2,c
4,366,893294.9,893439.25,9,0.0,3,0,1,b
4,366,894294.9,895449.94,12,0.0,3,0,2,b
3,40,894546.06,895123.6,11,0.0,3,0,1,b
3,40,895546.06,896701.2,12,0.0,3,0,2,b
2,234,894815.94,895104.7,10,0.0,3,0,1,b
2,234,895815.94,896971.0,12,0.0,3,0,2,b
3,234,894815.94,895104.7,10,0.0,3,0,1,b
3,234,895815.94,896971.0,12,0.0,3,0,2,b
4,306,895445.4,895589.8,9,0.0,3,0,1,b
4,306,896445.4,897600.44,12,0.0,3,0,2,b
1,23,914311.2,914600.0,10,0.0,3,0,1,b
1,23,915311.2,916466.3,12,0.0,3,0,2,b
2,23,914311.2,914600.0,10,0.0,3,0,1,b
2,23,915311.2,916466.3,12,0.0,3,0,2,b
4,241,917607.4,917689.8,8,0.0,3,0,1,b
4,241,918607.4,919762.44,12,0.0,3,0,2,b
4,199,918654.0,918798.4,9,0.0,3,0,1,b
4,199,919654.0,920809.06,12,0.0,3,0,2,b
1,306,920123.75,920268.2,9,0.0,3,0,1,b
1,306,921123.75,922278.9,12,0.0,3,0,2,b
3,306,920123.75,920268.2,9,0.0,3,0,1,b
3,306,921123.75,922278.9,12,0.0,3,0,2,b
3,188,920377.56,920666.3,10,0.0,3,0,1,b
3,188,921377.56,922532.6,12,0.0,3,0,2,b
2,37,931903.5,931985.94,8,0.0,3,0,1,b
2,37,932903.5,934058.6,12,0.0,3,0,2,b
3,37,931903.5,931985.94,8,0.0,3,0,1,b
3,37,932903.5,934058.6,12,0.0,3,0,2,b
2,301,934268.8,934846.3,11,0.0,3,0,1,b
2,301,935268.8,936423.9,12,0.0,3,0,2,b
3,329,946494.3,947071.8,11,0.0,3,0,1,b
3,329,947494.3,948649.44,12,0.0,3,0,2,b
1,252,946730.06,947307.56,11,0.0,3,0,1,b
1,252,947730.06,948885.1,12,0.0,3,0,2,b
3,370,948433.2,949010.7,11,0.0,3,0,1,b
3,370,949433.2,950588.25,12,0.0,3,0,2,b
4,370,948433.2,949010.7,11,0.0,3,0,1,c
4,370,949433.2,950588.25,12,0.0,3,0,2,c
2,55,949767.75,949912.2,9,0.0,3,0,1,b
2,55,950767.75,951922.9,12,0.0,3,0,2,b
4,55,949767.75,949912.2,9,0.0,3,0,1,b
4,55,950767.75,951922.9,12,0.0,3,0,2,b
2,234,950544.1,950832.9,10,0.0,3,0,1,c
2,234,951544.1,952699.25,12,0.0,3,0,2,c
3,234,950544.1,950832.9,10,0.0,3,0,1,b
3,234,951544.1,952699.25,12,0.0,3,0,2,b
4,234,950544.1,950832.9,10,0.0,3,0,1,b
4,234,951544.1,952699.25,12,0.0,3,0,2,b
2,381,951490.3,951531.5,7,0.0,3,0,1,b
2,381,952490.3,953645.4,12,0.0,3,0,2,b
2,254,954734.2,954878.6,9,0.0,3,0,1,b
2,254,955734.2,956889.3,12,0.0,3,0,2,b
4,254,954734.2,954878.6,9,0.0,3,0,1,b
4,254,955734.2,956889.3,12,0.0,3,0,2,b
1,247,959921.2,960498.7,11,0.0,3,0,1,c
1,247,960921.2,962076.3,12,0.0,3,0,2,c
4,247,959921.2,960498.7,11,0.0,3,0,1,b
4,247,960921.2,962076.3,12,0.0,3,0,2,b
3,168,960487.9,960632.25,9,0.0,3,0,1,b
3,168,961487.9,962642.94,12,0.0,3,0,2,b
4,168,960487.9,960632.25,9,0.0,3,0,1,b
4,168,961487.9,962642.94,12,0.0,3,0,2,b
4,294,966532.2,966820.94,10,0.0,3,0,1,b
4,294,967532.2,968687.25,12,0.0,3,0,2,b
1,171,968492.7,968781.44,10,0.0,3,0,1,b
1,171,969492.7,970647.75,12,0.0,3,0,2,b
2,171,968492.7,968781.44,10,0.0,3,0,1,b
2,171,969492.7,970647.75,12,0.0,3,0,2,b
3,57,977094.6,977239.0,9,0.0,3,0,1,b
3,57,978094.6,979249.7,12,0.0,3,0,2,b
4,57,977094.6,977239.0,9,0.0,3,0,1,b
4,57,978094.6,979249.7,12,0.0,3,0,2,b
2,195,978621.94,978766.4,9,0.0,3,0,1,c
2,195,979621.94,980777.06,12,0.0,3,0,2,c
1,260,980048.44,980337.25,10,0.0,3,0,1,b
1,260,981048.44,982203.56,12,0.0,3,0,2,b
2,260,980048.44,980337.25,10,0.0,3,0,1,b
2,260,981048.44,982203.56,12,0.0,3,0,2,b
3,260,980048.44,980337.25,10,0.0,3,0,1,b
3,260,981048.44,982203.56,12,0.0,3,0,2,b
4,260,980048.44,980337.25,10,0.0,3,0,1,b
4,260,981048.44,982203.56,12,0.0,3,0,2,b
1,180,985910.75,986199.5,10,0.0,3,0,1,c
1,180,986910.75,988065.9,12,0.0,3,0,2,c
4,180,985910.75,986199.5,10,0.0,3,0,1,b
4,180,986910.75,988065.9,12,0.0,3,0,2,b
3,137,986432.7,986721.44,10,0.0,3,0,1,b
3,137,987432.7,988587.75,12,0.0,3,0,2,b
1,68,988326.94,988615.75,10,0.0,3,0,1,b
1,68,989326.94,990482.06,12,0.0,3,0,2,b
1,200,990089.8,990131.0,7,0.0,3,0,1,b
1,200,991089.8,992244.9,12,0.0,3,0,2,b
1,189,992241.1,992818.7,11,0.0,3,0,1,b
1,189,993241.1,994396.25,12,0.0,3,0,2,b
3,189,992241.1,992818.7,11,0.0,3,0,1,b
3,189,993241.1,994396.25,12,0.0,3,0,2,b
3,141,994752.1,995040.9,10,0.0,3,0,1,b
3,141,995752.1,996907.25,12,0.0,3,0,2,b
4,207,997753.8,997898.2,9,0.0,3,0,1,b
4,207,998753.8,999908.9,12,0.0,3,0,2,b
1,162,999427.3,999716.06,10,0.0,3,0,1,c
1,162,1000427.3,1001582.4,12,0.0,3,0,2,c
2,162,999427.3,999716.06,10,0.0,3,0,1,b
2,162,1000427.3,1001582.4,12,0.0,3,0,2,b
4,162,999427.3,999716.06,10,0.0,3,0,1,b
4,162,1000427.3,1001582.4,12,0.0,3,0,2,b
1,266,1000360.8,1000443.3,8,0.0,3,0,1,b
1,266,1001360.8,1002515.94,12,0.0,3,0,2,b
2,266,1000360.8,1000443.3,8,0.0,3,0,1,b
2,266,1001360.8,1002515.94,12,0.0,3,0,2,b
3,266,1000360.8,1000443.3,8,0.0,3,0,1,c
3,266,1001360.8,1002515.94,12,0.0,3,0,2,c
4,229,1002045.4,1002622.9,11,0.0,3,0,1,b
4,229,1003045.4,1004200.44,12,0.0,3,0,2,b
1,93,1004615.5,1004656.7,7,0.0,3,0,1,b
1,93,1005615.5,1006770.56,12,0.0,3,0,2,b
3,352,1008864.44,1009441.94,11,0.0,3,0,1,b
3,352,1009864.44,1011019.5,12,0.0,3,0,2,b
1,371,1011649.94,1011794.4,9,0.0,3,0,1,c
1,371,1012649.94,1013805.06,12,0.0,3,0,2,c
3,371,1011649.94,1011794.4,9,0.0,3,0,1,b
3,371,1012649.94,1013805.06,12,0.0,3,0,2,b
3,263,1017894.3,1018183.06,10,0.0,3,0,1,b
3,263,1018894.3,1020049.4,12,0.0,3,0,2,b
4,263,1017894.3,1018183.06,10,0.0,3,0,1,c
4,263,1018894.3,1020049.4,12,0.0,3,0,2,c
1,345,1020306.94,1020884.44,11,0.0,3,0,1,b
1,345,1021306.94,1022462.06,12,0.0,3,0,2,b
2,192,1023693.44,1023837.8,9,0.0,3,0,1,b
2,192,1024693.4,1025848.4,12,0.0,3,0,2,b
2,357,1027276.5,1027854.0,11,0.0,3,0,1,b
2,357,1028276.5,1029431.5,12,0.0,3,0,2,b
4,357,1027276.5,1027854.0,11,0.0,3,0,1,b
4,357,1028276.5,1029431.5,12,0.0,3,0,2,b
3,305,1027427.1,1027715.94,10,0.0,3,0,1,b
3,305,1028427.1,1029582.1,12,0.0,3,0,2,b
4,305,1027427.1,1027715.94,10,0.0,3,0,1,b
4,305,1028427.1,1029582.1,12,0.0,3,0,2,b
1,10,1030449.25,1030738.06,10,0.0,3,0,1,b
1,10,1031449.25,1032604.25,12,0.0,3,0,2,b
2,137,1031693.5,1031982.3,10,0.0,3,0,1,b
2,137,1032693.5,1033848.5,12,0.0,3,0,2,b
3,137,1031693.5,1031982.3,10,0.0,3,0,1,b
3,137,1032693.5,1033848.5,12,0.0,3,0,2,b
3,145,1032779.44,1032861.8,8,0.0,3,0,1,b
3,145,1033779.44,1034934.44,12,0.0,3,0,2,b
3,256,1032772.44,1032813.75,7,0.0,3,0,1,b
3,256,1033772.44,1034927.5,12,0.0,3,0,2,b
2,141,1040012.94,1040301.75,10,0.0,3,0,1,b
2,141,1041012.94,1042168.0,12,0.0,3,0,2,b
3,290,1041440.8,1041523.2,8,0.0,3,0,1,b
3,290,1042440.8,1043595.8,12,0.0,3,0,2,b
3,271,1041680.56,1041824.94,9,0.0,3,0,1,b
3,271,1042680.56,1043835.56,12,0.0,3,0,2,b
4,271,1041680.56,1041824.94,9,0.0,3,0,1,b
4,271,1042680.56,1043835.56,12,0.0,3,0,2,b
1,302,1044322.4,1044466.8,9,0.0,3,0,1,b
1,302,1045322.4,1046477.44,12,0.0,3,0,2,b
2,302,1044322.4,1044466.8,9,0.0,3,0,1,b
2,302,1045322.4,1046477.44,12,0.0,3,0,2,b
3,252,1045443.75,1046021.25,11,0.0,3,0,1,b
3,252,1046443.75,1047598.75,12,0.0,3,0,2,b
2,94,1049465.2,1049754.0,10,0.0,3,0,1,b
2,94,1050465.2,1051620.2,12,0.0,3,0,2,b
3,94,1049465.2,1049754.0,10,0.0,3,0,1,b
3,94,1050465.2,1051620.2,12,0.0,3,0,2,b
1,244,1052671.8,1052713.0,7,0.0,3,0,1,b
1,244,1053671.8,1054826.8,12,0.0,3,0,2,b
3,322,1061309.8,1061598.5,10,0.0,3,0,1,b
3,322,1062309.8,1063464.8,12,0.0,3,0,2,b
2,312,1069657.8,1070812.8,12,0.0,3,0,1,b
2,312,1070657.8,1071812.8,12,0.0,3,0,2,b
4,312,1069657.8,1070812.8,12,0.0,3,0,1,c
4,312,1070657.8,1071812.8,12,0.0,3,0,2,c
4,55,1069397.4,1069541.8,9,0.0,3,0,1,b
4,55,1070397.4,1071552.4,12,0.0,3,0,2,b
2,196,1070016.6,1070099.0,8,0.0,3,0,1,b
2,196,1071016.6,1072171.6,12,0.0,3,0,2,b
2,91,1076884.4,1077173.2,10,0.0,3,0,1,b
2,91,1077884.4,1079039.4,12,0.0,3,0,2,b
3,91,1076884.4,1077173.2,10,0.0,3,0,1,b
3,91,1077884.4,1079039.4,12,0.0,3,0,2,b
3,239,1082526.0,1082608.4,8,0.0,3,0,1,b
3,239,1083526.0,1084681.0,12,0.0,3,0,2,b
2,176,1091984.5,1092128.9,9,0.0,3,0,1,b
2,176,1092984.5,1094139.5,12,0.0,3,0,2,b
2,25,1099336.9,1099378.1,7,0.0,3,0,1,b
2,25,1100336.9,1101492.0,12,0.0,3,0,2,b
2,12,1099812.4,1099894.8,8,0.0,3,0,1,b
2,12,1100812.4,1101967.4,12,0.0,3,0,2,b
2,376,1103168.9,1104323.9,12,0.0,3,0,1,b
2,376,1104168.9,1105323.9,12,0.0,3,0,2,b
3,376,1103168.9,1104323.9,12,0.0,3,0,1,b
3,376,1104168.9,1105323.9,12,0.0,3,0,2,b
3,362,1103654.2,1103798.8,9,0.0,3,0,1,b
3,362,1104654.2,1105809.4,12,0.0,3,0,2,b
4,362,1103654.2,1103798.8,9,0.0,3,0,1,b
4,362,1104654.2,1105809.4,12,0.0,3,0,2,b
1,322,1106570.4,1106859.2,10,0.0,3,0,1,b
1,322,1107570.4,1108725.5,12,0.0,3,0,2,b
2,322,1106570.4,1106859.2,10,0.0,3,0,1,b
2,322,1107570.4,1108725.5,12,0.0,3,0,2,b
3,322,1106570.4,1106859.2,10,0.0,3,0,1,b
3,322,1107570.4,1108725.5,12,0.0,3,0,2,b
1,10,1109687.6,1109976.5,10,0.0,3,0,1,b
1,10,1110687.6,1111842.6,12,0.0,3,0,2,b
2,10,1109687.6,1109976.5,10,0.0,3,0,1,b
2,10,1110687.6,1111842.6,12,0.0,3,0,2,b
4,403,1116954.8,1117099.1,9,0.0,3,0,1,b
4,403,1117954.8,1119109.8,12,0.0,3,0,2,b
3,358,1127072.8,1127114.0,7,0.0,3,0,1,c
3,358,1128072.8,1129227.8,12,0.0,3,0,2,c
3,178,1128976.5,1129017.9,7,0.0,3,0,1,b
3,178,1129976.5,1131131.6,12,0.0,3,0,2,b
1,171,1138485.9,1138774.6,10,0.0,3,0,1,b
1,171,1139485.9,1140640.9,12,0.0,3,0,2,b
3,171,1138485.9,1138774.6,10,0.0,3,0,1,b
3,171,1139485.9,1140640.9,12,0.0,3,0,2,b
1,101,1144205.8,1144783.4,11,0.0,3,0,1,c
1,101,1145205.8,1146360.9,12,0.0,3,0,2,c
2,101,1144205.8,1144783.4,11,0.0,3,0,1,b
2,101,1145205.8,1146360.9,12,0.0,3,0,2,b
4,101,1144205.8,1144783.4,11,0.0,3,0,1,b
4,101,1145205.8,1146360.9,12,0.0,3,0,2,b
3,344,1143760.4,1143904.8,9,0.0,3,0,1,b
3,344,1144760.4,1145915.4,12,0.0,3,0,2,b
4,344,1143760.4,1143904.8,9,0.0,3,0,1,b
4,344,1144760.4,1145915.4,12,0.0,3,0,2,b
2,229,1145496.0,1146073.5,11,0.0,3,0,1,b
2,229,1146496.0,1147651.0,12,0.0,3,0,2,b
3,229,1145496.0,1146073.5,11,0.0,3,0,1,c
3,229,1146496.0,1147651.0,12,0.0,3,0,2,c
1,199,1144764.6,1144909.0,9,0.0,3,0,1,c
1,199,1145764.6,1146919.6,12,0.0,3,0,2,c
2,199,1144764.6,1144909.0,9,0.0,3,0,1,b
2,199,1145764.6,1146919.6,12,0.0,3,0,2,b
3,231,1148155.8,1149310.8,12,0.0,3,0,1,b
3,231,1149155.8,1150310.8,12,0.0,3,0,2,b
4,231,1148155.8,1149310.8,12,0.0,3,0,1,b
4,231,1149155.8,1150310.8,12,0.0,3,0,2,b
1,205,1146506.8,1146548.0,7,0.0,3,0,1,b
1,205,1147506.8,1148661.8,12,0.0,3,0,2,b
1,313,1151501.5,1152079.0,11,0.0,3,0,1,b
1,313,1152501.5,1153656.5,12,0.0,3,0,2,b
2,389,1152910.9,1154065.9,12,0.0,3,0,1,b
2,389,1153910.9,1155065.9,12,0.0,3,0,2,b
3,389,1152910.9,1154065.9,12,0.0,3,0,1,c
3,389,1153910.9,1155065.9,12,0.0,3,0,2,c
4,389,1152910.9,1154065.9,12,0.0,3,0,1,c
4,389,1153910.9,1155065.9,12,0.0,3,0,2,c
2,245,1157950.9,1159106.0,12,0.0,3,0,1,b
2,245,1158950.9,1160106.0,12,0.0,3,0,2,b
4,245,1157950.9,1159106.0,12,0.0,3,0,1,b
4,245,1158950.9,1160106.0,12,0.0,3,0,2,b
3,146,1159571.4,1160726.5,12,0.0,3,0,1,b
3,146,1160571.4,1161726.5,12,0.0,3,0,2,b
4,146,1159571.4,1160726.5,12,0.0,3,0,1,b
4,146,1160571.4,1161726.5,12,0.0,3,0,2,b
1,65,1159320.2,1159361.5,7,0.0,3,0,1,c
1,65,1160320.2,1161475.2,12,0.0,3,0,2,c
2,65,1159320.2,1159361.5,7,0.0,3,0,1,b
2,65,1160320.2,1161475.2,12,0.0,3,0,2,b
4,65,1159320.2,1159361.5,7,0.0,3,0,1,b
4,65,1160320.2,1161475.2,12,0.0,3,0,2,b
2,21,1161718.0,1162006.9,10,0.0,3,0,1,c
2,21,1162718.0,1163873.0,12,0.0,3,0,2,c
3,21,1161718.0,1162006.9,10,0.0,3,0,1,b
3,21,1162718.0,1163873.0,12,0.0,3,0,2,b
4,21,1161718.0,1162006.9,10,0.0,3,0,1,b
4,21,1162718.0,1163873.0,12,0.0,3,0,2,b
3,356,1161464.8,1161506.0,7,0.0,3,0,1,b
3,356,1162464.8,1163619.8,12,0.0,3,0,2,b
3,112,1163314.0,1164469.0,12,0.0,3,0,1,b
3,112,1164314.0,1165469.0,12,0.0,3,0,2,b
2,203,1167005.0,1168160.0,12,0.0,3,0,1,c
2,203,1168005.0,1169160.0,12,0.0,3,0,2,c
3,203,1167005.0,1168160.0,12,0.0,3,0,1,b
3,203,1168005.0,1169160.0,12,0.0,3,0,2,b
2,356,1168658.4,1168699.6,7,0.0,3,0,1,b
2,356,1169658.4,1170813.4,12,0.0,3,0,2,b
2,42,1169546.6,1169587.9,7,0.0,3,0,1,b
2,42,1170546.6,1171701.6,12,0.0,3,0,2,b
2,348,1172096.9,1173252.0,12,0.0,3,0,1,b
2,348,1173096.9,1174252.0,12,0.0,3,0,2,b
3,348,1172096.9,1173252.0,12,0.0,3,0,1,b
3,348,1173096.9,1174252.0,12,0.0,3,0,2,b
4,348,1172096.9,1173252.0,12,0.0,3,0,1,b
4,348,1173096.9,1174252.0,12,0.0,3,0,2,b
3,379,1170633.6,1170716.1,8,0.0,3,0,1,b
3,379,1171633.6,1172788.8,12,0.0,3,0,2,b
2,235,1172549.0,1172631.4,8,0.0,3,0,1,b
2,235,1173549.0,1174704.0,12,0.0,3,0,2,b
3,235,1172549.0,1172631.4,8,0.0,3,0,1,b
3,235,1173549.0,1174704.0,12,0.0,3,0,2,b
3,320,1182952.0,1183529.5,11,0.0,3,0,1,b
3,320,1183952.0,1185107.0,12,0.0,3,0,2,b
4,320,1182952.0,1183529.5,11,0.0,3,0,1,b
4,320,1183952.0,1185107.0,12,0.0,3,0,2,b
2,131,1187870.6,1189025.6,12,0.0,3,0,1,b
2,131,1188870.6,1190025.6,12,0.0,3,0,2,b
4,131,1187870.6,1189025.6,12,0.0,3,0,1,c
4,131,1188870.6,1190025.6,12,0.0,3,0,2,c
3,332,1192555.0,1192699.5,9,0.0,3,0,1,b
3,332,1193555.0,1194710.1,12,0.0,3,0,2,b
4,332,1192555.0,1192699.5,9,0.0,3,0,1,c
4,332,1193555.0,1194710.1,12,0.0,3,0,2,c
1,232,1194298.2,1194875.8,11,0.0,3,0,1,b
1,232,1195298.2,1196453.2,12,0.0,3,0,2,b
2,232,1194298.2,1194875.8,11,0.0,3,0,1,c
2,232,1195298.2,1196453.2,12,0.0,3,0,2,c
1,183,1196239.1,1197394.1,12,0.0,3,0,1,b
1,183,1197239.1,1198394.1,12,0.0,3,0,2,b
2,183,1196239.1,1197394.1,12,0.0,3,0,1,c
2,183,1197239.1,1198394.1,12,0.0,3,0,2,c
3,183,1196239.1,1197394.1,12,0.0,3,0,1,b
3,183,1197239.1,1198394.1,12,0.0,3,0,2,b
2,188,1195018.4,1195307.2,10,0.0,3,0,1,b
2,188,1196018.4,1197173.5,12,0.0,3,0,2,b
3,188,1195018.4,1195307.2,10,0.0,3,0,1,b
3,188,1196018.4,1197173.5,12,0.0,3,0,2,b
4,188,1195018.4,1195307.2,10,0.0,3,0,1,b
4,188,1196018.4,1197173.5,12,0.0,3,0,2,b
1,317,1194900.6,1195045.0,9,0.0,3,0,1,c
1,317,1195900.6,1197055.6,12,0.0,3,0,2,c
3,317,1194900.6,1195045.0,9,0.0,3,0,1,b
3,317,1195900.6,1197055.6,12,0.0,3,0,2,b
4,317,1194900.6,1195045.0,9,0.0,3,0,1,b
4,317,1195900.6,1197055.6,12,0.0,3,0,2,b
3,223,1197453.6,1198608.6,12,0.0,3,0,1,b
3,223,1198453.6,1199608.6,12,0.0,3,0,2,b
4,223,1197453.6,1198608.6,12,0.0,3,0,1,b
4,223,1198453.6,1199608.6,12,0.0,3,0,2,b
1,206,1196015.0,1196159.4,9,0.0,3,0,1,c
1,206,1197015.0,1198170.0,12,0.0,3,0,2,c
4,377,1196137.1,1196178.4,7,0.0,3,0,1,b
4,377,1197137.1,1198292.1,12,0.0,3,0,2,b
1,114,1201756.6,1201839.0,8,0.0,3,0,1,b
1,114,1202756.6,1203911.6,12,0.0,3,0,2,b
3,114,1201756.6,1201839.0,8,0.0,3,0,1,c
3,114,1202756.6,1203911.6,12,0.0,3,0,2,c
2,68,1202588.1,1202877.0,10,0.0,3,0,1,b
2,68,1203588.1,1204743.1,12,0.0,3,0,2,b
3,68,1202588.1,1202877.0,10,0.0,3,0,1,b
3,68,1203588.1,1204743.1,12,0.0,3,0,2,b
1,51,1203534.2,1203678.8,9,0.0,3,0,1,b
1,51,1204534.2,1205689.4,12,0.0,3,0,2,b
3,220,1203423.8,1203465.0,7,0.0,3,0,1,b
3,220,1204423.8,1205578.8,12,0.0,3,0,2,b
2,208,1208087.0,1209242.1,12,0.0,3,0,1,b
2,208,1209087.0,1210242.1,12,0.0,3,0,2,b
3,208,1208087.0,1209242.1,12,0.0,3,0,1,b
3,208,1209087.0,1210242.1,12,0.0,3,0,2,b
2,296,1207604.4,1207893.2,10,0.0,3,0,1,b
2,296,1208604.4,1209759.4,12,0.0,3,0,2,b
3,296,1207604.4,1207893.2,10,0.0,3,0,1,b
3,296,1208604.4,1209759.4,12,0.0,3,0,2,b
4,296,1207604.4,1207893.2,10,0.0,3,0,1,b
4,296,1208604.4,1209759.4,12,0.0,3,0,2,b
1,127,1208155.0,1208732.5,11,0.0,3,0,1,b
1,127,1209155.0,1210310.0,12,0.0,3,0,2,b
2,127,1208155.0,1208732.5,11,0.0,3,0,1,b
2,127,1209155.0,1210310.0,12,0.0,3,0,2,b
4,127,1208155.0,1208732.5,11,0.0,3,0,1,b
4,127,1209155.0,1210310.0,12,0.0,3,0,2,b
1,237,1207255.4,1207296.6,7,0.0,3,0,1,b
1,237,1208255.4,1209410.4,12,0.0,3,0,2,b
4,237,1207255.4,1207296.6,7,0.0,3,0,1,b
4,237,1208255.4,1209410.4,12,0.0,3,0,2,b
1,233,1209784.4,1210073.2,10,0.0,3,0,1,b
1,233,1210784.4,1211939.5,12,0.0,3,0,2,b
3,233,1209784.4,1210073.2,10,0.0,3,0,1,b
3,233,1210784.4,1211939.5,12,0.0,3,0,2,b
3,301,1213116.6,1213694.1,11,0.0,3,0,1,b
3,301,1214116.6,1215271.6,12,0.0,3,0,2,b
4,301,1213116.6,1213694.1,11,0.0,3,0,1,b
4,301,1214116.6,1215271.6,12,0.0,3,0,2,b
1,338,1216371.5,1216515.9,9,0.0,3,0,1,c
1,338,1217371.5,1218526.5,12,0.0,3,0,2,c
2,287,1216740.2,1216781.5,7,0.0,3,0,1,b
2,287,1217740.2,1218895.2,12,0.0,3,0,2,b
3,287,1216740.2,1216781.5,7,0.0,3,0,1,c
3,287,1217740.2,1218895.2,12,0.0,3,0,2,c
3,114,1223347.5,1223429.9,8,0.0,3,0,1,b
3,114,1224347.5,1225502.6,12,0.0,3,0,2,b
4,263,1232185.2,1232474.1,10,0.0,3,0,1,b
4,263,1233185.2,1234340.4,12,0.0,3,0,2,b
1,19,1232572.1,1232861.0,10,0.0,3,0,1,b
1,19,1233572.1,1234727.1,12,0.0,3,0,2,b
3,19,1232572.1,1232861.0,10,0.0,3,0,1,b
3,19,1233572.1,1234727.1,12,0.0,3,0,2,b
4,19,1232572.1,1232861.0,10,0.0,3,0,1,b
4,19,1233572.1,1234727.1,12,0.0,3,0,2,b
3,399,1235067.9,1236222.9,12,0.0,3,0,1,b
3,399,1236067.9,1237222.9,12,0.0,3,0,2,b
2,27,1235495.1,1235639.5,9,0.0,3,0,1,b
2,27,1236495.1,1237650.1,12,0.0,3,0,2,b
3,27,1235495.1,1235639.5,9,0.0,3,0,1,b
3,27,1236495.1,1237650.1,12,0.0,3,0,2,b
1,168,1236456.6,1236601.1,9,0.0,3,0,1,b
1,168,1237456.6,1238611.8,12,0.0,3,0,2,b
4,168,1236456.6,1236601.1,9,0.0,3,0,1,b
4,168,1237456.6,1238611.8,12,0.0,3,0,2,b
4,156,1237258.0,1237835.6,11,0.0,3,0,1,b
4,156,1238258.0,1239413.1,12,0.0,3,0,2,b
2,57,1240853.4,1240997.8,9,0.0,3,0,1,c
2,57,1241853.4,1243008.4,12,0.0,3,0,2,c
2,337,1243381.0,1244536.0,12,0.0,3,0,1,b
2,337,1244381.0,1245536.0,12,0.0,3,0,2,b
1,397,1242927.5,1242968.8,7,0.0,3,0,1,b
1,397,1243927.5,1245082.5,12,0.0,3,0,2,b
4,397,1242927.5,1242968.8,7,0.0,3,0,1,b
4,397,1243927.5,1245082.5,12,0.0,3,0,2,b
3,374,1243893.9,1244182.8,10,0.0,3,0,1,b
3,374,1244893.9,1246049.0,12,0.0,3,0,2,b
4,374,1243893.9,1244182.8,10,0.0,3,0,1,b
4,374,1244893.9,1246049.0,12,0.0,3,0,2,b
1,135,1243757.1,1243901.5,9,0.0,3,0,1,b
1,135,1244757.1,1245912.1,12,0.0,3,0,2,b
1,332,1249450.6,1249595.1,9,0.0,3,0,1,b
1,332,1250450.6,1251605.8,12,0.0,3,0,2,b
2,332,1249450.6,1249595.1,9,0.0,3,0,1,b
2,332,1250450.6,1251605.8,12,0.0,3,0,2,b
1,77,1258651.8,1258734.1,8,0.0,3,0,1,b
1,77,1259651.8,1260806.8,12,0.0,3,0,2,b
3,391,1262817.2,1262858.5,7,0.0,3,0,1,b
3,391,1263817.2,1264972.2,12,0.0,3,0,2,b
1,175,1271142.4,1271286.8,9,0.0,3,0,1,b
1,175,1272142.4,1273297.4,12,0.0,3,0,2,b
2,175,1271142.4,1271286.8,9,0.0,3,0,1,b
2,175,1272142.4,1273297.4,12,0.0,3,0,2,b
3,175,1271142.4,1271286.8,9,0.0,3,0,1,b
3,175,1272142.4,1273297.4,12,0.0,3,0,2,b
1,242,1274351.1,1274392.4,7,0.0,3,0,1,b
1,242,1275351.1,1276506.1,12,0.0,3,0,2,b
4,242,1274351.1,1274392.4,7,0.0,3,0,1,b
4,242,1275351.1,1276506.1,12,0.0,3,0,2,b
1,330,1274790.2,1274831.5,7,0.0,3,0,1,b
1,330,1275790.2,1276945.2,12,0.0,3,0,2,b
2,253,1278200.6,1278283.1,8,0.0,3,0,1,b
2,253,1279200.6,1280355.8,12,0.0,3,0,2,b
3,253,1278200.6,1278283.1,8,0.0,3,0,1,b
3,253,1279200.6,1280355.8,12,0.0,3,0,2,b
2,234,1280445.4,1280734.2,10,0.0,3,0,1,b
2,234,1281445.4,1282600.5,12,0.0,3,0,2,b
3,374,1289154.8,1289443.6,10,0.0,3,0,1,b
3,374,1290154.8,1291309.9,12,0.0,3,0,2,b
1,318,1289068.2,1289109.5,7,0.0,3,0,1,b
1,318,1290068.2,1291223.2,12,0.0,3,0,2,b
4,94,1292813.1,1293101.9,10,0.0,3,0,1,c
4,94,1293813.1,1294968.1,12,0.0,3,0,2,c
1,370,1294729.9,1295307.4,11,0.0,3,0,1,c
1,370,1295729.9,1296884.9,12,0.0,3,0,2,c
4,370,1294729.9,1295307.4,11,0.0,3,0,1,b
4,370,1295729.9,1296884.9,12,0.0,3,0,2,b
4,338,1298760.1,1298904.5,9,0.0,3,0,1,b
4,338,1299760.1,1300915.1,12,0.0,3,0,2,b
1,80,1301165.8,1301207.0,7,0.0,3,0,1,b
1,80,1302165.8,1303320.8,12,0.0,3,0,2,b
4,80,1301165.8,1301207.0,7,0.0,3,0,1,b
4,80,1302165.8,1303320.8,12,0.0,3,0,2,b
1,271,1304143.1,1304287.5,9,0.0,3,0,1,b
1,271,1305143.1,1306298.1,12,0.0,3,0,2,b
1,142,1304234.9,1304276.1,7,0.0,3,0,1,b
1,142,1305234.9,1306389.9,12,0.0,3,0,2,b
2,373,1306012.8,1306301.5,10,0.0,3,0,1,b
2,373,1307012.8,1308167.8,12,0.0,3,0,2,b
1,225,1308482.4,1308771.2,10,0.0,3,0,1,b
1,225,1309482.4,1310637.5,12,0.0,3,0,2,b
3,225,1308482.4,1308771.2,10,0.0,3,0,1,b
3,225,1309482.4,1310637.5,12,0.0,3,0,2,b
1,120,1308318.9,1308463.2,9,0.0,3,0,1,b
1,120,1309318.9,1310473.9,12,0.0,3,0,2,b
3,120,1308318.9,1308463.2,9,0.0,3,0,1,b
3,120,1309318.9,1310473.9,12,0.0,3,0,2,b
2,367,1308862.5,1308945.0,8,0.0,3,0,1,b
2,367,1309862.5,1311017.6,12,0.0,3,0,2,b
1,254,1310272.4,1310416.8,9,0.0,3,0,1,b
1,254,1311272.4,1312427.4,12,0.0,3,0,2,b
3,254,1310272.4,1310416.8,9,0.0,3,0,1,b
3,254,1311272.4,1312427.4,12,0.0,3,0,2,b
4,254,1310272.4,1310416.8,9,0.0,3,0,1,b
4,254,1311272.4,1312427.4,12,0.0,3,0,2,b
2,329,1311308.0,1311885.5,11,0.0,3,0,1,b
2,329,1312308.0,1313463.0,12,0.0,3,0,2,b
4,329,1311308.0,1311885.5,11,0.0,3,0,1,c
4,329,1312308.0,1313463.0,12,0.0,3,0,2,c
2,50,1310807.4,1310889.8,8,0.0,3,0,1,b
2,50,1311807.4,1312962.4,12,0.0,3,0,2,b
4,50,1310807.4,1310889.8,8,0.0,3,0,1,b
4,50,1311807.4,1312962.4,12,0.0,3,0,2,b
3,292,1313532.8,1314110.2,11,0.0,3,0,1,b
3,292,1314532.8,1315687.8,12,0.0,3,0,2,b
1,325,1314334.8,1314623.5,10,0.0,3,0,1,b
1,325,1315334.8,1316489.8,12,0.0,3,0,2,b
2,227,1325746.5,1325787.8,7,0.0,3,0,1,b
2,227,1326746.5,1327901.5,12,0.0,3,0,2,b
4,311,1327191.0,1327335.5,9,0.0,3,0,1,b
4,311,1328191.0,1329346.1,12,0.0,3,0,2,b
1,231,1329199.0,1330354.0,12,0.0,3,0,1,b
1,231,1330199.0,1331354.0,12,0.0,3,0,2,b
2,231,1329199.0,1330354.0,12,0.0,3,0,1,c
2,231,1330199.0,1331354.0,12,0.0,3,0,2,c
4,231,1329199.0,1330354.0,12,0.0,3,0,1,b
4,231,1330199.0,1331354.0,12,0.0,3,0,2,b
2,27,1329303.1,1329447.5,9,0.0,3,0,1,c
2,27,1330303.1,1331458.1,12,0.0,3,0,2,c
4,27,1329303.1,1329447.5,9,0.0,3,0,1,b
4,27,1330303.1,1331458.1,12,0.0,3,0,2,b
1,317,1334366.1,1334510.5,9,0.0,3,0,1,b
1,317,1335366.1,1336521.1,12,0.0,3,0,2,b
2,317,1334366.1,1334510.5,9,0.0,3,0,1,b
2,317,1335366.1,1336521.1,12,0.0,3,0,2,b
3,317,1334366.1,1334510.5,9,0.0,3,0,1,b
3,317,1335366.1,1336521.1,12,0.0,3,0,2,b
2,17,1336608.9,1337763.9,12,0.0,3,0,1,b
2,17,1337608.9,1338763.9,12,0.0,3,0,2,b
3,17,1336608.9,1337763.9,12,0.0,3,0,1,b
3,17,1337608.9,1338763.9,12,0.0,3,0,2,b
2,245,1338994.1,1340149.1,12,0.0,3,0,1,b
2,245,1339994.1,1341149.1,12,0.0,3,0,2,b
4,245,1338994.1,1340149.1,12,0.0,3,0,1,b
4,245,1339994.1,1341149.1,12,0.0,3,0,2,b
1,153,1338164.4,1338308.9,9,0.0,3,0,1,b
1,153,1339164.4,1340319.5,12,0.0,3,0,2,b
2,153,1338164.4,1338308.9,9,0.0,3,0,1,b
2,153,1339164.4,1340319.5,12,0.0,3,0,2,b
2,146,1340614.6,1341769.6,12,0.0,3,0,1,c
2,146,1341614.6,1342769.6,12,0.0,3,0,2,c
4,146,1340614.6,1341769.6,12,0.0,3,0,1,b
4,146,1341614.6,1342769.6,12,0.0,3,0,2,b
3,217,1339483.8,1339772.6,10,0.0,3,0,1,b
3,217,1340483.8,1341638.8,12,0.0,3,0,2,b
4,217,1339483.8,1339772.6,10,0.0,3,0,1,b
4,217,1340483.8,1341638.8,12,0.0,3,0,2,b
4,159,1343511.1,1343552.4,7,0.0,3,0,1,b
4,159,1344511.1,1345666.1,12,0.0,3,0,2,b
3,147,1351192.5,1351336.9,9,0.0,3,0,1,b
3,147,1352192.5,1353347.5,12,0.0,3,0,2,b
2,348,1353140.1,1354295.1,12,0.0,3,0,1,b
2,348,1354140.1,1355295.1,12,0.0,3,0,2,b
3,348,1353140.1,1354295.1,12,0.0,3,0,1,b
3,348,1354140.1,1355295.1,12,0.0,3,0,2,b
4,348,1353140.1,1354295.1,12,0.0,3,0,1,b
4,348,1354140.1,1355295.1,12,0.0,3,0,2,b
3,11,1352398.5,1352542.9,9,0.0,3,0,1,b
3,11,1353398.5,1354553.5,12,0.0,3,0,2,b
2,272,1352465.0,1352609.4,9,0.0,3,0,1,b
2,272,1353465.0,1354620.0,12,0.0,3,0,2,b
4,272,1352465.0,1352609.4,9,0.0,3,0,1,b
4,272,1353465.0,1354620.0,12,0.0,3,0,2,b
2,277,1353215.0,1353359.4,9,0.0,3,0,1,b
2,277,1354215.0,1355370.0,12,0.0,3,0,2,b
2,191,1355115.0,1355259.4,9,0.0,3,0,1,b
2,191,1356115.0,1357270.0,12,0.0,3,0,2,b
3,191,1355115.0,1355259.4,9,0.0,3,0,1,c
3,191,1356115.0,1357270.0,12,0.0,3,0,2,c
4,191,1355115.0,1355259.4,9,0.0,3,0,1,b
4,191,1356115.0,1357270.0,12,0.0,3,0,2,b
1,150,1355516.2,1355660.6,9,0.0,3,0,1,b
1,150,1356516.2,1357671.2,12,0.0,3,0,2,b
3,243,1358600.8,1358889.5,10,0.0,3,0,1,b
3,243,1359600.8,1360755.8,12,0.0,3,0,2,b
4,243,1358600.8,1358889.5,10,0.0,3,0,1,b
4,243,1359600.8,1360755.8,12,0.0,3,0,2,b
2,62,1362722.4,1362866.9,9,0.0,3,0,1,b
2,62,1363722.4,1364877.5,12,0.0,3,0,2,b
4,62,1362722.4,1362866.9,9,0.0,3,0,1,b
4,62,1363722.4,1364877.5,12,0.0,3,0,2,b
2,91,1368016.2,1368305.0,10,0.0,3,0,1,b
2,91,1369016.2,1370171.2,12,0.0,3,0,2,b
1,393,1372058.9,1372141.2,8,0.0,3,0,1,b
1,393,1373058.9,1374213.9,12,0.0,3,0,2,b
3,115,1373548.6,1373589.9,7,0.0,3,0,1,b
3,115,1374548.6,1375703.6,12,0.0,3,0,2,b
3,100,1375890.2,1376179.1,10,0.0,3,0,1,c
3,100,1376890.2,1378045.2,12,0.0,3,0,2,c
4,100,1375890.2,1376179.1,10,0.0,3,0,1,b
4,100,1376890.2,1378045.2,12,0.0,3,0,2,b
1,185,1377464.0,1377752.8,10,0.0,3,0,1,c
1,185,1378464.0,1379619.0,12,0.0,3,0,2,c
4,185,1377464.0,1377752.8,10,0.0,3,0,1,b
4,185,1378464.0,1379619.0,12,0.0,3,0,2,b
3,234,1377532.5,1377821.2,10,0.0,3,0,1,b
3,234,1378532.5,1379687.5,12,0.0,3,0,2,b
1,354,1381090.8,1381235.1,9,0.0,3,0,1,b
1,354,1382090.8,1383245.8,12,0.0,3,0,2,b
2,354,1381090.8,1381235.1,9,0.0,3,0,1,b
2,354,1382090.8,1383245.8,12,0.0,3,0,2,b
1,393,1385422.0,1385504.4,8,0.0,3,0,1,b
1,393,1386422.0,1387577.0,12,0.0,3,0,2,b
3,393,1385422.0,1385504.4,8,0.0,3,0,1,c
3,393,1386422.0,1387577.0,12,0.0,3,0,2,c
3,208,1389130.2,1390285.2,12,0.0,3,0,1,b
3,208,1390130.2,1391285.2,12,0.0,3,0,2,b
4,208,1389130.2,1390285.2,12,0.0,3,0,1,b
4,208,1390130.2,1391285.2,12,0.0,3,0,2,b
3,196,1388466.6,1388549.1,8,0.0,3,0,1,b
3,196,1389466.6,1390621.8,12,0.0,3,0,2,b
4,196,1388466.6,1388549.1,8,0.0,3,0,1,b
4,196,1389466.6,1390621.8,12,0.0,3,0,2,b
1,265,1391033.5,1391074.8,7,0.0,3,0,1,c
1,265,1392033.5,1393188.5,12,0.0,3,0,2,c
1,237,1392898.8,1392940.1,7,0.0,3,0,1,b
1,237,1393898.8,1395053.9,12,0.0,3,0,2,b
4,346,1395054.0,1395342.8,10,0.0,3,0,1,b
4,346,1396054.0,1397209.0,12,0.0,3,0,2,b
2,281,1395098.6,1395387.5,10,0.0,3,0,1,b
2,281,1396098.6,1397253.6,12,0.0,3,0,2,b
3,87,1395544.2,1395688.8,9,0.0,3,0,1,b
3,87,1396544.2,1397699.4,12,0.0,3,0,2,b
3,147,1400549.4,1400693.8,9,0.0,3,0,1,b
3,147,1401549.4,1402704.4,12,0.0,3,0,2,b
1,11,1402016.1,1402160.5,9,0.0,3,0,1,b
1,11,1403016.1,1404171.1,12,0.0,3,0,2,b
3,11,1402016.1,1402160.5,9,0.0,3,0,1,c
3,11,1403016.1,1404171.1,12,0.0,3,0,2,c
1,272,1407206.5,1407351.0,9,0.0,3,0,1,b
1,272,1408206.5,1409361.6,12,0.0,3,0,2,b
2,272,1407206.5,1407351.0,9,0.0,3,0,1,b
2,272,1408206.5,1409361.6,12,0.0,3,0,2,b
4,272,1407206.5,1407351.0,9,0.0,3,0,1,b
4,272,1408206.5,1409361.6,12,0.0,3,0,2,b
2,326,1409899.8,1409982.1,8,0.0,3,0,1,b
2,326,1410899.8,1412054.8,12,0.0,3,0,2,b
1,129,1418026.1,1418603.6,11,0.0,3,0,1,b
1,129,1419026.1,1420181.1,12,0.0,3,0,2,b
2,337,1424424.2,1425579.2,12,0.0,3,0,1,b
2,337,1425424.2,1426579.2,12,0.0,3,0,2,b
3,337,1424424.2,1425579.2,12,0.0,3,0,1,b
3,337,1425424.2,1426579.2,12,0.0,3,0,2,b
3,20,1423203.5,1423347.9,9,0.0,3,0,1,b
3,20,1424203.5,1425358.5,12,0.0,3,0,2,b
2,239,1423588.6,1423671.0,8,0.0,3,0,1,b
2,239,1424588.6,1425743.6,12,0.0,3,0,2,b
4,239,1423588.6,1423671.0,8,0.0,3,0,1,b
4,239,1424588.6,1425743.6,12,0.0,3,0,2,b
3,289,1437229.1,1437373.5,9,0.0,3,0,1,b
3,289,1438229.1,1439384.1,12,0.0,3,0,2,b
1,187,1443023.0,1444178.0,12,0.0,3,0,1,b
1,187,1444023.0,1445178.0,12,0.0,3,0,2,b
4,187,1443023.0,1444178.0,12,0.0,3,0,1,c
4,187,1444023.0,1445178.0,12,0.0,3,0,2,c
1,282,1445023.2,1446178.2,12,0.0,3,0,1,c
1,282,1446023.2,1447178.2,12,0.0,3,0,2,c
2,282,1445023.2,1446178.2,12,0.0,3,0,1,b
2,282,1446023.2,1447178.2,12,0.0,3,0,2,b
3,282,1445023.2,1446178.2,12,0.0,3,0,1,b
3,282,1446023.2,1447178.2,12,0.0,3,0,2,b
4,282,1445023.2,1446178.2,12,0.0,3,0,1,b
4,282,1446023.2,1447178.2,12,0.0,3,0,2,b
4,366,1444054.9,1444199.4,9,0.0,3,0,1,b
4,366,1445054.9,1446210.0,12,0.0,3,0,2,b
1,303,1449222.5,1449367.0,9,0.0,3,0,1,b
1,303,1450222.5,1451377.6,12,0.0,3,0,2,b
4,303,1449222.5,1449367.0,9,0.0,3,0,1,b
4,303,1450222.5,1451377.6,12,0.0,3,0,2,b
1,180,1449856.0,1450144.8,10,0.0,3,0,1,b
1,180,1450856.0,1452011.0,12,0.0,3,0,2,b
2,180,1449856.0,1450144.8,10,0.0,3,0,1,b
2,180,1450856.0,1452011.0,12,0.0,3,0,2,b
1,122,1449793.2,1449937.6,9,0.0,3,0,1,b
1,122,1450793.2,1451948.2,12,0.0,3,0,2,b
1,104,1451616.6,1451657.9,7,0.0,3,0,1,b
1,104,1452616.6,1453771.6,12,0.0,3,0,2,b
2,301,1452664.8,1453242.2,11,0.0,3,0,1,b
2,301,1453664.8,1454819.9,12,0.0,3,0,2,b
3,301,1452664.8,1453242.2,11,0.0,3,0,1,b
3,301,1453664.8,1454819.9,12,0.0,3,0,2,b
4,301,1452664.8,1453242.2,11,0.0,3,0,1,b
4,301,1453664.8,1454819.9,12,0.0,3,0,2,b
4,353,1453369.1,1453451.5,8,0.0,3,0,1,b
4,353,1454369.1,1455524.1,12,0.0,3,0,2,b
1,306,1454808.4,1454952.8,9,0.0,3,0,1,b
1,306,1455808.4,1456963.4,12,0.0,3,0,2,b
3,306,1454808.4,1454952.8,9,0.0,3,0,1,b
3,306,1455808.4,1456963.4,12,0.0,3,0,2,b
1,236,1458714.4,1459003.1,10,0.0,3,0,1,b
1,236,1459714.4,1460869.4,12,0.0,3,0,2,b
2,236,1458714.4,1459003.1,10,0.0,3,0,1,b
2,236,1459714.4,1460869.4,12,0.0,3,0,2,b
3,236,1458714.4,1459003.1,10,0.0,3,0,1,b
3,236,1459714.4,1460869.4,12,0.0,3,0,2,b
1,305,1458824.2,1459113.0,10,0.0,3,0,1,b
1,305,1459824.2,1460979.2,12,0.0,3,0,2,b
2,305,1458824.2,1459113.0,10,0.0,3,0,1,b
2,305,1459824.2,1460979.2,12,0.0,3,0,2,b
3,305,1458824.2,1459113.0,10,0.0,3,0,1,b
3,305,1459824.2,1460979.2,12,0.0,3,0,2,b
4,325,1458865.0,1459153.8,10,0.0,3,0,1,b
4,325,1459865.0,1461020.0,12,0.0,3,0,2,b
2,160,1461696.8,1461738.0,7,0.0,3,0,1,b
2,160,1462696.8,1463851.8,12,0.0,3,0,2,b
2,214,1463482.4,1463626.9,9,0.0,3,0,1,b
2,214,1464482.4,1465637.5,12,0.0,3,0,2,b
3,214,1463482.4,1463626.9,9,0.0,3,0,1,b
3,214,1464482.4,1465637.5,12,0.0,3,0,2,b
2,376,1465255.2,1466410.2,12,0.0,3,0,1,b
2,376,1466255.2,1467410.2,12,0.0,3,0,2,b
3,376,1465255.2,1466410.2,12,0.0,3,0,1,b
3,376,1466255.2,1467410.2,12,0.0,3,0,2,b
4,376,1465255.2,1466410.2,12,0.0,3,0,1,b
4,376,1466255.2,1467410.2,12,0.0,3,0,2,b
3,46,1473782.5,1473823.8,7,0.0,3,0,1,b
3,46,1474782.5,1475937.5,12,0.0,3,0,2,b
1,120,1476163.4,1476307.8,9,0.0,3,0,1,c
1,120,1477163.4,1478318.4,12,0.0,3,0,2,c
2,362,1479249.8,1479394.1,9,0.0,3,0,1,b
2,362,1480249.8,1481404.8,12,0.0,3,0,2,b
1,35,1483383.6,1483961.1,11,0.0,3,0,1,b
1,35,1484383.6,1485538.8,12,0.0,3,0,2,b
2,35,1483383.6,1483961.1,11,0.0,3,0,1,b
2,35,1484383.6,1485538.8,12,0.0,3,0,2,b
1,353,1484648.0,1484730.4,8,0.0,3,0,1,b
1,353,1485648.0,1486803.0,12,0.0,3,0,2,b
4,353,1484648.0,1484730.4,8,0.0,3,0,1,b
4,353,1485648.0,1486803.0,12,0.0,3,0,2,b
2,91,1488741.8,1489030.5,10,0.0,3,0,1,b
2,91,1489741.8,1490896.8,12,0.0,3,0,2,b
3,183,1492893.1,1494048.1,12,0.0,3,0,1,b
3,183,1493893.1,1495048.1,12,0.0,3,0,2,b
1,209,1492575.4,1492719.8,9,0.0,3,0,1,b
1,209,1493575.4,1494730.4,12,0.0,3,0,2,b
2,209,1492575.4,1492719.8,9,0.0,3,0,1,b
2,209,1493575.4,1494730.4,12,0.0,3,0,2,b
3,209,1492575.4,1492719.8,9,0.0,3,0,1,b
3,209,1493575.4,1494730.4,12,0.0,3,0,2,b
4,209,1492575.4,1492719.8,9,0.0,3,0,1,b
4,209,1493575.4,1494730.4,12,0.0,3,0,2,b
2,87,1493640.4,1493784.8,9,0.0,3,0,1,b
2,87,1494640.4,1495795.4,12,0.0,3,0,2,b
3,356,1493660.2,1493701.5,7,0.0,3,0,1,b
3,356,1494660.2,1495815.2,12,0.0,3,0,2,b
3,322,1499657.4,1499946.1,10,0.0,3,0,1,b
3,322,1500657.4,1501812.4,12,0.0,3,0,2,b
4,322,1499657.4,1499946.1,10,0.0,3,0,1,b
4,322,1500657.4,1501812.4,12,0.0,3,0,2,b
1,153,1503398.0,1503542.4,9,0.0,3,0,1,b
1,153,1504398.0,1505553.0,12,0.0,3,0,2,b
2,153,1503398.0,1503542.4,9,0.0,3,0,1,b
2,153,1504398.0,1505553.0,12,0.0,3,0,2,b
2,108,1504661.0,1504949.9,10,0.0,3,0,1,b
2,108,1505661.0,1506816.0,12,0.0,3,0,2,b
3,108,1504661.0,1504949.9,10,0.0,3,0,1,b
3,108,1505661.0,1506816.0,12,0.0,3,0,2,b
2,344,1505807.0,1505951.4,9,0.0,3,0,1,b
2,344,1506807.0,1507962.0,12,0.0,3,0,2,b
2,71,1506196.1,1506340.6,9,0.0,3,0,1,b
2,71,1507196.1,1508351.2,12,0.0,3,0,2,b
1,168,1506461.2,1506605.8,9,0.0,3,0,1,b
1,168,1507461.2,1508616.4,12,0.0,3,0,2,b
2,168,1506461.2,1506605.8,9,0.0,3,0,1,b
2,168,1507461.2,1508616.4,12,0.0,3,0,2,b
3,168,1506461.2,1506605.8,9,0.0,3,0,1,b
3,168,1507461.2,1508616.4,12,0.0,3,0,2,b
4,168,1506461.2,1506605.8,9,0.0,3,0,1,b
4,168,1507461.2,1508616.4,12,0.0,3,0,2,b
2,238,1506812.4,1507101.2,10,0.0,3,0,1,b
2,238,1507812.4,1508967.4,12,0.0,3,0,2,b
3,238,1506812.4,1507101.2,10,0.0,3,0,1,b
3,238,1507812.4,1508967.4,12,0.0,3,0,2,b
4,398,1507893.4,1508037.9,9,0.0,3,0,1,c
4,398,1508893.4,1510048.5,12,0.0,3,0,2,c
1,303,1508680.2,1508824.8,9,0.0,3,0,1,b
1,303,1509680.2,1510835.4,12,0.0,3,0,2,b
2,303,1508680.2,1508824.8,9,0.0,3,0,1,b
2,303,1509680.2,1510835.4,12,0.0,3,0,2,b
4,303,1508680.2,1508824.8,9,0.0,3,0,1,b
4,303,1509680.2,1510835.4,12,0.0,3,0,2,b
2,293,1512330.8,1512475.1,9,0.0,3,0,1,c
2,293,1513330.8,1514485.8,12,0.0,3,0,2,c
3,54,1512787.1,1512828.4,7,0.0,3,0,1,b
3,54,1513787.1,1514942.1,12,0.0,3,0,2,b
4,54,1512787.1,1512828.4,7,0.0,3,0,1,b
4,54,1513787.1,1514942.1,12,0.0,3,0,2,b
1,368,1513407.6,1513696.4,10,0.0,3,0,1,b
1,368,1514407.6,1515562.6,12,0.0,3,0,2,b
3,368,1513407.6,1513696.4,10,0.0,3,0,1,b
3,368,1514407.6,1515562.6,12,0.0,3,0,2,b
2,326,1514665.2,1514747.6,8,0.0,3,0,1,b
2,326,1515665.2,1516820.2,12,0.0,3,0,2,b
3,326,1514665.2,1514747.6,8,0.0,3,0,1,b
3,326,1515665.2,1516820.2,12,0.0,3,0,2,b
4,326,1514665.2,1514747.6,8,0.0,3,0,1,b
4,326,1515665.2,1516820.2,12,0.0,3,0,2,b
3,114,1514888.4,1514970.9,8,0.0,3,0,1,b
3,114,1515888.4,1517043.5,12,0.0,3,0,2,b
1,190,1515105.6,1515146.9,7,0.0,3,0,1,b
1,190,1516105.6,1517260.6,12,0.0,3,0,2,b
2,190,1515105.6,1515146.9,7,0.0,3,0,1,b
2,190,1516105.6,1517260.6,12,0.0,3,0,2,b
3,129,1516739.8,1517317.2,11,0.0,3,0,1,b
3,129,1517739.8,1518894.8,12,0.0,3,0,2,b
2,245,1520037.2,1521192.2,12,0.0,3,0,1,b
2,245,1521037.2,1522192.2,12,0.0,3,0,2,b
4,146,1521657.9,1522812.9,12,0.0,3,0,1,b
4,146,1522657.9,1523812.9,12,0.0,3,0,2,b
2,400,1520832.6,1520873.9,7,0.0,3,0,1,b
2,400,1521832.6,1522987.6,12,0.0,3,0,2,b
4,255,1523745.8,1524323.2,11,0.0,3,0,1,b
4,255,1524745.8,1525900.8,12,0.0,3,0,2,b
2,299,1525381.1,1525525.5,9,0.0,3,0,1,b
2,299,1526381.1,1527536.1,12,0.0,3,0,2,b
3,299,1525381.1,1525525.5,9,0.0,3,0,1,b
3,299,1526381.1,1527536.1,12,0.0,3,0,2,b
1,127,1527664.4,1528242.0,11,0.0,3,0,1,b
1,127,1528664.4,1529819.5,12,0.0,3,0,2,b
1,139,1527568.8,1527857.5,10,0.0,3,0,1,b
1,139,1528568.8,1529723.8,12,0.0,3,0,2,b
4,139,1527568.8,1527857.5,10,0.0,3,0,1,b
4,139,1528568.8,1529723.8,12,0.0,3,0,2,b
1,203,1529091.4,1530246.5,12,0.0,3,0,1,b
1,203,1530091.4,1531246.5,12,0.0,3,0,2,b
2,203,1529091.4,1530246.5,12,0.0,3,0,1,b
2,203,1530091.4,1531246.5,12,0.0,3,0,2,b
3,203,1529091.4,1530246.5,12,0.0,3,0,1,c
3,203,1530091.4,1531246.5,12,0.0,3,0,2,c
4,203,1529091.4,1530246.5,12,0.0,3,0,1,b
4,203,1530091.4,1531246.5,12,0.0,3,0,2,b
4,229,1528702.2,1529279.8,11,0.0,3,0,1,b
4,229,1529702.2,1530857.2,12,0.0,3,0,2,b
3,351,1531335.5,1531624.2,10,0.0,3,0,1,b
3,351,1532335.5,1533490.5,12,0.0,3,0,2,b
2,71,1538034.4,1538178.9,9,0.0,3,0,1,b
2,71,1539034.4,1540189.5,12,0.0,3,0,2,b
4,121,1538312.2,1538394.6,8,0.0,3,0,1,b
4,121,1539312.2,1540467.2,12,0.0,3,0,2,b
3,317,1538494.9,1538639.2,9,0.0,3,0,1,c
3,317,1539494.9,1540649.9,12,0.0,3,0,2,c
4,317,1538494.9,1538639.2,9,0.0,3,0,1,b
4,317,1539494.9,1540649.9,12,0.0,3,0,2,b
2,331,1541186.8,1541269.1,8,0.0,3,0,1,b
2,331,1542186.8,1543341.8,12,0.0,3,0,2,b
1,322,1544918.2,1545207.0,10,0.0,3,0,1,b
1,322,1545918.2,1547073.2,12,0.0,3,0,2,b
1,199,1545211.4,1545355.9,9,0.0,3,0,1,b
1,199,1546211.4,1547366.5,12,0.0,3,0,2,b
2,199,1545211.4,1545355.9,9,0.0,3,0,1,b
2,199,1546211.4,1547366.5,12,0.0,3,0,2,b
3,367,1545584.6,1545667.0,8,0.0,3,0,1,b
3,367,1546584.6,1547739.6,12,0.0,3,0,2,b
1,97,1547737.0,1548025.8,10,0.0,3,0,1,b
1,97,1548737.0,1549892.0,12,0.0,3,0,2,b
2,97,1547737.0,1548025.8,10,0.0,3,0,1,b
2,97,1548737.0,1549892.0,12,0.0,3,0,2,b
3,97,1547737.0,1548025.8,10,0.0,3,0,1,b
3,97,1548737.0,1549892.0,12,0.0,3,0,2,b
4,135,1549722.9,1549867.2,9,0.0,3,0,1,b
4,135,1550722.9,1551877.9,12,0.0,3,0,2,b
2,260,1554742.9,1555031.8,10,0.0,3,0,1,b
2,260,1555742.9,1556898.0,12,0.0,3,0,2,b
3,191,1559737.0,1559881.4,9,0.0,3,0,1,b
3,191,1560737.0,1561892.0,12,0.0,3,0,2,b
4,191,1559737.0,1559881.4,9,0.0,3,0,1,b
4,191,1560737.0,1561892.0,12,0.0,3,0,2,b
1,314,1564085.1,1564167.5,8,0.0,3,0,1,b
1,314,1565085.1,1566240.1,12,0.0,3,0,2,b
4,314,1564085.1,1564167.5,8,0.0,3,0,1,b
4,314,1565085.1,1566240.1,12,0.0,3,0,2,b
1,12,1564414.4,1564496.9,8,0.0,3,0,1,b
1,12,1565414.4,1566569.5,12,0.0,3,0,2,b
4,153,1564681.5,1564825.9,9,0.0,3,0,1,b
4,153,1565681.5,1566836.5,12,0.0,3,0,2,b
2,144,1567623.4,1568200.9,11,0.0,3,0,1,b
2,144,1568623.4,1569778.5,12,0.0,3,0,2,b
1,150,1570550.9,1570695.2,9,0.0,3,0,1,c
1,150,1571550.9,1572705.9,12,0.0,3,0,2,c
1,206,1580431.4,1580575.8,9,0.0,3,0,1,c
1,206,1581431.4,1582586.4,12,0.0,3,0,2,c
3,206,1580431.4,1580575.8,9,0.0,3,0,1,b
3,206,1581431.4,1582586.4,12,0.0,3,0,2,b
4,206,1580431.4,1580575.8,9,0.0,3,0,1,b
4,206,1581431.4,1582586.4,12,0.0,3,0,2,b
2,21,1582631.6,1582920.4,10,0.0,3,0,1,b
2,21,1583631.6,1584786.6,12,0.0,3,0,2,b
2,342,1582592.8,1582737.1,9,0.0,3,0,1,b
2,342,1583592.8,1584747.8,12,0.0,3,0,2,b
3,113,1582643.1,1582684.4,7,0.0,3,0,1,b
3,113,1583643.1,1584798.1,12,0.0,3,0,2,b
1,395,1587371.8,1587949.2,11,0.0,3,0,1,b
1,395,1588371.8,1589526.8,12,0.0,3,0,2,b
2,395,1587371.8,1587949.2,11,0.0,3,0,1,b
2,395,1588371.8,1589526.8,12,0.0,3,0,2,b
3,395,1587371.8,1587949.2,11,0.0,3,0,1,c
3,395,1588371.8,1589526.8,12,0.0,3,0,2,c
2,43,1588909.0,1588950.4,7,0.0,3,0,1,b
2,43,1589909.0,1591064.1,12,0.0,3,0,2,b
1,340,1595873.2,1595914.5,7,0.0,3,0,1,b
1,340,1596873.2,1598028.4,12,0.0,3,0,2,b
1,143,1601121.8,1601410.5,10,0.0,3,0,1,b
1,143,1602121.8,1603276.8,12,0.0,3,0,2,b
3,57,1611713.6,1611858.0,9,0.0,3,0,1,c
3,57,1612713.6,1613868.6,12,0.0,3,0,2,c
1,91,1614000.4,1614289.1,10,0.0,3,0,1,b
1,91,1615000.4,1616155.4,12,0.0,3,0,2,b
1,23,1622121.8,1622410.5,10,0.0,3,0,1,b
1,23,1623121.8,1624276.8,12,0.0,3,0,2,b
3,23,1622121.8,1622410.5,10,0.0,3,0,1,b
3,23,1623121.8,1624276.8,12,0.0,3,0,2,b
1,389,1623622.1,1624777.1,12,0.0,3,0,1,c
1,389,1624622.1,1625777.1,12,0.0,3,0,2,c
3,389,1623622.1,1624777.1,12,0.0,3,0,1,b
3,389,1624622.1,1625777.1,12,0.0,3,0,2,b
3,282,1626066.4,1627221.4,12,0.0,3,0,1,b
3,282,1627066.4,1628221.4,12,0.0,3,0,2,b
4,242,1627023.0,1627064.2,7,0.0,3,0,1,c
4,242,1628023.0,1629178.0,12,0.0,3,0,2,c
2,89,1628902.0,1630057.0,12,0.0,3,0,1,b
2,89,1629902.0,1631057.0,12,0.0,3,0,2,b
3,89,1628902.0,1630057.0,12,0.0,3,0,1,c
3,89,1629902.0,1631057.0,12,0.0,3,0,2,c
4,89,1628902.0,1630057.0,12,0.0,3,0,1,b
4,89,1629902.0,1631057.0,12,0.0,3,0,2,b
3,350,1630036.8,1630325.5,10,0.0,3,0,1,b
3,350,1631036.8,1632191.8,12,0.0,3,0,2,b
4,350,1630036.8,1630325.5,10,0.0,3,0,1,b
4,350,1631036.8,1632191.8,12,0.0,3,0,2,b
2,248,1634333.1,1634477.5,9,0.0,3,0,1,b
2,248,1635333.1,1636488.1,12,0.0,3,0,2,b
1,19,1634595.5,1634884.2,10,0.0,3,0,1,b
1,19,1635595.5,1636750.5,12,0.0,3,0,2,b
3,19,1634595.5,1634884.2,10,0.0,3,0,1,b
3,19,1635595.5,1636750.5,12,0.0,3,0,2,b
1,147,1656593.2,1656737.6,9,0.0,3,0,1,b
1,147,1657593.2,1658748.2,12,0.0,3,0,2,b
3,147,1656593.2,1656737.6,9,0.0,3,0,1,b
3,147,1657593.2,1658748.2,12,0.0,3,0,2,b
1,175,1657414.8,1657559.2,9,0.0,3,0,1,b
1,175,1658414.8,1659569.9,12,0.0,3,0,2,b
3,175,1657414.8,1657559.2,9,0.0,3,0,1,b
3,175,1658414.8,1659569.9,12,0.0,3,0,2,b
4,175,1657414.8,1657559.2,9,0.0,3,0,1,c
4,175,1658414.8,1659569.9,12,0.0,3,0,2,c
4,323,1661046.1,1661128.5,8,0.0,3,0,1,b
4,323,1662046.1,1663201.1,12,0.0,3,0,2,b
4,325,1665230.6,1665519.4,10,0.0,3,0,1,b
4,325,1666230.6,1667385.6,12,0.0,3,0,2,b
1,144,1666337.0,1666914.5,11,0.0,3,0,1,b
1,144,1667337.0,1668492.1,12,0.0,3,0,2,b
1,398,1666377.4,1666521.8,9,0.0,3,0,1,b
1,398,1667377.4,1668532.4,12,0.0,3,0,2,b
3,398,1666377.4,1666521.8,9,0.0,3,0,1,c
3,398,1667377.4,1668532.4,12,0.0,3,0,2,c
2,185,1668230.0,1668518.8,10,0.0,3,0,1,b
2,185,1669230.0,1670385.0,12,0.0,3,0,2,b
4,373,1671362.8,1671651.6,10,0.0,3,0,1,b
4,373,1672362.8,1673517.9,12,0.0,3,0,2,b
1,223,1678099.8,1679254.8,12,0.0,3,0,1,b
1,223,1679099.8,1680254.8,12,0.0,3,0,2,b
2,223,1678099.8,1679254.8,12,0.0,3,0,1,b
2,223,1679099.8,1680254.8,12,0.0,3,0,2,b
1,171,1681765.1,1682054.0,10,0.0,3,0,1,b
1,171,1682765.1,1683920.1,12,0.0,3,0,2,b
1,354,1683668.5,1683812.9,9,0.0,3,0,1,b
1,354,1684668.5,1685823.5,12,0.0,3,0,2,b
3,7,1689032.0,1689176.4,9,0.0,3,0,1,b
3,7,1690032.0,1691187.0,12,0.0,3,0,2,b
1,206,1699230.9,1699375.2,9,0.0,3,0,1,c
1,206,1700230.9,1701385.9,12,0.0,3,0,2,c
4,206,1699230.9,1699375.2,9,0.0,3,0,1,b
4,206,1700230.9,1701385.9,12,0.0,3,0,2,b
1,219,1700423.9,1700506.2,8,0.0,3,0,1,b
1,219,1701423.9,1702578.9,12,0.0,3,0,2,b
2,153,1710200.6,1710345.1,9,0.0,3,0,1,b
2,153,1711200.6,1712355.8,12,0.0,3,0,2,b
4,153,1710200.6,1710345.1,9,0.0,3,0,1,b
4,153,1711200.6,1712355.8,12,0.0,3,0,2,b
1,107,1713071.0,1713215.5,9,0.0,3,0,1,b
1,107,1714071.0,1715226.1,12,0.0,3,0,2,b
3,107,1713071.0,1713215.5,9,0.0,3,0,1,b
3,107,1714071.0,1715226.1,12,0.0,3,0,2,b
1,185,1713490.9,1713779.6,10,0.0,3,0,1,b
1,185,1714490.9,1715645.9,12,0.0,3,0,2,b
4,53,1717948.5,1718092.9,9,0.0,3,0,1,b
4,53,1718948.5,1720103.5,12,0.0,3,0,2,b
2,301,1718723.4,1719300.9,11,0.0,3,0,1,b
2,301,1719723.4,1720878.4,12,0.0,3,0,2,b
4,301,1718723.4,1719300.9,11,0.0,3,0,1,b
4,301,1719723.4,1720878.4,12,0.0,3,0,2,b
2,288,1718973.9,1719262.8,10,0.0,3,0,1,b
2,288,1719973.9,1721128.9,12,0.0,3,0,2,b
3,100,1721570.1,1721858.9,10,0.0,3,0,1,b
3,100,1722570.1,1723725.1,12,0.0,3,0,2,b
4,100,1721570.1,1721858.9,10,0.0,3,0,1,c
4,100,1722570.1,1723725.1,12,0.0,3,0,2,c
3,46,1721904.8,1721946.0,7,0.0,3,0,1,b
3,46,1722904.8,1724059.9,12,0.0,3,0,2,b
1,44,1724662.1,1725817.1,12,0.0,3,0,1,b
1,44,1725662.1,1726817.1,12,0.0,3,0,2,b
4,44,1724662.1,1725817.1,12,0.0,3,0,1,b
4,44,1725662.1,1726817.1,12,0.0,3,0,2,b
1,289,1724919.8,1725064.2,9,0.0,3,0,1,b
1,289,1725919.8,1727074.9,12,0.0,3,0,2,b
2,6,1726920.9,1728075.9,12,0.0,3,0,1,b
2,6,1727920.9,1729075.9,12,0.0,3,0,2,b
4,403,1725539.0,1725683.5,9,0.0,3,0,1,b
4,403,1726539.0,1727694.1,12,0.0,3,0,2,b
2,398,1734069.4,1734213.8,9,0.0,3,0,1,b
2,398,1735069.4,1736224.4,12,0.0,3,0,2,b
1,156,1735183.5,1735761.0,11,0.0,3,0,1,b
1,156,1736183.5,1737338.5,12,0.0,3,0,2,b
3,156,1735183.5,1735761.0,11,0.0,3,0,1,b
3,156,1736183.5,1737338.5,12,0.0,3,0,2,b
4,156,1735183.5,1735761.0,11,0.0,3,0,1,c
4,156,1736183.5,1737338.5,12,0.0,3,0,2,c
1,357,1736000.2,1736577.8,11,0.0,3,0,1,b
1,357,1737000.2,1738155.2,12,0.0,3,0,2,b
4,357,1736000.2,1736577.8,11,0.0,3,0,1,b
4,357,1737000.2,1738155.2,12,0.0,3,0,2,b
1,143,1737157.5,1737446.2,10,0.0,3,0,1,b
1,143,1738157.5,1739312.5,12,0.0,3,0,2,b
3,143,1737157.5,1737446.2,10,0.0,3,0,1,b
3,143,1738157.5,1739312.5,12,0.0,3,0,2,b
4,143,1737157.5,1737446.2,10,0.0,3,0,1,b
4,143,1738157.5,1739312.5,12,0.0,3,0,2,b
2,40,1737951.5,1738529.0,11,0.0,3,0,1,b
2,40,1738951.5,1740106.6,12,0.0,3,0,2,b
1,255,1737960.9,1738538.4,11,0.0,3,0,1,c
1,255,1738960.9,1740115.9,12,0.0,3,0,2,c
2,255,1737960.9,1738538.4,11,0.0,3,0,1,b
2,255,1738960.9,1740115.9,12,0.0,3,0,2,b
4,255,1737960.9,1738538.4,11,0.0,3,0,1,b
4,255,1738960.9,1740115.9,12,0.0,3,0,2,b
1,238,1738045.6,1738334.5,10,0.0,3,0,1,c
1,238,1739045.6,1740200.6,12,0.0,3,0,2,c
3,238,1738045.6,1738334.5,10,0.0,3,0,1,b
3,238,1739045.6,1740200.6,12,0.0,3,0,2,b
4,212,1743937.6,1745092.6,12,0.0,3,0,1,b
4,212,1744937.6,1746092.6,12,0.0,3,0,2,b
1,225,1744848.1,1745137.0,10,0.0,3,0,1,b
1,225,1745848.1,1747003.1,12,0.0,3,0,2,b
3,225,1744848.1,1745137.0,10,0.0,3,0,1,c
3,225,1745848.1,1747003.1,12,0.0,3,0,2,c
2,260,1745157.6,1745446.4,10,0.0,3,0,1,b
2,260,1746157.6,1747312.6,12,0.0,3,0,2,b
4,260,1745157.6,1745446.4,10,0.0,3,0,1,b
4,260,1746157.6,1747312.6,12,0.0,3,0,2,b
4,155,1745986.0,1746130.4,9,0.0,3,0,1,b
4,155,1746986.0,1748141.0,12,0.0,3,0,2,b
2,132,1747190.0,1747272.4,8,0.0,3,0,1,c
2,132,1748190.0,1749345.0,12,0.0,3,0,2,c
3,132,1747190.0,1747272.4,8,0.0,3,0,1,b
3,132,1748190.0,1749345.0,12,0.0,3,0,2,b
2,149,1747948.0,1748236.9,10,0.0,3,0,1,b
2,149,1748948.0,1750103.0,12,0.0,3,0,2,b
4,149,1747948.0,1748236.9,10,0.0,3,0,1,c
4,149,1748948.0,1750103.0,12,0.0,3,0,2,c
3,178,1747814.0,1747855.2,7,0.0,3,0,1,b
3,178,1748814.0,1749969.0,12,0.0,3,0,2,b
1,51,1750018.0,1750162.4,9,0.0,3,0,1,b
1,51,1751018.0,1752173.0,12,0.0,3,0,2,b
1,196,1768341.8,1768424.2,8,0.0,3,0,1,b
1,196,1769341.8,1770496.9,12,0.0,3,0,2,b
1,80,1770676.2,1770717.5,7,0.0,3,0,1,b
1,80,1771676.2,1772831.2,12,0.0,3,0,2,b
2,164,1777673.1,1778828.1,12,0.0,3,0,1,b
2,164,1778673.1,1779828.1,12,0.0,3,0,2,b
3,164,1777673.1,1778828.1,12,0.0,3,0,1,b
3,164,1778673.1,1779828.1,12,0.0,3,0,2,b
2,387,1776591.5,1776632.8,7,0.0,3,0,1,b
2,387,1777591.5,1778746.6,12,0.0,3,0,2,b
4,90,1778217.4,1778506.2,10,0.0,3,0,1,b
4,90,1779217.4,1780372.4,12,0.0,3,0,2,b
2,189,1779001.5,1779579.0,11,0.0,3,0,1,b
2,189,1780001.5,1781156.5,12,0.0,3,0,2,b
3,189,1779001.5,1779579.0,11,0.0,3,0,1,b
3,189,1780001.5,1781156.5,12,0.0,3,0,2,b
4,189,1779001.5,1779579.0,11,0.0,3,0,1,b
4,189,1780001.5,1781156.5,12,0.0,3,0,2,b
2,20,1779258.6,1779403.1,9,0.0,3,0,1,b
2,20,1780258.6,1781413.8,12,0.0,3,0,2,b
4,20,1779258.6,1779403.1,9,0.0,3,0,1,b
4,20,1780258.6,1781413.8,12,0.0,3,0,2,b
1,143,1782418.4,1782707.1,10,0.0,3,0,1,b
1,143,1783418.4,1784573.4,12,0.0,3,0,2,b
2,208,1789633.9,1790789.0,12,0.0,3,0,1,c
2,208,1790633.9,1791789.0,12,0.0,3,0,2,c
2,24,1790123.4,1790412.2,10,0.0,3,0,1,c
2,24,1791123.4,1792278.5,12,0.0,3,0,2,c
1,70,1790895.1,1791184.0,10,0.0,3,0,1,c
1,70,1791895.1,1793050.1,12,0.0,3,0,2,c
3,70,1790895.1,1791184.0,10,0.0,3,0,1,b
3,70,1791895.1,1793050.1,12,0.0,3,0,2,b
1,185,1792878.5,1793167.4,10,0.0,3,0,1,b
1,185,1793878.5,1795033.6,12,0.0,3,0,2,b
2,185,1792878.5,1793167.4,10,0.0,3,0,1,b
2,185,1793878.5,1795033.6,12,0.0,3,0,2,b
3,185,1792878.5,1793167.4,10,0.0,3,0,1,b
3,185,1793878.5,1795033.6,12,0.0,3,0,2,b
4,185,1792878.5,1793167.4,10,0.0,3,0,1,b
4,185,1793878.5,1795033.6,12,0.0,3,0,2,b
3,192,1793014.5,1793158.9,9,0.0,3,0,1,b
3,192,1794014.5,1795169.5,12,0.0,3,0,2,b
1,373,1793705.8,1793994.6,10,0.0,3,0,1,b
1,373,1794705.8,1795860.9,12,0.0,3,0,2,b
2,163,1799102.1,1799679.8,11,0.0,3,0,1,b
2,163,1800102.1,1801257.2,12,0.0,3,0,2,b
3,163,1799102.1,1799679.8,11,0.0,3,0,1,b
3,163,1800102.1,1801257.2,12,0.0,3,0,2,b
4,163,1799102.1,1799679.8,11,0.0,3,0,1,b
4,163,1800102.1,1801257.2,12,0.0,3,0,2,b
3,375,1802734.1,1802775.4,7,0.0,3,0,1,c
3,375,1803734.1,1804889.1,12,0.0,3,0,2,c
2,243,1803668.6,1803957.4,10,0.0,3,0,1,b
2,243,1804668.6,1805823.6,12,0.0,3,0,2,b
4,243,1803668.6,1803957.4,10,0.0,3,0,1,b
4,243,1804668.6,1805823.6,12,0.0,3,0,2,b
2,290,1804778.1,1804860.5,8,0.0,3,0,1,c
2,290,1805778.1,1806933.1,12,0.0,3,0,2,c
4,290,1804778.1,1804860.5,8,0.0,3,0,1,b
4,290,1805778.1,1806933.1,12,0.0,3,0,2,b
1,206,1806582.9,1806727.2,9,0.0,3,0,1,c
1,206,1807582.9,1808737.9,12,0.0,3,0,2,c
4,206,1806582.9,1806727.2,9,0.0,3,0,1,b
4,206,1807582.9,1808737.9,12,0.0,3,0,2,b
2,188,1810300.6,1810589.5,10,0.0,3,0,1,c
2,188,1811300.6,1812455.8,12,0.0,3,0,2,c
3,188,1810300.6,1810589.5,10,0.0,3,0,1,b
3,188,1811300.6,1812455.8,12,0.0,3,0,2,b
2,37,1810372.0,1810454.4,8,0.0,3,0,1,c
2,37,1811372.0,1812527.0,12,0.0,3,0,2,c
3,37,1810372.0,1810454.4,8,0.0,3,0,1,b
3,37,1811372.0,1812527.0,12,0.0,3,0,2,b
1,334,1812975.5,1813119.9,9,0.0,3,0,1,b
1,334,1813975.5,1815130.5,12,0.0,3,0,2,b
3,334,1812975.5,1813119.9,9,0.0,3,0,1,b
3,334,1813975.5,1815130.5,12,0.0,3,0,2,b
4,334,1812975.5,1813119.9,9,0.0,3,0,1,b
4,334,1813975.5,1815130.5,12,0.0,3,0,2,b
2,315,1817252.8,1817335.2,8,0.0,3,0,1,b
2,315,1818252.8,1819407.9,12,0.0,3,0,2,b
2,108,1822678.9,1822967.6,10,0.0,3,0,1,c
2,108,1823678.9,1824833.9,12,0.0,3,0,2,c
3,108,1822678.9,1822967.6,10,0.0,3,0,1,b
3,108,1823678.9,1824833.9,12,0.0,3,0,2,b
2,310,1822660.9,1822743.2,8,0.0,3,0,1,c
2,310,1823660.9,1824815.9,12,0.0,3,0,2,c
1,34,1827440.0,1827728.8,10,0.0,3,0,1,b
1,34,1828440.0,1829595.0,12,0.0,3,0,2,b
4,34,1827440.0,1827728.8,10,0.0,3,0,1,b
4,34,1828440.0,1829595.0,12,0.0,3,0,2,b
2,332,1830710.0,1830854.4,9,0.0,3,0,1,b
2,332,1831710.0,1832865.0,12,0.0,3,0,2,b
3,332,1830710.0,1830854.4,9,0.0,3,0,1,b
3,332,1831710.0,1832865.0,12,0.0,3,0,2,b
2,343,1831039.5,1831080.8,7,0.0,3,0,1,b
2,343,1832039.5,1833194.6,12,0.0,3,0,2,b
4,343,1831039.5,1831080.8,7,0.0,3,0,1,b
4,343,1832039.5,1833194.6,12,0.0,3,0,2,b
2,42,1831931.2,1831972.5,7,0.0,3,0,1,c
2,42,1832931.2,1834086.2,12,0.0,3,0,2,c
4,42,1831931.2,1831972.5,7,0.0,3,0,1,b
4,42,1832931.2,1834086.2,12,0.0,3,0,2,b
3,357,1834713.9,1835291.4,11,0.0,3,0,1,c
3,357,1835713.9,1836868.9,12,0.0,3,0,2,c
4,357,1834713.9,1835291.4,11,0.0,3,0,1,b
4,357,1835713.9,1836868.9,12,0.0,3,0,2,b
2,296,1837336.5,1837625.4,10,0.0,3,0,1,b
2,296,1838336.5,1839491.6,12,0.0,3,0,2,b
4,296,1837336.5,1837625.4,10,0.0,3,0,1,b
4,296,1838336.5,1839491.6,12,0.0,3,0,2,b
1,255,1838401.9,1838979.4,11,0.0,3,0,1,c
1,255,1839401.9,1840556.9,12,0.0,3,0,2,c
2,255,1838401.9,1838979.4,11,0.0,3,0,1,b
2,255,1839401.9,1840556.9,12,0.0,3,0,2,b
4,255,1838401.9,1838979.4,11,0.0,3,0,1,b
4,255,1839401.9,1840556.9,12,0.0,3,0,2,b
1,185,1838139.4,1838428.2,10,0.0,3,0,1,c
1,185,1839139.4,1840294.4,12,0.0,3,0,2,c
4,185,1838139.4,1838428.2,10,0.0,3,0,1,b
4,185,1839139.4,1840294.4,12,0.0,3,0,2,b
1,154,1839260.9,1839405.2,9,0.0,3,0,1,b
1,154,1840260.9,1841415.9,12,0.0,3,0,2,b
4,154,1839260.9,1839405.2,9,0.0,3,0,1,b
4,154,1840260.9,1841415.9,12,0.0,3,0,2,b
1,98,1840673.2,1840714.5,7,0.0,3,0,1,b
1,98,1841673.2,1842828.2,12,0.0,3,0,2,b
2,260,1844836.4,1845125.2,10,0.0,3,0,1,b
2,260,1845836.4,1846991.5,12,0.0,3,0,2,b
1,165,1847513.5,1847802.4,10,0.0,3,0,1,b
1,165,1848513.5,1849668.6,12,0.0,3,0,2,b
4,165,1847513.5,1847802.4,10,0.0,3,0,1,b
4,165,1848513.5,1849668.6,12,0.0,3,0,2,b
1,244,1847975.5,1848016.8,7,0.0,3,0,1,b
1,244,1848975.5,1850130.5,12,0.0,3,0,2,b
1,349,1854578.5,1854867.2,10,0.0,3,0,1,b
1,349,1855578.5,1856733.5,12,0.0,3,0,2,b
1,309,1855575.0,1855863.8,10,0.0,3,0,1,b
1,309,1856575.0,1857730.0,12,0.0,3,0,2,b
3,309,1855575.0,1855863.8,10,0.0,3,0,1,b
3,309,1856575.0,1857730.0,12,0.0,3,0,2,b
4,309,1855575.0,1855863.8,10,0.0,3,0,1,c
4,309,1856575.0,1857730.0,12,0.0,3,0,2,c
1,318,1864993.8,1865035.0,7,0.0,3,0,1,b
1,318,1865993.8,1867148.8,12,0.0,3,0,2,b
2,352,1876427.2,1877004.8,11,0.0,3,0,1,b
2,352,1877427.2,1878582.2,12,0.0,3,0,2,b
3,352,1876427.2,1877004.8,11,0.0,3,0,1,b
3,352,1877427.2,1878582.2,12,0.0,3,0,2,b
4,352,1876427.2,1877004.8,11,0.0,3,0,1,b
4,352,1877427.2,1878582.2,12,0.0,3,0,2,b
2,51,1877225.2,1877369.6,9,0.0,3,0,1,b
2,51,1878225.2,1879380.2,12,0.0,3,0,2,b
2,236,1878113.9,1878402.8,10,0.0,3,0,1,b
2,236,1879113.9,1880268.9,12,0.0,3,0,2,b
3,236,1878113.9,1878402.8,10,0.0,3,0,1,b
3,236,1879113.9,1880268.9,12,0.0,3,0,2,b
1,172,1879811.9,1880966.9,12,0.0,3,0,1,c
1,172,1880811.9,1881966.9,12,0.0,3,0,2,c
2,172,1879811.9,1880966.9,12,0.0,3,0,1,b
2,172,1880811.9,1881966.9,12,0.0,3,0,2,b
4,172,1879811.9,1880966.9,12,0.0,3,0,1,b
4,172,1880811.9,1881966.9,12,0.0,3,0,2,b
1,81,1882926.8,1883071.1,9,0.0,3,0,1,b
1,81,1883926.8,1885081.8,12,0.0,3,0,2,b
4,259,1892244.6,1892822.1,11,0.0,3,0,1,b
4,259,1893244.6,1894399.6,12,0.0,3,0,2,b
1,203,1901479.9,1902634.9,12,0.0,3,0,1,b
1,203,1902479.9,1903634.9,12,0.0,3,0,2,b
4,203,1901479.9,1902634.9,12,0.0,3,0,1,c
4,203,1902479.9,1903634.9,12,0.0,3,0,2,c
1,148,1903619.6,1903908.5,10,0.0,3,0,1,c
1,148,1904619.6,1905774.6,12,0.0,3,0,2,c
2,148,1903619.6,1903908.5,10,0.0,3,0,1,b
2,148,1904619.6,1905774.6,12,0.0,3,0,2,b
2,149,1903857.9,1904146.8,10,0.0,3,0,1,b
2,149,1904857.9,1906013.0,12,0.0,3,0,2,b
4,377,1904500.6,1904541.9,7,0.0,3,0,1,b
4,377,1905500.6,1906655.6,12,0.0,3,0,2,b
1,223,1907045.0,1908200.1,12,0.0,3,0,1,b
1,223,1908045.0,1909200.1,12,0.0,3,0,2,b
2,223,1907045.0,1908200.1,12,0.0,3,0,1,b
2,223,1908045.0,1909200.1,12,0.0,3,0,2,b
3,223,1907045.0,1908200.1,12,0.0,3,0,1,b
3,223,1908045.0,1909200.1,12,0.0,3,0,2,b
4,223,1907045.0,1908200.1,12,0.0,3,0,1,b
4,223,1908045.0,1909200.1,12,0.0,3,0,2,b
1,6,1907964.1,1909119.1,12,0.0,3,0,1,b
1,6,1908964.1,1910119.1,12,0.0,3,0,2,b
3,6,1907964.1,1909119.1,12,0.0,3,0,1,c
3,6,1908964.1,1910119.1,12,0.0,3,0,2,c
2,395,1911297.5,1911875.0,11,0.0,3,0,1,b
2,395,1912297.5,1913452.5,12,0.0,3,0,2,b
3,395,1911297.5,1911875.0,11,0.0,3,0,1,b
3,395,1912297.5,1913452.5,12,0.0,3,0,2,b
4,395,1911297.5,1911875.0,11,0.0,3,0,1,b
4,395,1912297.5,1913452.5,12,0.0,3,0,2,b
2,324,1914292.0,1914580.8,10,0.0,3,0,1,b
2,324,1915292.0,1916447.0,12,0.0,3,0,2,b
1,219,1925991.2,1926073.6,8,0.0,3,0,1,b
1,219,1926991.2,1928146.2,12,0.0,3,0,2,b
2,258,1929429.6,1929470.9,7,0.0,3,0,1,b
2,258,1930429.6,1931584.6,12,0.0,3,0,2,b
1,336,1933853.6,1933894.9,7,0.0,3,0,1,b
1,336,1934853.6,1936008.6,12,0.0,3,0,2,b
1,328,1936933.4,1937510.9,11,0.0,3,0,1,b
1,328,1937933.4,1939088.4,12,0.0,3,0,2,b
3,96,1938737.0,1938819.5,8,0.0,3,0,1,b
3,96,1939737.0,1940892.1,12,0.0,3,0,2,b
3,179,1952241.5,1952323.9,8,0.0,3,0,1,b
3,179,1953241.5,1954396.5,12,0.0,3,0,2,b
3,96,1952839.5,1952921.9,8,0.0,3,0,1,b
3,96,1953839.5,1954994.5,12,0.0,3,0,2,b
4,96,1952839.5,1952921.9,8,0.0,3,0,1,b
4,96,1953839.5,1954994.5,12,0.0,3,0,2,b
4,73,1956641.0,1957218.5,11,0.0,3,0,1,b
4,73,1957641.0,1958796.0,12,0.0,3,0,2,b
1,274,1959514.1,1960091.6,11,0.0,3,0,1,b
1,274,1960514.1,1961669.2,12,0.0,3,0,2,b
2,131,1961086.0,1962241.1,12,0.0,3,0,1,b
2,131,1962086.0,1963241.1,12,0.0,3,0,2,b
3,131,1961086.0,1962241.1,12,0.0,3,0,1,b
3,131,1962086.0,1963241.1,12,0.0,3,0,2,b
1,123,1963016.0,1963098.4,8,0.0,3,0,1,b
1,123,1964016.0,1965171.0,12,0.0,3,0,2,b
2,123,1963016.0,1963098.4,8,0.0,3,0,1,b
2,123,1964016.0,1965171.0,12,0.0,3,0,2,b
1,347,1963174.0,1963215.2,7,0.0,3,0,1,b
1,347,1964174.0,1965329.0,12,0.0,3,0,2,b
2,401,1963713.4,1963795.8,8,0.0,3,0,1,b
2,401,1964713.4,1965868.4,12,0.0,3,0,2,b
4,401,1963713.4,1963795.8,8,0.0,3,0,1,b
4,401,1964713.4,1965868.4,12,0.0,3,0,2,b
2,286,1969236.9,1969381.2,9,0.0,3,0,1,b
2,286,1970236.9,1971391.9,12,0.0,3,0,2,b
2,129,1972614.5,1973192.0,11,0.0,3,0,1,b
2,129,1973614.5,1974769.5,12,0.0,3,0,2,b
1,388,1973572.9,1973717.2,9,0.0,3,0,1,b
1,388,1974572.9,1975727.9,12,0.0,3,0,2,b
2,227,1981043.0,1981084.2,7,0.0,3,0,1,c
2,227,1982043.0,1983198.0,12,0.0,3,0,2,c
2,24,1981621.0,1981909.8,10,0.0,3,0,1,b
2,24,1982621.0,1983776.0,12,0.0,3,0,2,b
4,24,1981621.0,1981909.8,10,0.0,3,0,1,b
4,24,1982621.0,1983776.0,12,0.0,3,0,2,b
4,89,1990988.4,1992143.4,12,0.0,3,0,1,b
4,89,1991988.4,1993143.4,12,0.0,3,0,2,b
1,21,1990153.8,1990442.6,10,0.0,3,0,1,b
1,21,1991153.8,1992308.9,12,0.0,3,0,2,b
2,21,1990153.8,1990442.6,10,0.0,3,0,1,b
2,21,1991153.8,1992308.9,12,0.0,3,0,2,b
3,21,1990153.8,1990442.6,10,0.0,3,0,1,b
3,21,1991153.8,1992308.9,12,0.0,3,0,2,b
4,21,1990153.8,1990442.6,10,0.0,3,0,1,b
4,21,1991153.8,1992308.9,12,0.0,3,0,2,b
4,121,1989864.9,1989947.2,8,0.0,3,0,1,b
4,121,1990864.9,1992019.9,12,0.0,3,0,2,b
1,372,1991197.4,1991774.9,11,0.0,3,0,1,b
1,372,1992197.4,1993352.4,12,0.0,3,0,2,b
4,286,1993915.1,1994059.6,9,0.0,3,0,1,b
4,286,1994915.1,1996070.2,12,0.0,3,0,2,b
1,18,1994715.4,1994797.8,8,0.0,3,0,1,b
1,18,1995715.4,1996870.4,12,0.0,3,0,2,b
2,234,1995758.1,1996047.0,10,0.0,3,0,1,b
2,234,1996758.1,1997913.2,12,0.0,3,0,2,b
3,234,1995758.1,1996047.0,10,0.0,3,0,1,b
3,234,1996758.1,1997913.2,12,0.0,3,0,2,b
2,392,2006709.9,2006751.1,7,0.0,3,0,1,b
2,392,2007709.9,2008864.9,12,0.0,3,0,2,b
1,284,2010160.9,2010305.2,9,0.0,3,0,1,b
1,284,2011160.9,2012315.9,12,0.0,3,0,2,b
2,284,2010160.9,2010305.2,9,0.0,3,0,1,b
2,284,2011160.9,2012315.9,12,0.0,3,0,2,b
4,284,2010160.9,2010305.2,9,0.0,3,0,1,c
4,284,2011160.9,2012315.9,12,0.0,3,0,2,c
1,169,2010274.6,2010315.9,7,0.0,3,0,1,b
1,169,2011274.6,2012429.8,12,0.0,3,0,2,b
2,157,2013146.8,2013291.1,9,0.0,3,0,1,b
2,157,2014146.8,2015301.8,12,0.0,3,0,2,b
4,157,2013146.8,2013291.1,9,0.0,3,0,1,c
4,157,2014146.8,2015301.8,12,0.0,3,0,2,c
2,70,2019510.2,2019799.1,10,0.0,3,0,1,b
2,70,2020510.2,2021665.2,12,0.0,3,0,2,b
2,320,2022963.5,2023541.0,11,0.0,3,0,1,b
2,320,2023963.5,2025118.5,12,0.0,3,0,2,b
4,320,2022963.5,2023541.0,11,0.0,3,0,1,b
4,320,2023963.5,2025118.5,12,0.0,3,0,2,b
1,63,2025014.6,2025097.0,8,0.0,3,0,1,b
1,63,2026014.6,2027169.6,12,0.0,3,0,2,b
3,63,2025014.6,2025097.0,8,0.0,3,0,1,b
3,63,2026014.6,2027169.6,12,0.0,3,0,2,b
2,269,2026482.9,2026771.8,10,0.0,3,0,1,b
2,269,2027482.9,2028638.0,12,0.0,3,0,2,b
3,269,2026482.9,2026771.8,10,0.0,3,0,1,b
3,269,2027482.9,2028638.0,12,0.0,3,0,2,b
4,269,2026482.9,2026771.8,10,0.0,3,0,1,b
4,269,2027482.9,2028638.0,12,0.0,3,0,2,b
1,62,2027675.4,2027819.9,9,0.0,3,0,1,b
1,62,2028675.4,2029830.5,12,0.0,3,0,2,b
1,360,2029734.5,2029816.9,8,0.0,3,0,1,b
1,360,2030734.5,2031889.5,12,0.0,3,0,2,b
4,360,2029734.5,2029816.9,8,0.0,3,0,1,b
4,360,2030734.5,2031889.5,12,0.0,3,0,2,b
1,179,2031098.6,2031181.0,8,0.0,3,0,1,b
1,179,2032098.6,2033253.6,12,0.0,3,0,2,b
3,179,2031098.6,2031181.0,8,0.0,3,0,1,b
3,179,2032098.6,2033253.6,12,0.0,3,0,2,b
3,87,2033491.0,2033635.4,9,0.0,3,0,1,b
3,87,2034491.0,2035646.0,12,0.0,3,0,2,b
1,277,2035610.4,2035754.8,9,0.0,3,0,1,b
1,277,2036610.4,2037765.4,12,0.0,3,0,2,b
2,277,2035610.4,2035754.8,9,0.0,3,0,1,b
2,277,2036610.4,2037765.4,12,0.0,3,0,2,b
2,288,2037281.0,2037569.9,10,0.0,3,0,1,b
2,288,2038281.0,2039436.0,12,0.0,3,0,2,b
4,288,2037281.0,2037569.9,10,0.0,3,0,1,b
4,288,2038281.0,2039436.0,12,0.0,3,0,2,b
1,231,2039012.4,2040167.4,12,0.0,3,0,1,b
1,231,2040012.4,2041167.4,12,0.0,3,0,2,b
3,231,2039012.4,2040167.4,12,0.0,3,0,1,b
3,231,2040012.4,2041167.4,12,0.0,3,0,2,b
2,112,2039249.0,2040404.0,12,0.0,3,0,1,b
2,112,2040249.0,2041404.0,12,0.0,3,0,2,b
3,112,2039249.0,2040404.0,12,0.0,3,0,1,b
3,112,2040249.0,2041404.0,12,0.0,3,0,2,b
2,27,2041647.8,2041792.1,9,0.0,3,0,1,b
2,27,2042647.8,2043802.8,12,0.0,3,0,2,b
1,176,2046187.8,2046332.1,9,0.0,3,0,1,b
1,176,2047187.8,2048342.8,12,0.0,3,0,2,b
4,176,2046187.8,2046332.1,9,0.0,3,0,1,b
4,176,2047187.8,2048342.8,12,0.0,3,0,2,b
2,188,2048105.0,2048393.8,10,0.0,3,0,1,c
2,188,2049105.0,2050260.0,12,0.0,3,0,2,c
3,188,2048105.0,2048393.8,10,0.0,3,0,1,c
3,188,2049105.0,2050260.0,12,0.0,3,0,2,c
1,398,2048711.6,2048856.0,9,0.0,3,0,1,c
1,398,2049711.6,2050866.8,12,0.0,3,0,2,c
3,398,2048711.6,2048856.0,9,0.0,3,0,1,b
3,398,2049711.6,2050866.8,12,0.0,3,0,2,b
2,50,2048818.1,2048900.6,8,0.0,3,0,1,c
2,50,2049818.1,2050973.1,12,0.0,3,0,2,c
2,63,2049326.6,2049409.1,8,0.0,3,0,1,b
2,63,2050326.6,2051481.8,12,0.0,3,0,2,b
1,220,2050073.8,2050115.0,7,0.0,3,0,1,b
1,220,2051073.8,2052228.8,12,0.0,3,0,2,b
3,220,2050073.8,2050115.0,7,0.0,3,0,1,b
3,220,2051073.8,2052228.8,12,0.0,3,0,2,b
2,256,2050085.2,2050126.5,7,0.0,3,0,1,b
2,256,2051085.2,2052240.2,12,0.0,3,0,2,b
1,365,2050351.5,2050392.9,7,0.0,3,0,1,b
1,365,2051351.5,2052506.6,12,0.0,3,0,2,b
4,365,2050351.5,2050392.9,7,0.0,3,0,1,b
4,365,2051351.5,2052506.6,12,0.0,3,0,2,b
1,283,2051040.8,2051082.0,7,0.0,3,0,1,b
1,283,2052040.8,2053195.8,12,0.0,3,0,2,b
2,283,2051040.8,2051082.0,7,0.0,3,0,1,b
2,283,2052040.8,2053195.8,12,0.0,3,0,2,b
4,355,2064858.1,2065002.5,9,0.0,3,0,1,b
4,355,2065858.1,2067013.1,12,0.0,3,0,2,b
4,189,2080153.1,2080730.8,11,0.0,3,0,1,c
4,189,2081153.1,2082308.1,12,0.0,3,0,2,c
1,212,2081871.6,2083026.6,12,0.0,3,0,1,b
1,212,2082871.6,2084026.6,12,0.0,3,0,2,b
2,212,2081871.6,2083026.6,12,0.0,3,0,1,b
2,212,2082871.6,2084026.6,12,0.0,3,0,2,b
3,212,2081871.6,2083026.6,12,0.0,3,0,1,c
3,212,2082871.6,2084026.6,12,0.0,3,0,2,c
1,198,2085812.2,2086967.2,12,0.0,3,0,1,c
1,198,2086812.2,2087967.2,12,0.0,3,0,2,c
3,198,2085812.2,2086967.2,12,0.0,3,0,1,b
3,198,2086812.2,2087967.2,12,0.0,3,0,2,b
4,198,2085812.2,2086967.2,12,0.0,3,0,1,b
4,198,2086812.2,2087967.2,12,0.0,3,0,2,b
1,180,2086257.8,2086546.6,10,0.0,3,0,1,b
1,180,2087257.8,2088412.9,12,0.0,3,0,2,b
4,180,2086257.8,2086546.6,10,0.0,3,0,1,b
4,180,2087257.8,2088412.9,12,0.0,3,0,2,b
3,223,2088088.4,2089243.4,12,0.0,3,0,1,b
3,223,2089088.4,2090243.4,12,0.0,3,0,2,b
4,223,2088088.4,2089243.4,12,0.0,3,0,1,b
4,223,2089088.4,2090243.4,12,0.0,3,0,2,b
1,94,2087562.2,2087851.1,10,0.0,3,0,1,b
1,94,2088562.2,2089717.2,12,0.0,3,0,2,b
2,94,2087562.2,2087851.1,10,0.0,3,0,1,b
2,94,2088562.2,2089717.2,12,0.0,3,0,2,b
4,94,2087562.2,2087851.1,10,0.0,3,0,1,b
4,94,2088562.2,2089717.2,12,0.0,3,0,2,b
3,6,2089007.4,2090162.4,12,0.0,3,0,1,b
3,6,2090007.4,2091162.4,12,0.0,3,0,2,b
2,57,2088181.6,2088325.9,9,0.0,3,0,1,b
2,57,2089181.6,2090336.6,12,0.0,3,0,2,b
3,57,2088181.6,2088325.9,9,0.0,3,0,1,b
3,57,2089181.6,2090336.6,12,0.0,3,0,2,b
3,329,2090233.9,2090811.5,11,0.0,3,0,1,b
3,329,2091233.9,2092388.9,12,0.0,3,0,2,b
2,159,2091031.0,2091072.2,7,0.0,3,0,1,b
2,159,2092031.0,2093186.0,12,0.0,3,0,2,b
3,159,2091031.0,2091072.2,7,0.0,3,0,1,b
3,159,2092031.0,2093186.0,12,0.0,3,0,2,b
4,159,2091031.0,2091072.2,7,0.0,3,0,1,c
4,159,2092031.0,2093186.0,12,0.0,3,0,2,c
4,16,2092081.2,2092225.6,9,0.0,3,0,1,b
4,16,2093081.2,2094236.4,12,0.0,3,0,2,b
1,232,2100451.2,2101028.8,11,0.0,3,0,1,b
1,232,2101451.2,2102606.2,12,0.0,3,0,2,b
4,232,2100451.2,2101028.8,11,0.0,3,0,1,b
4,232,2101451.2,2102606.2,12,0.0,3,0,2,b
3,144,2101650.2,2102227.8,11,0.0,3,0,1,b
3,144,2102650.2,2103805.2,12,0.0,3,0,2,b
1,81,2100929.2,2101073.5,9,0.0,3,0,1,b
1,81,2101929.2,2103084.2,12,0.0,3,0,2,b
2,86,2105067.0,2105355.8,10,0.0,3,0,1,b
2,86,2106067.0,2107222.0,12,0.0,3,0,2,b
4,86,2105067.0,2105355.8,10,0.0,3,0,1,c
4,86,2106067.0,2107222.0,12,0.0,3,0,2,c
2,341,2106265.8,2106348.5,8,0.0,3,0,1,b
2,341,2107265.8,2108421.0,12,0.0,3,0,2,b
4,341,2106265.8,2106348.5,8,0.0,3,0,1,b
4,341,2107265.8,2108421.0,12,0.0,3,0,2,b
3,151,2106554.8,2106596.0,7,0.0,3,0,1,b
3,151,2107554.8,2108709.8,12,0.0,3,0,2,b
2,249,2108283.5,2108324.8,7,0.0,3,0,1,b
2,249,2109283.5,2110438.5,12,0.0,3,0,2,b
3,249,2108283.5,2108324.8,7,0.0,3,0,1,b
3,249,2109283.5,2110438.5,12,0.0,3,0,2,b
3,333,2112800.0,2113377.8,11,0.0,3,0,1,b
3,333,2113800.0,2114955.0,12,0.0,3,0,2,b
1,97,2112737.2,2113026.0,10,0.0,3,0,1,b
1,97,2113737.2,2114892.2,12,0.0,3,0,2,b
4,97,2112737.2,2113026.0,10,0.0,3,0,1,b
4,97,2113737.2,2114892.2,12,0.0,3,0,2,b
1,241,2115304.5,2115387.0,8,0.0,3,0,1,b
1,241,2116304.5,2117459.5,12,0.0,3,0,2,b
1,22,2120814.2,2120896.8,8,0.0,3,0,1,b
1,22,2121814.2,2122969.2,12,0.0,3,0,2,b
2,22,2120814.2,2120896.8,8,0.0,3,0,1,b
2,22,2121814.2,2122969.2,12,0.0,3,0,2,b
3,22,2120814.2,2120896.8,8,0.0,3,0,1,b
3,22,2121814.2,2122969.2,12,0.0,3,0,2,b
4,22,2120814.2,2120896.8,8,0.0,3,0,1,b
4,22,2121814.2,2122969.2,12,0.0,3,0,2,b
3,399,2122752.2,2123907.2,12,0.0,3,0,1,b
3,399,2123752.2,2124907.2,12,0.0,3,0,2,b
4,399,2122752.2,2123907.2,12,0.0,3,0,1,b
4,399,2123752.2,2124907.2,12,0.0,3,0,2,b
2,21,2123593.2,2123882.0,10,0.0,3,0,1,c
2,21,2124593.2,2125748.2,12,0.0,3,0,2,c
3,21,2123593.2,2123882.0,10,0.0,3,0,1,b
3,21,2124593.2,2125748.2,12,0.0,3,0,2,b
4,21,2123593.2,2123882.0,10,0.0,3,0,1,b
4,21,2124593.2,2125748.2,12,0.0,3,0,2,b
1,73,2125433.8,2126011.5,11,0.0,3,0,1,b
1,73,2126433.8,2127588.8,12,0.0,3,0,2,b
1,81,2125607.8,2125752.0,9,0.0,3,0,1,b
1,81,2126607.8,2127762.8,12,0.0,3,0,2,b
1,11,2131901.8,2132046.2,9,0.0,3,0,1,b
1,11,2132901.8,2134057.0,12,0.0,3,0,2,b
2,11,2131901.8,2132046.2,9,0.0,3,0,1,b
2,11,2132901.8,2134057.0,12,0.0,3,0,2,b
4,11,2131901.8,2132046.2,9,0.0,3,0,1,b
4,11,2132901.8,2134057.0,12,0.0,3,0,2,b
1,93,2136380.2,2136421.8,7,0.0,3,0,1,b
1,93,2137380.2,2138535.5,12,0.0,3,0,2,b
1,90,2139632.8,2139921.8,10,0.0,3,0,1,b
1,90,2140632.8,2141787.8,12,0.0,3,0,2,b
3,90,2139632.8,2139921.8,10,0.0,3,0,1,b
3,90,2140632.8,2141787.8,12,0.0,3,0,2,b
4,90,2139632.8,2139921.8,10,0.0,3,0,1,b
4,90,2140632.8,2141787.8,12,0.0,3,0,2,b
3,379,2139479.5,2139562.0,8,0.0,3,0,1,b
3,379,2140479.5,2141634.5,12,0.0,3,0,2,b
3,248,2149911.0,2150055.2,9,0.0,3,0,1,b
3,248,2150911.0,2152066.0,12,0.0,3,0,2,b
4,9,2157727.0,2157809.5,8,0.0,3,0,1,c
4,9,2158727.0,2159882.0,12,0.0,3,0,2,c
1,277,2159709.2,2159853.5,9,0.0,3,0,1,c
1,277,2160709.2,2161864.2,12,0.0,3,0,2,c
2,277,2159709.2,2159853.5,9,0.0,3,0,1,b
2,277,2160709.2,2161864.2,12,0.0,3,0,2,b
4,277,2159709.2,2159853.5,9,0.0,3,0,1,b
4,277,2160709.2,2161864.2,12,0.0,3,0,2,b
2,19,2164642.5,2164931.5,10,0.0,3,0,1,b
2,19,2165642.5,2166797.5,12,0.0,3,0,2,b
1,122,2166576.0,2166720.2,9,0.0,3,0,1,b
1,122,2167576.0,2168731.0,12,0.0,3,0,2,b
4,122,2166576.0,2166720.2,9,0.0,3,0,1,b
4,122,2167576.0,2168731.0,12,0.0,3,0,2,b
2,89,2172031.8,2173186.8,12,0.0,3,0,1,b
2,89,2173031.8,2174186.8,12,0.0,3,0,2,b
3,138,2171546.2,2171628.8,8,0.0,3,0,1,b
3,138,2172546.2,2173701.2,12,0.0,3,0,2,b
2,51,2171955.0,2172099.2,9,0.0,3,0,1,b
2,51,2172955.0,2174110.0,12,0.0,3,0,2,b
3,51,2171955.0,2172099.2,9,0.0,3,0,1,b
3,51,2172955.0,2174110.0,12,0.0,3,0,2,b
4,248,2174589.2,2174733.8,9,0.0,3,0,1,c
4,248,2175589.2,2176744.5,12,0.0,3,0,2,c
1,189,2178866.8,2179444.2,11,0.0,3,0,1,b
1,189,2179866.8,2181021.8,12,0.0,3,0,2,b
4,189,2178866.8,2179444.2,11,0.0,3,0,1,b
4,189,2179866.8,2181021.8,12,0.0,3,0,2,b
1,101,2180520.2,2181098.0,11,0.0,3,0,1,b
1,101,2181520.2,2182675.2,12,0.0,3,0,2,b
3,101,2180520.2,2181098.0,11,0.0,3,0,1,c
3,101,2181520.2,2182675.2,12,0.0,3,0,2,c
4,101,2180520.2,2181098.0,11,0.0,3,0,1,b
4,101,2181520.2,2182675.2,12,0.0,3,0,2,b
1,154,2182597.0,2182741.2,9,0.0,3,0,1,b
1,154,2183597.0,2184752.0,12,0.0,3,0,2,b
1,328,2192640.5,2193218.2,11,0.0,3,0,1,b
1,328,2193640.5,2194795.8,12,0.0,3,0,2,b
2,188,2192675.5,2192964.2,10,0.0,3,0,1,b
2,188,2193675.5,2194830.5,12,0.0,3,0,2,b
3,188,2192675.5,2192964.2,10,0.0,3,0,1,b
3,188,2193675.5,2194830.5,12,0.0,3,0,2,b
4,188,2192675.5,2192964.2,10,0.0,3,0,1,b
4,188,2193675.5,2194830.5,12,0.0,3,0,2,b
1,351,2194918.0,2195206.8,10,0.0,3,0,1,b
1,351,2195918.0,2197073.0,12,0.0,3,0,2,b
4,351,2194918.0,2195206.8,10,0.0,3,0,1,b
4,351,2195918.0,2197073.0,12,0.0,3,0,2,b
1,170,2195063.2,2195145.8,8,0.0,3,0,1,b
1,170,2196063.2,2197218.2,12,0.0,3,0,2,b
2,236,2199798.5,2200087.5,10,0.0,3,0,1,b
2,236,2200798.5,2201953.5,12,0.0,3,0,2,b
3,236,2199798.5,2200087.5,10,0.0,3,0,1,b
3,236,2200798.5,2201953.5,12,0.0,3,0,2,b
4,236,2199798.5,2200087.5,10,0.0,3,0,1,b
4,236,2200798.5,2201953.5,12,0.0,3,0,2,b
4,233,2203507.8,2203796.8,10,0.0,3,0,1,b
4,233,2204507.8,2205662.8,12,0.0,3,0,2,b
2,249,2214591.0,2214632.2,7,0.0,3,0,1,b
2,249,2215591.0,2216746.0,12,0.0,3,0,2,b
2,141,2216922.5,2217211.5,10,0.0,3,0,1,b
2,141,2217922.5,2219077.8,12,0.0,3,0,2,b
3,141,2216922.5,2217211.5,10,0.0,3,0,1,b
3,141,2217922.5,2219077.8,12,0.0,3,0,2,b
2,109,2217156.2,2217197.5,7,0.0,3,0,1,b
2,109,2218156.2,2219311.2,12,0.0,3,0,2,b
2,317,2217435.5,2217579.8,9,0.0,3,0,1,b
2,317,2218435.5,2219590.5,12,0.0,3,0,2,b
3,317,2217435.5,2217579.8,9,0.0,3,0,1,b
3,317,2218435.5,2219590.5,12,0.0,3,0,2,b
3,389,2219081.0,2220236.0,12,0.0,3,0,1,c
3,389,2220081.0,2221236.0,12,0.0,3,0,2,c
4,389,2219081.0,2220236.0,12,0.0,3,0,1,b
4,389,2220081.0,2221236.0,12,0.0,3,0,2,b
2,216,2217429.5,2217470.8,7,0.0,3,0,1,b
2,216,2218429.5,2219584.5,12,0.0,3,0,2,b
1,376,2219444.5,2220599.5,12,0.0,3,0,1,c
1,376,2220444.5,2221599.5,12,0.0,3,0,2,c
2,376,2219444.5,2220599.5,12,0.0,3,0,1,b
2,376,2220444.5,2221599.5,12,0.0,3,0,2,b
4,112,2220292.2,2221447.2,12,0.0,3,0,1,c
4,112,2221292.2,2222447.2,12,0.0,3,0,2,c
1,169,2226757.8,2226799.0,7,0.0,3,0,1,b
1,169,2227757.8,2228912.8,12,0.0,3,0,2,b
3,172,2237159.0,2238314.0,12,0.0,3,0,1,b
3,172,2238159.0,2239314.0,12,0.0,3,0,2,b
4,172,2237159.0,2238314.0,12,0.0,3,0,1,b
4,172,2238159.0,2239314.0,12,0.0,3,0,2,b
2,207,2235816.8,2235961.0,9,0.0,3,0,1,c
2,207,2236816.8,2237971.8,12,0.0,3,0,2,c
4,207,2235816.8,2235961.0,9,0.0,3,0,1,b
4,207,2236816.8,2237971.8,12,0.0,3,0,2,b
2,306,2236760.5,2236904.8,9,0.0,3,0,1,c
2,306,2237760.5,2238915.5,12,0.0,3,0,2,c
1,197,2248121.2,2249276.2,12,0.0,3,0,1,b
1,197,2249121.2,2250276.2,12,0.0,3,0,2,b
2,197,2248121.2,2249276.2,12,0.0,3,0,1,b
2,197,2249121.2,2250276.2,12,0.0,3,0,2,b
1,325,2247474.2,2247763.2,10,0.0,3,0,1,b
1,325,2248474.2,2249629.5,12,0.0,3,0,2,b
2,21,2247479.5,2247768.2,10,0.0,3,0,1,b
2,21,2248479.5,2249634.5,12,0.0,3,0,2,b
1,191,2247684.0,2247828.2,9,0.0,3,0,1,b
1,191,2248684.0,2249839.0,12,0.0,3,0,2,b
1,233,2248768.5,2249057.2,10,0.0,3,0,1,b
1,233,2249768.5,2250923.5,12,0.0,3,0,2,b
3,233,2248768.5,2249057.2,10,0.0,3,0,1,b
3,233,2249768.5,2250923.5,12,0.0,3,0,2,b
3,37,2254183.8,2254266.2,8,0.0,3,0,1,b
3,37,2255183.8,2256338.8,12,0.0,3,0,2,b
1,154,2254394.5,2254538.8,9,0.0,3,0,1,b
1,154,2255394.5,2256549.5,12,0.0,3,0,2,b
3,229,2255636.0,2256213.5,11,0.0,3,0,1,b
3,229,2256636.0,2257791.0,12,0.0,3,0,2,b
1,277,2258833.5,2258977.8,9,0.0,3,0,1,b
1,277,2259833.5,2260988.5,12,0.0,3,0,2,b
2,313,2260189.8,2260767.2,11,0.0,3,0,1,b
2,313,2261189.8,2262344.8,12,0.0,3,0,2,b
4,313,2260189.8,2260767.2,11,0.0,3,0,1,b
4,313,2261189.8,2262344.8,12,0.0,3,0,2,b
1,398,2262783.5,2262927.8,9,0.0,3,0,1,b
1,398,2263783.5,2264938.5,12,0.0,3,0,2,b
3,362,2262969.2,2263113.5,9,0.0,3,0,1,b
3,362,2263969.2,2265124.2,12,0.0,3,0,2,b
1,208,2265203.0,2266358.0,12,0.0,3,0,1,c
1,208,2266203.0,2267358.0,12,0.0,3,0,2,c
2,208,2265203.0,2266358.0,12,0.0,3,0,1,b
2,208,2266203.0,2267358.0,12,0.0,3,0,2,b
4,239,2265371.8,2265454.2,8,0.0,3,0,1,b
4,239,2266371.8,2267526.8,12,0.0,3,0,2,b
2,100,2267508.5,2267797.2,10,0.0,3,0,1,b
2,100,2268508.5,2269663.5,12,0.0,3,0,2,b
4,100,2267508.5,2267797.2,10,0.0,3,0,1,b
4,100,2268508.5,2269663.5,12,0.0,3,0,2,b
1,223,2269131.5,2270286.5,12,0.0,3,0,1,b
1,223,2270131.5,2271286.5,12,0.0,3,0,2,b
1,187,2270120.0,2271275.2,12,0.0,3,0,1,b
1,187,2271120.0,2272275.2,12,0.0,3,0,2,b
4,187,2270120.0,2271275.2,12,0.0,3,0,1,c
4,187,2271120.0,2272275.2,12,0.0,3,0,2,c
1,374,2272582.5,2272871.2,10,0.0,3,0,1,b
1,374,2273582.5,2274737.5,12,0.0,3,0,2,b
3,374,2272582.5,2272871.2,10,0.0,3,0,1,b
3,374,2273582.5,2274737.5,12,0.0,3,0,2,b
4,374,2272582.5,2272871.2,10,0.0,3,0,1,b
4,374,2273582.5,2274737.5,12,0.0,3,0,2,b
1,51,2276816.5,2276960.8,9,0.0,3,0,1,b
1,51,2277816.5,2278971.5,12,0.0,3,0,2,b
3,33,2277784.2,2277928.5,9,0.0,3,0,1,b
3,33,2278784.2,2279939.2,12,0.0,3,0,2,b
4,33,2277784.2,2277928.5,9,0.0,3,0,1,b
4,33,2278784.2,2279939.2,12,0.0,3,0,2,b
1,101,2279234.0,2279811.5,11,0.0,3,0,1,c
1,101,2280234.0,2281389.0,12,0.0,3,0,2,c
2,101,2279234.0,2279811.5,11,0.0,3,0,1,b
2,101,2280234.0,2281389.0,12,0.0,3,0,2,b
4,101,2279234.0,2279811.5,11,0.0,3,0,1,b
4,101,2280234.0,2281389.0,12,0.0,3,0,2,b
3,220,2280373.2,2280414.5,7,0.0,3,0,1,b
3,220,2281373.2,2282528.2,12,0.0,3,0,2,b
1,277,2283511.8,2283656.0,9,0.0,3,0,1,b
1,277,2284511.8,2285666.8,12,0.0,3,0,2,b
3,114,2283913.0,2283995.5,8,0.0,3,0,1,b
3,114,2284913.0,2286068.0,12,0.0,3,0,2,b
3,204,2294696.8,2294738.0,7,0.0,3,0,1,b
3,204,2295696.8,2296851.8,12,0.0,3,0,2,b
3,299,2297898.2,2298042.5,9,0.0,3,0,1,b
3,299,2298898.2,2300053.2,12,0.0,3,0,2,b
1,314,2298258.5,2298341.0,8,0.0,3,0,1,b
1,314,2299258.5,2300413.5,12,0.0,3,0,2,b
3,314,2298258.5,2298341.0,8,0.0,3,0,1,b
3,314,2299258.5,2300413.5,12,0.0,3,0,2,b
2,122,2299092.5,2299236.8,9,0.0,3,0,1,b
2,122,2300092.5,2301247.5,12,0.0,3,0,2,b
3,103,2300559.5,2300642.0,8,0.0,3,0,1,b
3,103,2301559.5,2302714.5,12,0.0,3,0,2,b
4,103,2300559.5,2300642.0,8,0.0,3,0,1,b
4,103,2301559.5,2302714.5,12,0.0,3,0,2,b
2,324,2316050.2,2316339.0,10,0.0,3,0,1,b
2,324,2317050.2,2318205.2,12,0.0,3,0,2,b
3,324,2316050.2,2316339.0,10,0.0,3,0,1,b
3,324,2317050.2,2318205.2,12,0.0,3,0,2,b
4,374,2317843.5,2318132.2,10,0.0,3,0,1,c
4,374,2318843.5,2319998.5,12,0.0,3,0,2,c
4,302,2321203.2,2321347.8,9,0.0,3,0,1,c
4,302,2322203.2,2323358.5,12,0.0,3,0,2,c
2,263,2326762.2,2327051.0,10,0.0,3,0,1,b
2,263,2327762.2,2328917.2,12,0.0,3,0,2,b
1,388,2332507.5,2332651.8,9,0.0,3,0,1,b
1,388,2333507.5,2334662.5,12,0.0,3,0,2,b
2,388,2332507.5,2332651.8,9,0.0,3,0,1,b
2,388,2333507.5,2334662.5,12,0.0,3,0,2,b
1,238,2337248.8,2337537.5,10,0.0,3,0,1,b
1,238,2338248.8,2339403.8,12,0.0,3,0,2,b
2,89,2353075.0,2354230.0,12,0.0,3,0,1,b
2,89,2354075.0,2355230.0,12,0.0,3,0,2,b
4,89,2353075.0,2354230.0,12,0.0,3,0,1,b
4,89,2354075.0,2355230.0,12,0.0,3,0,2,b
2,153,2356230.0,2356374.2,9,0.0,3,0,1,b
2,153,2357230.0,2358385.0,12,0.0,3,0,2,b
3,153,2356230.0,2356374.2,9,0.0,3,0,1,c
3,153,2357230.0,2358385.0,12,0.0,3,0,2,c
2,141,2356991.2,2357280.0,10,0.0,3,0,1,b
2,141,2357991.2,2359146.2,12,0.0,3,0,2,b
3,141,2356991.2,2357280.0,10,0.0,3,0,1,b
3,141,2357991.2,2359146.2,12,0.0,3,0,2,b
2,94,2369637.8,2369926.5,10,0.0,3,0,1,b
2,94,2370637.8,2371792.8,12,0.0,3,0,2,b
3,94,2369637.8,2369926.5,10,0.0,3,0,1,b
3,94,2370637.8,2371792.8,12,0.0,3,0,2,b
1,180,2370838.2,2371127.0,10,0.0,3,0,1,b
1,180,2371838.2,2372993.2,12,0.0,3,0,2,b
2,180,2370838.2,2371127.0,10,0.0,3,0,1,b
2,180,2371838.2,2372993.2,12,0.0,3,0,2,b
3,180,2370838.2,2371127.0,10,0.0,3,0,1,b
3,180,2371838.2,2372993.2,12,0.0,3,0,2,b
2,355,2370875.5,2371019.8,9,0.0,3,0,1,b
2,355,2371875.5,2373030.5,12,0.0,3,0,2,b
1,333,2376099.2,2376677.0,11,0.0,3,0,1,b
1,333,2377099.2,2378254.5,12,0.0,3,0,2,b
3,333,2376099.2,2376677.0,11,0.0,3,0,1,b
3,333,2377099.2,2378254.5,12,0.0,3,0,2,b
1,246,2375940.2,2376022.8,8,0.0,3,0,1,b
1,246,2376940.2,2378095.2,12,0.0,3,0,2,b
2,246,2375940.2,2376022.8,8,0.0,3,0,1,b
2,246,2376940.2,2378095.2,12,0.0,3,0,2,b
3,29,2377630.8,2377919.8,10,0.0,3,0,1,c
3,29,2378630.8,2379786.0,12,0.0,3,0,2,c
4,199,2378055.8,2378200.0,9,0.0,3,0,1,b
4,199,2379055.8,2380210.8,12,0.0,3,0,2,b
4,337,2383364.5,2384519.5,12,0.0,3,0,1,b
4,337,2384364.5,2385519.5,12,0.0,3,0,2,b
1,373,2384402.0,2384691.0,10,0.0,3,0,1,b
1,373,2385402.0,2386557.2,12,0.0,3,0,2,b
1,175,2390734.5,2390879.0,9,0.0,3,0,1,b
1,175,2391734.5,2392889.8,12,0.0,3,0,2,b
3,175,2390734.5,2390879.0,9,0.0,3,0,1,b
3,175,2391734.5,2392889.8,12,0.0,3,0,2,b
1,165,2399045.5,2399334.2,10,0.0,3,0,1,b
1,165,2400045.5,2401200.5,12,0.0,3,0,2,b
2,209,2398878.0,2399022.2,9,0.0,3,0,1,c
2,209,2399878.0,2401033.0,12,0.0,3,0,2,c
3,209,2398878.0,2399022.2,9,0.0,3,0,1,b
3,209,2399878.0,2401033.0,12,0.0,3,0,2,b
4,209,2398878.0,2399022.2,9,0.0,3,0,1,b
4,209,2399878.0,2401033.0,12,0.0,3,0,2,b
2,376,2400487.8,2401642.8,12,0.0,3,0,1,b
2,376,2401487.8,2402642.8,12,0.0,3,0,2,b
3,376,2400487.8,2401642.8,12,0.0,3,0,1,b
3,376,2401487.8,2402642.8,12,0.0,3,0,2,b
2,141,2402252.0,2402540.8,10,0.0,3,0,1,b
2,141,2403252.0,2404407.0,12,0.0,3,0,2,b
3,359,2404160.5,2404243.0,8,0.0,3,0,1,b
3,359,2405160.5,2406315.5,12,0.0,3,0,2,b
3,245,2406828.8,2407984.0,12,0.0,3,0,1,b
3,245,2407828.8,2408984.0,12,0.0,3,0,2,b
1,321,2405677.2,2405821.5,9,0.0,3,0,1,b
1,321,2406677.2,2407832.2,12,0.0,3,0,2,b
1,345,2406781.0,2407358.8,11,0.0,3,0,1,b
1,345,2407781.0,2408936.0,12,0.0,3,0,2,b
3,345,2406781.0,2407358.8,11,0.0,3,0,1,b
3,345,2407781.0,2408936.0,12,0.0,3,0,2,b
4,345,2406781.0,2407358.8,11,0.0,3,0,1,b
4,345,2407781.0,2408936.0,12,0.0,3,0,2,b
1,317,2406500.0,2406644.2,9,0.0,3,0,1,b
1,317,2407500.0,2408655.0,12,0.0,3,0,2,b
3,317,2406500.0,2406644.2,9,0.0,3,0,1,b
3,317,2407500.0,2408655.0,12,0.0,3,0,2,b
2,227,2406813.0,2406854.2,7,0.0,3,0,1,b
2,227,2407813.0,2408968.0,12,0.0,3,0,2,b
2,387,2407847.8,2407889.0,7,0.0,3,0,1,b
2,387,2408847.8,2410002.8,12,0.0,3,0,2,b
1,14,2407954.2,2407995.5,7,0.0,3,0,1,b
1,14,2408954.2,2410109.5,12,0.0,3,0,2,b
3,14,2407954.2,2407995.5,7,0.0,3,0,1,b
3,14,2408954.2,2410109.5,12,0.0,3,0,2,b
4,349,2410944.5,2411233.5,10,0.0,3,0,1,c
4,349,2411944.5,2413099.5,12,0.0,3,0,2,c
2,221,2416288.2,2416866.0,11,0.0,3,0,1,b
2,221,2417288.2,2418443.2,12,0.0,3,0,2,b
4,221,2416288.2,2416866.0,11,0.0,3,0,1,b
4,221,2417288.2,2418443.2,12,0.0,3,0,2,b
1,172,2418202.2,2419357.2,12,0.0,3,0,1,b
1,172,2419202.2,2420357.2,12,0.0,3,0,2,b
2,172,2418202.2,2419357.2,12,0.0,3,0,1,b
2,172,2419202.2,2420357.2,12,0.0,3,0,2,b
4,290,2419123.8,2419206.2,8,0.0,3,0,1,b
4,290,2420123.8,2421278.8,12,0.0,3,0,2,b
2,296,2420661.5,2420950.5,10,0.0,3,0,1,b
2,296,2421661.5,2422816.8,12,0.0,3,0,2,b
4,296,2420661.5,2420950.5,10,0.0,3,0,1,b
4,296,2421661.5,2422816.8,12,0.0,3,0,2,b
1,259,2421413.0,2421990.8,11,0.0,3,0,1,c
1,259,2422413.0,2423568.0,12,0.0,3,0,2,c
3,259,2421413.0,2421990.8,11,0.0,3,0,1,b
3,259,2422413.0,2423568.0,12,0.0,3,0,2,b
1,30,2421440.2,2422017.8,11,0.0,3,0,1,c
1,30,2422440.2,2423595.2,12,0.0,3,0,2,c
2,30,2421440.2,2422017.8,11,0.0,3,0,1,c
2,30,2422440.2,2423595.2,12,0.0,3,0,2,c
3,30,2421440.2,2422017.8,11,0.0,3,0,1,b
3,30,2422440.2,2423595.2,12,0.0,3,0,2,b
3,306,2428019.2,2428163.5,9,0.0,3,0,1,b
3,306,2429019.2,2430174.2,12,0.0,3,0,2,b
4,355,2437413.2,2437557.5,9,0.0,3,0,1,b
4,355,2438413.2,2439568.2,12,0.0,3,0,2,b
2,331,2439412.0,2439494.8,8,0.0,3,0,1,b
2,331,2440412.0,2441567.2,12,0.0,3,0,2,b
1,285,2440688.5,2441266.0,11,0.0,3,0,1,c
1,285,2441688.5,2442843.5,12,0.0,3,0,2,c
3,285,2440688.5,2441266.0,11,0.0,3,0,1,b
3,285,2441688.5,2442843.5,12,0.0,3,0,2,b
2,50,2440527.0,2440609.5,8,0.0,3,0,1,b
2,50,2441527.0,2442682.2,12,0.0,3,0,2,b
3,50,2440527.0,2440609.5,8,0.0,3,0,1,b
3,50,2441527.0,2442682.2,12,0.0,3,0,2,b
2,287,2441098.2,2441139.5,7,0.0,3,0,1,b
2,287,2442098.2,2443253.2,12,0.0,3,0,2,b
2,212,2444684.0,2445839.0,12,0.0,3,0,1,c
2,212,2445684.0,2446839.0,12,0.0,3,0,2,c
3,212,2444684.0,2445839.0,12,0.0,3,0,1,c
3,212,2445684.0,2446839.0,12,0.0,3,0,2,c
4,212,2444684.0,2445839.0,12,0.0,3,0,1,c
4,212,2445684.0,2446839.0,12,0.0,3,0,2,c
2,274,2445405.2,2445983.0,11,0.0,3,0,1,b
2,274,2446405.2,2447560.2,12,0.0,3,0,2,b
2,107,2446739.5,2446883.8,9,0.0,3,0,1,b
2,107,2447739.5,2448894.5,12,0.0,3,0,2,b
4,107,2446739.5,2446883.8,9,0.0,3,0,1,b
4,107,2447739.5,2448894.5,12,0.0,3,0,2,b
1,364,2446688.5,2446771.0,8,0.0,3,0,1,b
1,364,2447688.5,2448843.5,12,0.0,3,0,2,b
3,364,2446688.5,2446771.0,8,0.0,3,0,1,b
3,364,2447688.5,2448843.5,12,0.0,3,0,2,b
2,153,2447064.0,2447208.2,9,0.0,3,0,1,b
2,153,2448064.0,2449219.0,12,0.0,3,0,2,b
4,223,2450174.8,2451329.8,12,0.0,3,0,1,b
4,223,2451174.8,2452329.8,12,0.0,3,0,2,b
3,373,2448825.2,2449114.0,10,0.0,3,0,1,b
3,373,2449825.2,2450980.2,12,0.0,3,0,2,b
3,398,2449806.0,2449950.2,9,0.0,3,0,1,b
3,398,2450806.0,2451961.0,12,0.0,3,0,2,b
1,239,2451131.0,2451213.5,8,0.0,3,0,1,b
1,239,2452131.0,2453286.2,12,0.0,3,0,2,b
2,239,2451131.0,2451213.5,8,0.0,3,0,1,b
2,239,2452131.0,2453286.2,12,0.0,3,0,2,b
3,239,2451131.0,2451213.5,8,0.0,3,0,1,b
3,239,2452131.0,2453286.2,12,0.0,3,0,2,b
1,340,2451160.2,2451201.5,7,0.0,3,0,1,b
1,340,2452160.2,2453315.2,12,0.0,3,0,2,b
2,340,2451160.2,2451201.5,7,0.0,3,0,1,b
2,340,2452160.2,2453315.2,12,0.0,3,0,2,b
4,243,2452957.2,2453246.0,10,0.0,3,0,1,c
4,243,2453957.2,2455112.2,12,0.0,3,0,2,c
2,40,2456074.5,2456652.0,11,0.0,3,0,1,b
2,40,2457074.5,2458229.5,12,0.0,3,0,2,b
3,40,2456074.5,2456652.0,11,0.0,3,0,1,b
3,40,2457074.5,2458229.5,12,0.0,3,0,2,b
1,301,2471256.8,2471834.5,11,0.0,3,0,1,c
1,301,2472256.8,2473411.8,12,0.0,3,0,2,c
4,301,2471256.8,2471834.5,11,0.0,3,0,1,b
4,301,2472256.8,2473411.8,12,0.0,3,0,2,b
3,143,2473385.8,2473674.5,10,0.0,3,0,1,b
3,143,2474385.8,2475540.8,12,0.0,3,0,2,b
4,143,2473385.8,2473674.5,10,0.0,3,0,1,b
4,143,2474385.8,2475540.8,12,0.0,3,0,2,b
1,114,2476071.8,2476154.2,8,0.0,3,0,1,c
1,114,2477071.8,2478226.8,12,0.0,3,0,2,c
3,27,2476453.2,2476597.8,9,0.0,3,0,1,b
3,27,2477453.2,2478608.5,12,0.0,3,0,2,b
1,179,2480592.0,2480674.5,8,0.0,3,0,1,b
1,179,2481592.0,2482747.0,12,0.0,3,0,2,b
2,141,2482975.8,2483264.8,10,0.0,3,0,1,b
2,141,2483975.8,2485130.8,12,0.0,3,0,2,b
3,141,2482975.8,2483264.8,10,0.0,3,0,1,b
3,141,2483975.8,2485130.8,12,0.0,3,0,2,b
1,350,2489347.2,2489636.0,10,0.0,3,0,1,b
1,350,2490347.2,2491502.2,12,0.0,3,0,2,b
3,350,2489347.2,2489636.0,10,0.0,3,0,1,b
3,350,2490347.2,2491502.2,12,0.0,3,0,2,b
1,70,2490504.8,2490793.5,10,0.0,3,0,1,b
1,70,2491504.8,2492659.8,12,0.0,3,0,2,b
3,70,2490504.8,2490793.5,10,0.0,3,0,1,b
3,70,2491504.8,2492659.8,12,0.0,3,0,2,b
4,70,2490504.8,2490793.5,10,0.0,3,0,1,c
4,70,2491504.8,2492659.8,12,0.0,3,0,2,c
3,182,2490365.5,2490406.8,7,0.0,3,0,1,b
3,182,2491365.5,2492520.5,12,0.0,3,0,2,b
1,330,2492606.8,2492648.0,7,0.0,3,0,1,b
1,330,2493606.8,2494761.8,12,0.0,3,0,2,b
4,357,2494020.8,2494598.5,11,0.0,3,0,1,b
4,357,2495020.8,2496175.8,12,0.0,3,0,2,b
1,277,2503068.5,2503213.0,9,0.0,3,0,1,b
1,277,2504068.5,2505223.8,12,0.0,3,0,2,b
3,372,2505123.2,2505701.0,11,0.0,3,0,1,b
3,372,2506123.2,2507278.2,12,0.0,3,0,2,b
1,15,2512819.5,2512902.0,8,0.0,3,0,1,b
1,15,2513819.5,2514974.5,12,0.0,3,0,2,b
4,15,2512819.5,2512902.0,8,0.0,3,0,1,b
4,15,2513819.5,2514974.5,12,0.0,3,0,2,b
4,211,2513471.0,2513512.2,7,0.0,3,0,1,b
4,211,2514471.0,2515626.0,12,0.0,3,0,2,b
1,252,2514500.5,2515078.0,11,0.0,3,0,1,b
1,252,2515500.5,2516655.5,12,0.0,3,0,2,b
2,252,2514500.5,2515078.0,11,0.0,3,0,1,b
2,252,2515500.5,2516655.5,12,0.0,3,0,2,b
3,252,2514500.5,2515078.0,11,0.0,3,0,1,b
3,252,2515500.5,2516655.5,12,0.0,3,0,2,b
4,252,2514500.5,2515078.0,11,0.0,3,0,1,b
4,252,2515500.5,2516655.5,12,0.0,3,0,2,b
1,221,2515001.8,2515579.2,11,0.0,3,0,1,b
1,221,2516001.8,2517156.8,12,0.0,3,0,2,b
2,221,2515001.8,2515579.2,11,0.0,3,0,1,b
2,221,2516001.8,2517156.8,12,0.0,3,0,2,b
4,221,2515001.8,2515579.2,11,0.0,3,0,1,b
4,221,2516001.8,2517156.8,12,0.0,3,0,2,b
2,166,2514241.5,2514282.8,7,0.0,3,0,1,b
2,166,2515241.5,2516396.5,12,0.0,3,0,2,b
3,28,2515114.0,2515258.2,9,0.0,3,0,1,b
3,28,2516114.0,2517269.0,12,0.0,3,0,2,b
3,29,2516023.2,2516312.0,10,0.0,3,0,1,b
3,29,2517023.2,2518178.2,12,0.0,3,0,2,b
4,29,2516023.2,2516312.0,10,0.0,3,0,1,b
4,29,2517023.2,2518178.2,12,0.0,3,0,2,b
1,371,2517128.5,2517272.8,9,0.0,3,0,1,b
1,371,2518128.5,2519283.5,12,0.0,3,0,2,b
2,371,2517128.5,2517272.8,9,0.0,3,0,1,b
2,371,2518128.5,2519283.5,12,0.0,3,0,2,b
1,143,2518646.8,2518935.5,10,0.0,3,0,1,b
1,143,2519646.8,2520801.8,12,0.0,3,0,2,b
3,143,2518646.8,2518935.5,10,0.0,3,0,1,b
3,143,2519646.8,2520801.8,12,0.0,3,0,2,b
4,143,2518646.8,2518935.5,10,0.0,3,0,1,b
4,143,2519646.8,2520801.8,12,0.0,3,0,2,b
1,232,2519689.5,2520267.0,11,0.0,3,0,1,b
1,232,2520689.5,2521844.5,12,0.0,3,0,2,b
3,232,2519689.5,2520267.0,11,0.0,3,0,1,b
3,232,2520689.5,2521844.5,12,0.0,3,0,2,b
4,141,2528236.5,2528525.5,10,0.0,3,0,1,b
4,141,2529236.5,2530391.5,12,0.0,3,0,2,b
4,12,2527977.2,2528059.8,8,0.0,3,0,1,b
4,12,2528977.2,2530132.2,12,0.0,3,0,2,b
1,306,2530414.8,2530559.0,9,0.0,3,0,1,b
1,306,2531414.8,2532569.8,12,0.0,3,0,2,b
3,306,2530414.8,2530559.0,9,0.0,3,0,1,b
3,306,2531414.8,2532569.8,12,0.0,3,0,2,b
4,306,2530414.8,2530559.0,9,0.0,3,0,1,b
4,306,2531414.8,2532569.8,12,0.0,3,0,2,b
3,96,2530352.2,2530434.8,8,0.0,3,0,1,b
3,96,2531352.2,2532507.2,12,0.0,3,0,2,b
3,68,2531038.2,2531327.2,10,0.0,3,0,1,b
3,68,2532038.2,2533193.2,12,0.0,3,0,2,b
1,149,2531780.5,2532069.2,10,0.0,3,0,1,b
1,149,2532780.5,2533935.5,12,0.0,3,0,2,b
3,149,2531780.5,2532069.2,10,0.0,3,0,1,b
3,149,2532780.5,2533935.5,12,0.0,3,0,2,b
1,128,2531822.2,2531966.5,9,0.0,3,0,1,b
1,128,2532822.2,2533977.2,12,0.0,3,0,2,b
2,128,2531822.2,2531966.5,9,0.0,3,0,1,b
2,128,2532822.2,2533977.2,12,0.0,3,0,2,b
3,128,2531822.2,2531966.5,9,0.0,3,0,1,b
3,128,2532822.2,2533977.2,12,0.0,3,0,2,b
4,157,2532163.0,2532307.2,9,0.0,3,0,1,b
4,157,2533163.0,2534318.0,12,0.0,3,0,2,b
3,271,2533105.0,2533249.2,9,0.0,3,0,1,b
3,271,2534105.0,2535260.0,12,0.0,3,0,2,b
2,84,2533466.2,2533610.5,9,0.0,3,0,1,b
2,84,2534466.2,2535621.2,12,0.0,3,0,2,b
4,84,2533466.2,2533610.5,9,0.0,3,0,1,b
4,84,2534466.2,2535621.2,12,0.0,3,0,2,b
2,195,2535512.0,2535656.2,9,0.0,3,0,1,b
2,195,2536512.0,2537667.0,12,0.0,3,0,2,b
1,165,2536688.8,2536977.5,10,0.0,3,0,1,c
1,165,2537688.8,2538843.8,12,0.0,3,0,2,c
3,165,2536688.8,2536977.5,10,0.0,3,0,1,b
3,165,2537688.8,2538843.8,12,0.0,3,0,2,b
3,349,2537405.5,2537694.2,10,0.0,3,0,1,b
3,349,2538405.5,2539560.5,12,0.0,3,0,2,b
2,192,2540558.0,2540702.5,9,0.0,3,0,1,b
2,192,2541558.0,2542713.2,12,0.0,3,0,2,b
1,255,2543751.0,2544328.5,11,0.0,3,0,1,b
1,255,2544751.0,2545906.0,12,0.0,3,0,2,b
4,255,2543751.0,2544328.5,11,0.0,3,0,1,b
4,255,2544751.0,2545906.0,12,0.0,3,0,2,b
1,399,2553364.2,2554519.2,12,0.0,3,0,1,b
1,399,2554364.2,2555519.2,12,0.0,3,0,2,b
2,38,2553801.0,2553945.2,9,0.0,3,0,1,b
2,38,2554801.0,2555956.0,12,0.0,3,0,2,b
3,38,2553801.0,2553945.2,9,0.0,3,0,1,b
3,38,2554801.0,2555956.0,12,0.0,3,0,2,b
1,73,2555489.8,2556067.5,11,0.0,3,0,1,b
1,73,2556489.8,2557644.8,12,0.0,3,0,2,b
3,73,2555489.8,2556067.5,11,0.0,3,0,1,b
3,73,2556489.8,2557644.8,12,0.0,3,0,2,b
2,359,2555240.0,2555322.5,8,0.0,3,0,1,b
2,359,2556240.0,2557395.0,12,0.0,3,0,2,b
3,359,2555240.0,2555322.5,8,0.0,3,0,1,b
3,359,2556240.0,2557395.0,12,0.0,3,0,2,b
4,84,2558144.5,2558288.8,9,0.0,3,0,1,b
4,84,2559144.5,2560299.5,12,0.0,3,0,2,b
2,326,2558835.2,2558917.8,8,0.0,3,0,1,c
2,326,2559835.2,2560990.2,12,0.0,3,0,2,c
1,17,2560677.8,2561832.8,12,0.0,3,0,1,b
1,17,2561677.8,2562832.8,12,0.0,3,0,2,b
3,17,2560677.8,2561832.8,12,0.0,3,0,1,c
3,17,2561677.8,2562832.8,12,0.0,3,0,2,c
2,99,2559701.0,2559742.2,7,0.0,3,0,1,b
2,99,2560701.0,2561856.0,12,0.0,3,0,2,b
2,27,2561461.0,2561605.2,9,0.0,3,0,1,b
2,27,2562461.0,2563616.0,12,0.0,3,0,2,b
4,27,2561461.0,2561605.2,9,0.0,3,0,1,b
4,27,2562461.0,2563616.0,12,0.0,3,0,2,b
4,70,2563893.5,2564182.2,10,0.0,3,0,1,b
4,70,2564893.5,2566048.5,12,0.0,3,0,2,b
1,311,2567928.8,2568073.0,9,0.0,3,0,1,b
1,311,2568928.8,2570083.8,12,0.0,3,0,2,b
4,311,2567928.8,2568073.0,9,0.0,3,0,1,b
4,311,2568928.8,2570083.8,12,0.0,3,0,2,b
2,57,2569496.0,2569640.5,9,0.0,3,0,1,b
2,57,2570496.0,2571651.0,12,0.0,3,0,2,b
1,100,2581553.2,2581842.0,10,0.0,3,0,1,b
1,100,2582553.2,2583708.2,12,0.0,3,0,2,b
2,245,2587872.0,2589027.0,12,0.0,3,0,1,b
2,245,2588872.0,2590027.0,12,0.0,3,0,2,b
2,323,2588163.0,2588245.5,8,0.0,3,0,1,b
2,323,2589163.0,2590318.0,12,0.0,3,0,2,b
3,102,2588914.2,2588996.8,8,0.0,3,0,1,b
3,102,2589914.2,2591069.2,12,0.0,3,0,2,b
2,86,2589869.8,2590158.5,10,0.0,3,0,1,b
2,86,2590869.8,2592024.8,12,0.0,3,0,2,b
4,86,2589869.8,2590158.5,10,0.0,3,0,1,b
4,86,2590869.8,2592024.8,12,0.0,3,0,2,b
3,357,2592734.5,2593312.0,11,0.0,3,0,1,b
3,357,2593734.5,2594889.5,12,0.0,3,0,2,b
2,107,2595662.8,2595807.2,9,0.0,3,0,1,b
2,107,2596662.8,2597817.8,12,0.0,3,0,2,b
4,107,2595662.8,2595807.2,9,0.0,3,0,1,b
4,107,2596662.8,2597817.8,12,0.0,3,0,2,b
2,192,2595867.8,2596012.0,9,0.0,3,0,1,b
2,192,2596867.8,2598022.8,12,0.0,3,0,2,b
4,192,2595867.8,2596012.0,9,0.0,3,0,1,b
4,192,2596867.8,2598022.8,12,0.0,3,0,2,b
3,390,2598887.8,2599032.0,9,0.0,3,0,1,b
3,390,2599887.8,2601042.8,12,0.0,3,0,2,b
2,41,2600255.8,2600297.0,7,0.0,3,0,1,b
2,41,2601255.8,2602411.0,12,0.0,3,0,2,b
2,253,2606376.2,2606458.8,8,0.0,3,0,1,b
2,253,2607376.2,2608531.2,12,0.0,3,0,2,b
1,197,2610207.8,2611362.8,12,0.0,3,0,1,b
1,197,2611207.8,2612362.8,12,0.0,3,0,2,b
3,197,2610207.8,2611362.8,12,0.0,3,0,1,b
3,197,2611207.8,2612362.8,12,0.0,3,0,2,b
4,197,2610207.8,2611362.8,12,0.0,3,0,1,c
4,197,2611207.8,2612362.8,12,0.0,3,0,2,c
1,176,2609804.0,2609948.2,9,0.0,3,0,1,b
1,176,2610804.0,2611959.0,12,0.0,3,0,2,b
2,176,2609804.0,2609948.2,9,0.0,3,0,1,c
2,176,2610804.0,2611959.0,12,0.0,3,0,2,c
3,176,2609804.0,2609948.2,9,0.0,3,0,1,b
3,176,2610804.0,2611959.0,12,0.0,3,0,2,b
4,176,2609804.0,2609948.2,9,0.0,3,0,1,b
4,176,2610804.0,2611959.0,12,0.0,3,0,2,b
4,136,2610035.8,2610180.0,9,0.0,3,0,1,b
4,136,2611035.8,2612190.8,12,0.0,3,0,2,b
3,122,2611759.0,2611903.2,9,0.0,3,0,1,b
3,122,2612759.0,2613914.0,12,0.0,3,0,2,b
2,112,2613516.5,2614671.8,12,0.0,3,0,1,b
2,112,2614516.5,2615671.8,12,0.0,3,0,2,b
3,112,2613516.5,2614671.8,12,0.0,3,0,1,c
3,112,2614516.5,2615671.8,12,0.0,3,0,2,c
1,154,2614891.0,2615035.5,9,0.0,3,0,1,c
1,154,2615891.0,2617046.2,12,0.0,3,0,2,c
2,154,2614891.0,2615035.5,9,0.0,3,0,1,b
2,154,2615891.0,2617046.2,12,0.0,3,0,2,b
3,154,2614891.0,2615035.5,9,0.0,3,0,1,b
3,154,2615891.0,2617046.2,12,0.0,3,0,2,b
4,154,2614891.0,2615035.5,9,0.0,3,0,1,c
4,154,2615891.0,2617046.2,12,0.0,3,0,2,c
4,153,2615629.8,2615774.0,9,0.0,3,0,1,b
4,153,2616629.8,2617784.8,12,0.0,3,0,2,b
2,50,2616638.0,2616720.5,8,0.0,3,0,1,b
2,50,2617638.0,2618793.0,12,0.0,3,0,2,b
3,50,2616638.0,2616720.5,8,0.0,3,0,1,b
3,50,2617638.0,2618793.0,12,0.0,3,0,2,b
4,50,2616638.0,2616720.5,8,0.0,3,0,1,b
4,50,2617638.0,2618793.0,12,0.0,3,0,2,b
3,88,2619093.5,2619134.8,7,0.0,3,0,1,b
3,88,2620093.5,2621248.5,12,0.0,3,0,2,b
4,88,2619093.5,2619134.8,7,0.0,3,0,1,b
4,88,2620093.5,2621248.5,12,0.0,3,0,2,b
1,140,2620853.5,2620936.0,8,0.0,3,0,1,b
1,140,2621853.5,2623008.5,12,0.0,3,0,2,b
2,140,2620853.5,2620936.0,8,0.0,3,0,1,b
2,140,2621853.5,2623008.5,12,0.0,3,0,2,b
3,208,2622933.5,2624088.5,12,0.0,3,0,1,b
3,208,2623933.5,2625088.5,12,0.0,3,0,2,b
4,208,2622933.5,2624088.5,12,0.0,3,0,1,c
4,208,2623933.5,2625088.5,12,0.0,3,0,2,c
3,36,2622151.0,2622233.8,8,0.0,3,0,1,b
3,36,2623151.0,2624306.2,12,0.0,3,0,2,b
4,36,2622151.0,2622233.8,8,0.0,3,0,1,b
4,36,2623151.0,2624306.2,12,0.0,3,0,2,b
1,145,2623035.0,2623117.5,8,0.0,3,0,1,b
1,145,2624035.0,2625190.0,12,0.0,3,0,2,b
3,145,2623035.0,2623117.5,8,0.0,3,0,1,b
3,145,2624035.0,2625190.0,12,0.0,3,0,2,b
2,55,2623247.8,2623392.0,9,0.0,3,0,1,b
2,55,2624247.8,2625402.8,12,0.0,3,0,2,b
2,279,2625871.2,2626015.5,9,0.0,3,0,1,c
2,279,2626871.2,2628026.2,12,0.0,3,0,2,c
3,279,2625871.2,2626015.5,9,0.0,3,0,1,c
3,279,2626871.2,2628026.2,12,0.0,3,0,2,c
1,229,2638718.2,2639296.0,11,0.0,3,0,1,b
1,229,2639718.2,2640873.2,12,0.0,3,0,2,b
2,229,2638718.2,2639296.0,11,0.0,3,0,1,b
2,229,2639718.2,2640873.2,12,0.0,3,0,2,b
3,229,2638718.2,2639296.0,11,0.0,3,0,1,b
3,229,2639718.2,2640873.2,12,0.0,3,0,2,b
4,229,2638718.2,2639296.0,11,0.0,3,0,1,b
4,229,2639718.2,2640873.2,12,0.0,3,0,2,b
2,84,2639078.5,2639223.0,9,0.0,3,0,1,b
2,84,2640078.5,2641233.8,12,0.0,3,0,2,b
3,263,2639558.2,2639847.2,10,0.0,3,0,1,b
3,263,2640558.2,2641713.5,12,0.0,3,0,2,b
4,263,2639558.2,2639847.2,10,0.0,3,0,1,b
4,263,2640558.2,2641713.5,12,0.0,3,0,2,b
3,143,2639748.8,2640037.5,10,0.0,3,0,1,b
3,143,2640748.8,2641903.8,12,0.0,3,0,2,b
2,52,2642459.2,2643614.2,12,0.0,3,0,1,c
2,52,2643459.2,2644614.2,12,0.0,3,0,2,c
3,52,2642459.2,2643614.2,12,0.0,3,0,1,c
3,52,2643459.2,2644614.2,12,0.0,3,0,2,c
4,52,2642459.2,2643614.2,12,0.0,3,0,1,b
4,52,2643459.2,2644614.2,12,0.0,3,0,2,b
1,69,2644302.8,2644591.5,10,0.0,3,0,1,b
1,69,2645302.8,2646457.8,12,0.0,3,0,2,b
2,69,2644302.8,2644591.5,10,0.0,3,0,1,b
2,69,2645302.8,2646457.8,12,0.0,3,0,2,b
4,69,2644302.8,2644591.5,10,0.0,3,0,1,b
4,69,2645302.8,2646457.8,12,0.0,3,0,2,b
2,318,2644129.0,2644170.2,7,0.0,3,0,1,b
2,318,2645129.0,2646284.0,12,0.0,3,0,2,b
1,51,2647161.5,2647305.8,9,0.0,3,0,1,b
1,51,2648161.5,2649316.5,12,0.0,3,0,2,b
3,317,2653693.2,2653837.8,9,0.0,3,0,1,b
3,317,2654693.2,2655848.5,12,0.0,3,0,2,b
1,294,2662366.0,2662654.8,10,0.0,3,0,1,b
1,294,2663366.0,2664521.0,12,0.0,3,0,2,b
4,294,2662366.0,2662654.8,10,0.0,3,0,1,b
4,294,2663366.0,2664521.0,12,0.0,3,0,2,b
2,168,2665177.8,2665322.0,9,0.0,3,0,1,c
2,168,2666177.8,2667332.8,12,0.0,3,0,2,c
4,168,2665177.8,2665322.0,9,0.0,3,0,1,b
4,168,2666177.8,2667332.8,12,0.0,3,0,2,b
1,70,2669462.0,2669750.8,10,0.0,3,0,1,b
1,70,2670462.0,2671617.0,12,0.0,3,0,2,b
2,70,2669462.0,2669750.8,10,0.0,3,0,1,b
2,70,2670462.0,2671617.0,12,0.0,3,0,2,b
4,70,2669462.0,2669750.8,10,0.0,3,0,1,b
4,70,2670462.0,2671617.0,12,0.0,3,0,2,b
1,81,2674828.0,2674972.5,9,0.0,3,0,1,b
1,81,2675828.0,2676983.2,12,0.0,3,0,2,b
3,81,2674828.0,2674972.5,9,0.0,3,0,1,b
3,81,2675828.0,2676983.2,12,0.0,3,0,2,b
1,324,2677489.2,2677778.0,10,0.0,3,0,1,c
1,324,2678489.2,2679644.2,12,0.0,3,0,2,c
3,324,2677489.2,2677778.0,10,0.0,3,0,1,b
3,324,2678489.2,2679644.2,12,0.0,3,0,2,b
4,89,2678997.5,2680152.5,12,0.0,3,0,1,b
4,89,2679997.5,2681152.5,12,0.0,3,0,2,b
2,203,2679505.2,2680660.5,12,0.0,3,0,1,c
2,203,2680505.2,2681660.5,12,0.0,3,0,2,c
4,203,2679505.2,2680660.5,12,0.0,3,0,1,b
4,203,2680505.2,2681660.5,12,0.0,3,0,2,b
3,199,2678480.2,2678624.5,9,0.0,3,0,1,b
3,199,2679480.2,2680635.2,12,0.0,3,0,2,b
4,199,2678480.2,2678624.5,9,0.0,3,0,1,b
4,199,2679480.2,2680635.2,12,0.0,3,0,2,b
2,137,2679760.8,2680049.5,10,0.0,3,0,1,b
2,137,2680760.8,2681915.8,12,0.0,3,0,2,b
3,137,2679760.8,2680049.5,10,0.0,3,0,1,c
3,137,2680760.8,2681915.8,12,0.0,3,0,2,c
2,146,2682698.5,2683853.5,12,0.0,3,0,1,b
2,146,2683698.5,2684853.5,12,0.0,3,0,2,b
1,357,2691448.0,2692025.8,11,0.0,3,0,1,b
1,357,2692448.0,2693603.0,12,0.0,3,0,2,b
1,296,2694334.5,2694623.2,10,0.0,3,0,1,b
1,296,2695334.5,2696489.5,12,0.0,3,0,2,b
4,286,2702557.5,2702702.0,9,0.0,3,0,1,b
4,286,2703557.5,2704712.8,12,0.0,3,0,2,b
1,141,2705410.0,2705698.8,10,0.0,3,0,1,b
1,141,2706410.0,2707565.0,12,0.0,3,0,2,b
2,141,2705410.0,2705698.8,10,0.0,3,0,1,b
2,141,2706410.0,2707565.0,12,0.0,3,0,2,b
4,141,2705410.0,2705698.8,10,0.0,3,0,1,c
4,141,2706410.0,2707565.0,12,0.0,3,0,2,c
3,102,2706416.5,2706499.0,8,0.0,3,0,1,b
3,102,2707416.5,2708571.5,12,0.0,3,0,2,b
1,264,2710492.0,2710574.5,8,0.0,3,0,1,b
1,264,2711492.0,2712647.0,12,0.0,3,0,2,b
2,264,2710492.0,2710574.5,8,0.0,3,0,1,c
2,264,2711492.0,2712647.0,12,0.0,3,0,2,c
1,232,2712051.2,2712629.0,11,0.0,3,0,1,b
1,232,2713051.2,2714206.2,12,0.0,3,0,2,b
3,232,2712051.2,2712629.0,11,0.0,3,0,1,c
3,232,2713051.2,2714206.2,12,0.0,3,0,2,c
4,232,2712051.2,2712629.0,11,0.0,3,0,1,b
4,232,2713051.2,2714206.2,12,0.0,3,0,2,b
4,319,2714542.5,2714831.2,10,0.0,3,0,1,b
4,319,2715542.5,2716697.5,12,0.0,3,0,2,b
1,25,2715312.2,2715353.5,7,0.0,3,0,1,b
1,25,2716312.2,2717467.2,12,0.0,3,0,2,b
2,25,2715312.2,2715353.5,7,0.0,3,0,1,b
2,25,2716312.2,2717467.2,12,0.0,3,0,2,b
3,25,2715312.2,2715353.5,7,0.0,3,0,1,c
3,25,2716312.2,2717467.2,12,0.0,3,0,2,c
3,9,2718319.8,2718402.2,8,0.0,3,0,1,b
3,9,2719319.8,2720474.8,12,0.0,3,0,2,b
3,368,2718711.2,2719000.0,10,0.0,3,0,1,b
3,368,2719711.2,2720866.2,12,0.0,3,0,2,b
3,310,2725020.5,2725103.0,8,0.0,3,0,1,c
3,310,2726020.5,2727175.5,12,0.0,3,0,2,c
1,171,2726623.2,2726912.0,10,0.0,3,0,1,b
1,171,2727623.2,2728778.2,12,0.0,3,0,2,b
3,46,2743616.8,2743658.0,7,0.0,3,0,1,b
3,46,2744616.8,2745771.8,12,0.0,3,0,2,b
3,135,2746665.2,2746809.5,9,0.0,3,0,1,b
3,135,2747665.2,2748820.2,12,0.0,3,0,2,b
4,351,2751043.2,2751332.0,10,0.0,3,0,1,b
4,351,2752043.2,2753198.2,12,0.0,3,0,2,b
2,196,2751837.2,2751919.8,8,0.0,3,0,1,b
2,196,2752837.2,2753992.2,12,0.0,3,0,2,b
1,100,2753795.5,2754084.2,10,0.0,3,0,1,b
1,100,2754795.5,2755950.5,12,0.0,3,0,2,b
3,100,2753795.5,2754084.2,10,0.0,3,0,1,c
3,100,2754795.5,2755950.5,12,0.0,3,0,2,c
4,100,2753795.5,2754084.2,10,0.0,3,0,1,b
4,100,2754795.5,2755950.5,12,0.0,3,0,2,b
1,277,2754827.2,2754971.5,9,0.0,3,0,1,b
1,277,2755827.2,2756982.2,12,0.0,3,0,2,b
3,277,2754827.2,2754971.5,9,0.0,3,0,1,b
3,277,2755827.2,2756982.2,12,0.0,3,0,2,b
2,66,2755657.0,2755698.2,7,0.0,3,0,1,b
2,66,2756657.0,2757812.0,12,0.0,3,0,2,b
3,132,2760039.2,2760121.8,8,0.0,3,0,1,b
3,132,2761039.2,2762194.2,12,0.0,3,0,2,b
2,285,2760960.2,2761537.8,11,0.0,3,0,1,b
2,285,2761960.2,2763115.2,12,0.0,3,0,2,b
3,285,2760960.2,2761537.8,11,0.0,3,0,1,b
3,285,2761960.2,2763115.2,12,0.0,3,0,2,b
1,376,2762574.2,2763729.2,12,0.0,3,0,1,b
1,376,2763574.2,2764729.2,12,0.0,3,0,2,b
2,376,2762574.2,2763729.2,12,0.0,3,0,1,b
2,376,2763574.2,2764729.2,12,0.0,3,0,2,b
3,376,2762574.2,2763729.2,12,0.0,3,0,1,b
3,376,2763574.2,2764729.2,12,0.0,3,0,2,b
2,70,2762063.2,2762352.0,10,0.0,3,0,1,b
2,70,2763063.2,2764218.2,12,0.0,3,0,2,b
4,70,2762063.2,2762352.0,10,0.0,3,0,1,c
4,70,2763063.2,2764218.2,12,0.0,3,0,2,c
2,379,2762271.5,2762354.0,8,0.0,3,0,1,b
2,379,2763271.5,2764426.5,12,0.0,3,0,2,b
3,379,2762271.5,2762354.0,8,0.0,3,0,1,b
3,379,2763271.5,2764426.5,12,0.0,3,0,2,b
4,53,2762481.5,2762625.8,9,0.0,3,0,1,c
4,53,2763481.5,2764636.5,12,0.0,3,0,2,c
3,313,2763337.0,2763914.5,11,0.0,3,0,1,b
3,313,2764337.0,2765492.0,12,0.0,3,0,2,b
2,55,2769030.8,2769175.0,9,0.0,3,0,1,b
2,55,2770030.8,2771185.8,12,0.0,3,0,2,b
4,55,2769030.8,2769175.0,9,0.0,3,0,1,b
4,55,2770030.8,2771185.8,12,0.0,3,0,2,b
1,306,2769132.2,2769276.5,9,0.0,3,0,1,b
1,306,2770132.2,2771287.2,12,0.0,3,0,2,b
3,334,2771658.0,2771802.2,9,0.0,3,0,1,c
3,334,2772658.0,2773813.0,12,0.0,3,0,2,c
4,259,2776162.5,2776740.2,11,0.0,3,0,1,b
4,259,2777162.5,2778317.8,12,0.0,3,0,2,b
4,235,2783125.8,2783208.2,8,0.0,3,0,1,c
4,235,2784125.8,2785280.8,12,0.0,3,0,2,c
1,30,2784409.0,2784986.5,11,0.0,3,0,1,b
1,30,2785409.0,2786564.0,12,0.0,3,0,2,b
2,124,2785099.0,2785243.2,9,0.0,3,0,1,b
2,124,2786099.0,2787254.0,12,0.0,3,0,2,b
3,124,2785099.0,2785243.2,9,0.0,3,0,1,b
3,124,2786099.0,2787254.0,12,0.0,3,0,2,b
4,124,2785099.0,2785243.2,9,0.0,3,0,1,b
4,124,2786099.0,2787254.0,12,0.0,3,0,2,b
1,83,2786905.2,2786946.5,7,0.0,3,0,1,b
1,83,2787905.2,2789060.2,12,0.0,3,0,2,b
1,166,2787954.8,2787996.0,7,0.0,3,0,1,b
1,166,2788954.8,2790109.8,12,0.0,3,0,2,b
2,164,2792361.0,2793516.0,12,0.0,3,0,1,b
2,164,2793361.0,2794516.0,12,0.0,3,0,2,b
3,164,2792361.0,2793516.0,12,0.0,3,0,1,c
3,164,2793361.0,2794516.0,12,0.0,3,0,2,c
4,164,2792361.0,2793516.0,12,0.0,3,0,1,b
4,164,2793361.0,2794516.0,12,0.0,3,0,2,b
1,154,2791947.8,2792092.0,9,0.0,3,0,1,b
1,154,2792947.8,2794102.8,12,0.0,3,0,2,b
3,154,2791947.8,2792092.0,9,0.0,3,0,1,b
3,154,2792947.8,2794102.8,12,0.0,3,0,2,b
1,112,2794559.8,2795714.8,12,0.0,3,0,1,b
1,112,2795559.8,2796714.8,12,0.0,3,0,2,b
1,23,2793361.2,2793650.2,10,0.0,3,0,1,c
1,23,2794361.2,2795516.2,12,0.0,3,0,2,c
4,23,2793361.2,2793650.2,10,0.0,3,0,1,b
4,23,2794361.2,2795516.2,12,0.0,3,0,2,b
1,165,2794786.0,2795074.8,10,0.0,3,0,1,b
1,165,2795786.0,2796941.0,12,0.0,3,0,2,b
3,91,2798770.5,2799059.2,10,0.0,3,0,1,b
3,91,2799770.5,2800925.5,12,0.0,3,0,2,b
1,100,2799056.2,2799345.0,10,0.0,3,0,1,b
1,100,2800056.2,2801211.2,12,0.0,3,0,2,b
4,100,2799056.2,2799345.0,10,0.0,3,0,1,c
4,100,2800056.2,2801211.2,12,0.0,3,0,2,c
1,260,2802285.5,2802574.2,10,0.0,3,0,1,b
1,260,2803285.5,2804440.5,12,0.0,3,0,2,b
2,260,2802285.5,2802574.2,10,0.0,3,0,1,b
2,260,2803285.5,2804440.5,12,0.0,3,0,2,b
4,260,2802285.5,2802574.2,10,0.0,3,0,1,b
4,260,2803285.5,2804440.5,12,0.0,3,0,2,b
3,341,2814315.8,2814398.2,8,0.0,3,0,1,b
3,341,2815315.8,2816470.8,12,0.0,3,0,2,b
4,341,2814315.8,2814398.2,8,0.0,3,0,1,b
4,341,2815315.8,2816470.8,12,0.0,3,0,2,b
1,321,2815884.8,2816029.0,9,0.0,3,0,1,b
1,321,2816884.8,2818039.8,12,0.0,3,0,2,b
3,322,2819973.0,2820261.8,10,0.0,3,0,1,b
3,322,2820973.0,2822128.0,12,0.0,3,0,2,b
1,232,2821292.5,2821870.0,11,0.0,3,0,1,b
1,232,2822292.5,2823447.5,12,0.0,3,0,2,b
3,232,2821292.5,2821870.0,11,0.0,3,0,1,c
3,232,2822292.5,2823447.5,12,0.0,3,0,2,c
4,232,2821292.5,2821870.0,11,0.0,3,0,1,b
4,232,2822292.5,2823447.5,12,0.0,3,0,2,b
1,19,2821693.8,2821982.8,10,0.0,3,0,1,b
1,19,2822693.8,2823849.0,12,0.0,3,0,2,b
2,62,2824325.8,2824470.0,9,0.0,3,0,1,b
2,62,2825325.8,2826480.8,12,0.0,3,0,2,b
3,62,2824325.8,2824470.0,9,0.0,3,0,1,b
3,62,2825325.8,2826480.8,12,0.0,3,0,2,b
1,394,2827528.8,2827817.8,10,0.0,3,0,1,b
1,394,2828528.8,2829683.8,12,0.0,3,0,2,b
2,300,2828180.2,2828262.8,8,0.0,3,0,1,b
2,300,2829180.2,2830335.2,12,0.0,3,0,2,b
4,300,2828180.2,2828262.8,8,0.0,3,0,1,b
4,300,2829180.2,2830335.2,12,0.0,3,0,2,b
1,329,2829178.2,2829755.8,11,0.0,3,0,1,b
1,329,2830178.2,2831333.2,12,0.0,3,0,2,b
2,329,2829178.2,2829755.8,11,0.0,3,0,1,b
2,329,2830178.2,2831333.2,12,0.0,3,0,2,b
3,329,2829178.2,2829755.8,11,0.0,3,0,1,b
3,329,2830178.2,2831333.2,12,0.0,3,0,2,b
4,329,2829178.2,2829755.8,11,0.0,3,0,1,b
4,329,2830178.2,2831333.2,12,0.0,3,0,2,b
2,390,2830713.8,2830858.2,9,0.0,3,0,1,b
2,390,2831713.8,2832869.0,12,0.0,3,0,2,b
1,263,2831457.0,2831745.8,10,0.0,3,0,1,b
1,263,2832457.0,2833612.0,12,0.0,3,0,2,b
4,263,2831457.0,2831745.8,10,0.0,3,0,1,b
4,263,2832457.0,2833612.0,12,0.0,3,0,2,b
2,141,2837539.0,2837828.0,10,0.0,3,0,1,b
2,141,2838539.0,2839694.0,12,0.0,3,0,2,b
4,141,2837539.0,2837828.0,10,0.0,3,0,1,b
4,141,2838539.0,2839694.0,12,0.0,3,0,2,b
2,191,2840663.2,2840807.5,9,0.0,3,0,1,b
2,191,2841663.2,2842818.2,12,0.0,3,0,2,b
3,191,2840663.2,2840807.5,9,0.0,3,0,1,b
3,191,2841663.2,2842818.2,12,0.0,3,0,2,b
3,187,2844290.5,2845445.5,12,0.0,3,0,1,b
3,187,2845290.5,2846445.5,12,0.0,3,0,2,b
4,187,2844290.5,2845445.5,12,0.0,3,0,1,c
4,187,2845290.5,2846445.5,12,0.0,3,0,2,c
1,238,2843490.2,2843779.0,10,0.0,3,0,1,b
1,238,2844490.2,2845645.2,12,0.0,3,0,2,b
3,238,2843490.2,2843779.0,10,0.0,3,0,1,b
3,238,2844490.2,2845645.2,12,0.0,3,0,2,b
4,238,2843490.2,2843779.0,10,0.0,3,0,1,c
4,238,2844490.2,2845645.2,12,0.0,3,0,2,c
2,319,2851085.5,2851374.2,10,0.0,3,0,1,b
2,319,2852085.5,2853240.5,12,0.0,3,0,2,b
1,389,2852529.5,2853684.5,12,0.0,3,0,1,b
1,389,2853529.5,2854684.5,12,0.0,3,0,2,b
2,389,2852529.5,2853684.5,12,0.0,3,0,1,c
2,389,2853529.5,2854684.5,12,0.0,3,0,2,c
3,389,2852529.5,2853684.5,12,0.0,3,0,1,c
3,389,2853529.5,2854684.5,12,0.0,3,0,2,c
2,148,2854875.0,2855163.8,10,0.0,3,0,1,b
2,148,2855875.0,2857030.0,12,0.0,3,0,2,b
1,333,2864959.2,2865536.8,11,0.0,3,0,1,b
1,333,2865959.2,2867114.2,12,0.0,3,0,2,b
2,69,2864840.8,2865129.8,10,0.0,3,0,1,c
2,69,2865840.8,2866995.8,12,0.0,3,0,2,c
1,293,2865286.2,2865430.5,9,0.0,3,0,1,b
1,293,2866286.2,2867441.2,12,0.0,3,0,2,b
1,19,2866954.8,2867243.8,10,0.0,3,0,1,c
1,19,2867954.8,2869109.8,12,0.0,3,0,2,c
3,7,2874432.8,2874577.2,9,0.0,3,0,1,b
3,7,2875432.8,2876588.0,12,0.0,3,0,2,b
3,165,2876049.5,2876338.5,10,0.0,3,0,1,b
3,165,2877049.5,2878204.5,12,0.0,3,0,2,b
2,216,2879263.2,2879304.5,7,0.0,3,0,1,b
2,216,2880263.2,2881418.2,12,0.0,3,0,2,b
1,219,2879895.5,2879978.0,8,0.0,3,0,1,c
1,219,2880895.5,2882050.5,12,0.0,3,0,2,c
1,205,2885458.2,2885499.5,7,0.0,3,0,1,b
1,205,2886458.2,2887613.2,12,0.0,3,0,2,b
3,301,2886938.0,2887515.5,11,0.0,3,0,1,b
3,301,2887938.0,2889093.0,12,0.0,3,0,2,b
4,301,2886938.0,2887515.5,11,0.0,3,0,1,c
4,301,2887938.0,2889093.0,12,0.0,3,0,2,c
3,132,2886348.0,2886430.5,8,0.0,3,0,1,b
3,132,2887348.0,2888503.0,12,0.0,3,0,2,b
2,370,2889001.2,2889578.8,11,0.0,3,0,1,b
2,370,2890001.2,2891156.2,12,0.0,3,0,2,b
1,14,2891191.0,2891232.2,7,0.0,3,0,1,b
1,14,2892191.0,2893346.0,12,0.0,3,0,2,b
2,155,2896904.2,2897048.5,9,0.0,3,0,1,b
2,155,2897904.2,2899059.2,12,0.0,3,0,2,b
4,155,2896904.2,2897048.5,9,0.0,3,0,1,b
4,155,2897904.2,2899059.2,12,0.0,3,0,2,b
2,87,2899176.8,2899321.0,9,0.0,3,0,1,b
2,87,2900176.8,2901331.8,12,0.0,3,0,2,b
2,186,2904378.2,2904419.5,7,0.0,3,0,1,b
2,186,2905378.2,2906533.2,12,0.0,3,0,2,b
2,174,2918361.5,2919516.5,12,0.0,3,0,1,c
2,174,2919361.5,2920516.5,12,0.0,3,0,2,c
3,174,2918361.5,2919516.5,12,0.0,3,0,1,b
3,174,2919361.5,2920516.5,12,0.0,3,0,2,b
3,323,2929857.0,2929939.5,8,0.0,3,0,1,b
3,323,2930857.0,2932012.0,12,0.0,3,0,2,b
2,281,2931966.8,2932255.5,10,0.0,3,0,1,b
2,281,2932966.8,2934121.8,12,0.0,3,0,2,b
2,324,2932347.8,2932636.5,10,0.0,3,0,1,b
2,324,2933347.8,2934502.8,12,0.0,3,0,2,b
1,101,2933380.2,2933958.0,11,0.0,3,0,1,b
1,101,2934380.2,2935535.5,12,0.0,3,0,2,b
2,191,2934027.2,2934171.8,9,0.0,3,0,1,b
2,191,2935027.2,2936182.2,12,0.0,3,0,2,b
3,191,2934027.2,2934171.8,9,0.0,3,0,1,c
3,191,2935027.2,2936182.2,12,0.0,3,0,2,c
1,155,2934750.2,2934894.5,9,0.0,3,0,1,b
1,155,2935750.2,2936905.2,12,0.0,3,0,2,b
1,6,2937447.2,2938602.2,12,0.0,3,0,1,b
1,6,2938447.2,2939602.2,12,0.0,3,0,2,b
3,16,2938100.0,2938244.5,9,0.0,3,0,1,b
3,16,2939100.0,2940255.2,12,0.0,3,0,2,b
1,154,2939648.2,2939792.5,9,0.0,3,0,1,b
1,154,2940648.2,2941803.2,12,0.0,3,0,2,b
2,91,2942720.0,2943008.8,10,0.0,3,0,1,b
2,91,2943720.0,2944875.0,12,0.0,3,0,2,b
3,91,2942720.0,2943008.8,10,0.0,3,0,1,b
3,91,2943720.0,2944875.0,12,0.0,3,0,2,b
3,208,2944575.0,2945730.0,12,0.0,3,0,1,b
3,208,2945575.0,2946730.0,12,0.0,3,0,2,b
2,261,2961662.5,2961703.8,7,0.0,3,0,1,b
2,261,2962662.5,2963817.8,12,0.0,3,0,2,b
4,261,2961662.5,2961703.8,7,0.0,3,0,1,b
4,261,2962662.5,2963817.8,12,0.0,3,0,2,b
1,360,2961863.2,2961945.8,8,0.0,3,0,1,b
1,360,2962863.2,2964018.2,12,0.0,3,0,2,b
2,141,2962356.8,2962645.5,10,0.0,3,0,1,b
2,141,2963356.8,2964511.8,12,0.0,3,0,2,b
1,160,2963858.2,2963899.5,7,0.0,3,0,1,b
1,160,2964858.2,2966013.2,12,0.0,3,0,2,b
3,160,2963858.2,2963899.5,7,0.0,3,0,1,b
3,160,2964858.2,2966013.2,12,0.0,3,0,2,b
2,173,2966008.0,2966585.8,11,0.0,3,0,1,b
2,173,2967008.0,2968163.0,12,0.0,3,0,2,b
4,173,2966008.0,2966585.8,11,0.0,3,0,1,b
4,173,2967008.0,2968163.0,12,0.0,3,0,2,b
3,288,2967435.5,2967724.2,10,0.0,3,0,1,c
3,288,2968435.5,2969590.5,12,0.0,3,0,2,c
1,56,2970699.2,2970843.5,9,0.0,3,0,1,b
1,56,2971699.2,2972854.2,12,0.0,3,0,2,b
2,225,2972433.2,2972722.2,10,0.0,3,0,1,b
2,225,2973433.2,2974588.5,12,0.0,3,0,2,b
3,225,2972433.2,2972722.2,10,0.0,3,0,1,b
3,225,2973433.2,2974588.5,12,0.0,3,0,2,b
1,51,2984134.5,2984278.8,9,0.0,3,0,1,b
1,51,2985134.5,2986289.5,12,0.0,3,0,2,b
4,51,2984134.5,2984278.8,9,0.0,3,0,1,b
4,51,2985134.5,2986289.5,12,0.0,3,0,2,b
4,177,2989344.8,2989386.0,7,0.0,3,0,1,b
4,177,2990344.8,2991499.8,12,0.0,3,0,2,b
2,250,2993118.5,2993201.0,8,0.0,3,0,1,b
2,250,2994118.5,2995273.5,12,0.0,3,0,2,b
3,250,2993118.5,2993201.0,8,0.0,3,0,1,b
3,250,2994118.5,2995273.5,12,0.0,3,0,2,b
4,250,2993118.5,2993201.0,8,0.0,3,0,1,b
4,250,2994118.5,2995273.5,12,0.0,3,0,2,b
2,55,2993415.2,2993559.5,9,0.0,3,0,1,b
2,55,2994415.2,2995570.2,12,0.0,3,0,2,b
2,56,2995377.8,2995522.0,9,0.0,3,0,1,b
2,56,2996377.8,2997532.8,12,0.0,3,0,2,b
3,56,2995377.8,2995522.0,9,0.0,3,0,1,b
3,56,2996377.8,2997532.8,12,0.0,3,0,2,b
1,357,3001417.8,3001995.2,11,0.0,3,0,1,b
1,357,3002417.8,3003572.8,12,0.0,3,0,2,b
2,357,3001417.8,3001995.2,11,0.0,3,0,1,b
2,357,3002417.8,3003572.8,12,0.0,3,0,2,b
1,300,3010704.8,3010787.2,8,0.0,3,0,1,b
1,300,3011704.8,3012859.8,12,0.0,3,0,2,b
2,269,3012359.8,3012648.8,10,0.0,3,0,1,b
2,269,3013359.8,3014515.0,12,0.0,3,0,2,b
1,247,3013915.5,3014493.2,11,0.0,3,0,1,b
1,247,3014915.5,3016070.5,12,0.0,3,0,2,b
4,247,3013915.5,3014493.2,11,0.0,3,0,1,b
4,247,3014915.5,3016070.5,12,0.0,3,0,2,b
1,168,3015699.2,3015843.5,9,0.0,3,0,1,b
1,168,3016699.2,3017854.2,12,0.0,3,0,2,b
4,168,3015699.2,3015843.5,9,0.0,3,0,1,b
4,168,3016699.2,3017854.2,12,0.0,3,0,2,b
1,223,3023333.8,3024488.8,12,0.0,3,0,1,c
1,223,3024333.8,3025488.8,12,0.0,3,0,2,c
4,223,3023333.8,3024488.8,12,0.0,3,0,1,b
4,223,3024333.8,3025488.8,12,0.0,3,0,2,b
3,370,3025160.2,3025737.8,11,0.0,3,0,1,b
3,370,3026160.2,3027315.2,12,0.0,3,0,2,b
4,370,3025160.2,3025737.8,11,0.0,3,0,1,b
4,370,3026160.2,3027315.2,12,0.0,3,0,2,b
1,339,3025523.2,3025605.8,8,0.0,3,0,1,b
1,339,3026523.2,3027678.2,12,0.0,3,0,2,b
1,157,3025682.8,3025827.2,9,0.0,3,0,1,b
1,157,3026682.8,3027838.0,12,0.0,3,0,2,b
4,157,3025682.8,3025827.2,9,0.0,3,0,1,b
4,157,3026682.8,3027838.0,12,0.0,3,0,2,b
3,187,3030357.8,3031512.8,12,0.0,3,0,1,c
3,187,3031357.8,3032512.8,12,0.0,3,0,2,c
1,321,3030206.2,3030350.5,9,0.0,3,0,1,b
1,321,3031206.2,3032361.2,12,0.0,3,0,2,b
2,329,3031613.0,3032190.8,11,0.0,3,0,1,b
2,329,3032613.0,3033768.0,12,0.0,3,0,2,b
3,329,3031613.0,3032190.8,11,0.0,3,0,1,c
3,329,3032613.0,3033768.0,12,0.0,3,0,2,c
4,329,3031613.0,3032190.8,11,0.0,3,0,1,c
4,329,3032613.0,3033768.0,12,0.0,3,0,2,c
3,20,3031322.2,3031466.5,9,0.0,3,0,1,b
3,20,3032322.2,3033477.2,12,0.0,3,0,2,b
2,10,3031555.8,3031844.5,10,0.0,3,0,1,b
2,10,3032555.8,3033710.8,12,0.0,3,0,2,b
3,10,3031555.8,3031844.5,10,0.0,3,0,1,b
3,10,3032555.8,3033710.8,12,0.0,3,0,2,b
3,101,3032094.0,3032671.8,11,0.0,3,0,1,c
3,101,3033094.0,3034249.0,12,0.0,3,0,2,c
4,101,3032094.0,3032671.8,11,0.0,3,0,1,c
4,101,3033094.0,3034249.0,12,0.0,3,0,2,c
2,12,3031521.2,3031603.8,8,0.0,3,0,1,b
2,12,3032521.2,3033676.2,12,0.0,3,0,2,b
4,12,3031521.2,3031603.8,8,0.0,3,0,1,b
4,12,3032521.2,3033676.2,12,0.0,3,0,2,b
1,355,3031778.0,3031922.2,9,0.0,3,0,1,c
1,355,3032778.0,3033933.0,12,0.0,3,0,2,c
2,355,3031778.0,3031922.2,9,0.0,3,0,1,b
2,355,3032778.0,3033933.0,12,0.0,3,0,2,b
4,366,3033227.5,3033371.8,9,0.0,3,0,1,b
4,366,3034227.5,3035382.5,12,0.0,3,0,2,b
3,81,3033758.5,3033902.8,9,0.0,3,0,1,b
3,81,3034758.5,3035913.5,12,0.0,3,0,2,b
1,163,3034633.2,3035211.0,11,0.0,3,0,1,c
1,163,3035633.2,3036788.2,12,0.0,3,0,2,c
3,163,3034633.2,3035211.0,11,0.0,3,0,1,b
3,163,3035633.2,3036788.2,12,0.0,3,0,2,b
4,202,3043673.2,3043817.8,9,0.0,3,0,1,b
4,202,3044673.2,3045828.2,12,0.0,3,0,2,b
3,131,3046905.5,3048060.5,12,0.0,3,0,1,c
3,131,3047905.5,3049060.5,12,0.0,3,0,2,c
2,26,3046235.2,3046813.0,11,0.0,3,0,1,b
2,26,3047235.2,3048390.5,12,0.0,3,0,2,b
3,143,3054766.2,3055055.2,10,0.0,3,0,1,b
3,143,3055766.2,3056921.5,12,0.0,3,0,2,b
4,321,3054884.5,3055028.8,9,0.0,3,0,1,b
4,321,3055884.5,3057039.5,12,0.0,3,0,2,b
4,254,3055879.0,3056023.2,9,0.0,3,0,1,b
4,254,3056879.0,3058034.0,12,0.0,3,0,2,b
4,195,3059156.2,3059300.5,9,0.0,3,0,1,b
4,195,3060156.2,3061311.2,12,0.0,3,0,2,b
2,150,3063538.0,3063682.2,9,0.0,3,0,1,b
2,150,3064538.0,3065693.0,12,0.0,3,0,2,b
3,150,3063538.0,3063682.2,9,0.0,3,0,1,b
3,150,3064538.0,3065693.0,12,0.0,3,0,2,b
4,150,3063538.0,3063682.2,9,0.0,3,0,1,b
4,150,3064538.0,3065693.0,12,0.0,3,0,2,b
1,340,3065630.0,3065671.2,7,0.0,3,0,1,b
1,340,3066630.0,3067785.0,12,0.0,3,0,2,b
1,112,3076468.2,3077623.2,12,0.0,3,0,1,b
1,112,3077468.2,3078623.2,12,0.0,3,0,2,b
3,391,3080353.0,3080394.2,7,0.0,3,0,1,b
3,391,3081353.0,3082508.0,12,0.0,3,0,2,b
3,103,3085552.0,3085634.5,8,0.0,3,0,1,b
3,103,3086552.0,3087707.0,12,0.0,3,0,2,b
3,91,3086803.0,3087091.8,10,0.0,3,0,1,b
3,91,3087803.0,3088958.0,12,0.0,3,0,2,b
1,384,3090089.8,3090378.8,10,0.0,3,0,1,b
1,384,3091089.8,3092244.8,12,0.0,3,0,2,b
2,384,3090089.8,3090378.8,10,0.0,3,0,1,b
2,384,3091089.8,3092244.8,12,0.0,3,0,2,b
2,285,3091914.8,3092492.5,11,0.0,3,0,1,b
2,285,3092914.8,3094069.8,12,0.0,3,0,2,b
4,285,3091914.8,3092492.5,11,0.0,3,0,1,b
4,285,3092914.8,3094069.8,12,0.0,3,0,2,b
1,174,3099404.8,3100559.8,12,0.0,3,0,1,b
1,174,3100404.8,3101559.8,12,0.0,3,0,2,b
2,174,3099404.8,3100559.8,12,0.0,3,0,1,c
2,174,3100404.8,3101559.8,12,0.0,3,0,2,c
3,198,3104469.2,3105624.2,12,0.0,3,0,1,b
3,198,3105469.2,3106624.2,12,0.0,3,0,2,b
1,162,3108991.8,3109280.5,10,0.0,3,0,1,c
1,162,3109991.8,3111146.8,12,0.0,3,0,2,c
1,48,3110077.2,3110366.0,10,0.0,3,0,1,b
1,48,3111077.2,3112232.2,12,0.0,3,0,2,b
3,48,3110077.2,3110366.0,10,0.0,3,0,1,b
3,48,3111077.2,3112232.2,12,0.0,3,0,2,b
1,170,3112003.5,3112086.0,8,0.0,3,0,1,b
1,170,3113003.5,3114158.5,12,0.0,3,0,2,b
4,29,3113081.8,3113370.5,10,0.0,3,0,1,b
4,29,3114081.8,3115236.8,12,0.0,3,0,2,b
4,274,3117290.2,3117868.0,11,0.0,3,0,1,b
4,274,3118290.2,3119445.2,12,0.0,3,0,2,b
2,54,3120180.2,3120221.5,7,0.0,3,0,1,b
2,54,3121180.2,3122335.2,12,0.0,3,0,2,b
3,54,3120180.2,3120221.5,7,0.0,3,0,1,b
3,54,3121180.2,3122335.2,12,0.0,3,0,2,b
2,329,3130326.8,3130904.2,11,0.0,3,0,1,b
2,329,3131326.8,3132481.8,12,0.0,3,0,2,b
3,329,3130326.8,3130904.2,11,0.0,3,0,1,b
3,329,3131326.8,3132481.8,12,0.0,3,0,2,b
1,101,3130807.5,3131385.2,11,0.0,3,0,1,b
1,101,3131807.5,3132962.8,12,0.0,3,0,2,b
4,101,3130807.5,3131385.2,11,0.0,3,0,1,b
4,101,3131807.5,3132962.8,12,0.0,3,0,2,b
1,30,3135684.2,3136262.0,11,0.0,3,0,1,b
1,30,3136684.2,3137839.2,12,0.0,3,0,2,b
2,30,3135684.2,3136262.0,11,0.0,3,0,1,b
2,30,3136684.2,3137839.2,12,0.0,3,0,2,b
4,30,3135684.2,3136262.0,11,0.0,3,0,1,b
4,30,3136684.2,3137839.2,12,0.0,3,0,2,b
3,7,3135757.2,3135901.5,9,0.0,3,0,1,b
3,7,3136757.2,3137912.2,12,0.0,3,0,2,b
2,210,3136294.2,3136335.5,7,0.0,3,0,1,b
2,210,3137294.2,3138449.2,12,0.0,3,0,2,b
4,210,3136294.2,3136335.5,7,0.0,3,0,1,b
4,210,3137294.2,3138449.2,12,0.0,3,0,2,b
1,324,3145326.5,3145615.2,10,0.0,3,0,1,b
1,324,3146326.5,3147481.5,12,0.0,3,0,2,b
2,324,3145326.5,3145615.2,10,0.0,3,0,1,b
2,324,3146326.5,3147481.5,12,0.0,3,0,2,b
4,324,3145326.5,3145615.2,10,0.0,3,0,1,b
4,324,3146326.5,3147481.5,12,0.0,3,0,2,b
1,103,3146080.2,3146162.8,8,0.0,3,0,1,b
1,103,3147080.2,3148235.2,12,0.0,3,0,2,b
1,309,3156395.8,3156684.5,10,0.0,3,0,1,b
1,309,3157395.8,3158550.8,12,0.0,3,0,2,b
2,309,3156395.8,3156684.5,10,0.0,3,0,1,c
2,309,3157395.8,3158550.8,12,0.0,3,0,2,c
3,309,3156395.8,3156684.5,10,0.0,3,0,1,b
3,309,3157395.8,3158550.8,12,0.0,3,0,2,b
4,309,3156395.8,3156684.5,10,0.0,3,0,1,c
4,309,3157395.8,3158550.8,12,0.0,3,0,2,c
1,238,3157329.0,3157618.0,10,0.0,3,0,1,b
1,238,3158329.0,3159484.2,12,0.0,3,0,2,b
3,238,3157329.0,3157618.0,10,0.0,3,0,1,b
3,238,3158329.0,3159484.2,12,0.0,3,0,2,b
1,317,3157133.5,3157277.8,9,0.0,3,0,1,b
1,317,3158133.5,3159288.5,12,0.0,3,0,2,b
2,317,3157133.5,3157277.8,9,0.0,3,0,1,b
2,317,3158133.5,3159288.5,12,0.0,3,0,2,b
3,317,3157133.5,3157277.8,9,0.0,3,0,1,b
3,317,3158133.5,3159288.5,12,0.0,3,0,2,b
4,317,3157133.5,3157277.8,9,0.0,3,0,1,b
4,317,3158133.5,3159288.5,12,0.0,3,0,2,b
1,56,3157754.2,3157898.5,9,0.0,3,0,1,b
1,56,3158754.2,3159909.2,12,0.0,3,0,2,b
1,289,3157985.8,3158130.2,9,0.0,3,0,1,b
1,289,3158985.8,3160140.8,12,0.0,3,0,2,b
1,91,3158288.2,3158577.2,10,0.0,3,0,1,c
1,91,3159288.2,3160443.2,12,0.0,3,0,2,c
3,91,3158288.2,3158577.2,10,0.0,3,0,1,b
3,91,3159288.2,3160443.2,12,0.0,3,0,2,b
4,177,3159422.0,3159463.2,7,0.0,3,0,1,b
4,177,3160422.0,3161577.0,12,0.0,3,0,2,b
2,42,3159810.2,3159851.5,7,0.0,3,0,1,b
2,42,3160810.2,3161965.2,12,0.0,3,0,2,b
1,371,3160149.2,3160293.5,9,0.0,3,0,1,b
1,371,3161149.2,3162304.2,12,0.0,3,0,2,b
3,278,3166238.2,3166320.8,8,0.0,3,0,1,c
3,278,3167238.2,3168393.2,12,0.0,3,0,2,c
4,218,3181439.0,3181480.2,7,0.0,3,0,1,b
4,218,3182439.0,3183594.0,12,0.0,3,0,2,b
1,265,3184040.0,3184081.2,7,0.0,3,0,1,b
1,265,3185040.0,3186195.0,12,0.0,3,0,2,b
1,183,3195756.0,3196911.2,12,0.0,3,0,1,c
1,183,3196756.0,3197911.2,12,0.0,3,0,2,c
2,183,3195756.0,3196911.2,12,0.0,3,0,1,b
2,183,3196756.0,3197911.2,12,0.0,3,0,2,b
4,183,3195756.0,3196911.2,12,0.0,3,0,1,c
4,183,3196756.0,3197911.2,12,0.0,3,0,2,c
1,17,3197687.0,3198842.0,12,0.0,3,0,1,b
1,17,3198687.0,3199842.0,12,0.0,3,0,2,b
4,17,3197687.0,3198842.0,12,0.0,3,0,1,b
4,17,3198687.0,3199842.0,12,0.0,3,0,2,b
4,218,3197548.8,3197590.0,7,0.0,3,0,1,b
4,218,3198548.8,3199703.8,12,0.0,3,0,2,b
1,77,3199412.2,3199494.8,8,0.0,3,0,1,b
1,77,3200412.2,3201567.5,12,0.0,3,0,2,b
4,77,3199412.2,3199494.8,8,0.0,3,0,1,c
4,77,3200412.2,3201567.5,12,0.0,3,0,2,c
4,242,3199406.8,3199448.0,7,0.0,3,0,1,c
4,242,3200406.8,3201561.8,12,0.0,3,0,2,c
4,266,3199471.5,3199554.0,8,0.0,3,0,1,c
4,266,3200471.5,3201626.5,12,0.0,3,0,2,c
1,36,3199996.0,3200078.5,8,0.0,3,0,1,b
1,36,3200996.0,3202151.0,12,0.0,3,0,2,b
2,36,3199996.0,3200078.5,8,0.0,3,0,1,b
2,36,3200996.0,3202151.0,12,0.0,3,0,2,b
4,36,3199996.0,3200078.5,8,0.0,3,0,1,c
4,36,3200996.0,3202151.0,12,0.0,3,0,2,c
3,62,3200350.2,3200494.8,9,0.0,3,0,1,b
3,62,3201350.2,3202505.2,12,0.0,3,0,2,b
4,62,3200350.2,3200494.8,9,0.0,3,0,1,c
4,62,3201350.2,3202505.2,12,0.0,3,0,2,c
4,320,3214213.2,3214790.8,11,0.0,3,0,1,b
4,320,3215213.2,3216368.2,12,0.0,3,0,2,b
2,394,3213760.2,3214049.0,10,0.0,3,0,1,b
2,394,3214760.2,3215915.2,12,0.0,3,0,2,b
3,394,3213760.2,3214049.0,10,0.0,3,0,1,b
3,394,3214760.2,3215915.2,12,0.0,3,0,2,b
3,148,3218058.5,3218347.5,10,0.0,3,0,1,b
3,148,3219058.5,3220213.5,12,0.0,3,0,2,b
2,57,3218442.8,3218587.2,9,0.0,3,0,1,b
2,57,3219442.8,3220598.0,12,0.0,3,0,2,b
2,400,3219525.8,3219567.0,7,0.0,3,0,1,b
2,400,3220525.8,3221680.8,12,0.0,3,0,2,b
3,400,3219525.8,3219567.0,7,0.0,3,0,1,b
3,400,3220525.8,3221680.8,12,0.0,3,0,2,b
4,400,3219525.8,3219567.0,7,0.0,3,0,1,b
4,400,3220525.8,3221680.8,12,0.0,3,0,2,b
2,383,3222067.2,3222108.5,7,0.0,3,0,1,b
2,383,3223067.2,3224222.2,12,0.0,3,0,2,b
4,129,3226328.5,3226906.2,11,0.0,3,0,1,b
4,129,3227328.5,3228483.8,12,0.0,3,0,2,b
3,338,3230867.2,3231011.5,9,0.0,3,0,1,b
3,338,3231867.2,3233022.2,12,0.0,3,0,2,b
3,147,3233218.0,3233362.2,9,0.0,3,0,1,b
3,147,3234218.0,3235373.0,12,0.0,3,0,2,b
1,33,3237047.0,3237191.2,9,0.0,3,0,1,b
1,33,3238047.0,3239202.0,12,0.0,3,0,2,b
4,33,3237047.0,3237191.2,9,0.0,3,0,1,b
4,33,3238047.0,3239202.0,12,0.0,3,0,2,b
1,345,3245299.2,3245877.0,11,0.0,3,0,1,b
1,345,3246299.2,3247454.2,12,0.0,3,0,2,b
3,345,3245299.2,3245877.0,11,0.0,3,0,1,b
3,345,3246299.2,3247454.2,12,0.0,3,0,2,b
4,345,3245299.2,3245877.0,11,0.0,3,0,1,b
4,345,3246299.2,3247454.2,12,0.0,3,0,2,b
3,26,3245368.8,3245946.2,11,0.0,3,0,1,b
3,26,3246368.8,3247523.8,12,0.0,3,0,2,b
4,26,3245368.8,3245946.2,11,0.0,3,0,1,b
4,26,3246368.8,3247523.8,12,0.0,3,0,2,b
4,259,3246898.5,3247476.0,11,0.0,3,0,1,b
4,259,3247898.5,3249053.5,12,0.0,3,0,2,b
2,325,3247261.8,3247550.5,10,0.0,3,0,1,b
2,325,3248261.8,3249416.8,12,0.0,3,0,2,b
4,325,3247261.8,3247550.5,10,0.0,3,0,1,b
4,325,3248261.8,3249416.8,12,0.0,3,0,2,b
2,132,3262878.2,3262960.8,8,0.0,3,0,1,b
2,132,3263878.2,3265033.2,12,0.0,3,0,2,b
4,218,3269609.2,3269650.5,7,0.0,3,0,1,c
4,218,3270609.2,3271764.2,12,0.0,3,0,2,c
1,233,3271522.5,3271811.2,10,0.0,3,0,1,b
1,233,3272522.5,3273677.5,12,0.0,3,0,2,b
3,233,3271522.5,3271811.2,10,0.0,3,0,1,b
3,233,3272522.5,3273677.5,12,0.0,3,0,2,b
1,232,3275631.5,3276209.2,11,0.0,3,0,1,c
1,232,3276631.5,3277786.5,12,0.0,3,0,2,c
3,232,3275631.5,3276209.2,11,0.0,3,0,1,b
3,232,3276631.5,3277786.5,12,0.0,3,0,2,b
4,232,3275631.5,3276209.2,11,0.0,3,0,1,b
4,232,3276631.5,3277786.5,12,0.0,3,0,2,b
2,399,3277537.0,3278692.2,12,0.0,3,0,1,b
2,399,3278537.0,3279692.2,12,0.0,3,0,2,b
4,399,3277537.0,3278692.2,12,0.0,3,0,1,c
4,399,3278537.0,3279692.2,12,0.0,3,0,2,c
2,376,3277556.2,3278711.2,12,0.0,3,0,1,b
2,376,3278556.2,3279711.2,12,0.0,3,0,2,b
4,148,3276343.8,3276632.5,10,0.0,3,0,1,b
4,148,3277343.8,3278498.8,12,0.0,3,0,2,b
4,174,3280448.0,3281603.0,12,0.0,3,0,1,b
4,174,3281448.0,3282603.0,12,0.0,3,0,2,b
2,236,3298125.5,3298414.2,10,0.0,3,0,1,b
2,236,3299125.5,3300280.5,12,0.0,3,0,2,b
3,236,3298125.5,3298414.2,10,0.0,3,0,1,c
3,236,3299125.5,3300280.5,12,0.0,3,0,2,c
3,255,3301753.0,3302330.5,11,0.0,3,0,1,c
3,255,3302753.0,3303908.0,12,0.0,3,0,2,c
4,255,3301753.0,3302330.5,11,0.0,3,0,1,b
4,255,3302753.0,3303908.0,12,0.0,3,0,2,b
3,175,3304998.2,3305142.5,9,0.0,3,0,1,b
3,175,3305998.2,3307153.2,12,0.0,3,0,2,b
4,175,3304998.2,3305142.5,9,0.0,3,0,1,b
4,175,3305998.2,3307153.2,12,0.0,3,0,2,b
2,301,3307797.0,3308374.5,11,0.0,3,0,1,c
2,301,3308797.0,3309952.0,12,0.0,3,0,2,c
4,301,3307797.0,3308374.5,11,0.0,3,0,1,b
4,301,3308797.0,3309952.0,12,0.0,3,0,2,b
2,260,3309993.0,3310281.8,10,0.0,3,0,1,b
2,260,3310993.0,3312148.0,12,0.0,3,0,2,b
3,349,3311497.0,3311786.0,10,0.0,3,0,1,b
3,349,3312497.0,3313652.0,12,0.0,3,0,2,b
1,84,3315532.2,3315676.5,9,0.0,3,0,1,b
1,84,3316532.2,3317687.2,12,0.0,3,0,2,b
2,84,3315532.2,3315676.5,9,0.0,3,0,1,b
2,84,3316532.2,3317687.2,12,0.0,3,0,2,b
3,84,3315532.2,3315676.5,9,0.0,3,0,1,b
3,84,3316532.2,3317687.2,12,0.0,3,0,2,b
4,84,3315532.2,3315676.5,9,0.0,3,0,1,b
4,84,3316532.2,3317687.2,12,0.0,3,0,2,b
2,380,3318102.2,3319257.2,12,0.0,3,0,1,c
2,380,3319102.2,3320257.2,12,0.0,3,0,2,c
3,380,3318102.2,3319257.2,12,0.0,3,0,1,c
3,380,3319102.2,3320257.2,12,0.0,3,0,2,c
1,24,3319916.5,3320205.2,10,0.0,3,0,1,b
1,24,3320916.5,3322071.5,12,0.0,3,0,2,b
3,24,3319916.5,3320205.2,10,0.0,3,0,1,b
3,24,3320916.5,3322071.5,12,0.0,3,0,2,b
2,144,3322114.2,3322692.0,11,0.0,3,0,1,c
2,144,3323114.2,3324269.2,12,0.0,3,0,2,c
3,144,3322114.2,3322692.0,11,0.0,3,0,1,b
3,144,3323114.2,3324269.2,12,0.0,3,0,2,b
1,76,3322159.2,3322200.5,7,0.0,3,0,1,b
1,76,3323159.2,3324314.2,12,0.0,3,0,2,b
2,76,3322159.2,3322200.5,7,0.0,3,0,1,b
2,76,3323159.2,3324314.2,12,0.0,3,0,2,b
2,6,3324022.5,3325177.5,12,0.0,3,0,1,b
2,6,3325022.5,3326177.5,12,0.0,3,0,2,b
3,6,3324022.5,3325177.5,12,0.0,3,0,1,c
3,6,3325022.5,3326177.5,12,0.0,3,0,2,c
4,6,3324022.5,3325177.5,12,0.0,3,0,1,b
4,6,3325022.5,3326177.5,12,0.0,3,0,2,b
2,313,3323202.8,3323780.2,11,0.0,3,0,1,c
2,313,3324202.8,3325357.8,12,0.0,3,0,2,c
1,166,3326239.0,3326280.2,7,0.0,3,0,1,b
1,166,3327239.0,3328394.0,12,0.0,3,0,2,b
1,168,3327148.0,3327292.2,9,0.0,3,0,1,c
1,168,3328148.0,3329303.0,12,0.0,3,0,2,c
4,168,3327148.0,3327292.2,9,0.0,3,0,1,b
4,168,3328148.0,3329303.0,12,0.0,3,0,2,b
2,325,3327799.8,3328088.5,10,0.0,3,0,1,b
2,325,3328799.8,3329954.8,12,0.0,3,0,2,b
1,347,3334051.2,3334092.5,7,0.0,3,0,1,b
1,347,3335051.2,3336206.2,12,0.0,3,0,2,b
2,347,3334051.2,3334092.5,7,0.0,3,0,1,b
2,347,3335051.2,3336206.2,12,0.0,3,0,2,b
3,91,3349481.2,3349770.0,10,0.0,3,0,1,b
3,91,3350481.2,3351636.2,12,0.0,3,0,2,b
1,127,3354114.0,3354691.8,11,0.0,3,0,1,c
1,127,3355114.0,3356269.0,12,0.0,3,0,2,c
3,127,3354114.0,3354691.8,11,0.0,3,0,1,c
3,127,3355114.0,3356269.0,12,0.0,3,0,2,c
1,342,3353763.8,3353908.0,9,0.0,3,0,1,b
1,342,3354763.8,3355918.8,12,0.0,3,0,2,b
3,342,3353763.8,3353908.0,9,0.0,3,0,1,b
3,342,3354763.8,3355918.8,12,0.0,3,0,2,b
4,342,3353763.8,3353908.0,9,0.0,3,0,1,b
4,342,3354763.8,3355918.8,12,0.0,3,0,2,b
1,100,3362567.8,3362856.8,10,0.0,3,0,1,b
1,100,3363567.8,3364723.0,12,0.0,3,0,2,b
4,100,3362567.8,3362856.8,10,0.0,3,0,1,b
4,100,3363567.8,3364723.0,12,0.0,3,0,2,b
2,299,3365359.8,3365504.2,9,0.0,3,0,1,b
2,299,3366359.8,3367515.0,12,0.0,3,0,2,b
3,333,3373635.5,3374213.2,11,0.0,3,0,1,b
3,333,3374635.5,3375790.5,12,0.0,3,0,2,b
4,366,3375641.5,3375786.0,9,0.0,3,0,1,b
4,366,3376641.5,3377796.8,12,0.0,3,0,2,b
2,361,3378236.0,3378277.2,7,0.0,3,0,1,b
2,361,3379236.0,3380391.0,12,0.0,3,0,2,b
3,295,3378604.0,3378686.5,8,0.0,3,0,1,c
3,295,3379604.0,3380759.0,12,0.0,3,0,2,c
2,375,3379829.8,3379871.0,7,0.0,3,0,1,b
2,375,3380829.8,3381984.8,12,0.0,3,0,2,b
3,375,3379829.8,3379871.0,7,0.0,3,0,1,b
3,375,3380829.8,3381984.8,12,0.0,3,0,2,b
1,231,3385532.0,3386687.0,12,0.0,3,0,1,c
1,231,3386532.0,3387687.0,12,0.0,3,0,2,c
4,231,3385532.0,3386687.0,12,0.0,3,0,1,c
4,231,3386532.0,3387687.0,12,0.0,3,0,2,c
1,209,3384871.5,3385015.8,9,0.0,3,0,1,b
1,209,3385871.5,3387026.5,12,0.0,3,0,2,b
2,209,3384871.5,3385015.8,9,0.0,3,0,1,b
2,209,3385871.5,3387026.5,12,0.0,3,0,2,b
3,209,3384871.5,3385015.8,9,0.0,3,0,1,b
3,209,3385871.5,3387026.5,12,0.0,3,0,2,b
2,63,3391138.5,3391221.0,8,0.0,3,0,1,b
2,63,3392138.5,3393293.5,12,0.0,3,0,2,b
4,63,3391138.5,3391221.0,8,0.0,3,0,1,b
4,63,3392138.5,3393293.5,12,0.0,3,0,2,b
4,247,3393369.8,3393947.2,11,0.0,3,0,1,c
4,247,3394369.8,3395524.8,12,0.0,3,0,2,c
3,65,3392574.8,3392616.0,7,0.0,3,0,1,b
3,65,3393574.8,3394729.8,12,0.0,3,0,2,b
2,329,3395856.8,3396434.2,11,0.0,3,0,1,b
2,329,3396856.8,3398011.8,12,0.0,3,0,2,b
3,329,3395856.8,3396434.2,11,0.0,3,0,1,b
3,329,3396856.8,3398011.8,12,0.0,3,0,2,b
1,53,3395439.2,3395583.5,9,0.0,3,0,1,b
1,53,3396439.2,3397594.2,12,0.0,3,0,2,b
4,53,3395439.2,3395583.5,9,0.0,3,0,1,b
4,53,3396439.2,3397594.2,12,0.0,3,0,2,b
2,208,3402406.0,3403561.0,12,0.0,3,0,1,b
2,208,3403406.0,3404561.0,12,0.0,3,0,2,b
3,208,3402406.0,3403561.0,12,0.0,3,0,1,b
3,208,3403406.0,3404561.0,12,0.0,3,0,2,b
4,208,3402406.0,3403561.0,12,0.0,3,0,1,b
4,208,3403406.0,3404561.0,12,0.0,3,0,2,b
1,155,3401758.8,3401903.0,9,0.0,3,0,1,b
1,155,3402758.8,3403913.8,12,0.0,3,0,2,b
4,155,3401758.8,3401903.0,9,0.0,3,0,1,b
4,155,3402758.8,3403913.8,12,0.0,3,0,2,b
2,121,3402684.0,3402766.5,8,0.0,3,0,1,b
2,121,3403684.0,3404839.0,12,0.0,3,0,2,b
4,294,3403711.2,3404000.0,10,0.0,3,0,1,b
4,294,3404711.2,3405866.2,12,0.0,3,0,2,b
2,68,3412444.0,3412733.0,10,0.0,3,0,1,b
2,68,3413444.0,3414599.0,12,0.0,3,0,2,b
1,389,3419485.5,3420640.5,12,0.0,3,0,1,b
1,389,3420485.5,3421640.5,12,0.0,3,0,2,b
2,389,3419485.5,3420640.5,12,0.0,3,0,1,c
2,389,3420485.5,3421640.5,12,0.0,3,0,2,c
3,389,3419485.5,3420640.5,12,0.0,3,0,1,b
3,389,3420485.5,3421640.5,12,0.0,3,0,2,b
3,241,3421469.8,3421552.2,8,0.0,3,0,1,b
3,241,3422469.8,3423624.8,12,0.0,3,0,2,b
4,269,3422667.2,3422956.0,10,0.0,3,0,1,b
4,269,3423667.2,3424822.2,12,0.0,3,0,2,b
2,157,3422649.2,3422793.5,9,0.0,3,0,1,b
2,157,3423649.2,3424804.2,12,0.0,3,0,2,b
4,157,3422649.2,3422793.5,9,0.0,3,0,1,b
4,157,3423649.2,3424804.2,12,0.0,3,0,2,b
1,124,3424659.0,3424803.2,9,0.0,3,0,1,b
1,124,3425659.0,3426814.0,12,0.0,3,0,2,b
4,124,3424659.0,3424803.2,9,0.0,3,0,1,b
4,124,3425659.0,3426814.0,12,0.0,3,0,2,b
1,402,3424860.0,3424942.8,8,0.0,3,0,1,b
1,402,3425860.0,3427015.2,12,0.0,3,0,2,b
3,402,3424860.0,3424942.8,8,0.0,3,0,1,b
3,402,3425860.0,3427015.2,12,0.0,3,0,2,b
2,239,3425046.0,3425128.5,8,0.0,3,0,1,b
2,239,3426046.0,3427201.0,12,0.0,3,0,2,b
4,239,3425046.0,3425128.5,8,0.0,3,0,1,b
4,239,3426046.0,3427201.0,12,0.0,3,0,2,b
2,317,3425234.5,3425378.8,9,0.0,3,0,1,b
2,317,3426234.5,3427389.5,12,0.0,3,0,2,b
3,317,3425234.5,3425378.8,9,0.0,3,0,1,b
3,317,3426234.5,3427389.5,12,0.0,3,0,2,b
1,284,3425975.0,3426119.5,9,0.0,3,0,1,b
1,284,3426975.0,3428130.2,12,0.0,3,0,2,b
2,284,3425975.0,3426119.5,9,0.0,3,0,1,b
2,284,3426975.0,3428130.2,12,0.0,3,0,2,b
3,284,3425975.0,3426119.5,9,0.0,3,0,1,b
3,284,3426975.0,3428130.2,12,0.0,3,0,2,b
4,284,3425975.0,3426119.5,9,0.0,3,0,1,b
4,284,3426975.0,3428130.2,12,0.0,3,0,2,b
3,291,3427482.8,3427524.0,7,0.0,3,0,1,b
3,291,3428482.8,3429637.8,12,0.0,3,0,2,b
4,291,3427482.8,3427524.0,7,0.0,3,0,1,b
4,291,3428482.8,3429637.8,12,0.0,3,0,2,b
1,74,3431237.2,3431278.5,7,0.0,3,0,1,b
1,74,3432237.2,3433392.2,12,0.0,3,0,2,b
4,74,3431237.2,3431278.5,7,0.0,3,0,1,b
4,74,3432237.2,3433392.2,12,0.0,3,0,2,b
2,171,3432301.8,3432590.5,10,0.0,3,0,1,c
2,171,3433301.8,3434456.8,12,0.0,3,0,2,c
3,171,3432301.8,3432590.5,10,0.0,3,0,1,b
3,171,3433301.8,3434456.8,12,0.0,3,0,2,b
4,171,3432301.8,3432590.5,10,0.0,3,0,1,b
4,171,3433301.8,3434456.8,12,0.0,3,0,2,b
1,135,3433600.0,3433744.5,9,0.0,3,0,1,b
1,135,3434600.0,3435755.2,12,0.0,3,0,2,b
4,135,3433600.0,3433744.5,9,0.0,3,0,1,b
4,135,3434600.0,3435755.2,12,0.0,3,0,2,b
4,11,3436128.0,3436272.2,9,0.0,3,0,1,b
4,11,3437128.0,3438283.0,12,0.0,3,0,2,b
1,238,3438859.5,3439148.5,10,0.0,3,0,1,b
1,238,3439859.5,3441014.8,12,0.0,3,0,2,b
3,238,3438859.5,3439148.5,10,0.0,3,0,1,b
3,238,3439859.5,3441014.8,12,0.0,3,0,2,b
4,238,3438859.5,3439148.5,10,0.0,3,0,1,c
4,238,3439859.5,3441014.8,12,0.0,3,0,2,c
3,332,3440628.2,3440772.5,9,0.0,3,0,1,b
3,332,3441628.2,3442783.2,12,0.0,3,0,2,b
4,332,3440628.2,3440772.5,9,0.0,3,0,1,b
4,332,3441628.2,3442783.2,12,0.0,3,0,2,b
1,250,3441731.2,3441813.8,8,0.0,3,0,1,b
1,250,3442731.2,3443886.2,12,0.0,3,0,2,b
2,285,3456541.5,3457119.2,11,0.0,3,0,1,b
2,285,3457541.5,3458696.5,12,0.0,3,0,2,b
4,399,3458580.2,3459735.2,12,0.0,3,0,1,c
4,399,3459580.2,3460735.2,12,0.0,3,0,2,c
1,376,3458599.2,3459754.5,12,0.0,3,0,1,c
1,376,3459599.2,3460754.5,12,0.0,3,0,2,c
2,376,3458599.2,3459754.5,12,0.0,3,0,1,c
2,376,3459599.2,3460754.5,12,0.0,3,0,2,c
3,376,3458599.2,3459754.5,12,0.0,3,0,1,c
3,376,3459599.2,3460754.5,12,0.0,3,0,2,c
3,26,3460457.5,3461035.2,11,0.0,3,0,1,b
3,26,3461457.5,3462612.5,12,0.0,3,0,2,b
2,39,3463816.8,3463858.0,7,0.0,3,0,1,b
2,39,3464816.8,3465971.8,12,0.0,3,0,2,b
1,139,3465528.5,3465817.5,10,0.0,3,0,1,b
1,139,3466528.5,3467683.5,12,0.0,3,0,2,b
2,121,3465585.5,3465668.0,8,0.0,3,0,1,b
2,121,3466585.5,3467740.5,12,0.0,3,0,2,b
3,121,3465585.5,3465668.0,8,0.0,3,0,1,b
3,121,3466585.5,3467740.5,12,0.0,3,0,2,b
1,32,3465839.8,3465881.0,7,0.0,3,0,1,b
1,32,3466839.8,3467994.8,12,0.0,3,0,2,b
2,32,3465839.8,3465881.0,7,0.0,3,0,1,b
2,32,3466839.8,3467994.8,12,0.0,3,0,2,b
1,41,3475479.2,3475520.5,7,0.0,3,0,1,b
1,41,3476479.2,3477634.2,12,0.0,3,0,2,b
3,41,3475479.2,3475520.5,7,0.0,3,0,1,c
3,41,3476479.2,3477634.2,12,0.0,3,0,2,c
4,41,3475479.2,3475520.5,7,0.0,3,0,1,b
4,41,3476479.2,3477634.2,12,0.0,3,0,2,b
2,358,3495654.0,3495695.2,7,0.0,3,0,1,b
2,358,3496654.0,3497809.0,12,0.0,3,0,2,b
3,358,3495654.0,3495695.2,7,0.0,3,0,1,b
3,358,3496654.0,3497809.0,12,0.0,3,0,2,b
2,163,3496596.8,3497174.2,11,0.0,3,0,1,b
2,163,3497596.8,3498751.8,12,0.0,3,0,2,b
3,163,3496596.8,3497174.2,11,0.0,3,0,1,b
3,163,3497596.8,3498751.8,12,0.0,3,0,2,b
4,163,3496596.8,3497174.2,11,0.0,3,0,1,c
4,163,3497596.8,3498751.8,12,0.0,3,0,2,c
2,64,3495984.8,3496067.5,8,0.0,3,0,1,b
2,64,3496984.8,3498140.0,12,0.0,3,0,2,b
3,64,3495984.8,3496067.5,8,0.0,3,0,1,b
3,64,3496984.8,3498140.0,12,0.0,3,0,2,b
4,116,3496786.2,3496827.5,7,0.0,3,0,1,c
4,116,3497786.2,3498941.2,12,0.0,3,0,2,c
2,243,3497512.5,3497801.2,10,0.0,3,0,1,c
2,243,3498512.5,3499667.5,12,0.0,3,0,2,c
3,243,3497512.5,3497801.2,10,0.0,3,0,1,b
3,243,3498512.5,3499667.5,12,0.0,3,0,2,b
4,243,3497512.5,3497801.2,10,0.0,3,0,1,b
4,243,3498512.5,3499667.5,12,0.0,3,0,2,b
1,388,3497461.2,3497605.5,9,0.0,3,0,1,c
1,388,3498461.2,3499616.2,12,0.0,3,0,2,c
2,388,3497461.2,3497605.5,9,0.0,3,0,1,c
2,388,3498461.2,3499616.2,12,0.0,3,0,2,c
1,146,3501736.8,3502891.8,12,0.0,3,0,1,b
1,146,3502736.8,3503891.8,12,0.0,3,0,2,b
2,146,3501736.8,3502891.8,12,0.0,3,0,1,b
2,146,3502736.8,3503891.8,12,0.0,3,0,2,b
4,146,3501736.8,3502891.8,12,0.0,3,0,1,b
4,146,3502736.8,3503891.8,12,0.0,3,0,2,b
2,12,3500870.8,3500953.2,8,0.0,3,0,1,b
2,12,3501870.8,3503026.0,12,0.0,3,0,2,b
4,12,3500870.8,3500953.2,8,0.0,3,0,1,b
4,12,3501870.8,3503026.0,12,0.0,3,0,2,b
1,6,3505065.8,3506220.8,12,0.0,3,0,1,b
1,6,3506065.8,3507220.8,12,0.0,3,0,2,b
4,6,3505065.8,3506220.8,12,0.0,3,0,1,b
4,6,3506065.8,3507220.8,12,0.0,3,0,2,b
1,128,3505881.5,3506026.0,9,0.0,3,0,1,b
1,128,3506881.5,3508036.5,12,0.0,3,0,2,b
3,128,3505881.5,3506026.0,9,0.0,3,0,1,b
3,128,3506881.5,3508036.5,12,0.0,3,0,2,b
4,128,3505881.5,3506026.0,9,0.0,3,0,1,b
4,128,3506881.5,3508036.5,12,0.0,3,0,2,b
4,357,3511308.0,3511885.8,11,0.0,3,0,1,c
4,357,3512308.0,3513463.2,12,0.0,3,0,2,c
4,112,3520776.2,3521931.5,12,0.0,3,0,1,b
4,112,3521776.2,3522931.5,12,0.0,3,0,2,b
2,21,3521534.5,3521823.2,10,0.0,3,0,1,b
2,21,3522534.5,3523689.5,12,0.0,3,0,2,b
3,21,3521534.5,3521823.2,10,0.0,3,0,1,b
3,21,3522534.5,3523689.5,12,0.0,3,0,2,b
1,328,3525206.0,3525783.8,11,0.0,3,0,1,c
1,328,3526206.0,3527361.0,12,0.0,3,0,2,c
3,328,3525206.0,3525783.8,11,0.0,3,0,1,b
3,328,3526206.0,3527361.0,12,0.0,3,0,2,b
4,386,3530398.8,3530543.0,9,0.0,3,0,1,b
4,386,3531398.8,3532553.8,12,0.0,3,0,2,b
2,33,3531431.8,3531576.0,9,0.0,3,0,1,b
2,33,3532431.8,3533586.8,12,0.0,3,0,2,b
3,33,3531431.8,3531576.0,9,0.0,3,0,1,b
3,33,3532431.8,3533586.8,12,0.0,3,0,2,b
4,33,3531431.8,3531576.0,9,0.0,3,0,1,b
4,33,3532431.8,3533586.8,12,0.0,3,0,2,b
4,345,3533707.5,3534285.2,11,0.0,3,0,1,b
4,345,3534707.5,3535862.5,12,0.0,3,0,2,b
1,94,3533720.8,3534009.5,10,0.0,3,0,1,b
1,94,3534720.8,3535875.8,12,0.0,3,0,2,b
2,94,3533720.8,3534009.5,10,0.0,3,0,1,b
2,94,3534720.8,3535875.8,12,0.0,3,0,2,b
3,344,3535297.2,3535441.8,9,0.0,3,0,1,c
3,344,3536297.2,3537452.5,12,0.0,3,0,2,c
4,344,3535297.2,3535441.8,9,0.0,3,0,1,b
4,344,3536297.2,3537452.5,12,0.0,3,0,2,b
2,55,3536602.0,3536746.2,9,0.0,3,0,1,b
2,55,3537602.0,3538757.0,12,0.0,3,0,2,b
4,55,3536602.0,3536746.2,9,0.0,3,0,1,b
4,55,3537602.0,3538757.0,12,0.0,3,0,2,b
1,350,3540198.0,3540486.8,10,0.0,3,0,1,b
1,350,3541198.0,3542353.0,12,0.0,3,0,2,b
1,161,3540773.2,3540855.8,8,0.0,3,0,1,c
1,161,3541773.2,3542928.2,12,0.0,3,0,2,c
2,161,3540773.2,3540855.8,8,0.0,3,0,1,b
2,161,3541773.2,3542928.2,12,0.0,3,0,2,b
3,161,3540773.2,3540855.8,8,0.0,3,0,1,b
3,161,3541773.2,3542928.2,12,0.0,3,0,2,b
1,98,3542793.5,3542834.8,7,0.0,3,0,1,b
1,98,3543793.5,3544948.5,12,0.0,3,0,2,b
4,98,3542793.5,3542834.8,7,0.0,3,0,1,b
4,98,3543793.5,3544948.5,12,0.0,3,0,2,b
1,68,3544456.5,3544745.2,10,0.0,3,0,1,b
1,68,3545456.5,3546611.5,12,0.0,3,0,2,b
1,238,3552072.0,3552360.8,10,0.0,3,0,1,b
1,238,3553072.0,3554227.0,12,0.0,3,0,2,b
4,238,3552072.0,3552360.8,10,0.0,3,0,1,c
4,238,3553072.0,3554227.0,12,0.0,3,0,2,c
1,147,3553096.2,3553240.5,9,0.0,3,0,1,b
1,147,3554096.2,3555251.2,12,0.0,3,0,2,b
3,147,3553096.2,3553240.5,9,0.0,3,0,1,b
3,147,3554096.2,3555251.2,12,0.0,3,0,2,b
2,285,3555255.2,3555832.8,11,0.0,3,0,1,b
2,285,3556255.2,3557410.2,12,0.0,3,0,2,b
3,285,3555255.2,3555832.8,11,0.0,3,0,1,b
3,285,3556255.2,3557410.2,12,0.0,3,0,2,b
2,386,3555077.2,3555221.5,9,0.0,3,0,1,b
2,386,3556077.2,3557232.2,12,0.0,3,0,2,b
3,386,3555077.2,3555221.5,9,0.0,3,0,1,b
3,386,3556077.2,3557232.2,12,0.0,3,0,2,b
3,96,3555074.8,3555157.2,8,0.0,3,0,1,b
3,96,3556074.8,3557229.8,12,0.0,3,0,2,b
3,26,3559171.2,3559748.8,11,0.0,3,0,1,b
3,26,3560171.2,3561326.2,12,0.0,3,0,2,b
2,34,3559008.2,3559297.0,10,0.0,3,0,1,b
2,34,3560008.2,3561163.2,12,0.0,3,0,2,b
3,34,3559008.2,3559297.0,10,0.0,3,0,1,b
3,34,3560008.2,3561163.2,12,0.0,3,0,2,b
4,34,3559008.2,3559297.0,10,0.0,3,0,1,b
4,34,3560008.2,3561163.2,12,0.0,3,0,2,b
1,390,3559924.5,3560068.8,9,0.0,3,0,1,b
1,390,3560924.5,3562079.5,12,0.0,3,0,2,b
2,390,3559924.5,3560068.8,9,0.0,3,0,1,b
2,390,3560924.5,3562079.5,12,0.0,3,0,2,b
4,390,3559924.5,3560068.8,9,0.0,3,0,1,b
4,390,3560924.5,3562079.5,12,0.0,3,0,2,b
2,263,3573577.2,3573866.0,10,0.0,3,0,1,c
2,263,3574577.2,3575732.2,12,0.0,3,0,2,c
2,296,3575953.5,3576242.5,10,0.0,3,0,1,b
2,296,3576953.5,3578108.8,12,0.0,3,0,2,b
4,296,3575953.5,3576242.5,10,0.0,3,0,1,b
4,296,3576953.5,3578108.8,12,0.0,3,0,2,b
3,88,3578003.8,3578045.0,7,0.0,3,0,1,b
3,88,3579003.8,3580158.8,12,0.0,3,0,2,b
1,302,3586002.0,3586146.2,9,0.0,3,0,1,b
1,302,3587002.0,3588157.0,12,0.0,3,0,2,b
2,387,3588073.2,3588114.5,7,0.0,3,0,1,b
2,387,3589073.2,3590228.2,12,0.0,3,0,2,b
1,81,3592591.2,3592735.5,9,0.0,3,0,1,b
1,81,3593591.2,3594746.2,12,0.0,3,0,2,b
