gatewayID,Received,Interfered,No Receivers, Under, GW busy, unset
1,2327,0,0,0,0,0
EndDeviceID,X,Y,Z
2,-79.72909545898438,367.99200439453125,1
3,268.802001953125,463.39404296875,1
4,-127.97198486328125,321.2550048828125,1
5,-45.7615966796875,131.43402099609375,1
6,173.28997802734375,-332.01800537109375,1
7,60.3001708984375,498.0830078125,1
8,321.2640380859375,268.56103515625,1
9,-201.1820068359375,-363.00299072265625,1
10,-235.01400756835938,-196.4580078125,1
11,286.8170166015625,-4.6820068359375,1
12,-156.34500122070312,120.6309814453125,1
13,-137.27999877929688,440.281005859375,1
14,212.07501220703125,496.260986328125,1
15,-9.625579833984375,-488.531005859375,1
16,404.5989990234375,-172.35198974609375,1
17,-315.65399169921875,384.094970703125,1
18,-395.7170104980469,231.969970703125,1
19,89.87860107421875,-116.75299072265625,1
20,312.6390380859375,-402.27301025390625,1
21,-450.2510070800781,-283.6549987792969,1
22,-174.6619873046875,27.55511474609375,1
23,449.39300537109375,235.60699462890625,1
24,-325.343994140625,-195.61199951171875,1
25,-42.2926025390625,442.989013671875,1
26,-278.0270080566406,-399.260986328125,1
27,-157.14398193359375,-386.74700927734375,1
28,194.31298828125,-411.4549865722656,1
29,-336.364013671875,93.8162841796875,1
30,175.88800048828125,-332.9119873046875,1
31,-325.2669982910156,-296.0050048828125,1
32,236.57501220703125,-468.97601318359375,1
33,-41.807403564453125,-12.11248779296875,1
34,-162.19598388671875,275.1929931640625,1
35,184.1419677734375,-256.1679992675781,1
36,-271.39801025390625,53.211181640625,1
37,-290.2749938964844,457.1600341796875,1
38,35.8638916015625,199.7440185546875,1
39,-340.7349853515625,-53.872314453125,1
40,-136.22500610351562,-33.173583984375,1
41,482.2340087890625,-329.9729919433594,1
42,-47.51300048828125,137.822021484375,1
43,-140.91799926757812,334.3060302734375,1
44,286.843017578125,-32.389892578125,1
45,472.365966796875,-82.2672119140625,1
46,-170.906982421875,-249.4669952392578,1
47,-207.33999633789062,-160.9219970703125,1
48,497.99798583984375,-25.728607177734375,1
49,-460.0150146484375,-325.5400085449219,1
50,-90.00100708007812,-457.4219970703125,1
51,2.006500244140625,86.6868896484375,1
52,-450.12701416015625,-167.42401123046875,1
53,417.2459716796875,-318.218994140625,1
54,-203.35400390625,480.52899169921875,1
55,-250.45599365234375,125.80999755859375,1
56,-206.73599243164062,-221.6300048828125,1
57,140.5469970703125,-461.6189880371094,1
58,282.115966796875,171.07098388671875,1
59,-306.75299072265625,-171.00201416015625,1
60,181.2230224609375,234.5009765625,1
61,-59.3660888671875,-13.98980712890625,1
62,148.53997802734375,-195.072998046875,1
63,-275.0840148925781,102.3170166015625,1
64,-229.51898193359375,220.613037109375,1
65,-212.07000732421875,360.85595703125,1
66,-383.4219970703125,-231.25201416015625,1
67,-399.6619873046875,-245.49099731445312,1
68,-370.6499938964844,-130.31100463867188,1
69,356.093994140625,-7.533935546875,1
70,300.1500244140625,451.8890380859375,1
71,98.84637451171875,-143.33599853515625,1
72,-242.37200927734375,-102.47100830078125,1
73,57.6497802734375,-155.27999877929688,1
74,135.93499755859375,94.5711669921875,1
75,171.4849853515625,-295.4440002441406,1
76,-90.97198486328125,-149.52801513671875,1
77,262.62298583984375,29.6068115234375,1
78,305.48199462890625,203.85601806640625,1
79,79.4735107421875,243.781982421875,1
80,268.6650390625,121.1519775390625,1
81,-206.75100708007812,-351.7250061035156,1
82,-284.2030029296875,59.3585205078125,1
83,-272.7510070800781,-275.0379943847656,1
84,157.4530029296875,475.47198486328125,1
85,-19.01409912109375,173.00799560546875,1
86,-446.91900634765625,-454.69000244140625,1
87,-343.6700134277344,-294.06500244140625,1
88,-203.90802001953125,486.8690185546875,1
89,241.22802734375,-117.14199829101562,1
90,291.84100341796875,-117.58999633789062,1
91,-443.27099609375,-193.0830078125,1
92,249.82000732421875,-347.78399658203125,1
93,11.312713623046875,362.1719970703125,1
94,157.5059814453125,329.60198974609375,1
95,393.9730224609375,-60.5037841796875,1
96,-295.8680114746094,40.82781982421875,1
97,388.344970703125,-309.31500244140625,1
98,485.3699951171875,149.97198486328125,1
99,-151.4019775390625,296.66400146484375,1
100,335.28900146484375,-281.67401123046875,1
101,306.5589599609375,-58.24749755859375,1
102,199.2669677734375,154.24298095703125,1
103,-343.2919921875,-23.283905029296875,1
104,-217.90399169921875,-329.2650146484375,1
105,-254.86199951171875,250.01898193359375,1
106,133.3399658203125,81.98577880859375,1
107,-315.04901123046875,-15.2427978515625,1
108,68.56988525390625,-217.10498046875,1
109,-447.9309997558594,403.45703125,1
110,5.905487060546875,299.64898681640625,1
111,108.6500244140625,345.8270263671875,1
112,-19.825408935546875,256.27899169921875,1
113,-99.39950561523438,-243.48599243164062,1
114,-132.99600219726562,-230.69097900390625,1
115,-171.989013671875,-19.725799560546875,1
116,133.1099853515625,-295.5260009765625,1
117,463.85101318359375,-34.867889404296875,1
118,-302.6969909667969,-146.55099487304688,1
119,381.27197265625,327.2340087890625,1
120,124.35101318359375,-80.3345947265625,1
121,30.1400146484375,-116.04299926757812,1
122,183.9219970703125,-52.594207763671875,1
123,178.3399658203125,194.3599853515625,1
124,338.68701171875,-282.8789978027344,1
125,11.365509033203125,11.014892578125,1
126,484.344970703125,363.3690185546875,1
127,161.70599365234375,117.093017578125,1
128,-470.9049987792969,-447.64898681640625,1
129,-61.768402099609375,126.531005859375,1
130,-253.27200317382812,75.7232666015625,1
131,193.04498291015625,0.800750732421875,1
132,375.9439697265625,-217.61599731445312,1
133,-354.4750061035156,-240.30599975585938,1
134,193.26300048828125,476.322998046875,1
135,-172.697998046875,287.2449951171875,1
136,334.676025390625,-493.4169921875,1
137,-374.22900390625,-134.57098388671875,1
138,-495.9840087890625,117.11102294921875,1
139,127.1710205078125,-80.41510009765625,1
140,409.010986328125,277.635009765625,1
141,459.7230224609375,-349.8160095214844,1
142,-47.5869140625,449.489013671875,1
143,-494.2080078125,-328.989013671875,1
144,-165.4320068359375,343.7130126953125,1
145,384.0870361328125,-399.4639892578125,1
146,371.06396484375,-411.1830139160156,1
147,365.95703125,-247.8300018310547,1
148,-154.9840087890625,300.9320068359375,1
149,-323.87701416015625,114.02301025390625,1
150,-288.59600830078125,-261.2250061035156,1
151,476.490966796875,0.359893798828125,1
152,84.9749755859375,-107.791015625,1
153,-187.3280029296875,-494.9289855957031,1
154,-259.87298583984375,-292.3380126953125,1
155,123.35601806640625,-214.62899780273438,1
156,-75.79339599609375,-83.4259033203125,1
157,115.34100341796875,8.676849365234375,1
158,26.9320068359375,101.0040283203125,1
159,348.38800048828125,-311.1080017089844,1
160,-356.6029968261719,389.0069580078125,1
161,-456.5050048828125,337.8299560546875,1
162,487.52801513671875,-11.26611328125,1
163,257.77197265625,-138.156005859375,1
164,-97.90420532226562,181.8900146484375,1
165,175.53997802734375,-295.3559875488281,1
166,198.2149658203125,-101.17098999023438,1
167,-398.84698486328125,-130.6300048828125,1
168,-317.2909851074219,262.54296875,1
169,-410.27899169921875,438.6099853515625,1
170,-379.6499938964844,-375.1300048828125,1
171,-490.9309997558594,-426.78900146484375,1
172,6.795623779296875,60.271484375,1
173,-294.6099853515625,-322.1759948730469,1
174,21.4832763671875,-146.10699462890625,1
175,26.84619140625,303.59100341796875,1
176,139.14898681640625,149.636962890625,1
177,414.530029296875,356.696044921875,1
178,105.3289794921875,-220.6090087890625,1
179,27.56201171875,140.11700439453125,1
180,-499.1619873046875,401.10699462890625,1
181,407.20001220703125,-172.46697998046875,1
182,454.76800537109375,-190.260009765625,1
183,-168.72998046875,-136.18600463867188,1
184,466.5,-346.8110046386719,1
185,-373.875,-293.4110107421875,1
186,-318.6719970703125,-342.1109924316406,1
187,166.89398193359375,116.07501220703125,1
188,-324.114013671875,295.39801025390625,1
189,-373.364990234375,252.864013671875,1
190,9.945556640625,-11.49420166015625,1
191,402.4630126953125,-145.20700073242188,1
192,305.39599609375,453.91400146484375,1
193,366.4639892578125,-49.881988525390625,1
194,382.3060302734375,-429.614990234375,1
195,238.4859619140625,472.52197265625,1
196,188.166015625,-272.5669860839844,1
197,336.197021484375,-7.533966064453125,1
198,-358.4469909667969,-20.95098876953125,1
199,-493.9419860839844,-35.259796142578125,1
200,-409.2170104980469,-421.239990234375,1
201,-141.666015625,264.09100341796875,1
202,258.18701171875,28.5042724609375,1
203,421.156005859375,113.98797607421875,1
204,38.51123046875,-427.3290100097656,1
205,-334.43499755859375,439.54400634765625,1
206,-239.36700439453125,-244.89500427246094,1
207,61.03619384765625,-179.12600708007812,1
208,92.95758056640625,-126.0369873046875,1
209,-383.5589904785156,380.3790283203125,1
210,-167.46002197265625,-359.56298828125,1
211,-434.85699462890625,16.828369140625,1
212,6.432281494140625,234.1719970703125,1
213,-334.2590026855469,-13.621612548828125,1
214,-411.2239990234375,327.156982421875,1
215,-28.666595458984375,-196.4530029296875,1
216,384.6209716796875,159.8919677734375,1
217,168.009033203125,291.7049560546875,1
218,202.156005859375,-423.5369873046875,1
219,253.51898193359375,-52.806610107421875,1
220,465.8580322265625,-415.9700012207031,1
221,143.93499755859375,-352.8919982910156,1
222,416.20001220703125,148.75201416015625,1
223,245.0350341796875,67.894287109375,1
224,-298.8030090332031,97.480712890625,1
225,-281.6570129394531,-147.8170166015625,1
226,-466.1570129394531,-286.67498779296875,1
227,-259.260986328125,-1.255126953125,1
228,325.5780029296875,-499.2929992675781,1
229,378.83099365234375,-245.58900451660156,1
230,168.26898193359375,351.467041015625,1
231,-446.85400390625,338.780029296875,1
232,-271.4599914550781,-162.59500122070312,1
233,-391.1080017089844,212.219970703125,1
234,267.6669921875,-116.90301513671875,1
235,354.3699951171875,175.09698486328125,1
236,-50.594207763671875,-10.308685302734375,1
237,304.68603515625,7.383026123046875,1
238,-70.64190673828125,-369.7080078125,1
239,36.6815185546875,-361.0690002441406,1
240,445.718017578125,-264.9649963378906,1
241,351.875,-83.50350952148438,1
242,-321.3450012207031,-499.44500732421875,1
243,-398.45599365234375,-114.91500854492188,1
244,-415.718994140625,-381.93798828125,1
245,-354.6709899902344,-231.95501708984375,1
246,-355.82501220703125,144.09197998046875,1
247,-129.0679931640625,129.9539794921875,1
248,283.197998046875,117.53997802734375,1
249,375.4200439453125,373.6290283203125,1
250,-405.85101318359375,-59.71649169921875,1
251,243.864013671875,-334.08099365234375,1
252,90.010498046875,-443.69500732421875,1
253,-174.53399658203125,-72.74920654296875,1
254,166.2769775390625,254.3699951171875,1
255,-238.60198974609375,-70.6024169921875,1
256,275.3189697265625,-462.9110107421875,1
257,-305.28900146484375,-434.5199890136719,1
258,-357.8580017089844,113.75,1
259,-353.4750061035156,7.628082275390625,1
260,-318.072998046875,-468.3030090332031,1
261,-119.39999389648438,60.47479248046875,1
262,276.1650390625,-100.083984375,1
263,162.594970703125,138.7020263671875,1
264,188.78399658203125,1.194061279296875,1
265,55.65338134765625,-312.67498779296875,1
266,-417.22900390625,-297.5790100097656,1
267,-191.44097900390625,-32.621795654296875,1
268,283.3370361328125,284.34698486328125,1
269,105.80999755859375,-491.3999938964844,1
270,337.1839599609375,-54.788604736328125,1
271,349.9000244140625,-428.3110046386719,1
272,120.6829833984375,110.91900634765625,1
273,212.50201416015625,-129.27001953125,1
274,434.0849609375,-7.0328369140625,1
275,80.101318359375,-369.760986328125,1
276,56.39678955078125,60.66070556640625,1
277,148.1939697265625,-492.5830078125,1
278,-361.4800109863281,-395.3349914550781,1
279,-403.53399658203125,-307.7409973144531,1
280,224.00799560546875,-150.95199584960938,1
281,26.60711669921875,85.61199951171875,1
282,-448.8389892578125,316.9410400390625,1
283,-487.2149963378906,87.69329833984375,1
284,-225.70700073242188,179.3599853515625,1
285,-326.4800109863281,-331.1130065917969,1
286,424.35198974609375,213.81201171875,1
287,-357.82598876953125,-232.9010009765625,1
288,19.2379150390625,268.38299560546875,1
289,-410.2650146484375,295.5780029296875,1
290,-382.9119873046875,159.61199951171875,1
291,63.8687744140625,-429.8399963378906,1
292,-128.00399780273438,145.301025390625,1
293,-405.1610107421875,-251.3000030517578,1
294,73.09637451171875,-419.19000244140625,1
295,338.82598876953125,57.63397216796875,1
296,-375.2170104980469,103.52099609375,1
297,312.6319580078125,-206.91000366210938,1
298,-357.9209899902344,-384.89599609375,1
299,445.2900390625,-30.3004150390625,1
300,366.592041015625,67.13812255859375,1
301,28.5255126953125,-201.49298095703125,1
302,-392.343994140625,-278.8580017089844,1
303,330.40301513671875,-245.6840057373047,1
304,153.719970703125,27.2296142578125,1
305,-229.23699951171875,-40.17041015625,1
306,84.14068603515625,444.9210205078125,1
307,135.031005859375,269.4329833984375,1
308,-269.1099853515625,-390.6610107421875,1
309,-310.26300048828125,-359.7460021972656,1
310,477.7139892578125,-431.3739929199219,1
311,239.70098876953125,-141.54901123046875,1
312,165.1629638671875,374.64599609375,1
313,-75.59548950195312,-388.468994140625,1
314,-3.252685546875,-1.86572265625,1
315,-329.7489929199219,54.54931640625,1
316,-488.30999755859375,-302.17401123046875,1
317,-290.0,-485.3580017089844,1
318,467.511962890625,-117.260009765625,1
319,35.5421142578125,416.0269775390625,1
320,168.06201171875,135.2509765625,1
321,290.583984375,-470.6090087890625,1
322,225.74798583984375,-494.3479919433594,1
323,-98.28118896484375,17.31951904296875,1
324,-46.619110107421875,140.59100341796875,1
325,476.65301513671875,242.3389892578125,1
326,-349.5780029296875,369.073974609375,1
327,224.70501708984375,-30.44879150390625,1
328,-381.8800048828125,123.02099609375,1
329,-217.031982421875,251.5880126953125,1
330,482.70703125,432.52301025390625,1
331,210.469970703125,325.93603515625,1
332,-358.4490051269531,-19.018402099609375,1
333,-96.1134033203125,116.11700439453125,1
334,-365.6199951171875,-490.8689880371094,1
335,-214.70098876953125,386.488037109375,1
336,441.802978515625,130.10302734375,1
337,359.15399169921875,-49.469207763671875,1
338,163.9329833984375,272.531005859375,1
339,-76.88510131835938,-69.56219482421875,1
340,73.56591796875,-274.43701171875,1
341,-43.943695068359375,24.72119140625,1
342,282.7659912109375,-355.2430114746094,1
343,-267.7439880371094,-378.5979919433594,1
344,309.54998779296875,-64.8140869140625,1
345,305.2860107421875,-492.8169860839844,1
346,372.92401123046875,-226.7230224609375,1
347,372.58203125,312.5469970703125,1
348,301.24798583984375,-251.53799438476562,1
349,-271.8280029296875,496.02001953125,1
350,-275.4679870605469,209.1390380859375,1
351,-17.6962890625,28.260009765625,1
352,-377.27801513671875,-323.04400634765625,1
353,43.67071533203125,321.384033203125,1
354,-339.02099609375,-442.7590026855469,1
355,3.07281494140625,144.95501708984375,1
356,136.60498046875,223.531982421875,1
357,89.1995849609375,35.38201904296875,1
358,-275.4960021972656,-51.87469482421875,1
359,-356.46600341796875,229.11798095703125,1
360,-147.99099731445312,-211.51199340820312,1
361,471.65899658203125,-3.66729736328125,1
362,235.24798583984375,-58.432708740234375,1
363,263.1719970703125,-419.1440124511719,1
364,-231.09100341796875,155.6610107421875,1
365,237.16998291015625,381.4849853515625,1
366,-78.52838134765625,13.91290283203125,1
367,471.4620361328125,-416.5270080566406,1
368,295.7669677734375,-211.635986328125,1
369,252.85302734375,394.0570068359375,1
370,176.4520263671875,478.10400390625,1
371,358.4739990234375,409.39404296875,1
372,-11.198089599609375,212.1719970703125,1
373,-422.3869934082031,296.6409912109375,1
374,-103.45501708984375,434.50299072265625,1
375,60.4356689453125,191.875,1
376,-113.0,430.04296875,1
377,-459.6210021972656,383.47900390625,1
378,51.65478515625,73.6749267578125,1
379,48.10699462890625,-206.68798828125,1
380,327.52301025390625,108.9439697265625,1
381,287.4539794921875,-468.40399169921875,1
382,281.24200439453125,-167.99099731445312,1
383,-317.46099853515625,-219.08599853515625,1
384,-297.4219970703125,26.2064208984375,1
385,442.072021484375,-82.33050537109375,1
386,211.59100341796875,454.0250244140625,1
387,-272.0,300.9859619140625,1
388,35.1962890625,228.593994140625,1
389,128.1209716796875,213.45703125,1
390,92.30657958984375,-12.212890625,1
391,-345.3559875488281,251.21099853515625,1
392,-268.8269958496094,332.157958984375,1
393,278.5849609375,220.05902099609375,1
394,153.82098388671875,-78.77398681640625,1
395,394.698974609375,-191.85498046875,1
396,448.34698486328125,-420.2799987792969,1
397,-212.18701171875,68.356201171875,1
398,-213.031982421875,-382.7699890136719,1
399,332.364013671875,137.5479736328125,1
400,-339.9320068359375,-147.60601806640625,1
401,-180.42999267578125,-74.37680053710938,1
senderId,receiverID, sendTime, receivedTime,SF,SNR,Ftype,Freq,received,code
174,1,321.96436,393.90036,7,11.7062,2,8685,1,0
66,1,394.6875,2205.1194,12,-12.4053,2,8685,1,0
232,1,1111.9158,2922.348,12,-13.2216,2,8685,1,0
279,1,5319.7075,7130.139,12,-13.8224,2,8685,1,0
23,1,8272.753,10083.186,12,-3.49783,4,8685,1,0
106,1,9547.218,9680.849,8,-4.29845,2,8685,1,0
166,1,9785.705,10238.313,10,7.01357,2,8685,1,0
69,1,17827.676,19638.107,12,-10.9946,4,8685,1,0
62,1,18387.994,18634.78,9,-5.11207,2,8685,1,0
6,1,20333.398,20786.008,10,7.06992,2,8685,1,0
323,1,22841.04,22912.975,7,16.5333,2,8685,1,0
53,1,24015.957,25826.389,12,-8.35789,2,8685,1,0
201,1,24484.354,25471.49,11,-13.9712,2,8685,1,0
324,1,25870.81,25942.748,7,0.939378,4,8685,1,0
198,1,26594.568,27047.176,10,-8.71426,2,8685,0,1
75,1,28104.17,28556.777,10,-13.2706,2,8685,1,0
339,1,29781.379,29853.314,7,9.5648,2,8685,1,0
345,1,32601.902,33589.04,11,-13.7041,2,8685,1,0
121,1,34135.01,34206.95,7,-7.92244,2,8685,1,0
64,1,34399.84,34852.45,10,-3.34955,4,8685,1,0
183,1,34431.49,34678.273,9,-10.158,4,8685,1,0
255,1,34477.613,34549.55,7,-3.04414,2,8685,1,0
211,1,35222.656,37033.09,12,0.0,4,8685,0,1
284,1,35499.535,35952.14,10,-13.7505,2,8685,0,1
110,1,35869.52,36856.656,11,0.0,2,8685,1,0
397,1,37267.348,37400.98,8,0.0,4,8685,1,0
33,1,38167.387,38239.324,7,14.5324,2,8685,1,0
40,1,40078.195,40150.133,7,4.79347,2,8685,0,1
161,1,40402.152,42212.586,12,-10.8453,2,8685,0,1
221,1,43125.023,44935.457,12,-22.3683,2,8685,1,0
105,1,45718.625,47529.055,12,-12.0398,2,8685,1,0
330,1,46361.992,48172.426,12,-11.5639,2,8685,1,0
117,1,53112.4,54922.832,12,-12.6472,2,8685,1,0
214,1,54520.812,54973.418,10,-12.9146,2,8685,1,0
292,1,55582.363,55829.15,9,4.82681,4,8685,1,0
4,1,55867.934,56855.07,11,-16.5017,2,8685,0,1
248,1,57518.746,57971.35,10,0.0,2,8685,1,0
128,1,58861.465,60671.9,12,0.0,2,8685,1,0
263,1,61472.152,61718.938,9,-2.2068,2,8685,1,0
143,1,62274.46,64084.89,12,-22.4178,4,8685,1,0
294,1,66044.25,67854.68,12,-17.604,2,8685,0,1
351,1,66444.055,66515.99,7,17.1265,2,8685,0,1
379,1,67977.24,68224.02,9,-8.25697,2,8685,1,0
107,1,71530.46,72517.6,11,-0.976958,2,8685,1,0
20,1,71644.21,73454.64,12,-17.0748,4,8685,1,0
89,1,72819.47,73272.07,10,-0.714309,4,8685,1,0
380,1,75989.93,76977.06,11,0.0,2,8685,1,0
68,1,76771.625,77224.23,10,-14.1288,2,8685,1,0
291,1,77732.38,79542.81,12,8.44451,2,8685,1,0
51,1,80505.87,80577.805,7,6.78803,2,8685,1,0
265,1,81459.56,82446.7,11,-17.0541,4,8685,1,0
311,1,86841.09,87087.875,9,1.69569,2,8685,1,0
106,1,88837.91,88971.53,8,1.05679,2,8681,1,0
359,1,89336.46,90323.6,11,-15.3052,2,8685,1,0
252,1,89612.57,91423.01,12,-2.04761,2,8685,1,0
16,1,91027.8,91480.4,10,-5.22838,2,8685,1,0
164,1,94656.26,94789.88,8,-0.662994,2,8685,1,0
13,1,96932.53,98742.97,12,-5.94186,2,8685,1,0
353,1,99235.336,99687.945,10,-8.15642,2,8685,1,0
129,1,100031.85,100103.79,7,-7.59689,4,8681,1,0
138,1,100392.914,102203.34,12,0.0,4,8685,0,1
187,1,101175.54,101422.32,9,0.303941,2,8685,1,0
339,1,105027.836,105099.77,7,12.2057,2,8681,1,0
24,1,105319.36,107129.79,12,0.232514,2,8685,1,0
327,1,106471.8,106718.58,9,-7.25438,2,8685,1,0
56,1,108316.81,109303.945,11,-6.06271,2,8685,1,0
222,1,108979.95,110790.38,12,-11.4972,2,8685,1,0
32,1,111531.91,113342.336,12,-6.77821,2,8685,1,0
394,1,112852.51,112986.14,8,-10.2133,2,8685,1,0
375,1,113575.266,113822.05,9,2.64472,2,8685,1,0
63,1,118367.016,120177.445,12,-15.8606,4,8685,1,0
46,1,119147.93,119394.7,9,-13.7793,2,8685,1,0
160,1,122232.61,124043.05,12,0.0,2,8685,1,0
284,1,123049.36,123501.97,10,0.0,2,8681,1,0
147,1,127661.03,129471.47,12,-12.3043,4,8685,1,0
148,1,128140.18,128592.79,10,-6.35161,2,8685,1,0
258,1,129223.055,129675.66,10,-6.01987,2,8685,1,0
65,1,129892.67,130879.805,11,0.0,2,8685,1,0
270,1,131676.08,133486.5,12,-5.1369,2,8685,0,1
253,1,133235.47,133688.08,10,-4.66553,4,8685,1,0
83,1,134297.08,136107.5,12,0.0,4,8685,0,1
61,1,134864.98,134936.92,7,4.04734,4,8685,1,0
78,1,136339.67,136586.45,9,0.0,2,8685,1,0
141,1,136653.48,138463.9,12,0.0,2,8685,1,0
76,1,139417.33,139664.11,9,0.220033,2,8685,1,0
267,1,141252.84,141386.47,8,-11.3747,2,8685,1,0
341,1,141500.97,141572.9,7,-2.85841,2,8685,1,0
303,1,142622.84,144433.27,12,-16.3735,2,8685,1,0
315,1,143584.88,144037.47,10,-12.9638,2,8685,1,0
172,1,144752.3,144824.23,7,-0.0136863,2,8685,1,0
93,1,145424.61,147235.03,12,2.06867,2,8685,1,0
273,1,150939.45,151186.23,9,-10.6907,2,8681,1,0
342,1,153186.17,154996.6,12,-19.4941,2,8685,1,0
337,1,153708.1,154695.23,11,-1.28358,2,8685,1,0
236,1,157390.73,157462.66,7,7.73254,2,8685,1,0
156,1,158544.39,158616.31,7,3.02704,2,8685,1,0
202,1,158704.81,158951.6,9,-4.63539,2,8685,1,0
157,1,161040.3,161173.94,8,7.48666,4,8685,1,0
125,1,165087.56,165159.5,7,38.0759,2,8685,1,0
274,1,165528.34,167338.78,12,-15.8432,2,8685,1,0
149,1,166594.64,167047.23,10,-14.7158,2,8685,1,0
179,1,167448.94,167520.88,7,7.90852,2,8685,1,0
118,1,167831.02,168283.61,10,-13.4134,2,8685,1,0
108,1,169766.08,170012.86,9,-12.2677,2,8685,1,0
324,1,170031.81,170103.75,7,-5.0159,4,8681,1,0
29,1,173092.02,174079.14,11,-1.38245,2,8685,1,0
148,1,173400.98,173853.6,10,-8.76118,2,8681,1,0
392,1,175176.7,176163.83,11,-13.8996,2,8685,1,0
377,1,175845.31,177655.73,12,-10.1384,2,8685,1,0
196,1,176025.78,176478.39,10,-8.87382,2,8685,1,0
22,1,177131.42,177203.36,7,6.78088,4,8685,1,0
319,1,178403.95,179391.08,11,0.0,2,8685,1,0
245,1,181057.61,182868.03,12,-5.87056,2,8685,1,0
124,1,181147.22,182957.64,12,-19.2037,2,8681,1,0
178,1,181301.34,181753.95,10,-6.00944,2,8685,1,0
101,1,181380.88,181627.66,9,0.28032,2,8685,1,0
262,1,183285.66,184272.8,11,-19.0654,2,8685,1,0
12,1,183504.1,183576.02,7,11.8607,2,8685,1,0
85,1,185216.19,185349.83,8,-11.7208,2,8685,1,0
192,1,187722.11,189532.53,12,-18.4016,4,8685,1,0
255,1,188546.55,188618.48,7,-4.9494,2,8681,1,0
47,1,189240.12,189692.73,10,-11.3014,2,8685,1,0
271,1,189923.88,191734.3,12,0.0,2,8685,0,1
60,1,193189.94,193436.72,9,-14.3148,4,8685,1,0
281,1,193627.14,193699.06,7,16.5755,2,8685,1,0
154,1,195060.88,196048.02,11,-17.4914,2,8685,1,0
164,1,196221.69,196355.33,8,-4.59294,2,8681,1,0
314,1,196481.06,196553.0,7,33.0327,2,8685,1,0
92,1,197535.33,197987.94,10,14.8619,2,8685,1,0
69,1,198870.88,200681.31,12,-21.709,4,8681,1,0
137,1,199538.06,200525.19,11,-2.68939,4,8681,1,0
194,1,200220.8,202031.22,12,-12.433,2,8685,1,0
250,1,200471.44,201458.58,11,-12.486,4,8685,1,0
362,1,200616.28,201068.89,10,-8.33894,2,8685,1,0
16,1,200654.97,201107.58,10,-16.4935,2,8681,1,0
355,1,201874.42,202008.06,8,-2.95778,2,8685,1,0
177,1,203743.77,205554.19,12,0.0,2,8681,0,1
223,1,204194.84,204328.47,8,0.0,2,8685,0,1
49,1,204639.3,206449.72,12,-1.73625,2,8685,1,0
207,1,204649.92,204896.7,9,-7.60922,2,8685,1,0
34,1,205733.02,206185.62,10,-2.74686,2,8685,1,0
233,1,207250.03,209060.45,12,-18.0348,2,8685,1,0
106,1,207485.45,207619.1,8,1.09204,2,8681,1,0
176,1,210083.39,210217.03,8,3.33488,2,8685,1,0
228,1,212177.8,213988.22,12,-11.1082,4,8685,0,1
127,1,212499.52,212746.3,9,-3.16388,4,8685,1,0
378,1,213265.22,213337.14,7,17.403,2,8685,1,0
77,1,213353.75,214340.88,11,-1.14827,2,8685,0,1
64,1,213915.36,214367.97,10,-13.205,4,8681,1,0
164,1,216841.9,216975.55,8,0.0,2,8681,0,1
309,1,217672.12,219482.55,12,-5.48291,2,8685,1,0
183,1,219901.69,220148.47,9,-12.5379,4,8681,1,0
283,1,220153.11,221963.53,12,-22.2122,2,8685,1,0
361,1,220169.45,220622.06,10,-16.0695,4,8685,1,0
301,1,220302.97,220436.6,8,-3.94792,4,8685,1,0
206,1,220572.42,221559.56,11,-2.82707,4,8685,1,0
275,1,222533.12,224343.55,12,-8.09762,2,8681,1,0
140,1,223684.83,225495.25,12,1.77083,2,8685,1,0
249,1,225077.34,226064.48,11,-13.0672,4,8685,1,0
15,1,226140.17,227950.6,12,-16.8809,2,8681,1,0
269,1,226686.39,228496.81,12,0.0,2,8685,0,1
65,1,228606.28,229593.42,11,0.0,2,8681,0,1
344,1,229105.78,230092.9,11,0.0,2,8685,0,1
298,1,229409.11,229861.7,10,-15.7408,4,8685,1,0
9,1,230151.77,231962.19,12,-9.86488,4,8685,0,1
113,1,230585.56,231038.16,10,-7.60265,2,8685,0,1
267,1,231034.2,231167.84,8,1.09139,2,8681,0,1
102,1,233934.0,234180.78,9,-6.18411,2,8685,1,0
75,1,234838.23,235290.84,10,-6.66377,2,8681,1,0
50,1,235352.92,237163.34,12,-18.6283,2,8685,1,0
35,1,238176.78,239987.22,12,-2.39873,2,8685,1,0
122,1,239296.2,239542.98,9,17.5073,4,8685,1,0
276,1,239993.8,240065.72,7,-6.23779,2,8685,1,0
186,1,240106.75,241917.17,12,0.0,2,8685,0,1
163,1,241435.16,241887.75,10,0.0,2,8685,0,1
219,1,242005.27,242457.88,10,0.0,2,8685,0,1
106,1,242454.75,242588.38,8,0.0,2,8685,0,1
260,1,245267.6,247078.02,12,-11.6759,4,8685,1,0
204,1,245425.95,245878.56,10,-11.0714,2,8685,1,0
343,1,246493.38,248303.8,12,0.0,2,8685,1,0
47,1,248298.56,248751.17,10,0.0,2,8681,1,0
254,1,248388.86,248841.47,10,0.0,4,8685,1,0
382,1,249489.05,249941.66,10,-9.34528,4,8685,1,0
76,1,250685.81,250932.6,9,-9.96651,2,8681,1,0
91,1,251799.02,253609.44,12,-16.3067,2,8681,1,0
197,1,252559.72,254370.14,12,1.94495,2,8685,1,0
239,1,253966.2,254953.34,11,-11.2305,2,8685,1,0
44,1,255111.88,255564.48,10,-11.7176,2,8685,1,0
369,1,255875.89,257686.31,12,-5.6232,2,8685,1,0
352,1,256418.7,258229.12,12,-5.55038,4,8685,1,0
166,1,257743.83,258196.44,10,-11.4456,2,8681,1,0
171,1,258340.52,260150.94,12,-8.71233,4,8685,1,0
291,1,258775.58,260586.0,12,0.0,2,8681,0,1
208,1,259851.98,260098.78,9,8.97664,2,8685,1,0
312,1,260897.52,262707.94,12,0.0,4,8685,0,1
99,1,261413.7,262400.8,11,-8.10745,4,8685,1,0
401,1,261686.16,261932.95,9,-7.98387,2,8681,1,0
305,1,262428.28,262675.1,9,-3.44762,2,8685,1,0
358,1,262565.94,263018.56,10,-16.4815,2,8685,1,0
247,1,262950.1,263083.75,8,-10.4197,2,8685,1,0
272,1,265193.94,265265.88,7,4.96879,2,8685,1,0
119,1,266114.44,267101.56,11,-18.4622,2,8685,1,0
80,1,266156.97,266403.78,9,5.93351,2,8681,1,0
183,1,267826.3,268073.12,9,-9.01257,4,8685,1,0
22,1,270767.1,270839.03,7,-0.60527,4,8681,1,0
97,1,271205.06,273015.5,12,0.0,2,8681,0,1
390,1,271821.3,271893.25,7,6.36538,2,8685,1,0
234,1,272745.56,273198.2,10,0.0,2,8685,0,1
392,1,273890.28,274877.4,11,0.0,2,8681,0,1
308,1,275203.25,277013.7,12,-4.59091,2,8685,1,0
288,1,275326.62,275573.44,9,-10.1042,2,8685,1,0
220,1,277055.22,278865.62,12,-12.9377,4,8681,1,0
104,1,277763.66,279574.06,12,-5.44482,2,8685,1,0
227,1,278630.72,279083.3,10,-7.7251,2,8685,1,0
79,1,279044.75,279291.53,9,-5.76556,2,8685,1,0
8,1,279167.34,280977.78,12,-18.9513,2,8681,1,0
235,1,279446.1,279898.72,10,-11.4312,4,8681,1,0
11,1,280481.47,280934.1,10,-15.7769,4,8685,1,0
307,1,281454.72,282441.84,11,-6.19665,2,8685,1,0
131,1,281516.1,281762.88,9,-13.188,2,8685,1,0
203,1,282067.84,283878.25,12,-21.1517,2,8681,1,0
285,1,283006.97,284817.38,12,2.47273,4,8685,1,0
38,1,284048.34,284181.97,8,19.9727,2,8685,1,0
27,1,284910.6,285363.2,10,3.46542,2,8685,1,0
33,1,285079.53,285151.47,7,11.4995,2,8681,1,0
39,1,285551.1,286003.7,10,-5.63997,2,8685,1,0
24,1,286362.56,288172.97,12,0.0,2,8681,1,0
395,1,286548.12,288358.56,12,0.0,2,8685,0,1
241,1,286927.62,287914.72,11,0.0,2,8685,1,0
215,1,287165.7,287237.62,7,0.0,4,8685,1,0
257,1,287652.34,289462.78,12,0.0,4,8685,0,1
190,1,288115.6,288187.53,7,23.1763,2,8685,1,0
123,1,288298.22,288545.0,9,-7.40169,2,8685,1,0
401,1,288363.53,288610.3,9,17.0219,2,8681,1,0
112,1,289512.22,290499.34,11,8.86774,2,8685,1,0
182,1,289785.75,291596.16,12,-10.0363,2,8681,1,0
390,1,290358.4,290430.34,7,-6.27212,2,8681,1,0
72,1,290773.16,291019.97,9,-12.4769,2,8685,1,0
183,1,292504.72,292751.53,9,-10.4292,4,8685,1,0
327,1,293303.2,293550.0,9,-12.7783,2,8681,1,0
294,1,293363.66,295174.06,12,-17.7944,2,8681,1,0
296,1,293498.66,293951.25,10,0.227998,2,8685,1,0
360,1,295104.72,295557.3,10,-2.94446,4,8685,1,0
356,1,295757.94,296745.06,11,-19.147,2,8685,1,0
236,1,296604.5,296676.44,7,21.2233,2,8681,1,0
338,1,296751.7,297204.28,10,-11.2922,2,8685,1,0
89,1,297307.94,297760.56,10,-8.98825,4,8681,1,0
63,1,299410.22,301220.66,12,0.0,4,8681,1,0
386,1,299760.16,301570.6,12,0.0,4,8685,1,0
261,1,301301.0,301372.94,7,1.03958,4,8681,1,0
237,1,302181.7,302315.34,8,9.02455,2,8681,1,0
372,1,302295.06,302541.88,9,-4.2594,2,8685,0,1
70,1,302631.75,304442.16,12,-14.6912,4,8685,0,1
243,1,303599.38,305409.78,12,-14.5524,4,8685,0,1
211,1,305022.4,306832.8,12,-14.0034,4,8681,1,0
329,1,305258.47,305711.06,10,-6.91707,2,8681,1,0
59,1,306861.03,307848.16,11,-13.4724,4,8685,1,0
393,1,307779.3,308231.94,10,-1.60705,2,8681,1,0
146,1,307967.25,309777.7,12,-20.7488,4,8685,1,0
264,1,309401.7,309473.6,7,0.908524,2,8685,1,0
384,1,309422.56,309875.2,10,-8.93416,2,8685,1,0
400,1,309969.88,311780.3,12,0.0,2,8685,1,0
263,1,311050.4,311297.22,9,-9.08281,2,8681,1,0
85,1,311791.12,311924.78,8,0.0,2,8681,1,0
77,1,312067.34,313054.47,11,0.0,2,8681,1,0
170,1,312231.7,314042.12,12,0.0,2,8685,1,0
270,1,312719.28,314529.7,12,0.0,2,8681,1,0
295,1,312736.56,313189.2,10,0.0,4,8681,1,0
300,1,312758.84,313745.97,11,0.0,2,8685,1,0
34,1,313911.22,314363.84,10,-16.2964,2,8681,1,0
181,1,314147.03,315957.47,12,-8.23822,4,8681,1,0
150,1,314801.7,315788.8,11,-17.3959,2,8681,1,0
202,1,320643.2,320889.97,9,-4.31656,2,8681,1,0
55,1,320725.12,320971.94,9,-10.1641,2,8685,1,0
232,1,321623.56,323434.0,12,-16.2101,2,8681,1,0
191,1,321876.5,323686.9,12,-1.12804,2,8685,1,0
114,1,322295.25,322747.88,10,-1.24612,2,8681,1,0
371,1,325617.8,327428.22,12,-10.4028,2,8685,1,0
18,1,325843.94,326831.06,11,4.48557,2,8681,1,0
163,1,326669.53,327122.12,10,-2.87506,2,8681,1,0
333,1,327450.53,327522.47,7,-6.56668,2,8685,1,0
64,1,327507.28,327959.9,10,-13.3744,4,8681,1,0
344,1,327819.38,328806.5,11,-7.68854,2,8681,1,0
207,1,328028.84,328275.62,9,-13.1468,2,8681,1,0
94,1,330026.12,330478.72,10,0.0,2,8681,1,0
230,1,330212.88,331200.0,11,0.0,4,8685,1,0
217,1,330730.4,332540.84,12,0.0,4,8685,1,0
125,1,334683.12,334755.06,7,22.0807,2,8681,1,0
339,1,335344.84,335416.78,7,30.2808,2,8681,1,0
280,1,335966.8,336419.4,10,1.71675,2,8685,1,0
134,1,336392.62,338203.06,12,-8.28128,2,8685,1,0
152,1,337777.62,337849.56,7,-6.4507,2,8681,1,0
118,1,339146.2,339598.78,10,-11.5908,2,8681,1,0
115,1,339399.7,339646.5,9,-5.01742,2,8685,1,0
138,1,339521.72,341332.16,12,-13.1346,4,8681,1,0
281,1,339932.8,340004.72,7,-2.32632,2,8681,1,0
398,1,340633.94,342444.38,12,-13.1473,2,8685,1,0
366,1,342584.12,342656.06,7,3.59988,2,8685,1,0
297,1,342786.6,343773.72,11,0.0,4,8681,1,0
55,1,345403.53,345650.34,9,-5.35329,2,8681,1,0
374,1,346975.62,348786.03,12,-12.4548,2,8681,1,0
336,1,348715.6,350526.03,12,-7.91809,2,8681,1,0
201,1,349691.7,350678.8,11,-13.2559,2,8681,1,0
130,1,350417.5,350870.12,10,-16.4633,2,8685,1,0
159,1,350674.47,352484.9,12,-20.1403,4,8681,1,0
198,1,351241.3,351693.9,10,6.80463,2,8681,1,0
19,1,352951.7,353085.3,8,2.89252,2,8685,1,0
355,1,353154.03,353287.66,8,5.00261,2,8681,1,0
318,1,353439.4,355249.8,12,-20.4965,2,8685,1,0
125,1,355091.53,355163.44,7,42.62,2,8681,1,0
71,1,355946.7,356080.3,8,5.81522,2,8685,1,0
144,1,356681.4,358491.8,12,-16.2031,2,8681,1,0
265,1,357086.4,358073.53,11,1.84944,4,8681,1,0
133,1,357813.3,359623.75,12,1.10523,2,8685,1,0
376,1,358446.75,358899.34,10,10.6859,2,8685,1,0
276,1,360593.44,360665.38,7,0.0,2,8681,0,1
357,1,361130.6,361202.5,7,0.0,2,8681,0,1
199,1,362468.6,364279.03,12,-18.7906,2,8681,1,0
90,1,363353.88,364341.0,11,3.05919,2,8681,1,0
115,1,364078.1,364324.88,9,-8.18935,2,8681,1,0
298,1,365002.03,365454.66,10,-13.262,4,8681,1,0
279,1,367406.1,369216.53,12,-10.3402,2,8681,1,0
58,1,369765.47,370752.6,11,-1.97102,2,8681,1,0
271,1,370967.06,372777.5,12,-21.9558,2,8681,1,0
236,1,377386.88,377458.8,7,10.0906,2,8681,1,0
139,1,377771.97,377843.9,7,17.4748,2,8681,1,0
162,1,378336.7,379323.8,11,-11.398,4,8681,1,0
210,1,385380.47,387190.88,12,12.0485,2,8681,1,0
80,1,387097.38,387344.2,9,-0.823333,2,8681,1,0
57,1,387572.78,389383.22,12,-14.3886,2,8681,1,0
103,1,391092.9,392903.3,12,-20.6602,2,8681,1,0
208,1,391181.06,391427.84,9,2.27182,2,8681,1,0
228,1,393221.0,395031.44,12,-10.3087,4,8681,1,0
276,1,396100.2,396172.12,7,0.0,2,8681,1,0
198,1,396502.1,396954.72,10,0.0,2,8681,1,0
309,1,398715.3,400525.72,12,-8.39886,2,8681,1,0
125,1,401401.5,401473.4,7,8.7944,2,8685,1,0
56,1,403518.84,404505.94,11,-9.05653,2,8681,1,0
108,1,403663.28,403910.06,9,-4.86005,2,8681,1,0
59,1,405574.66,406561.78,11,-16.4718,4,8681,1,0
274,1,407296.3,409106.75,12,0.0,2,8681,1,0
172,1,412692.66,412764.6,7,20.5612,2,8681,1,0
387,1,412963.75,414774.16,12,-15.2494,2,8681,1,0
149,1,415754.75,416207.38,10,-13.2367,2,8681,1,0
50,1,416396.12,418206.53,12,-11.3758,2,8681,1,0
202,1,419810.5,420057.28,9,-5.21413,2,8681,1,0
42,1,422742.8,422814.72,7,-4.67337,4,8681,1,0
80,1,422894.6,423141.38,9,1.42331,2,8685,1,0
26,1,423187.34,424997.78,12,0.0,2,8681,0,1
314,1,423956.1,424028.0,7,23.5235,2,8681,1,0
324,1,424548.12,424620.06,7,3.03496,4,8681,1,0
368,1,425018.16,426005.28,11,0.0,2,8681,1,0
46,1,425940.62,426187.4,9,0.0,2,8681,1,0
344,1,426533.0,427520.12,11,-11.1659,2,8681,0,1
61,1,434120.2,434192.1,7,8.43626,4,8681,1,0
293,1,434166.72,435977.16,12,-6.48007,2,8681,0,1
166,1,435086.22,435538.8,10,3.18783,2,8681,0,1
100,1,437111.53,438921.97,12,-8.56761,2,8681,1,0
383,1,439280.53,441090.94,12,-22.2932,4,8681,1,0
281,1,439963.3,440035.25,7,14.0398,2,8681,1,0
261,1,445208.9,445280.8,7,-4.39511,4,8681,1,0
230,1,445330.4,446317.53,11,-13.4206,4,8681,0,1
391,1,445585.12,447395.53,12,-12.6504,4,8681,0,1
178,1,450185.62,450638.25,10,-9.337,2,8681,1,0
79,1,454138.62,454385.4,9,-6.0637,2,8681,1,0
308,1,456246.47,458056.88,12,-18.3234,2,8681,1,0
345,1,456334.5,457321.62,11,-2.03903,2,8681,1,0
216,1,460281.16,460733.75,10,-6.83002,2,8681,1,0
76,1,462967.34,463214.16,9,-1.72182,2,8681,1,0
119,1,463541.62,464528.75,11,-19.3983,2,8681,1,0
73,1,467204.75,467338.38,8,3.72476,2,8681,1,0
24,1,467405.75,469216.2,12,-6.84845,2,8681,1,0
397,1,468883.2,469016.8,8,5.71774,4,8681,1,0
129,1,469198.03,469269.97,7,-9.14723,4,8681,1,0
5,1,469849.22,469921.16,7,2.67957,2,8681,1,0
182,1,470828.94,472639.38,12,0.0,2,8681,0,1
94,1,477359.97,477812.56,10,-11.0265,2,8681,1,0
234,1,482055.72,482508.34,10,-13.1484,2,8681,1,0
51,1,484278.84,484350.78,7,11.3338,2,8681,1,0
206,1,485448.4,486435.53,11,-11.6152,4,8681,1,0
211,1,486065.62,487876.03,12,-12.35,4,8681,1,0
361,1,487609.38,488061.97,10,10.548,4,8681,1,0
160,1,488573.28,490383.7,12,0.0,2,8681,0,1
19,1,488774.16,488907.8,8,0.0,2,8681,1,0
400,1,491013.1,492823.53,12,-19.2968,2,8681,1,0
125,1,491070.53,491142.47,7,9.73596,2,8685,1,0
250,1,493430.38,494417.5,11,-3.97221,4,8681,1,0
323,1,495774.7,495846.62,7,5.22228,2,8681,1,0
324,1,499975.56,500047.5,7,5.28083,4,8685,1,0
110,1,500611.56,501598.7,11,-0.00121988,2,8681,1,0
36,1,500883.3,501130.1,9,-11.641,2,8681,1,0
4,1,502017.1,503004.22,11,0.0,2,8681,1,0
191,1,502919.72,504730.12,12,0.0,2,8681,1,0
55,1,504217.25,504464.06,9,-8.8473,2,8681,1,0
303,1,504709.25,506519.7,12,-16.1496,2,8681,1,0
371,1,506661.0,508471.44,12,-17.4669,2,8681,1,0
162,1,506924.34,507911.47,11,-8.11989,4,8681,1,0
339,1,507202.1,507274.03,7,9.40916,2,8685,1,0
108,1,508418.3,508665.1,9,-7.2048,2,8681,1,0
102,1,513062.5,513309.25,9,-0.631164,2,8681,1,0
219,1,514860.4,515313.06,10,1.27257,2,8681,1,0
51,1,517091.3,517163.28,7,10.5008,2,8681,1,0
360,1,517493.22,517945.88,10,-0.631576,4,8681,1,0
52,1,517621.4,519431.8,12,0.0,2,8681,1,0
165,1,520600.03,521587.16,11,19.7077,2,8681,0,1
398,1,521677.12,523487.56,12,13.7055,2,8681,1,0
302,1,525742.0,527552.44,12,-15.6839,2,8681,1,0
90,1,527057.44,528044.56,11,-15.0971,2,8681,1,0
158,1,527951.56,528023.5,7,4.98174,2,8685,1,0
298,1,530733.8,531186.44,10,-10.3526,4,8681,1,0
329,1,533600.7,534053.4,10,0.0,2,8685,0,1
147,1,534335.5,536145.94,12,0.0,4,8681,0,1
44,1,534495.9,534948.5,10,-4.54924,2,8681,1,0
332,1,534953.06,535405.7,10,-13.3482,2,8681,1,0
144,1,537724.6,539535.06,12,1.9323,2,8681,1,0
64,1,538841.5,539294.1,10,3.6362,4,8685,1,0
35,1,539666.25,541476.7,12,5.07606,2,8681,1,0
142,1,542069.5,543879.94,12,-13.7791,4,8681,1,0
199,1,543511.75,545322.2,12,-21.6181,2,8685,1,0
230,1,544044.0,545031.1,11,-7.08166,4,8681,1,0
261,1,544859.8,544931.75,7,9.58279,4,8685,1,0
260,1,545995.06,547805.5,12,0.0,4,8681,1,0
167,1,549281.5,551091.94,12,-11.4246,2,8681,0,1
248,1,549659.75,550112.4,10,-12.7643,2,8681,0,1
271,1,552010.25,553820.7,12,5.67724,2,8681,1,0
386,1,559557.5,561367.94,12,0.0,4,8681,0,1
157,1,560027.25,560160.8,8,-7.91899,4,8681,1,0
127,1,560312.3,560559.06,9,-7.7232,4,8681,1,0
139,1,562785.94,562857.94,7,0.0,2,8685,0,1
106,1,564139.1,564272.7,8,8.41991,2,8685,1,0
57,1,568615.94,570426.4,12,-10.0884,2,8681,1,0
247,1,568785.2,568918.8,8,-0.17047,2,8681,1,0
136,1,573485.44,575295.8,12,-2.98108,2,8681,1,0
397,1,575117.2,575250.8,8,-5.21164,4,8681,1,0
298,1,575994.6,576447.25,10,0.0,4,8685,0,1
132,1,576518.56,578329.0,12,-15.7466,2,8681,1,0
130,1,577962.56,578415.25,10,7.60709,2,8681,1,0
332,1,580213.9,580666.5,10,-7.99295,2,8685,1,0
206,1,584162.0,585149.1,11,-11.8909,4,8681,1,0
10,1,584363.06,584815.7,10,-12.0252,4,8681,1,0
190,1,589636.06,589708.0,7,19.1298,2,8681,1,0
275,1,590032.44,591842.8,12,-13.266,2,8685,1,0
207,1,590484.25,590731.0,9,7.57765,2,8685,1,0
118,1,592442.44,592895.06,10,-16.8733,2,8681,1,0
189,1,593295.3,595105.7,12,-16.5232,4,8681,1,0
180,1,595127.4,596937.8,12,-10.5355,2,8681,1,0
259,1,595325.6,595778.25,10,-7.25445,2,8681,1,0
172,1,596254.25,596326.25,7,15.9833,2,8681,1,0
267,1,596387.9,596521.5,8,1.25819,2,8681,1,0
279,1,598491.56,600302.0,12,-18.9142,2,8685,1,0
314,1,599752.06,599824.06,7,32.4868,2,8681,1,0
353,1,602429.3,602881.94,10,-14.2549,2,8685,1,0
175,1,602960.0,603412.7,10,-6.36252,4,8681,1,0
7,1,603643.25,605453.7,12,0.0,2,8681,0,1
324,1,604089.0,604160.94,7,6.88312,4,8685,1,0
162,1,605637.94,606625.06,11,0.0,4,8685,1,0
270,1,606574.25,608384.6,12,0.0,2,8681,1,0
336,1,611361.25,613171.7,12,-14.5614,2,8681,1,0
293,1,615209.9,617020.3,12,-8.99882,2,8681,1,0
389,1,615861.7,616314.3,10,0.777848,2,8681,1,0
349,1,618560.94,620371.3,12,-7.17082,2,8681,1,0
59,1,619406.9,620394.0,11,6.64706,4,8681,1,0
156,1,620719.6,620791.56,7,-4.21896,2,8681,1,0
388,1,621579.4,621712.94,8,0.0,2,8685,1,0
70,1,622553.06,624363.44,12,-7.98059,4,8681,1,0
129,1,623363.2,623435.1,7,0.235261,4,8685,1,0
36,1,624293.56,624540.4,9,-7.54446,2,8681,0,1
332,1,625474.7,625927.3,10,0.0,2,8685,1,0
399,1,626008.3,626255.06,9,0.0,4,8681,1,0
352,1,627428.4,629238.8,12,7.09371,4,8681,0,1
10,1,629623.8,630076.5,10,-10.4175,4,8681,1,0
252,1,632742.2,634552.6,12,-0.947646,2,8685,1,0
135,1,635336.2,636323.3,11,-13.8552,2,8681,1,0
179,1,635670.9,635742.9,7,0.482423,2,8681,1,0
308,1,637289.7,639100.1,12,-12.0465,2,8681,1,0
392,1,640708.1,641695.25,11,-3.75227,2,8681,1,0
153,1,647651.56,649462.0,12,-17.299,2,8681,1,0
353,1,647690.1,648142.75,10,-8.95262,2,8685,1,0
337,1,647998.1,648985.25,11,-13.4644,2,8681,1,0
257,1,649738.75,651549.2,12,-9.31573,4,8681,1,0
15,1,652604.8,654415.25,12,0.0,2,8681,0,1
345,1,653761.75,654748.8,11,0.0,2,8685,0,1
375,1,654852.6,655099.4,9,-10.5263,2,8681,1,0
373,1,657087.25,658897.7,12,-6.32228,2,8681,1,0
29,1,659387.4,660374.5,11,-9.10948,2,8681,1,0
331,1,662957.94,663410.56,10,-0.649932,2,8681,1,0
346,1,663982.0,665792.44,12,-6.1447,4,8681,1,0
258,1,667358.56,667811.2,10,0.0,2,8681,0,1
368,1,668404.9,669391.94,11,0.0,2,8681,0,1
160,1,669616.44,671426.9,12,-5.28761,2,8681,1,0
231,1,671204.1,673014.5,12,-2.23248,4,8681,1,0
253,1,672086.44,672539.06,10,-1.04141,4,8681,1,0
255,1,674736.56,674808.56,7,-0.328262,2,8681,1,0
181,1,676233.44,678043.9,12,-10.858,4,8685,1,0
20,1,676245.3,678055.75,12,-17.8643,4,8681,1,0
375,1,679531.0,679777.75,9,10.576,2,8681,1,0
139,1,680137.4,680209.4,7,0.0,2,8683,0,1
351,1,680461.44,680533.4,7,0.0,2,8681,0,1
12,1,682200.5,682272.44,7,-0.380675,2,8681,1,0
107,1,685469.06,686456.2,11,-6.85445,2,8681,1,0
139,1,687331.0,687402.94,7,21.0733,2,8685,1,0
294,1,691528.75,693339.2,12,-15.592,2,8681,1,0
75,1,692560.4,693013.0,10,-3.93259,2,8681,1,0
374,1,692571.8,694382.25,12,-15.4554,2,8681,1,0
146,1,694861.5,696671.94,12,9.42888,4,8681,1,0
158,1,697981.5,698053.44,7,0.0,2,8685,1,0
211,1,699100.56,700911.0,12,-12.0964,4,8685,0,1
360,1,700270.2,700722.8,10,-13.035,4,8685,1,0
85,1,702044.6,702178.25,8,-0.324981,2,8681,1,0
398,1,702720.3,704530.75,12,0.0,2,8681,1,0
375,1,704209.44,704456.2,9,-13.5282,2,8685,1,0
162,1,704351.56,705338.7,11,-11.5023,4,8685,1,0
125,1,704487.9,704559.8,7,15.8326,2,8683,1,0
41,1,706953.2,708763.6,12,-21.7635,2,8681,1,0
44,1,708054.7,708507.3,10,-5.45314,2,8681,1,0
82,1,709700.6,709947.4,9,9.0285,4,8685,1,0
331,1,710750.25,711202.9,10,-10.3781,2,8681,0,1
147,1,715378.7,717189.06,12,-7.351,4,8681,1,0
124,1,715694.56,717505.0,12,-16.5775,2,8685,1,0
329,1,716592.5,717045.2,10,-10.8356,2,8685,1,0
253,1,717347.25,717799.9,10,-6.83417,4,8681,1,0
165,1,718027.25,719014.3,11,-17.2127,2,8685,1,0
287,1,722001.94,723812.4,12,0.40294,2,8681,1,0
229,1,724735.5,725188.1,10,-13.5307,2,8685,1,0
164,1,725810.2,725943.8,8,-7.44183,2,8685,1,0
219,1,726049.9,726502.5,10,-5.17168,2,8681,1,0
220,1,726059.56,727870.0,12,2.06668,4,8681,1,0
300,1,729580.3,730567.44,11,-8.10696,2,8681,1,0
271,1,733053.44,734863.9,12,-3.01811,2,8685,1,0
247,1,733177.56,733311.2,8,-4.12062,2,8681,1,0
276,1,733184.7,733256.6,7,8.40024,2,8685,1,0
217,1,734515.56,736326.0,12,-18.675,4,8681,1,0
175,1,736922.9,737375.5,10,-9.85155,4,8685,1,0
341,1,737366.56,737438.56,7,21.5254,2,8681,1,0
168,1,737936.1,739746.5,12,0.0,4,8681,0,1
22,1,737959.94,738031.94,7,16.5561,4,8685,1,0
89,1,738468.6,738921.25,10,0.0,4,8681,1,0
161,1,739718.0,741528.44,12,-9.97278,2,8681,0,1
53,1,740263.56,742074.0,12,-5.60316,2,8685,0,1
339,1,740883.0,740954.94,7,24.7223,2,8685,0,1
343,1,742033.94,743844.4,12,0.734879,2,8681,0,1
360,1,745531.0,745983.6,10,-11.6228,4,8685,1,0
337,1,746711.7,747698.8,11,-5.00676,2,8681,1,0
58,1,746974.6,747961.75,11,-3.26175,2,8685,1,0
64,1,747034.6,747487.25,10,-5.99551,4,8683,1,0
187,1,747590.44,747837.25,9,21.2853,2,8681,1,0
214,1,748035.94,748488.56,10,3.11923,2,8681,0,1
233,1,750379.6,752190.06,12,-20.2492,2,8685,1,0
339,1,750489.1,750561.1,7,4.62232,2,8683,1,0
136,1,754528.6,756339.06,12,-15.9438,2,8681,1,0
365,1,760018.06,761828.5,12,-9.86516,2,8681,1,0
354,1,763162.9,764973.3,12,-10.7843,4,8681,1,0
297,1,769210.0,770197.1,11,-19.244,4,8681,1,0
274,1,769382.75,771193.2,12,-13.5868,2,8685,1,0
187,1,772268.9,772515.6,9,4.78367,2,8681,0,1
208,1,780772.8,781019.56,9,13.9112,2,8681,1,0
314,1,782641.5,782713.44,7,52.024,2,8685,1,0
68,1,783840.9,784293.5,10,-12.2658,2,8681,1,0
345,1,785305.3,786292.44,11,-3.28792,2,8683,1,0
347,1,785489.1,787299.56,12,-10.5788,2,8681,1,0
382,1,787525.56,787978.2,10,-16.573,4,8681,1,0
122,1,791791.8,792038.56,9,4.98134,4,8681,1,0
336,1,792404.44,794214.9,12,-16.842,2,8685,0,1
19,1,793718.3,793851.94,8,-9.20143,2,8681,1,0
187,1,796947.25,797194.0,9,-8.46382,2,8685,1,0
59,1,797259.2,798246.3,11,-19.4375,4,8685,1,0
179,1,800074.0,800145.94,7,-3.3652,2,8681,1,0
100,1,800734.9,802545.3,12,-9.20027,2,8681,1,0
254,1,801344.75,801797.4,10,-13.3678,4,8681,1,0
43,1,803774.7,805585.06,12,0.0,4,8681,0,1
198,1,805539.25,805991.9,10,-2.40776,2,8683,1,0
30,1,805887.6,806134.4,9,-8.5233,2,8681,1,0
320,1,806739.06,806872.7,8,-1.40073,2,8681,1,0
246,1,807548.0,809358.4,12,-0.584258,2,8681,1,0
74,1,808627.25,808760.9,8,2.89293,2,8681,1,0
338,1,809079.9,809532.56,10,-7.42821,2,8681,1,0
230,1,812843.3,813830.44,11,-19.2623,4,8685,1,0
305,1,814271.44,814518.2,9,-2.25021,2,8681,1,0
302,1,814755.9,816566.3,12,0.0,2,8681,0,1
389,1,814800.1,815252.75,10,0.0,2,8681,1,0
194,1,816615.9,818426.25,12,-9.05714,2,8685,0,1
165,1,816740.9,817727.94,11,2.19313,2,8685,0,1
121,1,818128.6,818200.56,7,11.754,2,8681,1,0
308,1,818332.9,820143.3,12,-16.8599,2,8685,1,0
304,1,818490.9,818562.8,7,-8.00108,2,8681,1,0
224,1,823587.2,824039.8,10,-4.522,2,8681,1,0
7,1,823900.6,825711.06,12,-1.04567,2,8685,1,0
300,1,828293.94,829281.06,11,-9.60646,2,8685,1,0
95,1,829281.56,831092.0,12,-5.7626,2,8681,1,0
261,1,830637.75,830709.7,7,11.5763,4,8685,1,0
72,1,830666.06,830912.8,9,-14.3538,2,8681,1,0
257,1,830781.94,832592.4,12,-20.4704,4,8685,0,1
55,1,833970.3,834217.1,9,9.96014,2,8685,1,0
193,1,833991.3,835801.75,12,-12.5211,4,8685,1,0
285,1,838037.8,839848.25,12,0.0104226,4,8681,1,0
67,1,842203.2,844013.6,12,-7.89403,2,8681,0,1
169,1,843543.8,845354.25,12,-18.298,2,8685,1,0
172,1,843877.2,843949.2,7,-1.10698,2,8685,1,0
78,1,844424.56,844671.3,9,-10.5193,2,8681,1,0
58,1,845688.2,846675.3,11,-5.58722,2,8685,1,0
254,1,846605.5,847058.2,10,-7.97679,4,8681,1,0
261,1,851733.6,851805.6,7,-6.96599,4,8683,1,0
283,1,851796.1,853606.56,12,-12.785,2,8685,0,1
172,1,853857.9,853929.8,7,-7.0269,2,8685,1,0
281,1,855979.44,856051.4,7,23.4188,2,8685,1,0
29,1,856814.56,857801.7,11,-18.8813,2,8685,1,0
197,1,857302.94,859113.3,12,-7.7392,2,8685,1,0
9,1,858108.44,859918.9,12,-17.5481,4,8681,1,0
210,1,861551.3,863361.75,12,0.0,2,8685,0,1
305,1,864515.6,864762.4,9,-2.36185,2,8685,1,0
125,1,864628.0,864699.94,7,3.28449,2,8685,1,0
397,1,867183.2,867316.75,8,-6.15245,4,8685,1,0
195,1,869115.75,870926.1,12,-16.3187,2,8681,1,0
323,1,869358.06,869430.0,7,3.8252,2,8681,1,0
312,1,872490.44,874300.8,12,7.31791,4,8681,1,0
120,1,873520.44,873654.06,8,-4.51573,2,8681,1,0
374,1,873615.06,875425.5,12,0.0,2,8685,1,0
234,1,874668.6,875121.25,10,-4.1404,2,8681,1,0
303,1,880978.8,882789.25,12,-6.55431,2,8685,1,0
228,1,882941.3,884751.7,12,-7.98685,4,8681,1,0
48,1,886545.1,888355.5,12,0.0,2,8685,0,1
332,1,888522.75,888975.4,10,-1.944,2,8683,1,0
110,1,893652.25,894639.3,11,-1.47938,2,8681,1,0
119,1,893676.4,894663.5,11,-18.2288,2,8685,1,0
177,1,894290.2,896100.56,12,-21.1508,2,8681,1,0
178,1,896065.5,896518.1,10,2.65338,2,8685,1,0
147,1,896421.9,898232.3,12,-10.1739,4,8685,1,0
397,1,897944.0,898077.56,8,-0.48207,4,8685,1,0
216,1,897991.0,898443.7,10,-14.485,2,8685,1,0
207,1,899064.44,899311.2,9,7.35309,2,8685,0,1
385,1,902520.94,903508.06,11,-6.59643,4,8685,1,0
150,1,904722.8,905709.94,11,-16.6883,2,8685,1,0
273,1,905039.7,905286.44,9,0.924256,2,8681,1,0
72,1,906034.3,906281.06,9,2.92423,2,8685,1,0
76,1,907910.44,908157.25,9,2.87645,2,8685,1,0
260,1,908081.44,909891.9,12,-17.3545,4,8685,1,0
268,1,908657.3,909109.94,10,-3.60786,4,8681,1,0
278,1,911122.7,912933.1,12,0.0,2,8681,0,1
220,1,916692.06,918502.5,12,-5.95155,4,8685,1,0
135,1,917847.44,918834.56,11,-11.6508,2,8685,1,0
204,1,918090.06,918542.75,10,-2.85182,2,8681,1,0
168,1,920875.25,922685.7,12,3.86147,4,8681,1,0
343,1,923077.1,924887.56,12,0.0,2,8681,0,1
247,1,923938.75,924072.3,8,-5.33836,2,8685,1,0
263,1,924185.3,924432.06,9,-10.0352,2,8685,1,0
399,1,924679.94,924926.7,9,0.0,4,8685,0,1
393,1,926178.06,926630.7,10,8.6983,2,8685,1,0
253,1,929518.3,929970.94,10,-3.0003,4,8685,1,0
261,1,931626.75,931698.75,7,5.63968,4,8685,1,0
284,1,933747.25,934199.9,10,-11.0508,2,8681,1,0
170,1,934489.25,936299.7,12,-20.8926,2,8681,1,0
292,1,936217.0,936463.75,9,-10.5306,4,8681,1,0
157,1,937850.1,937983.7,8,17.2519,4,8685,1,0
297,1,939348.5,940335.6,11,0.0,4,8685,1,0
174,1,940584.8,940656.8,7,-8.96022,2,8681,1,0
259,1,940677.9,941130.5,10,-16.8743,2,8681,1,0
365,1,941061.25,942871.7,12,-22.2014,2,8685,0,1
354,1,944206.06,946016.5,12,-18.3667,4,8685,1,0
372,1,944533.94,944780.7,9,5.00714,2,8685,1,0
232,1,946252.1,948062.56,12,-18.7522,2,8681,1,0
368,1,947784.25,948771.4,11,-16.0524,2,8685,1,0
42,1,948259.9,948331.9,7,-5.70831,4,8681,1,0
46,1,950500.75,950747.5,9,0.0,2,8685,1,0
120,1,955230.0,955363.56,8,-8.31535,2,8685,1,0
219,1,955960.75,956413.4,10,-10.3449,2,8685,1,0
155,1,957233.44,957480.25,9,-13.847,2,8681,1,0
342,1,958228.06,960038.5,12,-3.88988,2,8685,1,0
122,1,963072.2,963319.0,9,5.43542,4,8685,1,0
290,1,964112.94,965923.3,12,0.0,2,8681,0,1
256,1,964266.5,966076.9,12,0.0,4,8685,0,1
60,1,964653.44,964900.2,9,-11.678,4,8685,1,0
74,1,971513.75,971647.3,8,-10.8044,2,8685,1,0
282,1,971574.25,973384.6,12,-3.56712,2,8681,1,0
336,1,973447.6,975258.06,12,-12.8033,2,8685,1,0
178,1,974140.1,974592.75,10,-3.7149,2,8685,1,0
379,1,974611.2,974858.0,9,-3.70422,2,8681,1,0
253,1,974779.1,975231.75,10,4.73894,4,8685,1,0
293,1,977296.3,979106.75,12,0.0,2,8685,1,0
8,1,977698.4,979508.8,12,0.0,2,8681,1,0
247,1,978832.94,978966.56,8,-9.41403,2,8683,1,0
37,1,980647.94,982458.4,12,-8.96841,2,8681,1,0
401,1,981085.94,981332.7,9,-12.7725,2,8685,1,0
390,1,982363.1,982435.06,7,11.1389,2,8685,1,0
281,1,982514.0,982585.94,7,3.32271,2,8685,1,0
109,1,982928.9,984739.3,12,-11.0131,2,8685,1,0
94,1,983722.44,984175.06,10,-13.6249,2,8685,1,0
333,1,987516.44,987588.4,7,-5.53191,2,8681,1,0
391,1,988098.5,989908.94,12,-12.5143,4,8681,1,0
393,1,989265.06,989717.7,10,8.16329,2,8685,1,0
155,1,989644.1,989890.9,9,-9.94818,2,8681,1,0
110,1,992365.9,993352.94,11,6.33717,2,8685,0,1
302,1,995799.06,997609.5,12,-19.4838,2,8685,1,0
236,1,996780.06,996852.06,7,7.34951,2,8685,1,0
82,1,1002700.56,1002947.3,9,-13.4942,4,8685,1,0
264,1,1003239.5,1003311.44,7,-6.84602,2,8681,1,0
201,1,1003494.94,1004482.06,11,-4.43617,2,8681,0,1
363,1,1006405.94,1008216.4,12,-8.31117,4,8681,1,0
309,1,1007741.56,1009552.0,12,3.60895,2,8685,1,0
308,1,1011370.1,1013180.56,12,6.28354,2,8685,0,1
52,1,1013439.56,1015250.0,12,-8.45727,2,8681,1,0
304,1,1014351.7,1014423.6,7,2.79695,2,8681,1,0
14,1,1017626.0,1019436.4,12,-20.761,2,8681,1,0
305,1,1020442.3,1020689.06,9,-6.53326,2,8685,1,0
328,1,1022556.8,1023009.44,10,-13.5313,4,8681,1,0
39,1,1023495.56,1023948.2,10,-5.31114,2,8681,1,0
169,1,1024587.06,1026397.44,12,0.0,2,8685,0,1
401,1,1024680.8,1024927.6,9,-0.0511009,2,8685,1,0
2,1,1025787.1,1027597.56,12,0.0,2,8681,0,1
346,1,1026068.4,1027878.8,12,0.0,4,8685,0,1
79,1,1027130.4,1027377.2,9,-14.1024,2,8681,1,0
82,1,1027378.9,1027625.75,9,-4.21637,4,8683,1,0
151,1,1030066.06,1031876.44,12,-12.3888,4,8681,1,0
69,1,1031435.44,1033245.9,12,-0.698043,4,8685,1,0
28,1,1032552.9,1034363.25,12,-13.3994,2,8681,1,0
72,1,1032621.44,1032868.3,9,-3.19702,2,8685,1,0
121,1,1033131.4,1033203.25,7,8.49693,2,8681,1,0
292,1,1034928.44,1035175.3,9,-2.6033,4,8681,1,0
153,1,1039332.75,1041143.2,12,-17.2013,2,8685,1,0
333,1,1040926.0,1040997.94,7,-7.18887,2,8685,1,0
189,1,1042265.75,1044076.2,12,-13.5591,4,8681,1,0
280,1,1042952.75,1043405.4,10,5.48909,2,8681,1,0
207,1,1043300.56,1043547.4,9,-3.83412,2,8683,1,0
95,1,1043542.6,1045353.0,12,-20.9445,2,8685,1,0
384,1,1047092.3,1047544.94,10,-12.4956,2,8681,0,1
396,1,1048114.5,1049924.9,12,-18.3072,2,8681,1,0
380,1,1048339.75,1049326.9,11,2.02654,2,8681,1,0
183,1,1048504.6,1048751.5,9,-6.82654,4,8685,1,0
4,1,1052970.6,1053957.8,11,-11.7722,2,8685,1,0
12,1,1053377.1,1053449.0,7,-8.7565,2,8681,1,0
294,1,1053615.1,1055425.5,12,-12.6553,2,8685,1,0
32,1,1054606.8,1056417.1,12,-8.0788,2,8681,1,0
127,1,1056763.6,1057010.5,9,-7.19684,4,8681,1,0
146,1,1056947.9,1058758.2,12,-12.9558,4,8685,0,1
385,1,1059107.0,1060094.2,11,-6.86047,4,8685,1,0
329,1,1062477.4,1062930.0,10,0.890656,2,8685,0,1
115,1,1064092.1,1064339.0,9,0.688187,2,8685,1,0
88,1,1069668.8,1071479.1,12,-15.8143,2,8681,1,0
344,1,1073218.0,1074205.2,11,-2.38548,2,8685,1,0
78,1,1076232.2,1076479.1,9,-11.9143,2,8685,1,0
147,1,1077465.1,1079275.5,12,-19.1627,4,8685,1,0
360,1,1079841.2,1080294.0,10,-13.8665,4,8683,1,0
284,1,1080376.9,1080829.5,10,-10.9254,2,8685,1,0
265,1,1084882.8,1085869.9,11,2.37601,4,8685,1,0
338,1,1086456.8,1086909.4,10,-16.2624,2,8685,1,0
266,1,1087488.2,1089298.8,12,-17.6402,2,8685,0,1
280,1,1088213.5,1088666.1,10,-11.4646,2,8685,0,1
96,1,1090976.8,1091964.0,11,3.20595,2,8681,1,0
269,1,1091171.1,1092981.6,12,-18.3499,2,8681,1,0
166,1,1092277.1,1092729.8,10,-6.03387,2,8685,1,0
131,1,1093283.9,1093530.8,9,3.88432,2,8681,1,0
373,1,1098222.9,1100033.4,12,-16.6034,2,8685,1,0
222,1,1101777.9,1103588.2,12,6.04391,2,8683,1,0
168,1,1101918.5,1103728.9,12,-14.9949,4,8685,1,0
210,1,1105500.4,1107310.8,12,0.0,2,8685,0,1
303,1,1106198.0,1108008.4,12,0.0,2,8683,0,1
148,1,1110095.8,1110548.4,10,-11.0946,2,8685,1,0
62,1,1110919.1,1111165.9,9,-10.7564,2,8681,1,0
372,1,1111142.9,1111389.6,9,-11.9681,2,8685,1,0
23,1,1111423.0,1113233.4,12,-20.9351,4,8685,1,0
255,1,1118569.0,1118640.9,7,8.24093,2,8685,1,0
317,1,1120030.1,1121840.6,12,-13.7359,4,8685,1,0
162,1,1120067.9,1121055.0,11,-6.38838,4,8683,1,0
197,1,1123310.0,1125120.5,12,0.0,2,8685,0,1
206,1,1123491.4,1124478.5,11,0.0,4,8685,0,1
286,1,1124084.0,1125894.4,12,0.0,2,8681,0,1
287,1,1126183.4,1127993.8,12,-18.4558,2,8685,1,0
272,1,1127240.9,1127312.8,7,13.1383,2,8681,1,0
180,1,1128985.0,1130795.4,12,-9.90163,2,8681,1,0
319,1,1129890.4,1130877.6,11,-11.3311,2,8685,1,0
298,1,1130811.0,1131263.6,10,-8.48753,4,8683,1,0
163,1,1133019.6,1133472.2,10,-3.34134,2,8681,1,0
19,1,1133967.0,1134100.8,8,-3.75995,2,8685,1,0
77,1,1134020.1,1135007.4,11,3.54939,2,8685,1,0
390,1,1134111.6,1134183.5,7,23.654,2,8685,1,0
107,1,1137047.1,1138034.2,11,-8.38174,2,8681,1,0
342,1,1139271.2,1141081.6,12,-9.93248,2,8685,1,0
215,1,1139974.1,1140046.0,7,-6.65773,4,8685,1,0
73,1,1143676.0,1143809.8,8,-11.3906,2,8685,1,0
195,1,1145084.4,1146894.8,12,-18.0925,2,8681,1,0
270,1,1145969.6,1147780.0,12,-15.3934,2,8685,1,0
316,1,1147533.9,1149344.4,12,-15.714,2,8683,1,0
329,1,1147828.6,1148281.2,10,-9.56044,2,8683,1,0
245,1,1147884.8,1149695.2,12,-2.88373,2,8681,1,0
240,1,1148451.4,1150261.9,12,-13.8585,2,8685,1,0
172,1,1150234.8,1150306.6,7,21.2085,2,8683,1,0
141,1,1151585.1,1153395.5,12,-20.3531,2,8681,1,0
282,1,1152617.4,1154427.9,12,-15.9592,2,8685,1,0
16,1,1152814.0,1153266.6,10,-5.25206,2,8685,1,0
48,1,1154314.9,1156125.2,12,-13.3073,2,8685,1,0
123,1,1156825.9,1157072.8,9,-4.7146,2,8681,1,0
101,1,1161817.5,1162064.4,9,-6.68355,2,8681,1,0
133,1,1162450.5,1164261.0,12,-9.04721,2,8681,1,0
398,1,1162858.1,1164668.6,12,-19.4455,2,8685,1,0
401,1,1163625.9,1163872.6,9,13.2243,2,8683,1,0
91,1,1167720.8,1169531.1,12,-6.71443,2,8681,1,0
10,1,1170419.4,1170872.1,10,-10.8927,4,8685,1,0
29,1,1172516.6,1173503.8,11,0.0,2,8685,1,0
333,1,1173635.5,1173707.4,7,0.0,2,8685,1,0
203,1,1173944.8,1175755.1,12,0.0,2,8685,1,0
104,1,1175230.8,1177041.1,12,-11.149,2,8681,1,0
364,1,1176830.1,1177076.9,9,-0.722747,2,8685,1,0
12,1,1178061.4,1178133.2,7,-5.66811,2,8685,1,0
163,1,1178280.5,1178733.1,10,-7.57631,2,8685,1,0
366,1,1185300.4,1185372.4,7,1.2657,2,8681,1,0
310,1,1187604.0,1189414.4,12,-11.2992,2,8681,1,0
24,1,1187852.6,1189663.1,12,-12.6398,2,8685,1,0
158,1,1188894.0,1188966.0,7,20.3608,2,8683,1,0
96,1,1189690.2,1190677.5,11,-8.11493,2,8685,1,0
93,1,1192438.2,1194248.6,12,2.41672,2,8681,1,0
223,1,1192523.6,1192657.4,8,-6.53928,2,8681,1,0
174,1,1198860.2,1198932.1,7,23.1493,2,8685,1,0
35,1,1200495.0,1202305.4,12,-11.8828,2,8685,1,0
40,1,1205519.6,1205591.5,7,10.4182,2,8685,1,0
242,1,1207893.0,1209703.4,12,-19.7045,2,8685,1,0
258,1,1212425.5,1212878.1,10,-7.39529,2,8681,1,0
174,1,1212604.5,1212676.4,7,-6.14409,2,8685,1,0
160,1,1212746.1,1214556.5,12,-10.6878,2,8683,1,0
28,1,1213596.1,1215406.5,12,-19.4092,2,8681,1,0
366,1,1214616.5,1214688.4,7,14.4044,2,8681,1,0
101,1,1215329.8,1215576.5,9,-6.47719,2,8685,1,0
177,1,1216179.1,1217989.5,12,-20.4062,2,8685,1,0
153,1,1220376.0,1222186.4,12,-22.1617,2,8685,1,0
246,1,1221008.2,1222818.8,12,-21.3779,2,8685,1,0
34,1,1221172.0,1221624.6,10,-9.37332,2,8681,1,0
390,1,1221214.1,1221286.0,7,-3.78741,2,8683,1,0
154,1,1221729.6,1222716.8,11,-0.764571,2,8681,1,0
341,1,1222721.9,1222793.9,7,14.324,2,8681,1,0
118,1,1223810.8,1224263.4,10,-3.37442,2,8685,1,0
380,1,1226669.8,1227657.0,11,-11.6646,2,8681,1,0
61,1,1227591.1,1227663.1,7,-4.62265,4,8681,1,0
220,1,1227867.1,1229677.5,12,0.0,4,8685,1,0
11,1,1228326.8,1228779.4,10,-7.50084,4,8681,1,0
396,1,1229157.6,1230968.0,12,0.0,2,8681,0,1
364,1,1229912.2,1230159.0,9,0.0,2,8685,0,1
72,1,1230090.4,1230337.1,9,0.0,2,8685,1,0
178,1,1232736.6,1233189.2,10,-7.6282,2,8683,1,0
36,1,1235008.5,1235255.4,9,-7.91681,2,8685,1,0
32,1,1235649.9,1237460.4,12,-20.2492,2,8685,1,0
107,1,1235760.8,1236747.9,11,-15.4935,2,8685,1,0
142,1,1237250.9,1239061.2,12,-15.8265,4,8681,1,0
146,1,1237991.1,1239801.5,12,-14.9209,4,8685,1,0
281,1,1238828.2,1238900.1,7,7.15153,2,8683,1,0
205,1,1239132.8,1240943.2,12,0.0,2,8681,1,0
267,1,1241230.2,1241363.9,8,8.91618,2,8685,1,0
149,1,1244829.1,1245281.8,10,4.04791,2,8685,1,0
115,1,1245175.5,1245422.4,9,-12.8408,2,8683,1,0
156,1,1245796.8,1245868.6,7,13.4223,2,8685,1,0
375,1,1249573.0,1249819.9,9,-2.1021,2,8685,1,0
228,1,1249710.9,1251521.2,12,-16.122,4,8685,1,0
250,1,1250418.4,1251405.5,11,5.43246,4,8685,1,0
112,1,1251799.0,1252786.1,11,-17.8806,2,8681,1,0
156,1,1253574.8,1253646.6,7,0.0,2,8685,0,1
120,1,1255230.2,1255363.9,8,-3.31709,2,8685,1,0
77,1,1256279.9,1257267.1,11,5.56759,2,8685,1,0
147,1,1258508.2,1260318.8,12,-21.7717,4,8683,1,0
371,1,1260196.5,1262007.0,12,-21.4705,2,8685,1,0
314,1,1260822.4,1260894.2,7,13.2069,2,8685,1,0
261,1,1261528.1,1261600.0,7,16.1222,4,8683,1,0
43,1,1261820.0,1263630.4,12,-18.2626,4,8681,0,1
366,1,1262075.2,1262147.1,7,20.0711,2,8685,1,0
84,1,1264350.6,1266161.0,12,0.0,4,8685,1,0
29,1,1271230.2,1272217.4,11,-0.529311,2,8683,1,0
11,1,1273587.5,1274040.1,10,-11.2795,4,8681,1,0
375,1,1274251.4,1274498.1,9,3.48785,2,8683,1,0
185,1,1274461.0,1276271.5,12,-13.4844,2,8685,0,1
124,1,1276567.6,1278378.0,12,-10.9665,2,8683,0,1
236,1,1276752.6,1276824.6,7,20.3736,2,8685,0,1
272,1,1278314.1,1278386.0,7,5.15575,2,8681,1,0
357,1,1282649.6,1282721.5,7,-5.78397,2,8681,1,0
355,1,1285494.1,1285627.8,8,0.606568,2,8681,1,0
39,1,1286463.1,1286915.8,10,-3.73878,2,8681,1,0
280,1,1287910.5,1288363.1,10,-10.179,2,8685,1,0
166,1,1289879.6,1290332.2,10,8.32683,2,8685,1,0
271,1,1290420.2,1292230.8,12,-18.1373,2,8685,1,0
78,1,1290599.5,1290846.4,9,-11.5644,2,8685,1,0
172,1,1295567.2,1295639.1,7,4.98299,2,8685,1,0
227,1,1299346.1,1299798.8,10,-2.15076,2,8683,1,0
68,1,1300351.1,1300803.8,10,-5.17107,2,8685,1,0
127,1,1301157.8,1301404.5,9,2.74744,4,8685,1,0
328,1,1301404.5,1301857.1,10,-15.3944,4,8681,1,0
237,1,1305917.4,1306051.0,8,-7.62747,2,8683,1,0
354,1,1306292.5,1308102.9,12,-17.6628,4,8683,1,0
180,1,1310028.2,1311838.6,12,-13.359,2,8685,1,0
397,1,1312193.4,1312327.0,8,-6.19107,4,8685,1,0
173,1,1315250.2,1317060.6,12,-9.67091,2,8685,0,1
157,1,1315750.2,1315883.9,8,0.0565194,4,8685,1,0
22,1,1315889.2,1315961.1,7,-2.95198,4,8683,1,0
332,1,1319919.8,1320372.4,10,-16.2861,2,8685,1,0
290,1,1326199.4,1328009.8,12,-18.5821,2,8685,1,0
319,1,1327317.6,1328304.8,11,-13.6181,2,8683,1,0
305,1,1327636.6,1327883.4,9,-2.041,2,8683,1,0
359,1,1329695.5,1330682.8,11,-12.3941,2,8685,1,0
47,1,1330993.8,1331446.4,10,-14.7965,2,8681,1,0
44,1,1331102.2,1331554.9,10,-14.1068,2,8683,1,0
39,1,1331723.9,1332176.5,10,-5.64813,2,8685,1,0
266,1,1332381.5,1334191.9,12,-19.4544,2,8683,1,0
214,1,1333040.2,1333492.9,10,0.59137,2,8685,1,0
114,1,1333955.5,1334408.1,10,-3.31518,2,8685,1,0
12,1,1335584.2,1335656.1,7,-5.33223,2,8685,1,0
92,1,1335729.4,1336182.0,10,-9.02512,2,8685,1,0
356,1,1339524.5,1340511.8,11,0.927659,2,8681,1,0
187,1,1340259.8,1340506.6,9,-5.18187,2,8685,1,0
213,1,1342568.2,1344378.6,12,-5.48318,2,8681,1,0
349,1,1342733.8,1344544.2,12,-16.6385,2,8685,1,0
148,1,1344461.0,1344913.8,10,1.3588,2,8683,1,0
18,1,1348524.8,1349512.0,11,-14.1343,2,8683,1,0
198,1,1348818.5,1349271.1,10,-7.61259,2,8683,1,0
347,1,1349187.0,1350997.4,12,5.05162,2,8685,1,0
203,1,1354987.9,1356798.4,12,-10.6985,2,8683,1,0
118,1,1357112.0,1357564.6,10,-1.84117,2,8685,1,0
302,1,1357885.5,1359695.9,12,0.0,2,8683,0,1
261,1,1358615.2,1358687.1,7,9.81862,4,8683,1,0
129,1,1360331.4,1360403.4,7,-0.493789,4,8683,1,0
54,1,1362125.5,1363935.9,12,0.0,2,8681,0,1
367,1,1364258.2,1366068.8,12,-16.4851,4,8685,1,0
226,1,1365116.8,1366927.1,12,-14.7245,2,8685,1,0
24,1,1368895.9,1370706.2,12,-21.121,2,8685,1,0
341,1,1369181.4,1369253.2,7,-3.76671,2,8685,1,0
29,1,1369943.9,1370931.0,11,-14.8055,2,8685,1,0
344,1,1370552.6,1371539.8,11,6.91982,2,8683,1,0
236,1,1371178.6,1371250.5,7,12.3501,2,8683,1,0
129,1,1372132.1,1372204.0,7,-6.42374,4,8685,1,0
230,1,1373119.0,1374106.2,11,-2.89392,4,8683,0,1
93,1,1373481.5,1375291.9,12,0.0,2,8681,1,0
315,1,1373955.8,1374408.4,10,0.0,2,8681,1,0
353,1,1374454.0,1374906.6,10,0.0,2,8683,1,0
389,1,1375828.4,1376281.0,10,-3.27576,2,8685,1,0
209,1,1376086.9,1377897.4,12,-19.5471,2,8681,1,0
382,1,1376566.9,1377019.5,10,-12.4086,4,8681,1,0
89,1,1377390.2,1377842.9,10,-7.40904,4,8685,1,0
14,1,1379712.4,1381522.9,12,-5.1564,2,8685,0,1
293,1,1382458.0,1384268.4,12,-16.4876,2,8685,1,0
326,1,1382643.9,1384454.4,12,-14.6996,2,8681,1,0
365,1,1383686.0,1385496.5,12,-10.6999,2,8683,1,0
292,1,1383725.1,1383971.9,9,-0.447295,4,8683,1,0
281,1,1384310.5,1384382.5,7,12.5195,2,8683,1,0
52,1,1384848.9,1386659.2,12,0.0,2,8685,1,0
157,1,1385078.6,1385212.2,8,-0.306655,4,8685,1,0
149,1,1390669.9,1391122.5,10,-0.286849,2,8685,1,0
212,1,1391169.8,1391416.6,9,-7.26137,2,8681,1,0
73,1,1391798.4,1391932.0,8,-8.6138,2,8685,1,0
285,1,1392978.4,1394788.9,12,-19.7917,4,8681,1,0
298,1,1393273.5,1393726.1,10,-11.5006,4,8685,1,0
259,1,1394336.4,1394789.0,10,-11.2957,2,8685,1,0
143,1,1395632.8,1397443.1,12,-8.69072,4,8685,1,0
378,1,1397225.2,1397297.1,7,-7.99837,2,8685,1,0
280,1,1397354.6,1397807.2,10,15.0543,2,8683,1,0
98,1,1399449.6,1401260.0,12,0.0,2,8681,0,1
270,1,1399996.8,1401807.1,12,0.0,2,8685,0,1
210,1,1402154.1,1403964.6,12,-12.7944,2,8683,1,0
283,1,1403215.6,1405026.0,12,-17.3593,2,8685,1,0
64,1,1404362.0,1404814.8,10,-3.42052,4,8683,1,0
119,1,1405037.1,1406024.2,11,-16.2795,2,8685,1,0
241,1,1406868.1,1407855.4,11,-3.23416,2,8681,1,0
220,1,1408910.2,1410720.8,12,-1.67499,4,8683,1,0
396,1,1410200.8,1412011.2,12,-1.15114,2,8685,1,0
112,1,1412708.8,1413695.9,11,0.0,2,8685,0,1
215,1,1414615.0,1414686.9,7,11.3554,4,8683,1,0
195,1,1415089.1,1416899.5,12,-14.4089,2,8685,0,1
32,1,1416693.1,1418503.5,12,-10.2193,2,8685,1,0
142,1,1418294.1,1420104.5,12,-18.355,4,8685,1,0
136,1,1423396.9,1425207.2,12,4.02732,2,8685,1,0
7,1,1423885.6,1425696.0,12,-2.88371,2,8683,1,0
179,1,1426148.5,1426220.4,7,7.16113,2,8685,1,0
243,1,1426499.1,1428309.6,12,-10.9766,4,8681,1,0
263,1,1426840.8,1427087.5,9,-5.48706,2,8685,1,0
114,1,1432051.6,1432504.2,10,-5.2092,2,8685,1,0
282,1,1433627.2,1435437.6,12,-6.85927,2,8685,1,0
385,1,1434649.8,1435637.0,11,-19.4016,4,8683,1,0
338,1,1434981.9,1435434.6,10,-10.4998,2,8685,1,0
320,1,1436400.0,1436533.8,8,-6.03509,2,8685,1,0
298,1,1438534.2,1438987.0,10,-10.8155,4,8683,1,0
251,1,1438608.0,1440418.5,12,2.09183,2,8681,1,0
31,1,1439234.0,1440221.2,11,-6.77592,2,8685,1,0
147,1,1439551.5,1441362.0,12,-5.46263,4,8685,0,1
175,1,1439575.9,1440028.6,10,-12.2186,4,8685,1,0
310,1,1441786.1,1443596.5,12,0.0,2,8685,1,0
11,1,1446670.9,1447123.5,10,-4.12564,4,8685,1,0
309,1,1450951.1,1452761.6,12,-19.0262,2,8685,1,0
190,1,1451895.4,1451967.2,7,36.816,2,8681,1,0
394,1,1451908.5,1452042.1,8,-5.77431,2,8683,1,0
41,1,1454211.4,1456021.9,12,-15.0752,2,8685,1,0
26,1,1455806.4,1457616.9,12,-15.9464,2,8685,1,0
389,1,1456951.9,1457404.5,10,-10.5094,2,8683,1,0
124,1,1457610.9,1459421.2,12,-13.1066,2,8685,1,0
40,1,1458254.6,1458326.5,7,-7.66734,2,8685,1,0
380,1,1458908.8,1459895.9,11,-13.3051,2,8685,1,0
155,1,1465049.4,1465296.1,9,16.5593,2,8685,1,0
393,1,1470590.8,1471043.4,10,-3.93127,2,8683,1,0
39,1,1471469.5,1471922.1,10,-5.08079,2,8685,1,0
211,1,1472419.5,1474230.0,12,-16.1475,4,8685,1,0
38,1,1475421.9,1475555.5,8,-5.94766,2,8681,1,0
30,1,1475856.9,1476103.8,9,-1.67131,2,8683,1,0
341,1,1478241.4,1478313.2,7,22.5505,2,8685,1,0
102,1,1479141.0,1479387.9,9,-13.4081,2,8681,1,0
28,1,1479484.1,1481294.5,12,-5.00922,2,8685,1,0
233,1,1481857.4,1483667.9,12,-11.9906,2,8683,1,0
338,1,1484353.6,1484806.2,10,-9.41328,2,8683,1,0
17,1,1484780.0,1486590.5,12,0.0,4,8681,0,1
175,1,1484836.8,1485289.4,10,-11.4463,4,8683,1,0
36,1,1485736.8,1485983.5,9,-10.6092,2,8685,1,0
264,1,1486089.5,1486161.4,7,-2.88721,2,8685,1,0
373,1,1487001.6,1488812.0,12,-22.3481,2,8685,1,0
292,1,1487406.0,1487652.9,9,4.58954,4,8685,1,0
107,1,1487556.6,1488543.9,11,-16.4872,2,8685,1,0
320,1,1488351.1,1488484.8,8,1.78943,2,8685,1,0
246,1,1491377.2,1493187.6,12,11.3157,2,8685,1,0
262,1,1492629.8,1493617.0,11,0.990373,2,8681,1,0
186,1,1493961.2,1495771.8,12,-11.1578,2,8685,1,0
173,1,1496293.5,1498103.9,12,-11.0636,2,8683,1,0
49,1,1497096.4,1498906.8,12,-8.33685,2,8685,1,0
323,1,1499090.2,1499162.1,7,-2.58996,2,8685,1,0
74,1,1499318.2,1499451.9,8,-9.1546,2,8685,1,0
174,1,1504261.0,1504332.9,7,-2.21364,2,8685,1,0
165,1,1507878.4,1508865.6,11,-8.28699,2,8683,1,0
6,1,1510407.6,1510860.2,10,-1.73421,2,8685,1,0
223,1,1510973.8,1511107.4,8,-10.2202,2,8685,1,0
363,1,1512197.6,1514008.0,12,-14.7825,4,8681,1,0
266,1,1513424.6,1515235.1,12,-21.4293,2,8685,1,0
118,1,1514942.6,1515395.2,10,-9.47792,2,8683,1,0
291,1,1515641.1,1517451.5,12,0.0,2,8685,0,1
33,1,1519878.5,1519950.5,7,-8.8701,2,8681,1,0
11,1,1519890.5,1520343.1,10,-6.8472,4,8685,1,0
131,1,1521302.8,1521549.5,9,0.0,2,8685,0,1
391,1,1521363.0,1523173.5,12,0.0,4,8685,0,1
279,1,1521639.5,1523450.0,12,-0.381667,2,8683,1,0
202,1,1523804.4,1524051.1,9,-11.0961,2,8685,1,0
117,1,1524284.4,1526094.9,12,-13.0269,2,8681,1,0
38,1,1525039.5,1525173.2,8,2.9007,2,8685,1,0
90,1,1527137.8,1528124.9,11,2.14336,2,8683,1,0
347,1,1530230.2,1532040.6,12,-13.5823,2,8685,1,0
218,1,1531679.6,1533490.0,12,-11.8805,2,8685,1,0
284,1,1532741.0,1533193.6,10,5.38487,2,8683,1,0
277,1,1533264.6,1535075.1,12,-12.8969,2,8685,1,0
113,1,1533794.5,1534247.2,10,1.01106,2,8685,1,0
104,1,1537317.1,1539127.6,12,-7.03212,2,8685,1,0
397,1,1539165.9,1539299.5,8,10.7591,4,8683,1,0
106,1,1540233.0,1540366.8,8,1.18024,2,8683,1,0
260,1,1541049.1,1542859.5,12,0.0,4,8685,1,0
148,1,1541160.1,1541612.8,10,0.0,2,8685,1,0
68,1,1542360.2,1542812.9,10,0.0,2,8683,1,0
298,1,1543068.2,1543520.9,10,-0.849807,4,8681,1,0
226,1,1546159.9,1547970.4,12,-22.2071,2,8683,1,0
183,1,1546430.0,1546676.9,9,-3.9438,4,8683,1,0
205,1,1547410.5,1549221.0,12,-20.1425,2,8681,1,0
24,1,1549939.1,1551749.5,12,-11.9136,2,8683,1,0
81,1,1551712.8,1553523.2,12,-6.13991,2,8685,1,0
245,1,1553179.8,1554990.2,12,10.2872,2,8681,1,0
109,1,1561549.9,1563360.4,12,-21.5514,2,8683,1,0
293,1,1563501.2,1565311.6,12,-13.2779,2,8683,1,0
365,1,1564729.2,1566539.6,12,1.01238,2,8685,1,0
383,1,1566745.0,1568555.4,12,-9.91975,4,8685,1,0
265,1,1568722.0,1569709.2,11,0.0,4,8683,1,0
307,1,1568958.4,1569945.5,11,0.0,2,8681,1,0
230,1,1570546.2,1571533.5,11,0.0,4,8683,0,1
123,1,1570943.2,1571190.1,9,-4.14954,2,8685,0,1
390,1,1571581.8,1571653.6,7,-2.3311,2,8685,0,1
356,1,1571900.0,1572887.2,11,-2.86462,2,8685,1,0
299,1,1572771.8,1574582.1,12,-5.91656,2,8681,1,0
285,1,1574983.2,1576793.8,12,-5.23071,4,8685,1,0
272,1,1577257.2,1577329.1,7,-9.06645,2,8683,1,0
275,1,1577324.6,1579135.0,12,0.0,2,8683,1,0
115,1,1577626.0,1577872.8,9,-10.0645,2,8685,1,0
87,1,1579406.9,1581217.2,12,0.0,4,8681,1,0
235,1,1581293.0,1581745.6,10,-14.6119,4,8683,1,0
107,1,1586270.1,1587257.4,11,-3.32352,2,8683,1,0
25,1,1588496.8,1590307.1,12,-14.3218,2,8685,1,0
135,1,1589941.8,1590929.0,11,8.50841,2,8685,1,0
350,1,1590485.4,1590938.0,10,-12.6136,4,8681,1,0
270,1,1591037.5,1592847.9,12,-12.0423,2,8683,1,0
5,1,1591320.5,1591392.5,7,-0.590438,2,8685,1,0
18,1,1592171.5,1593158.8,11,0.0,2,8685,1,0
58,1,1597147.6,1598134.8,11,11.269,2,8683,1,0
334,1,1597222.6,1599033.1,12,-6.58919,4,8683,1,0
254,1,1597360.8,1597813.4,10,-3.15808,4,8685,1,0
142,1,1599337.2,1601147.8,12,-22.0321,4,8685,1,0
74,1,1599559.9,1599693.5,8,-5.65123,2,8683,1,0
341,1,1602588.2,1602660.1,7,-7.32715,2,8683,1,0
241,1,1604295.2,1605282.5,11,-3.37399,2,8685,0,1
255,1,1605437.1,1605509.0,7,-6.44864,2,8683,1,0
369,1,1605610.0,1607420.4,12,-9.4507,2,8681,1,0
243,1,1607542.4,1609352.8,12,4.58677,4,8681,1,0
366,1,1609545.8,1609617.6,7,-0.789138,2,8685,1,0
400,1,1612690.1,1614500.6,12,-18.2273,2,8685,0,1
22,1,1613185.4,1613257.4,7,-5.41164,4,8685,1,0
282,1,1614670.4,1616480.9,12,-8.0435,2,8683,1,0
345,1,1617837.8,1618825.0,11,-8.11342,4,8681,1,0
119,1,1622397.2,1623384.4,11,-18.8866,2,8683,1,0
228,1,1622682.6,1624493.0,12,-19.9811,4,8683,1,0
193,1,1623323.2,1625133.6,12,-18.6511,4,8685,1,0
61,1,1626123.6,1626195.5,7,14.2068,4,8685,1,0
304,1,1627037.8,1627109.6,7,0.0,2,8685,1,0
33,1,1627850.6,1627922.5,7,5.00374,2,8685,1,0
313,1,1628538.5,1629525.6,11,-13.7354,4,8685,1,0
379,1,1630042.4,1630289.1,9,-11.8785,2,8681,1,0
309,1,1631994.4,1633804.8,12,-5.68835,2,8683,1,0
250,1,1632350.9,1633338.0,11,-8.48588,4,8683,1,0
118,1,1635668.1,1636120.8,10,-4.8726,2,8683,0,1
95,1,1641864.1,1643674.5,12,-20.3843,2,8685,1,0
254,1,1642621.6,1643074.2,10,-6.43645,4,8683,1,0
308,1,1645133.2,1646943.8,12,0.0,2,8685,1,0
127,1,1646837.5,1647084.4,9,8.10377,4,8685,1,0
382,1,1648390.0,1648842.6,10,9.6472,4,8685,1,0
337,1,1648514.9,1649502.1,11,-1.36731,2,8683,1,0
40,1,1652728.1,1652800.0,7,-0.0987541,2,8683,1,0
169,1,1652930.6,1654741.1,12,3.83817,2,8685,1,0
269,1,1660947.4,1662757.8,12,-2.4126,2,8685,1,0
201,1,1661000.6,1661987.8,11,-16.1185,2,8683,1,0
233,1,1662900.6,1664711.0,12,5.65591,2,8685,0,1
157,1,1663119.9,1663253.5,8,15.241,4,8683,1,0
82,1,1664551.9,1664798.8,9,-5.53184,4,8683,1,0
51,1,1666712.4,1666784.2,7,7.19235,2,8685,1,0
340,1,1668545.6,1668679.4,8,-8.60098,2,8683,1,0
335,1,1669443.9,1671254.2,12,15.7301,2,8683,1,0
359,1,1670579.4,1671566.5,11,-17.9509,2,8685,1,0
46,1,1670718.4,1670965.2,9,-0.792342,2,8685,1,0
89,1,1671346.6,1671799.4,10,-13.2533,4,8685,1,0
99,1,1677328.2,1678315.4,11,-13.1106,4,8681,1,0
173,1,1677336.6,1679147.1,12,-6.99963,2,8685,1,0
389,1,1677862.4,1678315.1,10,4.45334,2,8685,1,0
237,1,1678071.5,1678205.2,8,-10.7367,2,8683,1,0
287,1,1678641.6,1680452.0,12,0.0,2,8683,0,1
125,1,1679099.5,1679171.4,7,5.3535,2,8683,1,0
171,1,1681691.9,1683502.4,12,-15.7636,4,8685,1,0
200,1,1683878.4,1685688.9,12,-15.2089,2,8683,1,0
216,1,1684751.4,1685204.0,10,-11.586,2,8685,1,0
163,1,1685238.1,1685690.8,10,-16.7452,2,8685,1,0
67,1,1685608.6,1687419.1,12,-16.0561,2,8681,1,0
124,1,1686071.6,1687882.1,12,-3.6505,2,8683,1,0
47,1,1687049.0,1687501.6,10,-10.7932,2,8685,1,0
300,1,1688584.5,1689571.6,11,-1.9471,2,8685,1,0
135,1,1688655.4,1689642.6,11,-15.2546,2,8683,1,0
262,1,1690056.9,1691044.1,11,-4.30011,2,8685,1,0
18,1,1690885.1,1691872.4,11,-6.48254,2,8683,1,0
55,1,1691629.4,1691876.2,9,-0.677611,2,8685,1,0
297,1,1691638.0,1692625.1,11,-18.967,4,8685,1,0
363,1,1693240.9,1695051.2,12,0.0,4,8685,0,1
325,1,1694304.1,1696114.5,12,-14.1505,4,8681,0,1
266,1,1694467.9,1696278.4,12,-2.00023,2,8683,0,1
291,1,1696684.4,1698494.8,12,0.0,2,8683,1,0
377,1,1696873.5,1698684.0,12,0.0,2,8685,1,0
240,1,1701011.8,1702822.1,12,-2.12317,2,8685,1,0
352,1,1703120.2,1704930.6,12,-11.0384,4,8685,1,0
73,1,1703322.0,1703455.8,8,18.1363,2,8683,1,0
117,1,1705327.6,1707138.0,12,-6.89155,2,8681,0,1
398,1,1707487.0,1709297.4,12,-16.5501,2,8683,0,1
139,1,1708069.1,1708141.0,7,-1.90666,2,8683,0,1
7,1,1708462.5,1710273.0,12,0.660127,2,8685,1,0
351,1,1709674.2,1709746.1,7,17.1235,2,8681,1,0
75,1,1710622.8,1711075.5,10,-7.02826,2,8685,1,0
34,1,1711404.6,1711857.2,10,-6.85457,2,8685,1,0
100,1,1712047.2,1713857.6,12,-20.0662,2,8685,1,0
344,1,1714146.8,1715133.9,11,-18.3727,2,8683,1,0
246,1,1716944.6,1718755.0,12,-10.2936,2,8683,1,0
303,1,1722309.1,1724119.5,12,-21.5197,2,8683,1,0
389,1,1723123.2,1723575.9,10,-8.00659,2,8683,1,0
209,1,1724626.4,1726436.8,12,-11.4589,2,8681,1,0
80,1,1728628.2,1728875.1,9,-3.62727,2,8685,1,0
157,1,1730397.4,1730531.0,8,-1.40214,4,8683,1,0
121,1,1730898.5,1730970.4,7,2.03423,2,8685,1,0
250,1,1731064.4,1732051.5,11,-14.2816,4,8685,0,1
81,1,1732756.0,1734566.4,12,0.0,2,8685,1,0
361,1,1736524.5,1736977.1,10,-4.17471,4,8683,1,0
105,1,1739876.4,1741686.8,12,-2.17029,2,8685,0,1
21,1,1742372.0,1744182.4,12,-21.3207,2,8681,1,0
276,1,1743023.0,1743094.9,7,12.1188,2,8685,1,0
356,1,1743176.2,1744163.5,11,-15.8843,2,8685,1,0
24,1,1745384.1,1747194.6,12,-18.2913,2,8685,1,0
116,1,1745586.2,1746039.0,10,-9.63605,2,8681,1,0
70,1,1747089.4,1748899.8,12,-13.8429,4,8685,1,0
337,1,1747228.5,1748215.8,11,-12.6863,2,8685,1,0
92,1,1748831.1,1749283.9,10,-15.8835,2,8683,1,0
33,1,1753069.0,1753140.9,7,-0.373595,2,8685,1,0
299,1,1753815.0,1755625.4,12,-19.9997,2,8685,1,0
203,1,1755637.6,1757448.0,12,-11.2411,2,8685,1,0
384,1,1755815.9,1756268.5,10,-8.11569,2,8681,1,0
315,1,1759056.1,1759508.8,10,-7.56383,2,8685,1,0
140,1,1759230.9,1761041.2,12,-20.4962,2,8685,1,0
87,1,1760450.1,1762260.5,12,-20.5266,4,8681,1,0
118,1,1760926.8,1761379.4,10,-16.6049,2,8683,1,0
226,1,1765563.5,1767373.9,12,-11.3404,2,8685,1,0
225,1,1765989.8,1766976.9,11,4.72054,2,8681,1,0
230,1,1767973.4,1768960.6,11,-3.84102,4,8681,1,0
25,1,1769539.9,1771350.4,12,0.0,2,8683,0,1
220,1,1770996.6,1772807.0,12,0.0,4,8683,1,0
99,1,1776041.9,1777029.0,11,-16.6245,4,8681,1,0
83,1,1778898.1,1780708.5,12,-6.01572,4,8685,0,1
142,1,1780380.5,1782190.9,12,-3.83551,4,8683,1,0
172,1,1780852.1,1780924.1,7,21.2071,2,8683,1,0
354,1,1783656.1,1785466.5,12,0.0,4,8683,1,0
2,1,1786109.6,1787920.0,12,-12.0268,2,8685,1,0
369,1,1786653.2,1788463.6,12,-9.99698,2,8681,1,0
358,1,1787728.6,1788181.2,10,-13.3484,2,8685,1,0
262,1,1788770.5,1789757.8,11,-6.97118,2,8683,1,0
196,1,1789976.5,1790429.2,10,7.23476,2,8681,1,0
97,1,1792776.2,1794586.6,12,-18.0734,2,8685,1,0
88,1,1795662.6,1797473.0,12,-6.08102,2,8685,1,0
351,1,1796227.8,1796299.6,7,31.45,2,8685,1,0
239,1,1799049.9,1800037.1,11,-4.9512,2,8681,1,0
91,1,1800186.4,1801996.9,12,-18.8793,2,8683,1,0
156,1,1800385.2,1800457.1,7,-1.11722,2,8685,1,0
228,1,1803725.9,1805536.2,12,0.145341,4,8685,1,0
193,1,1804366.5,1806176.9,12,-5.33317,4,8683,1,0
108,1,1811796.2,1812043.1,9,5.43037,2,8683,1,0
309,1,1813037.5,1814847.9,12,-6.09859,2,8685,1,0
212,1,1814136.6,1814383.4,9,-4.37434,2,8685,1,0
330,1,1815115.0,1816925.4,12,10.0487,2,8685,1,0
80,1,1820612.6,1820859.5,9,-3.68913,2,8683,1,0
357,1,1820812.0,1820883.9,7,-1.66852,2,8685,1,0
75,1,1820919.1,1821371.8,10,-7.19495,2,8685,1,0
317,1,1822044.5,1823855.0,12,-10.5475,4,8685,1,0
95,1,1822907.4,1824717.8,12,-12.5645,2,8683,1,0
146,1,1825154.2,1826964.8,12,0.0,4,8683,1,0
60,1,1827039.0,1827285.8,9,1.0789,4,8685,1,0
353,1,1828940.5,1829393.2,10,-12.2104,2,8683,0,1
250,1,1829778.0,1830765.1,11,-18.1251,4,8683,0,1
129,1,1832453.6,1832525.5,7,-4.46791,4,8683,1,0
358,1,1832989.4,1833442.0,10,-11.5297,2,8685,1,0
276,1,1833258.9,1833330.8,7,10.961,2,8683,1,0
167,1,1834092.9,1835903.4,12,-13.2358,2,8685,1,0
304,1,1836068.5,1836140.4,7,-6.72073,2,8685,1,0
106,1,1836674.2,1836807.9,8,-0.56874,2,8685,1,0
384,1,1836783.8,1837236.4,10,-11.0834,2,8685,1,0
237,1,1837137.5,1837271.1,8,-11.4989,4,8681,1,0
212,1,1838815.1,1839061.9,9,12.7859,2,8685,1,0
205,1,1839203.1,1841013.5,12,0.0,2,8685,1,0
61,1,1839522.0,1839593.9,7,0.0,4,8685,1,0
269,1,1841990.6,1843801.0,12,-18.5795,2,8685,1,0
379,1,1842174.1,1842420.9,9,7.70834,2,8685,1,0
116,1,1842474.0,1842926.6,10,-3.11256,2,8681,1,0
77,1,1843572.5,1844559.8,11,3.22107,2,8683,1,0
68,1,1844997.6,1845450.4,10,-2.05856,2,8685,1,0
59,1,1846590.4,1847577.5,11,-18.2519,4,8685,1,0
125,1,1850228.9,1850300.8,7,32.7888,2,8683,0,1
276,1,1850476.5,1850548.4,7,4.06242,2,8685,0,1
335,1,1850487.0,1852297.5,12,-20.8001,2,8685,0,1
182,1,1851747.4,1853557.8,12,-3.14918,2,8683,1,0
51,1,1858210.0,1858281.9,7,2.95281,2,8685,1,0
49,1,1859182.8,1860993.1,12,0.133103,2,8683,1,0
33,1,1859574.2,1859646.1,7,6.70376,2,8683,1,0
287,1,1859684.9,1861495.2,12,-12.0293,2,8685,1,0
29,1,1862561.2,1863548.5,11,-17.3244,2,8683,1,0
216,1,1862714.8,1863167.4,10,-6.13246,2,8683,1,0
178,1,1865693.5,1866146.1,10,-3.89682,2,8683,1,0
15,1,1867168.4,1868978.8,12,-1.89511,2,8685,1,0
34,1,1871074.0,1871526.6,10,2.62952,2,8683,1,0
143,1,1874176.1,1875986.6,12,-5.21892,4,8683,1,0
72,1,1876556.9,1876803.8,9,3.13014,4,8681,1,0
115,1,1882367.8,1882614.6,9,9.48799,2,8683,1,0
318,1,1882383.1,1884193.6,12,-8.38101,2,8681,1,0
272,1,1882997.4,1883069.2,7,7.68991,2,8683,1,0
117,1,1886370.9,1888181.2,12,-17.4293,2,8685,1,0
399,1,1889325.4,1889572.1,9,-11.2214,4,8685,1,0
7,1,1889505.8,1891316.1,12,0.0,2,8683,1,0
223,1,1890848.9,1890982.5,8,0.257798,2,8685,1,0
263,1,1891500.9,1891747.6,9,-10.9847,2,8685,1,0
397,1,1891573.4,1891707.0,8,-3.52875,4,8683,1,0
152,1,1891805.2,1891877.2,7,-5.06256,2,8685,1,0
100,1,1893090.5,1894900.9,12,0.0,2,8685,1,0
138,1,1895493.1,1897303.6,12,-10.5338,4,8683,1,0
176,1,1895603.1,1895736.9,8,-9.04176,2,8683,1,0
8,1,1895693.9,1897504.2,12,-8.61014,2,8685,1,0
246,1,1897987.8,1899798.2,12,-6.03705,2,8685,0,1
265,1,1898669.0,1899656.1,11,-5.32373,4,8683,0,1
367,1,1907388.0,1909198.4,12,-15.9745,4,8685,1,0
104,1,1908491.8,1910302.1,12,0.0,2,8685,1,0
305,1,1910677.9,1910924.6,9,0.0,2,8685,1,0
78,1,1911180.6,1911427.5,9,0.0,2,8683,0,1
53,1,1915007.9,1916818.4,12,-22.3959,2,8683,1,0
245,1,1915266.2,1917076.6,12,-17.8029,2,8685,1,0
206,1,1920763.1,1921750.4,11,-13.3721,4,8685,1,0
223,1,1922247.4,1922381.1,8,-7.09247,2,8683,1,0
64,1,1922253.6,1922706.2,10,-1.79416,4,8683,1,0
151,1,1922541.6,1924352.0,12,0.0,4,8685,1,0
341,1,1923531.6,1923603.5,7,11.0913,2,8685,1,0
134,1,1926043.5,1927853.9,12,-12.8344,2,8681,1,0
190,1,1926924.8,1926996.8,7,2.36937,2,8685,1,0
210,1,1929107.5,1930918.0,12,-10.9653,2,8683,1,0
336,1,1932227.4,1934037.9,12,-11.2305,2,8683,0,1
22,1,1932643.5,1932715.5,7,-1.01157,4,8683,1,0
116,1,1933600.6,1934053.2,10,0.203156,2,8685,0,1
299,1,1934858.1,1936668.6,12,-6.29083,2,8685,1,0
212,1,1938785.2,1939032.1,9,-9.7168,2,8683,1,0
232,1,1939002.9,1940813.4,12,-3.54828,2,8683,1,0
115,1,1939697.2,1939944.1,9,-5.02249,2,8683,1,0
345,1,1940503.1,1941490.4,11,7.78045,2,8685,1,0
60,1,1941601.0,1941847.8,9,-3.78485,4,8683,1,0
175,1,1942276.8,1942729.4,10,-13.1945,4,8685,1,0
144,1,1942797.0,1944607.4,12,0.0,2,8685,0,1
128,1,1944876.2,1946686.6,12,0.0,2,8683,0,1
254,1,1944934.4,1945387.0,10,0.0,4,8685,0,1
331,1,1947566.0,1948018.6,10,-12.5545,2,8685,1,0
224,1,1949002.0,1949454.6,10,-15.7014,2,8685,1,0
43,1,1952008.5,1953819.0,12,-22.3895,4,8685,1,0
256,1,1954484.5,1956294.9,12,0.0,4,8685,1,0
158,1,1962109.5,1962181.4,7,-7.23173,2,8685,1,0
212,1,1963463.6,1963710.5,9,-14.2292,2,8685,1,0
29,1,1964318.4,1965305.5,11,-7.30073,2,8683,1,0
354,1,1964699.4,1966509.8,12,-14.8808,4,8683,0,1
61,1,1965134.1,1965206.0,7,-3.42946,4,8683,1,0
272,1,1971328.1,1971400.0,7,-5.36468,2,8683,1,0
152,1,1971825.6,1971897.6,7,8.77627,2,8685,1,0
172,1,1972212.0,1972283.9,7,13.85,4,8681,1,0
147,1,1974638.0,1976448.5,12,-17.8322,4,8683,1,0
344,1,1975743.1,1976730.4,11,-16.9758,4,8681,1,0
357,1,1976547.8,1976619.6,7,3.01885,2,8685,1,0
261,1,1976840.9,1976912.8,7,-3.13,4,8681,1,0
108,1,1980441.9,1980688.8,9,-9.32197,2,8685,1,0
48,1,1982750.6,1984561.0,12,-20.7767,2,8683,1,0
170,1,1986076.9,1987887.4,12,-15.6295,2,8683,1,0
204,1,1986428.6,1986881.2,10,-13.7312,2,8685,1,0
157,1,1987611.0,1987744.6,8,0.147141,4,8683,1,0
6,1,1989523.5,1989976.2,10,0.0,2,8685,1,0
274,1,1989558.9,1991369.2,12,0.0,2,8683,1,0
360,1,1993492.0,1993944.6,10,-14.9105,4,8683,1,0
77,1,1994290.6,1995277.9,11,-12.7262,2,8685,1,0
82,1,1996247.5,1996494.4,9,10.5972,4,8681,1,0
386,1,1996710.9,1998521.2,12,-6.62295,4,8685,0,1
3,1,1997080.0,1998890.4,12,17.9145,4,8683,0,1
142,1,1999171.1,2000981.6,12,-8.10742,4,8685,1,0
339,1,2003685.9,2003757.8,7,0.0,2,8685,0,1
197,1,2004190.5,2006001.0,12,-1.34703,2,8683,1,0
190,1,2004558.0,2004629.9,7,33.806,2,8685,1,0
108,1,2005120.4,2005367.2,9,-2.00989,2,8683,1,0
146,1,2006197.5,2008007.9,12,-1.99611,4,8683,1,0
315,1,2006471.4,2006924.1,10,-14.6901,2,8685,1,0
380,1,2007069.2,2008056.4,11,-8.38763,2,8683,1,0
184,1,2007864.4,2009674.8,12,-15.5728,4,8681,1,0
169,1,2015017.1,2016827.5,12,3.20338,2,8683,1,0
253,1,2016152.1,2016604.8,10,9.81463,4,8683,1,0
206,1,2019476.8,2020464.0,11,0.0,4,8683,1,0
196,1,2021595.2,2022047.9,10,-1.46074,2,8685,1,0
136,1,2022326.4,2024136.9,12,-16.7374,2,8683,0,1
64,1,2024054.4,2024507.0,10,-11.7074,4,8685,1,0
269,1,2025203.9,2027014.2,12,-19.9194,2,8683,1,0
306,1,2027426.4,2029236.9,12,-16.9645,4,8681,1,0
115,1,2028616.5,2028863.2,9,-6.83972,4,8681,1,0
108,1,2029798.8,2030045.5,9,0.0,2,8683,1,0
148,1,2030895.0,2031347.6,10,0.0,2,8683,1,0
99,1,2032114.1,2033101.4,11,0.0,4,8685,1,0
229,1,2032725.9,2033178.5,10,-16.3581,2,8683,1,0
188,1,2033176.8,2033629.4,10,1.82283,4,8685,1,0
85,1,2037412.9,2037546.5,8,-1.0307,2,8685,1,0
24,1,2039146.0,2040956.4,12,-6.40117,2,8683,1,0
49,1,2040226.0,2042036.4,12,-11.7566,2,8685,1,0
110,1,2042019.4,2043006.6,11,-14.3333,2,8685,1,0
327,1,2042100.9,2042347.6,9,4.85359,2,8685,1,0
250,1,2042339.4,2043326.5,11,-15.6677,4,8683,1,0
78,1,2044653.2,2044900.0,9,0.0,2,8683,1,0
183,1,2046058.5,2046305.2,9,-3.92902,4,8683,1,0
76,1,2046930.2,2047177.1,9,1.42539,2,8683,1,0
139,1,2047124.2,2047196.1,7,12.8528,2,8685,1,0
176,1,2047319.5,2047453.1,8,0.503083,2,8685,0,1
369,1,2049436.5,2051247.1,12,0.0,2,8685,1,0
108,1,2054477.0,2054723.9,9,6.66383,4,8681,1,0
178,1,2055694.4,2056147.0,10,-5.84221,2,8683,1,0
69,1,2055906.5,2057717.0,12,-12.1797,4,8683,0,1
235,1,2056331.0,2056783.8,10,-6.29809,4,8683,0,1
216,1,2058622.4,2059075.0,10,-10.3981,2,8683,1,0
61,1,2059044.9,2059117.0,7,6.96771,4,8685,1,0
114,1,2060184.4,2060637.0,10,-2.6622,2,8683,1,0
378,1,2060807.9,2060879.9,7,6.29872,2,8685,1,0
281,1,2061715.4,2061787.4,7,0.0,4,8681,1,0
318,1,2063426.2,2065236.9,12,-16.2128,2,8685,1,0
145,1,2066450.0,2068260.5,12,-3.43593,4,8685,1,0
56,1,2069646.8,2070633.8,11,-11.495,2,8681,0,1
7,1,2070548.9,2072359.4,12,-13.2287,2,8683,0,1
121,1,2071228.5,2071300.5,7,0.980637,2,8683,0,1
378,1,2072587.1,2072659.1,7,-5.86944,2,8683,1,0
224,1,2074879.4,2075332.0,10,13.447,2,8685,1,0
8,1,2076737.0,2078547.6,12,-3.66962,2,8683,1,0
196,1,2077809.6,2078262.2,10,-0.550429,2,8685,1,0
63,1,2078198.0,2080008.5,12,-8.08946,4,8681,1,0
79,1,2080156.5,2080403.4,9,-14.3847,2,8685,1,0
323,1,2082415.2,2082487.2,7,0.0,2,8683,0,1
378,1,2086377.6,2086449.8,7,3.05566,2,8685,1,0
382,1,2086555.9,2087008.5,10,-10.9301,4,8685,1,0
27,1,2087049.5,2087502.2,10,-8.32017,2,8685,1,0
89,1,2087604.0,2088056.6,10,-4.93166,4,8685,1,0
225,1,2088054.2,2089041.2,11,-18.6071,2,8685,1,0
370,1,2089672.6,2091483.1,12,-16.8181,2,8681,1,0
129,1,2090419.9,2090492.0,7,10.0531,4,8683,1,0
77,1,2093004.4,2093991.5,11,-17.8925,2,8683,1,0
264,1,2093302.2,2093374.2,7,-4.52844,2,8683,1,0
163,1,2097185.5,2097638.2,10,-14.255,2,8683,1,0
243,1,2097795.5,2099606.0,12,-14.8086,4,8685,1,0
390,1,2100818.5,2100890.5,7,10.4612,2,8683,1,0
341,1,2103355.0,2103427.0,7,-7.51182,2,8683,1,0
31,1,2106657.5,2107644.5,11,0.902711,2,8685,1,0
134,1,2107086.8,2108897.2,12,2.5305,2,8681,1,0
210,1,2110150.8,2111961.2,12,-14.2717,2,8683,1,0
346,1,2111457.8,2113268.2,12,3.27954,4,8685,1,0
336,1,2113270.8,2115081.2,12,0.0,2,8685,1,0
79,1,2117092.0,2117338.8,9,-2.78895,2,8685,1,0
50,1,2119526.0,2121336.8,12,-10.118,2,8683,1,0
224,1,2120140.2,2120592.8,10,5.2656,2,8683,1,0
371,1,2122462.2,2124272.8,12,-12.2765,2,8683,1,0
207,1,2123065.0,2123311.8,9,-7.57558,2,8683,1,0
102,1,2124351.2,2124598.2,9,9.34196,2,8685,1,0
123,1,2125580.8,2125827.8,9,-4.11136,2,8685,1,0
203,1,2128148.0,2129958.5,12,-15.6417,2,8683,1,0
350,1,2129303.8,2129756.2,10,-10.81,4,8685,1,0
282,1,2129327.5,2131138.0,12,-17.0633,2,8683,0,1
270,1,2129774.0,2131584.5,12,-2.65501,2,8685,0,1
111,1,2130395.5,2130848.2,10,-2.386,2,8681,0,1
236,1,2133372.5,2133444.5,7,13.893,2,8685,1,0
273,1,2133387.5,2133634.2,9,-6.89696,2,8685,1,0
151,1,2135328.0,2137138.8,12,7.35904,4,8685,1,0
256,1,2135527.5,2137338.2,12,-15.5655,4,8683,1,0
239,1,2136983.8,2137970.8,11,-16.6546,2,8681,1,0
250,1,2141053.0,2142040.0,11,-14.0256,4,8681,1,0
66,1,2141150.0,2142960.5,12,-11.5857,2,8683,1,0
158,1,2141273.0,2141345.0,7,-0.911819,2,8683,1,0
99,1,2145884.5,2146871.5,11,2.32382,4,8685,1,0
317,1,2146046.0,2147856.5,12,10.5473,4,8683,1,0
116,1,2148726.2,2149179.0,10,-16.0463,2,8685,1,0
123,1,2150259.2,2150506.0,9,-3.81229,2,8683,0,1
149,1,2152713.5,2153166.0,10,5.45378,2,8685,1,0
74,1,2154445.2,2154578.8,8,-8.20755,2,8685,1,0
165,1,2155665.5,2156652.5,11,-10.7678,2,8683,1,0
71,1,2158100.5,2158234.2,8,5.81477,2,8685,1,0
194,1,2159858.0,2161668.5,12,-18.5951,2,8683,1,0
214,1,2160137.5,2160590.0,10,-7.92203,2,8685,1,0
392,1,2160802.8,2161789.8,11,-15.1448,2,8683,1,0
48,1,2163793.8,2165604.2,12,-4.98045,2,8683,1,0
279,1,2166262.2,2168072.8,12,-17.8572,2,8685,1,0
156,1,2169184.0,2169256.0,7,-8.48559,2,8683,1,0
285,1,2175141.5,2176952.2,12,-20.2079,4,8685,1,0
396,1,2176493.2,2178303.8,12,-13.7295,2,8683,1,0
113,1,2176563.0,2177015.5,10,-15.0674,2,8685,1,0
353,1,2176794.2,2177246.8,10,-11.2028,2,8683,1,0
265,1,2177016.8,2178004.0,11,-9.28844,4,8683,1,0
221,1,2177064.5,2178875.0,12,-1.47174,2,8681,1,0
56,1,2178334.8,2179321.8,11,0.0,2,8685,1,0
153,1,2178909.5,2180720.0,12,0.0,2,8685,0,1
394,1,2184626.8,2184760.2,8,-7.84659,2,8683,1,0
215,1,2186278.2,2186350.2,7,7.1452,4,8683,1,0
255,1,2187033.2,2187105.2,7,12.8307,2,8685,1,0
160,1,2188236.2,2190047.0,12,-8.08717,2,8683,1,0
347,1,2189198.5,2191009.0,12,-8.39995,2,8685,1,0
230,1,2189923.5,2190910.8,11,-5.45552,4,8683,1,0
77,1,2191718.0,2192705.0,11,-5.2596,2,8683,1,0
127,1,2192776.0,2193022.8,9,0.0,4,8685,1,0
178,1,2193336.5,2193789.0,10,0.0,2,8683,1,0
130,1,2194510.2,2194963.0,10,-2.68028,2,8681,1,0
351,1,2197986.0,2198058.0,7,29.108,2,8685,1,0
150,1,2199086.2,2200073.2,11,4.71056,4,8681,1,0
40,1,2199255.8,2199328.0,7,-7.01503,2,8685,1,0
202,1,2200619.0,2200865.8,9,3.51169,2,8683,1,0
226,1,2203813.0,2205623.5,12,-18.8943,2,8683,1,0
284,1,2204962.0,2205414.5,10,-7.54208,2,8685,1,0
172,1,2205368.8,2205440.8,7,16.0593,2,8683,1,0
36,1,2208200.5,2208447.2,9,4.37717,2,8685,1,0
4,1,2208355.2,2209342.2,11,-11.8566,2,8685,1,0
388,1,2209040.8,2209174.2,8,6.55973,2,8685,1,0
263,1,2213185.8,2213432.5,9,-14.2531,2,8683,1,0
94,1,2213262.8,2213715.2,10,1.85051,2,8685,1,0
186,1,2217143.5,2218954.0,12,-15.0225,2,8683,1,0
214,1,2217948.0,2218400.8,10,-16.7226,2,8683,1,0
280,1,2218033.2,2218485.8,10,-7.46963,2,8685,1,0
18,1,2220468.8,2221455.8,11,-1.36607,2,8685,1,0
25,1,2221103.8,2222914.2,12,-6.08377,2,8685,1,0
312,1,2223279.0,2225089.5,12,-14.6571,4,8685,1,0
337,1,2224544.0,2225531.0,11,7.04794,2,8683,1,0
183,1,2225016.8,2225263.8,9,-12.0105,4,8681,1,0
354,1,2228640.8,2230451.5,12,-18.7119,4,8681,1,0
38,1,2230246.8,2230380.2,8,-11.5135,2,8685,1,0
345,1,2236644.0,2237631.0,11,-12.1142,2,8683,1,0
69,1,2236949.8,2238760.2,12,-5.34488,4,8681,1,0
267,1,2237639.2,2237772.8,8,1.26164,2,8685,1,0
235,1,2237904.8,2238357.5,10,-16.6823,4,8683,1,0
149,1,2239969.2,2240422.0,10,0.0,2,8683,1,0
34,1,2241632.5,2242085.2,10,-9.27374,2,8685,0,1
196,1,2242257.5,2242710.2,10,-14.8542,2,8683,1,0
38,1,2243610.0,2243743.8,8,-7.74214,2,8683,1,0
136,1,2243787.5,2245598.2,12,-7.99992,2,8685,1,0
28,1,2244703.2,2246514.0,12,-13.2507,2,8683,1,0
348,1,2247906.5,2249717.0,12,6.25968,2,8681,1,0
356,1,2252112.2,2253099.2,11,-0.113509,2,8685,1,0
105,1,2253274.2,2255084.8,12,0.478104,2,8685,1,0
250,1,2255309.8,2256297.0,11,-19.0141,4,8683,1,0
2,1,2255826.5,2257637.0,12,-12.9505,2,8685,1,0
8,1,2257780.2,2259590.8,12,0.0,2,8685,0,1
334,1,2258660.0,2260470.5,12,0.0,4,8683,0,1
392,1,2259516.2,2260503.5,11,-19.0049,4,8681,1,0
9,1,2260250.8,2262061.2,12,-20.6577,4,8685,1,0
224,1,2262573.0,2263025.8,10,-4.91479,2,8685,1,0
253,1,2263067.0,2263519.5,10,-1.047,4,8683,1,0
97,1,2263770.5,2265581.0,12,-7.93069,2,8683,0,1
156,1,2265780.0,2265852.0,7,-8.9003,2,8683,1,0
218,1,2267883.8,2269694.2,12,-14.389,2,8683,1,0
179,1,2271439.5,2271511.5,7,-2.91692,2,8685,1,0
344,1,2275275.0,2276262.0,11,-7.98482,2,8683,1,0
168,1,2276745.5,2278556.2,12,-9.3549,4,8685,1,0
56,1,2277048.2,2278035.5,11,-4.34184,2,8685,1,0
236,1,2277481.2,2277553.2,7,5.48354,2,8683,1,0
243,1,2278838.5,2280649.2,12,0.0,4,8685,0,1
37,1,2280443.5,2282254.2,12,0.0,2,8683,0,1
57,1,2281516.2,2283327.0,12,0.0,2,8685,0,1
283,1,2283205.5,2285016.0,12,-21.5019,4,8681,1,0
58,1,2284301.5,2285288.5,11,-16.6752,2,8685,1,0
329,1,2284853.5,2285306.2,10,-11.941,4,8681,1,0
290,1,2284964.8,2286775.5,12,-17.8595,2,8685,1,0
134,1,2288130.0,2289940.5,12,0.814744,2,8685,1,0
230,1,2288637.2,2289624.2,11,-6.60158,4,8685,1,0
363,1,2289248.2,2291058.8,12,-16.1951,4,8683,1,0
59,1,2291009.5,2291996.5,11,-12.849,4,8683,1,0
346,1,2292501.0,2294311.5,12,0.0,4,8683,0,1
38,1,2292844.0,2292977.5,8,0.0359505,2,8685,1,0
196,1,2294292.8,2294745.2,10,-11.1834,2,8685,0,1
183,1,2295544.0,2295790.8,9,-12.8593,4,8683,1,0
302,1,2300021.8,2301832.2,12,-19.2019,2,8683,1,0
276,1,2301934.2,2302006.2,7,-3.08147,2,8683,1,0
181,1,2302875.5,2304686.0,12,-5.08897,4,8683,1,0
116,1,2303213.2,2303665.8,10,-7.63518,2,8683,1,0
17,1,2305179.2,2306989.8,12,0.0,4,8685,0,1
343,1,2307384.8,2309195.2,12,0.0,2,8685,0,1
106,1,2307861.2,2307994.8,8,-8.09631,2,8683,1,0
304,1,2309433.0,2309505.2,7,-0.626296,2,8685,1,0
340,1,2309517.0,2309650.8,8,-3.8269,2,8685,1,0
296,1,2310764.2,2311216.8,10,-14.8848,2,8685,1,0
270,1,2310817.2,2312627.8,12,0.81366,2,8683,1,0
91,1,2311443.0,2313253.8,12,-16.6247,2,8685,1,0
151,1,2316371.2,2318182.0,12,-2.48752,4,8683,1,0
364,1,2316813.5,2317060.2,9,6.09815,2,8683,1,0
278,1,2317615.0,2319425.5,12,-21.7164,2,8681,1,0
191,1,2317676.5,2319487.0,12,-12.1205,2,8685,1,0
239,1,2318753.0,2319740.0,11,-13.3555,2,8685,1,0
66,1,2322193.0,2324003.8,12,-8.42256,2,8685,1,0
204,1,2322710.5,2323163.0,10,-16.2764,2,8683,1,0
197,1,2324600.0,2326410.8,12,-13.5373,2,8683,1,0
322,1,2324842.8,2326653.2,12,-11.6815,2,8685,1,0
317,1,2327089.0,2328899.8,12,-12.996,4,8683,1,0
164,1,2327542.5,2327676.0,8,-0.132186,2,8683,1,0
246,1,2327653.2,2329463.8,12,-13.0082,2,8683,1,0
24,1,2330252.2,2332062.8,12,10.0406,2,8683,1,0
77,1,2333404.5,2334391.5,11,11.0519,4,8681,1,0
391,1,2335212.0,2337022.5,12,0.0,4,8683,0,1
23,1,2335339.8,2337150.5,12,0.0,4,8685,0,1
190,1,2335589.2,2335661.5,7,10.9571,2,8683,1,0
189,1,2339075.8,2340886.2,12,-17.13,4,8685,1,0
216,1,2339791.8,2340244.5,10,-6.98123,4,8681,1,0
137,1,2344109.8,2345097.0,11,-5.74506,4,8685,1,0
48,1,2344837.0,2346647.5,12,-13.7124,4,8681,1,0
130,1,2346993.5,2347446.0,10,-15.0284,2,8685,1,0
279,1,2347305.5,2349116.0,12,0.0,2,8683,0,1
335,1,2349220.5,2351031.0,12,-1.5453,2,8683,0,1
356,1,2350826.0,2351813.0,11,-6.40913,2,8683,1,0
340,1,2351163.2,2351297.0,8,-2.49167,2,8683,1,0
92,1,2351378.2,2351830.8,10,-15.2808,2,8685,1,0
366,1,2353766.8,2353838.8,7,1.15714,2,8683,1,0
73,1,2353788.5,2353922.0,8,3.96713,2,8685,1,0
292,1,2353872.5,2354119.5,9,3.16963,4,8683,1,0
195,1,2353909.8,2355720.2,12,-15.8869,2,8683,0,1
323,1,2356088.2,2356160.2,7,0.0,2,8685,1,0
260,1,2357896.2,2359706.8,12,6.29807,4,8683,1,0
54,1,2359641.8,2361452.5,12,-11.868,2,8685,1,0
311,1,2363822.0,2364068.8,9,-13.291,2,8681,1,0
196,1,2365696.2,2366149.0,10,-11.1457,2,8683,1,0
161,1,2367458.0,2369268.5,12,-11.6324,2,8683,1,0
387,1,2369291.0,2371101.5,12,-10.9657,2,8683,1,0
341,1,2372786.0,2372858.0,7,19.4969,2,8683,1,0
289,1,2374209.2,2376019.8,12,-6.20865,2,8683,1,0
333,1,2375047.2,2375119.5,7,11.1201,2,8683,1,0
131,1,2375321.8,2375568.5,9,-4.71033,2,8685,1,0
219,1,2375371.2,2375824.0,10,-4.81703,2,8683,1,0
272,1,2376118.8,2376190.8,7,4.62119,4,8681,1,0
72,1,2377295.5,2377542.2,9,10.6616,2,8683,1,0
273,1,2377720.2,2377967.0,9,4.14336,2,8685,1,0
14,1,2379769.2,2381579.8,12,7.96471,2,8685,1,0
231,1,2384991.0,2386801.5,12,-17.2634,4,8685,1,0
291,1,2385066.2,2386876.8,12,-16.9533,2,8683,1,0
120,1,2386994.8,2387128.5,8,2.11266,2,8685,1,0
230,1,2387350.5,2388337.8,11,-4.58629,4,8683,1,0
311,1,2388500.5,2388747.2,9,-8.76894,2,8685,1,0
146,1,2389052.2,2390862.8,12,0.0,4,8681,0,1
373,1,2389938.8,2391749.2,12,0.0,2,8683,0,1
96,1,2390616.0,2391603.0,11,0.0,2,8685,0,1
178,1,2392394.8,2392847.5,10,7.8274,2,8685,1,0
382,1,2392573.2,2393026.0,10,3.92775,4,8683,1,0
344,1,2393087.5,2394074.5,11,-12.3274,2,8685,0,1
198,1,2393676.8,2394129.5,10,-6.24638,2,8683,0,1
150,1,2396000.5,2396987.5,11,-9.09062,2,8683,1,0
135,1,2397689.0,2398676.0,11,-2.32477,4,8681,1,0
265,1,2399158.5,2400145.5,11,-15.4062,4,8681,1,0
225,1,2400003.2,2400990.2,11,-12.5092,2,8685,1,0
314,1,2400658.8,2400730.8,7,41.0534,2,8683,1,0
377,1,2401178.5,2402989.0,12,0.0,2,8685,0,1
72,1,2401973.8,2402220.5,9,0.0,2,8681,0,1
36,1,2406348.5,2406595.2,9,-12.6906,2,8683,1,0
200,1,2407483.2,2409293.8,12,-18.9801,2,8685,1,0
276,1,2408241.8,2408313.8,7,-1.08293,2,8683,1,0
215,1,2412272.2,2412344.2,7,-4.37765,4,8681,1,0
301,1,2412455.5,2412589.0,8,-0.291274,4,8685,1,0
209,1,2413983.5,2415794.0,12,0.0,2,8685,1,0
239,1,2417466.5,2418453.5,11,-16.4969,2,8685,1,0
69,1,2417993.0,2419803.5,12,-18.1265,4,8683,1,0
353,1,2418624.0,2419076.8,10,-4.05971,2,8685,1,0
126,1,2419818.5,2421629.2,12,-13.772,4,8683,1,0
219,1,2420632.0,2421084.8,10,-12.2904,2,8685,1,0
52,1,2424063.0,2425873.5,12,-15.4028,2,8685,1,0
329,1,2424709.8,2425162.2,10,-16.8889,2,8683,1,0
228,1,2424778.2,2426588.8,12,-16.8098,4,8683,1,0
273,1,2425563.2,2425810.0,9,-10.2788,2,8683,1,0
28,1,2425746.2,2427557.0,12,-10.8942,2,8685,1,0
64,1,2425827.2,2426279.8,10,-11.1867,4,8681,1,0
207,1,2428227.8,2428474.5,9,0.0,4,8681,1,0
217,1,2431709.5,2433520.0,12,9.45349,4,8683,1,0
304,1,2433532.0,2433604.0,7,-4.28345,2,8683,1,0
311,1,2435131.2,2435378.2,9,-5.80919,2,8685,1,0
4,1,2436774.2,2437761.2,11,-7.22,2,8683,1,0
2,1,2436869.8,2438680.2,12,-17.1351,2,8683,1,0
247,1,2437827.2,2437960.8,8,-5.96277,2,8683,1,0
213,1,2439941.8,2441752.2,12,-12.2849,2,8685,1,0
107,1,2441950.2,2442937.2,11,12.3767,2,8683,1,0
233,1,2442020.5,2443831.0,12,-9.37436,2,8683,1,0
215,1,2449491.8,2449563.8,7,16.9938,4,8683,1,0
63,1,2451199.0,2453009.5,12,0.0,4,8685,1,0
268,1,2451309.8,2451762.5,10,0.0,4,8683,1,0
144,1,2452222.2,2454032.8,12,0.0,2,8683,0,1
389,1,2452319.8,2452772.5,10,0.0,4,8681,1,0
179,1,2452788.5,2452860.5,7,0.727067,2,8683,1,0
65,1,2452913.5,2453900.8,11,-0.276702,2,8685,0,1
192,1,2454292.2,2456102.8,12,-16.3531,4,8683,0,1
376,1,2454910.0,2455362.5,10,-12.1743,2,8681,0,1
352,1,2455216.8,2457027.2,12,0.695969,4,8685,1,0
267,1,2457357.0,2457490.5,8,-9.87866,2,8683,1,0
172,1,2457498.8,2457570.8,7,8.11923,2,8685,1,0
129,1,2457693.2,2457765.5,7,-3.23393,4,8681,1,0
168,1,2457788.8,2459599.2,12,-22.0197,4,8683,0,1
327,1,2459778.5,2460025.5,9,-11.8073,2,8685,1,0
243,1,2459881.8,2461692.5,12,-19.6414,4,8683,1,0
37,1,2461486.8,2463297.2,12,5.94814,2,8685,1,0
57,1,2462559.5,2464370.0,12,0.0,2,8683,1,0
139,1,2463379.8,2463451.8,7,-7.06049,2,8683,1,0
152,1,2465636.2,2465708.2,7,9.82195,2,8683,1,0
272,1,2467273.2,2467345.2,7,-1.91412,2,8683,1,0
120,1,2468372.5,2468506.0,8,-10.0902,2,8683,1,0
137,1,2471743.0,2472730.0,11,-11.161,4,8683,1,0
219,1,2472825.5,2473278.0,10,-15.0247,2,8683,1,0
32,1,2472877.8,2474688.2,12,0.0,2,8683,1,0
21,1,2475660.8,2477471.2,12,-10.8764,2,8683,0,1
366,1,2476586.5,2476658.5,7,7.2701,2,8685,1,0
74,1,2479260.0,2479393.5,8,5.32291,2,8683,1,0
313,1,2480511.5,2481498.5,11,-19.0592,4,8685,1,0
247,1,2483500.8,2483634.2,8,0.0,2,8681,1,0
190,1,2483864.0,2483936.0,7,0.0,2,8685,1,0
145,1,2484125.8,2485936.2,12,0.0,4,8685,1,0
314,1,2485180.2,2485252.2,7,31.3588,2,8685,1,0
280,1,2487405.2,2487858.0,10,-9.92821,2,8683,1,0
282,1,2491413.8,2493224.2,12,-0.919723,4,8681,1,0
302,1,2492888.0,2494698.5,12,-8.33823,2,8683,1,0
230,1,2496307.5,2497294.8,11,0.0,4,8681,1,0
147,1,2497548.5,2499359.2,12,-16.8607,4,8681,1,0
38,1,2497769.2,2497902.8,8,-3.05409,2,8683,1,0
319,1,2500350.8,2501338.0,11,-18.4837,2,8685,1,0
357,1,2500465.8,2500537.8,7,-2.57027,2,8683,1,0
222,1,2502303.0,2504113.5,12,-21.5034,2,8683,0,1
206,1,2504864.0,2505851.0,11,12.1656,4,8681,1,0
294,1,2505527.5,2507338.2,12,-15.8327,2,8683,1,0
127,1,2506820.5,2507067.5,9,10.0186,4,8683,1,0
317,1,2508132.2,2509942.8,12,0.0,4,8681,0,1
224,1,2509096.2,2509548.8,10,-5.10217,2,8683,1,0
180,1,2509137.0,2510947.5,12,-5.02803,2,8683,1,0
44,1,2509910.2,2510362.8,10,-2.74463,2,8683,1,0
56,1,2510276.0,2511263.0,11,-6.39387,2,8685,1,0
366,1,2510466.2,2510538.2,7,-1.76936,2,8683,1,0
384,1,2513836.8,2514289.2,10,-6.59967,2,8685,1,0
266,1,2515227.5,2517038.0,12,-9.98962,2,8683,1,0
360,1,2515689.5,2516142.0,10,-9.8426,4,8683,1,0
350,1,2517602.2,2518055.0,10,-13.9193,4,8683,1,0
130,1,2517769.0,2518221.8,10,-7.80305,2,8685,0,1
189,1,2520119.0,2521929.5,12,0.0,4,8685,1,0
318,1,2522430.2,2524240.8,12,-13.179,2,8685,1,0
176,1,2523525.8,2523659.2,8,-3.44301,2,8683,1,0
271,1,2524154.0,2525964.5,12,-8.87178,2,8683,1,0
241,1,2524945.5,2525932.5,11,-9.90771,2,8685,1,0
184,1,2526880.5,2528691.2,12,-2.02824,4,8685,1,0
219,1,2528135.0,2528587.8,10,10.1981,2,8683,1,0
279,1,2528348.8,2530159.2,12,8.50604,2,8683,1,0
335,1,2530263.8,2532074.2,12,-4.75578,4,8681,0,1
77,1,2530831.8,2531818.8,11,-16.5795,2,8685,0,1
104,1,2532579.0,2534389.8,12,0.0,2,8683,1,0
4,1,2535487.8,2536474.8,11,-14.0624,2,8685,1,0
260,1,2538939.5,2540750.0,12,-6.0674,4,8681,1,0
380,1,2539065.0,2540052.0,11,-3.94694,2,8685,1,0
322,1,2545855.5,2547666.0,12,-19.5465,2,8683,1,0
161,1,2548501.2,2550311.8,12,-14.5833,2,8685,1,0
33,1,2549361.5,2549433.5,7,7.72437,2,8685,1,0
254,1,2549431.0,2549883.5,10,8.88725,4,8683,1,0
324,1,2551031.8,2551103.8,7,2.52893,4,8681,1,0
300,1,2551991.0,2552978.0,11,-16.347,2,8685,0,1
198,1,2553685.5,2554138.2,10,6.38676,4,8681,1,0
181,1,2554126.2,2555936.8,12,-0.759795,4,8681,1,0
224,1,2555024.8,2555477.2,10,-7.40562,2,8683,1,0
289,1,2555252.5,2557063.0,12,0.0,2,8685,0,1
26,1,2556879.0,2558689.5,12,0.0,2,8685,0,1
345,1,2558509.2,2559496.2,11,-6.10017,2,8685,1,0
19,1,2558619.8,2558753.5,8,-0.717712,2,8685,1,0
351,1,2559425.0,2559497.0,7,25.181,2,8683,1,0
291,1,2566109.5,2567920.0,12,6.42309,2,8683,0,1
333,1,2566306.2,2566378.2,7,0.355149,4,8681,1,0
284,1,2570332.8,2570785.5,10,-15.7561,2,8683,1,0
373,1,2570982.0,2572792.5,12,-5.36433,2,8683,1,0
367,1,2572186.2,2573996.8,12,-16.9289,4,8681,1,0
33,1,2572776.8,2572849.0,7,19.9027,2,8683,1,0
204,1,2572913.5,2573366.2,10,2.29071,2,8685,1,0
195,1,2573805.5,2575616.0,12,-16.3655,2,8685,1,0
6,1,2577008.8,2577461.5,10,-5.7272,2,8683,1,0
292,1,2578216.5,2578463.5,9,7.26105,4,8683,1,0
371,1,2579754.0,2581564.5,12,0.0,4,8681,0,1
344,1,2582151.8,2583139.0,11,-12.8108,2,8683,1,0
377,1,2582221.8,2584032.2,12,-16.8728,2,8683,0,1
106,1,2582481.2,2582614.8,8,15.1602,4,8681,1,0
400,1,2584712.8,2586523.2,12,-19.9669,2,8685,1,0
384,1,2593295.5,2593748.0,10,-15.6643,2,8683,1,0
156,1,2594110.0,2594182.2,7,-8.19011,4,8681,1,0
253,1,2599482.8,2599935.2,10,-11.4216,4,8681,1,0
24,1,2600184.2,2601994.8,12,-17.4201,4,8681,0,1
133,1,2601772.5,2603583.0,12,-13.2963,2,8685,1,0
206,1,2603577.8,2604564.8,11,-10.8782,4,8683,1,0
108,1,2603697.5,2603944.2,9,-6.86153,2,8683,1,0
52,1,2605106.2,2606916.8,12,-17.2249,2,8683,1,0
17,1,2606960.5,2608771.0,12,-21.991,4,8683,1,0
312,1,2609519.8,2611330.2,12,0.0,4,8685,0,1
96,1,2611154.0,2612141.0,11,0.0,2,8683,0,1
44,1,2614386.5,2614839.0,10,-7.65738,2,8685,1,0
280,1,2616086.2,2616538.8,10,-6.01103,2,8683,1,0
378,1,2616932.8,2617005.0,7,8.54167,2,8683,1,0
155,1,2617836.8,2618083.5,9,-13.9575,2,8685,1,0
190,1,2618376.5,2618448.5,7,38.3742,2,8683,1,0
156,1,2622093.8,2622165.8,7,7.81904,2,8683,1,0
298,1,2622235.2,2622688.0,10,-12.2583,4,8683,1,0
169,1,2622299.8,2624110.2,12,-16.5707,2,8685,1,0
97,1,2625857.0,2627667.5,12,-15.9608,2,8683,1,0
39,1,2628604.0,2629056.8,10,-16.5363,2,8685,1,0
77,1,2629545.5,2630532.5,11,-17.8885,2,8683,1,0
311,1,2630414.5,2630661.5,9,-8.46632,2,8683,1,0
247,1,2635617.5,2635751.0,8,-7.50638,2,8683,1,0
328,1,2636487.8,2636940.5,10,-7.85077,4,8685,1,0
168,1,2638832.0,2640642.5,12,0.0,4,8685,1,0
57,1,2643602.8,2645413.2,12,-13.7473,2,8685,0,1
36,1,2646314.5,2646561.2,9,-13.1349,2,8683,1,0
105,1,2646647.8,2648458.2,12,-22.4231,2,8685,0,1
114,1,2646858.0,2647310.5,10,3.4248,2,8683,1,0
232,1,2647015.0,2648825.5,12,-7.86787,2,8683,0,1
129,1,2647235.5,2647307.5,7,-5.96702,4,8685,1,0
33,1,2651368.0,2651440.0,7,15.8492,2,8683,1,0
76,1,2654069.2,2654316.2,9,15.9062,2,8683,1,0
330,1,2654545.5,2656356.0,12,-4.81653,2,8683,1,0
12,1,2655619.0,2655691.0,7,23.0089,2,8683,1,0
313,1,2656797.0,2657784.0,11,-6.95656,4,8683,1,0
348,1,2658113.8,2659924.2,12,0.0,2,8681,0,1
33,1,2658561.5,2658633.5,7,11.0421,4,8681,1,0
113,1,2661366.0,2661818.5,10,0.0,2,8685,1,0
365,1,2665105.0,2666915.5,12,-11.0362,2,8683,1,0
160,1,2667065.2,2668875.8,12,-13.7914,4,8681,1,0
398,1,2668336.5,2670147.0,12,3.57721,2,8683,1,0
368,1,2669114.5,2670101.5,11,-9.44952,2,8683,1,0
246,1,2670849.0,2672659.5,12,-19.8174,2,8683,1,0
287,1,2673292.0,2675102.5,12,-8.9995,2,8683,1,0
363,1,2673296.8,2675107.2,12,-12.2164,4,8685,1,0
341,1,2676774.2,2676846.2,7,11.4614,4,8681,1,0
147,1,2678591.8,2680402.2,12,-13.4095,4,8683,1,0
127,1,2679062.8,2679309.5,9,4.50528,4,8683,1,0
298,1,2679301.8,2679754.5,10,-13.5948,4,8683,1,0
344,1,2680865.5,2681852.5,11,-11.3237,2,8681,0,1
134,1,2684390.2,2686200.8,12,-21.3209,2,8685,1,0
341,1,2684878.5,2684950.5,7,-8.09013,2,8683,1,0
358,1,2685954.0,2686406.8,10,11.4479,2,8683,1,0
356,1,2690065.5,2691052.5,11,-10.9012,2,8683,1,0
297,1,2690449.2,2691436.2,11,-11.7568,4,8685,1,0
123,1,2692517.8,2692764.8,9,10.1873,2,8683,1,0
163,1,2696067.0,2696519.5,10,-1.43886,2,8685,1,0
266,1,2696270.8,2698081.2,12,-4.95373,4,8681,1,0
33,1,2701200.8,2701272.8,7,18.93,2,8683,1,0
61,1,2701761.0,2701833.0,7,22.5809,4,8683,1,0
39,1,2702558.8,2703011.5,10,-0.921096,2,8683,0,1
318,1,2703473.5,2705284.0,12,-19.1677,2,8683,1,0
44,1,2704908.2,2705360.8,10,-4.08346,2,8681,1,0
332,1,2708217.0,2708669.8,10,-11.3658,4,8681,1,0
327,1,2714681.5,2714928.2,9,-12.5728,2,8683,1,0
131,1,2715642.2,2715889.2,9,7.56412,2,8683,1,0
33,1,2715643.8,2715715.8,7,26.5855,2,8685,1,0
76,1,2719933.2,2720180.2,9,-4.30669,2,8683,1,0
386,1,2720883.5,2722694.0,12,-19.2337,4,8683,1,0
237,1,2722372.2,2722505.8,8,3.35304,2,8683,1,0
172,1,2723658.0,2723730.0,7,0.0,2,8683,1,0
322,1,2726898.8,2728709.2,12,-5.38435,2,8683,0,1
82,1,2727012.5,2727259.2,9,-2.97105,4,8685,1,0
238,1,2728764.8,2729217.2,10,-14.9547,4,8685,1,0
358,1,2731214.8,2731667.5,10,-2.79579,2,8685,1,0
181,1,2735169.5,2736980.0,12,-19.0276,4,8683,1,0
30,1,2735447.2,2735694.0,9,-14.3798,2,8683,1,0
64,1,2736051.0,2736503.8,10,-0.128692,4,8683,1,0
115,1,2738491.8,2738738.5,9,1.85005,2,8683,0,1
327,1,2739359.5,2739606.5,9,-0.0275566,2,8685,0,1
172,1,2740490.2,2740562.2,7,4.35696,2,8681,1,0
320,1,2741540.2,2741673.8,8,-6.09499,2,8685,1,0
84,1,2743541.5,2745352.0,12,-14.9709,4,8685,1,0
36,1,2744114.8,2744361.5,9,0.144471,2,8683,1,0
93,1,2747075.5,2748886.0,12,0.0,2,8685,1,0
29,1,2747219.5,2748206.5,11,0.0,4,8681,1,0
314,1,2751468.8,2751540.8,7,29.6261,2,8683,1,0
195,1,2754848.8,2756659.2,12,-15.7414,2,8683,1,0
163,1,2755047.8,2755500.5,10,-13.0515,2,8683,1,0
111,1,2761940.8,2762393.2,10,-16.8812,2,8683,1,0
274,1,2764578.0,2766388.8,12,-16.4608,2,8685,1,0
400,1,2765755.8,2767566.5,12,-21.7044,2,8683,0,1
292,1,2765804.0,2766050.8,9,9.6264,4,8681,1,0
368,1,2767828.0,2768815.2,11,0.0,4,8681,1,0
383,1,2778809.2,2780619.8,12,-20.9944,4,8685,1,0
360,1,2781229.2,2781682.0,10,-12.7293,4,8685,1,0
126,1,2781905.0,2783715.5,12,0.0,4,8681,0,1
131,1,2782368.2,2782615.0,9,13.2494,2,8685,1,0
338,1,2785146.2,2785599.0,10,-1.34448,2,8683,1,0
129,1,2786203.2,2786275.5,7,1.62569,4,8683,1,0
59,1,2787371.0,2788358.2,11,-5.83087,4,8685,1,0
24,1,2788806.2,2790616.8,12,-17.8235,2,8683,1,0
49,1,2792689.5,2794500.0,12,-14.9888,2,8683,1,0
178,1,2793799.8,2794252.5,10,-0.96852,2,8683,1,0
116,1,2795682.0,2796134.5,10,1.66673,2,8685,1,0
46,1,2795977.2,2796224.0,9,-0.861312,2,8683,1,0
249,1,2796409.8,2797396.8,11,-12.3981,4,8685,1,0
115,1,2799401.8,2799648.8,9,0.0,2,8685,0,1
169,1,2803343.0,2805153.5,12,-13.0086,2,8683,1,0
224,1,2804948.5,2805401.0,10,-2.16421,2,8683,1,0
172,1,2806890.2,2806962.2,7,3.74481,2,8683,1,0
87,1,2807412.8,2809223.5,12,-3.2298,4,8685,1,0
317,1,2808258.0,2810068.5,12,-21.5801,4,8683,1,0
319,1,2808607.8,2809594.8,11,-9.3391,2,8683,1,0
286,1,2810231.8,2812042.2,12,0.0,2,8685,0,1
10,1,2810593.5,2811046.2,10,-8.95937,4,8683,1,0
335,1,2812513.8,2814324.2,12,-18.7393,2,8683,1,0
79,1,2813810.0,2814057.0,9,-6.10887,2,8683,1,0
4,1,2814040.8,2815027.8,11,-13.9038,2,8683,1,0
351,1,2814283.5,2814355.5,7,5.49774,2,8685,1,0
272,1,2815494.0,2815566.0,7,-4.51672,2,8685,1,0
81,1,2817732.5,2819543.0,12,-9.54472,2,8685,1,0
119,1,2819604.8,2820591.8,11,-18.3643,2,8683,1,0
168,1,2819875.2,2821685.8,12,-9.62353,4,8683,1,0
196,1,2820888.0,2821340.5,10,-5.72058,4,8681,1,0
346,1,2821564.8,2823375.2,12,0.0,4,8681,1,0
211,1,2822135.2,2823945.8,12,0.0,4,8683,1,0
300,1,2823129.2,2824116.2,11,0.0,2,8683,1,0
316,1,2826990.2,2828800.8,12,-18.2418,4,8681,1,0
369,1,2827726.8,2829537.2,12,-3.7655,2,8685,0,1
232,1,2828058.0,2829868.8,12,-17.197,4,8681,0,1
215,1,2828243.8,2828315.8,7,-3.69202,4,8685,1,0
344,1,2829345.2,2830332.2,11,7.26456,2,8683,0,1
36,1,2829593.5,2829840.2,9,-10.6081,2,8685,1,0
312,1,2831078.0,2832888.5,12,-0.219848,4,8683,1,0
149,1,2831232.0,2831684.5,10,-5.86304,4,8681,1,0
303,1,2831395.8,2833206.2,12,-7.07658,2,8685,1,0
25,1,2835963.5,2837774.0,12,6.32642,2,8683,0,1
76,1,2836375.2,2836622.0,9,-9.02771,4,8681,1,0
114,1,2837588.0,2838040.5,10,-5.29973,4,8681,0,1
252,1,2837660.5,2839471.0,12,0.0,2,8683,0,1
89,1,2838993.8,2839446.2,10,0.0,4,8683,1,0
200,1,2840717.5,2842528.0,12,-19.7833,2,8683,0,1
194,1,2842534.0,2844344.5,12,-5.30168,2,8683,0,1
259,1,2844396.0,2844848.8,10,-2.22504,2,8683,1,0
380,1,2844573.0,2845560.0,11,-6.98221,2,8683,1,0
304,1,2845265.5,2845337.8,7,4.50806,2,8685,1,0
248,1,2845492.2,2845944.8,10,7.05356,2,8685,1,0
113,1,2846139.0,2846591.5,10,-3.03857,2,8683,1,0
117,1,2847101.2,2848911.8,12,-6.31752,2,8685,1,0
108,1,2847410.5,2847657.2,9,-4.5094,2,8685,1,0
192,1,2850032.8,2851843.2,12,1.84725,4,8683,1,0
282,1,2853500.2,2855310.8,12,0.0,2,8685,0,1
373,1,2855931.8,2857742.2,12,1.73773,4,8681,1,0
83,1,2857215.5,2859026.0,12,-1.23553,4,8685,1,0
46,1,2857817.0,2858063.8,9,-3.75261,2,8685,1,0
142,1,2858923.2,2860734.0,12,0.0,4,8683,1,0
350,1,2859296.2,2859748.8,10,-6.78807,4,8685,1,0
265,1,2860139.0,2861126.0,11,0.0,4,8683,1,0
218,1,2860862.8,2862673.2,12,0.0,2,8683,0,1
401,1,2861180.8,2861427.5,9,-8.94476,4,8681,1,0
224,1,2861582.0,2862034.8,10,-8.90359,2,8685,1,0
27,1,2862227.8,2862680.5,10,-16.4562,2,8685,0,1
109,1,2862388.2,2864198.8,12,-13.7364,2,8685,0,1
334,1,2865571.8,2867382.2,12,-5.74881,4,8683,1,0
111,1,2867553.0,2868005.5,10,-13.8848,2,8683,1,0
73,1,2868272.2,2868405.8,8,-4.83615,2,8683,1,0
358,1,2870711.2,2871163.8,10,-13.4196,2,8683,1,0
348,1,2872435.2,2874245.8,12,-14.5697,2,8685,1,0
372,1,2873254.5,2873501.2,9,7.66285,2,8685,1,0
223,1,2874344.5,2874478.0,8,-7.03842,2,8683,1,0
262,1,2876189.5,2877176.5,11,-10.54,2,8685,1,0
107,1,2878966.8,2879953.8,11,-13.1868,2,8683,1,0
339,1,2879503.2,2879575.2,7,-3.32619,2,8683,1,0
53,1,2880422.5,2882233.2,12,-22.3427,2,8683,1,0
231,1,2881636.2,2883446.8,12,-17.1655,4,8685,1,0
395,1,2889387.5,2891198.0,12,-14.7728,2,8683,1,0
166,1,2889588.0,2890040.5,10,1.03505,2,8683,1,0
295,1,2890842.2,2891295.0,10,-8.28996,4,8685,1,0
136,1,2891186.0,2892996.5,12,-18.8539,2,8683,1,0
175,1,2893532.2,2893984.8,10,-16.0382,4,8683,1,0
249,1,2895123.2,2896110.2,11,-16.3349,4,8683,1,0
176,1,2895944.2,2896078.0,8,-7.02179,2,8683,1,0
38,1,2896918.8,2897052.2,8,-9.72188,4,8681,1,0
327,1,2897206.0,2897453.0,9,-0.0584098,2,8683,1,0
206,1,2901398.5,2902385.5,11,-16.082,4,8685,1,0
3,1,2902074.0,2903884.5,12,-14.9551,4,8681,1,0
70,1,2903529.0,2905339.5,12,-6.718,4,8685,0,1
398,1,2903971.5,2905782.0,12,-20.8338,2,8683,0,1
350,1,2904557.0,2905009.5,10,-8.61648,4,8683,0,1
397,1,2906464.8,2906598.5,8,-8.82005,4,8683,1,0
333,1,2907419.2,2907491.2,7,4.83002,2,8685,1,0
181,1,2916212.8,2918023.2,12,0.0556649,4,8685,1,0
235,1,2917277.0,2917729.8,10,-13.7577,4,8683,1,0
314,1,2918243.2,2918315.2,7,4.38877,2,8683,1,0
63,1,2918289.8,2920100.2,12,0.0,4,8685,1,0
119,1,2918318.2,2919305.5,11,-5.04398,4,8681,1,0
40,1,2920364.2,2920436.2,7,0.0,2,8683,1,0
214,1,2920375.0,2920827.8,10,0.0,2,8683,1,0
263,1,2923991.2,2924238.0,9,8.27575,2,8683,1,0
293,1,2924737.8,2926548.2,12,-14.1285,2,8683,1,0
351,1,2925261.5,2925333.5,7,-2.4265,2,8683,1,0
314,1,2925659.8,2925731.8,7,54.37,4,8681,1,0
195,1,2935891.8,2937702.5,12,5.84307,2,8683,1,0
315,1,2936626.0,2937078.5,10,-11.3766,2,8683,1,0
340,1,2936893.5,2937027.0,8,-4.50091,4,8681,1,0
47,1,2939112.5,2939565.2,10,0.0,2,8683,1,0
237,1,2943526.0,2943659.8,8,-5.69507,2,8681,1,0
118,1,2945697.0,2946149.8,10,-6.03395,2,8683,1,0
287,1,2948420.5,2950231.0,12,-9.90016,4,8681,1,0
358,1,2948474.2,2948927.0,10,-8.30617,2,8683,1,0
219,1,2949591.8,2950044.5,10,-5.48067,4,8681,1,0
26,1,2952384.8,2954195.2,12,0.0,2,8683,1,0
259,1,2953637.2,2954089.8,10,-6.10435,2,8683,1,0
64,1,2955961.0,2956413.5,10,-12.9093,4,8681,1,0
280,1,2958795.5,2959248.0,10,-12.166,4,8681,0,1
265,1,2958852.5,2959839.5,11,-15.3852,4,8685,0,1
28,1,2960367.8,2962178.2,12,-19.5215,2,8683,1,0
108,1,2962628.0,2962874.8,9,-13.1704,2,8683,1,0
44,1,2965876.2,2966328.8,10,-10.1824,2,8683,1,0
230,1,2967949.0,2968936.0,11,-19.2792,4,8683,1,0
247,1,2969328.8,2969462.5,8,-11.4538,2,8681,1,0
161,1,2970807.8,2972618.5,12,-22.2512,2,8683,0,1
42,1,2972069.2,2972141.2,7,-4.81636,4,8685,0,1
262,1,2974903.0,2975890.2,11,0.0,2,8683,1,0
289,1,2975269.0,2977079.5,12,0.0,2,8683,1,0
162,1,2975953.0,2976940.0,11,-16.3576,4,8683,1,0
43,1,2979070.5,2980881.0,12,-22.1957,4,8683,1,0
229,1,2979720.8,2980173.2,10,-16.7686,2,8683,1,0
37,1,2981754.5,2983565.0,12,-17.1388,2,8683,1,0
243,1,2982129.5,2983940.0,12,-9.11604,4,8685,0,1
276,1,2982786.5,2982858.5,7,-8.55423,4,8681,1,0
295,1,2982948.2,2983401.0,10,17.6802,4,8685,1,0
114,1,2983338.0,2983790.5,10,-3.98576,2,8683,1,0
281,1,2984434.8,2984506.8,7,-2.73971,2,8685,1,0
85,1,2991228.8,2991362.2,8,19.9052,2,8683,1,0
69,1,2991848.8,2993659.2,12,-13.4438,4,8681,1,0
276,1,2993488.5,2993560.5,7,5.88267,2,8683,1,0
75,1,2993767.0,2994219.8,10,-10.1803,2,8683,1,0
103,1,2995689.5,2997500.0,12,-11.7938,2,8685,1,0
57,1,2995760.8,2997571.2,12,-18.881,2,8683,1,0
206,1,3000112.0,3001099.0,11,-7.19937,4,8683,1,0
346,1,3002608.0,3004418.5,12,0.0,4,8683,0,1
182,1,3002665.8,3004476.2,12,0.0,4,8681,0,1
99,1,3007891.8,3008879.0,11,-15.8314,4,8683,1,0
312,1,3012121.0,3013931.8,12,-7.47531,4,8685,1,0
307,1,3013562.5,3014549.5,11,-6.10239,2,8685,1,0
44,1,3014291.8,3014744.5,10,-6.07234,2,8683,1,0
294,1,3019329.0,3021139.8,12,-20.8688,2,8685,1,0
300,1,3020556.5,3021543.5,11,-13.0521,4,8681,1,0
59,1,3020632.0,3021619.2,11,-17.9297,4,8683,1,0
384,1,3021233.8,3021686.2,10,-1.36105,2,8683,1,0
308,1,3024881.0,3026691.8,12,-19.9075,2,8683,1,0
10,1,3026134.2,3026587.0,10,1.92247,4,8685,1,0
351,1,3027262.2,3027334.2,7,-7.05585,2,8683,1,0
96,1,3027876.8,3028863.8,11,0.0,2,8685,0,1
115,1,3030814.8,3031061.5,9,-11.1168,2,8683,1,0
51,1,3031316.5,3031388.5,7,-2.79115,2,8685,1,0
187,1,3032467.8,3032714.5,9,-1.51349,2,8683,1,0
245,1,3034789.0,3036599.5,12,-15.0835,2,8683,1,0
391,1,3037233.0,3039043.5,12,-20.8141,4,8685,1,0
83,1,3038258.8,3040069.2,12,0.0,4,8683,1,0
142,1,3039966.5,3041777.0,12,0.0,4,8683,1,0
106,1,3041575.0,3041708.5,8,-2.07265,2,8685,1,0
218,1,3041906.0,3043716.5,12,-17.3535,2,8683,1,0
199,1,3042179.2,3043989.8,12,10.2406,4,8681,0,1
397,1,3042623.8,3042757.2,8,-11.7181,4,8685,1,0
283,1,3044277.0,3046087.8,12,0.0,2,8683,0,1
71,1,3044998.2,3045131.8,8,0.0,2,8683,1,0
50,1,3046017.2,3047828.0,12,-13.2939,2,8683,1,0
80,1,3046183.2,3046430.2,9,-10.453,2,8683,1,0
178,1,3047989.8,3048442.5,10,-3.78418,2,8681,1,0
159,1,3048583.0,3050393.5,12,-15.1684,4,8683,1,0
331,1,3051478.2,3051931.0,10,-7.34401,2,8683,1,0
382,1,3053476.0,3053928.8,10,-7.37276,4,8683,1,0
348,1,3053478.5,3055289.0,12,-13.541,2,8685,1,0
16,1,3054325.5,3054778.0,10,-6.26298,2,8683,1,0
34,1,3056474.8,3056927.5,10,1.05484,2,8683,0,1
35,1,3057065.2,3058875.8,12,-18.4083,2,8683,0,1
171,1,3057712.5,3059523.0,12,-9.13383,4,8685,1,0
71,1,3058361.5,3058495.0,8,-10.7419,2,8685,1,0
4,1,3059555.8,3060542.8,11,-10.6594,2,8683,1,0
393,1,3059763.2,3060215.8,10,-9.36429,2,8683,1,0
39,1,3062082.0,3062534.8,10,0.0,4,8681,1,0
201,1,3065610.5,3066597.8,11,-2.93602,4,8681,1,0
81,1,3067241.8,3069052.2,12,-2.26152,2,8683,0,1
152,1,3068384.0,3068456.0,7,1.11243,2,8683,1,0
131,1,3074044.0,3074290.8,9,0.273545,2,8683,1,0
60,1,3075685.5,3075932.2,9,-12.72,4,8683,1,0
170,1,3077635.2,3079445.8,12,0.0,2,8683,1,0
174,1,3080885.8,3080957.8,7,10.2784,4,8681,1,0
87,1,3081302.2,3083112.8,12,-6.26036,4,8683,0,1
233,1,3082175.0,3083985.5,12,-18.1024,4,8681,0,1
3,1,3083117.2,3084927.8,12,-18.0132,4,8683,0,1
343,1,3083217.2,3085027.8,12,-4.09293,2,8685,0,1
118,1,3089646.2,3090099.0,10,-16.909,2,8685,1,0
356,1,3089770.5,3090757.5,11,-10.9333,4,8681,1,0
276,1,3090249.2,3090321.2,7,-5.66917,2,8685,1,0
322,1,3091157.0,3092967.5,12,0.0,4,8681,1,0
155,1,3094575.8,3094822.5,9,-4.38219,2,8683,1,0
157,1,3096897.2,3097030.8,8,-8.65021,4,8685,1,0
306,1,3097598.0,3099408.5,12,-11.1186,4,8685,0,1
48,1,3102552.0,3104362.5,12,-21.944,2,8683,1,0
11,1,3103867.2,3104319.8,10,2.38912,4,8683,1,0
288,1,3104594.5,3104841.2,9,-7.98189,2,8685,1,0
196,1,3104939.8,3105392.2,10,3.15472,2,8683,1,0
210,1,3105017.0,3106827.8,12,0.0,4,8681,1,0
400,1,3105541.8,3107352.2,12,0.0,2,8683,1,0
258,1,3107306.5,3107759.0,10,0.0,4,8681,1,0
60,1,3108087.5,3108334.2,9,-11.7317,4,8683,1,0
38,1,3109907.2,3110040.8,8,17.8354,2,8683,0,1
284,1,3110333.0,3110785.8,10,-1.96599,4,8681,1,0
341,1,3111884.5,3111956.5,7,24.5044,2,8685,0,1
307,1,3112276.0,3113263.2,11,-3.76288,2,8683,1,0
202,1,3114882.5,3115129.5,9,-9.66521,2,8685,1,0
33,1,3116980.0,3117052.0,7,7.25717,2,8683,1,0
137,1,3124658.2,3125645.2,11,-19.121,4,8685,1,0
194,1,3127528.2,3129338.8,12,0.0,4,8681,0,1
20,1,3129467.8,3131278.2,12,-18.0942,4,8685,1,0
157,1,3132878.5,3133012.0,8,-10.5731,4,8683,1,0
41,1,3134288.0,3136098.8,12,-9.5161,4,8681,1,0
139,1,3137126.8,3137198.8,7,2.27783,2,8683,1,0
158,1,3139050.5,3139122.5,7,20.0339,4,8681,1,0
22,1,3139984.0,3140056.0,7,-4.15036,4,8683,1,0
13,1,3140720.2,3142530.8,12,0.0,2,8683,0,1
371,1,3140851.8,3142662.2,12,0.0,2,8685,0,1
285,1,3142130.2,3143941.0,12,0.0,4,8683,0,1
30,1,3143737.0,3143984.0,9,-7.83386,4,8681,1,0
203,1,3143942.8,3145753.5,12,-4.8884,4,8681,1,0
183,1,3144581.8,3144828.5,9,-6.24832,4,8683,1,0
176,1,3147279.0,3147412.5,8,-8.01359,4,8681,1,0
205,1,3147398.5,3149209.0,12,-5.56287,2,8685,1,0
158,1,3149370.8,3149442.8,7,4.83076,2,8683,1,0
130,1,3151037.8,3151490.5,10,-6.97005,2,8683,1,0
161,1,3151851.0,3153661.5,12,-12.078,2,8683,1,0
184,1,3153981.8,3155792.2,12,-8.16168,4,8683,1,0
314,1,3154661.5,3154733.8,7,27.8845,2,8683,1,0
165,1,3154858.5,3155845.5,11,-19.2654,2,8683,1,0
327,1,3154995.8,3155242.8,9,3.63639,2,8683,1,0
253,1,3156186.8,3156639.5,10,-0.963393,4,8683,1,0
250,1,3158628.0,3159615.0,11,0.0,4,8683,0,1
151,1,3159063.2,3160873.8,12,0.0,4,8683,0,1
58,1,3159675.0,3160662.0,11,0.0,2,8683,0,1
43,1,3160113.8,3161924.2,12,2.68832,4,8685,1,0
190,1,3162455.8,3162527.8,7,37.065,2,8683,1,0
172,1,3164789.8,3164861.8,7,23.7313,2,8683,1,0
317,1,3166472.8,3168283.2,12,-9.6299,4,8685,1,0
311,1,3166682.5,3166929.5,9,-7.33729,2,8685,1,0
5,1,3170883.8,3170955.8,7,0.0,2,8683,0,1
198,1,3171461.0,3171913.5,10,-10.9392,2,8685,1,0
286,1,3172318.0,3174128.8,12,-11.4471,2,8685,1,0
69,1,3172891.8,3174702.5,12,-1.33987,4,8683,1,0
103,1,3176732.8,3178543.2,12,-1.77585,2,8683,1,0
219,1,3177332.8,3177785.5,10,-11.823,2,8683,1,0
301,1,3179311.0,3179444.5,8,-5.08363,4,8685,1,0
131,1,3180012.0,3180258.8,9,-14.0605,2,8683,1,0
168,1,3181961.8,3183772.2,12,-9.40179,4,8681,1,0
326,1,3182722.0,3184532.5,12,-21.328,2,8683,1,0
346,1,3183651.0,3185461.8,12,0.484467,4,8685,1,0
277,1,3187281.8,3189092.2,12,-8.62677,2,8685,1,0
336,1,3187787.5,3189598.2,12,-3.192,2,8683,1,0
185,1,3189112.8,3190923.2,12,0.0869454,2,8683,1,0
311,1,3191360.8,3191607.8,9,3.19215,2,8683,1,0
377,1,3193998.2,3195808.8,12,-5.53314,2,8683,1,0
112,1,3195825.0,3196812.0,11,-13.6734,2,8683,1,0
51,1,3196505.2,3196577.5,7,6.3686,2,8683,1,0
237,1,3200661.5,3200795.2,8,-11.5808,2,8683,1,0
386,1,3201958.2,3203768.8,12,-10.6031,4,8683,0,1
301,1,3202458.2,3202591.8,8,0.906449,4,8683,1,0
305,1,3202901.0,3203147.8,9,-5.60507,2,8683,1,0
308,1,3205924.2,3207734.8,12,-2.6575,4,8681,1,0
180,1,3208705.8,3210516.2,12,-16.4279,4,8681,0,1
148,1,3208833.0,3209285.8,10,-6.25049,4,8681,1,0
114,1,3211045.2,3211497.8,10,-12.4724,2,8685,1,0
176,1,3211116.0,3211249.5,8,14.3685,2,8683,1,0
282,1,3211634.5,3213445.0,12,-0.0713798,2,8683,1,0
89,1,3215018.2,3215471.0,10,6.54353,4,8681,1,0
213,1,3217848.5,3219659.0,12,0.0,2,8685,1,0
109,1,3218136.8,3219947.2,12,0.0,2,8683,1,0
265,1,3219238.8,3220225.8,11,-7.74255,4,8683,1,0
83,1,3219302.0,3221112.5,12,-5.96278,4,8685,1,0
208,1,3219427.5,3219674.2,9,0.44336,2,8685,1,0
186,1,3220772.0,3222582.5,12,-5.48141,2,8683,1,0
24,1,3222556.0,3224366.5,12,-18.5656,2,8685,1,0
283,1,3225320.2,3227130.8,12,-17.5608,2,8685,1,0
28,1,3225434.8,3227245.2,12,-6.53102,4,8681,1,0
75,1,3226527.2,3226980.0,10,-13.2807,2,8685,1,0
166,1,3227839.2,3228292.0,10,-1.50796,2,8685,1,0
236,1,3228030.8,3228102.8,7,2.98183,2,8683,1,0
211,1,3228781.5,3230592.0,12,0.0,4,8685,0,1
59,1,3229632.5,3230619.8,11,0.0,4,8683,0,1
193,1,3230075.5,3231886.0,12,0.0,4,8683,0,1
129,1,3230387.2,3230459.2,7,0.0,4,8683,0,1
249,1,3232479.8,3233466.8,11,-10.5685,4,8685,1,0
118,1,3233729.2,3234182.0,10,-8.20521,2,8683,1,0
290,1,3234331.0,3236141.5,12,-19.7097,2,8685,1,0
23,1,3236249.8,3238060.2,12,-18.6286,4,8683,1,0
40,1,3237195.0,3237267.0,7,16.847,2,8683,1,0
323,1,3237707.2,3237779.2,7,-1.32593,2,8683,1,0
35,1,3238108.5,3239919.0,12,-10.5001,4,8681,1,0
171,1,3238755.5,3240566.2,12,-18.239,4,8683,1,0
299,1,3239755.5,3241566.2,12,-3.32335,2,8685,1,0
274,1,3242745.8,3244556.5,12,0.0,2,8683,0,1
357,1,3247393.2,3247465.2,7,13.7839,2,8685,1,0
81,1,3248285.0,3250095.5,12,-1.24278,2,8683,1,0
30,1,3249114.5,3249361.2,9,4.44523,2,8685,1,0
396,1,3251878.8,3253689.2,12,-19.261,4,8681,1,0
95,1,3253398.8,3255209.2,12,-4.09709,2,8683,1,0
148,1,3254560.2,3255013.0,10,-15.9005,2,8683,1,0
32,1,3255817.2,3257627.8,12,0.0,2,8683,1,0
271,1,3256634.0,3258444.5,12,0.0,2,8685,0,1
175,1,3256715.8,3257168.5,10,0.0,4,8683,1,0
39,1,3257006.5,3257459.2,10,-15.9075,2,8683,1,0
366,1,3257448.5,3257520.5,7,5.49445,2,8683,1,0
240,1,3261526.8,3263337.5,12,-18.2118,2,8683,1,0
55,1,3262594.8,3262841.5,9,-11.7889,2,8683,1,0
236,1,3263474.8,3263547.0,7,1.62755,4,8681,1,0
374,1,3264763.8,3266574.2,12,-10.0297,2,8685,0,1
4,1,3266570.0,3267557.2,11,-6.86905,2,8685,0,1
164,1,3267269.0,3267402.5,8,-5.01794,2,8683,1,0
266,1,3273399.2,3275209.8,12,4.10339,2,8685,1,0
325,1,3278018.5,3279829.0,12,-12.9259,4,8683,1,0
33,1,3278181.2,3278253.2,7,1.66676,2,8681,1,0
306,1,3278640.8,3280451.5,12,-13.4843,4,8683,1,0
204,1,3282097.0,3282549.5,10,0.0,4,8681,0,1
210,1,3286060.2,3287870.8,12,-15.6533,2,8683,1,0
400,1,3286585.0,3288395.5,12,-18.6734,4,8681,1,0
127,1,3287835.2,3288082.0,9,-0.520888,4,8683,1,0
14,1,3288295.5,3290106.0,12,-20.866,2,8683,0,1
10,1,3292063.0,3292515.5,10,-15.3723,4,8683,1,0
238,1,3293400.0,3293852.5,10,-5.62285,4,8683,1,0
30,1,3293555.0,3293801.8,9,-11.1696,2,8683,1,0
195,1,3297978.2,3299788.8,12,-22.3113,2,8683,1,0
122,1,3298869.0,3299115.8,9,-10.3102,4,8683,1,0
66,1,3301449.0,3303259.5,12,-13.9277,2,8683,0,1
118,1,3305214.8,3305667.5,10,-7.9583,2,8681,1,0
2,1,3306000.5,3307811.0,12,-13.1244,2,8685,1,0
90,1,3307475.8,3308463.0,11,-10.3569,2,8683,1,0
194,1,3308571.5,3310382.0,12,-20.6027,2,8683,1,0
398,1,3311357.2,3313167.8,12,-18.7302,2,8683,0,1
263,1,3311512.8,3311759.5,9,-8.87599,4,8681,1,0
341,1,3314262.2,3314334.2,7,0.0,2,8683,1,0
175,1,3315000.8,3315453.2,10,7.16594,4,8685,1,0
232,1,3316084.5,3317895.0,12,1.72098,2,8683,1,0
130,1,3317300.5,3317753.2,10,9.8553,2,8683,1,0
65,1,3317530.8,3318517.8,11,-12.8333,2,8683,1,0
34,1,3317799.2,3318252.0,10,-9.71814,2,8683,1,0
30,1,3318233.5,3318480.2,9,-4.6216,2,8681,1,0
143,1,3318553.8,3320364.2,12,-16.1221,4,8683,1,0
383,1,3320121.8,3321932.2,12,-16.5128,4,8683,1,0
339,1,3320519.0,3320591.0,7,-0.994811,4,8681,1,0
344,1,3332785.8,3333772.8,11,-16.3299,2,8683,1,0
392,1,3333742.8,3334729.8,11,-9.40939,2,8683,1,0
51,1,3335459.0,3335531.0,7,-3.37166,2,8683,1,0
372,1,3336135.2,3336382.0,9,-3.188,2,8683,1,0
5,1,3337614.0,3337686.0,7,14.6047,4,8681,1,0
58,1,3340844.5,3341831.5,11,0.0,2,8683,1,0
401,1,3350255.2,3350502.2,9,10.4663,2,8683,1,0
310,1,3351427.2,3353237.8,12,-14.3917,4,8681,1,0
264,1,3352830.5,3352902.5,7,-8.96219,2,8683,1,0
18,1,3354485.5,3355472.8,11,0.0,2,8683,1,0
376,1,3355462.2,3355914.8,10,0.0,2,8685,1,0
121,1,3355598.0,3355670.0,7,0.0,4,8681,1,0
103,1,3357776.0,3359586.5,12,-20.5867,2,8683,1,0
19,1,3358633.2,3358766.8,8,14.1598,2,8683,1,0
6,1,3361715.8,3362168.5,10,1.82532,2,8683,1,0
167,1,3362273.5,3364084.0,12,10.8941,2,8683,0,1
378,1,3362328.2,3362400.5,7,3.65109,4,8681,1,0
100,1,3362667.2,3364477.8,12,-6.69554,4,8681,0,1
346,1,3364694.2,3366505.0,12,-13.1374,4,8683,1,0
182,1,3365634.2,3367444.8,12,-21.989,2,8685,1,0
264,1,3368864.8,3368936.8,7,0.0,2,8681,0,1
60,1,3370070.5,3370317.5,9,-11.189,4,8681,1,0
185,1,3370156.0,3371966.5,12,-1.4296,2,8685,0,1
139,1,3370639.5,3370711.5,7,20.9912,2,8681,1,0
188,1,3371277.8,3371730.5,10,-13.2823,4,8683,0,1
345,1,3372876.5,3373863.5,11,-6.90391,4,8681,1,0
235,1,3375108.2,3375560.8,10,-16.8624,4,8685,1,0
369,1,3376780.8,3378591.2,12,-12.6674,2,8683,1,0
130,1,3377828.8,3378281.5,10,-12.2379,4,8681,1,0
347,1,3380448.0,3382258.5,12,0.0,2,8683,0,1
288,1,3386947.5,3387194.2,9,10.8532,2,8683,1,0
263,1,3388206.5,3388453.2,9,3.87891,2,8683,1,0
29,1,3388825.8,3389812.8,11,-10.8009,2,8685,1,0
101,1,3389437.5,3389684.2,9,0.129838,2,8685,1,0
257,1,3391761.2,3393571.8,12,-8.07762,4,8681,1,0
253,1,3392107.8,3392560.2,10,17.0309,4,8685,1,0
372,1,3392310.5,3392557.2,9,-6.21811,2,8683,1,0
94,1,3394497.5,3394950.2,10,0.0,4,8681,1,0
357,1,3394748.5,3394820.5,7,0.0,2,8683,1,0
217,1,3395269.5,3397080.0,12,0.0,4,8683,0,1
245,1,3396875.2,3398685.8,12,-17.2021,2,8683,0,1
380,1,3396974.0,3397961.0,11,-16.6821,2,8683,0,1
88,1,3398880.5,3400691.2,12,-3.67285,2,8685,1,0
174,1,3400764.0,3400836.0,7,0.784074,2,8683,1,0
393,1,3402177.2,3402630.0,10,-2.62768,4,8681,1,0
172,1,3404429.8,3404501.8,7,6.65027,2,8681,1,0
269,1,3404959.8,3406770.2,12,-12.406,4,8681,1,0
259,1,3407976.2,3408429.0,10,-4.73222,4,8681,1,0
287,1,3410867.0,3412677.5,12,3.7225,2,8683,1,0
19,1,3413799.8,3413933.2,8,19.2362,2,8685,1,0
40,1,3413806.8,3413878.8,7,-4.4064,2,8683,1,0
290,1,3415374.2,3417184.8,12,-2.89409,2,8683,1,0
65,1,3416244.5,3417231.5,11,-3.11174,2,8685,1,0
188,1,3416538.5,3416991.2,10,11.4347,4,8685,1,0
209,1,3417743.0,3419553.5,12,-19.4737,2,8683,1,0
166,1,3419014.2,3419466.8,10,-12.7668,2,8683,1,0
171,1,3419798.8,3421609.5,12,-9.02115,4,8683,1,0
302,1,3426942.2,3428752.8,12,-9.68933,4,8681,1,0
385,1,3427688.2,3428675.2,11,-13.963,4,8683,1,0
81,1,3429328.0,3431138.8,12,-10.5253,4,8681,1,0
371,1,3429957.5,3431768.0,12,-16.104,2,8683,1,0
319,1,3432862.8,3433849.8,11,10.3761,4,8681,1,0
328,1,3435443.2,3435896.0,10,-1.64824,4,8685,1,0
323,1,3435542.5,3435614.5,7,-7.53235,2,8683,1,0
149,1,3435650.8,3436103.2,10,-6.15054,2,8683,1,0
251,1,3436100.2,3437911.0,12,0.0,2,8683,0,1
115,1,3436466.8,3436713.5,9,8.77376,2,8681,1,0
5,1,3437495.5,3437567.8,7,0.723512,2,8683,1,0
105,1,3438339.2,3440150.0,12,0.0,2,8683,0,1
308,1,3441388.8,3443199.2,12,-2.52788,2,8683,1,0
238,1,3442183.2,3442636.0,10,-14.0623,4,8685,1,0
148,1,3443484.5,3443937.2,10,-3.39351,2,8683,0,1
85,1,3444489.2,3444622.8,8,12.5132,2,8685,1,0
120,1,3447167.2,3447300.8,8,-4.10016,2,8683,1,0
291,1,3447553.0,3449363.5,12,-13.5468,4,8681,1,0
258,1,3449801.5,3450254.2,10,-14.0809,2,8683,1,0
157,1,3452320.0,3452453.5,8,0.0,4,8681,1,0
322,1,3453243.5,3455054.0,12,-8.51836,2,8685,0,1
266,1,3454442.5,3456253.0,12,-5.62425,2,8683,0,1
178,1,3456909.2,3457361.8,10,3.9021,2,8683,1,0
160,1,3461388.2,3463198.8,12,-15.0731,2,8685,1,0
108,1,3466084.0,3466330.8,9,3.60326,2,8681,1,0
253,1,3468901.8,3469354.5,10,-9.22169,4,8683,1,0
386,1,3470141.5,3471952.2,12,0.0,4,8681,0,1
58,1,3470166.0,3471153.0,11,-5.69101,4,8681,1,0
340,1,3471243.5,3471377.0,8,0.0,2,8683,0,1
359,1,3479055.2,3480042.2,11,-8.28633,2,8683,1,0
331,1,3480026.0,3480478.5,10,-9.78412,2,8683,1,0
9,1,3480753.5,3482564.0,12,-18.3585,4,8681,1,0
3,1,3482117.8,3483928.2,12,-19.6597,4,8685,1,0
7,1,3484784.2,3486594.8,12,0.0,2,8681,0,1
343,1,3485161.5,3486972.2,12,0.0,2,8683,0,1
361,1,3485829.8,3486282.5,10,0.67302,4,8681,1,0
279,1,3485837.8,3487648.2,12,-10.9073,4,8681,1,0
390,1,3489780.2,3489852.2,7,2.8846,4,8681,1,0
200,1,3490086.5,3491897.0,12,-12.885,2,8683,0,1
316,1,3490380.2,3492190.8,12,-9.18021,2,8685,0,1
236,1,3490794.2,3490866.2,7,10.2379,2,8683,0,1
82,1,3494583.8,3494830.5,9,-13.5346,4,8681,1,0
232,1,3497127.8,3498938.2,12,-14.2445,2,8685,1,0
203,1,3500506.2,3502317.0,12,-2.94844,2,8683,1,0
152,1,3506029.0,3506101.0,7,-6.55397,2,8683,1,0
40,1,3511255.5,3511327.8,7,2.64412,2,8681,1,0
91,1,3511437.0,3513247.5,12,-9.05609,2,8683,1,0
292,1,3512621.0,3512868.0,9,-7.35344,4,8685,1,0
42,1,3512825.5,3512897.5,7,-4.31491,4,8683,1,0
360,1,3513225.2,3513678.0,10,-12.6898,4,8681,1,0
276,1,3513400.0,3513472.0,7,14.1857,2,8683,1,0
48,1,3514131.2,3515942.0,12,0.0,2,8685,1,0
253,1,3514162.5,3514615.2,10,-4.66136,4,8681,1,0
121,1,3517387.0,3517459.0,7,12.0877,2,8683,0,1
108,1,3521461.0,3521707.8,9,2.03384,2,8683,1,0
349,1,3524624.0,3526434.5,12,-18.2418,2,8683,1,0
94,1,3525121.2,3525574.0,10,-4.10945,2,8683,1,0
85,1,3530512.2,3530645.8,8,-10.2928,2,8683,1,0
384,1,3531123.8,3531576.5,10,-4.99377,2,8683,1,0
252,1,3531660.2,3533470.8,12,-15.7588,2,8683,1,0
107,1,3532516.0,3533503.2,11,-1.86095,2,8681,1,0
14,1,3533788.8,3535599.2,12,-8.74455,4,8681,1,0
341,1,3534620.8,3534692.8,7,3.53477,2,8681,1,0
229,1,3538527.5,3538980.2,10,-10.1383,2,8683,1,0
366,1,3538764.0,3538836.0,7,2.34575,2,8685,1,0
103,1,3538819.0,3540629.8,12,1.80563,4,8681,1,0
339,1,3539200.5,3539272.5,7,2.3691,2,8683,1,0
225,1,3541798.8,3542786.0,11,0.0,4,8681,0,1
33,1,3543000.8,3543072.8,7,0.0,2,8683,0,1
100,1,3543710.5,3545521.0,12,0.0,2,8683,0,1
111,1,3544006.8,3544459.5,10,-9.44302,2,8685,1,0
74,1,3544486.0,3544619.8,8,17.2824,4,8681,1,0
19,1,3548370.2,3548504.0,8,-0.7238,2,8683,1,0
185,1,3551199.0,3553009.5,12,-8.14412,2,8683,1,0
125,1,3552349.0,3552421.0,7,23.48,4,8681,1,0
391,1,3553442.0,3555252.5,12,0.0,4,8683,0,1
38,1,3559151.5,3559285.2,8,-10.9123,2,8685,1,0
50,1,3559322.2,3561132.8,12,1.85448,2,8683,1,0
119,1,3560257.8,3561244.8,11,-14.6856,2,8683,1,0
355,1,3560473.5,3560607.0,8,-0.478423,2,8683,1,0
253,1,3563593.5,3564046.2,10,-5.26259,4,8683,1,0
174,1,3563898.8,3563970.8,7,-6.19815,2,8685,1,0
288,1,3566202.0,3566448.8,9,0.0,2,8685,0,1
385,1,3567816.8,3568803.8,11,-8.90056,4,8681,1,0
344,1,3569642.8,3570630.0,11,-13.677,2,8681,1,0
61,1,3571090.0,3571162.0,7,4.43623,4,8683,1,0
226,1,3575452.2,3577262.8,12,-2.61562,2,8683,1,0
163,1,3576462.5,3576915.0,10,-0.47943,2,8683,1,0
74,1,3577244.0,3577377.5,8,0.792481,2,8683,1,0
359,1,3577768.8,3578755.8,11,-16.5614,2,8683,1,0
128,1,3579944.0,3581754.8,12,-18.5497,2,8683,1,0
285,1,3580073.2,3581883.8,12,-11.9736,4,8681,1,0
256,1,3585618.0,3587428.5,12,-15.2508,4,8681,1,0
44,1,3588276.2,3588729.0,10,-7.99972,4,8681,1,0
112,1,3588784.8,3589771.8,11,-15.6452,2,8683,1,0
324,1,3588946.8,3589018.8,7,-8.23422,4,8685,1,0
155,1,3591896.2,3592143.0,9,3.05538,4,8681,1,0
287,1,3591910.2,3593720.8,12,-16.7042,2,8685,1,0
249,1,3592483.0,3593470.0,11,-12.6455,4,8683,1,0
172,1,3592734.0,3592806.0,7,16.7525,2,8685,1,0
99,1,3595271.8,3596258.8,11,0.0,4,8685,1,0
152,1,3597830.2,3597902.2,7,19.5048,2,8683,1,0
senderId,receiverID, sendTime, receivedTime,SF,SNR,Ftype,Freq,RX
1,23,12083.186,13238.258,12,0.0,3,0,2
1,324,26942.748,26983.963,7,0.0,3,0,1
1,183,35678.273,35822.656,9,0.0,3,0,1
1,397,39400.98,40556.055,12,0.0,3,0,2
1,292,56829.15,56973.53,9,0.0,3,0,1
1,143,66084.89,67239.97,12,0.0,3,0,2
1,89,74272.07,74560.836,10,0.0,3,0,1
1,265,84446.7,85601.77,12,0.0,3,0,2
1,129,102103.79,103258.87,12,0.0,3,0,2
1,147,131471.47,132626.55,12,0.0,3,0,2
1,61,135936.92,135978.14,7,0.0,3,0,1
1,157,162173.94,162256.36,8,0.0,3,0,1
1,324,171103.75,171144.95,7,0.0,3,0,1
1,22,178203.36,178244.56,7,0.0,3,0,1
1,192,191532.53,192687.61,12,0.0,3,0,2
1,60,194436.72,194581.1,9,0.0,3,0,1
1,250,203458.58,204613.64,12,0.0,3,0,2
1,127,213746.3,213890.67,9,0.0,3,0,1
1,64,216367.97,217523.05,12,0.0,3,0,2
1,249,228064.48,229219.56,12,0.0,3,0,2
1,298,230861.7,231150.48,10,0.0,3,0,1
1,122,241542.98,242698.06,12,0.0,3,0,2
1,352,260229.12,261384.19,12,0.0,3,0,2
1,183,269073.12,269217.5,9,0.0,3,0,1
1,22,272839.03,273994.1,12,0.0,3,0,2
1,215,288237.62,288278.84,7,0.0,3,0,1
1,261,302372.94,302414.16,7,0.0,3,0,1
1,386,303570.6,304725.66,12,0.0,3,0,2
1,181,317957.47,319112.53,12,0.0,3,0,2
1,64,328959.9,329248.66,10,0.0,3,0,1
1,230,333200.0,334355.06,12,0.0,3,0,2
1,297,345773.72,346928.78,12,0.0,3,0,2
1,265,360073.53,361228.56,12,0.0,3,0,2
1,298,366454.66,366743.4,10,0.0,3,0,1
1,162,381323.8,382478.88,12,0.0,3,0,2
1,228,397031.44,398186.5,12,0.0,3,0,2
1,42,423814.72,423855.97,7,0.0,3,0,1
1,324,426620.06,427775.12,12,0.0,3,0,2
1,61,435192.1,435233.34,7,0.0,3,0,1
1,383,443090.94,444246.0,12,0.0,3,0,2
1,261,446280.8,446322.06,7,0.0,3,0,1
1,129,470269.97,470311.2,7,0.0,3,0,1
1,397,471016.8,472171.88,12,0.0,3,0,2
1,361,489061.97,489350.75,10,0.0,3,0,1
1,250,496417.5,497572.56,12,0.0,3,0,2
1,360,519945.88,521100.94,12,0.0,3,0,2
1,298,533186.44,534341.56,12,0.0,3,0,2
1,261,545931.75,545972.94,7,0.0,3,0,1
1,260,549805.5,550960.56,12,0.0,3,0,2
1,157,561160.8,561243.3,8,0.0,3,0,1
1,127,562559.06,563714.2,12,0.0,3,0,2
1,397,576250.8,576333.25,8,0.0,3,0,1
1,206,587149.1,588304.2,12,0.0,3,0,2
1,324,605160.94,605202.1,7,0.0,3,0,1
1,162,608625.06,609780.1,12,0.0,3,0,2
1,129,624435.1,624476.3,7,0.0,3,0,1
1,70,626363.44,627518.56,12,0.0,3,0,2
1,10,631076.5,631365.25,10,0.0,3,0,1
1,257,653549.2,654704.3,12,0.0,3,0,2
1,346,667792.44,668947.5,12,0.0,3,0,2
1,253,673539.06,673827.8,10,0.0,3,0,1
1,181,680043.9,681199.0,12,0.0,3,0,2
1,146,698671.94,699827.0,12,0.0,3,0,2
1,82,710947.4,711091.8,9,0.0,3,0,1
1,147,719189.06,720344.2,12,0.0,3,0,2
1,22,739031.94,739073.1,7,0.0,3,0,1
1,89,740921.25,742076.4,12,0.0,3,0,2
1,64,748487.25,748776.0,10,0.0,3,0,1
1,297,772197.1,773352.25,12,0.0,3,0,2
1,382,789978.2,791133.3,12,0.0,3,0,2
1,122,793038.56,793183.0,9,0.0,3,0,1
1,254,803797.4,804952.44,12,0.0,3,0,2
1,230,815830.44,816985.56,12,0.0,3,0,2
1,261,831709.7,831750.94,7,0.0,3,0,1
1,285,841848.25,843003.4,12,0.0,3,0,2
1,261,852805.6,852846.8,7,0.0,3,0,1
1,9,861918.9,863074.0,12,0.0,3,0,2
1,397,868316.75,868399.25,8,0.0,3,0,1
1,228,886751.7,887906.8,12,0.0,3,0,2
1,397,899077.56,899160.06,8,0.0,3,0,1
1,147,900232.3,901387.4,12,0.0,3,0,2
1,260,911891.9,913046.94,12,0.0,3,0,2
1,168,924685.7,925840.75,12,0.0,3,0,2
1,261,932698.75,932739.94,7,0.0,3,0,1
1,157,938983.7,939066.2,8,0.0,3,0,1
1,297,942335.6,943490.75,12,0.0,3,0,2
1,42,949331.9,949373.06,7,0.0,3,0,1
1,122,964319.0,964463.4,9,0.0,3,0,1
1,60,966900.2,968055.3,12,0.0,3,0,2
1,391,991908.94,993064.0,12,0.0,3,0,2
1,82,1003947.3,1004091.75,9,0.0,3,0,1
1,363,1010216.4,1011371.44,12,0.0,3,0,2
1,328,1025009.5,1026164.56,12,0.0,3,0,2
1,292,1036175.3,1036319.7,9,0.0,3,0,1
1,189,1046076.2,1047231.2,12,0.0,3,0,2
1,127,1058010.5,1058154.9,9,0.0,3,0,1
1,385,1062094.2,1063249.2,12,0.0,3,0,2
1,360,1081294.0,1081582.8,10,0.0,3,0,1
1,265,1087869.9,1089024.9,12,0.0,3,0,2
1,168,1105728.9,1106883.9,12,0.0,3,0,2
1,317,1123840.6,1124995.6,12,0.0,3,0,2
1,298,1132263.6,1132552.5,10,0.0,3,0,1
1,215,1142046.0,1143201.0,12,0.0,3,0,2
1,10,1171872.1,1172160.9,10,0.0,3,0,1
1,11,1229779.4,1230068.2,10,0.0,3,0,1
1,146,1241801.5,1242956.5,12,0.0,3,0,2
1,228,1253521.2,1254676.2,12,0.0,3,0,2
1,261,1262600.0,1262641.2,7,0.0,3,0,1
1,11,1276040.1,1277195.2,12,0.0,3,0,2
1,127,1302404.5,1302549.0,9,0.0,3,0,1
1,328,1303857.1,1305012.2,12,0.0,3,0,2
1,22,1316961.1,1317002.5,7,0.0,3,0,1
1,157,1317883.9,1319039.0,12,0.0,3,0,2
1,261,1359687.1,1359728.4,7,0.0,3,0,1
1,129,1362403.4,1363558.4,12,0.0,3,0,2
1,129,1373204.0,1373245.2,7,0.0,3,0,1
1,382,1378019.5,1378308.4,10,0.0,3,0,1
1,89,1379842.9,1380997.9,12,0.0,3,0,2
1,143,1399443.1,1400598.1,12,0.0,3,0,2
1,220,1412720.8,1413875.8,12,0.0,3,0,2
1,215,1415686.9,1415728.1,7,0.0,3,0,1
1,243,1430309.6,1431464.6,12,0.0,3,0,2
1,175,1441028.6,1441317.4,10,0.0,3,0,1
1,11,1449123.5,1450278.6,12,0.0,3,0,2
1,211,1476230.0,1477385.0,12,0.0,3,0,2
1,175,1486289.4,1486578.2,10,0.0,3,0,1
1,292,1489652.9,1490807.9,12,0.0,3,0,2
1,363,1516008.0,1517163.1,12,0.0,3,0,2
1,11,1521343.1,1521632.0,10,0.0,3,0,1
1,260,1544859.5,1546014.5,12,0.0,3,0,2
1,383,1570555.4,1571710.5,12,0.0,3,0,2
1,235,1582745.6,1583034.4,10,0.0,3,0,1
1,142,1603147.8,1604302.8,12,0.0,3,0,2
1,22,1614257.4,1614298.6,7,0.0,3,0,1
1,345,1620825.0,1621980.0,12,0.0,3,0,2
1,61,1627195.5,1627236.9,7,0.0,3,0,1
1,250,1635338.0,1636493.0,12,0.0,3,0,2
1,127,1648084.4,1648228.8,9,0.0,3,0,1
1,382,1650842.6,1651997.6,12,0.0,3,0,2
1,157,1664253.5,1664336.0,8,0.0,3,0,1
1,82,1666798.8,1667953.8,12,0.0,3,0,2
1,89,1672799.4,1673088.1,10,0.0,3,0,1
1,99,1680315.4,1681470.5,12,0.0,3,0,2
1,297,1694625.1,1695780.1,12,0.0,3,0,2
1,352,1706930.6,1708085.8,12,0.0,3,0,2
1,157,1731531.0,1731613.4,8,0.0,3,0,1
1,361,1738977.1,1740132.2,12,0.0,3,0,2
1,70,1750899.8,1752054.8,12,0.0,3,0,2
1,87,1764260.5,1765415.5,12,0.0,3,0,2
1,230,1769960.6,1770538.1,11,0.0,3,0,1
1,99,1779029.0,1780184.1,12,0.0,3,0,2
1,193,1808176.9,1809331.9,12,0.0,3,0,2
1,60,1829285.8,1830440.8,12,0.0,3,0,2
1,129,1833525.5,1833566.8,7,0.0,3,0,1
1,237,1838271.1,1838353.5,8,0.0,3,0,1
1,59,1849577.5,1850732.5,12,0.0,3,0,2
1,72,1877803.8,1877948.1,9,0.0,3,0,1
1,397,1892707.0,1892789.4,8,0.0,3,0,1
1,138,1899303.6,1900458.6,12,0.0,3,0,2
1,367,1911198.4,1912353.4,12,0.0,3,0,2
1,64,1924706.2,1925861.4,12,0.0,3,0,2
1,22,1933715.5,1933756.8,7,0.0,3,0,1
1,60,1942847.8,1942992.2,9,0.0,3,0,1
1,175,1944729.4,1945884.4,12,0.0,3,0,2
1,256,1958294.9,1959450.0,12,0.0,3,0,2
1,61,1966206.0,1966247.4,7,0.0,3,0,1
1,172,1973283.9,1973325.2,7,0.0,3,0,1
1,261,1977912.8,1977954.0,7,0.0,3,0,1
1,344,1978730.4,1979885.4,12,0.0,3,0,2
1,157,1988744.6,1988827.0,8,0.0,3,0,1
1,82,1997494.4,1997638.8,9,0.0,3,0,1
1,142,2002981.6,2004136.6,12,0.0,3,0,2
1,253,2017604.8,2017893.5,10,0.0,3,0,1
1,206,2022464.0,2023619.0,12,0.0,3,0,2
1,188,2035629.4,2036784.4,12,0.0,3,0,2
1,183,2047305.2,2047449.8,9,0.0,3,0,1
1,108,2056723.9,2057878.9,12,0.0,3,0,2
1,281,2062787.4,2062828.6,7,0.0,3,0,1
1,145,2070260.5,2071415.5,12,0.0,3,0,2
1,63,2082008.5,2083163.6,12,0.0,3,0,2
1,129,2091492.0,2091533.2,7,0.0,3,0,1
1,243,2101606.0,2102761.0,12,0.0,3,0,2
1,346,2115268.2,2116423.2,12,0.0,3,0,2
1,350,2130756.2,2131045.2,10,0.0,3,0,1
1,317,2149856.5,2151011.5,12,0.0,3,0,2
1,265,2180004.0,2181159.0,12,0.0,3,0,2
1,215,2187350.2,2187391.5,7,0.0,3,0,1
1,127,2194022.8,2194167.0,9,0.0,3,0,1
1,150,2202073.2,2203228.2,12,0.0,3,0,2
1,183,2226263.8,2226408.0,9,0.0,3,0,1
1,69,2240760.2,2241915.2,12,0.0,3,0,2
1,250,2258297.0,2259452.0,12,0.0,3,0,2
1,253,2264519.5,2264808.2,10,0.0,3,0,1
1,168,2280556.2,2281711.2,12,0.0,3,0,2
1,59,2293996.5,2295151.5,12,0.0,3,0,2
1,183,2296790.8,2296935.0,9,0.0,3,0,1
1,181,2306686.0,2307841.0,12,0.0,3,0,2
1,151,2320182.0,2321337.0,12,0.0,3,0,2
1,77,2336391.5,2337546.8,12,0.0,3,0,2
1,48,2348647.5,2349802.5,12,0.0,3,0,2
1,292,2355119.5,2355263.8,9,0.0,3,0,1
1,260,2361706.8,2362861.8,12,0.0,3,0,2
1,272,2377190.8,2377232.0,7,0.0,3,0,1
1,230,2390337.8,2391492.8,12,0.0,3,0,2
1,382,2394026.0,2394314.8,10,0.0,3,0,1
1,265,2402145.5,2403300.5,12,0.0,3,0,2
1,69,2421803.5,2422958.5,12,0.0,3,0,2
1,207,2429474.5,2429619.0,9,0.0,3,0,1
1,217,2435520.0,2436675.0,12,0.0,3,0,2
1,215,2450563.8,2450605.0,7,0.0,3,0,1
1,268,2453762.5,2454917.5,12,0.0,3,0,2
1,129,2458765.5,2458806.8,7,0.0,3,0,1
1,137,2474730.0,2475885.0,12,0.0,3,0,2
1,145,2487936.2,2489091.2,12,0.0,3,0,2
1,147,2501359.2,2502514.2,12,0.0,3,0,2
1,127,2508067.5,2508211.8,9,0.0,3,0,1
1,360,2518142.0,2519297.0,12,0.0,3,0,2
1,184,2530691.2,2531846.2,12,0.0,3,0,2
1,260,2542750.0,2543905.0,12,0.0,3,0,2
1,324,2552103.8,2552145.0,7,0.0,3,0,1
1,198,2556138.2,2557293.2,12,0.0,3,0,2
1,333,2567378.2,2567419.5,7,0.0,3,0,1
1,292,2580463.5,2581618.5,12,0.0,3,0,2
1,106,2583614.8,2583697.2,8,0.0,3,0,1
1,156,2595182.2,2595223.5,7,0.0,3,0,1
1,253,2600935.2,2601224.0,10,0.0,3,0,1
1,17,2610771.0,2611926.0,12,0.0,3,0,2
1,298,2624688.0,2625843.0,12,0.0,3,0,2
1,168,2642642.5,2643797.5,12,0.0,3,0,2
1,129,2648307.5,2648349.0,7,0.0,3,0,1
1,33,2659633.5,2659674.8,7,0.0,3,0,1
1,313,2659784.0,2660939.0,12,0.0,3,0,2
1,341,2677846.2,2677887.5,7,0.0,3,0,1
1,298,2681754.5,2682909.5,12,0.0,3,0,2
1,297,2693436.2,2694591.2,12,0.0,3,0,2
1,61,2702833.0,2702874.2,7,0.0,3,0,1
1,332,2710669.8,2711824.8,12,0.0,3,0,2
1,386,2724694.0,2725849.0,12,0.0,3,0,2
1,82,2728259.2,2728403.5,9,0.0,3,0,1
1,64,2738503.8,2739658.8,12,0.0,3,0,2
1,29,2750206.5,2751361.5,12,0.0,3,0,2
1,292,2767050.8,2767195.0,9,0.0,3,0,1
1,368,2770815.2,2771970.2,12,0.0,3,0,2
1,383,2782619.8,2783775.0,12,0.0,3,0,2
1,129,2787275.5,2787316.8,7,0.0,3,0,1
1,249,2799396.8,2800551.8,12,0.0,3,0,2
1,87,2811223.5,2812378.5,12,0.0,3,0,2
1,346,2825375.2,2826530.2,12,0.0,3,0,2
1,215,2829315.8,2829357.0,7,0.0,3,0,1
1,76,2837622.0,2837766.2,9,0.0,3,0,1
1,89,2841446.2,2842601.2,12,0.0,3,0,2
1,192,2853843.2,2854998.2,12,0.0,3,0,2
1,401,2862427.5,2862571.8,9,0.0,3,0,1
1,334,2869382.2,2870537.2,12,0.0,3,0,2
1,231,2885446.8,2886601.8,12,0.0,3,0,2
1,38,2898052.2,2898134.8,8,0.0,3,0,1
1,206,2904385.5,2905540.5,12,0.0,3,0,2
1,397,2907598.5,2907681.0,8,0.0,3,0,1
1,63,2922100.2,2923255.2,12,0.0,3,0,2
1,314,2926731.8,2926773.0,7,0.0,3,0,1
1,340,2938027.0,2938109.5,8,0.0,3,0,1
1,219,2951044.5,2951333.2,10,0.0,3,0,1
1,64,2958413.5,2959568.5,12,0.0,3,0,2
1,230,2970936.0,2972091.0,12,0.0,3,0,2
1,276,2983858.5,2983899.8,7,0.0,3,0,1
1,295,2985401.0,2986556.0,12,0.0,3,0,2
1,206,3003099.0,3004254.2,12,0.0,3,0,2
1,99,3009879.0,3010456.5,11,0.0,3,0,1
1,312,3015931.8,3017086.8,12,0.0,3,0,2
1,10,3028587.0,3029742.0,12,0.0,3,0,2
1,142,3043777.0,3044932.2,12,0.0,3,0,2
1,382,3055928.8,3057083.8,12,0.0,3,0,2
1,201,3068597.8,3069752.8,12,0.0,3,0,2
1,60,3076932.2,3077076.8,9,0.0,3,0,1
1,174,3082957.8,3084112.8,12,0.0,3,0,2
1,322,3094967.5,3096122.5,12,0.0,3,0,2
1,157,3098030.8,3098113.2,8,0.0,3,0,1
1,210,3108827.8,3109982.8,12,0.0,3,0,2
1,284,3111785.8,3112074.5,10,0.0,3,0,1
1,137,3127645.2,3128800.2,12,0.0,3,0,2
1,22,3141056.0,3141097.2,7,0.0,3,0,1
1,158,3141122.5,3142277.5,12,0.0,3,0,2
1,183,3145828.5,3145973.0,9,0.0,3,0,1
1,253,3158639.5,3159794.5,12,0.0,3,0,2
1,317,3170283.2,3171438.2,12,0.0,3,0,2
1,301,3180444.5,3180527.0,8,0.0,3,0,1
1,168,3185772.2,3186927.2,12,0.0,3,0,2
1,301,3203591.8,3203674.2,8,0.0,3,0,1
1,308,3209734.8,3210890.0,12,0.0,3,0,2
1,89,3216471.0,3216759.8,10,0.0,3,0,1
1,28,3229245.2,3230400.5,12,0.0,3,0,2
1,171,3242566.2,3243721.2,12,0.0,3,0,2
1,175,3258168.5,3258457.2,10,0.0,3,0,1
1,236,3265547.0,3266702.0,12,0.0,3,0,2
1,306,3282451.5,3283606.5,12,0.0,3,0,2
1,127,3289082.0,3289226.2,9,0.0,3,0,1
1,122,3301115.8,3302270.8,12,0.0,3,0,2
1,263,3312759.5,3312903.8,9,0.0,3,0,1
1,339,3322591.0,3323746.0,12,0.0,3,0,2
1,5,3338686.0,3338727.2,7,0.0,3,0,1
1,121,3356670.0,3356711.2,7,0.0,3,0,1
1,378,3363400.5,3363441.8,7,0.0,3,0,1
1,346,3368505.0,3369660.0,12,0.0,3,0,2
1,60,3371317.5,3371461.8,9,0.0,3,0,1
1,130,3380281.5,3381436.5,12,0.0,3,0,2
1,94,3396950.2,3398105.2,12,0.0,3,0,2
1,393,3403630.0,3403918.8,10,0.0,3,0,1
1,269,3408770.2,3409925.2,12,0.0,3,0,2
1,171,3423609.5,3424764.5,12,0.0,3,0,2
1,328,3437896.0,3439051.0,12,0.0,3,0,2
1,238,3443636.0,3443924.8,10,0.0,3,0,1
1,157,3454453.5,3455608.8,12,0.0,3,0,2
1,253,3471354.5,3472509.5,12,0.0,3,0,2
1,9,3484564.0,3485719.0,12,0.0,3,0,2
1,390,3490852.2,3490893.5,7,0.0,3,0,1
1,82,3495830.5,3495974.8,9,0.0,3,0,1
1,42,3513897.5,3513938.8,7,0.0,3,0,1
1,253,3516615.2,3517770.2,12,0.0,3,0,2
1,103,3542629.8,3543784.8,12,0.0,3,0,2
1,74,3545619.8,3545702.2,8,0.0,3,0,1
1,125,3554421.0,3555576.0,12,0.0,3,0,2
1,253,3566046.2,3567201.2,12,0.0,3,0,2
1,61,3572162.0,3572203.2,7,0.0,3,0,1
1,285,3583883.8,3585038.8,12,0.0,3,0,2
1,324,3590018.8,3590060.0,7,0.0,3,0,1
1,249,3594470.0,3595047.5,11,0.0,3,0,1
1,99,3598258.8,3599413.8,12,0.0,3,0,2
senderId,receiverID, sendTime, receivedTime,SF,SNR,Ftype,Freq,RX
1,69,20638.107,21793.178,12,0.0,3,0,1,b
1,69,21638.107,22793.178,12,0.0,3,0,2,b
1,64,35852.45,36141.215,10,0.0,3,0,1,b
1,64,36852.45,38007.52,12,0.0,3,0,2,b
1,211,38033.09,39188.16,12,0.0,3,0,1,b
1,211,39033.09,40188.16,12,0.0,3,0,2,b
1,20,74454.64,75609.72,12,0.0,3,0,1,c
1,20,75454.64,76609.72,12,0.0,3,0,2,c
1,138,103203.34,104358.42,12,0.0,3,0,1,c
1,138,104203.34,105358.42,12,0.0,3,0,2,c
1,63,121177.445,122332.516,12,0.0,3,0,1,b
1,63,122177.445,123332.516,12,0.0,3,0,2,b
1,253,134688.08,134976.86,10,0.0,3,0,1,b
1,253,135688.08,136843.16,12,0.0,3,0,2,b
1,83,137107.5,138262.58,12,0.0,3,0,1,b
1,83,138107.5,139262.58,12,0.0,3,0,2,b
1,69,201681.31,202836.38,12,0.0,3,0,1,b
1,69,202681.31,203836.38,12,0.0,3,0,2,b
1,137,201525.19,202102.72,11,0.0,3,0,1,b
1,137,202525.19,203680.27,12,0.0,3,0,2,b
1,228,214988.22,216143.3,12,0.0,3,0,1,b
1,228,215988.22,217143.3,12,0.0,3,0,2,b
1,183,221148.47,221292.84,9,0.0,3,0,1,b
1,183,222148.47,223303.55,12,0.0,3,0,2,b
1,361,221622.06,221910.83,10,0.0,3,0,1,b
1,361,222622.06,223777.12,12,0.0,3,0,2,b
1,301,221436.6,221519.03,8,0.0,3,0,1,b
1,301,222436.6,223591.67,12,0.0,3,0,2,b
1,206,222559.56,223137.08,11,0.0,3,0,1,b
1,206,223559.56,224714.62,12,0.0,3,0,2,b
1,9,232962.19,234117.27,12,0.0,3,0,1,b
1,9,233962.19,235117.27,12,0.0,3,0,2,b
1,260,248078.02,249233.1,12,0.0,3,0,1,b
1,260,249078.02,250233.1,12,0.0,3,0,2,b
1,254,249841.47,250130.23,10,0.0,3,0,1,b
1,254,250841.47,251996.53,12,0.0,3,0,2,b
1,382,250941.66,251230.42,10,0.0,3,0,1,b
1,382,251941.66,253096.72,12,0.0,3,0,2,b
1,171,261150.94,262306.0,12,0.0,3,0,1,c
1,171,262150.94,263306.0,12,0.0,3,0,2,c
1,312,263707.94,264863.0,12,0.0,3,0,1,b
1,312,264707.94,265863.0,12,0.0,3,0,2,b
1,99,263400.8,263978.38,11,0.0,3,0,1,b
1,99,264400.8,265555.88,12,0.0,3,0,2,b
1,220,279865.62,281020.7,12,0.0,3,0,1,b
1,220,280865.62,282020.7,12,0.0,3,0,2,b
1,235,280898.72,281187.47,10,0.0,3,0,1,b
1,235,281898.72,283053.78,12,0.0,3,0,2,b
1,11,281934.1,282222.84,10,0.0,3,0,1,b
1,11,282934.1,284089.16,12,0.0,3,0,2,b
1,285,285817.38,286972.44,12,0.0,3,0,1,b
1,285,286817.38,287972.44,12,0.0,3,0,2,b
1,257,290462.78,291617.84,12,0.0,3,0,1,b
1,257,291462.78,292617.84,12,0.0,3,0,2,b
1,183,293751.53,293895.9,9,0.0,3,0,1,b
1,183,294751.53,295906.6,12,0.0,3,0,2,b
1,360,296557.3,296846.06,10,0.0,3,0,1,b
1,360,297557.3,298712.38,12,0.0,3,0,2,b
1,89,298760.56,299049.3,10,0.0,3,0,1,b
1,89,299760.56,300915.62,12,0.0,3,0,2,b
1,63,302220.66,303375.7,12,0.0,3,0,1,c
1,63,303220.66,304375.7,12,0.0,3,0,2,c
1,70,305442.16,306597.22,12,0.0,3,0,1,b
1,70,306442.16,307597.22,12,0.0,3,0,2,b
1,243,306409.78,307564.84,12,0.0,3,0,1,b
1,243,307409.78,308564.84,12,0.0,3,0,2,b
1,211,307832.8,308987.88,12,0.0,3,0,1,b
1,211,308832.8,309987.88,12,0.0,3,0,2,b
1,59,308848.16,309425.7,11,0.0,3,0,1,b
1,59,309848.16,311003.22,12,0.0,3,0,2,b
1,146,310777.7,311932.75,12,0.0,3,0,1,b
1,146,311777.7,312932.75,12,0.0,3,0,2,b
1,295,314189.2,314477.94,10,0.0,3,0,1,b
1,295,315189.2,316344.25,12,0.0,3,0,2,b
1,217,333540.84,334695.9,12,0.0,3,0,1,c
1,217,334540.84,335695.9,12,0.0,3,0,2,c
1,138,342332.16,343487.22,12,0.0,3,0,1,b
1,138,343332.16,344487.22,12,0.0,3,0,2,b
1,159,353484.9,354639.97,12,0.0,3,0,1,b
1,159,354484.9,355639.97,12,0.0,3,0,2,b
1,59,407561.78,408139.3,11,0.0,3,0,1,b
1,59,408561.78,409716.8,12,0.0,3,0,2,b
1,230,447317.53,447895.1,11,0.0,3,0,1,b
1,230,448317.53,449472.6,12,0.0,3,0,2,b
1,391,448395.53,449550.6,12,0.0,3,0,1,b
1,391,449395.53,450550.6,12,0.0,3,0,2,b
1,206,487435.53,488013.06,11,0.0,3,0,1,b
1,206,488435.53,489590.56,12,0.0,3,0,2,b
1,211,488876.03,490031.1,12,0.0,3,0,1,c
1,211,489876.03,491031.1,12,0.0,3,0,2,c
1,324,501047.5,501088.72,7,0.0,3,0,1,b
1,324,502047.5,503202.53,12,0.0,3,0,2,b
1,162,508911.47,509489.0,11,0.0,3,0,1,b
1,162,509911.47,511066.53,12,0.0,3,0,2,b
1,147,537145.94,538301.0,12,0.0,3,0,1,b
1,147,538145.94,539301.0,12,0.0,3,0,2,b
1,64,540294.1,540582.9,10,0.0,3,0,1,b
1,64,541294.1,542449.25,12,0.0,3,0,2,b
1,142,544879.94,546035.06,12,0.0,3,0,1,c
1,142,545879.94,547035.06,12,0.0,3,0,2,c
1,230,546031.1,546608.6,11,0.0,3,0,1,b
1,230,547031.1,548186.2,12,0.0,3,0,2,b
1,386,562367.94,563523.0,12,0.0,3,0,1,c
1,386,563367.94,564523.0,12,0.0,3,0,2,c
1,298,577447.25,577736.0,10,0.0,3,0,1,b
1,298,578447.25,579602.4,12,0.0,3,0,2,b
1,10,585815.7,586104.44,10,0.0,3,0,1,b
1,10,586815.7,587970.75,12,0.0,3,0,2,b
1,189,596105.7,597260.8,12,0.0,3,0,1,b
1,189,597105.7,598260.8,12,0.0,3,0,2,b
1,175,604412.7,604701.44,10,0.0,3,0,1,b
1,175,605412.7,606567.75,12,0.0,3,0,2,b
1,59,621394.0,621971.5,11,0.0,3,0,1,b
1,59,622394.0,623549.06,12,0.0,3,0,2,b
1,399,627255.06,627399.5,9,0.0,3,0,1,c
1,399,628255.06,629410.1,12,0.0,3,0,2,c
1,352,630238.8,631393.94,12,0.0,3,0,1,c
1,352,631238.8,632393.94,12,0.0,3,0,2,c
1,231,674014.5,675169.6,12,0.0,3,0,1,b
1,231,675014.5,676169.6,12,0.0,3,0,2,b
1,20,679055.75,680210.8,12,0.0,3,0,1,c
1,20,680055.75,681210.8,12,0.0,3,0,2,c
1,211,701911.0,703066.1,12,0.0,3,0,1,b
1,211,702911.0,704066.1,12,0.0,3,0,2,b
1,360,701722.8,702011.6,10,0.0,3,0,1,b
1,360,702722.8,703877.94,12,0.0,3,0,2,b
1,162,706338.7,706916.2,11,0.0,3,0,1,b
1,162,707338.7,708493.75,12,0.0,3,0,2,b
1,253,718799.9,719088.6,10,0.0,3,0,1,b
1,253,719799.9,720954.94,12,0.0,3,0,2,b
1,220,728870.0,730025.06,12,0.0,3,0,1,b
1,220,729870.0,731025.06,12,0.0,3,0,2,b
1,217,737326.0,738481.06,12,0.0,3,0,1,b
1,217,738326.0,739481.06,12,0.0,3,0,2,b
1,175,738375.5,738664.25,10,0.0,3,0,1,b
1,175,739375.5,740530.56,12,0.0,3,0,2,b
1,168,740746.5,741901.6,12,0.0,3,0,1,c
1,168,741746.5,742901.6,12,0.0,3,0,2,c
1,360,746983.6,747272.4,10,0.0,3,0,1,b
1,360,747983.6,749138.75,12,0.0,3,0,2,b
1,354,765973.3,767128.44,12,0.0,3,0,1,b
1,354,766973.3,768128.44,12,0.0,3,0,2,b
1,59,799246.3,799823.9,11,0.0,3,0,1,b
1,59,800246.3,801401.44,12,0.0,3,0,2,b
1,43,806585.06,807740.2,12,0.0,3,0,1,b
1,43,807585.06,808740.2,12,0.0,3,0,2,b
1,257,833592.4,834747.44,12,0.0,3,0,1,b
1,257,834592.4,835747.44,12,0.0,3,0,2,b
1,193,836801.75,837956.9,12,0.0,3,0,1,b
1,193,837801.75,838956.9,12,0.0,3,0,2,b
1,254,848058.2,848346.94,10,0.0,3,0,1,b
1,254,849058.2,850213.25,12,0.0,3,0,2,b
1,312,875300.8,876455.94,12,0.0,3,0,1,b
1,312,876300.8,877455.94,12,0.0,3,0,2,b
1,385,904508.06,905085.56,11,0.0,3,0,1,b
1,385,905508.06,906663.1,12,0.0,3,0,2,b
1,268,910109.94,910398.7,10,0.0,3,0,1,b
1,268,911109.94,912265.0,12,0.0,3,0,2,b
1,220,919502.5,920657.56,12,0.0,3,0,1,b
1,220,920502.5,921657.56,12,0.0,3,0,2,b
1,399,925926.7,926071.1,9,0.0,3,0,1,b
1,399,926926.7,928081.8,12,0.0,3,0,2,b
1,253,930970.94,931259.7,10,0.0,3,0,1,b
1,253,931970.94,933126.06,12,0.0,3,0,2,b
1,292,937463.75,937608.1,9,0.0,3,0,1,b
1,292,938463.75,939618.8,12,0.0,3,0,2,b
1,354,947016.5,948171.56,12,0.0,3,0,1,b
1,354,948016.5,949171.56,12,0.0,3,0,2,b
1,256,967076.9,968232.0,12,0.0,3,0,1,c
1,256,968076.9,969232.0,12,0.0,3,0,2,c
1,253,976231.75,976520.5,10,0.0,3,0,1,b
1,253,977231.75,978386.8,12,0.0,3,0,2,b
1,346,1028878.8,1030033.8,12,0.0,3,0,1,b
1,346,1029878.8,1031033.8,12,0.0,3,0,2,b
1,82,1028625.75,1028770.1,9,0.0,3,0,1,b
1,82,1029625.75,1030780.75,12,0.0,3,0,2,b
1,151,1032876.44,1034031.5,12,0.0,3,0,1,b
1,151,1033876.44,1035031.5,12,0.0,3,0,2,b
1,69,1034245.9,1035400.9,12,0.0,3,0,1,b
1,69,1035245.9,1036400.9,12,0.0,3,0,2,b
1,183,1049751.5,1049895.9,9,0.0,3,0,1,b
1,183,1050751.5,1051906.5,12,0.0,3,0,2,b
1,146,1059758.2,1060913.4,12,0.0,3,0,1,b
1,146,1060758.2,1061913.4,12,0.0,3,0,2,b
1,147,1080275.5,1081430.5,12,0.0,3,0,1,c
1,147,1081275.5,1082430.5,12,0.0,3,0,2,c
1,23,1114233.4,1115388.4,12,0.0,3,0,1,b
1,23,1115233.4,1116388.4,12,0.0,3,0,2,b
1,162,1122055.0,1122632.6,11,0.0,3,0,1,b
1,162,1123055.0,1124210.1,12,0.0,3,0,2,b
1,206,1125478.5,1126056.0,11,0.0,3,0,1,b
1,206,1126478.5,1127633.5,12,0.0,3,0,2,b
1,61,1228663.1,1228704.4,7,0.0,3,0,1,b
1,61,1229663.1,1230818.1,12,0.0,3,0,2,b
1,220,1230677.5,1231832.5,12,0.0,3,0,1,b
1,220,1231677.5,1232832.5,12,0.0,3,0,2,b
1,142,1240061.2,1241216.2,12,0.0,3,0,1,b
1,142,1241061.2,1242216.2,12,0.0,3,0,2,b
1,250,1252405.5,1252983.0,11,0.0,3,0,1,b
1,250,1253405.5,1254560.5,12,0.0,3,0,2,b
1,147,1261318.8,1262473.8,12,0.0,3,0,1,b
1,147,1262318.8,1263473.8,12,0.0,3,0,2,b
1,43,1264630.4,1265785.4,12,0.0,3,0,1,b
1,43,1265630.4,1266785.4,12,0.0,3,0,2,b
1,84,1267161.0,1268316.0,12,0.0,3,0,1,b
1,84,1268161.0,1269316.0,12,0.0,3,0,2,b
1,354,1309102.9,1310257.9,12,0.0,3,0,1,b
1,354,1310102.9,1311257.9,12,0.0,3,0,2,b
1,397,1313327.0,1313409.4,8,0.0,3,0,1,b
1,397,1314327.0,1315482.0,12,0.0,3,0,2,b
1,367,1367068.8,1368223.8,12,0.0,3,0,1,b
1,367,1368068.8,1369223.8,12,0.0,3,0,2,b
1,230,1375106.2,1375683.8,11,0.0,3,0,1,b
1,230,1376106.2,1377261.2,12,0.0,3,0,2,b
1,292,1384971.9,1385116.4,9,0.0,3,0,1,b
1,292,1385971.9,1387127.0,12,0.0,3,0,2,b
1,157,1386212.2,1386294.6,8,0.0,3,0,1,b
1,157,1387212.2,1388367.2,12,0.0,3,0,2,b
1,285,1395788.9,1396943.9,12,0.0,3,0,1,b
1,285,1396788.9,1397943.9,12,0.0,3,0,2,b
1,298,1394726.1,1395014.9,10,0.0,3,0,1,b
1,298,1395726.1,1396881.1,12,0.0,3,0,2,b
1,64,1405814.8,1406103.5,10,0.0,3,0,1,b
1,64,1406814.8,1407969.8,12,0.0,3,0,2,b
1,142,1421104.5,1422259.5,12,0.0,3,0,1,b
1,142,1422104.5,1423259.5,12,0.0,3,0,2,b
1,385,1436637.0,1437214.5,11,0.0,3,0,1,b
1,385,1437637.0,1438792.0,12,0.0,3,0,2,b
1,298,1439987.0,1440275.8,10,0.0,3,0,1,b
1,298,1440987.0,1442142.0,12,0.0,3,0,2,b
1,147,1442362.0,1443517.0,12,0.0,3,0,1,b
1,147,1443362.0,1444517.0,12,0.0,3,0,2,b
1,17,1487590.5,1488745.5,12,0.0,3,0,1,b
1,17,1488590.5,1489745.5,12,0.0,3,0,2,b
1,391,1524173.5,1525328.5,12,0.0,3,0,1,b
1,391,1525173.5,1526328.5,12,0.0,3,0,2,b
1,397,1540299.5,1540382.0,8,0.0,3,0,1,b
1,397,1541299.5,1542454.6,12,0.0,3,0,2,b
1,298,1544520.9,1544809.8,10,0.0,3,0,1,b
1,298,1545520.9,1546675.9,12,0.0,3,0,2,b
1,183,1547676.9,1547821.2,9,0.0,3,0,1,b
1,183,1548676.9,1549831.9,12,0.0,3,0,2,b
1,265,1570709.2,1571286.8,11,0.0,3,0,1,c
1,265,1571709.2,1572864.2,12,0.0,3,0,2,c
1,230,1572533.5,1573111.0,11,0.0,3,0,1,b
1,230,1573533.5,1574688.5,12,0.0,3,0,2,b
1,285,1577793.8,1578948.8,12,0.0,3,0,1,b
1,285,1578793.8,1579948.8,12,0.0,3,0,2,b
1,87,1582217.2,1583372.4,12,0.0,3,0,1,c
1,87,1583217.2,1584372.4,12,0.0,3,0,2,c
1,350,1591938.0,1592226.8,10,0.0,3,0,1,b
1,350,1592938.0,1594093.0,12,0.0,3,0,2,b
1,334,1600033.1,1601188.1,12,0.0,3,0,1,b
1,334,1601033.1,1602188.1,12,0.0,3,0,2,b
1,254,1598813.4,1599102.1,10,0.0,3,0,1,b
1,254,1599813.4,1600968.4,12,0.0,3,0,2,b
1,243,1610352.8,1611507.8,12,0.0,3,0,1,b
1,243,1611352.8,1612507.8,12,0.0,3,0,2,b
1,228,1625493.0,1626648.1,12,0.0,3,0,1,b
1,228,1626493.0,1627648.1,12,0.0,3,0,2,b
1,193,1626133.6,1627288.8,12,0.0,3,0,1,c
1,193,1627133.6,1628288.8,12,0.0,3,0,2,c
1,313,1630525.6,1631103.1,11,0.0,3,0,1,b
1,313,1631525.6,1632680.6,12,0.0,3,0,2,b
1,254,1644074.2,1644363.0,10,0.0,3,0,1,b
1,254,1645074.2,1646229.2,12,0.0,3,0,2,b
1,171,1684502.4,1685657.4,12,0.0,3,0,1,b
1,171,1685502.4,1686657.4,12,0.0,3,0,2,b
1,363,1696051.2,1697206.2,12,0.0,3,0,1,b
1,363,1697051.2,1698206.2,12,0.0,3,0,2,b
1,325,1697114.5,1698269.5,12,0.0,3,0,1,b
1,325,1698114.5,1699269.5,12,0.0,3,0,2,b
1,250,1733051.5,1733629.0,11,0.0,3,0,1,b
1,250,1734051.5,1735206.5,12,0.0,3,0,2,b
1,220,1773807.0,1774962.0,12,0.0,3,0,1,b
1,220,1774807.0,1775962.0,12,0.0,3,0,2,b
1,83,1781708.5,1782863.5,12,0.0,3,0,1,b
1,83,1782708.5,1783863.5,12,0.0,3,0,2,b
1,142,1783190.9,1784346.0,12,0.0,3,0,1,b
1,142,1784190.9,1785346.0,12,0.0,3,0,2,b
1,354,1786466.5,1787621.6,12,0.0,3,0,1,b
1,354,1787466.5,1788621.6,12,0.0,3,0,2,b
1,228,1806536.2,1807691.2,12,0.0,3,0,1,b
1,228,1807536.2,1808691.2,12,0.0,3,0,2,b
1,317,1824855.0,1826010.0,12,0.0,3,0,1,b
1,317,1825855.0,1827010.0,12,0.0,3,0,2,b
1,146,1827964.8,1829119.8,12,0.0,3,0,1,b
1,146,1828964.8,1830119.8,12,0.0,3,0,2,b
1,250,1831765.1,1832342.6,11,0.0,3,0,1,b
1,250,1832765.1,1833920.1,12,0.0,3,0,2,b
1,61,1840593.9,1840635.1,7,0.0,3,0,1,b
1,61,1841593.9,1842748.9,12,0.0,3,0,2,b
1,143,1876986.6,1878141.6,12,0.0,3,0,1,c
1,143,1877986.6,1879141.6,12,0.0,3,0,2,c
1,399,1890572.1,1890716.5,9,0.0,3,0,1,b
1,399,1891572.1,1892727.1,12,0.0,3,0,2,b
1,265,1900656.1,1901233.6,11,0.0,3,0,1,b
1,265,1901656.1,1902811.1,12,0.0,3,0,2,b
1,206,1922750.4,1923327.9,11,0.0,3,0,1,b
1,206,1923750.4,1924905.4,12,0.0,3,0,2,b
1,151,1925352.0,1926507.1,12,0.0,3,0,1,c
1,151,1926352.0,1927507.1,12,0.0,3,0,2,c
1,254,1946387.0,1946675.8,10,0.0,3,0,1,b
1,254,1947387.0,1948542.0,12,0.0,3,0,2,b
1,43,1954819.0,1955974.0,12,0.0,3,0,1,b
1,43,1955819.0,1956974.0,12,0.0,3,0,2,b
1,354,1967509.8,1968664.8,12,0.0,3,0,1,b
1,354,1968509.8,1969664.8,12,0.0,3,0,2,b
1,147,1977448.5,1978603.5,12,0.0,3,0,1,c
1,147,1978448.5,1979603.5,12,0.0,3,0,2,c
1,360,1994944.6,1995233.4,10,0.0,3,0,1,b
1,360,1995944.6,1997099.6,12,0.0,3,0,2,b
1,386,1999521.2,2000676.2,12,0.0,3,0,1,b
1,386,2000521.2,2001676.2,12,0.0,3,0,2,b
1,3,1999890.4,2001045.4,12,0.0,3,0,1,b
1,3,2000890.4,2002045.4,12,0.0,3,0,2,b
1,146,2009007.9,2010163.0,12,0.0,3,0,1,b
1,146,2010007.9,2011163.0,12,0.0,3,0,2,b
1,184,2010674.8,2011829.9,12,0.0,3,0,1,b
1,184,2011674.8,2012829.9,12,0.0,3,0,2,b
1,64,2025507.0,2025795.8,10,0.0,3,0,1,b
1,64,2026507.0,2027662.0,12,0.0,3,0,2,b
1,306,2030236.9,2031391.9,12,0.0,3,0,1,b
1,306,2031236.9,2032391.9,12,0.0,3,0,2,b
1,115,2029863.2,2030007.8,9,0.0,3,0,1,b
1,115,2030863.2,2032018.2,12,0.0,3,0,2,b
1,99,2034101.4,2034678.9,11,0.0,3,0,1,b
1,99,2035101.4,2036256.4,12,0.0,3,0,2,b
1,250,2044326.5,2044904.0,11,0.0,3,0,1,b
1,250,2045326.5,2046481.6,12,0.0,3,0,2,b
1,69,2058717.0,2059872.1,12,0.0,3,0,1,b
1,69,2059717.0,2060872.1,12,0.0,3,0,2,b
1,235,2057783.8,2058072.5,10,0.0,3,0,1,c
1,235,2058783.8,2059938.8,12,0.0,3,0,2,c
1,61,2060117.0,2060158.2,7,0.0,3,0,1,b
1,61,2061117.0,2062272.0,12,0.0,3,0,2,b
1,382,2088008.5,2088297.4,10,0.0,3,0,1,b
1,382,2089008.5,2090163.6,12,0.0,3,0,2,b
1,89,2089056.6,2089345.5,10,0.0,3,0,1,b
1,89,2090056.6,2091211.6,12,0.0,3,0,2,b
1,151,2138138.8,2139293.8,12,0.0,3,0,1,b
1,151,2139138.8,2140293.8,12,0.0,3,0,2,b
1,256,2138338.2,2139493.2,12,0.0,3,0,1,b
1,256,2139338.2,2140493.2,12,0.0,3,0,2,b
1,250,2143040.0,2143617.8,11,0.0,3,0,1,b
1,250,2144040.0,2145195.0,12,0.0,3,0,2,b
1,99,2147871.5,2148449.2,11,0.0,3,0,1,b
1,99,2148871.5,2150026.5,12,0.0,3,0,2,b
1,285,2177952.2,2179107.2,12,0.0,3,0,1,b
1,285,2178952.2,2180107.2,12,0.0,3,0,2,b
1,230,2191910.8,2192488.2,11,0.0,3,0,1,b
1,230,2192910.8,2194065.8,12,0.0,3,0,2,b
1,312,2226089.5,2227244.8,12,0.0,3,0,1,c
1,312,2227089.5,2228244.8,12,0.0,3,0,2,c
1,354,2231451.5,2232606.5,12,0.0,3,0,1,b
1,354,2232451.5,2233606.5,12,0.0,3,0,2,b
1,235,2239357.5,2239646.2,10,0.0,3,0,1,b
1,235,2240357.5,2241512.5,12,0.0,3,0,2,b
1,334,2261470.5,2262625.5,12,0.0,3,0,1,b
1,334,2262470.5,2263625.5,12,0.0,3,0,2,b
1,392,2261503.5,2262081.0,11,0.0,3,0,1,b
1,392,2262503.5,2263658.5,12,0.0,3,0,2,b
1,9,2263061.2,2264216.2,12,0.0,3,0,1,b
1,9,2264061.2,2265216.2,12,0.0,3,0,2,b
1,243,2281649.2,2282804.2,12,0.0,3,0,1,c
1,243,2282649.2,2283804.2,12,0.0,3,0,2,c
1,283,2286016.0,2287171.2,12,0.0,3,0,1,b
1,283,2287016.0,2288171.2,12,0.0,3,0,2,b
1,329,2286306.2,2286595.0,10,0.0,3,0,1,b
1,329,2287306.2,2288461.2,12,0.0,3,0,2,b
1,230,2290624.2,2291202.0,11,0.0,3,0,1,b
1,230,2291624.2,2292779.2,12,0.0,3,0,2,b
1,363,2292058.8,2293213.8,12,0.0,3,0,1,b
1,363,2293058.8,2294213.8,12,0.0,3,0,2,b
1,346,2295311.5,2296466.5,12,0.0,3,0,1,b
1,346,2296311.5,2297466.5,12,0.0,3,0,2,b
1,17,2307989.8,2309144.8,12,0.0,3,0,1,b
1,17,2308989.8,2310144.8,12,0.0,3,0,2,b
1,317,2329899.8,2331054.8,12,0.0,3,0,1,b
1,317,2330899.8,2332054.8,12,0.0,3,0,2,b
1,391,2338022.5,2339177.5,12,0.0,3,0,1,b
1,391,2339022.5,2340177.5,12,0.0,3,0,2,b
1,23,2338150.5,2339305.5,12,0.0,3,0,1,b
1,23,2339150.5,2340305.5,12,0.0,3,0,2,b
1,189,2341886.2,2343041.2,12,0.0,3,0,1,b
1,189,2342886.2,2344041.2,12,0.0,3,0,2,b
1,216,2341244.5,2341533.2,10,0.0,3,0,1,b
1,216,2342244.5,2343399.5,12,0.0,3,0,2,b
1,137,2346097.0,2346674.5,11,0.0,3,0,1,b
1,137,2347097.0,2348252.0,12,0.0,3,0,2,b
1,231,2387801.5,2388956.5,12,0.0,3,0,1,b
1,231,2388801.5,2389956.5,12,0.0,3,0,2,b
1,146,2391862.8,2393017.8,12,0.0,3,0,1,b
1,146,2392862.8,2394017.8,12,0.0,3,0,2,b
1,135,2399676.0,2400253.8,11,0.0,3,0,1,b
1,135,2400676.0,2401831.0,12,0.0,3,0,2,b
1,215,2413344.2,2413385.5,7,0.0,3,0,1,b
1,215,2414344.2,2415499.2,12,0.0,3,0,2,b
1,301,2413589.0,2413671.8,8,0.0,3,0,1,b
1,301,2414589.0,2415744.2,12,0.0,3,0,2,b
1,126,2422629.2,2423784.2,12,0.0,3,0,1,c
1,126,2423629.2,2424784.2,12,0.0,3,0,2,c
1,228,2427588.8,2428744.0,12,0.0,3,0,1,b
1,228,2428588.8,2429744.0,12,0.0,3,0,2,b
1,64,2427279.8,2427568.5,10,0.0,3,0,1,b
1,64,2428279.8,2429434.8,12,0.0,3,0,2,b
1,63,2454009.5,2455164.5,12,0.0,3,0,1,c
1,63,2455009.5,2456164.5,12,0.0,3,0,2,c
1,389,2453772.5,2454061.2,10,0.0,3,0,1,c
1,389,2454772.5,2455927.5,12,0.0,3,0,2,c
1,192,2457102.8,2458257.8,12,0.0,3,0,1,b
1,192,2458102.8,2459257.8,12,0.0,3,0,2,b
1,352,2458027.2,2459182.2,12,0.0,3,0,1,c
1,352,2459027.2,2460182.2,12,0.0,3,0,2,c
1,168,2460599.2,2461754.5,12,0.0,3,0,1,b
1,168,2461599.2,2462754.5,12,0.0,3,0,2,b
1,243,2462692.5,2463847.5,12,0.0,3,0,1,b
1,243,2463692.5,2464847.5,12,0.0,3,0,2,b
1,313,2482498.5,2483076.2,11,0.0,3,0,1,b
1,313,2483498.5,2484653.5,12,0.0,3,0,2,b
1,282,2494224.2,2495379.5,12,0.0,3,0,1,b
1,282,2495224.2,2496379.5,12,0.0,3,0,2,b
1,230,2498294.8,2498872.2,11,0.0,3,0,1,b
1,230,2499294.8,2500449.8,12,0.0,3,0,2,b
1,206,2506851.0,2507428.8,11,0.0,3,0,1,b
1,206,2507851.0,2509006.0,12,0.0,3,0,2,b
1,317,2510942.8,2512098.0,12,0.0,3,0,1,b
1,317,2511942.8,2513098.0,12,0.0,3,0,2,b
1,350,2519055.0,2519343.8,10,0.0,3,0,1,c
1,350,2520055.0,2521210.0,12,0.0,3,0,2,c
1,189,2522929.5,2524084.5,12,0.0,3,0,1,b
1,189,2523929.5,2525084.5,12,0.0,3,0,2,b
1,335,2533074.2,2534229.2,12,0.0,3,0,1,b
1,335,2534074.2,2535229.2,12,0.0,3,0,2,b
1,254,2550883.5,2551172.2,10,0.0,3,0,1,b
1,254,2551883.5,2553038.5,12,0.0,3,0,2,b
1,181,2556936.8,2558091.8,12,0.0,3,0,1,c
1,181,2557936.8,2559091.8,12,0.0,3,0,2,c
1,367,2574996.8,2576151.8,12,0.0,3,0,1,b
1,367,2575996.8,2577151.8,12,0.0,3,0,2,b
1,371,2582564.5,2583719.5,12,0.0,3,0,1,c
1,371,2583564.5,2584719.5,12,0.0,3,0,2,c
1,24,2602994.8,2604150.0,12,0.0,3,0,1,b
1,24,2603994.8,2605150.0,12,0.0,3,0,2,b
1,206,2605564.8,2606142.2,11,0.0,3,0,1,b
1,206,2606564.8,2607719.8,12,0.0,3,0,2,b
1,312,2612330.2,2613485.2,12,0.0,3,0,1,b
1,312,2613330.2,2614485.2,12,0.0,3,0,2,b
1,328,2637940.5,2638229.2,10,0.0,3,0,1,b
1,328,2638940.5,2640095.5,12,0.0,3,0,2,b
1,160,2669875.8,2671030.8,12,0.0,3,0,1,b
1,160,2670875.8,2672030.8,12,0.0,3,0,2,b
1,363,2676107.2,2677262.2,12,0.0,3,0,1,b
1,363,2677107.2,2678262.2,12,0.0,3,0,2,b
1,147,2681402.2,2682557.2,12,0.0,3,0,1,c
1,147,2682402.2,2683557.2,12,0.0,3,0,2,c
1,127,2680309.5,2680453.8,9,0.0,3,0,1,b
1,127,2681309.5,2682464.5,12,0.0,3,0,2,b
1,266,2699081.2,2700236.2,12,0.0,3,0,1,b
1,266,2700081.2,2701236.2,12,0.0,3,0,2,b
1,238,2730217.2,2730506.0,10,0.0,3,0,1,b
1,238,2731217.2,2732372.2,12,0.0,3,0,2,b
1,181,2737980.0,2739135.0,12,0.0,3,0,1,c
1,181,2738980.0,2740135.0,12,0.0,3,0,2,c
1,84,2746352.0,2747507.0,12,0.0,3,0,1,b
1,84,2747352.0,2748507.0,12,0.0,3,0,2,b
1,360,2782682.0,2782970.8,10,0.0,3,0,1,c
1,360,2783682.0,2784837.0,12,0.0,3,0,2,c
1,126,2784715.5,2785870.5,12,0.0,3,0,1,b
1,126,2785715.5,2786870.5,12,0.0,3,0,2,b
1,59,2789358.2,2789935.8,11,0.0,3,0,1,b
1,59,2790358.2,2791513.2,12,0.0,3,0,2,b
1,317,2811068.5,2812223.8,12,0.0,3,0,1,c
1,317,2812068.5,2813223.8,12,0.0,3,0,2,c
1,10,2812046.2,2812335.0,10,0.0,3,0,1,c
1,10,2813046.2,2814201.2,12,0.0,3,0,2,c
1,168,2822685.8,2823840.8,12,0.0,3,0,1,b
1,168,2823685.8,2824840.8,12,0.0,3,0,2,b
1,196,2822340.5,2822629.5,10,0.0,3,0,1,b
1,196,2823340.5,2824495.5,12,0.0,3,0,2,b
1,211,2824945.8,2826100.8,12,0.0,3,0,1,c
1,211,2825945.8,2827100.8,12,0.0,3,0,2,c
1,316,2829800.8,2830955.8,12,0.0,3,0,1,b
1,316,2830800.8,2831955.8,12,0.0,3,0,2,b
1,232,2830868.8,2832023.8,12,0.0,3,0,1,b
1,232,2831868.8,2833023.8,12,0.0,3,0,2,b
1,312,2833888.5,2835043.5,12,0.0,3,0,1,b
1,312,2834888.5,2836043.5,12,0.0,3,0,2,b
1,149,2832684.5,2832973.5,10,0.0,3,0,1,b
1,149,2833684.5,2834839.5,12,0.0,3,0,2,b
1,114,2839040.5,2839329.2,10,0.0,3,0,1,b
1,114,2840040.5,2841195.5,12,0.0,3,0,2,b
1,373,2858742.2,2859897.2,12,0.0,3,0,1,b
1,373,2859742.2,2860897.2,12,0.0,3,0,2,b
1,83,2860026.0,2861181.2,12,0.0,3,0,1,b
1,83,2861026.0,2862181.2,12,0.0,3,0,2,b
1,142,2861734.0,2862889.0,12,0.0,3,0,1,c
1,142,2862734.0,2863889.0,12,0.0,3,0,2,c
1,350,2860748.8,2861037.5,10,0.0,3,0,1,b
1,350,2861748.8,2862903.8,12,0.0,3,0,2,b
1,265,2862126.0,2862703.5,11,0.0,3,0,1,c
1,265,2863126.0,2864281.0,12,0.0,3,0,2,c
1,295,2892295.0,2892583.8,10,0.0,3,0,1,b
1,295,2893295.0,2894450.0,12,0.0,3,0,2,b
1,175,2894984.8,2895273.8,10,0.0,3,0,1,b
1,175,2895984.8,2897140.0,12,0.0,3,0,2,b
1,249,2897110.2,2897688.0,11,0.0,3,0,1,b
1,249,2898110.2,2899265.5,12,0.0,3,0,2,b
1,3,2904884.5,2906039.5,12,0.0,3,0,1,c
1,3,2905884.5,2907039.5,12,0.0,3,0,2,c
1,70,2906339.5,2907494.8,12,0.0,3,0,1,b
1,70,2907339.5,2908494.8,12,0.0,3,0,2,b
1,350,2906009.5,2906298.2,10,0.0,3,0,1,b
1,350,2907009.5,2908164.5,12,0.0,3,0,2,b
1,181,2919023.2,2920178.2,12,0.0,3,0,1,b
1,181,2920023.2,2921178.2,12,0.0,3,0,2,b
1,235,2918729.8,2919018.5,10,0.0,3,0,1,b
1,235,2919729.8,2920884.8,12,0.0,3,0,2,b
1,119,2920305.5,2920883.0,11,0.0,3,0,1,b
1,119,2921305.5,2922460.5,12,0.0,3,0,2,b
1,287,2951231.0,2952386.0,12,0.0,3,0,1,c
1,287,2952231.0,2953386.0,12,0.0,3,0,2,c
1,280,2960248.0,2960536.8,10,0.0,3,0,1,b
1,280,2961248.0,2962403.0,12,0.0,3,0,2,b
1,265,2960839.5,2961417.2,11,0.0,3,0,1,b
1,265,2961839.5,2962994.8,12,0.0,3,0,2,b
1,42,2973141.2,2973182.5,7,0.0,3,0,1,b
1,42,2974141.2,2975296.5,12,0.0,3,0,2,b
1,162,2977940.0,2978517.5,11,0.0,3,0,1,b
1,162,2978940.0,2980095.0,12,0.0,3,0,2,b
1,43,2981881.0,2983036.2,12,0.0,3,0,1,b
1,43,2982881.0,2984036.2,12,0.0,3,0,2,b
1,243,2984940.0,2986095.0,12,0.0,3,0,1,c
1,243,2985940.0,2987095.0,12,0.0,3,0,2,c
1,69,2994659.2,2995814.2,12,0.0,3,0,1,b
1,69,2995659.2,2996814.2,12,0.0,3,0,2,b
1,346,3005418.5,3006573.5,12,0.0,3,0,1,b
1,346,3006418.5,3007573.5,12,0.0,3,0,2,b
1,182,3005476.2,3006631.2,12,0.0,3,0,1,b
1,182,3006476.2,3007631.2,12,0.0,3,0,2,b
1,300,3022543.5,3023121.0,11,0.0,3,0,1,b
1,300,3023543.5,3024698.5,12,0.0,3,0,2,b
1,59,3022619.2,3023196.8,11,0.0,3,0,1,b
1,59,3023619.2,3024774.2,12,0.0,3,0,2,b
1,391,3040043.5,3041198.5,12,0.0,3,0,1,b
1,391,3041043.5,3042198.5,12,0.0,3,0,2,b
1,83,3041069.2,3042224.2,12,0.0,3,0,1,b
1,83,3042069.2,3043224.2,12,0.0,3,0,2,b
1,199,3044989.8,3046144.8,12,0.0,3,0,1,b
1,199,3045989.8,3047144.8,12,0.0,3,0,2,b
1,397,3043757.2,3043839.8,8,0.0,3,0,1,c
1,397,3044757.2,3045912.2,12,0.0,3,0,2,c
1,159,3051393.5,3052548.5,12,0.0,3,0,1,b
1,159,3052393.5,3053548.5,12,0.0,3,0,2,b
1,171,3060523.0,3061678.0,12,0.0,3,0,1,b
1,171,3061523.0,3062678.0,12,0.0,3,0,2,b
1,39,3063534.8,3063823.5,10,0.0,3,0,1,b
1,39,3064534.8,3065689.8,12,0.0,3,0,2,b
1,87,3084112.8,3085267.8,12,0.0,3,0,1,b
1,87,3085112.8,3086267.8,12,0.0,3,0,2,b
1,233,3084985.5,3086140.5,12,0.0,3,0,1,b
1,233,3085985.5,3087140.5,12,0.0,3,0,2,b
1,3,3085927.8,3087082.8,12,0.0,3,0,1,b
1,3,3086927.8,3088082.8,12,0.0,3,0,2,b
1,356,3091757.5,3092335.2,11,0.0,3,0,1,b
1,356,3092757.5,3093912.5,12,0.0,3,0,2,b
1,306,3100408.5,3101563.5,12,0.0,3,0,1,b
1,306,3101408.5,3102563.5,12,0.0,3,0,2,b
1,11,3105319.8,3105608.8,10,0.0,3,0,1,b
1,11,3106319.8,3107474.8,12,0.0,3,0,2,b
1,258,3108759.0,3109047.8,10,0.0,3,0,1,c
1,258,3109759.0,3110914.0,12,0.0,3,0,2,c
1,60,3109334.2,3109478.5,9,0.0,3,0,1,c
1,60,3110334.2,3111489.2,12,0.0,3,0,2,c
1,194,3130338.8,3131494.0,12,0.0,3,0,1,b
1,194,3131338.8,3132494.0,12,0.0,3,0,2,b
1,20,3132278.2,3133433.2,12,0.0,3,0,1,b
1,20,3133278.2,3134433.2,12,0.0,3,0,2,b
1,157,3134012.0,3134094.5,8,0.0,3,0,1,b
1,157,3135012.0,3136167.0,12,0.0,3,0,2,b
1,41,3137098.8,3138253.8,12,0.0,3,0,1,b
1,41,3138098.8,3139253.8,12,0.0,3,0,2,b
1,285,3144941.0,3146096.0,12,0.0,3,0,1,c
1,285,3145941.0,3147096.0,12,0.0,3,0,2,c
1,30,3144984.0,3145128.2,9,0.0,3,0,1,b
1,30,3145984.0,3147139.0,12,0.0,3,0,2,b
1,203,3146753.5,3147908.5,12,0.0,3,0,1,b
1,203,3147753.5,3148908.5,12,0.0,3,0,2,b
1,176,3148412.5,3148495.0,8,0.0,3,0,1,b
1,176,3149412.5,3150567.8,12,0.0,3,0,2,b
1,184,3156792.2,3157947.2,12,0.0,3,0,1,b
1,184,3157792.2,3158947.2,12,0.0,3,0,2,b
1,250,3160615.0,3161192.8,11,0.0,3,0,1,b
1,250,3161615.0,3162770.0,12,0.0,3,0,2,b
1,151,3161873.8,3163028.8,12,0.0,3,0,1,b
1,151,3162873.8,3164028.8,12,0.0,3,0,2,b
1,43,3162924.2,3164079.2,12,0.0,3,0,1,b
1,43,3163924.2,3165079.2,12,0.0,3,0,2,b
1,69,3175702.5,3176857.5,12,0.0,3,0,1,b
1,69,3176702.5,3177857.5,12,0.0,3,0,2,b
1,346,3186461.8,3187616.8,12,0.0,3,0,1,c
1,346,3187461.8,3188616.8,12,0.0,3,0,2,c
1,386,3204768.8,3205923.8,12,0.0,3,0,1,b
1,386,3205768.8,3206923.8,12,0.0,3,0,2,b
1,180,3211516.2,3212671.5,12,0.0,3,0,1,b
1,180,3212516.2,3213671.5,12,0.0,3,0,2,b
1,148,3210285.8,3210574.5,10,0.0,3,0,1,c
1,148,3211285.8,3212440.8,12,0.0,3,0,2,c
1,265,3221225.8,3221803.5,11,0.0,3,0,1,b
1,265,3222225.8,3223380.8,12,0.0,3,0,2,b
1,83,3222112.5,3223267.5,12,0.0,3,0,1,b
1,83,3223112.5,3224267.5,12,0.0,3,0,2,b
1,211,3231592.0,3232747.0,12,0.0,3,0,1,b
1,211,3232592.0,3233747.0,12,0.0,3,0,2,b
1,59,3231619.8,3232197.2,11,0.0,3,0,1,b
1,59,3232619.8,3233774.8,12,0.0,3,0,2,b
1,193,3232886.0,3234041.0,12,0.0,3,0,1,b
1,193,3233886.0,3235041.0,12,0.0,3,0,2,b
1,129,3231459.2,3231500.5,7,0.0,3,0,1,b
1,129,3232459.2,3233614.2,12,0.0,3,0,2,b
1,249,3234466.8,3235044.5,11,0.0,3,0,1,b
1,249,3235466.8,3236621.8,12,0.0,3,0,2,b
1,23,3239060.2,3240215.2,12,0.0,3,0,1,b
1,23,3240060.2,3241215.2,12,0.0,3,0,2,b
1,35,3240919.0,3242074.0,12,0.0,3,0,1,b
1,35,3241919.0,3243074.0,12,0.0,3,0,2,b
1,396,3254689.2,3255844.2,12,0.0,3,0,1,b
1,396,3255689.2,3256844.2,12,0.0,3,0,2,b
1,325,3280829.0,3281984.2,12,0.0,3,0,1,b
1,325,3281829.0,3282984.2,12,0.0,3,0,2,b
1,204,3283549.5,3283838.5,10,0.0,3,0,1,c
1,204,3284549.5,3285704.5,12,0.0,3,0,2,c
1,400,3289395.5,3290550.5,12,0.0,3,0,1,b
1,400,3290395.5,3291550.5,12,0.0,3,0,2,b
1,10,3293515.5,3293804.5,10,0.0,3,0,1,b
1,10,3294515.5,3295670.8,12,0.0,3,0,2,b
1,238,3294852.5,3295141.2,10,0.0,3,0,1,b
1,238,3295852.5,3297007.5,12,0.0,3,0,2,b
1,175,3316453.2,3316742.2,10,0.0,3,0,1,b
1,175,3317453.2,3318608.5,12,0.0,3,0,2,b
1,143,3321364.2,3322519.2,12,0.0,3,0,1,b
1,143,3322364.2,3323519.2,12,0.0,3,0,2,b
1,383,3322932.2,3324087.5,12,0.0,3,0,1,c
1,383,3323932.2,3325087.5,12,0.0,3,0,2,c
1,310,3354237.8,3355392.8,12,0.0,3,0,1,b
1,310,3355237.8,3356392.8,12,0.0,3,0,2,b
1,100,3365477.8,3366632.8,12,0.0,3,0,1,b
1,100,3366477.8,3367632.8,12,0.0,3,0,2,b
1,188,3372730.5,3373019.2,10,0.0,3,0,1,b
1,188,3373730.5,3374885.5,12,0.0,3,0,2,b
1,345,3374863.5,3375441.2,11,0.0,3,0,1,b
1,345,3375863.5,3377018.5,12,0.0,3,0,2,b
1,235,3376560.8,3376849.5,10,0.0,3,0,1,b
1,235,3377560.8,3378715.8,12,0.0,3,0,2,b
1,257,3394571.8,3395726.8,12,0.0,3,0,1,b
1,257,3395571.8,3396726.8,12,0.0,3,0,2,b
1,253,3393560.2,3393849.0,10,0.0,3,0,1,b
1,253,3394560.2,3395715.2,12,0.0,3,0,2,b
1,217,3398080.0,3399235.0,12,0.0,3,0,1,c
1,217,3399080.0,3400235.0,12,0.0,3,0,2,c
1,259,3409429.0,3409717.8,10,0.0,3,0,1,c
1,259,3410429.0,3411584.0,12,0.0,3,0,2,c
1,188,3417991.2,3418280.0,10,0.0,3,0,1,b
1,188,3418991.2,3420146.2,12,0.0,3,0,2,b
1,302,3429752.8,3430907.8,12,0.0,3,0,1,b
1,302,3430752.8,3431907.8,12,0.0,3,0,2,b
1,385,3429675.2,3430253.0,11,0.0,3,0,1,b
1,385,3430675.2,3431830.2,12,0.0,3,0,2,b
1,81,3432138.8,3433293.8,12,0.0,3,0,1,b
1,81,3433138.8,3434293.8,12,0.0,3,0,2,b
1,319,3434849.8,3435427.5,11,0.0,3,0,1,b
1,319,3435849.8,3437005.0,12,0.0,3,0,2,b
1,291,3450363.5,3451518.5,12,0.0,3,0,1,b
1,291,3451363.5,3452518.5,12,0.0,3,0,2,b
1,386,3472952.2,3474107.2,12,0.0,3,0,1,b
1,386,3473952.2,3475107.2,12,0.0,3,0,2,b
1,58,3472153.0,3472730.8,11,0.0,3,0,1,c
1,58,3473153.0,3474308.0,12,0.0,3,0,2,c
1,3,3484928.2,3486083.2,12,0.0,3,0,1,c
1,3,3485928.2,3487083.2,12,0.0,3,0,2,c
1,361,3487282.5,3487571.2,10,0.0,3,0,1,b
1,361,3488282.5,3489437.5,12,0.0,3,0,2,b
1,279,3488648.2,3489803.2,12,0.0,3,0,1,b
1,279,3489648.2,3490803.2,12,0.0,3,0,2,b
1,292,3513868.0,3514012.2,9,0.0,3,0,1,c
1,292,3514868.0,3516023.0,12,0.0,3,0,2,c
1,360,3514678.0,3514966.8,10,0.0,3,0,1,b
1,360,3515678.0,3516833.0,12,0.0,3,0,2,b
1,14,3536599.2,3537754.5,12,0.0,3,0,1,b
1,14,3537599.2,3538754.5,12,0.0,3,0,2,b
1,225,3543786.0,3544363.5,11,0.0,3,0,1,b
1,225,3544786.0,3545941.0,12,0.0,3,0,2,b
1,391,3556252.5,3557407.5,12,0.0,3,0,1,b
1,391,3557252.5,3558407.5,12,0.0,3,0,2,b
1,385,3569803.8,3570381.2,11,0.0,3,0,1,b
1,385,3570803.8,3571958.8,12,0.0,3,0,2,b
1,256,3588428.5,3589583.5,12,0.0,3,0,1,b
1,256,3589428.5,3590583.5,12,0.0,3,0,2,b
1,44,3589729.0,3590017.8,10,0.0,3,0,1,b
1,44,3590729.0,3591884.0,12,0.0,3,0,2,b
1,155,3593143.0,3593287.2,9,0.0,3,0,1,b
1,155,3594143.0,3595298.0,12,0.0,3,0,2,b
