gatewayID,X,Y,Z
1,250,0,1.5
2,-250,0,1.5
3,0,250,1.5
EndDeviceID,X,Y,Z,SF
4,-79.7291,367.992,1,7,
5,268.802,463.394,1,11,
6,-127.972,321.255,1,7,
7,-45.7616,131.434,1,7,
8,173.29,-332.018,1,12,
9,60.3002,498.083,1,10,
10,321.264,268.561,1,9,
11,-201.182,-363.003,1,10,
12,-235.014,-196.458,1,9,
13,286.817,-4.68201,1,7,
14,-156.345,120.631,1,8,
15,-137.28,440.281,1,8,
16,212.075,496.261,1,10,
17,-9.62559,-488.531,1,12,
18,404.599,-172.352,1,7,
19,-315.654,384.095,1,11,
20,-395.717,231.97,1,9,
21,89.8786,-116.753,1,9,
22,312.639,-402.273,1,12,
23,-450.251,-283.655,1,11,
24,-174.662,27.5551,1,7,
25,449.393,235.607,1,10,
26,-325.344,-195.612,1,7,
27,-42.2926,442.989,1,8,
28,-278.027,-399.261,1,11,
29,-157.144,-386.747,1,12,
30,194.313,-411.455,1,12,
31,-336.364,93.8163,1,8,
32,175.888,-332.912,1,11,
33,-325.267,-296.005,1,10,
34,236.575,-468.976,1,12,
35,-41.8074,-12.1125,1,8,
36,-162.196,275.193,1,7,
37,184.142,-256.168,1,10,
38,-271.398,53.2112,1,7,
39,-290.275,457.16,1,10,
40,35.8639,199.744,1,7,
41,-340.735,-53.8723,1,7,
42,-136.225,-33.1736,1,7,
43,482.234,-329.973,1,12,
44,-47.513,137.822,1,7,
45,-140.918,334.306,1,7,
46,286.843,-32.3899,1,7,
47,472.366,-82.2672,1,9,
48,-170.907,-249.467,1,9,
49,-207.34,-160.922,1,8,
50,497.998,-25.7286,1,10,
51,-460.015,-325.54,1,10,
52,-90.001,-457.422,1,12,
53,2.00649,86.6869,1,7,
54,-450.127,-167.424,1,10,
55,417.246,-318.219,1,12,
56,-203.354,480.529,1,10,
57,-250.456,125.81,1,8,
58,-206.736,-221.63,1,9,
59,140.547,-461.619,1,12,
60,282.116,171.071,1,9,
61,-306.753,-171.002,1,8,
62,181.223,234.501,1,8,
63,-59.3661,-13.9898,1,9,
64,148.54,-195.073,1,7,
65,-275.084,102.317,1,7,
66,-229.519,220.613,1,8,
67,-212.07,360.856,1,10,
68,-383.422,-231.252,1,10,
69,-399.662,-245.491,1,9,
70,-370.65,-130.311,1,8,
71,356.094,-7.53393,1,7,
72,300.15,451.889,1,10,
73,98.8464,-143.336,1,10,
74,-242.372,-102.471,1,7,
75,57.6498,-155.28,1,9,
76,135.935,94.5712,1,7,
77,171.485,-295.444,1,7,
78,-90.972,-149.528,1,8,
79,262.623,29.6068,1,7,
80,305.482,203.856,1,9,
81,79.4735,243.782,1,7,
82,268.665,121.152,1,7,
83,-206.751,-351.725,1,11,
84,-284.203,59.3585,1,7,
85,-272.751,-275.038,1,10,
86,157.453,475.472,1,9,
87,-19.0141,173.008,1,7,
88,-446.919,-454.69,1,12,
89,-343.67,-294.065,1,9,
90,-203.908,486.869,1,9,
91,241.228,-117.142,1,7,
92,291.841,-117.59,1,7,
93,-443.271,-193.083,1,10,
94,249.82,-347.784,1,10,
95,11.3127,362.172,1,7,
96,157.506,329.602,1,7,
97,393.973,-60.5038,1,9,
98,-295.868,40.8278,1,7,
99,388.345,-309.315,1,11,
100,485.37,149.972,1,10,
101,-151.402,296.664,1,8,
102,335.289,-281.674,1,12,
103,306.559,-58.2475,1,7,
104,199.267,154.243,1,8,
105,-343.292,-23.2839,1,7,
106,-217.904,-329.265,1,11,
107,-254.862,250.019,1,9,
108,133.34,81.9858,1,7,
109,-315.049,-15.2428,1,7,
110,68.5699,-217.105,1,11,
111,-447.931,403.457,1,12,
112,5.90548,299.649,1,7,
113,108.65,345.827,1,8,
114,-19.8254,256.279,1,7,
115,-99.3995,-243.486,1,10,
116,-132.996,-230.691,1,9,
117,-171.989,-19.7258,1,7,
118,133.11,-295.526,1,10,
119,463.851,-34.8679,1,10,
120,-302.697,-146.551,1,8,
121,381.272,327.234,1,11,
122,124.351,-80.3346,1,7,
123,30.14,-116.043,1,9,
124,183.922,-52.5942,1,7,
125,178.34,194.36,1,9,
126,338.687,-282.879,1,9,
127,11.3655,11.0149,1,8,
128,484.345,363.369,1,12,
129,161.706,117.093,1,7,
130,-470.905,-447.649,1,12,
131,-61.7684,126.531,1,8,
132,-253.272,75.7233,1,7,
133,193.045,0.800744,1,7,
134,375.944,-217.616,1,8,
135,-354.475,-240.306,1,9,
136,193.263,476.323,1,11,
137,-172.698,287.245,1,8,
138,334.676,-493.417,1,12,
139,-374.229,-134.571,1,7,
140,-495.984,117.111,1,10,
141,127.171,-80.4151,1,7,
142,409.011,277.635,1,9,
143,459.723,-349.816,1,12,
144,-47.5869,449.489,1,9,
145,-494.208,-328.989,1,12,
146,-165.432,343.713,1,9,
147,384.087,-399.464,1,12,
148,371.064,-411.183,1,11,
149,365.957,-247.83,1,10,
150,-154.984,300.932,1,8,
151,-323.877,114.023,1,7,
152,-288.596,-261.225,1,10,
153,476.491,0.359894,1,9,
154,84.975,-107.791,1,8,
155,-187.328,-494.929,1,12,
156,-259.873,-292.338,1,9,
157,123.356,-214.629,1,9,
158,-75.7934,-83.4259,1,7,
159,115.341,8.67686,1,8,
160,26.932,101.004,1,9,
161,348.388,-311.108,1,11,
162,-356.603,389.007,1,10,
163,-456.505,337.83,1,12,
164,487.528,-11.2661,1,10,
165,257.772,-138.156,1,7,
166,-97.9042,181.89,1,7,
167,175.54,-295.356,1,11,
168,198.215,-101.171,1,7,
169,-398.847,-130.63,1,9,
170,-317.291,262.543,1,11,
171,-410.279,438.61,1,12,
172,-379.65,-375.13,1,12,
173,-490.931,-426.789,1,12,
174,6.79563,60.2715,1,8,
175,-294.61,-322.176,1,11,
176,21.4833,-146.107,1,10,
177,26.8462,303.591,1,7,
178,139.149,149.637,1,9,
179,414.53,356.696,1,10,
180,105.329,-220.609,1,9,
181,27.562,140.117,1,7,
182,-499.162,401.107,1,12,
183,407.2,-172.467,1,9,
184,454.768,-190.26,1,10,
185,-168.73,-136.186,1,9,
186,466.5,-346.811,1,10,
187,-373.875,-293.411,1,10,
188,-318.672,-342.111,1,11,
189,166.894,116.075,1,8,
190,-324.114,295.398,1,10,
191,-373.365,252.864,1,10,
192,9.94556,-11.4942,1,9,
193,402.463,-145.207,1,10,
194,305.396,453.914,1,11,
195,366.464,-49.882,1,7,
196,382.306,-429.615,1,11,
197,238.486,472.522,1,11,
198,188.166,-272.567,1,10,
199,336.197,-7.53396,1,7,
200,-358.447,-20.951,1,7,
201,-493.942,-35.2598,1,9,
202,-409.217,-421.24,1,12,
203,-141.666,264.091,1,7,
204,258.187,28.5043,1,7,
205,421.156,113.988,1,9,
206,38.5112,-427.329,1,12,
207,-334.435,439.544,1,11,
208,-239.367,-244.895,1,9,
209,61.0362,-179.126,1,10,
210,92.9576,-126.037,1,9,
211,-383.559,380.379,1,11,
212,-167.46,-359.563,1,12,
213,-434.857,16.8284,1,7,
214,6.43227,234.172,1,7,
215,-334.259,-13.6216,1,7,
216,-411.224,327.157,1,10,
217,-28.6666,-196.453,1,10,
218,384.621,159.892,1,8,
219,168.009,291.705,1,7,
220,202.156,-423.537,1,12,
221,253.519,-52.8066,1,7,
222,465.858,-415.97,1,12,
223,143.935,-352.892,1,10,
224,416.2,148.752,1,9,
225,245.035,67.8943,1,7,
226,-298.803,97.4807,1,7,
227,-281.657,-147.817,1,7,
228,-466.157,-286.675,1,12,
229,-259.261,-1.25514,1,7,
230,325.578,-499.293,1,12,
231,378.831,-245.589,1,10,
232,168.269,351.467,1,9,
233,-446.854,338.78,1,12,
234,-271.46,-162.595,1,10,
235,-391.108,212.22,1,10,
236,267.667,-116.903,1,8,
237,354.37,175.097,1,8,
238,-50.5942,-10.3087,1,9,
239,304.686,7.38304,1,7,
240,-70.6419,-369.708,1,12,
241,36.6815,-361.069,1,10,
242,445.718,-264.965,1,12,
243,351.875,-83.5035,1,7,
244,-321.345,-499.445,1,11,
245,-398.456,-114.915,1,9,
246,-415.719,-381.938,1,12,
247,-354.671,-231.955,1,10,
248,-355.825,144.092,1,8,
249,-129.068,129.954,1,8,
250,283.198,117.54,1,7,
251,375.42,373.629,1,11,
252,-405.851,-59.7165,1,8,
253,243.864,-334.081,1,10,
254,90.0105,-443.695,1,12,
255,-174.534,-72.7492,1,7,
256,166.277,254.37,1,7,
257,-238.602,-70.6024,1,7,
258,275.319,-462.911,1,12,
259,-305.289,-434.52,1,12,
260,-357.858,113.75,1,7,
261,-353.475,7.62808,1,7,
262,-318.073,-468.303,1,12,
263,-119.4,60.4748,1,8,
264,276.165,-100.084,1,7,
265,162.595,138.702,1,7,
266,188.784,1.19405,1,7,
267,55.6534,-312.675,1,11,
268,-417.229,-297.579,1,12,
269,-191.441,-32.6218,1,7,
270,283.337,284.347,1,9,
271,105.81,-491.4,1,12,
272,337.184,-54.7886,1,7,
273,349.9,-428.311,1,12,
274,120.683,110.919,1,8,
275,212.502,-129.27,1,7,
276,434.085,-7.03285,1,9,
277,80.1013,-369.761,1,10,
278,56.3968,60.6607,1,8,
279,148.194,-492.583,1,11,
280,-361.48,-395.335,1,11,
281,-403.534,-307.741,1,11,
282,224.008,-150.952,1,8,
283,26.6071,85.612,1,7,
284,-448.839,316.941,1,12,
285,-487.215,87.6933,1,10,
286,-225.707,179.36,1,8,
287,-326.48,-331.113,1,11,
288,424.352,213.812,1,9,
289,-357.826,-232.901,1,8,
290,19.2379,268.383,1,7,
291,-410.265,295.578,1,10,
292,-382.912,159.612,1,8,
293,63.8688,-429.84,1,12,
294,-128.004,145.301,1,7,
295,-405.161,-251.3,1,10,
296,73.0964,-419.19,1,12,
297,338.826,57.634,1,7,
298,-375.217,103.521,1,8,
299,312.632,-206.91,1,7,
300,-357.921,-384.896,1,11,
301,445.29,-30.3004,1,9,
302,366.592,67.1381,1,7,
303,28.5255,-201.493,1,10,
304,-392.344,-278.858,1,10,
305,330.403,-245.684,1,9,
306,153.72,27.2296,1,7,
307,-229.237,-40.1704,1,7,
308,84.1407,444.921,1,10,
309,135.031,269.433,1,8,
310,-269.11,-390.661,1,12,
311,-310.263,-359.746,1,12,
312,477.714,-431.374,1,11,
313,239.701,-141.549,1,9,
314,165.163,374.646,1,10,
315,-75.5955,-388.469,1,12,
316,-3.25269,-1.86571,1,9,
317,-329.749,54.5493,1,7,
318,-488.31,-302.174,1,12,
319,-290,-485.358,1,12,
320,467.512,-117.26,1,10,
321,35.5421,416.027,1,7,
322,168.062,135.251,1,7,
323,290.584,-470.609,1,12,
324,225.748,-494.348,1,12,
325,-98.2812,17.3195,1,8,
326,-46.6191,140.591,1,7,
327,476.653,242.339,1,9,
328,-349.578,369.074,1,11,
329,224.705,-30.4488,1,7,
330,-381.88,123.021,1,7,
331,-217.032,251.588,1,10,
332,482.707,432.523,1,12,
333,210.47,325.936,1,9,
334,-358.449,-19.0184,1,7,
335,-96.1134,116.117,1,7,
336,-365.62,-490.869,1,12,
337,-214.701,386.488,1,10,
338,441.803,130.103,1,9,
339,359.154,-49.4692,1,7,
340,163.933,272.531,1,8,
341,-76.8851,-69.5622,1,8,
342,73.5659,-274.437,1,10,
343,-43.9437,24.7212,1,8,
344,282.766,-355.243,1,12,
345,-267.744,-378.598,1,10,
346,309.55,-64.8141,1,7,
347,305.286,-492.817,1,12,
348,372.924,-226.723,1,8,
349,372.582,312.547,1,9,
350,301.248,-251.538,1,9,
351,-271.828,496.02,1,12,
352,-275.468,209.139,1,10,
353,-17.6963,28.26,1,7,
354,-377.278,-323.044,1,12,
355,43.6707,321.384,1,7,
356,-339.021,-442.759,1,12,
357,3.07282,144.955,1,7,
358,136.605,223.532,1,7,
359,89.1996,35.382,1,8,
360,-275.496,-51.8747,1,7,
361,-356.466,229.118,1,11,
362,-147.991,-211.512,1,8,
363,471.659,-3.66729,1,9,
364,235.248,-58.4327,1,7,
365,263.172,-419.144,1,12,
366,-231.091,155.661,1,7,
367,237.17,381.485,1,10,
368,-78.5284,13.9129,1,7,
369,471.462,-416.527,1,12,
370,295.767,-211.636,1,8,
371,252.853,394.057,1,10,
372,176.452,478.104,1,11,
373,358.474,409.394,1,10,
374,-11.1981,212.172,1,7,
375,-422.387,296.641,1,10,
376,-103.455,434.503,1,9,
377,60.4357,191.875,1,7,
378,-113,430.043,1,9,
379,-459.621,383.479,1,11,
380,51.6548,73.6749,1,7,
381,48.107,-206.688,1,9,
382,327.523,108.944,1,7,
383,287.454,-468.404,1,12,
384,281.242,-167.991,1,9,
385,-317.461,-219.086,1,10,
386,-297.422,26.2064,1,7,
387,442.072,-82.3305,1,10,
388,211.591,454.025,1,9,
389,-272,300.986,1,10,
390,35.1963,228.594,1,7,
391,128.121,213.457,1,8,
392,92.3066,-12.2129,1,8,
393,-345.356,251.211,1,9,
394,-268.827,332.158,1,10,
395,278.585,220.059,1,8,
396,153.821,-78.774,1,7,
397,394.699,-191.855,1,9,
398,448.347,-420.28,1,12,
399,-212.187,68.3562,1,7,
400,-213.032,-382.77,1,11,
401,332.364,137.548,1,8,
402,-339.932,-147.606,1,8,
403,-180.43,-74.3768,1,7,
senderId,receiverID, sendTime, receivedTime,SF,SNR,Ftype, Freq,received, code
216,2,3922457289,4375066506,10,-10.9958,2,8.685e+08,1,0,
216,3,3922457289,4375066685,10,-16.9448,2,8.685e+08,1,0,
38,1,602793959155,602865896903,7,-7.06554,4,8.681e+08,1,0,
38,2,602793959155,602865895346,7,-9.01318,4,8.681e+08,1,0,
38,3,602793959155,602865896273,7,0.0506447,4,8.681e+08,1,0,
269,1,312537400755,312609338232,7,16.2533,2,8.681e+08,0,1,
269,2,312537400755,312609336979,7,16.2533,2,8.681e+08,1,0,
74,1,22431599141,22503536819,7,-5.20303,2,8.685e+08,1,0,
74,2,22431599141,22503535484,7,-0.966048,2,8.685e+08,1,0,
74,3,22431599141,22503536568,7,-5.5218,2,8.685e+08,1,0,
168,1,20321759262,20393695641,7,0.400452,4,8.685e+08,1,0,
142,1,954148284431,954395069498,9,-12.2495,4,8.685e+08,1,0,
142,2,954148284431,954395070816,9,-12.708,4,8.685e+08,1,0,
143,1,24810707085,26621140445,12,0,4,8.685e+08,0,1,
143,2,24810707085,26621141724,12,-11.2207,4,8.685e+08,1,0,
143,3,24810707085,26621141606,12,0,4,8.685e+08,0,1,
56,3,24144989145,24597598170,10,1.84038,4,8.685e+08,1,0,
32,1,23182291477,24169428615,11,-10.1186,4,8.685e+08,1,0,
32,2,23182291477,24169429280,11,-11.654,4,8.685e+08,1,0,
179,2,302458176381,302910786897,10,-6.19469,4,8.681e+08,1,0,
179,3,302458176381,302910785809,10,-3.39772,4,8.681e+08,1,0,
391,1,2912078057558,2912211690378,8,-8.51532,2,8.685e+08,1,0,
391,3,2912078057558,2912211690002,8,-8.80666,2,8.685e+08,1,0,
399,2,304758261538,304830197799,7,22.814,2,8.681e+08,1,0,
399,3,304758261538,304830198470,7,-3.9724,2,8.681e+08,1,0,
291,1,976095041274,976547651687,10,-15.1749,2,8.685e+08,1,0,
291,3,976095041274,976547650651,10,-7.82075,2,8.685e+08,1,0,
100,1,642753231985,643205840916,10,-0.69728,4,8.681e+08,1,0,
284,1,307634887292,309445321852,12,-13.7516,4,8.685e+08,1,0,
310,2,3460373879792,3462184313097,12,-8.36702,2,8.683e+08,1,0,
9,1,2836944591516,2837397201294,10,-2.98926,2,8.683e+08,1,0,
9,2,2836944591516,2837397201473,10,-2.98926,2,8.683e+08,0,1,
219,2,316769645654,316841583354,7,-9.08668,4,8.685e+08,1,0,
219,3,316769645654,316841582231,7,-4.66702,4,8.685e+08,1,0,
229,2,2088640422346,2088712358377,7,40.3913,2,8.685e+08,1,0,
397,1,2110690710669,2110937495471,9,-6.36635,2,8.683e+08,1,0,
195,3,304918877702,304990815282,7,-5.32728,4,8.685e+08,1,0,
329,1,26562431055,26634367187,7,0,4,8.685e+08,0,1,
226,1,23192274911,23264212770,7,-8.25894,2,8.685e+08,1,0,
226,2,23192274911,23264211275,7,-3.23889,2,8.685e+08,1,0,
226,3,23192274911,23264212030,7,2.35138,2,8.685e+08,1,0,
370,1,29650644019,29784276741,8,-1.9191,4,8.685e+08,1,0,
106,3,1527871768723,1528858906787,11,-11.1991,2,8.683e+08,1,0,
151,2,646914191906,646986128359,7,4.24049,4,8.685e+08,1,0,
12,2,2796578920583,2796825705240,9,-10.5433,4,8.683e+08,1,0,
338,1,1269123692964,1269370477737,9,-6.51753,4,8.681e+08,1,0,
338,2,1269123692964,1269370479312,9,-6.07983,4,8.681e+08,1,0,
338,3,1269123692964,1269370478491,9,-10.1285,4,8.681e+08,1,0,
326,3,1292270470377,1292342406774,7,4.44093,4,8.685e+08,1,0,
73,2,314374005243,314826614501,10,-16.3105,2,8.685e+08,1,0,
73,3,314374005243,314826614596,10,-16.3105,2,8.685e+08,0,1,
133,1,28474760764,28546696954,7,17.6404,2,8.685e+08,1,0,
14,1,37547337387,37680970801,8,-0.663085,2,8.685e+08,1,0,
14,2,37547337387,37680969896,8,-6.40669,2,8.685e+08,1,0,
14,3,37547337387,37680970064,8,-11.5571,2,8.685e+08,1,0,
175,1,27162794874,28149932985,11,0,4,8.685e+08,0,1,
122,1,295612367682,295684304179,7,0.307649,2,8.685e+08,1,0,
35,1,3416307298326,3416440931300,8,-0.327285,4,8.683e+08,1,0,
35,2,3416307298326,3416440931022,8,-0.86917,4,8.683e+08,1,0,
35,3,3416307298326,3416440931211,8,-1.52397,4,8.683e+08,1,0,
184,1,2299961205097,2300413814029,10,0,4,8.683e+08,0,1,
184,2,2299961205097,2300413815532,10,-16.3073,4,8.683e+08,1,0,
110,1,2349810652748,2350797789692,11,-8.74429,2,8.683e+08,1,0,
110,2,2349810652748,2350797790034,11,-13.8548,2,8.683e+08,1,0,
110,3,2349810652748,2350797790323,11,-6.30316,2,8.683e+08,1,0,
261,2,3484196669752,3484268606098,7,0,2,8.683e+08,0,1,
261,3,3484196669752,3484268607182,7,0,2,8.683e+08,0,1,
379,2,2131584039190,2132571176648,11,-13.573,2,8.683e+08,1,0,
157,1,321868378403,322115163234,9,-13.3806,2,8.681e+08,1,0,
163,2,1190768468407,1192578901728,12,-20.9312,4,8.683e+08,1,0,
169,2,971752599967,971999384628,9,-9.10693,4,8.681e+08,1,0,
21,1,975959277949,976206062610,9,-3.00812,2,8.681e+08,1,0,
21,2,975959277949,976206063148,9,-12.5277,2,8.681e+08,1,0,
21,3,975959277949,976206063209,9,-13.4578,2,8.681e+08,1,0,
357,3,721871294477,721943230828,7,12.1712,4,8.681e+08,1,0,
35,1,1305839982918,1305973615892,8,0.861451,4,8.683e+08,1,0,
35,3,1305839982918,1305973615803,8,-10.2958,4,8.683e+08,1,0,
389,3,1296242984724,1296695593647,10,-11.0397,4,8.683e+08,1,0,
306,1,1282148179887,1282220116221,7,7.28848,4,8.683e+08,1,0,
306,3,1282148179887,1282220116790,7,7.28848,4,8.683e+08,0,1,
38,2,307591943447,307663879638,7,10.1413,4,8.685e+08,1,0,
118,2,2097283858483,2097736468097,10,-16.0832,4,8.683e+08,1,0,
118,3,2097283858483,2097736468356,10,-11.8082,4,8.683e+08,1,0,
123,1,2570575630222,2570822415051,9,17.1839,4,8.683e+08,1,0,
123,2,2570575630222,2570822415233,9,-11.2333,4,8.683e+08,1,0,
123,3,2570575630222,2570822415447,9,-1.71251,4,8.683e+08,1,0,
43,2,2024237660858,2026048095537,12,-10.22,4,8.685e+08,1,0,
137,2,298694139069,298827772061,8,1.05086,4,8.685e+08,1,0,
137,3,298694139069,298827771658,8,-4.91461,4,8.685e+08,1,0,
376,3,614224801969,614471586675,9,3.06813,2,8.681e+08,1,0,
353,2,313718163543,313790100324,7,1.27828,4,8.681e+08,1,0,
353,3,313718163543,313790100285,7,0,4,8.681e+08,0,1,
247,2,624707124468,625159733317,10,-5.44012,2,8.685e+08,1,0,
135,2,309037645878,309284430752,9,-13.7437,2,8.685e+08,1,0,
135,3,309037645878,309284431896,9,-13.9992,2,8.685e+08,1,0,
279,1,308793906660,309781044338,11,0,4,8.685e+08,0,1,
279,2,308793906660,309781044773,11,-9.28085,4,8.685e+08,1,0,
102,1,1719149598053,1720960031035,12,-2.33389,4,8.683e+08,1,0,
102,2,1719149598053,1720960032220,12,-2.33389,4,8.683e+08,0,1,
102,3,1719149598053,1720960032150,12,-2.33389,4,8.683e+08,0,1,
55,1,1269679865640,1271490298839,12,14.2091,4,8.685e+08,1,0,
128,1,655965602876,657776036318,12,0,2,8.681e+08,0,1,
128,3,655965602876,657776036535,12,-6.23454,2,8.681e+08,1,0,
364,1,303923896629,303995832830,7,2.86911,4,8.685e+08,1,0,
301,2,1265471626932,1265718413253,9,-10.4055,4,8.683e+08,1,0,
397,1,3228632871585,3228879656387,9,-3.38415,2,8.685e+08,1,0,
328,2,379335995667,380323132942,11,-18.9758,2,8.681e+08,0,1,
328,3,379335995667,380323132899,11,-18.9758,2,8.681e+08,1,0,
232,3,305102635610,305349420265,9,-6.76359,4,8.681e+08,1,0,
95,3,305057623050,305129559426,7,-4.88501,4,8.681e+08,1,0,
225,1,3252418071499,3252490007726,7,13.4181,2,8.683e+08,1,0,
180,1,628184976215,628431761095,9,3.06672,2,8.681e+08,1,0,
61,2,3430953590951,3431087223552,8,-2.58209,4,8.681e+08,1,0,
65,2,641798220474,641870156825,7,3.18613,2,8.681e+08,1,0,
110,1,2905243464759,2906230601703,11,-1.81155,2,8.683e+08,1,0,
25,3,11841933677,12294543177,10,0,4,8.685e+08,0,1,
109,1,10671915407,10743853292,7,-4.29048,2,8.685e+08,1,0,
109,2,10671915407,10743851630,7,0,2,8.685e+08,0,1,
337,1,10541028295,10993638311,10,-14.8063,2,8.685e+08,1,0,
167,1,40985646202,41972783218,11,-12.9823,4,8.685e+08,1,0,
167,3,40985646202,41972784113,11,-2.53111,4,8.685e+08,1,0,
103,1,30010095165,30082031436,7,12.5645,2,8.685e+08,1,0,
103,3,30010095165,30082032615,7,-7.12688,2,8.685e+08,1,0,
4,1,7622159539,7694097187,7,-8.71567,4,8.685e+08,1,0,
147,1,23138689737,24949123143,12,-10.8679,4,8.685e+08,1,0,
147,2,23138689737,24949124237,12,-4.48122,4,8.685e+08,1,0,
271,1,6099556663,7909990371,12,-3.07211,4,8.685e+08,1,0,
271,2,6099556663,7909990687,12,-7.58441,4,8.685e+08,1,0,
378,1,6759353542,7006139419,9,-1.71722,2,8.685e+08,1,0,
378,3,6759353542,7006138251,9,24.0564,2,8.685e+08,1,0,
336,3,1114614122923,1116424557679,12,-9.84044,2,8.685e+08,1,0,
326,3,11358272862,11430209259,7,-7.38368,4,8.685e+08,1,0,
97,1,12277300729,12524085250,9,-6.44313,2,8.685e+08,1,0,
151,1,14037727874,14109665826,7,-2.022,4,8.681e+08,1,0,
151,2,14037727874,14109664327,7,4.15461,4,8.681e+08,1,0,
295,2,1445245596547,1445698205532,10,0,2,8.685e+08,0,1,
187,2,1442640047042,1443092656104,10,4.83586,4,8.681e+08,1,0,
187,3,1442640047042,1443092657242,10,4.83586,4,8.681e+08,0,1,
336,2,752527722903,754338156585,12,-7.88895,2,8.681e+08,1,0,
62,3,428959938210,429093570817,8,0.7809,4,8.685e+08,1,0,
123,1,430242438301,430489223130,9,6.91641,4,8.681e+08,1,0,
396,1,2305589229610,2305661166025,7,16.5953,4,8.683e+08,1,0,
396,3,2305589229610,2305661166821,7,-6.57533,4,8.683e+08,1,0,
252,2,1319999362468,1320132995025,8,-6.86435,2,8.685e+08,1,0,
252,3,1319999362468,1320132996171,8,-6.87074,2,8.685e+08,1,0,
123,2,1320938790623,1321185575634,9,-2.95647,4,8.685e+08,1,0,
129,1,611899065282,611971001771,7,22.3201,2,8.681e+08,1,0,
129,3,611899065282,611971001980,7,-2.15127,2,8.681e+08,1,0,
267,3,2259397940611,2260385078497,11,-12.3208,2,8.685e+08,1,0,
40,1,38887778197,38959715174,7,-1.94478,2,8.685e+08,1,0,
40,2,38887778197,38959715360,7,-9.34943,2,8.685e+08,1,0,
40,3,38887778197,38959714403,7,0.886582,2,8.685e+08,1,0,
28,1,37729429213,38716567421,11,-13.5967,2,8.685e+08,1,0,
28,2,37729429213,38716566548,11,-9.87051,2,8.685e+08,1,0,
303,1,1122354826,1574963825,10,-10.2626,4,8.685e+08,1,0,
303,3,1122354826,1574964335,10,-15.7391,4,8.685e+08,1,0,
232,3,12143690168,12390474823,9,0,4,8.685e+08,0,1,
8,2,7971008080,9781441874,12,-10.1205,4,8.685e+08,1,0,
8,3,7971008080,9781442106,12,-18.8525,4,8.685e+08,1,0,
55,3,593208573749,595019008100,12,-12.5637,4,8.681e+08,1,0,
265,2,1162894295570,1162966233022,7,-2.52042,2,8.683e+08,1,0,
265,3,1162894295570,1162966232227,7,-2.14516,2,8.683e+08,1,0,
249,2,2388899321360,2389032953952,8,-3.42334,2,8.685e+08,1,0,
14,2,2398893094720,2399026727229,8,-7.03072,2,8.683e+08,1,0,
14,3,2398893094720,2399026727397,8,-10.4617,2,8.683e+08,1,0,
106,1,1429158168713,1430145306621,11,-12.3818,2,8.685e+08,1,0,
106,2,1429158168713,1430145305817,11,-13.7576,2,8.685e+08,1,0,
364,1,1431001717110,1431073653311,7,-4.69205,4,8.681e+08,1,0,
191,2,2357959855654,2358412464592,10,11.5207,4,8.685e+08,1,0,
191,3,2357959855654,2358412464899,10,-11.2628,4,8.685e+08,1,0,
402,2,2351459232236,2351592864813,8,13.839,4,8.685e+08,1,0,
310,2,1004516226456,1006326659761,12,-7.39111,2,8.681e+08,1,0,
310,3,1004516226456,1006326660774,12,-7.39111,2,8.681e+08,0,1,
302,1,1371164053801,1371235990250,7,0,4,8.685e+08,0,1,
302,3,1371164053801,1371235991168,7,0.133378,4,8.685e+08,1,0,
79,1,2428614257316,2428686193423,7,25.3535,4,8.683e+08,1,0,
312,1,1403167319022,1404154456649,11,-12.8387,2,8.683e+08,1,0,
262,3,1414714395816,1416524830436,12,0,4,8.685e+08,0,1,
313,1,2924193720855,2924440505328,9,-5.54881,2,8.683e+08,1,0,
313,2,2924193720855,2924440506555,9,0.283173,2,8.683e+08,1,0,
313,3,2924193720855,2924440506386,9,-8.37732,2,8.683e+08,1,0,
78,3,2924294547557,2924428180924,8,-0.244979,2,8.683e+08,1,0,
287,1,706357386009,707344524227,11,-17.9412,2,8.685e+08,1,0,
287,2,706357386009,707344523143,11,-13.7407,2,8.685e+08,1,0,
265,1,670281206375,670353142922,7,3.95639,2,8.681e+08,1,0,
265,3,670281206375,670353143032,7,3.95639,2,8.681e+08,0,1,
151,2,1733175452874,1733247389327,7,13.5093,4,8.681e+08,1,0,
398,1,1638093098447,1639903531997,12,-13.1996,2,8.685e+08,1,0,
398,3,1638093098447,1639903533137,12,-21.3977,2,8.685e+08,1,0,
232,3,1468701430887,1468948215542,9,-11.5822,4,8.685e+08,1,0,
255,2,1478379843358,1478451779708,7,1.46935,4,8.685e+08,1,0,
255,3,1478379843358,1478451780582,7,9.47386,4,8.685e+08,1,0,
125,1,34921340054,35168124745,9,-11.151,4,8.685e+08,1,0,
125,2,34921340054,35168125623,9,-13.2554,4,8.685e+08,1,0,
326,1,39472790672,39544727767,7,-8.60832,4,8.681e+08,1,0,
326,3,39472790672,39544727069,7,-2.5612,4,8.681e+08,1,0,
321,2,35714660741,35786598424,7,5.99429,2,8.685e+08,1,0,
321,3,35714660741,35786597307,7,0.281541,2,8.685e+08,1,0,
58,2,38467857568,38714642321,9,-13.7267,2,8.685e+08,1,0,
386,2,39279968722,39351904903,7,6.55124,4,8.685e+08,1,0,
232,1,779614927071,779861712275,9,1.24431,4,8.681e+08,1,0,
232,3,779614927071,779861711726,9,1.79248,4,8.681e+08,1,0,
325,2,775890989026,776024621535,8,7.06499,4,8.681e+08,1,0,
325,3,775890989026,776024621869,8,16.8761,4,8.681e+08,1,0,
391,1,777589112751,777722745571,8,-8.68196,2,8.685e+08,1,0,
391,3,777589112751,777722745195,8,1.22699,2,8.685e+08,1,0,
117,1,958199684761,958271622170,7,-5.81963,2,8.685e+08,1,0,
117,2,958199684761,958271621029,7,-7.11632,2,8.685e+08,1,0,
131,2,329961310344,330094943101,8,-5.38664,2,8.681e+08,1,0,
131,3,329961310344,330094942805,8,0,2,8.681e+08,0,1,
30,1,1145993262120,1147803695505,12,0,4,8.685e+08,0,1,
30,3,1145993262120,1147803696420,12,-1.68443,4,8.685e+08,1,0,
312,1,49943434919,50930572546,11,-8.49048,2,8.685e+08,1,0,
312,2,49943434919,50930573741,11,-14.3861,2,8.685e+08,1,0,
58,1,3539713179969,3539959965662,9,-10.9494,2,8.685e+08,1,0,
58,2,3539713179969,3539959964722,9,-7.77569,2,8.685e+08,1,0,
58,3,3539713179969,3539959965687,9,6.95147,2,8.685e+08,1,0,
66,3,714834860695,714968493467,8,-4.08612,4,8.685e+08,1,0,
286,2,601417953536,601551586140,8,5.57963,4,8.681e+08,1,0,
14,1,333921816605,334055450019,8,-6.97394,2,8.681e+08,1,0,
14,2,333921816605,334055449114,8,-2.64369,2,8.681e+08,1,0,
14,3,333921816605,334055449282,8,-11.6017,2,8.681e+08,1,0,
11,1,2838606392199,2839059002131,10,-15.4219,4,8.683e+08,1,0,
11,2,2838606392199,2839059001421,10,-14.9159,4,8.683e+08,1,0,
11,3,2838606392199,2839059002351,10,-9.54497,4,8.683e+08,1,0,
271,1,2202919316150,2204729749858,12,-5.94644,4,8.685e+08,1,0,
240,1,37588568893,39399002525,12,-16.7238,2,8.685e+08,1,0,
356,3,39039171720,40849606293,12,0,4,8.685e+08,0,1,
252,2,416902186858,417035819415,8,-4.0732,2,8.681e+08,1,0,
129,3,814834334762,814906271460,7,13.0894,2,8.685e+08,1,0,
315,1,937387142171,939197575862,12,-13.1788,2,8.681e+08,1,0,
315,2,937387142171,939197575591,12,-21.5816,2,8.681e+08,1,0,
49,1,818870969655,819004603272,8,-11.058,4,8.681e+08,0,1,
49,2,818870969655,819004602210,8,-11.058,4,8.681e+08,1,0,
164,1,731961542969,732414151762,10,-5.49139,4,8.685e+08,1,0,
390,2,740634430508,740706367727,7,0.882035,4,8.685e+08,1,0,
390,3,740634430508,740706366645,7,19.3459,4,8.685e+08,1,0,
17,2,56575095022,58385528838,12,-10.4017,2,8.685e+08,1,0,
17,3,56575095022,58385529486,12,-16.7104,2,8.685e+08,1,0,
268,2,2012729053518,2014539486657,12,-19.4681,2,8.681e+08,1,0,
164,1,672932807073,673385415866,10,-2.76451,4,8.685e+08,1,0,
378,3,1287841422072,1288088206781,9,12.5583,2,8.685e+08,1,0,
194,1,1289660982771,1290648120296,11,-7.08305,2,8.681e+08,1,0,
194,3,1289660982771,1290648119996,11,-14.5223,2,8.681e+08,1,0,
187,2,1779693514258,1780146123320,10,-15.8611,4,8.685e+08,1,0,
187,3,1779693514258,1780146124458,10,-14.5136,4,8.685e+08,1,0,
172,1,1414236030973,1416046465418,12,-19.7274,2,8.681e+08,0,1,
172,2,1414236030973,1416046464297,12,-13.7248,2,8.681e+08,1,0,
172,3,1414236030973,1416046465413,12,-19.7274,2,8.681e+08,1,0,
32,2,121895891487,122883029290,11,-14.408,4,8.681e+08,1,0,
97,1,590653503175,590900287696,9,-7.7393,2,8.685e+08,1,0,
97,2,590653503175,590900289333,9,-9.72026,2,8.685e+08,1,0,
367,1,980829228683,981281837956,10,-9.11246,4,8.681e+08,1,0,
367,3,980829228683,981281837588,10,-9.06134,4,8.681e+08,1,0,
67,1,324051977592,324504587548,10,-12.7231,4,8.685e+08,1,0,
67,3,324051977592,324504586390,10,0,4,8.685e+08,0,1,
359,1,318822166557,318955799106,8,-11.8796,2,8.681e+08,1,0,
66,3,44090175799,44223808571,8,0,4,8.685e+08,0,1,
375,2,981720664160,982173273304,10,-5.56,4,8.685e+08,1,0,
375,3,981720664160,982173273577,10,-16.5545,4,8.685e+08,1,0,
393,2,486405698941,486652483837,9,0.0650338,2,8.681e+08,1,0,
205,1,486999891002,487246675688,9,-9.87895,2,8.681e+08,1,0,
205,3,486999891002,487246676478,9,-10.3546,2,8.681e+08,1,0,
121,3,493664692316,494651829614,11,-16.9355,4,8.681e+08,1,0,
304,1,494590401128,495043011464,10,-13.4021,2,8.681e+08,1,0,
289,2,40310953172,40444586028,8,-7.2496,2,8.685e+08,1,0,
157,2,297189978393,297436763829,9,-12.3215,2,8.685e+08,1,0,
157,3,297189978393,297436763997,9,-12.3215,2,8.685e+08,0,1,
297,1,41610204134,41682140487,7,11.5556,4,8.685e+08,1,0,
394,3,40898591165,41351200103,10,-0.180968,4,8.685e+08,1,0,
302,1,41168003567,41239940016,7,3.39536,4,8.685e+08,1,0,
51,3,1279445834016,1279898444474,10,-10.7449,4,8.685e+08,1,0,
33,2,3264231668456,3264684277475,10,-10.2665,2,8.683e+08,1,0,
33,3,3264231668456,3264684278576,10,-6.78514,2,8.683e+08,1,0,
207,2,2261273786689,2262260924182,11,-4.83813,4,8.685e+08,1,0,
207,3,2261273786689,2262260923971,11,0,4,8.685e+08,0,1,
315,1,756343942161,758154375852,12,-7.31505,2,8.681e+08,1,0,
315,3,756343942161,758154376306,12,-20.651,2,8.681e+08,1,0,
369,2,869424119212,871234553991,12,-20.5809,4,8.685e+08,1,0,
109,2,854936040992,855007977215,7,4.96864,2,8.681e+08,1,0,
334,2,607476730266,607548666633,7,-3.72511,4,8.681e+08,1,0,
403,2,60481164767,60553101107,7,-6.07362,4,8.685e+08,1,0,
403,3,60481164767,60553102005,7,-6.66173,4,8.685e+08,1,0,
319,3,1032756616200,1034567050837,12,-11.585,2,8.681e+08,1,0,
182,2,706809211088,708619644663,12,-19.7773,4,8.681e+08,1,0,
182,3,706809211088,708619644828,12,-19.7773,4,8.681e+08,0,1,
163,1,773369315543,775179750155,12,0,4,8.685e+08,0,1,
347,1,1196712269695,1198522703349,12,0.559937,2,8.683e+08,1,0,
347,3,1196712269695,1198522704374,12,-20.2944,2,8.683e+08,1,0,
287,2,55800659937,56787797071,11,-10.3658,2,8.685e+08,1,0,
31,2,702879494931,703013127356,8,-8.16391,2,8.685e+08,1,0,
60,3,2025298343522,2025545128499,9,-6.53284,2,8.683e+08,1,0,
323,1,2132668887646,2134479321222,12,-4.28902,2,8.685e+08,1,0,
323,2,2132668887646,2134479322037,12,-11.2983,2,8.685e+08,1,0,
230,2,2119216538742,2121026973284,12,0,2,8.681e+08,0,1,
316,1,2274647476148,2274894260993,9,-11.357,4,8.681e+08,1,0,
316,2,2274647476148,2274894260971,9,1.18858,4,8.681e+08,1,0,
316,3,2274647476148,2274894260988,9,-10.7448,4,8.681e+08,1,0,
61,2,47607768537,47741401138,8,-1.78345,4,8.685e+08,1,0,
61,3,47607768537,47741402275,8,-8.11146,4,8.685e+08,1,0,
41,3,48134631527,48206569050,7,-7.8311,2,8.685e+08,1,0,
173,2,48554506893,50364940528,12,2.94618,4,8.685e+08,1,0,
108,1,1718660122310,1718732058786,7,-8.12019,4,8.685e+08,1,0,
108,2,1718660122310,1718732059618,7,0.590608,4,8.685e+08,1,0,
108,3,1718660122310,1718732059025,7,0.708909,4,8.685e+08,1,0,
326,2,2611597692695,2611669629520,7,6.30002,4,8.683e+08,1,0,
326,3,2611597692695,2611669629092,7,0.546708,4,8.683e+08,1,0,
331,2,717922545890,718375154736,10,-15.0851,4,8.685e+08,1,0,
154,1,791467235553,791600868210,8,-0.885238,4,8.685e+08,1,0,
286,1,797278775347,797412409043,8,-6.52985,4,8.681e+08,1,0,
286,2,797278775347,797412407951,8,0,4,8.681e+08,0,1,
286,3,797278775347,797412408136,8,-9.90988,4,8.681e+08,1,0,
139,2,1261796470188,1261868406799,7,-8.82733,4,8.683e+08,1,0,
48,2,2305904637603,2306151422476,9,-0.751693,4,8.685e+08,1,0,
333,1,2891991558247,2892238343342,9,0.187867,2,8.685e+08,1,0,
333,2,2891991558247,2892238344129,9,-7.70436,2,8.685e+08,1,0,
362,2,3418904847947,3419038480730,8,-6.35045,4,8.683e+08,1,0,
346,1,783543048465,783614984759,7,4.524,2,8.681e+08,1,0,
346,3,783543048465,783614985938,7,7.35565,2,8.681e+08,1,0,
143,1,1369640346712,1371450780072,12,0,4,8.685e+08,0,1,
378,3,1809410287151,1809657071860,9,-7.24324,2,8.685e+08,1,0,
43,1,1810839379589,1812649812935,12,-7.69694,4,8.685e+08,1,0,
43,2,1810839379589,1812649814268,12,-3.24126,4,8.685e+08,1,0,
88,2,1803050973491,1804861407144,12,0,4,8.685e+08,0,1,
88,3,1803050973491,1804861408274,12,-19.1506,4,8.685e+08,1,0,
100,2,1811237600084,1811690210587,10,-4.72905,4,8.683e+08,1,0,
236,1,2021631885166,2021765517560,8,11.3182,2,8.685e+08,1,0,
154,1,360282732183,360416364840,8,8.64671,4,8.681e+08,1,0,
154,2,360282732183,360416365357,8,-5.98067,4,8.681e+08,1,0,
76,1,696657281416,696729217910,7,-1.49367,4,8.685e+08,1,0,
31,2,2827965944817,2828099577242,8,0.907868,2,8.685e+08,1,0,
187,2,1134362344169,1134814953231,10,-13.7308,4,8.681e+08,1,0,
361,2,1130105228248,1131092365091,11,4.60942,4,8.681e+08,1,0,
361,3,1130105228248,1131092365439,11,-4.59048,4,8.681e+08,1,0,
285,3,1136108898625,1136561508338,10,-14.9219,2,8.683e+08,1,0,
133,1,607480145254,607552081444,7,5.30605,2,8.681e+08,1,0,
225,1,1290309388141,1290381324368,7,7.23547,2,8.681e+08,1,0,
91,1,342579983337,342651919729,7,-3.19697,2,8.685e+08,1,0,
351,2,342472760769,344283194425,12,-7.33397,4,8.685e+08,1,0,
162,1,343227004602,343679615006,10,-13.908,4,8.685e+08,1,0,
162,2,343227004602,343679613947,10,-2.66836,4,8.685e+08,1,0,
180,1,652863376225,653110161105,9,0,2,8.681e+08,0,1,
273,1,1855845268450,1857655701917,12,-5.06248,2,8.683e+08,1,0,
273,2,1855845268450,1857655702909,12,-5.06248,2,8.683e+08,0,1,
273,3,1855845268450,1857655702996,12,-12.7546,2,8.683e+08,1,0,
20,2,3474078231914,3474325016828,9,-14.2645,4,8.685e+08,1,0,
31,3,641790075152,641923708389,8,-2.25578,2,8.681e+08,1,0,
6,3,1346521028340,1346592964829,7,-5.74594,2,8.685e+08,1,0,
233,1,373706686134,375517120719,12,-15.4234,4,8.681e+08,1,0,
233,2,373706686134,375517119441,12,-10.0118,4,8.681e+08,1,0,
233,3,373706686134,375517119654,12,2.99817,4,8.681e+08,1,0,
222,1,637483526603,639293960166,12,0,4,8.681e+08,0,1,
222,2,637483526603,639293961365,12,0,4,8.681e+08,0,1,
54,2,1004459613637,1004912222507,10,-16.6045,2,8.683e+08,1,0,
299,3,328580176731,328652114578,7,-8.97552,4,8.681e+08,1,0,
113,3,2729269911810,2729403544293,8,5.65075,2,8.683e+08,1,0,
253,2,703242667004,703695276993,10,-10.6405,2,8.685e+08,1,0,
124,1,1381042728420,1381114664702,7,3.96511,2,8.685e+08,1,0,
148,1,1384903995031,1385891132461,11,0,4,8.685e+08,0,1,
31,2,51325908712,51459541137,8,1.30042,2,8.685e+08,1,0,
31,3,51325908712,51459541949,8,-4.9062,2,8.685e+08,1,0,
178,1,54066667884,54313452505,9,2.0127,2,8.685e+08,1,0,
178,3,54066667884,54313452456,9,-5.77121,2,8.685e+08,1,0,
395,1,401643865264,401777498004,8,-0.823669,4,8.681e+08,1,0,
285,2,344253619312,344706228156,10,-6.64934,2,8.681e+08,1,0,
321,2,341278128305,341350065988,7,0,2,8.681e+08,0,1,
189,1,2136985737188,2137119369664,8,-2.48378,4,8.683e+08,1,0,
189,3,2136985737188,2137119369902,8,-2.1011,4,8.683e+08,1,0,
266,3,3347894660040,3347966597082,7,-0.718169,4,8.681e+08,1,0,
353,2,3343553430686,3343625367467,7,-9.11148,4,8.683e+08,1,0,
353,3,3343553430686,3343625367428,7,-4.40973,4,8.683e+08,1,0,
259,1,1385108177389,1386918611741,12,-13.3447,2,8.685e+08,0,1,
259,2,1385108177389,1386918610850,12,-13.3447,2,8.685e+08,1,0,
32,1,3077490119358,3078477256496,11,-9.45334,4,8.683e+08,1,0,
138,1,3009805561334,3011615995004,12,-20.1927,2,8.685e+08,1,0,
138,2,3009805561334,3011615995886,12,-16.5744,2,8.685e+08,1,0,
257,1,679403239546,679475177193,7,-6.53541,2,8.685e+08,1,0,
257,2,679403239546,679475175785,7,0.915742,2,8.685e+08,1,0,
84,1,298250585160,298322522953,7,-7.76939,2,8.685e+08,1,0,
84,2,298250585160,298322521389,7,13.4764,2,8.685e+08,1,0,
84,3,298250585160,298322522302,7,13.4764,2,8.685e+08,0,1,
259,2,69356572951,71167006412,12,-20.3405,2,8.685e+08,1,0,
28,2,136443029223,137430166558,11,0,2,8.681e+08,0,1,
251,3,64004871350,64992008668,11,-18.214,2,8.685e+08,1,0,
81,1,70617087448,70689024440,7,-5.84038,4,8.685e+08,1,0,
81,3,70617087448,70689023714,7,5.37824,4,8.685e+08,1,0,
114,2,73683888588,73755825737,7,-3.51724,4,8.685e+08,1,0,
114,3,73683888588,73755824657,7,-4.28911,4,8.685e+08,1,0,
198,3,69198416991,69651026844,10,-6.00557,2,8.685e+08,1,0,
185,1,2916815707823,2917062493292,9,-8.38284,2,8.683e+08,1,0,
185,2,2916815707823,2917062492352,9,-10.7043,2,8.683e+08,1,0,
214,3,2910565255614,2910637191671,7,17.4277,4,8.681e+08,1,0,
25,1,2911730563201,2912183172231,10,-4.5097,4,8.683e+08,1,0,
25,3,2911730563201,2912183172701,10,-7.72801,4,8.683e+08,1,0,
116,2,2804054443426,2804301228289,9,-12.4616,4,8.685e+08,1,0,
86,3,1449773280204,1450020065121,9,-8.51245,2,8.685e+08,1,0,
239,1,1395185047827,1395256984011,7,6.46101,2,8.683e+08,1,0,
239,3,1395185047827,1395256985126,7,-7.93741,2,8.683e+08,1,0,
104,1,849899793308,850033425850,8,16.5501,4,8.685e+08,1,0,
286,2,2315583270021,2315716902625,8,0,4,8.683e+08,0,1,
286,3,2315583270021,2315716902810,8,2.70462,4,8.683e+08,1,0,
41,2,80636337084,80708273436,7,-7.63182,2,8.681e+08,1,0,
292,2,73211502104,73345134797,8,2.40053,4,8.685e+08,1,0,
292,3,73211502104,73345135416,8,-5.66484,4,8.685e+08,1,0,
314,3,71880668297,72333276987,10,-9.53145,2,8.685e+08,1,0,
306,1,71575378498,71647314832,7,0.390092,4,8.685e+08,1,0,
149,1,73187918026,73640526939,10,3.56876,4,8.685e+08,1,0,
276,1,389011385420,389258170034,9,-9.66237,2,8.681e+08,1,0,
100,3,389456995482,389909605135,10,-9.82877,4,8.681e+08,1,0,
78,1,1332186661686,1332320294928,8,-3.1281,2,8.681e+08,1,0,
78,2,1332186661686,1332320294414,8,-9.7395,2,8.681e+08,1,0,
22,1,1489142903426,1490953336784,12,-4.21185,4,8.685e+08,1,0,
22,2,1489142903426,1490953337733,12,-2.94574,4,8.685e+08,1,0,
148,1,352768212694,353755350124,11,2.69878,4,8.681e+08,1,0,
148,2,352768212694,353755351179,11,2.69878,4,8.681e+08,0,1,
314,1,654424020465,654876629746,10,-7.37294,2,8.685e+08,1,0,
314,2,654424020465,654876630330,10,-14.1322,2,8.685e+08,1,0,
314,3,654424020465,654876629155,10,18.0698,2,8.685e+08,1,0,
177,2,1097864283300,1097936220671,7,0.395478,4,8.681e+08,1,0,
177,3,1097864283300,1097936219500,7,16.4009,4,8.681e+08,1,0,
109,2,1099330072904,1099402009127,7,6.64777,2,8.685e+08,1,0,
109,3,1099330072904,1099402010278,7,-4.94881,2,8.685e+08,1,0,
325,2,2223344612386,2223478244895,8,-3.17982,4,8.685e+08,1,0,
160,1,320592041789,320838826606,9,-6.32217,2,8.685e+08,1,0,
160,2,320592041789,320838826772,9,2.3134,2,8.685e+08,1,0,
160,3,320592041789,320838826294,9,14.4999,2,8.685e+08,1,0,
72,1,327043087215,327495696732,10,1.043,4,8.681e+08,0,1,
72,3,327043087215,327495696422,10,1.043,4,8.681e+08,1,0,
152,2,702657959599,703110568480,10,-3.04629,4,8.681e+08,1,0,
142,3,748894143459,749140928826,9,-11.8719,4,8.685e+08,1,0,
10,1,1662611414397,1662858199324,9,-5.29874,2,8.685e+08,1,0,
10,3,1662611414397,1662858199470,9,8.99489,2,8.685e+08,1,0,
130,3,1029508265332,1031318700140,12,0,2,8.685e+08,0,1,
92,1,1027792896471,1027864832887,7,2.34213,2,8.685e+08,1,0,
265,1,2407222329888,2407294266435,7,-5.59677,2,8.683e+08,1,0,
265,2,2407222329888,2407294267340,7,9.79854,2,8.683e+08,1,0,
265,3,2407222329888,2407294266545,7,-3.41226,2,8.683e+08,1,0,
122,1,1311605117477,1311677053974,7,-7.89838,2,8.681e+08,1,0,
156,2,1299600701891,1299847486867,9,-9.18658,4,8.685e+08,1,0,
234,2,2636933891050,2637386499597,10,-3.07037,4,8.685e+08,1,0,
234,3,2636933891050,2637386500697,10,-16.2381,4,8.685e+08,1,0,
353,2,3545360986728,3545432923509,7,-3.13304,4,8.685e+08,1,0,
353,3,3545360986728,3545432923470,7,-9.04004,4,8.685e+08,1,0,
100,1,3546718438966,3547171047897,10,-15.5426,4,8.683e+08,1,0,
347,1,1377755469705,1379565903359,12,0,2,8.685e+08,0,1,
347,2,1377755469705,1379565904181,12,-14.1946,2,8.685e+08,1,0,
347,3,1377755469705,1379565904384,12,-7.70576,2,8.685e+08,1,0,
24,1,79548993350,79620930770,7,-3.10167,2,8.685e+08,1,0,
24,2,79548993350,79620929618,7,12.8535,2,8.685e+08,1,0,
294,3,797984103696,798056040248,7,0,2,8.681e+08,0,1,
389,2,794279339876,794731948883,10,-15.1139,4,8.681e+08,1,0,
389,3,794279339876,794731948799,10,-16.5317,4,8.681e+08,1,0,
344,2,800315597771,802126031907,12,-20.4291,2,8.681e+08,1,0,
347,1,935130668975,936941102629,12,-18.4625,2,8.685e+08,1,0,
347,2,935130668975,936941103451,12,-0.580184,2,8.685e+08,1,0,
26,2,798306863186,798378799885,7,-8.7639,4,8.685e+08,1,0,
372,3,938492882300,939480019262,11,-14.217,4,8.685e+08,1,0,
107,3,442841945305,443088730155,9,-6.44289,2,8.685e+08,1,0,
160,3,1113430826684,1113677611189,9,-5.05492,2,8.685e+08,1,0,
248,2,960346517454,960480150050,8,-5.67206,2,8.685e+08,1,0,
248,3,960346517454,960480150692,8,-8.81114,2,8.685e+08,1,0,
344,1,981358797781,983169230971,12,-19.0886,2,8.681e+08,1,0,
103,1,1029006478873,1029078415144,7,9.49748,2,8.681e+08,1,0,
234,3,3574601720319,3575054329966,10,-16.7337,4,8.681e+08,1,0,
139,1,1248338404008,1248410342138,7,1.79871,4,8.685e+08,1,0,
283,1,2361335251184,2361407187982,7,-4.19554,2,8.685e+08,1,0,
283,2,2361335251184,2361407188150,7,-4.19554,2,8.685e+08,0,1,
283,3,2361335251184,2361407187739,7,2.46385,2,8.685e+08,1,0,
369,2,2463665017636,2465475452415,12,0,4,8.683e+08,0,1,
208,1,2818672275375,2818919061200,9,-10.0145,4,8.681e+08,1,0,
208,2,2818672275375,2818919060193,9,-8.56386,4,8.681e+08,1,0,
208,3,2818672275375,2818919061209,9,-11.4392,4,8.681e+08,1,0,
357,1,1323785255527,1323857192482,7,-8.35063,4,8.683e+08,1,0,
357,3,1323785255527,1323857191878,7,8.2977,4,8.683e+08,1,0,
73,1,2821325301691,2821777910386,10,-10.2834,2,8.683e+08,1,0,
73,3,2821325301691,2821777911044,10,-13.6193,2,8.683e+08,1,0,
365,1,497249948279,499060381678,12,0,2,8.681e+08,0,1,
247,2,494727151480,495179760329,10,4.36651,2,8.681e+08,1,0,
247,3,494727151480,495179761476,10,-2.00827,2,8.681e+08,1,0,
35,1,499839487159,499973120133,8,-10.1147,4,8.681e+08,1,0,
35,2,499839487159,499973119855,8,-1.00014,4,8.681e+08,1,0,
144,1,500686002755,500932788553,9,-1.36938,2,8.683e+08,1,0,
144,3,500686002755,500932787439,9,-12.9793,2,8.683e+08,1,0,
335,3,501266099415,501338035965,7,3.6994,2,8.681e+08,1,0,
87,2,496235665521,496307602484,7,1.82468,2,8.681e+08,1,0,
87,3,496235665521,496307601786,7,-5.02202,2,8.681e+08,1,0,
121,1,3253019544066,3254006681242,11,0.0183571,4,8.683e+08,1,0,
121,2,3253019544066,3254006682438,11,-7.89899,4,8.683e+08,1,0,
121,3,3253019544066,3254006681364,11,-18.6271,4,8.683e+08,1,0,
121,1,2579272374047,2580259511223,11,-9.88599,4,8.683e+08,1,0,
121,2,2579272374047,2580259512419,11,-13.6014,4,8.683e+08,1,0,
121,3,2579272374047,2580259511345,11,6.21656,4,8.683e+08,1,0,
323,2,2862548411120,2864358845511,12,0,4,8.681e+08,0,1,
215,1,1674151208879,1674223146828,7,9.73715,4,8.681e+08,0,1,
215,2,1674151208879,1674223145164,7,9.73715,4,8.681e+08,1,0,
386,2,83134494926,83206431107,7,36.1249,4,8.681e+08,1,0,
386,3,83134494926,83206432168,7,17.2766,4,8.681e+08,1,0,
13,1,74510056027,74581992151,7,-5.92543,4,8.685e+08,1,0,
13,2,74510056027,74581993818,7,-2.29866,4,8.685e+08,1,0,
63,1,79128145850,79374930883,9,-11.4539,4,8.685e+08,1,0,
63,2,79128145850,79374930488,9,-2.00183,4,8.685e+08,1,0,
63,3,79128145850,79374930753,9,-10.4131,4,8.685e+08,1,0,
276,1,1142460585558,1142707370172,9,6.86045,2,8.683e+08,1,0,
154,3,1097824760008,1097958393235,8,0.408616,4,8.683e+08,1,0,
122,1,1671886326138,1671958262635,7,10.3485,2,8.685e+08,1,0,
101,2,2885294653042,2885428286085,8,-2.55884,2,8.683e+08,1,0,
7,1,1709857469015,1709929406095,7,-2.58433,2,8.683e+08,1,0,
298,2,967963467973,968097100515,8,-3.25021,2,8.685e+08,1,0,
362,1,2866504128791,2866637762294,8,-0.0697929,4,8.683e+08,1,0,
285,1,2861306621504,2861759231980,10,-16.3207,2,8.683e+08,1,0,
285,2,2861306621504,2861759230348,10,-12.0993,2,8.683e+08,1,0,
370,1,635334098266,635467730988,8,-10.1154,4,8.685e+08,1,0,
370,2,635334098266,635467732219,8,-11.0763,4,8.685e+08,1,0,
126,1,329196708921,329443493910,9,-12.3237,4,8.681e+08,1,0,
388,1,329229310201,329476095721,9,-6.37468,2,8.685e+08,1,0,
388,2,329229310201,329476096361,9,-9.1093,2,8.685e+08,1,0,
388,3,329229310201,329476095181,9,-8.43989,2,8.685e+08,1,0,
200,2,1746956615429,1747028551797,7,5.57581,4,8.685e+08,1,0,
340,3,1751081932029,1751215564581,8,9.38404,4,8.685e+08,1,0,
117,2,1750884671155,1750956607423,7,16.5854,4,8.681e+08,1,0,
34,1,1257300490429,1259110923994,12,-20.6497,4,8.685e+08,1,0,
377,1,706078218580,706150155480,7,-4.08122,2,8.685e+08,1,0,
377,3,706078218580,706150154860,7,-0.840881,2,8.685e+08,1,0,
78,2,323159580123,323293212851,8,-10.6434,2,8.685e+08,1,0,
392,1,317546800163,317680432691,8,10.6463,2,8.685e+08,1,0,
392,2,317546800163,317680433306,8,-10.6438,2,8.685e+08,1,0,
392,3,317546800163,317680433090,8,-8.04008,2,8.685e+08,1,0,
66,2,2276741358748,2276874991487,8,-7.45497,4,8.683e+08,1,0,
66,3,2276741358748,2276874991520,8,-5.78566,4,8.683e+08,1,0,
105,2,2686096191965,2686168128286,7,5.63638,4,8.683e+08,1,0,
35,2,1319203182928,1319336815624,8,-3.71548,4,8.685e+08,1,0,
35,3,1319203182928,1319336815813,8,0.624833,4,8.685e+08,1,0,
313,1,88613716129,88860500602,9,4.96145,2,8.685e+08,1,0,
313,2,88613716129,88860501829,9,-12.2344,2,8.685e+08,1,0,
313,3,88613716129,88860501660,9,-11.5847,2,8.685e+08,1,0,
118,1,83210016887,83662625947,10,-7.35409,4,8.685e+08,1,0,
118,2,83210016887,83662626501,10,-11.5257,4,8.685e+08,1,0,
118,3,83210016887,83662626760,10,-11.9553,4,8.685e+08,1,0,
124,1,80826699886,80898636168,7,-2.47197,2,8.685e+08,1,0,
131,2,80801191993,80934824750,8,4.74141,2,8.685e+08,1,0,
131,3,80801191993,80934824454,8,1.65053,2,8.685e+08,1,0,
371,3,754264069594,754716678565,10,-16.0922,4,8.681e+08,1,0,
234,1,87293414939,87746024761,10,6.93504,4,8.685e+08,1,0,
234,2,87293414939,87746023486,10,-5.65445,4,8.685e+08,1,0,
234,3,87293414939,87746024586,10,-14.5414,4,8.685e+08,1,0,
148,1,104810076375,105797213805,11,-1.33565,4,8.685e+08,1,0,
148,2,104810076375,105797214860,11,-13.6424,4,8.685e+08,1,0,
259,1,3487738185563,3489548619915,12,-22.0798,2,8.683e+08,1,0,
259,2,3487738185563,3489548619024,12,-5.92949,2,8.683e+08,1,0,
259,3,3487738185563,3489548620063,12,-22.0798,2,8.683e+08,0,1,
155,2,2335588373470,2337398807134,12,9.0123,4,8.681e+08,1,0,
271,2,1368345677919,1370156111943,12,2.43938,4,8.685e+08,1,0,
311,2,527346101375,529156534592,12,0,2,8.681e+08,0,1,
215,2,637030904348,637102840633,7,-0.255218,4,8.685e+08,1,0,
401,1,1679139444151,1679273076686,8,-1.60725,2,8.681e+08,1,0,
401,3,1679139444151,1679273077321,8,-4.58459,2,8.681e+08,1,0,
132,2,2317820787408,2317892723661,7,-4.59752,4,8.681e+08,1,0,
127,3,2031954886482,2032088519280,8,-11.3224,2,8.685e+08,1,0,
243,1,1200326900143,1200398836582,7,14.2587,4,8.683e+08,1,0,
316,1,1211519708538,1211766493383,9,-7.72908,4,8.685e+08,1,0,
316,3,1211519708538,1211766493378,9,-3.32967,4,8.685e+08,1,0,
235,1,876518375512,876970985765,10,-4.15898,4,8.681e+08,1,0,
235,3,876518375512,876970984823,10,0,4,8.681e+08,0,1,
212,1,629255715059,631066148897,12,-19.5848,2,8.681e+08,1,0,
212,2,629255715059,631066148290,12,-18.5933,2,8.681e+08,1,0,
217,1,1415108517307,1415561126444,10,-2.66301,4,8.685e+08,1,0,
217,3,1415108517307,1415561126799,10,1.07065,4,8.685e+08,1,0,
14,2,2671240947334,2671374579843,8,-9.15414,2,8.683e+08,1,0,
15,3,2678489913328,2678623546111,8,1.54341,4,8.681e+08,1,0,
229,2,2273266485060,2273338421091,7,40.8212,2,8.683e+08,1,0,
128,1,88028109993,89838543435,12,0,2,8.685e+08,0,1,
269,2,90664474736,90736410960,7,-5.0083,2,8.685e+08,1,0,
217,1,297405781229,297858390366,10,-10.742,4,8.685e+08,1,0,
217,2,297405781229,297858390216,10,-16.0063,4,8.685e+08,1,0,
217,3,297405781229,297858390721,10,-10.742,4,8.685e+08,0,1,
67,2,450626938757,451079547967,10,-14.534,4,8.681e+08,1,0,
147,3,452280901899,454091336416,12,-8.87369,4,8.681e+08,1,0,
27,1,450936360677,451069994447,8,-7.81738,4,8.681e+08,1,0,
27,3,450936360677,451069993336,8,10.9499,4,8.681e+08,1,0,
146,1,454964207505,455210993304,9,-2.27977,2,8.681e+08,1,0,
146,2,454964207505,455210992686,9,6.48072,2,8.681e+08,1,0,
146,3,454964207505,455210992139,9,-8.59253,2,8.681e+08,1,0,
216,3,605845511994,606298121390,10,-1.87369,2,8.681e+08,1,0,
9,1,2127155272684,2127607882462,10,1.26505,2,8.685e+08,1,0,
9,3,2127155272684,2127607881536,10,-1.38109,2,8.685e+08,1,0,
374,3,1163059551975,1163131488107,7,0,4,8.683e+08,0,1,
4,3,1146380034806,1146451971281,7,-8.21365,4,8.683e+08,1,0,
339,1,1093918620500,1093990556900,7,6.7628,4,8.681e+08,1,0,
214,1,1095083267738,1095155204865,7,2.65128,4,8.681e+08,1,0,
214,3,1095083267738,1095155203795,7,24.7129,4,8.681e+08,1,0,
13,1,1094270345482,1094342281606,7,21.1225,4,8.681e+08,1,0,
205,1,1099358562667,1099605347353,9,7.57251,2,8.681e+08,1,0,
205,2,1099358562667,1099605348938,9,-2.08818,2,8.681e+08,1,0,
43,3,2386324060878,2388134495394,12,-0.861114,4,8.685e+08,1,0,
141,1,619982702910,620054639400,7,0,4,8.681e+08,0,1,
356,1,746721808483,748532242941,12,6.68525,4,8.685e+08,0,1,
356,2,746721808483,748532241989,12,6.68525,4,8.685e+08,1,0,
177,1,2599374078027,2599446015284,7,-6.07391,4,8.683e+08,1,0,
177,3,2599374078027,2599446014227,7,23.3706,4,8.683e+08,1,0,
54,2,2224076752460,2224529361330,10,0,2,8.683e+08,0,1,
375,2,104813825433,105266434577,10,-1.97676,4,8.685e+08,1,0,
214,3,2954297060796,2954368996853,7,5.88968,4,8.683e+08,1,0,
24,3,2927329829050,2927401765993,7,-1.81564,2,8.683e+08,1,0,
93,1,2022475513568,2022928123969,10,-9.20439,4,8.681e+08,1,0,
93,2,2022475513568,2022928122479,10,-11.6721,4,8.681e+08,1,0,
159,2,303476238196,303609871415,8,-2.96551,4,8.681e+08,1,0,
159,3,303476238196,303609871088,8,-11.0511,4,8.681e+08,1,0,
11,1,2055705234504,2056157844436,10,-7.23425,4,8.681e+08,1,0,
11,3,2055705234504,2056157844656,10,-15.6262,4,8.681e+08,1,0,
327,1,2293126909277,2293373694384,9,-6.82182,2,8.683e+08,1,0,
327,3,2293126909277,2293373694867,9,-8.34442,2,8.683e+08,1,0,
41,2,3476862327676,3476934264028,7,12.3598,2,8.683e+08,1,0,
245,2,3481823264165,3482070048791,9,3.66797,4,8.683e+08,1,0,
336,3,933570922913,935381357669,12,0,2,8.685e+08,0,1,
168,1,354882033613,354953969992,7,6.90659,4,8.681e+08,1,0,
259,1,766367462337,768177896689,12,-19.4528,2,8.681e+08,1,0,
259,2,766367462337,768177895798,12,-13.4564,2,8.681e+08,1,0,
259,3,766367462337,768177896837,12,-5.03979,2,8.681e+08,1,0,
399,2,3450187563742,3450259500003,7,2.83872,2,8.683e+08,1,0,
399,3,3450187563742,3450259500674,7,-4.15823,2,8.683e+08,1,0,
355,1,2872905451754,2872977389028,7,-4.19253,4,8.683e+08,1,0,
355,3,2872905451754,2872977388033,7,3.46639,4,8.683e+08,1,0,
101,3,2900533675217,2900667307745,8,0.139283,4,8.681e+08,1,0,
385,1,3195809018084,3196261628113,10,0,2,8.685e+08,0,1,
263,2,2884740117811,2884873750291,8,-7.23263,2,8.685e+08,1,0,
263,3,2884740117811,2884873750558,8,-7.94246,2,8.685e+08,1,0,
317,2,1659296508784,1659368445106,7,0.158845,4,8.685e+08,1,0,
209,1,88799014536,89251623405,10,-7.06256,2,8.685e+08,1,0,
209,2,88799014536,89251623733,10,-4.9322,2,8.685e+08,1,0,
111,1,90960865803,92771300492,12,-15.3921,4,8.685e+08,1,0,
111,2,90960865803,92771299302,12,-12.6337,4,8.685e+08,1,0,
111,3,90960865803,92771299382,12,-12.6337,4,8.685e+08,0,1,
70,1,91880915507,92014549622,8,-9.02899,2,8.685e+08,1,0,
70,2,91880915507,92014548099,8,6.79045,2,8.685e+08,1,0,
342,2,2925384916468,2925837525883,10,3.26653,4,8.683e+08,1,0,
342,3,2925384916468,2925837526234,10,-15.3524,4,8.683e+08,1,0,
128,3,2937731485005,2939541918664,12,-13.3637,2,8.685e+08,1,0,
260,3,90817492504,90889429781,7,-6.94682,4,8.685e+08,1,0,
86,3,1101066382383,1101313167300,9,-4.59495,2,8.681e+08,1,0,
113,3,1106911584123,1107045216606,8,17.7317,2,8.681e+08,1,0,
268,2,1111785927970,1113596361109,12,-0.938201,2,8.681e+08,1,0,
240,1,1120791083038,1122601516670,12,-6.39355,2,8.681e+08,1,0,
240,2,1120791083038,1122601516409,12,-9.83377,2,8.681e+08,1,0,
240,3,1120791083038,1122601517119,12,-6.39355,2,8.681e+08,0,1,
292,1,2813779782558,2813913416735,8,0.960679,4,8.683e+08,1,0,
292,3,2813779782558,2813913415870,8,8.42983,4,8.683e+08,1,0,
265,1,1346189124812,1346261061359,7,-1.4928,2,8.685e+08,1,0,
272,2,1341772015521,1341843953488,7,-8.06746,4,8.685e+08,1,0,
344,2,3554577207256,3556387641392,12,-10.1152,2,8.685e+08,1,0,
344,3,3554577207256,3556387641484,12,-10.1152,2,8.685e+08,0,1,
263,2,3563663836305,3563797468785,8,0,2,8.683e+08,0,1,
7,3,3551261372431,3551333308855,7,3.03123,2,8.683e+08,1,0,
285,3,834632836313,835085446026,10,7.85774,2,8.685e+08,1,0,
186,3,829205642762,829658253289,10,0,2,8.681e+08,0,1,
320,1,829121792538,829574401362,10,8.93469,2,8.681e+08,1,0,
350,1,1506633480084,1506880264940,9,-2.71292,2,8.683e+08,1,0,
106,1,1750170427804,1751157565712,11,-12.7984,2,8.685e+08,1,0,
106,2,1750170427804,1751157564908,11,-8.31047,2,8.685e+08,1,0,
248,2,1297593900494,1297727533090,8,3.69116,2,8.683e+08,1,0,
243,1,1818552517164,1818624453603,7,2.41115,4,8.681e+08,1,0,
243,2,1818552517164,1818624455191,7,-6.58894,4,8.681e+08,1,0,
202,1,3263858314097,3265668748707,12,-16.6499,4,8.681e+08,1,0,
202,2,3263858314097,3265668747599,12,-16.9633,4,8.681e+08,1,0,
391,1,96248072763,96381705583,8,-6.68452,2,8.685e+08,1,0,
391,2,96248072763,96381706211,8,-2.48538,2,8.685e+08,1,0,
391,3,96248072763,96381705207,8,7.88925,2,8.685e+08,1,0,
362,2,97920967864,98054600647,8,-3.86671,4,8.685e+08,1,0,
63,1,103806545860,104053330893,9,-7.64361,4,8.681e+08,1,0,
63,2,103806545860,104053330498,9,-14.2938,4,8.681e+08,1,0,
63,3,103806545860,104053330763,9,1.71555,4,8.681e+08,1,0,
243,1,101651550053,101723486492,7,0,4,8.685e+08,0,1,
214,1,3501868770078,3501940707205,7,-8.0096,4,8.681e+08,1,0,
214,3,3501868770078,3501940706135,7,21.449,4,8.681e+08,1,0,
29,1,1451274456642,1453084890515,12,-20.2881,4,8.685e+08,1,0,
29,2,1451274456642,1453084889969,12,-11.8705,4,8.685e+08,1,0,
29,3,1451274456642,1453084890830,12,-18.7804,4,8.685e+08,1,0,
82,1,853151594145,853223530554,7,-2.65767,4,8.681e+08,1,0,
360,2,388451351425,388523287618,7,22.0597,4,8.681e+08,1,0,
315,2,96278061202,98088494622,12,-6.94083,2,8.685e+08,1,0,
263,2,93932334859,94065967339,8,17.4959,2,8.685e+08,1,0,
192,2,100062159582,100308944450,9,-3.98607,2,8.685e+08,1,0,
34,1,97827288189,99637721754,12,8.89788,4,8.685e+08,1,0,
34,3,97827288189,99637722714,12,-16.0189,4,8.685e+08,1,0,
370,1,2005021054412,2005154687134,8,-11.6142,4,8.685e+08,1,0,
370,3,2005021054412,2005154688241,8,-11.1609,4,8.685e+08,1,0,
116,2,307133497746,307380282609,9,-2.98859,4,8.685e+08,1,0,
183,1,323667299431,323914084209,9,-10.1037,2,8.685e+08,1,0,
215,2,2408162724607,2408234660892,7,5.52892,4,8.685e+08,1,0,
305,1,2248380095611,2248626880473,9,0,2,8.683e+08,0,1,
305,2,2248380095611,2248626881713,9,3.83693,2,8.683e+08,1,0,
145,2,1240569984831,1242380418198,12,0,2,8.681e+08,0,1,
145,3,1240569984831,1242380419370,12,-19.146,2,8.681e+08,1,0,
111,1,703842180199,705652614888,12,-16.4694,4,8.685e+08,1,0,
111,2,703842180199,705652613698,12,15.0945,4,8.685e+08,1,0,
320,1,674824015480,675276624304,10,0,2,8.681e+08,0,1,
320,2,674824015480,675276625905,10,-6.01637,2,8.681e+08,1,0,
326,1,862664165693,862736102788,7,-8.27731,4,8.685e+08,1,0,
326,3,862664165693,862736102090,7,3.66175,4,8.685e+08,1,0,
238,1,885364548544,885611333547,9,-7.64424,4,8.685e+08,1,0,
238,2,885364548544,885611333210,9,0,4,8.685e+08,0,1,
23,2,421894466597,422881603755,11,-14.5132,4,8.681e+08,1,0,
107,1,376123599525,376370385404,9,-4.51106,2,8.681e+08,1,0,
107,2,376123599525,376370384359,9,-1.83151,2,8.681e+08,1,0,
198,1,384668704632,385121313564,10,-11.6936,2,8.681e+08,1,0,
198,2,384668704632,385121314353,10,-15.965,2,8.681e+08,1,0,
150,3,2410491873207,2410625505751,8,3.37589,2,8.683e+08,1,0,
166,2,2395847421734,2395919358525,7,-1.5058,4,8.685e+08,1,0,
151,1,2016664314749,2016736252701,7,-0.303908,4,8.685e+08,1,0,
151,2,2016664314749,2016736251202,7,-5.23416,4,8.685e+08,1,0,
151,3,2016664314749,2016736251921,7,-5.23416,4,8.685e+08,0,1,
403,2,2405192327127,2405264263467,7,15.0575,4,8.683e+08,1,0,
403,3,2405192327127,2405264264365,7,-7.93573,4,8.683e+08,1,0,
376,1,321852714369,322099500237,9,2.89526,2,8.685e+08,1,0,
376,3,321852714369,322099499075,9,-6.31113,2,8.685e+08,1,0,
181,3,323151603313,323223539691,7,-8.44327,4,8.685e+08,1,0,
198,2,822378595517,822831205238,10,-10.6483,2,8.685e+08,1,0,
198,3,822378595517,822831205370,10,-9.9033,2,8.685e+08,1,0,
56,1,817120713951,817573324155,10,-8.70012,4,8.685e+08,1,0,
56,2,817120713951,817573323561,10,-7.57034,4,8.685e+08,1,0,
56,3,817120713951,817573322976,10,-10.6984,4,8.685e+08,1,0,
301,1,803593009008,803839793667,9,-8.92847,4,8.681e+08,1,0,
301,3,803593009008,803839794763,9,-1.90601,4,8.681e+08,1,0,
103,1,814003666503,814075602774,7,14.7065,2,8.681e+08,1,0,
377,2,1767046590321,1767118527538,7,8.48691,2,8.683e+08,1,0,
377,3,1767046590321,1767118526601,7,13.4266,2,8.683e+08,1,0,
338,2,1760870367375,1761117153723,9,-10.7682,4,8.683e+08,1,0,
229,2,98389402028,98461338059,7,25.6104,2,8.685e+08,1,0,
229,3,98389402028,98461339232,7,-2.41792,2,8.685e+08,1,0,
41,2,102270374739,102342311091,7,-7.85861,2,8.681e+08,1,0,
117,2,98571611788,98643548056,7,19.1141,2,8.685e+08,1,0,
295,1,100164781239,100617391580,10,-8.35088,2,8.685e+08,1,0,
295,2,100164781239,100617390224,10,-13.3446,2,8.685e+08,1,0,
327,3,1142532683814,1142779469404,9,-13.0137,2,8.683e+08,1,0,
161,1,2273756612916,2274743750004,11,-7.58308,2,8.685e+08,1,0,
229,1,3008314114855,3008386052554,7,1.88149,4,8.681e+08,1,0,
229,2,3008314114855,3008386050886,7,22.777,4,8.681e+08,1,0,
229,3,3008314114855,3008386052059,7,-4.75987,4,8.681e+08,1,0,
21,1,3014545681044,3014792465705,9,3.34994,4,8.681e+08,1,0,
112,1,3007998211462,3008070148751,7,-8.62971,4,8.683e+08,1,0,
112,2,3007998211462,3008070148776,7,-0.151351,4,8.683e+08,1,0,
112,3,3007998211462,3008070147629,7,0.797547,4,8.683e+08,1,0,
279,1,2091764467121,2092751604799,11,0,4,8.683e+08,0,1,
279,2,2091764467121,2092751605234,11,-16.3239,4,8.683e+08,1,0,
257,2,641595936063,641667872302,7,24.329,2,8.685e+08,1,0,
175,2,2336546522441,2337533659526,11,-2.43863,4,8.683e+08,1,0,
175,3,2336546522441,2337533660588,11,-6.44095,4,8.683e+08,1,0,
166,3,3268848707961,3268920644359,7,-0.17459,4,8.683e+08,1,0,
326,2,2364404426440,2364476363265,7,7.216,4,8.683e+08,1,0,
326,3,2364404426440,2364476362837,7,-0.988845,4,8.683e+08,1,0,
206,1,2946759187928,2948569621518,12,0.462983,2,8.683e+08,1,0,
206,2,2946759187928,2948569621648,12,0.236222,2,8.683e+08,1,0,
311,1,708389301385,710199735606,12,0,2,8.681e+08,0,1,
306,1,856895991116,856967927450,7,28.8906,4,8.683e+08,1,0,
306,2,856895991116,856967928466,7,7.16612,4,8.683e+08,1,0,
306,3,856895991116,856967928019,7,-3.20238,4,8.683e+08,1,0,
353,2,2485457834623,2485529771404,7,6.08363,4,8.685e+08,1,0,
46,1,863309243707,863381179871,7,5.63457,4,8.685e+08,1,0,
176,2,861986035242,862438644270,10,-5.77542,2,8.685e+08,1,0,
176,3,861986035242,862438644565,10,14.2081,2,8.685e+08,1,0,
138,1,2124890154794,2126700588464,12,17.4719,2,8.683e+08,1,0,
138,2,2124890154794,2126700589346,12,17.4719,2,8.683e+08,0,1,
4,3,101257826385,101329762860,7,12.2797,4,8.681e+08,1,0,
257,2,1788823969750,1788895905989,7,-3.54694,2,8.683e+08,1,0,
257,3,1788823969750,1788895907083,7,-2.57437,2,8.683e+08,1,0,
355,3,1794371454364,1794443390643,7,14.5175,4,8.683e+08,1,0,
323,1,1951625687636,1953436121212,12,-19.5877,2,8.683e+08,1,0,
323,2,1951625687636,1953436122027,12,-2.08494,2,8.683e+08,1,0,
76,1,1789976019851,1790047956345,7,1.27605,4,8.683e+08,1,0,
76,3,1789976019851,1790047956540,7,4.70481,4,8.683e+08,1,0,
275,1,3569955529046,3570027465495,7,-9.31631,4,8.681e+08,1,0,
275,3,3569955529046,3570027466496,7,6.27259,4,8.681e+08,1,0,
337,2,3570138835598,3570591444893,10,-4.45564,2,8.683e+08,1,0,
337,3,3570138835598,3570591444447,10,-11.8932,2,8.683e+08,1,0,
135,2,655781146604,656027931478,9,-8.77237,2,8.685e+08,1,0,
135,3,655781146604,656027932622,9,-10.4047,2,8.685e+08,1,0,
146,2,328720373924,328967159105,9,-7.15013,2,8.685e+08,1,0,
146,3,328720373924,328967158558,9,-2.20558,2,8.685e+08,1,0,
36,2,103560900497,103632837461,7,-8.15973,4,8.685e+08,1,0,
36,3,103560900497,103632837045,7,-1.72148,4,8.685e+08,1,0,
399,2,108506784609,108578720870,7,9.54131,2,8.685e+08,1,0,
349,1,2616610249914,2616857035034,9,-9.77919,2,8.683e+08,1,0,
170,3,109381712347,110368849406,11,-5.51686,2,8.685e+08,1,0,
156,2,1348957501911,1349204286887,9,-11.1089,4,8.683e+08,1,0,
85,1,111383210003,111835819973,10,-13.7793,2,8.685e+08,1,0,
368,1,392874328215,392946265312,7,2.64749,2,8.681e+08,1,0,
71,1,400047005964,400118942319,7,-5.91701,2,8.681e+08,1,0,
71,2,400047005964,400118943986,7,-9.25026,2,8.681e+08,1,0,
205,3,111029713697,111276499173,9,1.47076,2,8.685e+08,1,0,
152,1,332055854469,332508464466,10,-9.67573,4,8.685e+08,1,0,
152,3,332055854469,332508464427,10,-5.6324,4,8.685e+08,1,0,
114,3,416006484828,416078420897,7,25.5799,4,8.681e+08,1,0,
101,3,959366219174,959499851702,8,-1.59054,2,8.685e+08,1,0,
321,3,110961120961,111033057527,7,-0.929595,2,8.681e+08,1,0,
218,2,309645074971,309778709154,8,4.97735,4,8.685e+08,1,0,
282,1,684562879224,684696511735,8,-3.31619,4,8.685e+08,1,0,
152,2,954313443230,954766052111,10,-0.81079,4,8.681e+08,1,0,
57,2,2024643596181,2024777228601,8,-0.787887,2,8.685e+08,1,0,
57,3,2024643596181,2024777229113,8,-4.51111,2,8.685e+08,1,0,
66,2,2956183122392,2956316755131,8,11.2017,4,8.681e+08,1,0,
40,1,2086719822056,2086791759033,7,-3.33165,2,8.685e+08,1,0,
40,3,2086719822056,2086791758262,7,22.1124,2,8.685e+08,1,0,
64,2,1035320419026,1035392356506,7,-4.62425,4,8.685e+08,1,0,
64,3,1035320419026,1035392356591,7,-6.18019,4,8.685e+08,1,0,
265,2,3441817903046,3441889840498,7,-8.68887,2,8.681e+08,1,0,
399,2,3442191903895,3442263840156,7,2.7809,2,8.685e+08,1,0,
193,1,105294361473,105746970175,10,-10.9737,2,8.685e+08,1,0,
193,3,105294361473,105746971355,10,-6.0141,2,8.685e+08,1,0,
166,3,107122633011,107194569409,7,0,4,8.685e+08,0,1,
37,2,111423445320,111876055001,10,0.5495,4,8.685e+08,1,0,
181,1,106682896891,106754833768,7,0.263764,4,8.685e+08,1,0,
174,1,1361382979750,1361516612586,8,-8.63791,2,8.681e+08,1,0,
174,2,1361382979750,1361516612630,8,4.32343,2,8.681e+08,1,0,
368,2,1356950774021,1357022710595,7,0,2,8.681e+08,0,1,
368,3,1356950774021,1357022710851,7,-5.58267,2,8.681e+08,1,0,
267,3,2038475703127,2039462841013,11,0.352403,2,8.683e+08,1,0,
180,1,3448404703934,3448651488814,9,0,2,8.685e+08,0,1,
180,2,3448404703934,3448651489329,9,-13.7359,2,8.685e+08,1,0,
238,2,860686148534,860932933200,9,-5.73459,4,8.681e+08,1,0,
150,2,712362711406,712496344459,8,-9.61409,2,8.681e+08,1,0,
300,2,1686562155340,1687549292673,11,0,2,8.681e+08,0,1,
291,2,1419304620327,1419757229449,10,8.03282,2,8.685e+08,1,0,
369,1,2963311209304,2965121642878,12,0,4,8.685e+08,0,1,
62,3,2871211057543,2871344690150,8,5.01985,4,8.683e+08,1,0,
321,3,2885436518082,2885508454648,7,1.21997,2,8.683e+08,1,0,
219,2,2886738799577,2886810737277,7,-8.15279,4,8.683e+08,1,0,
219,3,2886738799577,2886810736154,7,-5.16754,4,8.683e+08,1,0,
219,1,610200715698,610272652709,7,-4.45451,4,8.685e+08,1,0,
219,3,610200715698,610272652275,7,5.56626,4,8.685e+08,1,0,
228,1,1015319732927,1017130167500,12,-11.5253,2,8.681e+08,1,0,
355,1,979283451067,979355388341,7,5.43773,4,8.685e+08,1,0,
183,1,3213586292406,3213833077184,9,1.78766,4,8.681e+08,1,0,
183,2,3213586292406,3213833078672,9,1.78766,4,8.681e+08,0,1,
63,1,1383149950818,1383396735851,9,-6.3952,4,8.685e+08,1,0,
63,2,1383149950818,1383396735456,9,1.79987,4,8.685e+08,1,0,
248,2,1380478340083,1380611972679,8,9.38181,2,8.685e+08,1,0,
105,2,2379307528764,2379379465085,7,5.78748,4,8.681e+08,1,0,
358,1,1655241646998,1655313583834,7,0.380067,2,8.681e+08,1,0,
358,3,1655241646998,1655313583462,7,0,2,8.681e+08,0,1,
210,3,1769747499354,1769994284646,9,-13.5903,4,8.685e+08,1,0,
22,3,1851229303446,1853039737859,12,-10.5518,4,8.683e+08,1,0,
311,1,346302901365,348113335586,12,-15.5405,2,8.685e+08,1,0,
311,2,346302901365,348113334582,12,-15.161,2,8.685e+08,1,0,
311,3,346302901365,348113335647,12,-12.2451,2,8.685e+08,1,0,
371,3,345478860750,345931469721,10,-9.70486,4,8.685e+08,1,0,
7,1,2244004799440,2244076736520,7,-7.70106,2,8.685e+08,1,0,
116,2,2132684862676,2132931647539,9,-4.8932,4,8.685e+08,1,0,
116,3,2132684862676,2132931648340,9,-4.18263,4,8.685e+08,1,0,
132,2,1256212766047,1256284702300,7,4.08537,2,8.683e+08,1,0,
132,3,1256212766047,1256284703073,7,-0.457839,2,8.683e+08,1,0,
285,2,1428342787255,1428795396099,10,0.997269,2,8.683e+08,1,0,
16,3,112017475855,112470084939,10,-14.4009,2,8.685e+08,1,0,
207,3,113091568938,114078706220,11,-6.78389,4,8.685e+08,1,0,
363,1,112857818770,113104603509,9,-1.05894,4,8.685e+08,1,0,
363,3,112857818770,113104604556,9,3.83525,4,8.685e+08,1,0,
144,3,118511979852,118758764536,9,0,2,8.685e+08,0,1,
125,3,118553911345,118800695968,9,0,4,8.681e+08,0,1,
52,1,114395066256,116205500157,12,-17.4089,4,8.685e+08,1,0,
52,2,114395066256,116205499872,12,-0.909606,4,8.685e+08,1,0,
52,3,114395066256,116205500635,12,-7.23108,4,8.685e+08,1,0,
286,2,120967864860,121101497464,8,0,4,8.685e+08,0,1,
191,1,117801766913,118254377157,10,-16.5816,4,8.685e+08,1,0,
191,2,117801766913,118254375851,10,-6.33794,4,8.685e+08,1,0,
358,1,115144607590,115216544426,7,-2.64783,2,8.685e+08,1,0,
358,3,115144607590,115216544054,7,4.79878,2,8.685e+08,1,0,
108,1,118082575100,118154511576,7,-7.25471,4,8.685e+08,1,0,
167,2,2219654110706,2220641248434,11,-14.4141,4,8.685e+08,1,0,
326,3,2057527414451,2057599350848,7,7.5123,4,8.683e+08,1,0,
55,1,774251773759,776062206958,12,0,4,8.681e+08,0,1,
17,2,539107798621,540918232437,12,0,2,8.681e+08,0,1,
17,3,539107798621,540918233085,12,0,2,8.681e+08,0,1,
42,1,410792994752,410864932045,7,0.503129,4,8.681e+08,1,0,
45,3,413701709705,413773646253,7,-4.47366,4,8.681e+08,1,0,
225,1,2845939518422,2846011454649,7,-2.40385,2,8.685e+08,1,0,
376,1,1424186634558,1424433420426,9,2.46831,2,8.685e+08,1,0,
376,2,1424186634558,1424433420088,9,-7.61745,2,8.685e+08,1,0,
376,3,1424186634558,1424433419264,9,-12.4631,2,8.685e+08,1,0,
176,1,696202603750,696655212655,10,-12.3957,2,8.685e+08,1,0,
176,3,696202603750,696655213073,10,-11.9778,2,8.685e+08,1,0,
395,3,698115870038,698249502973,8,-9.33604,4,8.681e+08,1,0,
243,1,693445368433,693517304872,7,2.57301,4,8.683e+08,1,0,
211,1,1412336187228,1413323325693,11,-17.0317,4,8.685e+08,1,0,
211,2,1412336187228,1413323324573,11,-6.35474,4,8.685e+08,1,0,
73,2,1411338910088,1411791519346,10,-7.46468,2,8.681e+08,1,0,
73,3,1411338910088,1411791519441,10,-14.5303,2,8.681e+08,1,0,
275,2,1174281970671,1174353908273,7,0,4,8.685e+08,0,1,
264,1,1175389318266,1175461254611,7,-6.11896,2,8.685e+08,1,0,
36,1,2018724653198,2018796590851,7,-6.63316,4,8.685e+08,1,0,
36,2,2018724653198,2018796590162,7,3.26443,4,8.685e+08,1,0,
36,3,2018724653198,2018796589746,7,-8.06203,4,8.685e+08,1,0,
222,1,3210795034251,3212605467814,12,-10.2294,4,8.683e+08,1,0,
222,2,3210795034251,3212605469013,12,-10.2294,4,8.683e+08,0,1,
254,3,1538468302842,1540278737175,12,-17.3752,4,8.685e+08,1,0,
53,2,123285013941,123356950830,7,0.855866,4,8.685e+08,1,0,
53,3,123285013941,123356950486,7,-8.65181,4,8.685e+08,1,0,
161,1,1091261219130,1092248356218,11,-5.69195,2,8.685e+08,1,0,
383,1,1199702789495,1201513223062,12,-18.5458,4,8.685e+08,1,0,
383,3,1199702789495,1201513224076,12,-5.76811,4,8.685e+08,1,0,
59,1,124483716845,126294150427,12,-3.97374,4,8.685e+08,1,0,
59,2,124483716845,126294150862,12,-13.1275,4,8.685e+08,1,0,
59,3,124483716845,126294151265,12,-16.1774,4,8.685e+08,1,0,
9,3,120392717664,120845326516,10,-13.3099,2,8.685e+08,1,0,
15,1,2665126713318,2665260347274,8,-8.34093,2,8.683e+08,1,0,
15,2,2665126713318,2665260346834,8,-2.01779,2,8.683e+08,1,0,
15,3,2665126713318,2665260346101,8,-4.12701,2,8.683e+08,1,0,
202,2,451284533287,453094966789,12,-8.32074,4,8.681e+08,1,0,
280,2,406082620130,407069757500,11,0,2,8.681e+08,0,1,
277,2,323932719281,324385328934,10,-0.625381,4,8.685e+08,1,0,
243,1,773338493867,773410430306,7,20.9873,4,8.685e+08,1,0,
271,1,451577422320,453387856028,12,-1.72093,4,8.681e+08,1,0,
296,2,121650661934,123461095699,12,-8.6723,2,8.685e+08,1,0,
29,3,128477607482,130288041670,12,-20.7348,4,8.685e+08,1,0,
38,2,2268921803834,2268993740025,7,-2.68097,4,8.681e+08,1,0,
38,3,2268921803834,2268993740952,7,-6.10252,4,8.681e+08,1,0,
209,1,979013876370,979466485239,10,-14.4771,2,8.685e+08,1,0,
209,3,979013876370,979466485816,10,-13.0427,2,8.685e+08,1,0,
263,2,1139133430956,1139267063436,8,2.82309,2,8.683e+08,1,0,
263,3,1139133430956,1139267063703,8,12.3628,2,8.683e+08,1,0,
136,3,3398525039715,3399512176708,11,-16.3655,2,8.683e+08,1,0,
272,1,2376156400501,2376228336844,7,-4.76746,4,8.683e+08,1,0,
272,3,2376156400501,2376228338017,7,-3.67705,4,8.683e+08,1,0,
10,1,2039807694927,2040054479854,9,11.4907,2,8.683e+08,1,0,
10,2,2039807694927,2040054481033,9,-10.2343,2,8.683e+08,1,0,
99,1,131898194103,132885331233,11,-8.61084,2,8.685e+08,1,0,
99,2,131898194103,132885332469,11,-12.8727,2,8.685e+08,1,0,
146,1,1331618162272,1331864948071,9,-11.9176,2,8.683e+08,1,0,
284,2,1139778338965,1141588772213,12,0,4,8.685e+08,0,1,
239,1,755783226979,755855163163,7,2.55122,2,8.685e+08,1,0,
11,2,750774215983,751226825205,10,0,4,8.681e+08,0,1,
267,1,600986149212,601973286440,11,-8.5493,2,8.681e+08,1,0,
280,2,1367335903703,1368323041073,11,0.403184,2,8.683e+08,1,0,
384,1,2396877476390,2397124260960,9,4.58866,2,8.683e+08,1,0,
23,2,2437589128925,2438576266083,11,-12.2332,4,8.681e+08,1,0,
89,1,3223372784152,3223619570362,9,-1.06222,2,8.683e+08,1,0,
353,1,343275429976,343347366874,7,-0.419784,4,8.685e+08,1,0,
353,3,343275429976,343347366718,7,-6.80392,4,8.685e+08,1,0,
348,2,1013503764794,1013637399005,8,-10.2844,4,8.681e+08,1,0,
227,2,3400129550590,3400201487094,7,-0.90071,2,8.683e+08,1,0,
227,3,3400129550590,3400201488216,7,-4.38383,2,8.683e+08,1,0,
360,2,2092248036938,2092319973131,7,9.44459,4,8.685e+08,1,0,
360,3,2092248036938,2092319974301,7,3.91226,4,8.685e+08,1,0,
180,3,2670620388006,2670867173615,9,-5.42747,2,8.683e+08,1,0,
322,1,477553825013,477625761540,7,-3.56953,2,8.681e+08,1,0,
322,3,477553825013,477625761692,7,-8.48958,2,8.681e+08,1,0,
392,1,469962487288,470096119816,8,-10.4631,2,8.681e+08,1,0,
392,3,469962487288,470096120215,8,-5.87643,2,8.681e+08,1,0,
73,1,2555061244698,2555513853393,10,3.9328,2,8.685e+08,1,0,
73,2,2555061244698,2555513853956,10,5.12154,2,8.685e+08,1,0,
73,3,2555061244698,2555513854051,10,-5.00107,2,8.685e+08,1,0,
197,1,361408826631,362395964208,11,-9.76388,4,8.681e+08,1,0,
197,2,361408826631,362395964898,11,-16.9467,4,8.681e+08,1,0,
17,1,358064598611,359875032456,12,0,2,8.681e+08,0,1,
17,3,358064598611,359875033075,12,-15.0659,2,8.681e+08,1,0,
261,2,2237996529005,2238068465351,7,6.83247,2,8.683e+08,1,0,
229,1,814272243409,814344181108,7,5.10149,2,8.683e+08,1,0,
229,2,814272243409,814344179440,7,50.6087,2,8.683e+08,1,0,
13,1,3227924998616,3227996934740,7,-6.79195,4,8.683e+08,1,0,
97,1,1701494046049,1701740830570,9,-5.46223,4,8.681e+08,1,0,
202,1,2830680717877,2832491152487,12,-21.4713,4,8.683e+08,1,0,
202,3,2830680717877,2832491152499,12,-21.4713,4,8.683e+08,0,1,
150,2,1042365037046,1042498670099,8,-9.55684,2,8.685e+08,1,0,
119,2,123942862782,124395473166,10,0,2,8.685e+08,0,1,
27,3,125006629695,125140262354,8,-4.52962,4,8.685e+08,1,0,
368,1,133076965176,133148902273,7,-1.48622,2,8.685e+08,1,0,
368,3,133076965176,133148902006,7,0,2,8.685e+08,0,1,
104,1,126123814479,126257447021,8,6.53538,4,8.685e+08,1,0,
80,1,127627069407,127873854112,9,-12.7175,2,8.685e+08,1,0,
80,2,127627069407,127873855381,9,-13.1449,2,8.685e+08,1,0,
80,3,127627069407,127873854438,9,-7.56273,2,8.685e+08,1,0,
313,1,2638520925046,2638767709519,9,-7.67041,2,8.683e+08,1,0,
313,3,2638520925046,2638767710577,9,-14.308,2,8.683e+08,1,0,
263,2,783595404020,783729036500,8,-9.599,2,8.683e+08,1,0,
263,3,783595404020,783729036767,8,-11.0917,2,8.683e+08,1,0,
294,1,782136647388,782208584739,7,-7.47935,2,8.681e+08,1,0,
294,3,782136647388,782208583940,7,0,2,8.681e+08,0,1,
245,2,1017801926118,1018048710744,9,-9.49501,4,8.685e+08,1,0,
245,3,1017801926118,1018048711920,9,-10.0015,4,8.685e+08,1,0,
222,1,1097719480128,1099529913691,12,-21.7293,4,8.685e+08,1,0,
222,2,1097719480128,1099529914890,12,-21.7293,4,8.685e+08,0,1,
287,1,1121008953113,1121996091331,11,-4.25291,2,8.683e+08,1,0,
287,2,1121008953113,1121996090247,11,-8.82666,2,8.683e+08,1,0,
149,1,433703765256,434156374169,10,-10.4908,4,8.681e+08,1,0,
149,2,433703765256,434156375471,10,-16.2591,4,8.681e+08,1,0,
402,2,1330087286713,1330220919290,8,-7.87497,4,8.685e+08,1,0,
402,3,1330087286713,1330220920458,8,-8.55579,4,8.685e+08,1,0,
271,1,2622935974565,2624746408273,12,-15.1097,4,8.683e+08,1,0,
271,2,2622935974565,2624746408589,12,-15.0213,4,8.683e+08,1,0,
271,3,2622935974565,2624746409063,12,-17.1156,4,8.683e+08,1,0,
113,1,420713720990,420847354236,8,-1.24332,2,8.681e+08,1,0,
317,2,417244879567,417316815889,7,-5.70886,4,8.681e+08,1,0,
66,2,2042698469237,2042832101976,8,12.0619,4,8.681e+08,1,0,
273,1,2270604533111,2272414966578,12,-18.9923,2,8.685e+08,1,0,
273,3,2270604533111,2272414967657,12,-3.54031,2,8.685e+08,1,0,
44,3,1268367557460,1268439493866,7,6.84696,4,8.681e+08,1,0,
301,1,126962289654,127209074313,9,-10.2747,4,8.685e+08,1,0,
301,2,126962289654,127209075975,9,4.00187,4,8.685e+08,1,0,
261,2,127327096743,127399033089,7,-1.78833,2,8.681e+08,1,0,
66,2,1686280633826,1686414266565,8,7.87476,4,8.683e+08,1,0,
353,2,1248874981246,1248946918027,7,-8.70929,4,8.685e+08,1,0,
106,2,2315170679455,2316157816559,11,0,2,8.683e+08,0,1,
324,1,955055654123,956866087774,12,0,2,8.685e+08,0,1,
324,2,955055654123,956866088412,12,-15.0332,2,8.685e+08,1,0,
381,1,782195683180,782442468144,9,0,2,8.681e+08,0,1,
381,2,782195683180,782442468390,9,4.34923,2,8.681e+08,1,0,
381,3,782195683180,782442468712,9,4.34923,2,8.681e+08,0,1,
88,2,2570679434475,2572489868128,12,0,4,8.685e+08,0,1,
242,1,319594584702,321405017801,12,6.72254,2,8.685e+08,1,0,
12,1,2835157466320,2835404252066,9,-7.38623,4,8.683e+08,0,1,
12,2,2835157466320,2835404250977,9,-2.86336,4,8.683e+08,1,0,
12,3,2835157466320,2835404252003,9,-7.38623,4,8.683e+08,1,0,
286,2,2811577056389,2811710688993,8,-11.8529,4,8.683e+08,1,0,
286,3,2811577056389,2811710689178,8,-6.74737,4,8.683e+08,1,0,
339,1,132381894732,132453831132,7,16.7807,4,8.685e+08,1,0,
226,2,353826730113,353898666477,7,0,2,8.681e+08,0,1,
315,1,1361922869489,1363733303180,12,-18.0238,2,8.685e+08,1,0,
315,2,1361922869489,1363733302909,12,-18.7273,2,8.685e+08,1,0,
162,2,1371166745829,1371619355174,10,-0.654113,4,8.681e+08,1,0,
23,1,1436783455040,1437770593560,11,-11.4693,4,8.685e+08,1,0,
6,1,1363868455533,1363940393188,7,-8.24904,2,8.683e+08,1,0,
121,1,691091892336,692079029512,11,-7.92662,4,8.685e+08,1,0,
121,3,691091892336,692079029634,11,-11.4025,4,8.685e+08,1,0,
208,1,696576482343,696823268168,9,-12.2947,4,8.681e+08,1,0,
142,1,2252786879326,2253033664393,9,1.01634,4,8.683e+08,1,0,
142,3,2252786879326,2253033664693,9,-7.03819,4,8.683e+08,1,0,
387,1,944188517141,944641125838,10,-14.7274,2,8.681e+08,1,0,
387,3,944188517141,944641126986,10,-14.5012,2,8.681e+08,1,0,
367,1,2257488722590,2257941331863,10,-14.0101,4,8.685e+08,1,0,
367,2,2257488722590,2257941332654,10,-15.4519,4,8.685e+08,1,0,
367,3,2257488722590,2257941331495,10,0,4,8.685e+08,0,1,
385,2,341558717676,342011326441,10,2.11992,2,8.681e+08,1,0,
132,1,1023457553901,1023529491599,7,-2.83195,2,8.685e+08,1,0,
132,2,1023457553901,1023529490154,7,-2.731,2,8.685e+08,1,0,
132,3,1023457553901,1023529490927,7,-0.249328,2,8.685e+08,1,0,
189,1,2123622537178,2123756169654,8,4.76309,4,8.683e+08,1,0,
189,3,2123622537178,2123756169892,8,-9.13045,4,8.683e+08,1,0,
344,1,1319100922394,1320911355584,12,5.99775,2,8.685e+08,1,0,
344,2,1319100922394,1320911356530,12,-12.213,2,8.685e+08,1,0,
344,3,1319100922394,1320911356622,12,-4.17725,2,8.685e+08,1,0,
386,2,316865218417,316937154598,7,17.3874,4,8.681e+08,1,0,
386,3,316865218417,316937155659,7,8.16206,4,8.681e+08,1,0,
56,1,3480614579250,3481067189454,10,-13.6513,4,8.685e+08,1,0,
56,2,3480614579250,3481067188860,10,-11.4492,4,8.685e+08,1,0,
56,3,3480614579250,3481067188275,10,-11.1299,4,8.685e+08,1,0,
323,1,1408496087606,1410306521182,12,0,2,8.681e+08,0,1,
323,2,1408496087606,1410306521997,12,-11.9467,2,8.681e+08,1,0,
323,3,1408496087606,1410306522198,12,-15.3311,2,8.681e+08,1,0,
89,3,1407073864012,1407320650159,9,-13.8584,2,8.681e+08,1,0,
60,2,1404717097465,1404963883329,9,0.290482,2,8.685e+08,1,0,
60,3,1404717097465,1404963882442,9,-6.22526,2,8.685e+08,1,0,
398,2,1457049898437,1458860333156,12,-19.9364,2,8.683e+08,1,0,
319,1,851713416190,853523850612,12,-10.5147,2,8.681e+08,1,0,
319,2,851713416190,853523849814,12,0,2,8.681e+08,0,1,
251,1,1317222655065,1318209792380,11,-17.3439,2,8.681e+08,1,0,
327,3,2097546586855,2097793372445,9,-3.8517,2,8.683e+08,1,0,
189,2,615720126086,615853759530,8,-9.15974,4,8.685e+08,1,0,
189,3,615720126086,615853758800,8,-9.97871,4,8.685e+08,1,0,
47,1,3329381040559,3329627825350,9,-13.6827,4,8.683e+08,1,0,
49,1,1662276388427,1662410022044,8,-5.66495,4,8.681e+08,1,0,
49,2,1662276388427,1662410020982,8,1.01885,4,8.681e+08,1,0,
359,2,134239169667,134372802805,8,-0.879058,2,8.685e+08,1,0,
254,1,133291847344,135102280917,12,-14.2817,4,8.685e+08,1,0,
254,2,133291847344,135102281209,12,-14.9695,4,8.685e+08,1,0,
254,3,133291847344,135102281677,12,-14.9695,4,8.685e+08,0,1,
288,3,132491241693,132738027114,9,0,2,8.685e+08,0,1,
171,1,2306756918302,2308567352946,12,-22.2162,4,8.685e+08,1,0,
171,3,2306756918302,2308567351808,12,-16.7991,4,8.685e+08,1,0,
157,2,724333671509,724580456945,9,-1.91922,2,8.681e+08,1,0,
143,1,724126591029,725937024389,12,-10.6711,4,8.681e+08,1,0,
143,3,724126591029,725937025550,12,-10.6711,4,8.681e+08,0,1,
331,2,1679312513557,1679765122403,10,-7.31566,4,8.681e+08,1,0,
331,3,1679312513557,1679765122281,10,1.54599,4,8.681e+08,1,0,
110,1,2251097052738,2252084189682,11,-17.8263,2,8.683e+08,1,0,
110,2,2251097052738,2252084190024,11,-4.93391,2,8.683e+08,1,0,
110,3,2251097052738,2252084190313,11,-5.29481,2,8.683e+08,1,0,
381,2,2045512720399,2045759505609,9,-10.9949,2,8.685e+08,1,0,
327,2,133222341833,133469128388,9,-14.0001,2,8.685e+08,1,0,
108,1,134225793845,134297730321,7,13.8468,4,8.681e+08,1,0,
108,2,134225793845,134297731153,7,-6.01318,4,8.681e+08,1,0,
108,3,134225793845,134297730560,7,-6.15207,4,8.681e+08,1,0,
87,1,133541236887,133613173954,7,-0.424514,2,8.685e+08,1,0,
87,3,133541236887,133613173152,7,-9.39033,2,8.685e+08,1,0,
37,2,156684245330,157136855011,10,-14.2391,4,8.681e+08,1,0,
37,3,156684245330,157136855127,10,-6.36067,4,8.681e+08,1,0,
127,3,136502929459,136636562257,8,-2.88905,2,8.685e+08,1,0,
161,1,134724944900,135712081988,11,-11.8245,2,8.685e+08,1,0,
161,2,134724944900,135712083150,11,-11.8245,2,8.685e+08,0,1,
359,1,147602369677,147736002226,8,7.76922,2,8.681e+08,1,0,
359,3,147602369677,147736002452,8,-6.9406,2,8.681e+08,1,0,
117,2,592748819558,592820755826,7,6.39931,2,8.681e+08,1,0,
117,3,592748819558,592820756625,7,-3.20546,2,8.681e+08,1,0,
356,1,220082371730,221892806188,12,0,4,8.681e+08,0,1,
54,1,137554607403,138007217804,10,-10.3446,2,8.685e+08,0,1,
54,2,137554607403,138007216273,10,0,2,8.685e+08,0,1,
54,3,137554607403,138007217451,10,-10.3446,2,8.685e+08,1,0,
62,1,136569459561,136703092376,8,12.1063,4,8.685e+08,1,0,
92,1,146352450121,146424386537,7,6.41258,2,8.685e+08,1,0,
34,1,2296514563427,2298324996992,12,-5.16098,4,8.685e+08,1,0,
34,2,2296514563427,2298324997681,12,-11.2992,4,8.685e+08,1,0,
34,3,2296514563427,2298324997952,12,-20.7818,4,8.685e+08,1,0,
186,1,2233825951402,2234278560766,10,0,2,8.683e+08,0,1,
186,2,2233825951402,2234278562057,10,-12.6563,2,8.683e+08,1,0,
303,2,957588495552,958041104699,10,-7.86009,4,8.685e+08,1,0,
243,1,143012709797,143084646236,7,18.6435,4,8.681e+08,1,0,
237,1,783604744929,783738377609,8,-11.7254,2,8.685e+08,1,0,
58,2,806960968954,807207753707,9,7.13916,2,8.685e+08,1,0,
99,1,2925887144080,2926874281210,11,14.7132,2,8.685e+08,1,0,
99,3,2925887144080,2926874282351,11,-8.53979,2,8.685e+08,1,0,
327,3,2132540417386,2132787202976,9,-0.805862,2,8.681e+08,1,0,
35,3,145678323456,145811956341,8,-2.31883,4,8.685e+08,1,0,
11,1,1263903461797,1264356071729,10,-9.77991,4,8.685e+08,1,0,
11,2,1263903461797,1264356071019,10,-12.5061,4,8.685e+08,1,0,
11,3,1263903461797,1264356071949,10,-11.25,4,8.685e+08,1,0,
366,2,1695308876118,1695380812641,7,-6.59772,4,8.685e+08,1,0,
366,3,1695308876118,1695380812951,7,2.94734,4,8.685e+08,1,0,
126,1,145740613576,145987398565,9,-10.4478,4,8.681e+08,1,0,
126,2,145740613576,145987399755,9,-11.5443,4,8.681e+08,1,0,
126,3,145740613576,145987399682,9,-11.5977,4,8.681e+08,1,0,
146,2,430285807495,430532592676,9,-2.23308,2,8.681e+08,1,0,
146,3,430285807495,430532592129,9,-6.36423,2,8.681e+08,1,0,
348,1,1090278572274,1090412205134,8,-11.3253,4,8.685e+08,1,0,
327,3,435836238428,436083024018,9,-2.42232,2,8.681e+08,1,0,
9,1,426215031689,426667641467,10,-12.1936,2,8.681e+08,1,0,
9,3,426215031689,426667640541,10,-14.3412,2,8.681e+08,1,0,
367,1,1119393467315,1119846076588,10,0,4,8.685e+08,0,1,
367,2,1119393467315,1119846077379,10,1.46344,4,8.685e+08,1,0,
240,1,2011647651489,2013458085121,12,-10.896,2,8.685e+08,1,0,
240,2,2011647651489,2013458084860,12,-22.2774,2,8.685e+08,1,0,
240,3,2011647651489,2013458085570,12,-16.8193,2,8.685e+08,1,0,
137,1,3546970780708,3547104414413,8,1.7157,4,8.681e+08,1,0,
137,3,3546970780708,3547104413297,8,10.4325,4,8.681e+08,1,0,
321,3,3545133833188,3545205769754,7,-0.357741,2,8.683e+08,1,0,
286,1,1761625135114,1761758768810,8,-6.79936,4,8.683e+08,1,0,
247,1,1763987562278,1764440172438,10,-7.90564,2,8.685e+08,1,0,
187,1,3467402370388,3467854980688,10,-16.9673,4,8.685e+08,1,0,
187,3,3467402370388,3467854980588,10,0,4,8.685e+08,0,1,
56,3,667730874434,668183483459,10,-16.2427,4,8.681e+08,1,0,
150,2,1029001837036,1029135470089,8,-1.70859,2,8.685e+08,1,0,
327,2,1036143749262,1036390535817,9,-10.0417,2,8.685e+08,1,0,
110,1,3507694637516,3508681774460,11,-1.09044,2,8.683e+08,1,0,
110,3,3507694637516,3508681775091,11,-17.2942,2,8.683e+08,1,0,
297,2,1353389924475,1353461862449,7,-1.83528,4,8.681e+08,1,0,
105,2,1356172469185,1356244405506,7,-5.87675,4,8.685e+08,1,0,
105,3,1356172469185,1356244406649,7,3.93713,4,8.685e+08,1,0,
194,1,1712627876362,1713615013887,11,-12.3331,2,8.685e+08,1,0,
46,1,1058260672951,1058332609115,7,3.73027,4,8.683e+08,1,0,
174,1,138289717027,138423349863,8,3.635,2,8.685e+08,1,0,
174,3,138289717027,138423349660,8,-8.28793,2,8.685e+08,1,0,
373,1,145335967455,145788576868,10,-1.38756,2,8.685e+08,1,0,
373,3,145335967455,145788576764,10,2.52405,2,8.685e+08,1,0,
47,1,141742925095,141989709886,9,-11.7223,4,8.685e+08,1,0,
190,3,306107500612,306560109704,10,-14.2437,4,8.685e+08,1,0,
80,1,1401714660909,1401961445614,9,-1.58467,2,8.685e+08,1,0,
80,3,1401714660909,1401961445940,9,-12.0971,2,8.685e+08,1,0,
136,1,1402009606523,1402996744123,11,-6.43854,2,8.685e+08,1,0,
136,3,1402009606523,1402996743516,11,-14.2599,2,8.685e+08,1,0,
120,2,854569022256,854702654775,8,16.5672,2,8.681e+08,1,0,
258,1,842106483183,843916916729,12,0,4,8.681e+08,0,1,
258,3,842106483183,843916917732,12,0,4,8.681e+08,0,1,
35,1,843610981085,843744614059,8,-8.72215,4,8.685e+08,1,0,
35,2,843610981085,843744613781,8,-11.1853,4,8.685e+08,1,0,
217,2,1369847717297,1370300326284,10,-9.56485,4,8.685e+08,1,0,
217,3,1369847717297,1370300326789,10,-9.10416,4,8.685e+08,1,0,
346,1,1370030943403,1370102879697,7,15.4826,2,8.685e+08,1,0,
254,3,1176381902822,1178192337155,12,-20.0035,4,8.681e+08,1,0,
256,1,2957354569142,2957426506035,7,5.25882,4,8.683e+08,1,0,
256,2,2957354569142,2957426506769,7,5.25882,4,8.683e+08,0,1,
382,3,2040010113389,2040082050579,7,-6.66676,4,8.683e+08,1,0,
232,1,2260622622097,2260869407301,9,10.7363,4,8.685e+08,0,1,
232,3,2260622622097,2260869406752,9,10.7363,4,8.685e+08,1,0,
335,2,143755793223,143827729866,7,0.531815,2,8.685e+08,1,0,
335,3,143755793223,143827729773,7,-3.55286,2,8.685e+08,1,0,
333,1,144152251813,144399036908,9,1.82515,2,8.685e+08,0,1,
333,3,144152251813,144399036559,9,1.82515,2,8.685e+08,1,0,
287,2,297336776803,298323913937,11,-16.9591,2,8.681e+08,1,0,
93,1,147694306970,148146917371,10,-13.7834,4,8.685e+08,1,0,
93,2,147694306970,148146915881,10,-15.5423,4,8.685e+08,1,0,
93,3,147694306970,148146917061,10,-4.15115,4,8.685e+08,1,0,
229,1,2804768092679,2804840030378,7,-6.03758,2,8.681e+08,1,0,
229,2,2804768092679,2804840028710,7,45.2674,2,8.681e+08,1,0,
295,2,172435100477,172887709462,10,-4.54619,2,8.681e+08,1,0,
183,1,648874628660,649121413438,9,-9.41189,2,8.681e+08,1,0,
183,2,648874628660,649121414926,9,-11.1563,2,8.681e+08,1,0,
31,2,3440317519972,3440451152397,8,-6.38647,2,8.681e+08,1,0,
31,3,3440317519972,3440451153209,8,-5.14206,2,8.681e+08,1,0,
80,1,1377036260899,1377283045604,9,0.516206,2,8.685e+08,1,0,
80,2,1377036260899,1377283046873,9,-8.11261,2,8.685e+08,1,0,
80,3,1377036260899,1377283045930,9,13.9533,2,8.685e+08,1,0,
212,1,2006335899931,2008146333769,12,-3.0005,2,8.683e+08,0,1,
212,2,2006335899931,2008146333162,12,-3.0005,2,8.683e+08,1,0,
212,3,2006335899931,2008146334040,12,-3.11981,2,8.683e+08,1,0,
281,1,1118650663478,1119637801888,11,0,2,8.681e+08,0,1,
281,2,1118650663478,1119637800625,11,0,2,8.681e+08,0,1,
72,2,619851904166,620304514541,10,-16.3523,4,8.685e+08,1,0,
155,1,2953499331193,2955309765396,12,-5.16949,2,8.683e+08,1,0,
155,2,2953499331193,2955309764857,12,0.278657,2,8.683e+08,1,0,
228,2,1428780122120,1430590555318,12,-7.61693,2,8.685e+08,1,0,
228,3,1428780122120,1430590556491,12,-7.61693,2,8.685e+08,0,1,
304,2,1341081994068,1341534603112,10,4.1192,2,8.683e+08,1,0,
236,1,1366335420544,1366469052938,8,10.8383,2,8.685e+08,1,0,
236,2,1366335420544,1366469054314,8,-6.27862,2,8.685e+08,1,0,
66,2,1349453801803,1349587434542,8,5.81967,4,8.685e+08,1,0,
66,3,1349453801803,1349587434575,8,5.87267,4,8.685e+08,1,0,
261,2,604044308824,604116245170,7,-1.00148,2,8.685e+08,1,0,
345,1,1696718320301,1697170930440,10,-3.73964,2,8.685e+08,1,0,
231,3,155651139603,156103749684,10,-5.31496,2,8.681e+08,1,0,
212,1,146625294662,148435728500,12,-0.329986,2,8.685e+08,0,1,
212,2,146625294662,148435727893,12,-0.329986,2,8.685e+08,1,0,
269,2,146971916144,147043852368,7,6.55102,2,8.681e+08,1,0,
398,1,304288656073,306099089623,12,0,2,8.681e+08,0,1,
398,3,304288656073,306099090763,12,-15.7984,2,8.681e+08,1,0,
186,1,156541513484,156994122848,10,3.89266,2,8.685e+08,1,0,
186,3,156541513484,156994124011,10,-9.74673,2,8.685e+08,1,0,
63,1,2104998344438,2105245129471,9,-5.08249,4,8.683e+08,1,0,
63,2,2104998344438,2105245129076,9,5.45128,4,8.683e+08,1,0,
164,1,483301104399,483753713192,10,-3.24541,4,8.681e+08,1,0,
164,2,483301104399,483753714859,10,-3.24541,4,8.681e+08,0,1,
128,1,474922402866,476732836308,12,-18.7089,2,8.681e+08,1,0,
128,2,474922402866,476732837599,12,-20.681,2,8.681e+08,1,0,
133,1,1046078694669,1046150630859,7,-7.27803,2,8.681e+08,1,0,
80,1,476648559700,476895344405,9,-0.511169,2,8.681e+08,1,0,
80,3,476648559700,476895344731,9,-5.83816,2,8.681e+08,1,0,
396,1,478310575276,478382511691,7,-1.91061,4,8.681e+08,1,0,
396,3,478310575276,478382512487,7,1.92923,4,8.681e+08,1,0,
312,1,477065822260,478052959887,11,-16.6383,2,8.681e+08,1,0,
312,3,477065822260,478052961036,11,-17.6656,2,8.681e+08,1,0,
284,2,488678087302,490488520550,12,-1.3271,4,8.681e+08,1,0,
255,3,1131809519684,1131881456908,7,-9.15835,4,8.681e+08,1,0,
379,2,708893813500,709880950958,11,-10.187,2,8.681e+08,1,0,
30,2,697180373207,698990807227,12,-13.802,4,8.681e+08,1,0,
30,3,697180373207,698990807507,12,-8.84791,4,8.681e+08,1,0,
224,2,427406137778,427652924055,9,3.61467,4,8.681e+08,1,0,
224,3,427406137778,427652923207,9,-5.95766,4,8.681e+08,1,0,
299,1,419574480319,419646417040,7,12.9485,4,8.685e+08,1,0,
299,3,419574480319,419646418166,7,-9.2969,4,8.685e+08,1,0,
21,1,3252203560002,3252450344663,9,9.96473,2,8.685e+08,1,0,
21,2,3252203560002,3252450345201,9,2.04355,2,8.685e+08,1,0,
21,3,3252203560002,3252450345262,9,-3.44983,2,8.685e+08,1,0,
362,2,1070270725903,1070404358686,8,-4.50204,4,8.681e+08,1,0,
362,3,1070270725903,1070404359520,8,-6.01944,4,8.681e+08,1,0,
315,3,1118430342181,1120240776326,12,3.71345,2,8.685e+08,1,0,
301,1,1078448759180,1078695543839,9,-9.34726,4,8.685e+08,1,0,
301,3,1078448759180,1078695544935,9,-12.7675,4,8.685e+08,1,0,
378,1,1085138968957,1085385754834,9,-9.03778,2,8.685e+08,1,0,
378,2,1085138968957,1085385754463,9,-14.3828,2,8.685e+08,1,0,
378,3,1085138968957,1085385753666,9,-5.81393,2,8.685e+08,1,0,
371,1,2590722118680,2591174727994,10,5.28697,4,8.681e+08,1,0,
371,2,2590722118680,2591174728811,10,-7.61708,4,8.681e+08,1,0,
75,1,2995805521441,2996052306266,9,-2.89098,4,8.685e+08,1,0,
75,3,2995805521441,2996052306806,9,-9.59534,4,8.685e+08,1,0,
55,1,2994275964933,2996086398132,12,-0.526656,4,8.683e+08,1,0,
55,2,2994275964933,2996086399399,12,-19.481,4,8.683e+08,1,0,
55,3,2994275964933,2996086399284,12,-4.92772,4,8.683e+08,1,0,
309,2,2992360978553,2992494612121,8,-4.72938,2,8.683e+08,1,0,
309,3,2992360978553,2992494611008,8,4.75093,2,8.683e+08,1,0,
332,2,3135068724304,3136879159142,12,-20.7248,2,8.683e+08,1,0,
332,3,3135068724304,3136879158025,12,-6.56235,2,8.683e+08,1,0,
201,2,3160243149743,3160489934565,9,-5.84354,2,8.683e+08,1,0,
376,3,770696824954,770943609660,9,23.5553,2,8.681e+08,1,0,
42,2,772103906833,772175843228,7,5.86349,4,8.681e+08,1,0,
42,3,772103906833,772175843881,7,-0.66011,4,8.681e+08,1,0,
144,2,347204056618,347450842262,9,-9.0941,2,8.681e+08,1,0,
144,3,347204056618,347450841302,9,7.72987,2,8.681e+08,1,0,
390,3,348019277297,348091213434,7,12.7721,4,8.681e+08,1,0,
316,2,2349795965868,2350042750691,9,5.18543,4,8.683e+08,1,0,
132,2,1720024347861,1720096284114,7,-1.27864,2,8.683e+08,1,0,
132,3,1720024347861,1720096284887,7,-7.35879,2,8.683e+08,1,0,
323,2,3500036420698,3501846855089,12,-12.6092,2,8.683e+08,1,0,
323,3,3500036420698,3501846855290,12,-13.7651,2,8.683e+08,1,0,
118,1,442921551295,443374160355,10,4.38294,4,8.681e+08,1,0,
118,2,442921551295,443374160909,10,-0.95552,4,8.681e+08,1,0,
33,2,148232062997,148684672016,10,4.72758,2,8.685e+08,1,0,
33,3,148232062997,148684673117,10,18.5184,2,8.685e+08,1,0,
55,1,151689161777,153499594976,12,-3.11275,4,8.685e+08,1,0,
55,3,151689161777,153499596128,12,3.32632,4,8.685e+08,1,0,
214,3,149943055443,150014991500,7,18.5208,4,8.685e+08,1,0,
49,2,151456349544,151589982099,8,10.2634,4,8.685e+08,1,0,
324,2,150013745065,151824179354,12,-22.1433,2,8.685e+08,1,0,
258,1,1851944792173,1853755225719,12,-15.9571,4,8.685e+08,1,0,
313,1,2972526337942,2972773122415,9,0.510926,2,8.683e+08,1,0,
387,1,866320913615,866773522312,10,-11.112,2,8.681e+08,1,0,
387,2,866320913615,866773523940,10,-10.4493,2,8.681e+08,1,0,
387,3,866320913615,866773523460,10,-11.8846,2,8.681e+08,1,0,
229,2,848022132794,848094068825,7,34.0817,2,8.685e+08,1,0,
304,2,877050970229,877503579273,10,-13.6431,2,8.685e+08,1,0,
68,2,3320861076346,3321313685237,10,-4.50595,2,8.685e+08,1,0,
71,2,3317757239959,3317829177981,7,-7.09717,4,8.681e+08,1,0,
279,1,1172618893405,1173606031083,11,-9.30856,4,8.685e+08,1,0,
279,2,1172618893405,1173606031518,11,-9.30856,4,8.685e+08,0,1,
280,2,1006159802563,1007146939933,11,-17.4579,2,8.683e+08,1,0,
280,3,1006159802563,1007146941030,11,-19.3816,2,8.683e+08,1,0,
14,2,2912162813043,2912296445552,8,-2.96551,2,8.683e+08,1,0,
340,1,2905546829577,2905680462530,8,6.46085,4,8.681e+08,1,0,
340,3,2905546829577,2905680462129,8,-7.50944,4,8.681e+08,1,0,
397,1,712635491956,712882276758,9,-8.43745,2,8.681e+08,1,0,
249,1,382294312757,382427946094,8,-3.89706,2,8.681e+08,1,0,
249,2,382294312757,382427945349,8,2.45464,2,8.681e+08,1,0,
309,3,388458088955,388591721410,8,7.63039,2,8.681e+08,1,0,
353,1,2028166033080,2028237969978,7,-8.28555,4,8.681e+08,1,0,
362,1,2029000219887,2029133853390,8,-3.826,4,8.683e+08,1,0,
362,2,2029000219887,2029133852670,8,12.139,4,8.683e+08,1,0,
362,3,2029000219887,2029133853504,8,-10.7792,4,8.683e+08,1,0,
208,2,1391977871892,1392224656710,9,-13.2179,4,8.683e+08,1,0,
252,2,1765067236665,1765200869222,8,0.225831,2,8.683e+08,1,0,
326,2,1757995647613,1758067584438,7,-9.38913,4,8.681e+08,1,0,
326,3,1757995647613,1758067584010,7,0.365785,4,8.681e+08,1,0,
302,1,2624353337051,2624425273500,7,1.71515,4,8.685e+08,1,0,
354,2,152000176584,153810609742,12,0,4,8.685e+08,0,1,
245,2,155088792299,155335576925,9,-4.14616,4,8.685e+08,1,0,
111,2,272004065813,273814499312,12,-10.5747,4,8.681e+08,1,0,
111,3,272004065813,273814499392,12,-10.5747,4,8.681e+08,0,1,
177,1,159426485654,159498422911,7,5.60844,4,8.685e+08,1,0,
177,3,159426485654,159498421854,7,9.28896,4,8.685e+08,1,0,
300,1,157618411487,158605549887,11,-15.4355,2,8.685e+08,1,0,
300,2,157618411487,158605548820,11,0,2,8.685e+08,0,1,
300,3,157618411487,158605549918,11,-16.5269,2,8.685e+08,1,0,
318,1,800617767185,802428201846,12,-6.29806,4,8.685e+08,1,0,
318,3,800617767185,802428201644,12,-20.8516,4,8.685e+08,1,0,
252,2,780604018840,780737651397,8,7.43601,2,8.681e+08,1,0,
168,1,2148475407527,2148547343906,7,7.95612,4,8.683e+08,1,0,
168,2,2148475407527,2148547345060,7,-9.22665,4,8.683e+08,1,0,
188,1,1171342866217,1172330004431,11,-3.95972,2,8.685e+08,1,0,
188,2,1171342866217,1172330003381,11,-13.6698,2,8.685e+08,1,0,
184,2,3210128890738,3210581501173,10,-4.58133,4,8.683e+08,1,0,
185,2,326076222142,326323006671,9,0,2,8.685e+08,0,1,
240,2,2339813912753,2341624346124,12,0,2,8.683e+08,0,1,
140,1,2337524537156,2337977147675,10,-12.9473,2,8.685e+08,0,1,
140,2,2337524537156,2337977146065,10,18.7915,2,8.685e+08,1,0,
140,3,2337524537156,2337977146869,10,-12.9473,2,8.685e+08,1,0,
19,1,2342605242771,2343592381052,11,-10.1555,2,8.683e+08,1,0,
19,2,2342605242771,2343592380071,11,12.5296,2,8.683e+08,1,0,
88,2,634451602135,636262035788,12,-11.6671,4,8.681e+08,1,0,
382,1,509783857296,509855793742,7,1.02014,4,8.685e+08,1,0,
383,2,661346231468,663156665846,12,-15.407,4,8.681e+08,1,0,
32,1,514877559159,515864696297,11,-9.80539,4,8.681e+08,1,0,
32,2,514877559159,515864696962,11,-15.7344,4,8.681e+08,1,0,
32,3,514877559159,515864697190,11,-13.8707,4,8.681e+08,1,0,
380,2,511691818369,511763755405,7,-6.75252,4,8.681e+08,1,0,
181,1,510716876108,510788812985,7,14.7955,4,8.685e+08,1,0,
321,3,513135366480,513207303046,7,0.720292,2,8.685e+08,1,0,
256,1,518878699503,518950636396,7,-2.91904,4,8.681e+08,1,0,
256,2,518878699503,518950637130,7,-7.03953,4,8.681e+08,1,0,
256,3,518878699503,518950636058,7,0,4,8.681e+08,0,1,
106,2,531164944378,532152081482,11,0.101289,2,8.681e+08,1,0,
90,1,656063192057,656309978277,9,-4.07774,2,8.681e+08,1,0,
90,3,656063192057,656309977100,9,-12.635,2,8.681e+08,1,0,
270,1,957867247907,958114032862,9,-12.5047,2,8.681e+08,1,0,
270,3,957867247907,958114032859,9,-6.47566,2,8.681e+08,1,0,
379,3,1779176494858,1780163632454,11,-14.7498,2,8.685e+08,1,0,
276,1,161691979159,161938763773,9,-4.96936,2,8.685e+08,1,0,
165,1,157361953736,157433890198,7,-6.83649,4,8.685e+08,1,0,
335,2,1314208915175,1314280851818,7,-1.13145,2,8.685e+08,1,0,
246,1,332048299859,333858734419,12,-19.7463,4,8.685e+08,1,0,
246,3,332048299859,333858734382,12,-20.4531,4,8.685e+08,1,0,
140,2,353459495278,353912104187,10,0,2,8.685e+08,0,1,
221,2,356621461952,356693399641,7,-6.28064,4,8.685e+08,1,0,
189,1,353264722633,353398355109,8,5.79048,4,8.681e+08,1,0,
189,3,353264722633,353398355347,8,11.7958,4,8.681e+08,1,0,
216,2,965319364587,965771973804,10,-11.897,2,8.685e+08,1,0,
278,1,2218272287956,2218405920633,8,-10.2059,2,8.685e+08,1,0,
278,3,2218272287956,2218405920615,8,-9.58504,2,8.685e+08,1,0,
233,1,1475469949305,1477280383890,12,-4.7318,4,8.685e+08,1,0,
328,2,752358522695,753345659970,11,-18.7861,2,8.685e+08,1,0,
328,3,752358522695,753345659927,11,5.09818,2,8.685e+08,1,0,
263,2,756284626855,756418259335,8,3.48833,2,8.685e+08,1,0,
337,2,161820637996,162273247291,10,-2.84958,2,8.681e+08,1,0,
337,3,161820637996,162273246845,10,2.57753,2,8.681e+08,1,0,
396,1,163055876558,163127812973,7,5.32403,4,8.685e+08,1,0,
174,1,2619557102492,2619690735328,8,4.48366,2,8.683e+08,1,0,
174,3,2619557102492,2619690735125,8,1.94837,2,8.683e+08,1,0,
22,1,162526121644,164336555002,12,0,4,8.685e+08,0,1,
22,2,162526121644,164336555951,12,-0.294494,4,8.685e+08,1,0,
299,1,168484737101,168556673822,7,-4.74924,4,8.685e+08,1,0,
299,2,168484737101,168556675101,7,-1.65794,4,8.685e+08,1,0,
297,1,1271981034956,1272052971309,7,-0.623016,4,8.681e+08,1,0,
298,2,481339951125,481473583667,8,0.588319,2,8.681e+08,1,0,
298,3,481339951125,481473584469,8,-9.11946,2,8.681e+08,1,0,
272,1,482668483676,482740420019,7,-5.71986,4,8.681e+08,1,0,
272,3,482668483676,482740421192,7,5.51052,4,8.681e+08,1,0,
331,2,482354838166,482807447012,10,-5.68758,4,8.681e+08,1,0,
331,3,482354838166,482807446890,10,-15.0719,4,8.681e+08,1,0,
110,1,484907199490,485894336434,11,0,2,8.681e+08,0,1,
110,2,484907199490,485894336776,11,0,2,8.681e+08,0,1,
263,1,2188439897273,2188573530522,8,-1.14368,2,8.683e+08,1,0,
263,2,2188439897273,2188573529753,8,-4.5612,2,8.683e+08,1,0,
201,2,2358281542263,2358528327085,9,6.34057,2,8.683e+08,1,0,
201,3,2358281542263,2358528328166,9,-10.9115,2,8.683e+08,1,0,
59,1,1124212088442,1126022522024,12,-18.5413,4,8.685e+08,1,0,
59,2,1124212088442,1126022522459,12,-19.2898,4,8.685e+08,1,0,
59,3,1124212088442,1126022522862,12,-7.61456,4,8.685e+08,1,0,
394,2,1037231101493,1037683710603,10,-9.6319,4,8.685e+08,1,0,
83,1,1167205027524,1168192165447,11,-12.7839,2,8.681e+08,1,0,
83,2,1167205027524,1168192164706,11,-11.2952,2,8.681e+08,1,0,
59,1,1305255288452,1307065722034,12,0,4,8.685e+08,0,1,
59,2,1305255288452,1307065722469,12,-21.8405,4,8.685e+08,1,0,
394,2,3223218007152,3223670616262,10,-8.98706,4,8.685e+08,1,0,
390,1,1735991570635,1736063507681,7,-1.19484,4,8.683e+08,1,0,
390,2,1735991570635,1736063507854,7,-2.23665,4,8.683e+08,1,0,
390,3,1735991570635,1736063506772,7,2.80959,4,8.683e+08,1,0,
162,1,1743202901038,1743655511442,10,-0.0465232,4,8.683e+08,1,0,
162,2,1743202901038,1743655510383,10,-12.2424,4,8.683e+08,1,0,
162,3,1743202901038,1743655510315,10,-2.39917,4,8.683e+08,1,0,
131,1,2055485034035,2055618667157,8,-6.17538,2,8.685e+08,1,0,
131,2,2055485034035,2055618666792,8,-1.25764,2,8.685e+08,1,0,
131,3,2055485034035,2055618666496,8,-10.1543,2,8.685e+08,1,0,
188,2,2166041935275,2167029072439,11,0,2,8.683e+08,0,1,
188,3,2166041935275,2167029073518,11,-13.385,2,8.683e+08,1,0,
167,1,3321023760141,3322010897157,11,1.17227,4,8.685e+08,1,0,
224,3,2051400899086,2051647684515,9,-13.7763,4,8.683e+08,1,0,
64,2,165143775966,165215713446,7,-6.96913,4,8.685e+08,1,0,
64,3,165143775966,165215713531,7,-6.68896,4,8.685e+08,1,0,
250,1,166859235127,166931171534,7,5.54784,2,8.685e+08,1,0,
257,2,166517697199,166589633438,7,-1.86354,2,8.685e+08,1,0,
282,1,3522972503364,3523106135875,8,8.17757,4,8.683e+08,1,0,
66,2,3599472827981,3599606460720,8,-5.23598,4,8.683e+08,1,0,
66,3,3599472827981,3599606460753,8,-5.23598,4,8.683e+08,0,1,
52,2,3511790200452,3513600634068,12,0,4,8.681e+08,0,1,
52,3,3511790200452,3513600634831,12,-22.3505,4,8.681e+08,1,0,
380,1,1129562302210,1129634238916,7,-7.25197,4,8.685e+08,1,0,
112,2,2626792869163,2626864806477,7,19.0045,4,8.685e+08,0,1,
112,3,2626792869163,2626864805330,7,19.0045,4,8.685e+08,1,0,
390,3,2644926401188,2644998337325,7,9.02348,4,8.683e+08,1,0,
162,3,2648631814324,2649084423601,10,-6.94574,4,8.683e+08,1,0,
326,2,855470565683,855542502508,7,-8.40677,4,8.685e+08,1,0,
326,3,855470565683,855542502080,7,11.1895,4,8.685e+08,1,0,
220,2,848929326974,850739761041,12,-16.3634,4,8.681e+08,1,0,
220,3,848929326974,850739761320,12,-19.6382,4,8.681e+08,1,0,
202,2,1090921377387,1092731810889,12,-12.1231,4,8.685e+08,1,0,
267,2,2905078629574,2906065767033,11,-14.7091,2,8.683e+08,1,0,
211,2,354122830745,355109968090,11,-12.0801,4,8.685e+08,1,0,
258,2,348915589912,350726024248,12,7.17586,4,8.685e+08,1,0,
258,3,348915589912,350726024461,12,7.17586,4,8.685e+08,0,1,
392,1,3231518496290,3231652128818,8,-3.28387,2,8.683e+08,1,0,
298,1,500614572852,500748206966,8,-11.2127,2,8.681e+08,1,0,
298,2,500614572852,500748205394,8,-0.292266,2,8.681e+08,1,0,
298,3,500614572852,500748206196,8,-9.18384,2,8.681e+08,1,0,
258,1,529958789922,531769223468,12,-9.5733,4,8.681e+08,1,0,
65,2,586870446926,586942383277,7,6.59075,2,8.681e+08,1,0,
65,3,586870446926,586942383967,7,-0.854461,2,8.681e+08,1,0,
272,1,505969300533,506041236876,7,7.3951,4,8.681e+08,1,0,
226,2,505039823773,505111760137,7,2.90648,2,8.685e+08,1,0,
185,2,500796312672,501043097201,9,0,2,8.681e+08,0,1,
185,3,500796312672,501043098078,9,-12.2209,2,8.681e+08,1,0,
239,1,504795412418,504867348602,7,5.27609,2,8.685e+08,1,0,
46,1,1026241587293,1026313523457,7,35.1501,4,8.685e+08,1,0,
46,2,1026241587293,1026313525087,7,-6.24538,4,8.685e+08,1,0,
46,3,1026241587293,1026313524636,7,-5.38586,4,8.685e+08,1,0,
12,3,1258111061953,1258357847636,9,-8.80801,4,8.685e+08,1,0,
110,2,167655157641,168642294927,11,-19.3447,2,8.685e+08,1,0,
225,1,167409557724,167481493951,7,15.5071,2,8.685e+08,1,0,
283,1,2555019290290,2555091227088,7,-5.29857,2,8.683e+08,1,0,
123,1,3467441873169,3467688657998,9,-10.3664,4,8.683e+08,1,0,
279,2,2923719473994,2924706612107,11,-14.1333,4,8.685e+08,1,0,
201,1,2932502196937,2932748983421,9,-11.3778,4,8.681e+08,0,1,
201,2,2932502196937,2932748981759,9,-11.3778,4,8.681e+08,1,0,
253,1,1306824026789,1307276635904,10,0,4,8.681e+08,0,1,
329,1,1306930036649,1307001972781,7,0,4,8.685e+08,0,1,
234,2,1171390452366,1171843060913,10,-5.81355,4,8.685e+08,1,0,
327,1,1171287750035,1171534535142,9,-5.3221,2,8.683e+08,1,0,
327,2,1171287750035,1171534536590,9,-11.2888,2,8.683e+08,1,0,
327,3,1171287750035,1171534535625,9,-9.80986,2,8.683e+08,1,0,
393,1,2323212771954,2323459558109,9,-10.4397,2,8.683e+08,1,0,
393,3,2323212771954,2323459557106,9,-5.43498,2,8.683e+08,1,0,
392,1,1043189031557,1043322664085,8,-6.70851,2,8.683e+08,1,0,
367,1,1651522347848,1651974957121,10,0,4,8.683e+08,0,1,
367,2,1651522347848,1651974957912,10,-15.1509,4,8.683e+08,1,0,
301,1,167605086784,167851871443,9,0.345795,4,8.681e+08,1,0,
301,3,167605086784,167851872539,9,-8.76718,4,8.681e+08,1,0,
389,1,168515578818,168968188828,10,-1.16817,4,8.685e+08,0,1,
389,2,168515578818,168968187825,10,-1.16817,4,8.685e+08,1,0,
389,3,168515578818,168968187741,10,-11.8331,4,8.685e+08,1,0,
366,1,167947792190,168019729877,7,1.80216,4,8.685e+08,1,0,
366,2,167947792190,168019728713,7,-3.59517,4,8.685e+08,1,0,
366,3,167947792190,168019729023,7,-9.04127,4,8.685e+08,1,0,
71,1,175558501546,175630437901,7,12.1412,2,8.685e+08,1,0,
71,2,175558501546,175630439568,7,2.56783,2,8.685e+08,1,0,
348,1,170787504009,170921136869,8,-0.902709,4,8.685e+08,1,0,
348,3,170787504009,170921138028,8,-8.04053,4,8.685e+08,1,0,
283,1,169182572316,169254509114,7,-4.77032,2,8.685e+08,1,0,
283,2,169182572316,169254509282,7,-2.0831,2,8.685e+08,1,0,
283,3,169182572316,169254508871,7,5.51413,2,8.685e+08,1,0,
397,1,170667788633,170914573435,9,-0.668777,2,8.685e+08,1,0,
397,3,170667788633,170914574609,9,-11.9403,2,8.685e+08,1,0,
331,1,174115324164,174567933934,10,-11.753,4,8.685e+08,1,0,
331,2,174115324164,174567933010,10,-5.34428,4,8.685e+08,0,1,
331,3,174115324164,174567932888,10,-5.34428,4,8.685e+08,1,0,
215,2,173392214241,173464150526,7,-0.147613,4,8.685e+08,1,0,
179,3,175040843479,175493452907,10,-8.96229,4,8.685e+08,1,0,
179,2,3543443223590,3543895834106,10,-7.99554,4,8.685e+08,1,0,
154,1,3540323857626,3540457490283,8,0,4,8.685e+08,0,1,
52,1,434316364838,436126798739,12,0.0418709,4,8.681e+08,1,0,
52,2,434316364838,436126798454,12,-20.7333,4,8.681e+08,1,0,
52,3,434316364838,436126799217,12,-18.5238,4,8.681e+08,1,0,
176,1,434582198386,435034807291,10,-14.3074,2,8.681e+08,1,0,
176,2,434582198386,435034807414,10,-3.89687,2,8.681e+08,1,0,
392,1,2686945914545,2687079547073,8,-6.67342,2,8.685e+08,1,0,
212,1,2784361304472,2786171738310,12,-16.4145,2,8.683e+08,1,0,
212,3,2784361304472,2786171738581,12,-19.1787,2,8.683e+08,1,0,
179,1,779784032501,780236641811,10,-10.8982,4,8.685e+08,1,0,
180,2,760948247817,761195033212,9,-9.83899,2,8.685e+08,1,0,
180,3,760948247817,761195033426,9,-4.12538,2,8.685e+08,1,0,
88,1,826957111861,828767546637,12,-19.1828,4,8.685e+08,1,0,
88,2,826957111861,828767545514,12,-18.625,4,8.685e+08,1,0,
88,3,826957111861,828767546644,12,-12.0659,4,8.685e+08,1,0,
190,2,827028334268,827480943284,10,5.02534,4,8.681e+08,1,0,
190,3,827028334268,827480943360,10,-10.7939,4,8.681e+08,1,0,
111,3,884885380209,886695813788,12,-18.3696,4,8.685e+08,1,0,
87,2,829725823693,829797760656,7,-8.64246,2,8.681e+08,1,0,
87,3,829725823693,829797759958,7,0,2,8.681e+08,0,1,
138,1,437556508171,439366941841,12,-18.521,2,8.681e+08,1,0,
138,3,437556508171,439366942890,12,-18.521,2,8.681e+08,0,1,
168,1,431029884566,431101820945,7,14.026,4,8.681e+08,1,0,
168,3,431029884566,431101821911,7,-7.91321,4,8.681e+08,1,0,
120,2,444535551476,444669183995,8,1.57478,2,8.681e+08,1,0,
379,2,1205907376809,1206894514267,11,-15.2481,2,8.685e+08,1,0,
266,1,1171308770896,1171380707100,7,-7.02081,4,8.681e+08,1,0,
237,3,1171173530171,1171307163379,8,-0.0799705,2,8.685e+08,1,0,
301,1,1169469795426,1169716580085,9,-8.65669,4,8.685e+08,1,0,
214,2,1171613767684,1171685704842,7,-5.60116,4,8.685e+08,1,0,
214,3,1171613767684,1171685703741,7,31.1877,4,8.685e+08,1,0,
391,1,596351324622,596484957442,8,-0.198959,2,8.685e+08,1,0,
391,2,596351324622,596484958070,8,-0.198959,2,8.685e+08,0,1,
391,3,596351324622,596484957066,8,4.03339,2,8.685e+08,1,0,
343,1,823751655093,823885288077,8,-3.2232,2,8.685e+08,1,0,
274,1,1325388406673,1325522039241,8,-3.41504,4,8.685e+08,1,0,
109,2,1804439914923,1804511851146,7,0,2,8.683e+08,0,1,
109,3,1804439914923,1804511852297,7,-5.8827,2,8.683e+08,1,0,
14,1,1158317248767,1158450882181,8,-5.81116,2,8.685e+08,1,0,
14,2,1158317248767,1158450881276,8,-1.31406,2,8.685e+08,1,0,
380,1,997543524343,997615461049,7,0,4,8.685e+08,0,1,
372,3,2056948389352,2057935526314,11,8.79601,4,8.683e+08,1,0,
331,2,2954367112565,2954819721411,10,-10.9349,4,8.683e+08,1,0,
331,3,2954367112565,2954819721289,10,3.83137,4,8.683e+08,1,0,
391,1,2876876536868,2877010169688,8,-4.31384,2,8.683e+08,1,0,
391,2,2876876536868,2877010170316,8,-6.17462,2,8.683e+08,1,0,
391,3,2876876536868,2877010169312,8,-0.730453,2,8.683e+08,1,0,
176,1,2887810436911,2888263045816,10,-2.84662,2,8.683e+08,1,0,
176,2,2887810436911,2888263045939,10,-2.84662,2,8.683e+08,0,1,
176,3,2887810436911,2888263046234,10,1.11951,2,8.683e+08,1,0,
389,1,3377886882629,3378339492639,10,-5.19736,4,8.685e+08,1,0,
389,3,3377886882629,3378339491552,10,-8.77585,4,8.685e+08,1,0,
348,1,2338669744786,2338803377646,8,0,4,8.683e+08,0,1,
348,3,2338669744786,2338803378805,8,-9.03689,4,8.683e+08,1,0,
337,1,3459695076503,3460147686519,10,-12.2946,2,8.685e+08,1,0,
337,2,3459695076503,3460147685798,10,-9.30876,2,8.685e+08,1,0,
337,3,3459695076503,3460147685352,10,-5.00201,2,8.685e+08,1,0,
294,2,170543733945,170615670578,7,-2.66637,2,8.685e+08,1,0,
294,3,170543733945,170615670497,7,3.80963,2,8.685e+08,1,0,
40,3,172183750901,172255687107,7,2.79897,2,8.681e+08,1,0,
264,2,335466769127,335538706914,7,0.754533,2,8.685e+08,1,0,
264,3,335466769127,335538706614,7,-8.34665,2,8.685e+08,1,0,
263,1,340268523965,340402157214,8,0,2,8.681e+08,0,1,
263,2,340268523965,340402156445,8,0,2,8.681e+08,0,1,
19,2,358958405401,359945542701,11,-11.6382,2,8.685e+08,1,0,
109,2,358484717789,358556654012,7,25.2641,2,8.681e+08,1,0,
306,3,470252680717,470324617620,7,-5.7937,4,8.681e+08,1,0,
285,1,467303030597,467755641073,10,-15.0076,2,8.681e+08,0,1,
285,2,467303030597,467755639441,10,-15.0076,2,8.681e+08,1,0,
18,1,466892803940,466964740712,7,10.6569,4,8.681e+08,1,0,
219,1,466548231435,466620168446,7,-8.5955,4,8.681e+08,1,0,
125,1,3291200509129,3291447293820,9,-12.9343,4,8.683e+08,1,0,
125,3,3291200509129,3291447293752,9,-5.8871,4,8.683e+08,1,0,
40,1,3390541981974,3390613918951,7,-3.32606,2,8.683e+08,1,0,
40,2,3390541981974,3390613919137,7,-9.36742,2,8.683e+08,1,0,
40,3,3390541981974,3390613918180,7,26.2438,2,8.683e+08,1,0,
284,1,958735138955,960545573515,12,-22.0841,4,8.685e+08,1,0,
284,2,958735138955,960545572203,12,-8.98158,4,8.685e+08,1,0,
284,3,958735138955,960545572469,12,-8.98158,4,8.685e+08,0,1,
339,1,172399613832,172471550232,7,-8.73469,4,8.681e+08,1,0,
44,1,175836488133,175908425227,7,-7.31425,4,8.685e+08,1,0,
44,2,175836488133,175908424950,7,-0.462539,4,8.685e+08,1,0,
44,3,175836488133,175908424539,7,-9.05307,4,8.685e+08,1,0,
219,3,815263309736,815335246313,7,-3.10904,4,8.685e+08,1,0,
379,2,815127849614,816114987072,11,2.72694,2,8.681e+08,1,0,
379,3,815127849614,816114987210,11,-14.5447,2,8.681e+08,1,0,
40,1,647997901639,648069838616,7,-5.89906,2,8.685e+08,1,0,
40,2,647997901639,648069838802,7,-5.89906,2,8.685e+08,0,1,
40,3,647997901639,648069837845,7,-0.964797,2,8.685e+08,1,0,
151,2,679937702121,680009638574,7,-7.42908,4,8.683e+08,1,0,
151,3,679937702121,680009639293,7,-9.40318,4,8.683e+08,1,0,
298,2,343215526088,343349158630,8,-7.98212,2,8.685e+08,1,0,
7,3,343156642713,343228579137,7,-5.93661,2,8.685e+08,1,0,
165,1,342832146628,342904083090,7,7.58658,4,8.681e+08,1,0,
170,3,345240895522,346228032581,11,13.1222,2,8.681e+08,1,0,
208,2,3495292213255,3495538998073,9,8.0776,4,8.683e+08,1,0,
208,3,3495292213255,3495538999089,9,-0.372665,4,8.683e+08,1,0,
92,1,611094504064,611166440480,7,-2.57596,2,8.681e+08,1,0,
10,1,827657277208,827904062135,9,-4.25444,2,8.681e+08,1,0,
153,3,176543143876,176789929670,9,0,2,8.685e+08,0,1,
181,1,174927752785,174999689662,7,-3.71812,4,8.681e+08,1,0,
181,2,174927752785,174999689822,7,5.75337,4,8.681e+08,1,0,
181,3,174927752785,174999689163,7,-3.62199,4,8.681e+08,1,0,
252,1,305705863849,305839498046,8,8.31423,2,8.685e+08,1,0,
252,2,305705863849,305839496406,8,0,2,8.685e+08,0,1,
268,1,184303307183,186113741620,12,0,2,8.685e+08,0,1,
318,2,175885734582,177696167866,12,-5.19983,4,8.685e+08,1,0,
143,1,905169791039,906980224399,12,-8.26199,4,8.685e+08,1,0,
143,3,905169791039,906980225560,12,-15.4028,4,8.685e+08,1,0,
63,2,722478485169,722725269807,9,-10.2307,4,8.681e+08,1,0,
63,3,722478485169,722725270072,9,-8.89377,4,8.681e+08,1,0,
5,1,2290549696819,2291536834366,11,1.50646,2,8.683e+08,1,0,
19,2,1042809611558,1043796748858,11,-16.6487,2,8.681e+08,1,0,
19,3,1042809611558,1043796748702,11,-8.33559,2,8.681e+08,1,0,
397,1,1258567469285,1258814254087,9,-3.03914,2,8.685e+08,1,0,
251,1,1669894570592,1670881707907,11,-16.9624,2,8.685e+08,1,0,
251,3,1669894570592,1670881707910,11,-13.8143,2,8.685e+08,1,0,
60,1,2238953671069,2239200455650,9,10.1381,4,8.681e+08,1,0,
60,2,2238953671069,2239200456933,9,-0.808044,4,8.681e+08,1,0,
60,3,2238953671069,2239200456046,9,-6.7341,4,8.681e+08,1,0,
280,1,1268622303693,1269609442122,11,-11.0832,2,8.685e+08,1,0,
357,1,729064894487,729136831442,7,0,4,8.681e+08,0,1,
384,1,3478064314528,3478311099098,9,7.96975,2,8.683e+08,1,0,
384,2,3478064314528,3478311100387,9,2.89856,2,8.683e+08,1,0,
62,1,3479490402478,3479624035293,8,-9.44936,4,8.681e+08,1,0,
62,3,3479490402478,3479624035085,8,17.3369,4,8.681e+08,1,0,
137,3,944718709489,944852342078,8,5.76797,4,8.681e+08,1,0,
126,3,1661536978236,1661783764342,9,-3.67337,4,8.685e+08,1,0,
183,1,2914647034736,2914893819514,9,0,2,8.683e+08,0,1,
96,3,1447001581424,1447073518013,7,0,4,8.685e+08,0,1,
109,2,1445009871004,1445081807227,7,22.7515,2,8.685e+08,1,0,
56,2,1445166745827,1445619355437,10,-16.2943,4,8.683e+08,0,1,
56,3,1445166745827,1445619354852,10,-16.2943,4,8.683e+08,1,0,
95,3,393352021771,393423958147,7,7.0053,4,8.681e+08,1,0,
184,1,519152779892,519605388824,10,-4.47099,4,8.681e+08,1,0,
166,1,513314416450,513386353760,7,-8.46104,4,8.681e+08,1,0,
256,1,526072299513,526144236406,7,3.31209,4,8.681e+08,1,0,
256,2,526072299513,526144237140,7,-6.86232,4,8.681e+08,1,0,
256,3,526072299513,526144236068,7,-7.13295,4,8.681e+08,1,0,
225,2,3492758921875,3492830859542,7,-7.28604,4,8.681e+08,1,0,
368,1,3495817282590,3495889219687,7,12.8557,2,8.685e+08,1,0,
368,3,3495817282590,3495889219420,7,0.72136,2,8.685e+08,1,0,
103,1,1272354421718,1272426357989,7,12.5032,2,8.685e+08,1,0,
103,2,1272354421718,1272426359585,7,-8.17932,2,8.685e+08,1,0,
191,2,1274802580893,1275255189831,10,-13.03,4,8.681e+08,1,0,
380,1,175319243629,175391180335,7,5.64941,4,8.685e+08,1,0,
380,2,175319243629,175391180665,7,3.20831,4,8.685e+08,1,0,
380,3,175319243629,175391180242,7,5.75446,4,8.685e+08,1,0,
220,2,178508953147,180319387214,12,0.765397,4,8.685e+08,1,0,
220,3,178508953147,180319387493,12,-5.95001,4,8.685e+08,1,0,
79,1,181616513724,181688449831,7,-0.988601,4,8.685e+08,1,0,
194,1,178336091725,179323229250,11,-16.7991,2,8.685e+08,1,0,
194,2,178336091725,179323230118,11,-0.88446,2,8.685e+08,1,0,
194,3,178336091725,179323228950,11,-16.1742,2,8.685e+08,1,0,
316,2,2042699680541,2042946465364,9,-12.5132,4,8.683e+08,1,0,
316,3,2042699680541,2042946465381,9,-1.85135,4,8.683e+08,1,0,
260,2,2073926122838,2073998059361,7,-5.51276,4,8.681e+08,1,0,
260,3,2073926122838,2073998060115,7,9.94816,4,8.681e+08,1,0,
155,2,1068285973400,1070096407064,12,-8.08604,2,8.681e+08,1,0,
28,2,344522125781,345509263116,11,-12.5535,2,8.681e+08,1,0,
77,1,344772823256,344844760276,7,7.13944,2,8.685e+08,1,0,
7,1,1262982257005,1263054194085,7,-7.97821,2,8.685e+08,1,0,
7,2,1262982257005,1263054193815,7,-5.63699,2,8.685e+08,1,0,
7,3,1262982257005,1263054193429,7,-0.258742,2,8.685e+08,1,0,
357,3,180593971359,180665907710,7,6.19036,4,8.685e+08,1,0,
222,2,182921987746,184732422508,12,-5.07486,4,8.685e+08,1,0,
29,3,309520807492,311331241680,12,-4.20404,4,8.681e+08,1,0,
328,1,181908795647,182895933996,11,-15.7464,2,8.685e+08,1,0,
328,2,181908795647,182895932922,11,0.701905,2,8.685e+08,1,0,
328,3,181908795647,182895932879,11,-11.1731,2,8.685e+08,1,0,
142,1,183099039366,183345824433,9,-3.18274,4,8.685e+08,1,0,
350,1,198014433856,198261218712,9,-8.89729,2,8.685e+08,1,0,
237,1,1658041591958,1658175224638,8,9.99224,2,8.683e+08,1,0,
237,3,1658041591958,1658175225166,8,9.99224,2,8.683e+08,0,1,
369,1,507337719192,509148152766,12,-7.05212,4,8.681e+08,1,0,
369,3,507337719192,509148153915,12,-21.6119,4,8.681e+08,1,0,
305,1,188805788679,189052573541,9,-9.3965,2,8.685e+08,1,0,
305,2,188805788679,189052574781,9,-12.8676,2,8.685e+08,1,0,
129,3,1050603203091,1050675139789,7,8.5865,2,8.685e+08,1,0,
264,1,1070904387142,1070976323487,7,-7.35316,2,8.681e+08,1,0,
264,2,1070904387142,1070976324929,7,-6.67598,2,8.681e+08,1,0,
264,3,1070904387142,1070976324629,7,-7.35316,2,8.681e+08,0,1,
247,1,1048914893125,1049367503285,10,-15.1406,2,8.685e+08,0,1,
247,2,1048914893125,1049367501974,10,-15.1406,2,8.685e+08,1,0,
207,2,2859152859693,2860139997186,11,-11.1376,4,8.683e+08,1,0,
207,3,2859152859693,2860139996975,11,0,4,8.683e+08,0,1,
323,1,3043591611130,3045402044706,12,3.57493,2,8.683e+08,1,0,
323,2,3043591611130,3045402045521,12,-0.599227,2,8.683e+08,1,0,
323,3,3043591611130,3045402045722,12,-12.0936,2,8.683e+08,1,0,
197,1,1114692844299,1115679981876,11,-16.5321,4,8.685e+08,1,0,
197,2,1114692844299,1115679982566,11,-16.2103,4,8.685e+08,1,0,
34,3,2477557763437,2479368197962,12,0,4,8.683e+08,0,1,
280,2,3448872929100,3449860066470,11,-3.21199,2,8.683e+08,1,0,
280,3,3448872929100,3449860067567,11,-6.18391,2,8.683e+08,1,0,
374,1,2213700622163,2213772559285,7,4.6613,4,8.683e+08,1,0,
374,2,2213700622163,2213772559229,7,-7.65706,4,8.683e+08,1,0,
374,3,2213700622163,2213772558295,7,26.043,4,8.683e+08,1,0,
132,2,1067875216941,1067947153194,7,16.3163,2,8.685e+08,1,0,
354,1,2347322025634,2349132459988,12,-1.61085,4,8.683e+08,0,1,
354,3,2347322025634,2349132459923,12,-1.61085,4,8.683e+08,1,0,
271,1,194984385736,196794819444,12,-12.7841,4,8.681e+08,1,0,
98,2,185610603096,185682539301,7,25.3432,2,8.685e+08,1,0,
242,2,620322031099,622132465582,12,-15.0918,2,8.681e+08,1,0,
32,1,2833846721397,2834833858535,11,0,4,8.683e+08,0,1,
32,3,2833846721397,2834833859428,11,-9.40698,4,8.683e+08,1,0,
378,1,2002616576416,2002863362293,9,0,2,8.683e+08,0,1,
378,3,2002616576416,2002863361125,9,0,2,8.683e+08,0,1,
63,1,2649169579541,2649416364574,9,-11.3534,4,8.685e+08,1,0,
63,2,2649169579541,2649416364179,9,-0.343871,4,8.685e+08,1,0,
210,1,1285101628765,1285348413437,9,-6.73621,4,8.685e+08,1,0,
212,1,3429658823618,3431469257456,12,-1.90799,2,8.685e+08,1,0,
212,2,3429658823618,3431469256849,12,-13.6589,2,8.685e+08,1,0,
212,3,3429658823618,3431469257727,12,-13.2122,2,8.685e+08,1,0,
341,1,2394690538319,2394824171434,8,-4.58998,2,8.685e+08,1,0,
341,2,2394690538319,2394824170941,8,1.74214,2,8.685e+08,1,0,
150,3,2391240959418,2391374591962,8,3.88991,2,8.685e+08,1,0,
258,1,2410856050121,2412666483667,12,-20.1489,4,8.683e+08,1,0,
258,3,2410856050121,2412666484670,12,-21.6393,4,8.683e+08,1,0,
169,2,325337688176,325584472837,9,6.87677,4,8.685e+08,1,0,
272,1,325823636998,325895573341,7,1.13239,4,8.685e+08,1,0,
252,2,3229830661633,3229964294190,8,-2.52035,4,8.681e+08,1,0,
252,3,3229830661633,3229964295336,8,-9.29991,4,8.681e+08,1,0,
83,2,186768362161,187755499343,11,0,2,8.685e+08,0,1,
121,1,188356939419,189344076595,11,-4.31177,4,8.685e+08,1,0,
121,3,188356939419,189344076717,11,-14.7442,4,8.685e+08,1,0,
294,2,839619323048,839691259681,7,-1.00958,2,8.685e+08,1,0,
294,3,839619323048,839691259600,7,-4.0437,2,8.685e+08,1,0,
394,3,341555844661,342008453599,10,6.09449,4,8.681e+08,1,0,
376,1,2393626954961,2393873740829,9,16.3999,2,8.683e+08,1,0,
132,2,334822779680,334894715933,7,23.3166,2,8.685e+08,1,0,
307,1,199036671454,199108609058,7,-3.63316,4,8.685e+08,1,0,
307,2,199036671454,199108607605,7,6.08489,4,8.685e+08,1,0,
130,1,189859048792,191669483623,12,-21.2569,2,8.685e+08,0,1,
130,2,189859048792,191669482457,12,-21.2569,2,8.685e+08,1,0,
115,2,189625669104,190078278059,10,-10.5246,4,8.685e+08,1,0,
291,1,231286403641,231739014054,10,-6.6897,2,8.681e+08,1,0,
53,2,194963255155,195035192044,7,-1.00169,4,8.681e+08,1,0,
233,2,192663486124,194473919431,12,-15.2131,4,8.685e+08,1,0,
233,3,192663486124,194473919644,12,-19.9494,4,8.685e+08,1,0,
345,2,191271174658,191723783922,10,-8.79648,2,8.685e+08,1,0,
131,1,198107796825,198241429947,8,-7.45605,2,8.681e+08,1,0,
131,2,198107796825,198241429582,8,-7.83527,2,8.681e+08,1,0,
131,3,198107796825,198241429286,8,16.7617,2,8.681e+08,1,0,
108,1,2606200005736,2606271942212,7,4.02284,4,8.681e+08,1,0,
374,3,726339887845,726411823977,7,34.0883,4,8.685e+08,1,0,
311,3,2635201380989,2637011815271,12,-17.6272,2,8.683e+08,1,0,
374,3,1280854920699,1280926856831,7,20.092,4,8.685e+08,1,0,
101,3,1688087007928,1688220640456,8,-9.97433,2,8.683e+08,1,0,
318,1,3196000860863,3197811295524,12,-13.5711,4,8.683e+08,0,1,
318,2,3196000860863,3197811294147,12,-13.5711,4,8.683e+08,1,0,
332,1,2405076153550,2406886587188,12,0,2,8.685e+08,0,1,
193,1,375094116927,375546725629,10,-1.07713,2,8.681e+08,1,0,
193,2,375094116927,375546727157,10,-8.99104,2,8.681e+08,1,0,
243,1,386571510115,386643446554,7,12.3222,4,8.685e+08,1,0,
295,1,391013578901,391466189242,10,-5.88931,2,8.681e+08,1,0,
295,2,391013578901,391466187886,10,-12.0842,2,8.681e+08,1,0,
62,2,393162736391,393296370028,8,-8.5665,4,8.681e+08,1,0,
80,1,2806822044134,2807068828839,9,0,2,8.685e+08,0,1,
80,2,2806822044134,2807068830108,9,0,2,8.685e+08,0,1,
129,2,724471164199,724543101627,7,-8.29694,2,8.681e+08,1,0,
129,3,724471164199,724543100897,7,-0.620635,2,8.681e+08,1,0,
154,2,2688080351240,2688213984414,8,-5.05981,4,8.681e+08,1,0,
313,1,2673371130321,2673617914794,9,15.8368,2,8.685e+08,1,0,
313,2,2673371130321,2673617916021,9,-9.94646,2,8.685e+08,1,0,
313,3,2673371130321,2673617915852,9,-13.723,2,8.685e+08,1,0,
230,1,195449157211,197259590895,12,-19.5113,2,8.685e+08,1,0,
230,3,195449157211,197259591936,12,-19.5113,2,8.685e+08,0,1,
316,1,195175882177,195422667022,9,-8.58731,4,8.685e+08,1,0,
316,3,195175882177,195422667017,9,-13.0656,4,8.685e+08,1,0,
59,2,305526916855,307337350872,12,0,4,8.681e+08,0,1,
390,3,197633241561,197705177698,7,0,4,8.685e+08,0,1,
251,1,3242278210542,3243265347857,11,7.45272,4,8.681e+08,1,0,
251,2,3242278210542,3243265348972,11,-17.3642,4,8.681e+08,1,0,
25,1,3277950766857,3278403375887,10,-12.2377,4,8.681e+08,1,0,
25,2,3277950766857,3278403377319,10,-16.2369,4,8.681e+08,1,0,
11,2,1349922474769,1350375083991,10,0,4,8.683e+08,0,1,
11,3,1349922474769,1350375084921,10,-0.444411,4,8.683e+08,1,0,
220,1,1353022583313,1354833016735,12,-9.99702,4,8.685e+08,1,0,
220,2,1353022583313,1354833017380,12,-8.60895,4,8.685e+08,1,0,
229,1,404224512217,404296449916,7,-0.60591,2,8.681e+08,1,0,
229,2,404224512217,404296448248,7,36.2464,2,8.681e+08,1,0,
73,1,1485363648009,1485816256704,10,-13.3941,2,8.685e+08,1,0,
160,1,1035356183730,1035602968547,9,-13.4486,2,8.685e+08,1,0,
160,2,1035356183730,1035602968713,9,-12.254,2,8.685e+08,1,0,
160,3,1035356183730,1035602968235,9,-9.98193,2,8.685e+08,1,0,
239,1,441144180122,441216116306,7,-6.45097,2,8.681e+08,1,0,
398,1,485331856083,487142289633,12,0,2,8.681e+08,0,1,
398,3,485331856083,487142290773,12,0,2,8.681e+08,0,1,
238,3,1102850315539,1103097100424,9,-12.9708,4,8.685e+08,1,0,
135,1,1103524869124,1103771655294,9,-9.52916,2,8.683e+08,1,0,
135,2,1103524869124,1103771653998,9,-8.70256,2,8.683e+08,1,0,
121,1,894743694281,895730831457,11,-9.06308,4,8.685e+08,1,0,
373,1,970774987580,971227596993,10,-5.29251,2,8.681e+08,1,0,
153,1,2975914948449,2976161733204,9,-11.9178,2,8.685e+08,1,0,
153,3,2975914948449,2976161734243,9,-2.18718,2,8.685e+08,1,0,
115,2,2970993522831,2971446131786,10,-9.74296,4,8.683e+08,1,0,
338,1,2236069479335,2236316264108,9,-10.1265,4,8.683e+08,1,0,
13,1,1134282496175,1134354432299,7,-1.91672,4,8.685e+08,1,0,
329,1,1147150259058,1147222195190,7,0,4,8.685e+08,0,1,
215,2,1708002300720,1708074237005,7,-4.6404,4,8.683e+08,1,0,
266,1,1770302496257,1770374432461,7,14.9529,4,8.683e+08,1,0,
82,1,1764463986418,1764535922827,7,8.29434,4,8.685e+08,1,0,
161,3,767349976291,768337114494,11,-12.6097,2,8.681e+08,1,0,
316,1,782911832106,783158616951,9,-5.57097,4,8.685e+08,0,1,
316,2,782911832106,783158616929,9,-5.57097,4,8.685e+08,1,0,
316,3,782911832106,783158616946,9,-5.57097,4,8.685e+08,0,1,
130,2,2092613908606,2094424342271,12,0,2,8.683e+08,0,1,
147,1,814367301919,816177735325,12,-7.6394,4,8.685e+08,1,0,
251,1,2853252341947,2854239479262,11,0,2,8.683e+08,0,1,
251,2,2853252341947,2854239480377,11,-11.6573,2,8.683e+08,1,0,
251,3,2853252341947,2854239479265,11,-3.36871,2,8.683e+08,1,0,
145,2,1421613184841,1423423618208,12,-13.997,2,8.685e+08,1,0,
179,1,1045791114582,1046243723892,10,-10.3278,4,8.685e+08,1,0,
179,3,1045791114582,1046243724010,10,-10.3278,4,8.685e+08,0,1,
228,2,1247736922110,1249547355308,12,-8.05766,2,8.681e+08,1,0,
265,1,1481813008117,1481884944664,7,-4.27455,2,8.683e+08,1,0,
331,1,1634051713547,1634504323317,10,-9.47069,4,8.683e+08,1,0,
331,3,1634051713547,1634504322271,10,-5.50355,4,8.683e+08,1,0,
400,2,495482792546,496469929829,11,-1.03606,2,8.681e+08,1,0,
400,3,495482792546,496469930773,11,-8.15861,2,8.681e+08,1,0,
125,1,496846264448,497093049139,9,-2.83388,4,8.681e+08,1,0,
125,3,496846264448,497093049071,9,0,4,8.681e+08,0,1,
138,3,1756091263426,1757901698145,12,-11.1711,2,8.685e+08,1,0,
169,2,1754468752423,1754715537084,9,0,4,8.683e+08,0,1,
309,1,201626692651,201760325628,8,-10.5395,2,8.685e+08,1,0,
309,3,201626692651,201760325106,8,-8.76817,2,8.685e+08,1,0,
20,2,198975047028,199221831942,9,-12.4485,4,8.685e+08,1,0,
347,2,325210586691,327021021167,12,0,2,8.681e+08,0,1,
86,3,203599300736,203846085653,9,-0.906783,2,8.685e+08,1,0,
395,1,199993261229,200126893969,8,0,4,8.685e+08,0,1,
395,2,199993261229,200126895139,8,-1.62616,4,8.685e+08,1,0,
253,1,200044606759,200497215874,10,0,2,8.685e+08,0,1,
253,2,200044606759,200497216748,10,0,2,8.685e+08,0,1,
253,3,200044606759,200497216870,10,-14.7268,2,8.685e+08,1,0,
50,1,203295627806,203748236638,10,-14.163,2,8.685e+08,1,0,
50,2,203295627806,203748238303,10,2.03684,2,8.685e+08,1,0,
89,2,341557240562,341804025591,9,-10.0256,2,8.685e+08,1,0,
381,1,339992159539,340238944503,9,-0.802138,2,8.685e+08,1,0,
229,2,746014841195,746086777226,7,10.4837,2,8.685e+08,1,0,
128,3,837008802886,838819236545,12,-3.96901,2,8.685e+08,1,0,
115,1,743523579258,743976188679,10,-8.1322,4,8.681e+08,1,0,
115,3,743523579258,743976188937,10,-9.01001,4,8.681e+08,1,0,
26,2,745159436564,745231373263,7,-7.3911,4,8.681e+08,1,0,
332,1,2954025524294,2955835957932,12,-21.5161,2,8.685e+08,1,0,
266,1,360610909786,360682845990,7,12.4416,4,8.681e+08,1,0,
266,3,360610909786,360682846828,7,3.4736,4,8.681e+08,1,0,
58,2,362017872901,362264657654,9,8.46845,2,8.681e+08,1,0,
293,1,356363177785,358173611347,12,0,2,8.685e+08,0,1,
293,3,356363177785,358173612063,12,-15.062,2,8.685e+08,1,0,
31,1,1684554489624,1684688123605,8,-9.82948,2,8.685e+08,0,1,
31,3,1684554489624,1684688122861,8,-9.82948,2,8.685e+08,1,0,
204,1,665785455269,665857391368,7,7.83595,4,8.681e+08,1,0,
204,3,665785455269,665857392404,7,-2.28848,4,8.681e+08,1,0,
353,1,3335661305299,3335733242197,7,-4.04594,4,8.683e+08,0,1,
353,2,3335661305299,3335733242080,7,-4.04594,4,8.683e+08,1,0,
353,3,3335661305299,3335733242041,7,-7.94981,4,8.683e+08,1,0,
303,1,458720028217,459172637216,10,-16.0822,4,8.681e+08,1,0,
303,3,458720028217,459172637726,10,-0.978103,4,8.681e+08,1,0,
239,1,457023996974,457095933158,7,21.0194,2,8.681e+08,1,0,
239,2,457023996974,457095934824,7,-3.38408,2,8.681e+08,1,0,
73,1,447831453782,448284062477,10,-1.52579,2,8.681e+08,1,0,
73,2,447831453782,448284063040,10,-1.94321,2,8.681e+08,1,0,
389,1,444045712752,444498322762,10,-0.581679,4,8.681e+08,1,0,
389,2,444045712752,444498321759,10,-15.8029,4,8.681e+08,1,0,
389,3,444045712752,444498321675,10,-11.2426,4,8.681e+08,1,0,
70,2,446527785415,446661418007,8,0,2,8.681e+08,0,1,
159,3,3284802027085,3284935659977,8,-9.20257,4,8.685e+08,1,0,
253,3,362644404404,363097014515,10,-10.2188,2,8.681e+08,1,0,
226,1,2390042146606,2390114084465,7,8.77957,2,8.683e+08,1,0,
112,3,2389268623929,2389340560096,7,13.2017,4,8.683e+08,1,0,
317,2,2403822761593,2403894697915,7,0,4,8.681e+08,0,1,
292,2,1409766552748,1409900185441,8,4.99279,4,8.685e+08,1,0,
292,3,1409766552748,1409900186060,8,-9.23334,4,8.685e+08,1,0,
137,2,2572911332524,2573044965516,8,4.43204,4,8.685e+08,0,1,
137,3,2572911332524,2573044965113,8,4.43204,4,8.685e+08,1,0,
100,1,1685978898234,1686431507165,10,3.38162,4,8.683e+08,1,0,
383,2,2289785933951,2291596368329,12,-20.5493,4,8.683e+08,1,0,
269,2,856932261011,857004197235,7,-6.71478,2,8.685e+08,1,0,
64,1,1151367144208,1151439080941,7,-3.74472,4,8.683e+08,1,0,
64,2,1151367144208,1151439081688,7,10.5651,4,8.683e+08,1,0,
64,3,1151367144208,1151439081773,7,-7.5441,4,8.683e+08,1,0,
296,1,1185991970525,1187802404043,12,-20.3574,2,8.685e+08,1,0,
296,2,1185991970525,1187802404290,12,-20.3574,2,8.685e+08,0,1,
296,3,1185991970525,1187802404770,12,0.83783,2,8.685e+08,1,0,
60,3,1190350015995,1190596800972,9,-5.41437,2,8.685e+08,1,0,
273,1,1184806031194,1186616464661,12,-18.3145,2,8.685e+08,1,0,
321,2,756422393375,756494331058,7,-6.55618,2,8.683e+08,1,0,
229,2,753390219471,753462155502,7,12.8773,2,8.685e+08,1,0,
312,1,754043798709,755030936336,11,-17.6003,2,8.685e+08,1,0,
312,2,754043798709,755030937531,11,-8.88232,2,8.685e+08,1,0,
320,1,316793581688,317246190512,10,6.92742,2,8.685e+08,1,0,
320,3,316793581688,317246191671,10,-13.1304,2,8.685e+08,1,0,
151,1,1378469912928,1378541850880,7,5.67508,4,8.683e+08,1,0,
151,3,1378469912928,1378541850100,7,-6.08945,4,8.683e+08,1,0,
325,1,657993684166,658127317329,8,-2.73415,4,8.681e+08,1,0,
325,2,657993684166,658127316675,8,-7.21686,4,8.681e+08,1,0,
114,3,1432831592378,1432903528447,7,28.5739,4,8.685e+08,1,0,
139,3,1317666715929,1317738653719,7,-5.76837,4,8.685e+08,1,0,
236,1,325086443466,325220075860,8,3.39938,2,8.685e+08,1,0,
369,1,326294519182,328104952756,12,0,4,8.685e+08,0,1,
369,2,326294519182,328104953961,12,0,4,8.685e+08,0,1,
59,1,2116788902800,2118599336382,12,-13.8294,4,8.683e+08,1,0,
59,3,2116788902800,2118599337220,12,-13.8294,4,8.683e+08,0,1,
246,1,2645483957396,2647294391956,12,-19.5114,4,8.681e+08,0,1,
246,2,2645483957396,2647294390785,12,-14.4247,4,8.681e+08,1,0,
246,3,2645483957396,2647294391919,12,-19.5114,4,8.681e+08,1,0,
217,1,2784694213319,2785146822456,10,1.03447,4,8.681e+08,1,0,
217,3,2784694213319,2785146822811,10,-10.3467,4,8.681e+08,1,0,
336,2,331336385225,333146818907,12,-13.3939,2,8.685e+08,1,0,
106,1,333737744358,334724882266,11,-16.6677,2,8.685e+08,1,0,
106,2,333737744358,334724881462,11,-12.2796,2,8.685e+08,1,0,
69,2,1457301021758,1457547806717,9,-8.91867,4,8.681e+08,1,0,
69,3,1457301021758,1457547807881,9,-0.056472,4,8.681e+08,1,0,
229,2,1261560822067,1261632758098,7,18.5196,2,8.683e+08,1,0,
229,3,1261560822067,1261632759271,7,-5.76053,2,8.683e+08,1,0,
68,2,205155835737,205608444628,10,-9.83122,2,8.685e+08,1,0,
102,1,204431569362,206242002344,12,-3.12787,4,8.685e+08,1,0,
102,3,204431569362,206242003459,12,-14.0418,4,8.685e+08,1,0,
120,2,205406725389,205540357908,8,-4.54697,2,8.685e+08,1,0,
22,1,343569321654,345379755012,12,-18.1446,4,8.681e+08,1,0,
22,2,343569321654,345379755961,12,-21.4513,4,8.681e+08,1,0,
22,3,343569321654,345379756067,12,-21.4513,4,8.681e+08,0,1,
130,2,370902248802,372712682467,12,-17.6394,2,8.681e+08,1,0,
107,1,206528014373,206774800252,9,1.26038,2,8.685e+08,1,0,
107,2,206528014373,206774799207,9,-11.7837,2,8.685e+08,1,0,
377,1,205662695816,205734632716,7,-5.94635,2,8.685e+08,1,0,
377,3,205662695816,205734632096,7,15.3994,2,8.685e+08,1,0,
340,1,206275109543,206408742496,8,6.07005,4,8.685e+08,1,0,
340,3,206275109543,206408742095,8,2.24146,4,8.685e+08,1,0,
47,1,206690014134,206936798925,9,-5.392,4,8.681e+08,1,0,
5,1,211628552065,212615689612,11,-17.1065,2,8.685e+08,1,0,
5,2,211628552065,212615690385,11,-14.5827,2,8.685e+08,1,0,
5,3,211628552065,212615689210,11,-5.45648,2,8.685e+08,1,0,
112,3,207377953058,207449889225,7,4.51251,4,8.685e+08,1,0,
334,2,216627014600,216698950967,7,3.94228,4,8.685e+08,1,0,
344,1,206972485848,208782919038,12,0,2,8.685e+08,0,1,
344,2,206972485848,208782919984,12,-18.4006,2,8.685e+08,1,0,
216,2,213232578843,213685188060,10,-12.4498,2,8.681e+08,1,0,
216,3,213232578843,213685188239,10,-15.3155,2,8.681e+08,1,0,
345,2,2375181372383,2375633981647,10,-16.1701,2,8.685e+08,1,0,
345,3,2375181372383,2375633982662,10,-13.0085,2,8.685e+08,1,0,
127,1,2487722330939,2487855963736,8,-7.51564,2,8.683e+08,1,0,
127,2,2487722330939,2487855963812,8,-5.84239,2,8.683e+08,1,0,
24,2,741206396887,741278333155,7,18.4546,2,8.681e+08,1,0,
237,1,727341090558,727474723238,8,1.75725,2,8.681e+08,1,0,
360,2,728378534973,728450471166,7,14.0981,4,8.681e+08,1,0,
360,3,728378534973,728450472336,7,17.2464,4,8.681e+08,1,0,
389,2,1060233625278,1060686234285,10,-12.4112,4,8.685e+08,0,1,
389,3,1060233625278,1060686234201,10,-12.4112,4,8.685e+08,1,0,
147,1,633324101909,635134535315,12,-20.3983,4,8.681e+08,1,0,
248,1,491072426156,491206060233,8,-1.46266,2,8.681e+08,1,0,
248,2,491072426156,491206058752,8,8.29328,2,8.681e+08,1,0,
248,3,491072426156,491206059394,8,8.81944,2,8.681e+08,1,0,
72,3,490746643052,491199252259,10,-7.04777,4,8.681e+08,1,0,
192,1,492217293576,492464078378,9,2.52898,2,8.681e+08,1,0,
192,3,492217293576,492464078449,9,-0.627456,2,8.681e+08,1,0,
392,3,496688887308,496822520235,8,0,2,8.685e+08,0,1,
51,2,491328898401,491781507693,10,1.09917,4,8.681e+08,1,0,
192,2,757276236403,757523021271,9,-9.04661,2,8.685e+08,1,0,
192,3,757276236403,757523021276,9,-6.16736,2,8.685e+08,1,0,
316,1,758233432096,758480216941,9,-6.23773,4,8.681e+08,1,0,
316,2,758233432096,758480216919,9,-12.1581,4,8.681e+08,1,0,
66,1,1266813440972,1266947074733,8,-10.0772,4,8.683e+08,1,0,
66,2,1266813440972,1266947073711,8,1.34935,4,8.683e+08,1,0,
66,3,1266813440972,1266947073744,8,1.34935,4,8.683e+08,0,1,
287,2,607643785999,608630923133,11,-17.5109,2,8.681e+08,1,0,
287,3,607643785999,608630924222,11,-3.55728,2,8.681e+08,1,0,
217,3,468504660521,468957270013,10,-14.8274,4,8.681e+08,1,0,
148,1,530110569941,531097707371,11,-10.3428,4,8.681e+08,1,0,
148,2,530110569941,531097708426,11,-17.9968,4,8.681e+08,1,0,
392,1,483325687298,483459319826,8,-2.36125,2,8.681e+08,1,0,
111,2,2873380798205,2875191231704,12,-11.5735,4,8.685e+08,1,0,
128,1,1199095202906,1200905636348,12,-13.3732,2,8.683e+08,1,0,
128,3,1199095202906,1200905636565,12,-11.2855,2,8.683e+08,1,0,
363,1,1182927231039,1183174015778,9,-0.0516197,4,8.685e+08,1,0,
363,3,1182927231039,1183174016825,9,4.83354,4,8.685e+08,1,0,
240,1,1301834283048,1303644716680,12,-18.3853,2,8.685e+08,1,0,
240,2,1301834283048,1303644716419,12,-17.3963,2,8.685e+08,1,0,
240,3,1301834283048,1303644717129,12,-16.5896,2,8.685e+08,1,0,
265,1,841597686668,841669623215,7,-8.66101,2,8.685e+08,1,0,
265,3,841597686668,841669623325,7,-0.0473319,2,8.685e+08,1,0,
61,1,2582373185273,2582506819216,8,-2.83646,4,8.683e+08,1,0,
61,2,2582373185273,2582506817874,8,-10.0865,4,8.683e+08,1,0,
151,2,2393479692088,2393551628541,7,1.5968,4,8.681e+08,1,0,
402,2,1405481839174,1405615471751,8,-2.57655,4,8.683e+08,1,0,
85,2,211667827321,212120436242,10,9.66789,2,8.681e+08,1,0,
391,1,210240085609,210373718429,8,1.42064,2,8.681e+08,1,0,
391,3,210240085609,210373718053,8,3.80916,2,8.681e+08,1,0,
399,2,2660880100211,2660952036472,7,-6.62767,2,8.685e+08,1,0,
176,2,2672102667131,2672555276159,10,-4.41388,4,8.681e+08,1,0,
176,3,2672102667131,2672555276454,10,-4.12117,4,8.681e+08,1,0,
254,1,995338702812,997149136385,12,0,4,8.681e+08,0,1,
350,3,368476981893,368723767845,9,-14.3617,2,8.681e+08,1,0,
54,2,752815724216,753268333086,10,-6.27223,2,8.685e+08,1,0,
5,1,3439605525486,3440592663033,11,-5.63251,2,8.683e+08,1,0,
5,2,3439605525486,3440592663806,11,-5.63251,2,8.683e+08,0,1,
309,3,2809836192880,2809969825335,8,-5.74983,2,8.683e+08,1,0,
225,1,1442858776517,1442930712744,7,20.7318,2,8.681e+08,1,0,
4,2,1443676174321,1443748111674,7,-5.26648,4,8.685e+08,1,0,
175,3,1443078430651,1444065568798,11,-19.368,4,8.685e+08,1,0,
305,1,3403672066814,3403918851676,9,-9.43564,2,8.683e+08,1,0,
132,2,428962651445,429034587698,7,0.29184,2,8.681e+08,1,0,
215,2,433439449278,433511385563,7,-4.3636,4,8.681e+08,1,0,
208,2,1284956617134,1285203401952,9,-10.0144,4,8.685e+08,1,0,
265,1,613726559612,613798496159,7,19.2006,2,8.681e+08,1,0,
265,3,613726559612,613798496269,7,-1.89679,2,8.681e+08,1,0,
156,2,3501504508203,3501751293179,9,-10.3775,4,8.683e+08,1,0,
156,3,3501504508203,3501751294209,9,-10.4819,4,8.683e+08,1,0,
71,1,2163995342999,2164067279354,7,0,2,8.685e+08,0,1,
218,1,2429735626573,2429869259270,8,0,4,8.683e+08,0,1,
218,2,2429735626573,2429869260756,8,-10.34,4,8.683e+08,1,0,
218,3,2429735626573,2429869259891,8,-0.971587,4,8.683e+08,1,0,
248,2,3410009188232,3410142820828,8,-11.7201,2,8.683e+08,1,0,
248,3,3410009188232,3410142821470,8,-4.84422,2,8.683e+08,1,0,
234,1,2835341315525,2835793925347,10,-0.445418,4,8.683e+08,0,1,
234,2,2835341315525,2835793924072,10,-0.445418,4,8.683e+08,1,0,
364,1,841960412862,842032349063,7,6.399,4,8.681e+08,1,0,
364,2,841960412862,842032350492,7,-4.24075,4,8.681e+08,1,0,
364,3,841960412862,842032350156,7,-5.14767,4,8.681e+08,1,0,
30,1,878223573217,880034006602,12,0,4,8.685e+08,0,1,
30,3,878223573217,880034007517,12,-11.3665,4,8.685e+08,1,0,
163,3,954412515553,956222949104,12,0,4,8.685e+08,0,1,
310,2,305961219212,307771652517,12,0,2,8.685e+08,0,1,
80,3,1345198112346,1345444897377,9,-11.0381,2,8.681e+08,1,0,
31,2,1343782933944,1343916566369,8,-7.4753,2,8.685e+08,1,0,
31,3,1343782933944,1343916567181,8,-5.2581,2,8.685e+08,1,0,
370,1,1352175988663,1352309621385,8,-7.99078,4,8.683e+08,1,0,
370,2,1352175988663,1352309622616,8,-8.58797,4,8.683e+08,1,0,
56,3,1344925157825,1345377766850,10,-11.431,4,8.685e+08,1,0,
348,1,2845828566230,2845962199090,8,16.1052,4,8.681e+08,1,0,
296,1,2868957900757,2870768334275,12,-15.8199,2,8.683e+08,1,0,
296,2,2868957900757,2870768334522,12,-10.8055,2,8.683e+08,1,0,
260,2,2242441963346,2242513899869,7,7.05103,4,8.685e+08,1,0,
211,1,452836430755,453823569220,11,-19.1164,4,8.681e+08,1,0,
211,2,452836430755,453823568100,11,-17.2632,4,8.681e+08,1,0,
212,1,1090817832875,1092628266713,12,-3.62189,2,8.685e+08,1,0,
212,3,1090817832875,1092628266984,12,-3.62189,2,8.685e+08,0,1,
160,1,2231839498475,2232086283292,9,-10.293,4,8.681e+08,1,0,
289,2,1499117386990,1499251019846,8,9.92877,2,8.685e+08,1,0,
338,1,1501499178228,1501745963001,9,-2.00679,4,8.685e+08,1,0,
338,2,1501499178228,1501745964576,9,-12.8093,4,8.685e+08,1,0,
326,2,1496399230040,1496471166865,7,6.55707,4,8.683e+08,1,0,
78,2,1493339138494,1493472771222,8,-7.47324,2,8.685e+08,1,0,
78,3,1493339138494,1493472771861,8,-9.95174,2,8.685e+08,1,0,
71,1,1774085745682,1774157682037,7,5.01165,2,8.685e+08,1,0,
98,2,1775009047050,1775080983255,7,7.09869,2,8.685e+08,1,0,
163,2,2218968141524,2220778574845,12,-16.4464,4,8.683e+08,1,0,
163,3,2218968141524,2220778575075,12,-13.788,4,8.683e+08,1,0,
37,1,624668681468,625121290350,10,6.54778,4,8.685e+08,1,0,
31,2,2639375983924,2639509616349,8,0,4,8.681e+08,0,1,
31,3,2639375983924,2639509617161,8,-11.5982,4,8.681e+08,1,0,
101,1,401000228098,401133861763,8,5.30611,2,8.681e+08,1,0,
101,3,401000228098,401133860626,8,-4.62549,2,8.681e+08,1,0,
107,2,400801999535,401048784369,9,-7.30048,2,8.681e+08,1,0,
107,3,400801999535,401048784385,9,2.60164,2,8.681e+08,1,0,
247,2,2869432086685,2869884695534,10,0.235658,2,8.685e+08,1,0,
365,1,3378091344366,3379901777765,12,-15.9263,2,8.683e+08,1,0,
365,2,3378091344366,3379901778576,12,-18.8278,2,8.683e+08,1,0,
365,3,3378091344366,3379901778764,12,-18.8278,2,8.683e+08,0,1,
100,1,1407422790944,1407875399875,10,-13.2084,4,8.685e+08,1,0,
100,2,1407422790944,1407875401447,10,-8.35416,4,8.685e+08,1,0,
164,3,216953717313,217406327158,10,0,4,8.685e+08,0,1,
72,1,213909647226,214362256743,10,-15.5168,4,8.685e+08,1,0,
72,3,213909647226,214362256433,10,-13.5225,4,8.685e+08,1,0,
306,1,215736379262,215808315596,7,6.00385,4,8.681e+08,1,0,
306,3,215736379262,215808316165,7,5.01778,4,8.681e+08,1,0,
332,3,214590917452,216401351173,12,0,2,8.685e+08,0,1,
342,1,215940452292,216393061380,10,-7.54526,4,8.685e+08,1,0,
361,2,223471243633,224458380476,11,0,4,8.685e+08,0,1,
361,3,223471243633,224458380824,11,-16.3518,4,8.685e+08,1,0,
278,1,217924681801,218058314478,8,-8.64069,2,8.685e+08,1,0,
278,2,217924681801,218058314843,8,-0.688705,2,8.685e+08,1,0,
278,3,217924681801,218058314460,8,7.28893,2,8.685e+08,1,0,
395,1,1017305051653,1017438684393,8,8.68794,4,8.685e+08,1,0,
395,3,1017305051653,1017438684588,8,10.1567,4,8.685e+08,1,0,
158,2,1020810069232,1020882005876,7,0,4,8.685e+08,0,1,
307,2,3208913372040,3208985308191,7,8.71441,4,8.683e+08,1,0,
283,1,795900573881,795972510679,7,2.22713,2,8.681e+08,1,0,
283,3,795900573881,795972510436,7,-8.42493,2,8.681e+08,1,0,
242,1,801365231109,803175664208,12,-6.57329,2,8.681e+08,1,0,
242,2,801365231109,803175665592,12,-20.1118,2,8.681e+08,1,0,
89,3,1757583360948,1757830147095,9,-3.63364,2,8.685e+08,1,0,
60,1,958542237280,958789021861,9,2.62482,2,8.681e+08,1,0,
60,3,958542237280,958789022257,9,-10.403,2,8.681e+08,1,0,
155,1,1249329173410,1251139607613,12,0,2,8.685e+08,0,1,
155,2,1249329173410,1251139607074,12,0,2,8.685e+08,0,1,
155,3,1249329173410,1251139607972,12,0.420152,2,8.685e+08,1,0,
341,2,1172902326076,1173035958698,8,-9.1718,2,8.681e+08,1,0,
115,1,1480709581763,1481162191184,10,-9.66412,4,8.685e+08,1,0,
115,2,1480709581763,1481162190718,10,-8.28267,4,8.685e+08,1,0,
115,3,1480709581763,1481162191442,10,-15.0276,4,8.685e+08,1,0,
327,1,681302248217,681549033324,9,-8.84123,2,8.685e+08,1,0,
94,1,1240174331813,1240626940973,10,-10.3057,4,8.685e+08,1,0,
292,1,3183559703165,3183693337342,8,-4.25854,4,8.683e+08,1,0,
292,3,3183559703165,3183693336477,8,-11.7724,4,8.683e+08,1,0,
106,1,2019705341753,2020692479661,11,-10.897,2,8.683e+08,1,0,
106,2,2019705341753,2020692478857,11,0,2,8.683e+08,0,1,
106,3,2019705341753,2020692479817,11,-1.31895,2,8.683e+08,1,0,
280,2,640526683124,641513820494,11,-16.2312,2,8.685e+08,1,0,
343,1,373857546826,373991179810,8,-9.80374,2,8.681e+08,1,0,
343,3,373857546826,373991179592,8,-4.14569,2,8.681e+08,1,0,
176,1,350353200291,350805809196,10,-5.20309,2,8.681e+08,1,0,
176,3,350353200291,350805809614,10,14.0471,2,8.681e+08,1,0,
322,1,685328277921,685400214448,7,-4.18785,2,8.681e+08,1,0,
322,3,685328277921,685400214600,7,-4.48196,2,8.681e+08,1,0,
140,2,680957837190,681410446099,10,14.9342,2,8.681e+08,1,0,
140,3,680957837190,681410446903,10,14.9342,2,8.681e+08,0,1,
211,2,2855370091300,2856357228645,11,-15.4771,4,8.685e+08,1,0,
211,3,2855370091300,2856357228651,11,-12.3392,4,8.685e+08,1,0,
8,1,2940096400859,2941906833996,12,-14.5187,4,8.683e+08,1,0,
114,2,1269727153773,1269799090922,7,-1.186,4,8.685e+08,1,0,
114,3,1269727153773,1269799089842,7,27.5433,4,8.685e+08,1,0,
280,1,3350159329090,3351146467519,11,0,2,8.683e+08,0,1,
105,2,442434485744,442506422065,7,5.61161,4,8.681e+08,1,0,
190,3,437436552084,437889161176,10,-15.7655,4,8.681e+08,1,0,
4,3,2970474567736,2970546504211,7,1.97646,4,8.683e+08,1,0,
229,2,2967401390045,2967473326076,7,28.2558,2,8.685e+08,1,0,
91,1,2967519624982,2967591561374,7,-7.95958,2,8.683e+08,1,0,
197,1,2386990902112,2387978039689,11,-9.0843,4,8.681e+08,1,0,
197,3,2386990902112,2387978039200,11,-14.1604,4,8.681e+08,1,0,
113,2,3193639630176,3193773263838,8,-2.45003,2,8.683e+08,1,0,
225,1,2015430258976,2015502195203,7,21.8378,2,8.685e+08,1,0,
168,3,3522881504543,3522953441888,7,11.0131,4,8.683e+08,1,0,
151,2,3527669173066,3527741109519,7,-0.875518,4,8.683e+08,1,0,
253,1,621233934180,621686543295,10,-8.5218,2,8.685e+08,1,0,
39,1,2644619861124,2645072471485,10,-4.60892,4,8.683e+08,1,0,
39,2,2644619861124,2645072470655,10,-8.02743,4,8.683e+08,1,0,
39,3,2644619861124,2645072470314,10,-15.1994,4,8.683e+08,1,0,
359,1,632299930140,632433562689,8,-1.66005,2,8.685e+08,1,0,
359,3,632299930140,632433562915,8,-2.52608,2,8.685e+08,1,0,
353,2,1165900406688,1165972343469,7,-4.1393,4,8.683e+08,1,0,
102,1,1154658225843,1156468658825,12,-5.63312,4,8.685e+08,1,0,
102,3,1154658225843,1156468659940,12,-14.1005,4,8.685e+08,1,0,
393,2,2902762210622,2903008995518,9,8.33695,2,8.683e+08,1,0,
317,2,222571048982,222642985304,7,-4.66164,4,8.685e+08,1,0,
317,3,222571048982,222642986261,7,10.9419,4,8.685e+08,1,0,
224,1,218671388292,218918173036,9,-9.60519,4,8.685e+08,1,0,
224,3,218671388292,218918173721,9,-5.30698,4,8.685e+08,1,0,
100,1,218141813589,218594422520,10,-15.1518,4,8.685e+08,1,0,
100,3,218141813589,218594423242,10,-14.2772,4,8.685e+08,1,0,
212,2,1271861032885,1273671466116,12,-5.90466,2,8.685e+08,1,0,
212,3,1271861032885,1273671466994,12,-22.3014,2,8.685e+08,1,0,
349,1,792101252645,792348037765,9,-4.28917,2,8.681e+08,1,0,
349,3,792101252645,792348037905,9,-1.92973,2,8.681e+08,1,0,
354,2,794238993416,796049426574,12,-20.3867,4,8.685e+08,1,0,
354,3,794238993416,796049427705,12,-3.63748,4,8.685e+08,1,0,
330,2,2892695416138,2892767352740,7,-4.75259,2,8.681e+08,1,0,
35,1,1459334767724,1459468400698,8,4.28534,4,8.683e+08,1,0,
35,2,1459334767724,1459468400420,8,14.3426,4,8.683e+08,1,0,
247,1,2363190758120,2363643368280,10,-15.1693,4,8.681e+08,1,0,
247,2,2363190758120,2363643366969,10,-4.16518,4,8.681e+08,1,0,
247,3,2363190758120,2363643368116,10,-13.1442,4,8.681e+08,1,0,
301,2,2448909061999,2449155848320,9,-13.5893,4,8.685e+08,1,0,
301,3,2448909061999,2449155847754,9,-7.27087,4,8.685e+08,1,0,
209,2,1474120926273,1474573535470,10,-15.5632,2,8.685e+08,1,0,
393,2,1474756249317,1475003034213,9,-11.2109,2,8.685e+08,1,0,
393,3,1474756249317,1475003034469,9,2.16124,2,8.685e+08,1,0,
322,1,1753952775572,1754024712099,7,7.6032,2,8.683e+08,1,0,
104,1,678619427246,678753059788,8,-3.43782,4,8.681e+08,1,0,
104,2,678619427246,678753060830,8,-5.58247,4,8.681e+08,1,0,
355,3,674060979377,674132915656,7,16.052,4,8.681e+08,1,0,
23,2,224467266577,225454403735,11,-15.045,4,8.685e+08,1,0,
23,3,224467266577,225454404906,11,-14.3926,4,8.685e+08,1,0,
282,1,222945301731,223078934242,8,-9.10947,4,8.685e+08,1,0,
16,3,220195682395,220648291479,10,-3.3007,2,8.681e+08,1,0,
61,2,222701668406,222835301007,8,-0.534499,4,8.681e+08,1,0,
76,1,224668660083,224740596577,7,8.06305,4,8.685e+08,1,0,
76,3,224668660083,224740596772,7,12.6005,4,8.685e+08,1,0,
201,3,224915568918,225162354821,9,-10.783,2,8.685e+08,1,0,
298,2,1353188272812,1353321905354,8,9.06545,2,8.683e+08,1,0,
284,2,2262957734779,2264768168027,12,0,4,8.683e+08,0,1,
284,3,2262957734779,2264768168293,12,-12.2519,4,8.683e+08,1,0,
235,2,337667431374,338120040224,10,10.5812,4,8.685e+08,1,0,
235,3,337667431374,338120040685,10,-8.13977,4,8.685e+08,1,0,
236,1,1698780068699,1698913701093,8,12.712,2,8.683e+08,1,0,
277,1,453662729087,454115338444,10,-5.99303,4,8.681e+08,1,0,
277,2,453662729087,454115338740,10,-5.92154,4,8.681e+08,1,0,
214,3,470454709936,470526645993,7,21.4439,4,8.681e+08,1,0,
382,1,453291510343,453363446789,7,2.39203,4,8.681e+08,1,0,
78,2,1305403711620,1305537344348,8,3.29236,2,8.681e+08,1,0,
78,3,1305403711620,1305537344987,8,-8.09424,2,8.681e+08,1,0,
39,2,2599359061114,2599811670645,10,-12.9894,4,8.683e+08,1,0,
39,3,2599359061114,2599811670304,10,7.56741,4,8.683e+08,1,0,
325,2,2249498847662,2249632480171,8,-10.3955,4,8.683e+08,1,0,
325,3,2249498847662,2249632480505,8,9.12639,4,8.683e+08,1,0,
367,1,1275979572046,1276432181319,10,-12.4021,4,8.685e+08,1,0,
46,1,2348522033724,2348593969888,7,20.3104,4,8.685e+08,1,0,
46,3,2348522033724,2348593971067,7,0.58017,4,8.685e+08,1,0,
296,1,2687914700747,2689725134265,12,0,2,8.683e+08,0,1,
296,2,2687914700747,2689725134512,12,3.21879,2,8.683e+08,1,0,
296,3,2687914700747,2689725134992,12,3.21879,2,8.683e+08,0,1,
244,2,1324847688170,1325834825853,11,-5.933,4,8.681e+08,1,0,
144,3,960347528889,960594313573,9,-4.29674,2,8.685e+08,1,0,
149,1,388442965246,388895574159,10,-16.5007,4,8.681e+08,1,0,
34,2,390073039780,391883474034,12,2.8042,4,8.681e+08,1,0,
379,1,1107193776799,1108180915490,11,-15.6761,2,8.685e+08,1,0,
262,2,1233671195806,1235481629385,12,-21.6752,4,8.685e+08,1,0,
296,1,349125695772,350936129290,12,-18.4805,2,8.681e+08,1,0,
343,2,354090660077,354224292769,8,-10.1786,2,8.685e+08,1,0,
343,3,354090660077,354224292843,8,-8.10361,2,8.685e+08,1,0,
208,2,1058846064302,1059092849120,9,13.1791,4,8.685e+08,1,0,
215,1,1063583285142,1063655223091,7,-6.62646,4,8.685e+08,1,0,
215,2,1063583285142,1063655221427,7,1.97565,4,8.685e+08,1,0,
215,3,1063583285142,1063655222562,7,-3.65854,4,8.685e+08,1,0,
229,2,2318940023814,2319011959845,7,23.5528,2,8.681e+08,1,0,
373,3,2317888481069,2318341090378,10,-15.6769,2,8.683e+08,1,0,
375,1,1463046265957,1463498876408,10,-16.1001,4,8.683e+08,1,0,
375,3,1463046265957,1463498875374,10,-5.36879,4,8.683e+08,1,0,
312,1,1501880919032,1502868056659,11,0,2,8.685e+08,0,1,
214,3,3479247286405,3479319222462,7,18.2096,4,8.683e+08,1,0,
353,3,2865512548160,2865584484902,7,5.67134,4,8.683e+08,1,0,
343,2,3265208038764,3265341671456,8,-11.3846,2,8.683e+08,1,0,
236,1,2626128373595,2626262005989,8,-1.78041,2,8.683e+08,1,0,
353,1,231321693872,231393630770,7,1.10008,4,8.685e+08,1,0,
353,2,231321693872,231393630653,7,-4.62755,4,8.685e+08,1,0,
353,3,231321693872,231393630614,7,0,4,8.685e+08,0,1,
302,1,224704303264,224776239713,7,-7.34837,4,8.681e+08,1,0,
40,2,230857000531,230928937694,7,-1.47551,2,8.681e+08,1,0,
40,3,230857000531,230928936737,7,15.8789,2,8.681e+08,1,0,
18,1,2586714003070,2586785939842,7,3.69936,4,8.683e+08,1,0,
103,1,3262147974253,3262219910524,7,12.4049,2,8.683e+08,1,0,
318,1,619574567175,621385001836,12,0,4,8.681e+08,0,1,
345,2,1092339063070,1092791672334,10,-7.53073,2,8.681e+08,1,0,
79,1,2355225224432,2355297160539,7,11.5461,4,8.685e+08,1,0,
79,2,2355225224432,2355297162145,7,-8.85834,4,8.685e+08,1,0,
79,3,2355225224432,2355297161576,7,5.56385,4,8.685e+08,1,0,
193,1,769172270445,769624879147,10,-8.60615,2,8.685e+08,1,0,
275,3,403059927774,403131865224,7,-7.54657,4,8.681e+08,1,0,
239,1,1169159760715,1169231696899,7,7.68462,2,8.685e+08,1,0,
323,2,2558559923498,2560370357889,12,-9.06711,2,8.683e+08,1,0,
323,3,2558559923498,2560370358090,12,-19.3659,2,8.683e+08,1,0,
8,1,410898908109,412709341246,12,0,4,8.681e+08,0,1,
8,2,410898908109,412709341903,12,-19.7495,4,8.681e+08,1,0,
8,3,410898908109,412709342135,12,-10.9244,4,8.681e+08,1,0,
275,1,3266125271626,3266197208075,7,1.20651,4,8.683e+08,1,0,
275,2,3266125271626,3266197209228,7,-5.99123,4,8.683e+08,1,0,
275,3,3266125271626,3266197209076,7,0.116853,4,8.683e+08,1,0,
167,2,945572110525,946559248253,11,4.1721,4,8.681e+08,1,0,
167,3,945572110525,946559248436,11,4.1721,4,8.681e+08,0,1,
93,2,2149087471347,2149540080258,10,-7.84808,4,8.685e+08,1,0,
110,1,2152383452728,2153370589672,11,1.4716,2,8.685e+08,1,0,
110,2,2152383452728,2153370590014,11,1.4716,2,8.685e+08,0,1,
141,1,224845280034,224917216524,7,-7.22829,4,8.685e+08,1,0,
136,1,225897096532,226884234132,11,-18.4241,2,8.685e+08,1,0,
136,3,225897096532,226884233525,11,0.184785,2,8.685e+08,1,0,
234,2,230453682172,230906290719,10,5.12708,4,8.681e+08,1,0,
374,2,228074552389,228146489455,7,12.6358,4,8.685e+08,0,1,
374,3,228074552389,228146488521,7,12.6358,4,8.685e+08,1,0,
189,1,229885796005,230019428481,8,-7.75569,4,8.685e+08,1,0,
189,3,229885796005,230019428719,8,11.7405,4,8.685e+08,1,0,
372,3,227951123578,228938260540,11,-9.47571,4,8.685e+08,1,0,
375,3,300234916062,300687525479,10,-13.1658,4,8.681e+08,1,0,
248,2,228439521593,228573154189,8,0,2,8.685e+08,0,1,
92,1,2152502299151,2152574235567,7,13.6234,2,8.685e+08,1,0,
92,2,2152502299151,2152574237000,7,13.6234,2,8.685e+08,0,1,
331,1,672661745880,673114355650,10,-4.5256,4,8.685e+08,1,0,
331,2,672661745880,673114354726,10,-6.98793,4,8.685e+08,1,0,
342,1,1000677044370,1001129653458,10,-11.4843,4,8.683e+08,1,0,
342,2,1000677044370,1001129653785,10,-7.92451,4,8.683e+08,1,0,
31,2,2428168650294,2428302282719,8,-7.54239,2,8.683e+08,1,0,
218,2,1149034437257,1149168071440,8,-8.10864,4,8.685e+08,1,0,
326,3,1152805088634,1152877025031,7,-3.81822,4,8.683e+08,1,0,
159,1,1151458897482,1151592529932,8,-3.31647,4,8.681e+08,1,0,
45,3,2235473274022,2235545210570,7,-0.0493461,4,8.681e+08,1,0,
180,2,2830629117321,2830875902716,9,-10.3452,4,8.681e+08,1,0,
180,3,2830629117321,2830875902930,9,-10.3452,4,8.681e+08,0,1,
324,1,331056945075,332867378726,12,-15.9819,2,8.681e+08,1,0,
110,1,266368757651,267355894595,11,0,2,8.681e+08,0,1,
110,2,266368757651,267355894937,11,8.2499,2,8.681e+08,1,0,
402,1,230595498319,230729132347,8,-8.10364,4,8.685e+08,1,0,
402,2,230595498319,230729130896,8,-2.13043,4,8.685e+08,1,0,
163,1,230239715513,232050150125,12,-21.8069,4,8.685e+08,1,0,
163,3,230239715513,232050149064,12,0,4,8.685e+08,0,1,
255,1,2360157175897,2360229113334,7,-1.49495,4,8.685e+08,1,0,
107,1,1720539932086,1720786717965,9,-11.285,2,8.683e+08,1,0,
141,1,2560667319395,2560739255885,7,11.3904,4,8.683e+08,1,0,
141,2,2560667319395,2560739256681,7,-6.92345,4,8.683e+08,1,0,
175,2,402527199275,403514336360,11,10.8653,4,8.681e+08,1,0,
175,3,402527199275,403514337422,11,-16.0477,4,8.681e+08,1,0,
245,2,404667054329,404913838955,9,-11.002,4,8.681e+08,1,0,
137,2,3284796363824,3284929996816,8,1.65585,4,8.683e+08,1,0,
137,3,3284796363824,3284929996413,8,16.5148,4,8.683e+08,1,0,
238,1,1486056601967,1486303386970,9,-10.3287,4,8.683e+08,1,0,
238,2,1486056601967,1486303386633,9,-6.1035,4,8.683e+08,1,0,
202,1,1583139549895,1584949984505,12,-13.1608,4,8.683e+08,1,0,
202,2,1583139549895,1584949983397,12,-5.6089,4,8.683e+08,1,0,
273,1,810880375088,812690808555,12,-15.9894,2,8.681e+08,1,0,
119,1,1133291505259,1133744113982,10,3.60844,2,8.685e+08,1,0,
262,1,1052627995796,1054438430252,12,0,4,8.681e+08,0,1,
402,3,1051105869282,1051239503027,8,-4.24034,4,8.681e+08,1,0,
158,1,358602966757,358674903879,7,-8.27136,4,8.685e+08,1,0,
158,2,358602966757,358674903401,7,7.29602,4,8.685e+08,1,0,
213,2,234785045552,234856982171,7,-0.00326456,2,8.685e+08,1,0,
74,2,232527721422,232599657765,7,-5.2693,2,8.681e+08,1,0,
308,3,945100482646,945553091354,10,-15.3694,2,8.681e+08,1,0,
84,1,3480270064578,3480342002371,7,-6.64554,2,8.685e+08,1,0,
84,2,3480270064578,3480342000807,7,8.19569,2,8.685e+08,1,0,
84,3,3480270064578,3480342001720,7,8.19569,2,8.685e+08,0,1,
332,1,661435244591,663245678229,12,1.79579,2,8.681e+08,1,0,
335,2,663081791639,663153728282,7,3.70631,2,8.685e+08,1,0,
335,3,663081791639,663153728189,7,1.45856,2,8.685e+08,1,0,
42,1,236369062551,236440999844,7,-7.19359,4,8.685e+08,1,0,
42,2,236369062551,236440998946,7,-0.459716,4,8.685e+08,1,0,
223,1,236721810353,237174419582,10,-9.08366,2,8.685e+08,1,0,
223,2,236721810353,237174420117,10,11.8566,2,8.685e+08,1,0,
21,1,238014803218,238261587879,9,-10.0284,2,8.685e+08,1,0,
21,3,238014803218,238261588478,9,1.58008,2,8.685e+08,1,0,
143,1,462312990402,464123423762,12,-14.3044,4,8.681e+08,1,0,
286,1,1409964794876,1410098428572,8,-8.72414,4,8.685e+08,0,1,
286,2,1409964794876,1410098427480,8,0.183701,4,8.685e+08,1,0,
286,3,1409964794876,1410098427665,8,-8.72414,4,8.685e+08,1,0,
180,1,1496355984370,1496602769250,9,-10.1279,2,8.685e+08,1,0,
180,2,1496355984370,1496602769765,9,1.50288,2,8.685e+08,1,0,
355,1,1503975258583,1504047195857,7,-0.703338,4,8.685e+08,1,0,
355,2,1503975258583,1504047196035,7,8.47278,4,8.685e+08,1,0,
355,3,1503975258583,1504047194862,7,-5.30046,4,8.685e+08,1,0,
14,1,1498352998806,1498486632220,8,-1.64096,2,8.683e+08,1,0,
14,2,1498352998806,1498486631315,8,-8.60145,2,8.683e+08,1,0,
14,3,1498352998806,1498486631483,8,-10.215,2,8.683e+08,1,0,
70,3,1509309067904,1509442701675,8,-6.46829,2,8.683e+08,1,0,
273,3,2725270354081,2727080788627,12,-18.1272,2,8.683e+08,1,0,
332,1,1685214648681,1687025082319,12,11.4967,2,8.681e+08,1,0,
332,3,1685214648681,1687025082402,12,-20.9281,2,8.681e+08,1,0,
328,1,2729428049443,2730415187792,11,-7.73347,2,8.683e+08,1,0,
328,3,2729428049443,2730415186675,11,-11.7615,2,8.683e+08,1,0,
275,1,2797634907569,2797706844018,7,12.8411,4,8.683e+08,1,0,
275,3,2797634907569,2797706845019,7,9.87299,4,8.683e+08,1,0,
264,1,642419982824,642491919169,7,-4.20805,2,8.681e+08,1,0,
264,2,642419982824,642491920611,7,1.45598,2,8.681e+08,1,0,
264,3,642419982824,642491920311,7,14.7238,2,8.681e+08,1,0,
163,1,2400011341534,2401821776146,12,-16.9824,4,8.683e+08,0,1,
163,2,2400011341534,2401821774855,12,-8.73038,4,8.683e+08,1,0,
163,3,2400011341534,2401821775085,12,-16.9824,4,8.683e+08,1,0,
12,1,621889525321,622136311067,9,-8.27489,4,8.681e+08,1,0,
338,1,1136685511890,1136932296663,9,-8.85443,4,8.681e+08,1,0,
338,3,1136685511890,1136932297417,9,5.34728,4,8.681e+08,1,0,
374,1,1139815278674,1139887215796,7,-2.686,4,8.685e+08,1,0,
374,2,1139815278674,1139887215740,7,7.10366,4,8.685e+08,1,0,
374,3,1139815278674,1139887214806,7,5.30877,4,8.685e+08,1,0,
204,1,1137311666420,1137383602519,7,-6.08952,4,8.683e+08,1,0,
382,1,3539335119331,3539407055777,7,2.5155,4,8.681e+08,1,0,
118,1,3587584214414,3588036823474,10,-2.76698,4,8.683e+08,1,0,
118,2,3587584214414,3588036824028,10,-7.92718,4,8.683e+08,1,0,
121,2,796030094271,797017232643,11,-16.7095,4,8.683e+08,0,1,
121,3,796030094271,797017231569,11,-16.7095,4,8.683e+08,1,0,
276,1,944315444957,944562229571,9,-14.0938,2,8.685e+08,1,0,
328,2,280622395657,281609532932,11,7.89606,2,8.681e+08,1,0,
328,3,280622395657,281609532889,11,0,2,8.681e+08,0,1,
335,3,233228605569,233300542119,7,13.1066,2,8.681e+08,1,0,
4,3,235969459965,236041396440,7,1.67799,4,8.681e+08,1,0,
223,1,1356662320603,1357114929832,10,-15.4277,2,8.681e+08,1,0,
223,2,1356662320603,1357114930367,10,-15.4277,2,8.681e+08,0,1,
177,1,1367869018181,1367940955438,7,-0.0800163,4,8.685e+08,1,0,
177,2,1367869018181,1367940955552,7,-7.96132,4,8.685e+08,1,0,
177,3,1367869018181,1367940954381,7,-3.30652,4,8.685e+08,1,0,
210,3,1030006223744,1030253009036,9,-12.5466,4,8.681e+08,1,0,
385,2,1021421742742,1021874351507,10,-5.69716,2,8.685e+08,1,0,
385,3,1021421742742,1021874352631,10,-7.11668,2,8.685e+08,1,0,
138,1,2305933354804,2307743788474,12,0,2,8.683e+08,0,1,
138,3,2305933354804,2307743789523,12,0,2,8.683e+08,0,1,
276,1,2601175245194,2601422029808,9,-4.9046,2,8.685e+08,1,0,
276,3,2601175245194,2601422030877,9,-10.0005,2,8.685e+08,1,0,
89,2,955495836416,955742621445,9,-12.7104,2,8.681e+08,1,0,
310,2,1283363967927,1285174401232,12,0.751618,2,8.681e+08,1,0,
60,1,1736833645226,1737080429807,9,0,2,8.683e+08,0,1,
60,3,1736833645226,1737080430203,9,-10.7813,2,8.683e+08,1,0,
299,1,1858247902723,1858319839444,7,2.64603,4,8.683e+08,1,0,
299,3,1858247902723,1858319840570,7,-9.13374,4,8.683e+08,1,0,
8,1,3302182800879,3303993234016,12,0.481217,4,8.683e+08,1,0,
8,2,3302182800879,3303993234673,12,-19.0856,4,8.683e+08,1,0,
8,3,3302182800879,3303993234905,12,-4.03793,4,8.683e+08,1,0,
287,2,813814680680,814801817814,11,-3.81384,2,8.685e+08,1,0,
287,3,813814680680,814801818903,11,-1.27132,2,8.685e+08,1,0,
6,2,1463391955831,1463463892977,7,8.32848,2,8.685e+08,1,0,
6,3,1463391955831,1463463892320,7,-5.95605,2,8.685e+08,1,0,
149,3,1673254310974,1673706921035,10,-8.51788,4,8.685e+08,1,0,
379,2,3282634324127,3283621461585,11,-15.2435,2,8.683e+08,1,0,
379,3,3282634324127,3283621461723,11,-18.6348,2,8.683e+08,1,0,
146,3,1306939762262,1307186546896,9,-5.70549,2,8.685e+08,1,0,
196,2,238752183248,239739321798,11,-11.679,4,8.685e+08,1,0,
51,1,311098909538,311551520143,10,-13.1699,4,8.681e+08,0,1,
51,2,311098909538,311551518830,10,-13.1699,4,8.681e+08,1,0,
383,2,238332557244,240142991622,12,-12.8701,4,8.685e+08,1,0,
383,3,238332557244,240142991825,12,-15.3114,4,8.685e+08,1,0,
228,1,238335017332,240145451905,12,4.85335,2,8.685e+08,1,0,
15,1,1766827862605,1766961496561,8,2.54134,2,8.685e+08,1,0,
15,3,1766827862605,1766961495388,8,-5.32553,2,8.685e+08,1,0,
168,1,1093133112233,1093205048612,7,11.3441,4,8.685e+08,1,0,
74,2,962464834875,962536771218,7,3.29041,2,8.681e+08,1,0,
74,3,962464834875,962536772302,7,8.3585,2,8.681e+08,1,0,
355,3,344984128111,345056064390,7,0,4,8.685e+08,0,1,
46,1,1683568965438,1683640901602,7,-2.36334,4,8.683e+08,1,0,
353,1,2073359698114,2073431635012,7,-8.59677,4,8.683e+08,1,0,
353,2,2073359698114,2073431634895,7,-9.21324,4,8.683e+08,1,0,
339,1,3531645398235,3531717334635,7,11.9446,4,8.681e+08,1,0,
167,2,3522853776848,3523840914576,11,0,4,8.683e+08,0,1,
167,3,3522853776848,3523840914759,11,-10.4933,4,8.683e+08,1,0,
242,1,1253289689937,1255100123036,12,-21.4841,2,8.685e+08,1,0,
242,3,1253289689937,1255100124209,12,-14.1401,2,8.685e+08,1,0,
17,2,1018893340989,1020703774805,12,0,2,8.685e+08,0,1,
17,3,1018893340989,1020703775453,12,-9.91168,2,8.685e+08,1,0,
262,3,2678123789580,2679934224200,12,0,4,8.683e+08,0,1,
198,1,238430699942,238883308874,10,2.5501,2,8.681e+08,1,0,
104,1,763814098039,763947730581,8,-8.84163,4,8.685e+08,1,0,
104,2,763814098039,763947731623,8,-8.65932,4,8.685e+08,1,0,
104,3,763814098039,763947730776,8,-2.20775,4,8.685e+08,1,0,
35,1,2036670316499,2036803949473,8,12.201,4,8.683e+08,0,1,
35,2,2036670316499,2036803949195,8,12.201,4,8.683e+08,1,0,
174,3,1672284681461,1672418314094,8,4.39347,2,8.685e+08,1,0,
82,1,308485086906,308557023315,7,2.19759,4,8.685e+08,1,0,
82,3,308485086906,308557023900,7,0.809876,4,8.685e+08,1,0,
356,1,1766993364218,1768803798676,12,-15.5335,4,8.685e+08,1,0,
356,2,1766993364218,1768803797724,12,0,4,8.685e+08,0,1,
355,3,3473921957281,3473993893560,7,-0.559112,4,8.685e+08,1,0,
64,1,1042514019036,1042585955769,7,-2.36313,4,8.683e+08,1,0,
64,3,1042514019036,1042585956601,7,-3.57204,4,8.683e+08,1,0,
348,1,1042819803106,1042953435966,8,-11.1142,4,8.681e+08,1,0,
348,3,1042819803106,1042953437125,8,0.00998007,4,8.681e+08,1,0,
370,1,371460249534,371593882256,8,18.3115,4,8.681e+08,1,0,
370,3,371460249534,371593883363,8,-11.7964,4,8.681e+08,1,0,
144,3,371882456628,372129241312,9,-7.09093,2,8.685e+08,1,0,
255,2,377709301862,377781238212,7,1.72688,4,8.681e+08,1,0,
6,3,364089955168,364161891657,7,-2.61571,2,8.681e+08,1,0,
204,1,365324435566,365396371665,7,31.6346,4,8.681e+08,1,0,
257,1,2036886779563,2036958717210,7,10.3667,4,8.681e+08,0,1,
257,2,2036886779563,2036958715802,7,10.3667,4,8.681e+08,1,0,
265,3,745731682844,745803619501,7,6.45104,2,8.685e+08,1,0,
347,1,754087468965,755897902619,12,-9.75149,2,8.685e+08,1,0,
347,2,754087468965,755897903441,12,-18.6924,2,8.685e+08,1,0,
165,1,748751518512,748823454974,7,-0.821212,4,8.683e+08,1,0,
8,1,1065711759178,1067522192315,12,-0.64627,4,8.685e+08,1,0,
8,2,1065711759178,1067522192972,12,-14.0004,4,8.685e+08,1,0,
56,2,3582848210133,3583300819743,10,-5.05836,4,8.681e+08,1,0,
56,3,3582848210133,3583300819158,10,0,4,8.681e+08,0,1,
280,1,240350848192,241337986621,11,-1.09344,2,8.681e+08,1,0,
349,1,239285087998,239531873118,9,-1.11394,2,8.685e+08,1,0,
349,3,239285087998,239531873258,9,-0.935668,2,8.685e+08,1,0,
263,2,240237990911,240371623391,8,-0.372268,2,8.681e+08,1,0,
263,3,240237990911,240371623658,8,-5.80377,2,8.681e+08,1,0,
273,2,417936505955,419746940414,12,-7.85403,2,8.681e+08,1,0,
244,2,242520661783,243507799466,11,0,4,8.685e+08,0,1,
382,1,242403135258,242475071704,7,-1.5573,4,8.685e+08,1,0,
183,1,2978536037415,2978782822193,9,11.3348,2,8.683e+08,1,0,
183,2,2978536037415,2978782823681,9,-11.4846,2,8.683e+08,1,0,
60,1,2970950206397,2971196990978,9,-7.42245,2,8.683e+08,1,0,
60,3,2970950206397,2971196991374,9,-4.72842,2,8.683e+08,1,0,
249,2,747647987237,747781619829,8,-0.765319,2,8.681e+08,1,0,
249,3,747647987237,747781619825,8,2.23055,2,8.681e+08,1,0,
253,2,748503467014,748956077003,10,-13.4199,2,8.683e+08,1,0,
253,3,748503467014,748956077125,10,-13.483,2,8.683e+08,1,0,
97,1,736969723082,737216507603,9,1.84613,2,8.685e+08,1,0,
84,1,3556162394161,3556234331954,7,-9.20105,2,8.683e+08,1,0,
84,2,3556162394161,3556234330390,7,-6.41281,2,8.683e+08,1,0,
84,3,3556162394161,3556234331303,7,-6.41281,2,8.683e+08,0,1,
15,1,3556759506541,3556893140497,8,-11.6001,2,8.683e+08,1,0,
15,3,3556759506541,3556893139324,8,-4.29112,2,8.683e+08,1,0,
388,2,3556947382375,3557194168535,9,-3.17018,2,8.683e+08,1,0,
96,1,3508011323230,3508083260372,7,5.57416,4,8.683e+08,1,0,
96,3,3508011323230,3508083259819,7,-0.602935,4,8.683e+08,1,0,
342,2,3508287923989,3508740533404,10,-0.23561,4,8.683e+08,1,0,
342,3,3508287923989,3508740533755,10,-14.636,4,8.683e+08,1,0,
335,2,1418974391300,1419046327943,7,12.7553,2,8.683e+08,1,0,
280,2,1466049503713,1467036641083,11,-17.2187,2,8.683e+08,1,0,
151,2,388039836449,388111772902,7,-2.49066,4,8.681e+08,1,0,
377,1,245697721693,245769658593,7,20.1697,2,8.681e+08,1,0,
377,2,245697721693,245769658910,7,6.92255,2,8.681e+08,1,0,
377,3,245697721693,245769657973,7,-6.79341,2,8.681e+08,1,0,
46,1,651975061899,652046998063,7,6.31025,4,8.681e+08,1,0,
386,2,2850716689031,2850788625212,7,5.09256,4,8.683e+08,1,0,
177,3,2306689437596,2306761373796,7,0,4,8.683e+08,0,1,
112,3,2051470611280,2051542547447,7,14.713,4,8.681e+08,1,0,
372,1,326664723588,327651861202,11,-16.7187,4,8.681e+08,0,1,
372,2,326664723588,327651861725,11,-16.7187,4,8.681e+08,0,1,
372,3,326664723588,327651860550,11,-16.7187,4,8.681e+08,1,0,
360,1,244705381146,244777318907,7,-4.43359,4,8.685e+08,1,0,
360,2,244705381146,244777317339,7,17.5265,4,8.685e+08,1,0,
97,1,248645959247,248892743768,9,-13.8256,2,8.681e+08,1,0,
215,2,243882033053,243953969338,7,10.526,4,8.681e+08,1,0,
83,2,970675216665,971662353847,11,-12.6661,2,8.681e+08,1,0,
83,3,970675216665,971662354787,11,-10.5913,2,8.681e+08,1,0,
96,2,2998287886092,2998359823840,7,-2.61603,4,8.683e+08,1,0,
325,2,2999177088298,2999310720807,8,-10.0628,4,8.685e+08,1,0,
325,3,2999177088298,2999310721141,8,-4.95267,4,8.685e+08,1,0,
50,2,722111148997,722563759494,10,-13.3135,2,8.681e+08,1,0,
238,1,324902015786,325148800789,9,-11.7102,4,8.681e+08,1,0,
238,2,324902015786,325148800452,9,15.0953,4,8.681e+08,1,0,
238,3,324902015786,325148800671,9,-4.75798,4,8.681e+08,1,0,
291,2,419836466892,420289076014,10,-4.96356,2,8.681e+08,1,0,
291,3,419836466892,420289076269,10,-16.1224,2,8.681e+08,1,0,
373,2,428261600825,428714211271,10,0,2,8.681e+08,0,1,
16,2,1127456409113,1127909019375,10,-11.9542,2,8.681e+08,1,0,
402,3,1125219562504,1125353196249,8,-1.57529,4,8.685e+08,1,0,
141,1,981748085402,981820021892,7,-6.80041,4,8.685e+08,1,0,
199,1,666459023439,666530959728,7,-1.24171,2,8.681e+08,1,0,
199,3,666459023439,666530960852,7,-8.59256,2,8.681e+08,1,0,
370,1,246128033419,246261666141,8,-11.0667,4,8.681e+08,1,0,
121,1,287070539429,288057676605,11,-8.26906,4,8.681e+08,1,0,
121,3,287070539429,288057676727,11,-2.96696,4,8.681e+08,1,0,
123,1,2616773645821,2617020430650,9,4.93434,4,8.681e+08,1,0,
124,1,3496174670319,3496246606601,7,13.4081,2,8.685e+08,1,0,
124,3,3496174670319,3496246607500,7,12.5429,2,8.685e+08,1,0,
314,1,247821567844,248274177125,10,-12.2464,2,8.681e+08,1,0,
314,3,247821567844,248274176534,10,3.54125,2,8.681e+08,1,0,
329,1,728314164103,728386100235,7,0,4,8.681e+08,0,1,
254,1,2244216644520,2246027078093,12,-12.2628,4,8.683e+08,1,0,
254,3,2244216644520,2246027078853,12,-14.7809,4,8.683e+08,1,0,
246,2,1025886119472,1027696552861,12,-16.2564,4,8.681e+08,1,0,
42,1,1007832582145,1007904519438,7,-9.11708,4,8.685e+08,1,0,
42,2,1007832582145,1007904518540,7,7.10243,4,8.685e+08,1,0,
31,1,628426875142,628560509123,8,-9.17641,2,8.681e+08,1,0,
31,2,628426875142,628560507567,8,4.90503,2,8.681e+08,1,0,
358,1,3462148406388,3462220343224,7,-9.42177,2,8.683e+08,1,0,
358,3,3462148406388,3462220342852,7,10.6906,2,8.683e+08,1,0,
327,1,1718458228855,1718705013962,9,-8.37108,4,8.681e+08,1,0,
327,3,1718458228855,1718705014445,9,-0.0121299,4,8.681e+08,1,0,
340,1,1004775962381,1004909595334,8,1.19434,4,8.681e+08,1,0,
340,2,1004775962381,1004909596034,8,-3.33919,4,8.681e+08,1,0,
340,3,1004775962381,1004909594933,8,18.7178,4,8.681e+08,1,0,
10,3,1274588519529,1274835304602,9,-11.6205,2,8.685e+08,1,0,
182,3,457113693764,458924127504,12,0,4,8.681e+08,0,1,
263,3,440452491979,440586124726,8,3.85658,2,8.685e+08,1,0,
179,1,421950834958,422403444268,10,-14.8551,4,8.681e+08,1,0,
179,2,421950834958,422403445474,10,-11.0469,4,8.681e+08,1,0,
158,2,422588492422,422660429066,7,3.30805,4,8.681e+08,1,0,
158,3,422588492422,422660429563,7,1.69725,4,8.681e+08,1,0,
155,1,523183413539,524993847742,12,-20.089,2,8.681e+08,1,0,
221,1,2239639024525,2239710960702,7,9.74634,4,8.681e+08,1,0,
221,2,2239639024525,2239710962214,7,1.42032,4,8.681e+08,1,0,
374,1,2220894222173,2220966159295,7,-7.63649,4,8.681e+08,1,0,
374,2,2220894222173,2220966159239,7,-9.32045,4,8.681e+08,1,0,
374,3,2220894222173,2220966158305,7,9.83774,4,8.681e+08,1,0,
60,1,250457343286,250704127867,9,-6.16571,2,8.685e+08,1,0,
192,1,258822481286,259069266088,9,-8.85808,2,8.681e+08,1,0,
192,2,258822481286,259069266154,9,-8.61806,2,8.681e+08,1,0,
192,3,258822481286,259069266159,9,-1.14989,2,8.681e+08,1,0,
172,2,250456208460,252266641784,12,-13.7371,2,8.685e+08,1,0,
172,3,250456208460,252266642900,12,-11.4655,2,8.685e+08,1,0,
354,1,333043376594,334853810948,12,-21.0129,4,8.681e+08,1,0,
354,2,333043376594,334853809752,12,-20.5118,4,8.681e+08,1,0,
13,1,251437352512,251509288636,7,8.45574,4,8.681e+08,1,0,
341,2,251978198451,252111831073,8,1.37259,2,8.685e+08,1,0,
141,1,253383432418,253455368908,7,-5.77145,4,8.681e+08,1,0,
141,2,253383432418,253455369704,7,-4.21693,4,8.681e+08,1,0,
210,1,1309780028775,1310026813447,9,0.99376,4,8.683e+08,1,0,
210,2,1309780028775,1310026813994,9,0.99376,4,8.683e+08,0,1,
140,1,1385145690869,1385598301388,10,-6.1692,2,8.685e+08,0,1,
140,2,1385145690869,1385598299778,10,-0.522658,2,8.685e+08,1,0,
140,3,1385145690869,1385598300582,10,-6.1692,2,8.685e+08,1,0,
111,1,1594975609066,1596786043755,12,-13.2909,4,8.685e+08,1,0,
119,1,3226716868060,3227169476783,10,-3.75703,2,8.683e+08,1,0,
119,3,3226716868060,3227169477876,10,-3.75703,2,8.683e+08,0,1,
171,3,1009947023254,1011757456760,12,-17.4926,4,8.681e+08,1,0,
371,1,953202501675,953655110989,10,-8.85124,4,8.681e+08,1,0,
371,2,953202501675,953655111806,10,-4.41457,4,8.681e+08,1,0,
371,3,953202501675,953655110646,10,-13.8153,4,8.681e+08,1,0,
202,2,1402096349885,1403906783387,12,-0.0814964,4,8.685e+08,1,0,
218,3,1429007015767,1429140649085,8,0,4,8.685e+08,0,1,
367,1,337916419172,338369028445,10,-11.9071,4,8.685e+08,1,0,
57,1,342124928786,342258562507,8,-4.8594,2,8.685e+08,1,0,
400,2,1366816740639,1367803877922,11,-11.4898,2,8.685e+08,1,0,
266,1,1317938367730,1318010303934,7,0.0430611,4,8.685e+08,1,0,
266,2,1317938367730,1318010305194,7,-7.31717,4,8.685e+08,1,0,
266,3,1317938367730,1318010304772,7,-8.2944,4,8.685e+08,1,0,
32,1,1288344642103,1289331779241,11,0,4,8.685e+08,0,1,
32,3,1288344642103,1289331780134,11,-15.436,4,8.685e+08,1,0,
35,2,1286540607541,1286674240237,8,-10.8269,4,8.685e+08,1,0,
346,1,1041955330662,1042027266956,7,9.21215,2,8.681e+08,1,0,
203,3,2335169130778,2335241067253,7,-2.80937,2,8.681e+08,1,0,
160,1,2332627158258,2332873943075,9,-0.154021,2,8.683e+08,1,0,
160,3,2332627158258,2332873942763,9,-4.2294,2,8.683e+08,1,0,
166,2,3529822277613,3529894214404,7,-0.316665,4,8.681e+08,1,0,
166,3,3529822277613,3529894214011,7,-8.30002,4,8.681e+08,1,0,
13,1,2019955760551,2020027696675,7,15.5531,4,8.683e+08,1,0,
274,2,260119184243,260252817534,8,-7.85835,4,8.685e+08,1,0,
274,3,260119184243,260252816857,8,-1.00221,4,8.685e+08,1,0,
150,1,259503707936,259637341619,8,-9.15095,2,8.685e+08,1,0,
150,2,259503707936,259637340989,8,-5.29727,2,8.685e+08,1,0,
150,3,259503707936,259637340480,8,7.97662,2,8.685e+08,1,0,
66,2,362672540512,362806173251,8,-7.77983,4,8.681e+08,1,0,
210,1,359242714458,359489499130,9,-0.444839,4,8.685e+08,1,0,
41,3,360680479585,360752417108,7,-2.9519,2,8.685e+08,1,0,
195,1,1430199668646,1430271605069,7,0.368028,4,8.681e+08,1,0,
195,3,1430199668646,1430271606226,7,0.582337,4,8.681e+08,1,0,
316,2,672117763896,672364548719,9,-0.042266,4,8.681e+08,1,0,
316,3,672117763896,672364548736,9,-7.87721,4,8.681e+08,1,0,
21,1,1423933186960,1424179971621,9,-7.23842,2,8.685e+08,1,0,
385,2,696413240357,696865849122,10,-2.71496,2,8.685e+08,1,0,
106,2,432451344368,433438481472,11,-19.1678,2,8.681e+08,1,0,
290,3,325433094709,325505030798,7,6.96192,4,8.681e+08,1,0,
320,3,1106498696721,1106951306704,10,-9.79428,2,8.685e+08,1,0,
181,1,260556948928,260628885805,7,-3.08632,4,8.681e+08,1,0,
181,2,260556948928,260628885965,7,-4.81168,4,8.681e+08,1,0,
181,3,260556948928,260628885306,7,13.6737,4,8.681e+08,1,0,
39,3,260116823563,260569432753,10,-3.2018,4,8.685e+08,1,0,
176,3,260850739772,261303349095,10,0,2,8.685e+08,0,1,
199,1,262673867502,262745803791,7,2.80306,2,8.685e+08,1,0,
199,2,262673867502,262745805458,7,-8.73949,2,8.685e+08,1,0,
51,2,265838109528,266290718820,10,0,4,8.685e+08,0,1,
255,2,262430147730,262502084080,7,3.48335,4,8.685e+08,1,0,
101,1,331804275404,331937909069,8,-10.595,2,8.685e+08,1,0,
101,2,331804275404,331937908447,8,-7.28438,2,8.685e+08,1,0,
197,2,261884424452,262871562719,11,-19.09,4,8.685e+08,1,0,
197,3,261884424452,262871561540,11,0,4,8.685e+08,0,1,
224,1,1413184488609,1413431273353,9,-8.70473,4,8.683e+08,1,0,
46,1,2246721378997,2246793315161,7,2.56371,4,8.683e+08,1,0,
297,2,1722177233596,1722249171570,7,-8.21033,4,8.683e+08,1,0,
134,1,394970490023,395104122862,8,-1.83673,2,8.681e+08,1,0,
181,3,2115879279943,2115951216321,7,12.1059,4,8.683e+08,1,0,
383,1,1380745989505,1382556423072,12,-8.31529,4,8.685e+08,1,0,
256,3,822166154464,822238091019,7,4.02692,4,8.685e+08,1,0,
67,1,840880399603,841333009559,10,-12.5174,4,8.681e+08,1,0,
67,3,840880399603,841333008401,10,-7.0282,4,8.681e+08,1,0,
177,3,821895606448,821967542648,7,-2.32928,4,8.681e+08,1,0,
132,1,817804210437,817876148135,7,-5.04043,2,8.681e+08,1,0,
132,2,817804210437,817876146690,7,13.783,2,8.681e+08,1,0,
206,1,818238872858,820049306448,12,0,2,8.681e+08,0,1,
381,1,414942028634,415188813598,9,-13.7199,2,8.681e+08,1,0,
381,2,414942028634,415188813844,9,-13.7199,2,8.681e+08,0,1,
282,1,618351240201,618484872712,8,-9.45582,4,8.681e+08,1,0,
282,3,618351240201,618484873733,8,13.502,4,8.681e+08,1,0,
282,1,656230199160,656363831671,8,7.71776,4,8.685e+08,1,0,
306,2,649793533375,649865470725,7,1.67024,4,8.685e+08,1,0,
11,1,3448100418056,3448553027988,10,-9.56776,4,8.683e+08,0,1,
11,2,3448100418056,3448553027278,10,-9.56776,4,8.683e+08,1,0,
278,2,609429137456,609562770498,8,10.5098,2,8.681e+08,1,0,
278,3,609429137456,609562770115,8,0.351899,2,8.681e+08,1,0,
193,1,420354916937,420807525639,10,0,2,8.681e+08,0,1,
193,3,420354916937,420807526819,10,-9.01279,2,8.681e+08,1,0,
151,2,416112043200,416183979653,7,11.7542,4,8.685e+08,1,0,
165,1,413959704694,414031641156,7,5.83087,4,8.685e+08,1,0,
165,2,413959704694,414031642449,7,-8.04448,4,8.685e+08,1,0,
79,1,1655615772227,1655687708334,7,11.9539,4,8.685e+08,1,0,
393,3,529335735447,529582520599,9,-13.7523,2,8.681e+08,1,0,
296,2,530168895782,531979329547,12,-0.0601188,2,8.681e+08,1,0,
369,1,688380919202,690191352776,12,-16.7724,4,8.681e+08,1,0,
369,3,688380919202,690191353925,12,-3.19502,4,8.681e+08,1,0,
101,3,527650966975,527784599503,8,7.60344,2,8.681e+08,1,0,
245,2,528414501073,528661285699,9,0,4,8.681e+08,0,1,
267,1,1337931562791,1338918700019,11,-5.56476,2,8.685e+08,1,0,
267,3,1337931562791,1338918700677,11,-4.42747,2,8.685e+08,1,0,
251,1,1415936255075,1416923392390,11,-11.2949,2,8.685e+08,1,0,
251,3,1415936255075,1416923392393,11,-11.2949,2,8.685e+08,0,1,
161,1,1393424494010,1394411631098,11,-12.8685,2,8.685e+08,1,0,
161,2,1393424494010,1394411632260,11,-12.8685,2,8.685e+08,0,1,
48,1,2281226237593,2281473023225,9,-5.79982,4,8.683e+08,1,0,
48,2,2281226237593,2281473022466,9,-2.97826,4,8.683e+08,1,0,
16,1,1777358431891,1777811041551,10,-15.6344,2,8.683e+08,1,0,
16,3,1777358431891,1777811040975,10,-5.79452,2,8.683e+08,1,0,
168,1,473292967563,473364903942,7,-4.39332,4,8.685e+08,1,0,
168,3,473292967563,473364904908,7,-8.91067,4,8.685e+08,1,0,
144,2,459651233737,459898019381,9,0.654481,2,8.685e+08,1,0,
144,3,459651233737,459898018421,9,-7.47472,2,8.685e+08,1,0,
82,1,460339476823,460411413232,7,3.90154,4,8.681e+08,1,0,
82,3,460339476823,460411413817,7,-1.09741,4,8.681e+08,1,0,
160,1,498788069655,499034854472,9,-2.12118,2,8.681e+08,1,0,
160,3,498788069655,499034854160,9,-14.4351,2,8.681e+08,1,0,
72,1,536007443062,536460052579,10,-14.781,4,8.685e+08,1,0,
72,3,536007443062,536460052269,10,-8.50093,4,8.685e+08,1,0,
115,1,994262863278,994715472699,10,-5.23227,4,8.681e+08,1,0,
115,3,994262863278,994715472957,10,-12.8384,4,8.681e+08,1,0,
160,1,1372027273545,1372274058362,9,-3.10666,2,8.683e+08,1,0,
160,3,1372027273545,1372274058050,9,0,2,8.683e+08,0,1,
320,1,2805188096375,2805640705199,10,-12.171,2,8.683e+08,1,0,
392,1,1277474181556,1277607814084,8,-6.11882,2,8.683e+08,1,0,
392,2,1277474181556,1277607814699,8,-10.1766,2,8.683e+08,1,0,
392,3,1277474181556,1277607814483,8,1.00574,2,8.683e+08,1,0,
174,1,1293124122938,1293257755774,8,-7.13629,2,8.681e+08,1,0,
174,2,1293124122938,1293257755818,8,-0.314773,2,8.681e+08,1,0,
174,3,1293124122938,1293257755571,8,3.38445,2,8.681e+08,1,0,
124,1,1773615736025,1773687672307,7,0.414018,2,8.683e+08,1,0,
124,3,1773615736025,1773687673206,7,0.414018,2,8.683e+08,0,1,
155,1,1792458773440,1794269207643,12,-12.9553,2,8.685e+08,1,0,
155,2,1792458773440,1794269207104,12,-12.5797,2,8.685e+08,1,0,
54,2,1335614480663,1336067089533,10,-1.05591,2,8.683e+08,1,0,
54,3,1335614480663,1336067090711,10,-9.38495,2,8.683e+08,1,0,
309,1,1340135149889,1340268782866,8,0.518845,2,8.681e+08,1,0,
309,2,1340135149889,1340268783457,8,-9.07901,2,8.681e+08,1,0,
309,3,1340135149889,1340268782344,8,-8.88977,2,8.681e+08,1,0,
23,1,1338069855030,1339056993550,11,-7.31915,4,8.683e+08,1,0,
333,3,2275694287765,2275941072511,9,-5.81792,2,8.685e+08,1,0,
376,2,1660908673469,1661155458999,9,-14.3044,2,8.683e+08,1,0,
151,2,1128984241501,1129056177954,7,12.2744,4,8.685e+08,1,0,
151,3,1128984241501,1129056178673,7,-0.359939,4,8.685e+08,1,0,
160,1,3550939181669,3551185966486,9,-8.95427,2,8.683e+08,1,0,
160,2,3550939181669,3551185966652,9,3.42117,2,8.683e+08,1,0,
217,1,3564166699673,3564619308810,10,-3.26749,4,8.685e+08,1,0,
217,2,3564166699673,3564619308660,10,-11.2591,4,8.685e+08,1,0,
9,2,3552249467199,3552702077156,10,-15.7509,2,8.683e+08,1,0,
9,3,3552249467199,3552702076051,10,-4.86739,2,8.683e+08,1,0,
56,3,3435353779240,3435806388265,10,-8.42909,4,8.683e+08,1,0,
290,2,488038426375,488110363643,7,0.349137,4,8.681e+08,1,0,
290,3,488038426375,488110362464,7,14.1753,4,8.681e+08,1,0,
139,2,492615316093,492687252704,7,-2.15752,4,8.681e+08,1,0,
201,3,497770725229,498017511132,9,0,2,8.681e+08,0,1,
264,3,2936050173357,2936122110844,7,0,2,8.683e+08,0,1,
353,1,2932924959331,2932996896229,7,4.78436,4,8.681e+08,1,0,
353,2,2932924959331,2932996896112,7,1.17278,4,8.681e+08,1,0,
353,3,2932924959331,2932996896073,7,-6.86356,4,8.681e+08,1,0,
96,1,1348905413031,1348977350173,7,0.719743,4,8.685e+08,1,0,
96,3,1348905413031,1348977349620,7,-8.2465,4,8.685e+08,1,0,
129,1,1450343258486,1450415194975,7,2.40427,2,8.683e+08,1,0,
35,1,1472697967734,1472831600708,8,-10.7557,4,8.683e+08,1,0,
35,2,1472697967734,1472831600430,8,7.48905,4,8.683e+08,1,0,
35,3,1472697967734,1472831600619,8,-5.86446,4,8.683e+08,1,0,
246,2,523862798579,525673231968,12,-6.42108,4,8.681e+08,1,0,
246,3,523862798579,525673233102,12,-8.03866,4,8.681e+08,1,0,
282,1,3502921412990,3503055045501,8,14.8962,4,8.685e+08,1,0,
272,1,2582978133261,2583050069604,7,10.5295,4,8.681e+08,1,0,
204,1,263731071217,263803007316,7,20.2965,4,8.685e+08,1,0,
11,1,264478841790,264931451722,10,-6.5605,4,8.685e+08,1,0,
103,1,2067103627054,2067175563325,7,16.3525,2,8.683e+08,1,0,
94,1,1079264517784,1079717126944,10,-10.6756,4,8.681e+08,1,0,
189,1,1068536382517,1068670014993,8,0.662934,4,8.683e+08,1,0,
30,1,2336515454925,2338325888310,12,0,4,8.681e+08,0,1,
235,2,2220584023003,2221036631853,10,-11.2782,4,8.683e+08,1,0,
235,3,2220584023003,2221036632314,10,-13.7802,4,8.683e+08,1,0,
319,2,357423432261,359233865885,12,0,2,8.685e+08,0,1,
319,3,357423432261,359233866898,12,-15.7365,2,8.685e+08,1,0,
193,3,3298853127152,3299305737034,10,-15.5573,2,8.685e+08,1,0,
207,3,3288407435639,3289394572921,11,0,4,8.683e+08,0,1,
131,3,1159035711107,1159169343568,8,-1.68559,2,8.685e+08,1,0,
365,1,1262627993872,1264438427271,12,-16.5178,2,8.681e+08,1,0,
365,3,1262627993872,1264438428270,12,-22.1023,2,8.681e+08,1,0,
37,1,2398917276889,2399369885771,10,-6.38853,4,8.683e+08,1,0,
300,1,1798990292249,1799977430649,11,-10.3793,2,8.685e+08,1,0,
300,2,1798990292249,1799977429582,11,-0.682296,2,8.685e+08,1,0,
382,1,2623512874529,2623584810975,7,0.822114,4,8.681e+08,1,0,
227,1,324818152562,324890090403,7,-5.89094,2,8.685e+08,1,0,
227,2,324818152562,324890089066,7,-2.78914,2,8.685e+08,1,0,
350,1,767514742120,767761526976,9,-3.13327,2,8.685e+08,1,0,
102,1,772948405214,774758838196,12,0,4,8.681e+08,0,1,
102,2,772948405214,774758839381,12,0,4,8.681e+08,0,1,
303,1,784025367721,784477976720,10,-8.49382,4,8.681e+08,1,0,
303,2,784025367721,784477976868,10,-8.49382,4,8.681e+08,0,1,
317,2,1762543598489,1762615534811,7,-3.21319,4,8.683e+08,1,0,
72,2,1490826960825,1491279571200,10,-7.32727,4,8.683e+08,1,0,
89,2,1488869280748,1489116065777,9,-8.64677,2,8.685e+08,1,0,
147,1,2087346265586,2089156698992,12,-13.4199,4,8.685e+08,1,0,
147,3,2087346265586,2089156700103,12,-13.4199,4,8.685e+08,0,1,
295,1,2852531623956,2852984234297,10,-12.8604,2,8.683e+08,0,1,
295,3,2852531623956,2852984234106,10,-12.8604,2,8.683e+08,1,0,
211,1,551550030765,552537169230,11,-14.6797,4,8.681e+08,1,0,
211,2,551550030765,552537168110,11,-12.8131,4,8.681e+08,1,0,
211,3,551550030765,552537168116,11,-11.1981,4,8.681e+08,1,0,
156,2,482495247152,482742032128,9,-4.3268,4,8.681e+08,1,0,
383,1,480303031458,482113465025,12,-7.62295,4,8.681e+08,1,0,
383,2,480303031458,482113465836,12,-0.697036,4,8.681e+08,1,0,
357,1,748430881354,748502818309,7,-8.12697,4,8.685e+08,1,0,
357,3,748430881354,748502817705,7,-5.59332,4,8.685e+08,1,0,
350,1,2289728269327,2289975054183,9,-7.59247,2,8.683e+08,1,0,
350,2,2289728269327,2289975055348,9,-9.70402,2,8.683e+08,1,0,
359,3,1655267375283,1655401008058,8,-3.54443,2,8.685e+08,1,0,
230,1,687590153927,689400587611,12,-16.2029,2,8.681e+08,1,0,
230,2,687590153927,689400588469,12,-21.2158,2,8.681e+08,1,0,
374,1,693606007443,693677944565,7,-4.65069,4,8.681e+08,1,0,
374,2,693606007443,693677944509,7,2.39082,4,8.681e+08,1,0,
374,3,693606007443,693677943575,7,10.4082,4,8.681e+08,1,0,
39,1,2380364517751,2380817128112,10,-9.29364,4,8.685e+08,1,0,
39,3,2380364517751,2380817126941,10,4.69415,4,8.685e+08,1,0,
206,1,305518338622,307328772212,12,8.47999,2,8.685e+08,1,0,
206,2,305518338622,307328772342,12,8.47999,2,8.685e+08,0,1,
206,3,305518338622,307328772885,12,-22.2051,2,8.685e+08,1,0,
62,1,272222338415,272355971230,8,-6.85789,4,8.681e+08,1,0,
62,2,272222338415,272355972052,8,-9.99206,4,8.681e+08,1,0,
62,3,272222338415,272355971022,8,-5.19562,4,8.681e+08,1,0,
374,3,267842792200,267914728332,7,-0.0277702,4,8.681e+08,1,0,
363,1,274874701804,275121486543,9,-2.39903,4,8.681e+08,1,0,
352,1,271210835625,271663445511,10,-13.3853,4,8.685e+08,1,0,
352,3,271210835625,271663444554,10,-7.76746,4,8.685e+08,1,0,
88,2,272365202115,274175635768,12,-14.4368,4,8.685e+08,1,0,
14,1,1762733526094,1762867159508,8,0,2,8.683e+08,0,1,
51,2,2863241098513,2863693707805,10,0,4,8.683e+08,0,1,
102,1,385474769372,387285202354,12,-12.2307,4,8.681e+08,1,0,
400,2,345614007294,346601144577,11,-6.43111,2,8.685e+08,1,0,
400,3,345614007294,346601145521,11,-13.633,2,8.685e+08,1,0,
281,3,1718662252298,1719649390594,11,-19.1027,2,8.685e+08,1,0,
403,2,1709450915481,1709522851821,7,17.1236,4,8.685e+08,1,0,
403,3,1709450915481,1709522852719,7,-7.19118,4,8.685e+08,1,0,
129,3,1282498781832,1282570718530,7,0,2,8.685e+08,0,1,
285,3,1290237536930,1290690146643,10,-8.19981,2,8.683e+08,1,0,
402,2,751604208434,751737841011,8,0,4,8.681e+08,0,1,
402,3,751604208434,751737842179,8,0,4,8.681e+08,0,1,
188,1,268423982773,269411120987,11,-9.65561,2,8.685e+08,1,0,
188,2,268423982773,269411119937,11,-0.410125,2,8.685e+08,1,0,
202,1,270241333277,272051767887,12,-21.1358,4,8.685e+08,1,0,
202,2,270241333277,272051766779,12,6.99011,4,8.685e+08,1,0,
266,1,273061078814,273133015018,7,-3.35391,4,8.685e+08,1,0,
266,3,273061078814,273133015856,7,-5.67873,4,8.685e+08,1,0,
159,1,279869294747,280002927197,8,0,4,8.685e+08,0,1,
159,3,279869294747,280002927639,8,8.29984,4,8.685e+08,1,0,
379,3,277277986424,278265124020,11,-18.4788,2,8.685e+08,1,0,
45,2,275642184767,275714121940,7,-5.78226,4,8.685e+08,1,0,
182,1,276070493754,277880928589,12,-12.1023,4,8.685e+08,1,0,
182,2,276070493754,277880927329,12,0,4,8.685e+08,0,1,
155,3,276456538249,278266972811,12,-14.4074,2,8.685e+08,1,0,
239,1,275572981089,275644917273,7,7.48447,2,8.685e+08,1,0,
269,2,1325966326557,1326038262781,7,-4.82547,2,8.683e+08,1,0,
18,3,1328335928126,1328407866077,7,-2.16464,4,8.685e+08,1,0,
143,1,2351866649802,2353677083162,12,-12.2662,4,8.683e+08,1,0,
108,1,1435746547670,1435818484146,7,1.52791,4,8.685e+08,1,0,
108,3,1435746547670,1435818484385,7,-9.18866,4,8.685e+08,1,0,
390,1,709092270444,709164207490,7,-7.16696,4,8.681e+08,1,0,
390,3,709092270444,709164206581,7,6.63345,4,8.681e+08,1,0,
60,3,700843809529,701090594506,9,-6.07602,2,8.681e+08,1,0,
71,1,841207684167,841279620522,7,4.56319,2,8.681e+08,1,0,
71,2,841207684167,841279622189,7,-3.52248,2,8.681e+08,1,0,
71,3,841207684167,841279621633,7,-8.12439,2,8.681e+08,1,0,
64,1,837271553385,837343490118,7,-0.227615,4,8.685e+08,1,0,
64,3,837271553385,837343490950,7,-8.0413,4,8.685e+08,1,0,
162,2,837309101959,837761711304,10,-4.21397,4,8.681e+08,1,0,
113,3,3246818915996,3246952548479,8,-10.5805,4,8.681e+08,1,0,
218,1,448858820825,448992453522,8,-6.30324,4,8.681e+08,1,0,
135,2,436440147856,436686932730,9,-9.7382,2,8.681e+08,1,0,
135,3,436440147856,436686933874,9,-10.9619,2,8.681e+08,1,0,
300,2,438902735524,439889872857,11,-14.1884,2,8.681e+08,1,0,
280,1,504796220140,505783358569,11,0.457978,2,8.685e+08,1,0,
280,2,504796220140,505783357510,11,8.71032,2,8.685e+08,1,0,
112,3,434923063016,434994999183,7,19.8087,4,8.681e+08,1,0,
214,3,2087834119548,2087906055605,7,40.3854,4,8.683e+08,1,0,
275,1,3202093535409,3202165471858,7,4.12336,4,8.685e+08,1,0,
275,3,3202093535409,3202165472859,7,-5.9124,4,8.685e+08,1,0,
324,1,1136098854133,1137909287784,12,-16.4745,2,8.685e+08,1,0,
324,2,1136098854133,1137909288422,12,-19.7182,2,8.685e+08,1,0,
192,1,1001225229524,1001472014326,9,2.24863,2,8.685e+08,1,0,
192,3,1001225229524,1001472014397,9,-11.9451,2,8.685e+08,1,0,
287,2,1704050168156,1705037305290,11,-8.35017,2,8.685e+08,1,0,
287,3,1704050168156,1705037306379,11,-15.5113,2,8.685e+08,1,0,
298,3,727034562800,727168196144,8,-1.61078,2,8.685e+08,1,0,
381,1,1733505440624,1733752225588,9,-3.37006,2,8.685e+08,1,0,
381,2,1733505440624,1733752225834,9,-1.68045,2,8.685e+08,1,0,
381,3,1733505440624,1733752226156,9,-5.48785,2,8.685e+08,1,0,
33,1,1734438570267,1734891180425,10,-16.2655,2,8.685e+08,1,0,
33,2,1734438570267,1734891179286,10,12.5919,2,8.685e+08,1,0,
33,3,1734438570267,1734891180387,10,-3.03194,2,8.685e+08,1,0,
353,3,3421435876364,3421507813106,7,-8.74156,4,8.681e+08,1,0,
40,2,1399565802890,1399637740053,7,-4.68448,2,8.683e+08,1,0,
40,3,1399565802890,1399637739096,7,19.5879,2,8.683e+08,1,0,
137,2,1395445474159,1395579107151,8,-6.76413,4,8.685e+08,1,0,
137,3,1395445474159,1395579106748,8,11.3937,4,8.685e+08,1,0,
319,1,2428259159674,2430069594096,12,0,2,8.685e+08,0,1,
319,2,2428259159674,2430069593298,12,0,2,8.685e+08,0,1,
74,2,1195109913305,1195181849648,7,0,2,8.685e+08,0,1,
74,3,1195109913305,1195181850732,7,10.4432,2,8.685e+08,1,0,
76,1,276301602265,276373538759,7,-6.63283,4,8.681e+08,1,0,
76,2,276301602265,276373539590,7,-0.41719,4,8.681e+08,1,0,
54,1,277771567777,278224178178,10,-11.37,2,8.681e+08,1,0,
353,1,835939887954,836011824852,7,-8.67203,4,8.685e+08,1,0,
114,3,835114831146,835186767215,7,19.7206,4,8.681e+08,1,0,
133,1,2257257046931,2257328983121,7,24.5575,2,8.683e+08,1,0,
133,3,2257257046931,2257328983982,7,24.5575,2,8.683e+08,0,1,
352,1,1851741486786,1852194096672,10,-15.214,4,8.681e+08,1,0,
352,3,1851741486786,1852194095715,10,-6.73526,4,8.681e+08,1,0,
154,1,804830435563,804964068220,8,0,4,8.685e+08,0,1,
154,2,804830435563,804964068737,8,-11.0564,4,8.685e+08,1,0,
292,2,805832013132,805965645825,8,-5.25363,4,8.681e+08,1,0,
292,3,805832013132,805965646444,8,0.281373,4,8.681e+08,1,0,
239,1,801590990967,801662927151,7,-7.57298,2,8.683e+08,1,0,
7,1,804385920732,804457857812,7,-6.33214,2,8.681e+08,0,1,
7,3,804385920732,804457857156,7,-6.33214,2,8.681e+08,1,0,
94,1,2780122911620,2780575520780,10,-16.2197,4,8.685e+08,1,0,
94,3,2780122911620,2780575521781,10,-7.74594,4,8.685e+08,1,0,
18,1,2248947715626,2249019652398,7,0,4,8.683e+08,0,1,
313,2,3244123584897,3244370370597,9,-12.1983,4,8.681e+08,1,0,
313,3,3244123584897,3244370370428,9,-11.7246,4,8.681e+08,1,0,
256,1,2876160533445,2876232470338,7,-0.20143,4,8.685e+08,1,0,
256,3,2876160533445,2876232470000,7,-5.53038,4,8.685e+08,1,0,
308,2,1449099776712,1449552386568,10,-8.73379,2,8.681e+08,1,0,
308,3,1449099776712,1449552385420,10,-2.61323,2,8.681e+08,1,0,
23,1,1535497055050,1536484193570,11,-13.1713,4,8.683e+08,1,0,
396,1,1452871072258,1452943008673,7,4.17898,4,8.685e+08,1,0,
396,3,1452871072258,1452943009469,7,0.925935,4,8.685e+08,1,0,
227,1,1696940365276,1697012303117,7,0.472031,2,8.681e+08,1,0,
227,2,1696940365276,1697012301780,7,0,2,8.681e+08,0,1,
321,3,2009619245841,2009691182407,7,0.0196236,2,8.685e+08,1,0,
222,1,830820703198,832631136761,12,0,4,8.681e+08,0,1,
222,3,830820703198,832631137909,12,-19.2272,4,8.681e+08,1,0,
199,1,1752905787656,1752977723945,7,3.05429,2,8.685e+08,1,0,
123,1,281328740147,281575524976,9,-1.89748,4,8.685e+08,1,0,
123,2,281328740147,281575525158,9,-10.1814,4,8.685e+08,1,0,
65,2,276410047434,276481983785,7,7.55459,2,8.685e+08,1,0,
256,1,277110721599,277182658492,7,-3.07048,4,8.685e+08,1,0,
213,2,289704536223,289776472842,7,-1.62709,2,8.681e+08,1,0,
27,1,994686408649,994820042419,8,-0.871291,4,8.685e+08,1,0,
27,3,994686408649,994820041308,8,-9.37544,4,8.685e+08,1,0,
181,1,2967436639257,2967508576134,7,-6.96117,4,8.681e+08,1,0,
168,1,1249838682438,1249910618817,7,7.99133,4,8.683e+08,1,0,
356,3,2313079061919,2314889496492,12,-6.75023,4,8.683e+08,1,0,
105,2,281876535013,281948471334,7,2.94722,4,8.685e+08,1,0,
290,1,281134835788,281206772969,7,-1.2538,4,8.685e+08,1,0,
290,2,281134835788,281206773056,7,-6.13353,4,8.685e+08,1,0,
290,3,281134835788,281206771877,7,15.914,4,8.685e+08,1,0,
243,2,286920605320,286992543347,7,-4.90778,4,8.681e+08,1,0,
208,1,279218587037,279465372862,9,0.558045,4,8.685e+08,1,0,
208,3,279218587037,279465372871,9,-2.02473,4,8.685e+08,1,0,
403,2,278860350847,278932287187,7,-3.37599,4,8.681e+08,1,0,
12,1,285619880326,285866666072,9,-3.77118,4,8.685e+08,1,0,
12,2,285619880326,285866664983,9,17.5616,4,8.685e+08,1,0,
322,2,290079629202,290151566668,7,-3.74234,2,8.685e+08,1,0,
90,1,1726476811978,1726723598198,9,3.10205,2,8.685e+08,1,0,
90,2,1726476811978,1726723597609,9,-9.5195,2,8.685e+08,0,1,
90,3,1726476811978,1726723597021,9,-9.5195,2,8.685e+08,1,0,
194,1,1811341476372,1812328613897,11,-15.7224,2,8.685e+08,1,0,
125,1,1368279515321,1368526300012,9,-6.07719,4,8.685e+08,1,0,
125,2,1368279515321,1368526300890,9,-7.77498,4,8.685e+08,1,0,
125,3,1368279515321,1368526299944,9,-7.77559,4,8.685e+08,1,0,
101,2,1372013375654,1372147008697,8,1.80634,2,8.683e+08,1,0,
101,3,1372013375654,1372147008182,8,-5.39014,2,8.683e+08,1,0,
275,1,1427857051684,1427928988133,7,-1.94487,4,8.683e+08,1,0,
249,2,1392490352533,1392623985125,8,6.03893,2,8.685e+08,1,0,
249,3,1392490352533,1392623985121,8,-3.32121,2,8.685e+08,1,0,
284,1,1320821538975,1322631973535,12,-11.0105,4,8.683e+08,1,0,
284,2,1320821538975,1322631972223,12,0,4,8.683e+08,0,1,
284,3,1320821538975,1322631972489,12,-1.10199,4,8.683e+08,1,0,
354,2,3185840408213,3187650841371,12,-14.8985,4,8.683e+08,1,0,
354,3,3185840408213,3187650842502,12,-14.8985,4,8.683e+08,0,1,
165,1,1669360555675,1669432492137,7,-4.98831,4,8.683e+08,1,0,
224,1,2026722499076,2026969283820,9,1.90408,4,8.685e+08,1,0,
181,3,2054193097787,2054265034165,7,-1.99181,4,8.683e+08,1,0,
328,2,2019321147455,2020308284730,11,0,2,8.683e+08,0,1,
325,3,1044869032012,1045002664855,8,-4.87913,4,8.685e+08,1,0,
110,1,3003957064769,3004944201713,11,-1.68185,2,8.681e+08,1,0,
110,2,3003957064769,3004944202055,11,-1.68185,2,8.681e+08,0,1,
126,1,2967143630693,2967390415682,9,-8.69182,4,8.683e+08,1,0,
126,2,2967143630693,2967390416872,9,-12.5323,4,8.683e+08,1,0,
176,1,2842549636901,2843002245806,10,-11.6031,2,8.685e+08,1,0,
176,2,2842549636901,2843002245929,10,-2.58556,2,8.685e+08,1,0,
176,3,2842549636901,2843002246224,10,-10.4534,2,8.685e+08,1,0,
341,1,1393623725987,1393757359102,8,-2.17595,2,8.681e+08,1,0,
341,3,1393623725987,1393757359083,8,10.5067,2,8.681e+08,1,0,
262,1,2968470715605,2970281150061,12,0,4,8.683e+08,0,1,
262,3,2968470715605,2970281150225,12,-21.921,4,8.683e+08,1,0,
343,1,2936251185301,2936384818285,8,-6.31412,2,8.683e+08,1,0,
343,2,2936251185301,2936384817993,8,3.49972,2,8.683e+08,1,0,
343,3,2936251185301,2936384818067,8,2.17645,2,8.683e+08,1,0,
208,2,2123652940929,2123899725747,9,-6.82306,4,8.683e+08,1,0,
29,1,1270231256632,1272041690505,12,-8.96739,4,8.681e+08,1,0,
29,2,1270231256632,1272041689959,12,0,4,8.681e+08,0,1,
25,2,704706272590,705158883052,10,-5.16153,4,8.681e+08,1,0,
25,3,704706272590,705158882090,10,-10.0461,4,8.681e+08,1,0,
275,1,280104437948,280176374397,7,0,4,8.681e+08,0,1,
113,3,295143721036,295277353519,8,-7.34192,2,8.685e+08,1,0,
187,3,1824954314268,1825406924468,10,-10.7873,4,8.683e+08,1,0,
77,1,1790917405981,1790989343001,7,1.54927,2,8.685e+08,1,0,
53,2,2819530259821,2819602196710,7,1.41974,4,8.685e+08,1,0,
53,3,2819530259821,2819602196366,7,11.5712,4,8.685e+08,1,0,
180,1,1082482931666,1082729716546,9,0,2,8.683e+08,0,1,
180,2,1082482931666,1082729717061,9,-13.944,2,8.683e+08,1,0,
372,1,1090241417188,1091228554802,11,-7.23942,4,8.685e+08,1,0,
372,2,1090241417188,1091228555325,11,-19.3594,4,8.685e+08,1,0,
372,3,1090241417188,1091228554150,11,0,4,8.685e+08,0,1,
366,2,2372361841419,2372433777942,7,4.43231,4,8.685e+08,1,0,
366,3,2372361841419,2372433778252,7,0.612962,4,8.685e+08,1,0,
302,1,2361726073547,2361798009996,7,-5.74422,4,8.683e+08,1,0,
385,3,2265714946476,2266167556365,10,1.74175,2,8.683e+08,1,0,
20,1,1390348582429,1390595368718,9,-11.6569,4,8.681e+08,1,0,
20,2,1390348582429,1390595367343,9,-1.91453,4,8.681e+08,1,0,
20,3,1390348582429,1390595367750,9,5.42155,4,8.681e+08,1,0,
372,1,3445909994947,3446897132561,11,-9.47287,4,8.681e+08,1,0,
372,3,3445909994947,3446897131909,11,-3.6358,4,8.681e+08,1,0,
30,2,375352557642,377162991662,12,-16.7328,4,8.681e+08,1,0,
165,1,283223837259,283295773721,7,4.88538,4,8.681e+08,1,0,
79,1,292557675265,292629611372,7,22.3164,4,8.681e+08,1,0,
79,3,292557675265,292629612409,7,2.35773,4,8.681e+08,1,0,
79,1,283603655814,283675591921,7,31.6465,4,8.681e+08,1,0,
196,1,337465783258,338452920757,11,-18.2131,4,8.681e+08,1,0,
308,3,288890355017,289342963725,10,-7.62195,2,8.685e+08,1,0,
377,3,289323178181,289395114461,7,17.929,2,8.681e+08,1,0,
249,2,292512946185,292646578777,8,12.7216,2,8.685e+08,1,0,
249,3,292512946185,292646578773,8,8.47664,2,8.685e+08,1,0,
175,2,291660145350,292647282435,11,0.328431,4,8.681e+08,1,0,
346,1,292584478943,292656415237,7,-4.51704,2,8.685e+08,1,0,
212,1,327668494672,329478928510,12,-6.62172,2,8.681e+08,1,0,
212,2,327668494672,329478927903,12,-6.17735,2,8.681e+08,1,0,
380,2,303021109178,303093046214,7,-6.56518,4,8.681e+08,1,0,
380,3,303021109178,303093045791,7,2.4807,4,8.681e+08,1,0,
281,1,298929313574,299916451984,11,0,2,8.685e+08,0,1,
15,1,298838369025,298972002981,8,-5.58948,2,8.681e+08,1,0,
15,3,298838369025,298972001808,8,-0.974807,2,8.681e+08,1,0,
200,3,293359840228,293431777727,7,-1.6223,4,8.685e+08,1,0,
37,1,294915562129,295368171011,10,-9.69595,4,8.681e+08,1,0,
37,2,294915562129,295368171810,10,-12.9385,4,8.681e+08,1,0,
37,3,294915562129,295368171926,10,-4.54678,4,8.681e+08,1,0,
35,1,530748970164,530882603138,8,-3.92647,4,8.681e+08,1,0,
52,1,615359564848,617169998749,12,-4.46739,4,8.681e+08,1,0,
107,2,532510965223,532757750057,9,-2.98114,2,8.685e+08,1,0,
107,3,532510965223,532757750073,9,10.9925,2,8.685e+08,1,0,
188,2,533299940342,534287077506,11,0,2,8.681e+08,0,1,
210,1,532867015923,533113800595,9,0,4,8.681e+08,0,1,
210,2,532867015923,533113801142,9,-2.72839,4,8.681e+08,1,0,
392,1,533666595889,533800228417,8,0,2,8.685e+08,0,1,
392,2,533666595889,533800229032,8,-4.70596,2,8.685e+08,1,0,
296,2,2325828300727,2327638734492,12,-19.1067,2,8.683e+08,1,0,
234,2,3529340920309,3529793528856,10,-4.98546,4,8.683e+08,1,0,
263,1,1284615784792,1284749418041,8,-1.04796,2,8.683e+08,1,0,
263,2,1284615784792,1284749417272,8,-6.19003,2,8.683e+08,1,0,
263,3,1284615784792,1284749417539,8,-5.8674,2,8.683e+08,1,0,
285,2,2600900901131,2601353509975,10,5.07422,2,8.685e+08,1,0,
373,1,2116896730648,2117349340061,10,-16.8502,2,8.685e+08,1,0,
372,3,1188955017198,1189942154160,11,-11.5065,4,8.683e+08,1,0,
247,2,3464801431334,3465254040183,10,2.3705,2,8.681e+08,1,0,
310,1,2903590657022,2905401091189,12,-9.29106,2,8.683e+08,1,0,
310,2,2903590657022,2905401090327,12,-21.8088,2,8.683e+08,1,0,
310,3,2903590657022,2905401091340,12,-16.1109,2,8.683e+08,1,0,
201,2,2382959942273,2383206727095,9,-2.20447,2,8.685e+08,1,0,
402,1,1418845039184,1418978673212,8,2.6779,4,8.685e+08,1,0,
402,2,1418845039184,1418978671761,8,0,4,8.685e+08,0,1,
402,3,1418845039184,1418978672929,8,-2.95756,4,8.685e+08,1,0,
205,1,1417808654350,1418055439036,9,11.2197,2,8.685e+08,1,0,
346,1,1423113098333,1423185034627,7,0.466584,2,8.685e+08,1,0,
24,2,2305304440456,2305376376724,7,17.2805,2,8.683e+08,1,0,
24,3,2305304440456,2305376377399,7,-8.53335,2,8.683e+08,1,0,
29,1,2878350021296,2880160455169,12,0.511094,4,8.683e+08,1,0,
29,3,2878350021296,2880160455484,12,0.256593,4,8.683e+08,1,0,
177,1,2877106776621,2877178713878,7,-7.38374,4,8.683e+08,1,0,
177,3,2877106776621,2877178712821,7,17.2803,4,8.683e+08,1,0,
378,2,874237880638,874484666144,9,0,2,8.681e+08,0,1,
12,2,867019317874,867266102531,9,-9.28229,4,8.681e+08,1,0,
375,3,873372841373,873825450790,10,-13.7068,4,8.681e+08,1,0,
283,1,2069128004086,2069199940884,7,-2.31457,2,8.685e+08,1,0,
283,2,2069128004086,2069199941052,7,0.91002,2,8.685e+08,1,0,
41,2,538532782996,538604719348,7,16.4374,2,8.685e+08,1,0,
313,1,535673470120,535920254593,9,-11.5881,2,8.681e+08,1,0,
354,1,535647094118,537457528472,12,-7.96455,4,8.681e+08,1,0,
354,2,535647094118,537457527276,12,-7.26182,4,8.681e+08,1,0,
304,2,3249820175576,3250272784620,10,-15.6597,2,8.683e+08,1,0,
304,3,3249820175576,3250272785773,10,-8.4397,2,8.683e+08,1,0,
91,1,1485638203141,1485710139533,7,8.36942,2,8.683e+08,1,0,
231,2,1479305762506,1479758372758,10,0,2,8.685e+08,0,1,
223,2,1401923120613,1402375730377,10,-5.18606,2,8.681e+08,1,0,
304,1,1240787067036,1241239677372,10,-13.9203,2,8.685e+08,1,0,
304,2,1240787067036,1241239676080,10,-8.9637,2,8.685e+08,1,0,
85,2,968638597639,969091206560,10,10.6716,2,8.681e+08,1,0,
316,2,1688965715222,1689212500045,9,-7.11415,4,8.683e+08,1,0,
316,3,1688965715222,1689212500062,9,3.47613,4,8.683e+08,1,0,
219,1,1470283885383,1470355822394,7,-7.61792,4,8.683e+08,1,0,
219,2,1470283885383,1470355823083,7,1.39336,4,8.683e+08,1,0,
219,3,1470283885383,1470355821960,7,-8.13885,4,8.683e+08,1,0,
186,3,874466442772,874919053299,10,-5.37746,2,8.681e+08,1,0,
46,1,538383106297,538455042461,7,25.8122,4,8.681e+08,1,0,
46,3,538383106297,538455043640,7,-0.054824,4,8.681e+08,1,0,
124,1,543363117868,543435054150,7,15.8702,2,8.681e+08,1,0,
124,2,543363117868,543435055326,7,-9.20596,2,8.681e+08,1,0,
79,1,2626783781120,2626855717227,7,8.24679,4,8.683e+08,1,0,
61,2,795693395648,795827028249,8,6.84516,4,8.681e+08,1,0,
233,1,1294426749295,1296237183880,12,-11.1762,4,8.681e+08,1,0,
233,2,1294426749295,1296237182602,12,-14.4927,4,8.681e+08,1,0,
233,3,1294426749295,1296237182815,12,-1.66577,4,8.681e+08,1,0,
213,2,2807303505799,2807375442418,7,0,2,8.685e+08,0,1,
58,2,1084279904126,1084526688879,9,-8.20549,2,8.685e+08,1,0,
381,1,1080867330863,1081114115827,9,5.22718,2,8.685e+08,1,0,
381,2,1080867330863,1081114116073,9,-8.82927,2,8.685e+08,1,0,
381,3,1080867330863,1081114116395,9,-14.0683,2,8.685e+08,1,0,
41,1,2032283075736,2032355013715,7,-5.56427,2,8.685e+08,1,0,
41,2,2032283075736,2032355012088,7,5.53748,2,8.685e+08,1,0,
175,2,552166672504,553153809589,11,-16.3752,4,8.685e+08,1,0,
77,1,605343764172,605415701192,7,7.13713,2,8.681e+08,1,0,
77,2,605343764172,605415701889,7,-9.03313,2,8.681e+08,1,0,
54,2,677447505393,677900114263,10,-3.28322,2,8.681e+08,1,0,
54,3,677447505393,677900115441,10,-14.1126,2,8.681e+08,1,0,
261,2,596850708814,596922645160,7,0,2,8.685e+08,0,1,
261,3,596850708814,596922646244,7,-7.25943,2,8.685e+08,1,0,
198,2,2264179401325,2264632011046,10,0,4,8.681e+08,0,1,
342,2,621105967166,621558576581,10,-15.7146,4,8.685e+08,1,0,
348,1,2304789870959,2304923503819,8,-6.81178,4,8.685e+08,1,0,
213,2,2391563211183,2391635147802,7,-7.78853,2,8.683e+08,1,0,
125,3,3446817041948,3447063826571,9,-8.68649,4,8.683e+08,1,0,
40,1,3272584287530,3272656224507,7,-6.12814,4,8.681e+08,1,0,
40,3,3272584287530,3272656223736,7,-5.3685,4,8.681e+08,1,0,
111,1,3283988237787,3285798672476,12,-5.07046,4,8.681e+08,1,0,
111,2,3283988237787,3285798671286,12,-4.79332,4,8.681e+08,1,0,
111,3,3283988237787,3285798671366,12,-10.9321,4,8.681e+08,1,0,
184,3,564413579902,564866190013,10,-1.17171,4,8.685e+08,1,0,
282,1,541053196469,541186828980,8,2.74167,4,8.681e+08,1,0,
142,1,549439708778,549686493845,9,-13.0409,4,8.681e+08,1,0,
154,3,543844310842,543977944069,8,-3.47169,4,8.681e+08,1,0,
153,2,543820807319,544067593742,9,-7.37714,2,8.681e+08,1,0,
306,2,545680133763,545752071113,7,-9.02145,4,8.685e+08,1,0,
290,1,3447320220165,3447392157346,7,-3.68152,4,8.685e+08,1,0,
290,3,3447320220165,3447392156254,7,17.9053,4,8.685e+08,1,0,
359,3,2359572312900,2359705945675,8,-11.8603,2,8.685e+08,1,0,
63,1,1441439140059,1441685925092,9,-5.89224,4,8.685e+08,1,0,
63,2,1441439140059,1441685924697,9,-4.58928,4,8.685e+08,1,0,
63,3,1441439140059,1441685924962,9,-2.42105,4,8.685e+08,1,0,
132,2,1435034329080,1435106265333,7,8.16882,2,8.685e+08,1,0,
246,2,2826527157406,2828337590795,12,-17.0451,4,8.683e+08,1,0,
246,3,2826527157406,2828337591929,12,-6.38254,4,8.683e+08,1,0,
403,2,2620437601299,2620509537639,7,2.1465,4,8.685e+08,1,0,
403,3,2620437601299,2620509538537,7,-5.20773,4,8.685e+08,1,0,
116,1,2229034641299,2229281426790,9,-13.2159,4,8.685e+08,1,0,
116,2,2229034641299,2229281426162,9,-4.84187,4,8.685e+08,1,0,
209,1,1109514419278,1109967028147,10,1.18623,2,8.683e+08,1,0,
209,3,1109514419278,1109967028724,10,-14.2908,2,8.683e+08,1,0,
255,1,2652333191196,2652405128633,7,-5.75291,4,8.683e+08,1,0,
122,1,2640700370392,2640772306889,7,9.76527,2,8.683e+08,1,0,
122,2,2640700370392,2640772307669,7,-7.75024,2,8.683e+08,1,0,
54,2,2003512716563,2003965325433,10,-15.7423,2,8.683e+08,1,0,
156,2,1324279101901,1324525886877,9,-5.90431,4,8.685e+08,1,0,
357,2,1316591655517,1316663592490,7,-7.9375,4,8.685e+08,1,0,
292,1,1813049593878,1813183228055,8,-10.2036,4,8.683e+08,1,0,
292,2,1813049593878,1813183226571,8,-7.58308,4,8.683e+08,1,0,
90,3,551308164899,551554949942,9,-11.2423,2,8.681e+08,1,0,
57,2,548859002246,548992634666,8,-2.57191,2,8.681e+08,1,0,
40,1,549392849210,549464786187,7,-0.924117,2,8.685e+08,1,0,
40,3,549392849210,549464785416,7,9.32461,2,8.685e+08,1,0,
52,2,796402764858,798213198474,12,0,4,8.685e+08,0,1,
290,2,723027679834,723099617102,7,-4.65224,4,8.685e+08,1,0,
290,3,723027679834,723099615923,7,22.159,4,8.685e+08,1,0,
261,2,716392113468,716464049814,7,-3.11136,2,8.683e+08,1,0,
261,3,716392113468,716464050898,7,7.47079,2,8.683e+08,1,0,
285,1,729846557000,730299167476,10,-5.72801,2,8.685e+08,1,0,
285,2,729846557000,730299165844,10,-6.63678,2,8.685e+08,1,0,
213,1,1408878964846,1408950903131,7,-5.24455,2,8.685e+08,1,0,
213,2,1408878964846,1408950901465,7,-2.99188,2,8.685e+08,1,0,
111,1,1413932409056,1415742843745,12,-20.1728,4,8.683e+08,0,1,
111,2,1413932409056,1415742842555,12,-8.35576,4,8.683e+08,1,0,
111,3,1413932409056,1415742842635,12,-20.1728,4,8.683e+08,1,0,
197,1,2004615977970,2005603115547,11,-11.6217,4,8.685e+08,1,0,
197,2,2004615977970,2005603116237,11,-14.7377,4,8.685e+08,1,0,
272,1,1168877577345,1168949513688,7,11.0068,4,8.683e+08,1,0,
165,1,1171435109526,1171507045988,7,-1.35898,4,8.685e+08,1,0,
63,2,2898678857277,2898925641915,9,14.4818,4,8.683e+08,1,0,
63,3,2898678857277,2898925642180,9,-6.38618,4,8.683e+08,1,0,
142,1,2931202727097,2931449512164,9,-2.4025,4,8.683e+08,1,0,
75,1,1077679593244,1077926378069,9,-12.0367,4,8.681e+08,1,0,
358,1,3482133048792,3482204985628,7,4.21838,2,8.685e+08,1,0,
358,3,3482133048792,3482204985256,7,-0.75946,2,8.685e+08,1,0,
178,1,2243737255889,2243984040510,9,-7.14354,2,8.683e+08,1,0,
178,2,2243737255889,2243984041280,9,4.2333,2,8.683e+08,1,0,
178,3,2243737255889,2243984040461,9,2.31151,2,8.683e+08,1,0,
142,1,1157991146132,1158237931199,9,-12.6064,4,8.683e+08,1,0,
142,3,1157991146132,1158237931499,9,-5.98146,4,8.683e+08,1,0,
130,3,1406179980201,1407990415009,12,-13.6052,2,8.683e+08,1,0,
33,1,552005027487,552457637645,10,-13.9536,2,8.681e+08,1,0,
33,2,552005027487,552457636506,10,-9.7027,2,8.681e+08,1,0,
172,1,551976634353,553787068798,12,-15.6612,2,8.681e+08,1,0,
172,3,551976634353,553787068793,12,-20.2482,2,8.681e+08,1,0,
171,2,560976490961,562786924519,12,-15.2519,4,8.681e+08,1,0,
171,3,560976490961,562786924467,12,-21.3561,4,8.681e+08,1,0,
327,1,556954940055,557201725162,9,0.433442,2,8.681e+08,1,0,
197,1,961603110004,962590247581,11,-9.58671,4,8.681e+08,1,0,
197,2,961603110004,962590248271,11,-9.58671,4,8.681e+08,0,1,
197,3,961603110004,962590247092,11,3.11697,4,8.681e+08,1,0,
392,1,1130970476754,1131104109282,8,-7.07146,2,8.685e+08,1,0,
392,2,1130970476754,1131104109897,8,-2.28923,2,8.685e+08,1,0,
392,3,1130970476754,1131104109681,8,-1.31514,2,8.685e+08,1,0,
235,1,1133950275257,1134402885510,10,-16.6956,4,8.685e+08,1,0,
235,2,1133950275257,1134402884107,10,0,4,8.685e+08,0,1,
146,3,1128182790925,1128429575559,9,-6.3672,2,8.685e+08,1,0,
22,1,1308099703416,1309910136774,12,-20.9675,4,8.681e+08,1,0,
22,2,1308099703416,1309910137723,12,-20.9675,4,8.681e+08,0,1,
243,1,672349485224,672421421663,7,-3.80301,4,8.685e+08,1,0,
243,3,672349485224,672421422841,7,-6.66971,4,8.685e+08,1,0,
195,3,3253091319206,3253163256786,7,-8.79005,4,8.685e+08,1,0,
123,1,2039181576298,2039428361127,9,-7.98491,4,8.683e+08,1,0,
123,2,2039181576298,2039428361309,9,-13.7438,4,8.683e+08,1,0,
272,1,1055304496445,1055376432788,7,3.63991,4,8.685e+08,1,0,
79,1,1053335672118,1053407608225,7,6.8765,4,8.685e+08,1,0,
189,1,557362096898,557495729374,8,-11.869,4,8.681e+08,1,0,
189,2,557362096898,557495730342,8,-9.31027,4,8.681e+08,1,0,
275,1,553580470811,553652407260,7,4.0477,4,8.685e+08,1,0,
110,2,583620799500,584607936786,11,-9.08687,2,8.685e+08,1,0,
253,1,557957311898,558409921013,10,8.535,2,8.681e+08,1,0,
318,1,3377044060873,3378854495534,12,-18.54,4,8.683e+08,1,0,
318,2,3377044060873,3378854494157,12,-17.3115,4,8.683e+08,1,0,
98,1,1683882466757,1683954404583,7,0.861192,2,8.681e+08,1,0,
98,2,1683882466757,1683954402962,7,6.3179,2,8.681e+08,1,0,
6,3,1692396468829,1692468405318,7,1.50552,2,8.683e+08,1,0,
154,1,2671248044161,2671381676818,8,-3.4976,4,8.683e+08,1,0,
230,1,2719442824901,2721253258585,12,1.49326,2,8.685e+08,1,0,
230,2,2719442824901,2721253259443,12,1.49326,2,8.685e+08,0,1,
192,3,1297879129219,1298125914092,9,-10.4702,2,8.683e+08,1,0,
254,2,1357425102832,1359235536697,12,0,4,8.685e+08,0,1,
254,3,1357425102832,1359235537165,12,-21.381,4,8.685e+08,1,0,
291,3,2890218513090,2890671122467,10,-9.47456,2,8.683e+08,1,0,
161,1,2420064514565,2421051651653,11,10.9254,2,8.683e+08,1,0,
161,2,2420064514565,2421051652815,11,-9.76831,2,8.683e+08,1,0,
161,3,2420064514565,2421051652768,11,-11.7546,2,8.683e+08,1,0,
76,1,2414626663948,2414698600442,7,-7.93754,4,8.683e+08,1,0,
76,3,2414626663948,2414698600637,7,-2.96321,4,8.683e+08,1,0,
360,2,2386882596029,2386954532222,7,25.0373,4,8.683e+08,1,0,
72,1,3271165022384,3271617631901,10,-5.87707,4,8.683e+08,1,0,
72,2,3271165022384,3271617632759,10,1.70653,4,8.683e+08,1,0,
72,3,3271165022384,3271617631591,10,-11.5136,4,8.683e+08,1,0,
290,2,1017301675069,1017373612337,7,-6.17422,4,8.685e+08,1,0,
290,3,1017301675069,1017373611158,7,10.6745,4,8.685e+08,1,0,
278,3,2071719941357,2071853574016,8,5.53334,2,8.681e+08,1,0,
141,1,1105235904834,1105307841324,7,6.3542,4,8.685e+08,1,0,
54,2,1122132630026,1122585238896,10,-3.88539,2,8.683e+08,1,0,
20,2,1439966256279,1440213041193,9,-10.7509,4,8.685e+08,1,0,
291,2,1464565420337,1465018029459,10,-15.0642,2,8.683e+08,1,0,
39,1,2335103717741,2335556328102,10,-2.91234,4,8.683e+08,1,0,
39,3,2335103717741,2335556326931,10,-8.06192,4,8.683e+08,1,0,
315,1,2335133712242,2336944145933,12,-17.8348,2,8.683e+08,1,0,
315,3,2335133712242,2336944146387,12,-21.1108,2,8.683e+08,1,0,
371,3,1816264805969,1816717414940,10,-12.6754,4,8.685e+08,1,0,
213,2,2310658236600,2310730173219,7,-6.6571,2,8.685e+08,1,0,
213,3,2310658236600,2310730174246,7,-6.6571,2,8.685e+08,0,1,
286,2,2092360162068,2092493794672,8,-4.25381,4,8.685e+08,1,0,
286,3,2092360162068,2092493794857,8,-7.14011,4,8.685e+08,1,0,
112,2,3581870999028,3581942936342,7,-8.34871,4,8.683e+08,1,0,
112,3,3581870999028,3581942935195,7,20.2453,4,8.683e+08,1,0,
269,2,1431626694634,1431698630858,7,7.71594,2,8.685e+08,1,0,
104,3,621934262470,622067895207,8,1.47492,4,8.681e+08,1,0,
327,1,3473496908767,3473743693874,9,-4.54234,2,8.681e+08,1,0,
354,2,3547926808233,3549737241391,12,-18.6527,4,8.681e+08,1,0,
141,1,2658969145787,2659041082277,7,-2.93855,4,8.683e+08,1,0,
250,1,564021496182,564093432589,7,3.9555,2,8.681e+08,1,0,
250,2,564021496182,564093434003,7,-2.94975,2,8.681e+08,1,0,
314,2,563902420445,564355030310,10,-15.1688,2,8.681e+08,1,0,
314,3,563902420445,564355029135,10,-13.1253,2,8.681e+08,1,0,
229,2,568616885202,568688821233,7,25.6114,2,8.681e+08,1,0,
229,3,568616885202,568688822406,7,-6.73334,2,8.681e+08,1,0,
356,1,565678608473,567489042931,12,-17.8658,4,8.681e+08,1,0,
4,2,568450680793,568522618146,7,-8.98326,4,8.685e+08,1,0,
4,3,568450680793,568522617268,7,-9.38985,4,8.685e+08,1,0,
293,1,2633344135218,2635154568780,12,0,2,8.681e+08,0,1,
293,2,2633344135218,2635154568993,12,-4.46283,2,8.681e+08,1,0,
60,1,2633977179139,2634223963720,9,-2.29057,2,8.685e+08,1,0,
60,3,2633977179139,2634223964116,9,-8.54024,2,8.685e+08,1,0,
53,3,3424615949727,3424687886272,7,-0.235366,4,8.683e+08,1,0,
110,3,2448524252758,2449511390333,11,1.21602,4,8.681e+08,1,0,
123,1,2378416936307,2378663721136,9,-11.9241,4,8.685e+08,1,0,
123,3,2378416936307,2378663721532,9,11.3714,4,8.685e+08,1,0,
112,2,2374729480458,2374801417772,7,-8.63858,4,8.685e+08,1,0,
112,3,2374729480458,2374801416625,7,4.77206,4,8.685e+08,1,0,
279,1,1002480371663,1003467509341,11,-3.96548,4,8.681e+08,1,0,
347,1,573044268955,574854702609,12,-14.9511,2,8.681e+08,1,0,
26,2,571600541788,571672478487,7,-7.47343,4,8.681e+08,1,0,
163,1,592326115533,594136550145,12,-20.612,4,8.681e+08,1,0,
163,2,592326115533,594136548854,12,-1.95421,4,8.681e+08,1,0,
127,2,571291237226,571424870099,8,7.90633,2,8.681e+08,1,0,
336,2,571484522893,573294956575,12,-12.2531,2,8.681e+08,1,0,
214,2,3464915609966,3464987547124,7,1.71025,4,8.685e+08,1,0,
214,3,3464915609966,3464987546023,7,26.9225,4,8.685e+08,1,0,
256,3,2101141237829,2101213174384,7,1.53545,4,8.683e+08,1,0,
354,2,975282193426,977092626584,12,-1.15398,4,8.685e+08,1,0,
354,3,975282193426,977092627715,12,-17.3442,4,8.685e+08,1,0,
386,2,2630224964928,2630296901109,7,13.6843,4,8.683e+08,1,0,
24,2,1280332229477,1280404165745,7,2.54543,2,8.685e+08,1,0,
121,1,1129069993815,1130057130991,11,0,4,8.683e+08,0,1,
121,3,1129069993815,1130057131113,11,-3.51918,4,8.683e+08,1,0,
274,2,1239465272980,1239598906271,8,-10.2743,4,8.681e+08,1,0,
274,3,1239465272980,1239598905594,8,-7.20378,4,8.681e+08,1,0,
246,2,1313236928569,1315047361958,12,-8.92168,4,8.685e+08,1,0,
204,1,1313730102490,1313802038589,7,32.783,4,8.685e+08,1,0,
373,3,1504039533363,1504492142672,10,-6.91092,2,8.685e+08,1,0,
246,1,1508736074005,1510546508565,12,-13.186,4,8.685e+08,1,0,
246,2,1508736074005,1510546507394,12,-14.5338,4,8.685e+08,1,0,
320,1,1504395580388,1504848189212,10,-13.0365,2,8.683e+08,1,0,
13,1,1505891693668,1505963629792,7,20.3497,4,8.685e+08,1,0,
13,2,1505891693668,1505963631459,7,-8.00775,4,8.685e+08,1,0,
28,3,570083045838,571070184194,11,-18.7944,2,8.685e+08,1,0,
94,1,573691317277,574143926437,10,-5.51755,4,8.681e+08,1,0,
94,2,573691317277,574143927308,10,-14.0722,4,8.681e+08,1,0,
94,3,573691317277,574143927438,10,3.83684,4,8.681e+08,1,0,
328,2,571845288350,572832425625,11,2.28726,2,8.685e+08,1,0,
328,3,571845288350,572832425582,11,-18.4572,2,8.685e+08,1,0,
142,1,3522254526082,3522501311149,9,-2.76598,4,8.685e+08,1,0,
142,2,3522254526082,3522501312467,9,-8.46565,4,8.685e+08,1,0,
142,3,3522254526082,3522501311449,9,-2.26756,4,8.685e+08,1,0,
131,1,3519807859212,3519941492334,8,7.88165,2,8.685e+08,1,0,
131,3,3519807859212,3519941491673,8,12.1447,2,8.685e+08,1,0,
241,2,1314475481915,1314928091453,10,-15.1193,4,8.685e+08,1,0,
87,2,2341096752000,2341168688963,7,-6.62749,2,8.685e+08,1,0,
87,3,2341096752000,2341168688265,7,18.0898,2,8.685e+08,1,0,
178,2,2120298568412,2120545353803,9,0,2,8.683e+08,0,1,
338,1,2619664552285,2619911337058,9,3.22115,4,8.681e+08,1,0,
388,3,1251366951403,1251613736383,9,-3.27125,2,8.681e+08,1,0,
92,1,1207405743999,1207477680415,7,-6.77507,2,8.685e+08,1,0,
129,1,1073684753091,1073756689580,7,8.7713,2,8.683e+08,1,0,
129,3,1073684753091,1073756689789,7,-4.33435,2,8.683e+08,1,0,
34,3,1066934443760,1068744878285,12,0.676423,4,8.685e+08,1,0,
16,3,3224083861116,3224536470200,10,0,2,8.683e+08,0,1,
14,2,3232159259582,3232292892091,8,2.65604,2,8.683e+08,1,0,
241,1,1382169059703,1382621669102,10,-13.898,4,8.685e+08,1,0,
235,3,1179211075267,1179663684578,10,-14.1314,4,8.685e+08,1,0,
25,1,1162751560469,1163204169499,10,-5.46945,4,8.681e+08,1,0,
19,2,1141523211568,1142510348868,11,-18.728,2,8.681e+08,1,0,
19,3,1141523211568,1142510348712,11,-13.9399,2,8.681e+08,1,0,
317,2,1139976529687,1140048466009,7,10.4312,4,8.685e+08,1,0,
303,2,1138053709906,1138506319053,10,1.49172,4,8.685e+08,1,0,
303,3,1138053709906,1138506319415,10,1.49172,4,8.685e+08,0,1,
274,1,1140753820182,1140887452750,8,-1.80911,4,8.681e+08,1,0,
274,2,1140753820182,1140887453473,8,-8.73715,4,8.681e+08,1,0,
274,3,1140753820182,1140887452796,8,-2.59395,4,8.681e+08,1,0,
122,1,1707830559890,1707902496387,7,-2.5184,2,8.685e+08,1,0,
377,3,2920289969598,2920361905878,7,9.40183,2,8.683e+08,1,0,
50,1,3397107832745,3397560441577,10,-4.10826,2,8.683e+08,1,0,
195,1,2110705728685,2110777665108,7,-2.8076,4,8.681e+08,1,0,
195,2,2110705728685,2110777666748,7,3.11263,4,8.681e+08,1,0,
82,1,2365391369897,2365463306306,7,-0.698257,4,8.683e+08,1,0,
282,1,2733315590551,2733449223062,8,-10.5161,4,8.683e+08,1,0,
130,1,577190426857,579000861688,12,-10.5836,2,8.681e+08,1,0,
130,2,577190426857,579000860522,12,0,2,8.681e+08,0,1,
279,1,576056953033,577044090711,11,-6.92046,4,8.681e+08,1,0,
279,3,576056953033,577044091559,11,-15.098,4,8.681e+08,1,0,
117,1,576974844265,577046781674,7,-0.408141,2,8.681e+08,1,0,
117,2,576974844265,577046780533,7,0,2,8.681e+08,0,1,
158,2,576781578916,576853515560,7,0,4,8.681e+08,0,1,
367,3,576228848487,576681457392,10,-16.1776,4,8.681e+08,1,0,
240,1,575724092047,577534525679,12,-16.1842,2,8.681e+08,1,0,
240,2,575724092047,577534525418,12,0,2,8.681e+08,0,1,
240,3,575724092047,577534526128,12,-22.4662,2,8.681e+08,1,0,
313,2,583465732550,583712518250,9,-12.2194,2,8.681e+08,1,0,
313,3,583465732550,583712518081,9,-9.40906,2,8.681e+08,1,0,
84,1,577379113929,577451051722,7,-3.3638,2,8.681e+08,1,0,
84,2,577379113929,577451050158,7,24.2275,2,8.681e+08,1,0,
84,3,577379113929,577451051071,7,-6.64671,2,8.681e+08,1,0,
329,1,583452430065,583524366197,7,18.1737,4,8.681e+08,1,0,
329,3,583452430065,583524367264,7,-7.6085,4,8.681e+08,1,0,
327,1,581633340065,581880125172,9,-3.46947,2,8.685e+08,1,0,
327,2,581633340065,581880126620,9,-11.7126,2,8.685e+08,1,0,
142,1,597801076058,598047861125,9,11.2927,4,8.681e+08,1,0,
32,2,613591159169,614578296972,11,-11.6928,4,8.685e+08,1,0,
66,2,587645538507,587779171246,8,14.7687,4,8.681e+08,1,0,
385,2,586463549781,586916158546,10,-9.49402,2,8.681e+08,1,0,
385,3,586463549781,586916159670,10,-16.578,2,8.681e+08,1,0,
334,3,587636746868,587708684363,7,-1.89929,4,8.681e+08,1,0,
33,1,597265827497,597718437655,10,-10.9268,2,8.681e+08,1,0,
33,2,597265827497,597718436516,10,0,2,8.681e+08,0,1,
259,1,585324262327,587134696679,12,-20.2556,2,8.681e+08,1,0,
259,2,585324262327,587134695788,12,-21.8045,2,8.681e+08,1,0,
259,3,585324262327,587134696827,12,-21.3629,2,8.681e+08,1,0,
7,1,585250637323,585322574403,7,-6.62825,2,8.681e+08,1,0,
43,3,618835872949,620646307465,12,-9.64163,4,8.681e+08,1,0,
161,2,602946886858,603934025108,11,-16.5517,2,8.681e+08,1,0,
161,3,602946886858,603934025061,11,0,2,8.681e+08,0,1,
168,1,587165797461,587237733840,7,-1.26832,4,8.685e+08,1,0,
343,3,621530581528,621664214294,8,-10.6857,2,8.681e+08,1,0,
234,1,595849961453,596302571275,10,-7.98126,4,8.685e+08,1,0,
234,3,595849961453,596302571100,10,-6.49425,4,8.685e+08,1,0,
6,1,588314884923,588386822578,7,3.16029,2,8.685e+08,1,0,
6,2,588314884923,588386822069,7,-9.06184,2,8.685e+08,1,0,
6,3,588314884923,588386821412,7,1.19724,2,8.685e+08,1,0,
160,1,589476345166,589723129983,9,-1.94548,2,8.681e+08,1,0,
160,2,589476345166,589723130149,9,-12.9908,2,8.681e+08,1,0,
160,3,589476345166,589723129671,9,-6.91276,2,8.681e+08,1,0,
188,1,632013540352,633000678566,11,-19.4577,2,8.681e+08,1,0,
188,2,632013540352,633000677516,11,-15.6382,2,8.681e+08,1,0,
28,2,869082242163,870069379498,11,-7.51971,2,8.685e+08,1,0,
139,2,870438181491,870510118102,7,-6.79687,4,8.685e+08,1,0,
139,3,870438181491,870510119281,7,-3.94043,4,8.685e+08,1,0,
248,1,870483284431,870616918508,8,-8.47609,2,8.685e+08,1,0,
248,2,870483284431,870616917027,8,-10.4381,2,8.685e+08,1,0,
248,3,870483284431,870616917669,8,5.44264,2,8.685e+08,1,0,
69,2,1656854853305,1657101638264,9,-13.4492,4,8.685e+08,1,0,
69,3,1656854853305,1657101639428,9,-12.9406,4,8.685e+08,1,0,
139,2,1662985507755,1663057444366,7,9.71256,4,8.683e+08,1,0,
139,3,1662985507755,1663057445545,7,23.9803,4,8.683e+08,1,0,
219,1,2001503969015,2001575906026,7,-3.33398,4,8.681e+08,1,0,
219,3,2001503969015,2001575905592,7,-0.242339,4,8.681e+08,1,0,
182,3,887852411098,889662844838,12,0,4,8.685e+08,0,1,
263,2,882819193436,882952825916,8,-1.332,2,8.685e+08,1,0,
263,3,882819193436,882952826183,8,6.6358,2,8.685e+08,1,0,
146,3,1250246651332,1250493435966,9,6.37588,2,8.683e+08,1,0,
105,3,2125698437184,2125770374648,7,-6.42602,4,8.683e+08,1,0,
28,2,2911985885798,2912973023133,11,-18.588,2,8.683e+08,1,0,
28,3,2911985885798,2912973024154,11,-12.7639,2,8.683e+08,1,0,
386,2,2083584932583,2083656868764,7,4.32432,4,8.683e+08,1,0,
11,1,887401287905,887853897837,10,-10.9792,4,8.685e+08,1,0,
11,2,887401287905,887853897127,10,-3.96188,4,8.685e+08,1,0,
66,2,978593551254,978727183993,8,7.86709,4,8.685e+08,1,0,
66,3,978593551254,978727184026,8,1.06157,4,8.685e+08,1,0,
253,2,3266754666326,3267207276315,10,-10.7262,2,8.681e+08,1,0,
253,3,3266754666326,3267207276437,10,-14.9701,2,8.681e+08,1,0,
91,1,872781595120,872853531512,7,-6.33926,2,8.681e+08,1,0,
98,2,2637090265579,2637162201784,7,10.8589,2,8.685e+08,1,0,
98,3,2637090265579,2637162202788,7,-6.19917,2,8.685e+08,1,0,
236,1,878042337410,878175969804,8,3.27004,2,8.681e+08,1,0,
382,1,2032816513379,2032888449825,7,19.4029,4,8.685e+08,1,0,
185,1,1398996271555,1399243057024,9,-0.276763,2,8.685e+08,1,0,
384,1,1469077867031,1469324651601,9,1.76914,2,8.685e+08,1,0,
384,2,1469077867031,1469324652890,9,-7.5079,2,8.685e+08,1,0,
384,3,1469077867031,1469324652711,9,-11.7904,2,8.685e+08,1,0,
290,1,1470021649796,1470093586977,7,8.46498,4,8.683e+08,1,0,
290,3,1470021649796,1470093585885,7,-4.42688,4,8.683e+08,1,0,
149,1,1144661051276,1145113660189,10,-12.8428,4,8.685e+08,1,0,
343,1,1282892028350,1283025661334,8,-5.09705,2,8.685e+08,1,0,
343,2,1282892028350,1283025661042,8,-4.51126,2,8.685e+08,1,0,
27,3,1281443389929,1281577022588,8,-8.69354,4,8.685e+08,1,0,
74,2,3427856271410,3427928207753,7,-1.98636,2,8.683e+08,1,0,
339,1,2311734862857,2311806799257,7,-3.89207,4,8.683e+08,1,0,
128,1,1786258357540,1788068790982,12,-11.753,2,8.683e+08,1,0,
128,3,1786258357540,1788068791199,12,-11.753,2,8.683e+08,0,1,
355,3,1732649605630,1732721541909,7,-3.90124,4,8.685e+08,1,0,
275,1,2790337586424,2790409522873,7,-5.70109,4,8.681e+08,1,0,
16,1,2147917029004,2148369638664,10,-10.7543,2,8.685e+08,1,0,
16,2,2147917029004,2148369639266,10,-9.90208,2,8.685e+08,1,0,
319,1,1332799293519,1334609727941,12,-18.2379,2,8.685e+08,1,0,
319,3,1332799293519,1334609728156,12,-17.563,2,8.685e+08,1,0,
393,2,1337816844167,1338063629063,9,-4.49377,2,8.685e+08,1,0,
393,3,1337816844167,1338063629319,9,-8.8045,2,8.685e+08,1,0,
179,2,1326691776643,1327144387159,10,0,4,8.683e+08,0,1,
203,1,1336645883924,1336717821500,7,-5.04649,2,8.681e+08,1,0,
203,2,1336645883924,1336717820876,7,-8.95384,2,8.681e+08,1,0,
57,2,1006581135987,1006714768407,8,-8.09953,2,8.681e+08,1,0,
57,3,1006581135987,1006714768919,8,-4.88249,2,8.681e+08,1,0,
81,1,3404475013968,3404546950960,7,-5.04401,4,8.685e+08,1,0,
81,3,3404475013968,3404546950234,7,21.5538,4,8.685e+08,1,0,
398,3,2685957189345,2687767624035,12,0,4,8.681e+08,0,1,
244,1,3034138158710,3035125297241,11,-18.4801,4,8.683e+08,1,0,
178,2,2982980663197,2983227448588,9,-7.70782,2,8.683e+08,1,0,
178,3,2982980663197,2983227447769,9,-3.28348,2,8.683e+08,1,0,
148,1,2984612305533,2985599442963,11,-12.1558,4,8.683e+08,1,0,
332,1,2612331615134,2614142048772,12,0.463624,2,8.683e+08,1,0,
365,2,3559134544376,3560944978586,12,-5.39416,4,8.681e+08,1,0,
365,3,3559134544376,3560944978774,12,-18.7335,4,8.681e+08,1,0,
47,1,2113725641018,2113972425809,9,8.67786,4,8.685e+08,1,0,
47,2,2113725641018,2113972427443,9,-6.62512,4,8.685e+08,1,0,
185,1,889772213274,890018998743,9,-7.37208,2,8.681e+08,1,0,
185,2,889772213274,890018997803,9,0,2,8.681e+08,0,1,
70,2,1456958948365,1457092580957,8,5.38485,2,8.683e+08,1,0,
320,1,1455023889331,1455476498155,10,0,2,8.685e+08,0,1,
320,2,1455023889331,1455476499756,10,-13.7745,2,8.685e+08,1,0,
118,1,1160673892333,1161126501393,10,-16.0809,4,8.685e+08,1,0,
118,3,1160673892333,1161126502206,10,2.05269,4,8.685e+08,1,0,
74,2,1160625674685,1160697611028,7,9.20149,2,8.685e+08,1,0,
335,3,1164291565872,1164363502422,7,-6.33093,2,8.683e+08,1,0,
311,1,889432501395,891242935616,12,-11.3534,2,8.685e+08,1,0,
311,2,889432501395,891242934612,12,0,2,8.685e+08,0,1,
396,1,1308852501829,1308924438244,7,6.69172,4,8.681e+08,1,0,
144,1,1313324350276,1313571136074,9,-14.1567,2,8.683e+08,1,0,
144,2,1313324350276,1313571135920,9,-4.46095,2,8.683e+08,1,0,
232,2,963376950482,963623736304,9,16.9743,4,8.685e+08,0,1,
232,3,963376950482,963623735137,9,16.9743,4,8.685e+08,1,0,
266,1,2807894309866,2807966246070,7,-0.66896,4,8.683e+08,1,0,
266,2,2807894309866,2807966247330,7,-7.04813,4,8.683e+08,1,0,
351,1,1692206827237,1694017261639,12,-2.49937,4,8.681e+08,0,1,
351,2,1692206827237,1694017260893,12,-2.49937,4,8.681e+08,1,0,
351,3,1692206827237,1694017260460,12,0,4,8.681e+08,0,1,
178,1,1417461799939,1417708584560,9,3.51262,2,8.681e+08,1,0,
212,1,1452904232895,1454714666733,12,9.25836,2,8.683e+08,0,1,
212,2,1452904232895,1454714666126,12,9.25836,2,8.683e+08,1,0,
253,2,1119497801886,1119950411875,10,-9.75288,2,8.683e+08,1,0,
253,3,1119497801886,1119950411997,10,-11.4289,2,8.683e+08,1,0,
389,3,1119569102496,1120021711419,10,-5.41135,4,8.685e+08,1,0,
386,2,1185842867132,1185914803313,7,5.40528,4,8.685e+08,1,0,
47,1,1194291460776,1194538245567,9,-1.45335,4,8.681e+08,1,0,
47,3,1194291460776,1194538246702,9,-7.77675,4,8.681e+08,1,0,
148,3,1187301432262,1188288570791,11,-14.7603,4,8.685e+08,1,0,
390,3,879708978536,879780914673,7,26.4629,4,8.685e+08,1,0,
396,1,1799755121479,1799827057894,7,7.64015,4,8.683e+08,1,0,
396,2,1799755121479,1799827058851,7,-5.01025,4,8.683e+08,1,0,
77,2,1798111005991,1798182943708,7,-7.37102,2,8.683e+08,1,0,
173,2,1800451009215,1802261442850,12,-11.5015,4,8.681e+08,1,0,
205,1,1797683747224,1797930531910,9,-3.9512,2,8.685e+08,1,0,
250,2,1064036037199,1064107975020,7,7.57486,2,8.681e+08,1,0,
135,1,1062805236534,1063052022704,9,-8.32873,2,8.685e+08,1,0,
135,2,1062805236534,1063052021408,9,-2.39159,2,8.685e+08,1,0,
269,1,1721720141895,1721792079372,7,-1.83221,4,8.681e+08,1,0,
269,2,1721720141895,1721792078119,7,7.80332,4,8.681e+08,1,0,
269,3,1721720141895,1721792079034,7,8.9708,4,8.681e+08,1,0,
264,1,2228657680300,2228729616645,7,20.1347,2,8.683e+08,1,0,
264,3,2228657680300,2228729617787,7,-5.1553,2,8.683e+08,1,0,
14,1,1749370326084,1749503959498,8,-7.24995,2,8.685e+08,1,0,
14,3,1749370326084,1749503958761,8,-5.62811,2,8.685e+08,1,0,
163,1,3013348569346,3015159003958,12,-12.1786,4,8.685e+08,1,0,
163,2,3013348569346,3015159002667,12,0.00253378,4,8.685e+08,1,0,
90,2,2128086812380,2128333598011,9,-12.574,2,8.685e+08,1,0,
296,1,2506871500737,2508681934255,12,-20.7004,2,8.685e+08,1,0,
296,2,2506871500737,2508681934502,12,-17.0693,2,8.685e+08,1,0,
299,1,2264549038372,2264620975093,7,-3.54556,4,8.683e+08,1,0,
299,2,2264549038372,2264620976372,7,-3.54556,4,8.683e+08,0,1,
246,2,2296992011195,2298802444584,12,-6.96461,4,8.683e+08,1,0,
246,3,2296992011195,2298802445718,12,-14.4267,4,8.683e+08,1,0,
110,3,1017355273315,1018342410890,11,-9.5814,2,8.685e+08,1,0,
81,1,2817095340409,2817167277401,7,-6.76445,4,8.683e+08,1,0,
81,3,2817095340409,2817167276675,7,-0.60295,4,8.683e+08,1,0,
43,1,1412306924036,1414117357382,12,-19.7057,4,8.681e+08,1,0,
43,3,1412306924036,1414117358552,12,-19.3286,4,8.681e+08,1,0,
350,1,891243059289,891489844145,9,-14.2738,2,8.685e+08,1,0,
350,3,891243059289,891489845241,9,-10.325,2,8.685e+08,1,0,
168,1,884302816251,884374752630,7,-7.32657,4,8.683e+08,1,0,
168,2,884302816251,884374753784,7,10.2138,4,8.683e+08,1,0,
168,3,884302816251,884374753596,7,-6.03058,4,8.683e+08,1,0,
8,2,884668559168,886478992962,12,0,4,8.681e+08,0,1,
8,3,884668559168,886478993194,12,-20.3218,4,8.681e+08,1,0,
362,1,1248600848742,1248734482245,8,-2.33397,4,8.681e+08,1,0,
362,2,1248600848742,1248734481525,8,-2.82947,4,8.681e+08,1,0,
110,1,2053669852718,2054656989662,11,-3.66202,2,8.683e+08,1,0,
110,2,2053669852718,2054656990004,11,4.69053,2,8.683e+08,1,0,
110,3,2053669852718,2054656990293,11,-4.32727,2,8.683e+08,1,0,
398,1,986338792003,988149225553,12,-20.5553,2,8.685e+08,1,0,
386,2,1423613939361,1423685875542,7,-7.49057,4,8.685e+08,1,0,
316,1,1432167032004,1432413816849,9,1.48554,4,8.683e+08,1,0,
316,3,1432167032004,1432413816844,9,-13.4732,4,8.683e+08,1,0,
117,2,1432866852622,1432938788890,7,-3.32484,2,8.685e+08,1,0,
50,1,1426875097796,1427327706628,10,-7.50839,2,8.685e+08,1,0,
50,2,1426875097796,1427327708293,10,-16.8272,2,8.685e+08,1,0,
50,3,1426875097796,1427327707695,10,-6.92151,2,8.685e+08,1,0,
385,1,1321165357787,1321617967816,10,-7.1194,2,8.685e+08,1,0,
385,2,1321165357787,1321617966552,10,-13.5485,2,8.685e+08,1,0,
385,3,1321165357787,1321617967676,10,-16.7081,2,8.685e+08,1,0,
275,1,1330363200561,1330435137010,7,-6.66943,4,8.683e+08,1,0,
34,1,885891243750,887701677315,12,0,4,8.681e+08,0,1,
317,2,886463218820,886535155142,7,-2.14313,4,8.685e+08,1,0,
186,1,3193212565666,3193665175030,10,-16.392,4,8.681e+08,1,0,
99,1,3410211374234,3411198511364,11,-11.4426,2,8.683e+08,1,0,
99,3,3410211374234,3411198512505,11,-12.3027,2,8.683e+08,1,0,
154,3,1728442227657,1728575860884,8,-6.54715,4,8.683e+08,1,0,
340,3,1731437793710,1731571426262,8,-9.28639,4,8.685e+08,1,0,
117,2,1473585042355,1473656978623,7,10.8374,2,8.683e+08,1,0,
362,1,1480839713834,1480973347337,8,-2.27873,4,8.685e+08,1,0,
159,1,1473347822934,1473481455384,8,-4.21948,4,8.685e+08,1,0,
159,2,1473347822934,1473481456153,8,0.261933,4,8.685e+08,1,0,
159,3,1473347822934,1473481455826,8,0.727631,4,8.685e+08,1,0,
329,1,1697305182679,1697377118811,7,21.5674,4,8.683e+08,1,0,
338,1,1672775369584,1673022154357,9,-12.4968,4,8.685e+08,1,0,
338,3,1672775369584,1673022155111,9,-6.73067,4,8.685e+08,1,0,
251,1,3340991810552,3341978947867,11,6.40562,2,8.683e+08,1,0,
251,3,3340991810552,3341978947870,11,6.40562,2,8.683e+08,0,1,
200,1,890699052482,890770990513,7,-4.66577,4,8.681e+08,1,0,
256,1,893072679321,893144616214,7,-4.82967,4,8.685e+08,1,0,
256,3,893072679321,893144615876,7,-6.99841,4,8.685e+08,1,0,
23,2,2837103215238,2838090352396,11,0,4,8.683e+08,0,1,
23,3,2837103215238,2838090353567,11,-16.3493,4,8.683e+08,1,0,
97,1,1250503527028,1250750311549,9,5.52789,2,8.685e+08,1,0,
97,3,1250503527028,1250750312701,9,-8.26459,2,8.685e+08,1,0,
388,1,1428173978818,1428420764338,9,-0.9868,2,8.685e+08,1,0,
388,3,1428173978818,1428420763798,9,0,2,8.685e+08,0,1,
303,2,1425439234243,1425891843390,10,-10.395,4,8.683e+08,1,0,
303,3,1425439234243,1425891843752,10,-10.6755,4,8.683e+08,1,0,
31,2,1427299178041,1427432810466,8,-3.09085,2,8.683e+08,1,0,
341,1,1450519339008,1450652972123,8,0.126817,2,8.685e+08,1,0,
341,2,1450519339008,1450652971630,8,-11.9442,2,8.685e+08,1,0,
341,3,1450519339008,1450652972104,8,-10.0688,2,8.685e+08,1,0,
384,1,990702123194,990948907764,9,17.8321,2,8.681e+08,1,0,
384,2,990702123194,990948909053,9,-2.38,2,8.681e+08,1,0,
270,1,1449963685306,1450210470261,9,-14.0395,2,8.681e+08,1,0,
270,2,1449963685306,1450210471322,9,-10.2991,2,8.681e+08,1,0,
366,2,3462617056506,3462688993029,7,-7.24936,4,8.681e+08,1,0,
366,3,3462617056506,3462688993339,7,-9.20256,4,8.681e+08,1,0,
334,2,1750071361291,1750143297658,7,16.4281,4,8.683e+08,1,0,
295,2,1740183380295,1740635989280,10,-7.99354,2,8.685e+08,1,0,
295,3,1740183380295,1740635990445,10,-7.56837,2,8.685e+08,1,0,
217,1,2245389657067,2245842266204,10,-9.01063,4,8.683e+08,1,0,
217,2,2245389657067,2245842266054,10,-13.0357,4,8.683e+08,1,0,
217,3,2245389657067,2245842266559,10,-8.25239,4,8.683e+08,1,0,
366,1,3389649047162,3389720984849,7,1.554,4,8.683e+08,1,0,
67,1,2086847757272,2087300367228,10,-15.8999,4,8.685e+08,1,0,
67,3,2086847757272,2087300366070,10,-9.75415,4,8.685e+08,1,0,
167,1,1087380136261,1088367273277,11,-10.2372,4,8.681e+08,1,0,
167,3,1087380136261,1088367274172,11,-7.73309,4,8.681e+08,1,0,
147,1,1439559301589,1441369734995,12,0,4,8.685e+08,0,1,
5,1,891691494694,892678632241,11,-10.3643,2,8.681e+08,1,0,
5,2,891691494694,892678633014,11,-8.864,2,8.681e+08,1,0,
5,3,891691494694,892678631839,11,-6.57927,2,8.681e+08,1,0,
129,3,2575112205354,2575184142052,7,0.35196,2,8.685e+08,1,0,
208,2,1685403397245,1685650182063,9,-5.88312,4,8.685e+08,1,0,
232,3,1049087974212,1049334758867,9,-1.1763,4,8.685e+08,1,0,
249,1,1421966251205,1422099884542,8,12.1787,2,8.685e+08,1,0,
249,2,1421966251205,1422099883797,8,2.15189,2,8.685e+08,1,0,
242,1,1434332889947,1436143323046,12,-4.82443,2,8.683e+08,1,0,
242,2,1434332889947,1436143324430,12,-13.2301,2,8.683e+08,1,0,
242,3,1434332889947,1436143324219,12,-10.1045,2,8.683e+08,1,0,
8,1,1443517986561,1445328419698,12,6.4133,4,8.685e+08,1,0,
215,2,1447999644284,1448071580569,7,-5.30858,4,8.683e+08,1,0,
215,3,1447999644284,1448071581704,7,-5.09338,4,8.683e+08,1,0,
244,3,1848005529698,1848992668418,11,-18.4385,4,8.683e+08,1,0,
70,2,963512601430,963646234022,8,0,2,8.685e+08,0,1,
50,2,1668884251867,1669336862364,10,-6.0826,2,8.683e+08,1,0,
146,1,3501333139572,3501579925371,9,0.918641,2,8.683e+08,1,0,
146,3,3501333139572,3501579924206,9,-11.8551,2,8.683e+08,1,0,
144,1,3503167332785,3503414118583,9,-5.4369,2,8.683e+08,1,0,
144,2,3503167332785,3503414118429,9,-13.7158,2,8.683e+08,1,0,
379,2,2652923637475,2653910774933,11,-11.4129,2,8.683e+08,1,0,
379,3,2652923637475,2653910775071,11,-18.3844,2,8.683e+08,1,0,
163,3,2651262169326,2653072602877,12,-12.3578,4,8.681e+08,1,0,
175,1,3465895835606,3466882973717,11,-2.63084,4,8.685e+08,1,0,
175,2,3465895835606,3466882972691,11,-1.34222,4,8.685e+08,1,0,
175,3,3465895835606,3466882973753,11,-2.63084,4,8.685e+08,0,1,
10,2,891171971019,891418757125,9,0.759797,2,8.681e+08,1,0,
10,3,891171971019,891418756092,9,-9.07233,2,8.681e+08,1,0,
207,1,897616278347,898603416786,11,0,4,8.681e+08,0,1,
48,2,895693408549,895940193422,9,8.86884,4,8.681e+08,1,0,
91,1,893690526694,893762463086,7,7.02622,2,8.685e+08,1,0,
91,2,893690526694,893762464379,7,-3.39305,2,8.685e+08,1,0,
204,1,894442503228,894514439327,7,20.2966,4,8.685e+08,1,0,
204,2,894442503228,894514440926,7,-0.846633,4,8.685e+08,1,0,
185,2,914450613284,914697397813,9,-12.1916,2,8.685e+08,1,0,
150,3,895301814906,895435447450,8,0.563218,2,8.681e+08,1,0,
140,1,3335302268344,3335754878863,10,-14.0165,2,8.683e+08,0,1,
140,2,3335302268344,3335754877253,10,-7.79866,2,8.683e+08,1,0,
140,3,3335302268344,3335754878057,10,-14.0165,2,8.683e+08,1,0,
252,1,3458911006379,3459044640576,8,2.62409,2,8.683e+08,1,0,
252,2,3458911006379,3459044638936,8,12.5453,2,8.683e+08,1,0,
252,3,3458911006379,3459044640082,8,11.2651,2,8.683e+08,1,0,
29,3,3551523898202,3553334332390,12,-21.946,4,8.685e+08,1,0,
352,2,2313262057787,2313714666490,10,-7.31984,4,8.685e+08,1,0,
190,1,3265682991669,3266135601823,10,-7.70882,4,8.685e+08,1,0,
190,2,3265682991669,3266135600685,10,-4.07715,4,8.685e+08,1,0,
190,3,3265682991669,3266135600761,10,10.8913,4,8.685e+08,1,0,
135,2,2012807800142,2013054585016,9,-13.7315,2,8.685e+08,1,0,
369,1,2282621817626,2284432251200,12,-8.46554,4,8.685e+08,1,0,
369,2,2282621817626,2284432252405,12,-19.3247,4,8.685e+08,0,1,
369,3,2282621817626,2284432252349,12,-19.3247,4,8.685e+08,1,0,
118,1,2628463134290,2628915743350,10,-10.2412,4,8.683e+08,1,0,
118,2,2628463134290,2628915743904,10,2.61818,4,8.683e+08,1,0,
118,3,2628463134290,2628915744163,10,3.49738,4,8.683e+08,1,0,
204,1,901636103238,901708039337,7,35.9226,4,8.685e+08,1,0,
204,3,901636103238,901708040373,7,-5.44878,4,8.685e+08,1,0,
331,2,930075588958,930528197804,10,14.1536,4,8.683e+08,1,0,
242,1,982408431119,984218864218,12,0.370347,2,8.685e+08,1,0,
5,2,990405094704,991392233024,11,-13.0104,2,8.681e+08,1,0,
5,3,990405094704,991392231849,11,-12.0422,2,8.681e+08,1,0,
394,2,904438836607,904891445717,10,-12.6294,4,8.681e+08,1,0,
311,1,1070475701405,1072286135626,12,0,2,8.685e+08,0,1,
311,3,1070475701405,1072286135687,12,0,2,8.685e+08,0,1,
26,2,905561524261,905633460960,7,-6.30801,4,8.685e+08,1,0,
196,3,932267304194,933254442795,11,-18.6262,4,8.681e+08,1,0,
236,1,905133461563,905267093957,8,-2.49426,2,8.681e+08,1,0,
236,3,905133461563,905267095078,8,-3.44977,2,8.681e+08,1,0,
366,2,905617445809,905689382332,7,10.3666,4,8.681e+08,1,0,
180,2,912489762550,912736547945,9,-0.65779,2,8.685e+08,1,0,
107,1,906068419064,906315204943,9,1.00635,2,8.685e+08,1,0,
107,2,906068419064,906315203898,9,-13.1795,2,8.685e+08,1,0,
107,3,906068419064,906315203914,9,-0.682891,2,8.685e+08,1,0,
217,2,908043032596,908495641583,10,0,4,8.681e+08,0,1,
93,2,906621421715,907074030626,10,0,4,8.681e+08,0,1,
93,3,906621421715,907074031806,10,-14.2515,4,8.681e+08,1,0,
51,2,912817892427,913270501719,10,-5.20283,4,8.685e+08,1,0,
51,3,912817892427,913270502885,10,-9.73119,4,8.685e+08,1,0,
137,1,912308067325,912441701030,8,-10.5862,4,8.681e+08,1,0,
137,2,912308067325,912441700317,8,-11.0825,4,8.681e+08,1,0,
137,3,912308067325,912441699914,8,-3.17425,4,8.681e+08,1,0,
375,2,918633641383,919086250527,10,-12.4357,4,8.685e+08,1,0,
375,3,918633641383,919086250800,10,-11.2494,4,8.685e+08,1,0,
235,1,921779175522,922231785775,10,-11.6342,4,8.681e+08,1,0,
235,2,921779175522,922231784372,10,-15.9431,4,8.681e+08,1,0,
314,2,917472108609,917924718474,10,-10.4108,2,8.683e+08,1,0,
314,3,917472108609,917924717299,10,-15.379,2,8.683e+08,1,0,
97,1,918053151129,918299935650,9,-14.1411,2,8.683e+08,1,0,
97,2,918053151129,918299937287,9,4.92771,2,8.683e+08,1,0,
201,3,938871080761,939117866664,9,-7.62982,2,8.685e+08,1,0,
355,1,934153402774,934225340048,7,0.368668,4,8.681e+08,1,0,
355,3,934153402774,934225339053,7,19.5295,4,8.681e+08,1,0,
323,1,923140737734,924951171310,12,0,2,8.681e+08,0,1,
323,2,923140737734,924951172125,12,-17.5011,2,8.681e+08,1,0,
323,3,923140737734,924951172326,12,-18.4528,2,8.681e+08,1,0,
251,1,928489589226,929476726541,11,12.4724,2,8.681e+08,1,0,
251,3,928489589226,929476726544,11,-4.19501,2,8.681e+08,1,0,
70,2,923701668348,923835300940,8,2.71953,2,8.681e+08,1,0,
76,3,929997872788,930069809477,7,-2.36258,4,8.685e+08,1,0,
59,1,943168888432,944979322014,12,-3.99818,4,8.681e+08,1,0,
20,1,930331971502,930578757791,9,-8.92557,4,8.681e+08,1,0,
20,2,930331971502,930578756416,9,-13.6365,4,8.681e+08,1,0,
146,3,959874304765,960121089399,9,-10.8343,2,8.685e+08,1,0,
70,2,937064868358,937198500950,8,7.91683,2,8.685e+08,1,0,
70,3,937064868358,937198502129,8,-5.99792,2,8.685e+08,1,0,
128,1,1018052002896,1019862436338,12,0,2,8.685e+08,0,1,
128,3,1018052002896,1019862436555,12,0,2,8.685e+08,0,1,
53,3,957998056636,958069993181,7,-7.19279,4,8.681e+08,1,0,
272,1,1118503951457,1118575887800,7,1.13091,4,8.685e+08,1,0,
303,2,3221204346801,3221656955948,10,-8.14032,4,8.681e+08,1,0,
303,3,3221204346801,3221656956310,10,-16.33,4,8.681e+08,1,0,
390,3,1195570274337,1195642210474,7,-8.15895,4,8.683e+08,1,0,
298,2,1200525061819,1200658694361,8,5.66612,2,8.683e+08,1,0,
138,1,1382546060309,1384356493979,12,-17.8517,2,8.685e+08,1,0,
331,2,1195703965603,1196156574449,10,-5.48373,4,8.685e+08,0,1,
331,3,1195703965603,1196156574327,10,-5.48373,4,8.685e+08,1,0,
188,1,2067328335265,2068315473479,11,-0.185363,2,8.683e+08,1,0,
194,3,1421861813142,1422848950367,11,-17.0137,2,8.681e+08,1,0,
153,1,1418851310309,1419098095064,9,14.4666,2,8.681e+08,1,0,
82,1,3494643970474,3494715906883,7,-7.26541,4,8.681e+08,1,0,
82,3,3494643970474,3494715907468,7,-6.35832,4,8.681e+08,1,0,
181,2,1696846080947,1696918017984,7,-4.55142,4,8.685e+08,0,1,
181,3,1696846080947,1696918017325,7,-4.55142,4,8.685e+08,1,0,
131,1,1304876462203,1305010095325,8,-7.49763,2,8.685e+08,1,0,
131,2,1304876462203,1305010094960,8,-5.54793,2,8.685e+08,1,0,
131,3,1304876462203,1305010094664,8,10.6876,2,8.685e+08,1,0,
334,2,2415425060987,2415496997354,7,19.8971,4,8.683e+08,1,0,
168,1,2427724987732,2427796924111,7,0.85785,4,8.685e+08,1,0,
168,2,2427724987732,2427796925265,7,7.55245,4,8.685e+08,1,0,
168,3,2427724987732,2427796925077,7,5.42308,4,8.685e+08,1,0,
336,2,2218005637873,2219816071555,12,-18.927,4,8.681e+08,1,0,
311,1,1432562101425,1434372535646,12,-12.6876,2,8.685e+08,0,1,
311,2,1432562101425,1434372534642,12,-12.6876,2,8.685e+08,1,0,
46,1,1717694659178,1717766595342,7,7.61466,4,8.683e+08,1,0,
46,2,1717694659178,1717766596972,7,-5.51956,4,8.683e+08,1,0,
105,2,2278368756995,2278440693316,7,18.3173,4,8.683e+08,1,0,
64,3,2854583313349,2854655250914,7,-6.71159,4,8.685e+08,1,0,
295,2,1785444180305,1785896789290,10,-5.80313,2,8.683e+08,1,0,
295,3,1785444180305,1785896790455,10,-0.699783,2,8.683e+08,1,0,
101,1,1212069796454,1212203430119,8,-6.44188,2,8.685e+08,1,0,
101,3,1212069796454,1212203428982,8,-3.81145,2,8.685e+08,1,0,
14,2,1203694679017,1203828311526,8,-10.4348,2,8.685e+08,1,0,
14,3,1203694679017,1203828311694,8,-10.4348,2,8.685e+08,0,1,
136,2,1252565777886,1253552916056,11,-19.0386,2,8.681e+08,1,0,
136,3,1252565777886,1253552914879,11,0.123277,2,8.681e+08,1,0,
253,2,1204031901832,1204484511821,10,-8.53462,2,8.683e+08,1,0,
253,3,1204031901832,1204484511943,10,-8.53462,2,8.683e+08,0,1,
363,2,1210127479777,1210374266184,9,-14.3084,4,8.685e+08,1,0,
53,1,1671095513252,1671167450128,7,-8.04968,4,8.685e+08,1,0,
53,3,1671095513252,1671167449797,7,17.5274,4,8.685e+08,1,0,
272,3,3438042063080,3438114000596,7,0,4,8.683e+08,0,1,
386,2,2657016310603,2657088246784,7,5.63805,4,8.685e+08,1,0,
121,1,2677985974057,2678973111233,11,-9.82088,4,8.681e+08,1,0,
121,2,2677985974057,2678973112429,11,-4.5097,4,8.681e+08,1,0,
121,3,2677985974057,2678973111355,11,-10.7961,4,8.681e+08,1,0,
310,1,3084633857032,3086444291199,12,-7.27698,2,8.683e+08,1,0,
310,2,3084633857032,3086444290337,12,0,2,8.683e+08,0,1,
311,3,2973421819613,2975232253895,12,0,4,8.681e+08,0,1,
336,3,1295657322933,1297467757689,12,-8.14545,2,8.683e+08,1,0,
210,1,1215732565229,1215979349901,9,9.1234,4,8.685e+08,1,0,
210,2,1215732565229,1215979350448,9,7.85015,4,8.685e+08,1,0,
210,3,1215732565229,1215979350521,9,-5.6342,4,8.685e+08,1,0,
154,1,1243157307250,1243290939907,8,0.901856,4,8.685e+08,1,0,
285,2,1218594113804,1219046722648,10,-9.58632,2,8.685e+08,1,0,
285,3,1218594113804,1219046723517,10,-11.5816,2,8.685e+08,1,0,
124,1,2897104282934,2897176219216,7,8.47926,2,8.683e+08,1,0,
43,1,2886476625684,2888287059030,12,-10.2325,4,8.683e+08,1,0,
21,3,1742363308115,1742610093375,9,-6.51092,2,8.683e+08,1,0,
97,1,3520305119683,3520551904204,9,7.90498,2,8.683e+08,1,0,
323,1,1770582487626,1772392921202,12,0,2,8.685e+08,0,1,
323,2,1770582487626,1772392922017,12,-18.7943,2,8.685e+08,1,0,
371,1,2379073826712,2379526436026,10,-8.43234,4,8.683e+08,1,0,
69,2,2367679020565,2367925805524,9,-2.19211,4,8.683e+08,1,0,
46,1,2372427539038,2372499475202,7,3.45773,4,8.683e+08,1,0,
46,2,2372427539038,2372499476832,7,-2.04497,4,8.683e+08,1,0,
46,3,2372427539038,2372499476381,7,-7.56523,4,8.683e+08,1,0,
36,1,1212572059394,1212643997047,7,-6.06381,4,8.681e+08,1,0,
36,2,1212572059394,1212643996358,7,2.71697,4,8.681e+08,1,0,
36,3,1212572059394,1212643995942,7,-7.49666,4,8.681e+08,1,0,
331,1,1240964765613,1241417375383,10,-4.69789,4,8.683e+08,1,0,
331,2,1240964765613,1241417374459,10,-9.30794,4,8.683e+08,1,0,
331,3,1240964765613,1241417374337,10,-8.77116,4,8.683e+08,1,0,
241,1,2639866749944,2640319359343,10,-2.04752,4,8.685e+08,1,0,
241,2,2639866749944,2640319359482,10,-2.04752,4,8.685e+08,0,1,
358,1,2338068595482,2338140532318,7,17.3641,2,8.685e+08,0,1,
358,2,2338068595482,2338140532972,7,-6.25972,2,8.685e+08,1,0,
358,3,2338068595482,2338140531946,7,17.3641,2,8.685e+08,1,0,
356,1,3519320861021,3521131295479,12,-1.82606,4,8.683e+08,1,0,
272,1,2970629741989,2970701678332,7,6.83378,4,8.683e+08,1,0,
272,3,2970629741989,2970701679505,7,11.0265,4,8.683e+08,1,0,
232,1,2970300149745,2970546934949,9,4.58825,4,8.683e+08,0,1,
232,3,2970300149745,2970546934400,9,4.58825,4,8.683e+08,1,0,
151,2,2338770639895,2338842576348,7,10.8444,4,8.683e+08,1,0,
364,1,1702824810058,1702896746259,7,0,4,8.685e+08,0,1,
364,3,1702824810058,1702896747352,7,0.670426,4,8.685e+08,1,0,
126,1,3418955072046,3419201857035,9,-8.53157,4,8.683e+08,1,0,
307,2,2123793717907,2123865654058,7,2.40561,4,8.685e+08,1,0,
221,1,2421408306392,2421480242569,7,35.2143,4,8.685e+08,1,0,
231,2,3440755460345,3441208070597,10,-4.84917,2,8.683e+08,1,0,
51,2,2418136244541,2418588853833,10,-11.7192,4,8.681e+08,1,0,
281,1,3286932562379,3287919700789,11,0,2,8.685e+08,0,1,
281,2,3286932562379,3287919699526,11,0,2,8.685e+08,0,1,
62,1,3492853602488,3492987235303,8,-7.07877,4,8.683e+08,1,0,
62,2,3492853602488,3492987236125,8,-7.53538,4,8.683e+08,1,0,
62,3,3492853602488,3492987235095,8,-8.11206,4,8.683e+08,1,0,
101,1,1414017264416,1414150898081,8,-7.1171,2,8.685e+08,1,0,
101,3,1414017264416,1414150896944,8,16.0841,2,8.685e+08,1,0,
129,1,1413870444578,1413942381067,7,3.10836,2,8.683e+08,1,0,
129,3,1413870444578,1413942381276,7,26.8531,2,8.683e+08,1,0,
199,1,2363652821458,2363724757747,7,-0.276473,2,8.683e+08,1,0,
257,2,3581089690957,3581161627196,7,-2.14075,2,8.685e+08,1,0,
257,3,3581089690957,3581161628290,7,3.39404,2,8.685e+08,1,0,
314,3,1815762269335,1816214878025,10,-0.496734,2,8.683e+08,1,0,
73,1,2043804617898,2044257226593,10,-11.0631,2,8.683e+08,1,0,
154,1,2405088945922,2405222578579,8,-9.91756,4,8.685e+08,1,0,
371,2,1514230767135,1514683377266,10,1.08095,4,8.685e+08,1,0,
371,3,1514230767135,1514683376106,10,-6.60246,4,8.685e+08,1,0,
394,3,1510414577276,1510867186214,10,0,4,8.685e+08,0,1,
377,1,2808502049046,2808573985946,7,-5.55864,2,8.685e+08,1,0,
377,3,2808502049046,2808573985326,7,4.34874,2,8.685e+08,1,0,
96,3,1216894969505,1216966906094,7,-3.81988,4,8.681e+08,1,0,
65,2,3229690417201,3229762353552,7,11.1829,4,8.681e+08,1,0,
65,3,3229690417201,3229762354242,7,-9.46295,4,8.681e+08,1,0,
81,1,1841317581524,1841389518516,7,1.41806,4,8.685e+08,1,0,
81,3,1841317581524,1841389517790,7,-0.429702,4,8.685e+08,1,0,
51,2,3269709376506,3270161985798,10,-13.7292,4,8.681e+08,1,0,
77,3,3402451869761,3402523807668,7,-7.02771,2,8.683e+08,1,0,
23,1,2338875528915,2339862667435,11,-18.014,4,8.683e+08,1,0,
23,2,2338875528915,2339862666073,11,0,4,8.683e+08,0,1,
267,1,3343021618452,3344008755680,11,-3.69411,4,8.681e+08,1,0,
267,2,3343021618452,3344008755911,11,-17.7152,4,8.681e+08,1,0,
61,2,2313443199681,2313576832282,8,-5.50717,4,8.685e+08,1,0,
22,1,3229664016423,3231474449781,12,-7.0322,4,8.683e+08,1,0,
22,2,3229664016423,3231474450730,12,-7.0322,4,8.683e+08,0,1,
339,1,3206017564469,3206089500869,7,4.23134,4,8.683e+08,1,0,
362,2,2560996078660,2561129711443,8,-8.66179,4,8.685e+08,1,0,
294,2,2132925254673,2132997191306,7,-4.66058,2,8.685e+08,1,0,
294,3,2132925254673,2132997191225,7,8.27915,2,8.685e+08,1,0,
21,1,1277761318873,1278008103534,9,-12.1125,2,8.685e+08,1,0,
21,2,1277761318873,1278008104072,9,-11.316,2,8.685e+08,1,0,
334,1,3495750518868,3495822456899,7,-7.47148,4,8.681e+08,1,0,
92,1,2596555295376,2596627231792,7,24.66,2,8.683e+08,1,0,
7,1,2858864492079,2858936429159,7,-7.71527,2,8.683e+08,1,0,
7,2,2858864492079,2858936428889,7,-6.11322,2,8.683e+08,1,0,
7,3,2858864492079,2858936428503,7,0,2,8.683e+08,0,1,
206,2,2403629587898,2405440021618,12,0,2,8.683e+08,0,1,
363,1,1234805879787,1235052664526,9,8.46024,4,8.683e+08,1,0,
224,1,1219474503367,1219721288111,9,-4.16072,4,8.685e+08,1,0,
224,3,1219474503367,1219721288796,9,-11.2438,4,8.685e+08,1,0,
371,1,1219758755474,1220211364788,10,-10.492,4,8.685e+08,1,0,
371,2,1219758755474,1220211365605,10,-15.7337,4,8.685e+08,1,0,
371,3,1219758755474,1220211364445,10,-16.0718,4,8.685e+08,1,0,
124,1,1238544493766,1238616430048,7,0,2,8.681e+08,0,1,
12,3,1228070550493,1228317336176,9,-3.02818,4,8.685e+08,1,0,
311,1,1251518901415,1253329335636,12,-20.6257,2,8.683e+08,1,0,
311,2,1251518901415,1253329334632,12,5.44759,2,8.683e+08,1,0,
48,2,1227230833984,1227477618857,9,-9.47858,4,8.681e+08,1,0,
48,3,1227230833984,1227477619745,9,5.61784,4,8.681e+08,1,0,
108,2,1224632280001,1224704217309,7,-6.71585,4,8.681e+08,1,0,
108,3,1224632280001,1224704216716,7,1.65308,4,8.681e+08,1,0,
73,1,1802222431073,1802675039768,10,-14.9521,2,8.685e+08,1,0,
145,3,1792788456500,1794598891039,12,-13.7467,2,8.685e+08,1,0,
274,1,2970340663110,2970474295678,8,0,4,8.681e+08,0,1,
274,2,2970340663110,2970474296401,8,-5.51739,4,8.681e+08,1,0,
274,3,2970340663110,2970474295724,8,8.98781,4,8.681e+08,1,0,
41,2,2970906226042,2970978162394,7,8.98659,4,8.681e+08,1,0,
398,2,1276006698427,1277817133146,12,-14.9265,2,8.685e+08,1,0,
119,1,2400907688276,2401360296999,10,-15.5143,2,8.685e+08,1,0,
119,3,2400907688276,2401360298092,10,-12.3896,2,8.685e+08,1,0,
385,2,2405627887280,2406080496045,10,-9.91507,4,8.681e+08,1,0,
389,1,3290474815420,3290927425430,10,-12.1437,4,8.683e+08,1,0,
389,2,3290474815420,3290927424427,10,-3.97642,4,8.683e+08,1,0,
389,3,3290474815420,3290927424343,10,-7.20798,4,8.683e+08,1,0,
174,1,3349837136527,3349970769363,8,-4.23114,4,8.681e+08,1,0,
174,2,3349837136527,3349970769407,8,-2.55214,4,8.681e+08,1,0,
174,3,3349837136527,3349970769160,8,-10.0195,4,8.681e+08,1,0,
76,1,3340773164290,3340845100784,7,-8.10449,4,8.681e+08,1,0,
185,1,1484209263154,1484456048623,9,-10.8771,2,8.683e+08,1,0,
185,2,1484209263154,1484456047683,9,0,2,8.683e+08,0,1,
334,2,1482285390084,1482357326451,7,13.8457,4,8.685e+08,1,0,
81,1,1486531693823,1486603630815,7,2.45908,4,8.681e+08,1,0,
81,3,1486531693823,1486603630089,7,17.4537,4,8.681e+08,1,0,
54,2,2115758088178,2116210697048,10,-0.30136,2,8.685e+08,1,0,
131,1,3349857128099,3349990761221,8,2.51563,2,8.683e+08,1,0,
131,3,3349857128099,3349990760560,8,-6.2577,2,8.683e+08,1,0,
285,2,1752219963455,1752672572299,10,-15.0058,4,8.681e+08,1,0,
285,3,1752219963455,1752672573168,10,-15.0058,4,8.681e+08,0,1,
175,2,2237832922431,2238820059516,11,-6.41177,4,8.683e+08,1,0,
175,3,2237832922431,2238820060578,11,7.13574,4,8.683e+08,1,0,
293,1,2086111258200,2087921691762,12,-10.4599,2,8.681e+08,1,0,
293,2,2086111258200,2087921691975,12,-11.4857,2,8.681e+08,1,0,
397,1,2410991193792,2411237978594,9,-3.03937,4,8.681e+08,1,0,
86,3,3390533979947,3390780764864,9,-0.480697,2,8.685e+08,1,0,
386,2,2306599260785,2306671196966,7,15.6984,4,8.681e+08,1,0,
66,3,2307236370646,2307370003418,8,-3.67187,4,8.685e+08,1,0,
246,2,1870822474025,1872632907414,12,0,4,8.685e+08,0,1,
246,3,1870822474025,1872632908548,12,-7.68008,4,8.685e+08,1,0,
218,1,3415729304005,3415862936702,8,-0.106292,4,8.681e+08,1,0,
269,1,1228347287087,1228419224564,7,0.82866,2,8.685e+08,1,0,
269,2,1228347287087,1228419223311,7,14.8688,2,8.685e+08,1,0,
75,1,1236318903238,1236565688063,9,-5.50635,4,8.681e+08,1,0,
46,1,1236075714972,1236147651136,7,0,4,8.685e+08,0,1,
164,1,3378106326750,3378558935543,10,-2.16588,4,8.681e+08,1,0,
164,3,3378106326750,3378558936595,10,-11.0895,4,8.681e+08,1,0,
264,1,1747172553108,1747244489453,7,-3.83101,2,8.685e+08,1,0,
320,1,2850448896385,2850901505209,10,-15.3315,4,8.681e+08,1,0,
320,3,2850448896385,2850901506368,10,-16.6505,4,8.681e+08,1,0,
401,1,2805112823296,2805246455831,8,14.7543,2,8.685e+08,1,0,
71,1,2941732604950,2941804541305,7,17.4381,2,8.683e+08,1,0,
310,1,2722547457012,2724357891179,12,-14.4824,2,8.685e+08,1,0,
310,3,2722547457012,2724357891330,12,0.421265,2,8.685e+08,1,0,
228,2,1699148907167,1700959340365,12,-14.2469,2,8.685e+08,1,0,
54,1,3485055240631,3485507851032,10,-15.0938,2,8.681e+08,1,0,
304,2,3472087253036,3472539862080,10,-1.51819,2,8.685e+08,1,0,
21,1,2655022470240,2655269254901,9,-2.75033,2,8.683e+08,1,0,
21,2,2655022470240,2655269255439,9,1.97757,2,8.683e+08,1,0,
289,2,1704388097949,1704521730805,8,2.32808,2,8.685e+08,1,0,
292,2,1241057293127,1241190925820,8,-4.48436,4,8.685e+08,1,0,
292,3,1241057293127,1241190926439,8,-0.400863,4,8.685e+08,1,0,
21,1,1238926846283,1239173630944,9,0,2,8.681e+08,0,1,
21,3,1238926846283,1239173631543,9,-8.66644,2,8.681e+08,1,0,
229,2,1241990591325,1242062527356,7,29.527,2,8.683e+08,1,0,
377,1,2815695649056,2815767585956,7,5.78638,2,8.683e+08,1,0,
377,3,2815695649056,2815767585336,7,6.11506,2,8.683e+08,1,0,
118,2,1759603446951,1760056056565,10,-1.74658,4,8.683e+08,1,0,
59,1,1754702502780,1756512936362,12,-21.8585,4,8.683e+08,1,0,
59,2,1754702502780,1756512936797,12,-21.8585,4,8.683e+08,0,1,
337,3,1780867165809,1781319774658,10,-15.9982,2,8.685e+08,1,0,
159,1,1688382474102,1688516106552,8,0,4,8.685e+08,0,1,
159,3,1688382474102,1688516106994,8,-6.99446,4,8.685e+08,1,0,
333,1,1873935998964,1874182784059,9,-2.60796,2,8.685e+08,1,0,
333,3,1873935998964,1874182783710,9,-12.8257,2,8.685e+08,1,0,
396,3,1658097981246,1658169918457,7,0,4,8.685e+08,0,1,
265,3,1695616607896,1695688544553,7,-3.25268,2,8.683e+08,1,0,
295,1,2297218652765,2297671263106,10,-11.2557,2,8.685e+08,1,0,
295,2,2297218652765,2297671261750,10,-7.84743,2,8.685e+08,1,0,
295,3,2297218652765,2297671262915,10,-0.443847,2,8.685e+08,1,0,
181,3,1509704334065,1509776270443,7,-9.43472,4,8.683e+08,1,0,
280,1,1564763103723,1565750242152,11,-7.1875,4,8.681e+08,0,1,
280,2,1564763103723,1565750241093,11,-7.1875,4,8.681e+08,1,0,
257,1,1521309096064,1521381033711,7,-8.51881,2,8.683e+08,1,0,
257,2,1521309096064,1521381032303,7,-1.70744,2,8.683e+08,1,0,
363,1,1512705194631,1512951979370,9,0,4,8.683e+08,0,1,
363,2,1512705194631,1512951981038,9,-10.1068,4,8.683e+08,1,0,
349,3,1511466205281,1511712990541,9,-14.2547,2,8.685e+08,1,0,
153,1,1512327010386,1512573795141,9,0,2,8.685e+08,0,1,
153,3,1512327010386,1512573796180,9,-8.76068,2,8.685e+08,1,0,
227,1,3311959429634,3312031367475,7,-3.48448,2,8.683e+08,1,0,
227,2,3311959429634,3312031366138,7,-3.89848,2,8.683e+08,1,0,
60,1,2263632071079,2263878855660,9,28.6845,2,8.683e+08,1,0,
60,3,2263632071079,2263878856056,9,0.520539,2,8.683e+08,1,0,
17,1,1815242414492,1817052848337,12,-13.0634,2,8.685e+08,0,1,
17,2,1815242414492,1817052848308,12,-13.0634,2,8.685e+08,1,0,
17,3,1815242414492,1817052848956,12,-14.2961,2,8.685e+08,1,0,
62,3,1734693599806,1734827232413,8,-9.50491,4,8.685e+08,1,0,
369,1,3284136227457,3285946661031,12,-17.0995,4,8.683e+08,1,0,
396,1,3228305759837,3228377696252,7,-8.46538,4,8.681e+08,1,0,
351,1,2914323679593,2916134113995,12,-12.8092,4,8.685e+08,0,1,
351,2,2914323679593,2916134113249,12,-12.8092,4,8.685e+08,1,0,
351,3,2914323679593,2916134112816,12,-7.40205,4,8.685e+08,1,0,
282,1,2920388868022,2920522500533,8,1.17323,4,8.683e+08,1,0,
238,2,2247591994320,2247838778986,9,-11.9509,4,8.683e+08,1,0,
91,1,3323268187970,3323340124362,7,-0.843505,4,8.681e+08,1,0,
249,2,1521423351397,1521556983989,8,-11.1517,2,8.683e+08,1,0,
249,3,1521423351397,1521556983985,8,1.69954,2,8.683e+08,1,0,
270,3,1515704388364,1515951173316,9,-5.47769,2,8.685e+08,1,0,
269,2,1518910889977,1518982826201,7,-5.84953,2,8.683e+08,1,0,
385,1,2656196730280,2656649340309,10,-14.3878,2,8.683e+08,1,0,
385,2,2656196730280,2656649339045,10,-11.3855,2,8.683e+08,1,0,
105,1,2108583180146,2108655118127,7,-3.62474,4,8.685e+08,1,0,
105,2,2108583180146,2108655116467,7,-2.56299,4,8.685e+08,1,0,
48,2,2442740257858,2442987042731,9,-2.94459,4,8.683e+08,1,0,
85,1,2942283727979,2942736337949,10,-7.5909,2,8.683e+08,1,0,
85,3,2942283727979,2942736337953,10,-9.24644,2,8.683e+08,1,0,
293,2,2995430535238,2997240969013,12,16.5136,2,8.685e+08,1,0,
188,1,2651429201294,2652416339508,11,-13.1179,2,8.683e+08,1,0,
188,2,2651429201294,2652416338458,11,0,2,8.683e+08,0,1,
377,1,1714986212593,1715058149493,7,-7.22569,2,8.685e+08,1,0,
377,3,1714986212593,1715058148873,7,11.7127,2,8.685e+08,1,0,
200,2,1517656380867,1517728317235,7,0,4,8.681e+08,0,1,
274,1,1517911933626,1518045566194,8,3.27032,4,8.685e+08,1,0,
274,3,1517911933626,1518045566240,8,-10.7963,4,8.685e+08,1,0,
55,1,1517802242864,1519612676063,12,0,4,8.685e+08,0,1,
55,3,1517802242864,1519612677215,12,-20.4475,4,8.685e+08,1,0,
245,2,1520457300343,1520704084969,9,-3.31474,4,8.685e+08,1,0,
245,2,2306802333351,2307049117977,9,-13.4091,4,8.683e+08,1,0,
342,3,1743219846989,1743672456755,10,-4.68513,4,8.685e+08,1,0,
175,3,2013281799402,2014268937549,11,-15.3835,4,8.685e+08,1,0,
55,1,3479337570423,3481148003622,12,-19.9384,4,8.681e+08,1,0,
55,3,3479337570423,3481148004774,12,-19.9384,4,8.681e+08,0,1,
177,3,1786595001396,1786666937596,7,15.1553,4,8.685e+08,1,0,
220,1,3294300270856,3296110704278,12,-15.3891,4,8.685e+08,1,0,
198,1,1787102216809,1787554825741,10,-12.8279,2,8.683e+08,1,0,
198,2,1787102216809,1787554826530,10,-12.3685,2,8.683e+08,1,0,
339,3,1787816695338,1787888632898,7,3.53417,4,8.685e+08,1,0,
361,2,1785536326138,1786523462981,11,-2.73158,4,8.681e+08,1,0,
320,1,1769989038690,1770441647514,10,-5.39535,2,8.685e+08,1,0,
320,2,1769989038690,1770441649115,10,1.21706,2,8.685e+08,1,0,
217,2,1770351494659,1770804103646,10,-4.56129,4,8.683e+08,1,0,
217,3,1770351494659,1770804104151,10,-13.3351,4,8.683e+08,1,0,
54,1,1723338370914,1723790981315,10,-8.04318,4,8.681e+08,0,1,
54,2,1723338370914,1723790979784,10,-1.58824,4,8.681e+08,1,0,
54,3,1723338370914,1723790980962,10,-8.04318,4,8.681e+08,1,0,
340,2,2814420297515,2814553931168,8,-4.44989,4,8.683e+08,1,0,
32,1,3347151606180,3348138743318,11,-3.28679,4,8.685e+08,1,0,
32,2,3347151606180,3348138743983,11,-3.28679,4,8.685e+08,0,1,
68,2,3415827547829,3416280156720,10,-15.5584,2,8.685e+08,1,0,
68,3,3415827547829,3416280157881,10,-15.5584,2,8.685e+08,0,1,
372,3,1527711544636,1528698681598,11,-7.24562,4,8.685e+08,1,0,
261,2,1519998682720,1520070619066,7,-7.22247,2,8.685e+08,1,0,
340,3,1530927912709,1531061545261,8,7.3598,4,8.681e+08,1,0,
30,1,1521646003210,1523456436595,12,-11.538,4,8.683e+08,1,0,
30,2,1521646003210,1523456437230,12,-3.38269,4,8.683e+08,1,0,
30,3,1521646003210,1523456437510,12,-3.38269,4,8.683e+08,0,1,
328,3,3240809987167,3241797124399,11,-12.2464,2,8.683e+08,1,0,
158,2,2044122722054,2044194658698,7,4.79454,4,8.683e+08,1,0,
167,1,3222310160131,3223297297147,11,-18.5623,4,8.683e+08,1,0,
167,3,3222310160131,3223297298042,11,-8.57928,4,8.683e+08,1,0,
103,1,2231342921898,2231414858169,7,9.56609,2,8.685e+08,1,0,
398,2,2052508843844,2054319278563,12,-17.0786,2,8.683e+08,1,0,
398,3,2052508843844,2054319278534,12,0,2,8.683e+08,0,1,
102,1,2286422927596,2288233360578,12,0,4,8.685e+08,0,1,
132,2,2732511760582,2732583696835,7,8.94345,2,8.685e+08,1,0,
54,2,3439794440621,3440247049491,10,-15.5985,2,8.683e+08,1,0,
166,1,3261655107951,3261727045261,7,-5.942,4,8.683e+08,1,0,
166,2,3261655107951,3261727044742,7,-8.32539,4,8.683e+08,1,0,
166,3,3261655107951,3261727044349,7,-0.438689,4,8.683e+08,1,0,
308,2,1759792461879,1760245071735,10,-2.87656,2,8.685e+08,1,0,
308,3,1759792461879,1760245070587,10,1.77174,2,8.685e+08,1,0,
151,2,3589437511262,3589509447715,7,0.62732,4,8.681e+08,1,0,
141,2,2792471529267,2792543466553,7,2.39375,4,8.683e+08,1,0,
310,1,1522912193611,1524722627778,12,-4.10164,2,8.685e+08,1,0,
310,2,1522912193611,1524722626916,12,-1.57799,2,8.685e+08,1,0,
335,2,2221314611341,2221386547984,7,-5.48683,2,8.683e+08,1,0,
317,2,2246048514031,2246120450353,7,13.3675,4,8.683e+08,1,0,
380,1,1542172261699,1542244198405,7,0.276673,4,8.683e+08,1,0,
30,2,2155472254915,2157282688935,12,-12.8176,4,8.683e+08,1,0,
30,3,2155472254915,2157282689215,12,-14.1995,4,8.683e+08,1,0,
142,2,2068059592738,2068306379123,9,-14.2448,4,8.685e+08,1,0,
150,3,2996606458737,2996740091281,8,9.56594,2,8.683e+08,1,0,
44,2,1525463084450,1525535021267,7,-0.968276,4,8.681e+08,1,0,
229,2,1526750902211,1526822838242,7,18.0429,4,8.681e+08,1,0,
242,1,1615376089957,1617186523056,12,-19.5308,2,8.685e+08,1,0,
242,3,1615376089957,1617186524229,12,-17.7615,2,8.685e+08,1,0,
226,2,1525791308206,1525863244570,7,14.297,2,8.685e+08,1,0,
247,1,1532754272691,1533206882851,10,-10.6196,2,8.683e+08,1,0,
200,2,1530288650449,1530360586817,7,-9.37491,4,8.685e+08,1,0,
200,3,1530288650449,1530360587948,7,-6.28038,4,8.685e+08,1,0,
90,2,1530797847895,1531044633526,9,-8.49458,2,8.685e+08,1,0,
23,1,2935816815248,2936803953768,11,-9.9933,4,8.685e+08,1,0,
23,3,2935816815248,2936803953577,11,0,4,8.685e+08,0,1,
298,2,1687195163529,1687328796071,8,9.25896,2,8.683e+08,1,0,
185,1,2353199521300,2353446306769,9,-10.2098,2,8.683e+08,1,0,
185,2,2353199521300,2353446305829,9,1.87502,2,8.683e+08,1,0,
254,1,2425259844530,2427070278103,12,-4.28105,4,8.683e+08,1,0,
254,2,2425259844530,2427070278395,12,-18.6175,4,8.683e+08,1,0,
158,1,3295798580800,3295870517922,7,-8.92956,4,8.681e+08,1,0,
158,2,3295798580800,3295870517444,7,-6.61388,4,8.681e+08,1,0,
47,1,2464763920240,2465010705031,9,-5.72316,4,8.685e+08,1,0,
50,3,1531665066030,1532117675929,10,-8.48277,2,8.685e+08,1,0,
378,1,1533274471761,1533521257638,9,4.1392,2,8.683e+08,1,0,
378,2,1533274471761,1533521257267,9,-9.19295,2,8.683e+08,1,0,
378,3,1533274471761,1533521256470,9,-4.67244,2,8.683e+08,1,0,
264,1,1532957376860,1533029313205,7,-6.35094,2,8.685e+08,1,0,
189,3,1532481646056,1532615278770,8,-9.45467,4,8.685e+08,1,0,
345,1,1741979120311,1742431730450,10,-16.3938,2,8.685e+08,1,0,
345,2,1741979120311,1742431729575,10,-9.924,2,8.685e+08,1,0,
345,3,1741979120311,1742431730590,10,-15.9198,2,8.685e+08,1,0,
268,1,2797933547301,2799743981738,12,-13.9504,2,8.685e+08,0,1,
268,2,2797933547301,2799743980440,12,0,2,8.685e+08,0,1,
268,3,2797933547301,2799743981597,12,-13.9504,2,8.685e+08,1,0,
45,1,2608474053332,2608545991048,7,-0.969253,4,8.685e+08,1,0,
45,3,2608474053332,2608545989880,7,14.9753,4,8.685e+08,1,0,
237,1,2239637601262,2239771233942,8,-10.8676,2,8.685e+08,1,0,
237,3,2239637601262,2239771234470,8,4.14002,2,8.685e+08,1,0,
103,1,3513262078932,3513334015203,7,7.41508,2,8.683e+08,1,0,
103,3,3513262078932,3513334016382,7,11.5815,2,8.683e+08,1,0,
97,1,2411369324826,2411616109347,9,3.50873,2,8.683e+08,1,0,
247,1,1813251086317,1813703696477,10,-0.481582,2,8.683e+08,1,0,
247,2,1813251086317,1813703695166,10,-0.413299,2,8.683e+08,1,0,
92,1,1812706536109,1812778472525,7,12.9822,2,8.683e+08,1,0,
328,1,3539603771791,3540590910140,11,-11.9311,2,8.683e+08,0,1,
328,2,3539603771791,3540590909066,11,-11.9311,2,8.683e+08,1,0,
328,3,3539603771791,3540590909023,11,-15.6616,2,8.683e+08,1,0,
162,1,1536400210210,1536852820614,10,-9.32831,4,8.685e+08,1,0,
162,2,1536400210210,1536852819555,10,0.657273,4,8.685e+08,1,0,
389,2,1534557443916,1535010052923,10,-9.13931,4,8.685e+08,1,0,
223,2,1538217308285,1538669918049,10,-5.14336,2,8.685e+08,1,0,
223,3,1538217308285,1538669918353,10,-3.81859,2,8.685e+08,1,0,
308,2,1548666558118,1549119167974,10,-11.5572,2,8.685e+08,1,0,
308,3,1548666558118,1549119166826,10,-4.72124,2,8.685e+08,1,0,
12,1,1536988685354,1537235471100,9,13.7492,4,8.683e+08,1,0,
12,2,1536988685354,1537235470011,9,0,4,8.683e+08,0,1,
12,3,1536988685354,1537235471037,9,-5.37482,4,8.683e+08,1,0,
51,2,1537111629526,1537564238818,10,0,4,8.683e+08,0,1,
35,1,1689146998530,1689280631504,8,-9.98555,4,8.681e+08,0,1,
35,3,1689146998530,1689280631415,8,-9.98555,4,8.681e+08,1,0,
388,1,2220212804878,2220459590398,9,-11.7048,2,8.685e+08,1,0,
388,3,2220212804878,2220459589858,9,-7.40463,2,8.685e+08,1,0,
195,1,2362067500130,2362139436553,7,-6.19147,4,8.685e+08,1,0,
187,1,2401169159098,2401621769398,10,-15.7005,4,8.683e+08,0,1,
187,2,2401169159098,2401621768160,10,-15.5988,4,8.683e+08,1,0,
187,3,2401169159098,2401621769298,10,-15.7005,4,8.683e+08,1,0,
196,1,2443082338956,2444069476455,11,-15.6867,4,8.683e+08,1,0,
196,3,2443082338956,2444069477557,11,7.24885,4,8.683e+08,1,0,
269,1,2404040994493,2404112931970,7,13.9833,2,8.683e+08,1,0,
269,2,2404040994493,2404112930717,7,0,2,8.683e+08,0,1,
108,3,2403327083806,2403399020521,7,5.78558,4,8.683e+08,1,0,
274,1,1691942808028,1692076440596,8,-11.965,4,8.685e+08,1,0,
149,1,3201434841168,3201887450081,10,-0.650741,4,8.683e+08,1,0,
376,3,2046956401212,2047203185918,9,-2.87059,2,8.685e+08,1,0,
215,2,1542120737562,1542192673847,7,14.3339,4,8.685e+08,1,0,
215,3,1542120737562,1542192674982,7,-1.58139,4,8.685e+08,1,0,
257,1,1540240513926,1540312451573,7,-7.94379,2,8.685e+08,1,0,
257,2,1540240513926,1540312450165,7,21.1027,2,8.685e+08,1,0,
30,2,1702689203220,1704499637240,12,-17.8507,4,8.685e+08,1,0,
32,1,2307327105289,2308314242427,11,0.391435,4,8.685e+08,1,0,
32,2,2307327105289,2308314243092,11,-14.3162,4,8.685e+08,1,0,
57,1,3307787762958,3307921396679,8,4.11109,2,8.683e+08,1,0,
57,2,3307787762958,3307921395378,8,0.646775,2,8.683e+08,1,0,
368,1,3303458374086,3303530311183,7,-6.41574,2,8.683e+08,1,0,
368,2,3303458374086,3303530310660,7,-2.17465,2,8.683e+08,1,0,
258,1,3272751422778,3274561856324,12,0,4,8.683e+08,0,1,
258,2,3272751422778,3274561857114,12,-18.8238,4,8.683e+08,1,0,
102,1,2467466127606,2469276560588,12,-6.66357,4,8.683e+08,1,0,
102,2,2467466127606,2469276561773,12,-15.9863,4,8.683e+08,1,0,
102,3,2467466127606,2469276561703,12,-14.8076,4,8.683e+08,1,0,
162,1,2389232295870,2389684906274,10,-13.2359,4,8.685e+08,1,0,
162,3,2389232295870,2389684905147,10,-9.35799,4,8.685e+08,1,0,
402,3,2381755619365,2381889253110,8,2.72437,4,8.683e+08,1,0,
229,2,2348246015829,2348317951860,7,30.6324,2,8.683e+08,1,0,
25,3,3410450660326,3410903269826,10,-16.5623,4,8.683e+08,1,0,
273,1,1674802068440,1676612501907,12,0,2,8.685e+08,0,1,
196,1,2344368738946,2345355876445,11,-19.0558,4,8.685e+08,1,0,
70,1,2345809215195,2345942849310,8,-8.98105,2,8.683e+08,1,0,
70,2,2345809215195,2345942847787,8,1.08908,2,8.683e+08,1,0,
401,1,2100801386733,2100935019268,8,-5.07458,2,8.685e+08,1,0,
401,2,2100801386733,2100935020729,8,2.18836,2,8.685e+08,1,0,
401,3,2100801386733,2100935019903,8,-5.72133,2,8.685e+08,1,0,
186,1,2640903368321,2641355977685,10,-8.92709,2,8.683e+08,1,0,
333,2,2637133156614,2637379942496,9,-0.595382,2,8.683e+08,1,0,
350,2,3583451024379,3583697810400,9,0,2,8.683e+08,0,1,
332,3,2224032953540,2225843387261,12,-15.3319,2,8.685e+08,1,0,
35,1,3002085007892,3002218640866,8,8.84403,4,8.685e+08,1,0,
35,2,3002085007892,3002218640588,8,-0.662017,4,8.685e+08,1,0,
65,2,2999328469672,2999400406023,7,0,2,8.683e+08,0,1,
328,3,2998380282408,2999367419640,11,-3.27392,2,8.683e+08,1,0,
145,2,2803617119404,2805427552771,12,-21.2106,2,8.685e+08,1,0,
145,3,2803617119404,2805427553943,12,-14.1922,2,8.685e+08,1,0,
129,1,2359143409201,2359215345690,7,-5.53039,2,8.683e+08,1,0,
191,3,2403220655664,2403673264909,10,-9.21097,4,8.683e+08,1,0,
288,1,1541746357652,1541993142572,9,-9.47116,2,8.681e+08,1,0,
264,1,1542666142657,1542738079002,7,-3.7747,2,8.683e+08,1,0,
264,2,1542666142657,1542738080444,7,-5.43758,2,8.683e+08,1,0,
193,1,1542491297852,1542943906554,10,-1.51779,2,8.685e+08,1,0,
353,3,1545298318187,1545370254929,7,4.97383,4,8.683e+08,1,0,
15,3,2729402623944,2729536256727,8,-6.34228,2,8.685e+08,1,0,
93,1,2699281528135,2699734138536,10,-4.95625,4,8.685e+08,1,0,
93,2,2699281528135,2699734137046,10,-8.29253,4,8.685e+08,1,0,
93,3,2699281528135,2699734138226,10,-10.7289,4,8.685e+08,1,0,
341,3,2031778660513,2031912293609,8,8.11369,2,8.683e+08,1,0,
32,1,3486211665510,3487198802648,11,-12.2252,4,8.683e+08,1,0,
32,2,3486211665510,3487198803313,11,-18.0768,4,8.683e+08,1,0,
89,2,3198694384142,3198941169171,9,-6.7364,2,8.685e+08,1,0,
89,3,3198694384142,3198941170289,9,-12.0771,2,8.685e+08,1,0,
54,2,2269337552470,2269790161340,10,1.99451,2,8.681e+08,1,0,
54,3,2269337552470,2269790162518,10,-11.3485,2,8.681e+08,1,0,
243,1,2854193226835,2854265163274,7,-1.3183,4,8.683e+08,1,0,
243,3,2854193226835,2854265164452,7,5.84587,4,8.683e+08,1,0,
290,3,1548027985215,1548099921304,7,11.2687,4,8.685e+08,1,0,
266,1,1547697857685,1547769793889,7,10.4735,4,8.685e+08,1,0,
266,3,1547697857685,1547769794727,7,1.84232,4,8.685e+08,1,0,
124,1,1551492150595,1551564086877,7,7.57595,2,8.685e+08,1,0,
326,1,1551598785742,1551670722837,7,6.00013,4,8.683e+08,1,0,
326,3,1551598785742,1551670722139,7,10.5262,4,8.683e+08,1,0,
84,2,1543457574463,1543529510692,7,-4.30366,2,8.681e+08,1,0,
382,3,1545123432548,1545195369738,7,1.42171,4,8.685e+08,1,0,
379,2,1552203983584,1553191121042,11,-6.8839,2,8.683e+08,1,0,
272,1,1556063090594,1556135026937,7,0,4,8.683e+08,0,1,
81,1,1555003937941,1555075874933,7,8.02097,4,8.681e+08,1,0,
81,3,1555003937941,1555075874207,7,-7.28113,4,8.681e+08,1,0,
223,2,1583478108295,1583930718059,10,-9.8161,2,8.685e+08,1,0,
232,1,1554397325115,1554644110319,9,-9.36606,4,8.683e+08,1,0,
232,3,1554397325115,1554644109770,9,-0.0649101,4,8.683e+08,1,0,
323,1,1589539287616,1591349721192,12,-14.8762,2,8.685e+08,1,0,
323,2,1589539287616,1591349722007,12,-4.14935,2,8.685e+08,1,0,
323,3,1589539287616,1591349722208,12,-8.60416,2,8.685e+08,1,0,
136,1,1572075267702,1573062405302,11,1.34197,2,8.685e+08,1,0,
138,3,1563589260319,1565399695038,12,-2.36891,2,8.683e+08,1,0,
155,2,1611415573430,1613226007094,12,0,2,8.683e+08,0,1,
97,1,1555245434811,1555492219332,9,12.4408,2,8.683e+08,1,0,
97,2,1555245434811,1555492220969,9,-13.8887,2,8.683e+08,1,0,
97,3,1555245434811,1555492220484,9,-3.68042,2,8.683e+08,1,0,
328,1,1562631370976,1563618509325,11,-10.4583,2,8.685e+08,1,0,
328,2,1562631370976,1563618508251,11,0,2,8.685e+08,0,1,
151,1,1559415835571,1559487773523,7,-5.81819,4,8.683e+08,1,0,
151,2,1559415835571,1559487772024,7,2.14746,4,8.683e+08,1,0,
245,2,1555610052999,1555856837625,9,-5.3412,4,8.683e+08,1,0,
245,3,1555610052999,1555856838801,9,-4.26167,4,8.683e+08,1,0,
317,2,1566271929948,1566343866270,7,1.99048,4,8.683e+08,1,0,
52,2,1558852678501,1560663112117,12,-22.3962,4,8.685e+08,1,0,
52,3,1558852678501,1560663112880,12,-17.8122,4,8.685e+08,1,0,
117,1,1558393043742,1558464981151,7,0.226334,2,8.685e+08,1,0,
117,2,1558393043742,1558464980010,7,1.20076,2,8.685e+08,1,0,
215,2,1565752120174,1565824056459,7,-0.255874,4,8.683e+08,1,0,
349,3,1558744036081,1558990821341,9,15.3862,2,8.683e+08,1,0,
105,2,1564521537820,1564593474141,7,10.8327,4,8.685e+08,1,0,
95,3,1565116921428,1565188857804,7,6.51542,4,8.685e+08,1,0,
297,1,1586189624760,1586261561113,7,-8.73653,4,8.685e+08,1,0,
169,1,1564421880960,1564668667168,9,-12.2088,4,8.685e+08,1,0,
169,2,1564421880960,1564668665621,9,-8.48323,4,8.685e+08,1,0,
16,3,1572428353093,1572880962177,10,2.43616,2,8.685e+08,1,0,
252,2,1574026489555,1574160122112,8,-8.49292,2,8.685e+08,1,0,
100,2,1565253445397,1565706055900,10,-11.0791,4,8.683e+08,1,0,
100,3,1565253445397,1565706055050,10,-16.0937,4,8.683e+08,1,0,
199,1,1566931480553,1567003416842,7,6.65029,2,8.681e+08,1,0,
199,3,1566931480553,1567003417966,7,-8.37576,2,8.681e+08,1,0,
274,1,1588261950955,1588395583523,8,2.20818,4,8.683e+08,1,0,
274,2,1588261950955,1588395584246,8,-5.54832,4,8.683e+08,1,0,
128,1,1605215157530,1607025590972,12,-11.5857,2,8.683e+08,1,0,
128,3,1605215157530,1607025591189,12,-11.5857,2,8.683e+08,0,1,
91,1,1574503486205,1574575422597,7,6.57142,2,8.685e+08,1,0,
316,1,1577059452440,1577306237285,9,14.6978,4,8.685e+08,1,0,
316,3,1577059452440,1577306237280,9,22.2756,4,8.685e+08,1,0,
365,2,1624714393892,1626524828102,12,0,2,8.685e+08,0,1,
365,3,1624714393892,1626524828290,12,0,2,8.685e+08,0,1,
98,1,1586994797771,1587066735597,7,-8.89181,2,8.681e+08,1,0,
98,2,1586994797771,1587066733976,7,0,2,8.681e+08,0,1,
98,3,1586994797771,1587066734980,7,-1.26276,2,8.681e+08,1,0,
117,2,1594759816960,1594831753228,7,-3.14241,2,8.683e+08,1,0,
313,1,1584022859600,1584269644073,9,6.08083,2,8.685e+08,1,0,
313,3,1584022859600,1584269645131,9,4.17893,2,8.685e+08,1,0,
22,1,1670186103436,1671996536794,12,-19.959,4,8.685e+08,1,0,
16,1,1617689153103,1618141762763,10,-12.4456,2,8.685e+08,1,0,
322,1,1585537819078,1585609755605,7,-7.24783,2,8.685e+08,1,0,
322,2,1585537819078,1585609756544,7,-4.73617,2,8.685e+08,1,0,
388,1,1586190025635,1586436811155,9,-12.8779,2,8.683e+08,1,0,
388,3,1586190025635,1586436810615,9,-4.33577,2,8.683e+08,1,0,
41,2,1587863955333,1587935891685,7,0,2,8.683e+08,0,1,
41,3,1587863955333,1587935892856,7,12.3803,2,8.683e+08,1,0,
28,1,1589299936980,1590287075188,11,-17.4617,2,8.685e+08,1,0,
157,1,1585908749834,1586155534665,9,-8.28261,2,8.683e+08,1,0,
157,2,1585908749834,1586155535270,9,-14.2293,2,8.683e+08,1,0,
157,3,1585908749834,1586155535438,9,-11.0377,2,8.683e+08,1,0,
234,2,1607756253499,1608208862046,10,5.71903,4,8.683e+08,1,0,
234,3,1607756253499,1608208863146,10,-1.10007,4,8.683e+08,1,0,
402,2,1587118132583,1587251765160,8,0,4,8.683e+08,0,1,
402,3,1587118132583,1587251766328,8,-9.93162,4,8.683e+08,1,0,
139,2,1595708034529,1595779971140,7,0.77588,4,8.683e+08,1,0,
139,3,1595708034529,1595779972319,7,-1.83589,4,8.683e+08,1,0,
371,1,1595354229224,1595806838538,10,5.12818,4,8.683e+08,1,0,
371,2,1595354229224,1595806839355,10,-12.1586,4,8.683e+08,1,0,
371,3,1595354229224,1595806838195,10,0.228471,4,8.683e+08,1,0,
336,3,1591977780758,1593788215514,12,-6.48585,2,8.685e+08,1,0,
336,2,1773020980768,1774831414450,12,-15.3022,2,8.683e+08,1,0,
336,3,1773020980768,1774831415524,12,-15.3022,2,8.683e+08,0,1,
345,1,1598130701982,1598583312121,10,0,2,8.681e+08,0,1,
282,1,1598770908841,1598904541352,8,0,4,8.683e+08,0,1,
214,3,1605523935382,1605595871439,7,20.9803,4,8.685e+08,1,0,
244,1,1650578329678,1651565468209,11,-17.5903,4,8.685e+08,0,1,
244,2,1650578329678,1651565467361,11,-17.5903,4,8.685e+08,1,0,
156,1,1605001436179,1605248222139,9,-1.84355,4,8.685e+08,1,0,
156,2,1605001436179,1605248221155,9,1.94565,4,8.685e+08,1,0,
156,3,1605001436179,1605248222185,9,-13.0811,4,8.685e+08,1,0,
162,1,1597683772659,1598136383063,10,-8.20799,4,8.685e+08,0,1,
162,2,1597683772659,1598136382004,10,-8.20799,4,8.685e+08,1,0,
162,3,1597683772659,1598136381936,10,-14.8669,4,8.685e+08,1,0,
99,2,1603070183826,1604057322192,11,-12.1499,2,8.681e+08,1,0,
130,2,1602878998292,1604689431957,12,-10.4121,2,8.685e+08,1,0,
366,2,1614341160162,1614413096685,7,6.59028,4,8.681e+08,1,0,
7,3,1611397807604,1611469744028,7,-7.13751,2,8.685e+08,1,0,
123,2,1609392251290,1609639036301,9,-4.41006,4,8.685e+08,1,0,
100,2,1610514245407,1610966855910,10,-10.9829,4,8.685e+08,1,0,
100,3,1610514245407,1610966855060,10,0,4,8.685e+08,0,1,
353,1,1610921560913,1610993497811,7,4.20545,4,8.683e+08,1,0,
353,3,1610921560913,1610993497655,7,0,4,8.683e+08,0,1,
198,3,1609138849769,1609591459622,10,-4.42383,2,8.685e+08,1,0,
286,2,1618995560024,1619129192628,8,-3.28155,4,8.685e+08,1,0,
281,2,1619948652288,1620935789435,11,1.73932,2,8.681e+08,1,0,
215,2,1610147345451,1610219281736,7,9.45833,4,8.683e+08,1,0,
387,1,1614271271291,1614723879988,10,-11.5929,2,8.685e+08,1,0,
175,1,1616205392073,1617192530184,11,6.00272,4,8.683e+08,1,0,
175,3,1616205392073,1617192530220,11,-12.038,4,8.683e+08,1,0,
97,1,1612574918659,1612821703180,9,-5.32323,2,8.683e+08,1,0,
97,2,1612574918659,1612821704817,9,-0.795211,2,8.683e+08,1,0,
97,3,1612574918659,1612821704332,9,-9.78615,2,8.683e+08,1,0,
199,1,1611857016595,1611928952884,7,-9.21719,2,8.685e+08,1,0,
199,3,1611857016595,1611928954008,7,5.96874,2,8.685e+08,1,0,
182,1,1626010700564,1627821135399,12,0,4,8.685e+08,0,1,
355,1,1619272148641,1619344085915,7,0,4,8.683e+08,0,1,
355,3,1619272148641,1619344084920,7,0,4,8.683e+08,0,1,
390,3,1618169079358,1618241015495,7,12.7234,4,8.683e+08,1,0,
191,3,1623341997634,1623794606879,10,-6.46583,4,8.681e+08,1,0,
269,2,1622041309420,1622113245644,7,11.7602,2,8.683e+08,1,0,
269,3,1622041309420,1622113246559,7,-6.49211,2,8.683e+08,1,0,
144,3,1619290154505,1619536939189,9,0,2,8.683e+08,0,1,
184,1,1623146614520,1623599223452,10,-13.8571,4,8.685e+08,1,0,
184,2,1623146614520,1623599224955,10,-8.20016,4,8.685e+08,1,0,
334,2,1626815613507,1626887549874,7,-3.11955,4,8.685e+08,1,0,
8,2,1627809695406,1629620129200,12,0,4,8.683e+08,0,1,
8,3,1627809695406,1629620129432,12,-2.86832,4,8.683e+08,1,0,
29,2,1632317656652,1634128089979,12,0,4,8.685e+08,0,1,
307,1,1625198973206,1625270910810,7,-3.57197,4,8.681e+08,1,0,
307,2,1625198973206,1625270909357,7,18.2973,4,8.681e+08,1,0,
15,1,1641609484753,1641743118709,8,-8.12559,2,8.685e+08,1,0,
15,2,1641609484753,1641743118269,8,-11.5691,2,8.685e+08,1,0,
15,3,1641609484753,1641743117536,8,8.40449,2,8.685e+08,1,0,
180,1,1625762168756,1626008953636,9,-13.7849,2,8.683e+08,1,0,
180,2,1625762168756,1626008954151,9,-13.7849,2,8.683e+08,0,1,
192,3,1626366155282,1626612940155,9,0,2,8.685e+08,0,1,
69,2,1632176453295,1632423238254,9,-10.9498,4,8.681e+08,1,0,
339,1,1632080980048,1632152916448,7,-2.74599,4,8.685e+08,1,0,
188,2,1628288191204,1629275328368,11,-2.34578,2,8.683e+08,1,0,
103,1,1726773462230,1726845398501,7,-4.9209,2,8.685e+08,1,0,
324,1,1636230828680,1638041262331,12,0,2,8.683e+08,0,1,
324,2,1636230828680,1638041262969,12,-19.5926,2,8.683e+08,1,0,
280,1,1663476703733,1664463842162,11,0,2,8.683e+08,0,1,
280,3,1663476703733,1664463842200,11,-14.9637,2,8.683e+08,1,0,
239,1,1632999327908,1633071264092,7,-3.29634,2,8.683e+08,1,0,
239,2,1632999327908,1633071265758,7,-7.64252,2,8.683e+08,1,0,
239,3,1632999327908,1633071265207,7,-8.01041,2,8.683e+08,1,0,
248,2,1638656508181,1638790140777,8,-10.1129,2,8.683e+08,1,0,
291,1,1637916903317,1638369513730,10,-5.00662,2,8.683e+08,1,0,
291,2,1637916903317,1638369512439,10,-10.6738,2,8.683e+08,1,0,
5,3,1637864955840,1638852092985,11,-18.0808,2,8.685e+08,1,0,
168,1,1641367640758,1641439577137,7,3.18829,4,8.683e+08,1,0,
168,3,1641367640758,1641439578103,7,-4.84906,4,8.683e+08,1,0,
152,2,1643814645263,1644267254144,10,-11.24,4,8.685e+08,1,0,
152,3,1643814645263,1644267255221,10,-12.8164,4,8.685e+08,1,0,
290,3,1644196390997,1644268327086,7,27.7297,4,8.683e+08,1,0,
122,3,1650115199251,1650187136428,7,0.972978,2,8.681e+08,1,0,
26,2,1646824680832,1646896617531,7,0,4,8.683e+08,0,1,
202,1,1764182749905,1765993184515,12,-14.3683,4,8.685e+08,1,0,
202,2,1764182749905,1765993183407,12,-21.849,4,8.685e+08,1,0,
164,1,1648224874110,1648677482903,10,0.048951,4,8.685e+08,1,0,
141,2,1646119727124,1646191664410,7,0.0821541,4,8.683e+08,1,0,
244,3,1749291929688,1750279068408,11,-10.5449,4,8.685e+08,1,0,
297,1,1657081537386,1657153473739,7,3.139,4,8.685e+08,1,0,
257,2,1648823837375,1648895773614,7,-6.97458,2,8.683e+08,1,0,
222,3,1650279784964,1652090219675,12,-18.0806,4,8.685e+08,1,0,
312,1,1818696478079,1819683615706,11,0,2,8.683e+08,0,1,
210,1,1820270959740,1820517744412,9,0.176988,4,8.683e+08,1,0,
210,2,1820270959740,1820517744959,9,-4.58269,4,8.683e+08,1,0,
210,3,1820270959740,1820517745032,9,-9.40956,4,8.683e+08,1,0,
120,2,1819463768813,1819597401332,8,-4.97082,2,8.685e+08,1,0,
56,3,3390092979230,3390545588255,10,-4.30435,4,8.681e+08,1,0,
230,1,2983422607983,2985233041667,12,-21.424,2,8.683e+08,1,0,
160,1,3575617581679,3575864366496,9,-7.03941,2,8.683e+08,1,0,
160,3,3575617581679,3575864366184,9,15.154,2,8.683e+08,1,0,
350,1,2695369485730,2695616270586,9,-0.533736,4,8.681e+08,1,0,
350,2,2695369485730,2695616271751,9,-14.2447,4,8.681e+08,1,0,
254,1,3347467278474,3349277712047,12,6.64661,4,8.683e+08,1,0,
254,3,3347467278474,3349277712807,12,-12.3145,4,8.683e+08,1,0,
66,2,1825921762640,1826055395379,8,-6.4503,4,8.683e+08,1,0,
66,3,1825921762640,1826055395412,8,10.0555,4,8.683e+08,1,0,
313,1,1820281544002,1820528328475,9,-2.27179,2,8.685e+08,1,0,
313,3,1820281544002,1820528329533,9,-13.1576,2,8.685e+08,1,0,
281,2,1819458847661,1820445984808,11,-10.9855,2,8.685e+08,1,0,
281,3,1819458847661,1820445985957,11,-10.9855,2,8.685e+08,0,1,
303,1,1826557194888,1827009803887,10,0,4,8.685e+08,0,1,
303,2,1826557194888,1827009804035,10,-5.99475,4,8.685e+08,1,0,
307,2,1826817961762,1826889897913,7,11.8709,4,8.681e+08,1,0,
255,1,2604490125692,2604562063129,7,-4.07394,4,8.685e+08,1,0,
255,2,2604490125692,2604562062042,7,-0.0703422,4,8.685e+08,1,0,
401,3,3258222896206,3258356529376,8,-3.26865,2,8.683e+08,1,0,
102,2,3346595265128,3348405699295,12,-15.4777,4,8.681e+08,0,1,
102,3,3346595265128,3348405699225,12,-15.4777,4,8.681e+08,1,0,
210,1,2932793352592,2933040137264,9,-10.0044,4,8.683e+08,1,0,
210,2,2932793352592,2933040137811,9,-9.93845,4,8.683e+08,1,0,
210,3,2932793352592,2933040137884,9,-6.99055,4,8.683e+08,1,0,
160,1,2933090589869,2933337374686,9,13.2059,2,8.683e+08,1,0,
160,2,2933090589869,2933337374852,9,-14.3466,2,8.683e+08,1,0,
160,3,2933090589869,2933337374374,9,4.45488,2,8.683e+08,1,0,
228,2,2105759535474,2107569968672,12,0,2,8.685e+08,0,1,
252,2,2303803791748,2303937424305,8,-3.11859,2,8.685e+08,1,0,
219,3,1823022652318,1823094588895,7,13.6187,4,8.685e+08,1,0,
121,1,1823961813985,1824948951161,11,-15.1228,4,8.683e+08,1,0,
121,3,1823961813985,1824948951283,11,-15.1228,4,8.683e+08,0,1,
192,1,1824832394741,1825079179543,9,-0.313018,2,8.683e+08,1,0,
105,2,2094480819647,2094552755968,7,-2.13136,4,8.683e+08,1,0,
105,3,2094480819647,2094552757111,7,-0.934722,4,8.683e+08,1,0,
383,1,2108742733941,2110553167508,12,0,4,8.685e+08,0,1,
113,3,2388949506853,2389083139336,8,7.76323,2,8.685e+08,1,0,
254,3,2683591783266,2685402217599,12,-11.6539,4,8.681e+08,1,0,
214,3,2681194641732,2681266577789,7,25.4612,4,8.683e+08,1,0,
64,1,2123818475583,2123890412316,7,7.06828,4,8.681e+08,1,0,
64,2,2123818475583,2123890413063,7,-7.38007,4,8.681e+08,1,0,
126,3,3340041192338,3340287978444,9,-12.5988,4,8.681e+08,1,0,
292,2,3337000374365,3337134007058,8,0.0382546,4,8.685e+08,1,0,
227,2,3328069342119,3328141278623,7,9.33034,4,8.681e+08,1,0,
247,1,3578013871340,3578466481500,10,-9.44902,2,8.683e+08,1,0,
172,1,3586759905601,3588570340046,12,0,4,8.681e+08,0,1,
210,2,2637821170313,2638067955532,9,-4.72104,4,8.681e+08,1,0,
341,2,1833221118932,1833354751554,8,24.1651,2,8.685e+08,1,0,
62,2,1826678021700,1826811655337,8,-5.83224,4,8.683e+08,1,0,
164,1,3015137828442,3015590437235,10,1.69635,4,8.683e+08,1,0,
192,1,3000742071283,3000988856085,9,7.51941,4,8.681e+08,1,0,
192,2,3000742071283,3000988856151,9,-12.9688,4,8.681e+08,1,0,
192,3,3000742071283,3000988856156,9,-11.8357,4,8.681e+08,1,0,
174,1,2361459960880,2361593593716,8,-1.36037,2,8.685e+08,1,0,
174,2,2361459960880,2361593593760,8,-1.36037,2,8.685e+08,0,1,
329,1,2361084169505,2361156105637,7,4.59895,4,8.683e+08,1,0,
329,3,2361084169505,2361156106704,7,-2.73707,4,8.683e+08,1,0,
76,1,2355187054467,2355258990961,7,4.88259,4,8.683e+08,1,0,
76,3,2355187054467,2355258991156,7,-4.04916,4,8.683e+08,1,0,
87,1,1827699017288,1827770954355,7,-6.44432,2,8.685e+08,0,1,
87,2,1827699017288,1827770954251,7,-6.44432,2,8.685e+08,1,0,
87,3,1827699017288,1827770953553,7,18.7288,2,8.685e+08,1,0,
205,1,1829082355380,1829329140066,9,-7.50873,2,8.683e+08,1,0,
205,3,1829082355380,1829329140856,9,-7.76991,2,8.683e+08,1,0,
55,1,1829325836209,1831136269408,12,-17.7177,4,8.683e+08,1,0,
288,1,1829805163430,1830051948350,9,-9.22536,2,8.681e+08,1,0,
288,3,1829805163430,1830051948851,9,-10.5805,2,8.681e+08,1,0,
368,1,1830027653015,1830099590112,7,-5.25798,2,8.685e+08,1,0,
368,2,1830027653015,1830099589589,7,-5.86661,2,8.685e+08,1,0,
368,3,1830027653015,1830099589845,7,7.91802,2,8.685e+08,1,0,
392,1,1830493613583,1830627246111,8,1.05776,2,8.683e+08,1,0,
280,1,1831132588999,1832119727428,11,-18.0014,2,8.685e+08,1,0,
334,1,1833181163103,1833253101134,7,-9.23224,4,8.685e+08,1,0,
334,3,1833181163103,1833253100598,7,-4.95129,4,8.685e+08,1,0,
194,2,1910055076382,1911042214775,11,-10.6069,2,8.683e+08,1,0,
96,3,1838225442865,1838297379454,7,2.76761,4,8.683e+08,1,0,
397,1,1834403040582,1834649825384,9,-9.78085,2,8.685e+08,1,0,
397,2,1834403040582,1834649826826,9,-6.23495,2,8.685e+08,1,0,
160,1,1840079235502,1840326020319,9,-8.05795,2,8.685e+08,1,0,
160,3,1840079235502,1840326020007,9,1.51358,2,8.685e+08,1,0,
154,1,1834933292647,1835066925304,8,1.68793,4,8.683e+08,1,0,
315,1,1840049184764,1841859618455,12,-12.845,2,8.683e+08,1,0,
315,2,1840049184764,1841859618184,12,-19.9522,2,8.683e+08,1,0,
315,3,1840049184764,1841859618909,12,-17.664,2,8.683e+08,1,0,
246,2,2115948811185,2117759244574,12,-9.30949,4,8.683e+08,1,0,
246,3,2115948811185,2117759245708,12,-9.30949,4,8.683e+08,0,1,
397,1,2086012310659,2086259095461,9,8.54821,2,8.685e+08,1,0,
247,2,2824171286675,2824623895524,10,10.2192,2,8.683e+08,1,0,
210,1,2571843315200,2572090099872,9,-2.58385,4,8.683e+08,1,0,
210,3,2571843315200,2572090100492,9,1.23834,4,8.683e+08,1,0,
4,3,3546395926459,3546467862934,7,0,4,8.683e+08,0,1,
173,2,2044354543643,2046164977278,12,-16.7361,4,8.685e+08,1,0,
82,1,3415084110388,3415156046797,7,0,4,8.683e+08,0,1,
82,3,3415084110388,3415156047382,7,-7.40131,4,8.683e+08,1,0,
51,2,2079222654912,2079675264204,10,-6.32158,4,8.683e+08,1,0,
284,1,3389878198281,3391688632841,12,-9.45659,4,8.681e+08,0,1,
284,2,3389878198281,3391688631529,12,-5.98015,4,8.681e+08,1,0,
284,3,3389878198281,3391688631795,12,-9.45659,4,8.681e+08,1,0,
254,1,1932138429041,1933948862614,12,-21.1174,4,8.685e+08,1,0,
40,2,2962093255625,2962165192788,7,8.58844,2,8.683e+08,0,1,
40,3,2962093255625,2962165191831,7,8.58844,2,8.683e+08,1,0,
272,1,2963436141979,2963508078322,7,5.53253,4,8.685e+08,1,0,
32,1,2978776519348,2979763656486,11,-17.5402,4,8.681e+08,1,0,
32,2,2978776519348,2979763657151,11,-17.598,4,8.681e+08,1,0,
17,2,2177328814512,2179139248328,12,0,2,8.685e+08,0,1,
93,1,2103826671337,2104279281738,10,-13.9195,4,8.685e+08,1,0,
144,3,2863544953905,2863791738589,9,10.1792,2,8.683e+08,1,0,
300,2,2326609172380,2327596309713,11,2.37978,2,8.685e+08,1,0,
328,2,2121530587628,2122517724903,11,9.46815,2,8.683e+08,1,0,
360,2,2117817826739,2117889762932,7,-9.29845,4,8.685e+08,1,0,
360,3,2117817826739,2117889764102,7,-8.27429,4,8.685e+08,1,0,
245,2,3017607889113,3017854673739,9,0,4,8.683e+08,0,1,
176,1,3188158170928,3188610779833,10,-12.7415,2,8.681e+08,1,0,
278,1,3586113681647,3586247314324,8,18.3744,2,8.683e+08,0,1,
278,3,3586113681647,3586247314306,8,18.3744,2,8.683e+08,1,0,
276,1,3584880628612,3585127413226,9,-11.6301,2,8.683e+08,1,0,
276,2,3584880628612,3585127414894,9,-14.4628,2,8.683e+08,1,0,
126,1,1839814007229,1840060792218,9,-12.2036,4,8.685e+08,1,0,
126,3,1839814007229,1840060793335,9,-3.77919,4,8.685e+08,1,0,
271,1,1840832916130,1842643349838,12,-17.596,4,8.685e+08,1,0,
271,2,1840832916130,1842643350154,12,-6.16327,4,8.685e+08,1,0,
35,3,3299931880535,3300065513420,8,-3.83278,4,8.683e+08,1,0,
18,1,2039463666395,2039535603167,7,-9.32365,4,8.685e+08,1,0,
195,1,2346529806702,2346601743125,7,0.54918,4,8.685e+08,1,0,
35,1,3486691299820,3486824932794,8,-6.14664,4,8.681e+08,1,0,
35,3,3486691299820,3486824932705,8,8.34187,4,8.681e+08,1,0,
76,1,3471396754692,3471468691186,7,11.7923,4,8.683e+08,1,0,
76,3,3471396754692,3471468691381,7,2.72774,4,8.683e+08,1,0,
172,2,2660016444764,2661826878088,12,-2.68083,2,8.683e+08,1,0,
172,3,2660016444764,2661826879204,12,-2.68083,2,8.683e+08,0,1,
69,2,2959196326437,2959443111396,9,-1.92718,4,8.683e+08,1,0,
316,1,2881559348992,2881806133837,9,-5.5757,4,8.685e+08,1,0,
316,3,2881559348992,2881806133832,9,-12.0269,4,8.685e+08,1,0,
176,1,2220487872267,2220940481172,10,-11.3068,2,8.685e+08,1,0,
176,2,2220487872267,2220940481295,10,3.1911,2,8.685e+08,1,0,
157,1,2063650439884,2063897224715,9,-0.764251,2,8.685e+08,1,0,
157,3,2063650439884,2063897225488,9,-5.06474,2,8.685e+08,1,0,
125,1,1846823040977,1847069825668,9,-9.87492,4,8.683e+08,1,0,
186,1,1850245614327,1850698223691,10,-13.7632,2,8.685e+08,1,0,
182,1,1844595591593,1846406026428,12,-6.54059,4,8.683e+08,1,0,
182,3,1844595591593,1846406025333,12,-16.6587,4,8.683e+08,1,0,
219,3,1842438067387,1842510003964,7,0,4,8.683e+08,0,1,
264,1,1847613503496,1847685439841,7,-3.58768,2,8.683e+08,1,0,
368,2,2236876509604,2236948446178,7,-0.449233,2,8.683e+08,1,0,
241,2,3395808912674,3396261522212,10,0,4,8.681e+08,0,1,
241,3,3395808912674,3396261522716,10,-14.6981,4,8.681e+08,1,0,
363,1,3256539947439,3256786732178,9,-7.94742,4,8.683e+08,1,0,
22,1,2321703854896,2323514288254,12,-7.18852,4,8.685e+08,1,0,
22,3,2321703854896,2323514289309,12,-20.9225,4,8.685e+08,1,0,
286,2,2328946470031,2329080102635,8,-9.66981,4,8.681e+08,1,0,
286,3,2328946470031,2329080102820,8,-1.82504,4,8.681e+08,1,0,
28,2,2065196561079,2066183698414,11,3.17634,2,8.683e+08,1,0,
28,3,2065196561079,2066183699435,11,-9.76611,2,8.683e+08,1,0,
20,1,3024833983908,3025080770197,9,-4.49654,4,8.683e+08,1,0,
20,2,3024833983908,3025080768822,9,0.949662,4,8.683e+08,1,0,
20,3,3024833983908,3025080769229,9,-4.64481,4,8.683e+08,1,0,
94,2,3023290600809,3023743210840,10,-15.2332,4,8.683e+08,1,0,
396,1,1850448761021,1850520697436,7,-7.28197,4,8.685e+08,1,0,
396,2,1850448761021,1850520698393,7,-7.88167,4,8.685e+08,1,0,
61,3,1848719596823,1848853230561,8,-9.25687,4,8.685e+08,1,0,
129,1,2598528528368,2598600464857,7,4.50612,2,8.683e+08,1,0,
129,3,2598528528368,2598600465066,7,13.1904,2,8.683e+08,1,0,
83,2,1846193650961,1847180788143,11,-5.3983,2,8.685e+08,1,0,
83,3,1846193650961,1847180789083,11,-16.7188,2,8.685e+08,1,0,
235,1,1866181513625,1866634123878,10,-13.058,4,8.685e+08,1,0,
235,2,1866181513625,1866634122475,10,0.195954,4,8.685e+08,1,0,
235,3,1866181513625,1866634122936,10,-8.76909,4,8.685e+08,1,0,
287,1,3594655650572,3595642788790,11,0,2,8.683e+08,0,1,
58,1,2618983979349,2619230765042,9,-12.0704,2,8.683e+08,1,0,
58,2,2618983979349,2619230764102,9,-0.0275718,2,8.683e+08,1,0,
58,3,2618983979349,2619230765067,9,6.58035,2,8.683e+08,1,0,
227,2,3304765829624,3304837766128,7,2.1425,2,8.683e+08,1,0,
197,1,3304120923129,3305108060706,11,-8.12141,4,8.683e+08,1,0,
197,3,3304120923129,3305108060217,11,-15.4887,4,8.683e+08,1,0,
322,1,2996784894964,2996856831491,7,-5.18634,2,8.683e+08,1,0,
322,3,2996784894964,2996856831643,7,-0.692733,2,8.683e+08,1,0,
394,2,2413636478316,2414089087426,10,17.3318,4,8.683e+08,1,0,
394,3,2413636478316,2414089087254,10,0,4,8.683e+08,0,1,
165,1,2418474490118,2418546426580,7,-9.05798,4,8.683e+08,1,0,
315,1,2697220112262,2699030545953,12,-14.231,4,8.681e+08,1,0,
315,2,2697220112262,2699030545682,12,-8.45741,4,8.681e+08,1,0,
315,3,2697220112262,2699030546407,12,-10.6483,4,8.681e+08,1,0,
314,1,2595140664342,2595593273623,10,15.0645,2,8.683e+08,1,0,
314,2,2595140664342,2595593274207,10,15.0645,2,8.683e+08,0,1,
314,3,2595140664342,2595593273032,10,6.91593,2,8.683e+08,1,0,
19,2,1849369924777,1850357062077,11,-3.04819,2,8.685e+08,1,0,
19,3,1849369924777,1850357061921,11,0,2,8.685e+08,0,1,
324,1,1847832861889,1849643295540,12,0,2,8.685e+08,0,1,
324,2,1847832861889,1849643296178,12,-21.0974,2,8.685e+08,1,0,
187,2,1870215114278,1870667723340,10,-0.1454,4,8.685e+08,1,0,
58,1,2324695552172,2324942337865,9,-14.3973,2,8.685e+08,1,0,
58,3,2324695552172,2324942337890,9,-1.9946,2,8.685e+08,1,0,
15,3,3291939888666,3292073521449,8,-2.2559,2,8.681e+08,1,0,
106,2,3294161887254,3295149024358,11,-6.39981,4,8.681e+08,1,0,
106,3,3294161887254,3295149025318,11,-4.76744,4,8.681e+08,1,0,
94,2,3416250223226,3416702833257,10,-3.13701,4,8.683e+08,1,0,
94,3,3416250223226,3416702833387,10,-4.34259,4,8.683e+08,1,0,
21,1,3209470321041,3209717105702,9,-0.616622,2,8.683e+08,1,0,
21,2,3209470321041,3209717106240,9,-10.1971,2,8.683e+08,1,0,
21,3,3209470321041,3209717106301,9,1.6393,2,8.683e+08,1,0,
191,1,2312699055644,2313151665888,10,-12.1011,4,8.685e+08,1,0,
191,2,2312699055644,2313151664582,10,11.7684,4,8.685e+08,1,0,
109,2,2304993049453,2305064985676,7,-0.239074,2,8.683e+08,1,0,
109,3,2304993049453,2305064986827,7,-6.73473,2,8.683e+08,1,0,
214,3,2614802861825,2614874797882,7,16.6248,4,8.683e+08,1,0,
25,1,1852940213641,1853392822671,10,-13.1777,4,8.685e+08,1,0,
25,2,1852940213641,1853392824103,10,-6.84459,4,8.685e+08,1,0,
141,2,1858469005804,1858540943090,7,3.18696,4,8.685e+08,1,0,
141,3,1858469005804,1858540942985,7,-1.45596,4,8.685e+08,1,0,
164,2,1864219429166,1864672039626,10,-10.6419,4,8.683e+08,1,0,
319,2,1852230269875,1854040703499,12,-0.853835,2,8.685e+08,1,0,
319,3,1852230269875,1854040704512,12,-17.017,2,8.685e+08,1,0,
202,2,1945225949915,1947036383417,12,-21.1525,4,8.683e+08,1,0,
227,2,1853143218329,1853215154833,7,1.37673,2,8.685e+08,1,0,
31,3,1856474152797,1856607786034,8,-11.1473,2,8.683e+08,1,0,
153,1,1854164450497,1854411235252,9,-1.06551,2,8.685e+08,1,0,
153,3,1854164450497,1854411236291,9,-1.06551,2,8.685e+08,0,1,
153,3,1878842850507,1879089636301,9,2.8495,2,8.683e+08,1,0,
232,1,1854011596247,1854258381451,9,-11.7653,4,8.683e+08,1,0,
232,2,1854011596247,1854258382069,9,-13.8128,4,8.683e+08,1,0,
402,2,1857422522349,1857556154926,8,-4.0378,4,8.681e+08,1,0,
389,1,1856580047523,1857032657533,10,1.74436,4,8.683e+08,1,0,
389,2,1856580047523,1857032656530,10,0,4,8.683e+08,0,1,
371,2,1861525605979,1861978216110,10,-10.3852,4,8.683e+08,1,0,
130,3,1857732521298,1859542956106,12,0,2,8.683e+08,0,1,
60,3,1864040954201,1864287739178,9,-5.56502,2,8.685e+08,1,0,
251,1,1862522401222,1863509538537,11,-18.1397,2,8.683e+08,1,0,
251,3,1862522401222,1863509538540,11,-7.46605,2,8.683e+08,1,0,
336,1,1954064180778,1955874615404,12,-16.6178,2,8.683e+08,1,0,
336,2,1954064180778,1955874614460,12,-19.5309,2,8.683e+08,1,0,
336,3,1954064180778,1955874615534,12,-21.1319,2,8.683e+08,1,0,
183,1,1861469960880,1861716745658,9,-2.46995,2,8.685e+08,1,0,
183,2,1861469960880,1861716747146,9,-7.90298,2,8.685e+08,1,0,
120,3,1864613723222,1864747356886,8,-9.85852,2,8.683e+08,1,0,
327,1,1883127619143,1883374404250,9,5.98026,2,8.683e+08,1,0,
335,1,1873461069585,1873533006803,7,9.93372,2,8.683e+08,1,0,
343,2,1870445774856,1870579407548,8,-6.46742,2,8.683e+08,1,0,
343,3,1870445774856,1870579407622,8,-6.23776,2,8.683e+08,1,0,
42,2,1870218108744,1870290045139,7,-1.26092,4,8.685e+08,1,0,
166,1,1876831165081,1876903102391,7,4.99603,4,8.681e+08,1,0,
166,2,1876831165081,1876903101872,7,0.500016,4,8.681e+08,1,0,
166,3,1876831165081,1876903101479,7,11.7915,4,8.681e+08,1,0,
351,3,1873250027247,1875060460470,12,0,4,8.681e+08,0,1,
15,2,1873333093725,1873466727241,8,-6.91151,2,8.683e+08,1,0,
15,3,1873333093725,1873466726508,8,2.66762,2,8.683e+08,1,0,
61,1,1885655001916,1885788635859,8,-5.5468,4,8.685e+08,1,0,
61,2,1885655001916,1885788634517,8,-11.8561,4,8.685e+08,1,0,
170,1,1879682645291,1880669783376,11,-15.7977,2,8.681e+08,1,0,
170,3,1879682645291,1880669782350,11,-8.41804,2,8.681e+08,1,0,
163,2,1875632039823,1877442473144,12,-17.275,4,8.685e+08,1,0,
163,3,1875632039823,1877442473374,12,-17.275,4,8.685e+08,0,1,
227,2,1885076727282,1885148663786,7,-3.60088,2,8.685e+08,1,0,
335,2,1887336254822,1887408191465,7,-6.30745,4,8.681e+08,1,0,
79,1,1884230901206,1884302837313,7,4.91337,4,8.683e+08,1,0,
79,3,1884230901206,1884302838350,7,-4.13283,4,8.683e+08,1,0,
172,1,1889265388398,1891075822843,12,-17.1311,2,8.685e+08,1,0,
172,2,1889265388398,1891075821722,12,-9.0885,2,8.685e+08,1,0,
144,1,1888767128333,1889013914131,9,-8.43532,4,8.681e+08,1,0,
144,3,1888767128333,1889013913017,9,-5.37396,4,8.681e+08,1,0,
116,1,1896784323185,1897031108676,9,-6.65945,4,8.681e+08,1,0,
116,2,1896784323185,1897031108048,9,-0.763335,4,8.681e+08,1,0,
386,2,1894206332779,1894278268960,7,11.8263,4,8.683e+08,1,0,
111,2,1886054509186,1887864942685,12,0,4,8.683e+08,0,1,
283,3,1896711028189,1896782964744,7,1.00594,2,8.681e+08,1,0,
127,2,1889003486513,1889137119386,8,5.64888,2,8.681e+08,1,0,
127,3,1889003486513,1889137119311,8,-10.8159,2,8.681e+08,1,0,
319,1,2033273469885,2035083904307,12,-5.34373,2,8.683e+08,1,0,
319,2,2033273469885,2035083903509,12,-21.0309,2,8.683e+08,1,0,
319,3,2033273469885,2035083904522,12,-13.7663,2,8.683e+08,1,0,
158,1,1888212898515,1888284835637,7,-0.901168,4,8.685e+08,1,0,
158,2,1888212898515,1888284835159,7,-3.89281,4,8.685e+08,1,0,
107,1,1891669307430,1891916093309,9,-7.90327,2,8.683e+08,1,0,
107,2,1891669307430,1891916092264,9,-11.1543,2,8.683e+08,1,0,
186,1,1897544162513,1897996771877,10,-7.53358,2,8.685e+08,1,0,
186,3,1897544162513,1897996773040,10,0.76468,2,8.685e+08,1,0,
384,1,1891893582806,1892140367376,9,-9.62826,2,8.685e+08,1,0,
361,1,1895500638023,1896487776186,11,-15.5943,4,8.685e+08,1,0,
361,2,1895500638023,1896487774866,11,-13.7438,4,8.685e+08,1,0,
361,3,1895500638023,1896487775214,11,-0.447997,4,8.685e+08,1,0,
221,1,1901705199009,1901777135186,7,11.4111,4,8.681e+08,1,0,
221,2,1901705199009,1901777136698,7,2.01064,4,8.681e+08,1,0,
384,1,1916571982816,1916818767386,9,0,2,8.683e+08,0,1,
384,2,1916571982816,1916818768675,9,-9.88016,2,8.683e+08,1,0,
384,3,1916571982816,1916818768496,9,-10.1871,2,8.683e+08,1,0,
178,3,1899636070151,1899882854723,9,0,2,8.685e+08,0,1,
116,3,1921462723195,1921709508859,9,-11.8197,4,8.681e+08,1,0,
82,3,1901054120157,1901126057151,7,1.88788,4,8.685e+08,1,0,
284,2,1898687634809,1900498068057,12,0,4,8.685e+08,0,1,
284,3,1898687634809,1900498068323,12,0,4,8.685e+08,0,1,
147,1,1902019173545,1903829606951,12,0,4,8.683e+08,0,1,
147,2,1902019173545,1903829608045,12,-9.98991,4,8.683e+08,1,0,
198,1,1910290639481,1910743248413,10,-8.87241,2,8.685e+08,1,0,
198,2,1910290639481,1910743249202,10,-3.09798,2,8.685e+08,1,0,
198,3,1910290639481,1910743249334,10,-3.09798,2,8.685e+08,0,1,
32,1,1907355544113,1908342681251,11,-14.9857,4,8.683e+08,1,0,
32,3,1907355544113,1908342682144,11,-13.9082,4,8.683e+08,1,0,
72,2,1905041173283,1905493783658,10,5.51616,4,8.685e+08,1,0,
6,3,1904052529314,1904124465803,7,12.2545,2,8.683e+08,1,0,
386,2,1916120279199,1916192215380,7,-0.624816,4,8.685e+08,1,0,
297,1,1904496758024,1904568694377,7,4.17953,4,8.685e+08,1,0,
290,1,1905293080963,1905365018144,7,0.793733,4,8.683e+08,1,0,
290,3,1905293080963,1905365017052,7,29.4328,4,8.683e+08,1,0,
46,1,1904709897817,1904781833981,7,9.79291,4,8.681e+08,1,0,
46,3,1904709897817,1904781835160,7,4.51192,4,8.681e+08,1,0,
108,3,1907270152153,1907342088868,7,1.52705,4,8.683e+08,1,0,
59,1,1935745702790,1937556136372,12,0,4,8.685e+08,0,1,
59,2,1935745702790,1937556136807,12,-9.71794,4,8.685e+08,1,0,
59,3,1935745702790,1937556137210,12,-15.2188,4,8.685e+08,1,0,
19,3,1948083524787,1949070661931,11,-3.30513,2,8.685e+08,1,0,
382,1,1910473570888,1910545507334,7,-2.33429,4,8.683e+08,1,0,
382,3,1910473570888,1910545508078,7,-2.33429,4,8.683e+08,0,1,
232,3,1910615891517,1910862676172,9,0,4,8.681e+08,0,1,
28,2,1910958085905,1911945223240,11,-9.78015,2,8.683e+08,1,0,
28,3,1910958085905,1911945224261,11,-9.78015,2,8.683e+08,0,1,
372,1,1917251698555,1918238836169,11,-2.65118,4,8.683e+08,0,1,
372,2,1917251698555,1918238836692,11,-7.92705,4,8.683e+08,1,0,
372,3,1917251698555,1918238835517,11,-2.65118,4,8.683e+08,1,0,
33,1,1925936158163,1926388768321,10,-10.9305,2,8.685e+08,1,0,
33,2,1925936158163,1926388767182,10,5.41155,2,8.685e+08,1,0,
33,3,1925936158163,1926388768283,10,-5.61056,2,8.685e+08,1,0,
368,1,1916455578486,1916527515583,7,-3.90819,2,8.685e+08,1,0,
368,2,1916455578486,1916527515060,7,-4.55821,2,8.685e+08,1,0,
368,3,1916455578486,1916527515316,7,-8.73579,2,8.685e+08,1,0,
342,1,1914327676770,1914780285858,10,-1.57564,4,8.683e+08,1,0,
342,2,1914327676770,1914780286185,10,-9.44568,4,8.683e+08,1,0,
395,1,1913192814477,1913326447217,8,-5.13443,4,8.685e+08,1,0,
395,3,1913192814477,1913326447412,8,13.4434,4,8.685e+08,1,0,
154,1,1919802123478,1919935756135,8,-5.23805,4,8.681e+08,1,0,
154,2,1919802123478,1919935756652,8,-9.2019,4,8.681e+08,1,0,
154,3,1919802123478,1919935756705,8,-4.54718,4,8.681e+08,1,0,
65,2,1921011058224,1921082994575,7,0,2,8.685e+08,0,1,
65,3,1921011058224,1921082995265,7,4.22527,2,8.685e+08,1,0,
229,2,1920308231235,1920380167266,7,0,2,8.683e+08,0,1,
24,2,1919894243836,1919966180104,7,-2.51337,2,8.685e+08,1,0,
9,3,1922531634586,1922984243438,10,0,2,8.685e+08,0,1,
179,1,1926671669967,1927124279277,10,-15.2885,4,8.683e+08,1,0,
179,3,1926671669967,1927124279395,10,-1.50229,4,8.683e+08,1,0,
17,2,1996285614502,1998096048318,12,-20.3997,2,8.683e+08,1,0,
374,1,1921859398406,1921931335528,7,-2.50528,4,8.683e+08,1,0,
374,2,1921859398406,1921931335472,7,0.570817,4,8.683e+08,1,0,
374,3,1921859398406,1921931334538,7,-7.79986,4,8.683e+08,1,0,
53,3,1925438969795,1925510906340,7,11.3121,4,8.685e+08,1,0,
298,2,1927138992853,1927272625395,8,-1.73593,4,8.681e+08,1,0,
279,2,1924908361793,1925895499906,11,-3.70599,4,8.685e+08,1,0,
228,2,1924716335464,1926526768662,12,-13.5732,2,8.683e+08,1,0,
228,3,1924716335464,1926526769835,12,-12.3791,2,8.683e+08,1,0,
363,1,1929845127160,1930091911899,9,-4.26832,4,8.681e+08,1,0,
349,1,1927278388387,1927525173507,9,-12.9611,2,8.683e+08,1,0,
80,1,1935430832126,1935677616831,9,-9.42955,2,8.683e+08,1,0,
80,3,1935430832126,1935677617157,9,-6.49898,2,8.683e+08,1,0,
217,2,1931707075386,1932159684373,10,-11.266,4,8.685e+08,1,0,
217,3,1931707075386,1932159684878,10,1.29982,4,8.685e+08,1,0,
401,1,1929709019151,1929842651686,8,1.42549,2,8.681e+08,1,0,
183,1,1933965315616,1934212100394,9,-14.0094,2,8.683e+08,1,0,
183,3,1933965315616,1934212101573,9,-0.816909,2,8.683e+08,1,0,
178,1,1955850565173,1956097349794,9,-4.75139,2,8.685e+08,1,0,
178,2,1955850565173,1956097350564,9,-12.741,2,8.685e+08,1,0,
133,1,1938554344099,1938626280289,7,-2.02806,2,8.685e+08,1,0,
390,3,1958629688922,1958701625059,7,4.33128,4,8.681e+08,1,0,
318,2,1940440763398,1942251196682,12,-19.0774,4,8.683e+08,1,0,
318,3,1940440763398,1942251197857,12,-11.1389,4,8.683e+08,1,0,
263,2,1962020488386,1962154120866,8,-10.9706,4,8.681e+08,1,0,
263,3,1962020488386,1962154121133,8,5.9902,4,8.681e+08,1,0,
51,2,1941830479065,1942283088357,10,-0.595168,4,8.685e+08,1,0,
267,1,1938089795434,1939076932662,11,-16.0591,2,8.685e+08,1,0,
267,3,1938089795434,1939076933320,11,-16.8836,2,8.685e+08,1,0,
170,2,1978396245301,1979383382205,11,-15.3009,2,8.685e+08,1,0,
170,3,1978396245301,1979383382360,11,-16.6982,2,8.685e+08,1,0,
206,1,2041543187878,2043353621468,12,-1.4149,2,8.685e+08,1,0,
206,2,2041543187878,2043353621598,12,-8.88461,2,8.685e+08,1,0,
271,3,2021876116140,2023686550638,12,-19.7357,4,8.683e+08,1,0,
183,1,1958643715626,1958890500404,9,-10.6114,2,8.685e+08,1,0,
11,1,1953948105808,1954400715740,10,-16.249,4,8.683e+08,1,0,
155,1,1973501973450,1975312407653,12,-14.1632,2,8.683e+08,1,0,
155,2,1973501973450,1975312407114,12,-14.2413,2,8.683e+08,1,0,
121,3,2021389014005,2022376151303,11,-10.8398,4,8.683e+08,1,0,
120,2,1962291521608,1962425154127,8,-8.97357,2,8.685e+08,1,0,
120,3,1962291521608,1962425155272,8,-2.02693,2,8.685e+08,1,0,
172,1,2070308588408,2072119022853,12,-21.2804,2,8.685e+08,1,0,
403,1,1958484403579,1958556341036,7,-6.54437,4,8.685e+08,1,0,
403,2,1958484403579,1958556339919,7,5.18635,4,8.685e+08,1,0,
403,3,1958484403579,1958556340817,7,-7.65543,4,8.685e+08,1,0,
245,3,1985117551096,1985364336898,9,-8.62697,4,8.685e+08,1,0,
258,1,2032987992183,2034798425729,12,-13.7332,4,8.685e+08,1,0,
225,1,1961605576784,1961677513011,7,-0.259994,2,8.685e+08,1,0,
225,3,1961605576784,1961677513802,7,-8.13621,2,8.685e+08,1,0,
99,1,1964485678591,1965472815721,11,-12.4129,2,8.685e+08,1,0,
99,3,1964485678591,1965472816862,11,-8.49635,2,8.685e+08,1,0,
298,2,1974885769443,1975019401985,8,-5.65861,2,8.683e+08,1,0,
50,1,1971521683808,1971974292640,10,-14.6615,2,8.685e+08,1,0,
152,2,1972853826069,1973306434950,10,-10.5438,4,8.685e+08,1,0,
152,3,1972853826069,1973306436027,10,-1.57689,4,8.685e+08,1,0,
27,3,1991048988393,1991182621052,8,-3.80948,4,8.683e+08,1,0,
185,1,1980689179964,1980935965433,9,-9.53657,2,8.685e+08,1,0,
185,2,1980689179964,1980935964493,9,-6.7903,2,8.685e+08,1,0,
185,3,1980689179964,1980935965370,9,0.848069,2,8.685e+08,1,0,
125,1,1979787733250,1980034517941,9,9.0678,4,8.685e+08,1,0,
125,2,1979787733250,1980034518819,9,-10.9731,4,8.685e+08,1,0,
381,1,1978955627214,1979202412178,9,-4.18831,2,8.683e+08,1,0,
381,2,1978955627214,1979202412424,9,-12.1864,2,8.683e+08,1,0,
242,3,1976031967949,1977842402221,12,0,2,8.683e+08,0,1,
96,1,1986852106535,1986924043677,7,3.11118,4,8.685e+08,1,0,
96,3,1986852106535,1986924043124,7,-3.8488,4,8.685e+08,1,0,
318,1,2121483963408,2123294398069,12,0,4,8.685e+08,0,1,
118,1,1981064724701,1981517333761,10,0,4,8.685e+08,0,1,
118,2,1981064724701,1981517334315,10,-14.8573,4,8.685e+08,1,0,
118,3,1981064724701,1981517334574,10,-13.0082,4,8.685e+08,1,0,
82,1,1982149902837,1982221839246,7,-1.15181,4,8.685e+08,1,0,
42,1,1984780133983,1984852071276,7,-6.15877,4,8.683e+08,1,0,
42,2,1984780133983,1984852070378,7,-6.82938,4,8.683e+08,1,0,
98,2,1990134890199,1990206826404,7,28.3727,2,8.685e+08,1,0,
239,1,1988974090696,1989046026880,7,-8.28125,4,8.681e+08,1,0,
239,3,1988974090696,1989046027995,7,-2.0979,4,8.681e+08,1,0,
205,3,2006155711901,2006402497377,9,0,2,8.685e+08,0,1,
151,2,1985752739374,1985824675827,7,-5.2952,4,8.683e+08,1,0,
329,1,1987161759849,1987233695981,7,20.2057,4,8.685e+08,1,0,
329,2,1987161759849,1987233697436,7,-8.37299,4,8.685e+08,1,0,
250,2,1991865565373,1991937503194,7,2.6257,2,8.685e+08,1,0,
350,1,1987319524126,1987566308982,9,-10.5125,2,8.685e+08,1,0,
350,3,1987319524126,1987566310078,9,-2.93315,2,8.685e+08,1,0,
109,2,1990948205797,1991020142020,7,4.87058,2,8.685e+08,1,0,
109,3,1990948205797,1991020143171,7,0.594224,2,8.685e+08,1,0,
164,1,1991068982118,1991521590911,10,0.820496,4,8.681e+08,1,0,
192,1,1991300504209,1991547289011,9,0.225785,2,8.683e+08,1,0,
168,1,1997358603952,1997430540331,7,14.0462,4,8.681e+08,1,0,
152,2,2018114626079,2018567234960,10,-0.0763999,4,8.683e+08,1,0,
152,3,2018114626079,2018567236037,10,-9.47311,4,8.683e+08,1,0,
131,1,2021659207977,2021792841099,8,0.407868,2,8.683e+08,1,0,
131,2,2021659207977,2021792840734,8,5.3611,2,8.683e+08,0,1,
131,3,2021659207977,2021792840438,8,5.3611,2,8.683e+08,1,0,
361,2,1997668028762,1998655165605,11,-8.16278,4,8.685e+08,1,0,
361,3,1997668028762,1998655165953,11,-19.1505,4,8.685e+08,1,0,
160,1,2004984135825,2005230920642,9,0.56894,2,8.683e+08,1,0,
160,3,2004984135825,2005230920330,9,-7.86967,2,8.683e+08,1,0,
56,1,2000052183575,2000504793779,10,-11.7855,4,8.685e+08,1,0,
56,3,2000052183575,2000504792600,10,-16.5922,4,8.685e+08,1,0,
386,2,2007417308907,2007489245088,7,6.12817,4,8.683e+08,1,0,
247,1,2141049016358,2141501626518,10,-14.3038,2,8.683e+08,1,0,
247,2,2141049016358,2141501625207,10,-6.43031,2,8.683e+08,1,0,
247,3,2141049016358,2141501626354,10,-6.43031,2,8.683e+08,0,1,
351,2,2136033346246,2137843779902,12,-5.27956,4,8.685e+08,1,0,
309,1,2137255778816,2137389411793,8,-3.68651,2,8.685e+08,1,0,
309,3,2137255778816,2137389411271,8,7.15694,2,8.685e+08,1,0,
57,2,2134939811872,2135073444292,8,13.8119,2,8.685e+08,1,0,
57,3,2134939811872,2135073444804,8,-6.08432,2,8.685e+08,1,0,
212,1,2187379099941,2189189533779,12,-16.0032,2,8.683e+08,1,0,
212,2,2187379099941,2189189533172,12,-17.8267,2,8.683e+08,1,0,
364,1,2140990848693,2141062784894,7,10.6321,4,8.685e+08,1,0,
75,1,2632316638563,2632563423388,9,-4.50922,4,8.685e+08,1,0,
75,2,2632316638563,2632563423713,9,-8.62572,4,8.685e+08,1,0,
42,2,3493746344857,3493818281252,7,-6.45686,4,8.683e+08,1,0,
42,3,3493746344857,3493818281905,7,-6.81079,4,8.683e+08,1,0,
121,1,3486532131846,3487519269022,11,-1.71747,4,8.681e+08,1,0,
352,2,2358522857797,2358975466500,10,-13.4581,4,8.685e+08,1,0,
270,1,3566284825260,3566531610215,9,12.8072,2,8.685e+08,1,0,
270,3,3566284825260,3566531610212,9,-2.76457,2,8.685e+08,1,0,
306,1,3565997082770,3566069019104,7,7.21151,4,8.683e+08,1,0,
197,1,2485704502122,2486691639699,11,-14.4706,4,8.683e+08,1,0,
197,2,2485704502122,2486691640389,11,-14.4706,4,8.683e+08,0,1,
197,3,2485704502122,2486691639210,11,0.583451,4,8.683e+08,1,0,
20,3,2412696009040,2412942794361,9,-11.7261,4,8.683e+08,1,0,
328,2,2414521214130,2415508351405,11,-18.0139,4,8.681e+08,1,0,
328,3,2414521214130,2415508351362,11,-15.7991,4,8.681e+08,1,0,
135,2,2670075826206,2670322611080,9,-11.8297,2,8.683e+08,1,0,
135,3,2670075826206,2670322612224,9,-6.69804,2,8.683e+08,1,0,
371,1,3223381354087,3223833963401,10,7.34481,4,8.683e+08,1,0,
371,3,3223381354087,3223833963058,10,0,4,8.683e+08,0,1,
375,2,2985360462618,2985813071762,10,-11.4636,4,8.685e+08,1,0,
20,2,2145173619187,2145420404101,9,-12.025,4,8.685e+08,1,0,
211,2,2138104482608,2139091619953,11,-16.2498,4,8.683e+08,1,0,
211,3,2138104482608,2139091619959,11,-17.7531,4,8.683e+08,1,0,
51,2,2138895367030,2139347976322,10,-10.9678,4,8.683e+08,1,0,
368,2,2146066063872,2146138000446,7,8.85906,2,8.683e+08,1,0,
132,1,2138992558949,2139064496647,7,-2.20184,2,8.683e+08,1,0,
132,2,2138992558949,2139064495202,7,13.8068,2,8.683e+08,1,0,
347,1,2478131230469,2479941664123,12,-9.73657,2,8.683e+08,1,0,
347,2,2478131230469,2479941664945,12,-12.9302,2,8.683e+08,1,0,
253,3,2340115746923,2340568357034,10,0,2,8.685e+08,0,1,
178,1,2698928721255,2699175505876,9,-0.250121,4,8.681e+08,1,0,
178,3,2698928721255,2699175505827,9,-3.19907,4,8.681e+08,1,0,
382,1,2687935911141,2688007847587,7,-2.35959,4,8.683e+08,1,0,
204,1,3574824991553,3574896927652,7,19.2663,4,8.683e+08,1,0,
48,2,3582339014886,3582585799759,9,-8.36467,4,8.685e+08,1,0,
268,1,2978976747311,2980787181748,12,-2.54387,2,8.683e+08,1,0,
268,2,2978976747311,2980787180450,12,3.14611,2,8.683e+08,1,0,
280,1,2596297732131,2597284870560,11,-0.410064,2,8.681e+08,1,0,
280,2,2596297732131,2597284869501,11,0.0777749,2,8.681e+08,1,0,
327,1,2157218817396,2157465602503,9,1.37898,2,8.683e+08,1,0,
327,3,2157218817396,2157465602986,9,-4.96957,2,8.683e+08,1,0,
315,3,2143874933125,2145685367270,12,-6.58186,2,8.685e+08,1,0,
111,2,2144020817360,2145831250859,12,2.90735,4,8.683e+08,1,0,
111,3,2144020817360,2145831250939,12,-17.7913,4,8.683e+08,1,0,
177,2,3041600031514,3041671968885,7,-6.28694,4,8.685e+08,1,0,
177,3,3041600031514,3041671967714,7,-1.03953,4,8.685e+08,1,0,
322,1,2394924171764,2394996108291,7,-6.92171,2,8.685e+08,1,0,
322,3,2394924171764,2394996108443,7,1.70462,2,8.685e+08,1,0,
6,3,3395508767152,3395580703641,7,7.66372,2,8.683e+08,1,0,
10,1,3020539201300,3020785986227,9,-2.5724,4,8.681e+08,1,0,
10,3,3020539201300,3020785986373,9,-8.31465,4,8.681e+08,1,0,
338,2,3586048011910,3586294798258,9,0,4,8.683e+08,0,1,
14,1,3181832447906,3181966081320,8,-5.56021,2,8.681e+08,1,0,
14,3,3181832447906,3181966080583,8,3.2686,2,8.681e+08,1,0,
323,1,2313712087656,2315522521232,12,-11.5423,2,8.683e+08,1,0,
323,2,2313712087656,2315522522047,12,-11.5423,2,8.683e+08,0,1,
90,2,2152765212390,2153011998021,9,-8.65077,2,8.683e+08,1,0,
43,2,2205280860868,2207091295547,12,-10.1091,4,8.683e+08,1,0,
150,2,2251172210905,2251305843958,8,-5.33722,2,8.683e+08,1,0,
216,1,2228060558383,2228513168844,10,-16.7768,2,8.685e+08,1,0,
216,2,2228060558383,2228513167600,10,-12.391,2,8.685e+08,1,0,
251,1,2155034141474,2156021278789,11,-7.19746,2,8.685e+08,1,0,
251,2,2155034141474,2156021279904,11,-8.53769,2,8.685e+08,1,0,
251,3,2155034141474,2156021278792,11,-18.0381,2,8.685e+08,1,0,
207,2,2162560186679,2163547324172,11,-0.971114,4,8.685e+08,1,0,
60,1,2158770918021,2159017702602,9,7.53466,2,8.683e+08,1,0,
60,2,2158770918021,2159017703885,9,-11.6196,2,8.683e+08,1,0,
60,3,2158770918021,2159017702998,9,-9.73939,2,8.683e+08,1,0,
131,2,2154175702179,2154309334936,8,-0.752715,2,8.683e+08,1,0,
131,3,2154175702179,2154309334640,8,10.2831,2,8.683e+08,1,0,
352,2,2151145156694,2151597765397,10,0,4,8.681e+08,0,1,
133,1,2151340776508,2151412712698,7,3.22051,2,8.685e+08,1,0,
154,1,2152958661220,2153092293877,8,5.83774,4,8.683e+08,1,0,
154,3,2152958661220,2153092294447,8,3.41885,4,8.683e+08,1,0,
169,2,3256630024710,3256876809371,9,0,4,8.683e+08,0,1,
169,3,3256630024710,3256876810549,9,9.92166,4,8.683e+08,1,0,
156,2,3181626285357,3181873070333,9,-13.4754,4,8.681e+08,1,0,
302,1,2672168638911,2672240575360,7,-2.97903,4,8.683e+08,1,0,
248,2,2666199177156,2666332809752,8,-4.09038,2,8.683e+08,1,0,
166,2,2889367311003,2889439247794,7,-8.95486,4,8.683e+08,1,0,
166,3,2889367311003,2889439247401,7,13.6924,4,8.683e+08,1,0,
26,2,3002981000837,3003052937536,7,11.8513,4,8.683e+08,1,0,
373,1,3019909343597,3020361953010,10,-12.8331,2,8.685e+08,1,0,
373,3,3019909343597,3020361952906,10,-4.5601,2,8.685e+08,1,0,
403,2,3006669147157,3006741083497,7,1.82239,4,8.683e+08,1,0,
397,1,3255433552063,3255680336865,9,-8.25243,2,8.683e+08,1,0,
342,1,2254232636430,2254685245518,10,-16.6388,4,8.681e+08,1,0,
342,2,2254232636430,2254685245845,10,0.403718,4,8.681e+08,1,0,
342,3,2254232636430,2254685246196,10,-6.19731,4,8.681e+08,1,0,
104,1,3185696446881,3185830079423,8,11.0019,4,8.683e+08,1,0,
104,3,3185696446881,3185830079618,8,0.927918,4,8.683e+08,1,0,
20,2,2169852019197,2170098804111,9,6.70982,4,8.683e+08,1,0,
20,3,2169852019197,2170098804518,9,-0.155318,4,8.683e+08,1,0,
42,1,2159602059217,2159673996510,7,1.81479,4,8.685e+08,1,0,
42,2,2159602059217,2159673995612,7,17.6179,4,8.685e+08,1,0,
197,1,2160997140726,2161984278303,11,-18.3468,4,8.683e+08,1,0,
197,3,2160997140726,2161984277814,11,-6.91995,4,8.683e+08,1,0,
301,1,2805372360772,2805619145431,9,1.23314,4,8.683e+08,1,0,
218,1,2285626824187,2285760456884,8,7.04688,4,8.685e+08,1,0,
218,3,2285626824187,2285760457505,8,-10.2099,4,8.685e+08,1,0,
146,3,3000267769894,3000514554528,9,0,4,8.681e+08,0,1,
288,1,2996369286336,2996616071256,9,-11.3442,2,8.683e+08,1,0,
288,3,2996369286336,2996616071757,9,-9.01688,2,8.683e+08,1,0,
30,1,3505809732144,3507620165529,12,-19.2709,4,8.685e+08,1,0,
95,2,2647427468582,2647499406072,7,-5.12482,4,8.683e+08,1,0,
95,3,2647427468582,2647499404958,7,2.23274,4,8.683e+08,1,0,
76,1,2159538270701,2159610207195,7,-2.89505,4,8.685e+08,1,0,
121,1,2163016998971,2164004136147,11,0,4,8.685e+08,0,1,
261,2,2164621326475,2164693262821,7,-2.43166,2,8.683e+08,1,0,
261,3,2164621326475,2164693263905,7,-9.25413,2,8.683e+08,1,0,
128,1,2169113176237,2170923609679,12,0,4,8.681e+08,0,1,
128,2,2169113176237,2170923610970,12,-18.4462,4,8.681e+08,1,0,
128,3,2169113176237,2170923609896,12,-15.0969,4,8.681e+08,1,0,
161,2,2175043012906,2176030151156,11,-15.1287,2,8.683e+08,1,0,
312,1,2167660421608,2168647559235,11,-16.3204,2,8.683e+08,1,0,
312,3,2167660421608,2168647560384,11,-15.9188,2,8.683e+08,1,0,
13,1,2173315016202,2173386952326,7,11.0561,4,8.685e+08,1,0,
108,1,2166144940046,2166216876522,7,1.29089,4,8.685e+08,1,0,
108,3,2166144940046,2166216876761,7,17.6287,4,8.685e+08,1,0,
338,1,3246913308002,3247160092775,9,5.916,4,8.681e+08,1,0,
338,3,3246913308002,3247160093529,9,1.5674,4,8.681e+08,1,0,
168,1,3000986895368,3001058831747,7,-1.66782,4,8.681e+08,1,0,
340,1,2660452029755,2660585662708,8,-10.5746,4,8.685e+08,1,0,
340,2,2660452029755,2660585663408,8,5.77301,4,8.685e+08,1,0,
340,3,2660452029755,2660585662307,8,-1.03232,4,8.685e+08,1,0,
231,1,2689942903753,2690395512678,10,-14.9928,2,8.683e+08,1,0,
231,2,2689942903753,2690395514005,10,-12.6474,2,8.683e+08,1,0,
63,1,3277391277185,3277638062218,9,0,4,8.685e+08,0,1,
42,3,3413249615233,3413321552281,7,0,4,8.681e+08,0,1,
76,1,3582995555061,3583067491555,7,-3.90227,4,8.685e+08,1,0,
312,1,2658126793669,2659113931296,11,1.76001,4,8.681e+08,1,0,
312,2,2658126793669,2659113932491,11,1.76001,4,8.681e+08,0,1,
134,1,3576585116465,3576718749304,8,2.02245,4,8.681e+08,1,0,
82,1,2168560645350,2168632581759,7,2.22426,4,8.683e+08,1,0,
178,3,2172333627877,2172580412449,9,2.03992,2,8.685e+08,1,0,
380,1,2180224966083,2180296902789,7,-0.260528,4,8.685e+08,1,0,
165,1,2168988918732,2169060855194,7,15.1794,4,8.683e+08,1,0,
306,3,2596736272313,2596808209216,7,14.272,4,8.681e+08,1,0,
174,3,2700820858694,2700954491327,8,-1.02879,2,8.683e+08,1,0,
35,1,3015448207902,3015581840876,8,-1.86157,4,8.683e+08,1,0,
35,2,3015448207902,3015581840598,8,-2.78668,4,8.683e+08,1,0,
35,3,3015448207902,3015581840787,8,3.81262,4,8.683e+08,1,0,
157,1,3014905812940,3015152597771,9,3.34471,2,8.683e+08,1,0,
5,1,3014368963641,3015356101188,11,-9.18227,2,8.683e+08,1,0,
5,3,3014368963641,3015356100786,11,-1.07741,2,8.683e+08,1,0,
37,1,2444178076899,2444630685781,10,-13.1673,4,8.685e+08,1,0,
37,2,2444178076899,2444630686580,10,-4.03172,4,8.685e+08,1,0,
342,2,2173225704580,2173678313995,10,-13.6155,4,8.683e+08,1,0,
342,3,2173225704580,2173678314346,10,-13.6155,4,8.683e+08,0,1,
285,2,2173739617053,2174192225897,10,-14.9012,2,8.683e+08,1,0,
142,1,2175559270489,2175806055556,9,10.813,4,8.683e+08,1,0,
142,3,2175559270489,2175806055856,9,-7.65623,4,8.683e+08,1,0,
326,2,2175339924488,2175411861313,7,-3.75209,4,8.685e+08,1,0,
326,3,2175339924488,2175411860885,7,-4.89938,4,8.685e+08,1,0,
10,1,2181961399537,2182208184464,9,-7.8181,2,8.685e+08,1,0,
225,1,2184105670202,2184177606429,7,12.7199,2,8.683e+08,1,0,
216,1,2175757680098,2176210290559,10,-15.3974,2,8.683e+08,1,0,
216,2,2175757680098,2176210289315,10,-3.89696,2,8.683e+08,1,0,
265,2,2180206855729,2180278793181,7,-8.19794,4,8.681e+08,1,0,
265,3,2180206855729,2180278792386,7,0.148515,4,8.681e+08,1,0,
278,1,2189929354391,2190062987068,8,4.09788,2,8.685e+08,1,0,
278,2,2189929354391,2190062987433,8,-7.97703,2,8.685e+08,1,0,
278,3,2189929354391,2190062987050,8,2.34522,2,8.685e+08,1,0,
74,1,2176274524854,2176346462532,7,-8.39566,2,8.685e+08,1,0,
74,2,2176274524854,2176346461197,7,14.6793,2,8.685e+08,1,0,
74,3,2176274524854,2176346462281,7,-5.00107,2,8.685e+08,1,0,
160,1,2194984943828,2195231728645,9,-7.88452,2,8.683e+08,1,0,
160,3,2194984943828,2195231728333,9,-10.4384,2,8.683e+08,1,0,
67,2,2176248635713,2176701244923,10,-4.77402,4,8.685e+08,1,0,
349,3,2179000901176,2179247686436,9,16.554,2,8.683e+08,1,0,
198,2,2179880463074,2180333072795,10,-10.3711,2,8.683e+08,1,0,
198,3,2179880463074,2180333072927,10,-16.3246,2,8.683e+08,1,0,
68,2,2182227158135,2182679767026,10,6.44856,2,8.681e+08,1,0,
68,3,2182227158135,2182679768187,10,-11.8081,2,8.681e+08,1,0,
84,2,2188667969203,2188739905432,7,12.6763,2,8.685e+08,1,0,
397,1,2193337598937,2193584383739,9,-4.85597,2,8.683e+08,1,0,
397,3,2193337598937,2193584384913,9,-7.03157,2,8.683e+08,1,0,
384,3,2227968504761,2228215290441,9,-11.073,2,8.683e+08,1,0,
90,2,2202122012410,2202368798041,9,-12.6133,4,8.681e+08,1,0,
90,3,2202122012410,2202368797453,9,-11.4599,4,8.681e+08,1,0,
158,3,2195839054603,2195910991744,7,-5.50848,4,8.685e+08,1,0,
6,3,2197814386121,2197886322610,7,3.88683,4,8.681e+08,1,0,
112,1,2203953755550,2204025692839,7,-0.733092,4,8.685e+08,1,0,
137,2,2199404738009,2199538371001,8,0.877274,4,8.683e+08,1,0,
384,1,2203290104751,2203536889321,9,0.482606,2,8.685e+08,1,0,
145,1,2204735875680,2206546310394,12,-17.8363,2,8.683e+08,0,1,
145,3,2204735875680,2206546310219,12,-17.8363,2,8.683e+08,1,0,
85,1,2205016614888,2205469224858,10,0,2,8.683e+08,0,1,
358,3,2211607682288,2211679618752,7,-7.84671,2,8.681e+08,1,0,
95,2,2207885401325,2207957338815,7,-6.77051,4,8.685e+08,1,0,
95,3,2207885401325,2207957337701,7,-8.22388,4,8.685e+08,1,0,
289,2,2206790222105,2206923854961,8,-5.64204,2,8.683e+08,1,0,
238,1,2212990532330,2213237317333,9,3.41757,4,8.685e+08,1,0,
238,3,2212990532330,2213237317215,9,-8.38007,4,8.685e+08,1,0,
20,3,2207770750862,2208017536183,9,-10.1705,4,8.685e+08,1,0,
262,2,2227708393837,2229518827416,12,-6.12227,4,8.683e+08,1,0,
262,3,2227708393837,2229518828457,12,-16.1467,4,8.683e+08,1,0,
214,3,2430656937866,2430728873923,7,13.6204,4,8.685e+08,1,0,
170,3,2431458380311,2432445517370,11,1.47786,2,8.685e+08,1,0,
396,1,2431011120915,2431083057330,7,-4.74965,4,8.683e+08,1,0,
396,2,2431011120915,2431083058287,7,-2.73135,4,8.683e+08,1,0,
396,3,2431011120915,2431083058126,7,-7.4436,4,8.683e+08,1,0,
315,1,2516176912252,2517987345943,12,0,2,8.683e+08,0,1,
315,2,2516176912252,2517987345672,12,0,2,8.683e+08,0,1,
117,2,2438041281268,2438113217536,7,8.39444,2,8.683e+08,1,0,
144,1,2434908220263,2435155006061,9,-6.54916,2,8.683e+08,1,0,
207,1,2474509174425,2475496312864,11,-17.3886,4,8.685e+08,1,0,
207,3,2474509174425,2475496311707,11,-14.1894,4,8.685e+08,1,0,
242,1,2432223121359,2434033554458,12,-7.14114,2,8.683e+08,1,0,
242,2,2432223121359,2434033555842,12,-17.288,2,8.683e+08,1,0,
124,1,3276301777824,3276373714106,7,9.41345,4,8.681e+08,1,0,
365,1,2655735549739,2657545983138,12,-11.1777,2,8.683e+08,1,0,
365,3,2655735549739,2657545984137,12,-15.6,2,8.683e+08,1,0,
283,1,3301344638226,3301416575024,7,6.69943,2,8.683e+08,1,0,
283,2,3301344638226,3301416575192,7,-5.72252,2,8.683e+08,1,0,
334,2,3415212309376,3415284245743,7,0,4,8.683e+08,0,1,
250,1,2606688460283,2606760396690,7,6.53631,2,8.683e+08,1,0,
250,3,2606688460283,2606760397326,7,-6.22984,2,8.683e+08,1,0,
350,1,2612573414955,2612820199811,9,-8.00453,2,8.683e+08,1,0,
350,2,2612573414955,2612820200976,9,-8.00453,2,8.683e+08,0,1,
299,1,2434449201837,2434521138558,7,2.4276,4,8.681e+08,1,0,
299,3,2434449201837,2434521139684,7,-6.86285,4,8.681e+08,1,0,
255,2,2433927734758,2433999671108,7,10.596,4,8.683e+08,1,0,
255,3,2433927734758,2433999671982,7,-8.13266,4,8.683e+08,1,0,
342,3,2436525100037,2436977709803,10,-11.5717,4,8.683e+08,1,0,
70,2,2890827122742,2890960755334,8,-8.39853,2,8.685e+08,1,0,
70,3,2890827122742,2890960756513,8,-11.5347,2,8.685e+08,1,0,
365,1,3017821949759,3019632383158,12,0,2,8.683e+08,0,1,
365,2,3017821949759,3019632383969,12,0,2,8.683e+08,0,1,
365,3,3017821949759,3019632384157,12,-15.0678,2,8.683e+08,1,0,
143,1,3136259537915,3138069971275,12,0,4,8.683e+08,0,1,
143,2,3136259537915,3138069972554,12,-17.5623,4,8.683e+08,1,0,
259,1,3039125237946,3040935672298,12,-5.63708,2,8.685e+08,1,0,
259,3,3039125237946,3040935672446,12,-11.247,2,8.685e+08,1,0,
17,2,3056506733740,3058317167556,12,-17.8646,4,8.681e+08,1,0,
17,3,3056506733740,3058317168204,12,-21.3693,4,8.681e+08,1,0,
250,1,3040173016729,3040244953136,7,3.31551,2,8.685e+08,1,0,
121,3,3042224173999,3043211311297,11,0,4,8.683e+08,0,1,
365,2,2836778749749,2838589183959,12,0,2,8.685e+08,0,1,
365,3,2836778749749,2838589184147,12,-16.6846,2,8.685e+08,1,0,
304,2,2659136903999,2659589513043,10,-5.09454,2,8.683e+08,1,0,
304,3,2659136903999,2659589514196,10,-6.55054,2,8.683e+08,1,0,
338,1,3019369542994,3019616327767,9,-0.745971,4,8.683e+08,1,0,
338,2,3019369542994,3019616329342,9,-14.0099,4,8.683e+08,1,0,
360,1,2648373120138,2648445057899,7,-7.37926,4,8.683e+08,1,0,
360,2,2648373120138,2648445056331,7,11.6274,4,8.683e+08,1,0,
360,3,2648373120138,2648445057501,7,-9.16356,4,8.683e+08,1,0,
176,2,2626841867121,2627294476149,10,0,2,8.683e+08,0,1,
399,1,3490698403641,3490770341199,7,-4.85144,2,8.683e+08,1,0,
399,2,3490698403641,3490770339902,7,3.43395,2,8.683e+08,1,0,
399,3,3490698403641,3490770340573,7,16.4005,2,8.683e+08,1,0,
53,1,2812336659811,2812408596687,7,-0.859161,4,8.683e+08,1,0,
53,3,2812336659811,2812408596356,7,-9.3922,4,8.683e+08,1,0,
107,1,3593789382682,3594036168561,9,-9.09291,4,8.681e+08,1,0,
107,2,3593789382682,3594036167516,9,-13.9686,4,8.681e+08,1,0,
107,3,3593789382682,3594036167532,9,-4.8159,4,8.681e+08,1,0,
9,1,2435877297730,2436329907508,10,-8.1383,2,8.683e+08,1,0,
9,3,2435877297730,2436329906582,10,-6.30142,2,8.683e+08,1,0,
384,1,3416706836937,3416953621507,9,0,2,8.685e+08,0,1,
252,2,2436416399529,2436550032086,8,-9.4301,2,8.683e+08,1,0,
12,1,2438001408628,2438248194374,9,-6.11702,4,8.685e+08,1,0,
149,1,2436551320392,2437003929305,10,-7.80804,4,8.683e+08,1,0,
322,3,2436570528939,2436642465618,7,4.34147,2,8.683e+08,1,0,
272,1,2650639965380,2650711901723,7,-5.05614,4,8.683e+08,1,0,
272,2,2650639965380,2650711903347,7,-9.20384,4,8.683e+08,1,0,
354,1,3366883608223,3368694042577,12,-11.7915,4,8.683e+08,1,0,
354,2,3366883608223,3368694041381,12,-4.72075,4,8.683e+08,1,0,
239,1,2823444031351,2823515967535,7,14.3274,2,8.683e+08,1,0,
59,3,3444212061326,3446022495746,12,-14.6781,4,8.683e+08,1,0,
205,1,2781179311975,2781426096661,9,0.618241,2,8.683e+08,1,0,
205,2,2781179311975,2781426098246,9,-9.72671,2,8.683e+08,1,0,
205,3,2781179311975,2781426097451,9,-11.4454,2,8.683e+08,1,0,
290,3,3030812582066,3030884518155,7,18.2888,4,8.681e+08,1,0,
71,1,3036168489658,3036240426013,7,-0.610946,2,8.683e+08,1,0,
71,3,3036168489658,3036240427124,7,-4.85507,2,8.683e+08,1,0,
102,1,3032693615076,3034504048058,12,-5.99075,4,8.683e+08,1,0,
102,3,3032693615076,3034504049173,12,-21.701,4,8.683e+08,1,0,
304,2,2438124341440,2438576950484,10,-16.4435,2,8.685e+08,1,0,
277,2,2979502561561,2979955171214,10,-5.35432,4,8.681e+08,1,0,
277,3,2979502561561,2979955171645,10,-11.7608,4,8.681e+08,1,0,
287,2,2996273251206,2997260388340,11,-18.8902,2,8.683e+08,1,0,
96,2,2661807873755,2661879811503,7,6.18453,4,8.683e+08,1,0,
96,3,2661807873755,2661879810344,7,2.46144,4,8.683e+08,1,0,
286,2,2628192721581,2628326354185,8,6.20932,4,8.685e+08,1,0,
286,3,2628192721581,2628326354370,8,2.02828,4,8.685e+08,1,0,
326,1,2439566477910,2439638415005,7,-0.843337,4,8.681e+08,1,0,
326,2,2439566477910,2439638414735,7,-1.1495,4,8.681e+08,1,0,
326,3,2439566477910,2439638414307,7,0,4,8.681e+08,0,1,
311,1,2454158180979,2455968615200,12,0,2,8.683e+08,0,1,
311,3,2454158180979,2455968615261,12,0.300782,2,8.683e+08,1,0,
26,1,2693577843083,2693649781110,7,-7.88165,4,8.683e+08,1,0,
26,2,2693577843083,2693649779782,7,-5.54086,4,8.683e+08,1,0,
176,1,2717363467141,2717816076046,10,-2.85637,2,8.683e+08,1,0,
176,2,2717363467141,2717816076169,10,-0.938491,2,8.683e+08,1,0,
98,2,2700813338849,2700885275054,7,6.112,2,8.683e+08,1,0,
98,3,2700813338849,2700885276058,7,-3.6871,2,8.683e+08,1,0,
17,1,2694420333720,2696230767565,12,-0.41423,2,8.683e+08,1,0,
17,2,2694420333720,2696230767536,12,0,2,8.683e+08,0,1,
182,1,2568200316457,2570010751292,12,-14.6391,4,8.685e+08,0,1,
182,2,2568200316457,2570010750032,12,-11.9528,4,8.685e+08,1,0,
182,3,2568200316457,2570010750197,12,-14.6391,4,8.685e+08,1,0,
266,1,2442523362630,2442595298834,7,19.5108,4,8.685e+08,1,0,
266,2,2442523362630,2442595300094,7,-6.99293,4,8.685e+08,1,0,
236,1,2447401862443,2447535494837,8,-5.62346,2,8.683e+08,1,0,
236,2,2447401862443,2447535496213,8,-4.73152,2,8.683e+08,1,0,
261,2,2446017555625,2446089491971,7,3.31768,4,8.681e+08,1,0,
261,3,2446017555625,2446089493055,7,7.87582,4,8.681e+08,1,0,
251,1,2629869772601,2630856909916,11,-2.80444,2,8.683e+08,1,0,
251,2,2629869772601,2630856911031,11,-7.80464,2,8.683e+08,1,0,
251,3,2629869772601,2630856909919,11,-7.54326,2,8.683e+08,1,0,
157,1,3224120908947,3224367693778,9,-7.87447,2,8.683e+08,1,0,
278,1,2444943959291,2445077591968,8,-4.55312,2,8.683e+08,1,0,
278,3,2444943959291,2445077591950,8,5.86263,2,8.683e+08,1,0,
56,1,2592128973005,2592581583209,10,-1.29791,4,8.683e+08,1,0,
56,2,2592128973005,2592581582615,10,-12.1785,4,8.683e+08,1,0,
56,3,2592128973005,2592581582030,10,0,4,8.683e+08,0,1,
364,1,2447008148808,2447080085009,7,0,4,8.683e+08,0,1,
62,1,2631475726711,2631609359526,8,1.38846,4,8.685e+08,1,0,
114,3,2591151546020,2591223482089,7,16.1157,4,8.683e+08,1,0,
393,3,3584637749976,3584884535128,9,-1.63866,2,8.683e+08,1,0,
340,2,3591902597862,3592036231515,8,-1.69432,4,8.683e+08,1,0,
340,3,3591902597862,3592036230414,8,1.62119,4,8.683e+08,1,0,
67,1,3583325051812,3583777661768,10,3.45119,4,8.685e+08,1,0,
148,1,3514038631861,3515025769291,11,-6.25615,4,8.683e+08,1,0,
148,3,3514038631861,3515025770390,11,-6.25615,4,8.683e+08,0,1,
385,1,3518224571306,3518677181335,10,-10.4602,2,8.683e+08,1,0,
25,3,2698958980132,2699411589632,10,-14.2672,4,8.685e+08,1,0,
140,2,3380563068354,3381015677263,10,-13.3948,4,8.681e+08,1,0,
140,3,3380563068354,3381015678067,10,12.7163,4,8.681e+08,1,0,
176,1,3349516387336,3349968996241,10,-11.5275,2,8.683e+08,1,0,
176,2,3349516387336,3349968996364,10,7.71125,2,8.683e+08,1,0,
133,1,3349987705237,3350059641427,7,24.8912,2,8.683e+08,1,0,
15,1,2563120361795,2563253995751,8,-9.24373,2,8.685e+08,1,0,
15,3,2563120361795,2563253994578,8,16.6021,2,8.685e+08,1,0,
172,1,2478973244754,2480783679199,12,3.30052,2,8.685e+08,1,0,
172,2,2478973244754,2480783678078,12,-21.478,2,8.685e+08,1,0,
172,3,2478973244754,2480783679194,12,-19.4655,2,8.685e+08,1,0,
343,2,2829128366032,2829261998724,8,-8.11803,2,8.685e+08,1,0,
343,3,2829128366032,2829261998798,8,4.6904,2,8.685e+08,1,0,
152,1,2682441755744,2682894365741,10,-8.41305,4,8.683e+08,1,0,
152,2,2682441755744,2682894364625,10,-13.6169,4,8.683e+08,1,0,
269,2,2679169181109,2679241117333,7,2.4326,2,8.685e+08,1,0,
69,1,2685306825949,2685553612266,9,0,4,8.685e+08,0,1,
165,1,3267512301249,3267584237711,7,3.42688,4,8.683e+08,1,0,
165,3,3267512301249,3267584238803,7,1.3515,4,8.683e+08,1,0,
225,1,3450542651131,3450614587358,7,27.6436,2,8.683e+08,1,0,
249,3,2608617081518,2608750714106,8,-10.2509,2,8.683e+08,1,0,
113,3,2795995807342,2796129439825,8,-3.03415,2,8.685e+08,1,0,
122,1,2450148932144,2450220868641,7,-2.04935,2,8.683e+08,1,0,
21,1,2581067733249,2581314517910,9,9.55908,2,8.685e+08,1,0,
21,2,2581067733249,2581314518448,9,-11.0354,2,8.685e+08,1,0,
189,1,2453463718496,2453597350972,8,4.8872,4,8.681e+08,1,0,
189,2,2453463718496,2453597351940,8,16.1268,4,8.681e+08,1,0,
189,3,2453463718496,2453597351210,8,-7.51509,4,8.681e+08,1,0,
349,1,2981222572099,2981469357219,9,-5.62672,2,8.685e+08,1,0,
201,1,2455735659187,2455982445671,9,-7.56288,2,8.683e+08,1,0,
201,2,2455735659187,2455982444009,9,-2.01356,2,8.683e+08,1,0,
201,3,2455735659187,2455982445090,9,0.404771,2,8.683e+08,1,0,
366,2,2451820703697,2451892640220,7,-7.81476,4,8.683e+08,1,0,
284,2,2455823920910,2457634354158,12,-11.7947,4,8.683e+08,1,0,
146,2,2561606561871,2561853347052,9,0,2,8.683e+08,0,1,
292,1,3559975870093,3560109504270,8,-9.96799,4,8.683e+08,1,0,
292,2,3559975870093,3560109502786,8,-11.2525,4,8.683e+08,1,0,
143,2,2532909849812,2534720284451,12,-21.6252,4,8.685e+08,1,0,
389,1,3039356248299,3039808858309,10,-16.4788,4,8.683e+08,1,0,
389,2,3039356248299,3039808857306,10,-13.7902,4,8.683e+08,1,0,
398,1,3512626794227,3514437227777,12,-19.3341,2,8.683e+08,1,0,
313,1,3406589984953,3406836769426,9,0.440431,2,8.685e+08,1,0,
299,1,3284975731782,3285047668503,7,0.351655,4,8.683e+08,1,0,
299,3,3284975731782,3285047669629,7,-2.41884,4,8.683e+08,1,0,
46,1,3280428704011,3280500640175,7,19.5567,4,8.681e+08,1,0,
46,3,3280428704011,3280500641354,7,-7.87154,4,8.681e+08,1,0,
86,3,2458414736564,2458661521481,9,-9.8158,2,8.683e+08,1,0,
393,1,2470496415196,2470743201351,9,-8.26785,2,8.685e+08,1,0,
393,2,2470496415196,2470743200092,9,-10.2371,2,8.685e+08,1,0,
88,1,3304393030222,3306203464998,12,-18.8837,4,8.683e+08,1,0,
88,2,3304393030222,3306203463875,12,-10.599,4,8.683e+08,1,0,
88,3,3304393030222,3306203465005,12,-18.8837,4,8.683e+08,0,1,
140,3,3244180615561,3244633225274,10,-14.5637,2,8.683e+08,1,0,
327,3,2461702568149,2461949353739,9,-10.264,2,8.681e+08,1,0,
32,3,2459584236180,2460571374211,11,-3.50268,4,8.683e+08,1,0,
38,2,2463632530805,2463704466996,7,2.87529,4,8.685e+08,1,0,
15,3,2586535719441,2586669352224,8,-5.36229,2,8.683e+08,1,0,
229,2,2471056636867,2471128572898,7,22.6879,2,8.683e+08,1,0,
366,2,2471509575397,2471581511920,7,-6.03749,4,8.685e+08,1,0,
242,1,2613266321369,2615076754468,12,-14.9903,4,8.681e+08,1,0,
242,2,2613266321369,2615076755852,12,-19.8716,4,8.681e+08,1,0,
242,3,2613266321369,2615076755641,12,-17.0118,4,8.681e+08,1,0,
131,1,2466842318075,2466975951197,8,-6.17299,2,8.683e+08,1,0,
131,2,2466842318075,2466975950832,8,8.08273,2,8.683e+08,1,0,
235,2,2467498785416,2467951394266,10,-12.8454,4,8.683e+08,1,0,
267,1,2474266019571,2475253156799,11,0.0607308,2,8.683e+08,1,0,
267,2,2474266019571,2475253157030,11,-12.0077,2,8.683e+08,1,0,
97,1,2472279432963,2472526217484,9,0,2,8.685e+08,0,1,
97,3,2472279432963,2472526218636,9,3.76833,2,8.685e+08,1,0,
59,1,2478875302820,2480685736402,12,-19.7125,4,8.681e+08,1,0,
51,3,2476019857837,2476472468295,10,7.51376,4,8.683e+08,1,0,
295,2,2473504128471,2473956737456,10,-10.1174,2,8.683e+08,1,0,
223,2,2474739795985,2475192405749,10,-12.0721,2,8.683e+08,1,0,
223,3,2474739795985,2475192406053,10,-2.3278,2,8.683e+08,1,0,
204,1,2476010847593,2476082783692,7,14.6483,4,8.683e+08,1,0,
204,2,2476010847593,2476082785291,7,-7.80427,4,8.683e+08,1,0,
248,3,2480439926769,2480573560007,8,3.011,2,8.683e+08,1,0,
162,3,2480066252091,2480518861368,10,-9.85231,4,8.683e+08,1,0,
303,1,2479859261709,2480311870708,10,-0.772414,4,8.683e+08,1,0,
303,2,2479859261709,2480311870856,10,-5.87286,4,8.683e+08,1,0,
109,2,2477235200219,2477307136442,7,2.91269,2,8.683e+08,1,0,
110,1,2547237852768,2548224989712,11,-8.24112,2,8.683e+08,1,0,
110,2,2547237852768,2548224990054,11,-8.24112,2,8.683e+08,0,1,
110,3,2547237852768,2548224990343,11,-14.8988,2,8.683e+08,1,0,
171,2,2487800118312,2489610551870,12,3.89176,4,8.685e+08,1,0,
171,3,2487800118312,2489610551818,12,-19.6523,4,8.685e+08,1,0,
18,1,2488913741230,2488985678002,7,0,4,8.683e+08,0,1,
186,2,2484029065283,2484481675938,10,-11.6777,2,8.685e+08,1,0,
280,1,2497584132121,2498571270550,11,-11.0862,2,8.683e+08,1,0,
221,1,2487932324777,2488004260954,7,0.626893,4,8.685e+08,1,0,
108,1,2489833449042,2489905385518,7,0,4,8.683e+08,0,1,
6,3,2488920496641,2488992433130,7,9.65,2,8.683e+08,1,0,
384,1,2501687091659,2501933876229,9,0,4,8.681e+08,0,1,
384,2,2501687091659,2501933877518,9,-0.879729,4,8.681e+08,1,0,
384,3,2501687091659,2501933877339,9,-0.294006,4,8.681e+08,1,0,
364,1,2513545984779,2513617920980,7,11.3038,4,8.685e+08,1,0,
381,3,2492881564535,2493128350067,9,-2.46239,2,8.683e+08,1,0,
327,1,2497593295962,2497840081069,9,-10.5179,2,8.685e+08,1,0,
109,2,2496886782694,2496958718917,7,9.13334,4,8.681e+08,1,0,
92,1,2513547956853,2513619893269,7,-6.24937,2,8.683e+08,1,0,
262,1,2497080589570,2498891024026,12,2.79092,4,8.685e+08,1,0,
262,2,2497080589570,2498891023149,12,0,4,8.685e+08,0,1,
344,2,2499924458549,2501734892685,12,-22.1381,2,8.685e+08,1,0,
82,1,2499902919825,2499974856234,7,10.4585,4,8.681e+08,1,0,
82,3,2499902919825,2499974856819,7,13.6537,4,8.681e+08,1,0,
178,1,2502334325072,2502581109693,9,0.473313,2,8.683e+08,1,0,
111,2,2511294398185,2513104831684,12,-18.592,4,8.681e+08,1,0,
34,1,2658600963447,2660411397012,12,0,4,8.683e+08,0,1,
34,2,2658600963447,2660411397701,12,1.09987,4,8.683e+08,1,0,
398,1,2504913989335,2506724422885,12,-8.19467,2,8.683e+08,1,0,
355,3,2505275931969,2505347868248,7,7.9466,4,8.681e+08,1,0,
300,1,2504733969499,2505721107899,11,-7.39928,2,8.683e+08,1,0,
300,3,2504733969499,2505721107930,11,-7.39928,2,8.683e+08,0,1,
240,1,2520857112763,2522667546395,12,0,2,8.685e+08,0,1,
240,3,2520857112763,2522667546844,12,-12.6335,2,8.685e+08,1,0,
168,1,2516143352314,2516215288693,7,1.50139,4,8.683e+08,1,0,
201,2,2511045356559,2511292141381,9,12.0178,2,8.683e+08,1,0,
346,1,2510014424685,2510086360979,7,-6.09157,2,8.683e+08,1,0,
346,3,2510014424685,2510086362158,7,-9.25204,2,8.683e+08,1,0,
14,2,2512668528414,2512802160923,8,10.3444,4,8.681e+08,1,0,
14,3,2512668528414,2512802161091,8,8.69768,4,8.681e+08,1,0,
152,2,2516078786980,2516531395861,10,0,4,8.683e+08,0,1,
38,2,2516002268815,2516074205006,7,0,4,8.683e+08,0,1,
132,2,2514735066016,2514807002269,7,-3.98028,2,8.683e+08,1,0,
382,1,2517145923668,2517217860114,7,-3.16543,4,8.683e+08,1,0,
359,1,2514577854220,2514711486769,8,0,2,8.683e+08,0,1,
359,2,2514577854220,2514711487358,8,-7.45358,2,8.683e+08,1,0,
126,1,2515522548498,2515769333487,9,-0.246093,4,8.683e+08,1,0,
126,3,2515522548498,2515769334604,9,-14.1322,4,8.683e+08,1,0,
294,2,2519166011680,2519237948313,7,-0.902679,2,8.683e+08,1,0,
294,3,2519166011680,2519237948232,7,-5.21341,2,8.683e+08,1,0,
258,1,2591899250131,2593709683677,12,0,4,8.685e+08,0,1,
82,1,2517315057921,2517386994330,7,-4.36055,4,8.683e+08,1,0,
82,3,2517315057921,2517386994915,7,1.56995,4,8.683e+08,1,0,
150,3,2517225501595,2517359134139,8,-7.17831,2,8.683e+08,1,0,
248,1,2519887531379,2520021165456,8,-0.189574,4,8.681e+08,1,0,
248,2,2519887531379,2520021163975,8,-6.53294,4,8.681e+08,1,0,
122,1,2518904893816,2518976830313,7,0,2,8.685e+08,0,1,
208,2,2518247593790,2518494378608,9,-11.3181,4,8.683e+08,1,0,
208,3,2518247593790,2518494379624,9,-11.3181,4,8.683e+08,0,1,
51,1,2521280657847,2521733268452,10,-6.40297,4,8.685e+08,1,0,
51,2,2521280657847,2521733267139,10,-6.2659,4,8.685e+08,1,0,
237,1,2518849768884,2518983401564,8,0,2,8.683e+08,0,1,
307,2,2533163140463,2533235076614,7,1.0544,4,8.685e+08,1,0,
41,2,2528644688102,2528716624454,7,4.76949,2,8.683e+08,1,0,
392,1,2520034717396,2520168349924,8,-10.2846,4,8.681e+08,1,0,
392,2,2520034717396,2520168350539,8,-10.8679,4,8.681e+08,1,0,
392,3,2520034717396,2520168350323,8,2.64615,4,8.681e+08,1,0,
50,3,2521884455357,2522337065256,10,-12.6773,2,8.683e+08,1,0,
305,2,2522052908029,2522299694131,9,-12.4866,2,8.685e+08,1,0,
177,3,2526585331967,2526657268167,7,26.3238,4,8.685e+08,1,0,
151,2,2523190694865,2523262631318,7,-9.44116,4,8.683e+08,1,0,
399,1,2530511724841,2530583662399,7,-4.37456,2,8.681e+08,1,0,
399,2,2530511724841,2530583661102,7,3.69866,2,8.681e+08,1,0,
87,1,2528988861200,2529060798267,7,-7.62669,2,8.683e+08,1,0,
87,3,2528988861200,2529060797465,7,26.0675,2,8.683e+08,1,0,
100,1,2526834255265,2527286864196,10,-9.50275,4,8.681e+08,1,0,
100,3,2526834255265,2527286864918,10,-3.24205,4,8.681e+08,1,0,
119,1,2528540732826,2528993341549,10,-9.12233,2,8.683e+08,1,0,
253,1,2534274910593,2534727519708,10,-9.75365,2,8.683e+08,1,0,
253,3,2534274910593,2534727520704,10,-13.1076,2,8.683e+08,1,0,
308,1,2532309645862,2532762255446,10,-4.50386,2,8.683e+08,1,0,
82,2,2529338547086,2529410484863,7,-5.88267,4,8.685e+08,1,0,
348,1,2531905356380,2532038989240,8,5.5386,4,8.683e+08,1,0,
160,1,2531685469281,2531932254098,9,-8.80173,2,8.685e+08,1,0,
160,2,2531685469281,2531932254264,9,-8.31908,2,8.685e+08,1,0,
160,3,2531685469281,2531932253786,9,10.8133,2,8.685e+08,1,0,
177,1,2533778931977,2533850869234,7,-5.19963,4,8.683e+08,1,0,
177,3,2533778931977,2533850868177,7,24.2723,4,8.683e+08,1,0,
79,1,2534182477201,2534254413308,7,12.5659,4,8.683e+08,1,0,
230,1,2538399624891,2540210058575,12,0,2,8.685e+08,0,1,
204,1,2535978887673,2536050823772,7,5.06201,4,8.683e+08,1,0,
204,3,2535978887673,2536050824808,7,-1.0869,4,8.683e+08,1,0,
36,1,2538537992889,2538609930542,7,-7.42519,4,8.685e+08,1,0,
36,3,2538537992889,2538609929437,7,1.8148,4,8.685e+08,1,0,
310,1,2541504257002,2543314691169,12,-11.1004,2,8.683e+08,1,0,
310,3,2541504257002,2543314691320,12,-16.5784,2,8.683e+08,1,0,
5,3,2538695523824,2539682660969,11,0,2,8.685e+08,0,1,
149,1,2536562418136,2537015027049,10,-5.17764,4,8.685e+08,1,0,
176,2,2541077464559,2541530073587,10,-16.8816,2,8.683e+08,1,0,
273,1,2544227154071,2546037587538,12,-18.1916,2,8.683e+08,1,0,
273,2,2544227154071,2546037588530,12,-20.0506,2,8.683e+08,1,0,
273,3,2544227154071,2546037588617,12,-0.645736,2,8.683e+08,1,0,
268,1,2541897591996,2543708026433,12,-4.91502,2,8.685e+08,1,0,
268,2,2541897591996,2543708025135,12,-12.9873,2,8.685e+08,1,0,
8,1,2544590445562,2546400878699,12,-13.9719,4,8.685e+08,1,0,
8,2,2544590445562,2546400879356,12,-5.18681,4,8.685e+08,1,0,
8,3,2544590445562,2546400879588,12,-16.1397,4,8.685e+08,1,0,
55,1,2660835718850,2662646152049,12,0,4,8.683e+08,0,1,
127,1,2560659669960,2560793302757,8,-1.48512,2,8.685e+08,1,0,
303,1,2540986874872,2541439483871,10,-1.63095,4,8.683e+08,1,0,
152,2,2561339586990,2561792195871,10,0,4,8.681e+08,0,1,
152,3,2561339586990,2561792196948,10,-12.5672,4,8.681e+08,1,0,
26,2,2547014950595,2547086887294,7,-8.24655,4,8.683e+08,1,0,
58,1,2553119924061,2553366709754,9,0,2,8.683e+08,0,1,
58,2,2553119924061,2553366708814,9,0,2,8.683e+08,0,1,
58,3,2553119924061,2553366709779,9,-1.69162,2,8.683e+08,1,0,
111,3,2692337598195,2694148031774,12,-20.2291,4,8.683e+08,1,0,
220,1,2548621852905,2550432286327,12,-19.0884,4,8.685e+08,1,0,
220,2,2548621852905,2550432286972,12,-19.0884,4,8.685e+08,0,1,
138,1,2549816279641,2551626713311,12,-13.2508,4,8.681e+08,1,0,
138,2,2549816279641,2551626714193,12,-15.2103,4,8.681e+08,1,0,
206,1,2584672787908,2586483221498,12,1.07295,2,8.685e+08,1,0,
206,2,2584672787908,2586483221628,12,-20.1721,2,8.685e+08,1,0,
206,3,2584672787908,2586483222171,12,-14.9906,2,8.685e+08,1,0,
188,2,2552715601284,2553702738448,11,0,4,8.681e+08,0,1,
150,2,2552167922465,2552301555518,8,-9.31566,4,8.681e+08,1,0,
264,2,2552962754578,2553034692365,7,9.30123,2,8.683e+08,1,0,
79,1,2568261053174,2568332989281,7,4.97907,4,8.681e+08,1,0,
79,3,2568261053174,2568332990318,7,-7.45653,4,8.681e+08,1,0,
138,1,2730859479651,2732669913321,12,-4.81363,2,8.683e+08,1,0,
138,3,2730859479651,2732669914370,12,-19.8779,2,8.683e+08,1,0,
286,1,2559818451802,2559952085498,8,-4.29506,4,8.683e+08,1,0,
293,1,2814387335228,2816197768790,12,-21.8041,2,8.685e+08,1,0,
293,2,2814387335228,2816197769003,12,-3.95514,2,8.685e+08,1,0,
97,3,2703692360946,2703939146619,9,-8.55302,2,8.683e+08,1,0,
78,1,2703756423193,2703890056435,8,-10.6096,2,8.685e+08,1,0,
342,3,2702064944404,2702517554170,10,0,4,8.685e+08,0,1,
304,2,2705255151284,2705707760328,10,-10.0306,2,8.683e+08,1,0,
304,3,2705255151284,2705707761481,10,-12.8079,2,8.683e+08,1,0,
133,1,2710427572881,2710499509071,7,-7.64361,2,8.685e+08,1,0,
21,1,2705926363667,2706173148328,9,-6.49383,2,8.683e+08,1,0,
21,3,2705926363667,2706173148927,9,-10.1656,2,8.683e+08,1,0,
48,1,2707584419208,2707831204840,9,-6.55748,4,8.683e+08,1,0,
48,2,2707584419208,2707831204081,9,-0.896239,4,8.683e+08,1,0,
163,1,2832305369336,2834115803948,12,-14.4605,4,8.683e+08,1,0,
163,2,2832305369336,2834115802657,12,-7.68541,4,8.683e+08,1,0,
163,3,2832305369336,2834115802887,12,-6.43332,4,8.683e+08,1,0,
20,2,2708877961860,2709124746774,9,0,4,8.683e+08,0,1,
20,3,2708877961860,2709124747181,9,-2.29678,4,8.683e+08,1,0,
38,2,2709551049137,2709622985328,7,20.3292,4,8.685e+08,1,0,
38,3,2709551049137,2709622986255,7,-4.62608,4,8.685e+08,1,0,
68,2,2711822006052,2712274614943,10,-4.73564,2,8.681e+08,1,0,
15,1,2714959593359,2715093227315,8,-10.7655,2,8.683e+08,1,0,
15,3,2714959593359,2715093226142,8,0.267533,2,8.683e+08,1,0,
48,2,2863238714042,2863485498915,9,0,4,8.681e+08,0,1,
135,2,3418302571083,3418549355957,9,1.67986,4,8.681e+08,1,0,
349,3,3232661416690,3232908201950,9,-2.81084,2,8.683e+08,1,0,
23,2,3312921969993,3313909107151,11,-14.2959,4,8.681e+08,1,0,
240,1,2724593768030,2726404201662,12,-9.8822,2,8.683e+08,1,0,
89,1,2711977078693,2712223864903,9,-2.76507,2,8.683e+08,1,0,
89,2,2711977078693,2712223863722,9,-3.36711,2,8.683e+08,1,0,
33,2,2712429120211,2712881729230,10,1.77705,2,8.683e+08,1,0,
26,2,2710626629593,2710698566292,7,14.0662,4,8.681e+08,1,0,
6,3,2947474501206,2947546437695,7,9.01928,2,8.683e+08,1,0,
20,2,2811845429816,2812092214730,9,-11.1584,4,8.681e+08,1,0,
112,3,3234789347877,3234861284044,7,1.0947,4,8.681e+08,1,0,
52,2,2715292260826,2717102694442,12,-1.34157,4,8.685e+08,1,0,
52,3,2715292260826,2717102695205,12,-20.5806,4,8.685e+08,1,0,
206,2,2765715987918,2767526421638,12,-10.6255,2,8.683e+08,1,0,
206,3,2765715987918,2767526422181,12,-19.4741,2,8.683e+08,1,0,
98,2,2720881976677,2720953912882,7,3.95702,2,8.683e+08,1,0,
288,1,2718933377093,2719180162013,9,1.59129,2,8.685e+08,1,0,
354,2,2722959399021,2724769832179,12,-8.54011,4,8.685e+08,1,0,
66,1,2717574424031,2717708057792,8,-10.2214,4,8.683e+08,1,0,
66,2,2717574424031,2717708056770,8,-10.8882,4,8.683e+08,1,0,
66,3,2717574424031,2717708056803,8,6.09042,4,8.683e+08,1,0,
359,1,3565428761521,3565562394070,8,-1.46474,4,8.681e+08,1,0,
182,1,3001434704087,3003245138922,12,-22.4478,4,8.683e+08,1,0,
182,2,3001434704087,3003245137662,12,-17.1633,4,8.683e+08,1,0,
188,1,2949249994560,2950237132774,11,-19.4012,2,8.685e+08,1,0,
87,1,2734470235100,2734542172167,7,27.0738,2,8.685e+08,0,1,
87,3,2734470235100,2734542171365,7,27.0738,2,8.685e+08,1,0,
289,3,2801366071830,2801499705835,8,5.49557,2,8.683e+08,1,0,
213,2,3043631856583,3043703793202,7,-3.3215,2,8.683e+08,1,0,
19,2,3043916013948,3044903151248,11,-11.3229,2,8.683e+08,1,0,
19,3,3043916013948,3044903151092,11,-9.41852,2,8.683e+08,1,0,
158,2,3044463986466,3044535923110,7,15.5174,4,8.683e+08,1,0,
137,3,3049650379202,3049784011791,8,-6.35326,4,8.683e+08,1,0,
215,2,3048317229080,3048389165365,7,0.854905,4,8.683e+08,1,0,
215,3,3048317229080,3048389166500,7,-0.854659,4,8.683e+08,1,0,
13,1,3049942509411,3050014445535,7,24.9094,4,8.683e+08,1,0,
39,2,3049347915661,3049800525192,10,-10.1325,4,8.681e+08,1,0,
288,3,2743611777103,2743858562524,9,1.95386,2,8.685e+08,1,0,
314,1,2737166274891,2737618884172,10,11.1602,4,8.681e+08,1,0,
314,2,2737166274891,2737618884756,10,-10.2604,4,8.681e+08,1,0,
314,3,2737166274891,2737618883581,10,12.7878,4,8.681e+08,1,0,
122,1,2737852029796,2737923966293,7,-0.326766,2,8.683e+08,1,0,
380,1,2738656714614,2738728651320,7,6.59891,4,8.683e+08,1,0,
380,2,2738656714614,2738728651650,7,-2.60817,4,8.683e+08,1,0,
294,3,2740724135312,2740796071864,7,0,2,8.685e+08,0,1,
150,2,2739659553464,2739793186517,8,0,2,8.683e+08,0,1,
320,1,2745133187108,2745585795932,10,-13.6859,2,8.683e+08,1,0,
320,3,2745133187108,2745585797091,10,-15.2499,2,8.683e+08,1,0,
260,2,2739711830875,2739783767398,7,0,4,8.685e+08,0,1,
131,2,2745438513213,2745572145970,8,9.01721,4,8.681e+08,1,0,
131,3,2745438513213,2745572145674,8,6.34538,4,8.681e+08,1,0,
31,1,2740352863522,2740486497503,8,14.9847,2,8.683e+08,1,0,
31,2,2740352863522,2740486495947,8,-0.206283,2,8.683e+08,1,0,
134,1,2745351520301,2745485153140,8,-11.2,2,8.685e+08,1,0,
260,2,3438786435900,3438858372423,7,0,4,8.685e+08,0,1,
260,3,3438786435900,3438858373177,7,0,4,8.685e+08,0,1,
200,3,3027882947250,3027954884749,7,10.8753,4,8.683e+08,1,0,
277,2,3031768428203,3032221037856,10,-12.4828,4,8.685e+08,1,0,
277,3,3031768428203,3032221038287,10,-9.34036,4,8.685e+08,1,0,
368,3,3035275060059,3035346996889,7,-9.27052,4,8.681e+08,1,0,
204,1,2999655225443,2999727161542,7,23.001,4,8.681e+08,1,0,
204,3,2999655225443,2999727162578,7,-0.871566,4,8.681e+08,1,0,
130,2,3270551903439,3272362337104,12,9.12566,4,8.681e+08,1,0,
130,3,3270551903439,3272362338247,12,-19.0788,4,8.681e+08,1,0,
187,2,3042628097015,3043080706077,10,-16.0427,4,8.683e+08,1,0,
65,2,3042635384191,3042707320542,7,-2.50548,2,8.685e+08,1,0,
65,3,3042635384191,3042707321232,7,-2.50548,2,8.685e+08,0,1,
175,2,3049830665759,3050817802844,11,0,4,8.683e+08,0,1,
144,1,3042935045157,3043181830955,9,-3.97345,2,8.681e+08,1,0,
144,3,3042935045157,3043181829841,9,-2.04063,2,8.681e+08,1,0,
240,2,3015671869702,3017482303073,12,0,2,8.683e+08,0,1,
240,3,3015671869702,3017482303783,12,0,2,8.683e+08,0,1,
23,2,3411635570003,3412622707161,11,-17.3891,4,8.683e+08,1,0,
367,3,2893101619983,2893554228888,10,-12.6201,4,8.683e+08,1,0,
235,1,2803914596680,2804367206933,10,-1.3895,4,8.681e+08,1,0,
235,2,2803914596680,2804367205530,10,-3.06578,4,8.681e+08,1,0,
235,3,2803914596680,2804367205991,10,-12.9603,4,8.681e+08,1,0,
397,1,2750047522617,2750294307419,9,1.9805,2,8.683e+08,1,0,
397,2,2750047522617,2750294308861,9,0.982209,2,8.683e+08,1,0,
294,1,2747917735322,2747989672673,7,-0.248748,2,8.683e+08,1,0,
294,2,2747917735322,2747989671955,7,-6.06349,2,8.683e+08,1,0,
294,3,2747917735322,2747989671874,7,7.8372,2,8.683e+08,1,0,
46,1,2750294889141,2750366825305,7,18.0142,4,8.681e+08,1,0,
46,2,2750294889141,2750366826935,7,3.87641,4,8.681e+08,1,0,
46,3,2750294889141,2750366826484,7,-0.624572,4,8.681e+08,1,0,
17,1,2875463533730,2877273967575,12,0,2,8.683e+08,0,1,
17,2,2875463533730,2877273967546,12,0,2,8.683e+08,0,1,
17,3,2875463533730,2877273968194,12,-6.8206,2,8.683e+08,1,0,
375,2,3052218797857,3052671407001,10,0,4,8.683e+08,0,1,
58,2,3042491584886,3042738369639,9,-8.10818,2,8.683e+08,1,0,
63,1,3048832103193,3049078888226,9,-2.9326,4,8.683e+08,1,0,
63,2,3048832103193,3049078887831,9,6.3894,4,8.683e+08,1,0,
292,2,2751733874124,2751867506817,8,-3.52125,4,8.683e+08,1,0,
292,3,2751733874124,2751867507436,8,-6.24786,4,8.683e+08,1,0,
25,1,2789480580152,2789933189182,10,-16.6215,4,8.685e+08,1,0,
4,1,3531262342595,3531334280243,7,-4.29085,4,8.681e+08,1,0,
4,2,3531262342595,3531334279948,7,8.83809,4,8.681e+08,1,0,
4,3,3531262342595,3531334279070,7,3.20059,4,8.681e+08,1,0,
351,3,3463377650746,3465188083969,12,-15.2002,4,8.683e+08,1,0,
191,1,3316458481353,3316911091597,10,-15.9315,4,8.683e+08,1,0,
6,3,2758852579890,2758924516379,7,-1.85576,2,8.685e+08,1,0,
177,1,2753223858469,2753295795726,7,16.9655,4,8.681e+08,1,0,
177,2,2753223858469,2753295795840,7,-8.22703,4,8.681e+08,1,0,
177,3,2753223858469,2753295794669,7,18.5018,4,8.681e+08,1,0,
10,1,2755472198607,2755718983534,9,0,2,8.683e+08,0,1,
264,1,2756462594757,2756534531102,7,11.2576,2,8.685e+08,1,0,
154,3,2754480264230,2754613897457,8,-0.494231,4,8.683e+08,1,0,
380,1,2754422860935,2754494797641,7,-6.03509,4,8.681e+08,1,0,
301,1,2757166042165,2757412826824,9,-10.1773,4,8.683e+08,1,0,
264,1,3310964659057,3311036595402,7,-4.63966,2,8.681e+08,1,0,
12,2,3310246196912,3310492981569,9,2.69205,4,8.685e+08,1,0,
383,1,3568872345353,3570682778920,12,-17.9349,4,8.681e+08,1,0,
378,2,2757386460927,2757633246433,9,-2.9131,2,8.683e+08,1,0,
378,3,2757386460927,2757633245636,9,8.46552,2,8.683e+08,1,0,
93,2,2759633166549,2760085775460,10,-12.3119,4,8.683e+08,1,0,
128,1,2756688284995,2758498718437,12,-16.0344,2,8.683e+08,1,0,
128,3,2756688284995,2758498718654,12,-18.1127,2,8.683e+08,1,0,
247,1,3183271063034,3183723673194,10,-4.60167,2,8.683e+08,1,0,
390,1,2759242557843,2759314494889,7,-8.8159,4,8.685e+08,1,0,
390,2,2759242557843,2759314495062,7,-7.75897,4,8.685e+08,1,0,
390,3,2759242557843,2759314493980,7,6.14411,4,8.685e+08,1,0,
8,1,2759053200849,2760863633986,12,0,4,8.683e+08,0,1,
8,3,2759053200849,2760863634875,12,-6.32512,4,8.683e+08,1,0,
399,2,2762338113237,2762410049498,7,0,2,8.685e+08,0,1,
14,3,2769443292335,2769576925012,8,-10.1136,2,8.685e+08,1,0,
266,1,2760293732675,2760365668879,7,0,4,8.683e+08,0,1,
197,1,2802962435885,2803949573462,11,-2.59499,4,8.685e+08,1,0,
274,2,2782753400748,2782887034039,8,-11.302,4,8.683e+08,1,0,
274,3,2782753400748,2782887033362,8,0,4,8.683e+08,0,1,
93,3,2804893966559,2805346576650,10,-14.2921,4,8.683e+08,1,0,
24,2,2765015767175,2765087703443,7,0.971009,2,8.685e+08,1,0,
41,2,2761905725366,2761977661718,7,-0.422057,2,8.683e+08,1,0,
156,1,2804505375234,2804752161194,9,-7.44893,4,8.683e+08,1,0,
156,2,2804505375234,2804752160210,9,-11.511,4,8.683e+08,1,0,
156,3,2804505375234,2804752161240,9,-5.09065,4,8.683e+08,1,0,
28,2,2813272285788,2814259423123,11,-16.7307,2,8.685e+08,1,0,
289,2,2772418711364,2772552344220,8,8.73654,2,8.685e+08,1,0,
62,2,3052248614037,3052382247674,8,0,4,8.683e+08,0,1,
209,3,3050272078261,3050724687707,10,-10.1129,2,8.683e+08,1,0,
386,2,3053027557005,3053099493186,7,13.0065,4,8.681e+08,1,0,
386,3,3053027557005,3053099494247,7,0.0849923,4,8.681e+08,1,0,
35,1,3053327780199,3053461413173,8,-11.0757,4,8.681e+08,1,0,
35,3,3053327780199,3053461413084,8,-6.52808,4,8.681e+08,1,0,
164,1,3060398628452,3060851237245,10,-12.6624,4,8.685e+08,1,0,
164,3,3060398628452,3060851238297,10,-12.6624,4,8.685e+08,0,1,
288,2,3050624034582,3050870820942,9,-6.04892,2,8.685e+08,1,0,
288,3,3050624034582,3050870820003,9,-1.47562,2,8.685e+08,1,0,
26,2,3051396555748,3051468492447,7,7.97247,4,8.683e+08,1,0,
342,1,3434061088595,3434513697683,10,-10.0608,4,8.681e+08,1,0,
381,2,3289385715705,3289632500915,9,-11.9353,2,8.683e+08,1,0,
381,3,3289385715705,3289632501237,9,-8.55286,2,8.683e+08,1,0,
12,2,3285567796902,3285814581559,9,24.0378,4,8.683e+08,1,0,
12,3,3285567796902,3285814582585,9,-12.6374,4,8.683e+08,1,0,
103,1,3351472943188,3351544879459,7,5.07595,4,8.681e+08,1,0,
103,3,3351472943188,3351544880638,7,5.07595,4,8.681e+08,0,1,
22,1,3591750416443,3593560849801,12,4.1405,4,8.683e+08,1,0,
187,2,3392837184040,3393289793102,10,-10.9312,4,8.683e+08,1,0,
46,1,3060518701975,3060590638139,7,-5.84576,4,8.683e+08,1,0,
46,3,3060518701975,3060590639318,7,-5.84576,4,8.683e+08,0,1,
37,1,3053292952444,3053745561326,10,4.50983,4,8.683e+08,1,0,
37,2,3053292952444,3053745562125,10,9.43261,4,8.683e+08,1,0,
37,3,3053292952444,3053745562241,10,-2.19884,4,8.683e+08,1,0,
181,3,3062352622868,3062424559246,7,2.53366,4,8.683e+08,1,0,
153,1,3062981940426,3063228725181,9,3.56624,2,8.683e+08,1,0,
153,3,3062981940426,3063228726220,9,-3.5289,2,8.683e+08,1,0,
298,2,3061024582087,3061158214629,8,-5.65909,2,8.685e+08,1,0,
298,3,3061024582087,3061158215431,8,-5.65909,2,8.685e+08,0,1,
141,1,3057459030404,3057530966894,7,5.20427,4,8.685e+08,1,0,
339,1,3058662340047,3058734276447,7,3.21051,4,8.685e+08,1,0,
96,3,3225995170628,3226067107217,7,-9.16624,4,8.685e+08,1,0,
165,1,3055562313707,3055634250169,7,1.37175,4,8.685e+08,1,0,
165,2,3055562313707,3055634251462,7,2.68178,4,8.685e+08,1,0,
165,3,3055562313707,3055634251261,7,-3.19638,4,8.685e+08,1,0,
403,2,3434086825967,3434158762307,7,1.48952,4,8.683e+08,1,0,
403,1,3587194955586,3587266893043,7,-4.44685,4,8.681e+08,1,0,
403,2,3587194955586,3587266891926,7,0.844849,4,8.681e+08,1,0,
81,3,3588966683410,3589038619676,7,-2.08159,4,8.683e+08,1,0,
66,2,3199517676905,3199651309644,8,-4.39946,4,8.683e+08,1,0,
177,1,3188555596670,3188627533927,7,-6.75043,4,8.683e+08,1,0,
177,3,3188555596670,3188627532870,7,21.5269,4,8.683e+08,1,0,
35,2,3544612066218,3544745698914,8,-0.397399,4,8.685e+08,1,0,
57,2,3540548051724,3540681684144,8,-6.89618,2,8.685e+08,1,0,
57,3,3540548051724,3540681684656,8,-8.49136,2,8.685e+08,1,0,
51,3,3058815951251,3059268561709,10,-11.9841,4,8.681e+08,1,0,
184,2,3058594727074,3059047337509,10,-8.07208,4,8.683e+08,1,0,
24,1,3305771940350,3305843877770,7,-8.02426,2,8.683e+08,1,0,
24,2,3305771940350,3305843876618,7,-6.51543,2,8.683e+08,1,0,
83,2,3314240789774,3315227926956,11,-11.9494,2,8.683e+08,1,0,
83,3,3314240789774,3315227927896,11,-15.7033,2,8.683e+08,1,0,
19,1,3308853797861,3309840936142,11,-14.1061,2,8.683e+08,1,0,
19,2,3308853797861,3309840935161,11,-16.4753,2,8.683e+08,0,1,
19,3,3308853797861,3309840935005,11,-16.4753,2,8.683e+08,1,0,
173,2,3297187737878,3298998171513,12,-16.5762,4,8.683e+08,1,0,
294,3,3596043119180,3596115055732,7,-4.85217,2,8.685e+08,1,0,
157,1,3332828583826,3333075368657,9,20.9245,4,8.681e+08,1,0,
157,2,3332828583826,3333075369262,9,9.59512,4,8.681e+08,1,0,
323,3,3297658704159,3299469138751,12,-21.1642,2,8.685e+08,1,0,
229,2,3072625824620,3072697760651,7,18.74,2,8.681e+08,1,0,
229,3,3072625824620,3072697761824,7,-1.05644,2,8.681e+08,1,0,
321,1,3326452283000,3326524220561,7,-1.75918,4,8.681e+08,1,0,
170,1,3380034941044,3381022079129,11,-18.5146,2,8.685e+08,0,1,
170,2,3380034941044,3381022077948,11,-18.5146,2,8.685e+08,1,0,
170,3,3380034941044,3381022078103,11,-18.5146,2,8.685e+08,0,1,
65,2,3064606728656,3064678665007,7,11.1712,2,8.683e+08,1,0,
65,3,3064606728656,3064678665697,7,2.31392,2,8.683e+08,1,0,
308,3,3068134548449,3068587157157,10,-14.8396,2,8.685e+08,1,0,
139,2,3065466530174,3065538466785,7,-0.713699,4,8.683e+08,1,0,
293,1,3436204642195,3438015075757,12,0,2,8.683e+08,0,1,
385,1,3241069818094,3241522428123,10,-14.6731,2,8.683e+08,1,0,
385,2,3241069818094,3241522426859,10,-6.10576,2,8.683e+08,1,0,
385,3,3241069818094,3241522427983,10,-6.1929,2,8.683e+08,1,0,
170,2,3281321341034,3282308477938,11,0,2,8.683e+08,0,1,
170,3,3281321341034,3282308478093,11,-11.9534,2,8.683e+08,1,0,
398,1,3071870191297,3073680624847,12,-18.9586,2,8.683e+08,1,0,
398,3,3071870191297,3073680625987,12,-15.6166,2,8.683e+08,1,0,
45,3,3075565008426,3075636944974,7,10.7295,4,8.685e+08,1,0,
54,3,3220604860747,3221057470795,10,-5.51869,2,8.683e+08,1,0,
294,2,3535019035394,3535090972027,7,-0.50415,2,8.683e+08,1,0,
294,3,3535019035394,3535090971946,7,1.64655,2,8.683e+08,1,0,
77,3,3534464266956,3534536204863,7,-7.35454,2,8.683e+08,1,0,
93,2,3436086798534,3436539407445,10,-1.18297,4,8.685e+08,1,0,
64,1,3078967813821,3079039750554,7,-8.54207,4,8.683e+08,1,0,
231,2,3080752149694,3081204759946,10,-2.67294,2,8.685e+08,1,0,
231,3,3080752149694,3081204759775,10,4.98682,2,8.685e+08,1,0,
211,2,3085099364559,3086086501904,11,-14.5726,4,8.683e+08,1,0,
211,3,3085099364559,3086086501910,11,-18.1255,4,8.683e+08,1,0,
296,1,3079831288009,3081641721527,12,0,4,8.681e+08,0,1,
296,2,3079831288009,3081641721774,12,-7.59926,4,8.681e+08,1,0,
113,2,3087671478716,3087805112378,8,-0.269332,2,8.683e+08,1,0,
113,3,3087671478716,3087805111199,8,-10.6768,2,8.683e+08,1,0,
325,2,3401121430309,3401255062818,8,-0.721419,4,8.683e+08,1,0,
325,3,3401121430309,3401255063152,8,-2.71249,4,8.683e+08,1,0,
339,1,3510038959908,3510110896308,7,0,4,8.683e+08,0,1,
339,2,3510038959908,3510110897947,7,-8.46445,4,8.683e+08,1,0,
388,3,3512811900570,3513058685550,9,-5.64665,4,8.681e+08,1,0,
229,2,3574818341993,3574890278024,7,31.4148,2,8.681e+08,1,0,
229,3,3574818341993,3574890279197,7,-9.09834,2,8.681e+08,1,0,
134,1,3563221916455,3563355549294,8,-11.4138,2,8.683e+08,1,0,
134,3,3563221916455,3563355550456,8,-7.99177,2,8.683e+08,1,0,
250,1,3567898580367,3567970516774,7,-5.18527,2,8.683e+08,1,0,
331,3,3569461224849,3569913833573,10,-11.6385,4,8.685e+08,1,0,
348,1,3085651789478,3085785422338,8,7.1133,4,8.683e+08,1,0,
348,2,3085651789478,3085785423689,8,-11.1654,4,8.683e+08,1,0,
348,3,3085651789478,3085785423497,8,-5.78249,4,8.683e+08,1,0,
260,2,3091551839557,3091623776080,7,-8.33589,4,8.683e+08,1,0,
258,1,3091708222768,3093518656314,12,-14.6245,4,8.683e+08,1,0,
258,2,3091708222768,3093518657104,12,-14.6245,4,8.683e+08,0,1,
109,2,3086007659740,3086079595963,7,-8.4593,2,8.683e+08,1,0,
100,1,3284040155703,3284492764634,10,-1.10881,4,8.683e+08,1,0,
100,3,3284040155703,3284492765356,10,-1.39278,4,8.683e+08,1,0,
147,2,3086539209337,3088349643837,12,-19.8897,4,8.683e+08,1,0,
147,3,3086539209337,3088349643854,12,-19.8897,4,8.683e+08,0,1,
164,1,3105659428462,3106112037255,10,-9.21815,4,8.683e+08,1,0,
164,3,3105659428462,3106112038307,10,3.94792,4,8.683e+08,1,0,
376,3,3101898807417,3102145592123,9,4.04392,2,8.683e+08,1,0,
30,1,3094230378660,3096040812045,12,0,4,8.683e+08,0,1,
30,2,3094230378660,3096040812680,12,-16.9638,4,8.683e+08,1,0,
30,3,3094230378660,3096040812960,12,2.66756,4,8.683e+08,1,0,
23,2,3102871402409,3103858539567,11,-15.5518,4,8.683e+08,1,0,
63,2,3094860894939,3095107679577,9,2.89339,4,8.681e+08,1,0,
63,3,3094860894939,3095107679842,9,4.72594,4,8.681e+08,1,0,
294,3,3101673743670,3101745680222,7,-0.0111991,4,8.681e+08,1,0,
330,2,3114210563881,3114282500483,7,8.13836,2,8.685e+08,1,0,
97,2,3109344393744,3109591179902,9,2.0134,2,8.681e+08,1,0,
97,3,3109344393744,3109591179417,9,-8.44968,2,8.681e+08,1,0,
196,1,3104606281402,3105593418901,11,0.43007,4,8.683e+08,1,0,
33,2,3099042651794,3099495260813,10,0,2,8.685e+08,0,1,
270,1,3104677290430,3104924075385,9,12.5434,2,8.685e+08,1,0,
270,3,3104677290430,3104924075382,9,-9.00941,2,8.685e+08,1,0,
65,1,3104550513697,3104622451481,7,-6.39751,2,8.683e+08,1,0,
65,2,3104550513697,3104622450048,7,-7.05194,2,8.683e+08,1,0,
364,1,3107910811045,3107982747246,7,0,4,8.683e+08,0,1,
364,3,3107910811045,3107982748339,7,-5.33362,4,8.683e+08,1,0,
333,1,3104970457008,3105217242103,9,-11.8871,2,8.683e+08,1,0,
333,2,3104970457008,3105217242890,9,-10.3337,2,8.683e+08,1,0,
333,3,3104970457008,3105217241754,9,-0.949798,2,8.683e+08,1,0,
233,3,3110875884257,3112686317777,12,-15.1281,4,8.685e+08,1,0,
219,1,3107892719919,3107964656930,7,-5.33641,4,8.681e+08,0,1,
219,3,3107892719919,3107964656496,7,-5.33641,4,8.681e+08,1,0,
179,1,3109875968136,3110328577446,10,-16.0054,4,8.681e+08,1,0,
179,3,3109875968136,3110328577564,10,-15.5206,4,8.681e+08,1,0,
85,2,3107929845108,3108382454029,10,-14.395,2,8.683e+08,1,0,
358,3,3112160141977,3112232078441,7,-8.52718,2,8.685e+08,1,0,
90,2,3110272880719,3110519666350,9,-4.32336,2,8.683e+08,1,0,
90,3,3110272880719,3110519665762,9,-10.1104,2,8.683e+08,1,0,
38,2,3113060805724,3113132741915,7,20.8316,4,8.683e+08,1,0,
38,3,3113060805724,3113132742842,7,-8.63597,4,8.683e+08,1,0,
8,1,3121139600869,3122950034006,12,-18.5436,4,8.681e+08,1,0,
8,3,3121139600869,3122950034895,12,-5.89567,4,8.681e+08,1,0,
276,1,3114976864983,3115223649597,9,-11.6558,2,8.683e+08,1,0,
276,3,3114976864983,3115223650666,9,-10.4507,2,8.683e+08,1,0,
154,1,3112379975462,3112513608119,8,-3.17337,4,8.683e+08,1,0,
154,2,3112379975462,3112513608636,8,-5.60367,4,8.683e+08,1,0,
352,2,3116492508359,3116945117062,10,-6.71208,4,8.683e+08,1,0,
352,3,3116492508359,3116945117288,10,-13.1682,4,8.683e+08,1,0,
220,1,3113257070846,3115067504268,12,0,4,8.683e+08,0,1,
220,2,3113257070846,3115067504913,12,0,4,8.683e+08,0,1,
195,1,3124436674283,3124508610706,7,0,4,8.683e+08,0,1,
268,2,3160019947321,3161830380460,12,-18.324,2,8.685e+08,1,0,
268,3,3160019947321,3161830381617,12,-13.7681,2,8.685e+08,1,0,
171,1,3119511464529,3121321899173,12,-16.6602,4,8.683e+08,1,0,
171,2,3119511464529,3121321898087,12,0,4,8.683e+08,0,1,
166,1,3116476957953,3116548895263,7,-7.12953,4,8.685e+08,1,0,
166,3,3116476957953,3116548894351,7,11.032,4,8.685e+08,1,0,
42,2,3118864627908,3118936564303,7,-5.83545,4,8.683e+08,1,0,
274,1,3118394924038,3118528556606,8,-7.0227,4,8.683e+08,1,0,
274,3,3118394924038,3118528556652,8,4.85911,4,8.683e+08,1,0,
387,1,3119497033698,3119949642395,10,-11.7639,2,8.683e+08,1,0,
387,2,3119497033698,3119949644023,10,-6.97504,2,8.683e+08,0,1,
387,3,3119497033698,3119949643543,10,-6.97504,2,8.683e+08,1,0,
338,3,3123090728062,3123337513589,9,-2.15335,4,8.685e+08,1,0,
67,2,3130064562655,3130517171865,10,-9.50934,4,8.683e+08,1,0,
67,3,3130064562655,3130517171453,10,9.67082,4,8.683e+08,1,0,
233,1,3291919084267,3293729518852,12,-5.83864,4,8.683e+08,0,1,
233,2,3291919084267,3293729517574,12,0,4,8.683e+08,0,1,
233,3,3291919084267,3293729517787,12,-5.83864,4,8.683e+08,1,0,
283,2,3128190753750,3128262690716,7,4.64903,2,8.685e+08,1,0,
283,3,3128190753750,3128262690305,7,-7.75717,2,8.685e+08,1,0,
70,1,3125355822149,3125489456264,8,-6.25458,2,8.681e+08,1,0,
70,2,3125355822149,3125489454741,8,-6.58029,2,8.681e+08,1,0,
70,3,3125355822149,3125489455920,8,-6.58029,2,8.681e+08,0,1,
134,1,3125576826132,3125710458971,8,6.05905,2,8.683e+08,1,0,
134,3,3125576826132,3125710460133,8,6.05905,2,8.683e+08,0,1,
398,1,3252913391307,3254723824857,12,-18.8719,2,8.685e+08,1,0,
40,1,3143262807012,3143334743989,7,0,2,8.683e+08,0,1,
40,3,3143262807012,3143334743218,7,0,2,8.683e+08,0,1,
269,2,3141615940674,3141687876898,7,24.354,2,8.683e+08,1,0,
269,3,3141615940674,3141687877813,7,-8.92471,2,8.683e+08,1,0,
51,1,3168031189429,3168483800034,10,-5.98015,4,8.683e+08,1,0,
51,2,3168031189429,3168483798721,10,0,4,8.683e+08,0,1,
387,1,3164757833708,3165210442405,10,-8.237,2,8.685e+08,1,0,
387,3,3164757833708,3165210443553,10,-10.328,2,8.685e+08,1,0,
26,1,3135139810278,3135211748305,7,-6.17969,4,8.681e+08,1,0,
380,3,3146042601109,3146114537722,7,13.719,4,8.683e+08,1,0,
400,2,3135911452843,3136898590126,11,-14.7603,2,8.685e+08,1,0,
100,1,3139957122105,3140409731036,10,-5.59747,4,8.685e+08,1,0,
100,2,3139957122105,3140409732608,10,-0.422423,4,8.685e+08,1,0,
192,1,3135332373061,3135579157863,9,-4.55154,2,8.683e+08,1,0,
192,2,3135332373061,3135579157929,9,-5.39287,2,8.683e+08,1,0,
127,3,3137589291658,3137722924456,8,-5.57828,2,8.683e+08,1,0,
356,2,3137870516218,3139680949724,12,-12.4313,4,8.685e+08,1,0,
5,1,3139154416192,3140141553739,11,-17.4161,4,8.681e+08,1,0,
5,3,3139154416192,3140141553337,11,-4.07082,4,8.681e+08,1,0,
375,1,3144138602549,3144591213000,10,-15.6024,4,8.683e+08,1,0,
375,2,3144138602549,3144591211693,10,-6.2679,4,8.683e+08,1,0,
375,3,3144138602549,3144591211966,10,-1.31753,4,8.683e+08,1,0,
389,2,3148161769833,3148614378840,10,-4.18539,4,8.681e+08,1,0,
389,3,3148161769833,3148614378756,10,7.51614,4,8.681e+08,1,0,
328,2,3142096387157,3143083524432,11,-6.09657,2,8.681e+08,1,0,
229,2,3144211355600,3144283291631,7,20.3095,2,8.681e+08,1,0,
49,1,3149946748279,3150080381896,8,-3.6933,4,8.685e+08,1,0,
49,2,3149946748279,3150080380834,8,-2.304,4,8.685e+08,1,0,
199,1,3146169893327,3146241829616,7,10.7913,2,8.685e+08,1,0,
379,2,3146475471240,3147462608698,11,0,4,8.681e+08,0,1,
292,2,3150698529132,3150832161825,8,-3.00627,4,8.681e+08,1,0,
292,3,3150698529132,3150832162444,8,-11.0474,4,8.681e+08,1,0,
89,2,3148993563995,3149240349024,9,7.74651,2,8.683e+08,1,0,
63,2,3150069893252,3150316677890,9,5.24951,4,8.683e+08,1,0,
391,1,3158882937626,3159016570446,8,-3.07507,2,8.683e+08,1,0,
153,1,3170639165665,3170885950420,9,-14.4205,4,8.681e+08,1,0,
153,2,3170639165665,3170885952088,9,-13.2149,4,8.681e+08,1,0,
153,3,3170639165665,3170885951459,9,-2.6284,4,8.681e+08,1,0,
42,2,3151266593355,3151338529750,7,4.64198,4,8.683e+08,1,0,
272,3,3155334750978,3155406688494,7,12.2654,4,8.681e+08,1,0,
133,1,3175075917594,3175147853784,7,25.9676,2,8.683e+08,1,0,
133,3,3175075917594,3175147854645,7,-2.05821,2,8.683e+08,1,0,
370,1,3169858776063,3169992408785,8,5.01539,4,8.683e+08,1,0,
332,2,3316111924314,3317922359152,12,-16.8436,2,8.683e+08,1,0,
179,1,3164021631912,3164474241222,10,-9.06332,4,8.683e+08,1,0,
184,1,3164868090728,3165320699660,10,-13.7402,4,8.681e+08,1,0,
184,2,3164868090728,3165320701163,10,-13.2431,4,8.681e+08,1,0,
265,3,3168293865276,3168365801933,7,3.97423,2,8.685e+08,1,0,
269,1,3167590030034,3167661967511,7,0,2,8.681e+08,0,1,
269,2,3167590030034,3167661966258,7,0,2,8.681e+08,0,1,
45,2,3186319080899,3186391018072,7,2.88582,4,8.683e+08,1,0,
45,3,3186319080899,3186391017447,7,-9.2624,4,8.683e+08,1,0,
382,1,3179915038816,3179986975262,7,-1.28404,4,8.683e+08,1,0,
308,1,3172379790330,3172832399914,10,-14.9889,2,8.683e+08,1,0,
308,2,3172379790330,3172832400186,10,8.44076,2,8.683e+08,1,0,
308,3,3172379790330,3172832399038,10,-3.54451,2,8.683e+08,1,0,
231,1,3175871367757,3176323976682,10,-5.79939,2,8.683e+08,1,0,
231,2,3175871367757,3176323978009,10,-14.508,2,8.683e+08,1,0,
278,1,3175806164045,3175939796722,8,0.842744,2,8.685e+08,1,0,
112,2,3174260949656,3174332886970,7,1.42793,4,8.683e+08,1,0,
112,3,3174260949656,3174332885823,7,5.54643,4,8.683e+08,1,0,
199,1,3197669866971,3197741803260,7,14.2888,2,8.683e+08,1,0,
329,1,3178411411726,3178483347858,7,7.29991,4,8.683e+08,1,0,
141,1,3177109746765,3177181683255,7,14.5738,4,8.681e+08,1,0,
141,3,3177109746765,3177181683946,7,-4.44784,4,8.681e+08,1,0,
227,3,3178549501570,3178621439196,7,-4.93239,2,8.683e+08,1,0,
159,1,3181369585832,3181503218282,8,6.59272,4,8.683e+08,1,0,
265,3,3181929070479,3182001007136,7,-1.15146,2,8.683e+08,1,0,
119,1,3181456068050,3181908676773,10,-4.07675,2,8.685e+08,1,0,
160,1,3187280472996,3187527257813,9,-11.9545,2,8.681e+08,1,0,
160,2,3187280472996,3187527257979,9,8.25952,2,8.681e+08,1,0,
160,3,3187280472996,3187527257501,9,-13.7869,2,8.681e+08,1,0,
290,3,3181064502233,3181136438322,7,19.6001,4,8.683e+08,1,0,
326,2,3351895228338,3351967165163,7,0.59578,4,8.681e+08,1,0,
326,3,3351895228338,3351967164735,7,8.99946,4,8.681e+08,1,0,
240,1,3358167068902,3359977502534,12,-5.68568,4,8.681e+08,1,0,
240,2,3358167068902,3359977502273,12,0,4,8.681e+08,0,1,
240,3,3358167068902,3359977502983,12,-10.0805,4,8.681e+08,1,0,
47,1,3358927914846,3359174699637,9,-4.10817,4,8.685e+08,1,0,
154,3,3352019822841,3352153456068,8,-7.20123,4,8.681e+08,1,0,
385,2,3352700673443,3353153282208,10,6.43498,2,8.681e+08,1,0,
393,1,3354509180812,3354755966967,9,-6.29994,2,8.683e+08,1,0,
313,1,3352741345526,3352988129999,9,-8.76907,2,8.683e+08,1,0,
313,3,3352741345526,3352988131057,9,-8.30601,2,8.683e+08,1,0,
12,1,3354686761499,3354933547245,9,-8.96762,4,8.683e+08,1,0,
12,2,3354686761499,3354933546156,9,-7.91873,4,8.683e+08,1,0,
18,1,3529128399219,3529200335991,7,4.78525,4,8.683e+08,1,0,
219,1,3365028096221,3365100033232,7,-1.3727,4,8.683e+08,1,0,
219,3,3365028096221,3365100032798,7,-3.89918,4,8.683e+08,1,0,
100,2,3355525569613,3355978180116,10,-8.86757,4,8.681e+08,1,0,
85,2,3361274070483,3361726679404,10,0.420792,4,8.681e+08,1,0,
163,1,3357748313565,3359558748177,12,-19.7947,4,8.683e+08,1,0,
163,2,3357748313565,3359558746886,12,0,4,8.683e+08,0,1,
163,3,3357748313565,3359558747116,12,-12.4426,4,8.683e+08,1,0,
12,1,3379365161509,3379611947255,9,-8.44353,4,8.681e+08,1,0,
22,1,3410707216433,3412517649791,12,-15.5279,4,8.681e+08,1,0,
178,1,3356650677523,3356897462144,9,-10.0009,2,8.685e+08,1,0,
235,1,3360618719982,3361071330235,10,-10.1093,4,8.683e+08,1,0,
235,2,3360618719982,3361071328832,10,2.00217,4,8.683e+08,1,0,
235,3,3360618719982,3361071329293,10,-0.980056,4,8.683e+08,1,0,
180,1,3376298883146,3376545668026,9,-4.39831,2,8.683e+08,1,0,
180,3,3376298883146,3376545668755,9,-9.69115,2,8.683e+08,1,0,
399,2,3363144173027,3363216109288,7,5.45594,2,8.683e+08,1,0,
399,3,3363144173027,3363216109959,7,5.45594,2,8.683e+08,0,1,
302,1,3362074893038,3362146829487,7,0,4,8.683e+08,0,1,
93,2,3362614712744,3363067321655,10,-9.36088,4,8.683e+08,1,0,
344,1,3362151326728,3363961759918,12,0,2,8.683e+08,0,1,
344,2,3362151326728,3363961760864,12,-16.2939,2,8.683e+08,1,0,
183,1,3364793589240,3365040374018,9,3.68105,2,8.683e+08,1,0,
300,1,3364983409355,3365970547755,11,-13.8251,2,8.685e+08,1,0,
277,1,3364568989665,3365021599022,10,-10.34,4,8.683e+08,1,0,
277,3,3364568989665,3365021599749,10,-1.38286,4,8.683e+08,1,0,
337,2,3369140033069,3369592642364,10,-2.88103,2,8.683e+08,1,0,
337,3,3369140033069,3369592641918,10,9.96433,2,8.683e+08,1,0,
185,2,3368994574475,3369241359004,9,23.905,4,8.681e+08,1,0,
185,3,3368994574475,3369241359881,9,-9.64514,4,8.681e+08,1,0,
348,3,3366967228936,3367100862955,8,-7.35782,4,8.685e+08,1,0,
124,1,3368596417604,3368668353886,7,1.04697,2,8.683e+08,1,0,
124,3,3368596417604,3368668354785,7,-9.13629,2,8.683e+08,1,0,
97,1,3370279460462,3370526244983,9,5.86561,2,8.683e+08,1,0,
256,3,3487024796924,3487096733479,7,-0.514297,4,8.681e+08,1,0,
289,2,3375296937034,3375430569890,8,-4.83317,2,8.683e+08,1,0,
246,1,3375477238947,3377287673507,12,-21.7281,4,8.685e+08,1,0,
246,2,3375477238947,3377287672336,12,-10.7317,4,8.685e+08,1,0,
246,3,3375477238947,3377287673470,12,-17.3644,4,8.685e+08,1,0,
308,1,3371834147898,3372286757482,10,-9.97618,2,8.683e+08,1,0,
308,3,3371834147898,3372286756606,10,-4.11816,2,8.683e+08,1,0,
87,2,3526161981168,3526233918131,7,-3.69856,2,8.683e+08,1,0,
87,3,3526161981168,3526233917433,7,3.50309,2,8.683e+08,1,0,
235,1,3596539626451,3596992236704,10,-11.2238,4,8.685e+08,1,0,
235,3,3596539626451,3596992235762,10,-7.78575,4,8.685e+08,1,0,
209,1,3589796662503,3590249271372,10,-9.70695,2,8.683e+08,1,0,
209,2,3589796662503,3590249271700,10,-15.0726,2,8.683e+08,1,0,
24,1,3593873285831,3593945223251,7,-0.391387,4,8.681e+08,1,0,
24,2,3593873285831,3593945222099,7,-1.66243,4,8.681e+08,1,0,
218,1,3380285195025,3380418827722,8,0,4,8.683e+08,0,1,
218,3,3380285195025,3380418828343,8,0,4,8.683e+08,0,1,
139,2,3384908114017,3384980050628,7,-6.32674,4,8.681e+08,1,0,
11,2,3381498872099,3381951481321,10,-10.3632,4,8.685e+08,1,0,
239,1,3379681907137,3379753843321,7,1.45694,2,8.685e+08,1,0,
300,1,3463697009365,3464684147765,11,-18.7106,2,8.683e+08,1,0,
6,2,3381224372875,3381296310021,7,-9.43248,2,8.681e+08,1,0,
6,3,3381224372875,3381296309364,7,0.0533455,2,8.681e+08,1,0,
301,1,3381421030162,3381667814821,9,0,4,8.681e+08,0,1,
326,2,3383138729461,3383210666286,7,12.4903,4,8.685e+08,0,1,
326,3,3383138729461,3383210665858,7,12.4903,4,8.685e+08,1,0,
53,3,3383596311615,3383668248160,7,16.3413,4,8.683e+08,1,0,
270,1,3387030368540,3387277153495,9,-7.92537,2,8.683e+08,1,0,
360,2,3393768528326,3393840464519,7,3.99049,4,8.681e+08,1,0,
374,3,3386640473854,3386712409986,7,5.84724,4,8.683e+08,1,0,
83,1,3412954389784,3413941527707,11,-19.4619,2,8.685e+08,1,0,
83,3,3412954389784,3413941527906,11,-19.4619,2,8.685e+08,0,1,
senderId,receiverID, sendTime, receivedTime,SF,SNR,Ftype, Freq,RX
3,326,1293350000000,1293391216397,7,-4.8203,3,8.685e+08,1
3,403,1710530000000,1710571216000,7,0,3,8.685e+08,1
2,35,3417450000000,3417532432000,8,0,3,8.683e+08,1
2,147,26950000000,28105072000,12,0,3,8.69525e+08,2
3,56,26600000000,27755072000,12,0,3,8.69525e+08,2
1,23,1439780000000,1440935074520,12,3.56358,3,8.69525e+08,2
3,214,3480320000000,3480361216057,7,11.0162,3,8.683e+08,1
3,29,313340000000,314495072000,12,0,3,8.69525e+08,2
1,46,2751370000000,2751411216164,7,5.90512,3,8.681e+08,1
1,66,1267960000000,1268042432000,8,0,3,8.683e+08,1
1,12,623140000000,623284384000,9,0,3,8.681e+08,1
3,51,1281900000000,1283055074458,12,-19.4103,3,8.69525e+08,2
2,116,308390000000,308534384863,9,-2.68535,3,8.685e+08,1
2,325,659130000000,659212432509,8,5.80393,3,8.681e+08,1
1,284,311450000000,312605072000,12,0,3,8.69525e+08,2
2,179,304920000000,306075074516,12,-2.18692,3,8.69525e+08,2
2,151,15120000000,15161216453,7,-2.87471,3,8.681e+08,1
1,4,8700000000,8741216000,7,0,3,8.685e+08,1
2,271,9920000000,11075074024,12,-11.9211,3,8.69525e+08,2
1,168,21400000000,21441216379,7,13.9326,3,8.685e+08,1
1,32,26170000000,27325072000,12,0,3,8.69525e+08,2
2,125,36170000000,36314384000,9,0,3,8.685e+08,1
1,370,30790000000,30872432722,8,-7.38138,3,8.685e+08,1
1,303,3580000000,4735072999,12,17.2863,3,8.69525e+08,2
3,8,11790000000,12945074026,12,-4.25796,3,8.69525e+08,2
3,118,1163130000000,1164285073873,12,4.30399,3,8.69525e+08,2
3,156,2805760000000,2805904386006,9,-6.90773,3,8.683e+08,1
3,62,1735830000000,1735912432000,8,0,3,8.685e+08,1
3,375,1465500000000,1466655073417,12,-7.61296,3,8.69525e+08,2
1,290,1471100000000,1471141216000,7,0,3,8.683e+08,1
1,243,774420000000,774461216000,7,0,3,8.685e+08,1
1,23,1341060000000,1342215074520,12,-15.3117,3,8.69525e+08,2
3,390,710170000000,710211216137,7,9.52761,3,8.681e+08,1
3,256,2102220000000,2102261216000,7,0,3,8.683e+08,1
2,403,61560000000,61601216340,7,0.236512,3,8.685e+08,1
1,115,745980000000,747135073421,12,-1.9593,3,8.69525e+08,2
1,224,1414440000000,1414584384000,9,0,3,8.683e+08,1
3,394,43360000000,44515072938,12,10.0919,3,8.69525e+08,2
3,53,959080000000,959121216000,7,0,3,8.681e+08,1
3,11,1266360000000,1267515074152,12,0.380784,3,8.69525e+08,2
1,302,42250000000,42291216000,7,0,3,8.685e+08,1
3,189,616860000000,616942432714,8,-5.70662,3,8.685e+08,1
1,167,43980000000,45135073016,12,2.34306,3,8.69525e+08,2
2,383,484120000000,485275074378,12,7.06021,3,8.69525e+08,2
3,272,483750000000,483791216000,7,0,3,8.681e+08,1
3,331,484810000000,485965072000,12,0,3,8.69525e+08,2
3,380,304100000000,304141216613,7,-5.61548,3,8.681e+08,1
3,326,40550000000,40591216397,7,9.70152,3,8.681e+08,1
1,55,3483150000000,3484305073199,12,-1.7099,3,8.69525e+08,2
2,301,1267720000000,1268875074321,12,-9.71471,3,8.69525e+08,2
1,316,759490000000,759634384845,9,-2.39845,3,8.681e+08,1
3,61,48750000000,48832432000,8,0,3,8.685e+08,1
2,292,74350000000,74432432000,8,0,3,8.685e+08,1
3,66,715970000000,716052432000,8,0,3,8.685e+08,1
1,43,1814660000000,1815815073346,12,7.31159,3,8.69525e+08,2
3,38,603870000000,603911217118,7,-4.99046,3,8.681e+08,1
2,316,784160000000,784304384823,9,0.609284,3,8.685e+08,1
3,364,1703900000000,1703941216000,7,0,3,8.685e+08,1
1,141,1106310000000,1106351216000,7,0,3,8.685e+08,1
1,148,355760000000,356915073430,12,-16.1784,3,8.69525e+08,2
2,315,2701040000000,2702195072000,12,0,3,8.69525e+08,2
1,219,2002580000000,2002621216000,7,0,3,8.681e+08,1
2,151,1130060000000,1130101216453,7,2.35762,3,8.685e+08,1
1,380,1130640000000,1130681216000,7,0,3,8.685e+08,1
2,208,1686660000000,1686804384818,9,-2.4006,3,8.685e+08,1
1,147,637140000000,638295073406,12,-6.42473,3,8.69525e+08,2
3,25,3412910000000,3414065073500,12,-14.4516,3,8.69525e+08,2
3,219,611280000000,611321216577,7,19.1513,3,8.685e+08,1
3,56,1347380000000,1348535073025,12,8.59987,3,8.69525e+08,2
1,151,1379550000000,1379591216000,7,0,3,8.683e+08,1
3,101,2901670000000,2901752432528,8,-2.47029,3,8.681e+08,1
3,395,699250000000,699332432935,8,-9.87414,3,8.681e+08,1
2,173,52370000000,53525073635,12,-11.6506,3,8.69525e+08,2
2,235,340130000000,341285072850,12,-1.3286,3,8.69525e+08,2
1,367,340370000000,341525073273,12,0.546677,3,8.69525e+08,2
2,93,3438550000000,3439705072911,12,16.9737,3,8.69525e+08,2
2,208,1394230000000,1395385072818,12,17.3134,3,8.69525e+08,2
2,191,2315160000000,2316315072938,12,3.18352,3,8.69525e+08,2
3,189,2124760000000,2124842432714,8,5.4255,3,8.683e+08,1
1,306,72650000000,72691216334,7,5.11503,3,8.685e+08,1
3,81,71690000000,71731216266,7,-0.362273,3,8.685e+08,1
1,102,389290000000,390445072982,12,19.7742,3,8.69525e+08,2
3,284,1324640000000,1325795073514,12,3.27919,3,8.69525e+08,2
2,356,750540000000,751695072000,12,0,3,8.69525e+08,2
1,75,2634570000000,2635725072825,12,1.18942,3,8.69525e+08,2
3,353,3546440000000,3546481216000,7,0,3,8.685e+08,1
3,166,3262730000000,3262771216398,7,-6.1264,3,8.683e+08,1
1,154,792610000000,792692432000,8,0,3,8.685e+08,1
2,105,443510000000,443551216321,7,14.0238,3,8.681e+08,1
3,121,496660000000,497815073298,12,-8.60455,3,8.69525e+08,2
2,219,2887820000000,2887861216000,7,0,3,8.683e+08,1
1,149,75650000000,76805072913,12,15.3493,3,8.69525e+08,2
3,30,1149810000000,1150965074300,12,2.76,3,8.69525e+08,2
1,274,1141890000000,1141972432568,8,7.31778,3,8.681e+08,1
2,372,1093240000000,1094395074137,12,1.96672,3,8.69525e+08,2
3,214,1096160000000,1096201216057,7,47.3991,3,8.681e+08,1
1,29,2882170000000,2883325073873,12,-4.10829,3,8.69525e+08,2
2,290,724110000000,724151216000,7,0,3,8.685e+08,1
1,35,1306980000000,1307062432000,8,0,3,8.683e+08,1
1,55,1273500000000,1274655073199,12,-8.75233,3,8.69525e+08,2
3,118,85670000000,86825073873,12,-8.21446,3,8.69525e+08,2
2,63,81380000000,82535072638,12,-8.21603,3,8.69525e+08,2
2,123,2040430000000,2040574385011,9,-6.35638,3,8.683e+08,1
3,396,479390000000,479431216000,7,0,3,8.681e+08,1
3,374,2221970000000,2222011216132,7,27.1177,3,8.681e+08,1
2,163,1194580000000,1195735073321,12,7.46349,3,8.69525e+08,2
3,56,2002510000000,2003665073025,12,-10.8014,3,8.69525e+08,2
2,386,84210000000,84251216181,7,5.42301,3,8.681e+08,1
1,218,450000000000,450082432000,8,0,3,8.681e+08,1
3,27,452080000000,452162432000,8,0,3,8.681e+08,1
2,279,2926710000000,2927865074113,12,1.79945,3,8.69525e+08,2
1,256,519960000000,520001216000,7,0,3,8.681e+08,1
3,233,1298240000000,1299395073520,12,-13.0179,3,8.69525e+08,2
3,260,91890000000,91931216000,7,0,3,8.685e+08,1
1,234,89750000000,90905073822,12,24.1995,3,8.69525e+08,2
2,272,1342850000000,1342891216000,7,0,3,8.685e+08,1
1,204,366400000000,366441216099,7,15.4931,3,8.681e+08,1
3,190,829490000000,830645073092,12,-17.6324,3,8.69525e+08,2
1,362,1481980000000,1482062432000,8,0,3,8.685e+08,1
2,69,2368930000000,2369074384000,9,0,3,8.683e+08,1
1,76,697730000000,697771216000,7,0,3,8.685e+08,1
2,362,2030140000000,2030222432783,8,-5.89931,3,8.683e+08,1
2,151,389120000000,389161216453,7,5.79739,3,8.681e+08,1
1,243,387650000000,387691216439,7,5.55706,3,8.685e+08,1
1,158,359680000000,359721217122,7,2.26326,3,8.685e+08,1
2,111,94780000000,95935073499,12,-9.49551,3,8.69525e+08,2
1,8,1069530000000,1070685073137,12,-12.5729,3,8.69525e+08,2
3,181,324230000000,324271216000,7,0,3,8.685e+08,1
3,328,2417510000000,2418665073232,12,10.1365,3,8.69525e+08,2
1,154,2406230000000,2406312432657,8,6.61541,3,8.685e+08,1
1,104,851040000000,851122432000,8,0,3,8.685e+08,1
2,220,852750000000,853905074067,12,-13.6233,3,8.69525e+08,2
3,326,856550000000,856591216397,7,8.65135,3,8.685e+08,1
2,187,2403630000000,2404785073062,12,-16.0322,3,8.69525e+08,2
3,163,2222780000000,2223935073551,12,5.49901,3,8.69525e+08,2
2,154,805970000000,806052432000,8,0,3,8.685e+08,1
1,348,2305930000000,2306012432860,8,4.92129,3,8.685e+08,1
3,4,102340000000,102381216475,7,5.06786,3,8.681e+08,1
2,362,99060000000,99142432783,8,-8.75095,3,8.685e+08,1
2,375,107270000000,108425073144,12,-13.597,3,8.69525e+08,2
2,370,636470000000,636552432000,8,0,3,8.685e+08,1
2,182,3005250000000,3006405073575,12,11.0306,3,8.69525e+08,2
1,53,1672170000000,1672211216000,7,0,3,8.685e+08,1
2,361,1133100000000,1134255072843,12,19.3827,3,8.69525e+08,2
2,139,1262870000000,1262911216611,7,4.68914,3,8.683e+08,1
3,331,1243420000000,1244575072724,12,22.4924,3,8.69525e+08,2
1,125,1370530000000,1371685072691,12,0.0172127,3,8.69525e+08,2
1,222,1101540000000,1102695073563,12,0.0796822,3,8.69525e+08,2
2,306,857970000000,858011217350,7,-4.89171,3,8.683e+08,1
1,197,2007610000000,2008765073577,12,-2.97569,3,8.69525e+08,2
1,34,101640000000,102795073565,12,8.43498,3,8.69525e+08,2
3,177,1787670000000,1787711216200,7,-2.86124,3,8.685e+08,1
2,383,665160000000,666315074378,12,-10.6943,3,8.69525e+08,2
3,371,955660000000,956815072971,12,-2.55264,3,8.69525e+08,2
3,66,1350600000000,1350682432772,8,6.62666,3,8.685e+08,1
1,168,2149550000000,2149591216379,7,9.19354,3,8.683e+08,1
3,55,597020000000,598175074351,12,-14.1795,3,8.69525e+08,2
2,53,124360000000,124401216000,7,0,3,8.685e+08,1
3,72,329500000000,330655073207,12,6.72025,3,8.69525e+08,2
2,64,1036400000000,1036441217480,7,-4.49293,3,8.685e+08,1
3,125,3448070000000,3448214384000,9,0,3,8.683e+08,1
3,63,106060000000,107215072903,12,14.0855,3,8.69525e+08,2
1,181,107760000000,107801216000,7,0,3,8.685e+08,1
2,220,1356840000000,1357995074067,12,-16.0327,3,8.69525e+08,2
2,142,2069310000000,2069454384000,9,0,3,8.685e+08,1
1,81,2818170000000,2818211216000,7,0,3,8.683e+08,1
3,374,727420000000,727461216132,7,20.3528,3,8.685e+08,1
2,357,1317670000000,1317711216000,7,0,3,8.685e+08,1
2,141,2561750000000,2561791217286,7,1.15611,3,8.683e+08,1
1,318,804430000000,805585074661,12,-14.7754,3,8.69525e+08,2
2,69,2961450000000,2962605072959,12,3.29779,3,8.69525e+08,2
2,292,1814190000000,1814272432000,8,0,3,8.683e+08,1
1,179,782240000000,783395072000,12,0,3,8.69525e+08,2
3,327,1719710000000,1719854384000,9,0,3,8.681e+08,1
1,266,1319020000000,1319061216000,7,0,3,8.685e+08,1
3,121,2582270000000,2583425072000,12,0,3,8.69525e+08,2
1,142,2254040000000,2254184384000,9,0,3,8.683e+08,1
2,202,1768000000000,1769155073502,12,-13.7338,3,8.69525e+08,2
2,348,1014640000000,1014722434211,8,-3.95497,3,8.681e+08,1
1,372,3448900000000,3450055073614,12,-5.93947,3,8.69525e+08,2
2,163,596140000000,597295072000,12,0,3,8.69525e+08,2
2,155,2339400000000,2340555073664,12,1.90996,3,8.69525e+08,2
3,12,1259360000000,1259504384000,9,0,3,8.685e+08,1
1,142,955400000000,955544385067,9,-11.841,3,8.685e+08,1
3,363,114110000000,114254384000,9,0,3,8.685e+08,1
2,187,1445100000000,1446255073062,12,22.6654,3,8.69525e+08,2
1,275,1428930000000,1428971216449,7,12.0086,3,8.683e+08,1
2,175,405520000000,406675073085,12,-0.817565,3,8.69525e+08,2
3,275,404140000000,404181217450,7,-6.28456,3,8.681e+08,1
3,286,1411100000000,1411182432789,8,-1.98306,3,8.685e+08,1
3,175,1446070000000,1447225074147,12,-13.6806,3,8.69525e+08,2
3,316,1691220000000,1692375072840,12,7.66371,3,8.69525e+08,2
3,52,118210000000,119365074379,12,-6.70225,3,8.69525e+08,2
2,96,2662890000000,2662931216000,7,0,3,8.683e+08,1
3,114,2592230000000,2592271216069,7,38.8966,3,8.683e+08,1
1,355,980360000000,980401216000,7,0,3,8.685e+08,1
3,232,2261870000000,2262014384000,9,0,3,8.685e+08,1
2,191,120260000000,121415072938,12,-7.67848,3,8.69525e+08,2
1,108,119160000000,119201216000,7,0,3,8.685e+08,1
1,242,2617080000000,2618235073099,12,-0.216842,3,8.69525e+08,2
3,218,2286770000000,2286852432000,8,0,3,8.685e+08,1
1,97,1702750000000,1702894384521,9,14.4467,3,8.681e+08,1
1,197,2805950000000,2807105073577,12,6.99161,3,8.69525e+08,2
1,59,128300000000,129455072000,12,0,3,8.69525e+08,2
3,243,2855270000000,2855311217617,7,8.19839,3,8.683e+08,1
1,360,2649450000000,2649491216000,7,0,3,8.683e+08,1
2,66,3200660000000,3200742432000,8,0,3,8.683e+08,1
3,29,132290000000,133445074188,12,24.3576,3,8.69525e+08,2
1,104,127260000000,127342432542,8,3.66024,3,8.685e+08,1
2,331,1681770000000,1682925072846,12,-0.120269,3,8.69525e+08,2
3,367,983290000000,984445072905,12,-0.910232,3,8.69525e+08,2
3,372,2059940000000,2061095072962,12,-3.73057,3,8.69525e+08,2
1,46,1684650000000,1684691216164,7,10.8099,3,8.683e+08,1
2,167,948560000000,949715073728,12,-11.3427,3,8.69525e+08,2
2,59,1309070000000,1310225072000,12,0,3,8.69525e+08,2
2,271,1372160000000,1373315074024,12,-2.78743,3,8.69525e+08,2
2,26,3004060000000,3004101216699,7,-3.78187,3,8.683e+08,1
2,202,1405910000000,1407065073502,12,-2.16664,3,8.69525e+08,2
1,141,2660050000000,2660091216490,7,13.3158,3,8.683e+08,1
1,364,843040000000,843081216201,7,7.26774,3,8.681e+08,1
2,123,1322190000000,1322334385011,9,1.19347,3,8.685e+08,1
3,351,3467190000000,3468345073223,12,-11.716,3,8.69525e+08,2
2,386,2851790000000,2851831216181,7,15.5622,3,8.683e+08,1
1,217,2787150000000,2788305073137,12,-11.054,3,8.69525e+08,2
2,254,137110000000,138265072000,12,0,3,8.69525e+08,2
1,82,309560000000,309601216409,7,6.69456,3,8.685e+08,1
3,396,2306670000000,2306711217211,7,-6.70776,3,8.683e+08,1
2,360,729460000000,729501216193,7,13.7584,3,8.681e+08,1
2,108,135300000000,135341216000,7,0,3,8.681e+08,1
1,62,137710000000,137792432000,8,0,3,8.685e+08,1
2,137,299830000000,299912432000,8,0,3,8.685e+08,1
1,160,2234090000000,2235245072817,12,13.807,3,8.69525e+08,2
3,232,781870000000,783025072655,12,-5.07317,3,8.69525e+08,2
3,25,2701420000000,2702575072000,12,0,3,8.69525e+08,2
2,158,423670000000,423711216000,7,0,3,8.681e+08,1
1,93,2024930000000,2026085074401,12,-12.2622,3,8.69525e+08,2
2,221,357700000000,357741216000,7,0,3,8.685e+08,1
2,215,1709080000000,1709121216285,7,0.43364,3,8.683e+08,1
3,82,3416160000000,3416201216000,7,0,3,8.683e+08,1
3,67,843340000000,844495072798,12,-8.0237,3,8.69525e+08,2
1,177,1368950000000,1368991216000,7,0,3,8.685e+08,1
3,214,2955370000000,2955411216057,7,31.7727,3,8.683e+08,1
1,47,144000000000,145155072791,12,18.3247,3,8.69525e+08,2
2,208,2820920000000,2822075072818,12,-8.42308,3,8.69525e+08,2
3,326,1759070000000,1759111216397,7,0.786866,3,8.681e+08,1
3,46,2349600000000,2349641216000,7,0,3,8.685e+08,1
1,177,2600450000000,2600491217257,7,1.73523,3,8.683e+08,1
3,35,146820000000,146902432000,8,0,3,8.685e+08,1
1,126,146990000000,147134384000,9,0,3,8.681e+08,1
1,94,1081720000000,1082875073160,12,-8.61476,3,8.69525e+08,2
1,168,474370000000,474411216379,7,1.87361,3,8.685e+08,1
3,114,417080000000,417121216069,7,30.2636,3,8.681e+08,1
1,299,420650000000,420691216000,7,0,3,8.685e+08,1
1,338,3248170000000,3248314384773,9,-11.4526,3,8.681e+08,1
2,152,2020570000000,2021725072881,12,0.82663,3,8.69525e+08,2
2,49,152600000000,152682432555,8,-7.39447,3,8.685e+08,1
2,245,157340000000,158495072626,12,18.4434,3,8.69525e+08,2
3,93,150150000000,151305072000,12,0,3,8.69525e+08,2
2,42,1008910000000,1008951216395,7,1.8418,3,8.685e+08,1
3,290,1018380000000,1018421216089,7,13.0753,3,8.685e+08,1
2,30,379170000000,380325074020,12,-16.6784,3,8.69525e+08,2
2,286,602560000000,602642432604,8,7.17859,3,8.681e+08,1
1,59,1758520000000,1759675073582,12,-0.822463,3,8.69525e+08,2
2,307,2124870000000,2124911216151,7,30.1051,3,8.685e+08,1
2,292,1410910000000,1410992432693,8,18.1631,3,8.685e+08,1
3,177,160500000000,160541216200,7,-2.01164,3,8.685e+08,1
3,325,777030000000,777112432000,8,0,3,8.681e+08,1
3,363,1184180000000,1184324384000,9,0,3,8.685e+08,1
3,43,622650000000,623805072000,12,0,3,8.69525e+08,2
2,238,326150000000,326294384666,9,-12.3586,3,8.681e+08,1
3,175,2339540000000,2340695074147,12,-9.93126,3,8.69525e+08,2
2,30,701000000000,702155074020,12,-1.68877,3,8.69525e+08,2
1,166,514390000000,514431217310,7,6.37411,3,8.681e+08,1
1,168,1250920000000,1250961216000,7,0,3,8.683e+08,1
3,394,344010000000,345165072938,12,3.38706,3,8.69525e+08,2
3,35,1473840000000,1473922432885,8,2.14461,3,8.683e+08,1
1,396,164130000000,164171216415,7,9.17014,3,8.685e+08,1
2,394,3225680000000,3226835073110,12,1.45003,3,8.69525e+08,2
1,151,2017740000000,2017781216000,7,0,3,8.685e+08,1
2,168,2428800000000,2428841216000,7,0,3,8.685e+08,1
1,342,3436520000000,3437675073088,12,9.75201,3,8.69525e+08,2
3,64,166220000000,166261216000,7,0,3,8.685e+08,1
3,53,2820610000000,2820651216545,7,-3.58824,3,8.685e+08,1
3,402,1126360000000,1126442432000,8,0,3,8.685e+08,1
1,168,1094210000000,1094251216000,7,0,3,8.685e+08,1
2,12,2797830000000,2797974384000,9,0,3,8.683e+08,1
3,214,2088910000000,2088951216057,7,19.4996,3,8.683e+08,1
1,111,707660000000,708815072000,12,0,3,8.69525e+08,2
2,353,1166980000000,1167021216000,7,0,3,8.683e+08,1
1,100,3286500000000,3287655072000,12,0,3,8.69525e+08,2
2,389,170970000000,172125073007,12,-5.73852,3,8.69525e+08,2
2,366,169030000000,169071216523,7,-4.19246,3,8.685e+08,1
1,301,168860000000,169004384000,9,0,3,8.681e+08,1
1,292,3561120000000,3561202432000,8,0,3,8.683e+08,1
1,123,2572830000000,2573985072829,12,0.265443,3,8.69525e+08,2
3,104,764950000000,765032432000,8,0,3,8.685e+08,1
1,272,1169960000000,1170001216343,7,10.7861,3,8.683e+08,1
2,156,1300850000000,1300994384000,9,0,3,8.685e+08,1
1,22,1311920000000,1313075073358,12,-12.6017,3,8.69525e+08,2
1,178,2701180000000,2702335072621,12,31.0098,3,8.69525e+08,2
3,326,1153880000000,1153921216397,7,3.81801,3,8.683e+08,1
2,63,1384400000000,1384544384638,9,-0.385238,3,8.685e+08,1
3,67,2089310000000,2090465072798,12,8.27231,3,8.69525e+08,2
1,254,2429080000000,2430235073573,12,-11.0975,3,8.69525e+08,2
3,348,171930000000,172012432000,8,0,3,8.685e+08,1
1,219,467630000000,467671216000,7,0,3,8.681e+08,1
1,88,830770000000,831925074776,12,-10.4629,3,8.69525e+08,2
2,342,1003140000000,1004295073415,12,-7.52792,3,8.69525e+08,2
2,215,174470000000,174511216285,7,-5.49011,3,8.685e+08,1
3,306,2597810000000,2597851216000,7,0,3,8.681e+08,1
2,201,2933750000000,2933894384822,9,-10.1264,3,8.681e+08,1
2,151,647990000000,648031216000,7,0,3,8.685e+08,1
3,151,681020000000,681061216000,7,0,3,8.683e+08,1
2,277,326390000000,327545073653,12,0.446534,3,8.69525e+08,2
1,67,326510000000,327665073956,12,9.85014,3,8.69525e+08,2
1,274,1693080000000,1693162432000,8,0,3,8.685e+08,1
3,177,822970000000,823011216200,7,0.915025,3,8.681e+08,1
2,374,2214780000000,2214821216000,7,0,3,8.683e+08,1
1,224,2027970000000,2028114384744,9,-3.94559,3,8.685e+08,1
2,151,2394560000000,2394601216453,7,-2.60104,3,8.681e+08,1
1,79,1656690000000,1656731216107,7,22.096,3,8.685e+08,1
1,282,2921530000000,2921612432511,8,-5.2858,3,8.683e+08,1
1,23,1538490000000,1539645074520,12,-0.919356,3,8.69525e+08,2
3,357,181670000000,181711216000,7,0,3,8.685e+08,1
1,46,653050000000,653091216164,7,-1.6564,3,8.681e+08,1
3,331,176570000000,177725072724,12,-0.759078,3,8.69525e+08,2
1,251,3245270000000,3246425073315,12,-7.43385,3,8.69525e+08,2
1,234,598310000000,599465073822,12,-2.884,3,8.69525e+08,2
2,208,3497540000000,3498695072818,12,-10.5933,3,8.69525e+08,2
1,217,299860000000,301015073137,12,0.627824,3,8.69525e+08,2
1,142,184350000000,184494385067,9,7.82136,3,8.685e+08,1
2,222,186740000000,187895074762,12,-8.22687,3,8.69525e+08,2
2,32,616580000000,617735073803,12,17.8209,3,8.69525e+08,2
2,255,2605570000000,2605611216350,7,12.0473,3,8.685e+08,1
3,215,1064660000000,1064701216000,7,0,3,8.685e+08,1
3,34,1070750000000,1071905074525,12,-17.6661,3,8.69525e+08,2
2,187,3395290000000,3396445073062,12,0.552369,3,8.69525e+08,2
1,350,2696620000000,2696764384000,9,0,3,8.681e+08,1
3,316,2044950000000,2046105072840,12,10.0109,3,8.69525e+08,2
1,76,2415700000000,2415741216494,7,-4.56729,3,8.683e+08,1
2,56,819580000000,820735073610,12,5.38417,3,8.69525e+08,2
1,121,191350000000,192505073176,12,-10.8886,3,8.69525e+08,2
1,104,679760000000,679842432542,8,-0.838531,3,8.681e+08,1
2,208,1060100000000,1060244384818,9,3.47097,3,8.685e+08,1
2,255,378790000000,378831216350,7,30.8831,3,8.681e+08,1
1,370,372600000000,372682432722,8,-3.17779,3,8.681e+08,1
3,353,3422510000000,3422551216000,7,0,3,8.681e+08,1
3,25,707160000000,708315072000,12,0,3,8.69525e+08,2
2,394,1039690000000,1040845073110,12,-13.7069,3,8.69525e+08,2
3,15,2679630000000,2679712432783,8,5.9809,3,8.681e+08,1
2,53,196040000000,196081216000,7,0,3,8.681e+08,1
3,233,196480000000,197635073520,12,-4.22746,3,8.69525e+08,2
3,210,1031260000000,1031404384000,9,0,3,8.681e+08,1
2,34,393890000000,395045074254,12,-11.2293,3,8.69525e+08,2
3,69,1458550000000,1458694384000,9,0,3,8.681e+08,1
1,29,1455090000000,1456245073873,12,-0.384597,3,8.69525e+08,2
2,48,2283480000000,2284635072873,12,-2.35951,3,8.69525e+08,2
3,171,1013760000000,1014915073506,12,-10.2155,3,8.69525e+08,2
2,115,2973450000000,2974605072955,12,6.33202,3,8.69525e+08,2
3,338,1137940000000,1138084385527,9,-2.97346,3,8.681e+08,1
3,43,1416120000000,1417275074516,12,-17.6861,3,8.69525e+08,2
2,338,1762120000000,1762264384000,9,0,3,8.683e+08,1
3,313,3245380000000,3245524384000,9,0,3,8.681e+08,1
2,255,1479460000000,1479501216350,7,1.4563,3,8.685e+08,1
2,20,200230000000,200374384914,9,-4.15395,3,8.685e+08,1
1,307,200110000000,200151216000,7,0,3,8.685e+08,1
3,390,741710000000,741751216137,7,6.11234,3,8.685e+08,1
1,23,2938810000000,2939965074520,12,-18.2337,3,8.69525e+08,2
2,25,3280410000000,3281565072000,12,0,3,8.69525e+08,2
2,173,1804270000000,1805425073635,12,-11.7004,3,8.69525e+08,2
3,66,2277880000000,2277962432772,8,-8.82254,3,8.683e+08,1
3,126,3341290000000,3341434386106,9,-9.48695,3,8.681e+08,1
1,271,455390000000,456545072000,12,0,3,8.69525e+08,2
2,118,445380000000,446535073614,12,-8.58632,3,8.69525e+08,2
2,66,363810000000,363892432739,8,-2.05679,3,8.681e+08,1
3,45,2236550000000,2236591216000,7,0,3,8.681e+08,1
2,274,2783890000000,2783972432000,8,0,3,8.683e+08,1
2,403,2621520000000,2621561216340,7,-3.08563,3,8.685e+08,1
1,149,1147120000000,1148275072913,12,-5.81908,3,8.69525e+08,2
1,204,666860000000,666901216099,7,12.1791,3,8.681e+08,1
3,254,1180200000000,1181355074333,12,11.5262,3,8.69525e+08,2
1,164,1650680000000,1651835072793,12,3.66367,3,8.69525e+08,2
2,179,3545900000000,3547055072000,12,0,3,8.69525e+08,2
3,342,2256690000000,2257845073766,12,3.43982,3,8.69525e+08,2
1,282,657370000000,657452432000,8,0,3,8.685e+08,1
1,126,330450000000,330594384000,9,0,3,8.681e+08,1
1,316,1433420000000,1433564384845,9,1.11647,3,8.683e+08,1
3,290,489120000000,489161216089,7,15.9181,3,8.681e+08,1
1,125,498100000000,498244384691,9,5.53476,3,8.681e+08,1
1,102,208250000000,209405072982,12,-12.3314,3,8.69525e+08,2
1,340,207420000000,207502432000,8,0,3,8.685e+08,1
3,112,208460000000,208501216167,7,-3.92555,3,8.685e+08,1
1,143,727940000000,729095073360,12,5.12297,3,8.69525e+08,2
3,217,470960000000,472115073492,12,-14.6518,3,8.69525e+08,2
1,165,749830000000,749871216000,7,0,3,8.683e+08,1
2,26,746240000000,746281216000,7,0,3,8.681e+08,1
2,35,844750000000,844832432000,8,0,3,8.685e+08,1
1,115,996720000000,997875073421,12,-16.7554,3,8.69525e+08,2
2,197,364400000000,365555074267,12,2.4996,3,8.69525e+08,2
1,363,3258790000000,3259945072739,12,8.90068,3,8.69525e+08,2
1,123,431500000000,431644384829,9,-7.73012,3,8.681e+08,1
3,62,430100000000,430182432607,8,-9.83716,3,8.685e+08,1
1,306,1283230000000,1283271216334,7,-3.49954,3,8.683e+08,1
3,388,3514060000000,3514204384000,9,0,3,8.681e+08,1
1,61,2583510000000,2583592432000,8,0,3,8.683e+08,1
1,210,1287350000000,1288505072672,12,0.206101,3,8.69525e+08,2
3,81,1487610000000,1487651216000,7,0,3,8.681e+08,1
3,222,1654100000000,1655255072000,12,0,3,8.69525e+08,2
2,234,2639390000000,2640545072547,12,-3.73613,3,8.69525e+08,2
3,95,394430000000,394471216376,7,18.2696,3,8.681e+08,1
1,395,402780000000,402862432740,8,12.3312,3,8.681e+08,1
3,72,216370000000,217525073207,12,-17.6244,3,8.69525e+08,2
1,306,216810000000,216851216334,7,6.18026,3,8.681e+08,1
2,334,217700000000,217741216367,7,8.11733,3,8.685e+08,1
2,26,799380000000,799421216699,7,0.0922555,3,8.685e+08,1
2,88,638270000000,639425073653,12,-11.5657,3,8.69525e+08,2
2,179,424410000000,425565074516,12,-0.886184,3,8.69525e+08,2
3,62,2872350000000,2872432432607,8,-4.47166,3,8.683e+08,1
2,111,2877200000000,2878355073499,12,15.1798,3,8.69525e+08,2
2,214,1172690000000,1172731216000,7,0,3,8.685e+08,1
2,219,1471360000000,1471401216000,7,0,3,8.683e+08,1
3,260,2075000000000,2075041216000,7,0,3,8.681e+08,1
1,275,3267200000000,3267241216449,7,16.3609,3,8.683e+08,1
3,390,349100000000,349141216137,7,-1.37576,3,8.681e+08,1
3,165,3268590000000,3268631216000,7,0,3,8.683e+08,1
2,325,3402260000000,3402342432509,8,-8.02518,3,8.683e+08,1
2,61,3432090000000,3432172432000,8,0,3,8.681e+08,1
3,52,438130000000,439285072000,12,0,3,8.69525e+08,2
3,274,2971480000000,2971562432614,8,-5.99583,3,8.681e+08,1
2,246,2300810000000,2301965072000,12,0,3,8.69525e+08,2
2,48,2307160000000,2307304384000,9,0,3,8.685e+08,1
1,369,511150000000,512305073574,12,-7.05501,3,8.69525e+08,2
3,214,2911640000000,2911681216057,7,36.6071,3,8.681e+08,1
1,272,2971710000000,2971751216000,7,0,3,8.683e+08,1
3,329,2362160000000,2362201216000,7,0,3,8.683e+08,1
2,35,1460470000000,1460552432696,8,-0.727798,3,8.683e+08,1
3,224,219920000000,220064385429,9,-5.73332,3,8.685e+08,1
1,100,220600000000,221755072931,12,10.7431,3,8.69525e+08,2
1,371,2593180000000,2594335073314,12,-13.0868,3,8.69525e+08,2
3,147,456100000000,457255074517,12,-12.5303,3,8.69525e+08,2
2,338,1270380000000,1270524386348,9,-12.0784,3,8.681e+08,1
1,154,2672390000000,2672472432657,8,-1.92688,3,8.683e+08,1
1,357,1324860000000,1324901216000,7,0,3,8.683e+08,1
2,177,1098940000000,1098981217371,7,-4.96213,3,8.681e+08,1
3,18,1329410000000,1329451216000,7,0,3,8.685e+08,1
2,326,2612680000000,2612721216825,7,-2.93045,3,8.683e+08,1
3,353,2866590000000,2866631216000,7,0,3,8.683e+08,1
1,282,224080000000,224162432511,8,2.47452,3,8.685e+08,1
2,317,223650000000,223691216000,7,0,3,8.685e+08,1
3,382,2041090000000,2041131216000,7,0,3,8.683e+08,1
3,76,2356260000000,2356301216000,7,0,3,8.683e+08,1
3,357,749510000000,749551216351,7,17.5618,3,8.685e+08,1
2,51,2081680000000,2082835073292,12,-4.83485,3,8.69525e+08,2
2,246,2119760000000,2120915072000,12,0,3,8.69525e+08,2
3,37,297370000000,298525073797,12,-12.239,3,8.69525e+08,2
2,23,227460000000,228615073158,12,-14.3321,3,8.69525e+08,2
3,331,2956830000000,2957985072724,12,-4.93278,3,8.69525e+08,2
3,246,2830340000000,2831495072000,12,0,3,8.69525e+08,2
1,121,694080000000,695235073176,12,-17.7323,3,8.69525e+08,2
2,218,1150170000000,1150252432000,8,0,3,8.685e+08,1
3,372,230940000000,232095072962,12,-1.40924,3,8.69525e+08,2
1,163,234060000000,235215072000,12,0,3,8.69525e+08,2
1,255,2361230000000,2361271216000,7,0,3,8.685e+08,1
1,42,237450000000,237491216000,7,0,3,8.685e+08,1
2,402,231730000000,231812432577,8,-4.92097,3,8.685e+08,1
1,353,232400000000,232441216898,7,-6.91893,3,8.685e+08,1
1,79,293640000000,293681216107,7,-5.7321,3,8.681e+08,1
1,82,461420000000,461461216409,7,5.11734,3,8.681e+08,1
3,232,1051340000000,1052495072655,12,8.08093,3,8.69525e+08,2
1,22,1492960000000,1494115073358,12,-13.911,3,8.69525e+08,2
1,243,673430000000,673471216439,7,16.1314,3,8.685e+08,1
2,389,796740000000,797895073007,12,21.1197,3,8.69525e+08,2
3,354,798050000000,799205072000,12,0,3,8.69525e+08,2
3,301,804850000000,804994384000,9,0,3,8.681e+08,1
3,254,1361240000000,1362395074333,12,-11.0964,3,8.69525e+08,2
2,331,720380000000,721535072846,12,-3.35426,3,8.69525e+08,2
3,111,3287800000000,3288955073579,12,-0.563918,3,8.69525e+08,2
3,4,237050000000,237091216475,7,-4.06737,3,8.681e+08,1
3,210,1771000000000,1771144384000,9,0,3,8.685e+08,1
2,227,3329150000000,3329191216000,7,0,3,8.681e+08,1
3,139,1318740000000,1318781216000,7,0,3,8.685e+08,1
1,96,1349980000000,1350021216000,7,0,3,8.685e+08,1
1,46,1027320000000,1027361216000,7,0,3,8.685e+08,1
1,27,995830000000,995912433770,8,-1.95671,3,8.685e+08,1
2,35,3545750000000,3545832432000,8,0,3,8.685e+08,1
2,196,241740000000,242895074550,12,-17.0936,3,8.69525e+08,2
1,382,243480000000,243521216446,7,3.15787,3,8.685e+08,1
3,29,3555340000000,3556495072000,12,0,3,8.69525e+08,2
3,372,1191950000000,1193105072962,12,-7.36703,3,8.69525e+08,2
2,165,415040000000,415081217755,7,2.1559,3,8.685e+08,1
3,142,751150000000,752305073367,12,15.6603,3,8.69525e+08,2
2,215,244960000000,245001216285,7,15.072,3,8.681e+08,1
1,340,2906690000000,2906772432000,8,0,3,8.681e+08,1
1,59,1128030000000,1129185073582,12,-7.31697,3,8.69525e+08,2
2,116,2806310000000,2807465072863,12,6.14185,3,8.69525e+08,2
3,56,670190000000,671345072000,12,0,3,8.69525e+08,2
3,219,317850000000,317891216000,7,0,3,8.685e+08,1
2,224,428660000000,428804384000,9,0,3,8.681e+08,1
3,340,1005910000000,1005992432552,8,-3.61389,3,8.681e+08,1
1,256,527150000000,527191216000,7,0,3,8.681e+08,1
3,32,517870000000,519025074031,12,-9.36127,3,8.69525e+08,2
2,141,254460000000,254501216000,7,0,3,8.681e+08,1
1,13,252510000000,252551216124,7,22.6982,3,8.681e+08,1
1,181,261630000000,261671216000,7,0,3,8.681e+08,1
3,31,2640520000000,2640602433237,8,-9.16841,3,8.681e+08,1
3,353,2934000000000,2934041216742,7,5.46662,3,8.681e+08,1
1,395,1018440000000,1018522432740,8,-9.9095,3,8.685e+08,1
1,121,1826950000000,1828105073176,12,-9.48245,3,8.69525e+08,2
2,234,3531800000000,3532955072547,12,4.70471,3,8.69525e+08,2
3,233,377520000000,378675073520,12,-3.30009,3,8.69525e+08,2
3,195,1431280000000,1431321217580,7,-3.04999,3,8.681e+08,1
3,303,1427900000000,1429055073509,12,6.37389,3,8.69525e+08,2
2,316,673370000000,673514384000,9,0,3,8.681e+08,1
3,374,694680000000,694721216132,7,24.3929,3,8.681e+08,1
3,389,1122030000000,1123185072923,12,-10.8016,3,8.69525e+08,2
2,197,264880000000,266035072000,12,0,3,8.69525e+08,2
3,274,261260000000,261342432614,8,2.87984,3,8.685e+08,1
3,100,391920000000,393075073653,12,-6.92364,3,8.69525e+08,2
1,147,818180000000,819335073406,12,-2.05144,3,8.69525e+08,2
3,8,414720000000,415875074026,12,1.01271,3,8.69525e+08,2
3,102,3350410000000,3351565072000,12,0,3,8.69525e+08,2
1,42,411870000000,411911216000,7,0,3,8.681e+08,1
2,225,3493840000000,3493881217667,7,-3.13379,3,8.681e+08,1
2,163,2836120000000,2837275073321,12,10.7892,3,8.69525e+08,2
3,72,538470000000,539625073207,12,9.99515,3,8.69525e+08,2
2,246,527680000000,528835073389,12,-6.32541,3,8.69525e+08,2
1,383,1384560000000,1385715073567,12,-6.50369,3,8.69525e+08,2
2,35,500980000000,501062432696,8,-8.56932,3,8.681e+08,1
2,380,512770000000,512811217036,7,-3.03764,3,8.681e+08,1
3,302,1372240000000,1372281216000,7,0,3,8.685e+08,1
1,356,1770810000000,1771965074458,12,3.25089,3,8.69525e+08,2
1,275,1331440000000,1331481216000,7,0,3,8.683e+08,1
3,112,3235870000000,3235911216167,7,6.59165,3,8.681e+08,1
1,164,485770000000,486925072793,12,10.2879,3,8.69525e+08,2
3,39,262580000000,263735073190,12,10.3593,3,8.69525e+08,2
2,121,3256010000000,3257165074372,12,-7.30467,3,8.69525e+08,2
2,255,263510000000,263551216350,7,0.682404,3,8.685e+08,1
1,11,266940000000,268095073932,12,-9.79117,3,8.69525e+08,2
3,12,2836410000000,2836554384000,9,0,3,8.683e+08,1
3,200,294440000000,294481216000,7,0,3,8.685e+08,1
3,189,354400000000,354482432000,8,0,3,8.681e+08,1
3,35,3301070000000,3301152432885,8,-5.09672,3,8.683e+08,1
2,238,1487310000000,1487454384666,9,2.27748,3,8.683e+08,1
1,147,2091160000000,2092315073406,12,2.08298,3,8.69525e+08,2
2,156,483750000000,483894384000,9,0,3,8.681e+08,1
3,326,863740000000,863781216397,7,2.90709,3,8.685e+08,1
1,195,2347610000000,2347651216000,7,0,3,8.685e+08,1
2,162,839770000000,840925073345,12,-13.694,3,8.69525e+08,2
2,258,352730000000,353885074336,12,30.953,3,8.69525e+08,2
2,180,2831880000000,2832024385395,9,-11.0886,3,8.681e+08,1
3,40,3273660000000,3273701216206,7,16.4244,3,8.681e+08,1
2,208,1286210000000,1286354384000,9,0,3,8.685e+08,1
1,266,274140000000,274181216204,7,1.19287,3,8.685e+08,1
3,62,273360000000,273442432607,8,-4.44455,3,8.681e+08,1
2,108,1719740000000,1719781216000,7,0,3,8.685e+08,1
2,156,1326530000000,1327685072976,12,-12.8734,3,8.69525e+08,2
2,316,2351050000000,2351194384823,9,-2.16487,3,8.683e+08,1
1,13,3229000000000,3229041216124,7,12.0416,3,8.683e+08,1
3,214,3465990000000,3466031216057,7,30.9666,3,8.685e+08,1
2,175,3468890000000,3470045073085,12,6.61925,3,8.69525e+08,2
3,114,836190000000,836231216069,7,24.4546,3,8.681e+08,1
1,353,837020000000,837061216000,7,0,3,8.685e+08,1
1,149,436160000000,437315072913,12,20.665,3,8.69525e+08,2
2,354,979100000000,980255073158,12,-8.28078,3,8.69525e+08,2
3,338,1674030000000,1674174384000,9,0,3,8.685e+08,1
3,181,1697920000000,1697961216000,7,0,3,8.685e+08,1
1,362,2867640000000,2867722432000,8,0,3,8.683e+08,1
1,364,305000000000,305041216201,7,-1.37949,3,8.685e+08,1
3,112,2052550000000,2052591216167,7,23.9693,3,8.681e+08,1
3,244,1752280000000,1753435074720,12,-14.2481,3,8.69525e+08,2
2,45,276720000000,276761217173,7,-4.69961,3,8.685e+08,1
1,272,2964510000000,2964551216343,7,-3.5182,3,8.685e+08,1
2,151,1734250000000,1734291216000,7,0,3,8.681e+08,1
1,182,279890000000,281045072000,12,0,3,8.69525e+08,2
2,23,3414630000000,3415785073158,12,2.49745,3,8.69525e+08,2
1,64,1152450000000,1152491216000,7,0,3,8.683e+08,1
3,402,1419980000000,1420062432000,8,0,3,8.685e+08,1
1,64,1043590000000,1043631216733,7,-2.74293,3,8.683e+08,1
1,256,2958430000000,2958471216893,7,1.22978,3,8.683e+08,1
3,210,2935050000000,2936205073292,12,-0.605651,3,8.69525e+08,2
1,49,1663420000000,1663502432000,8,0,3,8.681e+08,1
3,369,692200000000,693355074723,12,-14.8822,3,8.69525e+08,2
3,208,281470000000,282625073834,12,-10.4303,3,8.69525e+08,2
3,20,1391600000000,1391744385321,9,1.21994,3,8.681e+08,1
1,290,282210000000,282251217181,7,-1.31081,3,8.685e+08,1
2,123,282580000000,282724384000,9,0,3,8.685e+08,1
2,12,287870000000,289025072657,12,-4.41075,3,8.69525e+08,2
1,148,533100000000,534255073430,12,-3.21794,3,8.69525e+08,2
1,35,531890000000,531972432974,8,-1.44635,3,8.681e+08,1
3,181,2116960000000,2117001216378,7,0.175919,3,8.683e+08,1
2,366,3463690000000,3463731216000,7,0,3,8.681e+08,1
3,366,2373440000000,2373481216000,7,0,3,8.685e+08,1
2,111,1417750000000,1418905073499,12,-8.09708,3,8.69525e+08,2
1,46,864390000000,864431216164,7,-1.85463,3,8.685e+08,1
2,210,534120000000,534264385219,9,-6.06636,3,8.681e+08,1
1,282,542190000000,542272432511,8,-7.1033,3,8.681e+08,1
3,217,1772810000000,1773965073492,12,-11.3058,3,8.69525e+08,2
1,233,1479290000000,1480445074585,12,-4.21312,3,8.69525e+08,2
2,369,873240000000,874395074779,12,-9.51095,3,8.69525e+08,2
2,354,539460000000,540615073158,12,14.1148,3,8.69525e+08,2
3,154,544980000000,545062432000,8,0,3,8.681e+08,1
3,56,3483070000000,3484225072000,12,0,3,8.69525e+08,2
3,130,3274370000000,3275525074808,12,-11.247,3,8.69525e+08,2
2,156,1350210000000,1350354384000,9,0,3,8.683e+08,1
2,245,1020050000000,1021205072626,12,-9.58301,3,8.69525e+08,2
1,202,2834500000000,2835655074610,12,-3.03561,3,8.69525e+08,2
2,11,3450560000000,3451715073222,12,10.2494,3,8.69525e+08,2
1,34,2300330000000,2301485072000,12,0,3,8.69525e+08,2
1,52,619180000000,620335073901,12,0.989396,3,8.69525e+08,2
3,211,554540000000,555695073351,12,-5.08044,3,8.69525e+08,2
3,354,2351140000000,2352295074289,12,-1.54643,3,8.69525e+08,2
3,108,1436820000000,1436861216715,7,3.39012,3,8.685e+08,1
2,360,2093330000000,2093371216193,7,19.1334,3,8.685e+08,1
3,286,2093500000000,2093582432000,8,0,3,8.685e+08,1
1,37,2401380000000,2402535072882,12,-10.7545,3,8.69525e+08,2
1,272,1119580000000,1119621216343,7,3.31622,3,8.685e+08,1
1,142,550690000000,550834384000,9,0,3,8.681e+08,1
3,63,724730000000,725885072903,12,0.608537,3,8.69525e+08,2
1,100,1409880000000,1411035072931,12,10.3692,3,8.69525e+08,2
3,169,3258880000000,3260035072000,12,0,3,8.69525e+08,2
2,317,1660370000000,1660411216000,7,0,3,8.685e+08,1
1,142,2932460000000,2932604384000,9,0,3,8.683e+08,1
1,123,3468690000000,3468834384000,9,0,3,8.683e+08,1
3,137,945860000000,945942432000,8,0,3,8.681e+08,1
1,47,3330630000000,3330774384791,9,-8.91804,3,8.683e+08,1
3,355,675140000000,675181216279,7,-2.81625,3,8.681e+08,1
1,331,675120000000,676275073770,12,-3.67154,3,8.69525e+08,2
2,325,2224480000000,2224562432000,8,0,3,8.685e+08,1
1,197,964600000000,965755073577,12,-1.48112,3,8.69525e+08,2
1,79,1054410000000,1054451216107,7,24.5815,3,8.685e+08,1
2,175,555160000000,556315073085,12,-7.41305,3,8.69525e+08,2
3,325,1046010000000,1046092432843,8,20.9274,3,8.685e+08,1
3,96,3227070000000,3227111216589,7,6.16359,3,8.685e+08,1
3,167,1090370000000,1091525073911,12,-11.7394,3,8.69525e+08,2
1,369,2286440000000,2287595072000,12,0,3,8.69525e+08,2
3,238,1104100000000,1104244384000,9,0,3,8.685e+08,1
2,20,1441220000000,1441364384000,9,0,3,8.685e+08,1
2,189,558500000000,558582433444,8,-4.10362,3,8.681e+08,1
1,46,2373510000000,2373551216000,7,0,3,8.683e+08,1
1,187,3469860000000,3471015072000,12,0,3,8.69525e+08,2
3,184,566870000000,568025074111,12,0.522935,3,8.69525e+08,2
2,4,569530000000,569571216000,7,0,3,8.685e+08,1
1,105,2109660000000,2109701216000,7,0,3,8.685e+08,1
1,275,2798710000000,2798751216000,7,0,3,8.683e+08,1
1,356,569490000000,570645074458,12,-5.95996,3,8.69525e+08,2
1,53,2813420000000,2813461216000,7,0,3,8.683e+08,1
1,22,2325520000000,2326675073358,12,-2.66678,3,8.69525e+08,2
1,47,2114980000000,2115124384791,9,12.0128,3,8.685e+08,1
2,42,773180000000,773221216395,7,-3.25307,3,8.681e+08,1
1,338,1502750000000,1502894384773,9,-7.67877,3,8.685e+08,1
2,234,1173850000000,1175005072547,12,10.8246,3,8.69525e+08,2
1,290,3448400000000,3448441216000,7,0,3,8.685e+08,1
1,329,584530000000,584571216132,7,30.31,3,8.681e+08,1
2,94,576150000000,577305072000,12,0,3,8.69525e+08,2
3,367,578690000000,579845072905,12,-10.223,3,8.69525e+08,2
3,334,588710000000,588751217495,7,3.79538,3,8.681e+08,1
2,66,588790000000,588872432739,8,-9.74718,3,8.681e+08,1
2,12,868270000000,868414384657,9,0.93718,3,8.681e+08,1
2,307,3209990000000,3210031216151,7,-0.499175,3,8.683e+08,1
3,375,875830000000,876985073417,12,-8.52333,3,8.69525e+08,2
1,235,878980000000,880135072000,12,0,3,8.69525e+08,2
2,169,973000000000,973144384661,9,23.3207,3,8.681e+08,1
2,279,2094760000000,2095915074113,12,-8.70235,3,8.69525e+08,2
2,63,2106250000000,2106394384638,9,6.87376,3,8.683e+08,1
2,173,2048170000000,2049325073635,12,-4.67801,3,8.69525e+08,2
3,139,871520000000,871561217790,7,-6.80458,3,8.685e+08,1
2,168,885380000000,885421216000,7,0,3,8.683e+08,1
2,184,3212590000000,3213745074435,12,4.88944,3,8.69525e+08,2
2,54,1725800000000,1726955072870,12,3.76144,3,8.69525e+08,2
1,186,3195670000000,3196825073364,12,-17.1575,3,8.69525e+08,2
3,390,880790000000,880831216137,7,14.2379,3,8.685e+08,1
1,32,2981770000000,2982925073138,12,-1.47996,3,8.69525e+08,2
2,375,2987820000000,2988975073144,12,-3.92584,3,8.69525e+08,2
1,22,1674000000000,1675155073358,12,-0.0421134,3,8.69525e+08,2
1,67,3585780000000,3586935073956,12,8.25421,3,8.69525e+08,2
1,403,3588270000000,3588311216000,7,0,3,8.681e+08,1
3,142,1159240000000,1159384384000,9,0,3,8.683e+08,1
1,25,1165210000000,1166365073030,12,-11.7864,3,8.69525e+08,2
2,362,1249740000000,1249822432783,8,2.00383,3,8.681e+08,1
3,8,888480000000,889635074026,12,-5.06781,3,8.69525e+08,2
2,197,1117680000000,1118835074267,12,8.99985,3,8.69525e+08,2
2,386,1186920000000,1186961216181,7,5.26244,3,8.685e+08,1
2,156,3502760000000,3502904384976,9,3.53636,3,8.683e+08,1
1,396,1800830000000,1800871216415,7,-0.326461,3,8.683e+08,1
1,46,1059340000000,1059381216164,7,17.3713,3,8.683e+08,1
2,284,962550000000,963705073248,12,-15.6616,3,8.69525e+08,2
3,262,2972290000000,2973445074620,12,-14.2477,3,8.69525e+08,2
2,238,2249840000000,2250995072666,12,11.4481,3,8.69525e+08,2
2,374,1140890000000,1140931216000,7,0,3,8.685e+08,1
1,13,1135360000000,1135401216124,7,25.161,3,8.685e+08,1
1,102,1722970000000,1724125072000,12,0,3,8.69525e+08,2
3,35,3016590000000,3016672432000,8,0,3,8.683e+08,1
3,175,2240830000000,2241985074147,12,-13.401,3,8.69525e+08,2
3,232,964630000000,964774384655,9,-6.32295,3,8.685e+08,1
2,285,1754680000000,1755835072844,12,8.75676,3,8.69525e+08,2
1,238,886620000000,886764385003,9,7.11491,3,8.685e+08,1
2,11,889860000000,891015073222,12,0.210221,3,8.69525e+08,2
2,386,1424690000000,1424731216181,7,7.54993,3,8.685e+08,1
1,396,1453950000000,1453991216000,7,0,3,8.685e+08,1
2,60,2240210000000,2240354384000,9,0,3,8.681e+08,1
3,301,1079700000000,1079844385755,9,2.68269,3,8.685e+08,1
1,75,1078930000000,1079074384000,9,0,3,8.681e+08,1
1,46,3281510000000,3281551216164,7,1.82152,3,8.681e+08,1
3,66,979730000000,979812432772,8,-3.33679,3,8.685e+08,1
1,179,1048250000000,1049405073310,12,-6.98848,3,8.69525e+08,2
3,63,1442690000000,1442834384000,9,0,3,8.685e+08,1
1,76,1791050000000,1791091216494,7,16.5432,3,8.683e+08,1
2,204,895520000000,895561216000,7,0,3,8.685e+08,1
3,256,894150000000,894191216000,7,0,3,8.685e+08,1
1,121,897740000000,898895073176,12,-7.69386,3,8.69525e+08,2
1,204,902710000000,902751216099,7,49.222,3,8.685e+08,1
1,191,3318920000000,3320075072000,12,0,3,8.69525e+08,2
1,91,3324350000000,3324391216000,7,0,3,8.681e+08,1
2,360,3394850000000,3394891216193,7,11.7322,3,8.681e+08,1
3,81,3405550000000,3405591216266,7,10.6171,3,8.685e+08,1
1,246,1512550000000,1513705074560,12,-5.29109,3,8.69525e+08,2
3,143,908990000000,910145072000,12,0,3,8.69525e+08,2
2,26,906640000000,906681216699,7,-3.74719,3,8.685e+08,1
2,394,906900000000,908055073110,12,17.7393,3,8.69525e+08,2
3,137,913450000000,913532432589,8,1.26187,3,8.681e+08,1
3,375,921090000000,922245073417,12,5.51648,3,8.69525e+08,2
1,235,924240000000,925395074253,12,-7.10579,3,8.69525e+08,2
2,331,932530000000,933685072846,12,16.8548,3,8.69525e+08,2
3,76,931080000000,931121216000,7,0,3,8.685e+08,1
1,20,931580000000,931724384000,9,0,3,8.681e+08,1
1,59,946980000000,948135073582,12,3.86765,3,8.69525e+08,2
3,196,935260000000,936415074601,12,-2.21791,3,8.69525e+08,2
3,235,2806370000000,2807525072000,12,0,3,8.69525e+08,2
1,47,1195540000000,1195684384000,9,0,3,8.681e+08,1
1,62,3493990000000,3494072432815,8,6.75667,3,8.683e+08,1
1,353,2074440000000,2074481216000,7,0,3,8.683e+08,1
1,320,2852910000000,2854065072824,12,0.594499,3,8.69525e+08,2
1,116,2230290000000,2230434385491,9,-11.173,3,8.685e+08,1
3,383,1203520000000,1204675074581,12,-14.8067,3,8.69525e+08,2
2,56,3585310000000,3586465072000,12,0,3,8.69525e+08,2
2,386,2084660000000,2084701216181,7,11.1541,3,8.683e+08,1
2,342,3510750000000,3511905073415,12,-1.50853,3,8.69525e+08,2
3,96,3509090000000,3509131216589,7,-3.87454,3,8.683e+08,1
1,210,1217980000000,1219135072672,12,-2.8927,3,8.69525e+08,2
2,363,1211380000000,1211524384000,9,0,3,8.685e+08,1
1,82,2366470000000,2366511216409,7,12.8621,3,8.683e+08,1
2,274,1240600000000,1240682432000,8,0,3,8.681e+08,1
3,52,3515610000000,3516765074379,12,-10.5709,3,8.69525e+08,2
1,356,3523140000000,3524295072000,12,0,3,8.69525e+08,2
3,316,1212770000000,1212914384000,9,0,3,8.685e+08,1
3,48,1228480000000,1228624384000,9,0,3,8.681e+08,1
1,36,1213650000000,1213691216000,7,0,3,8.681e+08,1
1,39,2337560000000,2338715074361,12,-4.17297,3,8.69525e+08,2
1,221,2422490000000,2422531216177,7,7.28555,3,8.685e+08,1
2,355,1505050000000,1505091216000,7,0,3,8.685e+08,1
1,25,2914190000000,2915345073030,12,8.55522,3,8.69525e+08,2
3,351,2918140000000,2919295073223,12,-7.84112,3,8.69525e+08,2
2,351,1696020000000,1697175073656,12,-18.2874,3,8.69525e+08,2
2,371,1222220000000,1223375074131,12,-7.12758,3,8.69525e+08,2
3,247,2365650000000,2366805073996,12,-11.1221,3,8.69525e+08,2
2,396,1851530000000,1851571216000,7,0,3,8.685e+08,1
3,166,3530900000000,3530941216000,7,0,3,8.681e+08,1
3,211,2858360000000,2859515073351,12,-5.36104,3,8.69525e+08,2
1,371,2381530000000,2382685073314,12,-16.406,3,8.69525e+08,2
3,367,2895560000000,2896715072000,12,0,3,8.69525e+08,2
1,34,1261120000000,1262275073565,12,-9.58655,3,8.69525e+08,2
1,224,1220730000000,1220874384744,9,0.832627,3,8.685e+08,1
3,355,1795450000000,1795491216279,7,5.87424,3,8.683e+08,1
1,126,2969400000000,2970555072989,12,13.2842,3,8.69525e+08,2
2,41,2971980000000,2972021216352,7,4.33521,3,8.681e+08,1
2,353,3336740000000,3336781216000,7,0,3,8.683e+08,1
2,353,3344630000000,3344671216000,7,0,3,8.683e+08,1
2,115,1483170000000,1484325072955,12,-12.8212,3,8.69525e+08,2
1,258,2036800000000,2037955073546,12,3.89154,3,8.69525e+08,2
2,38,2270000000000,2270041216191,7,23.9833,3,8.681e+08,1
1,162,1745660000000,1746815074404,12,2.8112,3,8.69525e+08,2
2,191,2360420000000,2361575072938,12,-8.21194,3,8.69525e+08,2
2,210,2639070000000,2639214385219,9,-11.3569,3,8.681e+08,1
3,175,2016270000000,2017425074147,12,-0.534774,3,8.69525e+08,2
1,152,2684900000000,2686055073997,12,-14.2161,3,8.69525e+08,2
2,121,2680980000000,2682135074372,12,1.87503,3,8.69525e+08,2
2,262,1237490000000,1238645073579,12,1.97066,3,8.69525e+08,2
2,200,1748030000000,1748071216368,7,9.1828,3,8.685e+08,1
3,210,2573100000000,2573244385292,9,-1.54761,3,8.683e+08,1
1,390,1737070000000,1737111216000,7,0,3,8.683e+08,1
3,118,2630920000000,2632075072000,12,0,3,8.69525e+08,2
3,12,1230320000000,1231475073683,12,-1.91704,3,8.69525e+08,2
1,363,1236060000000,1236204384739,9,16.446,3,8.683e+08,1
1,75,1238570000000,1239725072825,12,19.3184,3,8.69525e+08,2
2,66,1827060000000,1827142432000,8,0,3,8.683e+08,1
2,215,1675230000000,1675271216285,7,12.5573,3,8.681e+08,1
2,363,1513960000000,1514104384000,9,0,3,8.683e+08,1
3,181,1510780000000,1510821216378,7,14.1748,3,8.683e+08,1
2,65,3230770000000,3230811216351,7,6.40602,3,8.681e+08,1
2,207,2264270000000,2265425073493,12,3.37593,3,8.69525e+08,2
1,93,2106290000000,2107445074401,12,-14.4204,3,8.69525e+08,2
1,143,2355680000000,2356835073360,12,-9.51475,3,8.69525e+08,2
2,371,1516690000000,1517845074131,12,-0.803252,3,8.69525e+08,2
2,20,3475330000000,3475474384000,9,0,3,8.685e+08,1
3,159,1689520000000,1689602432892,8,12.2172,3,8.685e+08,1
1,157,3335080000000,3336235072831,12,12.76,3,8.69525e+08,2
3,55,1521620000000,1522775072000,12,0,3,8.69525e+08,2
1,274,1519050000000,1519132432568,8,-2.54901,3,8.685e+08,1
2,316,2275900000000,2276044384000,9,0,3,8.681e+08,1
3,326,2058610000000,2058651216397,7,2.70821,3,8.683e+08,1
2,403,2406270000000,2406311216340,7,4.30719,3,8.683e+08,1
2,156,3182880000000,3183024384976,9,-2.67367,3,8.681e+08,1
1,286,1762760000000,1762842432000,8,0,3,8.683e+08,1
3,81,3590040000000,3590081216266,7,9.56417,3,8.683e+08,1
3,76,3472470000000,3472511216689,7,-0.291976,3,8.683e+08,1
1,30,1525460000000,1526615073385,12,0.746201,3,8.69525e+08,2
2,48,3583590000000,3583734384873,9,5.75948,3,8.685e+08,1
3,149,1675710000000,1676865072000,12,0,3,8.69525e+08,2
2,389,3292930000000,3294085073007,12,16.1812,3,8.69525e+08,2
3,152,2563800000000,2564955073958,12,10.947,3,8.69525e+08,2
3,39,2601820000000,2602975073190,12,1.58022,3,8.69525e+08,2
3,200,1531370000000,1531411217499,7,5.73651,3,8.685e+08,1
1,11,2058160000000,2059315073932,12,-6.82844,3,8.69525e+08,2
3,88,1806870000000,1808025074783,12,-8.26373,3,8.69525e+08,2
1,382,3540410000000,3540451216000,7,0,3,8.681e+08,1
1,12,1538240000000,1538384385746,9,-12.8371,3,8.683e+08,1
2,389,1537020000000,1538175073007,12,-5.16844,3,8.69525e+08,2
3,232,1556650000000,1557805072655,12,3.20154,3,8.69525e+08,2
1,100,1688440000000,1689595072931,12,-10.6791,3,8.69525e+08,2
2,386,2008490000000,2008531216181,7,-1.88428,3,8.683e+08,1
3,370,2006160000000,2006242432000,8,0,3,8.685e+08,1
2,187,1782150000000,1783305073062,12,-0.869613,3,8.69525e+08,2
3,214,3502950000000,3502991216057,7,27.7892,3,8.681e+08,1
3,254,1542280000000,1543435074333,12,3.92885,3,8.69525e+08,2
1,286,2560960000000,2561042432000,8,0,3,8.683e+08,1
3,112,3582950000000,3582991216000,7,0,3,8.683e+08,1
2,96,2999370000000,2999411216000,7,0,3,8.683e+08,1
3,325,3000320000000,3000402432843,8,-0.987136,3,8.685e+08,1
1,164,3017600000000,3018755072793,12,6.55437,3,8.69525e+08,2
1,55,2998090000000,2999245073199,12,-5.41557,3,8.69525e+08,2
1,75,2997060000000,2997204384825,9,-9.8264,3,8.685e+08,1
1,79,2569340000000,2569381216107,7,19.3482,3,8.681e+08,1
1,46,1718770000000,1718811216164,7,0.582444,3,8.683e+08,1
2,215,1543200000000,1543241216285,7,-2.47629,3,8.685e+08,1
3,382,1546200000000,1546241216000,7,0,3,8.685e+08,1
3,326,1552680000000,1552721216000,7,0,3,8.683e+08,1
1,81,1556080000000,1556121216000,7,0,3,8.681e+08,1
2,245,1556860000000,1557004384000,9,0,3,8.683e+08,1
2,52,1562670000000,1563825073616,12,-5.77386,3,8.69525e+08,2
1,151,1560490000000,1560531216000,7,0,3,8.683e+08,1
1,169,1565670000000,1565814384000,9,0,3,8.685e+08,1
3,95,1566190000000,1566231216376,7,14.1288,3,8.685e+08,1
3,316,1578310000000,1578454384000,9,0,3,8.685e+08,1
2,202,1586960000000,1588115073502,12,2.32979,3,8.69525e+08,2
2,274,1589400000000,1589482433291,8,5.7477,3,8.683e+08,1
1,297,1587270000000,1587311216353,7,9.44322,3,8.685e+08,1
3,234,1610210000000,1611365073647,12,12.3404,3,8.69525e+08,2
2,162,1600140000000,1601295072000,12,0,3,8.69525e+08,2
3,139,1596790000000,1596831216000,7,0,3,8.683e+08,1
1,371,1597810000000,1598965073314,12,-14.3975,3,8.69525e+08,2
3,214,1606600000000,1606641216057,7,25.4459,3,8.685e+08,1
2,156,1606250000000,1606394384976,9,-9.98602,3,8.685e+08,1
1,353,1612000000000,1612041216898,7,2.9601,3,8.683e+08,1
2,100,1612970000000,1614125074503,12,-11.4125,3,8.69525e+08,2
1,175,1619200000000,1620355074111,12,4.30153,3,8.69525e+08,2
3,390,1619250000000,1619291216137,7,8.92516,3,8.683e+08,1
3,191,1625800000000,1626955072000,12,0,3,8.69525e+08,2
2,184,1625600000000,1626755074435,12,-2.27499,3,8.69525e+08,2
1,307,1626280000000,1626321216000,7,0,3,8.681e+08,1
2,334,1627890000000,1627931216367,7,-6.32072,3,8.685e+08,1
2,152,1646270000000,1647425072881,12,-1.15806,3,8.69525e+08,2
1,331,1636510000000,1637665073770,12,-2.32722,3,8.69525e+08,2
1,339,1633160000000,1633201216400,7,-5.79042,3,8.685e+08,1
2,69,1633430000000,1633574384959,9,-9.88528,3,8.681e+08,1
3,290,1645270000000,1645311216089,7,41.6995,3,8.683e+08,1
1,168,1642450000000,1642491216379,7,-1.17189,3,8.683e+08,1
3,69,1658110000000,1658254384000,9,0,3,8.685e+08,1
3,371,1818720000000,1819875072971,12,-7.65085,3,8.69525e+08,2
3,219,1824100000000,1824141216577,7,3.79737,3,8.685e+08,1
3,39,2382820000000,2383975073190,12,17.1312,3,8.69525e+08,2
2,360,2387960000000,2388001216193,7,32.8224,3,8.683e+08,1
3,123,2379670000000,2379814385225,9,-11.1736,3,8.685e+08,1
2,286,2812720000000,2812802432000,8,0,3,8.683e+08,1
1,243,1819630000000,1819671216439,7,11.9166,3,8.681e+08,1
2,210,1822520000000,1823675073219,12,-10.2353,3,8.69525e+08,2
3,112,3009080000000,3009121216000,7,0,3,8.683e+08,1
3,163,2403830000000,2404985073551,12,10.0197,3,8.69525e+08,2
3,334,1834260000000,1834301216000,7,0,3,8.685e+08,1
1,154,1836070000000,1836152432000,8,0,3,8.683e+08,1
1,382,1911550000000,1911591216446,7,0.95163,3,8.683e+08,1
2,20,2146430000000,2146574384914,9,-5.93248,3,8.685e+08,1
1,137,3548110000000,3548192433705,8,-1.93463,3,8.681e+08,1
1,124,3277380000000,3277421216282,7,4.70333,3,8.681e+08,1
3,96,1839300000000,1839341216000,7,0,3,8.683e+08,1
1,32,3350140000000,3351295073138,12,0.0456246,3,8.69525e+08,2
1,256,2877240000000,2877281216000,7,0,3,8.685e+08,1
1,217,2247850000000,2249005073137,12,-4.54704,3,8.69525e+08,2
3,286,2330090000000,2330172432789,8,19.561,3,8.681e+08,1
1,348,2846970000000,2847052432860,8,-7.30469,3,8.681e+08,1
1,59,2120610000000,2121765073582,12,-2.6682,3,8.69525e+08,2
3,126,1842070000000,1843225072000,12,0,3,8.69525e+08,2
2,271,1844650000000,1845805074024,12,1.56859,3,8.69525e+08,2
3,61,1849860000000,1849942433738,8,-6.59531,3,8.685e+08,1
3,176,2674560000000,2675715073323,12,-12.7867,3,8.69525e+08,2
2,386,2658090000000,2658131216181,7,13.7202,3,8.685e+08,1
2,394,2416090000000,2417245073110,12,-6.50711,3,8.69525e+08,2
1,125,1848070000000,1848214384000,9,0,3,8.683e+08,1
1,182,1848410000000,1849565074835,12,-11.7845,3,8.69525e+08,2
2,56,2594590000000,2595745073610,12,5.39229,3,8.69525e+08,2
2,141,2793550000000,2793591217286,7,0.061036,3,8.683e+08,1
2,286,2629330000000,2629412432604,8,5.76815,3,8.685e+08,1
3,352,1854200000000,1855355072929,12,7.44737,3,8.69525e+08,2
2,232,1856260000000,1857415073822,12,-11.8975,3,8.69525e+08,2
3,299,1859330000000,1859371216000,7,0,3,8.683e+08,1
2,402,1858560000000,1858642432577,8,7.95267,3,8.681e+08,1
2,235,1868640000000,1869795072850,12,-8.99953,3,8.69525e+08,2
2,42,1871300000000,1871341216395,7,-6.15289,3,8.685e+08,1
3,246,1874640000000,1875795074523,12,-6.99356,3,8.69525e+08,2
1,79,1885310000000,1885351216107,7,14.3533,3,8.683e+08,1
3,166,1877910000000,1877951216398,7,0.225587,3,8.681e+08,1
2,61,1886790000000,1886872432601,8,-9.87755,3,8.685e+08,1
3,32,1910350000000,1911505074031,12,-5.63444,3,8.69525e+08,2
3,144,1890020000000,1890164384000,9,0,3,8.681e+08,1
2,386,1895280000000,1895321216181,7,-0.757461,3,8.683e+08,1
3,361,1898500000000,1899655072000,12,0,3,8.69525e+08,2
2,116,1899040000000,1900195072863,12,5.01888,3,8.69525e+08,2
1,221,1902780000000,1902821216177,7,4.57331,3,8.681e+08,1
3,46,1905790000000,1905831216000,7,0,3,8.681e+08,1
3,395,1914330000000,1914412432000,8,0,3,8.685e+08,1
2,372,1920240000000,1921395074137,12,-16.0286,3,8.69525e+08,2
1,342,1916790000000,1917945073088,12,-1.26424,3,8.69525e+08,2
1,154,1920940000000,1921022432000,8,0,3,8.681e+08,1
2,386,1917200000000,1917241216181,7,-2.0758,3,8.685e+08,1
2,374,1922940000000,1922981216000,7,0,3,8.683e+08,1
1,363,1931100000000,1931244384000,9,0,3,8.681e+08,1
3,116,1922720000000,1922864384000,9,0,3,8.681e+08,1
3,179,1929130000000,1930285073428,12,17.5007,3,8.69525e+08,2
2,298,1928280000000,1928362432000,8,0,3,8.681e+08,1
2,217,1934170000000,1935325072987,12,1.34786,3,8.69525e+08,2
1,254,1935950000000,1937105073573,12,8.19266,3,8.69525e+08,2
2,118,1983520000000,1984675073614,12,11.4516,3,8.69525e+08,2
3,318,1944260000000,1945415074459,12,-10.4431,3,8.69525e+08,2
3,152,1975310000000,1976465072000,12,0,3,8.69525e+08,2
2,202,1949040000000,1950195072000,12,0,3,8.69525e+08,2
1,11,1956410000000,1957565073932,12,-16.0392,3,8.69525e+08,2
2,403,1959560000000,1959601216340,7,-4.90309,3,8.685e+08,1
3,390,1959710000000,1959751216137,7,1.26546,3,8.681e+08,1
1,164,1993530000000,1994685072793,12,-12.9518,3,8.69525e+08,2
1,125,1981040000000,1981184384000,9,0,3,8.685e+08,1
2,42,1985860000000,1985901216395,7,10.9656,3,8.683e+08,1
3,245,1986370000000,1986514385802,9,-2.95134,3,8.685e+08,1
2,36,2019800000000,2019841216000,7,0,3,8.685e+08,1
2,361,2000660000000,2001815072843,12,-2.45029,3,8.69525e+08,2
1,168,1998440000000,1998481216000,7,0,3,8.681e+08,1
3,116,2133940000000,2134084385664,9,14.3232,3,8.685e+08,1
2,351,2139850000000,2141005073656,12,-3.11574,3,8.69525e+08,2
1,217,3566620000000,3567775072000,12,0,3,8.69525e+08,2
1,397,2413240000000,2414395072802,12,-15.0651,3,8.69525e+08,2
3,20,2413950000000,2414094384000,9,0,3,8.683e+08,1
3,340,2661590000000,2661672432000,8,0,3,8.685e+08,1
1,299,3286050000000,3286091216000,7,0,3,8.683e+08,1
3,137,3285940000000,3286022432000,8,0,3,8.683e+08,1
1,189,2138120000000,2138202432476,8,5.95772,3,8.683e+08,1
3,246,3379290000000,3380445074523,12,-9.86195,3,8.69525e+08,2
3,286,2316720000000,2316802432789,8,-0.503738,3,8.683e+08,1
2,26,2694660000000,2694701216699,7,0.478486,3,8.683e+08,1
3,275,3571030000000,3571071216000,7,0,3,8.681e+08,1
1,204,3575900000000,3575941216099,7,0.0463723,3,8.683e+08,1
3,331,3571920000000,3573075072724,12,2.13377,3,8.69525e+08,2
1,367,2259950000000,2261105072000,12,0,3,8.69525e+08,2
2,12,3286820000000,3286964384657,9,-4.76671,3,8.683e+08,1
3,211,2141100000000,2142255073351,12,7.54213,3,8.69525e+08,2
3,246,2649300000000,2650455074523,12,-10.0557,3,8.69525e+08,2
3,171,2310570000000,2311725073506,12,-2.79282,3,8.69525e+08,2
1,102,3036510000000,3037665072000,12,0,3,8.69525e+08,2
2,277,3034230000000,3035385072000,12,0,3,8.69525e+08,2
1,39,2647080000000,2648235074361,12,-18.9223,3,8.69525e+08,2
3,325,2250640000000,2250722432000,8,0,3,8.683e+08,1
1,76,3584070000000,3584111216000,7,0,3,8.685e+08,1
1,154,2154100000000,2154182432657,8,1.64046,3,8.683e+08,1
2,93,2151550000000,2152705072911,12,4.64304,3,8.69525e+08,2
3,192,3002990000000,3004145072873,12,2.95433,3,8.69525e+08,2
1,197,2163990000000,2165145072000,12,0,3,8.69525e+08,2
1,282,3504060000000,3504142432511,8,16.9094,3,8.685e+08,1
3,30,2159290000000,2160445072000,12,0,3,8.69525e+08,2
3,316,2882810000000,2882954384000,9,0,3,8.685e+08,1
2,207,2165550000000,2166705073493,12,-14.2644,3,8.69525e+08,2
1,22,3414520000000,3415675073358,12,15.7655,3,8.69525e+08,2
2,20,2171110000000,2171254384914,9,-12.6184,3,8.683e+08,1
3,108,2167220000000,2167261216000,7,0,3,8.685e+08,1
1,82,2169640000000,2169681216409,7,-0.808334,3,8.683e+08,1
2,229,3009390000000,3009431216031,7,25.8487,3,8.681e+08,1
3,128,2172930000000,2174085073659,12,-0.20082,3,8.69525e+08,2
1,13,2174390000000,2174431216124,7,-5.78618,3,8.685e+08,1
3,326,2176420000000,2176461216000,7,0,3,8.685e+08,1
1,142,2177810000000,2178965073067,12,-9.27956,3,8.69525e+08,2
2,67,2178710000000,2179865072000,12,0,3,8.69525e+08,2
3,265,2181280000000,2181321216657,7,-0.273193,3,8.681e+08,1
1,380,2181300000000,2181341216000,7,0,3,8.685e+08,1
2,137,2200540000000,2200622432000,8,0,3,8.683e+08,1
3,158,2196920000000,2196961217141,7,-0.839019,3,8.685e+08,1
2,336,2221820000000,2222975073682,12,9.82417,3,8.69525e+08,2
3,90,2203370000000,2203514384000,9,0,3,8.681e+08,1
1,271,2206740000000,2207895073708,12,4.86408,3,8.69525e+08,2
1,112,2205030000000,2205071216000,7,0,3,8.685e+08,1
2,95,2208960000000,2209001216000,7,0,3,8.685e+08,1
3,20,2210020000000,2211175073321,12,0.535447,3,8.69525e+08,2
2,43,2209100000000,2210255072000,12,0,3,8.69525e+08,2
1,238,2214240000000,2214384385003,9,-12.3395,3,8.685e+08,1
3,218,2430880000000,2430962432000,8,0,3,8.683e+08,1
1,396,2432090000000,2432131216415,7,5.07879,3,8.683e+08,1
2,63,2651420000000,2652575072638,12,11.4064,3,8.69525e+08,2
2,271,2626750000000,2627905074024,12,-12.5988,3,8.69525e+08,2
3,214,2615880000000,2615921216057,7,21.0429,3,8.683e+08,1
3,45,2609550000000,2609591216000,7,0,3,8.685e+08,1
1,338,2620920000000,2621064384773,9,4.36429,3,8.681e+08,1
3,235,3599000000000,3600155072000,12,0,3,8.69525e+08,2
2,255,2435010000000,2435051216350,7,0.136201,3,8.683e+08,1
3,94,2782580000000,2783735074161,12,-2.97926,3,8.69525e+08,2
1,12,2439250000000,2439394384000,9,0,3,8.685e+08,1
3,342,2438980000000,2440135073766,12,-18.0438,3,8.69525e+08,2
2,48,2708840000000,2708984384000,9,0,3,8.683e+08,1
1,382,2689010000000,2689051216446,7,-1.52733,3,8.683e+08,1
2,23,2440580000000,2441735072000,12,0,3,8.69525e+08,2
2,266,2443600000000,2443641216000,7,0,3,8.685e+08,1
1,312,2661120000000,2662275072000,12,0,3,8.69525e+08,2
3,10,3022790000000,3023945073073,12,16.0716,3,8.69525e+08,2
1,275,2791410000000,2791451216000,7,0,3,8.681e+08,1
1,196,2446080000000,2447235073499,12,11.9154,3,8.69525e+08,2
2,182,2572020000000,2573175073575,12,5.34865,3,8.69525e+08,2
3,261,2447100000000,2447141216000,7,0,3,8.681e+08,1
1,18,3530210000000,3530251216000,7,0,3,8.683e+08,1
2,142,3523510000000,3523654386385,9,1.05933,3,8.685e+08,1
3,254,2687410000000,2688565074333,12,-12.3089,3,8.69525e+08,2
2,105,2687170000000,2687211216321,7,-6.0892,3,8.683e+08,1
2,267,3346010000000,3347165073459,12,-4.99037,3,8.69525e+08,2
3,104,3186840000000,3186922432737,8,14.7146,3,8.683e+08,1
3,56,3392550000000,3393705073025,12,-2.79361,3,8.69525e+08,2
3,112,2627870000000,2627911216000,7,0,3,8.685e+08,1
1,108,2607280000000,2607321216476,7,7.37747,3,8.681e+08,1
1,292,3184700000000,3184782432000,8,0,3,8.683e+08,1
2,366,2452900000000,2452941216523,7,-4.30159,3,8.683e+08,1
3,301,2451160000000,2452315073755,12,-10.6653,3,8.69525e+08,2
1,22,3233480000000,3234635073358,12,-1.88119,3,8.69525e+08,2
2,202,3267670000000,3268825073502,12,-5.33211,3,8.69525e+08,2
1,189,2454600000000,2454682432476,8,-5.71202,3,8.681e+08,1
2,38,2464710000000,2464751216191,7,-3.92213,3,8.685e+08,1
2,284,2459640000000,2460795073248,12,16.797,3,8.69525e+08,2
1,47,2466020000000,2466164384000,9,0,3,8.685e+08,1
3,207,2477500000000,2478655073282,12,4.67334,3,8.69525e+08,2
2,366,2472590000000,2472631216523,7,2.35512,3,8.685e+08,1
1,102,2471280000000,2472435072982,12,-10.4826,3,8.69525e+08,2
2,204,2477090000000,2477131216000,7,0,3,8.683e+08,1
2,303,2482320000000,2483475073147,12,-9.85767,3,8.69525e+08,2
2,353,2486540000000,2486581216000,7,0,3,8.685e+08,1
1,197,2488700000000,2489855072000,12,0,3,8.69525e+08,2
3,355,2506350000000,2506391216279,7,12.782,3,8.681e+08,1
3,171,2491620000000,2492775073506,12,5.82442,3,8.69525e+08,2
2,109,2497960000000,2498001216223,7,1.87732,3,8.681e+08,1
1,262,2500900000000,2502055074456,12,0.411927,3,8.69525e+08,2
3,384,2503940000000,2505095072000,12,0,3,8.69525e+08,2
3,82,2500980000000,2501021216000,7,0,3,8.681e+08,1
1,364,2514620000000,2514661216201,7,23.1564,3,8.685e+08,1
2,82,2530420000000,2530461216000,7,0,3,8.685e+08,1
3,82,2518390000000,2518431216994,7,-5.37982,3,8.683e+08,1
2,14,2513810000000,2513892432509,8,-2.33739,3,8.681e+08,1
2,111,2515110000000,2516265073499,12,8.18654,3,8.69525e+08,2
1,126,2517770000000,2518925072989,12,4.2298,3,8.69525e+08,2
1,248,2521030000000,2521112432000,8,0,3,8.681e+08,1
3,36,2539620000000,2539661216000,7,0,3,8.685e+08,1
2,151,2524270000000,2524311216453,7,2.28565,3,8.683e+08,1
3,100,2529290000000,2530445073653,12,-0.566085,3,8.69525e+08,2
3,177,2527660000000,2527701216200,7,-1.25207,3,8.685e+08,1
3,177,2534860000000,2534901216200,7,24.8874,3,8.683e+08,1
1,348,2533040000000,2533122432860,8,-6.38118,3,8.683e+08,1
2,143,2536730000000,2537885074639,12,-12.1518,3,8.69525e+08,2
1,149,2539020000000,2540175072913,12,8.51115,3,8.69525e+08,2
2,8,2548410000000,2549565073794,12,-3.84914,3,8.69525e+08,2
2,26,2548090000000,2548131216000,7,0,3,8.683e+08,1
2,150,2553310000000,2553392433053,8,-0.741134,3,8.681e+08,1
1,220,2552440000000,2553595073422,12,23.2968,3,8.69525e+08,2
1,266,2808970000000,2809011216000,7,0,3,8.683e+08,1
3,20,2710130000000,2710274385321,9,-7.05833,3,8.683e+08,1
2,207,2862150000000,2863305073493,12,-8.06699,3,8.69525e+08,2
3,8,3306000000000,3307155072000,12,0,3,8.69525e+08,2
1,72,3273620000000,3274775073517,12,22.9026,3,8.69525e+08,2
1,66,2718710000000,2718792432000,8,0,3,8.683e+08,1
2,52,2719110000000,2720265073616,12,1.45299,3,8.69525e+08,2
1,282,2734450000000,2734532432000,8,0,3,8.683e+08,1
2,174,3350980000000,3351062432000,8,0,3,8.681e+08,1
1,275,3203170000000,3203211216449,7,-1.9131,3,8.685e+08,1
2,66,2957320000000,2957402432000,8,0,3,8.681e+08,1
3,215,3049400000000,3049441216000,7,0,3,8.683e+08,1
2,158,3045540000000,3045581216000,7,0,3,8.683e+08,1
2,63,3050080000000,3050224384000,9,0,3,8.683e+08,1
2,380,2739730000000,2739771216000,7,0,3,8.683e+08,1
3,314,2739620000000,2740775072690,12,-5.40971,3,8.69525e+08,2
2,354,3189660000000,3190815072000,12,0,3,8.69525e+08,2
3,20,3026090000000,3026234385321,9,-9.14326,3,8.683e+08,1
3,303,3223660000000,3224815072000,12,0,3,8.69525e+08,2
1,222,3214610000000,3215765073563,12,-17.1015,3,8.69525e+08,2
3,177,3042680000000,3042721216200,7,15.2547,3,8.685e+08,1
2,163,3017160000000,3018315073321,12,2.73245,3,8.69525e+08,2
1,21,3015800000000,3015944384661,9,-9.24272,3,8.681e+08,1
2,338,3020620000000,3020764384000,9,0,3,8.683e+08,1
2,63,2899930000000,2900074384638,9,-11.3125,3,8.683e+08,1
2,131,2746580000000,2746662432757,8,-5.65398,3,8.681e+08,1
2,12,3311500000000,3311644384657,9,-0.871886,3,8.685e+08,1
3,292,2752870000000,2752952432000,8,0,3,8.683e+08,1
1,380,2755500000000,2755541216706,7,-6.6541,3,8.681e+08,1
1,301,2759420000000,2760575072659,12,33.97,3,8.69525e+08,2
2,390,2760320000000,2760361216000,7,0,3,8.685e+08,1
2,93,2762090000000,2763245072911,12,3.7272,3,8.69525e+08,2
3,8,2762870000000,2764025074026,12,2.23238,3,8.69525e+08,2
1,100,3549180000000,3550335072931,12,-3.62651,3,8.69525e+08,2
1,13,3051020000000,3051061216124,7,22.0063,3,8.683e+08,1
2,39,3051810000000,3052965073531,12,0.871537,3,8.69525e+08,2
1,218,3416870000000,3416952432697,8,-6.12482,3,8.681e+08,1
1,141,3058540000000,3058581216490,7,-3.8576,3,8.685e+08,1
3,386,3054110000000,3054151216000,7,0,3,8.681e+08,1
1,37,3055750000000,3056905072882,12,0.26442,3,8.69525e+08,2
3,56,3437810000000,3438965073025,12,-6.66157,3,8.69525e+08,2
3,45,3076640000000,3076681216548,7,0.118684,3,8.685e+08,1
2,88,3308210000000,3309365073653,12,-11.0077,3,8.69525e+08,2
1,125,3292450000000,3292594384691,9,-8.81357,3,8.683e+08,1
1,220,3298120000000,3299275073422,12,2.20944,3,8.69525e+08,2
3,107,3595040000000,3595184384000,9,0,3,8.681e+08,1
3,17,3060320000000,3061475074464,12,-10.5354,3,8.69525e+08,2
3,181,3063430000000,3063471216378,7,1.76949,3,8.683e+08,1
2,139,3066540000000,3066581216611,7,9.37569,3,8.683e+08,1
1,32,3080480000000,3081635073138,12,7.99201,3,8.69525e+08,2
1,348,3086790000000,3086872432000,8,0,3,8.683e+08,1
2,296,3083650000000,3084805073765,12,1.10516,3,8.69525e+08,2
1,64,3080050000000,3080091216000,7,0,3,8.683e+08,1
2,365,3562950000000,3564105074210,12,-1.89862,3,8.69525e+08,2
3,211,3088090000000,3089245073351,12,-0.216582,3,8.69525e+08,2
1,258,3095520000000,3096675073546,12,7.3546,3,8.69525e+08,2
2,30,3098050000000,3099205074020,12,7.67581,3,8.69525e+08,2
2,260,3092630000000,3092671216523,7,4.44306,3,8.683e+08,1
3,63,3096110000000,3096254384903,9,-11.474,3,8.681e+08,1
3,164,3108120000000,3109275072000,12,0,3,8.69525e+08,2
1,196,3107600000000,3108755073499,12,1.75227,3,8.69525e+08,2
3,338,3124340000000,3124484385527,9,-3.09202,3,8.685e+08,1
1,154,3113520000000,3113602432000,8,0,3,8.683e+08,1
3,166,3117550000000,3117591216398,7,-1.91338,3,8.685e+08,1
2,352,3118950000000,3120105072703,12,1.2746,3,8.69525e+08,2
2,38,3114140000000,3114181216191,7,2.68559,3,8.683e+08,1
1,171,3123330000000,3124485074644,12,-8.96153,3,8.69525e+08,2
1,26,3136220000000,3136261216000,7,0,3,8.681e+08,1
3,8,3124960000000,3126115074026,12,0.865846,3,8.69525e+08,2
2,67,3132520000000,3133675073210,12,-1.33444,3,8.69525e+08,2
3,380,3147120000000,3147161216613,7,9.33196,3,8.683e+08,1
1,100,3142420000000,3143575072931,12,-0.589782,3,8.69525e+08,2
3,5,3142150000000,3143305072000,12,0,3,8.69525e+08,2
2,375,3146600000000,3147755073144,12,14.3786,3,8.69525e+08,2
3,292,3151840000000,3151922432000,8,0,3,8.681e+08,1
2,49,3151090000000,3151172432555,8,0.631852,3,8.685e+08,1
2,184,3167330000000,3168485072000,12,0,3,8.69525e+08,2
3,153,3171890000000,3172034384000,9,0,3,8.681e+08,1
1,179,3166480000000,3167635073310,12,-3.0926,3,8.69525e+08,2
2,112,3175340000000,3175381217314,7,-6.03932,3,8.683e+08,1
1,370,3171000000000,3171082432722,8,14.6691,3,8.683e+08,1
1,329,3179490000000,3179531216132,7,3.41685,3,8.683e+08,1
1,240,3361980000000,3363135073632,12,15.6899,3,8.69525e+08,2
1,103,3352550000000,3352591216271,7,-4.97998,3,8.681e+08,1
1,24,3594950000000,3594991216000,7,0,3,8.681e+08,1
1,30,3509630000000,3510785073385,12,4.9379,3,8.69525e+08,2
2,100,3357980000000,3359135074503,12,-16.3085,3,8.69525e+08,2
1,47,3360180000000,3360324384000,9,0,3,8.685e+08,1
3,235,3363080000000,3364235073311,12,-3.90776,3,8.69525e+08,2
2,185,3370250000000,3370394384529,9,-0.184158,3,8.681e+08,1
2,354,3370700000000,3371855073158,12,-19.9607,3,8.69525e+08,2
3,219,3366110000000,3366151216577,7,7.5967,3,8.683e+08,1
3,35,3487830000000,3487912432000,8,0,3,8.681e+08,1
1,389,3380340000000,3381495072000,12,0,3,8.69525e+08,2
3,326,3384220000000,3384261216397,7,-2.17635,3,8.685e+08,1
2,140,3383020000000,3384175072909,12,-4.58513,3,8.69525e+08,2
1,366,3390730000000,3390771216000,7,0,3,8.683e+08,1
2,139,3385990000000,3386031216000,7,0,3,8.681e+08,1
