gatewayID,X,Y,Z
1,0,0,1.5
EndDeviceID,X,Y,Z,SF
2,-79.7291,367.992,1,10,
3,268.802,463.394,1,12,
4,-127.972,321.255,1,10,
5,-45.7616,131.434,1,7,
6,173.29,-332.018,1,10,
7,60.3002,498.083,1,12,
8,321.264,268.561,1,12,
9,-201.182,-363.003,1,12,
10,-235.014,-196.458,1,10,
11,286.817,-4.68201,1,10,
12,-156.345,120.631,1,8,
13,-137.28,440.281,1,12,
14,212.075,496.261,1,12,
15,-9.62559,-488.531,1,11,
16,404.599,-172.352,1,12,
17,-315.654,384.095,1,12,
18,-395.717,231.97,1,12,
19,89.8786,-116.753,1,9,
20,312.639,-402.273,1,11,
21,-450.251,-283.655,1,12,
22,-174.662,27.5551,1,9,
23,449.393,235.607,1,12,
24,-325.344,-195.612,1,11,
25,-42.2926,442.989,1,10,
26,-278.027,-399.261,1,12,
27,-157.144,-386.747,1,12,
28,194.313,-411.455,1,12,
29,-336.364,93.8163,1,12,
30,175.888,-332.912,1,12,
31,-325.267,-296.005,1,12,
32,236.575,-468.976,1,12,
33,-41.8074,-12.1125,1,7,
34,-162.196,275.193,1,12,
35,184.142,-256.168,1,12,
36,-271.398,53.2112,1,12,
37,-290.275,457.16,1,12,
38,35.8639,199.744,1,9,
39,-340.735,-53.8723,1,12,
40,-136.225,-33.1736,1,8,
41,482.234,-329.973,1,12,
42,-47.513,137.822,1,7,
43,-140.918,334.306,1,11,
44,286.843,-32.3899,1,10,
45,472.366,-82.2672,1,12,
46,-170.907,-249.467,1,9,
47,-207.34,-160.922,1,9,
48,497.998,-25.7286,1,12,
49,-460.015,-325.54,1,12,
50,-90.001,-457.422,1,12,
51,2.00649,86.6869,1,7,
52,-450.127,-167.424,1,11,
53,417.246,-318.219,1,12,
54,-203.354,480.529,1,12,
55,-250.456,125.81,1,10,
56,-206.736,-221.63,1,10,
57,140.547,-461.619,1,12,
58,282.116,171.071,1,10,
59,-306.753,-171.002,1,10,
60,181.223,234.501,1,9,
61,-59.3661,-13.9898,1,7,
62,148.54,-195.073,1,9,
63,-275.084,102.317,1,11,
64,-229.519,220.613,1,11,
65,-212.07,360.856,1,12,
66,-383.422,-231.252,1,11,
67,-399.662,-245.491,1,12,
68,-370.65,-130.311,1,12,
69,356.094,-7.53393,1,10,
70,300.15,451.889,1,12,
71,98.8464,-143.336,1,7,
72,-242.372,-102.471,1,11,
73,57.6498,-155.28,1,8,
74,135.935,94.5712,1,7,
75,171.485,-295.444,1,11,
76,-90.972,-149.528,1,8,
77,262.623,29.6068,1,10,
78,305.482,203.856,1,12,
79,79.4735,243.782,1,9,
80,268.665,121.152,1,12,
81,-206.751,-351.725,1,12,
82,-284.203,59.3585,1,11,
83,-272.751,-275.038,1,11,
84,157.453,475.472,1,12,
85,-19.0141,173.008,1,8,
86,-446.919,-454.69,1,12,
87,-343.67,-294.065,1,12,
88,-203.908,486.869,1,12,
89,241.228,-117.142,1,10,
90,291.841,-117.59,1,11,
91,-443.271,-193.083,1,12,
92,249.82,-347.784,1,12,
93,11.3127,362.172,1,12,
94,157.506,329.602,1,12,
95,393.973,-60.5038,1,11,
96,-295.868,40.8278,1,10,
97,388.345,-309.315,1,12,
98,485.37,149.972,1,12,
99,-151.402,296.664,1,11,
100,335.289,-281.674,1,12,
101,306.559,-58.2475,1,10,
102,199.267,154.243,1,9,
103,-343.292,-23.2839,1,10,
104,-217.904,-329.265,1,12,
105,-254.862,250.019,1,12,
106,133.34,81.9858,1,7,
107,-315.049,-15.2428,1,11,
108,68.5699,-217.105,1,10,
109,-447.931,403.457,1,12,
110,5.90548,299.649,1,10,
111,108.65,345.827,1,12,
112,-19.8254,256.279,1,11,
113,-99.3995,-243.486,1,10,
114,-132.996,-230.691,1,10,
115,-171.989,-19.7258,1,8,
116,133.11,-295.526,1,10,
117,463.851,-34.8679,1,12,
118,-302.697,-146.551,1,11,
119,381.272,327.234,1,12,
120,124.351,-80.3346,1,7,
121,30.14,-116.043,1,7,
122,183.922,-52.5942,1,8,
123,178.34,194.36,1,10,
124,338.687,-282.879,1,12,
125,11.3655,11.0149,1,7,
126,484.345,363.369,1,12,
127,161.706,117.093,1,8,
128,-470.905,-447.649,1,12,
129,-61.7684,126.531,1,7,
130,-253.272,75.7233,1,10,
131,193.045,0.800744,1,9,
132,375.944,-217.616,1,12,
133,-354.475,-240.306,1,11,
134,193.263,476.323,1,12,
135,-172.698,287.245,1,11,
136,334.676,-493.417,1,12,
137,-374.229,-134.571,1,12,
138,-495.984,117.111,1,12,
139,127.171,-80.4151,1,8,
140,409.011,277.635,1,12,
141,459.723,-349.816,1,12,
142,-47.5869,449.489,1,12,
143,-494.208,-328.989,1,12,
144,-165.432,343.713,1,12,
145,384.087,-399.464,1,12,
146,371.064,-411.183,1,12,
147,365.957,-247.83,1,11,
148,-154.984,300.932,1,11,
149,-323.877,114.023,1,10,
150,-288.596,-261.225,1,11,
151,476.491,0.359894,1,12,
152,84.975,-107.791,1,7,
153,-187.328,-494.929,1,12,
154,-259.873,-292.338,1,11,
155,123.356,-214.629,1,10,
156,-75.7934,-83.4259,1,7,
157,115.341,8.67686,1,7,
158,26.932,101.004,1,7,
159,348.388,-311.108,1,12,
160,-356.603,389.007,1,12,
161,-456.505,337.83,1,12,
162,487.528,-11.2661,1,12,
163,257.772,-138.156,1,11,
164,-97.9042,181.89,1,8,
165,175.54,-295.356,1,12,
166,198.215,-101.171,1,9,
167,-398.847,-130.63,1,12,
168,-317.291,262.543,1,12,
169,-410.279,438.61,1,12,
170,-379.65,-375.13,1,12,
171,-490.931,-426.789,1,12,
172,6.79563,60.2715,1,7,
173,-294.61,-322.176,1,12,
174,21.4833,-146.107,1,7,
175,26.8462,303.591,1,10,
176,139.149,149.637,1,8,
177,414.53,356.696,1,12,
178,105.329,-220.609,1,12,
179,27.562,140.117,1,7,
180,-499.162,401.107,1,12,
181,407.2,-172.467,1,12,
182,454.768,-190.26,1,12,
183,-168.73,-136.186,1,10,
184,466.5,-346.811,1,12,
185,-373.875,-293.411,1,12,
186,-318.672,-342.111,1,12,
187,166.894,116.075,1,8,
188,-324.114,295.398,1,11,
189,-373.365,252.864,1,11,
190,9.94556,-11.4942,1,7,
191,402.463,-145.207,1,12,
192,305.396,453.914,1,11,
193,366.464,-49.882,1,12,
194,382.306,-429.615,1,12,
195,238.486,472.522,1,12,
196,188.166,-272.567,1,10,
197,336.197,-7.53396,1,9,
198,-358.447,-20.951,1,10,
199,-493.942,-35.2598,1,12,
200,-409.217,-421.24,1,12,
201,-141.666,264.091,1,11,
202,258.187,28.5043,1,10,
203,421.156,113.988,1,11,
204,38.5112,-427.329,1,11,
205,-334.435,439.544,1,12,
206,-239.367,-244.895,1,10,
207,61.0362,-179.126,1,7,
208,92.9576,-126.037,1,7,
209,-383.559,380.379,1,12,
210,-167.46,-359.563,1,11,
211,-434.857,16.8284,1,12,
212,6.43227,234.172,1,10,
213,-334.259,-13.6216,1,11,
214,-411.224,327.157,1,12,
215,-28.6666,-196.453,1,9,
216,384.621,159.892,1,11,
217,168.009,291.705,1,12,
218,202.156,-423.537,1,12,
219,253.519,-52.8066,1,9,
220,465.858,-415.97,1,12,
221,143.935,-352.892,1,10,
222,416.2,148.752,1,12,
223,245.035,67.8943,1,9,
224,-298.803,97.4807,1,10,
225,-281.657,-147.817,1,11,
226,-466.157,-286.675,1,12,
227,-259.261,-1.25514,1,9,
228,325.578,-499.293,1,12,
229,378.831,-245.589,1,12,
230,168.269,351.467,1,11,
231,-446.854,338.78,1,12,
232,-271.46,-162.595,1,11,
233,-391.108,212.22,1,12,
234,267.667,-116.903,1,9,
235,354.37,175.097,1,11,
236,-50.5942,-10.3087,1,7,
237,304.686,7.38304,1,9,
238,-70.6419,-369.708,1,12,
239,36.6815,-361.069,1,10,
240,445.718,-264.965,1,12,
241,351.875,-83.5035,1,10,
242,-321.345,-499.445,1,12,
243,-398.456,-114.915,1,11,
244,-415.719,-381.938,1,12,
245,-354.671,-231.955,1,12,
246,-355.825,144.092,1,9,
247,-129.068,129.954,1,7,
248,283.198,117.54,1,10,
249,375.42,373.629,1,12,
250,-405.851,-59.7165,1,12,
251,243.864,-334.081,1,12,
252,90.0105,-443.695,1,12,
253,-174.534,-72.7492,1,7,
254,166.277,254.37,1,9,
255,-238.602,-70.6024,1,10,
256,275.319,-462.911,1,12,
257,-305.289,-434.52,1,12,
258,-357.858,113.75,1,12,
259,-353.475,7.62808,1,11,
260,-318.073,-468.303,1,12,
261,-119.4,60.4748,1,8,
262,276.165,-100.084,1,10,
263,162.595,138.702,1,10,
264,188.784,1.19405,1,8,
265,55.6534,-312.675,1,10,
266,-417.229,-297.579,1,12,
267,-191.441,-32.6218,1,8,
268,283.337,284.347,1,11,
269,105.81,-491.4,1,12,
270,337.184,-54.7886,1,10,
271,349.9,-428.311,1,12,
272,120.683,110.919,1,8,
273,212.502,-129.27,1,9,
274,434.085,-7.03285,1,12,
275,80.1013,-369.761,1,10,
276,56.3968,60.6607,1,7,
277,148.194,-492.583,1,12,
278,-361.48,-395.335,1,12,
279,-403.534,-307.741,1,12,
280,224.008,-150.952,1,12,
281,26.6071,85.612,1,7,
282,-448.839,316.941,1,12,
283,-487.215,87.6933,1,12,
284,-225.707,179.36,1,9,
285,-326.48,-331.113,1,10,
286,424.352,213.812,1,12,
287,-357.826,-232.901,1,12,
288,19.2379,268.383,1,9,
289,-410.265,295.578,1,12,
290,-382.912,159.612,1,12,
291,63.8688,-429.84,1,12,
292,-128.004,145.301,1,9,
293,-405.161,-251.3,1,12,
294,73.0964,-419.19,1,11,
295,338.826,57.634,1,9,
296,-375.217,103.521,1,12,
297,312.632,-206.91,1,12,
298,-357.921,-384.896,1,12,
299,445.29,-30.3004,1,12,
300,366.592,67.1381,1,12,
301,28.5255,-201.493,1,8,
senderId,receiverID, sendTime, receivedTime,SF,SNR,Ftype, Freq,received, code
105,1,43208358723,45018791914,12,-2.98126,4,8.685e+08,1,0,
20,1,48894481512,49881619211,11,-17.7502,2,8.685e+08,1,0,
16,1,46884468261,48694901728,12,0,2,8.685e+08,0,1,
221,1,51860075776,52312685047,10,-8.68913,2,8.685e+08,1,0,
107,1,43531980835,44519117887,11,-5.68918,2,8.685e+08,1,0,
156,1,2324092428294,2324164364670,7,-6.10983,4,8.681e+08,1,0,
60,1,42420102298,42666887287,9,-13.247,2,8.685e+08,1,0,
222,1,39747186254,41557619728,12,0,2,8.685e+08,0,1,
47,1,2317171274653,2317418059528,9,-9.49571,4,8.683e+08,1,0,
152,1,69940334733,70012271191,7,3.61819,4,8.685e+08,1,0,
164,1,70363185507,70496818196,8,3.2366,2,8.685e+08,1,0,
140,1,1066491644077,1068302077726,12,-0.184692,4,8.685e+08,1,0,
215,1,2190796000043,2191042784705,9,-9.20784,2,8.685e+08,1,0,
205,1,69055829831,70866263673,12,0,2,8.685e+08,0,1,
13,1,1085029407786,1086839841324,12,0,4,8.685e+08,0,1,
183,1,19211960695,19664569418,10,-7.65794,4,8.685e+08,1,0,
211,1,54483918541,56294351993,12,-19.2169,2,8.685e+08,1,0,
106,1,65211523232,65283459754,7,-2.45865,2,8.685e+08,1,0,
97,1,56393719346,58204153002,12,-19.7134,4,8.685e+08,1,0,
85,1,58761882368,58895514949,8,5.48808,2,8.685e+08,1,0,
141,1,1091031885148,1092842319075,12,-14.2754,2,8.681e+08,1,0,
172,1,1060212974612,1060284910814,7,28.3302,4,8.685e+08,1,0,
31,1,115535781558,117346215025,12,-8.92381,4,8.685e+08,1,0,
281,1,125387496771,125459433070,7,3.8735,4,8.685e+08,1,0,
64,1,33860329698,34847466760,11,-12.3858,4,8.685e+08,1,0,
30,1,26869685154,28680118410,12,0,2,8.685e+08,0,1,
111,1,36824395102,38634828311,12,-7.71242,2,8.685e+08,1,0,
28,1,125759807936,127570241454,12,0,4,8.685e+08,0,1,
299,1,20800479866,22610913355,12,-11.6853,2,8.685e+08,1,0,
251,1,52736921210,54547354590,12,-9.57655,4,8.685e+08,1,0,
34,1,2218915199412,2220725632478,12,-14.2965,4,8.683e+08,1,0,
223,1,17539444624,17786229472,9,-9.4584,4,8.685e+08,1,0,
208,1,12313722531,12385659053,7,15.5137,2,8.685e+08,1,0,
122,1,19820103674,19953736312,8,17.533,4,8.685e+08,1,0,
131,1,9240373364,9487158008,9,-11.4269,4,8.685e+08,1,0,
47,1,10146773893,10393558768,9,1.27997,4,8.685e+08,1,0,
240,1,2212762915006,2214573348736,12,0,2,8.685e+08,0,1,
243,1,3257639713646,3258626851029,11,5.41085,4,8.683e+08,1,0,
87,1,2293091457367,2294901890876,12,-8.90124,2,8.685e+08,1,0,
112,1,1071813667367,1072800804224,11,1.33774,4,8.685e+08,1,0,
187,1,2172842519767,2172976152445,8,0.336243,2,8.685e+08,1,0,
155,1,1073695936004,1074148544830,10,-10.8008,2,8.685e+08,1,0,
24,1,2270260380830,2271247518096,11,-13.0103,2,8.685e+08,1,0,
99,1,1107065801112,1108052938223,11,-3.29649,2,8.681e+08,1,0,
238,1,2207592158456,2209402591712,12,-15.4633,2,8.685e+08,1,0,
43,1,1148792527844,1149779665054,11,-11.6784,4,8.685e+08,1,0,
114,1,2210367827680,2210820436568,10,14.3674,4,8.685e+08,1,0,
131,1,1070646997226,1070893781870,9,0,4,8.685e+08,0,1,
70,1,17034639032,18845072842,12,-17.4498,4,8.685e+08,1,0,
46,1,37491985811,37738770820,9,-11.0452,2,8.685e+08,1,0,
221,1,2326870499716,2327323108987,10,-14.3143,2,8.683e+08,1,0,
22,1,39302190406,39548974996,9,-6.00529,4,8.685e+08,1,0,
214,1,33383773385,35194207138,12,-14.9229,4,8.685e+08,1,0,
167,1,31920081042,33730514442,12,-11.9881,4,8.685e+08,1,0,
96,1,2510238434355,2510691043351,10,-4.79602,4,8.683e+08,1,0,
67,1,13919231821,15729665386,12,-13.7157,2,8.685e+08,1,0,
263,1,18263931358,18716540071,10,1.18456,4,8.685e+08,1,0,
96,1,25034018514,25486627510,10,-14.4546,4,8.685e+08,1,0,
122,1,2182236500952,2182370133590,8,-10.6224,4,8.683e+08,1,0,
127,1,67362904579,67496537245,8,-0.180083,2,8.685e+08,1,0,
199,1,6936560143,8746993795,12,-15.1498,2,8.685e+08,1,0,
51,1,73552922434,73624858723,7,0.525514,4,8.685e+08,1,0,
172,1,68728169653,68800105855,7,-1.33093,4,8.685e+08,1,0,
235,1,68390125973,69377263291,11,-7.49335,2,8.685e+08,1,0,
33,1,1192913651852,1192985587997,7,0.167512,2,8.685e+08,1,0,
172,1,1419189587447,1419261523649,7,12.4253,4,8.683e+08,1,0,
178,1,74036337072,75846769887,12,0,4,8.685e+08,0,1,
107,1,142245580845,143232717897,11,0.270326,2,8.681e+08,1,0,
170,1,81779602126,83590035906,12,7.59352,2,8.685e+08,1,0,
162,1,197784740387,199595174014,12,-3.34978,4,8.681e+08,1,0,
133,1,2483089393376,2484076530804,11,-15.5022,4,8.683e+08,1,0,
146,1,2517456856361,2519267290208,12,0,2,8.685e+08,0,1,
114,1,3157923127068,3158375735956,10,0,4,8.685e+08,0,1,
128,1,1267496835869,1269307270036,12,0,4,8.683e+08,0,1,
278,1,1199461077793,1201271511580,12,-15.4474,4,8.685e+08,1,0,
266,1,1201455787551,1203266221260,12,-7.72038,2,8.681e+08,1,0,
80,1,1505756340672,1507566773655,12,-15.1592,4,8.685e+08,1,0,
241,1,2166756296163,2167208905369,10,-9.058,4,8.683e+08,1,0,
74,1,3197976113471,3198048050023,7,-0.99269,4,8.683e+08,1,0,
241,1,1211211422288,1211664031494,10,-8.14801,4,8.685e+08,1,0,
228,1,2388812051402,2390622485390,12,-7.28554,2,8.685e+08,1,0,
51,1,2265927534274,2265999470563,7,-4.29639,4,8.683e+08,1,0,
163,1,84081041005,85068177981,11,-15.2563,2,8.685e+08,1,0,
75,1,122118718443,123105855582,11,-13.4806,2,8.681e+08,1,0,
34,1,88004513342,89814946408,12,-11.6717,4,8.685e+08,1,0,
19,1,93195535360,93442319851,9,-2.76746,4,8.685e+08,1,0,
195,1,203145727544,204956161310,12,-3.15637,2,8.681e+08,1,0,
121,1,2604556349664,2604628286064,7,16.8421,4,8.683e+08,1,0,
64,1,2658175803619,2659162940681,11,-13.9498,4,8.683e+08,1,0,
148,1,2618724456200,2619711593329,11,-8.17468,2,8.683e+08,1,0,
186,1,2581181171175,2582991604735,12,-4.5835,2,8.683e+08,1,0,
162,1,1111135280515,1112945714142,12,0,4,8.685e+08,0,1,
197,1,2325964200847,2326210985969,9,-0.185928,4,8.683e+08,1,0,
174,1,3394542306916,3394614243409,7,0.158921,2,8.683e+08,1,0,
94,1,3385124893468,3386935326687,12,-16.149,2,8.683e+08,1,0,
213,1,3384994674200,3385981811316,11,-9.62038,2,8.683e+08,1,0,
253,1,3393986230011,3394058166642,7,-4.42342,4,8.683e+08,1,0,
175,1,3391505218368,3391957827385,10,-5.73698,4,8.683e+08,1,0,
36,1,1798800511711,1800610944634,12,-12.3879,2,8.683e+08,1,0,
5,1,1730626571970,1730698508434,7,1.55332,4,8.685e+08,1,0,
39,1,1728281709380,1730092142531,12,-5.17393,2,8.683e+08,1,0,
274,1,2516738052490,2518548485938,12,0,2,8.683e+08,0,1,
244,1,2533825743626,2535636177509,12,-15.7198,4,8.681e+08,1,0,
62,1,97443157592,97689942410,9,13.9315,4,8.681e+08,1,0,
244,1,97984185522,99794619405,12,-13.9942,2,8.685e+08,1,0,
248,1,99683572467,100136181490,10,-16.9377,2,8.685e+08,1,0,
51,1,3312775257908,3312847194197,7,1.23425,4,8.683e+08,1,0,
22,1,1108680244840,1108927029430,9,-3.78352,4,8.685e+08,1,0,
7,1,3078588601657,3080399035331,12,-21.4528,4,8.681e+08,1,0,
281,1,3196329244173,3196401180472,7,3.31908,4,8.685e+08,1,0,
6,1,3194520664586,3194973273835,10,-10.2789,2,8.685e+08,1,0,
60,1,3153984115593,3154230900582,9,-13.9104,2,8.683e+08,1,0,
210,1,107283244532,108270381855,11,-9.72522,2,8.685e+08,1,0,
30,1,207912885164,209723318420,12,-12.0122,2,8.681e+08,1,0,
61,1,108830484505,108902420708,7,-2.20163,2,8.685e+08,1,0,
236,1,118544107773,118616043945,7,2.86667,4,8.685e+08,1,0,
208,1,112469107910,112541044432,7,-0.227935,2,8.681e+08,1,0,
16,1,227927668271,229738101738,12,0,2,8.681e+08,0,1,
230,1,115064900716,116052038016,11,-7.65959,2,8.685e+08,1,0,
102,1,128150503946,128397288787,9,-9.50998,4,8.685e+08,1,0,
125,1,119179944896,119251880949,7,20.4122,2,8.685e+08,1,0,
100,1,118890573589,120701007050,12,0,4,8.685e+08,0,1,
281,1,132581096781,132653033080,7,0,4,8.681e+08,0,1,
101,1,3163346316698,3163798925739,10,-11.7189,4,8.685e+08,1,0,
52,1,1183138448768,1184125586370,11,-15.3033,4,8.683e+08,1,0,
55,1,125561875654,126014484589,10,-14.6324,4,8.685e+08,1,0,
259,1,180947505501,181934642680,11,-15.6336,2,8.681e+08,1,0,
140,1,367632268895,369442702544,12,-16.7803,4,8.681e+08,1,0,
204,1,2205340130293,2206327267724,11,-5.78117,2,8.685e+08,1,0,
234,1,126467009006,126713793980,9,0,4,8.685e+08,0,1,
179,1,126054434278,126126370754,7,-7.34462,2,8.685e+08,1,0,
265,1,127156894350,127609503409,10,12.7721,2,8.681e+08,1,0,
174,1,126792288472,126864224965,7,9.93274,2,8.685e+08,1,0,
75,1,2351554643559,2352541780698,11,-3.7402,2,8.683e+08,1,0,
171,1,2312144166541,2313954600711,12,-19.2479,4,8.685e+08,1,0,
260,1,3473224026785,3475034460673,12,-21.2204,4,8.681e+08,1,0,
215,1,3544199775568,3544446560230,9,-11.8778,2,8.683e+08,1,0,
203,1,3546200713500,3547187850955,11,7.59998,2,8.683e+08,1,0,
107,1,3548788802920,3549775939972,11,-6.2545,2,8.683e+08,1,0,
241,1,129971609908,130424219114,10,6.70351,4,8.681e+08,1,0,
94,1,132060989698,133871422917,12,0,2,8.685e+08,0,1,
71,1,135605506451,135677443032,7,-3.28445,4,8.685e+08,1,0,
174,1,133985888482,134057824975,7,-0.505233,2,8.681e+08,1,0,
232,1,135561001142,136548138197,11,-14.1978,4,8.685e+08,1,0,
183,1,2552836792340,2553289401063,10,-7.52035,4,8.683e+08,1,0,
38,1,2539061771745,2539308556422,9,-7.61203,4,8.683e+08,1,0,
277,1,2544386991155,2546197424871,12,-17.7657,4,8.681e+08,1,0,
51,1,2550445473708,2550517409997,7,4.92853,4,8.681e+08,1,0,
217,1,133971786188,135782219311,12,-14.5888,4,8.685e+08,1,0,
75,1,220832318453,221819455592,11,-15.1741,2,8.681e+08,1,0,
172,1,3247623028685,3247694964887,7,20.355,4,8.683e+08,1,0,
240,1,1380201963536,1382012397266,12,-3.0275,2,8.685e+08,1,0,
297,1,1216929112254,1218739545505,12,-14.1469,4,8.681e+08,1,0,
164,1,1236418262449,1236551895138,8,-3.31975,2,8.685e+08,1,0,
116,1,2321403029891,2321855638972,10,-0.59764,4,8.683e+08,1,0,
251,1,2616933978424,2618744411804,12,1.7038,4,8.683e+08,1,0,
77,1,2617476566397,2617929175279,10,-0.646972,2,8.683e+08,1,0,
25,1,139721035022,140173644506,10,-12.7628,2,8.685e+08,1,0,
36,1,136672567871,138483000794,12,0,2,8.685e+08,0,1,
34,1,269047713352,270858146418,12,-20.05,4,8.681e+08,1,0,
281,1,139774696791,139846633090,7,1.19141,4,8.681e+08,1,0,
168,1,2542060175082,2543870608456,12,-6.39017,2,8.685e+08,1,0,
125,1,1082989043549,1083060979602,7,26.3216,2,8.683e+08,1,0,
157,1,1305228526877,1305300463263,7,-1.41092,4,8.685e+08,1,0,
3,1,1248437921947,1250248355734,12,-15.5725,2,8.681e+08,1,0,
202,1,1164186461130,1164639069996,10,-2.32254,4,8.685e+08,1,0,
24,1,1083671577403,1084658714669,11,0,2,8.681e+08,0,1,
162,1,1389497206310,1391307639937,12,-9.6974,4,8.683e+08,1,0,
22,1,3063280358572,3063527143162,9,0.195786,4,8.683e+08,1,0,
104,1,1347712989130,1349523422447,12,-10.7156,4,8.681e+08,1,0,
296,1,1484490234192,1486300667490,12,-21.5719,2,8.681e+08,1,0,
182,1,151475536140,153285969784,12,-6.92502,4,8.685e+08,1,0,
32,1,256369059420,258179493172,12,0,2,8.681e+08,0,1,
219,1,142517586389,142764371253,9,8.42027,4,8.681e+08,1,0,
20,1,147608081522,148595219221,11,-16.9189,2,8.681e+08,1,0,
270,1,142695315369,143147924508,10,-14.5925,2,8.685e+08,1,0,
197,1,176487226605,176734011727,9,-5.02339,4,8.685e+08,1,0,
173,1,172708842085,174519275541,12,0,4,8.685e+08,0,1,
118,1,3106299730703,3107286867825,11,-13.6281,2,8.683e+08,1,0,
76,1,169413875304,169547507888,8,-8.62739,2,8.685e+08,1,0,
180,1,3488056972595,3489867406731,12,-18.5504,2,8.683e+08,1,0,
77,1,143829300505,144281909387,10,-16.0882,2,8.685e+08,1,0,
128,1,147921421437,149731855604,12,-22.1566,4,8.685e+08,1,0,
182,1,3179976021708,3181786455352,12,3.14897,4,8.683e+08,1,0,
136,1,3413582812664,3415393246653,12,-17.641,2,8.683e+08,1,0,
237,1,1525529602656,1525776387673,9,-3.14087,2,8.685e+08,1,0,
280,1,3075826597032,3077637029933,12,-1.63209,2,8.685e+08,1,0,
64,1,152806224616,153793361678,11,23.208,4,8.681e+08,1,0,
100,1,299933773599,301744207060,12,0,4,8.681e+08,0,1,
190,1,155518487568,155590423619,7,25.3007,4,8.685e+08,1,0,
263,1,156323456296,156776065009,10,0,4,8.681e+08,0,1,
146,1,161096882026,162907315873,12,5.9337,2,8.685e+08,1,0,
275,1,160242885410,160695494672,10,-16.2157,2,8.685e+08,1,0,
67,1,194962431831,196772865396,12,-21.2161,2,8.681e+08,1,0,
234,1,1141905942264,1142152727238,9,-3.25975,4,8.681e+08,1,0,
191,1,1345586187583,1347396621010,12,-2.2162,2,8.681e+08,1,0,
80,1,1324713140662,1326523573645,12,-6.32011,4,8.681e+08,1,0,
216,1,1401439307689,1402426445078,11,-15.2497,4,8.685e+08,1,0,
139,1,1322100333035,1322233965537,8,0.0870827,2,8.685e+08,1,0,
139,1,1212986955545,1213120588047,8,-11.6534,2,8.683e+08,1,0,
165,1,2399851549620,2401661982766,12,-12.0596,2,8.685e+08,1,0,
149,1,3250734329411,3251186938556,10,0,2,8.685e+08,0,1,
55,1,170822675664,171275284599,10,0.606065,4,8.681e+08,1,0,
189,1,168911240206,169898377710,11,-13.178,4,8.685e+08,1,0,
200,1,175380402859,177190836818,12,-17.0227,2,8.685e+08,1,0,
79,1,172315752265,172562537120,9,0,4,8.685e+08,0,1,
149,1,173019516251,173472125396,10,0,2,8.685e+08,0,1,
200,1,356423602869,358234036828,12,-13.8902,2,8.681e+08,1,0,
38,1,201097364879,201344149556,9,-4.01234,4,8.685e+08,1,0,
169,1,201777478654,203587912657,12,0,4,8.685e+08,0,1,
130,1,1202015155681,1202467764563,10,3.63975,2,8.685e+08,1,0,
145,1,374425056844,376235490692,12,1.97871,2,8.681e+08,1,0,
166,1,177373885152,177620669894,9,-11.5284,2,8.685e+08,1,0,
62,1,1257153135984,1257399920802,9,-1.16449,4,8.685e+08,1,0,
113,1,192433243614,192885852491,10,-11.4234,2,8.685e+08,1,0,
56,1,182762717664,183215326675,10,-3.28122,2,8.685e+08,1,0,
91,1,180133885906,181944319519,12,-17.1697,4,8.685e+08,1,0,
212,1,1391055662556,1391508271337,10,0.103165,4,8.685e+08,1,0,
71,1,1372258453556,1372330390137,7,-0.261199,4,8.685e+08,1,0,
59,1,1360912857225,1361365466396,10,-7.1568,4,8.683e+08,1,0,
156,1,1368545162617,1368617098993,7,11.1831,2,8.685e+08,1,0,
102,1,1289999506629,1290246291470,9,-3.13313,4,8.683e+08,1,0,
114,1,2490961041729,2491413650617,10,0,4,8.683e+08,0,1,
71,1,2498457359986,2498529296567,7,-1.96344,4,8.683e+08,1,0,
228,1,2569855251412,2571665685400,12,0,2,8.683e+08,0,1,
255,1,213265340957,213717949787,10,5.73025,4,8.681e+08,1,0,
140,1,186589068885,188399502534,12,-6.84848,4,8.685e+08,1,0,
199,1,187979760153,189790193805,12,-17.0321,2,8.681e+08,1,0,
258,1,3141078926174,3142889359427,12,0,2,8.683e+08,0,1,
236,1,1406373063027,1406444999199,7,5.57941,4,8.685e+08,1,0,
272,1,3108216842392,3108350474939,8,-7.73747,4,8.683e+08,1,0,
60,1,3243366291701,3243613076690,9,2.2688,4,8.681e+08,1,0,
174,1,3284663128540,3284735065033,7,-0.359161,2,8.681e+08,1,0,
19,1,3295454585283,3295701369774,9,-5.59595,4,8.683e+08,1,0,
82,1,199699158840,200686295808,11,-4.58099,4,8.685e+08,1,0,
145,1,193381856834,195192290682,12,-13.5928,2,8.685e+08,1,0,
231,1,200750035668,202560469538,12,0,4,8.681e+08,0,1,
129,1,211913273427,211985209897,7,4.41645,2,8.685e+08,1,0,
276,1,239007849832,239079786108,7,15.4329,2,8.685e+08,1,0,
212,1,238975504904,239428113685,10,-1.87399,4,8.685e+08,1,0,
38,1,2317585010950,2317831795627,9,-10.656,4,8.683e+08,1,0,
269,1,238700691706,240511125383,12,-11.738,4,8.685e+08,1,0,
46,1,1053337174567,1053583959576,9,0,2,8.683e+08,0,1,
224,1,243107716480,243560325528,10,-16.2225,2,8.685e+08,1,0,
26,1,1120318013076,1122128446699,12,-7.62259,2,8.681e+08,1,0,
101,1,209262361290,209714970331,10,-10.3016,4,8.681e+08,1,0,
165,1,216714274265,218524707411,12,0,2,8.681e+08,0,1,
24,1,250552602898,251539740164,11,-11.8166,2,8.681e+08,1,0,
81,1,210503218813,212313652174,12,-16.5758,2,8.685e+08,1,0,
279,1,223972992035,225783425728,12,-22.3904,4,8.681e+08,1,0,
27,1,243936538158,245746971550,12,-21.7937,2,8.681e+08,1,0,
181,1,217415283430,219225716905,12,-18.4357,4,8.685e+08,1,0,
227,1,215263103371,215509888236,9,-7.62739,2,8.685e+08,1,0,
229,1,213881123524,215691557030,12,-14.5581,4,8.685e+08,1,0,
175,1,216944569555,217397178572,10,-5.88969,4,8.685e+08,1,0,
106,1,226617544655,226689481177,7,7.49087,2,8.681e+08,1,0,
137,1,231166183409,232976616736,12,-19.4198,2,8.685e+08,1,0,
156,1,2504721454232,2504793390608,7,16.123,2,8.683e+08,1,0,
65,1,2482929639582,2484740072978,12,-11.0637,4,8.685e+08,1,0,
264,1,2487953391021,2488087023651,8,2.03175,2,8.681e+08,1,0,
4,1,1113404521970,1113857131123,10,-11.1685,2,8.681e+08,1,0,
219,1,2212363184595,2212609969459,9,-12.5112,4,8.685e+08,1,0,
140,1,3234343288820,3236153722469,12,1.93184,4,8.685e+08,1,0,
130,1,3308687481444,3309140090326,10,-6.29852,2,8.681e+08,1,0,
91,1,361177085916,362987519529,12,-12.4235,4,8.681e+08,1,0,
59,1,228330040102,228782649273,10,0,4,8.685e+08,0,1,
36,1,317715767881,319526200804,12,0,2,8.681e+08,0,1,
83,1,230508723656,231495860948,11,-13.1554,4,8.685e+08,1,0,
164,1,3341350331470,3341483964159,8,-3.27217,2,8.683e+08,1,0,
30,1,1359391606174,1361202039430,12,2.6841,2,8.683e+08,1,0,
76,1,2653866406619,2654000039203,8,0.513276,2,8.683e+08,1,0,
42,1,3399885567808,3399957504294,7,-6.82135,4,8.683e+08,1,0,
298,1,232908688459,234719122212,12,-19.0239,2,8.685e+08,1,0,
73,1,232244560064,232378192617,8,2.01727,2,8.685e+08,1,0,
214,1,1196894418996,1198704852749,12,0,4,8.685e+08,0,1,
234,1,234645215546,234892000520,9,-12.4858,4,8.681e+08,1,0,
253,1,239732672932,239804609563,7,2.18651,4,8.685e+08,1,0,
51,1,1180436702425,1180508638714,7,14.1997,4,8.683e+08,1,0,
93,1,1208591371990,1210401805199,12,1.93979,4,8.685e+08,1,0,
93,1,3189489971030,3191300404239,12,0,4,8.681e+08,0,1,
151,1,3172913084969,3174723518558,12,-7.29811,4,8.683e+08,1,0,
288,1,1195905254234,1196152039132,9,1.2376,4,8.685e+08,1,0,
144,1,297890970761,299701404033,12,-6.19229,2,8.681e+08,1,0,
207,1,246682696508,246754633139,7,4.13674,4,8.685e+08,1,0,
218,1,253078948868,254889382433,12,-17.2702,2,8.681e+08,1,0,
118,1,247370787005,248357924127,11,-0.953857,2,8.685e+08,1,0,
112,1,241275487846,242262624703,11,0,4,8.685e+08,0,1,
93,1,242345676219,244156109428,12,0,4,8.685e+08,0,1,
121,1,245551494163,245623430563,7,-5.37656,4,8.685e+08,1,0,
277,1,1189723776777,1191534210493,12,0,4,8.685e+08,0,1,
244,1,1309757048069,1311567481952,12,-19.3462,2,8.683e+08,1,0,
83,1,1082808816022,1083795953314,11,5.23151,4,8.685e+08,1,0,
141,1,3086697327644,3088507761571,12,-7.80435,2,8.683e+08,1,0,
223,1,2344606416383,2344853201231,9,-5.73773,4,8.685e+08,1,0,
238,1,1452767121698,1454577554954,12,0,2,8.681e+08,0,1,
139,1,2248857227027,2248990859529,8,0,2,8.685e+08,0,1,
183,1,2193222695295,2193675304018,10,-8.09338,4,8.685e+08,1,0,
90,1,346093168568,347080305618,11,-14.7972,4,8.681e+08,1,0,
69,1,253741020229,254193629417,10,1.2169,4,8.685e+08,1,0,
138,1,415783743798,417594177498,12,-2.67839,2,8.681e+08,1,0,
202,1,258622693092,259075301958,10,-2.55756,4,8.685e+08,1,0,
142,1,362622375874,364432809382,12,-14.9408,4,8.681e+08,1,0,
278,1,259568405084,261378838871,12,-21.9297,4,8.685e+08,1,0,
188,1,255060236215,256047373678,11,-19.415,2,8.685e+08,1,0,
96,1,261349539248,261802148244,10,3.43618,4,8.681e+08,1,0,
156,1,257898161933,257970098309,7,7.45067,2,8.685e+08,1,0,
198,1,3180368376607,3180820985805,10,-12.3699,4,8.685e+08,1,0,
115,1,2431149389999,2431283022576,8,-11.5979,2,8.683e+08,1,0,
40,1,2434384988775,2434518621243,8,-3.95201,4,8.685e+08,1,0,
81,1,2542068130929,2543878564290,12,-14.6275,4,8.681e+08,1,0,
65,1,2692167594765,2693978028161,12,-20.1808,4,8.683e+08,1,0,
33,1,2706698461374,2706770397519,7,-8.20384,2,8.683e+08,1,0,
119,1,2693487280463,2695297714139,12,1.07549,2,8.685e+08,1,0,
99,1,274348987216,275336124327,11,5.16977,2,8.685e+08,1,0,
113,1,264530359716,264982968593,10,-2.14999,2,8.681e+08,1,0,
277,1,371038605190,372849038906,12,-11.7561,4,8.681e+08,1,0,
117,1,273502086210,275312519762,12,0,2,8.681e+08,0,1,
41,1,447220373715,449030807664,12,0,2,8.681e+08,0,1,
72,1,272820253565,273807390443,11,0,4,8.685e+08,0,1,
76,1,2357790470523,2357924103107,8,-3.01797,2,8.685e+08,1,0,
89,1,3489915713873,3490368322768,10,-6.80691,4,8.685e+08,1,0,
134,1,1191539387116,1193349820831,12,0,4,8.685e+08,0,1,
225,1,1172365017649,1173352154710,11,-16.6757,4,8.685e+08,1,0,
185,1,3221966177770,3223776611355,12,-19.4971,4,8.683e+08,1,0,
268,1,1521899144080,1522886281419,11,-7.00658,2,8.685e+08,1,0,
218,1,1529067120022,1530877553587,12,3.71089,2,8.685e+08,1,0,
157,1,1525098691718,1525170628104,7,16.5174,4,8.685e+08,1,0,
40,1,277419767916,277553400384,8,-2.89143,4,8.685e+08,1,0,
264,1,276041608177,276175240807,8,9.26344,2,8.681e+08,1,0,
250,1,275345321463,277155754831,12,-12.1848,4,8.685e+08,1,0,
201,1,283005703908,283992840908,11,-4.64281,4,8.685e+08,1,0,
29,1,290238522685,292048955850,12,0,4,8.685e+08,0,1,
51,1,277744755101,277816691390,7,5.66066,4,8.681e+08,1,0,
171,1,283063008971,284873443141,12,-17.9425,4,8.685e+08,1,0,
152,1,280242148385,280314084843,7,-5.92573,4,8.681e+08,1,0,
119,1,286430555325,288240989001,12,0,2,8.685e+08,0,1,
71,1,336631893779,336703830360,7,-9.32597,4,8.681e+08,1,0,
76,1,280889445714,281023078298,8,8.70157,2,8.681e+08,1,0,
44,1,1218390410224,1218843019187,10,-4.48614,4,8.681e+08,1,0,
196,1,1217474015658,1217926624763,10,1.66805,2,8.681e+08,1,0,
295,1,3238155314890,3238402100036,9,0,2,8.683e+08,0,1,
234,1,3238533394267,3238780179241,9,0,4,8.683e+08,0,1,
14,1,2378382687190,2380193120990,12,-13.9216,2,8.683e+08,1,0,
222,1,3563387369310,3565197802784,12,0,4,8.681e+08,0,1,
224,1,2176934394763,2177387003811,10,-6.33353,4,8.681e+08,1,0,
288,1,1510455975928,1510702760826,9,3.12145,4,8.683e+08,1,0,
81,1,1517007264819,1518817698180,12,-14.2752,2,8.683e+08,1,0,
287,1,1511837931029,1513648364453,12,-18.1127,2,8.681e+08,1,0,
269,1,1509974211704,1511784645381,12,-19.6765,4,8.683e+08,1,0,
267,1,1510967103656,1511100736304,8,-9.14708,4,8.681e+08,1,0,
94,1,1961130345342,1962940778561,12,-6.97342,2,8.683e+08,1,0,
278,1,1745944707024,1747755140811,12,-6.90446,4,8.683e+08,1,0,
77,1,1741712829161,1742165438043,10,-15.3472,2,8.685e+08,1,0,
82,1,1742171126254,1743158263222,11,-16.6792,4,8.683e+08,1,0,
45,1,1777706135639,1779516569238,12,-0.454238,2,8.683e+08,1,0,
123,1,284228132041,284680740921,10,-6.07123,4,8.685e+08,1,0,
76,1,294252645724,294386278308,8,-5.62367,2,8.681e+08,1,0,
216,1,286200338800,287187476189,11,0,4,8.685e+08,0,1,
296,1,1303447034182,1305257467480,12,0.0795144,2,8.681e+08,1,0,
131,1,290400597020,290647381664,9,-13.3603,4,8.681e+08,1,0,
48,1,291454969156,293265402819,12,0,4,8.685e+08,0,1,
300,1,320931997658,322742430901,12,-5.85757,4,8.681e+08,1,0,
66,1,297614561539,298601699033,11,-17.2302,4,8.685e+08,1,0,
143,1,293491911871,295302345851,12,-8.5654,4,8.685e+08,1,0,
157,1,295573613364,295645549750,7,-7.09581,4,8.685e+08,1,0,
21,1,296736985806,298547419581,12,-5.15845,2,8.681e+08,1,0,
147,1,1254218728599,1255205866073,11,-7.70003,4,8.685e+08,1,0,
58,1,1143776066858,1144228675959,10,7.57826,4,8.681e+08,1,0,
172,1,1353158237889,1353230174091,7,15.7932,4,8.685e+08,1,0,
13,1,1346876507492,1348686941030,12,-5.91366,4,8.685e+08,1,0,
121,1,297691593946,297763530346,7,10.9366,4,8.681e+08,1,0,
35,1,408371592937,410182025989,12,-9.37601,2,8.681e+08,1,0,
173,1,353752042095,355562475551,12,0,4,8.681e+08,0,1,
193,1,304083799964,305894233198,12,-20.3908,2,8.685e+08,1,0,
108,1,299877082066,300329690825,10,-3.20897,4,8.685e+08,1,0,
116,1,304007955445,304460564526,10,-9.171,4,8.681e+08,1,0,
288,1,3348202608015,3348449392913,9,-5.74066,4,8.681e+08,1,0,
120,1,1177456631754,1177528568248,7,-4.47623,4,8.685e+08,1,0,
59,1,1171333169605,1171785778776,10,-8.5003,4,8.685e+08,1,0,
133,1,3540157838938,3541144976366,11,-7.25656,4,8.683e+08,1,0,
190,1,1087775307068,1087847243119,7,18.7079,4,8.685e+08,1,0,
179,1,2627973235512,2628045171988,7,-0.176055,2,8.683e+08,1,0,
51,1,2627359719919,2627431656208,7,-7.39394,4,8.685e+08,1,0,
51,1,306981706992,307053643281,7,3.97415,4,8.685e+08,1,0,
107,1,306010513038,306997650090,11,-14.6065,2,8.681e+08,1,0,
120,1,314673583026,314745519520,7,1.11656,4,8.685e+08,1,0,
293,1,308506081144,310316514734,12,-20.5696,2,8.685e+08,1,0,
295,1,309034812106,309281597252,9,-13.3959,2,8.681e+08,1,0,
257,1,410468280938,412278714709,12,0,4,8.681e+08,0,1,
132,1,315386757627,317197191076,12,0,4,8.685e+08,0,1,
37,1,313167517311,314977951117,12,-19.5004,4,8.685e+08,1,0,
193,1,666170199984,667980633218,12,-9.71265,2,8.681e+08,1,0,
7,1,309883675246,311694108920,12,-18.2491,2,8.681e+08,1,0,
202,1,1118925661120,1119378269986,10,-0.0527641,4,8.685e+08,1,0,
47,1,1337647704806,1337894489681,9,-13.9377,4,8.683e+08,1,0,
128,1,3356889979340,3358700413507,12,0,4,8.683e+08,0,1,
156,1,319721585449,319793521825,7,10.7602,2,8.681e+08,1,0,
108,1,345137882076,345590490835,10,11.1635,4,8.681e+08,1,0,
191,1,319140024348,320950457775,12,-8.09816,2,8.685e+08,1,0,
24,1,3399080739071,3400067876337,11,-7.602,2,8.683e+08,1,0,
229,1,3511944353843,3513754787349,12,-19.4115,4,8.683e+08,1,0,
190,1,3399692479560,3399764415611,7,20.7685,4,8.685e+08,1,0,
108,1,1095556774142,1096009382901,10,-0.490142,4,8.685e+08,1,0,
160,1,3216686089265,3218496523025,12,-18.848,4,8.683e+08,1,0,
284,1,2353432538303,2353679323265,9,0,4,8.681e+08,0,1,
237,1,3420021197324,3420267982341,9,-1.46194,2,8.683e+08,1,0,
106,1,3439186934158,3439258870680,7,-2.59058,2,8.683e+08,1,0,
2,1,3435623190930,3436075800186,10,5.16795,4,8.685e+08,1,0,
79,1,3354509884041,3354756668896,9,7.59721,4,8.685e+08,1,0,
280,1,341184999050,342995431951,12,0,2,8.685e+08,0,1,
109,1,1056412019326,1058222453337,12,-10.9668,2,8.681e+08,1,0,
89,1,335715524663,336168133558,10,-6.91917,4,8.685e+08,1,0,
214,1,2196951293611,2198761727364,12,-6.96457,4,8.685e+08,1,0,
139,1,3033897879809,3034031512311,8,6.4879,2,8.681e+08,1,0,
173,1,2333129981824,2334940415280,12,-13.7061,4,8.685e+08,1,0,
227,1,2530747683437,2530994468302,9,12.5409,2,8.683e+08,1,0,
196,1,321609598346,322062207451,10,-8.09384,2,8.685e+08,1,0,
176,1,320029437609,320163070291,8,21.787,2,8.685e+08,1,0,
43,1,388634945428,389622082638,11,-15.046,4,8.681e+08,1,0,
172,1,321916384781,321988320983,7,20.9392,4,8.681e+08,1,0,
53,1,326415790910,328226224660,12,5.0872,4,8.685e+08,1,0,
110,1,322352407083,322805016083,10,-9.93733,2,8.685e+08,1,0,
85,1,326578557088,326712189669,8,16.383,2,8.681e+08,1,0,
86,1,323397016150,325207450277,12,-7.20219,2,8.685e+08,1,0,
29,1,2341440251023,2343250684188,12,-16.3289,4,8.685e+08,1,0,
215,1,326528034405,326774819067,9,-5.68953,2,8.685e+08,1,0,
247,1,323452756814,323524693425,7,-3.08607,2,8.685e+08,1,0,
63,1,329445091689,330432228668,11,0,2,8.681e+08,0,1,
299,1,1436715086241,1438525519730,12,0,2,8.681e+08,0,1,
94,1,1252541465998,1254351899217,12,1.83659,2,8.681e+08,1,0,
232,1,1256330912522,1257318049577,11,-7.86667,4,8.685e+08,1,0,
130,1,2259708795071,2260161403953,10,-4.24365,2,8.683e+08,1,0,
210,1,1342202132644,1343189269967,11,-5.69258,2,8.683e+08,1,0,
189,1,1351332564084,1352319701588,11,-18.5673,4,8.683e+08,1,0,
137,1,504693766559,506504199886,12,-9.12256,2,8.681e+08,1,0,
273,1,332036341229,332283126059,9,-13.6923,4,8.685e+08,1,0,
115,1,1044486161719,1044619794296,8,5.27591,2,8.685e+08,1,0,
75,1,1224054393963,1225041531102,11,-13.0859,2,8.685e+08,1,0,
83,1,330773777328,331760914620,11,0,4,8.681e+08,0,1,
65,1,331708292299,333518725695,12,0,4,8.685e+08,0,1,
30,1,1540434806184,1542245239440,12,0,2,8.685e+08,0,1,
12,1,1381696407998,1381830040657,8,-2.5302,2,8.681e+08,1,0,
230,1,1366433705744,1367420843044,11,3.41296,2,8.683e+08,1,0,
212,1,1108848481661,1109301090442,10,-10.2105,4,8.681e+08,1,0,
131,1,2466661331064,2466908115708,9,-5.65094,4,8.683e+08,1,0,
286,1,335648826923,337459260508,12,-17.5999,4,8.685e+08,1,0,
265,1,1114758340992,1115210950051,10,-1.71706,2,8.681e+08,1,0,
69,1,1135238364989,1135690974177,10,-0.0705253,4,8.685e+08,1,0,
142,1,1650574019290,1652384452798,12,-9.42389,4,8.685e+08,1,0,
141,1,1665395223977,1667205657904,12,-11.3703,2,8.681e+08,1,0,
221,1,1659191196067,1659643805338,10,-2.21291,2,8.681e+08,1,0,
155,1,339485908632,339938517458,10,-14.5277,2,8.681e+08,1,0,
42,1,340190459369,340262395855,7,6.81083,4,8.685e+08,1,0,
133,1,340203971333,341191108761,11,1.60794,4,8.685e+08,1,0,
197,1,340056144780,340302929902,9,-10.4734,4,8.681e+08,1,0,
33,1,343967965298,344039901443,7,-7.29394,2,8.685e+08,1,0,
224,1,343209963810,343662572858,10,0,2,8.681e+08,0,1,
98,1,3192247511125,3194057944820,12,-20.5192,4,8.683e+08,1,0,
213,1,341206981598,342194118714,11,-17.0891,2,8.685e+08,1,0,
60,1,345010109204,345256894193,9,5.03726,2,8.681e+08,1,0,
10,1,342388116451,342840725473,10,0,4,8.685e+08,0,1,
229,1,1575392143551,1577202577057,12,-1.6078,4,8.683e+08,1,0,
147,1,1432138707249,1433125844723,11,-17.4449,4,8.683e+08,1,0,
264,1,1421227467318,1421361099948,8,21.102,2,8.683e+08,1,0,
298,1,1450479731398,1452290165151,12,-5.75325,2,8.681e+08,1,0,
181,1,1443129911826,1444940345301,12,0,4,8.685e+08,0,1,
121,1,1449639286414,1449711222814,7,-5.86598,4,8.683e+08,1,0,
288,1,1146548454214,1146795239112,9,0.933884,4,8.681e+08,1,0,
164,1,1584295578699,1584429211388,8,-5.9017,2,8.685e+08,1,0,
30,1,1721478006194,1723288439450,12,-16.169,2,8.683e+08,1,0,
136,1,1592190406549,1594000840538,12,-8.45152,2,8.681e+08,1,0,
284,1,3028308493097,3028555278059,9,2.91335,4,8.683e+08,1,0,
155,1,1508029832670,1508482441496,10,-11.3145,2,8.683e+08,1,0,
102,1,1506148632696,1506395417537,9,-9.76303,4,8.683e+08,1,0,
299,1,1617758286251,1619568719740,12,-17.8272,2,8.681e+08,1,0,
183,1,2238483495305,2238936104028,10,-12.5901,4,8.683e+08,1,0,
237,1,1593862361200,1594109146217,9,-4.61072,2,8.683e+08,1,0,
86,1,1589215388043,1591025822170,12,-22.1191,2,8.681e+08,1,0,
69,1,1595182101450,1595634710638,10,-16.7473,4,8.683e+08,1,0,
297,1,345209953860,347020387111,12,3.95625,4,8.685e+08,1,0,
261,1,349815857653,349949490099,8,2.40665,4,8.685e+08,1,0,
187,1,1051694348504,1051827981182,8,-0.195113,2,8.685e+08,1,0,
186,1,349472200528,351282634088,12,0,2,8.685e+08,0,1,
182,1,388731550700,390541984344,12,2.47592,4,8.681e+08,1,0,
190,1,350897917291,350969853342,7,0,4,8.681e+08,0,1,
290,1,418994463789,420804897173,12,-17.5159,4,8.681e+08,1,0,
123,1,351432421200,351885030080,10,13.5729,4,8.681e+08,1,0,
162,1,2325950871308,2327761304935,12,-4.55159,4,8.683e+08,1,0,
202,1,2338126755994,2338579364860,10,3.91697,4,8.681e+08,1,0,
270,1,2193807047502,2194259656641,10,0,2,8.683e+08,0,1,
236,1,2326984850527,2327056786699,7,-0.830505,4,8.683e+08,1,0,
230,1,2626023940973,2627011078273,11,-5.05333,2,8.683e+08,1,0,
149,1,1337386192284,1337838801429,10,-4.99768,2,8.685e+08,1,0,
132,1,1648378713125,1650189146574,12,-8.37022,4,8.685e+08,1,0,
19,1,1627667510284,1627914294775,9,-9.4462,4,8.683e+08,1,0,
274,1,1717839345202,1719649778650,12,-13.2169,2,8.683e+08,1,0,
273,1,1698149422316,1698396207146,9,-8.00314,4,8.685e+08,1,0,
179,1,1649859006404,1649930942880,7,-8.85927,2,8.685e+08,1,0,
98,1,1640142490044,1641952923739,12,6.87737,4,8.685e+08,1,0,
251,1,1638943428480,1640753861860,12,5.48162,4,8.685e+08,1,0,
11,1,353439415126,353892024083,10,0,4,8.681e+08,0,1,
294,1,416515332585,417502470004,11,1.27388,4,8.681e+08,1,0,
12,1,359114378964,359248011623,8,8.3184,2,8.685e+08,1,0,
136,1,356023300060,357833734049,12,-18.0814,2,8.685e+08,1,0,
284,1,354824244865,355071029827,9,0,4,8.685e+08,0,1,
144,1,1455800597226,1457611030498,12,4.38434,2,8.683e+08,1,0,
153,1,517537192736,519347626501,12,0,2,8.681e+08,0,1,
157,1,359334167163,359406103549,7,-8.80887,4,8.681e+08,1,0,
291,1,359849939786,361660373236,12,0,4,8.685e+08,0,1,
246,1,361219770548,361466555829,9,-7.41777,4,8.681e+08,1,0,
144,1,478934170771,480744604043,12,-2.31982,2,8.681e+08,1,0,
102,1,361724547709,361971332550,9,-4.97897,4,8.681e+08,1,0,
275,1,366976958870,367429568132,10,0,2,8.681e+08,0,1,
163,1,3501157241738,3502144378714,11,-9.65976,2,8.683e+08,1,0,
181,1,3453578089500,3455388522975,12,0,4,8.685e+08,0,1,
120,1,3454681852956,3454753789450,7,2.68167,4,8.681e+08,1,0,
150,1,1231046536265,1232033673563,11,-6.18722,2,8.681e+08,1,0,
277,1,1370766976787,1372577410503,12,-6.62901,4,8.685e+08,1,0,
28,1,1689944461573,1691754895091,12,0,4,8.681e+08,0,1,
177,1,1689743589479,1691554023303,12,0,2,8.683e+08,0,1,
21,1,1736659984042,1738470417817,12,0,2,8.683e+08,0,1,
244,1,1692665562348,1694475996231,12,-14.8337,2,8.683e+08,1,0,
235,1,369879629562,370866766880,11,-11.2073,2,8.681e+08,1,0,
135,1,378745985227,379733122345,11,-12.3454,4,8.681e+08,1,0,
20,1,3128797639060,3129784776759,11,-12.7831,2,8.683e+08,1,0,
229,1,1394348943541,1396159377047,12,0,4,8.685e+08,0,1,
115,1,1222485615897,1222619248474,8,3.22584,2,8.683e+08,1,0,
167,1,1734487917066,1736298350466,12,-7.0641,4,8.685e+08,1,0,
207,1,1734312174927,1734384111558,7,10.851,4,8.683e+08,1,0,
94,1,1780087145332,1781897578551,12,0,2,8.685e+08,0,1,
92,1,1761648238510,1763458671938,12,0,4,8.685e+08,0,1,
300,1,1776910897170,1778721330413,12,-17.3826,4,8.685e+08,1,0,
139,1,2193005021036,2193138653538,8,-2.03873,4,8.681e+08,1,0,
247,1,382511196974,382583133585,7,0,2,8.681e+08,0,1,
27,1,424979738168,426790171560,12,-11.4379,2,8.681e+08,1,0,
181,1,398458483440,400268916915,12,0,4,8.681e+08,0,1,
235,1,468593229572,469580366890,11,-4.82701,2,8.681e+08,1,0,
56,1,3597902530221,3598355139232,10,3.04591,2,8.683e+08,1,0,
129,1,2207467680784,2207539617254,7,-2.15846,2,8.685e+08,1,0,
155,1,2523739742348,2524192351174,10,-16.9515,2,8.683e+08,1,0,
250,1,3267052951393,3268863384761,12,0,4,8.681e+08,0,1,
264,1,389633563779,389767196409,8,5.07075,2,8.681e+08,1,0,
148,1,391629597100,392616734229,11,12.1089,2,8.681e+08,1,0,
216,1,395827511805,396814649194,11,-16.1958,4,8.681e+08,1,0,
224,1,393936723476,394389332524,10,-15.9462,2,8.681e+08,1,0,
115,1,413594035585,413727668162,8,9.53726,2,8.681e+08,1,0,
113,1,409636610382,410089219259,10,-11.7901,2,8.681e+08,1,0,
60,1,567719446957,567966231946,9,-6.02136,2,8.681e+08,1,0,
210,1,488080566730,489067704053,11,-15.9924,2,8.681e+08,1,0,
55,1,408182054459,408634663394,10,-12.7245,4,8.681e+08,1,0,
198,1,397076251767,397528860965,10,-0.924453,4,8.681e+08,1,0,
44,1,483479508157,483932117120,10,0,4,8.681e+08,0,1,
15,1,424672275273,425659412903,11,-8.07374,2,8.681e+08,1,0,
219,1,447461702553,447708487417,9,6.22527,4,8.681e+08,1,0,
18,1,2191197634150,2193008067680,12,-19.1312,2,8.681e+08,1,0,
142,1,543665575884,545476009392,12,-15.8592,4,8.681e+08,1,0,
155,1,3232742706346,3233195315172,10,-15.993,2,8.681e+08,1,0,
26,1,1513219659415,1515030093038,12,0,2,8.685e+08,0,1,
108,1,1522246614801,1522699223560,10,0.744416,4,8.683e+08,1,0,
191,1,1526629387593,1528439821020,12,-14.7734,2,8.685e+08,1,0,
293,1,1536562947162,1538373380752,12,-6.08087,2,8.681e+08,1,0,
165,1,1601174173963,1602984607109,12,0.286683,2,8.685e+08,1,0,
56,1,1490974912543,1491427521554,10,2.52371,2,8.681e+08,1,0,
178,1,2836886208956,2838696641771,12,-10.374,4,8.683e+08,1,0,
207,1,2669382350684,2669454287315,7,-3.95889,4,8.681e+08,1,0,
38,1,2685154772164,2685401556841,9,-10.1177,4,8.683e+08,1,0,
94,1,2672770773084,2674581206303,12,-6.98309,2,8.683e+08,1,0,
236,1,421519662790,421591598962,7,1.25916,4,8.681e+08,1,0,
161,1,421985902904,423796336798,12,0,4,8.681e+08,0,1,
242,1,470941000326,472751434307,12,2.94808,2,8.681e+08,1,0,
292,1,491651171310,491897955956,9,7.0429,2,8.681e+08,1,0,
159,1,520036378884,521846812442,12,3.04506,2,8.681e+08,1,0,
215,1,2557540972006,2557787756668,9,-0.885146,2,8.685e+08,1,0,
3,1,2549987950734,2551798384521,12,-9.90927,2,8.685e+08,1,0,
63,1,2554912605456,2555899742435,11,-7.24606,4,8.681e+08,1,0,
221,1,2372131299726,2372583908997,10,-8.9393,2,8.685e+08,1,0,
43,1,1050078927834,1051066065044,11,-6.91885,4,8.685e+08,1,0,
101,1,1594145365000,1594597974041,10,-11.1556,4,8.685e+08,1,0,
36,1,1617757311701,1619567744624,12,-21.074,2,8.685e+08,1,0,
218,1,1710110320032,1711920753597,12,-11.6602,2,8.683e+08,1,0,
78,1,3480586925595,3482397358820,12,-15.3025,4,8.683e+08,1,0,
156,1,1531942281739,1532014218115,7,2.06967,2,8.683e+08,1,0,
255,1,1538908781534,1539361390364,10,15.8293,4,8.685e+08,1,0,
6,1,1538322664717,1538775273966,10,-14.723,2,8.685e+08,1,0,
114,1,432513799839,432966408727,10,-7.95482,4,8.681e+08,1,0,
91,1,542220285926,544030719539,12,0,4,8.681e+08,0,1,
165,1,578800674285,580611107431,12,-12.9649,2,8.685e+08,1,0,
45,1,449793981636,451604415235,12,-15.4114,2,8.681e+08,1,0,
193,1,485126999974,486937433208,12,-14.7677,2,8.681e+08,1,0,
11,1,1295267642466,1295720251423,10,-4.25227,4,8.685e+08,1,0,
146,1,1448183182832,1449993616679,12,-9.32832,2,8.685e+08,1,0,
258,1,1397381922052,1399192355305,12,-21.9569,2,8.683e+08,1,0,
216,1,3506523075395,3507510212784,11,-12.3507,4,8.683e+08,1,0,
200,1,2208644214280,2210454648239,12,-14.728,2,8.683e+08,1,0,
186,1,1242726633145,1244537066705,12,1.42485,2,8.681e+08,1,0,
178,1,1254862531083,1256672963898,12,-18.4719,4,8.681e+08,1,0,
232,1,2610682192169,2611669329224,11,-5.12985,4,8.681e+08,1,0,
46,1,2622845972684,2623092757693,9,-6.25226,2,8.683e+08,1,0,
56,1,2607357754961,2607810363972,10,-9.084,2,8.683e+08,1,0,
171,1,2493187366551,2494997800721,12,-20.1375,4,8.683e+08,1,0,
233,1,462298510156,464108943640,12,-21.3447,2,8.681e+08,1,0,
207,1,448449691035,448521627666,7,10.8545,4,8.681e+08,1,0,
155,1,2318058769230,2318511378056,10,0,2,8.683e+08,0,1,
286,1,2312720149321,2314530582906,12,-11.361,4,8.681e+08,1,0,
6,1,449588596748,450041205997,10,-4.43225,2,8.681e+08,1,0,
19,1,453116092090,453362876581,9,7.89533,4,8.681e+08,1,0,
82,1,1641088443561,1642075580529,11,-12.8486,4,8.685e+08,1,0,
108,1,1719754045733,1720206654492,10,-6.52324,4,8.681e+08,1,0,
258,1,3503165326194,3504975759447,12,-20.4922,2,8.683e+08,1,0,
264,1,1642368399697,1642502032327,8,25.5301,4,8.681e+08,1,0,
55,1,2232866741856,2233319350791,10,-16.6474,4,8.685e+08,1,0,
71,1,589817264028,589889200609,7,-1.5265,4,8.685e+08,1,0,
297,1,526253153870,528063587121,12,-2.20619,4,8.681e+08,1,0,
83,1,579056526797,580043664089,11,-1.7794,4,8.685e+08,1,0,
33,1,457731180374,457803116519,7,19.6825,2,8.681e+08,1,0,
237,1,3325728097250,3325974882267,9,-4.94867,2,8.685e+08,1,0,
289,1,3112470563553,3114280997240,12,-21.7452,2,8.683e+08,1,0,
164,1,2416127402261,2416261034950,8,1.76601,2,8.683e+08,1,0,
280,1,522228199060,524038631961,12,13.0477,2,8.681e+08,1,0,
38,1,476473695660,476720480337,9,-6.26976,4,8.681e+08,1,0,
83,1,480342926787,481330064079,11,-17.8245,4,8.681e+08,1,0,
254,1,2452866185516,2453112970530,9,-7.82892,2,8.685e+08,1,0,
206,1,3442094975866,3442547585008,10,-6.93385,4,8.683e+08,1,0,
102,1,3443068397747,3443315182588,9,0,4,8.685e+08,0,1,
13,1,3140911581542,3142722015080,12,0,4,8.685e+08,0,1,
194,1,502760790550,504571224468,12,0,2,8.681e+08,0,1,
178,1,490063087131,491873519946,12,-13.3091,4,8.681e+08,1,0,
100,1,3195110472823,3196920906284,12,-20.4797,4,8.683e+08,1,0,
149,1,1449853695480,1450306304625,10,-15.2142,2,8.683e+08,1,0,
273,1,1450027045092,1450273829922,9,7.00751,4,8.685e+08,1,0,
223,1,2370962641453,2371209426301,9,0,4,8.683e+08,0,1,
162,1,2506994071318,2508804504945,12,-13.8119,4,8.683e+08,1,0,
186,1,3576523242047,3578333675607,12,-9.40504,2,8.683e+08,1,0,
193,1,3068483933832,3070294367066,12,-22.2075,4,8.681e+08,1,0,
48,1,498918112907,500728546570,12,-6.8838,4,8.681e+08,1,0,
204,1,499002082682,499989220113,11,-12.2257,2,8.681e+08,1,0,
65,1,512751492309,514561925705,12,-16.6881,4,8.681e+08,1,0,
190,1,510213022616,510284958667,7,30.6938,4,8.681e+08,1,0,
253,1,624803319640,624875256271,7,13.8309,4,8.681e+08,1,0,
90,1,505112572609,506099709659,11,-1.78053,4,8.681e+08,1,0,
213,1,511375747634,512362884750,11,11.2964,2,8.681e+08,1,0,
294,1,516768508785,517755646204,11,0,4,8.681e+08,0,1,
45,1,630837181646,632647615245,12,-6.76167,2,8.681e+08,1,0,
126,1,2370413649277,2372224083297,12,0,2,8.685e+08,0,1,
32,1,1254632364607,1256442798359,12,-17.6378,2,8.685e+08,1,0,
53,1,1352661696774,1354472130524,12,0,4,8.681e+08,0,1,
44,1,1360341806632,1360794415595,10,-16.6695,4,8.685e+08,1,0,
193,1,2382282193264,2384092626498,12,0,2,8.683e+08,0,1,
125,1,522885203047,522957139100,7,7.42313,2,8.681e+08,1,0,
183,1,539339517792,539792126515,10,-5.32693,4,8.681e+08,1,0,
86,1,3238760892051,3240571326178,12,0,2,8.683e+08,0,1,
290,1,3295206638937,3297017072321,12,0,4,8.683e+08,0,1,
160,1,2244335785052,2246146218812,12,-21.1468,4,8.685e+08,1,0,
288,1,2568656001061,2568902785959,9,-4.32571,4,8.683e+08,1,0,
118,1,2563279713744,2564266850866,11,0,2,8.685e+08,0,1,
67,1,2566349234946,2568159668511,12,0,2,8.685e+08,0,1,
239,1,1256425589221,1256878198432,10,2.1758,4,8.681e+08,1,0,
227,1,521085417396,521332202261,9,-3.46068,2,8.681e+08,1,0,
116,1,2595562573703,2596015182784,10,-14.7088,4,8.685e+08,1,0,
296,1,1665533434202,1667343867500,12,-5.33459,2,8.685e+08,1,0,
247,1,1498380355130,1498452291741,7,-7.58751,2,8.685e+08,1,0,
38,1,1498365466430,1498612251107,9,-0.795531,4,8.685e+08,1,0,
140,1,3522416101641,3524226535290,12,-19.0679,4,8.683e+08,1,0,
174,1,3522770132191,3522842068684,7,-6.93712,2,8.683e+08,1,0,
171,1,1154785207743,1156595641913,12,-21.658,4,8.681e+08,1,0,
207,1,2229676104925,2229748041556,7,-8.29669,4,8.683e+08,1,0,
166,1,2511493957941,2511740742683,9,-7.06605,2,8.683e+08,1,0,
202,1,2188732587986,2189185196852,10,-0.693435,4,8.685e+08,1,0,
72,1,3092025140725,3093012277603,11,-12.3134,4,8.683e+08,1,0,
194,1,2373053624954,2374864058872,12,-7.12321,2,8.683e+08,1,0,
112,1,1314336160991,1315323297848,11,-1.5923,4,8.683e+08,1,0,
205,1,536617097432,538427531274,12,-4.44212,2,8.681e+08,1,0,
78,1,549569893047,551380326272,12,-20.3623,4,8.681e+08,1,0,
69,1,3143396040662,3143848649850,10,-16.2304,4,8.681e+08,1,0,
226,1,3235766211235,3237576645060,12,-12.6515,2,8.683e+08,1,0,
127,1,1281786002341,1281919635007,8,3.43811,2,8.685e+08,1,0,
85,1,1283411549209,1283545181790,8,-4.74887,2,8.681e+08,1,0,
241,1,1285156988138,1285609597344,10,-13.7174,4,8.683e+08,1,0,
239,1,1441431929898,1441884539109,10,-2.11319,4,8.685e+08,1,0,
113,1,1438442380200,1438894989077,10,-0.193725,2,8.683e+08,1,0,
240,1,1561245163546,1563055597276,12,0,2,8.685e+08,0,1,
264,1,1455353161058,1455486793688,8,5.12866,2,8.683e+08,1,0,
134,1,1479601367823,1481411801538,12,0,4,8.685e+08,0,1,
100,1,2387739552710,2389549986171,12,-5.74264,4,8.683e+08,1,0,
132,1,2447452400044,2449262833493,12,-10.915,4,8.685e+08,1,0,
188,1,2516326959838,2517314097301,11,-11.6822,2,8.683e+08,1,0,
151,1,2324638599454,2326449033043,12,-14.1948,4,8.685e+08,1,0,
269,1,3031678533429,3033488967106,12,-17.9411,4,8.683e+08,1,0,
236,1,544929938841,545001875013,7,2.38622,4,8.681e+08,1,0,
215,1,549767794867,550014579529,9,0.323823,2,8.681e+08,1,0,
156,1,552770440708,552842377084,7,-8.10245,2,8.681e+08,1,0,
222,1,600575707508,602386140982,12,0,2,8.685e+08,0,1,
108,1,1567507414811,1567960023570,10,8.35008,4,8.683e+08,1,0,
82,1,3083758877422,3084746014390,11,-7.29694,4,8.683e+08,1,0,
249,1,1667496629333,1669307063100,12,-13.7025,4,8.685e+08,1,0,
11,1,1576757068205,1577209677162,10,-2.98959,4,8.683e+08,1,0,
90,1,1597108506195,1598095643245,11,0,4,8.683e+08,0,1,
68,1,597022149684,598832582995,12,6.13688,4,8.681e+08,1,0,
29,1,652324922705,654135355870,12,-20.6017,4,8.681e+08,1,0,
145,1,555468256854,557278690702,12,-7.3214,2,8.681e+08,1,0,
35,1,589414792947,591225225999,12,0,2,8.685e+08,0,1,
32,1,1435675564617,1437485998369,12,3.45796,2,8.685e+08,1,0,
9,1,1467489194005,1469299627389,12,-3.38626,2,8.683e+08,1,0,
96,1,1195173228390,1195625837386,10,-16.8532,4,8.685e+08,1,0,
115,1,1196031987820,1196165620397,8,-0.684463,2,8.685e+08,1,0,
50,1,3153050668450,3154861102005,12,-19.0493,2,8.683e+08,1,0,
255,1,681249777095,681702385925,10,2.37796,4,8.685e+08,1,0,
270,1,561806253288,562258862427,10,-2.25493,2,8.681e+08,1,0,
184,1,566449084483,568259518422,12,0.645341,2,8.681e+08,1,0,
166,1,559786102825,560032887567,9,-10.6708,2,8.681e+08,1,0,
25,1,552923776551,553376386035,10,-6.83008,2,8.681e+08,1,0,
100,1,1477768377528,1479578810989,12,0,4,8.685e+08,0,1,
236,1,2566950876131,2567022812303,7,-1.02313,4,8.683e+08,1,0,
275,1,3358666008348,3359118617610,10,1.56972,2,8.685e+08,1,0,
285,1,3131106095731,3131558705282,10,-3.27187,2,8.683e+08,1,0,
276,1,562557865165,562629801441,7,3.3631,2,8.681e+08,1,0,
22,1,574757720964,575004505554,9,-5.78151,4,8.681e+08,1,0,
156,1,578725133199,578797069575,7,-7.12102,2,8.685e+08,1,0,
112,1,579002446720,579989583577,11,-10.0751,4,8.681e+08,1,0,
16,1,580443242240,582253675707,12,0,2,8.681e+08,0,1,
26,1,586173906597,587984340220,12,-7.76446,2,8.681e+08,1,0,
272,1,1610950352559,1611083985106,8,-4.20598,4,8.681e+08,1,0,
174,1,1611112940179,1611184876672,7,3.32058,2,8.683e+08,1,0,
300,1,2320040497200,2321850930443,12,0,4,8.683e+08,0,1,
138,1,1620585272146,1622395705846,12,-18.6252,2,8.685e+08,1,0,
212,1,1626306049017,1626758657798,10,-11.6317,4,8.683e+08,1,0,
91,1,723263485936,725073919549,12,0,4,8.685e+08,0,1,
241,1,1165950622278,1166403231484,10,0.750138,4,8.683e+08,1,0,
273,1,2660139698292,2660386483122,9,0,4,8.685e+08,0,1,
72,1,2641044425417,2642031562295,11,-9.95724,4,8.683e+08,1,0,
278,1,2643088240937,2644898674724,12,0,4,8.681e+08,0,1,
135,1,2311015919184,2312003056302,11,-14.294,4,8.685e+08,1,0,
115,1,2240569116059,2240702748636,8,13.4874,2,8.683e+08,1,0,
58,1,2383702666239,2384155275340,10,0,4,8.681e+08,0,1,
232,1,2496906758475,2497893895530,11,-13.384,4,8.683e+08,1,0,
75,1,590809076241,591796213380,11,0,2,8.685e+08,0,1,
209,1,711240246608,713050680410,12,-15.8474,2,8.681e+08,1,0,
121,1,603561773898,603633710298,7,7.43385,4,8.681e+08,1,0,
122,1,609616970137,609750602775,8,-5.42046,4,8.681e+08,1,0,
301,1,1268810618090,1268944250769,8,0,4,8.681e+08,0,1,
49,1,2278233394638,2280043828518,12,3.31907,4,8.683e+08,1,0,
294,1,2448320126959,2449307264378,11,-15.8643,4,8.683e+08,1,0,
59,1,2436965132095,2437417741266,10,-14.2229,4,8.685e+08,1,0,
157,1,3327107749340,3327179685726,7,-8.82983,4,8.681e+08,1,0,
236,1,1155644907837,1155716844009,7,22.1772,4,8.685e+08,1,0,
67,1,1739529589608,1741340023173,12,0.143769,2,8.685e+08,1,0,
214,1,1740851124623,1742661558376,12,0,4,8.683e+08,0,1,
22,1,1740309480962,1740556265552,9,-9.77206,4,8.685e+08,1,0,
115,1,600227113871,600360746448,8,25.4521,2,8.681e+08,1,0,
264,1,600967745587,601101378217,8,0,2,8.685e+08,0,1,
162,1,1592596661017,1594407094644,12,-4.01532,4,8.685e+08,1,0,
187,1,1581661945804,1581795578482,8,-9.09282,2,8.685e+08,1,0,
177,1,2298769204274,2300579638098,12,-21.9456,2,8.685e+08,1,0,
216,1,1302725707679,1303712845068,11,7.27937,4,8.685e+08,1,0,
99,1,3081392153993,3082379291104,11,-15.5137,2,8.685e+08,1,0,
131,1,606271833353,606518617997,9,2.35791,4,8.685e+08,1,0,
120,1,608017717994,608089654488,7,6.40613,4,8.681e+08,1,0,
84,1,1450816096870,1452626530541,12,-15.5015,2,8.683e+08,1,0,
251,1,3184590710017,3186401143397,12,-5.31283,4,8.683e+08,1,0,
195,1,3158502134628,3160312568394,12,0,2,8.683e+08,0,1,
156,1,3219578300054,3219650236430,7,12.3131,2,8.681e+08,1,0,
166,1,2361542194374,2361788979116,9,-8.84875,2,8.683e+08,1,0,
294,1,2252671343193,2253658480612,11,1.4281,4,8.685e+08,1,0,
6,1,613430320234,613882929483,10,3.82253,2,8.685e+08,1,0,
261,1,1442542104995,1442675737441,8,9.53293,4,8.681e+08,1,0,
233,1,3475242222031,3477052655515,12,0,2,8.683e+08,0,1,
292,1,3454842640535,3455089425181,9,-9.52804,2,8.683e+08,1,0,
19,1,1452501965054,1452748749545,9,-4.85335,4,8.685e+08,1,0,
136,1,2680509554094,2682319988083,12,0.0970772,2,8.685e+08,1,0,
84,1,1269772896860,1271583330531,12,-0.302108,2,8.685e+08,1,0,
235,1,3045554971615,3046542108933,11,-17.0472,4,8.681e+08,1,0,
272,1,640427705861,640561338408,8,2.08426,4,8.685e+08,1,0,
139,1,617986227561,618119860063,8,11.8539,2,8.685e+08,1,0,
130,1,620466283330,620918892212,10,-5.36603,2,8.681e+08,1,0,
20,1,624800280933,625787418632,11,0,2,8.685e+08,0,1,
92,1,621261555567,623071988995,12,3.00771,4,8.681e+08,1,0,
112,1,677716046730,678703183587,11,-5.8938,4,8.681e+08,1,0,
198,1,625360896230,625813505428,10,0,4,8.681e+08,0,1,
207,1,1268692122683,1268764059314,7,0,4,8.683e+08,0,1,
218,1,1348023920012,1349834353577,12,-18.8845,2,8.683e+08,1,0,
152,1,627659584819,627731521277,7,6.18643,4,8.685e+08,1,0,
81,1,637624784716,639435218077,12,-20.8054,2,8.681e+08,1,0,
57,1,644261481216,646071914826,12,0,2,8.681e+08,0,1,
156,1,3484048528624,3484120465000,7,-6.63371,2,8.685e+08,1,0,
160,1,3478960705571,3480771139331,12,-14.5219,4,8.685e+08,1,0,
201,1,3504965761203,3505952898203,11,-7.39683,4,8.681e+08,1,0,
169,1,1425560848986,1427371282989,12,-11.6627,4,8.683e+08,1,0,
248,1,1427020218045,1427472827068,10,-3.78386,2,8.683e+08,1,0,
281,1,1429409301739,1429481238038,7,0,4,8.685e+08,0,1,
121,1,1437004888966,1437076825366,7,15.7163,4,8.685e+08,1,0,
157,1,2605586057507,2605657993893,7,0,4,8.683e+08,0,1,
269,1,2638865861283,2640676294960,12,-18.3008,4,8.683e+08,1,0,
138,1,3070671028640,3072481462340,12,0,4,8.681e+08,0,1,
219,1,3377046453050,3377293237914,9,-3.29228,4,8.681e+08,1,0,
280,1,703271399070,705081831971,12,0,2,8.681e+08,0,1,
39,1,635074002816,636884435967,12,-2.04196,2,8.681e+08,1,0,
159,1,2319630856486,2321441290044,12,0,2,8.685e+08,0,1,
8,1,3178169109101,3179979542498,12,-11.4484,4,8.683e+08,1,0,
65,1,3056812382934,3058622816330,12,0.438081,4,8.685e+08,1,0,
167,1,2562844168657,2564654602057,12,0,4,8.683e+08,0,1,
142,1,1831617219300,1833427652808,12,-11.415,4,8.683e+08,1,0,
4,1,1714253639851,1714706249004,10,-8.08115,2,8.685e+08,1,0,
170,1,1724946014323,1726756448103,12,-10.8259,2,8.685e+08,1,0,
146,1,1810269582852,1812080016699,12,-13.3671,2,8.683e+08,1,0,
134,1,642122330364,643932764079,12,-16.2888,4,8.681e+08,1,0,
290,1,781080863809,782891297193,12,-18.7225,4,8.685e+08,1,0,
258,1,760876697399,762687130652,12,5.41854,2,8.685e+08,1,0,
202,1,3238906459294,3239359068160,10,0,4,8.683e+08,0,1,
280,1,3256869797042,3258680229943,12,-15.3666,2,8.683e+08,1,0,
68,1,2170316557481,2172126990792,12,-1.7746,4,8.685e+08,1,0,
269,1,2836103680691,2837914114368,12,-19.8309,4,8.685e+08,1,0,
12,1,2677751714140,2677885346799,8,-4.95232,2,8.683e+08,1,0,
190,1,3340953200659,3341025136710,7,23.5847,4,8.683e+08,1,0,
209,1,3333885063306,3335695497108,12,-19.8107,4,8.681e+08,1,0,
158,1,1373622374937,1373694311286,7,-4.37796,4,8.681e+08,1,0,
45,1,1383251197235,1385061630834,12,10.8768,2,8.685e+08,1,0,
40,1,1374747844857,1374881477325,8,0,4,8.681e+08,0,1,
118,1,2314552533659,2315539670781,11,-7.05141,2,8.683e+08,1,0,
9,1,668575791881,670386225265,12,0,2,8.681e+08,0,1,
261,1,649071053908,649204686354,8,-3.26749,4,8.681e+08,1,0,
182,1,750817950720,752628384364,12,-0.394332,4,8.685e+08,1,0,
46,1,650406729485,650653514494,9,-2.58711,2,8.685e+08,1,0,
273,1,3174623144385,3174869929215,9,-10.1528,4,8.683e+08,1,0,
230,1,3133027346578,3134014483878,11,-2.84032,2,8.683e+08,1,0,
196,1,3105889716446,3106342325551,10,-9.99052,2,8.685e+08,1,0,
36,1,3067033821938,3068844254861,12,-9.89845,2,8.683e+08,1,0,
239,1,1759862051053,1760314660264,10,-9.5594,4,8.683e+08,1,0,
130,1,1705099335222,1705551944104,10,-7.6792,2,8.683e+08,1,0,
73,1,1689164112666,1689297745219,8,-8.44568,2,8.685e+08,1,0,
224,1,1671516477471,1671969086519,10,0,2,8.683e+08,0,1,
55,1,1672054023010,1672506631945,10,0,4,8.685e+08,0,1,
197,1,2519183578496,2519430363618,9,-8.7892,4,8.681e+08,1,0,
111,1,2531791720745,2533602153954,12,-8.35072,2,8.683e+08,1,0,
9,1,2545914597253,2547725030637,12,-22.3558,2,8.683e+08,1,0,
150,1,655093109471,656080246769,11,-18.6006,2,8.681e+08,1,0,
93,1,823754340241,825564773450,12,-17.9199,4,8.681e+08,1,0,
75,1,689522676251,690509813390,11,-15.0205,2,8.685e+08,1,0,
201,1,1265539522999,1266526659999,11,-9.546,4,8.683e+08,1,0,
41,1,1240484359124,1242294793073,12,-8.24341,2,8.681e+08,1,0,
225,1,3559357733085,3560344870146,11,5.48225,4,8.681e+08,1,0,
147,1,3532272242134,3533259379608,11,-16.5509,4,8.683e+08,1,0,
94,1,3566168093478,3567978526697,12,-7.25038,2,8.685e+08,1,0,
207,1,1290597150369,1290669087000,7,0,4,8.685e+08,0,1,
226,1,1361381569554,1363192003379,12,0,2,8.685e+08,0,1,
203,1,3238891273222,3239878410677,11,0,2,8.685e+08,0,1,
156,1,1697804059804,1697875996180,7,3.72488,2,8.683e+08,1,0,
202,1,1719015633745,1719468242611,10,-11.2317,4,8.683e+08,1,0,
53,1,1714748096794,1716558530544,12,-6.59413,4,8.685e+08,1,0,
101,1,1698032332065,1698484941106,10,-15.4594,4,8.683e+08,1,0,
134,1,1708234635821,1710045069536,12,2.19467,4,8.683e+08,1,0,
284,1,673406609578,673653394540,9,-10.6967,4,8.681e+08,1,0,
25,1,663621040152,664073649636,10,-14.9989,2,8.685e+08,1,0,
267,1,667561684884,667695317532,8,12.2417,4,8.681e+08,1,0,
13,1,673651389952,675461823490,12,-13.0274,4,8.681e+08,1,0,
128,1,718607482364,720417916531,12,-15.0623,4,8.685e+08,1,0,
174,1,675113560851,675185497344,7,-9.16943,2,8.681e+08,1,0,
74,1,1416331679253,1416403615805,7,-1.4944,4,8.681e+08,1,0,
292,1,1419749124573,1419995909219,9,-10.3145,2,8.685e+08,1,0,
69,1,1447645717461,1448098326649,10,-15.0019,4,8.685e+08,1,0,
62,1,2488737001608,2488983786426,9,-6.89096,4,8.683e+08,1,0,
144,1,2416952898099,2418763331371,12,0,4,8.681e+08,0,1,
6,1,2444741638867,2445194248116,10,-8.22943,2,8.681e+08,1,0,
109,1,2586160003971,2587970437982,12,-10.3953,2,8.683e+08,1,0,
264,1,2591813237371,2591946870001,8,9.95432,2,8.683e+08,1,0,
104,1,2585407443305,2587217876622,12,-18.6744,4,8.685e+08,1,0,
123,1,952069576687,952522185567,10,0,4,8.685e+08,0,1,
84,1,675416963093,677227396764,12,0,2,8.681e+08,0,1,
170,1,802445225867,804255659647,12,-1.89918,2,8.681e+08,1,0,
9,1,849618991891,851429425275,12,0,2,8.681e+08,0,1,
82,1,1082313809913,1083300946881,11,-12.2542,4,8.681e+08,1,0,
138,1,1391668601120,1393479034820,12,0,2,8.683e+08,0,1,
198,1,684357974860,684810584058,10,-13.7853,4,8.685e+08,1,0,
48,1,679961312917,681771746580,12,-11.0697,4,8.681e+08,1,0,
67,1,683387156512,685197590077,12,-4.5148,2,8.681e+08,1,0,
97,1,687808139345,689618573001,12,-0.647445,4,8.681e+08,1,0,
230,1,696464338264,697451475564,11,-15.8947,2,8.681e+08,1,0,
94,1,694257081411,696067514630,12,-7.39392,2,8.681e+08,1,0,
164,1,697263616463,697397249152,8,-3.69878,2,8.681e+08,1,0,
101,1,855172718886,855625327927,10,-7.79953,4,8.681e+08,1,0,
223,1,697602387253,697849172101,9,-6.21516,4,8.681e+08,1,0,
5,1,2295715037868,2295786974332,7,0,4,8.685e+08,0,1,
105,1,701047778154,702858211345,12,-1.52988,4,8.685e+08,1,0,
125,1,698492116621,698564052674,7,26.5573,2,8.681e+08,1,0,
266,1,869918362116,871728795825,12,-21.3453,2,8.681e+08,1,0,
52,1,699517716530,700504854132,11,-19.3305,4,8.681e+08,1,0,
95,1,2481811413827,2482798551157,11,-10.6183,4,8.683e+08,1,0,
148,1,2197794655684,2198781792813,11,-15.909,2,8.685e+08,1,0,
89,1,703999873383,704452482278,10,-15.3052,4,8.681e+08,1,0,
170,1,2189765701453,2191576135233,12,-21.6425,2,8.683e+08,1,0,
217,1,2177659383248,2179469816371,12,-2.26775,4,8.685e+08,1,0,
132,1,1829421913135,1831232346584,12,-1.89284,4,8.683e+08,1,0,
58,1,1482096286032,1482548895133,10,-9.54695,4,8.685e+08,1,0,
197,1,3437326549593,3437573334715,9,0,4,8.683e+08,0,1,
253,1,3580745649296,3580817585927,7,-4.95407,4,8.681e+08,1,0,
153,1,1202471309569,1204281743334,12,0,2,8.683e+08,0,1,
43,1,2302191370115,2303178507325,11,-2.95004,4,8.683e+08,1,0,
139,1,2235337720407,2235471352909,8,0,2,8.683e+08,0,1,
199,1,1264104306310,1265914739962,12,-14.7319,2,8.685e+08,1,0,
223,1,722280787263,722527572111,9,0,4,8.681e+08,0,1,
60,1,704570144395,704816929384,9,-0.337951,2,8.685e+08,1,0,
14,1,1176278647554,1178089081354,12,-12.0614,2,8.681e+08,1,0,
98,1,1459099290034,1460909723729,12,-17.1183,4,8.681e+08,1,0,
124,1,1460937832229,1462748265701,12,-12.2471,2,8.685e+08,1,0,
156,1,2543423780387,2543495716763,7,-5.5275,2,8.685e+08,1,0,
56,1,2547019152647,2547471761658,10,-6.69968,2,8.685e+08,1,0,
199,1,2546778779992,2548589213644,12,0,4,8.681e+08,0,1,
179,1,2681743516601,2681815453077,7,1.17313,2,8.685e+08,1,0,
298,1,1631522931408,1633333365161,12,-11.7982,2,8.685e+08,1,0,
89,1,3412833860162,3413286469057,10,-2.29068,4,8.683e+08,1,0,
7,1,711704597335,713515031009,12,0,2,8.685e+08,0,1,
19,1,712164915493,712411699984,9,-0.0978996,4,8.683e+08,1,0,
108,1,856831996516,857284605275,10,-7.7802,4,8.685e+08,1,0,
163,1,743099663654,744086800630,11,-12.3666,2,8.685e+08,1,0,
115,1,734664882077,734798514654,8,-0.80017,2,8.685e+08,1,0,
270,1,747647027303,748099636442,10,-1.80565,2,8.685e+08,1,0,
244,1,739454534829,741264968712,12,0,2,8.685e+08,0,1,
186,1,729409048697,731219482257,12,0,2,8.681e+08,0,1,
46,1,727517282010,727764067019,9,-3.94385,2,8.685e+08,1,0,
197,1,728182312806,728429097928,9,-6.6895,4,8.685e+08,1,0,
90,1,1498394906185,1499382043235,11,-7.80144,4,8.685e+08,1,0,
9,1,1216871884811,1218682318195,12,2.69206,2,8.685e+08,1,0,
245,1,1346319899366,1348130332780,12,-5.91055,4,8.685e+08,1,0,
75,1,1322767993973,1323755131112,11,-15.7628,2,8.683e+08,1,0,
180,1,3307013772585,3308824206721,12,-17.7572,2,8.685e+08,1,0,
35,1,770457992957,772268426009,12,0,2,8.685e+08,0,1,
63,1,739037787386,740024924365,11,-7.29301,2,8.685e+08,1,0,
169,1,744907078684,746717512687,12,-9.20955,4,8.685e+08,1,0,
67,1,1148816833932,1150627267497,12,-13.3712,2,8.685e+08,1,0,
207,1,3538605290304,3538677226935,7,-2.36563,4,8.685e+08,1,0,
110,1,3571125895470,3571578504470,10,-11.2542,2,8.683e+08,1,0,
52,1,3543811673930,3544798811532,11,-3.58427,4,8.681e+08,1,0,
166,1,1296420404120,1296667188862,9,-2.74863,2,8.685e+08,1,0,
116,1,1284003470124,1284456079205,10,7.42868,4,8.685e+08,1,0,
276,1,1284819896390,1284891832666,7,11.4827,2,8.685e+08,1,0,
44,1,3263599953826,3264052562789,10,-16.3179,4,8.683e+08,1,0,
212,1,737671934848,738124543629,10,11.7326,4,8.681e+08,1,0,
5,1,743200005042,743271941506,7,9.21288,4,8.681e+08,1,0,
146,1,3241629656401,3243440090248,12,-20.3601,2,8.683e+08,1,0,
33,1,743586059175,743657995320,7,6.89517,2,8.681e+08,1,0,
42,1,1190435531191,1190507467677,7,-7.72691,4,8.683e+08,1,0,
39,1,816117202826,817927635977,12,-10.22,2,8.685e+08,1,0,
88,1,744942733125,746753166886,12,-17.248,4,8.681e+08,1,0,
236,1,2664751137971,2664823074143,7,22.8858,4,8.683e+08,1,0,
41,1,2664926828503,2666737262452,12,-13.2181,2,8.683e+08,1,0,
29,1,2665640244843,2667450678008,12,-6.16054,4,8.685e+08,1,0,
75,1,3484851436000,3485838573139,11,-10.3879,2,8.683e+08,1,0,
281,1,3141120245860,3141192182159,7,0.527512,4,8.683e+08,1,0,
93,1,2284273970980,2286084404189,12,4.06893,4,8.683e+08,1,0,
18,1,2372240834160,2374051267690,12,-16.0383,2,8.685e+08,1,0,
42,1,1155903086918,1155975023404,7,9.48437,4,8.685e+08,1,0,
223,1,1120689712784,1120936497632,9,-5.83258,4,8.685e+08,1,0,
279,1,2273093982843,2274904416536,12,1.26477,4,8.683e+08,1,0,
58,1,3031811338271,3032263947372,10,0.930436,4,8.683e+08,1,0,
48,1,2402981754684,2404792188347,12,-7.51044,4,8.683e+08,1,0,
123,1,3365736419148,3366189028028,10,-6.67735,4,8.681e+08,1,0,
206,1,3368269549899,3368722159041,10,0.479829,4,8.681e+08,1,0,
115,1,3106468723271,3106602355848,8,-8.49338,2,8.683e+08,1,0,
48,1,861004512927,862814946590,12,-14.1054,4,8.685e+08,1,0,
117,1,763039584342,764850017894,12,-17.1644,2,8.685e+08,1,0,
72,1,756111165794,757098302672,11,-5.07635,4,8.681e+08,1,0,
60,1,756940231596,757187016585,9,-6.99028,2,8.685e+08,1,0,
65,1,761736265876,763546699272,12,-13.543,4,8.681e+08,1,0,
250,1,767040589145,768851022513,12,-18.6344,4,8.681e+08,1,0,
260,1,764376905690,766187339578,12,-17.7005,2,8.681e+08,1,0,
113,1,2406404905255,2406857514132,10,0,2,8.683e+08,0,1,
14,1,2559425887200,2561236321000,12,-5.13304,2,8.685e+08,1,0,
190,1,1213592589014,1213664525065,7,25.1403,4,8.685e+08,1,0,
199,1,1445147506320,1446957939972,12,-15.2273,2,8.685e+08,1,0,
125,1,1536076263882,1536148199935,7,32.3962,2,8.683e+08,1,0,
157,1,1422342987316,1422414923702,7,14.733,4,8.683e+08,1,0,
33,1,2500680398284,2500752334429,7,-6.27618,2,8.685e+08,1,0,
49,1,2519847337166,2521657771046,12,0,4,8.685e+08,0,1,
183,1,2507575992330,2508028601053,10,-13.3591,4,8.683e+08,1,0,
268,1,1626689112314,1627676249653,11,4.03613,2,8.685e+08,1,0,
264,1,763900089173,764033721803,8,-5.66252,2,8.685e+08,1,0,
156,1,764100842647,764172779023,7,7.49905,2,8.685e+08,1,0,
281,1,768737836090,768809772389,7,12.7946,4,8.685e+08,1,0,
278,1,967653299078,969463732865,12,-19.5914,4,8.681e+08,1,0,
179,1,775838543313,775910479789,7,-5.54195,2,8.681e+08,1,0,
84,1,2205134426731,2206944860402,12,-3.01599,2,8.683e+08,1,0,
125,1,1031019235506,1031091171559,7,4.83961,2,8.685e+08,1,0,
273,1,773555753201,773802538031,9,-0.430343,4,8.681e+08,1,0,
144,1,1093714197206,1095524630478,12,-0.538634,2,8.685e+08,1,0,
151,1,1089560390571,1091370824160,12,-14.0636,4,8.681e+08,1,0,
164,1,2194918070792,2195051703481,8,10.155,2,8.683e+08,1,0,
173,1,1450310031020,1452120464476,12,-10.4159,4,8.685e+08,1,0,
54,1,1413172419128,1414982852868,12,-3.11092,2,8.681e+08,1,0,
278,1,1413828159263,1415638593050,12,-12.0335,4,8.685e+08,1,0,
109,1,1418498419346,1420308853357,12,0,2,8.685e+08,0,1,
149,1,3205473529401,3205926138546,10,0,2,8.683e+08,0,1,
156,1,3550423798401,3550495734777,7,9.39298,4,8.681e+08,1,0,
199,1,3556572080263,3558382513915,12,-11.9745,2,8.681e+08,1,0,
89,1,3589242931897,3589695540792,10,-7.49132,4,8.683e+08,1,0,
34,1,1330304898550,1332115331616,12,13.73,4,8.685e+08,1,0,
227,1,2222025658391,2222272443256,9,2.48782,2,8.685e+08,1,0,
58,1,2338441866229,2338894475330,10,-6.87993,4,8.683e+08,1,0,
274,1,2191923170942,2193733604390,12,-18.0219,2,8.685e+08,1,0,
6,1,852636884108,853089493357,10,-7.62959,2,8.683e+08,1,0,
120,1,778644871752,778716808246,7,0.0290383,4,8.681e+08,1,0,
121,1,796658650100,796730586500,7,-1.60397,4,8.685e+08,1,0,
202,1,2247605155974,2248057764840,10,-1.42438,4,8.683e+08,1,0,
104,1,1166669789120,1168480222437,12,0,4,8.681e+08,0,1,
282,1,3160906828940,3162717262773,12,-5.1327,2,8.683e+08,1,0,
216,1,2413982851193,2414969988582,11,-9.39506,4,8.685e+08,1,0,
20,1,2228357072267,2229344209966,11,-4.12413,2,8.685e+08,1,0,
279,1,791015419136,792825852829,12,-3.31557,4,8.681e+08,1,0,
193,1,847213399994,849023833228,12,-10.8103,2,8.685e+08,1,0,
219,1,787710474365,787957259229,9,-9.03389,4,8.685e+08,1,0,
61,1,788273963150,788345899353,7,-6.61728,2,8.681e+08,1,0,
284,1,1289327620320,1289574405282,9,1.15485,4,8.685e+08,1,0,
73,1,1297967468258,1298101100811,8,-4.10034,2,8.681e+08,1,0,
44,1,2237707680200,2238160289163,10,-12.5722,4,8.685e+08,1,0,
282,1,1167858996060,1169669429893,12,-16.566,2,8.685e+08,1,0,
195,1,1405952277825,1407762711591,12,0,2,8.685e+08,0,1,
51,1,1395781994930,1395853931219,7,5.42864,4,8.685e+08,1,0,
90,1,1399681306175,1400668443225,11,-16.9545,4,8.683e+08,1,0,
261,1,2273995828211,2274129460657,8,0.408189,4,8.685e+08,1,0,
175,1,2261366370332,2261818979349,10,2.03375,4,8.685e+08,1,0,
64,1,2379710891026,2380698028088,11,-17.1384,4,8.683e+08,1,0,
238,1,3133382901149,3135193334405,12,0,4,8.681e+08,0,1,
8,1,1579220413693,1581030847090,12,-20.9792,4,8.685e+08,1,0,
184,1,2313982921434,2315793355373,12,-3.51814,2,8.683e+08,1,0,
237,1,798207678632,798454463649,9,-9.14937,2,8.681e+08,1,0,
6,1,807376084098,807828693347,10,0.576463,2,8.685e+08,1,0,
282,1,805772596040,807583029873,12,-6.01095,2,8.681e+08,1,0,
124,1,799922463244,801732896716,12,-17.1639,2,8.681e+08,1,0,
87,1,803135516902,804945950411,12,-18.8918,2,8.685e+08,1,0,
191,1,1164542987573,1166353421000,12,-17.1281,2,8.681e+08,1,0,
30,1,1178348406164,1180158839420,12,0,2,8.685e+08,0,1,
92,1,2601331351845,2603141785273,12,0,4,8.683e+08,0,1,
121,1,3031888015108,3031959951508,7,-8.50784,4,8.685e+08,1,0,
75,1,821215754575,822202891714,11,10.2968,2,8.683e+08,1,0,
275,1,824699092611,825151701873,10,-13.231,2,8.681e+08,1,0,
100,1,953050082008,954860515469,12,0,4,8.685e+08,0,1,
13,1,854694589962,856505023500,12,0,4,8.681e+08,0,1,
250,1,948083789155,949894222523,12,-2.19281,4,8.685e+08,1,0,
154,1,833604995887,834592133192,11,-7.97049,2,8.685e+08,1,0,
214,1,834808018976,836618452729,12,-8.32451,4,8.681e+08,1,0,
42,1,838643222907,838715159393,7,4.9314,4,8.681e+08,1,0,
53,1,3140928618211,3142739051961,12,0,4,8.681e+08,0,1,
211,1,3334297955868,3336108389320,12,-6.3934,2,8.683e+08,1,0,
163,1,1514919525030,1515906662006,11,0,2,8.683e+08,0,1,
227,1,1515848574872,1516095359737,9,-5.65498,2,8.681e+08,1,0,
46,1,3042217233388,3042464018397,9,-12.2586,2,8.683e+08,1,0,
7,1,1318972617189,1320783050863,12,-16.1183,2,8.685e+08,1,0,
108,1,1145967561265,1146420170024,10,-13.805,4,8.683e+08,1,0,
254,1,1549157694324,1549404479338,9,-4.17036,2,8.681e+08,1,0,
253,1,1560582717210,1560654653841,7,-4.4044,4,8.683e+08,1,0,
203,1,843983799842,844970937297,11,0,2,8.685e+08,0,1,
72,1,854824765804,855811902682,11,-12.0885,4,8.681e+08,1,0,
229,1,881219697727,883030131233,12,-12.8296,4,8.681e+08,1,0,
207,1,849750277780,849822214411,7,-8.07997,4,8.685e+08,1,0,
162,1,840866030275,842676463902,12,-18.0101,4,8.685e+08,1,0,
272,1,3426265262145,3426398894692,8,2.15875,4,8.685e+08,1,0,
6,1,2354220038847,2354672648096,10,0,2,8.685e+08,0,1,
263,1,2351095799923,2351548408636,10,-4.42503,4,8.685e+08,1,0,
8,1,2237807121506,2239617554903,12,-5.10326,4,8.683e+08,1,0,
174,1,1542406719518,1542478656011,7,0,2,8.685e+08,0,1,
97,1,1546670912602,1548481346258,12,-5.30794,4,8.685e+08,1,0,
155,1,850026867388,850479476214,10,-11.5,2,8.681e+08,1,0,
168,1,846479162790,848289596164,12,-6.45744,2,8.681e+08,1,0,
2,1,846605300687,847057909943,10,-4.21445,4,8.681e+08,1,0,
190,1,1315231879592,1315303815643,7,21.9554,4,8.683e+08,1,0,
171,1,1335828407753,1337638841923,12,-4.23419,4,8.685e+08,1,0,
95,1,3190665112038,3191652249368,11,0,4,8.681e+08,0,1,
219,1,3202113804021,3202360588885,9,-13.9085,4,8.683e+08,1,0,
66,1,3117977729488,3118964866982,11,-7.96635,4,8.685e+08,1,0,
69,1,2362456096230,2362908705418,10,14.6949,4,8.683e+08,1,0,
5,1,2374684860671,2374756797135,7,-5.74086,4,8.683e+08,1,0,
26,1,3144997493762,3146807927385,12,0,2,8.683e+08,0,1,
30,1,2492341451934,2494151885190,12,-18.6836,4,8.681e+08,1,0,
265,1,2385230800456,2385683409515,10,5.98665,2,8.685e+08,1,0,
239,1,3226969063979,3227421673190,10,-7.24296,4,8.683e+08,1,0,
163,1,3181993727407,3182980864383,11,0.0948342,2,8.683e+08,1,0,
151,1,3353956284979,3355766718568,12,-1.4398,4,8.685e+08,1,0,
7,1,892747797345,894558231019,12,0,2,8.685e+08,0,1,
51,1,855361170375,855433106664,7,19.0458,4,8.685e+08,1,0,
160,1,1060362913200,1062173346960,12,0,4,8.681e+08,0,1,
102,1,1472736369589,1472983154430,9,-8.37967,4,8.685e+08,1,0,
203,1,1470137770621,1471124908076,11,-9.90005,2,8.685e+08,1,0,
242,1,1490681036443,1492491470424,12,-9.31093,2,8.685e+08,1,0,
119,1,1077734473670,1079544907346,12,-10.0494,2,8.681e+08,1,0,
92,1,2420288151835,2422098585263,12,-11.6207,4,8.685e+08,1,0,
166,1,2315487924119,2315734708861,9,-5.66127,2,8.685e+08,1,0,
150,1,3271595000120,3272582137418,11,-12.6842,2,8.685e+08,1,0,
230,1,3034313746568,3035300883868,11,0,4,8.681e+08,0,1,
284,1,3510251745971,3510498530933,9,-4.5544,4,8.683e+08,1,0,
34,1,3404196383744,3406006816810,12,6.80873,4,8.685e+08,1,0,
130,1,1763942675364,1764395284246,10,-2.03006,2,8.683e+08,1,0,
289,1,1763780504275,1765590937962,12,-19.372,2,8.685e+08,1,0,
83,1,1770501638765,1771488776057,11,-7.83783,4,8.683e+08,1,0,
187,1,2371941567322,2372075200000,8,-5.82269,2,8.683e+08,1,0,
181,1,2483048936265,2484859369740,12,-6.9377,4,8.683e+08,1,0,
103,1,3219373021937,3219825631085,10,-0.043975,4,8.683e+08,1,0,
90,1,3087179661024,3088166798074,11,-10.5365,4,8.683e+08,1,0,
177,1,1021436875472,1023247309296,12,-15.7742,2,8.685e+08,1,0,
32,1,872682895362,874493329114,12,-5.56721,2,8.681e+08,1,0,
31,1,1219903645381,1221714078848,12,0,4,8.681e+08,0,1,
229,1,1213305743531,1215116177037,12,0,4,8.685e+08,0,1,
27,1,1142638435289,1144448868681,12,0,2,8.685e+08,0,1,
130,1,1156754355671,1157206964553,10,-10.2145,2,8.681e+08,1,0,
188,1,2417613359828,2418600497291,11,0,2,8.685e+08,0,1,
140,1,1247534844087,1249345277736,12,-13.9257,4,8.685e+08,1,0,
260,1,3111137626765,3112948060653,12,-18.7757,2,8.683e+08,1,0,
113,1,3176362333699,3176814942576,10,0,2,8.685e+08,0,1,
4,1,3198651432960,3199104042113,10,-14.8075,2,8.683e+08,1,0,
71,1,868615329683,868687266264,7,-8.79056,4,8.685e+08,1,0,
220,1,928539790056,930350224139,12,-19.6198,4,8.681e+08,1,0,
38,1,876525668890,876772453567,9,-2.42183,4,8.681e+08,1,0,
157,1,870295743754,870367680140,7,10.8406,4,8.681e+08,1,0,
210,1,873643548924,874630686247,11,-17.4201,2,8.685e+08,1,0,
176,1,3379923065595,3380056698277,8,-8.62875,2,8.685e+08,1,0,
48,1,1573106724578,1574917158241,12,-8.85228,4,8.685e+08,1,0,
180,1,1466053297910,1467863732046,12,-17.86,2,8.681e+08,1,0,
59,1,3482750835645,3483203444816,10,-16.7508,4,8.683e+08,1,0,
84,1,2669148767409,2670959201080,12,0,4,8.681e+08,0,1,
209,1,1697399616760,1699210050562,12,-18.8381,2,8.685e+08,1,0,
68,1,1575724169861,1577534603172,12,-13.3102,4,8.685e+08,1,0,
39,1,2343710787059,2345521220210,12,-7.31798,2,8.683e+08,1,0,
246,1,2731256330545,2731503115826,9,-5.34643,4,8.683e+08,1,0,
49,1,2731015145003,2732825578883,12,-19.5108,4,8.683e+08,1,0,
224,1,2737972588532,2738425197580,10,-4.96687,2,8.685e+08,1,0,
78,1,2829247259135,2831057692360,12,-6.99115,4,8.685e+08,1,0,
160,1,879319713190,881130146950,12,-21.8264,4,8.681e+08,1,0,
272,1,892071595282,892205227829,8,8.28317,4,8.683e+08,1,0,
90,1,3221140729348,3222127866398,11,0,4,8.685e+08,0,1,
246,1,1203974198642,1204220983923,9,0,4,8.683e+08,0,1,
239,1,3272229863989,3272682473200,10,-2.44314,4,8.685e+08,1,0,
258,1,3322122126184,3323932559437,12,-2.33758,4,8.681e+08,1,0,
75,1,2685480955116,2686468092255,11,0,2,8.685e+08,0,1,
6,1,2686857791232,2687310400481,10,-15.3101,2,8.683e+08,1,0,
276,1,2525235544436,2525307480712,7,4.90715,2,8.685e+08,1,0,
297,1,2518818664568,2520629097819,12,0,4,8.683e+08,0,1,
91,1,2536143283738,2537953717351,12,0,4,8.681e+08,0,1,
253,1,1399894332394,1399966269025,7,-6.2681,4,8.683e+08,1,0,
152,1,1406763770930,1406835707388,7,7.81844,4,8.685e+08,1,0,
253,1,937665330561,937737267192,7,-1.7585,4,8.685e+08,1,0,
168,1,2361016975072,2362827408446,12,-2.62683,2,8.683e+08,1,0,
142,1,2311147842520,2312958276028,12,-6.69688,4,8.681e+08,1,0,
210,1,3097066913451,3098054050774,11,-8.02351,2,8.683e+08,1,0,
80,1,1686799540682,1688609973665,12,-9.47299,4,8.685e+08,1,0,
199,1,1694431018699,1696241452351,12,-18.8553,2,8.683e+08,1,0,
233,1,1697097476751,1698907910235,12,-17.7802,2,8.681e+08,1,0,
4,1,2376577003694,2377029612847,10,-10.4186,2,8.683e+08,1,0,
103,1,2262740769743,2263193378891,10,11.6465,4,8.683e+08,1,0,
149,1,901097899823,901550508968,10,-6.43472,2,8.685e+08,1,0,
134,1,901593111449,903403545164,12,-10.9827,4,8.681e+08,1,0,
89,1,902395715748,902848324643,10,-13.2062,4,8.681e+08,1,0,
112,1,892383586101,893370722958,11,0,4,8.685e+08,0,1,
9,1,1030662191901,1032472625285,12,0,2,8.685e+08,0,1,
148,1,902652602428,903639739557,11,-7.2117,2,8.681e+08,1,0,
76,1,915935034223,916068666807,8,9.87087,2,8.685e+08,1,0,
200,1,914338430390,916148864349,12,-14.4093,2,8.681e+08,1,0,
208,1,953582885466,953654821988,7,1.33867,2,8.685e+08,1,0,
42,1,2589388831815,2589460768301,7,0,4,8.681e+08,0,1,
99,1,2594524364456,2595511501567,11,-10.7064,2,8.683e+08,1,0,
144,1,1274757397216,1276567830488,12,-20.933,2,8.685e+08,1,0,
189,1,1249883901981,1250871039485,11,-13.1475,4,8.685e+08,1,0,
269,1,1252308416194,1254118849871,12,0,4,8.685e+08,0,1,
174,1,1254900893943,1254972830436,7,-0.356017,2,8.685e+08,1,0,
21,1,2164029814803,2165840248578,12,0,2,8.685e+08,0,1,
158,1,2410168939658,2410240876007,7,16.0982,4,8.685e+08,1,0,
276,1,3243031577150,3243103513426,7,-9.09564,2,8.683e+08,1,0,
93,1,3370533171040,3372343604249,12,0,4,8.683e+08,0,1,
2,1,923406839087,923859448343,10,-7.60251,4,8.685e+08,1,0,
99,1,916773431297,917760568408,11,-6.67042,2,8.681e+08,1,0,
218,1,917728223839,919538657404,12,-15.7605,2,8.685e+08,1,0,
133,1,2342509915127,2343497052555,11,-9.87405,4,8.685e+08,1,0,
161,1,3571305136499,3573115570393,12,-20.8678,4,8.683e+08,1,0,
193,1,3505791806261,3507602239495,12,-15.9788,2,8.685e+08,1,0,
260,1,3292180826775,3293991260663,12,-10.2071,2,8.683e+08,1,0,
201,1,927953369306,928940506306,11,-12.9787,4,8.685e+08,1,0,
10,1,937011401878,937464010900,10,-0.948669,4,8.681e+08,1,0,
208,1,931193431452,931265367974,7,-4.47484,2,8.685e+08,1,0,
273,1,935050715689,935297500519,9,-1.1869,4,8.681e+08,1,0,
4,1,1205050076275,1205502685428,10,-12.6886,2,8.681e+08,1,0,
262,1,1219526099199,1219978708179,10,-6.93101,4,8.681e+08,1,0,
78,1,2291431609604,2293242042829,12,-5.16041,4,8.685e+08,1,0,
43,1,2479842063285,2480829200495,11,-17.4751,4,8.683e+08,1,0,
217,1,2479440751308,2481251184431,12,-2.73328,4,8.683e+08,1,0,
123,1,2480265210637,2480717819517,10,-0.0742332,4,8.683e+08,1,0,
275,1,3125905719582,3126358328844,10,-0.559615,2,8.683e+08,1,0,
236,1,2628183675074,2628255611246,7,25.0143,4,8.681e+08,1,0,
150,1,2632052703251,2633039840549,11,4.66754,2,8.685e+08,1,0,
253,1,1407087932404,1407159869035,7,-5.06961,4,8.685e+08,1,0,
40,1,2324997083710,2325130716178,8,-7.61914,4,8.685e+08,1,0,
180,1,2305924690134,2307735124270,12,-17.4386,2,8.685e+08,1,0,
100,1,1134093282018,1135903715479,12,-6.45691,4,8.683e+08,1,0,
295,1,3106142917695,3106389702841,9,-10.3617,2,8.683e+08,1,0,
200,1,3469230475989,3471040909948,12,9.04658,2,8.683e+08,1,0,
125,1,2451956691681,2452028627734,7,0,4,8.681e+08,0,1,
202,1,1073664861110,1074117469976,10,-3.39476,4,8.681e+08,1,0,
50,1,2216718063540,2218528497095,12,-22.174,2,8.681e+08,1,0,
12,1,2640697195628,2640830828287,8,2.40222,2,8.685e+08,1,0,
205,1,3418694900676,3420505334518,12,-11.3257,2,8.683e+08,1,0,
35,1,3464764886018,3466575319070,12,-17.4019,2,8.685e+08,1,0,
97,1,3425441533571,3427251967227,12,-4.61253,4,8.685e+08,1,0,
105,1,941646237038,943456670229,12,-8.59795,4,8.685e+08,1,0,
125,1,957169240751,957241176804,7,22.2378,2,8.685e+08,1,0,
252,1,959080119576,960890553086,12,-17.8786,2,8.681e+08,1,0,
2,1,968667639097,969120248353,10,-10.3804,4,8.685e+08,1,0,
202,1,958693217434,959145826300,10,-3.8465,4,8.681e+08,1,0,
242,1,951555203853,953365637834,12,0,2,8.681e+08,0,1,
151,1,2505681799464,2507492233053,12,-12.2761,4,8.685e+08,1,0,
255,1,2500759172526,2501211781356,10,-2.90289,4,8.685e+08,1,0,
68,1,2532402957501,2534213390812,12,-6.23991,4,8.685e+08,1,0,
48,1,2699216002409,2701026436072,12,-6.37622,4,8.683e+08,1,0,
297,1,2699861864578,2701672297829,12,8.4462,4,8.685e+08,1,0,
58,1,2704122642505,2704575251606,10,0,4,8.683e+08,0,1,
114,1,3444388335267,3444840944155,10,-7.95715,4,8.683e+08,1,0,
296,1,2701799745755,2703610179053,12,0,2,8.685e+08,0,1,
24,1,2705148766102,2706135903368,11,-1.15259,2,8.683e+08,1,0,
209,1,2715268394728,2717078828530,12,-11.9541,2,8.683e+08,1,0,
12,1,2465645650672,2465779283331,8,-3.64279,2,8.685e+08,1,0,
272,1,964483811661,964617444208,8,0,4,8.685e+08,0,1,
161,1,960680830445,962491264339,12,-13.1704,4,8.685e+08,1,0,
125,1,1476677421659,1476749357712,7,29.5663,2,8.685e+08,1,0,
262,1,1476621626189,1477074235169,10,2.7834,4,8.681e+08,1,0,
22,1,1487021881197,1487268665787,9,-8.01237,4,8.683e+08,1,0,
96,1,1485308102735,1485760711731,10,-14.807,4,8.685e+08,1,0,
239,1,2672521213178,2672973822389,10,-7.84921,4,8.683e+08,1,0,
47,1,3190171417980,3190418202855,9,-0.751189,4,8.681e+08,1,0,
133,1,961399607035,962386744463,11,-15.2963,4,8.681e+08,1,0,
98,1,965670931594,967481365289,12,-13.8425,4,8.681e+08,1,0,
243,1,967246206074,968233343457,11,-14.6461,4,8.681e+08,1,0,
81,1,999711184736,1001521618097,12,-6.54364,2,8.685e+08,1,0,
182,1,1112904350740,1114714784384,12,-11.3282,4,8.683e+08,1,0,
188,1,1130790264160,1131777401623,11,-12.696,2,8.681e+08,1,0,
34,1,1149261698540,1151072131606,12,-10.2098,4,8.683e+08,1,0,
215,1,976232448816,976479233478,9,-3.2773,2,8.681e+08,1,0,
264,1,973734216852,973867849482,8,1.11775,2,8.685e+08,1,0,
210,1,975423281025,976410418348,11,-5.15951,2,8.685e+08,1,0,
167,1,984810413043,986620846443,12,-6.95851,4,8.681e+08,1,0,
71,1,997879835062,997951771643,7,2.70627,4,8.683e+08,1,0,
239,1,993458020887,993910630098,10,-10.3606,4,8.681e+08,1,0,
238,1,992750510771,994560944027,12,0,2,8.681e+08,0,1,
124,1,1162008863264,1163819296736,12,-19.904,2,8.685e+08,1,0,
133,1,1081173376794,1082160514222,11,-17.1039,4,8.681e+08,1,0,
272,1,993077752483,993211385030,8,11.8468,4,8.683e+08,1,0,
47,1,996017626659,996264411534,9,5.35516,4,8.685e+08,1,0,
276,1,1007500961218,1007572897494,7,10.2028,2,8.685e+08,1,0,
173,1,999931752509,1001742185965,12,-16.3143,4,8.681e+08,1,0,
30,1,997305206154,999115639410,12,-20.4817,2,8.685e+08,1,0,
211,1,1002329168971,1004139602423,12,0,2,8.681e+08,0,1,
268,1,1005388909360,1006376046699,11,-9.23907,2,8.681e+08,1,0,
62,1,1030853455548,1031100240366,9,0.291322,4,8.683e+08,1,0,
210,1,1074136881035,1075124018358,11,-7.53528,2,8.683e+08,1,0,
214,1,1015851218986,1017661652739,12,1.20595,4,8.681e+08,1,0,
137,1,1049045020298,1050855453625,12,-13.0683,2,8.681e+08,1,0,
53,1,1895791296804,1897601730554,12,-20.0877,4,8.683e+08,1,0,
125,1,1783984864476,1784056800529,7,24.942,2,8.683e+08,1,0,
98,1,1821185690054,1822996123749,12,0.886399,4,8.685e+08,1,0,
299,1,1798801486261,1800611919750,12,-18.0185,2,8.685e+08,1,0,
253,1,1783201348006,1783273284637,7,1.81732,4,8.681e+08,1,0,
197,1,1787188016927,1787434802049,9,-3.14838,4,8.685e+08,1,0,
71,1,1807744355248,1807816291829,7,11.2473,4,8.683e+08,1,0,
77,1,3137132237277,3137584846159,10,-8.35077,2,8.683e+08,1,0,
178,1,3561059008996,3562869441811,12,5.31391,4,8.681e+08,1,0,
248,1,3411183946979,3411636556002,10,-5.57613,2,8.685e+08,1,0,
299,1,3539150075828,3540960509317,12,0,2,8.683e+08,0,1,
50,1,3411211840185,3413022273740,12,-5.48051,2,8.685e+08,1,0,
159,1,2500674056496,2502484490054,12,-14.516,2,8.685e+08,1,0,
266,1,2577308068436,2579118502145,12,-17.8163,2,8.685e+08,1,0,
135,1,3364812384676,3365799521794,11,-6.95419,4,8.683e+08,1,0,
270,1,3330241804610,3330694413749,10,-1.34473,2,8.683e+08,1,0,
234,1,1791807965042,1792054750016,9,-11.2579,4,8.683e+08,1,0,
218,1,1891153520042,1892963953607,12,7.67976,2,8.683e+08,1,0,
95,1,1792664836486,1793651973816,11,-8.74397,4,8.681e+08,1,0,
252,1,2550746639263,2552557072773,12,-15.2165,2,8.683e+08,1,0,
135,1,2472963113165,2473950250283,11,-16.141,4,8.683e+08,1,0,
131,1,3368698283568,3368945068212,9,7.64777,4,8.681e+08,1,0,
61,1,2415233438320,2415305374523,7,36.2294,2,8.685e+08,1,0,
121,1,2416505744189,2416577680589,7,-7.7899,4,8.681e+08,1,0,
112,1,1797958148245,1798945285102,11,-9.13063,4,8.685e+08,1,0,
68,1,2351359757491,2353170190802,12,-8.3391,4,8.683e+08,1,0,
115,1,1801135822924,1801269455501,8,7.85373,2,8.683e+08,1,0,
208,1,1809883389783,1809955326305,7,22.4025,2,8.683e+08,1,0,
38,1,1816080484669,1816327269346,9,9.17429,4,8.685e+08,1,0,
217,1,1904923126101,1906733559224,12,-2.04059,4,8.685e+08,1,0,
31,1,1810443577943,1812254011410,12,-22.0216,4,8.685e+08,1,0,
174,1,1825337288876,1825409225369,7,2.66814,2,8.683e+08,1,0,
130,1,3071797030149,3072249639031,10,-13.299,2,8.683e+08,1,0,
173,1,2514173181834,2515983615290,12,-12.3649,4,8.683e+08,1,0,
185,1,1812165027895,1813975461480,12,-20.6511,4,8.685e+08,1,0,
208,1,1817076989793,1817148926315,7,0.892182,2,8.685e+08,1,0,
127,1,1816059979392,1816193612058,8,-4.54642,2,8.683e+08,1,0,
84,1,3212278367439,3214088801110,12,1.92563,2,8.683e+08,1,0,
99,1,2491706979700,2492694116811,11,0,2,8.685e+08,0,1,
208,1,3513797401353,3513869337875,7,6.96709,4,8.681e+08,1,0,
12,1,3366918683878,3367052316537,8,9.24854,2,8.685e+08,1,0,
203,1,2648194926599,2649182064054,11,-11.1264,4,8.681e+08,1,0,
140,1,2645910514864,2647720948513,12,-21.2608,4,8.683e+08,1,0,
230,1,2724737540983,2725724678283,11,-5.12266,2,8.683e+08,1,0,
297,1,1819209212363,1821019645614,12,-5.88577,4,8.685e+08,1,0,
79,1,1824283508213,1824530293068,9,9.90856,4,8.681e+08,1,0,
241,1,3140802737241,3141255346447,10,-7.47548,4,8.681e+08,1,0,
37,1,2366742743484,2368553177290,12,-19.3634,4,8.685e+08,1,0,
11,1,1833714699220,1834167308177,10,-11.293,4,8.685e+08,1,0,
249,1,1848539829343,1850350263110,12,-8.21776,4,8.683e+08,1,0,
235,1,1827057445443,1828044582761,11,0,2,8.685e+08,0,1,
103,1,1828232537406,1828685146554,10,-14.7573,4,8.685e+08,1,0,
187,1,2417361397144,2417495029822,8,-5.39531,2,8.683e+08,1,0,
42,1,2394868398052,2394940334538,7,14.4239,4,8.683e+08,1,0,
158,1,2562793170893,2562865107242,7,2.85902,4,8.683e+08,1,0,
80,1,2262976573029,2264787006012,12,0,4,8.683e+08,0,1,
69,1,2816563031588,2817015640776,10,-12.9721,4,8.683e+08,1,0,
57,1,2717977743565,2719788177175,12,-15.963,2,8.685e+08,1,0,
239,1,2723425106605,2723877715816,10,0,4,8.683e+08,0,1,
237,1,2720075691827,2720322476844,9,-6.23958,4,8.681e+08,1,0,
233,1,2726580502926,2728390936410,12,-14.6032,2,8.683e+08,1,0,
273,1,2719861103936,2720107888766,9,9.02905,4,8.683e+08,1,0,
196,1,2733353841961,2733806451066,10,3.15636,2,8.683e+08,1,0,
80,1,2750985889033,2752796322016,12,0,4,8.683e+08,0,1,
84,1,2850191967419,2852002401090,12,-18.7466,2,8.683e+08,1,0,
23,1,2724151252124,2725961685817,12,2.95616,4,8.685e+08,1,0,
61,1,3113003293444,3113075229647,7,8.24512,2,8.685e+08,1,0,
113,1,1833653364127,1834105973004,10,-8.67754,2,8.683e+08,1,0,
292,1,1832850873526,1833097658172,9,-10.8374,2,8.683e+08,1,0,
77,1,1834404876297,1834857485179,10,-8.7565,2,8.685e+08,1,0,
38,1,1841421529728,1841668314405,9,13.2767,4,8.683e+08,1,0,
127,1,1840341743974,1840475376640,8,-10.718,2,8.685e+08,1,0,
75,1,1840228892999,1841216030138,11,-13.0823,2,8.683e+08,1,0,
207,1,1843394851695,1843466788326,7,-4.92639,4,8.683e+08,1,0,
261,1,1841074560548,1841208192994,8,18.9319,4,8.685e+08,1,0,
207,1,1866983112303,1867055048934,7,-2.06285,4,8.681e+08,1,0,
275,1,1842761552805,1843214162067,10,-6.01617,2,8.685e+08,1,0,
145,1,1843407926023,1845218359871,12,0,2,8.685e+08,0,1,
100,1,1844609952680,1846420386141,12,0,4,8.683e+08,0,1,
167,1,3387657394061,3389467827461,12,-10.2998,4,8.683e+08,1,0,
213,1,2693398219321,2694385356437,11,-16.3882,2,8.683e+08,1,0,
178,1,3380015808986,3381826241801,12,-14.5917,4,8.683e+08,1,0,
149,1,3082884245577,3083336854722,10,-7.50494,4,8.681e+08,1,0,
291,1,1847698365616,1849508799066,12,-20.8777,4,8.685e+08,1,0,
232,1,1946097589849,1947084726904,11,18.7818,4,8.683e+08,1,0,
232,1,1847383989839,1848371126894,11,-13.3898,4,8.685e+08,1,0,
45,1,1958749335649,1960559769248,12,0,2,8.685e+08,0,1,
51,1,1866255411735,1866327348024,7,14.3618,4,8.683e+08,1,0,
189,1,1858413823455,1859400960959,11,-8.21744,4,8.685e+08,1,0,
260,1,1862491107601,1864301541489,12,0,2,8.685e+08,0,1,
81,1,1879093664839,1880904098200,12,0,2,8.683e+08,0,1,
121,1,1862983911764,1863055848164,7,16.6862,4,8.683e+08,1,0,
95,1,1891378436496,1892365573826,11,-1.33525,4,8.685e+08,1,0,
271,1,1867519577715,1869330011560,12,-9.39006,4,8.685e+08,1,0,
192,1,3465498138723,3466485276548,11,-14.0699,2,8.683e+08,1,0,
185,1,1993208227905,1995018661490,12,-21.6876,4,8.685e+08,1,0,
193,1,2201238993254,2203049426488,12,0,2,8.685e+08,0,1,
61,1,1866637053930,1866708990133,7,12.0013,2,8.685e+08,1,0,
192,1,1866462763425,1867449901250,11,-12.6662,2,8.683e+08,1,0,
15,1,2002606798683,2003593936313,11,-11.8243,2,8.685e+08,1,0,
58,1,3598995092421,3599447701522,10,-1.19682,4,8.683e+08,1,0,
292,1,2435397974742,2435644759388,9,0,2,8.685e+08,0,1,
103,1,2449013690621,2449466299769,10,-1.46539,4,8.685e+08,1,0,
177,1,3147578723400,3149389157224,12,-16.4984,2,8.683e+08,1,0,
153,1,1869234229422,1871044663187,12,-19.9113,2,8.683e+08,1,0,
278,1,1926987907034,1928798340821,12,-18.2522,4,8.685e+08,1,0,
171,1,1874836364141,1876646798311,12,7.68446,4,8.685e+08,1,0,
168,1,2179973775062,2181784208436,12,0,2,8.685e+08,0,1,
85,1,2178977308735,2179110941316,8,-8.72948,2,8.683e+08,1,0,
294,1,1883109092343,1884096229762,11,-6.95106,4,8.683e+08,1,0,
248,1,1879803269740,1880255878763,10,0,2,8.683e+08,0,1,
183,1,2606821438524,2607274047247,10,-1.69008,4,8.681e+08,1,0,
239,1,2598566476187,2599019085398,10,-13.7182,4,8.685e+08,1,0,
132,1,2628495600054,2630306033503,12,0,4,8.683e+08,0,1,
206,1,3090734752192,3091187361334,10,-7.6635,4,8.683e+08,1,0,
271,1,3580020376078,3581830809923,12,0,4,8.683e+08,0,1,
213,1,1889592414985,1890579552101,11,-11.3479,2,8.685e+08,1,0,
129,1,1900386632416,1900458568886,7,10.5712,2,8.685e+08,1,0,
164,1,1893972434462,1894106067151,8,-5.33832,2,8.683e+08,1,0,
103,1,3548761935073,3549214544221,10,-1.3779,4,8.685e+08,1,0,
300,1,3246487821130,3248298254373,12,1.15859,4,8.681e+08,1,0,
145,1,2426931531404,2428741965252,12,-14.6228,2,8.683e+08,1,0,
175,1,2375248868810,2375701477827,10,-2.59956,4,8.683e+08,1,0,
210,1,2367486326172,2368473463495,11,-12.9511,4,8.681e+08,1,0,
30,1,2311298251924,2313108685180,12,1.1653,2,8.683e+08,1,0,
206,1,2657387990626,2657840599768,10,-3.85719,4,8.683e+08,1,0,
74,1,2669117296175,2669189232727,7,-2.7836,4,8.683e+08,1,0,
152,1,2662349843779,2662421780237,7,0.0859841,4,8.685e+08,1,0,
166,1,2659621204897,2659867989639,9,0,4,8.681e+08,0,1,
103,1,3264633821947,3265086431095,10,0.715363,4,8.681e+08,1,0,
102,1,1922440450102,1922687234943,9,-6.48193,4,8.681e+08,1,0,
210,1,2168517795792,2169504933115,11,-13.8929,2,8.683e+08,1,0,
203,1,1909910251681,1910897389136,11,-19.1332,2,8.685e+08,1,0,
71,1,1911601221364,1911673157945,7,20.4124,4,8.683e+08,1,0,
42,1,1913211068253,1913283004739,7,8.41349,4,8.685e+08,1,0,
96,1,1911450246251,1911902855247,10,-6.37341,4,8.683e+08,1,0,
232,1,3378559711671,3379546848726,11,-9.77016,4,8.683e+08,1,0,
219,1,3328616279913,3328863064777,9,-5.00592,4,8.683e+08,1,0,
100,1,2206696352700,2208506786161,12,-16.8224,4,8.681e+08,1,0,
38,1,1916142401375,1916389186052,9,-13.057,4,8.685e+08,1,0,
269,1,1914693061243,1916503494920,12,-21.9488,4,8.685e+08,1,0,
100,1,3376153672833,3377964106294,12,-16.8115,4,8.683e+08,1,0,
218,1,3281720615363,3283531048928,12,0,2,8.683e+08,0,1,
266,1,3556563968453,3558374402162,12,-8.87752,2,8.683e+08,1,0,
287,1,3549511430456,3551321863880,12,0,2,8.683e+08,0,1,
207,1,1922704073937,1922776010568,7,0.374345,4,8.685e+08,1,0,
120,1,1918383815417,1918455751911,7,-1.97504,4,8.685e+08,1,0,
31,1,1991486777953,1993297211420,12,-3.28303,4,8.683e+08,1,0,
142,1,3172406197391,3174216630899,12,-8.0327,4,8.685e+08,1,0,
174,1,3173797786023,3173869722516,7,7.3341,2,8.683e+08,1,0,
84,1,3521093629364,3522904063035,12,-5.95059,2,8.681e+08,1,0,
122,1,1925203418608,1925337051246,8,0,4,8.685e+08,0,1,
22,1,1941639112169,1941885896759,9,-2.68816,4,8.683e+08,1,0,
181,1,3226123911031,3227934344506,12,-16.836,4,8.683e+08,1,0,
212,1,2248608799433,2249061408214,10,0,4,8.685e+08,0,1,
19,1,3221038851276,3221285635767,9,0,4,8.683e+08,0,1,
285,1,3584366584888,3584819194439,10,-8.6785,2,8.685e+08,1,0,
149,1,2536334387048,2536786996193,10,0,2,8.685e+08,0,1,
190,1,2537149867172,2537221803223,7,0,4,8.685e+08,0,1,
105,1,2686575037831,2688385471022,12,-10.7669,4,8.681e+08,1,0,
51,1,2573229862230,2573301798519,7,-2.46033,4,8.683e+08,1,0,
50,1,2568217122759,2570027556314,12,8.57613,2,8.685e+08,1,0,
39,1,2705797187079,2707607620230,12,-2.46316,4,8.681e+08,1,0,
172,1,1934131083724,1934203019926,7,11.9825,4,8.685e+08,1,0,
167,1,1945179210840,1946989644240,12,-1.04216,4,8.683e+08,1,0,
235,1,1933888615071,1934875752389,11,-9.73901,2,8.683e+08,1,0,
191,1,1950884544000,1952694977427,12,10.7894,2,8.683e+08,1,0,
181,1,1939919336235,1941729769710,12,5.75286,4,8.683e+08,1,0,
280,1,1939309139295,1941119572196,12,-21.1961,2,8.685e+08,1,0,
190,1,3406886079570,3406958015621,7,18.8415,4,8.683e+08,1,0,
9,1,2726957797263,2728768230647,12,-0.385436,4,8.681e+08,1,0,
89,1,2619548658529,2620001267424,10,-8.88054,4,8.685e+08,1,0,
53,1,2625996121405,2627806555155,12,-5.32306,4,8.683e+08,1,0,
5,1,2407366317736,2407438254200,7,0,4,8.685e+08,0,1,
281,1,3095091454114,3095163390413,7,7.4472,4,8.681e+08,1,0,
73,1,1945594231240,1945727863793,8,-9.66936,2,8.685e+08,1,0,
122,1,3145005713598,3145139346236,8,1.76392,4,8.683e+08,1,0,
85,1,2736823739911,2736957372492,8,0.480286,2,8.683e+08,1,0,
10,1,3186600787675,3187053396697,10,-9.72449,4,8.683e+08,1,0,
41,1,3524370721963,3526181155912,12,-20.6739,4,8.681e+08,1,0,
172,1,2488634343962,2488706280164,7,-3.25256,4,8.683e+08,1,0,
82,1,2265971931865,2266959068833,11,-3.74902,4,8.685e+08,1,0,
10,1,3141339987665,3141792596687,10,-5.98787,4,8.683e+08,1,0,
165,1,3297936238845,3299746671991,12,-16.2739,2,8.683e+08,1,0,
190,1,2544802659645,2544874595696,7,27.7151,4,8.683e+08,1,0,
151,1,1946157160098,1947967593687,12,-19.1293,4,8.681e+08,1,0,
81,1,2060136864849,2061947298210,12,-15.3854,2,8.683e+08,1,0,
290,1,2110125989846,2111936423230,12,0,4,8.685e+08,0,1,
47,1,1955877345410,1956124130285,9,-11.5086,4,8.685e+08,1,0,
141,1,2027481623997,2029292057924,12,-8.7969,2,8.685e+08,1,0,
220,1,1955449556175,1957259990258,12,-5.95001,4,8.685e+08,1,0,
63,1,1968445771972,1969432908951,11,-4.96292,2,8.685e+08,1,0,
135,1,1966493362990,1967480500108,11,-15.4307,4,8.681e+08,1,0,
11,1,1972627218645,1973079827602,10,-12.7597,4,8.683e+08,1,0,
231,1,1965152540182,1966962974052,12,-19.8847,4,8.683e+08,1,0,
151,1,3534999484989,3536809918578,12,0,4,8.683e+08,0,1,
77,1,3313929924521,3314382533403,10,-4.21718,4,8.681e+08,1,0,
218,1,2711252266633,2713062700198,12,-19.2664,2,8.685e+08,1,0,
250,1,2740533335285,2742343768653,12,-0.349776,4,8.683e+08,1,0,
188,1,2712457400751,2713444538214,11,-7.73396,2,8.685e+08,1,0,
163,1,2717083507897,2718070644873,11,-2.61853,2,8.685e+08,1,0,
194,1,2716451444058,2718261877976,12,-17.4445,2,8.685e+08,1,0,
101,1,2724179046326,2724631655367,10,2.99498,4,8.683e+08,1,0,
6,1,2732118591242,2732571200491,10,-11.2861,2,8.681e+08,1,0,
260,1,2043534307611,2045344741499,12,-18.7585,2,8.683e+08,1,0,
277,1,2001257391125,2003067824841,12,-14.3416,4,8.685e+08,1,0,
263,1,1978095020613,1978547629326,10,-6.35155,4,8.681e+08,1,0,
54,1,1989965358341,1991775792081,12,-13.8729,2,8.685e+08,1,0,
144,1,1975583302012,1977393735284,12,0,2,8.683e+08,0,1,
61,1,1976864974610,1976936910813,7,3.36205,2,8.683e+08,1,0,
196,1,1982182377746,1982634986851,10,-14.5829,2,8.685e+08,1,0,
232,1,3279846111661,3280833248716,11,-5.562,4,8.681e+08,1,0,
264,1,1984379880877,1984513513507,8,-1.40303,2,8.683e+08,1,0,
41,1,1984240159985,1986050593934,12,-17.1364,2,8.685e+08,1,0,
85,1,2165614108725,2165747741306,8,6.81796,2,8.685e+08,1,0,
153,1,2050277429432,2052087863197,12,0,2,8.683e+08,0,1,
112,1,1992372077192,1993359214049,11,-17.9191,4,8.683e+08,1,0,
4,1,2000475222115,2000927831268,10,-3.34444,2,8.685e+08,1,0,
300,1,2138997297190,2140807730433,12,-20.8587,4,8.685e+08,1,0,
124,1,2592943533755,2594753967227,12,-18.5484,2,8.685e+08,1,0,
272,1,2003370069823,2003503702370,8,-2.27598,4,8.685e+08,1,0,
261,1,2054472841817,2054606474263,8,14.4543,4,8.685e+08,1,0,
172,1,2006871439730,2006943375932,7,17.6957,4,8.683e+08,1,0,
245,1,2006749990961,2008560424375,12,-13.3913,4,8.683e+08,1,0,
55,1,2187605941846,2188058550781,10,0,4,8.683e+08,0,1,
63,1,2067159371982,2068146508961,11,-10.9147,2,8.683e+08,1,0,
9,1,2014869503601,2016679936985,12,-17.5705,2,8.685e+08,1,0,
273,1,2009673015661,2009919800491,9,5.69059,4,8.683e+08,1,0,
237,1,2018764920650,2019011705667,9,-1.42453,2,8.685e+08,1,0,
87,1,2010857572368,2012668005877,12,0,2,8.683e+08,0,1,
227,1,2017402020293,2017648805158,9,-12.416,2,8.685e+08,1,0,
248,1,2013242712781,2013695321804,10,-6.69119,2,8.683e+08,1,0,
192,1,2063889963445,2064877101270,11,-17.3839,2,8.683e+08,1,0,
135,1,2065206963000,2066194100118,11,-11.8477,4,8.685e+08,1,0,
221,1,2030393534638,2030846143909,10,-1.71487,2,8.685e+08,1,0,
98,1,2183272090074,2185082523769,12,-20.4509,4,8.685e+08,1,0,
265,1,2034192521234,2034645130293,10,-13.5456,2,8.685e+08,1,0,
280,1,2120352339305,2122162772206,12,-10.1888,2,8.685e+08,1,0,
278,1,2108031107044,2109841540831,12,-17.8611,4,8.683e+08,1,0,
6,1,2046993208136,2047445817385,10,-14.727,4,8.681e+08,1,0,
108,1,2047002565793,2047455174552,10,-4.04968,4,8.683e+08,1,0,
237,1,2086460647591,2086707432608,9,-9.5905,2,8.683e+08,1,0,
256,1,2053385368012,2055195801809,12,-12.7228,2,8.681e+08,1,0,
297,1,2047824341342,2049634774593,12,0,4,8.685e+08,0,1,
86,1,2051650607124,2053461041251,12,-15.2512,2,8.685e+08,1,0,
93,1,2083606761063,2085417194272,12,-17.8792,4,8.683e+08,1,0,
187,1,2052191568469,2052325201147,8,-11.633,2,8.683e+08,1,0,
172,1,2163427549204,2163499485406,7,12.7828,4,8.683e+08,1,0,
259,1,2066382349700,2067369486879,11,-11.1331,2,8.683e+08,1,0,
28,1,2073952481792,2075762915310,12,-21.8967,4,8.685e+08,1,0,
43,1,2056511463139,2057498600349,11,-15.7126,4,8.683e+08,1,0,
145,1,2064845131384,2066655565232,12,-20.2753,2,8.683e+08,1,0,
57,1,2057607846237,2059418279847,12,-8.46947,2,8.681e+08,1,0,
206,1,2069902813916,2070355423058,10,-6.97357,4,8.685e+08,1,0,
115,1,2095788799251,2095922431828,8,11.1904,4,8.681e+08,1,0,
236,1,2104158390014,2104230326186,7,-5.23782,4,8.683e+08,1,0,
91,1,2092270942195,2094081375808,12,-15.2278,4,8.683e+08,1,0,
291,1,2089280552441,2091090985891,12,-9.59375,4,8.683e+08,1,0,
285,1,2087889290348,2088341899899,10,0,2,8.685e+08,0,1,
209,1,2113382424547,2115192858349,12,-2.11206,2,8.685e+08,1,0,
95,1,2166761881066,2167749018396,11,-1.53761,4,8.683e+08,1,0,
221,1,2102230966522,2102683575793,10,-10.6929,2,8.685e+08,1,0,
208,1,2097195689572,2097267626094,7,-9.17158,2,8.683e+08,1,0,
106,1,2099878150548,2099950087070,7,-9.03357,2,8.685e+08,1,0,
272,1,2111688734105,2111822366652,8,-2.85406,4,8.683e+08,1,0,
199,1,2121567310093,2123377743745,12,-0.395064,2,8.683e+08,1,0,
32,1,2118349622276,2120160056028,12,0,2,8.683e+08,0,1,
264,1,2110086040918,2110219673548,8,-6.08528,2,8.683e+08,1,0,
60,1,2112166581373,2112413366362,9,0,2,8.685e+08,0,1,
110,1,2116792961458,2117245570458,10,-11.7092,2,8.685e+08,1,0,
171,1,2131100966531,2132911400701,12,-7.77348,4,8.683e+08,1,0,
236,1,2117500801296,2117572737468,7,18.453,4,8.685e+08,1,0,
144,1,2156626502022,2158436935294,12,2.53107,2,8.683e+08,1,0,
235,1,2119759619702,2120746757020,11,-2.27579,2,8.685e+08,1,0,
175,1,2125608048834,2126060657851,10,5.35638,4,8.683e+08,1,0,
62,1,2125598313452,2125845098270,9,-7.54059,4,8.681e+08,1,0,
248,1,2137129009160,2137581618183,10,-16.163,4,8.681e+08,1,0,
16,1,2135924773720,2137735207187,12,-8.85658,2,8.685e+08,1,0,
112,1,2127631175921,2128618312778,11,0,4,8.683e+08,0,1,
208,1,2135941636488,2136013573010,7,-4.92264,2,8.683e+08,1,0,
246,1,2136044630629,2136291415910,9,-8.38698,4,8.681e+08,1,0,
213,1,2139135087586,2140122224702,11,-8.58731,2,8.685e+08,1,0,
129,1,2139585665479,2139657601949,7,-1.02017,2,8.683e+08,1,0,
257,1,2304411975106,2306222408877,12,-6.05905,4,8.683e+08,1,0,
25,1,2140933787865,2141386397349,10,-10.5786,2,8.683e+08,1,0,
11,1,2158264351026,2158716959983,10,2.01677,4,8.683e+08,1,0,
158,1,2145805752309,2145877688658,7,-8.72938,4,8.685e+08,1,0,
106,1,2163406471722,2163478408244,7,16.7511,2,8.685e+08,1,0,
276,1,2146520864352,2146592800628,7,-3.36549,2,8.683e+08,1,0,
281,1,2151257695359,2151329631658,7,18.2306,4,8.685e+08,1,0,
289,1,2315820184520,2317630618207,12,-21.3076,2,8.685e+08,1,0,
108,1,2251799792572,2252252401331,10,-6.01631,4,8.683e+08,1,0,
146,1,2155370456341,2157180890188,12,-16.2803,4,8.681e+08,1,0,
250,1,2159518574099,2161329007467,12,0,4,8.683e+08,0,1,
155,1,2159132942643,2159585551469,10,0,2,8.685e+08,0,1,
256,1,2234428568022,2236239001819,12,0,2,8.685e+08,0,1,
101,1,2574037232108,2574489841149,10,0,4,8.685e+08,0,1,
261,1,2180085028890,2180218661336,8,3.31627,4,8.683e+08,1,0,
270,1,2743592509939,2744045119078,10,-10.9698,2,8.685e+08,1,0,
236,1,2750229919676,2750301855848,7,9.42463,4,8.685e+08,1,0,
33,1,2748634619773,2748706555918,7,5.79597,2,8.685e+08,1,0,
221,1,2751490719117,2751943328388,10,-16.453,2,8.683e+08,1,0,
191,1,2754719542830,2756529976257,12,9.53875,2,8.683e+08,1,0,
276,1,2753659916325,2753731852601,7,11.8523,2,8.683e+08,1,0,
185,1,2770448507347,2772258940932,12,0,4,8.685e+08,0,1,
156,1,2765481886111,2765553822487,7,-4.59874,2,8.681e+08,1,0,
120,1,2753344741695,2753416678189,7,1.46857,4,8.683e+08,1,0,
124,1,2773986733765,2775797167237,12,0,2,8.683e+08,0,1,
163,1,2815797107907,2816784244883,11,-15.1248,2,8.683e+08,1,0,
164,1,2755424044553,2755557677242,8,-4.27919,4,8.681e+08,1,0,
229,1,3330901153833,3332711587339,12,0,4,8.681e+08,0,1,
19,1,3245717251286,3245964035777,9,7.53547,4,8.685e+08,1,0,
204,1,3263555177526,3264542314957,11,-17.2286,2,8.685e+08,1,0,
95,1,3289378712048,3290365849378,11,-8.84968,4,8.683e+08,1,0,
181,1,2755904501311,2757714934786,12,0,4,8.681e+08,0,1,
73,1,2756957344431,2757090976984,8,-1.23141,2,8.683e+08,1,0,
286,1,3451354067532,3453164501117,12,-19.7814,4,8.685e+08,1,0,
117,1,3461052093310,3462862526862,12,-10.0738,2,8.685e+08,1,0,
164,1,3451603620974,3451737253663,8,1.06514,2,8.685e+08,1,0,
54,1,3508226143728,3510036577468,12,0,2,8.683e+08,0,1,
61,1,3448435099209,3448507035412,7,-1.14375,2,8.683e+08,1,0,
299,1,2767278732827,2769089166316,12,-7.28688,2,8.683e+08,1,0,
134,1,2759860780597,2761671214312,12,-9.50294,4,8.683e+08,1,0,
284,1,3266917191458,3267163976420,9,0,4,8.681e+08,0,1,
7,1,2897545401647,2899355835321,12,-6.7393,2,8.683e+08,1,0,
190,1,2770714104867,2770786040918,7,17.0086,4,8.683e+08,1,0,
232,1,2769254611089,2770241748144,11,-16.7231,4,8.683e+08,1,0,
74,1,3033741326783,3033813263335,7,2.58684,4,8.683e+08,1,0,
93,1,2827403571010,2829214004219,12,-8.70851,4,8.685e+08,1,0,
27,1,2788649382915,2790459816307,12,-2.97125,4,8.681e+08,1,0,
116,1,2773168354881,2773620963962,10,-16.4998,4,8.683e+08,1,0,
249,1,2782046479303,2783856913070,12,-15.4886,4,8.683e+08,1,0,
24,1,2803862366112,2804849503378,11,0,2,8.685e+08,0,1,
50,1,3592255040195,3594065473750,12,0,2,8.683e+08,0,1,
274,1,2783999960372,2785810393820,12,-16.0304,2,8.683e+08,1,0,
34,1,2776175293043,2777985726109,12,0,4,8.683e+08,0,1,
45,1,2777861397450,2779671831049,12,-18.0653,2,8.683e+08,1,0,
166,1,3509945347685,3510192132427,9,1.14285,2,8.685e+08,1,0,
110,1,3525865095460,3526317704460,10,3.31132,2,8.685e+08,1,0,
293,1,3273645675349,3275456108939,12,-22.1394,2,8.685e+08,1,0,
186,1,2792412623938,2794223057498,12,0,2,8.685e+08,0,1,
10,1,2841446123477,2841898732499,10,-9.60536,4,8.685e+08,1,0,
44,1,2796817337634,2797269946597,10,-10.3742,4,8.683e+08,1,0,
297,1,2880905064588,2882715497839,12,-17.4149,4,8.683e+08,1,0,
172,1,3442147005852,3442218942054,7,11.3257,4,8.681e+08,1,0,
10,1,2796185323467,2796637932489,10,22.2753,4,8.685e+08,1,0,
246,1,2793095981901,2793342767182,9,0,4,8.685e+08,0,1,
10,1,3321896422072,3322349031094,10,-7.80992,4,8.681e+08,1,0,
300,1,3427531021140,3429341454383,12,-14.2359,4,8.683e+08,1,0,
163,1,3316000555992,3316987692968,11,0,4,8.681e+08,0,1,
54,1,3327182943718,3328993377458,12,0,2,8.683e+08,0,1,
264,1,2798177203855,2798310836485,8,5.5566,2,8.683e+08,1,0,
223,1,2820279856200,2820526641048,9,2.23767,4,8.683e+08,1,0,
204,1,2811025869841,2812013007272,11,-11.3932,2,8.683e+08,1,0,
167,1,2799313575096,2801124008496,12,-17.4644,4,8.683e+08,1,0,
123,1,2801141245855,2801593854735,10,-14.4216,4,8.685e+08,1,0,
31,1,2802714827429,2804525260896,12,0,4,8.685e+08,0,1,
71,1,2803239528095,2803311464676,7,-0.721191,4,8.685e+08,1,0,
33,1,2807920495753,2807992431898,7,12.7188,2,8.683e+08,1,0,
74,1,2808423559546,2808495496098,7,5.91997,4,8.685e+08,1,0,
244,1,2808748593858,2810559027741,12,0,2,8.683e+08,0,1,
238,1,3536496771183,3538307204439,12,-9.93237,2,8.683e+08,1,0,
266,1,2939394468456,2941204902165,12,3.10546,2,8.683e+08,1,0,
132,1,2816940752354,2818751185803,12,-6.0365,4,8.683e+08,1,0,
67,1,3250549705040,3252360138605,12,0,4,8.681e+08,0,1,
194,1,3263478320704,3265288754622,12,-12.0997,4,8.681e+08,1,0,
201,1,3243830568072,3244817705072,11,0,4,8.683e+08,0,1,
108,1,2818516207754,2818968816513,10,3.09393,4,8.681e+08,1,0,
276,1,2819523971613,2819595907889,7,0,2,8.683e+08,0,1,
29,1,2846683444853,2848493878018,12,0,4,8.683e+08,0,1,
82,1,2910739418026,2911726554994,11,0,4,8.683e+08,0,1,
60,1,3216092271423,3216339056412,9,-12.1184,2,8.683e+08,1,0,
240,1,3482809476553,3484619910283,12,-6.33157,2,8.683e+08,1,0,
168,1,3433948883043,3435759316417,12,-12.8104,2,8.683e+08,1,0,
80,1,3432721445104,3434531878087,12,-0.712936,4,8.681e+08,1,0,
294,1,3433906236782,3434893374201,11,-15.0927,4,8.681e+08,1,0,
51,1,2828682824559,2828754760848,7,11.9955,4,8.683e+08,1,0,
98,1,3011204311115,3013014744810,12,0,4,8.681e+08,0,1,
224,1,3405605181527,3406057790575,10,-5.58317,2,8.683e+08,1,0,
49,1,3516091947174,3517902381054,12,-20.8533,4,8.685e+08,1,0,
42,1,2830771948278,2830843884764,7,6.12637,4,8.683e+08,1,0,
148,1,2836609261074,2837596398203,11,3.44566,2,8.685e+08,1,0,
251,1,3003547510007,3005357943387,12,-18.0818,4,8.685e+08,1,0,
210,1,2831138104569,2832125241892,11,0,2,8.685e+08,0,1,
30,1,2841866384373,2843676817629,12,-16.1847,2,8.683e+08,1,0,
265,1,3249847920775,3250300529834,10,0,2,8.683e+08,0,1,
107,1,2853115627169,2854102764221,11,-0.280212,2,8.683e+08,1,0,
189,1,2838669548468,2839656685972,11,-4.74733,4,8.683e+08,1,0,
204,1,2909739469851,2910726607282,11,0,4,8.681e+08,0,1,
286,1,2842314997238,2844125430823,12,0,4,8.681e+08,0,1,
232,1,2867968211099,2868955348154,11,-2.53368,4,8.685e+08,1,0,
5,1,2854145296107,2854217232571,7,-4.07074,4,8.683e+08,1,0,
40,1,2846399981784,2846533614252,8,12.0938,4,8.683e+08,1,0,
77,1,3441516086668,3441968695550,10,-8.81172,2,8.683e+08,1,0,
77,1,2858536138639,2858988747521,10,-4.65588,2,8.683e+08,1,0,
24,1,2902575966122,2903563103388,11,-16.15,2,8.683e+08,1,0,
149,1,2908497315913,2908949925058,10,-7.46628,2,8.683e+08,1,0,
107,1,2951829227179,2952816364231,11,-13.2063,2,8.685e+08,1,0,
291,1,2866801236234,2868611669684,12,3.51,4,8.683e+08,1,0,
149,1,2863236515903,2863689125048,10,-4.006,2,8.683e+08,1,0,
178,1,3017929408966,3019739841781,12,-19.2721,4,8.685e+08,1,0,
238,1,2952339701139,2954150134395,12,-20.9294,2,8.683e+08,1,0,
140,1,2872256888800,2874067322449,12,-20.7188,4,8.681e+08,1,0,
17,1,2875154830242,2876965263900,12,0,4,8.683e+08,0,1,
231,1,2995139289042,2996949722912,12,-6.587,4,8.683e+08,1,0,
246,1,2874316610248,2874563395529,9,-13.0064,4,8.681e+08,1,0,
89,1,2883033233292,2883485842187,10,-11.9899,4,8.685e+08,1,0,
129,1,2877815777160,2877887713630,7,8.16702,2,8.683e+08,1,0,
41,1,2877551854515,2879362288464,12,-14.6164,2,8.685e+08,1,0,
10,1,2892576209971,2893028818993,10,0.728043,4,8.683e+08,1,0,
301,1,3415846380340,3415980013019,8,-8.36723,4,8.683e+08,1,0,
226,1,3416809411245,3418619845070,12,0,4,8.681e+08,0,1,
155,1,3278003506356,3278456115182,10,26.2424,2,8.683e+08,1,0,
41,1,3058595054525,3060405488474,12,5.26001,2,8.683e+08,1,0,
46,1,2911203331605,2911450116614,9,-11.7018,4,8.681e+08,1,0,
111,1,2984730691418,2986541124627,12,0,2,8.683e+08,0,1,
197,1,2884106038415,2884352823537,9,-10.3286,4,8.683e+08,1,0,
155,1,2886549425489,2887002034315,10,3.50917,2,8.685e+08,1,0,
5,1,3360790850127,3360862786591,7,7.57093,4,8.683e+08,1,0,
106,1,3359528578717,3359600515239,7,-6.45051,2,8.685e+08,1,0,
121,1,3358667420758,3358739357158,7,4.15363,4,8.683e+08,1,0,
184,1,3130476475829,3132286909768,12,-19.006,4,8.681e+08,1,0,
241,1,3204321876022,3204774485228,10,0,4,8.683e+08,0,1,
61,1,2899569605772,2899641541975,7,24.445,2,8.683e+08,1,0,
150,1,2901866398743,2902853536041,11,-15.2777,2,8.685e+08,1,0,
165,1,2894167778147,2895978211293,12,16.8521,2,8.683e+08,1,0,
256,1,2897524369902,2899334803699,12,-11.9602,2,8.685e+08,1,0,
147,1,2930414906281,2931402043755,11,-9.90182,4,8.683e+08,1,0,
141,1,2905654127634,2907464561561,12,-17.5881,2,8.683e+08,1,0,
95,1,2906741478509,2907728615839,11,-18.6947,4,8.683e+08,1,0,
283,1,2911890896553,2913701330204,12,0,4,8.685e+08,0,1,
9,1,3089044197283,3090854630667,12,-10.2302,2,8.685e+08,1,0,
14,1,3236240960466,3238051394266,12,5.66207,4,8.681e+08,1,0,
193,1,3324748606251,3326559039485,12,6.74667,2,8.683e+08,1,0,
79,1,3419453773645,3419700558500,9,0.112779,4,8.685e+08,1,0,
165,1,3478979438855,3480789872001,12,2.88977,4,8.681e+08,1,0,
298,1,2912103663186,2913914096939,12,0,2,8.683e+08,0,1,
172,1,2913372958247,2913444894449,7,11.1305,4,8.685e+08,1,0,
167,1,2980356775106,2982167208506,12,-17.9701,4,8.681e+08,1,0,
83,1,2916026371285,2917013508577,11,-1.35864,4,8.683e+08,1,0,
150,1,3000579998753,3001567136051,11,-12.7335,2,8.683e+08,1,0,
296,1,2922337870119,2924148303417,12,-14.3019,2,8.683e+08,1,0,
115,1,2931452046945,2931585679522,8,-2.24365,2,8.681e+08,1,0,
137,1,2924947841333,2926758274660,12,-4.93269,2,8.683e+08,1,0,
263,1,2928940827490,2929393436203,10,0,4,8.683e+08,0,1,
156,1,2927068790082,2927140726458,7,20.4124,2,8.683e+08,1,0,
40,1,2927743101297,2927876733765,8,-2.91502,4,8.685e+08,1,0,
56,1,2930131695688,2930584304699,10,-8.42934,2,8.685e+08,1,0,
61,1,2930853188907,2930925125110,7,10.8516,2,8.683e+08,1,0,
226,1,3054723011225,3056533445050,12,-4.04951,2,8.683e+08,1,0,
153,1,2936155174275,2937965608040,12,-20.3586,2,8.683e+08,1,0,
240,1,2933871267047,2935681700777,12,0,2,8.683e+08,0,1,
190,1,2934268530559,2934340466610,7,0,4,8.681e+08,0,1,
244,1,2989791793868,2991602227751,12,-5.45288,2,8.685e+08,1,0,
176,1,2934801215212,2934934847894,8,2.81102,2,8.681e+08,1,0,
42,1,2935638581199,2935710517685,7,8.43694,4,8.685e+08,1,0,
125,1,2958971943125,2959043879178,7,20.2759,2,8.683e+08,1,0,
207,1,3510633845186,3510705781817,7,-8.04504,4,8.681e+08,1,0,
127,1,3518917092682,3519050725348,8,3.25685,2,8.683e+08,1,0,
188,1,2946892125503,2947879262966,11,-5.67195,2,8.683e+08,1,0,
223,1,2945065308751,2945312093599,9,-3.24919,4,8.681e+08,1,0,
54,1,2956012179424,2957822613164,12,-16.0068,2,8.683e+08,1,0,
184,1,2949433275819,2951243709758,12,-10.8446,2,8.683e+08,1,0,
44,1,2962413150269,2962865759232,10,-8.27716,4,8.681e+08,1,0,
129,1,2948822339266,2948894275736,7,13.6185,2,8.683e+08,1,0,
124,1,2955029933775,2956840367247,12,-13.9126,2,8.683e+08,1,0,
243,1,2961498913616,2962486050999,11,-16.4856,4,8.685e+08,1,0,
138,1,3251714228650,3253524662350,12,-6.88161,2,8.683e+08,1,0,
258,1,2959909374787,2961719808040,12,4.98717,2,8.683e+08,1,0,
255,1,3155134848081,3155587456911,10,-16.914,4,8.683e+08,1,0,
72,1,2986353014160,2987340151038,11,-11.432,4,8.683e+08,1,0,
243,1,3158926113636,3159913251019,11,-15.3815,4,8.685e+08,1,0,
25,1,2975317446656,2975770056140,10,2.32602,2,8.681e+08,1,0,
92,1,2972089409748,2973899843176,12,-5.55658,4,8.683e+08,1,0,
85,1,2983668210326,2983801842907,8,-8.41635,2,8.683e+08,1,0,
166,1,2987070375342,2987317160084,9,4.66444,2,8.683e+08,1,0,
242,1,2975364574141,2977175008122,12,-19.6555,2,8.685e+08,1,0,
61,1,2976201802328,2976273738531,7,20.2639,4,8.681e+08,1,0,
234,1,2977208759848,2977455544822,9,0,4,8.683e+08,0,1,
103,1,2989462670470,2989915279618,10,-8.04817,4,8.683e+08,1,0,
139,1,2983164302764,2983297935266,8,6.04926,2,8.683e+08,1,0,
94,1,3009201879388,3011012312607,12,9.55409,4,8.681e+08,1,0,
267,1,2998637463508,2998771096156,8,1.08749,4,8.685e+08,1,0,
8,1,2997125909091,2998936342488,12,-19.6579,4,8.681e+08,1,0,
84,1,3031235167429,3033045601100,12,-4.1694,2,8.685e+08,1,0,
248,1,2999604593495,3000057202518,10,0,2,8.683e+08,0,1,
222,1,3002599594451,3004410027925,12,-7.79654,2,8.683e+08,1,0,
271,1,3008760724274,3010571158119,12,-7.04581,4,8.683e+08,1,0,
153,1,3117198374285,3119008808050,12,-15.8605,2,8.685e+08,1,0,
232,1,3010176476798,3011163613853,11,-12.2243,4,8.683e+08,1,0,
283,1,3092934096563,3094744530214,12,-18.646,4,8.683e+08,1,0,
187,1,3019917551488,3020051184166,8,9.42178,4,8.681e+08,1,0,
137,1,3105991041343,3107801474670,12,-19.9708,2,8.683e+08,1,0,
199,1,3014305328028,3016115761680,12,-9.58687,2,8.685e+08,1,0,
219,1,3012376743818,3012623528682,9,0,4,8.683e+08,0,1,
287,1,3013733235708,3015543669132,12,0,2,8.683e+08,0,1,
115,1,3017640685562,3017774318139,8,-3.96587,2,8.683e+08,1,0,
61,1,3018063462937,3018135399140,7,6.21488,2,8.683e+08,1,0,
51,1,3022170105301,3022242041590,7,5.75179,4,8.681e+08,1,0,
28,1,3039919787476,3041730220994,12,-15.6372,4,8.683e+08,1,0,
239,1,3032044423982,3032497033193,10,-6.63292,4,8.681e+08,1,0,
75,1,3024935162518,3025922299657,11,-7.74535,2,8.683e+08,1,0,
130,1,3024815275771,3025267884653,10,3.18371,2,8.685e+08,1,0,
19,1,3033803031640,3034049816131,9,4.73727,4,8.681e+08,1,0,
senderId,receiverID, sendTime, receivedTime,SF,SNR,Ftype, Freq,RX
1,47,12400000000,13555072000,12,0,3,8.69525e+08,2
1,51,74630000000,74671216000,7,0,3,8.685e+08,1
1,172,69810000000,69851216000,7,0,3,8.685e+08,1
1,105,47020000000,48175073191,12,-16.2197,3,8.69525e+08,2
1,263,2353550000000,2354705072713,12,8.70636,3,8.69525e+08,2
1,51,2267010000000,2267051216289,7,-3.26648,3,8.683e+08,1
1,273,3175880000000,3176024384000,9,0,3,8.683e+08,1
1,108,1098010000000,1099165072759,12,12.1684,3,8.69525e+08,2
1,96,27490000000,28645072996,12,6.14601,3,8.69525e+08,2
1,22,40550000000,40694384590,9,-10.486,3,8.685e+08,1
1,140,1070310000000,1071465073649,12,-3.01016,3,8.69525e+08,2
1,214,1019670000000,1020825073753,12,-11.2991,3,8.69525e+08,2
1,69,3145850000000,3147005073188,12,1.25598,3,8.69525e+08,2
1,279,2276910000000,2278065073693,12,-8.1263,3,8.69525e+08,2
1,97,60210000000,61365073656,12,-1.14143,3,8.69525e+08,2
1,131,10490000000,10634384644,9,-9.35503,3,8.685e+08,1
1,255,2503220000000,2504375072830,12,-10.1664,3,8.69525e+08,2
1,69,1137700000000,1138855073188,12,-9.72125,3,8.69525e+08,2
1,190,1316310000000,1316351216051,7,42.6313,3,8.683e+08,1
1,212,1111310000000,1112465072781,12,-4.63226,3,8.69525e+08,2
1,34,91820000000,92975073066,12,5.48573,3,8.69525e+08,2
1,19,94450000000,94594384491,9,3.01378,3,8.685e+08,1
1,121,2605630000000,2605671216400,7,0.478822,3,8.683e+08,1
1,5,1731700000000,1731741216464,7,5.96809,3,8.685e+08,1
1,167,1738300000000,1739455072000,12,0,3,8.69525e+08,2
1,255,3157590000000,3158745072830,12,-2.86278,3,8.69525e+08,2
1,279,227790000000,228945073693,12,-16.5411,3,8.69525e+08,2
1,31,119350000000,120505073467,12,4.49796,3,8.69525e+08,2
1,132,2451270000000,2452425073449,12,-12.2538,3,8.69525e+08,2
1,281,126470000000,126511216299,7,18.8204,3,8.685e+08,1
1,38,2319840000000,2320995072677,12,17.0293,3,8.69525e+08,2
1,43,1151790000000,1152945073210,12,-12.2497,3,8.69525e+08,2
1,241,132430000000,133585073206,12,11.1087,3,8.69525e+08,2
1,223,2345860000000,2346004384000,9,0,3,8.685e+08,1
1,172,1354240000000,1354281216202,7,1.07018,3,8.685e+08,1
1,71,136680000000,136721216000,7,0,3,8.685e+08,1
1,142,3176220000000,3177375073508,12,-15.0073,3,8.69525e+08,2
1,281,140850000000,140891216299,7,-2.7066,3,8.681e+08,1
1,34,3408010000000,3409165073066,12,2.82727,3,8.69525e+08,2
1,219,144770000000,145925072864,12,-10.1091,3,8.69525e+08,2
1,190,156600000000,156641216051,7,31.8783,3,8.685e+08,1
1,112,1317330000000,1318485072857,12,-17.5544,3,8.69525e+08,2
1,71,2499530000000,2499571216581,7,-3.22388,3,8.683e+08,1
1,189,171900000000,173055073504,12,13.1314,3,8.69525e+08,2
1,91,183950000000,185105073613,12,-9.64735,3,8.69525e+08,2
1,197,177740000000,177884385122,9,-8.64067,3,8.685e+08,1
1,201,1268530000000,1269685073000,12,-10.0187,3,8.69525e+08,2
1,232,3282840000000,3283995073055,12,9.85654,3,8.69525e+08,2
1,62,2490990000000,2492145072818,12,-0.471862,3,8.69525e+08,2
1,38,2686410000000,2686554384000,9,0,3,8.683e+08,1
1,74,2670190000000,2670231216552,7,9.2053,3,8.683e+08,1
1,162,201600000000,202755073627,12,-9.76472,3,8.69525e+08,2
1,62,1032110000000,1032254384000,9,0,3,8.683e+08,1
1,255,215720000000,216875072830,12,-12.975,3,8.69525e+08,2
1,234,235900000000,236044384974,9,-10.0967,3,8.681e+08,1
1,120,1178530000000,1178571216494,7,-2.67067,3,8.685e+08,1
1,212,241430000000,242585072781,12,-3.59882,3,8.69525e+08,2
1,172,2164510000000,2164551216202,7,3.34873,3,8.683e+08,1
1,43,1053070000000,1054225073210,12,-8.51141,3,8.69525e+08,2
1,69,256200000000,257355073188,12,-12.866,3,8.69525e+08,2
1,105,2690390000000,2691545073191,12,-5.37068,3,8.69525e+08,2
1,34,272860000000,274015073066,12,9.0264,3,8.69525e+08,2
1,40,278560000000,278642432468,8,-4.69015,3,8.685e+08,1
1,5,2375760000000,2375801216000,7,0,3,8.683e+08,1
1,216,1305720000000,1306875073389,12,13.2322,3,8.69525e+08,2
1,272,3109360000000,3109442432547,8,-0.840224,3,8.683e+08,1
1,22,1741560000000,1741704384590,9,-11.8333,3,8.685e+08,1
1,201,286000000000,287155072000,12,0,3,8.69525e+08,2
1,131,291650000000,291794384644,9,-6.32246,3,8.681e+08,1
1,66,300610000000,301765073494,12,-15.0461,3,8.69525e+08,2
1,55,410640000000,411795072935,12,5.50694,3,8.69525e+08,2
1,202,1166650000000,1167805072866,12,1.8784,3,8.69525e+08,2
1,160,2248150000000,2249305073760,12,-17.5988,3,8.69525e+08,2
1,51,308060000000,308101216000,7,0,3,8.685e+08,1
1,297,1220740000000,1221895073251,12,-13.0956,3,8.69525e+08,2
1,162,1393310000000,1394465073627,12,-6.48103,3,8.69525e+08,2
1,58,3034270000000,3035425073101,12,-3.36275,3,8.69525e+08,2
1,37,316980000000,318135073806,12,-16.1222,3,8.69525e+08,2
1,120,315750000000,315791216494,7,2.46423,3,8.685e+08,1
1,253,3395060000000,3395101216000,7,0,3,8.683e+08,1
1,260,3477040000000,3478195073888,12,-3.52463,3,8.69525e+08,2
1,301,3416990000000,3417072432679,8,7.91516,3,8.683e+08,1
1,272,3427400000000,3427482432547,8,9.60542,3,8.685e+08,1
1,172,322990000000,323031216202,7,12.2434,3,8.681e+08,1
1,169,1429380000000,1430535072000,12,0,3,8.69525e+08,2
1,62,1258410000000,1258554384818,9,-5.41669,3,8.685e+08,1
1,140,1251350000000,1252505073649,12,-0.70494,3,8.69525e+08,2
1,47,1338900000000,1339044384875,9,12.3066,3,8.683e+08,1
1,273,333290000000,333434384830,9,-0.570647,3,8.685e+08,1
1,53,330230000000,331385073750,12,-6.82136,3,8.69525e+08,2
1,44,1362800000000,1363955072963,12,-11.6326,3,8.69525e+08,2
1,277,1374580000000,1375735073716,12,2.94168,3,8.69525e+08,2
1,68,2536220000000,2537375073311,12,-5.90805,3,8.69525e+08,2
1,207,3539680000000,3539721216000,7,0,3,8.685e+08,1
1,80,3436540000000,3437695072983,12,4.37637,3,8.69525e+08,2
1,142,1654390000000,1655545073508,12,-19.2509,3,8.69525e+08,2
1,197,342310000000,343465073122,12,8.29506,3,8.69525e+08,2
1,261,1443680000000,1443762432000,8,0,3,8.681e+08,1
1,234,1143160000000,1143304384000,9,0,3,8.681e+08,1
1,8,1583040000000,1584195073397,12,-11.4196,3,8.69525e+08,2
1,38,1499620000000,1499764384000,9,0,3,8.685e+08,1
1,90,1501390000000,1502545073050,12,-5.7249,3,8.69525e+08,2
1,261,350950000000,351032432000,8,0,3,8.685e+08,1
1,123,353890000000,355045072880,12,6.83839,3,8.69525e+08,2
1,34,1334120000000,1335275073066,12,-4.56953,3,8.69525e+08,2
1,114,2212830000000,2213985072888,12,-0.65042,3,8.69525e+08,2
1,157,360410000000,360451216386,7,-3.51918,3,8.681e+08,1
1,89,3492370000000,3493525072895,12,-1.63234,3,8.69525e+08,2
1,19,3296710000000,3296854384491,9,21.4863,3,8.683e+08,1
1,190,1088850000000,1088891216051,7,35.6911,3,8.685e+08,1
1,80,1690620000000,1691775072983,12,-6.99626,3,8.69525e+08,2
1,135,381740000000,382895073118,12,-15.8456,3,8.69525e+08,2
1,142,366440000000,367595073508,12,8.30997,3,8.69525e+08,2
1,71,1373340000000,1373381216000,7,0,3,8.685e+08,1
1,253,1784280000000,1784321216000,7,0,3,8.681e+08,1
1,239,1762320000000,1763475073211,12,9.25412,3,8.69525e+08,2
1,216,398820000000,399975072000,12,0,3,8.69525e+08,2
1,133,1084170000000,1085325073428,12,-14.996,3,8.69525e+08,2
1,239,2674980000000,2676135073211,12,0.635178,3,8.69525e+08,2
1,236,422600000000,422641216172,7,9.72021,3,8.681e+08,1
1,290,422810000000,423965073384,12,-6.05386,3,8.69525e+08,2
1,277,2548200000000,2549355073716,12,25.4008,3,8.69525e+08,2
1,42,1191510000000,1191551216000,7,0,3,8.683e+08,1
1,272,1612090000000,1612172432000,8,0,3,8.681e+08,1
1,162,1596410000000,1597565073627,12,-0.135116,3,8.69525e+08,2
1,157,1526180000000,1526221216000,7,0,3,8.685e+08,1
1,114,434970000000,436125072000,12,0,3,8.69525e+08,2
1,284,1290580000000,1290724384962,9,13.5599,3,8.685e+08,1
1,219,448710000000,448854384864,9,3.25399,3,8.681e+08,1
1,251,1642760000000,1643915073380,12,-1.96329,3,8.69525e+08,2
1,19,455370000000,456525072491,12,-5.31926,3,8.69525e+08,2
1,158,2411250000000,2411291216349,7,19.7361,3,8.685e+08,1
1,77,3316390000000,3317545072882,12,-12.2449,3,8.69525e+08,2
1,38,477730000000,477874384000,9,0,3,8.681e+08,1
1,83,483340000000,484495073292,12,-6.91621,3,8.69525e+08,2
1,223,1122940000000,1124095072848,12,1.62724,3,8.69525e+08,2
1,121,1438080000000,1438121216000,7,0,3,8.685e+08,1
1,19,1453750000000,1453894384000,9,0,3,8.685e+08,1
1,48,502730000000,503885073663,12,-4.49161,3,8.69525e+08,2
1,65,516570000000,517725073396,12,9.41559,3,8.69525e+08,2
1,210,2370480000000,2371635073323,12,14.2622,3,8.69525e+08,2
1,245,1350140000000,1351295073414,12,6.45366,3,8.69525e+08,2
1,190,511290000000,511331216051,7,14.7922,3,8.681e+08,1
1,297,530070000000,531225073251,12,-6.50358,3,8.69525e+08,2
1,183,541800000000,542955072723,12,-12.8248,3,8.69525e+08,2
1,172,2489710000000,2489751216000,7,0,3,8.683e+08,1
1,239,1443890000000,1445045073211,12,9.67876,3,8.69525e+08,2
1,236,546010000000,546051216172,7,23.2468,3,8.681e+08,1
1,253,1561660000000,1561701216631,7,-3.09497,3,8.683e+08,1
1,108,1569970000000,1571125072759,12,-1.44174,3,8.69525e+08,2
1,207,2230750000000,2230791216000,7,0,3,8.683e+08,1
1,78,553390000000,554545073225,12,-2.20351,3,8.69525e+08,2
1,102,1473990000000,1474134384841,9,8.37709,3,8.685e+08,1
1,22,576010000000,576154384590,9,-5.43414,3,8.681e+08,1
1,212,1628760000000,1629915072781,12,-18.3228,3,8.69525e+08,2
1,112,581990000000,583145072857,12,1.40582,3,8.69525e+08,2
1,152,2663430000000,2663471216458,7,-2.6244,3,8.685e+08,1
1,78,2295250000000,2296405073225,12,11.6778,3,8.69525e+08,2
1,71,590890000000,590931216581,7,1.59187,3,8.685e+08,1
1,68,600840000000,601995073311,12,-3.88658,3,8.69525e+08,2
1,261,2275130000000,2275212432446,8,5.50642,3,8.685e+08,1
1,59,2439420000000,2440575073171,12,-16.5298,3,8.69525e+08,2
1,55,2235320000000,2236475072935,12,3.08376,3,8.69525e+08,2
1,121,604640000000,604681216400,7,12.4413,3,8.681e+08,1
1,120,609090000000,609131216494,7,1.29247,3,8.681e+08,1
1,219,3204370000000,3205525072864,12,-0.951095,3,8.69525e+08,2
1,175,2263830000000,2264985073017,12,10.2417,3,8.69525e+08,2
1,134,645940000000,647095073715,12,5.18395,3,8.69525e+08,2
1,250,770860000000,772015073368,12,11.1038,3,8.69525e+08,2
1,104,2589220000000,2590375073317,12,17.0662,3,8.69525e+08,2
1,272,641570000000,641652432000,8,0,3,8.685e+08,1
1,92,625080000000,626235073428,12,8.4066,3,8.69525e+08,2
1,152,628740000000,628781216458,7,3.40273,3,8.685e+08,1
1,239,2601020000000,2602175072000,12,0,3,8.69525e+08,2
1,47,2318420000000,2318564384875,9,-0.584228,3,8.683e+08,1
1,134,1712050000000,1713205073715,12,5.68265,3,8.69525e+08,2
1,173,2336950000000,2338105073456,12,-10.5596,3,8.69525e+08,2
1,261,650210000000,650292432446,8,4.9934,3,8.681e+08,1
1,249,1671310000000,1672465073767,12,10.8268,3,8.69525e+08,2
1,173,2517990000000,2519145073456,12,-2.56103,3,8.69525e+08,2
1,147,3535260000000,3536415073474,12,-1.63609,3,8.69525e+08,2
1,149,3085340000000,3086495073145,12,4.41425,3,8.69525e+08,2
1,273,1699400000000,1699544384000,9,0,3,8.685e+08,1
1,267,668700000000,668782432648,8,1.01459,3,8.681e+08,1
1,284,675660000000,676815072962,12,29.6917,3,8.69525e+08,2
1,92,2424100000000,2425255073428,12,-13.9391,3,8.69525e+08,2
1,51,856440000000,856481216289,7,-0.147887,3,8.685e+08,1
1,97,691620000000,692775072000,12,0,3,8.69525e+08,2
1,223,698850000000,698994384848,9,8.48271,3,8.681e+08,1
1,172,3443220000000,3443261216202,7,17.5328,3,8.681e+08,1
1,105,704860000000,706015073191,12,8.69144,3,8.69525e+08,2
1,19,713420000000,713564384491,9,-11.2853,3,8.683e+08,1
1,128,722420000000,723575074167,12,-17.1116,3,8.69525e+08,2
1,139,2194140000000,2194222432000,8,0,3,8.681e+08,1
1,197,729430000000,729574384000,9,0,3,8.685e+08,1
1,42,2395950000000,2395991216486,7,10.0939,3,8.683e+08,1
1,193,3072300000000,3073455073234,12,-2.07785,3,8.69525e+08,2
1,5,744280000000,744321216464,7,6.01047,3,8.681e+08,1
1,212,740130000000,741285072781,12,-18.5999,3,8.69525e+08,2
1,131,3369950000000,3370094384000,9,0,3,8.681e+08,1
1,182,754630000000,755785073644,12,-1.64717,3,8.69525e+08,2
1,288,1197160000000,1197304384000,9,0,3,8.685e+08,1
1,214,2200770000000,2201925073753,12,4.63539,3,8.69525e+08,2
1,74,1417410000000,1417451216552,7,19.1653,3,8.681e+08,1
1,157,1423420000000,1423461216386,7,21.13,3,8.683e+08,1
1,278,1417640000000,1418795073787,12,-3.67006,3,8.69525e+08,2
1,273,774810000000,774954384830,9,-0.480712,3,8.681e+08,1
1,281,769820000000,769861216299,7,6.56261,3,8.685e+08,1
1,22,1109930000000,1110074384590,9,-4.17728,3,8.685e+08,1
1,236,1407450000000,1407491216172,7,17.018,3,8.685e+08,1
1,219,3330870000000,3332025072864,12,26.361,3,8.69525e+08,2
1,103,3551220000000,3552375073148,12,-2.36247,3,8.69525e+08,2
1,290,784900000000,786055073384,12,0.546662,3,8.69525e+08,2
1,121,2417580000000,2417621216400,7,-0.365417,3,8.681e+08,1
1,51,1396860000000,1396901216289,7,17.9699,3,8.685e+08,1
1,64,2382700000000,2383855073062,12,-9.61505,3,8.69525e+08,2
1,121,797740000000,797781216000,7,0,3,8.685e+08,1
1,52,1186130000000,1187285073602,12,-3.85945,3,8.69525e+08,2
1,135,2475960000000,2477115073118,12,9.20815,3,8.69525e+08,2
1,93,827570000000,828725073209,12,-5.08821,3,8.69525e+08,2
1,269,1513790000000,1514945073677,12,-2.66968,3,8.69525e+08,2
1,162,844680000000,845835073627,12,-15.7154,3,8.69525e+08,2
1,42,839720000000,839761216486,7,3.71792,3,8.681e+08,1
1,71,869690000000,869731216581,7,4.4257,3,8.685e+08,1
1,255,1541370000000,1542525072830,12,7.52104,3,8.69525e+08,2
1,47,3191420000000,3191564384875,9,-9.52551,3,8.681e+08,1
1,131,2467910000000,2468054384644,9,-2.89874,3,8.683e+08,1
1,101,857630000000,858785073041,12,7.28163,3,8.69525e+08,2
1,207,850830000000,850871216631,7,-4.76167,3,8.685e+08,1
1,160,883140000000,884295073760,12,2.75075,3,8.69525e+08,2
1,116,1286460000000,1287615073081,12,-11.5857,3,8.69525e+08,2
1,281,3096170000000,3096211216000,7,0,3,8.681e+08,1
1,217,1908740000000,1909895073123,12,-10.5995,3,8.69525e+08,2
1,272,893210000000,893292432547,8,-7.67906,3,8.683e+08,1
1,38,877780000000,877924384677,9,-0.801376,3,8.681e+08,1
1,98,1462920000000,1464075073695,12,-8.6815,3,8.69525e+08,2
1,206,2659850000000,2661005073142,12,0.3089,3,8.69525e+08,2
1,44,3266060000000,3267215072963,12,-8.13971,3,8.69525e+08,2
1,38,2540310000000,2540454384000,9,0,3,8.683e+08,1
1,10,939470000000,940625073022,12,-6.36044,3,8.69525e+08,2
1,250,951900000000,953055073368,12,2.78246,3,8.69525e+08,2
1,190,1214670000000,1214711216051,7,20.997,3,8.685e+08,1
1,2,925860000000,927015073256,12,-7.55348,3,8.69525e+08,2
1,89,904850000000,906005072895,12,-13.3841,3,8.69525e+08,2
1,273,936300000000,936444384830,9,-7.02524,3,8.681e+08,1
1,278,1203280000000,1204435073787,12,-5.91615,3,8.69525e+08,2
1,53,2629810000000,2630965073750,12,-1.78291,3,8.69525e+08,2
1,51,2628440000000,2628481216289,7,0.569184,3,8.685e+08,1
1,257,2308230000000,2309385073771,12,-10.2816,3,8.69525e+08,2
1,300,1780730000000,1781885073243,12,-2.05955,3,8.69525e+08,2
1,60,3244620000000,3244764384989,9,-12.5771,3,8.681e+08,1
1,262,1479080000000,1480235072980,12,1.46317,3,8.69525e+08,2
1,133,964390000000,965545072000,12,0,3,8.69525e+08,2
1,172,1061290000000,1061331216202,7,-4.98529,3,8.685e+08,1
1,167,988630000000,989785073400,12,8.30241,3,8.69525e+08,2
1,272,994220000000,994302432547,8,3.92579,3,8.683e+08,1
1,173,1003750000000,1004905073456,12,-8.28262,3,8.69525e+08,2
1,197,1788440000000,1788584384000,9,0,3,8.685e+08,1
1,190,3342030000000,3342071216051,7,28.5564,3,8.683e+08,1
1,51,3313850000000,3313891216000,7,0,3,8.683e+08,1
1,234,1794060000000,1795215072974,12,-7.36287,3,8.69525e+08,2
1,71,1808820000000,1808861216581,7,-4.86755,3,8.683e+08,1
1,31,1814260000000,1815415073467,12,-10.021,3,8.69525e+08,2
1,269,2642680000000,2643835073677,12,8.8729,3,8.69525e+08,2
1,38,1817330000000,1817474384677,9,-1.20521,3,8.685e+08,1
1,286,3455170000000,3456325072000,12,0,3,8.69525e+08,2
1,79,1826540000000,1827695072855,12,6.6268,3,8.69525e+08,2
1,273,2721110000000,2721254384830,9,-11.8306,3,8.683e+08,1
1,237,2722330000000,2723485073017,12,1.84152,3,8.69525e+08,2
1,261,1842210000000,1842292432446,8,-5.28821,3,8.685e+08,1
1,38,1843670000000,1844825072677,12,-10.5965,3,8.69525e+08,2
1,160,3220500000000,3221655072000,12,0,3,8.69525e+08,2
1,121,1864060000000,1864101216400,7,-4.36583,3,8.683e+08,1
1,189,1861410000000,1862565073504,12,-17.9422,3,8.69525e+08,2
1,89,3591700000000,3592855072895,12,15.1948,3,8.69525e+08,2
1,158,2563870000000,2563911216349,7,-4.25413,3,8.683e+08,1
1,281,3142200000000,3142241216299,7,-6.27074,3,8.683e+08,1
1,171,1878650000000,1879805074170,12,-15.4932,3,8.69525e+08,2
1,253,3581820000000,3581861216000,7,0,3,8.681e+08,1
1,95,1894370000000,1895525072000,12,0,3,8.69525e+08,2
1,48,2406800000000,2407955072000,12,0,3,8.69525e+08,2
1,197,2520440000000,2520584385122,9,-5.42198,3,8.681e+08,1
1,71,1912680000000,1912721216000,7,0,3,8.683e+08,1
1,284,3029560000000,3029704384000,9,0,3,8.683e+08,1
1,38,1917390000000,1917534384677,9,5.1956,3,8.685e+08,1
1,40,2435520000000,2435602432468,8,-8.8358,3,8.685e+08,1
1,184,3134290000000,3135445073939,12,-2.62437,3,8.69525e+08,2
1,49,3519910000000,3521065073880,12,-11.7259,3,8.69525e+08,2
1,102,1924690000000,1925845072841,12,4.76138,3,8.69525e+08,2
1,178,3383830000000,3384985072815,12,-3.75957,3,8.69525e+08,2
1,236,2568030000000,2568071216172,7,21.6339,3,8.683e+08,1
1,172,1935210000000,1935251216000,7,0,3,8.685e+08,1
1,261,2181220000000,2181302432446,8,5.85374,3,8.683e+08,1
1,22,1942890000000,1943034384000,9,0,3,8.683e+08,1
1,181,1943740000000,1944895073475,12,-16.5211,3,8.69525e+08,2
1,49,2734830000000,2735985073880,12,-0.906646,3,8.69525e+08,2
1,66,3120970000000,3122125073494,12,-0.792541,3,8.69525e+08,2
1,251,3188410000000,3189565073380,12,-4.92224,3,8.69525e+08,2
1,47,1958130000000,1959285072875,12,-4.59622,3,8.69525e+08,2
1,11,1975080000000,1976235072957,12,-2.0685,3,8.69525e+08,2
1,31,1995300000000,1996455073467,12,0.926103,3,8.69525e+08,2
1,272,2004510000000,2004592432547,8,0.466386,3,8.685e+08,1
1,48,2703030000000,2704185073663,12,8.9819,3,8.69525e+08,2
1,232,2613670000000,2614825073055,12,-1.63211,3,8.69525e+08,2
1,98,2187090000000,2188245073695,12,-16.6742,3,8.69525e+08,2
1,245,2010570000000,2011725073414,12,-4.60385,3,8.69525e+08,2
1,6,2049450000000,2050605073249,12,18.1985,3,8.69525e+08,2
1,261,2055610000000,2055692432446,8,8.94514,3,8.685e+08,1
1,135,2068200000000,2069355073118,12,9.64089,3,8.69525e+08,2
1,93,2087420000000,2088575073209,12,-18.869,3,8.69525e+08,2
1,115,2096930000000,2097012432000,8,0,3,8.681e+08,1
1,236,2105240000000,2105281216172,7,27.7478,3,8.683e+08,1
1,278,2111850000000,2113005073787,12,-4.51128,3,8.69525e+08,2
1,236,2118580000000,2118621216172,7,5.54006,3,8.685e+08,1
1,62,2126850000000,2126994384818,9,0.763001,3,8.681e+08,1
1,175,2128070000000,2129225073017,12,6.60024,3,8.69525e+08,2
1,158,2146880000000,2146921216349,7,12.4424,3,8.685e+08,1
1,300,2142810000000,2143965073243,12,-3.4695,3,8.69525e+08,2
1,281,2152340000000,2152381216000,7,0,3,8.685e+08,1
1,68,2174130000000,2175285073311,12,8.5846,3,8.69525e+08,2
1,146,2159190000000,2160345073847,12,-14.184,3,8.69525e+08,2
1,51,2574310000000,2574351216289,7,11.1267,3,8.683e+08,1
1,288,2570910000000,2572065072898,12,-7.10799,3,8.69525e+08,2
1,236,2751310000000,2751351216172,7,14.3873,3,8.685e+08,1
1,164,2756560000000,2756642432000,8,0,3,8.681e+08,1
1,134,2763680000000,2764835073715,12,22.6493,3,8.69525e+08,2
1,190,2771790000000,2771831216051,7,28.5146,3,8.683e+08,1
1,116,2775630000000,2776785073081,12,-4.17517,3,8.69525e+08,2
1,288,3349460000000,3349604384898,9,14.4362,3,8.681e+08,1
1,201,3507960000000,3509115073000,12,-7.17453,3,8.69525e+08,2
1,27,2792460000000,2793615072000,12,0,3,8.69525e+08,2
1,71,2804320000000,2804361216000,7,0,3,8.685e+08,1
1,74,2809500000000,2809541216552,7,-1.47102,3,8.685e+08,1
1,140,3238160000000,3239315073649,12,-1.76048,3,8.69525e+08,2
1,223,2821530000000,2821674384848,9,6.62178,3,8.683e+08,1
1,69,2819020000000,2820175073188,12,22.0572,3,8.69525e+08,2
1,93,2831220000000,2832375073209,12,-2.35329,3,8.69525e+08,2
1,206,3370730000000,3371885073142,12,7.59804,3,8.69525e+08,2
1,300,3250300000000,3251455073243,12,7.29389,3,8.69525e+08,2
1,40,2847540000000,2847622432000,8,0,3,8.683e+08,1
1,10,2843900000000,2845055073022,12,-1.73425,3,8.69525e+08,2
1,284,3511500000000,3511644384000,9,0,3,8.683e+08,1
1,291,2870620000000,2871775073450,12,10.5572,3,8.69525e+08,2
1,246,2875570000000,2875714384000,9,0,3,8.681e+08,1
1,297,2884720000000,2885875073251,12,0.503434,3,8.69525e+08,2
1,79,3356760000000,3357915072855,12,7.49548,3,8.69525e+08,2
1,178,3564880000000,3566035072815,12,-8.01587,3,8.69525e+08,2
1,95,2909730000000,2910885073330,12,8.57921,3,8.69525e+08,2
1,157,3328190000000,3328231216386,7,1.6329,3,8.681e+08,1
1,46,2912460000000,2912604385009,9,3.1501,3,8.681e+08,1
1,79,3421710000000,3422865072855,12,7.01384,3,8.69525e+08,2
1,40,2928880000000,2928962432468,8,3.60328,3,8.685e+08,1
1,65,3060630000000,3061785073396,12,2.58406,3,8.69525e+08,2
1,147,2933410000000,2934565073474,12,-4.07017,3,8.69525e+08,2
1,223,2946320000000,2946464384848,9,1.14908,3,8.681e+08,1
1,243,2964490000000,2965645073383,12,11.2736,3,8.69525e+08,2
1,61,2977280000000,2977321216203,7,30.3461,3,8.681e+08,1
1,167,2984170000000,2985325073400,12,-6.29649,3,8.69525e+08,2
1,231,2998960000000,3000115073870,12,-16.8824,3,8.69525e+08,2
1,22,3064530000000,3064674384590,9,-11.8561,3,8.683e+08,1
1,271,3012580000000,3013735073845,12,-6.57532,3,8.69525e+08,2
1,187,3021060000000,3021142432000,8,0,3,8.681e+08,1
1,235,3048550000000,3049705073318,12,-2.05064,3,8.69525e+08,2
