timestamp,results
2025-04-01 03:44:39,"{""gw-1"": {""1"": ""blocked"", ""2"": ""blocked""}}"
2025-04-01 03:44:40,"{""gw-2"": {""1"": ""blocked"", ""2"": ""blocked""}, ""gw-3"": {""1"": ""conflict"", ""2"": ""conflict""}}"
2025-04-01 03:44:40,"{""gw-2"": {""1"": ""blocked"", ""2"": ""blocked""}}"
2025-04-01 03:44:40,"{""gw-2"": {""1"": ""blocked"", ""2"": ""blocked""}}"
2025-04-01 03:44:48,"{""gw-2"": {""1"": ""blocked"", ""2"": ""blocked""}}"
2025-04-01 03:44:48,"{""gw-3"": {""1"": ""blocked"", ""2"": ""blocked""}, ""gw-1"": {""1"": ""blocked"", ""2"": ""blocked""}, ""gw-2"": {""1"": ""blocked"", ""2"": ""blocked""}}"
2025-04-01 03:44:48,"{""gw-2"": {""1"": ""blocked"", ""2"": ""blocked""}, ""gw-3"": {""1"": ""blocked"", ""2"": ""blocked""}}"
2025-04-01 03:44:49,"{""gw-3"": {""1"": ""blocked"", ""2"": ""blocked""}}"
2025-04-01 03:44:52,"{""gw-2"": {""1"": ""blocked"", ""2"": ""blocked""}, ""gw-1"": {""1"": ""blocked"", ""2"": ""blocked""}}"
2025-04-01 03:44:54,"{""gw-1"": {""1"": ""blocked"", ""2"": ""blocked""}}"
2025-04-01 03:44:58,"{""gw-2"": {""1"": ""blocked"", ""2"": ""blocked""}, ""gw-1"": {""1"": ""blocked"", ""2"": ""conflict""}}"
2025-04-01 03:44:58,"{""gw-2"": {""1"": ""blocked"", ""2"": ""blocked""}, ""gw-3"": {""1"": ""blocked"", ""2"": ""blocked""}}"
2025-04-01 03:45:00,"{""gw-2"": {""1"": ""blocked"", ""2"": ""blocked""}}"
2025-04-01 03:45:02,"{""gw-3"": {""1"": ""blocked"", ""2"": ""blocked""}}"
2025-04-01 03:45:03,"{""gw-3"": {""1"": ""blocked"", ""2"": ""blocked""}}"
2025-04-01 03:45:06,"{""gw-3"": {""1"": ""blocked"", ""2"": ""conflict""}}"
2025-04-01 03:45:15,"{""gw-3"": {""1"": ""blocked"", ""2"": ""blocked""}}"
2025-04-01 03:45:28,"{""gw-3"": {""1"": ""blocked"", ""2"": ""blocked""}}"
2025-04-01 03:45:33,"{""gw-2"": {""1"": ""blocked"", ""2"": ""blocked""}}"
2025-04-01 03:45:34,"{""gw-2"": {""1"": ""blocked"", ""2"": ""blocked""}}"
2025-04-01 03:45:36,"{""gw-1"": {""1"": ""conflict"", ""2"": ""blocked""}, ""gw-2"": {""1"": ""blocked"", ""2"": ""blocked""}}"
2025-04-01 03:45:38,"{""gw-3"": {""1"": ""blocked"", ""2"": ""blocked""}, ""gw-2"": {""1"": ""blocked"", ""2"": ""blocked""}}"
2025-04-01 03:45:38,"{""gw-2"": {""1"": ""blocked"", ""2"": ""blocked""}}"
2025-04-01 03:45:38,"{""gw-3"": {""1"": ""blocked"", ""2"": ""blocked""}}"
2025-04-01 03:45:41,"{""gw-3"": {""1"": ""blocked"", ""2"": ""blocked""}}"
2025-04-01 03:45:42,"{""gw-3"": {""1"": ""blocked"", ""2"": ""blocked""}}"
2025-04-01 03:45:45,"{""gw-2"": {""1"": ""conflict"", ""2"": ""conflict""}}"
2025-04-01 03:45:45,"{""gw-1"": {""1"": ""blocked"", ""2"": ""blocked""}}"
2025-04-01 03:45:50,"{""gw-3"": {""1"": ""blocked"", ""2"": ""blocked""}}"
2025-04-01 03:45:51,"{""gw-2"": {""1"": ""blocked"", ""2"": ""blocked""}}"
2025-04-01 03:45:53,"{""gw-2"": {""1"": ""blocked"", ""2"": ""blocked""}}"
2025-04-01 03:45:59,"{""gw-2"": {""1"": ""blocked"", ""2"": ""conflict""}, ""gw-1"": {""1"": ""blocked"", ""2"": ""blocked""}}"
2025-04-01 03:46:02,"{""gw-3"": {""1"": ""blocked"", ""2"": ""blocked""}, ""gw-2"": {""1"": ""blocked"", ""2"": ""blocked""}}"
2025-04-01 03:46:05,"{""gw-3"": {""1"": ""blocked"", ""2"": ""blocked""}}"
2025-04-01 03:46:06,"{""gw-3"": {""1"": ""blocked"", ""2"": ""blocked""}, ""gw-2"": {""1"": ""blocked"", ""2"": ""blocked""}}"
2025-04-01 03:46:13,"{""gw-3"": {""1"": ""conflict"", ""2"": ""conflict""}}"
2025-04-01 03:46:14,"{""gw-1"": {""1"": ""blocked"", ""2"": ""blocked""}}"
2025-04-01 03:46:15,"{""gw-1"": {""1"": ""blocked"", ""2"": ""blocked""}}"
2025-04-01 03:46:16,"{""gw-1"": {""1"": ""blocked"", ""2"": ""blocked""}}"
2025-04-01 03:46:17,"{""gw-1"": {""1"": ""blocked"", ""2"": ""blocked""}, ""gw-2"": {""1"": ""blocked"", ""2"": ""blocked""}}"
2025-04-01 03:46:19,"{""gw-3"": {""1"": ""blocked"", ""2"": ""blocked""}}"
2025-04-01 03:46:21,"{""gw-2"": {""1"": ""blocked"", ""2"": ""blocked""}}"
2025-04-01 03:46:22,"{""gw-2"": {""1"": ""blocked"", ""2"": ""blocked""}}"
2025-04-01 03:46:24,"{""gw-1"": {""1"": ""conflict"", ""2"": ""blocked""}}"
2025-04-01 03:46:24,"{""gw-1"": {""1"": ""conflict"", ""2"": ""blocked""}, ""gw-3"": {""1"": ""blocked"", ""2"": ""blocked""}}"
2025-04-01 03:46:24,"{""gw-1"": {""1"": ""conflict"", ""2"": ""blocked""}}"
2025-04-01 03:46:31,"{""gw-2"": {""1"": ""blocked"", ""2"": ""blocked""}}"
2025-04-01 03:46:31,"{""gw-2"": {""1"": ""blocked"", ""2"": ""blocked""}}"
2025-04-01 03:46:31,"{""gw-2"": {""1"": ""blocked"", ""2"": ""blocked""}}"
2025-04-01 03:46:36,"{""gw-2"": {""1"": ""blocked"", ""2"": ""blocked""}}"
2025-04-01 03:46:37,"{""gw-2"": {""1"": ""blocked"", ""2"": ""blocked""}}"
2025-04-01 03:46:37,"{""gw-3"": {""1"": ""blocked"", ""2"": ""blocked""}, ""gw-2"": {""1"": ""blocked"", ""2"": ""blocked""}}"
2025-04-01 03:46:40,"{""gw-1"": {""1"": ""blocked"", ""2"": ""blocked""}}"
2025-04-01 03:46:43,"{""gw-1"": {""1"": ""blocked"", ""2"": ""blocked""}}"
2025-04-01 03:46:43,"{""gw-1"": {""1"": ""blocked"", ""2"": ""blocked""}}"
2025-04-01 03:46:45,"{""gw-3"": {""1"": ""blocked"", ""2"": ""blocked""}}"
2025-04-01 03:46:45,"{""gw-1"": {""1"": ""blocked"", ""2"": ""blocked""}}"
2025-04-01 03:46:46,"{""gw-3"": {""1"": ""blocked"", ""2"": ""blocked""}}"
2025-04-01 03:46:49,"{""gw-2"": {""1"": ""blocked"", ""2"": ""blocked""}}"
2025-04-01 03:46:49,"{""gw-2"": {""1"": ""blocked"", ""2"": ""blocked""}}"
2025-04-01 03:46:51,"{""gw-3"": {""1"": ""blocked"", ""2"": ""blocked""}}"
2025-04-01 03:46:54,"{""gw-1"": {""1"": ""blocked"", ""2"": ""blocked""}}"
2025-04-01 03:46:56,"{""gw-2"": {""1"": ""conflict"", ""2"": ""blocked""}, ""gw-1"": {""1"": ""blocked"", ""2"": ""blocked""}}"
2025-04-01 03:46:57,"{""gw-3"": {""1"": ""blocked"", ""2"": ""blocked""}}"
2025-04-01 03:47:00,"{""gw-3"": {""1"": ""blocked"", ""2"": ""blocked""}, ""gw-2"": {""1"": ""blocked"", ""2"": ""blocked""}}"
2025-04-01 03:47:01,"{""gw-3"": {""1"": ""blocked"", ""2"": ""blocked""}}"
2025-04-01 03:47:02,"{""gw-3"": {""1"": ""blocked"", ""2"": ""blocked""}}"
2025-04-01 03:47:03,"{""gw-2"": {""1"": ""blocked"", ""2"": ""blocked""}}"
2025-04-01 03:47:03,"{""gw-3"": {""1"": ""blocked"", ""2"": ""blocked""}}"
2025-04-01 03:47:05,"{""gw-1"": {""1"": ""blocked"", ""2"": ""blocked""}, ""gw-2"": {""1"": ""blocked"", ""2"": ""blocked""}}"
2025-04-01 03:47:08,"{""gw-1"": {""1"": ""blocked"", ""2"": ""blocked""}}"
2025-04-01 03:47:09,"{""gw-1"": {""1"": ""blocked"", ""2"": ""blocked""}}"
2025-04-01 03:47:09,"{""gw-1"": {""1"": ""blocked"", ""2"": ""blocked""}}"
2025-04-01 03:47:10,"{""gw-2"": {""1"": ""conflict"", ""2"": ""blocked""}}"
2025-04-01 03:47:12,"{""gw-1"": {""1"": ""blocked"", ""2"": ""conflict""}}"
2025-04-01 03:47:13,"{""gw-2"": {""1"": ""blocked"", ""2"": ""blocked""}}"
2025-04-01 03:47:13,"{""gw-1"": {""1"": ""conflict"", ""2"": ""blocked""}}"
2025-04-01 03:47:15,"{""gw-1"": {""1"": ""blocked"", ""2"": ""blocked""}}"
2025-04-01 03:47:17,"{""gw-3"": {""1"": ""blocked"", ""2"": ""blocked""}}"
2025-04-01 03:47:18,"{""gw-2"": {""1"": ""blocked"", ""2"": ""blocked""}}"
2025-04-01 03:47:21,"{""gw-1"": {""1"": ""blocked"", ""2"": ""blocked""}}"
2025-04-01 03:47:22,"{""gw-1"": {""1"": ""blocked"", ""2"": ""blocked""}}"
2025-04-01 03:47:27,"{""gw-3"": {""1"": ""blocked"", ""2"": ""blocked""}}"
2025-04-01 03:47:27,"{""gw-2"": {""1"": ""blocked"", ""2"": ""blocked""}}"
2025-04-01 03:47:28,"{""gw-3"": {""1"": ""blocked"", ""2"": ""blocked""}}"
2025-04-01 03:47:28,"{""gw-2"": {""1"": ""blocked"", ""2"": ""blocked""}, ""gw-3"": {""1"": ""blocked"", ""2"": ""blocked""}}"
2025-04-01 03:47:29,"{""gw-1"": {""1"": ""blocked"", ""2"": ""blocked""}, ""gw-3"": {""1"": ""blocked"", ""2"": ""blocked""}}"
2025-04-01 03:47:30,"{""gw-3"": {""1"": ""blocked"", ""2"": ""blocked""}}"
2025-04-01 03:47:30,"{""gw-1"": {""1"": ""blocked"", ""2"": ""blocked""}, ""gw-3"": {""1"": ""blocked"", ""2"": ""blocked""}, ""gw-2"": {""1"": ""blocked"", ""2"": ""blocked""}}"
2025-04-01 03:47:31,"{""gw-1"": {""1"": ""blocked"", ""2"": ""blocked""}}"
2025-04-01 03:47:31,"{""gw-1"": {""1"": ""blocked"", ""2"": ""blocked""}, ""gw-3"": {""1"": ""blocked"", ""2"": ""blocked""}}"
2025-04-01 03:47:34,"{""gw-1"": {""1"": ""blocked"", ""2"": ""blocked""}}"
2025-04-01 03:47:35,"{""gw-3"": {""1"": ""blocked"", ""2"": ""conflict""}, ""gw-2"": {""1"": ""conflict"", ""2"": ""blocked""}}"
2025-04-01 03:47:39,"{""gw-1"": {""1"": ""conflict"", ""2"": ""blocked""}}"
2025-04-01 03:47:40,"{""gw-3"": {""1"": ""blocked"", ""2"": ""blocked""}}"
2025-04-01 03:47:41,"{""gw-1"": {""1"": ""blocked"", ""2"": ""blocked""}}"
2025-04-01 03:47:43,"{""gw-3"": {""1"": ""blocked"", ""2"": ""blocked""}}"
2025-04-01 03:47:44,"{""gw-1"": {""1"": ""blocked"", ""2"": ""blocked""}}"
2025-04-01 03:47:44,"{""gw-3"": {""1"": ""blocked"", ""2"": ""blocked""}, ""gw-2"": {""1"": ""blocked"", ""2"": ""blocked""}}"
2025-04-01 03:47:44,"{""gw-2"": {""1"": ""blocked"", ""2"": ""blocked""}, ""gw-1"": {""1"": ""blocked"", ""2"": ""blocked""}}"
2025-04-01 03:47:46,"{""gw-2"": {""1"": ""blocked"", ""2"": ""conflict""}, ""gw-1"": {""1"": ""blocked"", ""2"": ""blocked""}}"
2025-04-01 03:47:49,"{""gw-3"": {""1"": ""conflict"", ""2"": ""blocked""}}"
2025-04-01 03:47:49,"{""gw-1"": {""1"": ""blocked"", ""2"": ""conflict""}}"
2025-04-01 03:47:50,"{""gw-1"": {""1"": ""blocked"", ""2"": ""conflict""}}"
2025-04-01 03:47:52,"{""gw-1"": {""1"": ""blocked"", ""2"": ""blocked""}}"
2025-04-01 03:47:53,"{""gw-1"": {""1"": ""blocked"", ""2"": ""blocked""}, ""gw-3"": {""1"": ""blocked"", ""2"": ""blocked""}, ""gw-2"": {""1"": ""blocked"", ""2"": ""blocked""}}"
2025-04-01 03:47:54,"{""gw-1"": {""1"": ""blocked"", ""2"": ""blocked""}}"
2025-04-01 03:47:54,"{""gw-1"": {""1"": ""blocked"", ""2"": ""blocked""}}"
2025-04-01 03:47:55,"{""gw-2"": {""1"": ""blocked"", ""2"": ""blocked""}}"
2025-04-01 03:47:55,"{""gw-2"": {""1"": ""blocked"", ""2"": ""blocked""}}"
2025-04-01 03:47:56,"{""gw-1"": {""1"": ""blocked"", ""2"": ""blocked""}}"
2025-04-01 03:47:57,"{""gw-1"": {""1"": ""blocked"", ""2"": ""blocked""}, ""gw-2"": {""1"": ""blocked"", ""2"": ""blocked""}}"
2025-04-01 03:47:57,"{""gw-1"": {""1"": ""blocked"", ""2"": ""blocked""}, ""gw-3"": {""1"": ""blocked"", ""2"": ""blocked""}, ""gw-2"": {""1"": ""blocked"", ""2"": ""blocked""}}"
2025-04-01 03:47:57,"{""gw-3"": {""1"": ""blocked"", ""2"": ""blocked""}, ""gw-1"": {""1"": ""blocked"", ""2"": ""blocked""}}"
2025-04-01 03:47:58,"{""gw-3"": {""1"": ""blocked"", ""2"": ""blocked""}}"
2025-04-01 03:48:04,"{""gw-2"": {""1"": ""conflict"", ""2"": ""blocked""}}"
2025-04-01 03:48:06,"{""gw-3"": {""1"": ""blocked"", ""2"": ""blocked""}}"
2025-04-01 03:48:07,"{""gw-1"": {""1"": ""blocked"", ""2"": ""blocked""}, ""gw-2"": {""1"": ""blocked"", ""2"": ""blocked""}, ""gw-3"": {""1"": ""blocked"", ""2"": ""blocked""}}"
2025-04-01 03:48:09,"{""gw-1"": {""1"": ""blocked"", ""2"": ""blocked""}}"
2025-04-01 03:48:09,"{""gw-3"": {""1"": ""blocked"", ""2"": ""blocked""}, ""gw-1"": {""1"": ""blocked"", ""2"": ""blocked""}}"
2025-04-01 03:48:11,"{""gw-3"": {""1"": ""blocked"", ""2"": ""blocked""}}"
2025-04-01 03:48:12,"{""gw-1"": {""1"": ""blocked"", ""2"": ""blocked""}}"
2025-04-01 03:48:15,"{""gw-3"": {""1"": ""conflict"", ""2"": ""blocked""}, ""gw-1"": {""1"": ""conflict"", ""2"": ""blocked""}, ""gw-2"": {""1"": ""blocked"", ""2"": ""conflict""}}"
2025-04-01 03:48:19,"{""gw-1"": {""1"": ""blocked"", ""2"": ""blocked""}}"
2025-04-01 03:48:19,"{""gw-2"": {""1"": ""blocked"", ""2"": ""blocked""}}"
2025-04-01 03:48:20,"{""gw-3"": {""1"": ""blocked"", ""2"": ""blocked""}, ""gw-2"": {""1"": ""blocked"", ""2"": ""blocked""}}"
2025-04-01 03:48:20,"{""gw-3"": {""1"": ""blocked"", ""2"": ""blocked""}}"
2025-04-01 03:48:20,"{""gw-2"": {""1"": ""blocked"", ""2"": ""blocked""}, ""gw-3"": {""1"": ""blocked"", ""2"": ""blocked""}}"
2025-04-01 03:48:21,"{""gw-1"": {""1"": ""blocked"", ""2"": ""blocked""}}"
2025-04-01 03:48:21,"{""gw-2"": {""1"": ""blocked"", ""2"": ""blocked""}}"
2025-04-01 03:48:21,"{""gw-1"": {""1"": ""blocked"", ""2"": ""blocked""}}"
2025-04-01 03:48:22,"{""gw-1"": {""1"": ""blocked"", ""2"": ""blocked""}}"
2025-04-01 03:48:22,"{""gw-1"": {""1"": ""blocked"", ""2"": ""blocked""}}"
2025-04-01 03:48:23,"{""gw-2"": {""1"": ""blocked"", ""2"": ""blocked""}}"
2025-04-01 03:48:24,"{""gw-2"": {""1"": ""blocked"", ""2"": ""blocked""}}"
2025-04-01 03:48:24,"{""gw-1"": {""1"": ""blocked"", ""2"": ""blocked""}, ""gw-3"": {""1"": ""blocked"", ""2"": ""blocked""}}"
2025-04-01 03:48:26,"{""gw-2"": {""1"": ""blocked"", ""2"": ""blocked""}}"
2025-04-01 03:48:36,"{""gw-2"": {""1"": ""blocked"", ""2"": ""blocked""}}"
2025-04-01 03:48:36,"{""gw-1"": {""1"": ""conflict"", ""2"": ""blocked""}}"
2025-04-01 03:48:36,"{""gw-1"": {""1"": ""blocked"", ""2"": ""blocked""}}"
2025-04-01 03:48:37,"{""gw-1"": {""1"": ""blocked"", ""2"": ""blocked""}}"
2025-04-01 03:48:40,"{""gw-3"": {""1"": ""blocked"", ""2"": ""blocked""}, ""gw-2"": {""1"": ""conflict"", ""2"": ""blocked""}}"
2025-04-01 03:48:41,"{""gw-3"": {""1"": ""blocked"", ""2"": ""blocked""}}"
2025-04-01 03:48:50,"{""gw-1"": {""1"": ""blocked"", ""2"": ""blocked""}, ""gw-3"": {""1"": ""blocked"", ""2"": ""blocked""}, ""gw-2"": {""1"": ""blocked"", ""2"": ""blocked""}}"
2025-04-01 03:48:51,"{""gw-3"": {""1"": ""blocked"", ""2"": ""blocked""}}"
2025-04-01 03:48:51,"{""gw-3"": {""1"": ""blocked"", ""2"": ""blocked""}}"
2025-04-01 03:48:52,"{""gw-1"": {""1"": ""blocked"", ""2"": ""blocked""}, ""gw-3"": {""1"": ""blocked"", ""2"": ""blocked""}}"
2025-04-01 03:49:08,"{""gw-3"": {""1"": ""blocked"", ""2"": ""blocked""}}"
2025-04-01 03:49:10,"{""gw-1"": {""1"": ""conflict"", ""2"": ""blocked""}}"
2025-04-01 03:49:11,"{""gw-2"": {""1"": ""conflict"", ""2"": ""blocked""}}"
2025-04-01 03:49:13,"{""gw-2"": {""1"": ""blocked"", ""2"": ""blocked""}}"
2025-04-01 03:49:13,"{""gw-2"": {""1"": ""blocked"", ""2"": ""blocked""}, ""gw-1"": {""1"": ""blocked"", ""2"": ""blocked""}}"
2025-04-01 03:49:14,"{""gw-1"": {""1"": ""blocked"", ""2"": ""blocked""}}"
2025-04-01 03:49:15,"{""gw-3"": {""1"": ""blocked"", ""2"": ""conflict""}}"
2025-04-01 03:49:15,"{""gw-1"": {""1"": ""blocked"", ""2"": ""blocked""}}"
2025-04-01 03:49:15,"{""gw-1"": {""1"": ""blocked"", ""2"": ""blocked""}, ""gw-3"": {""1"": ""blocked"", ""2"": ""conflict""}}"
2025-04-01 03:49:16,"{""gw-3"": {""1"": ""conflict"", ""2"": ""blocked""}, ""gw-1"": {""1"": ""blocked"", ""2"": ""blocked""}}"
2025-04-01 03:49:16,"{""gw-3"": {""1"": ""conflict"", ""2"": ""blocked""}}"
2025-04-01 03:49:17,"{""gw-2"": {""1"": ""conflict"", ""2"": ""blocked""}}"
2025-04-01 03:49:17,"{""gw-1"": {""1"": ""blocked"", ""2"": ""blocked""}}"
2025-04-01 03:49:19,"{""gw-1"": {""1"": ""blocked"", ""2"": ""blocked""}}"
2025-04-01 03:49:20,"{""gw-2"": {""1"": ""blocked"", ""2"": ""blocked""}}"
2025-04-01 03:49:21,"{""gw-1"": {""1"": ""blocked"", ""2"": ""conflict""}}"
2025-04-01 03:49:22,"{""gw-3"": {""1"": ""blocked"", ""2"": ""blocked""}, ""gw-1"": {""1"": ""conflict"", ""2"": ""conflict""}}"
2025-04-01 03:49:22,"{""gw-2"": {""1"": ""blocked"", ""2"": ""blocked""}, ""gw-1"": {""1"": ""conflict"", ""2"": ""blocked""}}"
2025-04-01 03:49:22,"{""gw-3"": {""1"": ""blocked"", ""2"": ""blocked""}}"
2025-04-01 03:49:23,"{""gw-3"": {""1"": ""blocked"", ""2"": ""blocked""}}"
2025-04-01 03:49:23,"{""gw-2"": {""1"": ""blocked"", ""2"": ""blocked""}}"
2025-04-01 03:49:25,"{""gw-2"": {""1"": ""blocked"", ""2"": ""blocked""}}"
2025-04-01 03:49:25,"{""gw-2"": {""1"": ""blocked"", ""2"": ""blocked""}}"
2025-04-01 03:49:25,"{""gw-2"": {""1"": ""blocked"", ""2"": ""blocked""}}"
2025-04-01 03:49:25,"{""gw-3"": {""1"": ""blocked"", ""2"": ""blocked""}}"
2025-04-01 03:49:26,"{""gw-2"": {""1"": ""blocked"", ""2"": ""blocked""}}"
2025-04-01 03:49:27,"{""gw-3"": {""1"": ""conflict"", ""2"": ""conflict""}, ""gw-2"": {""1"": ""conflict"", ""2"": ""conflict""}, ""gw-1"": {""1"": ""blocked"", ""2"": ""blocked""}}"
2025-04-01 03:49:28,"{""gw-3"": {""1"": ""conflict"", ""2"": ""conflict""}, ""gw-2"": {""1"": ""conflict"", ""2"": ""conflict""}}"
2025-04-01 03:49:28,"{""gw-1"": {""1"": ""blocked"", ""2"": ""blocked""}}"
2025-04-01 03:49:31,"{""gw-3"": {""1"": ""blocked"", ""2"": ""blocked""}}"
2025-04-01 03:49:31,"{""gw-1"": {""1"": ""blocked"", ""2"": ""blocked""}}"
2025-04-01 03:49:33,"{""gw-2"": {""1"": ""blocked"", ""2"": ""blocked""}, ""gw-3"": {""1"": ""blocked"", ""2"": ""blocked""}}"
2025-04-01 03:49:33,"{""gw-2"": {""1"": ""blocked"", ""2"": ""blocked""}, ""gw-3"": {""1"": ""blocked"", ""2"": ""blocked""}}"
2025-04-01 03:49:34,"{""gw-2"": {""1"": ""blocked"", ""2"": ""blocked""}}"
2025-04-01 03:49:34,"{""gw-3"": {""1"": ""blocked"", ""2"": ""blocked""}}"
2025-04-01 03:49:35,"{""gw-2"": {""1"": ""blocked"", ""2"": ""blocked""}, ""gw-3"": {""1"": ""blocked"", ""2"": ""blocked""}}"
2025-04-01 03:49:42,"{""gw-3"": {""1"": ""blocked"", ""2"": ""conflict""}}"
2025-04-01 03:49:44,"{""gw-1"": {""1"": ""blocked"", ""2"": ""blocked""}}"
2025-04-01 03:49:45,"{""gw-1"": {""1"": ""blocked"", ""2"": ""blocked""}, ""gw-2"": {""1"": ""blocked"", ""2"": ""blocked""}}"
2025-04-01 03:49:46,"{""gw-2"": {""1"": ""blocked"", ""2"": ""blocked""}}"
2025-04-01 03:49:47,"{""gw-2"": {""1"": ""blocked"", ""2"": ""blocked""}, ""gw-3"": {""1"": ""blocked"", ""2"": ""blocked""}}"
2025-04-01 03:49:47,"{""gw-2"": {""1"": ""blocked"", ""2"": ""blocked""}}"
2025-04-01 03:49:47,"{""gw-3"": {""1"": ""blocked"", ""2"": ""blocked""}}"
2025-04-01 03:49:48,"{""gw-2"": {""1"": ""blocked"", ""2"": ""blocked""}}"
2025-04-01 03:49:50,"{""gw-3"": {""1"": ""blocked"", ""2"": ""blocked""}}"
2025-04-01 03:49:52,"{""gw-1"": {""1"": ""blocked"", ""2"": ""blocked""}, ""gw-3"": {""1"": ""blocked"", ""2"": ""blocked""}}"
2025-04-01 03:49:54,"{""gw-3"": {""1"": ""blocked"", ""2"": ""blocked""}, ""gw-1"": {""1"": ""blocked"", ""2"": ""blocked""}}"
2025-04-01 03:49:57,"{""gw-3"": {""1"": ""blocked"", ""2"": ""conflict""}, ""gw-2"": {""1"": ""blocked"", ""2"": ""blocked""}}"
2025-04-01 03:49:58,"{""gw-2"": {""1"": ""blocked"", ""2"": ""blocked""}}"
2025-04-01 03:49:58,"{""gw-1"": {""1"": ""blocked"", ""2"": ""blocked""}}"
2025-04-01 03:49:58,"{""gw-3"": {""1"": ""conflict"", ""2"": ""blocked""}}"
2025-04-01 03:50:01,"{""gw-2"": {""1"": ""blocked"", ""2"": ""blocked""}}"
2025-04-01 03:50:01,"{""gw-2"": {""1"": ""blocked"", ""2"": ""blocked""}}"
2025-04-01 03:50:01,"{""gw-2"": {""1"": ""blocked"", ""2"": ""blocked""}, ""gw-1"": {""1"": ""conflict"", ""2"": ""conflict""}}"
2025-04-01 03:50:03,"{""gw-3"": {""1"": ""blocked"", ""2"": ""blocked""}}"
2025-04-01 03:50:04,"{""gw-3"": {""1"": ""blocked"", ""2"": ""blocked""}, ""gw-1"": {""1"": ""blocked"", ""2"": ""blocked""}}"
2025-04-01 03:50:04,"{""gw-1"": {""1"": ""blocked"", ""2"": ""blocked""}}"
2025-04-01 03:50:06,"{""gw-2"": {""1"": ""blocked"", ""2"": ""conflict""}}"
2025-04-01 03:50:07,"{""gw-2"": {""1"": ""conflict"", ""2"": ""blocked""}, ""gw-1"": {""1"": ""blocked"", ""2"": ""blocked""}}"
2025-04-01 03:50:07,"{""gw-3"": {""1"": ""blocked"", ""2"": ""blocked""}}"
2025-04-01 03:50:11,"{""gw-1"": {""1"": ""blocked"", ""2"": ""blocked""}}"
2025-04-01 03:50:13,"{""gw-3"": {""1"": ""blocked"", ""2"": ""blocked""}}"
2025-04-01 03:50:13,"{""gw-3"": {""1"": ""blocked"", ""2"": ""blocked""}, ""gw-2"": {""1"": ""blocked"", ""2"": ""blocked""}}"
2025-04-01 03:50:14,"{""gw-2"": {""1"": ""blocked"", ""2"": ""blocked""}, ""gw-3"": {""1"": ""blocked"", ""2"": ""blocked""}}"
2025-04-01 03:50:15,"{""gw-2"": {""1"": ""blocked"", ""2"": ""blocked""}}"
2025-04-01 03:50:15,"{""gw-3"": {""1"": ""blocked"", ""2"": ""blocked""}}"
2025-04-01 03:50:16,"{""gw-3"": {""1"": ""blocked"", ""2"": ""blocked""}, ""gw-2"": {""1"": ""blocked"", ""2"": ""blocked""}}"
2025-04-01 03:50:16,"{""gw-1"": {""1"": ""blocked"", ""2"": ""blocked""}}"
2025-04-01 03:50:17,"{""gw-2"": {""1"": ""blocked"", ""2"": ""blocked""}}"
2025-04-01 03:50:18,"{""gw-1"": {""1"": ""blocked"", ""2"": ""blocked""}}"
2025-04-01 03:50:20,"{""gw-1"": {""1"": ""blocked"", ""2"": ""blocked""}}"
2025-04-01 03:50:20,"{""gw-3"": {""1"": ""blocked"", ""2"": ""blocked""}}"
2025-04-01 03:50:21,"{""gw-1"": {""1"": ""blocked"", ""2"": ""blocked""}, ""gw-2"": {""1"": ""blocked"", ""2"": ""blocked""}}"
2025-04-01 03:50:22,"{""gw-1"": {""1"": ""blocked"", ""2"": ""blocked""}}"
2025-04-01 03:50:22,"{""gw-2"": {""1"": ""blocked"", ""2"": ""blocked""}}"
2025-04-01 03:50:22,"{""gw-3"": {""1"": ""conflict"", ""2"": ""blocked""}, ""gw-1"": {""1"": ""blocked"", ""2"": ""blocked""}}"
2025-04-01 03:50:23,"{""gw-1"": {""1"": ""blocked"", ""2"": ""blocked""}, ""gw-2"": {""1"": ""blocked"", ""2"": ""blocked""}}"
2025-04-01 03:50:23,"{""gw-2"": {""1"": ""blocked"", ""2"": ""blocked""}}"
2025-04-01 03:50:24,"{""gw-2"": {""1"": ""blocked"", ""2"": ""blocked""}}"
2025-04-01 03:50:25,"{""gw-2"": {""1"": ""blocked"", ""2"": ""blocked""}}"
2025-04-01 03:50:28,"{""gw-1"": {""1"": ""conflict"", ""2"": ""blocked""}}"
2025-04-01 03:50:29,"{""gw-3"": {""1"": ""blocked"", ""2"": ""blocked""}, ""gw-2"": {""1"": ""blocked"", ""2"": ""blocked""}}"
2025-04-01 03:50:30,"{""gw-2"": {""1"": ""blocked"", ""2"": ""conflict""}, ""gw-1"": {""1"": ""blocked"", ""2"": ""blocked""}}"
2025-04-01 03:50:33,"{""gw-1"": {""1"": ""blocked"", ""2"": ""blocked""}}"
2025-04-01 03:50:33,"{""gw-2"": {""1"": ""blocked"", ""2"": ""blocked""}, ""gw-1"": {""1"": ""blocked"", ""2"": ""blocked""}}"
2025-04-01 03:50:34,"{""gw-2"": {""1"": ""blocked"", ""2"": ""blocked""}}"
2025-04-01 03:50:34,"{""gw-3"": {""1"": ""blocked"", ""2"": ""conflict""}}"
2025-04-01 03:50:36,"{""gw-3"": {""1"": ""conflict"", ""2"": ""blocked""}, ""gw-1"": {""1"": ""blocked"", ""2"": ""blocked""}}"
2025-04-01 03:50:37,"{""gw-2"": {""1"": ""blocked"", ""2"": ""blocked""}, ""gw-1"": {""1"": ""blocked"", ""2"": ""blocked""}}"
2025-04-01 03:50:37,"{""gw-1"": {""1"": ""blocked"", ""2"": ""blocked""}}"
2025-04-01 03:50:37,"{""gw-2"": {""1"": ""blocked"", ""2"": ""blocked""}}"
2025-04-01 03:50:44,"{""gw-3"": {""1"": ""blocked"", ""2"": ""blocked""}, ""gw-1"": {""1"": ""blocked"", ""2"": ""blocked""}}"
2025-04-01 03:50:45,"{""gw-3"": {""1"": ""blocked"", ""2"": ""blocked""}, ""gw-1"": {""1"": ""blocked"", ""2"": ""blocked""}}"
2025-04-01 03:50:48,"{""gw-3"": {""1"": ""conflict"", ""2"": ""conflict""}}"
2025-04-01 03:50:48,"{""gw-1"": {""1"": ""blocked"", ""2"": ""blocked""}}"
2025-04-01 03:50:49,"{""gw-3"": {""1"": ""blocked"", ""2"": ""conflict""}}"
2025-04-01 03:50:49,"{""gw-1"": {""1"": ""blocked"", ""2"": ""blocked""}, ""gw-2"": {""1"": ""conflict"", ""2"": ""blocked""}}"
2025-04-01 03:50:49,"{""gw-2"": {""1"": ""conflict"", ""2"": ""blocked""}}"
2025-04-01 03:50:49,"{""gw-1"": {""1"": ""blocked"", ""2"": ""blocked""}, ""gw-2"": {""1"": ""conflict"", ""2"": ""blocked""}, ""gw-3"": {""1"": ""conflict"", ""2"": ""conflict""}}"
2025-04-01 03:50:51,"{""gw-1"": {""1"": ""conflict"", ""2"": ""conflict""}}"
2025-04-01 03:50:52,"{""gw-3"": {""1"": ""blocked"", ""2"": ""blocked""}, ""gw-1"": {""1"": ""conflict"", ""2"": ""conflict""}}"
2025-04-01 03:50:52,"{""gw-2"": {""1"": ""blocked"", ""2"": ""blocked""}, ""gw-3"": {""1"": ""blocked"", ""2"": ""blocked""}}"
2025-04-01 03:50:53,"{""gw-3"": {""1"": ""blocked"", ""2"": ""blocked""}}"
2025-04-01 03:50:57,"{""gw-2"": {""1"": ""blocked"", ""2"": ""blocked""}}"
2025-04-01 03:50:58,"{""gw-1"": {""1"": ""blocked"", ""2"": ""blocked""}, ""gw-2"": {""1"": ""blocked"", ""2"": ""blocked""}}"
2025-04-01 03:50:59,"{""gw-1"": {""1"": ""blocked"", ""2"": ""blocked""}, ""gw-3"": {""1"": ""blocked"", ""2"": ""blocked""}}"
2025-04-01 03:51:03,"{""gw-1"": {""1"": ""blocked"", ""2"": ""conflict""}}"
2025-04-01 03:51:04,"{""gw-3"": {""1"": ""conflict"", ""2"": ""blocked""}, ""gw-1"": {""1"": ""blocked"", ""2"": ""conflict""}}"
2025-04-01 03:51:05,"{""gw-2"": {""1"": ""blocked"", ""2"": ""blocked""}}"
2025-04-01 03:51:09,"{""gw-1"": {""1"": ""blocked"", ""2"": ""blocked""}, ""gw-2"": {""1"": ""conflict"", ""2"": ""blocked""}}"
2025-04-01 03:51:10,"{""gw-2"": {""1"": ""blocked"", ""2"": ""blocked""}}"
2025-04-01 03:51:11,"{""gw-1"": {""1"": ""blocked"", ""2"": ""blocked""}}"
2025-04-01 03:51:13,"{""gw-3"": {""1"": ""blocked"", ""2"": ""blocked""}}"
2025-04-01 03:51:19,"{""gw-2"": {""1"": ""blocked"", ""2"": ""blocked""}}"
2025-04-01 03:51:23,"{""gw-1"": {""1"": ""blocked"", ""2"": ""conflict""}}"
2025-04-01 03:51:30,"{""gw-2"": {""1"": ""blocked"", ""2"": ""blocked""}}"
2025-04-01 03:51:42,"{""gw-1"": {""1"": ""blocked"", ""2"": ""blocked""}}"
2025-04-01 03:51:44,"{""gw-2"": {""1"": ""blocked"", ""2"": ""blocked""}}"
2025-04-01 03:51:48,"{""gw-2"": {""1"": ""blocked"", ""2"": ""blocked""}, ""gw-3"": {""1"": ""blocked"", ""2"": ""blocked""}}"
2025-04-01 03:51:48,"{""gw-2"": {""1"": ""blocked"", ""2"": ""blocked""}}"
2025-04-01 03:51:49,"{""gw-2"": {""1"": ""blocked"", ""2"": ""blocked""}}"
2025-04-01 03:51:53,"{""gw-1"": {""1"": ""blocked"", ""2"": ""blocked""}}"
2025-04-01 03:51:59,"{""gw-1"": {""1"": ""blocked"", ""2"": ""blocked""}}"
2025-04-01 03:52:00,"{""gw-3"": {""1"": ""conflict"", ""2"": ""conflict""}, ""gw-1"": {""1"": ""blocked"", ""2"": ""blocked""}}"
2025-04-01 03:52:03,"{""gw-2"": {""1"": ""blocked"", ""2"": ""blocked""}, ""gw-3"": {""1"": ""blocked"", ""2"": ""blocked""}}"
2025-04-01 03:52:03,"{""gw-2"": {""1"": ""blocked"", ""2"": ""blocked""}, ""gw-3"": {""1"": ""blocked"", ""2"": ""blocked""}}"
2025-04-01 03:52:05,"{""gw-3"": {""1"": ""blocked"", ""2"": ""blocked""}}"
2025-04-01 03:52:06,"{""gw-3"": {""1"": ""blocked"", ""2"": ""blocked""}, ""gw-2"": {""1"": ""blocked"", ""2"": ""blocked""}}"
2025-04-01 03:52:06,"{""gw-1"": {""1"": ""blocked"", ""2"": ""blocked""}, ""gw-3"": {""1"": ""blocked"", ""2"": ""blocked""}}"
2025-04-01 03:52:09,"{""gw-1"": {""1"": ""blocked"", ""2"": ""blocked""}, ""gw-3"": {""1"": ""blocked"", ""2"": ""blocked""}}"
2025-04-01 03:52:12,"{""gw-3"": {""1"": ""conflict"", ""2"": ""blocked""}}"
2025-04-01 03:52:17,"{""gw-1"": {""1"": ""conflict"", ""2"": ""conflict""}}"
2025-04-01 03:52:18,"{""gw-3"": {""1"": ""blocked"", ""2"": ""blocked""}, ""gw-1"": {""1"": ""conflict"", ""2"": ""blocked""}}"
2025-04-01 03:52:20,"{""gw-1"": {""1"": ""blocked"", ""2"": ""blocked""}}"
2025-04-01 03:52:21,"{""gw-1"": {""1"": ""blocked"", ""2"": ""blocked""}, ""gw-3"": {""1"": ""blocked"", ""2"": ""blocked""}}"
2025-04-01 03:52:24,"{""gw-2"": {""1"": ""conflict"", ""2"": ""blocked""}}"
2025-04-01 03:52:26,"{""gw-3"": {""1"": ""blocked"", ""2"": ""conflict""}}"
2025-04-01 03:52:26,"{""gw-1"": {""1"": ""blocked"", ""2"": ""blocked""}}"
2025-04-01 03:52:28,"{""gw-2"": {""1"": ""blocked"", ""2"": ""blocked""}}"
2025-04-01 03:52:31,"{""gw-2"": {""1"": ""blocked"", ""2"": ""blocked""}}"
2025-04-01 03:52:32,"{""gw-3"": {""1"": ""blocked"", ""2"": ""blocked""}, ""gw-2"": {""1"": ""blocked"", ""2"": ""blocked""}}"
2025-04-01 03:52:32,"{""gw-2"": {""1"": ""blocked"", ""2"": ""blocked""}, ""gw-3"": {""1"": ""blocked"", ""2"": ""blocked""}}"
2025-04-01 03:52:33,"{""gw-2"": {""1"": ""blocked"", ""2"": ""blocked""}}"
2025-04-01 03:52:34,"{""gw-3"": {""1"": ""blocked"", ""2"": ""blocked""}, ""gw-1"": {""1"": ""blocked"", ""2"": ""blocked""}}"
2025-04-01 03:52:40,"{""gw-1"": {""1"": ""blocked"", ""2"": ""blocked""}}"
2025-04-01 03:52:42,"{""gw-2"": {""1"": ""blocked"", ""2"": ""blocked""}}"
2025-04-01 03:52:46,"{""gw-2"": {""1"": ""blocked"", ""2"": ""blocked""}}"
2025-04-01 03:52:47,"{""gw-3"": {""1"": ""blocked"", ""2"": ""blocked""}, ""gw-2"": {""1"": ""blocked"", ""2"": ""blocked""}}"
2025-04-01 03:52:47,"{""gw-2"": {""1"": ""blocked"", ""2"": ""blocked""}}"
2025-04-01 03:52:56,"{""gw-1"": {""1"": ""conflict"", ""2"": ""blocked""}}"
2025-04-01 03:52:57,"{""gw-1"": {""1"": ""conflict"", ""2"": ""blocked""}, ""gw-2"": {""1"": ""blocked"", ""2"": ""blocked""}}"
2025-04-01 03:52:57,"{""gw-1"": {""1"": ""conflict"", ""2"": ""blocked""}}"
2025-04-01 03:52:58,"{""gw-3"": {""1"": ""blocked"", ""2"": ""blocked""}, ""gw-2"": {""1"": ""blocked"", ""2"": ""blocked""}}"
2025-04-01 03:53:00,"{""gw-2"": {""1"": ""blocked"", ""2"": ""blocked""}}"
2025-04-01 03:53:00,"{""gw-2"": {""1"": ""blocked"", ""2"": ""blocked""}}"
2025-04-01 03:53:05,"{""gw-3"": {""1"": ""blocked"", ""2"": ""blocked""}}"
2025-04-01 03:53:24,"{""gw-1"": {""1"": ""blocked"", ""2"": ""blocked""}}"
2025-04-01 03:53:27,"{""gw-1"": {""1"": ""blocked"", ""2"": ""blocked""}}"
2025-04-01 03:53:29,"{""gw-2"": {""1"": ""blocked"", ""2"": ""blocked""}, ""gw-3"": {""1"": ""blocked"", ""2"": ""blocked""}}"
2025-04-01 03:53:31,"{""gw-2"": {""1"": ""blocked"", ""2"": ""blocked""}, ""gw-1"": {""1"": ""blocked"", ""2"": ""blocked""}}"
2025-04-01 03:53:35,"{""gw-3"": {""1"": ""blocked"", ""2"": ""blocked""}}"
2025-04-01 03:53:49,"{""gw-3"": {""1"": ""blocked"", ""2"": ""blocked""}, ""gw-2"": {""1"": ""blocked"", ""2"": ""blocked""}}"
2025-04-01 03:53:52,"{""gw-1"": {""1"": ""blocked"", ""2"": ""blocked""}}"
2025-04-01 03:53:52,"{""gw-1"": {""1"": ""blocked"", ""2"": ""blocked""}}"
2025-04-01 03:53:56,"{""gw-2"": {""1"": ""blocked"", ""2"": ""blocked""}, ""gw-1"": {""1"": ""blocked"", ""2"": ""blocked""}}"
2025-04-01 03:54:01,"{""gw-1"": {""1"": ""conflict"", ""2"": ""blocked""}, ""gw-3"": {""1"": ""blocked"", ""2"": ""blocked""}}"
2025-04-01 03:54:03,"{""gw-1"": {""1"": ""blocked"", ""2"": ""blocked""}}"
2025-04-01 03:54:03,"{""gw-3"": {""1"": ""blocked"", ""2"": ""blocked""}, ""gw-1"": {""1"": ""blocked"", ""2"": ""blocked""}}"
2025-04-01 03:54:10,"{""gw-3"": {""1"": ""blocked"", ""2"": ""blocked""}}"
2025-04-01 03:54:14,"{""gw-3"": {""1"": ""blocked"", ""2"": ""blocked""}, ""gw-2"": {""1"": ""blocked"", ""2"": ""blocked""}}"
2025-04-01 03:54:15,"{""gw-3"": {""1"": ""blocked"", ""2"": ""blocked""}, ""gw-2"": {""1"": ""blocked"", ""2"": ""blocked""}}"
2025-04-01 03:54:16,"{""gw-1"": {""1"": ""blocked"", ""2"": ""blocked""}, ""gw-2"": {""1"": ""blocked"", ""2"": ""blocked""}}"
2025-04-01 03:54:16,"{""gw-1"": {""1"": ""blocked"", ""2"": ""blocked""}}"
2025-04-01 03:54:20,"{""gw-1"": {""1"": ""blocked"", ""2"": ""blocked""}}"
2025-04-01 03:54:21,"{""gw-1"": {""1"": ""blocked"", ""2"": ""blocked""}}"
2025-04-01 03:54:23,"{""gw-2"": {""1"": ""conflict"", ""2"": ""blocked""}}"
2025-04-01 03:54:26,"{""gw-3"": {""1"": ""blocked"", ""2"": ""blocked""}}"
2025-04-01 03:54:29,"{""gw-1"": {""1"": ""conflict"", ""2"": ""blocked""}}"
2025-04-01 03:54:30,"{""gw-2"": {""1"": ""blocked"", ""2"": ""blocked""}}"
2025-04-01 03:54:31,"{""gw-3"": {""1"": ""blocked"", ""2"": ""blocked""}}"
2025-04-01 03:54:33,"{""gw-3"": {""1"": ""blocked"", ""2"": ""blocked""}}"
2025-04-01 03:54:36,"{""gw-1"": {""1"": ""blocked"", ""2"": ""blocked""}}"
2025-04-01 03:54:38,"{""gw-1"": {""1"": ""blocked"", ""2"": ""blocked""}}"
2025-04-01 03:54:41,"{""gw-3"": {""1"": ""conflict"", ""2"": ""conflict""}, ""gw-1"": {""1"": ""conflict"", ""2"": ""blocked""}, ""gw-2"": {""1"": ""blocked"", ""2"": ""blocked""}}"
2025-04-01 03:54:41,"{""gw-3"": {""1"": ""blocked"", ""2"": ""conflict""}, ""gw-2"": {""1"": ""blocked"", ""2"": ""blocked""}}"
2025-04-01 03:54:44,"{""gw-1"": {""1"": ""blocked"", ""2"": ""blocked""}}"
2025-04-01 03:54:45,"{""gw-1"": {""1"": ""blocked"", ""2"": ""blocked""}}"
2025-04-01 03:54:50,"{""gw-1"": {""1"": ""blocked"", ""2"": ""blocked""}}"
2025-04-01 03:54:50,"{""gw-3"": {""1"": ""blocked"", ""2"": ""blocked""}, ""gw-2"": {""1"": ""conflict"", ""2"": ""blocked""}}"
2025-04-01 03:54:54,"{""gw-2"": {""1"": ""blocked"", ""2"": ""blocked""}}"
2025-04-01 03:54:57,"{""gw-1"": {""1"": ""blocked"", ""2"": ""blocked""}}"
2025-04-01 03:54:58,"{""gw-1"": {""1"": ""blocked"", ""2"": ""blocked""}}"
2025-04-01 03:54:59,"{""gw-1"": {""1"": ""blocked"", ""2"": ""blocked""}}"
2025-04-01 03:55:00,"{""gw-1"": {""1"": ""blocked"", ""2"": ""blocked""}, ""gw-3"": {""1"": ""blocked"", ""2"": ""blocked""}}"
2025-04-01 03:55:09,"{""gw-1"": {""1"": ""blocked"", ""2"": ""blocked""}}"
2025-04-01 03:55:09,"{""gw-1"": {""1"": ""blocked"", ""2"": ""blocked""}}"
2025-04-01 03:55:10,"{""gw-1"": {""1"": ""blocked"", ""2"": ""blocked""}}"
2025-04-01 03:55:12,"{""gw-1"": {""1"": ""blocked"", ""2"": ""blocked""}, ""gw-2"": {""1"": ""blocked"", ""2"": ""blocked""}}"
2025-04-01 03:55:13,"{""gw-1"": {""1"": ""blocked"", ""2"": ""blocked""}}"
2025-04-01 03:55:14,"{""gw-1"": {""1"": ""blocked"", ""2"": ""blocked""}}"
2025-04-01 03:55:16,"{""gw-1"": {""1"": ""blocked"", ""2"": ""blocked""}}"
2025-04-01 03:55:16,"{""gw-2"": {""1"": ""conflict"", ""2"": ""conflict""}}"
2025-04-01 03:55:19,"{""gw-3"": {""1"": ""blocked"", ""2"": ""blocked""}}"
2025-04-01 03:55:19,"{""gw-3"": {""1"": ""blocked"", ""2"": ""blocked""}}"
2025-04-01 03:55:21,"{""gw-2"": {""1"": ""blocked"", ""2"": ""blocked""}, ""gw-3"": {""1"": ""blocked"", ""2"": ""blocked""}}"
2025-04-01 03:55:21,"{""gw-3"": {""1"": ""blocked"", ""2"": ""blocked""}, ""gw-1"": {""1"": ""conflict"", ""2"": ""conflict""}}"
2025-04-01 03:55:22,"{""gw-3"": {""1"": ""blocked"", ""2"": ""blocked""}, ""gw-2"": {""1"": ""blocked"", ""2"": ""blocked""}}"
2025-04-01 03:55:31,"{""gw-1"": {""1"": ""blocked"", ""2"": ""blocked""}}"
2025-04-01 03:55:33,"{""gw-3"": {""1"": ""conflict"", ""2"": ""blocked""}}"
2025-04-01 03:55:35,"{""gw-2"": {""1"": ""blocked"", ""2"": ""blocked""}}"
2025-04-01 03:55:35,"{""gw-2"": {""1"": ""blocked"", ""2"": ""blocked""}}"
2025-04-01 03:55:37,"{""gw-3"": {""1"": ""blocked"", ""2"": ""blocked""}, ""gw-2"": {""1"": ""blocked"", ""2"": ""blocked""}}"
2025-04-01 03:55:40,"{""gw-1"": {""1"": ""blocked"", ""2"": ""conflict""}}"
2025-04-01 03:55:41,"{""gw-3"": {""1"": ""blocked"", ""2"": ""blocked""}}"
2025-04-01 03:55:42,"{""gw-2"": {""1"": ""blocked"", ""2"": ""blocked""}}"
2025-04-01 03:55:49,"{""gw-1"": {""1"": ""blocked"", ""2"": ""blocked""}}"
2025-04-01 03:55:54,"{""gw-1"": {""1"": ""blocked"", ""2"": ""conflict""}}"
2025-04-01 03:55:54,"{""gw-2"": {""1"": ""blocked"", ""2"": ""blocked""}}"
2025-04-01 03:55:56,"{""gw-3"": {""1"": ""blocked"", ""2"": ""blocked""}}"
2025-04-01 03:55:57,"{""gw-3"": {""1"": ""blocked"", ""2"": ""blocked""}}"
2025-04-01 03:55:58,"{""gw-2"": {""1"": ""conflict"", ""2"": ""conflict""}}"
2025-04-01 03:55:59,"{""gw-3"": {""1"": ""blocked"", ""2"": ""blocked""}, ""gw-1"": {""1"": ""blocked"", ""2"": ""blocked""}}"
2025-04-01 03:56:03,"{""gw-1"": {""1"": ""blocked"", ""2"": ""blocked""}}"
2025-04-01 03:56:10,"{""gw-2"": {""1"": ""blocked"", ""2"": ""blocked""}}"
2025-04-01 03:56:19,"{""gw-1"": {""1"": ""blocked"", ""2"": ""blocked""}, ""gw-3"": {""1"": ""blocked"", ""2"": ""blocked""}}"
2025-04-01 03:56:20,"{""gw-1"": {""1"": ""blocked"", ""2"": ""blocked""}}"
2025-04-01 03:56:20,"{""gw-2"": {""1"": ""blocked"", ""2"": ""blocked""}, ""gw-3"": {""1"": ""blocked"", ""2"": ""blocked""}}"
2025-04-01 03:56:20,"{""gw-1"": {""1"": ""blocked"", ""2"": ""blocked""}, ""gw-3"": {""1"": ""blocked"", ""2"": ""blocked""}}"
2025-04-01 03:56:23,"{""gw-2"": {""1"": ""blocked"", ""2"": ""blocked""}}"
2025-04-01 03:56:35,"{""gw-2"": {""1"": ""blocked"", ""2"": ""blocked""}}"
2025-04-01 03:56:37,"{""gw-2"": {""1"": ""blocked"", ""2"": ""blocked""}}"
2025-04-01 03:56:37,"{""gw-2"": {""1"": ""blocked"", ""2"": ""blocked""}, ""gw-1"": {""1"": ""blocked"", ""2"": ""conflict""}}"
2025-04-01 03:56:38,"{""gw-1"": {""1"": ""conflict"", ""2"": ""blocked""}, ""gw-2"": {""1"": ""blocked"", ""2"": ""blocked""}}"
2025-04-01 03:56:38,"{""gw-3"": {""1"": ""conflict"", ""2"": ""blocked""}, ""gw-2"": {""1"": ""blocked"", ""2"": ""blocked""}}"
2025-04-01 03:56:42,"{""gw-1"": {""1"": ""blocked"", ""2"": ""blocked""}}"
2025-04-01 03:56:42,"{""gw-2"": {""1"": ""conflict"", ""2"": ""blocked""}}"
2025-04-01 03:56:45,"{""gw-3"": {""1"": ""blocked"", ""2"": ""blocked""}}"
2025-04-01 03:56:50,"{""gw-2"": {""1"": ""blocked"", ""2"": ""blocked""}}"
2025-04-01 03:56:50,"{""gw-2"": {""1"": ""blocked"", ""2"": ""blocked""}}"
2025-04-01 03:56:54,"{""gw-3"": {""1"": ""conflict"", ""2"": ""blocked""}, ""gw-1"": {""1"": ""blocked"", ""2"": ""conflict""}}"
2025-04-01 03:57:00,"{""gw-2"": {""1"": ""blocked"", ""2"": ""blocked""}, ""gw-3"": {""1"": ""blocked"", ""2"": ""blocked""}}"
2025-04-01 03:57:02,"{""gw-3"": {""1"": ""blocked"", ""2"": ""blocked""}}"
2025-04-01 03:57:02,"{""gw-3"": {""1"": ""blocked"", ""2"": ""blocked""}}"
2025-04-01 03:57:04,"{""gw-2"": {""1"": ""blocked"", ""2"": ""blocked""}}"
2025-04-01 03:57:10,"{""gw-2"": {""1"": ""conflict"", ""2"": ""conflict""}}"
2025-04-01 03:57:15,"{""gw-2"": {""1"": ""blocked"", ""2"": ""blocked""}}"
2025-04-01 03:57:17,"{""gw-3"": {""1"": ""blocked"", ""2"": ""blocked""}, ""gw-2"": {""1"": ""blocked"", ""2"": ""blocked""}}"
2025-04-01 03:57:18,"{""gw-1"": {""1"": ""blocked"", ""2"": ""blocked""}, ""gw-3"": {""1"": ""blocked"", ""2"": ""blocked""}}"
2025-04-01 03:57:22,"{""gw-3"": {""1"": ""blocked"", ""2"": ""blocked""}, ""gw-2"": {""1"": ""conflict"", ""2"": ""blocked""}}"
2025-04-01 03:57:23,"{""gw-3"": {""1"": ""blocked"", ""2"": ""blocked""}}"
2025-04-01 03:57:26,"{""gw-2"": {""1"": ""blocked"", ""2"": ""blocked""}}"
2025-04-01 03:57:27,"{""gw-2"": {""1"": ""blocked"", ""2"": ""blocked""}}"
2025-04-01 03:57:28,"{""gw-2"": {""1"": ""blocked"", ""2"": ""blocked""}}"
2025-04-01 03:57:29,"{""gw-2"": {""1"": ""blocked"", ""2"": ""blocked""}}"
2025-04-01 03:57:30,"{""gw-3"": {""1"": ""blocked"", ""2"": ""blocked""}}"
2025-04-01 03:57:31,"{""gw-3"": {""1"": ""blocked"", ""2"": ""blocked""}, ""gw-2"": {""1"": ""blocked"", ""2"": ""blocked""}}"
2025-04-01 03:57:32,"{""gw-2"": {""1"": ""blocked"", ""2"": ""blocked""}}"
2025-04-01 03:57:34,"{""gw-3"": {""1"": ""blocked"", ""2"": ""blocked""}, ""gw-2"": {""1"": ""blocked"", ""2"": ""conflict""}}"
2025-04-01 03:57:39,"{""gw-2"": {""1"": ""blocked"", ""2"": ""blocked""}}"
2025-04-01 03:57:40,"{""gw-2"": {""1"": ""blocked"", ""2"": ""blocked""}}"
2025-04-01 03:57:40,"{""gw-1"": {""1"": ""conflict"", ""2"": ""blocked""}}"
2025-04-01 03:57:42,"{""gw-3"": {""1"": ""conflict"", ""2"": ""conflict""}}"
2025-04-01 03:57:42,"{""gw-3"": {""1"": ""conflict"", ""2"": ""blocked""}}"
2025-04-01 03:57:45,"{""gw-3"": {""1"": ""blocked"", ""2"": ""blocked""}}"
2025-04-01 03:57:46,"{""gw-3"": {""1"": ""blocked"", ""2"": ""blocked""}, ""gw-1"": {""1"": ""blocked"", ""2"": ""blocked""}}"
2025-04-01 03:57:52,"{""gw-3"": {""1"": ""blocked"", ""2"": ""blocked""}}"
2025-04-01 03:58:01,"{""gw-1"": {""1"": ""blocked"", ""2"": ""blocked""}}"
2025-04-01 03:58:01,"{""gw-1"": {""1"": ""blocked"", ""2"": ""blocked""}, ""gw-2"": {""1"": ""blocked"", ""2"": ""blocked""}}"
2025-04-01 03:58:04,"{""gw-2"": {""1"": ""conflict"", ""2"": ""conflict""}}"
2025-04-01 03:58:12,"{""gw-3"": {""1"": ""blocked"", ""2"": ""blocked""}, ""gw-2"": {""1"": ""blocked"", ""2"": ""blocked""}, ""gw-1"": {""1"": ""blocked"", ""2"": ""blocked""}}"
2025-04-01 03:58:13,"{""gw-3"": {""1"": ""blocked"", ""2"": ""blocked""}}"
2025-04-01 03:58:14,"{""gw-1"": {""1"": ""blocked"", ""2"": ""blocked""}}"
2025-04-01 03:58:14,"{""gw-3"": {""1"": ""blocked"", ""2"": ""blocked""}}"
2025-04-01 03:58:17,"{""gw-1"": {""1"": ""blocked"", ""2"": ""conflict""}, ""gw-3"": {""1"": ""blocked"", ""2"": ""blocked""}}"
2025-04-01 03:58:21,"{""gw-3"": {""1"": ""blocked"", ""2"": ""conflict""}, ""gw-1"": {""1"": ""blocked"", ""2"": ""blocked""}}"
2025-04-01 03:58:22,"{""gw-2"": {""1"": ""blocked"", ""2"": ""blocked""}, ""gw-3"": {""1"": ""conflict"", ""2"": ""blocked""}}"
2025-04-01 03:58:26,"{""gw-1"": {""1"": ""blocked"", ""2"": ""blocked""}, ""gw-3"": {""1"": ""blocked"", ""2"": ""blocked""}}"
2025-04-01 03:58:27,"{""gw-1"": {""1"": ""blocked"", ""2"": ""blocked""}}"
2025-04-01 03:58:31,"{""gw-3"": {""1"": ""blocked"", ""2"": ""blocked""}}"
2025-04-01 03:58:44,"{""gw-3"": {""1"": ""blocked"", ""2"": ""blocked""}, ""gw-1"": {""1"": ""blocked"", ""2"": ""blocked""}}"
2025-04-01 03:58:45,"{""gw-1"": {""1"": ""blocked"", ""2"": ""blocked""}}"
2025-04-01 03:58:46,"{""gw-3"": {""1"": ""blocked"", ""2"": ""blocked""}}"
2025-04-01 03:58:57,"{""gw-2"": {""1"": ""conflict"", ""2"": ""blocked""}}"
2025-04-01 03:58:57,"{""gw-1"": {""1"": ""blocked"", ""2"": ""blocked""}, ""gw-2"": {""1"": ""conflict"", ""2"": ""blocked""}}"
2025-04-01 03:59:02,"{""gw-1"": {""1"": ""blocked"", ""2"": ""blocked""}}"
2025-04-01 03:59:05,"{""gw-3"": {""1"": ""blocked"", ""2"": ""blocked""}}"
2025-04-01 03:59:09,"{""gw-2"": {""1"": ""conflict"", ""2"": ""blocked""}}"
2025-04-01 03:59:10,"{""gw-3"": {""1"": ""blocked"", ""2"": ""blocked""}}"
2025-04-01 03:59:13,"{""gw-1"": {""1"": ""blocked"", ""2"": ""blocked""}, ""gw-2"": {""1"": ""blocked"", ""2"": ""blocked""}}"
2025-04-01 03:59:17,"{""gw-1"": {""1"": ""blocked"", ""2"": ""blocked""}, ""gw-3"": {""1"": ""conflict"", ""2"": ""blocked""}}"
2025-04-01 03:59:18,"{""gw-1"": {""1"": ""blocked"", ""2"": ""blocked""}}"
2025-04-01 03:59:19,"{""gw-2"": {""1"": ""blocked"", ""2"": ""blocked""}, ""gw-1"": {""1"": ""blocked"", ""2"": ""blocked""}, ""gw-3"": {""1"": ""blocked"", ""2"": ""blocked""}}"
2025-04-01 03:59:22,"{""gw-3"": {""1"": ""blocked"", ""2"": ""blocked""}}"
2025-04-01 03:59:30,"{""gw-1"": {""1"": ""conflict"", ""2"": ""blocked""}}"
2025-04-01 03:59:38,"{""gw-2"": {""1"": ""blocked"", ""2"": ""blocked""}}"
2025-04-01 03:59:38,"{""gw-2"": {""1"": ""blocked"", ""2"": ""blocked""}}"
2025-04-01 03:59:39,"{""gw-3"": {""1"": ""conflict"", ""2"": ""blocked""}}"
2025-04-01 03:59:40,"{""gw-2"": {""1"": ""blocked"", ""2"": ""blocked""}}"
2025-04-01 03:59:42,"{""gw-3"": {""1"": ""blocked"", ""2"": ""blocked""}}"
2025-04-01 03:59:43,"{""gw-3"": {""1"": ""blocked"", ""2"": ""blocked""}, ""gw-2"": {""1"": ""blocked"", ""2"": ""blocked""}}"
2025-04-01 03:59:44,"{""gw-1"": {""1"": ""blocked"", ""2"": ""blocked""}}"
2025-04-01 03:59:45,"{""gw-2"": {""1"": ""blocked"", ""2"": ""conflict""}, ""gw-3"": {""1"": ""blocked"", ""2"": ""blocked""}, ""gw-1"": {""1"": ""blocked"", ""2"": ""blocked""}}"
2025-04-01 03:59:47,"{""gw-3"": {""1"": ""blocked"", ""2"": ""blocked""}, ""gw-1"": {""1"": ""blocked"", ""2"": ""blocked""}}"
2025-04-01 03:59:50,"{""gw-2"": {""1"": ""blocked"", ""2"": ""blocked""}}"
2025-04-01 03:59:55,"{""gw-3"": {""1"": ""blocked"", ""2"": ""blocked""}, ""gw-1"": {""1"": ""blocked"", ""2"": ""blocked""}}"
2025-04-01 03:59:55,"{""gw-2"": {""1"": ""conflict"", ""2"": ""blocked""}}"
2025-04-01 03:59:55,"{""gw-1"": {""1"": ""blocked"", ""2"": ""blocked""}}"
2025-04-01 03:59:59,"{""gw-2"": {""1"": ""conflict"", ""2"": ""conflict""}}"
2025-04-01 04:00:04,"{""gw-1"": {""1"": ""blocked"", ""2"": ""conflict""}, ""gw-2"": {""1"": ""blocked"", ""2"": ""blocked""}}"
2025-04-01 04:00:04,"{""gw-3"": {""1"": ""blocked"", ""2"": ""conflict""}, ""gw-1"": {""1"": ""blocked"", ""2"": ""conflict""}}"
2025-04-01 04:00:05,"{""gw-3"": {""1"": ""conflict"", ""2"": ""blocked""}, ""gw-2"": {""1"": ""blocked"", ""2"": ""blocked""}}"
2025-04-01 04:00:32,"{""gw-3"": {""1"": ""conflict"", ""2"": ""blocked""}}"
2025-04-01 04:00:34,"{""gw-3"": {""1"": ""blocked"", ""2"": ""blocked""}}"
2025-04-01 04:00:39,"{""gw-3"": {""1"": ""blocked"", ""2"": ""blocked""}}"
2025-04-01 04:00:44,"{""gw-1"": {""1"": ""blocked"", ""2"": ""blocked""}, ""gw-2"": {""1"": ""conflict"", ""2"": ""blocked""}}"
2025-04-01 04:00:50,"{""gw-2"": {""1"": ""blocked"", ""2"": ""blocked""}}"
2025-04-01 04:00:56,"{""gw-3"": {""1"": ""conflict"", ""2"": ""blocked""}}"
2025-04-01 04:00:56,"{""gw-2"": {""1"": ""blocked"", ""2"": ""conflict""}}"
2025-04-01 04:01:12,"{""gw-1"": {""1"": ""blocked"", ""2"": ""blocked""}}"
2025-04-01 04:01:13,"{""gw-1"": {""1"": ""blocked"", ""2"": ""blocked""}, ""gw-3"": {""1"": ""blocked"", ""2"": ""blocked""}}"
2025-04-01 04:01:16,"{""gw-1"": {""1"": ""blocked"", ""2"": ""blocked""}, ""gw-2"": {""1"": ""blocked"", ""2"": ""blocked""}, ""gw-3"": {""1"": ""blocked"", ""2"": ""blocked""}}"
2025-04-01 04:01:20,"{""gw-2"": {""1"": ""blocked"", ""2"": ""blocked""}, ""gw-1"": {""1"": ""conflict"", ""2"": ""conflict""}}"
2025-04-01 04:01:20,"{""gw-1"": {""1"": ""conflict"", ""2"": ""blocked""}}"
2025-04-01 04:01:23,"{""gw-3"": {""1"": ""blocked"", ""2"": ""blocked""}}"
2025-04-01 04:01:23,"{""gw-2"": {""1"": ""blocked"", ""2"": ""conflict""}}"
2025-04-01 04:01:24,"{""gw-2"": {""1"": ""conflict"", ""2"": ""blocked""}, ""gw-3"": {""1"": ""blocked"", ""2"": ""blocked""}}"
2025-04-01 04:01:25,"{""gw-2"": {""1"": ""conflict"", ""2"": ""blocked""}, ""gw-1"": {""1"": ""blocked"", ""2"": ""blocked""}, ""gw-3"": {""1"": ""blocked"", ""2"": ""blocked""}}"
2025-04-01 04:01:26,"{""gw-1"": {""1"": ""blocked"", ""2"": ""blocked""}}"
2025-04-01 04:01:30,"{""gw-3"": {""1"": ""blocked"", ""2"": ""conflict""}, ""gw-1"": {""1"": ""blocked"", ""2"": ""blocked""}}"
2025-04-01 04:01:33,"{""gw-2"": {""1"": ""blocked"", ""2"": ""blocked""}}"
2025-04-01 04:01:39,"{""gw-3"": {""1"": ""blocked"", ""2"": ""blocked""}}"
2025-04-01 04:01:52,"{""gw-3"": {""1"": ""blocked"", ""2"": ""blocked""}, ""gw-2"": {""1"": ""blocked"", ""2"": ""blocked""}}"
2025-04-01 04:01:53,"{""gw-2"": {""1"": ""blocked"", ""2"": ""blocked""}}"
2025-04-01 04:01:57,"{""gw-2"": {""1"": ""conflict"", ""2"": ""blocked""}, ""gw-1"": {""1"": ""blocked"", ""2"": ""blocked""}}"
2025-04-01 04:02:00,"{""gw-1"": {""1"": ""blocked"", ""2"": ""blocked""}, ""gw-2"": {""1"": ""blocked"", ""2"": ""blocked""}}"
2025-04-01 04:02:06,"{""gw-3"": {""1"": ""conflict"", ""2"": ""conflict""}, ""gw-1"": {""1"": ""blocked"", ""2"": ""conflict""}}"
2025-04-01 04:02:07,"{""gw-1"": {""1"": ""conflict"", ""2"": ""conflict""}}"
2025-04-01 04:02:07,"{""gw-1"": {""1"": ""conflict"", ""2"": ""blocked""}}"
2025-04-01 04:02:14,"{""gw-1"": {""1"": ""blocked"", ""2"": ""blocked""}}"
2025-04-01 04:02:14,"{""gw-3"": {""1"": ""blocked"", ""2"": ""blocked""}}"
2025-04-01 04:02:15,"{""gw-2"": {""1"": ""conflict"", ""2"": ""conflict""}}"
2025-04-01 04:02:15,"{""gw-3"": {""1"": ""blocked"", ""2"": ""blocked""}, ""gw-1"": {""1"": ""blocked"", ""2"": ""blocked""}}"
2025-04-01 04:02:16,"{""gw-1"": {""1"": ""blocked"", ""2"": ""blocked""}}"
2025-04-01 04:02:17,"{""gw-3"": {""1"": ""blocked"", ""2"": ""blocked""}}"
2025-04-01 04:02:17,"{""gw-1"": {""1"": ""blocked"", ""2"": ""blocked""}}"
2025-04-01 04:02:18,"{""gw-2"": {""1"": ""blocked"", ""2"": ""blocked""}, ""gw-3"": {""1"": ""conflict"", ""2"": ""conflict""}}"
2025-04-01 04:02:21,"{""gw-1"": {""1"": ""conflict"", ""2"": ""conflict""}, ""gw-2"": {""1"": ""blocked"", ""2"": ""blocked""}}"
2025-04-01 04:02:21,"{""gw-1"": {""1"": ""conflict"", ""2"": ""conflict""}}"
2025-04-01 04:02:25,"{""gw-1"": {""1"": ""blocked"", ""2"": ""blocked""}}"
2025-04-01 04:02:29,"{""gw-3"": {""1"": ""blocked"", ""2"": ""blocked""}, ""gw-1"": {""1"": ""blocked"", ""2"": ""blocked""}}"
2025-04-01 04:02:31,"{""gw-2"": {""1"": ""blocked"", ""2"": ""conflict""}}"
2025-04-01 04:02:34,"{""gw-2"": {""1"": ""blocked"", ""2"": ""blocked""}}"
2025-04-01 04:02:41,"{""gw-1"": {""1"": ""conflict"", ""2"": ""blocked""}, ""gw-2"": {""1"": ""blocked"", ""2"": ""blocked""}}"
2025-04-01 04:02:44,"{""gw-3"": {""1"": ""conflict"", ""2"": ""conflict""}, ""gw-1"": {""1"": ""blocked"", ""2"": ""blocked""}}"
2025-04-01 04:02:45,"{""gw-3"": {""1"": ""conflict"", ""2"": ""blocked""}, ""gw-1"": {""1"": ""blocked"", ""2"": ""blocked""}}"
2025-04-01 04:02:46,"{""gw-1"": {""1"": ""blocked"", ""2"": ""blocked""}, ""gw-2"": {""1"": ""blocked"", ""2"": ""blocked""}}"
2025-04-01 04:02:54,"{""gw-1"": {""1"": ""conflict"", ""2"": ""conflict""}}"
2025-04-01 04:02:54,"{""gw-1"": {""1"": ""blocked"", ""2"": ""conflict""}}"
2025-04-01 04:03:00,"{""gw-3"": {""1"": ""conflict"", ""2"": ""blocked""}, ""gw-1"": {""1"": ""blocked"", ""2"": ""blocked""}}"
2025-04-01 04:03:02,"{""gw-1"": {""1"": ""blocked"", ""2"": ""blocked""}}"
2025-04-01 04:03:10,"{""gw-3"": {""1"": ""blocked"", ""2"": ""blocked""}, ""gw-1"": {""1"": ""blocked"", ""2"": ""blocked""}}"
2025-04-01 04:03:10,"{""gw-3"": {""1"": ""blocked"", ""2"": ""blocked""}}"
2025-04-01 04:03:10,"{""gw-3"": {""1"": ""blocked"", ""2"": ""blocked""}}"
2025-04-01 04:03:14,"{""gw-1"": {""1"": ""blocked"", ""2"": ""blocked""}, ""gw-2"": {""1"": ""blocked"", ""2"": ""conflict""}, ""gw-3"": {""1"": ""conflict"", ""2"": ""blocked""}}"
2025-04-01 04:03:14,"{""gw-3"": {""1"": ""conflict"", ""2"": ""blocked""}, ""gw-1"": {""1"": ""blocked"", ""2"": ""blocked""}}"
2025-04-01 04:03:15,"{""gw-2"": {""1"": ""conflict"", ""2"": ""blocked""}, ""gw-1"": {""1"": ""blocked"", ""2"": ""blocked""}}"
2025-04-01 04:03:15,"{""gw-1"": {""1"": ""blocked"", ""2"": ""blocked""}}"
2025-04-01 04:03:16,"{""gw-1"": {""1"": ""blocked"", ""2"": ""blocked""}}"
2025-04-01 04:03:16,"{""gw-1"": {""1"": ""blocked"", ""2"": ""blocked""}, ""gw-3"": {""1"": ""blocked"", ""2"": ""blocked""}}"
2025-04-01 04:03:24,"{""gw-2"": {""1"": ""blocked"", ""2"": ""blocked""}}"
2025-04-01 04:03:31,"{""gw-1"": {""1"": ""blocked"", ""2"": ""blocked""}}"
2025-04-01 04:03:31,"{""gw-2"": {""1"": ""conflict"", ""2"": ""blocked""}}"
2025-04-01 04:03:32,"{""gw-3"": {""1"": ""blocked"", ""2"": ""blocked""}}"
2025-04-01 04:03:33,"{""gw-1"": {""1"": ""blocked"", ""2"": ""blocked""}}"
2025-04-01 04:03:33,"{""gw-1"": {""1"": ""blocked"", ""2"": ""blocked""}, ""gw-3"": {""1"": ""blocked"", ""2"": ""blocked""}}"
2025-04-01 04:03:35,"{""gw-1"": {""1"": ""blocked"", ""2"": ""blocked""}}"
2025-04-01 04:03:41,"{""gw-1"": {""1"": ""blocked"", ""2"": ""conflict""}}"
2025-04-01 04:03:41,"{""gw-1"": {""1"": ""blocked"", ""2"": ""conflict""}}"
2025-04-01 04:03:44,"{""gw-2"": {""1"": ""blocked"", ""2"": ""conflict""}}"
2025-04-01 04:03:48,"{""gw-2"": {""1"": ""blocked"", ""2"": ""blocked""}}"
2025-04-01 04:03:50,"{""gw-3"": {""1"": ""blocked"", ""2"": ""blocked""}}"
2025-04-01 04:03:50,"{""gw-1"": {""1"": ""blocked"", ""2"": ""blocked""}, ""gw-2"": {""1"": ""blocked"", ""2"": ""blocked""}}"
2025-04-01 04:03:50,"{""gw-1"": {""1"": ""blocked"", ""2"": ""blocked""}, ""gw-2"": {""1"": ""blocked"", ""2"": ""blocked""}, ""gw-3"": {""1"": ""blocked"", ""2"": ""blocked""}}"
2025-04-01 04:03:53,"{""gw-2"": {""1"": ""blocked"", ""2"": ""blocked""}}"
2025-04-01 04:03:56,"{""gw-1"": {""1"": ""blocked"", ""2"": ""blocked""}}"
2025-04-01 04:03:56,"{""gw-1"": {""1"": ""blocked"", ""2"": ""blocked""}}"
2025-04-01 04:04:03,"{""gw-2"": {""1"": ""blocked"", ""2"": ""blocked""}}"
2025-04-01 04:04:04,"{""gw-2"": {""1"": ""blocked"", ""2"": ""blocked""}, ""gw-1"": {""1"": ""blocked"", ""2"": ""blocked""}}"
2025-04-01 04:04:14,"{""gw-1"": {""1"": ""blocked"", ""2"": ""blocked""}}"
2025-04-01 04:04:18,"{""gw-2"": {""1"": ""conflict"", ""2"": ""blocked""}}"
2025-04-01 04:04:19,"{""gw-1"": {""1"": ""conflict"", ""2"": ""blocked""}}"
2025-04-01 04:04:23,"{""gw-3"": {""1"": ""blocked"", ""2"": ""conflict""}, ""gw-1"": {""1"": ""blocked"", ""2"": ""blocked""}}"
2025-04-01 04:04:24,"{""gw-2"": {""1"": ""blocked"", ""2"": ""blocked""}}"
2025-04-01 04:04:24,"{""gw-3"": {""1"": ""conflict"", ""2"": ""blocked""}}"
2025-04-01 04:04:26,"{""gw-1"": {""1"": ""blocked"", ""2"": ""blocked""}}"
2025-04-01 04:04:27,"{""gw-1"": {""1"": ""blocked"", ""2"": ""blocked""}}"
2025-04-01 04:04:33,"{""gw-3"": {""1"": ""blocked"", ""2"": ""blocked""}}"
2025-04-01 04:04:37,"{""gw-1"": {""1"": ""blocked"", ""2"": ""conflict""}}"
2025-04-01 04:04:38,"{""gw-1"": {""1"": ""conflict"", ""2"": ""conflict""}}"
2025-04-01 04:04:39,"{""gw-2"": {""1"": ""blocked"", ""2"": ""blocked""}}"
2025-04-01 04:04:40,"{""gw-3"": {""1"": ""blocked"", ""2"": ""blocked""}}"
2025-04-01 04:04:43,"{""gw-3"": {""1"": ""blocked"", ""2"": ""blocked""}, ""gw-1"": {""1"": ""blocked"", ""2"": ""blocked""}}"
2025-04-01 04:04:43,"{""gw-3"": {""1"": ""blocked"", ""2"": ""blocked""}}"
2025-04-01 04:04:43,"{""gw-1"": {""1"": ""blocked"", ""2"": ""blocked""}}"
2025-04-01 04:04:43,"{""gw-1"": {""1"": ""blocked"", ""2"": ""blocked""}}"
2025-04-01 04:04:44,"{""gw-3"": {""1"": ""blocked"", ""2"": ""blocked""}}"
2025-04-01 04:04:45,"{""gw-1"": {""1"": ""blocked"", ""2"": ""blocked""}}"
2025-04-01 04:04:46,"{""gw-2"": {""1"": ""conflict"", ""2"": ""blocked""}}"
2025-04-01 04:04:49,"{""gw-3"": {""1"": ""blocked"", ""2"": ""conflict""}, ""gw-2"": {""1"": ""blocked"", ""2"": ""blocked""}}"
2025-04-01 04:04:51,"{""gw-3"": {""1"": ""conflict"", ""2"": ""blocked""}}"
2025-04-01 04:04:55,"{""gw-3"": {""1"": ""blocked"", ""2"": ""blocked""}}"
2025-04-01 04:04:56,"{""gw-3"": {""1"": ""blocked"", ""2"": ""blocked""}}"
2025-04-01 04:04:56,"{""gw-3"": {""1"": ""blocked"", ""2"": ""blocked""}}"
2025-04-01 04:04:57,"{""gw-2"": {""1"": ""conflict"", ""2"": ""conflict""}}"
2025-04-01 04:04:58,"{""gw-3"": {""1"": ""blocked"", ""2"": ""blocked""}}"
2025-04-01 04:04:59,"{""gw-1"": {""1"": ""blocked"", ""2"": ""blocked""}}"
2025-04-01 04:05:00,"{""gw-3"": {""1"": ""blocked"", ""2"": ""blocked""}, ""gw-1"": {""1"": ""blocked"", ""2"": ""blocked""}}"
2025-04-01 04:05:02,"{""gw-3"": {""1"": ""conflict"", ""2"": ""blocked""}, ""gw-1"": {""1"": ""blocked"", ""2"": ""blocked""}}"
2025-04-01 04:05:02,"{""gw-2"": {""1"": ""blocked"", ""2"": ""blocked""}, ""gw-1"": {""1"": ""blocked"", ""2"": ""blocked""}, ""gw-3"": {""1"": ""conflict"", ""2"": ""blocked""}}"
2025-04-01 04:05:05,"{""gw-3"": {""1"": ""blocked"", ""2"": ""blocked""}}"
2025-04-01 04:05:08,"{""gw-3"": {""1"": ""blocked"", ""2"": ""blocked""}, ""gw-2"": {""1"": ""blocked"", ""2"": ""blocked""}}"
2025-04-01 04:05:09,"{""gw-1"": {""1"": ""blocked"", ""2"": ""conflict""}}"
2025-04-01 04:05:12,"{""gw-3"": {""1"": ""blocked"", ""2"": ""blocked""}}"
2025-04-01 04:05:17,"{""gw-2"": {""1"": ""blocked"", ""2"": ""blocked""}}"
2025-04-01 04:05:19,"{""gw-2"": {""1"": ""blocked"", ""2"": ""blocked""}}"
2025-04-01 04:05:20,"{""gw-2"": {""1"": ""blocked"", ""2"": ""blocked""}, ""gw-1"": {""1"": ""blocked"", ""2"": ""blocked""}, ""gw-3"": {""1"": ""blocked"", ""2"": ""conflict""}}"
2025-04-01 04:05:20,"{""gw-1"": {""1"": ""blocked"", ""2"": ""blocked""}, ""gw-3"": {""1"": ""conflict"", ""2"": ""conflict""}}"
2025-04-01 04:05:20,"{""gw-1"": {""1"": ""blocked"", ""2"": ""blocked""}, ""gw-3"": {""1"": ""conflict"", ""2"": ""conflict""}}"
2025-04-01 04:05:22,"{""gw-2"": {""1"": ""blocked"", ""2"": ""conflict""}}"
2025-04-01 04:05:23,"{""gw-3"": {""1"": ""blocked"", ""2"": ""blocked""}, ""gw-2"": {""1"": ""conflict"", ""2"": ""blocked""}}"
2025-04-01 04:05:23,"{""gw-2"": {""1"": ""conflict"", ""2"": ""blocked""}}"
2025-04-01 04:05:24,"{""gw-3"": {""1"": ""blocked"", ""2"": ""blocked""}}"
2025-04-01 04:05:24,"{""gw-3"": {""1"": ""blocked"", ""2"": ""blocked""}}"
2025-04-01 04:05:27,"{""gw-3"": {""1"": ""blocked"", ""2"": ""blocked""}, ""gw-2"": {""1"": ""blocked"", ""2"": ""blocked""}}"
2025-04-01 04:05:28,"{""gw-2"": {""1"": ""blocked"", ""2"": ""blocked""}}"
2025-04-01 04:05:28,"{""gw-1"": {""1"": ""blocked"", ""2"": ""blocked""}}"
2025-04-01 04:05:28,"{""gw-2"": {""1"": ""blocked"", ""2"": ""blocked""}}"
2025-04-01 04:05:29,"{""gw-3"": {""1"": ""blocked"", ""2"": ""blocked""}}"
2025-04-01 04:05:29,"{""gw-2"": {""1"": ""blocked"", ""2"": ""blocked""}}"
2025-04-01 04:05:30,"{""gw-2"": {""1"": ""blocked"", ""2"": ""blocked""}}"
2025-04-01 04:05:30,"{""gw-1"": {""1"": ""blocked"", ""2"": ""blocked""}, ""gw-3"": {""1"": ""blocked"", ""2"": ""blocked""}}"
2025-04-01 04:05:30,"{""gw-2"": {""1"": ""blocked"", ""2"": ""blocked""}, ""gw-1"": {""1"": ""blocked"", ""2"": ""blocked""}}"
2025-04-01 04:05:31,"{""gw-2"": {""1"": ""blocked"", ""2"": ""blocked""}}"
2025-04-01 04:05:35,"{""gw-2"": {""1"": ""conflict"", ""2"": ""blocked""}}"
2025-04-01 04:05:39,"{""gw-2"": {""1"": ""blocked"", ""2"": ""blocked""}, ""gw-1"": {""1"": ""blocked"", ""2"": ""blocked""}, ""gw-3"": {""1"": ""blocked"", ""2"": ""blocked""}}"
2025-04-01 04:05:40,"{""gw-3"": {""1"": ""blocked"", ""2"": ""blocked""}}"
2025-04-01 04:05:41,"{""gw-3"": {""1"": ""blocked"", ""2"": ""blocked""}, ""gw-2"": {""1"": ""blocked"", ""2"": ""blocked""}}"
2025-04-01 04:05:41,"{""gw-2"": {""1"": ""blocked"", ""2"": ""blocked""}}"
2025-04-01 04:05:41,"{""gw-1"": {""1"": ""blocked"", ""2"": ""blocked""}, ""gw-2"": {""1"": ""blocked"", ""2"": ""blocked""}, ""gw-3"": {""1"": ""blocked"", ""2"": ""blocked""}}"
2025-04-01 04:05:42,"{""gw-2"": {""1"": ""blocked"", ""2"": ""blocked""}}"
2025-04-01 04:05:44,"{""gw-1"": {""1"": ""blocked"", ""2"": ""blocked""}}"
2025-04-01 04:05:44,"{""gw-1"": {""1"": ""blocked"", ""2"": ""blocked""}}"
2025-04-01 04:05:44,"{""gw-3"": {""1"": ""blocked"", ""2"": ""blocked""}}"
2025-04-01 04:05:45,"{""gw-3"": {""1"": ""blocked"", ""2"": ""blocked""}}"
2025-04-01 04:05:52,"{""gw-1"": {""1"": ""blocked"", ""2"": ""blocked""}}"
2025-04-01 04:05:53,"{""gw-2"": {""1"": ""blocked"", ""2"": ""blocked""}}"
2025-04-01 04:05:55,"{""gw-2"": {""1"": ""blocked"", ""2"": ""blocked""}, ""gw-1"": {""1"": ""blocked"", ""2"": ""blocked""}}"
2025-04-01 04:05:59,"{""gw-3"": {""1"": ""blocked"", ""2"": ""blocked""}}"
2025-04-01 04:06:01,"{""gw-2"": {""1"": ""conflict"", ""2"": ""conflict""}, ""gw-1"": {""1"": ""conflict"", ""2"": ""conflict""}}"
2025-04-01 04:06:06,"{""gw-1"": {""1"": ""blocked"", ""2"": ""blocked""}}"
2025-04-01 04:06:10,"{""gw-1"": {""1"": ""blocked"", ""2"": ""blocked""}}"
2025-04-01 04:06:11,"{""gw-3"": {""1"": ""conflict"", ""2"": ""conflict""}}"
2025-04-01 04:06:13,"{""gw-3"": {""1"": ""conflict"", ""2"": ""blocked""}}"
2025-04-01 04:06:13,"{""gw-2"": {""1"": ""blocked"", ""2"": ""conflict""}}"
2025-04-01 04:06:13,"{""gw-2"": {""1"": ""blocked"", ""2"": ""conflict""}}"
2025-04-01 04:06:14,"{""gw-3"": {""1"": ""blocked"", ""2"": ""blocked""}}"
2025-04-01 04:06:14,"{""gw-2"": {""1"": ""conflict"", ""2"": ""blocked""}}"
2025-04-01 04:06:16,"{""gw-3"": {""1"": ""blocked"", ""2"": ""blocked""}, ""gw-2"": {""1"": ""blocked"", ""2"": ""blocked""}, ""gw-1"": {""1"": ""blocked"", ""2"": ""blocked""}}"
2025-04-01 04:06:17,"{""gw-3"": {""1"": ""blocked"", ""2"": ""blocked""}}"
2025-04-01 04:06:19,"{""gw-3"": {""1"": ""blocked"", ""2"": ""blocked""}}"
2025-04-01 04:06:20,"{""gw-3"": {""1"": ""blocked"", ""2"": ""blocked""}}"
2025-04-01 04:06:21,"{""gw-1"": {""1"": ""blocked"", ""2"": ""blocked""}}"
2025-04-01 04:06:21,"{""gw-1"": {""1"": ""blocked"", ""2"": ""blocked""}}"
2025-04-01 04:06:22,"{""gw-3"": {""1"": ""blocked"", ""2"": ""blocked""}, ""gw-1"": {""1"": ""blocked"", ""2"": ""blocked""}}"
2025-04-01 04:06:28,"{""gw-3"": {""1"": ""blocked"", ""2"": ""blocked""}}"
2025-04-01 04:06:30,"{""gw-3"": {""1"": ""blocked"", ""2"": ""blocked""}, ""gw-2"": {""1"": ""blocked"", ""2"": ""blocked""}}"
2025-04-01 04:06:36,"{""gw-2"": {""1"": ""blocked"", ""2"": ""blocked""}, ""gw-1"": {""1"": ""blocked"", ""2"": ""blocked""}}"
2025-04-01 04:06:43,"{""gw-3"": {""1"": ""conflict"", ""2"": ""conflict""}, ""gw-2"": {""1"": ""blocked"", ""2"": ""conflict""}, ""gw-1"": {""1"": ""blocked"", ""2"": ""blocked""}}"
2025-04-01 04:06:47,"{""gw-1"": {""1"": ""blocked"", ""2"": ""blocked""}}"
2025-04-01 04:06:48,"{""gw-1"": {""1"": ""blocked"", ""2"": ""blocked""}, ""gw-3"": {""1"": ""blocked"", ""2"": ""blocked""}}"
2025-04-01 04:06:57,"{""gw-1"": {""1"": ""blocked"", ""2"": ""blocked""}}"
2025-04-01 04:06:59,"{""gw-3"": {""1"": ""blocked"", ""2"": ""conflict""}}"
2025-04-01 04:06:59,"{""gw-1"": {""1"": ""blocked"", ""2"": ""blocked""}, ""gw-3"": {""1"": ""blocked"", ""2"": ""conflict""}}"
2025-04-01 04:07:02,"{""gw-3"": {""1"": ""blocked"", ""2"": ""blocked""}}"
2025-04-01 04:07:03,"{""gw-1"": {""1"": ""blocked"", ""2"": ""blocked""}}"
2025-04-01 04:07:03,"{""gw-2"": {""1"": ""blocked"", ""2"": ""blocked""}}"
2025-04-01 04:07:03,"{""gw-3"": {""1"": ""blocked"", ""2"": ""blocked""}, ""gw-2"": {""1"": ""blocked"", ""2"": ""blocked""}}"
2025-04-01 04:07:05,"{""gw-2"": {""1"": ""blocked"", ""2"": ""blocked""}}"
2025-04-01 04:07:08,"{""gw-3"": {""1"": ""conflict"", ""2"": ""blocked""}}"
2025-04-01 04:07:09,"{""gw-3"": {""1"": ""conflict"", ""2"": ""blocked""}}"
2025-04-01 04:07:11,"{""gw-2"": {""1"": ""blocked"", ""2"": ""conflict""}}"
2025-04-01 04:07:11,"{""gw-1"": {""1"": ""conflict"", ""2"": ""blocked""}}"
2025-04-01 04:07:12,"{""gw-2"": {""1"": ""blocked"", ""2"": ""conflict""}}"
2025-04-01 04:07:13,"{""gw-2"": {""1"": ""conflict"", ""2"": ""blocked""}}"
2025-04-01 04:07:15,"{""gw-1"": {""1"": ""blocked"", ""2"": ""blocked""}, ""gw-3"": {""1"": ""blocked"", ""2"": ""conflict""}}"
2025-04-01 04:07:17,"{""gw-1"": {""1"": ""blocked"", ""2"": ""blocked""}}"
2025-04-01 04:07:20,"{""gw-1"": {""1"": ""blocked"", ""2"": ""conflict""}}"
2025-04-01 04:07:20,"{""gw-3"": {""1"": ""blocked"", ""2"": ""blocked""}}"
2025-04-01 04:07:22,"{""gw-3"": {""1"": ""blocked"", ""2"": ""blocked""}, ""gw-2"": {""1"": ""blocked"", ""2"": ""blocked""}}"
2025-04-01 04:07:22,"{""gw-3"": {""1"": ""blocked"", ""2"": ""blocked""}}"
2025-04-01 04:07:23,"{""gw-3"": {""1"": ""blocked"", ""2"": ""blocked""}}"
2025-04-01 04:07:25,"{""gw-1"": {""1"": ""blocked"", ""2"": ""blocked""}, ""gw-2"": {""1"": ""conflict"", ""2"": ""conflict""}}"
2025-04-01 04:07:28,"{""gw-2"": {""1"": ""blocked"", ""2"": ""blocked""}, ""gw-3"": {""1"": ""blocked"", ""2"": ""conflict""}}"
2025-04-01 04:07:28,"{""gw-1"": {""1"": ""blocked"", ""2"": ""blocked""}}"
2025-04-01 04:07:30,"{""gw-2"": {""1"": ""blocked"", ""2"": ""blocked""}}"
2025-04-01 04:07:32,"{""gw-3"": {""1"": ""blocked"", ""2"": ""blocked""}}"
2025-04-01 04:07:34,"{""gw-2"": {""1"": ""blocked"", ""2"": ""blocked""}, ""gw-3"": {""1"": ""blocked"", ""2"": ""blocked""}, ""gw-1"": {""1"": ""conflict"", ""2"": ""blocked""}}"
2025-04-01 04:07:43,"{""gw-1"": {""1"": ""blocked"", ""2"": ""blocked""}}"
2025-04-01 04:07:46,"{""gw-3"": {""1"": ""blocked"", ""2"": ""blocked""}}"
2025-04-01 04:07:47,"{""gw-3"": {""1"": ""blocked"", ""2"": ""blocked""}, ""gw-2"": {""1"": ""blocked"", ""2"": ""blocked""}}"
2025-04-01 04:07:49,"{""gw-3"": {""1"": ""blocked"", ""2"": ""blocked""}}"
2025-04-01 04:07:50,"{""gw-1"": {""1"": ""blocked"", ""2"": ""blocked""}, ""gw-3"": {""1"": ""blocked"", ""2"": ""blocked""}}"
2025-04-01 04:07:51,"{""gw-2"": {""1"": ""blocked"", ""2"": ""blocked""}, ""gw-1"": {""1"": ""blocked"", ""2"": ""blocked""}, ""gw-3"": {""1"": ""blocked"", ""2"": ""blocked""}}"
2025-04-01 04:07:51,"{""gw-2"": {""1"": ""blocked"", ""2"": ""blocked""}}"
2025-04-01 04:08:01,"{""gw-2"": {""1"": ""blocked"", ""2"": ""blocked""}}"
2025-04-01 04:08:02,"{""gw-3"": {""1"": ""blocked"", ""2"": ""conflict""}}"
2025-04-01 04:08:03,"{""gw-2"": {""1"": ""blocked"", ""2"": ""blocked""}}"
2025-04-01 04:08:04,"{""gw-2"": {""1"": ""blocked"", ""2"": ""blocked""}, ""gw-1"": {""1"": ""blocked"", ""2"": ""blocked""}}"
2025-04-01 04:08:05,"{""gw-1"": {""1"": ""blocked"", ""2"": ""blocked""}}"
2025-04-01 04:08:06,"{""gw-2"": {""1"": ""blocked"", ""2"": ""blocked""}}"
2025-04-01 04:08:07,"{""gw-1"": {""1"": ""blocked"", ""2"": ""blocked""}}"
2025-04-01 04:08:08,"{""gw-1"": {""1"": ""blocked"", ""2"": ""blocked""}}"
2025-04-01 04:08:13,"{""gw-3"": {""1"": ""blocked"", ""2"": ""blocked""}, ""gw-1"": {""1"": ""blocked"", ""2"": ""blocked""}, ""gw-2"": {""1"": ""conflict"", ""2"": ""conflict""}}"
2025-04-01 04:08:16,"{""gw-1"": {""1"": ""blocked"", ""2"": ""blocked""}}"
2025-04-01 04:08:18,"{""gw-2"": {""1"": ""blocked"", ""2"": ""blocked""}, ""gw-1"": {""1"": ""blocked"", ""2"": ""blocked""}, ""gw-3"": {""1"": ""conflict"", ""2"": ""conflict""}}"
2025-04-01 04:08:18,"{""gw-2"": {""1"": ""blocked"", ""2"": ""blocked""}}"
2025-04-01 04:08:18,"{""gw-1"": {""1"": ""blocked"", ""2"": ""blocked""}, ""gw-2"": {""1"": ""blocked"", ""2"": ""blocked""}}"
2025-04-01 04:08:19,"{""gw-1"": {""1"": ""blocked"", ""2"": ""blocked""}, ""gw-3"": {""1"": ""conflict"", ""2"": ""blocked""}}"
2025-04-01 04:08:19,"{""gw-3"": {""1"": ""conflict"", ""2"": ""blocked""}}"
2025-04-01 04:08:23,"{""gw-2"": {""1"": ""blocked"", ""2"": ""blocked""}}"
2025-04-01 04:08:25,"{""gw-2"": {""1"": ""blocked"", ""2"": ""conflict""}}"
2025-04-01 04:08:26,"{""gw-3"": {""1"": ""blocked"", ""2"": ""blocked""}, ""gw-1"": {""1"": ""blocked"", ""2"": ""blocked""}}"
2025-04-01 04:08:26,"{""gw-3"": {""1"": ""blocked"", ""2"": ""blocked""}}"
2025-04-01 04:08:28,"{""gw-1"": {""1"": ""blocked"", ""2"": ""blocked""}}"
2025-04-01 04:08:28,"{""gw-2"": {""1"": ""blocked"", ""2"": ""blocked""}, ""gw-3"": {""1"": ""blocked"", ""2"": ""blocked""}}"
2025-04-01 04:08:30,"{""gw-2"": {""1"": ""blocked"", ""2"": ""blocked""}, ""gw-1"": {""1"": ""blocked"", ""2"": ""blocked""}}"
2025-04-01 04:08:30,"{""gw-2"": {""1"": ""blocked"", ""2"": ""blocked""}}"
2025-04-01 04:08:34,"{""gw-2"": {""1"": ""blocked"", ""2"": ""blocked""}, ""gw-1"": {""1"": ""conflict"", ""2"": ""conflict""}}"
2025-04-01 04:08:35,"{""gw-3"": {""1"": ""blocked"", ""2"": ""blocked""}, ""gw-2"": {""1"": ""blocked"", ""2"": ""blocked""}}"
2025-04-01 04:08:36,"{""gw-3"": {""1"": ""blocked"", ""2"": ""blocked""}}"
2025-04-01 04:08:36,"{""gw-3"": {""1"": ""blocked"", ""2"": ""blocked""}, ""gw-2"": {""1"": ""blocked"", ""2"": ""blocked""}}"
2025-04-01 04:08:39,"{""gw-2"": {""1"": ""blocked"", ""2"": ""conflict""}}"
2025-04-01 04:08:47,"{""gw-1"": {""1"": ""conflict"", ""2"": ""blocked""}, ""gw-3"": {""1"": ""conflict"", ""2"": ""conflict""}, ""gw-2"": {""1"": ""blocked"", ""2"": ""blocked""}}"
2025-04-01 04:08:47,"{""gw-1"": {""1"": ""conflict"", ""2"": ""blocked""}, ""gw-3"": {""1"": ""blocked"", ""2"": ""conflict""}}"
2025-04-01 04:08:50,"{""gw-1"": {""1"": ""blocked"", ""2"": ""blocked""}}"
2025-04-01 04:08:51,"{""gw-3"": {""1"": ""blocked"", ""2"": ""blocked""}}"
2025-04-01 04:08:53,"{""gw-1"": {""1"": ""blocked"", ""2"": ""blocked""}}"
2025-04-01 04:08:56,"{""gw-3"": {""1"": ""blocked"", ""2"": ""blocked""}, ""gw-2"": {""1"": ""blocked"", ""2"": ""blocked""}}"
2025-04-01 04:09:04,"{""gw-1"": {""1"": ""blocked"", ""2"": ""blocked""}}"
2025-04-01 04:09:06,"{""gw-3"": {""1"": ""blocked"", ""2"": ""blocked""}}"
2025-04-01 04:09:06,"{""gw-1"": {""1"": ""blocked"", ""2"": ""blocked""}, ""gw-3"": {""1"": ""blocked"", ""2"": ""blocked""}}"
2025-04-01 04:09:09,"{""gw-3"": {""1"": ""blocked"", ""2"": ""blocked""}, ""gw-2"": {""1"": ""blocked"", ""2"": ""blocked""}}"
2025-04-01 04:09:10,"{""gw-1"": {""1"": ""blocked"", ""2"": ""conflict""}}"
2025-04-01 04:09:11,"{""gw-1"": {""1"": ""blocked"", ""2"": ""conflict""}, ""gw-3"": {""1"": ""blocked"", ""2"": ""blocked""}}"
2025-04-01 04:09:15,"{""gw-2"": {""1"": ""blocked"", ""2"": ""blocked""}}"
2025-04-01 04:09:19,"{""gw-1"": {""1"": ""blocked"", ""2"": ""blocked""}, ""gw-3"": {""1"": ""blocked"", ""2"": ""blocked""}}"
2025-04-01 04:09:20,"{""gw-2"": {""1"": ""conflict"", ""2"": ""conflict""}}"
2025-04-01 04:09:24,"{""gw-2"": {""1"": ""blocked"", ""2"": ""blocked""}}"
2025-04-01 04:09:27,"{""gw-2"": {""1"": ""blocked"", ""2"": ""blocked""}}"
2025-04-01 04:09:28,"{""gw-2"": {""1"": ""blocked"", ""2"": ""blocked""}}"
2025-04-01 04:09:28,"{""gw-1"": {""1"": ""blocked"", ""2"": ""blocked""}}"
2025-04-01 04:09:30,"{""gw-3"": {""1"": ""blocked"", ""2"": ""blocked""}}"
2025-04-01 04:09:30,"{""gw-3"": {""1"": ""blocked"", ""2"": ""blocked""}, ""gw-2"": {""1"": ""blocked"", ""2"": ""blocked""}}"
2025-04-01 04:09:30,"{""gw-2"": {""1"": ""blocked"", ""2"": ""blocked""}, ""gw-3"": {""1"": ""blocked"", ""2"": ""blocked""}}"
2025-04-01 04:09:31,"{""gw-1"": {""1"": ""blocked"", ""2"": ""blocked""}}"
2025-04-01 04:09:35,"{""gw-2"": {""1"": ""blocked"", ""2"": ""conflict""}}"
2025-04-01 04:09:42,"{""gw-1"": {""1"": ""conflict"", ""2"": ""blocked""}}"
2025-04-01 04:09:44,"{""gw-2"": {""1"": ""blocked"", ""2"": ""blocked""}}"
2025-04-01 04:10:00,"{""gw-1"": {""1"": ""blocked"", ""2"": ""blocked""}}"
2025-04-01 04:10:07,"{""gw-1"": {""1"": ""conflict"", ""2"": ""conflict""}, ""gw-2"": {""1"": ""blocked"", ""2"": ""blocked""}, ""gw-3"": {""1"": ""blocked"", ""2"": ""blocked""}}"
2025-04-01 04:10:09,"{""gw-3"": {""1"": ""conflict"", ""2"": ""conflict""}, ""gw-1"": {""1"": ""conflict"", ""2"": ""blocked""}}"
2025-04-01 04:10:10,"{""gw-2"": {""1"": ""blocked"", ""2"": ""blocked""}}"
2025-04-01 04:10:15,"{""gw-3"": {""1"": ""blocked"", ""2"": ""blocked""}}"
2025-04-01 04:10:16,"{""gw-3"": {""1"": ""blocked"", ""2"": ""blocked""}}"
2025-04-01 04:10:17,"{""gw-1"": {""1"": ""blocked"", ""2"": ""blocked""}}"
2025-04-01 04:10:18,"{""gw-2"": {""1"": ""blocked"", ""2"": ""blocked""}, ""gw-1"": {""1"": ""blocked"", ""2"": ""blocked""}}"
2025-04-01 04:10:19,"{""gw-3"": {""1"": ""blocked"", ""2"": ""blocked""}, ""gw-2"": {""1"": ""blocked"", ""2"": ""blocked""}}"
2025-04-01 04:10:21,"{""gw-2"": {""1"": ""blocked"", ""2"": ""blocked""}}"
2025-04-01 04:10:30,"{""gw-3"": {""1"": ""conflict"", ""2"": ""blocked""}}"
2025-04-01 04:10:32,"{""gw-3"": {""1"": ""blocked"", ""2"": ""blocked""}}"
2025-04-01 04:10:33,"{""gw-2"": {""1"": ""blocked"", ""2"": ""blocked""}, ""gw-3"": {""1"": ""blocked"", ""2"": ""blocked""}}"
2025-04-01 04:10:36,"{""gw-2"": {""1"": ""blocked"", ""2"": ""blocked""}, ""gw-1"": {""1"": ""blocked"", ""2"": ""blocked""}}"
2025-04-01 04:10:39,"{""gw-1"": {""1"": ""blocked"", ""2"": ""blocked""}}"
2025-04-01 04:10:40,"{""gw-1"": {""1"": ""blocked"", ""2"": ""blocked""}, ""gw-3"": {""1"": ""blocked"", ""2"": ""blocked""}}"
2025-04-01 04:10:41,"{""gw-2"": {""1"": ""blocked"", ""2"": ""blocked""}, ""gw-1"": {""1"": ""blocked"", ""2"": ""blocked""}}"
2025-04-01 04:10:50,"{""gw-3"": {""1"": ""blocked"", ""2"": ""blocked""}, ""gw-1"": {""1"": ""blocked"", ""2"": ""blocked""}}"
2025-04-01 04:10:51,"{""gw-2"": {""1"": ""blocked"", ""2"": ""blocked""}}"
2025-04-01 04:10:51,"{""gw-2"": {""1"": ""blocked"", ""2"": ""blocked""}}"
2025-04-01 04:11:00,"{""gw-2"": {""1"": ""conflict"", ""2"": ""blocked""}}"
2025-04-01 04:11:01,"{""gw-1"": {""1"": ""blocked"", ""2"": ""blocked""}, ""gw-2"": {""1"": ""conflict"", ""2"": ""blocked""}}"
2025-04-01 04:11:08,"{""gw-3"": {""1"": ""blocked"", ""2"": ""blocked""}}"
2025-04-01 04:11:09,"{""gw-2"": {""1"": ""blocked"", ""2"": ""blocked""}}"
2025-04-01 04:11:11,"{""gw-1"": {""1"": ""conflict"", ""2"": ""blocked""}}"
2025-04-01 04:11:14,"{""gw-2"": {""1"": ""blocked"", ""2"": ""conflict""}, ""gw-1"": {""1"": ""blocked"", ""2"": ""blocked""}}"
2025-04-01 04:11:15,"{""gw-2"": {""1"": ""conflict"", ""2"": ""conflict""}}"
2025-04-01 04:11:15,"{""gw-2"": {""1"": ""conflict"", ""2"": ""conflict""}}"
2025-04-01 04:11:16,"{""gw-2"": {""1"": ""conflict"", ""2"": ""blocked""}}"
2025-04-01 04:11:18,"{""gw-1"": {""1"": ""blocked"", ""2"": ""blocked""}, ""gw-3"": {""1"": ""blocked"", ""2"": ""blocked""}}"
2025-04-01 04:11:19,"{""gw-1"": {""1"": ""blocked"", ""2"": ""blocked""}, ""gw-2"": {""1"": ""blocked"", ""2"": ""blocked""}}"
2025-04-01 04:11:20,"{""gw-2"": {""1"": ""blocked"", ""2"": ""blocked""}}"
2025-04-01 04:11:20,"{""gw-1"": {""1"": ""blocked"", ""2"": ""blocked""}}"
2025-04-01 04:11:22,"{""gw-3"": {""1"": ""blocked"", ""2"": ""blocked""}}"
2025-04-01 04:11:23,"{""gw-1"": {""1"": ""blocked"", ""2"": ""conflict""}}"
2025-04-01 04:11:23,"{""gw-3"": {""1"": ""blocked"", ""2"": ""blocked""}}"
2025-04-01 04:11:25,"{""gw-3"": {""1"": ""blocked"", ""2"": ""blocked""}, ""gw-2"": {""1"": ""blocked"", ""2"": ""blocked""}}"
2025-04-01 04:11:29,"{""gw-1"": {""1"": ""blocked"", ""2"": ""blocked""}}"
2025-04-01 04:11:34,"{""gw-3"": {""1"": ""blocked"", ""2"": ""blocked""}, ""gw-1"": {""1"": ""blocked"", ""2"": ""blocked""}}"
2025-04-01 04:11:43,"{""gw-2"": {""1"": ""blocked"", ""2"": ""blocked""}}"
2025-04-01 04:11:43,"{""gw-2"": {""1"": ""blocked"", ""2"": ""blocked""}}"
2025-04-01 04:11:44,"{""gw-2"": {""1"": ""blocked"", ""2"": ""blocked""}}"
2025-04-01 04:11:46,"{""gw-2"": {""1"": ""blocked"", ""2"": ""blocked""}}"
2025-04-01 04:11:50,"{""gw-2"": {""1"": ""blocked"", ""2"": ""blocked""}, ""gw-1"": {""1"": ""blocked"", ""2"": ""blocked""}}"
2025-04-01 04:11:51,"{""gw-1"": {""1"": ""blocked"", ""2"": ""blocked""}, ""gw-3"": {""1"": ""blocked"", ""2"": ""blocked""}}"
2025-04-01 04:11:52,"{""gw-3"": {""1"": ""blocked"", ""2"": ""blocked""}, ""gw-2"": {""1"": ""conflict"", ""2"": ""blocked""}, ""gw-1"": {""1"": ""blocked"", ""2"": ""blocked""}}"
2025-04-01 04:11:53,"{""gw-1"": {""1"": ""blocked"", ""2"": ""blocked""}, ""gw-3"": {""1"": ""blocked"", ""2"": ""conflict""}}"
2025-04-01 04:11:57,"{""gw-3"": {""1"": ""blocked"", ""2"": ""blocked""}}"
2025-04-01 04:11:58,"{""gw-3"": {""1"": ""blocked"", ""2"": ""blocked""}, ""gw-1"": {""1"": ""blocked"", ""2"": ""conflict""}}"
2025-04-01 04:11:59,"{""gw-2"": {""1"": ""blocked"", ""2"": ""blocked""}}"
2025-04-01 04:12:00,"{""gw-2"": {""1"": ""blocked"", ""2"": ""blocked""}}"
2025-04-01 04:12:00,"{""gw-2"": {""1"": ""blocked"", ""2"": ""blocked""}}"
2025-04-01 04:12:01,"{""gw-3"": {""1"": ""blocked"", ""2"": ""blocked""}}"
2025-04-01 04:12:03,"{""gw-3"": {""1"": ""blocked"", ""2"": ""blocked""}}"
2025-04-01 04:12:05,"{""gw-1"": {""1"": ""blocked"", ""2"": ""blocked""}}"
2025-04-01 04:12:10,"{""gw-3"": {""1"": ""blocked"", ""2"": ""blocked""}}"
2025-04-01 04:12:10,"{""gw-2"": {""1"": ""blocked"", ""2"": ""blocked""}}"
2025-04-01 04:12:12,"{""gw-2"": {""1"": ""blocked"", ""2"": ""blocked""}, ""gw-3"": {""1"": ""blocked"", ""2"": ""blocked""}}"
2025-04-01 04:12:13,"{""gw-3"": {""1"": ""blocked"", ""2"": ""blocked""}}"
2025-04-01 04:12:13,"{""gw-3"": {""1"": ""blocked"", ""2"": ""blocked""}}"
2025-04-01 04:12:18,"{""gw-2"": {""1"": ""conflict"", ""2"": ""blocked""}}"
2025-04-01 04:12:18,"{""gw-1"": {""1"": ""blocked"", ""2"": ""blocked""}}"
2025-04-01 04:12:22,"{""gw-1"": {""1"": ""blocked"", ""2"": ""blocked""}, ""gw-2"": {""1"": ""blocked"", ""2"": ""blocked""}}"
2025-04-01 04:12:28,"{""gw-3"": {""1"": ""blocked"", ""2"": ""blocked""}}"
2025-04-01 04:12:31,"{""gw-1"": {""1"": ""blocked"", ""2"": ""blocked""}}"
2025-04-01 04:12:35,"{""gw-1"": {""1"": ""blocked"", ""2"": ""blocked""}}"
2025-04-01 04:12:35,"{""gw-3"": {""1"": ""blocked"", ""2"": ""conflict""}}"
2025-04-01 04:12:39,"{""gw-2"": {""1"": ""blocked"", ""2"": ""blocked""}}"
2025-04-01 04:12:39,"{""gw-3"": {""1"": ""blocked"", ""2"": ""blocked""}}"
2025-04-01 04:12:48,"{""gw-1"": {""1"": ""blocked"", ""2"": ""blocked""}}"
2025-04-01 04:12:52,"{""gw-1"": {""1"": ""blocked"", ""2"": ""blocked""}, ""gw-3"": {""1"": ""conflict"", ""2"": ""conflict""}}"
2025-04-01 04:12:53,"{""gw-1"": {""1"": ""blocked"", ""2"": ""blocked""}}"
2025-04-01 04:12:53,"{""gw-1"": {""1"": ""blocked"", ""2"": ""blocked""}}"
2025-04-01 04:13:03,"{""gw-3"": {""1"": ""blocked"", ""2"": ""conflict""}, ""gw-1"": {""1"": ""conflict"", ""2"": ""blocked""}}"
2025-04-01 04:13:06,"{""gw-3"": {""1"": ""blocked"", ""2"": ""blocked""}}"
2025-04-01 04:13:10,"{""gw-3"": {""1"": ""blocked"", ""2"": ""blocked""}}"
2025-04-01 04:13:11,"{""gw-3"": {""1"": ""blocked"", ""2"": ""blocked""}}"
2025-04-01 04:13:13,"{""gw-3"": {""1"": ""blocked"", ""2"": ""blocked""}}"
2025-04-01 04:13:15,"{""gw-2"": {""1"": ""blocked"", ""2"": ""blocked""}}"
2025-04-01 04:13:27,"{""gw-2"": {""1"": ""blocked"", ""2"": ""blocked""}}"
2025-04-01 04:13:31,"{""gw-2"": {""1"": ""blocked"", ""2"": ""blocked""}}"
2025-04-01 04:13:33,"{""gw-2"": {""1"": ""blocked"", ""2"": ""blocked""}}"
2025-04-01 04:13:36,"{""gw-3"": {""1"": ""blocked"", ""2"": ""blocked""}, ""gw-2"": {""1"": ""blocked"", ""2"": ""conflict""}}"
2025-04-01 04:13:42,"{""gw-1"": {""1"": ""blocked"", ""2"": ""conflict""}}"
2025-04-01 04:13:43,"{""gw-2"": {""1"": ""blocked"", ""2"": ""blocked""}, ""gw-3"": {""1"": ""blocked"", ""2"": ""blocked""}}"
2025-04-01 04:13:44,"{""gw-3"": {""1"": ""blocked"", ""2"": ""blocked""}, ""gw-1"": {""1"": ""conflict"", ""2"": ""blocked""}}"
2025-04-01 04:13:51,"{""gw-2"": {""1"": ""blocked"", ""2"": ""conflict""}}"
2025-04-01 04:13:55,"{""gw-1"": {""1"": ""conflict"", ""2"": ""blocked""}, ""gw-3"": {""1"": ""blocked"", ""2"": ""blocked""}}"
2025-04-01 04:13:57,"{""gw-2"": {""1"": ""blocked"", ""2"": ""blocked""}}"
2025-04-01 04:13:58,"{""gw-3"": {""1"": ""blocked"", ""2"": ""blocked""}}"
2025-04-01 04:14:01,"{""gw-1"": {""1"": ""blocked"", ""2"": ""blocked""}, ""gw-2"": {""1"": ""blocked"", ""2"": ""blocked""}}"
2025-04-01 04:14:13,"{""gw-1"": {""1"": ""conflict"", ""2"": ""conflict""}}"
2025-04-01 04:14:13,"{""gw-1"": {""1"": ""conflict"", ""2"": ""blocked""}}"
2025-04-01 04:14:14,"{""gw-3"": {""1"": ""blocked"", ""2"": ""blocked""}}"
2025-04-01 04:14:15,"{""gw-3"": {""1"": ""blocked"", ""2"": ""blocked""}, ""gw-1"": {""1"": ""blocked"", ""2"": ""blocked""}}"
2025-04-01 04:14:15,"{""gw-2"": {""1"": ""blocked"", ""2"": ""blocked""}, ""gw-3"": {""1"": ""blocked"", ""2"": ""blocked""}, ""gw-1"": {""1"": ""blocked"", ""2"": ""blocked""}}"
2025-04-01 04:14:18,"{""gw-3"": {""1"": ""blocked"", ""2"": ""blocked""}, ""gw-2"": {""1"": ""blocked"", ""2"": ""blocked""}}"
2025-04-01 04:14:18,"{""gw-2"": {""1"": ""blocked"", ""2"": ""blocked""}, ""gw-1"": {""1"": ""blocked"", ""2"": ""blocked""}}"
2025-04-01 04:14:19,"{""gw-3"": {""1"": ""blocked"", ""2"": ""blocked""}, ""gw-2"": {""1"": ""blocked"", ""2"": ""blocked""}, ""gw-1"": {""1"": ""blocked"", ""2"": ""blocked""}}"
2025-04-01 04:14:19,"{""gw-2"": {""1"": ""blocked"", ""2"": ""blocked""}, ""gw-3"": {""1"": ""blocked"", ""2"": ""blocked""}}"
2025-04-01 04:14:29,"{""gw-3"": {""1"": ""blocked"", ""2"": ""conflict""}}"
2025-04-01 04:14:30,"{""gw-3"": {""1"": ""conflict"", ""2"": ""blocked""}, ""gw-2"": {""1"": ""conflict"", ""2"": ""blocked""}}"
2025-04-01 04:14:35,"{""gw-3"": {""1"": ""blocked"", ""2"": ""blocked""}}"
2025-04-01 04:14:36,"{""gw-1"": {""1"": ""blocked"", ""2"": ""blocked""}}"
2025-04-01 04:14:36,"{""gw-1"": {""1"": ""blocked"", ""2"": ""blocked""}}"
2025-04-01 04:14:47,"{""gw-1"": {""1"": ""blocked"", ""2"": ""blocked""}, ""gw-3"": {""1"": ""blocked"", ""2"": ""blocked""}}"
2025-04-01 04:14:50,"{""gw-1"": {""1"": ""blocked"", ""2"": ""blocked""}, ""gw-3"": {""1"": ""blocked"", ""2"": ""blocked""}}"
2025-04-01 04:14:51,"{""gw-3"": {""1"": ""blocked"", ""2"": ""blocked""}}"
2025-04-01 04:14:53,"{""gw-1"": {""1"": ""blocked"", ""2"": ""blocked""}}"
2025-04-01 04:14:57,"{""gw-3"": {""1"": ""conflict"", ""2"": ""blocked""}}"
2025-04-01 04:14:59,"{""gw-2"": {""1"": ""blocked"", ""2"": ""blocked""}}"
2025-04-01 04:15:00,"{""gw-2"": {""1"": ""blocked"", ""2"": ""blocked""}}"
2025-04-01 04:15:01,"{""gw-1"": {""1"": ""blocked"", ""2"": ""blocked""}}"
2025-04-01 04:15:01,"{""gw-1"": {""1"": ""blocked"", ""2"": ""blocked""}, ""gw-2"": {""1"": ""blocked"", ""2"": ""blocked""}}"
2025-04-01 04:15:02,"{""gw-1"": {""1"": ""blocked"", ""2"": ""blocked""}}"
2025-04-01 04:15:02,"{""gw-3"": {""1"": ""blocked"", ""2"": ""blocked""}, ""gw-1"": {""1"": ""blocked"", ""2"": ""blocked""}}"
2025-04-01 04:15:03,"{""gw-2"": {""1"": ""blocked"", ""2"": ""blocked""}}"
2025-04-01 04:15:09,"{""gw-2"": {""1"": ""conflict"", ""2"": ""conflict""}}"
2025-04-01 04:15:13,"{""gw-2"": {""1"": ""blocked"", ""2"": ""blocked""}}"
2025-04-01 04:15:15,"{""gw-2"": {""1"": ""blocked"", ""2"": ""blocked""}}"
2025-04-01 04:15:16,"{""gw-3"": {""1"": ""blocked"", ""2"": ""blocked""}, ""gw-2"": {""1"": ""blocked"", ""2"": ""blocked""}}"
2025-04-01 04:15:16,"{""gw-1"": {""1"": ""blocked"", ""2"": ""blocked""}, ""gw-2"": {""1"": ""blocked"", ""2"": ""blocked""}}"
2025-04-01 04:15:18,"{""gw-1"": {""1"": ""blocked"", ""2"": ""blocked""}}"
2025-04-01 04:15:18,"{""gw-2"": {""1"": ""blocked"", ""2"": ""blocked""}, ""gw-3"": {""1"": ""blocked"", ""2"": ""blocked""}}"
2025-04-01 04:15:21,"{""gw-2"": {""1"": ""blocked"", ""2"": ""conflict""}, ""gw-3"": {""1"": ""blocked"", ""2"": ""blocked""}}"
2025-04-01 04:15:22,"{""gw-2"": {""1"": ""conflict"", ""2"": ""blocked""}, ""gw-3"": {""1"": ""blocked"", ""2"": ""blocked""}, ""gw-1"": {""1"": ""blocked"", ""2"": ""blocked""}}"
2025-04-01 04:15:31,"{""gw-2"": {""1"": ""blocked"", ""2"": ""blocked""}}"
2025-04-01 04:15:33,"{""gw-1"": {""1"": ""blocked"", ""2"": ""blocked""}}"
2025-04-01 04:15:35,"{""gw-1"": {""1"": ""blocked"", ""2"": ""blocked""}}"
2025-04-01 04:15:42,"{""gw-3"": {""1"": ""blocked"", ""2"": ""blocked""}}"
2025-04-01 04:15:48,"{""gw-1"": {""1"": ""blocked"", ""2"": ""blocked""}, ""gw-3"": {""1"": ""blocked"", ""2"": ""blocked""}}"
2025-04-01 04:15:49,"{""gw-3"": {""1"": ""blocked"", ""2"": ""blocked""}, ""gw-1"": {""1"": ""blocked"", ""2"": ""blocked""}}"
2025-04-01 04:15:53,"{""gw-3"": {""1"": ""blocked"", ""2"": ""blocked""}}"
2025-04-01 04:15:55,"{""gw-1"": {""1"": ""blocked"", ""2"": ""blocked""}}"
2025-04-01 04:15:56,"{""gw-1"": {""1"": ""blocked"", ""2"": ""blocked""}}"
2025-04-01 04:15:58,"{""gw-1"": {""1"": ""blocked"", ""2"": ""blocked""}}"
2025-04-01 04:16:06,"{""gw-3"": {""1"": ""blocked"", ""2"": ""blocked""}}"
2025-04-01 04:16:06,"{""gw-1"": {""1"": ""conflict"", ""2"": ""blocked""}}"
2025-04-01 04:16:08,"{""gw-2"": {""1"": ""blocked"", ""2"": ""blocked""}, ""gw-1"": {""1"": ""blocked"", ""2"": ""blocked""}, ""gw-3"": {""1"": ""blocked"", ""2"": ""blocked""}}"
2025-04-01 04:16:12,"{""gw-2"": {""1"": ""blocked"", ""2"": ""blocked""}, ""gw-1"": {""1"": ""blocked"", ""2"": ""blocked""}}"
2025-04-01 04:16:13,"{""gw-3"": {""1"": ""conflict"", ""2"": ""blocked""}, ""gw-1"": {""1"": ""blocked"", ""2"": ""blocked""}}"
2025-04-01 04:16:13,"{""gw-1"": {""1"": ""blocked"", ""2"": ""blocked""}, ""gw-3"": {""1"": ""conflict"", ""2"": ""blocked""}}"
2025-04-01 04:16:13,"{""gw-1"": {""1"": ""blocked"", ""2"": ""blocked""}, ""gw-3"": {""1"": ""conflict"", ""2"": ""blocked""}}"
2025-04-01 04:16:15,"{""gw-1"": {""1"": ""blocked"", ""2"": ""blocked""}}"
2025-04-01 04:16:27,"{""gw-1"": {""1"": ""conflict"", ""2"": ""blocked""}}"
2025-04-01 04:16:27,"{""gw-2"": {""1"": ""blocked"", ""2"": ""blocked""}}"
2025-04-01 04:16:28,"{""gw-2"": {""1"": ""blocked"", ""2"": ""blocked""}}"
2025-04-01 04:16:28,"{""gw-2"": {""1"": ""blocked"", ""2"": ""blocked""}}"
2025-04-01 04:16:31,"{""gw-2"": {""1"": ""conflict"", ""2"": ""conflict""}, ""gw-1"": {""1"": ""blocked"", ""2"": ""blocked""}}"
2025-04-01 04:16:36,"{""gw-2"": {""1"": ""blocked"", ""2"": ""blocked""}, ""gw-3"": {""1"": ""conflict"", ""2"": ""conflict""}}"
2025-04-01 04:16:38,"{""gw-2"": {""1"": ""blocked"", ""2"": ""blocked""}, ""gw-3"": {""1"": ""conflict"", ""2"": ""blocked""}}"
2025-04-01 04:16:39,"{""gw-2"": {""1"": ""blocked"", ""2"": ""blocked""}}"
2025-04-01 04:16:40,"{""gw-1"": {""1"": ""conflict"", ""2"": ""conflict""}, ""gw-2"": {""1"": ""blocked"", ""2"": ""blocked""}}"
2025-04-01 04:16:41,"{""gw-3"": {""1"": ""blocked"", ""2"": ""blocked""}, ""gw-1"": {""1"": ""conflict"", ""2"": ""blocked""}}"
2025-04-01 04:16:42,"{""gw-3"": {""1"": ""blocked"", ""2"": ""blocked""}}"
2025-04-01 04:16:49,"{""gw-1"": {""1"": ""blocked"", ""2"": ""blocked""}}"
2025-04-01 04:16:53,"{""gw-2"": {""1"": ""conflict"", ""2"": ""blocked""}}"
2025-04-01 04:16:55,"{""gw-2"": {""1"": ""blocked"", ""2"": ""blocked""}, ""gw-3"": {""1"": ""conflict"", ""2"": ""conflict""}}"
2025-04-01 04:16:57,"{""gw-2"": {""1"": ""blocked"", ""2"": ""blocked""}}"
2025-04-01 04:17:00,"{""gw-3"": {""1"": ""blocked"", ""2"": ""blocked""}}"
2025-04-01 04:17:01,"{""gw-1"": {""1"": ""blocked"", ""2"": ""blocked""}, ""gw-3"": {""1"": ""blocked"", ""2"": ""blocked""}}"
2025-04-01 04:17:04,"{""gw-1"": {""1"": ""blocked"", ""2"": ""blocked""}, ""gw-2"": {""1"": ""conflict"", ""2"": ""blocked""}}"
2025-04-01 04:17:05,"{""gw-3"": {""1"": ""blocked"", ""2"": ""blocked""}}"
2025-04-01 04:17:05,"{""gw-3"": {""1"": ""blocked"", ""2"": ""blocked""}, ""gw-1"": {""1"": ""blocked"", ""2"": ""blocked""}}"
2025-04-01 04:17:05,"{""gw-1"": {""1"": ""blocked"", ""2"": ""blocked""}}"
2025-04-01 04:17:09,"{""gw-2"": {""1"": ""blocked"", ""2"": ""blocked""}, ""gw-1"": {""1"": ""blocked"", ""2"": ""blocked""}}"
2025-04-01 04:17:11,"{""gw-2"": {""1"": ""blocked"", ""2"": ""blocked""}, ""gw-1"": {""1"": ""blocked"", ""2"": ""conflict""}}"
2025-04-01 04:17:11,"{""gw-2"": {""1"": ""blocked"", ""2"": ""blocked""}, ""gw-1"": {""1"": ""conflict"", ""2"": ""conflict""}}"
2025-04-01 04:17:12,"{""gw-2"": {""1"": ""blocked"", ""2"": ""blocked""}}"
2025-04-01 04:17:12,"{""gw-2"": {""1"": ""blocked"", ""2"": ""blocked""}}"
2025-04-01 04:17:18,"{""gw-3"": {""1"": ""blocked"", ""2"": ""blocked""}}"
2025-04-01 04:17:20,"{""gw-3"": {""1"": ""blocked"", ""2"": ""blocked""}}"
2025-04-01 04:17:21,"{""gw-1"": {""1"": ""blocked"", ""2"": ""blocked""}}"
2025-04-01 04:17:31,"{""gw-1"": {""1"": ""blocked"", ""2"": ""blocked""}, ""gw-2"": {""1"": ""conflict"", ""2"": ""blocked""}}"
2025-04-01 04:17:34,"{""gw-2"": {""1"": ""blocked"", ""2"": ""blocked""}}"
2025-04-01 04:17:36,"{""gw-2"": {""1"": ""blocked"", ""2"": ""blocked""}}"
2025-04-01 04:17:40,"{""gw-2"": {""1"": ""blocked"", ""2"": ""blocked""}}"
2025-04-01 04:18:07,"{""gw-2"": {""1"": ""conflict"", ""2"": ""blocked""}, ""gw-3"": {""1"": ""blocked"", ""2"": ""blocked""}}"
2025-04-01 04:18:08,"{""gw-3"": {""1"": ""blocked"", ""2"": ""blocked""}}"
2025-04-01 04:18:08,"{""gw-3"": {""1"": ""blocked"", ""2"": ""blocked""}}"
2025-04-01 04:18:08,"{""gw-3"": {""1"": ""blocked"", ""2"": ""blocked""}}"
2025-04-01 04:18:09,"{""gw-1"": {""1"": ""blocked"", ""2"": ""blocked""}}"
2025-04-01 04:18:09,"{""gw-1"": {""1"": ""blocked"", ""2"": ""blocked""}}"
2025-04-01 04:18:10,"{""gw-1"": {""1"": ""blocked"", ""2"": ""blocked""}, ""gw-2"": {""1"": ""blocked"", ""2"": ""blocked""}}"
2025-04-01 04:18:11,"{""gw-2"": {""1"": ""blocked"", ""2"": ""blocked""}}"
2025-04-01 04:18:14,"{""gw-2"": {""1"": ""blocked"", ""2"": ""blocked""}, ""gw-1"": {""1"": ""blocked"", ""2"": ""blocked""}}"
2025-04-01 04:18:15,"{""gw-3"": {""1"": ""conflict"", ""2"": ""conflict""}}"
2025-04-01 04:18:15,"{""gw-2"": {""1"": ""blocked"", ""2"": ""blocked""}, ""gw-3"": {""1"": ""conflict"", ""2"": ""conflict""}}"
2025-04-01 04:18:21,"{""gw-3"": {""1"": ""blocked"", ""2"": ""blocked""}, ""gw-1"": {""1"": ""conflict"", ""2"": ""conflict""}}"
2025-04-01 04:18:22,"{""gw-2"": {""1"": ""blocked"", ""2"": ""blocked""}, ""gw-3"": {""1"": ""blocked"", ""2"": ""blocked""}}"
2025-04-01 04:18:25,"{""gw-2"": {""1"": ""blocked"", ""2"": ""blocked""}}"
2025-04-01 04:18:36,"{""gw-2"": {""1"": ""blocked"", ""2"": ""blocked""}}"
2025-04-01 04:18:36,"{""gw-3"": {""1"": ""blocked"", ""2"": ""blocked""}}"
2025-04-01 04:18:38,"{""gw-3"": {""1"": ""blocked"", ""2"": ""blocked""}}"
2025-04-01 04:18:38,"{""gw-3"": {""1"": ""blocked"", ""2"": ""blocked""}, ""gw-1"": {""1"": ""blocked"", ""2"": ""conflict""}}"
2025-04-01 04:18:44,"{""gw-3"": {""1"": ""conflict"", ""2"": ""conflict""}}"
2025-04-01 04:18:45,"{""gw-1"": {""1"": ""blocked"", ""2"": ""blocked""}}"
2025-04-01 04:18:45,"{""gw-1"": {""1"": ""blocked"", ""2"": ""blocked""}}"
2025-04-01 04:18:49,"{""gw-1"": {""1"": ""blocked"", ""2"": ""blocked""}}"
2025-04-01 04:18:50,"{""gw-1"": {""1"": ""blocked"", ""2"": ""conflict""}, ""gw-3"": {""1"": ""blocked"", ""2"": ""blocked""}, ""gw-2"": {""1"": ""blocked"", ""2"": ""blocked""}}"
2025-04-01 04:18:52,"{""gw-1"": {""1"": ""conflict"", ""2"": ""blocked""}}"
2025-04-01 04:18:52,"{""gw-2"": {""1"": ""blocked"", ""2"": ""blocked""}}"
2025-04-01 04:18:54,"{""gw-3"": {""1"": ""blocked"", ""2"": ""blocked""}}"
2025-04-01 04:18:59,"{""gw-2"": {""1"": ""blocked"", ""2"": ""conflict""}, ""gw-1"": {""1"": ""blocked"", ""2"": ""blocked""}}"
2025-04-01 04:19:00,"{""gw-2"": {""1"": ""conflict"", ""2"": ""blocked""}}"
2025-04-01 04:19:01,"{""gw-1"": {""1"": ""blocked"", ""2"": ""blocked""}}"
2025-04-01 04:19:02,"{""gw-2"": {""1"": ""blocked"", ""2"": ""blocked""}}"
2025-04-01 04:19:03,"{""gw-1"": {""1"": ""conflict"", ""2"": ""blocked""}}"
2025-04-01 04:19:04,"{""gw-3"": {""1"": ""blocked"", ""2"": ""blocked""}}"
2025-04-01 04:19:05,"{""gw-1"": {""1"": ""blocked"", ""2"": ""blocked""}}"
2025-04-01 04:19:06,"{""gw-3"": {""1"": ""blocked"", ""2"": ""blocked""}}"
2025-04-01 04:19:06,"{""gw-1"": {""1"": ""blocked"", ""2"": ""blocked""}}"
2025-04-01 04:19:08,"{""gw-2"": {""1"": ""blocked"", ""2"": ""blocked""}, ""gw-3"": {""1"": ""conflict"", ""2"": ""blocked""}, ""gw-1"": {""1"": ""blocked"", ""2"": ""blocked""}}"
2025-04-01 04:19:14,"{""gw-1"": {""1"": ""blocked"", ""2"": ""conflict""}}"
2025-04-01 04:19:15,"{""gw-2"": {""1"": ""blocked"", ""2"": ""blocked""}}"
2025-04-01 04:19:15,"{""gw-1"": {""1"": ""conflict"", ""2"": ""blocked""}}"
2025-04-01 04:19:18,"{""gw-3"": {""1"": ""blocked"", ""2"": ""blocked""}, ""gw-1"": {""1"": ""blocked"", ""2"": ""blocked""}}"
2025-04-01 04:19:19,"{""gw-2"": {""1"": ""blocked"", ""2"": ""blocked""}, ""gw-1"": {""1"": ""blocked"", ""2"": ""blocked""}}"
2025-04-01 04:19:19,"{""gw-1"": {""1"": ""blocked"", ""2"": ""blocked""}, ""gw-3"": {""1"": ""blocked"", ""2"": ""blocked""}}"
2025-04-01 04:19:22,"{""gw-2"": {""1"": ""blocked"", ""2"": ""blocked""}, ""gw-3"": {""1"": ""blocked"", ""2"": ""blocked""}}"
2025-04-01 04:19:27,"{""gw-2"": {""1"": ""blocked"", ""2"": ""blocked""}}"
2025-04-01 04:19:30,"{""gw-1"": {""1"": ""blocked"", ""2"": ""conflict""}, ""gw-2"": {""1"": ""blocked"", ""2"": ""blocked""}}"
2025-04-01 04:19:33,"{""gw-3"": {""1"": ""blocked"", ""2"": ""blocked""}, ""gw-2"": {""1"": ""blocked"", ""2"": ""blocked""}}"
2025-04-01 04:19:33,"{""gw-1"": {""1"": ""blocked"", ""2"": ""blocked""}}"
2025-04-01 04:19:33,"{""gw-2"": {""1"": ""blocked"", ""2"": ""blocked""}}"
2025-04-01 04:19:34,"{""gw-2"": {""1"": ""blocked"", ""2"": ""blocked""}, ""gw-1"": {""1"": ""blocked"", ""2"": ""blocked""}}"
2025-04-01 04:19:35,"{""gw-1"": {""1"": ""blocked"", ""2"": ""blocked""}}"
2025-04-01 04:19:36,"{""gw-3"": {""1"": ""blocked"", ""2"": ""blocked""}, ""gw-1"": {""1"": ""blocked"", ""2"": ""blocked""}}"
2025-04-01 04:19:40,"{""gw-1"": {""1"": ""blocked"", ""2"": ""blocked""}}"
2025-04-01 04:19:42,"{""gw-2"": {""1"": ""blocked"", ""2"": ""blocked""}}"
2025-04-01 04:19:43,"{""gw-3"": {""1"": ""conflict"", ""2"": ""conflict""}, ""gw-2"": {""1"": ""blocked"", ""2"": ""blocked""}}"
2025-04-01 04:19:45,"{""gw-2"": {""1"": ""blocked"", ""2"": ""blocked""}}"
2025-04-01 04:19:46,"{""gw-2"": {""1"": ""blocked"", ""2"": ""blocked""}}"
2025-04-01 04:19:47,"{""gw-1"": {""1"": ""conflict"", ""2"": ""conflict""}, ""gw-2"": {""1"": ""blocked"", ""2"": ""blocked""}}"
2025-04-01 04:19:47,"{""gw-2"": {""1"": ""blocked"", ""2"": ""blocked""}, ""gw-1"": {""1"": ""blocked"", ""2"": ""conflict""}}"
2025-04-01 04:19:47,"{""gw-3"": {""1"": ""blocked"", ""2"": ""blocked""}, ""gw-2"": {""1"": ""blocked"", ""2"": ""blocked""}}"
2025-04-01 04:19:48,"{""gw-1"": {""1"": ""conflict"", ""2"": ""blocked""}, ""gw-2"": {""1"": ""blocked"", ""2"": ""blocked""}, ""gw-3"": {""1"": ""blocked"", ""2"": ""blocked""}}"
2025-04-01 04:19:51,"{""gw-1"": {""1"": ""blocked"", ""2"": ""blocked""}}"
2025-04-01 04:19:52,"{""gw-1"": {""1"": ""blocked"", ""2"": ""blocked""}, ""gw-3"": {""1"": ""blocked"", ""2"": ""blocked""}}"
2025-04-01 04:19:53,"{""gw-2"": {""1"": ""blocked"", ""2"": ""blocked""}, ""gw-1"": {""1"": ""blocked"", ""2"": ""blocked""}, ""gw-3"": {""1"": ""blocked"", ""2"": ""blocked""}}"
2025-04-01 04:19:54,"{""gw-1"": {""1"": ""blocked"", ""2"": ""blocked""}}"
2025-04-01 04:19:55,"{""gw-2"": {""1"": ""blocked"", ""2"": ""blocked""}}"
2025-04-01 04:20:03,"{""gw-1"": {""1"": ""blocked"", ""2"": ""blocked""}}"
2025-04-01 04:20:04,"{""gw-3"": {""1"": ""blocked"", ""2"": ""blocked""}, ""gw-1"": {""1"": ""blocked"", ""2"": ""blocked""}}"
2025-04-01 04:20:05,"{""gw-3"": {""1"": ""blocked"", ""2"": ""blocked""}}"
2025-04-01 04:20:08,"{""gw-2"": {""1"": ""blocked"", ""2"": ""blocked""}, ""gw-1"": {""1"": ""blocked"", ""2"": ""blocked""}}"
2025-04-01 04:20:08,"{""gw-2"": {""1"": ""blocked"", ""2"": ""blocked""}}"
2025-04-01 04:20:12,"{""gw-3"": {""1"": ""conflict"", ""2"": ""blocked""}}"
2025-04-01 04:20:12,"{""gw-2"": {""1"": ""blocked"", ""2"": ""blocked""}, ""gw-3"": {""1"": ""conflict"", ""2"": ""blocked""}}"
2025-04-01 04:20:16,"{""gw-3"": {""1"": ""blocked"", ""2"": ""blocked""}}"
2025-04-01 04:20:32,"{""gw-1"": {""1"": ""blocked"", ""2"": ""blocked""}}"
2025-04-01 04:20:33,"{""gw-1"": {""1"": ""blocked"", ""2"": ""blocked""}, ""gw-3"": {""1"": ""blocked"", ""2"": ""blocked""}}"
2025-04-01 04:20:34,"{""gw-1"": {""1"": ""blocked"", ""2"": ""blocked""}}"
2025-04-01 04:20:36,"{""gw-1"": {""1"": ""blocked"", ""2"": ""blocked""}}"
2025-04-01 04:20:37,"{""gw-1"": {""1"": ""blocked"", ""2"": ""blocked""}, ""gw-2"": {""1"": ""blocked"", ""2"": ""conflict""}}"
2025-04-01 04:20:37,"{""gw-1"": {""1"": ""blocked"", ""2"": ""blocked""}, ""gw-2"": {""1"": ""blocked"", ""2"": ""conflict""}}"
2025-04-01 04:20:41,"{""gw-3"": {""1"": ""conflict"", ""2"": ""blocked""}, ""gw-2"": {""1"": ""blocked"", ""2"": ""blocked""}}"
2025-04-01 04:20:44,"{""gw-2"": {""1"": ""blocked"", ""2"": ""blocked""}}"
2025-04-01 04:20:47,"{""gw-1"": {""1"": ""blocked"", ""2"": ""blocked""}, ""gw-3"": {""1"": ""blocked"", ""2"": ""blocked""}}"
2025-04-01 04:20:48,"{""gw-3"": {""1"": ""blocked"", ""2"": ""blocked""}}"
2025-04-01 04:20:48,"{""gw-1"": {""1"": ""blocked"", ""2"": ""blocked""}}"
2025-04-01 04:20:48,"{""gw-1"": {""1"": ""blocked"", ""2"": ""blocked""}}"
2025-04-01 04:20:49,"{""gw-1"": {""1"": ""blocked"", ""2"": ""blocked""}}"
2025-04-01 04:20:52,"{""gw-3"": {""1"": ""blocked"", ""2"": ""conflict""}, ""gw-1"": {""1"": ""blocked"", ""2"": ""blocked""}}"
2025-04-01 04:20:52,"{""gw-3"": {""1"": ""blocked"", ""2"": ""conflict""}}"
2025-04-01 04:20:55,"{""gw-3"": {""1"": ""blocked"", ""2"": ""blocked""}}"
2025-04-01 04:20:56,"{""gw-3"": {""1"": ""blocked"", ""2"": ""blocked""}}"
2025-04-01 04:20:57,"{""gw-3"": {""1"": ""blocked"", ""2"": ""blocked""}}"
2025-04-01 04:20:59,"{""gw-3"": {""1"": ""blocked"", ""2"": ""blocked""}, ""gw-1"": {""1"": ""blocked"", ""2"": ""conflict""}}"
2025-04-01 04:21:00,"{""gw-1"": {""1"": ""conflict"", ""2"": ""blocked""}, ""gw-3"": {""1"": ""blocked"", ""2"": ""blocked""}}"
2025-04-01 04:21:03,"{""gw-1"": {""1"": ""blocked"", ""2"": ""blocked""}, ""gw-2"": {""1"": ""blocked"", ""2"": ""conflict""}}"
2025-04-01 04:21:06,"{""gw-1"": {""1"": ""blocked"", ""2"": ""blocked""}}"
2025-04-01 04:21:06,"{""gw-2"": {""1"": ""blocked"", ""2"": ""blocked""}, ""gw-1"": {""1"": ""blocked"", ""2"": ""blocked""}}"
2025-04-01 04:21:12,"{""gw-1"": {""1"": ""blocked"", ""2"": ""conflict""}, ""gw-2"": {""1"": ""blocked"", ""2"": ""blocked""}, ""gw-3"": {""1"": ""blocked"", ""2"": ""blocked""}}"
2025-04-01 04:21:12,"{""gw-3"": {""1"": ""blocked"", ""2"": ""blocked""}, ""gw-1"": {""1"": ""blocked"", ""2"": ""conflict""}}"
2025-04-01 04:21:17,"{""gw-1"": {""1"": ""blocked"", ""2"": ""blocked""}}"
2025-04-01 04:21:18,"{""gw-3"": {""1"": ""blocked"", ""2"": ""blocked""}, ""gw-1"": {""1"": ""blocked"", ""2"": ""blocked""}}"
2025-04-01 04:21:18,"{""gw-2"": {""1"": ""conflict"", ""2"": ""conflict""}, ""gw-1"": {""1"": ""blocked"", ""2"": ""blocked""}}"
2025-04-01 04:21:21,"{""gw-1"": {""1"": ""blocked"", ""2"": ""blocked""}}"
2025-04-01 04:21:21,"{""gw-2"": {""1"": ""blocked"", ""2"": ""blocked""}, ""gw-3"": {""1"": ""blocked"", ""2"": ""conflict""}}"
2025-04-01 04:21:26,"{""gw-2"": {""1"": ""blocked"", ""2"": ""blocked""}}"
2025-04-01 04:21:28,"{""gw-3"": {""1"": ""blocked"", ""2"": ""blocked""}}"
2025-04-01 04:21:30,"{""gw-3"": {""1"": ""blocked"", ""2"": ""blocked""}}"
2025-04-01 04:21:32,"{""gw-3"": {""1"": ""blocked"", ""2"": ""blocked""}, ""gw-2"": {""1"": ""blocked"", ""2"": ""conflict""}}"
2025-04-01 04:21:34,"{""gw-1"": {""1"": ""blocked"", ""2"": ""blocked""}}"
2025-04-01 04:21:35,"{""gw-1"": {""1"": ""blocked"", ""2"": ""blocked""}}"
2025-04-01 04:21:39,"{""gw-3"": {""1"": ""conflict"", ""2"": ""conflict""}}"
2025-04-01 04:21:49,"{""gw-1"": {""1"": ""conflict"", ""2"": ""conflict""}}"
2025-04-01 04:21:53,"{""gw-1"": {""1"": ""blocked"", ""2"": ""blocked""}}"
2025-04-01 04:22:04,"{""gw-1"": {""1"": ""conflict"", ""2"": ""blocked""}}"
2025-04-01 04:22:08,"{""gw-1"": {""1"": ""blocked"", ""2"": ""blocked""}, ""gw-3"": {""1"": ""blocked"", ""2"": ""blocked""}}"
2025-04-01 04:22:10,"{""gw-1"": {""1"": ""blocked"", ""2"": ""blocked""}}"
2025-04-01 04:22:10,"{""gw-2"": {""1"": ""blocked"", ""2"": ""blocked""}}"
2025-04-01 04:22:10,"{""gw-2"": {""1"": ""blocked"", ""2"": ""blocked""}}"
2025-04-01 04:22:11,"{""gw-1"": {""1"": ""blocked"", ""2"": ""blocked""}}"
2025-04-01 04:22:12,"{""gw-1"": {""1"": ""blocked"", ""2"": ""blocked""}}"
2025-04-01 04:22:13,"{""gw-1"": {""1"": ""blocked"", ""2"": ""blocked""}, ""gw-2"": {""1"": ""blocked"", ""2"": ""blocked""}}"
2025-04-01 04:22:14,"{""gw-2"": {""1"": ""blocked"", ""2"": ""blocked""}}"
2025-04-01 04:22:15,"{""gw-3"": {""1"": ""blocked"", ""2"": ""blocked""}, ""gw-1"": {""1"": ""blocked"", ""2"": ""conflict""}}"
2025-04-01 04:22:15,"{""gw-2"": {""1"": ""blocked"", ""2"": ""blocked""}}"
2025-04-01 04:22:18,"{""gw-2"": {""1"": ""blocked"", ""2"": ""blocked""}}"
2025-04-01 04:22:19,"{""gw-3"": {""1"": ""blocked"", ""2"": ""blocked""}}"
2025-04-01 04:22:20,"{""gw-2"": {""1"": ""conflict"", ""2"": ""blocked""}}"
2025-04-01 04:22:21,"{""gw-3"": {""1"": ""blocked"", ""2"": ""blocked""}}"
2025-04-01 04:22:25,"{""gw-2"": {""1"": ""blocked"", ""2"": ""blocked""}}"
2025-04-01 04:22:26,"{""gw-2"": {""1"": ""blocked"", ""2"": ""blocked""}}"
2025-04-01 04:22:29,"{""gw-3"": {""1"": ""conflict"", ""2"": ""blocked""}}"
2025-04-01 04:22:32,"{""gw-3"": {""1"": ""blocked"", ""2"": ""blocked""}}"
2025-04-01 04:22:34,"{""gw-3"": {""1"": ""blocked"", ""2"": ""blocked""}}"
2025-04-01 04:22:35,"{""gw-3"": {""1"": ""blocked"", ""2"": ""blocked""}, ""gw-2"": {""1"": ""blocked"", ""2"": ""blocked""}}"
2025-04-01 04:22:35,"{""gw-3"": {""1"": ""blocked"", ""2"": ""blocked""}}"
2025-04-01 04:22:46,"{""gw-1"": {""1"": ""blocked"", ""2"": ""blocked""}, ""gw-3"": {""1"": ""blocked"", ""2"": ""blocked""}}"
2025-04-01 04:22:48,"{""gw-3"": {""1"": ""blocked"", ""2"": ""blocked""}}"
2025-04-01 04:22:50,"{""gw-1"": {""1"": ""blocked"", ""2"": ""blocked""}, ""gw-3"": {""1"": ""blocked"", ""2"": ""blocked""}, ""gw-2"": {""1"": ""conflict"", ""2"": ""blocked""}}"
2025-04-01 04:22:54,"{""gw-2"": {""1"": ""blocked"", ""2"": ""blocked""}, ""gw-3"": {""1"": ""blocked"", ""2"": ""conflict""}}"
2025-04-01 04:22:58,"{""gw-1"": {""1"": ""conflict"", ""2"": ""blocked""}}"
2025-04-01 04:23:00,"{""gw-2"": {""1"": ""conflict"", ""2"": ""blocked""}, ""gw-3"": {""1"": ""blocked"", ""2"": ""blocked""}}"
2025-04-01 04:23:00,"{""gw-1"": {""1"": ""blocked"", ""2"": ""blocked""}}"
2025-04-01 04:23:00,"{""gw-1"": {""1"": ""blocked"", ""2"": ""blocked""}}"
2025-04-01 04:23:00,"{""gw-1"": {""1"": ""blocked"", ""2"": ""blocked""}}"
2025-04-01 04:23:02,"{""gw-3"": {""1"": ""blocked"", ""2"": ""blocked""}, ""gw-1"": {""1"": ""blocked"", ""2"": ""blocked""}}"
2025-04-01 04:23:03,"{""gw-2"": {""1"": ""blocked"", ""2"": ""blocked""}}"
2025-04-01 04:23:04,"{""gw-2"": {""1"": ""blocked"", ""2"": ""blocked""}}"
2025-04-01 04:23:10,"{""gw-1"": {""1"": ""blocked"", ""2"": ""conflict""}}"
2025-04-01 04:23:16,"{""gw-1"": {""1"": ""blocked"", ""2"": ""blocked""}}"
2025-04-01 04:23:17,"{""gw-1"": {""1"": ""blocked"", ""2"": ""blocked""}}"
2025-04-01 04:23:18,"{""gw-1"": {""1"": ""blocked"", ""2"": ""blocked""}}"
2025-04-01 04:23:20,"{""gw-3"": {""1"": ""blocked"", ""2"": ""blocked""}, ""gw-1"": {""1"": ""blocked"", ""2"": ""blocked""}, ""gw-2"": {""1"": ""blocked"", ""2"": ""blocked""}}"
2025-04-01 04:23:23,"{""gw-3"": {""1"": ""blocked"", ""2"": ""blocked""}}"
2025-04-01 04:23:23,"{""gw-3"": {""1"": ""blocked"", ""2"": ""blocked""}, ""gw-1"": {""1"": ""conflict"", ""2"": ""blocked""}}"
2025-04-01 04:23:24,"{""gw-3"": {""1"": ""blocked"", ""2"": ""blocked""}}"
2025-04-01 04:23:25,"{""gw-3"": {""1"": ""blocked"", ""2"": ""blocked""}}"
2025-04-01 04:23:26,"{""gw-3"": {""1"": ""blocked"", ""2"": ""blocked""}, ""gw-2"": {""1"": ""blocked"", ""2"": ""blocked""}, ""gw-1"": {""1"": ""blocked"", ""2"": ""blocked""}}"
2025-04-01 04:23:27,"{""gw-2"": {""1"": ""conflict"", ""2"": ""conflict""}}"
2025-04-01 04:23:31,"{""gw-1"": {""1"": ""blocked"", ""2"": ""blocked""}}"
2025-04-01 04:23:32,"{""gw-1"": {""1"": ""blocked"", ""2"": ""blocked""}}"
2025-04-01 04:23:34,"{""gw-1"": {""1"": ""conflict"", ""2"": ""blocked""}}"
2025-04-01 04:23:35,"{""gw-2"": {""1"": ""blocked"", ""2"": ""blocked""}}"
2025-04-01 04:23:37,"{""gw-2"": {""1"": ""blocked"", ""2"": ""blocked""}}"
2025-04-01 04:23:40,"{""gw-1"": {""1"": ""blocked"", ""2"": ""blocked""}, ""gw-3"": {""1"": ""blocked"", ""2"": ""blocked""}}"
2025-04-01 04:23:41,"{""gw-3"": {""1"": ""blocked"", ""2"": ""blocked""}, ""gw-2"": {""1"": ""conflict"", ""2"": ""blocked""}}"
2025-04-01 04:23:41,"{""gw-2"": {""1"": ""conflict"", ""2"": ""blocked""}}"
2025-04-01 04:23:43,"{""gw-1"": {""1"": ""blocked"", ""2"": ""blocked""}}"
2025-04-01 04:23:48,"{""gw-2"": {""1"": ""blocked"", ""2"": ""blocked""}}"
2025-04-01 04:23:59,"{""gw-1"": {""1"": ""blocked"", ""2"": ""blocked""}, ""gw-3"": {""1"": ""blocked"", ""2"": ""conflict""}}"
2025-04-01 04:24:00,"{""gw-3"": {""1"": ""blocked"", ""2"": ""conflict""}, ""gw-1"": {""1"": ""blocked"", ""2"": ""blocked""}}"
2025-04-01 04:24:00,"{""gw-2"": {""1"": ""blocked"", ""2"": ""blocked""}, ""gw-1"": {""1"": ""blocked"", ""2"": ""blocked""}}"
2025-04-01 04:24:05,"{""gw-3"": {""1"": ""blocked"", ""2"": ""blocked""}}"
2025-04-01 04:24:09,"{""gw-3"": {""1"": ""conflict"", ""2"": ""blocked""}, ""gw-1"": {""1"": ""blocked"", ""2"": ""blocked""}}"
2025-04-01 04:24:11,"{""gw-1"": {""1"": ""blocked"", ""2"": ""blocked""}}"
2025-04-01 04:24:11,"{""gw-2"": {""1"": ""conflict"", ""2"": ""blocked""}}"
2025-04-01 04:24:11,"{""gw-2"": {""1"": ""conflict"", ""2"": ""blocked""}}"
2025-04-01 04:24:14,"{""gw-1"": {""1"": ""blocked"", ""2"": ""conflict""}}"
2025-04-01 04:24:19,"{""gw-2"": {""1"": ""blocked"", ""2"": ""blocked""}}"
2025-04-01 04:24:19,"{""gw-1"": {""1"": ""blocked"", ""2"": ""blocked""}}"
2025-04-01 04:24:20,"{""gw-2"": {""1"": ""blocked"", ""2"": ""blocked""}}"
2025-04-01 04:24:22,"{""gw-2"": {""1"": ""blocked"", ""2"": ""conflict""}}"
2025-04-01 04:24:25,"{""gw-1"": {""1"": ""blocked"", ""2"": ""blocked""}}"
2025-04-01 04:24:25,"{""gw-2"": {""1"": ""blocked"", ""2"": ""blocked""}}"
2025-04-01 04:24:26,"{""gw-1"": {""1"": ""blocked"", ""2"": ""conflict""}}"
2025-04-01 04:24:28,"{""gw-2"": {""1"": ""blocked"", ""2"": ""blocked""}}"
2025-04-01 04:24:28,"{""gw-3"": {""1"": ""blocked"", ""2"": ""blocked""}}"
2025-04-01 04:24:29,"{""gw-2"": {""1"": ""blocked"", ""2"": ""blocked""}}"
2025-04-01 04:24:32,"{""gw-3"": {""1"": ""blocked"", ""2"": ""conflict""}, ""gw-2"": {""1"": ""blocked"", ""2"": ""blocked""}}"
2025-04-01 04:24:34,"{""gw-3"": {""1"": ""conflict"", ""2"": ""blocked""}, ""gw-1"": {""1"": ""blocked"", ""2"": ""blocked""}}"
2025-04-01 04:24:37,"{""gw-2"": {""1"": ""conflict"", ""2"": ""conflict""}}"
2025-04-01 04:24:37,"{""gw-1"": {""1"": ""blocked"", ""2"": ""blocked""}}"
2025-04-01 04:24:42,"{""gw-2"": {""1"": ""blocked"", ""2"": ""blocked""}}"
2025-04-01 04:24:47,"{""gw-1"": {""1"": ""blocked"", ""2"": ""blocked""}, ""gw-2"": {""1"": ""blocked"", ""2"": ""blocked""}}"
2025-04-01 04:24:48,"{""gw-1"": {""1"": ""blocked"", ""2"": ""blocked""}, ""gw-3"": {""1"": ""conflict"", ""2"": ""blocked""}}"
2025-04-01 04:24:50,"{""gw-2"": {""1"": ""conflict"", ""2"": ""conflict""}}"
2025-04-01 04:24:52,"{""gw-3"": {""1"": ""blocked"", ""2"": ""blocked""}}"
2025-04-01 04:25:05,"{""gw-1"": {""1"": ""blocked"", ""2"": ""blocked""}}"
2025-04-01 04:25:06,"{""gw-1"": {""1"": ""blocked"", ""2"": ""blocked""}}"
2025-04-01 04:25:11,"{""gw-2"": {""1"": ""blocked"", ""2"": ""blocked""}}"
2025-04-01 04:25:17,"{""gw-2"": {""1"": ""conflict"", ""2"": ""conflict""}}"
2025-04-01 04:25:18,"{""gw-1"": {""1"": ""blocked"", ""2"": ""blocked""}}"
2025-04-01 04:25:18,"{""gw-2"": {""1"": ""conflict"", ""2"": ""blocked""}}"
2025-04-01 04:25:20,"{""gw-3"": {""1"": ""blocked"", ""2"": ""blocked""}, ""gw-2"": {""1"": ""blocked"", ""2"": ""blocked""}}"
2025-04-01 04:25:21,"{""gw-2"": {""1"": ""blocked"", ""2"": ""blocked""}, ""gw-1"": {""1"": ""blocked"", ""2"": ""blocked""}}"
2025-04-01 04:25:22,"{""gw-1"": {""1"": ""blocked"", ""2"": ""blocked""}}"
2025-04-01 04:25:23,"{""gw-3"": {""1"": ""blocked"", ""2"": ""blocked""}, ""gw-2"": {""1"": ""blocked"", ""2"": ""blocked""}}"
2025-04-01 04:25:25,"{""gw-1"": {""1"": ""blocked"", ""2"": ""blocked""}}"
2025-04-01 04:25:25,"{""gw-2"": {""1"": ""blocked"", ""2"": ""blocked""}}"
2025-04-01 04:25:25,"{""gw-1"": {""1"": ""blocked"", ""2"": ""blocked""}}"
2025-04-01 04:25:26,"{""gw-2"": {""1"": ""blocked"", ""2"": ""blocked""}, ""gw-3"": {""1"": ""blocked"", ""2"": ""blocked""}}"
2025-04-01 04:25:27,"{""gw-2"": {""1"": ""blocked"", ""2"": ""blocked""}}"
2025-04-01 04:25:36,"{""gw-1"": {""1"": ""blocked"", ""2"": ""blocked""}}"
2025-04-01 04:25:36,"{""gw-2"": {""1"": ""blocked"", ""2"": ""blocked""}, ""gw-3"": {""1"": ""blocked"", ""2"": ""conflict""}}"
2025-04-01 04:25:40,"{""gw-2"": {""1"": ""blocked"", ""2"": ""blocked""}, ""gw-3"": {""1"": ""blocked"", ""2"": ""blocked""}}"
2025-04-01 04:25:41,"{""gw-1"": {""1"": ""conflict"", ""2"": ""blocked""}}"
2025-04-01 04:25:45,"{""gw-3"": {""1"": ""blocked"", ""2"": ""blocked""}}"
2025-04-01 04:25:45,"{""gw-3"": {""1"": ""blocked"", ""2"": ""blocked""}}"
2025-04-01 04:25:47,"{""gw-2"": {""1"": ""blocked"", ""2"": ""blocked""}}"
2025-04-01 04:25:49,"{""gw-2"": {""1"": ""blocked"", ""2"": ""blocked""}, ""gw-1"": {""1"": ""blocked"", ""2"": ""blocked""}}"
2025-04-01 04:25:51,"{""gw-1"": {""1"": ""blocked"", ""2"": ""blocked""}, ""gw-2"": {""1"": ""blocked"", ""2"": ""blocked""}}"
2025-04-01 04:25:57,"{""gw-2"": {""1"": ""conflict"", ""2"": ""blocked""}, ""gw-3"": {""1"": ""blocked"", ""2"": ""blocked""}}"
2025-04-01 04:25:59,"{""gw-1"": {""1"": ""conflict"", ""2"": ""blocked""}, ""gw-3"": {""1"": ""blocked"", ""2"": ""blocked""}, ""gw-2"": {""1"": ""blocked"", ""2"": ""blocked""}}"
2025-04-01 04:26:00,"{""gw-1"": {""1"": ""conflict"", ""2"": ""blocked""}}"
2025-04-01 04:26:00,"{""gw-2"": {""1"": ""blocked"", ""2"": ""blocked""}}"
2025-04-01 04:26:02,"{""gw-3"": {""1"": ""blocked"", ""2"": ""conflict""}}"
2025-04-01 04:26:06,"{""gw-1"": {""1"": ""blocked"", ""2"": ""blocked""}}"
2025-04-01 04:26:17,"{""gw-2"": {""1"": ""blocked"", ""2"": ""blocked""}, ""gw-1"": {""1"": ""conflict"", ""2"": ""blocked""}}"
2025-04-01 04:26:22,"{""gw-3"": {""1"": ""blocked"", ""2"": ""conflict""}, ""gw-1"": {""1"": ""blocked"", ""2"": ""blocked""}}"
2025-04-01 04:26:25,"{""gw-1"": {""1"": ""blocked"", ""2"": ""blocked""}}"
2025-04-01 04:26:29,"{""gw-2"": {""1"": ""blocked"", ""2"": ""blocked""}}"
2025-04-01 04:26:30,"{""gw-2"": {""1"": ""blocked"", ""2"": ""blocked""}}"
2025-04-01 04:26:37,"{""gw-3"": {""1"": ""blocked"", ""2"": ""conflict""}, ""gw-1"": {""1"": ""conflict"", ""2"": ""blocked""}}"
2025-04-01 04:26:37,"{""gw-2"": {""1"": ""blocked"", ""2"": ""conflict""}, ""gw-3"": {""1"": ""blocked"", ""2"": ""conflict""}}"
2025-04-01 04:26:40,"{""gw-1"": {""1"": ""blocked"", ""2"": ""blocked""}}"
2025-04-01 04:26:41,"{""gw-3"": {""1"": ""blocked"", ""2"": ""blocked""}, ""gw-2"": {""1"": ""blocked"", ""2"": ""blocked""}}"
2025-04-01 04:26:41,"{""gw-3"": {""1"": ""blocked"", ""2"": ""blocked""}}"
2025-04-01 04:26:41,"{""gw-1"": {""1"": ""blocked"", ""2"": ""blocked""}, ""gw-2"": {""1"": ""blocked"", ""2"": ""blocked""}, ""gw-3"": {""1"": ""blocked"", ""2"": ""blocked""}}"
2025-04-01 04:26:42,"{""gw-2"": {""1"": ""blocked"", ""2"": ""blocked""}}"
2025-04-01 04:26:44,"{""gw-2"": {""1"": ""blocked"", ""2"": ""blocked""}, ""gw-3"": {""1"": ""blocked"", ""2"": ""blocked""}}"
2025-04-01 04:26:46,"{""gw-2"": {""1"": ""blocked"", ""2"": ""blocked""}, ""gw-1"": {""1"": ""blocked"", ""2"": ""blocked""}}"
2025-04-01 04:26:46,"{""gw-3"": {""1"": ""conflict"", ""2"": ""blocked""}}"
2025-04-01 04:26:48,"{""gw-2"": {""1"": ""blocked"", ""2"": ""blocked""}}"
2025-04-01 04:26:54,"{""gw-1"": {""1"": ""blocked"", ""2"": ""blocked""}}"
2025-04-01 04:26:57,"{""gw-2"": {""1"": ""blocked"", ""2"": ""blocked""}}"
2025-04-01 04:26:59,"{""gw-1"": {""1"": ""blocked"", ""2"": ""blocked""}, ""gw-3"": {""1"": ""blocked"", ""2"": ""blocked""}}"
2025-04-01 04:27:11,"{""gw-2"": {""1"": ""blocked"", ""2"": ""blocked""}, ""gw-1"": {""1"": ""blocked"", ""2"": ""blocked""}}"
2025-04-01 04:27:14,"{""gw-2"": {""1"": ""blocked"", ""2"": ""blocked""}}"
2025-04-01 04:27:14,"{""gw-2"": {""1"": ""blocked"", ""2"": ""blocked""}}"
2025-04-01 04:27:16,"{""gw-1"": {""1"": ""conflict"", ""2"": ""conflict""}, ""gw-3"": {""1"": ""blocked"", ""2"": ""blocked""}}"
2025-04-01 04:27:17,"{""gw-1"": {""1"": ""conflict"", ""2"": ""blocked""}}"
2025-04-01 04:27:17,"{""gw-3"": {""1"": ""blocked"", ""2"": ""blocked""}}"
2025-04-01 04:27:21,"{""gw-3"": {""1"": ""blocked"", ""2"": ""conflict""}, ""gw-2"": {""1"": ""blocked"", ""2"": ""blocked""}}"
2025-04-01 04:27:25,"{""gw-1"": {""1"": ""blocked"", ""2"": ""blocked""}}"
2025-04-01 04:27:25,"{""gw-2"": {""1"": ""blocked"", ""2"": ""blocked""}, ""gw-3"": {""1"": ""blocked"", ""2"": ""blocked""}, ""gw-1"": {""1"": ""blocked"", ""2"": ""blocked""}}"
2025-04-01 04:27:26,"{""gw-3"": {""1"": ""blocked"", ""2"": ""blocked""}}"
2025-04-01 04:27:29,"{""gw-2"": {""1"": ""blocked"", ""2"": ""conflict""}}"
2025-04-01 04:27:30,"{""gw-1"": {""1"": ""blocked"", ""2"": ""conflict""}}"
2025-04-01 04:27:30,"{""gw-3"": {""1"": ""blocked"", ""2"": ""blocked""}}"
2025-04-01 04:27:31,"{""gw-3"": {""1"": ""blocked"", ""2"": ""blocked""}}"
2025-04-01 04:27:37,"{""gw-2"": {""1"": ""blocked"", ""2"": ""blocked""}}"
2025-04-01 04:27:38,"{""gw-2"": {""1"": ""blocked"", ""2"": ""blocked""}}"
2025-04-01 04:27:40,"{""gw-2"": {""1"": ""blocked"", ""2"": ""blocked""}}"
2025-04-01 04:27:43,"{""gw-1"": {""1"": ""blocked"", ""2"": ""conflict""}}"
2025-04-01 04:27:45,"{""gw-2"": {""1"": ""blocked"", ""2"": ""blocked""}}"
2025-04-01 04:27:45,"{""gw-2"": {""1"": ""blocked"", ""2"": ""blocked""}, ""gw-3"": {""1"": ""blocked"", ""2"": ""blocked""}}"
2025-04-01 04:27:48,"{""gw-3"": {""1"": ""blocked"", ""2"": ""conflict""}, ""gw-1"": {""1"": ""blocked"", ""2"": ""blocked""}, ""gw-2"": {""1"": ""blocked"", ""2"": ""blocked""}}"
2025-04-01 04:27:48,"{""gw-1"": {""1"": ""blocked"", ""2"": ""blocked""}}"
2025-04-01 04:27:48,"{""gw-2"": {""1"": ""blocked"", ""2"": ""blocked""}}"
2025-04-01 04:27:50,"{""gw-2"": {""1"": ""blocked"", ""2"": ""blocked""}}"
2025-04-01 04:27:51,"{""gw-2"": {""1"": ""blocked"", ""2"": ""blocked""}, ""gw-3"": {""1"": ""blocked"", ""2"": ""blocked""}}"
2025-04-01 04:27:51,"{""gw-2"": {""1"": ""blocked"", ""2"": ""blocked""}, ""gw-1"": {""1"": ""blocked"", ""2"": ""blocked""}}"
2025-04-01 04:28:01,"{""gw-1"": {""1"": ""blocked"", ""2"": ""conflict""}}"
2025-04-01 04:28:06,"{""gw-3"": {""1"": ""blocked"", ""2"": ""blocked""}}"
2025-04-01 04:28:08,"{""gw-1"": {""1"": ""blocked"", ""2"": ""blocked""}}"
2025-04-01 04:28:10,"{""gw-2"": {""1"": ""blocked"", ""2"": ""blocked""}, ""gw-1"": {""1"": ""blocked"", ""2"": ""blocked""}, ""gw-3"": {""1"": ""blocked"", ""2"": ""blocked""}}"
2025-04-01 04:28:10,"{""gw-3"": {""1"": ""blocked"", ""2"": ""blocked""}}"
2025-04-01 04:28:10,"{""gw-2"": {""1"": ""blocked"", ""2"": ""blocked""}, ""gw-1"": {""1"": ""blocked"", ""2"": ""blocked""}}"
2025-04-01 04:28:10,"{""gw-1"": {""1"": ""blocked"", ""2"": ""blocked""}, ""gw-2"": {""1"": ""blocked"", ""2"": ""blocked""}}"
2025-04-01 04:28:15,"{""gw-3"": {""1"": ""blocked"", ""2"": ""blocked""}, ""gw-2"": {""1"": ""blocked"", ""2"": ""blocked""}}"
2025-04-01 04:28:18,"{""gw-3"": {""1"": ""blocked"", ""2"": ""blocked""}}"
2025-04-01 04:28:20,"{""gw-1"": {""1"": ""blocked"", ""2"": ""blocked""}}"
2025-04-01 04:28:21,"{""gw-1"": {""1"": ""blocked"", ""2"": ""blocked""}, ""gw-3"": {""1"": ""blocked"", ""2"": ""blocked""}}"
2025-04-01 04:28:24,"{""gw-2"": {""1"": ""blocked"", ""2"": ""blocked""}}"
2025-04-01 04:28:44,"{""gw-2"": {""1"": ""blocked"", ""2"": ""blocked""}}"
2025-04-01 04:28:45,"{""gw-1"": {""1"": ""blocked"", ""2"": ""blocked""}}"
2025-04-01 04:28:47,"{""gw-3"": {""1"": ""blocked"", ""2"": ""blocked""}}"
2025-04-01 04:28:50,"{""gw-2"": {""1"": ""conflict"", ""2"": ""blocked""}}"
2025-04-01 04:28:57,"{""gw-1"": {""1"": ""conflict"", ""2"": ""blocked""}}"
2025-04-01 04:29:00,"{""gw-1"": {""1"": ""blocked"", ""2"": ""blocked""}}"
2025-04-01 04:29:01,"{""gw-1"": {""1"": ""blocked"", ""2"": ""blocked""}}"
2025-04-01 04:29:02,"{""gw-1"": {""1"": ""blocked"", ""2"": ""blocked""}}"
2025-04-01 04:29:05,"{""gw-3"": {""1"": ""blocked"", ""2"": ""blocked""}}"
2025-04-01 04:29:08,"{""gw-2"": {""1"": ""blocked"", ""2"": ""blocked""}}"
2025-04-01 04:29:14,"{""gw-1"": {""1"": ""blocked"", ""2"": ""blocked""}}"
2025-04-01 04:29:16,"{""gw-1"": {""1"": ""blocked"", ""2"": ""blocked""}}"
2025-04-01 04:29:18,"{""gw-1"": {""1"": ""blocked"", ""2"": ""blocked""}, ""gw-3"": {""1"": ""conflict"", ""2"": ""blocked""}}"
2025-04-01 04:29:22,"{""gw-3"": {""1"": ""blocked"", ""2"": ""blocked""}}"
2025-04-01 04:29:26,"{""gw-2"": {""1"": ""blocked"", ""2"": ""blocked""}, ""gw-3"": {""1"": ""blocked"", ""2"": ""blocked""}}"
2025-04-01 04:29:32,"{""gw-1"": {""1"": ""blocked"", ""2"": ""blocked""}}"
2025-04-01 04:29:32,"{""gw-1"": {""1"": ""blocked"", ""2"": ""blocked""}}"
2025-04-01 04:29:34,"{""gw-1"": {""1"": ""blocked"", ""2"": ""blocked""}}"
2025-04-01 04:29:40,"{""gw-3"": {""1"": ""blocked"", ""2"": ""blocked""}, ""gw-2"": {""1"": ""blocked"", ""2"": ""blocked""}}"
2025-04-01 04:29:41,"{""gw-3"": {""1"": ""blocked"", ""2"": ""blocked""}}"
2025-04-01 04:29:41,"{""gw-2"": {""1"": ""blocked"", ""2"": ""blocked""}}"
2025-04-01 04:29:42,"{""gw-3"": {""1"": ""blocked"", ""2"": ""conflict""}}"
2025-04-01 04:29:42,"{""gw-3"": {""1"": ""blocked"", ""2"": ""conflict""}, ""gw-2"": {""1"": ""blocked"", ""2"": ""blocked""}}"
2025-04-01 04:29:43,"{""gw-3"": {""1"": ""conflict"", ""2"": ""blocked""}, ""gw-2"": {""1"": ""blocked"", ""2"": ""blocked""}}"
2025-04-01 04:29:45,"{""gw-3"": {""1"": ""blocked"", ""2"": ""blocked""}}"
2025-04-01 04:29:47,"{""gw-1"": {""1"": ""blocked"", ""2"": ""blocked""}, ""gw-2"": {""1"": ""conflict"", ""2"": ""conflict""}}"
2025-04-01 04:29:49,"{""gw-1"": {""1"": ""blocked"", ""2"": ""blocked""}}"
2025-04-01 04:29:49,"{""gw-3"": {""1"": ""blocked"", ""2"": ""blocked""}}"
2025-04-01 04:29:52,"{""gw-2"": {""1"": ""blocked"", ""2"": ""blocked""}}"
2025-04-01 04:29:54,"{""gw-1"": {""1"": ""blocked"", ""2"": ""blocked""}}"
2025-04-01 04:30:01,"{""gw-1"": {""1"": ""blocked"", ""2"": ""blocked""}, ""gw-3"": {""1"": ""blocked"", ""2"": ""blocked""}}"
2025-04-01 04:30:05,"{""gw-3"": {""1"": ""blocked"", ""2"": ""blocked""}}"
2025-04-01 04:30:07,"{""gw-1"": {""1"": ""blocked"", ""2"": ""blocked""}, ""gw-3"": {""1"": ""blocked"", ""2"": ""conflict""}}"
2025-04-01 04:30:07,"{""gw-2"": {""1"": ""blocked"", ""2"": ""blocked""}}"
2025-04-01 04:30:07,"{""gw-1"": {""1"": ""blocked"", ""2"": ""blocked""}, ""gw-3"": {""1"": ""conflict"", ""2"": ""conflict""}}"
2025-04-01 04:30:07,"{""gw-1"": {""1"": ""blocked"", ""2"": ""blocked""}, ""gw-2"": {""1"": ""blocked"", ""2"": ""blocked""}}"
2025-04-01 04:30:08,"{""gw-1"": {""1"": ""blocked"", ""2"": ""blocked""}, ""gw-3"": {""1"": ""conflict"", ""2"": ""blocked""}}"
2025-04-01 04:30:09,"{""gw-2"": {""1"": ""blocked"", ""2"": ""blocked""}}"
2025-04-01 04:30:10,"{""gw-3"": {""1"": ""blocked"", ""2"": ""blocked""}}"
2025-04-01 04:30:10,"{""gw-1"": {""1"": ""blocked"", ""2"": ""blocked""}}"
2025-04-01 04:30:11,"{""gw-1"": {""1"": ""blocked"", ""2"": ""blocked""}}"
2025-04-01 04:30:12,"{""gw-2"": {""1"": ""blocked"", ""2"": ""blocked""}}"
2025-04-01 04:30:12,"{""gw-3"": {""1"": ""blocked"", ""2"": ""blocked""}, ""gw-2"": {""1"": ""blocked"", ""2"": ""blocked""}, ""gw-1"": {""1"": ""blocked"", ""2"": ""blocked""}}"
2025-04-01 04:30:13,"{""gw-1"": {""1"": ""blocked"", ""2"": ""blocked""}}"
2025-04-01 04:30:14,"{""gw-3"": {""1"": ""blocked"", ""2"": ""blocked""}}"
2025-04-01 04:30:16,"{""gw-3"": {""1"": ""blocked"", ""2"": ""blocked""}}"
2025-04-01 04:30:25,"{""gw-3"": {""1"": ""blocked"", ""2"": ""blocked""}, ""gw-2"": {""1"": ""blocked"", ""2"": ""blocked""}}"
2025-04-01 04:30:30,"{""gw-3"": {""1"": ""blocked"", ""2"": ""blocked""}, ""gw-1"": {""1"": ""blocked"", ""2"": ""blocked""}}"
2025-04-01 04:30:30,"{""gw-2"": {""1"": ""blocked"", ""2"": ""blocked""}}"
2025-04-01 04:30:32,"{""gw-3"": {""1"": ""blocked"", ""2"": ""conflict""}, ""gw-1"": {""1"": ""blocked"", ""2"": ""blocked""}}"
2025-04-01 04:30:33,"{""gw-1"": {""1"": ""blocked"", ""2"": ""blocked""}, ""gw-3"": {""1"": ""conflict"", ""2"": ""blocked""}}"
2025-04-01 04:30:48,"{""gw-1"": {""1"": ""blocked"", ""2"": ""blocked""}}"
2025-04-01 04:30:49,"{""gw-1"": {""1"": ""blocked"", ""2"": ""blocked""}, ""gw-2"": {""1"": ""blocked"", ""2"": ""blocked""}, ""gw-3"": {""1"": ""blocked"", ""2"": ""conflict""}}"
2025-04-01 04:30:50,"{""gw-3"": {""1"": ""conflict"", ""2"": ""blocked""}}"
2025-04-01 04:30:51,"{""gw-2"": {""1"": ""blocked"", ""2"": ""blocked""}}"
2025-04-01 04:30:54,"{""gw-2"": {""1"": ""blocked"", ""2"": ""blocked""}, ""gw-3"": {""1"": ""blocked"", ""2"": ""blocked""}}"
2025-04-01 04:30:56,"{""gw-3"": {""1"": ""blocked"", ""2"": ""blocked""}, ""gw-2"": {""1"": ""blocked"", ""2"": ""blocked""}}"
2025-04-01 04:31:03,"{""gw-2"": {""1"": ""blocked"", ""2"": ""conflict""}}"
2025-04-01 04:31:04,"{""gw-2"": {""1"": ""conflict"", ""2"": ""blocked""}}"
2025-04-01 04:31:05,"{""gw-1"": {""1"": ""conflict"", ""2"": ""blocked""}, ""gw-3"": {""1"": ""blocked"", ""2"": ""blocked""}}"
2025-04-01 04:31:10,"{""gw-2"": {""1"": ""blocked"", ""2"": ""blocked""}}"
2025-04-01 04:31:12,"{""gw-3"": {""1"": ""blocked"", ""2"": ""blocked""}, ""gw-2"": {""1"": ""blocked"", ""2"": ""blocked""}}"
2025-04-01 04:31:15,"{""gw-1"": {""1"": ""conflict"", ""2"": ""conflict""}, ""gw-3"": {""1"": ""conflict"", ""2"": ""conflict""}}"
2025-04-01 04:31:22,"{""gw-3"": {""1"": ""blocked"", ""2"": ""blocked""}, ""gw-1"": {""1"": ""blocked"", ""2"": ""blocked""}}"
2025-04-01 04:31:32,"{""gw-3"": {""1"": ""blocked"", ""2"": ""conflict""}}"
2025-04-01 04:31:33,"{""gw-1"": {""1"": ""conflict"", ""2"": ""blocked""}}"
2025-04-01 04:31:35,"{""gw-1"": {""1"": ""blocked"", ""2"": ""blocked""}, ""gw-3"": {""1"": ""blocked"", ""2"": ""blocked""}}"
2025-04-01 04:31:41,"{""gw-3"": {""1"": ""blocked"", ""2"": ""blocked""}}"
2025-04-01 04:31:45,"{""gw-1"": {""1"": ""conflict"", ""2"": ""blocked""}}"
2025-04-01 04:31:46,"{""gw-2"": {""1"": ""blocked"", ""2"": ""blocked""}}"
2025-04-01 04:31:46,"{""gw-2"": {""1"": ""blocked"", ""2"": ""blocked""}}"
2025-04-01 04:31:47,"{""gw-2"": {""1"": ""blocked"", ""2"": ""blocked""}}"
2025-04-01 04:31:48,"{""gw-1"": {""1"": ""blocked"", ""2"": ""blocked""}, ""gw-2"": {""1"": ""blocked"", ""2"": ""blocked""}}"
2025-04-01 04:31:49,"{""gw-1"": {""1"": ""blocked"", ""2"": ""blocked""}}"
2025-04-01 04:31:50,"{""gw-3"": {""1"": ""blocked"", ""2"": ""blocked""}, ""gw-1"": {""1"": ""blocked"", ""2"": ""blocked""}}"
2025-04-01 04:31:58,"{""gw-2"": {""1"": ""conflict"", ""2"": ""blocked""}}"
2025-04-01 04:31:59,"{""gw-3"": {""1"": ""conflict"", ""2"": ""conflict""}}"
2025-04-01 04:32:04,"{""gw-3"": {""1"": ""blocked"", ""2"": ""blocked""}}"
2025-04-01 04:32:04,"{""gw-2"": {""1"": ""blocked"", ""2"": ""blocked""}, ""gw-3"": {""1"": ""blocked"", ""2"": ""blocked""}}"
2025-04-01 04:32:11,"{""gw-2"": {""1"": ""blocked"", ""2"": ""conflict""}}"
2025-04-01 04:32:11,"{""gw-3"": {""1"": ""blocked"", ""2"": ""conflict""}, ""gw-2"": {""1"": ""conflict"", ""2"": ""conflict""}}"
2025-04-01 04:32:12,"{""gw-2"": {""1"": ""conflict"", ""2"": ""blocked""}}"
2025-04-01 04:32:12,"{""gw-3"": {""1"": ""conflict"", ""2"": ""blocked""}, ""gw-2"": {""1"": ""conflict"", ""2"": ""blocked""}}"
2025-04-01 04:32:16,"{""gw-2"": {""1"": ""blocked"", ""2"": ""blocked""}}"
2025-04-01 04:32:17,"{""gw-2"": {""1"": ""blocked"", ""2"": ""blocked""}}"
2025-04-01 04:32:17,"{""gw-3"": {""1"": ""blocked"", ""2"": ""blocked""}, ""gw-1"": {""1"": ""blocked"", ""2"": ""blocked""}, ""gw-2"": {""1"": ""blocked"", ""2"": ""blocked""}}"
2025-04-01 04:32:19,"{""gw-2"": {""1"": ""blocked"", ""2"": ""blocked""}}"
2025-04-01 04:32:20,"{""gw-2"": {""1"": ""blocked"", ""2"": ""blocked""}, ""gw-3"": {""1"": ""blocked"", ""2"": ""blocked""}}"
2025-04-01 04:32:24,"{""gw-2"": {""1"": ""conflict"", ""2"": ""conflict""}, ""gw-3"": {""1"": ""conflict"", ""2"": ""blocked""}}"
2025-04-01 04:32:24,"{""gw-3"": {""1"": ""conflict"", ""2"": ""blocked""}}"
2025-04-01 04:32:29,"{""gw-2"": {""1"": ""blocked"", ""2"": ""blocked""}}"
2025-04-01 04:32:30,"{""gw-2"": {""1"": ""blocked"", ""2"": ""blocked""}}"
2025-04-01 04:32:31,"{""gw-2"": {""1"": ""blocked"", ""2"": ""blocked""}}"
2025-04-01 04:32:44,"{""gw-2"": {""1"": ""blocked"", ""2"": ""blocked""}}"
2025-04-01 04:32:45,"{""gw-1"": {""1"": ""blocked"", ""2"": ""blocked""}}"
2025-04-01 04:32:53,"{""gw-2"": {""1"": ""blocked"", ""2"": ""blocked""}, ""gw-3"": {""1"": ""blocked"", ""2"": ""conflict""}}"
2025-04-01 04:32:57,"{""gw-2"": {""1"": ""blocked"", ""2"": ""blocked""}}"
2025-04-01 04:32:59,"{""gw-2"": {""1"": ""blocked"", ""2"": ""blocked""}}"
2025-04-01 04:33:02,"{""gw-3"": {""1"": ""blocked"", ""2"": ""blocked""}}"
2025-04-01 04:33:03,"{""gw-2"": {""1"": ""blocked"", ""2"": ""conflict""}}"
2025-04-01 04:33:04,"{""gw-1"": {""1"": ""blocked"", ""2"": ""conflict""}}"
2025-04-01 04:33:04,"{""gw-2"": {""1"": ""conflict"", ""2"": ""blocked""}, ""gw-3"": {""1"": ""blocked"", ""2"": ""blocked""}}"
2025-04-01 04:33:06,"{""gw-3"": {""1"": ""blocked"", ""2"": ""conflict""}}"
2025-04-01 04:33:10,"{""gw-1"": {""1"": ""blocked"", ""2"": ""blocked""}, ""gw-3"": {""1"": ""blocked"", ""2"": ""blocked""}}"
2025-04-01 04:33:14,"{""gw-3"": {""1"": ""blocked"", ""2"": ""blocked""}}"
2025-04-01 04:33:14,"{""gw-1"": {""1"": ""blocked"", ""2"": ""blocked""}}"
2025-04-01 04:33:14,"{""gw-1"": {""1"": ""blocked"", ""2"": ""blocked""}}"
2025-04-01 04:33:20,"{""gw-2"": {""1"": ""blocked"", ""2"": ""blocked""}}"
2025-04-01 04:33:26,"{""gw-1"": {""1"": ""blocked"", ""2"": ""blocked""}}"
2025-04-01 04:33:26,"{""gw-2"": {""1"": ""blocked"", ""2"": ""blocked""}, ""gw-1"": {""1"": ""blocked"", ""2"": ""blocked""}}"
2025-04-01 04:33:31,"{""gw-1"": {""1"": ""blocked"", ""2"": ""blocked""}}"
2025-04-01 04:33:32,"{""gw-2"": {""1"": ""blocked"", ""2"": ""blocked""}}"
2025-04-01 04:33:32,"{""gw-2"": {""1"": ""blocked"", ""2"": ""blocked""}}"
2025-04-01 04:33:33,"{""gw-3"": {""1"": ""blocked"", ""2"": ""blocked""}}"
2025-04-01 04:33:47,"{""gw-1"": {""1"": ""blocked"", ""2"": ""blocked""}}"
2025-04-01 04:33:49,"{""gw-1"": {""1"": ""blocked"", ""2"": ""blocked""}}"
2025-04-01 04:33:52,"{""gw-2"": {""1"": ""conflict"", ""2"": ""conflict""}}"
2025-04-01 04:33:56,"{""gw-3"": {""1"": ""blocked"", ""2"": ""blocked""}, ""gw-2"": {""1"": ""blocked"", ""2"": ""blocked""}}"
2025-04-01 04:33:57,"{""gw-3"": {""1"": ""blocked"", ""2"": ""blocked""}, ""gw-2"": {""1"": ""blocked"", ""2"": ""blocked""}}"
2025-04-01 04:33:57,"{""gw-2"": {""1"": ""blocked"", ""2"": ""blocked""}}"
2025-04-01 04:33:58,"{""gw-2"": {""1"": ""blocked"", ""2"": ""blocked""}}"
2025-04-01 04:34:01,"{""gw-3"": {""1"": ""blocked"", ""2"": ""blocked""}}"
2025-04-01 04:34:15,"{""gw-2"": {""1"": ""blocked"", ""2"": ""blocked""}}"
2025-04-01 04:34:16,"{""gw-2"": {""1"": ""blocked"", ""2"": ""blocked""}}"
2025-04-01 04:34:19,"{""gw-3"": {""1"": ""blocked"", ""2"": ""conflict""}}"
2025-04-01 04:34:25,"{""gw-3"": {""1"": ""blocked"", ""2"": ""blocked""}}"
2025-04-01 04:34:29,"{""gw-1"": {""1"": ""conflict"", ""2"": ""conflict""}}"
2025-04-01 04:34:30,"{""gw-3"": {""1"": ""blocked"", ""2"": ""conflict""}}"
2025-04-01 04:34:36,"{""gw-1"": {""1"": ""blocked"", ""2"": ""blocked""}}"
2025-04-01 04:34:37,"{""gw-3"": {""1"": ""blocked"", ""2"": ""blocked""}}"
2025-04-01 04:34:41,"{""gw-3"": {""1"": ""blocked"", ""2"": ""blocked""}}"
2025-04-01 04:34:44,"{""gw-2"": {""1"": ""blocked"", ""2"": ""blocked""}}"
2025-04-01 04:34:45,"{""gw-2"": {""1"": ""blocked"", ""2"": ""blocked""}}"
2025-04-01 04:34:48,"{""gw-1"": {""1"": ""blocked"", ""2"": ""blocked""}, ""gw-2"": {""1"": ""blocked"", ""2"": ""blocked""}, ""gw-3"": {""1"": ""blocked"", ""2"": ""blocked""}}"
2025-04-01 04:34:49,"{""gw-2"": {""1"": ""blocked"", ""2"": ""blocked""}}"
2025-04-01 04:34:49,"{""gw-3"": {""1"": ""blocked"", ""2"": ""blocked""}, ""gw-1"": {""1"": ""blocked"", ""2"": ""blocked""}}"
2025-04-01 04:34:50,"{""gw-3"": {""1"": ""blocked"", ""2"": ""blocked""}}"
2025-04-01 04:34:50,"{""gw-1"": {""1"": ""blocked"", ""2"": ""blocked""}}"
2025-04-01 04:35:05,"{""gw-1"": {""1"": ""blocked"", ""2"": ""blocked""}}"
2025-04-01 04:35:06,"{""gw-2"": {""1"": ""blocked"", ""2"": ""blocked""}}"
2025-04-01 04:35:06,"{""gw-2"": {""1"": ""blocked"", ""2"": ""blocked""}, ""gw-1"": {""1"": ""blocked"", ""2"": ""blocked""}}"
2025-04-01 04:35:07,"{""gw-1"": {""1"": ""blocked"", ""2"": ""blocked""}, ""gw-2"": {""1"": ""blocked"", ""2"": ""blocked""}}"
2025-04-01 04:35:08,"{""gw-3"": {""1"": ""blocked"", ""2"": ""blocked""}, ""gw-2"": {""1"": ""conflict"", ""2"": ""conflict""}}"
2025-04-01 04:35:08,"{""gw-3"": {""1"": ""blocked"", ""2"": ""blocked""}, ""gw-1"": {""1"": ""blocked"", ""2"": ""blocked""}}"
2025-04-01 04:35:10,"{""gw-3"": {""1"": ""blocked"", ""2"": ""blocked""}, ""gw-1"": {""1"": ""conflict"", ""2"": ""conflict""}}"
2025-04-01 04:35:11,"{""gw-1"": {""1"": ""conflict"", ""2"": ""blocked""}}"
2025-04-01 04:35:18,"{""gw-1"": {""1"": ""blocked"", ""2"": ""blocked""}, ""gw-2"": {""1"": ""blocked"", ""2"": ""blocked""}}"
2025-04-01 04:35:26,"{""gw-2"": {""1"": ""blocked"", ""2"": ""blocked""}}"
2025-04-01 04:35:31,"{""gw-3"": {""1"": ""blocked"", ""2"": ""blocked""}, ""gw-2"": {""1"": ""blocked"", ""2"": ""blocked""}}"
2025-04-01 04:35:32,"{""gw-3"": {""1"": ""blocked"", ""2"": ""blocked""}}"
2025-04-01 04:35:37,"{""gw-3"": {""1"": ""blocked"", ""2"": ""blocked""}}"
2025-04-01 04:35:37,"{""gw-3"": {""1"": ""blocked"", ""2"": ""blocked""}, ""gw-1"": {""1"": ""blocked"", ""2"": ""blocked""}}"
2025-04-01 04:35:38,"{""gw-3"": {""1"": ""blocked"", ""2"": ""blocked""}, ""gw-1"": {""1"": ""blocked"", ""2"": ""blocked""}}"
2025-04-01 04:35:55,"{""gw-3"": {""1"": ""conflict"", ""2"": ""blocked""}}"
2025-04-01 04:35:56,"{""gw-1"": {""1"": ""blocked"", ""2"": ""blocked""}, ""gw-3"": {""1"": ""conflict"", ""2"": ""blocked""}, ""gw-2"": {""1"": ""blocked"", ""2"": ""blocked""}}"
2025-04-01 04:35:58,"{""gw-1"": {""1"": ""blocked"", ""2"": ""blocked""}}"
2025-04-01 04:35:59,"{""gw-2"": {""1"": ""conflict"", ""2"": ""blocked""}}"
2025-04-01 04:35:59,"{""gw-1"": {""1"": ""blocked"", ""2"": ""blocked""}}"
2025-04-01 04:36:04,"{""gw-1"": {""1"": ""blocked"", ""2"": ""blocked""}, ""gw-3"": {""1"": ""blocked"", ""2"": ""blocked""}}"
2025-04-01 04:36:05,"{""gw-3"": {""1"": ""blocked"", ""2"": ""blocked""}, ""gw-1"": {""1"": ""blocked"", ""2"": ""blocked""}, ""gw-2"": {""1"": ""blocked"", ""2"": ""blocked""}}"
2025-04-01 04:36:05,"{""gw-1"": {""1"": ""blocked"", ""2"": ""blocked""}}"
2025-04-01 04:36:14,"{""gw-3"": {""1"": ""blocked"", ""2"": ""blocked""}}"
2025-04-01 04:36:18,"{""gw-3"": {""1"": ""blocked"", ""2"": ""blocked""}}"
2025-04-01 04:36:20,"{""gw-1"": {""1"": ""blocked"", ""2"": ""blocked""}, ""gw-3"": {""1"": ""blocked"", ""2"": ""blocked""}}"
2025-04-01 04:36:21,"{""gw-3"": {""1"": ""blocked"", ""2"": ""blocked""}, ""gw-2"": {""1"": ""blocked"", ""2"": ""blocked""}}"
2025-04-01 04:36:33,"{""gw-3"": {""1"": ""blocked"", ""2"": ""blocked""}, ""gw-2"": {""1"": ""conflict"", ""2"": ""blocked""}}"
2025-04-01 04:36:37,"{""gw-1"": {""1"": ""blocked"", ""2"": ""blocked""}}"
2025-04-01 04:36:40,"{""gw-1"": {""1"": ""blocked"", ""2"": ""blocked""}, ""gw-3"": {""1"": ""blocked"", ""2"": ""blocked""}}"
2025-04-01 04:36:42,"{""gw-1"": {""1"": ""blocked"", ""2"": ""conflict""}}"
2025-04-01 04:36:43,"{""gw-1"": {""1"": ""conflict"", ""2"": ""blocked""}, ""gw-3"": {""1"": ""blocked"", ""2"": ""blocked""}}"
2025-04-01 04:36:47,"{""gw-3"": {""1"": ""conflict"", ""2"": ""blocked""}}"
2025-04-01 04:37:15,"{""gw-3"": {""1"": ""blocked"", ""2"": ""blocked""}}"
2025-04-01 04:37:21,"{""gw-1"": {""1"": ""conflict"", ""2"": ""conflict""}, ""gw-3"": {""1"": ""blocked"", ""2"": ""blocked""}}"
2025-04-01 04:37:24,"{""gw-2"": {""1"": ""blocked"", ""2"": ""blocked""}, ""gw-3"": {""1"": ""conflict"", ""2"": ""conflict""}}"
2025-04-01 04:37:26,"{""gw-2"": {""1"": ""blocked"", ""2"": ""blocked""}}"
2025-04-01 04:37:28,"{""gw-3"": {""1"": ""blocked"", ""2"": ""blocked""}, ""gw-1"": {""1"": ""blocked"", ""2"": ""blocked""}}"
2025-04-01 04:37:34,"{""gw-1"": {""1"": ""conflict"", ""2"": ""blocked""}, ""gw-3"": {""1"": ""blocked"", ""2"": ""blocked""}, ""gw-2"": {""1"": ""blocked"", ""2"": ""blocked""}}"
2025-04-01 04:37:34,"{""gw-3"": {""1"": ""blocked"", ""2"": ""blocked""}}"
2025-04-01 04:37:34,"{""gw-2"": {""1"": ""blocked"", ""2"": ""blocked""}}"
2025-04-01 04:37:35,"{""gw-2"": {""1"": ""blocked"", ""2"": ""blocked""}}"
2025-04-01 04:37:37,"{""gw-1"": {""1"": ""blocked"", ""2"": ""blocked""}}"
2025-04-01 04:37:39,"{""gw-1"": {""1"": ""blocked"", ""2"": ""blocked""}, ""gw-3"": {""1"": ""conflict"", ""2"": ""blocked""}}"
2025-04-01 04:37:43,"{""gw-3"": {""1"": ""blocked"", ""2"": ""blocked""}}"
2025-04-01 04:37:48,"{""gw-2"": {""1"": ""blocked"", ""2"": ""blocked""}}"
2025-04-01 04:37:49,"{""gw-3"": {""1"": ""blocked"", ""2"": ""blocked""}, ""gw-2"": {""1"": ""blocked"", ""2"": ""blocked""}}"
2025-04-01 04:37:49,"{""gw-2"": {""1"": ""blocked"", ""2"": ""blocked""}, ""gw-3"": {""1"": ""blocked"", ""2"": ""blocked""}}"
2025-04-01 04:37:49,"{""gw-1"": {""1"": ""blocked"", ""2"": ""blocked""}}"
2025-04-01 04:37:49,"{""gw-1"": {""1"": ""blocked"", ""2"": ""blocked""}}"
2025-04-01 04:37:52,"{""gw-1"": {""1"": ""blocked"", ""2"": ""blocked""}, ""gw-3"": {""1"": ""conflict"", ""2"": ""blocked""}}"
2025-04-01 04:37:53,"{""gw-2"": {""1"": ""blocked"", ""2"": ""blocked""}}"
2025-04-01 04:37:54,"{""gw-2"": {""1"": ""blocked"", ""2"": ""blocked""}, ""gw-3"": {""1"": ""blocked"", ""2"": ""blocked""}}"
2025-04-01 04:37:55,"{""gw-1"": {""1"": ""blocked"", ""2"": ""blocked""}}"
2025-04-01 04:37:55,"{""gw-1"": {""1"": ""blocked"", ""2"": ""blocked""}, ""gw-3"": {""1"": ""blocked"", ""2"": ""blocked""}}"
2025-04-01 04:37:56,"{""gw-1"": {""1"": ""blocked"", ""2"": ""blocked""}}"
2025-04-01 04:37:57,"{""gw-3"": {""1"": ""blocked"", ""2"": ""blocked""}}"
2025-04-01 04:37:59,"{""gw-3"": {""1"": ""blocked"", ""2"": ""blocked""}}"
2025-04-01 04:37:59,"{""gw-3"": {""1"": ""blocked"", ""2"": ""blocked""}}"
2025-04-01 04:38:05,"{""gw-1"": {""1"": ""blocked"", ""2"": ""blocked""}, ""gw-3"": {""1"": ""conflict"", ""2"": ""blocked""}}"
2025-04-01 04:38:06,"{""gw-2"": {""1"": ""blocked"", ""2"": ""blocked""}}"
2025-04-01 04:38:07,"{""gw-1"": {""1"": ""blocked"", ""2"": ""blocked""}, ""gw-2"": {""1"": ""blocked"", ""2"": ""blocked""}}"
2025-04-01 04:38:08,"{""gw-1"": {""1"": ""blocked"", ""2"": ""blocked""}}"
2025-04-01 04:38:08,"{""gw-1"": {""1"": ""blocked"", ""2"": ""blocked""}, ""gw-2"": {""1"": ""blocked"", ""2"": ""blocked""}}"
2025-04-01 04:38:11,"{""gw-2"": {""1"": ""conflict"", ""2"": ""blocked""}, ""gw-3"": {""1"": ""blocked"", ""2"": ""blocked""}}"
2025-04-01 04:38:16,"{""gw-2"": {""1"": ""blocked"", ""2"": ""blocked""}}"
2025-04-01 04:38:19,"{""gw-3"": {""1"": ""conflict"", ""2"": ""conflict""}, ""gw-2"": {""1"": ""blocked"", ""2"": ""blocked""}}"
2025-04-01 04:38:19,"{""gw-2"": {""1"": ""blocked"", ""2"": ""blocked""}, ""gw-1"": {""1"": ""blocked"", ""2"": ""blocked""}}"
2025-04-01 04:38:19,"{""gw-3"": {""1"": ""blocked"", ""2"": ""conflict""}, ""gw-2"": {""1"": ""blocked"", ""2"": ""blocked""}, ""gw-1"": {""1"": ""blocked"", ""2"": ""blocked""}}"
2025-04-01 04:38:23,"{""gw-1"": {""1"": ""blocked"", ""2"": ""blocked""}}"
2025-04-01 04:38:24,"{""gw-3"": {""1"": ""blocked"", ""2"": ""blocked""}}"
2025-04-01 04:38:34,"{""gw-2"": {""1"": ""blocked"", ""2"": ""conflict""}}"
2025-04-01 04:38:36,"{""gw-2"": {""1"": ""conflict"", ""2"": ""blocked""}}"
2025-04-01 04:38:38,"{""gw-3"": {""1"": ""blocked"", ""2"": ""blocked""}, ""gw-2"": {""1"": ""blocked"", ""2"": ""blocked""}}"
2025-04-01 04:38:39,"{""gw-3"": {""1"": ""blocked"", ""2"": ""blocked""}}"
2025-04-01 04:38:41,"{""gw-3"": {""1"": ""blocked"", ""2"": ""blocked""}, ""gw-2"": {""1"": ""blocked"", ""2"": ""blocked""}}"
2025-04-01 04:38:41,"{""gw-1"": {""1"": ""blocked"", ""2"": ""blocked""}}"
2025-04-01 04:38:41,"{""gw-3"": {""1"": ""blocked"", ""2"": ""blocked""}}"
2025-04-01 04:38:42,"{""gw-1"": {""1"": ""blocked"", ""2"": ""blocked""}}"
2025-04-01 04:38:43,"{""gw-2"": {""1"": ""blocked"", ""2"": ""blocked""}}"
2025-04-01 04:38:44,"{""gw-2"": {""1"": ""blocked"", ""2"": ""blocked""}}"
2025-04-01 04:38:44,"{""gw-2"": {""1"": ""blocked"", ""2"": ""blocked""}, ""gw-1"": {""1"": ""blocked"", ""2"": ""blocked""}}"
2025-04-01 04:38:50,"{""gw-1"": {""1"": ""blocked"", ""2"": ""conflict""}}"
2025-04-01 04:38:52,"{""gw-2"": {""1"": ""blocked"", ""2"": ""blocked""}}"
2025-04-01 04:38:53,"{""gw-3"": {""1"": ""blocked"", ""2"": ""blocked""}}"
2025-04-01 04:38:54,"{""gw-2"": {""1"": ""blocked"", ""2"": ""blocked""}}"
2025-04-01 04:38:55,"{""gw-2"": {""1"": ""blocked"", ""2"": ""blocked""}, ""gw-3"": {""1"": ""blocked"", ""2"": ""blocked""}}"
2025-04-01 04:39:01,"{""gw-1"": {""1"": ""blocked"", ""2"": ""blocked""}}"
2025-04-01 04:39:08,"{""gw-2"": {""1"": ""blocked"", ""2"": ""blocked""}}"
2025-04-01 04:39:09,"{""gw-2"": {""1"": ""blocked"", ""2"": ""blocked""}}"
2025-04-01 04:39:09,"{""gw-2"": {""1"": ""blocked"", ""2"": ""blocked""}}"
2025-04-01 04:39:10,"{""gw-3"": {""1"": ""blocked"", ""2"": ""blocked""}}"
2025-04-01 04:39:10,"{""gw-2"": {""1"": ""blocked"", ""2"": ""blocked""}}"
2025-04-01 04:39:10,"{""gw-3"": {""1"": ""blocked"", ""2"": ""blocked""}, ""gw-1"": {""1"": ""blocked"", ""2"": ""blocked""}}"
2025-04-01 04:39:10,"{""gw-1"": {""1"": ""blocked"", ""2"": ""blocked""}}"
2025-04-01 04:39:11,"{""gw-2"": {""1"": ""blocked"", ""2"": ""blocked""}}"
2025-04-01 04:39:16,"{""gw-1"": {""1"": ""blocked"", ""2"": ""blocked""}}"
2025-04-01 04:39:25,"{""gw-3"": {""1"": ""blocked"", ""2"": ""blocked""}}"
2025-04-01 04:39:26,"{""gw-2"": {""1"": ""conflict"", ""2"": ""conflict""}, ""gw-1"": {""1"": ""blocked"", ""2"": ""blocked""}}"
2025-04-01 04:39:30,"{""gw-2"": {""1"": ""blocked"", ""2"": ""blocked""}}"
2025-04-01 04:39:30,"{""gw-2"": {""1"": ""blocked"", ""2"": ""blocked""}}"
2025-04-01 04:39:30,"{""gw-1"": {""1"": ""blocked"", ""2"": ""blocked""}}"
2025-04-01 04:39:35,"{""gw-2"": {""1"": ""blocked"", ""2"": ""blocked""}}"
2025-04-01 04:39:38,"{""gw-3"": {""1"": ""conflict"", ""2"": ""conflict""}}"
2025-04-01 04:39:47,"{""gw-2"": {""1"": ""blocked"", ""2"": ""blocked""}}"
2025-04-01 04:39:53,"{""gw-1"": {""1"": ""blocked"", ""2"": ""blocked""}}"
2025-04-01 04:39:57,"{""gw-2"": {""1"": ""blocked"", ""2"": ""conflict""}}"
2025-04-01 04:39:58,"{""gw-1"": {""1"": ""blocked"", ""2"": ""blocked""}, ""gw-3"": {""1"": ""blocked"", ""2"": ""blocked""}}"
2025-04-01 04:40:03,"{""gw-2"": {""1"": ""blocked"", ""2"": ""blocked""}, ""gw-1"": {""1"": ""conflict"", ""2"": ""blocked""}}"
2025-04-01 04:40:04,"{""gw-3"": {""1"": ""blocked"", ""2"": ""blocked""}}"
2025-04-01 04:40:05,"{""gw-3"": {""1"": ""blocked"", ""2"": ""blocked""}, ""gw-1"": {""1"": ""blocked"", ""2"": ""blocked""}}"
2025-04-01 04:40:06,"{""gw-1"": {""1"": ""blocked"", ""2"": ""blocked""}}"
2025-04-01 04:40:10,"{""gw-2"": {""1"": ""conflict"", ""2"": ""blocked""}}"
2025-04-01 04:40:13,"{""gw-3"": {""1"": ""blocked"", ""2"": ""blocked""}}"
2025-04-01 04:40:13,"{""gw-3"": {""1"": ""blocked"", ""2"": ""blocked""}, ""gw-2"": {""1"": ""blocked"", ""2"": ""blocked""}}"
2025-04-01 04:40:14,"{""gw-3"": {""1"": ""blocked"", ""2"": ""blocked""}}"
2025-04-01 04:40:15,"{""gw-2"": {""1"": ""blocked"", ""2"": ""blocked""}}"
2025-04-01 04:40:17,"{""gw-2"": {""1"": ""blocked"", ""2"": ""blocked""}}"
2025-04-01 04:40:17,"{""gw-3"": {""1"": ""blocked"", ""2"": ""blocked""}, ""gw-2"": {""1"": ""blocked"", ""2"": ""blocked""}}"
2025-04-01 04:40:17,"{""gw-2"": {""1"": ""blocked"", ""2"": ""blocked""}}"
2025-04-01 04:40:18,"{""gw-2"": {""1"": ""blocked"", ""2"": ""blocked""}}"
2025-04-01 04:40:20,"{""gw-3"": {""1"": ""conflict"", ""2"": ""conflict""}}"
2025-04-01 04:40:21,"{""gw-1"": {""1"": ""blocked"", ""2"": ""blocked""}}"
2025-04-01 04:40:22,"{""gw-1"": {""1"": ""blocked"", ""2"": ""blocked""}}"
2025-04-01 04:40:23,"{""gw-2"": {""1"": ""conflict"", ""2"": ""blocked""}, ""gw-1"": {""1"": ""blocked"", ""2"": ""blocked""}}"
2025-04-01 04:40:24,"{""gw-1"": {""1"": ""blocked"", ""2"": ""blocked""}}"
2025-04-01 04:40:25,"{""gw-3"": {""1"": ""blocked"", ""2"": ""blocked""}}"
2025-04-01 04:40:26,"{""gw-2"": {""1"": ""blocked"", ""2"": ""blocked""}}"
2025-04-01 04:40:27,"{""gw-2"": {""1"": ""blocked"", ""2"": ""blocked""}, ""gw-3"": {""1"": ""blocked"", ""2"": ""blocked""}}"
2025-04-01 04:40:28,"{""gw-1"": {""1"": ""blocked"", ""2"": ""conflict""}}"
2025-04-01 04:40:29,"{""gw-1"": {""1"": ""conflict"", ""2"": ""blocked""}}"
2025-04-01 04:40:31,"{""gw-3"": {""1"": ""blocked"", ""2"": ""blocked""}}"
2025-04-01 04:40:31,"{""gw-2"": {""1"": ""blocked"", ""2"": ""blocked""}, ""gw-1"": {""1"": ""blocked"", ""2"": ""blocked""}}"
2025-04-01 04:40:32,"{""gw-3"": {""1"": ""blocked"", ""2"": ""conflict""}}"
2025-04-01 04:40:33,"{""gw-1"": {""1"": ""blocked"", ""2"": ""blocked""}}"
2025-04-01 04:40:35,"{""gw-1"": {""1"": ""blocked"", ""2"": ""blocked""}, ""gw-2"": {""1"": ""blocked"", ""2"": ""conflict""}}"
2025-04-01 04:40:35,"{""gw-2"": {""1"": ""blocked"", ""2"": ""conflict""}}"
2025-04-01 04:40:36,"{""gw-1"": {""1"": ""blocked"", ""2"": ""blocked""}}"
2025-04-01 04:40:37,"{""gw-1"": {""1"": ""blocked"", ""2"": ""blocked""}}"
2025-04-01 04:40:37,"{""gw-1"": {""1"": ""blocked"", ""2"": ""blocked""}, ""gw-3"": {""1"": ""blocked"", ""2"": ""blocked""}}"
2025-04-01 04:40:38,"{""gw-1"": {""1"": ""blocked"", ""2"": ""blocked""}, ""gw-3"": {""1"": ""blocked"", ""2"": ""blocked""}, ""gw-2"": {""1"": ""blocked"", ""2"": ""blocked""}}"
2025-04-01 04:40:38,"{""gw-3"": {""1"": ""blocked"", ""2"": ""blocked""}, ""gw-1"": {""1"": ""blocked"", ""2"": ""blocked""}}"
2025-04-01 04:40:38,"{""gw-1"": {""1"": ""blocked"", ""2"": ""blocked""}}"
2025-04-01 04:40:40,"{""gw-2"": {""1"": ""blocked"", ""2"": ""blocked""}, ""gw-1"": {""1"": ""blocked"", ""2"": ""conflict""}, ""gw-3"": {""1"": ""blocked"", ""2"": ""blocked""}}"
2025-04-01 04:40:45,"{""gw-1"": {""1"": ""blocked"", ""2"": ""blocked""}}"
2025-04-01 04:40:45,"{""gw-1"": {""1"": ""blocked"", ""2"": ""blocked""}}"
2025-04-01 04:40:46,"{""gw-1"": {""1"": ""blocked"", ""2"": ""blocked""}}"
2025-04-01 04:40:59,"{""gw-1"": {""1"": ""blocked"", ""2"": ""blocked""}}"
2025-04-01 04:41:01,"{""gw-1"": {""1"": ""blocked"", ""2"": ""blocked""}}"
2025-04-01 04:41:11,"{""gw-2"": {""1"": ""conflict"", ""2"": ""blocked""}}"
2025-04-01 04:41:13,"{""gw-1"": {""1"": ""conflict"", ""2"": ""blocked""}}"
2025-04-01 04:41:15,"{""gw-2"": {""1"": ""blocked"", ""2"": ""blocked""}}"
2025-04-01 04:41:17,"{""gw-3"": {""1"": ""blocked"", ""2"": ""blocked""}}"
2025-04-01 04:41:18,"{""gw-3"": {""1"": ""blocked"", ""2"": ""blocked""}, ""gw-2"": {""1"": ""blocked"", ""2"": ""blocked""}}"
2025-04-01 04:41:18,"{""gw-2"": {""1"": ""blocked"", ""2"": ""blocked""}}"
2025-04-01 04:41:23,"{""gw-2"": {""1"": ""blocked"", ""2"": ""conflict""}}"
2025-04-01 04:41:23,"{""gw-2"": {""1"": ""blocked"", ""2"": ""conflict""}}"
2025-04-01 04:41:30,"{""gw-2"": {""1"": ""blocked"", ""2"": ""blocked""}}"
2025-04-01 04:41:30,"{""gw-2"": {""1"": ""blocked"", ""2"": ""blocked""}, ""gw-3"": {""1"": ""blocked"", ""2"": ""blocked""}}"
2025-04-01 04:41:32,"{""gw-2"": {""1"": ""blocked"", ""2"": ""blocked""}, ""gw-1"": {""1"": ""conflict"", ""2"": ""conflict""}}"
2025-04-01 04:41:33,"{""gw-1"": {""1"": ""conflict"", ""2"": ""blocked""}, ""gw-3"": {""1"": ""blocked"", ""2"": ""blocked""}}"
2025-04-01 04:41:36,"{""gw-2"": {""1"": ""blocked"", ""2"": ""conflict""}, ""gw-3"": {""1"": ""blocked"", ""2"": ""blocked""}}"
2025-04-01 04:41:36,"{""gw-3"": {""1"": ""blocked"", ""2"": ""blocked""}}"
2025-04-01 04:41:36,"{""gw-1"": {""1"": ""blocked"", ""2"": ""blocked""}, ""gw-3"": {""1"": ""blocked"", ""2"": ""blocked""}, ""gw-2"": {""1"": ""conflict"", ""2"": ""blocked""}}"
2025-04-01 04:41:51,"{""gw-3"": {""1"": ""blocked"", ""2"": ""blocked""}}"
2025-04-01 04:41:52,"{""gw-2"": {""1"": ""conflict"", ""2"": ""blocked""}}"
2025-04-01 04:41:54,"{""gw-3"": {""1"": ""blocked"", ""2"": ""blocked""}}"
2025-04-01 04:41:55,"{""gw-1"": {""1"": ""blocked"", ""2"": ""blocked""}}"
2025-04-01 04:41:58,"{""gw-2"": {""1"": ""blocked"", ""2"": ""blocked""}}"
2025-04-01 04:42:00,"{""gw-2"": {""1"": ""blocked"", ""2"": ""blocked""}}"
2025-04-01 04:42:07,"{""gw-2"": {""1"": ""conflict"", ""2"": ""blocked""}, ""gw-3"": {""1"": ""blocked"", ""2"": ""blocked""}}"
2025-04-01 04:42:16,"{""gw-2"": {""1"": ""blocked"", ""2"": ""blocked""}, ""gw-1"": {""1"": ""blocked"", ""2"": ""blocked""}}"
2025-04-01 04:42:18,"{""gw-1"": {""1"": ""blocked"", ""2"": ""blocked""}, ""gw-3"": {""1"": ""blocked"", ""2"": ""blocked""}}"
2025-04-01 04:42:21,"{""gw-3"": {""1"": ""blocked"", ""2"": ""blocked""}, ""gw-2"": {""1"": ""blocked"", ""2"": ""conflict""}}"
2025-04-01 04:42:22,"{""gw-2"": {""1"": ""conflict"", ""2"": ""blocked""}}"
2025-04-01 04:42:26,"{""gw-2"": {""1"": ""blocked"", ""2"": ""blocked""}}"
2025-04-01 04:42:27,"{""gw-3"": {""1"": ""conflict"", ""2"": ""blocked""}}"
2025-04-01 04:42:27,"{""gw-3"": {""1"": ""conflict"", ""2"": ""blocked""}}"
2025-04-01 04:42:28,"{""gw-2"": {""1"": ""blocked"", ""2"": ""blocked""}}"
2025-04-01 04:42:30,"{""gw-2"": {""1"": ""blocked"", ""2"": ""blocked""}, ""gw-3"": {""1"": ""blocked"", ""2"": ""blocked""}}"
2025-04-01 04:42:32,"{""gw-1"": {""1"": ""blocked"", ""2"": ""blocked""}}"
2025-04-01 04:42:43,"{""gw-2"": {""1"": ""blocked"", ""2"": ""blocked""}}"
2025-04-01 04:42:44,"{""gw-2"": {""1"": ""blocked"", ""2"": ""blocked""}}"
2025-04-01 04:42:47,"{""gw-1"": {""1"": ""conflict"", ""2"": ""blocked""}}"
2025-04-01 04:42:49,"{""gw-3"": {""1"": ""blocked"", ""2"": ""blocked""}, ""gw-1"": {""1"": ""blocked"", ""2"": ""blocked""}}"
2025-04-01 04:42:50,"{""gw-2"": {""1"": ""blocked"", ""2"": ""blocked""}}"
2025-04-01 04:42:51,"{""gw-1"": {""1"": ""blocked"", ""2"": ""blocked""}, ""gw-2"": {""1"": ""blocked"", ""2"": ""blocked""}}"
2025-04-01 04:42:52,"{""gw-1"": {""1"": ""blocked"", ""2"": ""blocked""}}"
2025-04-01 04:42:52,"{""gw-2"": {""1"": ""blocked"", ""2"": ""blocked""}}"
2025-04-01 04:42:53,"{""gw-2"": {""1"": ""blocked"", ""2"": ""blocked""}, ""gw-1"": {""1"": ""blocked"", ""2"": ""blocked""}}"
2025-04-01 04:42:55,"{""gw-2"": {""1"": ""blocked"", ""2"": ""blocked""}, ""gw-1"": {""1"": ""blocked"", ""2"": ""blocked""}}"
2025-04-01 04:43:00,"{""gw-2"": {""1"": ""conflict"", ""2"": ""blocked""}}"
2025-04-01 04:43:02,"{""gw-3"": {""1"": ""blocked"", ""2"": ""blocked""}}"
2025-04-01 04:43:13,"{""gw-3"": {""1"": ""blocked"", ""2"": ""blocked""}}"
2025-04-01 04:43:14,"{""gw-3"": {""1"": ""blocked"", ""2"": ""blocked""}}"
2025-04-01 04:43:15,"{""gw-2"": {""1"": ""blocked"", ""2"": ""blocked""}}"
2025-04-01 04:43:17,"{""gw-2"": {""1"": ""blocked"", ""2"": ""blocked""}}"
2025-04-01 04:43:18,"{""gw-2"": {""1"": ""blocked"", ""2"": ""blocked""}, ""gw-3"": {""1"": ""blocked"", ""2"": ""conflict""}, ""gw-1"": {""1"": ""blocked"", ""2"": ""blocked""}}"
2025-04-01 04:43:19,"{""gw-2"": {""1"": ""blocked"", ""2"": ""blocked""}, ""gw-3"": {""1"": ""conflict"", ""2"": ""conflict""}}"
2025-04-01 04:43:20,"{""gw-2"": {""1"": ""blocked"", ""2"": ""blocked""}}"
2025-04-01 04:43:22,"{""gw-3"": {""1"": ""blocked"", ""2"": ""blocked""}}"
2025-04-01 04:43:22,"{""gw-2"": {""1"": ""blocked"", ""2"": ""conflict""}}"
2025-04-01 04:43:24,"{""gw-3"": {""1"": ""blocked"", ""2"": ""blocked""}, ""gw-1"": {""1"": ""blocked"", ""2"": ""blocked""}}"
2025-04-01 04:43:25,"{""gw-3"": {""1"": ""blocked"", ""2"": ""blocked""}, ""gw-1"": {""1"": ""conflict"", ""2"": ""conflict""}}"
2025-04-01 04:43:26,"{""gw-3"": {""1"": ""blocked"", ""2"": ""blocked""}, ""gw-2"": {""1"": ""blocked"", ""2"": ""blocked""}}"
2025-04-01 04:43:27,"{""gw-1"": {""1"": ""conflict"", ""2"": ""blocked""}, ""gw-2"": {""1"": ""blocked"", ""2"": ""blocked""}}"
2025-04-01 04:43:27,"{""gw-1"": {""1"": ""conflict"", ""2"": ""blocked""}}"
2025-04-01 04:43:29,"{""gw-1"": {""1"": ""blocked"", ""2"": ""blocked""}}"
2025-04-01 04:43:30,"{""gw-2"": {""1"": ""blocked"", ""2"": ""blocked""}}"
2025-04-01 04:43:33,"{""gw-1"": {""1"": ""blocked"", ""2"": ""blocked""}, ""gw-2"": {""1"": ""blocked"", ""2"": ""blocked""}}"
2025-04-01 04:43:33,"{""gw-1"": {""1"": ""blocked"", ""2"": ""blocked""}}"
2025-04-01 04:43:33,"{""gw-2"": {""1"": ""blocked"", ""2"": ""blocked""}, ""gw-3"": {""1"": ""conflict"", ""2"": ""conflict""}}"
2025-04-01 04:43:33,"{""gw-2"": {""1"": ""blocked"", ""2"": ""blocked""}, ""gw-3"": {""1"": ""conflict"", ""2"": ""conflict""}}"
2025-04-01 04:43:35,"{""gw-2"": {""1"": ""conflict"", ""2"": ""blocked""}}"
2025-04-01 04:43:38,"{""gw-3"": {""1"": ""blocked"", ""2"": ""blocked""}}"
2025-04-01 04:43:38,"{""gw-2"": {""1"": ""blocked"", ""2"": ""blocked""}}"
2025-04-01 04:43:43,"{""gw-1"": {""1"": ""conflict"", ""2"": ""blocked""}, ""gw-3"": {""1"": ""blocked"", ""2"": ""blocked""}}"
2025-04-01 04:43:47,"{""gw-3"": {""1"": ""conflict"", ""2"": ""conflict""}}"
2025-04-01 04:43:47,"{""gw-3"": {""1"": ""conflict"", ""2"": ""conflict""}, ""gw-1"": {""1"": ""blocked"", ""2"": ""blocked""}}"
2025-04-01 04:43:51,"{""gw-3"": {""1"": ""blocked"", ""2"": ""blocked""}}"
2025-04-01 04:43:52,"{""gw-2"": {""1"": ""conflict"", ""2"": ""blocked""}}"
2025-04-01 04:44:01,"{""gw-1"": {""1"": ""blocked"", ""2"": ""blocked""}}"
2025-04-01 04:44:01,"{""gw-2"": {""1"": ""blocked"", ""2"": ""blocked""}}"
2025-04-01 04:44:04,"{""gw-1"": {""1"": ""blocked"", ""2"": ""blocked""}}"
2025-04-01 04:44:11,"{""gw-2"": {""1"": ""conflict"", ""2"": ""blocked""}}"
2025-04-01 04:44:11,"{""gw-3"": {""1"": ""blocked"", ""2"": ""blocked""}}"
2025-04-01 04:44:12,"{""gw-3"": {""1"": ""blocked"", ""2"": ""blocked""}}"
2025-04-01 04:44:12,"{""gw-3"": {""1"": ""blocked"", ""2"": ""blocked""}, ""gw-2"": {""1"": ""blocked"", ""2"": ""blocked""}}"
2025-04-01 04:44:18,"{""gw-1"": {""1"": ""blocked"", ""2"": ""blocked""}, ""gw-3"": {""1"": ""blocked"", ""2"": ""conflict""}}"
2025-04-01 04:44:18,"{""gw-3"": {""1"": ""blocked"", ""2"": ""conflict""}}"
2025-04-01 04:44:20,"{""gw-2"": {""1"": ""blocked"", ""2"": ""blocked""}, ""gw-1"": {""1"": ""conflict"", ""2"": ""conflict""}}"
2025-04-01 04:44:21,"{""gw-3"": {""1"": ""blocked"", ""2"": ""blocked""}}"
2025-04-01 04:44:23,"{""gw-2"": {""1"": ""conflict"", ""2"": ""blocked""}}"
2025-04-01 04:44:24,"{""gw-1"": {""1"": ""conflict"", ""2"": ""blocked""}}"
2025-04-01 04:44:24,"{""gw-3"": {""1"": ""blocked"", ""2"": ""blocked""}}"
2025-04-01 04:44:25,"{""gw-1"": {""1"": ""blocked"", ""2"": ""blocked""}, ""gw-3"": {""1"": ""blocked"", ""2"": ""blocked""}}"
2025-04-01 04:44:26,"{""gw-1"": {""1"": ""blocked"", ""2"": ""blocked""}, ""gw-3"": {""1"": ""blocked"", ""2"": ""blocked""}}"
