timestamp,results
2025-03-30 18:31:35,"{""gw-2"": {""1"": ""conflict"", ""2"": ""conflict""}}"
2025-03-30 18:31:36,"{""gw-2"": {""1"": ""conflict"", ""2"": ""conflict""}}"
2025-03-30 18:31:40,"{""gw-2"": {""1"": ""blocked"", ""2"": ""blocked""}}"
2025-03-30 18:31:46,"{""gw-2"": {""1"": ""blocked"", ""2"": ""blocked""}, ""gw-1"": {""1"": ""blocked"", ""2"": ""blocked""}}"
2025-03-30 18:31:48,"{""gw-1"": {""1"": ""blocked"", ""2"": ""blocked""}}"
2025-03-30 18:31:50,"{""gw-2"": {""1"": ""blocked"", ""2"": ""conflict""}}"
2025-03-30 18:31:50,"{""gw-2"": {""1"": ""conflict"", ""2"": ""conflict""}}"
2025-03-30 18:31:53,"{""gw-2"": {""1"": ""blocked"", ""2"": ""blocked""}}"
2025-03-30 18:31:54,"{""gw-2"": {""1"": ""blocked"", ""2"": ""blocked""}}"
2025-03-30 18:31:54,"{""gw-2"": {""1"": ""blocked"", ""2"": ""blocked""}}"
2025-03-30 18:31:59,"{""gw-1"": {""1"": ""blocked"", ""2"": ""blocked""}, ""gw-2"": {""1"": ""blocked"", ""2"": ""blocked""}}"
2025-03-30 18:32:02,"{""gw-2"": {""1"": ""conflict"", ""2"": ""conflict""}}"
2025-03-30 18:32:03,"{""gw-2"": {""1"": ""blocked"", ""2"": ""conflict""}}"
2025-03-30 18:32:09,"{""gw-2"": {""1"": ""blocked"", ""2"": ""blocked""}}"
2025-03-30 18:32:10,"{""gw-2"": {""1"": ""blocked"", ""2"": ""blocked""}, ""gw-1"": {""1"": ""blocked"", ""2"": ""blocked""}}"
2025-03-30 18:32:10,"{""gw-1"": {""1"": ""blocked"", ""2"": ""blocked""}}"
2025-03-30 18:32:11,"{""gw-1"": {""1"": ""blocked"", ""2"": ""blocked""}}"
2025-03-30 18:32:11,"{""gw-1"": {""1"": ""blocked"", ""2"": ""blocked""}}"
2025-03-30 18:32:12,"{""gw-2"": {""1"": ""blocked"", ""2"": ""blocked""}, ""gw-1"": {""1"": ""blocked"", ""2"": ""blocked""}}"
2025-03-30 18:32:13,"{""gw-2"": {""1"": ""blocked"", ""2"": ""blocked""}}"
2025-03-30 18:32:13,"{""gw-1"": {""1"": ""blocked"", ""2"": ""blocked""}, ""gw-2"": {""1"": ""blocked"", ""2"": ""blocked""}}"
2025-03-30 18:32:14,"{""gw-1"": {""1"": ""blocked"", ""2"": ""blocked""}}"
2025-03-30 18:32:18,"{""gw-2"": {""1"": ""blocked"", ""2"": ""conflict""}}"
2025-03-30 18:32:24,"{""gw-2"": {""1"": ""blocked"", ""2"": ""blocked""}}"
2025-03-30 18:32:26,"{""gw-2"": {""1"": ""blocked"", ""2"": ""blocked""}}"
2025-03-30 18:32:26,"{""gw-2"": {""1"": ""blocked"", ""2"": ""blocked""}}"
2025-03-30 18:32:26,"{""gw-2"": {""1"": ""blocked"", ""2"": ""blocked""}}"
2025-03-30 18:32:28,"{""gw-2"": {""1"": ""blocked"", ""2"": ""blocked""}}"
2025-03-30 18:32:32,"{""gw-1"": {""1"": ""blocked"", ""2"": ""blocked""}}"
2025-03-30 18:32:34,"{""gw-1"": {""1"": ""blocked"", ""2"": ""blocked""}, ""gw-2"": {""1"": ""blocked"", ""2"": ""blocked""}}"
2025-03-30 18:32:48,"{""gw-1"": {""1"": ""blocked"", ""2"": ""blocked""}}"
2025-03-30 18:32:50,"{""gw-1"": {""1"": ""blocked"", ""2"": ""blocked""}}"
2025-03-30 18:32:52,"{""gw-2"": {""1"": ""blocked"", ""2"": ""blocked""}}"
2025-03-30 18:32:53,"{""gw-1"": {""1"": ""blocked"", ""2"": ""blocked""}, ""gw-2"": {""1"": ""blocked"", ""2"": ""blocked""}}"
2025-03-30 18:32:53,"{""gw-2"": {""1"": ""blocked"", ""2"": ""blocked""}}"
2025-03-30 18:32:57,"{""gw-2"": {""1"": ""blocked"", ""2"": ""conflict""}}"
2025-03-30 18:33:01,"{""gw-2"": {""1"": ""blocked"", ""2"": ""blocked""}}"
2025-03-30 18:33:04,"{""gw-1"": {""1"": ""blocked"", ""2"": ""blocked""}, ""gw-2"": {""1"": ""blocked"", ""2"": ""blocked""}}"
2025-03-30 18:33:05,"{""gw-2"": {""1"": ""blocked"", ""2"": ""blocked""}}"
2025-03-30 18:33:05,"{""gw-2"": {""1"": ""blocked"", ""2"": ""blocked""}}"
2025-03-30 18:33:06,"{""gw-1"": {""1"": ""blocked"", ""2"": ""blocked""}}"
2025-03-30 18:33:08,"{""gw-1"": {""1"": ""blocked"", ""2"": ""blocked""}}"
2025-03-30 18:33:10,"{""gw-2"": {""1"": ""blocked"", ""2"": ""conflict""}}"
2025-03-30 18:33:12,"{""gw-1"": {""1"": ""blocked"", ""2"": ""blocked""}}"
2025-03-30 18:33:13,"{""gw-2"": {""1"": ""blocked"", ""2"": ""blocked""}}"
2025-03-30 18:33:14,"{""gw-1"": {""1"": ""blocked"", ""2"": ""blocked""}}"
2025-03-30 18:33:16,"{""gw-1"": {""1"": ""blocked"", ""2"": ""blocked""}}"
2025-03-30 18:33:16,"{""gw-2"": {""1"": ""blocked"", ""2"": ""blocked""}, ""gw-1"": {""1"": ""blocked"", ""2"": ""blocked""}}"
2025-03-30 18:33:19,"{""gw-2"": {""1"": ""blocked"", ""2"": ""blocked""}, ""gw-1"": {""1"": ""blocked"", ""2"": ""blocked""}}"
2025-03-30 18:33:23,"{""gw-2"": {""1"": ""conflict"", ""2"": ""blocked""}}"
2025-03-30 18:33:24,"{""gw-1"": {""1"": ""conflict"", ""2"": ""conflict""}}"
2025-03-30 18:33:24,"{""gw-1"": {""1"": ""conflict"", ""2"": ""blocked""}}"
2025-03-30 18:33:25,"{""gw-1"": {""1"": ""conflict"", ""2"": ""blocked""}}"
2025-03-30 18:33:26,"{""gw-2"": {""1"": ""blocked"", ""2"": ""blocked""}}"
2025-03-30 18:33:26,"{""gw-2"": {""1"": ""blocked"", ""2"": ""blocked""}}"
2025-03-30 18:33:28,"{""gw-1"": {""1"": ""blocked"", ""2"": ""blocked""}}"
2025-03-30 18:33:34,"{""gw-1"": {""1"": ""blocked"", ""2"": ""blocked""}}"
2025-03-30 18:33:38,"{""gw-2"": {""1"": ""blocked"", ""2"": ""blocked""}}"
2025-03-30 18:33:41,"{""gw-2"": {""1"": ""blocked"", ""2"": ""blocked""}}"
2025-03-30 18:33:44,"{""gw-2"": {""1"": ""blocked"", ""2"": ""blocked""}}"
2025-03-30 18:33:45,"{""gw-2"": {""1"": ""blocked"", ""2"": ""blocked""}}"
2025-03-30 18:33:47,"{""gw-1"": {""1"": ""blocked"", ""2"": ""conflict""}}"
2025-03-30 18:33:50,"{""gw-2"": {""1"": ""blocked"", ""2"": ""conflict""}}"
2025-03-30 18:33:51,"{""gw-2"": {""1"": ""conflict"", ""2"": ""blocked""}, ""gw-1"": {""1"": ""blocked"", ""2"": ""blocked""}}"
2025-03-30 18:33:53,"{""gw-2"": {""1"": ""blocked"", ""2"": ""blocked""}, ""gw-1"": {""1"": ""blocked"", ""2"": ""blocked""}}"
2025-03-30 18:33:54,"{""gw-2"": {""1"": ""blocked"", ""2"": ""blocked""}}"
2025-03-30 18:33:56,"{""gw-1"": {""1"": ""blocked"", ""2"": ""blocked""}}"
2025-03-30 18:34:01,"{""gw-1"": {""1"": ""conflict"", ""2"": ""blocked""}}"
2025-03-30 18:34:04,"{""gw-1"": {""1"": ""blocked"", ""2"": ""blocked""}}"
2025-03-30 18:34:06,"{""gw-1"": {""1"": ""blocked"", ""2"": ""blocked""}}"
2025-03-30 18:34:17,"{""gw-2"": {""1"": ""conflict"", ""2"": ""blocked""}}"
2025-03-30 18:34:17,"{""gw-1"": {""1"": ""blocked"", ""2"": ""blocked""}}"
2025-03-30 18:34:20,"{""gw-1"": {""1"": ""blocked"", ""2"": ""blocked""}}"
2025-03-30 18:34:20,"{""gw-1"": {""1"": ""blocked"", ""2"": ""blocked""}}"
2025-03-30 18:34:21,"{""gw-1"": {""1"": ""blocked"", ""2"": ""blocked""}}"
2025-03-30 18:34:22,"{""gw-2"": {""1"": ""blocked"", ""2"": ""blocked""}}"
2025-03-30 18:34:23,"{""gw-2"": {""1"": ""blocked"", ""2"": ""blocked""}}"
2025-03-30 18:34:23,"{""gw-1"": {""1"": ""blocked"", ""2"": ""blocked""}}"
2025-03-30 18:34:23,"{""gw-2"": {""1"": ""blocked"", ""2"": ""blocked""}}"
2025-03-30 18:34:24,"{""gw-2"": {""1"": ""blocked"", ""2"": ""blocked""}}"
2025-03-30 18:34:24,"{""gw-2"": {""1"": ""blocked"", ""2"": ""blocked""}, ""gw-1"": {""1"": ""blocked"", ""2"": ""blocked""}}"
2025-03-30 18:34:27,"{""gw-1"": {""1"": ""conflict"", ""2"": ""blocked""}}"
2025-03-30 18:34:29,"{""gw-2"": {""1"": ""blocked"", ""2"": ""conflict""}, ""gw-1"": {""1"": ""blocked"", ""2"": ""blocked""}}"
2025-03-30 18:34:31,"{""gw-2"": {""1"": ""conflict"", ""2"": ""blocked""}}"
2025-03-30 18:34:33,"{""gw-1"": {""1"": ""blocked"", ""2"": ""blocked""}}"
2025-03-30 18:34:33,"{""gw-1"": {""1"": ""blocked"", ""2"": ""blocked""}}"
2025-03-30 18:34:34,"{""gw-1"": {""1"": ""blocked"", ""2"": ""blocked""}}"
2025-03-30 18:34:35,"{""gw-2"": {""1"": ""conflict"", ""2"": ""blocked""}}"
2025-03-30 18:34:38,"{""gw-1"": {""1"": ""conflict"", ""2"": ""conflict""}}"
2025-03-30 18:34:39,"{""gw-2"": {""1"": ""blocked"", ""2"": ""blocked""}}"
2025-03-30 18:34:40,"{""gw-2"": {""1"": ""blocked"", ""2"": ""blocked""}}"
2025-03-30 18:34:54,"{""gw-1"": {""1"": ""conflict"", ""2"": ""blocked""}}"
2025-03-30 18:34:56,"{""gw-2"": {""1"": ""conflict"", ""2"": ""conflict""}}"
2025-03-30 18:34:56,"{""gw-2"": {""1"": ""conflict"", ""2"": ""conflict""}, ""gw-1"": {""1"": ""blocked"", ""2"": ""blocked""}}"
2025-03-30 18:34:58,"{""gw-1"": {""1"": ""blocked"", ""2"": ""blocked""}}"
2025-03-30 18:34:59,"{""gw-2"": {""1"": ""blocked"", ""2"": ""blocked""}}"
2025-03-30 18:34:59,"{""gw-1"": {""1"": ""blocked"", ""2"": ""blocked""}}"
2025-03-30 18:35:00,"{""gw-1"": {""1"": ""blocked"", ""2"": ""blocked""}}"
2025-03-30 18:35:01,"{""gw-2"": {""1"": ""blocked"", ""2"": ""blocked""}, ""gw-1"": {""1"": ""blocked"", ""2"": ""blocked""}}"
2025-03-30 18:35:01,"{""gw-2"": {""1"": ""blocked"", ""2"": ""blocked""}}"
2025-03-30 18:35:04,"{""gw-1"": {""1"": ""blocked"", ""2"": ""blocked""}}"
2025-03-30 18:35:04,"{""gw-2"": {""1"": ""blocked"", ""2"": ""blocked""}}"
2025-03-30 18:35:06,"{""gw-2"": {""1"": ""blocked"", ""2"": ""blocked""}}"
2025-03-30 18:35:06,"{""gw-2"": {""1"": ""blocked"", ""2"": ""blocked""}}"
2025-03-30 18:35:16,"{""gw-1"": {""1"": ""blocked"", ""2"": ""blocked""}}"
2025-03-30 18:35:16,"{""gw-1"": {""1"": ""blocked"", ""2"": ""blocked""}}"
2025-03-30 18:35:16,"{""gw-1"": {""1"": ""blocked"", ""2"": ""blocked""}}"
2025-03-30 18:35:16,"{""gw-2"": {""1"": ""blocked"", ""2"": ""blocked""}}"
2025-03-30 18:35:17,"{""gw-2"": {""1"": ""blocked"", ""2"": ""blocked""}}"
2025-03-30 18:35:19,"{""gw-2"": {""1"": ""blocked"", ""2"": ""blocked""}, ""gw-1"": {""1"": ""blocked"", ""2"": ""blocked""}}"
2025-03-30 18:35:20,"{""gw-1"": {""1"": ""blocked"", ""2"": ""blocked""}}"
2025-03-30 18:35:24,"{""gw-2"": {""1"": ""blocked"", ""2"": ""conflict""}}"
2025-03-30 18:35:25,"{""gw-2"": {""1"": ""conflict"", ""2"": ""blocked""}}"
2025-03-30 18:35:26,"{""gw-1"": {""1"": ""blocked"", ""2"": ""blocked""}}"
2025-03-30 18:35:26,"{""gw-1"": {""1"": ""blocked"", ""2"": ""blocked""}}"
2025-03-30 18:35:27,"{""gw-1"": {""1"": ""blocked"", ""2"": ""blocked""}}"
2025-03-30 18:35:29,"{""gw-1"": {""1"": ""blocked"", ""2"": ""blocked""}}"
2025-03-30 18:35:30,"{""gw-1"": {""1"": ""blocked"", ""2"": ""blocked""}, ""gw-2"": {""1"": ""blocked"", ""2"": ""blocked""}}"
2025-03-30 18:35:32,"{""gw-1"": {""1"": ""blocked"", ""2"": ""blocked""}}"
2025-03-30 18:35:32,"{""gw-1"": {""1"": ""blocked"", ""2"": ""blocked""}}"
2025-03-30 18:35:32,"{""gw-2"": {""1"": ""blocked"", ""2"": ""blocked""}}"
2025-03-30 18:35:34,"{""gw-2"": {""1"": ""blocked"", ""2"": ""blocked""}, ""gw-1"": {""1"": ""blocked"", ""2"": ""blocked""}}"
2025-03-30 18:35:34,"{""gw-2"": {""1"": ""blocked"", ""2"": ""blocked""}}"
2025-03-30 18:35:41,"{""gw-2"": {""1"": ""conflict"", ""2"": ""blocked""}}"
2025-03-30 18:35:41,"{""gw-1"": {""1"": ""blocked"", ""2"": ""blocked""}}"
2025-03-30 18:35:42,"{""gw-2"": {""1"": ""blocked"", ""2"": ""blocked""}}"
2025-03-30 18:35:44,"{""gw-2"": {""1"": ""blocked"", ""2"": ""blocked""}}"
2025-03-30 18:35:45,"{""gw-2"": {""1"": ""blocked"", ""2"": ""blocked""}, ""gw-1"": {""1"": ""blocked"", ""2"": ""blocked""}}"
2025-03-30 18:35:50,"{""gw-2"": {""1"": ""blocked"", ""2"": ""blocked""}}"
2025-03-30 18:35:55,"{""gw-2"": {""1"": ""conflict"", ""2"": ""blocked""}}"
2025-03-30 18:35:57,"{""gw-1"": {""1"": ""blocked"", ""2"": ""blocked""}}"
2025-03-30 18:35:58,"{""gw-1"": {""1"": ""blocked"", ""2"": ""blocked""}}"
2025-03-30 18:35:59,"{""gw-2"": {""1"": ""blocked"", ""2"": ""blocked""}}"
2025-03-30 18:36:00,"{""gw-1"": {""1"": ""blocked"", ""2"": ""blocked""}}"
2025-03-30 18:36:00,"{""gw-1"": {""1"": ""blocked"", ""2"": ""blocked""}}"
2025-03-30 18:36:01,"{""gw-1"": {""1"": ""blocked"", ""2"": ""blocked""}}"
2025-03-30 18:36:01,"{""gw-2"": {""1"": ""blocked"", ""2"": ""blocked""}, ""gw-1"": {""1"": ""blocked"", ""2"": ""blocked""}}"
2025-03-30 18:36:03,"{""gw-2"": {""1"": ""blocked"", ""2"": ""blocked""}}"
2025-03-30 18:36:05,"{""gw-2"": {""1"": ""blocked"", ""2"": ""blocked""}, ""gw-1"": {""1"": ""conflict"", ""2"": ""conflict""}}"
2025-03-30 18:36:06,"{""gw-1"": {""1"": ""conflict"", ""2"": ""blocked""}}"
2025-03-30 18:36:08,"{""gw-2"": {""1"": ""conflict"", ""2"": ""blocked""}}"
2025-03-30 18:36:08,"{""gw-2"": {""1"": ""conflict"", ""2"": ""blocked""}}"
2025-03-30 18:36:09,"{""gw-1"": {""1"": ""blocked"", ""2"": ""blocked""}}"
2025-03-30 18:36:12,"{""gw-1"": {""1"": ""blocked"", ""2"": ""blocked""}, ""gw-2"": {""1"": ""blocked"", ""2"": ""blocked""}}"
2025-03-30 18:36:12,"{""gw-2"": {""1"": ""blocked"", ""2"": ""blocked""}}"
2025-03-30 18:36:16,"{""gw-1"": {""1"": ""blocked"", ""2"": ""blocked""}}"
2025-03-30 18:36:16,"{""gw-1"": {""1"": ""blocked"", ""2"": ""conflict""}}"
2025-03-30 18:36:17,"{""gw-2"": {""1"": ""blocked"", ""2"": ""blocked""}}"
2025-03-30 18:36:19,"{""gw-1"": {""1"": ""blocked"", ""2"": ""blocked""}}"
2025-03-30 18:36:20,"{""gw-1"": {""1"": ""blocked"", ""2"": ""blocked""}}"
2025-03-30 18:36:20,"{""gw-1"": {""1"": ""blocked"", ""2"": ""blocked""}, ""gw-2"": {""1"": ""conflict"", ""2"": ""blocked""}}"
2025-03-30 18:36:21,"{""gw-2"": {""1"": ""conflict"", ""2"": ""blocked""}, ""gw-1"": {""1"": ""blocked"", ""2"": ""blocked""}}"
2025-03-30 18:36:21,"{""gw-1"": {""1"": ""blocked"", ""2"": ""blocked""}}"
2025-03-30 18:36:21,"{""gw-1"": {""1"": ""blocked"", ""2"": ""blocked""}}"
2025-03-30 18:36:23,"{""gw-1"": {""1"": ""blocked"", ""2"": ""blocked""}}"
2025-03-30 18:36:25,"{""gw-1"": {""1"": ""blocked"", ""2"": ""blocked""}}"
2025-03-30 18:36:26,"{""gw-2"": {""1"": ""blocked"", ""2"": ""blocked""}}"
2025-03-30 18:36:28,"{""gw-2"": {""1"": ""blocked"", ""2"": ""blocked""}, ""gw-1"": {""1"": ""blocked"", ""2"": ""conflict""}}"
2025-03-30 18:36:28,"{""gw-1"": {""1"": ""blocked"", ""2"": ""conflict""}}"
2025-03-30 18:36:29,"{""gw-2"": {""1"": ""blocked"", ""2"": ""blocked""}}"
2025-03-30 18:36:30,"{""gw-2"": {""1"": ""blocked"", ""2"": ""blocked""}}"
2025-03-30 18:36:32,"{""gw-1"": {""1"": ""blocked"", ""2"": ""blocked""}}"
2025-03-30 18:36:32,"{""gw-2"": {""1"": ""blocked"", ""2"": ""conflict""}}"
2025-03-30 18:36:32,"{""gw-1"": {""1"": ""blocked"", ""2"": ""blocked""}}"
2025-03-30 18:36:33,"{""gw-1"": {""1"": ""blocked"", ""2"": ""blocked""}}"
2025-03-30 18:36:35,"{""gw-1"": {""1"": ""blocked"", ""2"": ""blocked""}}"
2025-03-30 18:36:39,"{""gw-2"": {""1"": ""blocked"", ""2"": ""blocked""}}"
2025-03-30 18:36:39,"{""gw-1"": {""1"": ""blocked"", ""2"": ""blocked""}}"
2025-03-30 18:36:41,"{""gw-2"": {""1"": ""blocked"", ""2"": ""blocked""}}"
2025-03-30 18:36:41,"{""gw-2"": {""1"": ""blocked"", ""2"": ""blocked""}, ""gw-1"": {""1"": ""conflict"", ""2"": ""conflict""}}"
2025-03-30 18:36:41,"{""gw-1"": {""1"": ""conflict"", ""2"": ""conflict""}}"
2025-03-30 18:36:41,"{""gw-1"": {""1"": ""conflict"", ""2"": ""conflict""}, ""gw-2"": {""1"": ""blocked"", ""2"": ""blocked""}}"
2025-03-30 18:36:42,"{""gw-1"": {""1"": ""conflict"", ""2"": ""blocked""}}"
2025-03-30 18:36:42,"{""gw-1"": {""1"": ""conflict"", ""2"": ""blocked""}, ""gw-2"": {""1"": ""blocked"", ""2"": ""blocked""}}"
2025-03-30 18:36:42,"{""gw-1"": {""1"": ""conflict"", ""2"": ""blocked""}}"
2025-03-30 18:36:42,"{""gw-1"": {""1"": ""conflict"", ""2"": ""blocked""}}"
2025-03-30 18:36:42,"{""gw-1"": {""1"": ""conflict"", ""2"": ""blocked""}}"
2025-03-30 18:36:47,"{""gw-2"": {""1"": ""conflict"", ""2"": ""blocked""}, ""gw-1"": {""1"": ""conflict"", ""2"": ""blocked""}}"
2025-03-30 18:36:49,"{""gw-1"": {""1"": ""blocked"", ""2"": ""blocked""}}"
2025-03-30 18:36:50,"{""gw-1"": {""1"": ""blocked"", ""2"": ""blocked""}}"
2025-03-30 18:36:50,"{""gw-2"": {""1"": ""blocked"", ""2"": ""blocked""}}"
2025-03-30 18:36:52,"{""gw-2"": {""1"": ""blocked"", ""2"": ""blocked""}, ""gw-1"": {""1"": ""blocked"", ""2"": ""blocked""}}"
2025-03-30 18:36:55,"{""gw-1"": {""1"": ""blocked"", ""2"": ""conflict""}}"
2025-03-30 18:36:55,"{""gw-1"": {""1"": ""blocked"", ""2"": ""conflict""}}"
2025-03-30 18:36:56,"{""gw-1"": {""1"": ""conflict"", ""2"": ""conflict""}, ""gw-2"": {""1"": ""blocked"", ""2"": ""blocked""}}"
2025-03-30 18:36:57,"{""gw-2"": {""1"": ""blocked"", ""2"": ""blocked""}}"
2025-03-30 18:36:59,"{""gw-1"": {""1"": ""blocked"", ""2"": ""blocked""}}"
2025-03-30 18:36:59,"{""gw-2"": {""1"": ""blocked"", ""2"": ""conflict""}}"
2025-03-30 18:37:01,"{""gw-1"": {""1"": ""blocked"", ""2"": ""blocked""}}"
2025-03-30 18:37:02,"{""gw-1"": {""1"": ""blocked"", ""2"": ""blocked""}}"
2025-03-30 18:37:03,"{""gw-2"": {""1"": ""blocked"", ""2"": ""blocked""}, ""gw-1"": {""1"": ""blocked"", ""2"": ""blocked""}}"
2025-03-30 18:37:07,"{""gw-1"": {""1"": ""blocked"", ""2"": ""conflict""}}"
2025-03-30 18:37:07,"{""gw-1"": {""1"": ""blocked"", ""2"": ""conflict""}}"
2025-03-30 18:37:11,"{""gw-2"": {""1"": ""conflict"", ""2"": ""conflict""}}"
2025-03-30 18:37:12,"{""gw-1"": {""1"": ""blocked"", ""2"": ""blocked""}}"
2025-03-30 18:37:13,"{""gw-1"": {""1"": ""blocked"", ""2"": ""blocked""}}"
2025-03-30 18:37:14,"{""gw-1"": {""1"": ""blocked"", ""2"": ""blocked""}}"
2025-03-30 18:37:18,"{""gw-2"": {""1"": ""blocked"", ""2"": ""blocked""}}"
2025-03-30 18:37:18,"{""gw-2"": {""1"": ""blocked"", ""2"": ""blocked""}}"
2025-03-30 18:37:21,"{""gw-2"": {""1"": ""blocked"", ""2"": ""blocked""}}"
2025-03-30 18:37:26,"{""gw-1"": {""1"": ""conflict"", ""2"": ""conflict""}}"
2025-03-30 18:37:27,"{""gw-1"": {""1"": ""conflict"", ""2"": ""blocked""}, ""gw-2"": {""1"": ""blocked"", ""2"": ""blocked""}}"
2025-03-30 18:37:32,"{""gw-2"": {""1"": ""blocked"", ""2"": ""blocked""}}"
2025-03-30 18:37:33,"{""gw-1"": {""1"": ""blocked"", ""2"": ""blocked""}}"
2025-03-30 18:37:36,"{""gw-2"": {""1"": ""conflict"", ""2"": ""conflict""}}"
2025-03-30 18:37:40,"{""gw-2"": {""1"": ""blocked"", ""2"": ""blocked""}}"
2025-03-30 18:37:41,"{""gw-1"": {""1"": ""blocked"", ""2"": ""blocked""}, ""gw-2"": {""1"": ""blocked"", ""2"": ""blocked""}}"
2025-03-30 18:37:42,"{""gw-1"": {""1"": ""blocked"", ""2"": ""blocked""}}"
2025-03-30 18:37:43,"{""gw-2"": {""1"": ""blocked"", ""2"": ""blocked""}, ""gw-1"": {""1"": ""blocked"", ""2"": ""blocked""}}"
2025-03-30 18:37:45,"{""gw-2"": {""1"": ""blocked"", ""2"": ""blocked""}}"
2025-03-30 18:37:47,"{""gw-1"": {""1"": ""blocked"", ""2"": ""blocked""}, ""gw-2"": {""1"": ""blocked"", ""2"": ""blocked""}}"
2025-03-30 18:37:50,"{""gw-1"": {""1"": ""conflict"", ""2"": ""blocked""}, ""gw-2"": {""1"": ""blocked"", ""2"": ""conflict""}}"
2025-03-30 18:37:52,"{""gw-2"": {""1"": ""conflict"", ""2"": ""blocked""}}"
2025-03-30 18:38:00,"{""gw-2"": {""1"": ""blocked"", ""2"": ""blocked""}, ""gw-1"": {""1"": ""blocked"", ""2"": ""blocked""}}"
2025-03-30 18:38:00,"{""gw-2"": {""1"": ""blocked"", ""2"": ""blocked""}}"
2025-03-30 18:38:00,"{""gw-2"": {""1"": ""blocked"", ""2"": ""blocked""}}"
2025-03-30 18:38:06,"{""gw-1"": {""1"": ""blocked"", ""2"": ""blocked""}}"
2025-03-30 18:38:07,"{""gw-2"": {""1"": ""blocked"", ""2"": ""blocked""}}"
2025-03-30 18:38:09,"{""gw-2"": {""1"": ""blocked"", ""2"": ""blocked""}}"
2025-03-30 18:38:10,"{""gw-2"": {""2"": ""blocked""}, ""gw-1"": {""2"": ""blocked""}}"
2025-03-30 18:38:10,"{""gw-2"": {""2"": ""blocked""}, ""gw-1"": {""2"": ""blocked""}}"
2025-03-30 18:38:10,"{""gw-2"": {""1"": ""blocked"", ""2"": ""blocked""}}"
2025-03-30 18:38:15,"{""gw-1"": {""1"": ""conflict"", ""2"": ""blocked""}}"
2025-03-30 18:38:18,"{""gw-1"": {""1"": ""blocked"", ""2"": ""blocked""}, ""gw-2"": {""1"": ""blocked"", ""2"": ""conflict""}}"
2025-03-30 18:38:19,"{""gw-2"": {""1"": ""conflict"", ""2"": ""conflict""}}"
2025-03-30 18:38:21,"{""gw-1"": {""1"": ""blocked"", ""2"": ""blocked""}}"
2025-03-30 18:38:24,"{""gw-1"": {""1"": ""blocked"", ""2"": ""blocked""}}"
2025-03-30 18:38:31,"{""gw-2"": {""1"": ""conflict"", ""2"": ""blocked""}}"
2025-03-30 18:38:36,"{""gw-2"": {""1"": ""blocked"", ""2"": ""blocked""}}"
2025-03-30 18:38:36,"{""gw-1"": {""1"": ""blocked"", ""2"": ""blocked""}, ""gw-2"": {""1"": ""blocked"", ""2"": ""blocked""}}"
2025-03-30 18:38:37,"{""gw-2"": {""1"": ""blocked"", ""2"": ""blocked""}, ""gw-1"": {""1"": ""blocked"", ""2"": ""blocked""}}"
2025-03-30 18:38:40,"{""gw-1"": {""1"": ""blocked"", ""2"": ""blocked""}}"
2025-03-30 18:38:47,"{""gw-2"": {""1"": ""conflict"", ""2"": ""conflict""}}"
2025-03-30 18:38:50,"{""gw-2"": {""1"": ""blocked"", ""2"": ""blocked""}, ""gw-1"": {""1"": ""blocked"", ""2"": ""blocked""}}"
2025-03-30 18:38:54,"{""gw-1"": {""1"": ""blocked"", ""2"": ""blocked""}}"
2025-03-30 18:38:58,"{""gw-1"": {""1"": ""conflict"", ""2"": ""blocked""}}"
2025-03-30 18:39:03,"{""gw-1"": {""1"": ""blocked"", ""2"": ""blocked""}, ""gw-2"": {""1"": ""blocked"", ""2"": ""blocked""}}"
2025-03-30 18:39:05,"{""gw-2"": {""1"": ""blocked"", ""2"": ""blocked""}}"
2025-03-30 18:39:07,"{""gw-1"": {""1"": ""blocked"", ""2"": ""blocked""}, ""gw-2"": {""1"": ""blocked"", ""2"": ""blocked""}}"
2025-03-30 18:39:11,"{""gw-1"": {""1"": ""conflict"", ""2"": ""conflict""}}"
2025-03-30 18:39:12,"{""gw-2"": {""1"": ""conflict"", ""2"": ""blocked""}}"
2025-03-30 18:39:16,"{""gw-1"": {""1"": ""blocked"", ""2"": ""blocked""}}"
2025-03-30 18:39:19,"{""gw-1"": {""1"": ""blocked"", ""2"": ""blocked""}}"
2025-03-30 18:39:19,"{""gw-1"": {""1"": ""blocked"", ""2"": ""blocked""}, ""gw-2"": {""1"": ""blocked"", ""2"": ""blocked""}}"
2025-03-30 18:39:26,"{""gw-1"": {""1"": ""blocked"", ""2"": ""blocked""}}"
2025-03-30 18:39:28,"{""gw-1"": {""1"": ""blocked"", ""2"": ""blocked""}}"
2025-03-30 18:39:32,"{""gw-1"": {""1"": ""blocked"", ""2"": ""blocked""}}"
2025-03-30 18:39:33,"{""gw-1"": {""1"": ""blocked"", ""2"": ""blocked""}}"
2025-03-30 18:39:40,"{""gw-1"": {""1"": ""blocked"", ""2"": ""blocked""}, ""gw-2"": {""1"": ""blocked"", ""2"": ""blocked""}}"
2025-03-30 18:39:41,"{""gw-1"": {""1"": ""blocked"", ""2"": ""blocked""}}"
2025-03-30 18:39:43,"{""gw-2"": {""1"": ""conflict"", ""2"": ""conflict""}, ""gw-1"": {""1"": ""blocked"", ""2"": ""blocked""}}"
2025-03-30 18:39:44,"{""gw-2"": {""1"": ""conflict"", ""2"": ""blocked""}}"
2025-03-30 18:39:44,"{""gw-1"": {""1"": ""blocked"", ""2"": ""blocked""}}"
2025-03-30 18:39:46,"{""gw-1"": {""1"": ""blocked"", ""2"": ""blocked""}}"
2025-03-30 18:39:46,"{""gw-1"": {""1"": ""blocked"", ""2"": ""blocked""}}"
2025-03-30 18:39:48,"{""gw-2"": {""1"": ""blocked"", ""2"": ""blocked""}}"
2025-03-30 18:39:53,"{""gw-1"": {""1"": ""conflict"", ""2"": ""blocked""}}"
2025-03-30 18:39:57,"{""gw-1"": {""1"": ""blocked"", ""2"": ""blocked""}, ""gw-2"": {""1"": ""conflict"", ""2"": ""blocked""}}"
2025-03-30 18:39:57,"{""gw-2"": {""1"": ""conflict"", ""2"": ""blocked""}}"
2025-03-30 18:40:05,"{""gw-1"": {""1"": ""conflict"", ""2"": ""conflict""}, ""gw-2"": {""1"": ""blocked"", ""2"": ""blocked""}}"
2025-03-30 18:40:05,"{""gw-2"": {""1"": ""blocked"", ""2"": ""blocked""}}"
2025-03-30 18:40:07,"{""gw-2"": {""1"": ""blocked"", ""2"": ""blocked""}}"
2025-03-30 18:40:13,"{""gw-2"": {""1"": ""blocked"", ""2"": ""blocked""}}"
2025-03-30 18:40:14,"{""gw-2"": {""1"": ""blocked"", ""2"": ""blocked""}}"
2025-03-30 18:40:15,"{""gw-1"": {""1"": ""blocked"", ""2"": ""blocked""}}"
2025-03-30 18:40:18,"{""gw-2"": {""1"": ""blocked"", ""2"": ""blocked""}}"
2025-03-30 18:40:18,"{""gw-2"": {""1"": ""blocked"", ""2"": ""blocked""}}"
2025-03-30 18:40:18,"{""gw-1"": {""1"": ""conflict"", ""2"": ""blocked""}, ""gw-2"": {""1"": ""blocked"", ""2"": ""blocked""}}"
2025-03-30 18:40:18,"{""gw-1"": {""1"": ""conflict"", ""2"": ""blocked""}, ""gw-2"": {""1"": ""blocked"", ""2"": ""blocked""}}"
2025-03-30 18:40:19,"{""gw-1"": {""1"": ""conflict"", ""2"": ""blocked""}}"
2025-03-30 18:40:19,"{""gw-1"": {""1"": ""conflict"", ""2"": ""blocked""}}"
2025-03-30 18:40:22,"{""gw-1"": {""1"": ""blocked"", ""2"": ""blocked""}}"
2025-03-30 18:40:22,"{""gw-1"": {""1"": ""blocked"", ""2"": ""blocked""}}"
2025-03-30 18:40:31,"{""gw-2"": {""1"": ""blocked"", ""2"": ""blocked""}}"
2025-03-30 18:40:43,"{""gw-2"": {""1"": ""blocked"", ""2"": ""blocked""}}"
2025-03-30 18:40:44,"{""gw-2"": {""1"": ""blocked"", ""2"": ""blocked""}}"
2025-03-30 18:40:51,"{""gw-2"": {""1"": ""blocked"", ""2"": ""conflict""}}"
2025-03-30 18:40:53,"{""gw-1"": {""1"": ""blocked"", ""2"": ""conflict""}}"
2025-03-30 18:40:58,"{""gw-2"": {""1"": ""blocked"", ""2"": ""blocked""}}"
2025-03-30 18:41:02,"{""gw-1"": {""1"": ""blocked"", ""2"": ""blocked""}, ""gw-2"": {""1"": ""blocked"", ""2"": ""blocked""}}"
2025-03-30 18:41:08,"{""gw-1"": {""1"": ""conflict"", ""2"": ""conflict""}}"
2025-03-30 18:41:13,"{""gw-2"": {""1"": ""blocked"", ""2"": ""blocked""}, ""gw-1"": {""1"": ""blocked"", ""2"": ""blocked""}}"
2025-03-30 18:41:14,"{""gw-1"": {""1"": ""blocked"", ""2"": ""blocked""}}"
2025-03-30 18:41:16,"{""gw-1"": {""1"": ""blocked"", ""2"": ""blocked""}}"
2025-03-30 18:41:17,"{""gw-1"": {""1"": ""blocked"", ""2"": ""blocked""}}"
2025-03-30 18:41:18,"{""gw-1"": {""1"": ""blocked"", ""2"": ""blocked""}, ""gw-2"": {""1"": ""conflict"", ""2"": ""conflict""}}"
2025-03-30 18:41:19,"{""gw-2"": {""1"": ""conflict"", ""2"": ""blocked""}}"
2025-03-30 18:41:19,"{""gw-1"": {""1"": ""conflict"", ""2"": ""conflict""}}"
2025-03-30 18:41:24,"{""gw-1"": {""1"": ""blocked"", ""2"": ""blocked""}}"
2025-03-30 18:41:25,"{""gw-1"": {""1"": ""blocked"", ""2"": ""blocked""}}"
2025-03-30 18:41:28,"{""gw-1"": {""1"": ""blocked"", ""2"": ""blocked""}}"
2025-03-30 18:41:28,"{""gw-2"": {""1"": ""blocked"", ""2"": ""blocked""}, ""gw-1"": {""1"": ""blocked"", ""2"": ""blocked""}}"
2025-03-30 18:41:36,"{""gw-2"": {""1"": ""blocked"", ""2"": ""blocked""}}"
2025-03-30 18:41:38,"{""gw-2"": {""1"": ""blocked"", ""2"": ""blocked""}}"
2025-03-30 18:41:40,"{""gw-2"": {""1"": ""blocked"", ""2"": ""blocked""}}"
2025-03-30 18:41:45,"{""gw-2"": {""1"": ""conflict"", ""2"": ""conflict""}, ""gw-1"": {""1"": ""blocked"", ""2"": ""blocked""}}"
2025-03-30 18:41:45,"{""gw-2"": {""1"": ""blocked"", ""2"": ""conflict""}, ""gw-1"": {""1"": ""blocked"", ""2"": ""blocked""}}"
2025-03-30 18:41:46,"{""gw-2"": {""1"": ""conflict"", ""2"": ""conflict""}}"
2025-03-30 18:41:46,"{""gw-2"": {""1"": ""conflict"", ""2"": ""conflict""}}"
2025-03-30 18:41:51,"{""gw-2"": {""1"": ""blocked"", ""2"": ""blocked""}}"
2025-03-30 18:41:53,"{""gw-2"": {""1"": ""blocked"", ""2"": ""blocked""}, ""gw-1"": {""1"": ""blocked"", ""2"": ""blocked""}}"
2025-03-30 18:41:54,"{""gw-1"": {""1"": ""blocked"", ""2"": ""blocked""}}"
2025-03-30 18:41:59,"{""gw-1"": {""1"": ""blocked"", ""2"": ""blocked""}}"
2025-03-30 18:41:59,"{""gw-1"": {""1"": ""blocked"", ""2"": ""blocked""}}"
2025-03-30 18:42:00,"{""gw-2"": {""1"": ""conflict"", ""2"": ""blocked""}}"
2025-03-30 18:42:02,"{""gw-2"": {""1"": ""blocked"", ""2"": ""blocked""}}"
2025-03-30 18:42:03,"{""gw-1"": {""1"": ""blocked"", ""2"": ""conflict""}, ""gw-2"": {""1"": ""blocked"", ""2"": ""blocked""}}"
2025-03-30 18:42:03,"{""gw-2"": {""1"": ""blocked"", ""2"": ""blocked""}}"
2025-03-30 18:42:04,"{""gw-2"": {""1"": ""blocked"", ""2"": ""blocked""}, ""gw-1"": {""1"": ""conflict"", ""2"": ""blocked""}}"
2025-03-30 18:42:05,"{""gw-2"": {""1"": ""blocked"", ""2"": ""blocked""}}"
2025-03-30 18:42:14,"{""gw-1"": {""1"": ""blocked"", ""2"": ""blocked""}}"
2025-03-30 18:42:15,"{""gw-2"": {""1"": ""conflict"", ""2"": ""conflict""}}"
2025-03-30 18:42:16,"{""gw-2"": {""1"": ""conflict"", ""2"": ""blocked""}}"
2025-03-30 18:42:19,"{""gw-2"": {""1"": ""blocked"", ""2"": ""blocked""}}"
2025-03-30 18:42:29,"{""gw-1"": {""1"": ""blocked"", ""2"": ""conflict""}}"
2025-03-30 18:42:33,"{""gw-1"": {""1"": ""blocked"", ""2"": ""blocked""}, ""gw-2"": {""1"": ""conflict"", ""2"": ""blocked""}}"
2025-03-30 18:42:36,"{""gw-2"": {""1"": ""blocked"", ""2"": ""blocked""}}"
2025-03-30 18:42:37,"{""gw-1"": {""1"": ""blocked"", ""2"": ""blocked""}}"
2025-03-30 18:42:37,"{""gw-2"": {""1"": ""blocked"", ""2"": ""blocked""}}"
2025-03-30 18:42:38,"{""gw-1"": {""1"": ""blocked"", ""2"": ""blocked""}, ""gw-2"": {""1"": ""blocked"", ""2"": ""blocked""}}"
2025-03-30 18:42:42,"{""gw-2"": {""1"": ""blocked"", ""2"": ""blocked""}}"
2025-03-30 18:42:42,"{""gw-2"": {""1"": ""blocked"", ""2"": ""blocked""}}"
2025-03-30 18:42:46,"{""gw-1"": {""1"": ""conflict"", ""2"": ""blocked""}, ""gw-2"": {""1"": ""conflict"", ""2"": ""blocked""}}"
2025-03-30 18:42:49,"{""gw-1"": {""1"": ""blocked"", ""2"": ""blocked""}}"
2025-03-30 18:42:50,"{""gw-1"": {""1"": ""blocked"", ""2"": ""blocked""}}"
2025-03-30 18:42:52,"{""gw-2"": {""1"": ""blocked"", ""2"": ""blocked""}}"
2025-03-30 18:42:55,"{""gw-2"": {""1"": ""blocked"", ""2"": ""blocked""}, ""gw-1"": {""1"": ""blocked"", ""2"": ""blocked""}}"
2025-03-30 18:42:55,"{""gw-2"": {""1"": ""blocked"", ""2"": ""blocked""}}"
2025-03-30 18:43:00,"{""gw-1"": {""1"": ""blocked"", ""2"": ""blocked""}}"
2025-03-30 18:43:01,"{""gw-1"": {""1"": ""blocked"", ""2"": ""blocked""}}"
2025-03-30 18:43:03,"{""gw-1"": {""1"": ""blocked"", ""2"": ""blocked""}, ""gw-2"": {""1"": ""blocked"", ""2"": ""blocked""}}"
2025-03-30 18:43:06,"{""gw-2"": {""1"": ""blocked"", ""2"": ""blocked""}}"
2025-03-30 18:43:08,"{""gw-1"": {""1"": ""blocked"", ""2"": ""conflict""}}"
2025-03-30 18:43:09,"{""gw-2"": {""1"": ""blocked"", ""2"": ""blocked""}}"
2025-03-30 18:43:16,"{""gw-1"": {""1"": ""blocked"", ""2"": ""blocked""}}"
2025-03-30 18:43:16,"{""gw-1"": {""1"": ""blocked"", ""2"": ""blocked""}}"
2025-03-30 18:43:19,"{""gw-2"": {""1"": ""blocked"", ""2"": ""blocked""}}"
2025-03-30 18:43:22,"{""gw-2"": {""1"": ""blocked"", ""2"": ""blocked""}}"
2025-03-30 18:43:23,"{""gw-2"": {""1"": ""blocked"", ""2"": ""blocked""}}"
2025-03-30 18:43:24,"{""gw-1"": {""1"": ""conflict"", ""2"": ""conflict""}}"
2025-03-30 18:43:30,"{""gw-2"": {""1"": ""conflict"", ""2"": ""conflict""}}"
2025-03-30 18:43:32,"{""gw-1"": {""1"": ""blocked"", ""2"": ""blocked""}}"
2025-03-30 18:43:33,"{""gw-1"": {""1"": ""blocked"", ""2"": ""blocked""}, ""gw-2"": {""1"": ""blocked"", ""2"": ""blocked""}}"
2025-03-30 18:43:41,"{""gw-2"": {""1"": ""blocked"", ""2"": ""conflict""}, ""gw-1"": {""1"": ""blocked"", ""2"": ""conflict""}}"
2025-03-30 18:43:42,"{""gw-2"": {""1"": ""conflict"", ""2"": ""conflict""}}"
2025-03-30 18:43:47,"{""gw-1"": {""1"": ""blocked"", ""2"": ""blocked""}}"
2025-03-30 18:43:47,"{""gw-2"": {""1"": ""blocked"", ""2"": ""blocked""}}"
2025-03-30 18:43:47,"{""gw-2"": {""1"": ""blocked"", ""2"": ""blocked""}, ""gw-1"": {""1"": ""blocked"", ""2"": ""blocked""}}"
2025-03-30 18:43:48,"{""gw-1"": {""1"": ""blocked"", ""2"": ""blocked""}, ""gw-2"": {""1"": ""blocked"", ""2"": ""blocked""}}"
2025-03-30 18:43:52,"{""gw-1"": {""1"": ""blocked"", ""2"": ""blocked""}}"
2025-03-30 18:43:58,"{""gw-1"": {""1"": ""blocked"", ""2"": ""blocked""}}"
2025-03-30 18:44:01,"{""gw-2"": {""1"": ""blocked"", ""2"": ""blocked""}}"
2025-03-30 18:44:03,"{""gw-1"": {""1"": ""blocked"", ""2"": ""blocked""}}"
2025-03-30 18:44:03,"{""gw-2"": {""1"": ""blocked"", ""2"": ""blocked""}}"
2025-03-30 18:44:12,"{""gw-2"": {""1"": ""conflict"", ""2"": ""conflict""}}"
2025-03-30 18:44:12,"{""gw-1"": {""1"": ""blocked"", ""2"": ""blocked""}}"
2025-03-30 18:44:13,"{""gw-1"": {""1"": ""blocked"", ""2"": ""blocked""}}"
2025-03-30 18:44:17,"{""gw-2"": {""1"": ""blocked"", ""2"": ""blocked""}}"
2025-03-30 18:44:20,"{""gw-2"": {""1"": ""blocked"", ""2"": ""blocked""}}"
2025-03-30 18:44:25,"{""gw-1"": {""1"": ""blocked"", ""2"": ""blocked""}}"
2025-03-30 18:44:28,"{""gw-1"": {""1"": ""blocked"", ""2"": ""blocked""}}"
2025-03-30 18:44:29,"{""gw-1"": {""1"": ""blocked"", ""2"": ""blocked""}}"
2025-03-30 18:44:37,"{""gw-2"": {""1"": ""blocked"", ""2"": ""blocked""}}"
2025-03-30 18:44:38,"{""gw-1"": {""1"": ""blocked"", ""2"": ""blocked""}}"
2025-03-30 18:44:38,"{""gw-2"": {""1"": ""blocked"", ""2"": ""blocked""}, ""gw-1"": {""1"": ""blocked"", ""2"": ""blocked""}}"
2025-03-30 18:44:39,"{""gw-2"": {""1"": ""blocked"", ""2"": ""blocked""}}"
2025-03-30 18:44:39,"{""gw-2"": {""1"": ""blocked"", ""2"": ""blocked""}}"
2025-03-30 18:44:42,"{""gw-1"": {""1"": ""conflict"", ""2"": ""blocked""}}"
2025-03-30 18:44:43,"{""gw-2"": {""1"": ""blocked"", ""2"": ""blocked""}}"
2025-03-30 18:44:51,"{""gw-1"": {""1"": ""blocked"", ""2"": ""blocked""}}"
2025-03-30 18:44:52,"{""gw-1"": {""1"": ""blocked"", ""2"": ""blocked""}}"
2025-03-30 18:44:53,"{""gw-1"": {""1"": ""blocked"", ""2"": ""blocked""}}"
2025-03-30 18:44:57,"{""gw-1"": {""1"": ""blocked"", ""2"": ""conflict""}}"
2025-03-30 18:44:58,"{""gw-1"": {""1"": ""conflict"", ""2"": ""blocked""}, ""gw-2"": {""1"": ""blocked"", ""2"": ""blocked""}}"
2025-03-30 18:45:02,"{""gw-1"": {""1"": ""blocked"", ""2"": ""blocked""}}"
2025-03-30 18:45:02,"{""gw-1"": {""1"": ""blocked"", ""2"": ""blocked""}}"
2025-03-30 18:45:05,"{""gw-2"": {""1"": ""conflict"", ""2"": ""conflict""}}"
2025-03-30 18:45:06,"{""gw-1"": {""1"": ""blocked"", ""2"": ""blocked""}}"
2025-03-30 18:45:08,"{""gw-2"": {""1"": ""blocked"", ""2"": ""blocked""}}"
2025-03-30 18:45:09,"{""gw-1"": {""1"": ""conflict"", ""2"": ""conflict""}}"
2025-03-30 18:45:09,"{""gw-2"": {""1"": ""blocked"", ""2"": ""blocked""}}"
2025-03-30 18:45:14,"{""gw-2"": {""1"": ""blocked"", ""2"": ""blocked""}}"
2025-03-30 18:45:18,"{""gw-1"": {""1"": ""blocked"", ""2"": ""blocked""}}"
2025-03-30 18:45:19,"{""gw-1"": {""1"": ""blocked"", ""2"": ""blocked""}}"
2025-03-30 18:45:22,"{""gw-1"": {""1"": ""conflict"", ""2"": ""conflict""}, ""gw-2"": {""1"": ""blocked"", ""2"": ""blocked""}}"
2025-03-30 18:45:25,"{""gw-2"": {""1"": ""blocked"", ""2"": ""blocked""}}"
2025-03-30 18:45:25,"{""gw-2"": {""1"": ""blocked"", ""2"": ""blocked""}}"
2025-03-30 18:45:27,"{""gw-2"": {""1"": ""blocked"", ""2"": ""blocked""}}"
2025-03-30 18:45:28,"{""gw-2"": {""1"": ""blocked"", ""2"": ""blocked""}}"
2025-03-30 18:45:29,"{""gw-1"": {""1"": ""blocked"", ""2"": ""blocked""}}"
2025-03-30 18:45:33,"{""gw-1"": {""1"": ""blocked"", ""2"": ""blocked""}}"
2025-03-30 18:45:35,"{""gw-1"": {""1"": ""conflict"", ""2"": ""blocked""}}"
2025-03-30 18:45:38,"{""gw-2"": {""1"": ""blocked"", ""2"": ""blocked""}}"
2025-03-30 18:45:40,"{""gw-2"": {""1"": ""blocked"", ""2"": ""blocked""}}"
2025-03-30 18:45:41,"{""gw-1"": {""1"": ""blocked"", ""2"": ""blocked""}}"
2025-03-30 18:45:41,"{""gw-2"": {""1"": ""blocked"", ""2"": ""blocked""}}"
2025-03-30 18:45:43,"{""gw-1"": {""1"": ""blocked"", ""2"": ""blocked""}}"
2025-03-30 18:45:56,"{""gw-1"": {""1"": ""blocked"", ""2"": ""blocked""}}"
2025-03-30 18:45:59,"{""gw-1"": {""1"": ""blocked"", ""2"": ""blocked""}}"
2025-03-30 18:46:02,"{""gw-1"": {""1"": ""blocked"", ""2"": ""blocked""}}"
2025-03-30 18:46:06,"{""gw-1"": {""1"": ""conflict"", ""2"": ""conflict""}}"
2025-03-30 18:46:10,"{""gw-2"": {""1"": ""blocked"", ""2"": ""blocked""}}"
2025-03-30 18:46:16,"{""gw-1"": {""1"": ""blocked"", ""2"": ""blocked""}}"
2025-03-30 18:46:18,"{""gw-1"": {""1"": ""blocked"", ""2"": ""conflict""}}"
2025-03-30 18:46:18,"{""gw-1"": {""1"": ""conflict"", ""2"": ""conflict""}}"
2025-03-30 18:46:27,"{""gw-1"": {""1"": ""blocked"", ""2"": ""blocked""}}"
2025-03-30 18:46:32,"{""gw-2"": {""1"": ""blocked"", ""2"": ""blocked""}}"
2025-03-30 18:46:32,"{""gw-2"": {""1"": ""blocked"", ""2"": ""blocked""}}"
2025-03-30 18:46:35,"{""gw-1"": {""1"": ""blocked"", ""2"": ""blocked""}}"
2025-03-30 18:46:36,"{""gw-2"": {""1"": ""blocked"", ""2"": ""blocked""}}"
2025-03-30 18:46:37,"{""gw-2"": {""1"": ""blocked"", ""2"": ""blocked""}}"
2025-03-30 18:46:46,"{""gw-1"": {""1"": ""conflict"", ""2"": ""blocked""}}"
2025-03-30 18:46:46,"{""gw-1"": {""1"": ""conflict"", ""2"": ""blocked""}}"
2025-03-30 18:46:51,"{""gw-2"": {""1"": ""blocked"", ""2"": ""blocked""}}"
2025-03-30 18:46:53,"{""gw-1"": {""1"": ""blocked"", ""2"": ""blocked""}}"
2025-03-30 18:46:56,"{""gw-1"": {""1"": ""blocked"", ""2"": ""blocked""}}"
2025-03-30 18:46:56,"{""gw-1"": {""1"": ""blocked"", ""2"": ""conflict""}, ""gw-2"": {""1"": ""conflict"", ""2"": ""conflict""}}"
2025-03-30 18:46:58,"{""gw-1"": {""1"": ""conflict"", ""2"": ""blocked""}}"
2025-03-30 18:47:02,"{""gw-2"": {""1"": ""blocked"", ""2"": ""blocked""}}"
2025-03-30 18:47:02,"{""gw-2"": {""1"": ""blocked"", ""2"": ""blocked""}}"
2025-03-30 18:47:03,"{""gw-2"": {""1"": ""blocked"", ""2"": ""blocked""}, ""gw-1"": {""1"": ""blocked"", ""2"": ""blocked""}}"
2025-03-30 18:47:05,"{""gw-2"": {""1"": ""blocked"", ""2"": ""blocked""}}"
2025-03-30 18:47:05,"{""gw-2"": {""1"": ""blocked"", ""2"": ""blocked""}, ""gw-1"": {""1"": ""blocked"", ""2"": ""blocked""}}"
2025-03-30 18:47:19,"{""gw-2"": {""1"": ""blocked"", ""2"": ""blocked""}}"
2025-03-30 18:47:20,"{""gw-2"": {""1"": ""blocked"", ""2"": ""blocked""}, ""gw-1"": {""1"": ""blocked"", ""2"": ""conflict""}}"
2025-03-30 18:47:20,"{""gw-1"": {""1"": ""blocked"", ""2"": ""conflict""}}"
2025-03-30 18:47:20,"{""gw-1"": {""1"": ""conflict"", ""2"": ""conflict""}}"
2025-03-30 18:47:22,"{""gw-2"": {""1"": ""blocked"", ""2"": ""blocked""}}"
2025-03-30 18:47:23,"{""gw-2"": {""1"": ""blocked"", ""2"": ""blocked""}}"
2025-03-30 18:47:24,"{""gw-2"": {""1"": ""blocked"", ""2"": ""conflict""}}"
2025-03-30 18:47:24,"{""gw-1"": {""1"": ""blocked"", ""2"": ""blocked""}, ""gw-2"": {""1"": ""blocked"", ""2"": ""conflict""}}"
2025-03-30 18:47:25,"{""gw-2"": {""1"": ""conflict"", ""2"": ""blocked""}}"
2025-03-30 18:47:26,"{""gw-2"": {""1"": ""conflict"", ""2"": ""blocked""}, ""gw-1"": {""1"": ""blocked"", ""2"": ""blocked""}}"
2025-03-30 18:47:38,"{""gw-1"": {""1"": ""conflict"", ""2"": ""conflict""}}"
2025-03-30 18:47:38,"{""gw-1"": {""1"": ""conflict"", ""2"": ""conflict""}}"
2025-03-30 18:47:39,"{""gw-1"": {""1"": ""conflict"", ""2"": ""blocked""}}"
2025-03-30 18:47:40,"{""gw-2"": {""1"": ""blocked"", ""2"": ""blocked""}}"
2025-03-30 18:47:42,"{""gw-1"": {""1"": ""blocked"", ""2"": ""blocked""}, ""gw-2"": {""1"": ""blocked"", ""2"": ""blocked""}}"
2025-03-30 18:47:45,"{""gw-2"": {""1"": ""blocked"", ""2"": ""blocked""}}"
2025-03-30 18:47:45,"{""gw-1"": {""1"": ""blocked"", ""2"": ""blocked""}, ""gw-2"": {""1"": ""blocked"", ""2"": ""blocked""}}"
2025-03-30 18:47:46,"{""gw-1"": {""1"": ""blocked"", ""2"": ""blocked""}, ""gw-2"": {""1"": ""blocked"", ""2"": ""blocked""}}"
2025-03-30 18:47:46,"{""gw-1"": {""1"": ""blocked"", ""2"": ""blocked""}, ""gw-2"": {""1"": ""blocked"", ""2"": ""blocked""}}"
2025-03-30 18:47:46,"{""gw-1"": {""1"": ""blocked"", ""2"": ""blocked""}, ""gw-2"": {""1"": ""blocked"", ""2"": ""blocked""}}"
2025-03-30 18:47:53,"{""gw-2"": {""1"": ""blocked"", ""2"": ""blocked""}}"
2025-03-30 18:48:04,"{""gw-1"": {""1"": ""conflict"", ""2"": ""blocked""}, ""gw-2"": {""1"": ""blocked"", ""2"": ""conflict""}}"
2025-03-30 18:48:15,"{""gw-1"": {""1"": ""blocked"", ""2"": ""conflict""}, ""gw-2"": {""1"": ""blocked"", ""2"": ""blocked""}}"
2025-03-30 18:48:23,"{""gw-2"": {""1"": ""conflict"", ""2"": ""conflict""}, ""gw-1"": {""1"": ""blocked"", ""2"": ""blocked""}}"
2025-03-30 18:48:24,"{""gw-2"": {""1"": ""conflict"", ""2"": ""blocked""}, ""gw-1"": {""1"": ""blocked"", ""2"": ""blocked""}}"
2025-03-30 18:48:26,"{""gw-1"": {""1"": ""blocked"", ""2"": ""blocked""}}"
2025-03-30 18:48:27,"{""gw-2"": {""1"": ""blocked"", ""2"": ""blocked""}}"
2025-03-30 18:48:29,"{""gw-2"": {""1"": ""blocked"", ""2"": ""blocked""}}"
2025-03-30 18:48:30,"{""gw-2"": {""1"": ""blocked"", ""2"": ""blocked""}}"
2025-03-30 18:48:37,"{""gw-1"": {""1"": ""blocked"", ""2"": ""blocked""}}"
2025-03-30 18:48:40,"{""gw-1"": {""1"": ""blocked"", ""2"": ""blocked""}}"
2025-03-30 18:48:41,"{""gw-1"": {""1"": ""blocked"", ""2"": ""blocked""}, ""gw-2"": {""1"": ""blocked"", ""2"": ""blocked""}}"
2025-03-30 18:48:47,"{""gw-1"": {""1"": ""conflict"", ""2"": ""conflict""}}"
2025-03-30 18:48:50,"{""gw-1"": {""1"": ""blocked"", ""2"": ""blocked""}}"
2025-03-30 18:48:53,"{""gw-1"": {""1"": ""blocked"", ""2"": ""blocked""}}"
2025-03-30 18:48:53,"{""gw-1"": {""1"": ""blocked"", ""2"": ""blocked""}}"
2025-03-30 18:48:54,"{""gw-1"": {""1"": ""blocked"", ""2"": ""blocked""}}"
2025-03-30 18:48:59,"{""gw-2"": {""1"": ""blocked"", ""2"": ""blocked""}}"
2025-03-30 18:49:10,"{""gw-1"": {""1"": ""blocked"", ""2"": ""blocked""}}"
2025-03-30 18:49:11,"{""gw-1"": {""1"": ""blocked"", ""2"": ""blocked""}}"
2025-03-30 18:49:12,"{""gw-1"": {""1"": ""blocked"", ""2"": ""blocked""}}"
2025-03-30 18:49:12,"{""gw-1"": {""1"": ""blocked"", ""2"": ""blocked""}}"
2025-03-30 18:49:13,"{""gw-1"": {""1"": ""blocked"", ""2"": ""blocked""}}"
2025-03-30 18:49:17,"{""gw-1"": {""1"": ""blocked"", ""2"": ""conflict""}}"
2025-03-30 18:49:20,"{""gw-1"": {""1"": ""blocked"", ""2"": ""blocked""}}"
2025-03-30 18:49:23,"{""gw-1"": {""1"": ""blocked"", ""2"": ""blocked""}}"
2025-03-30 18:49:23,"{""gw-1"": {""1"": ""blocked"", ""2"": ""blocked""}}"
2025-03-30 18:49:23,"{""gw-1"": {""1"": ""blocked"", ""2"": ""blocked""}}"
2025-03-30 18:49:26,"{""gw-1"": {""1"": ""blocked"", ""2"": ""blocked""}}"
2025-03-30 18:49:29,"{""gw-2"": {""1"": ""blocked"", ""2"": ""blocked""}}"
2025-03-30 18:49:35,"{""gw-2"": {""1"": ""blocked"", ""2"": ""blocked""}}"
2025-03-30 18:49:37,"{""gw-1"": {""1"": ""blocked"", ""2"": ""blocked""}}"
2025-03-30 18:49:37,"{""gw-1"": {""1"": ""blocked"", ""2"": ""blocked""}}"
2025-03-30 18:49:38,"{""gw-1"": {""1"": ""blocked"", ""2"": ""blocked""}}"
2025-03-30 18:49:42,"{""gw-1"": {""1"": ""blocked"", ""2"": ""conflict""}}"
2025-03-30 18:49:44,"{""gw-2"": {""1"": ""blocked"", ""2"": ""blocked""}}"
2025-03-30 18:49:45,"{""gw-2"": {""1"": ""blocked"", ""2"": ""blocked""}, ""gw-1"": {""1"": ""blocked"", ""2"": ""blocked""}}"
2025-03-30 18:49:45,"{""gw-2"": {""1"": ""blocked"", ""2"": ""blocked""}}"
2025-03-30 18:49:45,"{""gw-2"": {""1"": ""blocked"", ""2"": ""blocked""}, ""gw-1"": {""1"": ""blocked"", ""2"": ""blocked""}}"
2025-03-30 18:49:46,"{""gw-1"": {""1"": ""blocked"", ""2"": ""blocked""}}"
2025-03-30 18:49:47,"{""gw-1"": {""1"": ""blocked"", ""2"": ""blocked""}}"
2025-03-30 18:49:50,"{""gw-2"": {""1"": ""blocked"", ""2"": ""blocked""}}"
2025-03-30 18:49:51,"{""gw-1"": {""1"": ""blocked"", ""2"": ""blocked""}}"
2025-03-30 18:49:58,"{""gw-1"": {""1"": ""blocked"", ""2"": ""blocked""}}"
2025-03-30 18:50:00,"{""gw-1"": {""1"": ""blocked"", ""2"": ""blocked""}}"
2025-03-30 18:50:02,"{""gw-1"": {""1"": ""blocked"", ""2"": ""blocked""}}"
2025-03-30 18:50:02,"{""gw-1"": {""1"": ""blocked"", ""2"": ""blocked""}}"
2025-03-30 18:50:03,"{""gw-1"": {""1"": ""blocked"", ""2"": ""blocked""}}"
2025-03-30 18:50:03,"{""gw-1"": {""1"": ""blocked"", ""2"": ""blocked""}}"
2025-03-30 18:50:07,"{""gw-2"": {""1"": ""blocked"", ""2"": ""blocked""}}"
2025-03-30 18:50:15,"{""gw-1"": {""1"": ""blocked"", ""2"": ""blocked""}}"
2025-03-30 18:50:18,"{""gw-1"": {""1"": ""blocked"", ""2"": ""blocked""}, ""gw-2"": {""1"": ""conflict"", ""2"": ""blocked""}}"
2025-03-30 18:50:21,"{""gw-2"": {""1"": ""blocked"", ""2"": ""blocked""}}"
2025-03-30 18:50:24,"{""gw-2"": {""1"": ""blocked"", ""2"": ""blocked""}}"
2025-03-30 18:50:26,"{""gw-2"": {""1"": ""blocked"", ""2"": ""blocked""}}"
2025-03-30 18:50:31,"{""gw-1"": {""1"": ""blocked"", ""2"": ""blocked""}}"
2025-03-30 18:50:38,"{""gw-2"": {""1"": ""blocked"", ""2"": ""blocked""}, ""gw-1"": {""1"": ""blocked"", ""2"": ""blocked""}}"
2025-03-30 18:50:40,"{""gw-1"": {""1"": ""blocked"", ""2"": ""blocked""}}"
2025-03-30 18:50:40,"{""gw-2"": {""1"": ""blocked"", ""2"": ""blocked""}}"
2025-03-30 18:50:42,"{""gw-2"": {""1"": ""blocked"", ""2"": ""blocked""}}"
2025-03-30 18:50:43,"{""gw-1"": {""1"": ""blocked"", ""2"": ""blocked""}}"
2025-03-30 18:50:45,"{""gw-2"": {""1"": ""conflict"", ""2"": ""blocked""}}"
2025-03-30 18:50:48,"{""gw-1"": {""1"": ""blocked"", ""2"": ""conflict""}, ""gw-2"": {""1"": ""blocked"", ""2"": ""blocked""}}"
2025-03-30 18:50:50,"{""gw-2"": {""1"": ""blocked"", ""2"": ""blocked""}}"
2025-03-30 18:50:50,"{""gw-2"": {""1"": ""blocked"", ""2"": ""blocked""}}"
2025-03-30 18:50:52,"{""gw-1"": {""1"": ""blocked"", ""2"": ""blocked""}, ""gw-2"": {""1"": ""blocked"", ""2"": ""blocked""}}"
2025-03-30 18:50:56,"{""gw-2"": {""1"": ""conflict"", ""2"": ""blocked""}}"
2025-03-30 18:50:57,"{""gw-1"": {""1"": ""blocked"", ""2"": ""blocked""}}"
2025-03-30 18:50:57,"{""gw-1"": {""1"": ""blocked"", ""2"": ""blocked""}}"
2025-03-30 18:51:01,"{""gw-2"": {""1"": ""blocked"", ""2"": ""blocked""}}"
2025-03-30 18:51:06,"{""gw-1"": {""1"": ""blocked"", ""2"": ""blocked""}}"
2025-03-30 18:51:10,"{""gw-2"": {""1"": ""conflict"", ""2"": ""blocked""}}"
2025-03-30 18:51:12,"{""gw-2"": {""1"": ""blocked"", ""2"": ""blocked""}}"
2025-03-30 18:51:13,"{""gw-1"": {""1"": ""conflict"", ""2"": ""blocked""}}"
2025-03-30 18:51:14,"{""gw-2"": {""1"": ""blocked"", ""2"": ""blocked""}}"
2025-03-30 18:51:15,"{""gw-1"": {""1"": ""blocked"", ""2"": ""blocked""}}"
2025-03-30 18:51:18,"{""gw-1"": {""1"": ""blocked"", ""2"": ""blocked""}}"
2025-03-30 18:51:25,"{""gw-1"": {""1"": ""blocked"", ""2"": ""conflict""}}"
2025-03-30 18:51:29,"{""gw-1"": {""1"": ""blocked"", ""2"": ""blocked""}}"
2025-03-30 18:51:30,"{""gw-2"": {""1"": ""conflict"", ""2"": ""conflict""}, ""gw-1"": {""1"": ""blocked"", ""2"": ""blocked""}}"
2025-03-30 18:51:31,"{""gw-2"": {""1"": ""conflict"", ""2"": ""blocked""}}"
2025-03-30 18:51:32,"{""gw-1"": {""1"": ""blocked"", ""2"": ""blocked""}}"
2025-03-30 18:51:34,"{""gw-1"": {""1"": ""blocked"", ""2"": ""blocked""}}"
2025-03-30 18:51:34,"{""gw-2"": {""1"": ""blocked"", ""2"": ""blocked""}}"
2025-03-30 18:51:35,"{""gw-1"": {""1"": ""blocked"", ""2"": ""blocked""}}"
2025-03-30 18:51:35,"{""gw-1"": {""1"": ""blocked"", ""2"": ""blocked""}}"
2025-03-30 18:51:38,"{""gw-2"": {""1"": ""blocked"", ""2"": ""blocked""}}"
2025-03-30 18:51:41,"{""gw-1"": {""1"": ""conflict"", ""2"": ""conflict""}}"
2025-03-30 18:51:42,"{""gw-1"": {""1"": ""conflict"", ""2"": ""blocked""}}"
2025-03-30 18:51:43,"{""gw-2"": {""1"": ""conflict"", ""2"": ""conflict""}}"
2025-03-30 18:51:47,"{""gw-2"": {""1"": ""blocked"", ""2"": ""blocked""}}"
2025-03-30 18:51:47,"{""gw-2"": {""1"": ""blocked"", ""2"": ""blocked""}}"
2025-03-30 18:51:50,"{""gw-2"": {""1"": ""blocked"", ""2"": ""blocked""}}"
2025-03-30 18:51:50,"{""gw-2"": {""1"": ""blocked"", ""2"": ""blocked""}}"
2025-03-30 18:51:52,"{""gw-1"": {""1"": ""blocked"", ""2"": ""blocked""}}"
2025-03-30 18:51:52,"{""gw-2"": {""1"": ""blocked"", ""2"": ""blocked""}}"
2025-03-30 18:51:55,"{""gw-2"": {""1"": ""conflict"", ""2"": ""blocked""}}"
2025-03-30 18:52:01,"{""gw-2"": {""1"": ""blocked"", ""2"": ""blocked""}}"
2025-03-30 18:52:01,"{""gw-1"": {""1"": ""blocked"", ""2"": ""conflict""}}"
2025-03-30 18:52:01,"{""gw-1"": {""1"": ""conflict"", ""2"": ""conflict""}, ""gw-2"": {""1"": ""blocked"", ""2"": ""blocked""}}"
2025-03-30 18:52:02,"{""gw-2"": {""1"": ""blocked"", ""2"": ""blocked""}}"
2025-03-30 18:52:04,"{""gw-2"": {""1"": ""blocked"", ""2"": ""blocked""}}"
2025-03-30 18:52:04,"{""gw-1"": {""1"": ""blocked"", ""2"": ""blocked""}}"
2025-03-30 18:52:04,"{""gw-2"": {""1"": ""blocked"", ""2"": ""blocked""}}"
2025-03-30 18:52:09,"{""gw-1"": {""1"": ""blocked"", ""2"": ""blocked""}}"
2025-03-30 18:52:09,"{""gw-1"": {""1"": ""blocked"", ""2"": ""blocked""}}"
2025-03-30 18:52:10,"{""gw-1"": {""1"": ""blocked"", ""2"": ""blocked""}}"
2025-03-30 18:52:11,"{""gw-1"": {""1"": ""blocked"", ""2"": ""blocked""}}"
2025-03-30 18:52:19,"{""gw-2"": {""1"": ""conflict"", ""2"": ""blocked""}}"
2025-03-30 18:52:20,"{""gw-1"": {""1"": ""blocked"", ""2"": ""blocked""}}"
2025-03-30 18:52:20,"{""gw-1"": {""1"": ""blocked"", ""2"": ""blocked""}}"
2025-03-30 18:52:21,"{""gw-1"": {""1"": ""blocked"", ""2"": ""blocked""}}"
2025-03-30 18:52:24,"{""gw-2"": {""1"": ""blocked"", ""2"": ""blocked""}, ""gw-1"": {""1"": ""conflict"", ""2"": ""conflict""}}"
2025-03-30 18:52:26,"{""gw-2"": {""1"": ""blocked"", ""2"": ""blocked""}}"
2025-03-30 18:52:32,"{""gw-2"": {""1"": ""blocked"", ""2"": ""conflict""}}"
2025-03-30 18:52:32,"{""gw-2"": {""1"": ""conflict"", ""2"": ""conflict""}, ""gw-1"": {""1"": ""blocked"", ""2"": ""blocked""}}"
2025-03-30 18:52:33,"{""gw-2"": {""1"": ""conflict"", ""2"": ""blocked""}}"
2025-03-30 18:52:35,"{""gw-1"": {""1"": ""blocked"", ""2"": ""blocked""}}"
2025-03-30 18:52:37,"{""gw-2"": {""1"": ""blocked"", ""2"": ""blocked""}}"
2025-03-30 18:52:37,"{""gw-2"": {""1"": ""blocked"", ""2"": ""blocked""}}"
2025-03-30 18:52:37,"{""gw-2"": {""1"": ""blocked"", ""2"": ""blocked""}, ""gw-1"": {""1"": ""conflict"", ""2"": ""conflict""}}"
2025-03-30 18:52:38,"{""gw-2"": {""1"": ""blocked"", ""2"": ""blocked""}}"
2025-03-30 18:52:43,"{""gw-1"": {""1"": ""blocked"", ""2"": ""blocked""}}"
2025-03-30 18:52:46,"{""gw-2"": {""1"": ""conflict"", ""2"": ""conflict""}}"
2025-03-30 18:52:49,"{""gw-1"": {""1"": ""conflict"", ""2"": ""blocked""}}"
2025-03-30 18:52:58,"{""gw-1"": {""1"": ""blocked"", ""2"": ""blocked""}}"
2025-03-30 18:53:01,"{""gw-1"": {""1"": ""blocked"", ""2"": ""conflict""}}"
2025-03-30 18:53:05,"{""gw-2"": {""1"": ""blocked"", ""2"": ""blocked""}, ""gw-1"": {""1"": ""blocked"", ""2"": ""blocked""}}"
2025-03-30 18:53:06,"{""gw-2"": {""1"": ""blocked"", ""2"": ""blocked""}}"
2025-03-30 18:53:09,"{""gw-1"": {""1"": ""blocked"", ""2"": ""blocked""}}"
2025-03-30 18:53:09,"{""gw-1"": {""1"": ""blocked"", ""2"": ""blocked""}}"
2025-03-30 18:53:10,"{""gw-2"": {""1"": ""blocked"", ""2"": ""blocked""}}"
2025-03-30 18:53:14,"{""gw-1"": {""1"": ""conflict"", ""2"": ""blocked""}}"
2025-03-30 18:53:15,"{""gw-1"": {""1"": ""conflict"", ""2"": ""blocked""}}"
2025-03-30 18:53:24,"{""gw-2"": {""1"": ""blocked"", ""2"": ""blocked""}}"
2025-03-30 18:53:24,"{""gw-1"": {""1"": ""blocked"", ""2"": ""blocked""}}"
2025-03-30 18:53:30,"{""gw-2"": {""1"": ""blocked"", ""2"": ""conflict""}}"
2025-03-30 18:53:31,"{""gw-2"": {""1"": ""conflict"", ""2"": ""conflict""}}"
2025-03-30 18:53:31,"{""gw-2"": {""1"": ""conflict"", ""2"": ""blocked""}}"
2025-03-30 18:53:32,"{""gw-1"": {""1"": ""blocked"", ""2"": ""blocked""}}"
2025-03-30 18:53:33,"{""gw-2"": {""1"": ""blocked"", ""2"": ""blocked""}, ""gw-1"": {""1"": ""blocked"", ""2"": ""blocked""}}"
2025-03-30 18:53:36,"{""gw-1"": {""1"": ""blocked"", ""2"": ""blocked""}}"
2025-03-30 18:53:36,"{""gw-1"": {""1"": ""blocked"", ""2"": ""blocked""}}"
2025-03-30 18:53:38,"{""gw-2"": {""1"": ""blocked"", ""2"": ""blocked""}}"
2025-03-30 18:53:38,"{""gw-2"": {""1"": ""blocked"", ""2"": ""blocked""}}"
2025-03-30 18:53:39,"{""gw-1"": {""1"": ""conflict"", ""2"": ""blocked""}}"
2025-03-30 18:53:39,"{""gw-1"": {""1"": ""conflict"", ""2"": ""blocked""}}"
2025-03-30 18:53:40,"{""gw-2"": {""1"": ""blocked"", ""2"": ""blocked""}}"
2025-03-30 18:53:40,"{""gw-2"": {""1"": ""blocked"", ""2"": ""blocked""}}"
2025-03-30 18:53:41,"{""gw-2"": {""1"": ""blocked"", ""2"": ""blocked""}}"
2025-03-30 18:53:42,"{""gw-2"": {""1"": ""blocked"", ""2"": ""conflict""}}"
2025-03-30 18:53:43,"{""gw-1"": {""1"": ""blocked"", ""2"": ""blocked""}, ""gw-2"": {""1"": ""conflict"", ""2"": ""conflict""}}"
2025-03-30 18:53:43,"{""gw-2"": {""1"": ""conflict"", ""2"": ""blocked""}, ""gw-1"": {""1"": ""blocked"", ""2"": ""blocked""}}"
2025-03-30 18:53:46,"{""gw-1"": {""1"": ""blocked"", ""2"": ""blocked""}}"
2025-03-30 18:53:48,"{""gw-2"": {""1"": ""blocked"", ""2"": ""blocked""}}"
2025-03-30 18:53:50,"{""gw-2"": {""1"": ""blocked"", ""2"": ""blocked""}, ""gw-1"": {""1"": ""blocked"", ""2"": ""conflict""}}"
2025-03-30 18:53:50,"{""gw-1"": {""1"": ""conflict"", ""2"": ""conflict""}, ""gw-2"": {""1"": ""blocked"", ""2"": ""blocked""}}"
2025-03-30 18:53:50,"{""gw-1"": {""1"": ""conflict"", ""2"": ""blocked""}}"
2025-03-30 18:53:51,"{""gw-1"": {""1"": ""conflict"", ""2"": ""blocked""}}"
2025-03-30 18:53:51,"{""gw-1"": {""1"": ""conflict"", ""2"": ""blocked""}}"
2025-03-30 18:53:52,"{""gw-2"": {""1"": ""blocked"", ""2"": ""blocked""}}"
2025-03-30 18:53:56,"{""gw-2"": {""1"": ""conflict"", ""2"": ""blocked""}}"
2025-03-30 18:53:58,"{""gw-1"": {""1"": ""blocked"", ""2"": ""blocked""}}"
2025-03-30 18:53:58,"{""gw-1"": {""1"": ""blocked"", ""2"": ""blocked""}, ""gw-2"": {""1"": ""blocked"", ""2"": ""blocked""}}"
2025-03-30 18:54:00,"{""gw-1"": {""1"": ""blocked"", ""2"": ""blocked""}}"
2025-03-30 18:54:01,"{""gw-1"": {""1"": ""blocked"", ""2"": ""blocked""}, ""gw-2"": {""1"": ""blocked"", ""2"": ""blocked""}}"
2025-03-30 18:54:09,"{""gw-1"": {""1"": ""blocked"", ""2"": ""blocked""}}"
2025-03-30 18:54:10,"{""gw-1"": {""1"": ""blocked"", ""2"": ""blocked""}}"
2025-03-30 18:54:10,"{""gw-1"": {""1"": ""blocked"", ""2"": ""blocked""}, ""gw-2"": {""1"": ""blocked"", ""2"": ""blocked""}}"
2025-03-30 18:54:11,"{""gw-2"": {""1"": ""blocked"", ""2"": ""blocked""}}"
2025-03-30 18:54:12,"{""gw-1"": {""1"": ""blocked"", ""2"": ""blocked""}}"
2025-03-30 18:54:15,"{""gw-2"": {""1"": ""blocked"", ""2"": ""blocked""}, ""gw-1"": {""1"": ""blocked"", ""2"": ""blocked""}}"
2025-03-30 18:54:16,"{""gw-2"": {""1"": ""blocked"", ""2"": ""blocked""}}"
2025-03-30 18:54:16,"{""gw-2"": {""1"": ""blocked"", ""2"": ""blocked""}, ""gw-1"": {""1"": ""blocked"", ""2"": ""conflict""}}"
2025-03-30 18:54:19,"{""gw-1"": {""1"": ""blocked"", ""2"": ""blocked""}}"
2025-03-30 18:54:22,"{""gw-2"": {""1"": ""conflict"", ""2"": ""blocked""}}"
2025-03-30 18:54:25,"{""gw-1"": {""1"": ""blocked"", ""2"": ""blocked""}}"
2025-03-30 18:54:27,"{""gw-1"": {""1"": ""blocked"", ""2"": ""blocked""}, ""gw-2"": {""1"": ""blocked"", ""2"": ""blocked""}}"
2025-03-30 18:54:27,"{""gw-1"": {""1"": ""blocked"", ""2"": ""blocked""}}"
2025-03-30 18:54:31,"{""gw-2"": {""1"": ""blocked"", ""2"": ""blocked""}}"
2025-03-30 18:54:33,"{""gw-1"": {""1"": ""conflict"", ""2"": ""blocked""}}"
2025-03-30 18:54:37,"{""gw-1"": {""1"": ""blocked"", ""2"": ""blocked""}}"
2025-03-30 18:54:37,"{""gw-1"": {""1"": ""blocked"", ""2"": ""blocked""}}"
2025-03-30 18:54:38,"{""gw-1"": {""1"": ""blocked"", ""2"": ""blocked""}, ""gw-2"": {""1"": ""conflict"", ""2"": ""conflict""}}"
2025-03-30 18:54:40,"{""gw-1"": {""1"": ""blocked"", ""2"": ""blocked""}}"
2025-03-30 18:54:41,"{""gw-2"": {""1"": ""blocked"", ""2"": ""blocked""}, ""gw-1"": {""1"": ""blocked"", ""2"": ""blocked""}}"
2025-03-30 18:54:46,"{""gw-1"": {""1"": ""blocked"", ""2"": ""blocked""}}"
2025-03-30 18:54:48,"{""gw-1"": {""1"": ""blocked"", ""2"": ""blocked""}, ""gw-2"": {""1"": ""blocked"", ""2"": ""blocked""}}"
2025-03-30 18:54:48,"{""gw-1"": {""1"": ""blocked"", ""2"": ""blocked""}}"
2025-03-30 18:54:49,"{""gw-1"": {""1"": ""blocked"", ""2"": ""blocked""}}"
2025-03-30 18:54:52,"{""gw-2"": {""1"": ""conflict"", ""2"": ""conflict""}}"
2025-03-30 18:54:52,"{""gw-1"": {""1"": ""blocked"", ""2"": ""blocked""}}"
2025-03-30 18:54:53,"{""gw-1"": {""1"": ""blocked"", ""2"": ""blocked""}}"
2025-03-30 18:55:02,"{""gw-2"": {""1"": ""blocked"", ""2"": ""blocked""}, ""gw-1"": {""1"": ""blocked"", ""2"": ""blocked""}}"
2025-03-30 18:55:05,"{""gw-2"": {""1"": ""conflict"", ""2"": ""conflict""}}"
2025-03-30 18:55:05,"{""gw-1"": {""1"": ""blocked"", ""2"": ""blocked""}}"
2025-03-30 18:55:05,"{""gw-2"": {""1"": ""conflict"", ""2"": ""blocked""}, ""gw-1"": {""1"": ""blocked"", ""2"": ""blocked""}}"
2025-03-30 18:55:08,"{""gw-1"": {""1"": ""blocked"", ""2"": ""blocked""}}"
2025-03-30 18:55:08,"{""gw-2"": {""1"": ""blocked"", ""2"": ""blocked""}}"
2025-03-30 18:55:13,"{""gw-2"": {""1"": ""blocked"", ""2"": ""blocked""}}"
2025-03-30 18:55:23,"{""gw-1"": {""1"": ""conflict"", ""2"": ""blocked""}}"
2025-03-30 18:55:25,"{""gw-2"": {""1"": ""blocked"", ""2"": ""conflict""}}"
2025-03-30 18:55:29,"{""gw-2"": {""1"": ""blocked"", ""2"": ""blocked""}}"
2025-03-30 18:55:30,"{""gw-2"": {""1"": ""blocked"", ""2"": ""blocked""}}"
2025-03-30 18:55:30,"{""gw-1"": {""1"": ""blocked"", ""2"": ""blocked""}}"
2025-03-30 18:55:32,"{""gw-1"": {""1"": ""blocked"", ""2"": ""blocked""}}"
2025-03-30 18:55:41,"{""gw-1"": {""1"": ""blocked"", ""2"": ""blocked""}}"
2025-03-30 18:55:42,"{""gw-1"": {""1"": ""blocked"", ""2"": ""blocked""}, ""gw-2"": {""1"": ""blocked"", ""2"": ""blocked""}}"
2025-03-30 18:55:44,"{""gw-1"": {""1"": ""blocked"", ""2"": ""blocked""}}"
2025-03-30 18:55:46,"{""gw-1"": {""1"": ""blocked"", ""2"": ""blocked""}, ""gw-2"": {""1"": ""blocked"", ""2"": ""blocked""}}"
2025-03-30 18:55:55,"{""gw-2"": {""1"": ""blocked"", ""2"": ""blocked""}}"
2025-03-30 18:55:55,"{""gw-1"": {""1"": ""blocked"", ""2"": ""blocked""}}"
2025-03-30 18:55:56,"{""gw-1"": {""1"": ""blocked"", ""2"": ""blocked""}}"
2025-03-30 18:55:58,"{""gw-1"": {""1"": ""blocked"", ""2"": ""blocked""}, ""gw-2"": {""1"": ""conflict"", ""2"": ""blocked""}}"
2025-03-30 18:55:59,"{""gw-1"": {""1"": ""blocked"", ""2"": ""blocked""}}"
2025-03-30 18:56:01,"{""gw-1"": {""1"": ""blocked"", ""2"": ""blocked""}}"
2025-03-30 18:56:03,"{""gw-1"": {""1"": ""blocked"", ""2"": ""conflict""}}"
2025-03-30 18:56:10,"{""gw-1"": {""1"": ""blocked"", ""2"": ""blocked""}}"
2025-03-30 18:56:12,"{""gw-1"": {""1"": ""blocked"", ""2"": ""blocked""}, ""gw-2"": {""1"": ""blocked"", ""2"": ""blocked""}}"
2025-03-30 18:56:13,"{""gw-1"": {""1"": ""blocked"", ""2"": ""blocked""}}"
2025-03-30 18:56:20,"{""gw-1"": {""1"": ""conflict"", ""2"": ""conflict""}}"
2025-03-30 18:56:23,"{""gw-1"": {""1"": ""blocked"", ""2"": ""blocked""}}"
2025-03-30 18:56:23,"{""gw-2"": {""1"": ""conflict"", ""2"": ""blocked""}}"
2025-03-30 18:56:25,"{""gw-1"": {""1"": ""blocked"", ""2"": ""blocked""}}"
2025-03-30 18:56:34,"{""gw-1"": {""1"": ""conflict"", ""2"": ""conflict""}}"
2025-03-30 18:56:35,"{""gw-2"": {""1"": ""conflict"", ""2"": ""blocked""}}"
2025-03-30 18:56:36,"{""gw-2"": {""1"": ""conflict"", ""2"": ""blocked""}}"
2025-03-30 18:56:37,"{""gw-1"": {""1"": ""blocked"", ""2"": ""blocked""}}"
2025-03-30 18:56:37,"{""gw-1"": {""1"": ""blocked"", ""2"": ""blocked""}}"
2025-03-30 18:56:38,"{""gw-2"": {""1"": ""blocked"", ""2"": ""blocked""}}"
2025-03-30 18:56:39,"{""gw-1"": {""1"": ""blocked"", ""2"": ""blocked""}}"
2025-03-30 18:56:39,"{""gw-1"": {""1"": ""blocked"", ""2"": ""blocked""}}"
2025-03-30 18:56:41,"{""gw-2"": {""1"": ""blocked"", ""2"": ""blocked""}, ""gw-1"": {""1"": ""blocked"", ""2"": ""blocked""}}"
2025-03-30 18:56:44,"{""gw-1"": {""1"": ""blocked"", ""2"": ""blocked""}}"
2025-03-30 18:56:47,"{""gw-2"": {""1"": ""blocked"", ""2"": ""conflict""}}"
2025-03-30 18:56:48,"{""gw-2"": {""1"": ""conflict"", ""2"": ""conflict""}, ""gw-1"": {""1"": ""blocked"", ""2"": ""conflict""}}"
2025-03-30 18:56:52,"{""gw-2"": {""1"": ""blocked"", ""2"": ""blocked""}, ""gw-1"": {""1"": ""blocked"", ""2"": ""blocked""}}"
2025-03-30 18:56:52,"{""gw-1"": {""1"": ""blocked"", ""2"": ""blocked""}}"
2025-03-30 18:56:53,"{""gw-2"": {""1"": ""blocked"", ""2"": ""blocked""}}"
2025-03-30 18:56:54,"{""gw-1"": {""1"": ""blocked"", ""2"": ""blocked""}, ""gw-2"": {""1"": ""blocked"", ""2"": ""blocked""}}"
2025-03-30 18:56:56,"{""gw-2"": {""1"": ""blocked"", ""2"": ""blocked""}}"
2025-03-30 18:56:57,"{""gw-2"": {""1"": ""blocked"", ""2"": ""blocked""}}"
2025-03-30 18:56:58,"{""gw-2"": {""1"": ""blocked"", ""2"": ""blocked""}}"
2025-03-30 18:56:58,"{""gw-1"": {""1"": ""blocked"", ""2"": ""blocked""}, ""gw-2"": {""1"": ""blocked"", ""2"": ""blocked""}}"
2025-03-30 18:57:00,"{""gw-2"": {""1"": ""conflict"", ""2"": ""conflict""}}"
2025-03-30 18:57:01,"{""gw-2"": {""1"": ""conflict"", ""2"": ""blocked""}}"
2025-03-30 18:57:01,"{""gw-2"": {""1"": ""conflict"", ""2"": ""blocked""}}"
2025-03-30 18:57:02,"{""gw-1"": {""1"": ""blocked"", ""2"": ""conflict""}}"
2025-03-30 18:57:04,"{""gw-2"": {""1"": ""blocked"", ""2"": ""blocked""}}"
2025-03-30 18:57:05,"{""gw-2"": {""1"": ""blocked"", ""2"": ""blocked""}}"
2025-03-30 18:57:08,"{""gw-2"": {""1"": ""blocked"", ""2"": ""blocked""}, ""gw-1"": {""1"": ""blocked"", ""2"": ""blocked""}}"
2025-03-30 18:57:08,"{""gw-1"": {""1"": ""blocked"", ""2"": ""blocked""}, ""gw-2"": {""1"": ""blocked"", ""2"": ""blocked""}}"
2025-03-30 18:57:08,"{""gw-1"": {""1"": ""blocked"", ""2"": ""blocked""}}"
2025-03-30 18:57:11,"{""gw-1"": {""1"": ""blocked"", ""2"": ""blocked""}}"
2025-03-30 18:57:11,"{""gw-2"": {""1"": ""blocked"", ""2"": ""blocked""}}"
2025-03-30 18:57:11,"{""gw-1"": {""1"": ""blocked"", ""2"": ""blocked""}}"
2025-03-30 18:57:12,"{""gw-2"": {""1"": ""conflict"", ""2"": ""conflict""}, ""gw-1"": {""1"": ""blocked"", ""2"": ""blocked""}}"
2025-03-30 18:57:18,"{""gw-2"": {""1"": ""blocked"", ""2"": ""blocked""}}"
2025-03-30 18:57:19,"{""gw-2"": {""1"": ""blocked"", ""2"": ""blocked""}}"
2025-03-30 18:57:23,"{""gw-1"": {""1"": ""conflict"", ""2"": ""blocked""}, ""gw-2"": {""1"": ""blocked"", ""2"": ""blocked""}}"
2025-03-30 18:57:30,"{""gw-1"": {""1"": ""blocked"", ""2"": ""blocked""}}"
2025-03-30 18:57:31,"{""gw-1"": {""1"": ""blocked"", ""2"": ""blocked""}}"
2025-03-30 18:57:32,"{""gw-1"": {""1"": ""blocked"", ""2"": ""blocked""}}"
2025-03-30 18:57:32,"{""gw-2"": {""1"": ""conflict"", ""2"": ""blocked""}}"
2025-03-30 18:57:41,"{""gw-2"": {""1"": ""blocked"", ""2"": ""blocked""}}"
2025-03-30 18:57:42,"{""gw-1"": {""1"": ""blocked"", ""2"": ""blocked""}}"
2025-03-30 18:57:43,"{""gw-1"": {""1"": ""blocked"", ""2"": ""blocked""}}"
2025-03-30 18:57:43,"{""gw-2"": {""1"": ""blocked"", ""2"": ""conflict""}}"
2025-03-30 18:57:44,"{""gw-1"": {""1"": ""blocked"", ""2"": ""blocked""}}"
2025-03-30 18:57:44,"{""gw-2"": {""1"": ""conflict"", ""2"": ""conflict""}}"
2025-03-30 18:57:45,"{""gw-2"": {""1"": ""conflict"", ""2"": ""blocked""}}"
2025-03-30 18:57:48,"{""gw-2"": {""1"": ""blocked"", ""2"": ""blocked""}, ""gw-1"": {""1"": ""conflict"", ""2"": ""blocked""}}"
2025-03-30 18:57:52,"{""gw-1"": {""1"": ""blocked"", ""2"": ""blocked""}}"
2025-03-30 18:57:52,"{""gw-2"": {""1"": ""blocked"", ""2"": ""blocked""}}"
2025-03-30 18:57:53,"{""gw-1"": {""1"": ""blocked"", ""2"": ""blocked""}, ""gw-2"": {""1"": ""blocked"", ""2"": ""blocked""}}"
2025-03-30 18:57:54,"{""gw-1"": {""1"": ""blocked"", ""2"": ""blocked""}}"
2025-03-30 18:57:54,"{""gw-1"": {""1"": ""blocked"", ""2"": ""blocked""}}"
2025-03-30 18:58:11,"{""gw-2"": {""1"": ""blocked"", ""2"": ""blocked""}}"
2025-03-30 18:58:14,"{""gw-1"": {""1"": ""blocked"", ""2"": ""blocked""}}"
2025-03-30 18:58:15,"{""gw-2"": {""1"": ""blocked"", ""2"": ""blocked""}}"
2025-03-30 18:58:15,"{""gw-2"": {""1"": ""blocked"", ""2"": ""blocked""}}"
2025-03-30 18:58:16,"{""gw-1"": {""1"": ""blocked"", ""2"": ""blocked""}}"
2025-03-30 18:58:17,"{""gw-1"": {""1"": ""blocked"", ""2"": ""blocked""}}"
2025-03-30 18:58:17,"{""gw-1"": {""1"": ""blocked"", ""2"": ""blocked""}}"
2025-03-30 18:58:17,"{""gw-2"": {""1"": ""blocked"", ""2"": ""blocked""}, ""gw-1"": {""1"": ""blocked"", ""2"": ""blocked""}}"
2025-03-30 18:58:28,"{""gw-1"": {""1"": ""blocked"", ""2"": ""blocked""}}"
2025-03-30 18:58:28,"{""gw-1"": {""1"": ""blocked"", ""2"": ""blocked""}}"
2025-03-30 18:58:33,"{""gw-2"": {""1"": ""conflict"", ""2"": ""blocked""}}"
2025-03-30 18:58:33,"{""gw-2"": {""1"": ""conflict"", ""2"": ""blocked""}}"
2025-03-30 18:58:35,"{""gw-1"": {""1"": ""blocked"", ""2"": ""conflict""}}"
2025-03-30 18:58:36,"{""gw-2"": {""1"": ""blocked"", ""2"": ""blocked""}}"
2025-03-30 18:58:39,"{""gw-1"": {""1"": ""blocked"", ""2"": ""blocked""}}"
2025-03-30 18:58:40,"{""gw-2"": {""1"": ""conflict"", ""2"": ""conflict""}}"
2025-03-30 18:58:40,"{""gw-1"": {""1"": ""blocked"", ""2"": ""blocked""}}"
2025-03-30 18:58:42,"{""gw-1"": {""1"": ""blocked"", ""2"": ""blocked""}}"
2025-03-30 18:58:43,"{""gw-1"": {""1"": ""blocked"", ""2"": ""blocked""}}"
2025-03-30 18:58:44,"{""gw-2"": {""1"": ""blocked"", ""2"": ""blocked""}, ""gw-1"": {""1"": ""blocked"", ""2"": ""blocked""}}"
2025-03-30 18:58:45,"{""gw-2"": {""1"": ""blocked"", ""2"": ""blocked""}}"
2025-03-30 18:58:46,"{""gw-2"": {""1"": ""blocked"", ""2"": ""blocked""}, ""gw-1"": {""1"": ""blocked"", ""2"": ""blocked""}}"
2025-03-30 18:58:47,"{""gw-2"": {""1"": ""blocked"", ""2"": ""blocked""}}"
2025-03-30 18:58:48,"{""gw-2"": {""1"": ""blocked"", ""2"": ""blocked""}}"
2025-03-30 18:58:50,"{""gw-2"": {""1"": ""blocked"", ""2"": ""blocked""}}"
2025-03-30 18:58:50,"{""gw-1"": {""1"": ""conflict"", ""2"": ""conflict""}}"
2025-03-30 18:58:55,"{""gw-1"": {""1"": ""blocked"", ""2"": ""blocked""}}"
2025-03-30 18:58:58,"{""gw-1"": {""1"": ""blocked"", ""2"": ""blocked""}, ""gw-2"": {""1"": ""conflict"", ""2"": ""blocked""}}"
2025-03-30 18:58:59,"{""gw-1"": {""1"": ""blocked"", ""2"": ""blocked""}, ""gw-2"": {""1"": ""conflict"", ""2"": ""blocked""}}"
2025-03-30 18:58:59,"{""gw-1"": {""1"": ""blocked"", ""2"": ""blocked""}}"
2025-03-30 18:59:00,"{""gw-1"": {""1"": ""blocked"", ""2"": ""blocked""}}"
2025-03-30 18:59:02,"{""gw-1"": {""1"": ""conflict"", ""2"": ""conflict""}, ""gw-2"": {""1"": ""blocked"", ""2"": ""blocked""}}"
2025-03-30 18:59:04,"{""gw-2"": {""1"": ""blocked"", ""2"": ""blocked""}}"
2025-03-30 18:59:04,"{""gw-2"": {""1"": ""blocked"", ""2"": ""blocked""}}"
2025-03-30 18:59:12,"{""gw-1"": {""1"": ""blocked"", ""2"": ""blocked""}}"
2025-03-30 18:59:13,"{""gw-1"": {""1"": ""blocked"", ""2"": ""blocked""}}"
2025-03-30 18:59:20,"{""gw-2"": {""1"": ""blocked"", ""2"": ""blocked""}, ""gw-1"": {""1"": ""blocked"", ""2"": ""blocked""}}"
2025-03-30 18:59:22,"{""gw-2"": {""1"": ""conflict"", ""2"": ""conflict""}, ""gw-1"": {""1"": ""blocked"", ""2"": ""blocked""}}"
2025-03-30 18:59:22,"{""gw-2"": {""1"": ""conflict"", ""2"": ""blocked""}, ""gw-1"": {""1"": ""blocked"", ""2"": ""blocked""}}"
2025-03-30 18:59:24,"{""gw-2"": {""1"": ""blocked"", ""2"": ""blocked""}}"
2025-03-30 18:59:31,"{""gw-1"": {""1"": ""blocked"", ""2"": ""conflict""}}"
2025-03-30 18:59:36,"{""gw-1"": {""1"": ""blocked"", ""2"": ""blocked""}}"
2025-03-30 18:59:38,"{""gw-1"": {""1"": ""blocked"", ""2"": ""blocked""}}"
2025-03-30 18:59:41,"{""gw-1"": {""1"": ""blocked"", ""2"": ""blocked""}, ""gw-2"": {""1"": ""blocked"", ""2"": ""blocked""}}"
2025-03-30 18:59:43,"{""gw-2"": {""1"": ""blocked"", ""2"": ""blocked""}}"
2025-03-30 18:59:49,"{""gw-1"": {""1"": ""blocked"", ""2"": ""blocked""}}"
2025-03-30 18:59:54,"{""gw-1"": {""1"": ""blocked"", ""2"": ""blocked""}}"
2025-03-30 18:59:57,"{""gw-2"": {""1"": ""conflict"", ""2"": ""blocked""}}"
2025-03-30 19:00:00,"{""gw-2"": {""1"": ""blocked"", ""2"": ""blocked""}, ""gw-1"": {""1"": ""blocked"", ""2"": ""conflict""}}"
2025-03-30 19:00:01,"{""gw-2"": {""1"": ""blocked"", ""2"": ""blocked""}}"
2025-03-30 19:00:05,"{""gw-2"": {""1"": ""blocked"", ""2"": ""blocked""}}"
2025-03-30 19:00:22,"{""gw-2"": {""1"": ""blocked"", ""2"": ""blocked""}}"
2025-03-30 19:00:26,"{""gw-2"": {""1"": ""conflict"", ""2"": ""blocked""}}"
2025-03-30 19:00:27,"{""gw-1"": {""1"": ""conflict"", ""2"": ""blocked""}}"
2025-03-30 19:00:27,"{""gw-1"": {""1"": ""conflict"", ""2"": ""blocked""}}"
2025-03-30 19:00:27,"{""gw-1"": {""1"": ""conflict"", ""2"": ""blocked""}}"
2025-03-30 19:00:28,"{""gw-1"": {""1"": ""conflict"", ""2"": ""blocked""}}"
2025-03-30 19:00:29,"{""gw-2"": {""1"": ""blocked"", ""2"": ""blocked""}}"
2025-03-30 19:00:30,"{""gw-2"": {""1"": ""blocked"", ""2"": ""blocked""}}"
2025-03-30 19:00:32,"{""gw-2"": {""1"": ""blocked"", ""2"": ""blocked""}}"
2025-03-30 19:00:32,"{""gw-1"": {""1"": ""blocked"", ""2"": ""blocked""}}"
2025-03-30 19:00:45,"{""gw-1"": {""1"": ""blocked"", ""2"": ""blocked""}, ""gw-2"": {""1"": ""blocked"", ""2"": ""conflict""}}"
2025-03-30 19:00:52,"{""gw-2"": {""1"": ""blocked"", ""2"": ""blocked""}}"
2025-03-30 19:01:02,"{""gw-1"": {""1"": ""blocked"", ""2"": ""blocked""}}"
2025-03-30 19:01:02,"{""gw-2"": {""1"": ""blocked"", ""2"": ""blocked""}}"
2025-03-30 19:01:05,"{""gw-2"": {""1"": ""blocked"", ""2"": ""blocked""}}"
2025-03-30 19:01:05,"{""gw-2"": {""1"": ""blocked"", ""2"": ""blocked""}}"
2025-03-30 19:01:07,"{""gw-1"": {""1"": ""conflict"", ""2"": ""blocked""}, ""gw-2"": {""1"": ""blocked"", ""2"": ""blocked""}}"
2025-03-30 19:01:11,"{""gw-1"": {""1"": ""blocked"", ""2"": ""blocked""}}"
2025-03-30 19:01:11,"{""gw-1"": {""1"": ""blocked"", ""2"": ""blocked""}}"
2025-03-30 19:01:14,"{""gw-1"": {""1"": ""blocked"", ""2"": ""blocked""}}"
2025-03-30 19:01:16,"{""gw-2"": {""1"": ""blocked"", ""2"": ""blocked""}}"
2025-03-30 19:01:18,"{""gw-2"": {""1"": ""blocked"", ""2"": ""blocked""}}"
2025-03-30 19:01:19,"{""gw-2"": {""1"": ""blocked"", ""2"": ""blocked""}}"
2025-03-30 19:01:27,"{""gw-2"": {""1"": ""conflict"", ""2"": ""blocked""}}"
2025-03-30 19:01:35,"{""gw-1"": {""1"": ""conflict"", ""2"": ""conflict""}}"
2025-03-30 19:01:36,"{""gw-2"": {""1"": ""blocked"", ""2"": ""blocked""}}"
2025-03-30 19:01:37,"{""gw-2"": {""1"": ""blocked"", ""2"": ""blocked""}}"
2025-03-30 19:01:39,"{""gw-1"": {""1"": ""blocked"", ""2"": ""blocked""}}"
2025-03-30 19:01:44,"{""gw-1"": {""1"": ""blocked"", ""2"": ""blocked""}, ""gw-2"": {""1"": ""blocked"", ""2"": ""blocked""}}"
2025-03-30 19:01:46,"{""gw-2"": {""1"": ""blocked"", ""2"": ""blocked""}}"
2025-03-30 19:01:48,"{""gw-2"": {""1"": ""blocked"", ""2"": ""blocked""}}"
2025-03-30 19:01:49,"{""gw-2"": {""1"": ""blocked"", ""2"": ""blocked""}}"
2025-03-30 19:01:50,"{""gw-1"": {""1"": ""blocked"", ""2"": ""conflict""}}"
2025-03-30 19:01:55,"{""gw-1"": {""1"": ""blocked"", ""2"": ""blocked""}}"
2025-03-30 19:01:55,"{""gw-1"": {""1"": ""blocked"", ""2"": ""blocked""}}"
2025-03-30 19:01:56,"{""gw-1"": {""1"": ""blocked"", ""2"": ""blocked""}}"
2025-03-30 19:01:59,"{""gw-2"": {""1"": ""blocked"", ""2"": ""blocked""}, ""gw-1"": {""1"": ""blocked"", ""2"": ""blocked""}}"
2025-03-30 19:02:04,"{""gw-2"": {""1"": ""blocked"", ""2"": ""blocked""}}"
2025-03-30 19:02:05,"{""gw-1"": {""1"": ""blocked"", ""2"": ""conflict""}}"
2025-03-30 19:02:13,"{""gw-1"": {""1"": ""blocked"", ""2"": ""blocked""}}"
2025-03-30 19:02:14,"{""gw-1"": {""1"": ""blocked"", ""2"": ""blocked""}}"
2025-03-30 19:02:14,"{""gw-1"": {""1"": ""blocked"", ""2"": ""blocked""}}"
2025-03-30 19:02:14,"{""gw-2"": {""1"": ""blocked"", ""2"": ""blocked""}}"
2025-03-30 19:02:15,"{""gw-2"": {""1"": ""blocked"", ""2"": ""blocked""}}"
2025-03-30 19:02:15,"{""gw-2"": {""1"": ""blocked"", ""2"": ""blocked""}, ""gw-1"": {""1"": ""blocked"", ""2"": ""blocked""}}"
2025-03-30 19:02:22,"{""gw-2"": {""1"": ""conflict"", ""2"": ""conflict""}}"
2025-03-30 19:02:26,"{""gw-1"": {""1"": ""blocked"", ""2"": ""blocked""}}"
2025-03-30 19:02:32,"{""gw-2"": {""1"": ""blocked"", ""2"": ""blocked""}}"
2025-03-30 19:02:34,"{""gw-1"": {""1"": ""blocked"", ""2"": ""blocked""}}"
2025-03-30 19:02:37,"{""gw-1"": {""1"": ""blocked"", ""2"": ""blocked""}}"
2025-03-30 19:02:43,"{""gw-2"": {""1"": ""blocked"", ""2"": ""blocked""}}"
2025-03-30 19:02:44,"{""gw-1"": {""1"": ""conflict"", ""2"": ""blocked""}, ""gw-2"": {""1"": ""blocked"", ""2"": ""blocked""}}"
2025-03-30 19:02:45,"{""gw-2"": {""1"": ""blocked"", ""2"": ""blocked""}}"
2025-03-30 19:02:46,"{""gw-2"": {""1"": ""blocked"", ""2"": ""conflict""}}"
2025-03-30 19:02:47,"{""gw-1"": {""1"": ""blocked"", ""2"": ""blocked""}}"
2025-03-30 19:02:47,"{""gw-1"": {""1"": ""blocked"", ""2"": ""blocked""}}"
2025-03-30 19:02:50,"{""gw-1"": {""1"": ""blocked"", ""2"": ""blocked""}}"
2025-03-30 19:02:51,"{""gw-1"": {""1"": ""blocked"", ""2"": ""blocked""}, ""gw-2"": {""1"": ""blocked"", ""2"": ""blocked""}}"
2025-03-30 19:02:58,"{""gw-1"": {""1"": ""blocked"", ""2"": ""conflict""}}"
2025-03-30 19:03:00,"{""gw-2"": {""1"": ""conflict"", ""2"": ""conflict""}}"
2025-03-30 19:03:03,"{""gw-1"": {""1"": ""blocked"", ""2"": ""blocked""}}"
2025-03-30 19:03:06,"{""gw-1"": {""1"": ""blocked"", ""2"": ""blocked""}}"
2025-03-30 19:03:06,"{""gw-1"": {""1"": ""blocked"", ""2"": ""blocked""}}"
2025-03-30 19:03:07,"{""gw-1"": {""1"": ""blocked"", ""2"": ""blocked""}}"
2025-03-30 19:03:07,"{""gw-1"": {""1"": ""blocked"", ""2"": ""blocked""}, ""gw-2"": {""1"": ""blocked"", ""2"": ""blocked""}}"
2025-03-30 19:03:19,"{""gw-1"": {""1"": ""blocked"", ""2"": ""blocked""}, ""gw-2"": {""1"": ""blocked"", ""2"": ""blocked""}}"
2025-03-30 19:03:19,"{""gw-1"": {""1"": ""blocked"", ""2"": ""blocked""}}"
2025-03-30 19:03:22,"{""gw-2"": {""1"": ""blocked"", ""2"": ""blocked""}}"
2025-03-30 19:03:28,"{""gw-1"": {""1"": ""conflict"", ""2"": ""conflict""}}"
2025-03-30 19:03:28,"{""gw-1"": {""1"": ""conflict"", ""2"": ""blocked""}}"
2025-03-30 19:03:28,"{""gw-1"": {""1"": ""conflict"", ""2"": ""blocked""}}"
2025-03-30 19:03:31,"{""gw-2"": {""1"": ""conflict"", ""2"": ""blocked""}}"
2025-03-30 19:03:35,"{""gw-1"": {""1"": ""blocked"", ""2"": ""blocked""}}"
2025-03-30 19:03:36,"{""gw-1"": {""1"": ""blocked"", ""2"": ""blocked""}}"
2025-03-30 19:03:36,"{""gw-1"": {""1"": ""blocked"", ""2"": ""blocked""}}"
2025-03-30 19:03:42,"{""gw-2"": {""1"": ""blocked"", ""2"": ""conflict""}}"
2025-03-30 19:03:57,"{""gw-1"": {""1"": ""conflict"", ""2"": ""blocked""}}"
2025-03-30 19:03:59,"{""gw-1"": {""1"": ""blocked"", ""2"": ""blocked""}}"
2025-03-30 19:03:59,"{""gw-2"": {""1"": ""blocked"", ""2"": ""conflict""}}"
2025-03-30 19:04:02,"{""gw-1"": {""1"": ""blocked"", ""2"": ""blocked""}}"
2025-03-30 19:04:06,"{""gw-2"": {""1"": ""conflict"", ""2"": ""blocked""}}"
2025-03-30 19:04:07,"{""gw-1"": {""1"": ""blocked"", ""2"": ""blocked""}}"
2025-03-30 19:04:08,"{""gw-2"": {""1"": ""blocked"", ""2"": ""blocked""}}"
2025-03-30 19:04:10,"{""gw-2"": {""1"": ""blocked"", ""2"": ""blocked""}}"
2025-03-30 19:04:10,"{""gw-1"": {""1"": ""conflict"", ""2"": ""conflict""}}"
2025-03-30 19:04:11,"{""gw-2"": {""1"": ""blocked"", ""2"": ""conflict""}}"
2025-03-30 19:04:16,"{""gw-1"": {""1"": ""blocked"", ""2"": ""blocked""}}"
2025-03-30 19:04:20,"{""gw-1"": {""1"": ""blocked"", ""2"": ""blocked""}}"
2025-03-30 19:04:20,"{""gw-2"": {""1"": ""blocked"", ""2"": ""blocked""}}"
2025-03-30 19:04:25,"{""gw-2"": {""1"": ""conflict"", ""2"": ""blocked""}}"
2025-03-30 19:04:28,"{""gw-2"": {""1"": ""blocked"", ""2"": ""blocked""}}"
2025-03-30 19:04:28,"{""gw-1"": {""1"": ""blocked"", ""2"": ""blocked""}, ""gw-2"": {""1"": ""blocked"", ""2"": ""blocked""}}"
2025-03-30 19:04:32,"{""gw-2"": {""1"": ""blocked"", ""2"": ""blocked""}}"
2025-03-30 19:04:32,"{""gw-2"": {""1"": ""blocked"", ""2"": ""blocked""}}"
2025-03-30 19:04:33,"{""gw-2"": {""1"": ""blocked"", ""2"": ""blocked""}}"
2025-03-30 19:04:37,"{""gw-2"": {""1"": ""blocked"", ""2"": ""conflict""}}"
2025-03-30 19:04:38,"{""gw-2"": {""1"": ""conflict"", ""2"": ""blocked""}, ""gw-1"": {""1"": ""blocked"", ""2"": ""blocked""}}"
2025-03-30 19:04:41,"{""gw-1"": {""1"": ""blocked"", ""2"": ""blocked""}}"
2025-03-30 19:04:41,"{""gw-2"": {""1"": ""blocked"", ""2"": ""blocked""}, ""gw-1"": {""1"": ""blocked"", ""2"": ""blocked""}}"
2025-03-30 19:04:41,"{""gw-1"": {""1"": ""blocked"", ""2"": ""blocked""}}"
2025-03-30 19:04:43,"{""gw-1"": {""1"": ""blocked"", ""2"": ""blocked""}}"
2025-03-30 19:04:43,"{""gw-1"": {""1"": ""blocked"", ""2"": ""blocked""}}"
2025-03-30 19:04:43,"{""gw-2"": {""1"": ""blocked"", ""2"": ""blocked""}, ""gw-1"": {""1"": ""blocked"", ""2"": ""blocked""}}"
2025-03-30 19:04:44,"{""gw-1"": {""1"": ""blocked"", ""2"": ""blocked""}}"
2025-03-30 19:04:45,"{""gw-2"": {""1"": ""blocked"", ""2"": ""blocked""}}"
2025-03-30 19:04:46,"{""gw-1"": {""1"": ""conflict"", ""2"": ""conflict""}}"
2025-03-30 19:04:46,"{""gw-2"": {""1"": ""blocked"", ""2"": ""blocked""}}"
2025-03-30 19:04:50,"{""gw-1"": {""1"": ""blocked"", ""2"": ""blocked""}}"
2025-03-30 19:04:53,"{""gw-1"": {""1"": ""blocked"", ""2"": ""blocked""}}"
2025-03-30 19:04:54,"{""gw-1"": {""1"": ""blocked"", ""2"": ""blocked""}}"
2025-03-30 19:04:56,"{""gw-1"": {""1"": ""blocked"", ""2"": ""blocked""}}"
2025-03-30 19:04:59,"{""gw-2"": {""1"": ""blocked"", ""2"": ""blocked""}, ""gw-1"": {""1"": ""conflict"", ""2"": ""blocked""}}"
2025-03-30 19:05:05,"{""gw-1"": {""1"": ""blocked"", ""2"": ""blocked""}, ""gw-2"": {""1"": ""blocked"", ""2"": ""blocked""}}"
2025-03-30 19:05:13,"{""gw-2"": {""1"": ""conflict"", ""2"": ""blocked""}}"
2025-03-30 19:05:17,"{""gw-2"": {""1"": ""blocked"", ""2"": ""blocked""}}"
2025-03-30 19:05:17,"{""gw-2"": {""1"": ""blocked"", ""2"": ""blocked""}}"
2025-03-30 19:05:18,"{""gw-2"": {""1"": ""blocked"", ""2"": ""blocked""}}"
2025-03-30 19:05:23,"{""gw-1"": {""1"": ""blocked"", ""2"": ""blocked""}}"
2025-03-30 19:05:32,"{""gw-2"": {""1"": ""blocked"", ""2"": ""blocked""}}"
2025-03-30 19:05:33,"{""gw-2"": {""1"": ""blocked"", ""2"": ""blocked""}}"
2025-03-30 19:05:41,"{""gw-2"": {""1"": ""blocked"", ""2"": ""blocked""}}"
2025-03-30 19:05:43,"{""gw-1"": {""1"": ""conflict"", ""2"": ""blocked""}}"
2025-03-30 19:05:45,"{""gw-2"": {""1"": ""blocked"", ""2"": ""blocked""}}"
2025-03-30 19:05:46,"{""gw-1"": {""1"": ""blocked"", ""2"": ""blocked""}, ""gw-2"": {""1"": ""blocked"", ""2"": ""blocked""}}"
2025-03-30 19:05:47,"{""gw-1"": {""1"": ""blocked"", ""2"": ""blocked""}}"
2025-03-30 19:05:48,"{""gw-2"": {""1"": ""blocked"", ""2"": ""conflict""}, ""gw-1"": {""1"": ""blocked"", ""2"": ""blocked""}}"
2025-03-30 19:05:50,"{""gw-2"": {""1"": ""conflict"", ""2"": ""blocked""}}"
2025-03-30 19:05:53,"{""gw-1"": {""1"": ""blocked"", ""2"": ""blocked""}}"
2025-03-30 19:05:54,"{""gw-2"": {""1"": ""blocked"", ""2"": ""blocked""}}"
2025-03-30 19:05:57,"{""gw-2"": {""1"": ""blocked"", ""2"": ""blocked""}}"
2025-03-30 19:06:00,"{""gw-1"": {""1"": ""blocked"", ""2"": ""blocked""}}"
2025-03-30 19:06:00,"{""gw-1"": {""1"": ""blocked"", ""2"": ""blocked""}}"
2025-03-30 19:06:01,"{""gw-1"": {""1"": ""blocked"", ""2"": ""blocked""}}"
2025-03-30 19:06:01,"{""gw-1"": {""1"": ""blocked"", ""2"": ""blocked""}}"
2025-03-30 19:06:02,"{""gw-1"": {""1"": ""blocked"", ""2"": ""blocked""}, ""gw-2"": {""1"": ""conflict"", ""2"": ""blocked""}}"
2025-03-30 19:06:06,"{""gw-2"": {""1"": ""conflict"", ""2"": ""blocked""}}"
2025-03-30 19:06:10,"{""gw-2"": {""1"": ""blocked"", ""2"": ""blocked""}}"
2025-03-30 19:06:12,"{""gw-2"": {""1"": ""blocked"", ""2"": ""blocked""}}"
2025-03-30 19:06:16,"{""gw-1"": {""1"": ""blocked"", ""2"": ""blocked""}}"
2025-03-30 19:06:16,"{""gw-1"": {""1"": ""blocked"", ""2"": ""blocked""}}"
2025-03-30 19:06:21,"{""gw-2"": {""1"": ""blocked"", ""2"": ""conflict""}}"
2025-03-30 19:06:25,"{""gw-1"": {""1"": ""conflict"", ""2"": ""blocked""}, ""gw-2"": {""1"": ""blocked"", ""2"": ""blocked""}}"
2025-03-30 19:06:25,"{""gw-2"": {""1"": ""blocked"", ""2"": ""blocked""}}"
2025-03-30 19:06:28,"{""gw-1"": {""1"": ""blocked"", ""2"": ""blocked""}}"
2025-03-30 19:06:28,"{""gw-2"": {""1"": ""blocked"", ""2"": ""blocked""}}"
2025-03-30 19:06:30,"{""gw-2"": {""1"": ""blocked"", ""2"": ""blocked""}}"
2025-03-30 19:06:33,"{""gw-1"": {""1"": ""blocked"", ""2"": ""blocked""}}"
2025-03-30 19:06:35,"{""gw-2"": {""1"": ""blocked"", ""2"": ""conflict""}}"
2025-03-30 19:06:44,"{""gw-1"": {""1"": ""blocked"", ""2"": ""blocked""}}"
2025-03-30 19:06:46,"{""gw-1"": {""1"": ""blocked"", ""2"": ""blocked""}}"
2025-03-30 19:06:50,"{""gw-1"": {""1"": ""conflict"", ""2"": ""blocked""}}"
2025-03-30 19:06:52,"{""gw-2"": {""1"": ""blocked"", ""2"": ""blocked""}}"
2025-03-30 19:06:53,"{""gw-1"": {""1"": ""blocked"", ""2"": ""blocked""}}"
2025-03-30 19:06:54,"{""gw-2"": {""1"": ""blocked"", ""2"": ""blocked""}}"
2025-03-30 19:06:54,"{""gw-1"": {""1"": ""blocked"", ""2"": ""blocked""}, ""gw-2"": {""1"": ""blocked"", ""2"": ""blocked""}}"
2025-03-30 19:06:54,"{""gw-1"": {""1"": ""blocked"", ""2"": ""blocked""}}"
2025-03-30 19:06:55,"{""gw-1"": {""1"": ""blocked"", ""2"": ""blocked""}}"
2025-03-30 19:06:56,"{""gw-2"": {""1"": ""blocked"", ""2"": ""blocked""}, ""gw-1"": {""1"": ""blocked"", ""2"": ""blocked""}}"
2025-03-30 19:07:14,"{""gw-1"": {""1"": ""blocked"", ""2"": ""blocked""}}"
2025-03-30 19:07:17,"{""gw-2"": {""1"": ""blocked"", ""2"": ""blocked""}}"
2025-03-30 19:07:19,"{""gw-2"": {""1"": ""conflict"", ""2"": ""blocked""}}"
2025-03-30 19:07:26,"{""gw-2"": {""1"": ""conflict"", ""2"": ""blocked""}}"
2025-03-30 19:07:29,"{""gw-1"": {""1"": ""blocked"", ""2"": ""blocked""}, ""gw-2"": {""1"": ""blocked"", ""2"": ""blocked""}}"
2025-03-30 19:07:42,"{""gw-1"": {""1"": ""blocked"", ""2"": ""blocked""}}"
2025-03-30 19:07:43,"{""gw-1"": {""1"": ""blocked"", ""2"": ""blocked""}}"
2025-03-30 19:07:44,"{""gw-2"": {""1"": ""conflict"", ""2"": ""conflict""}}"
2025-03-30 19:07:44,"{""gw-2"": {""1"": ""conflict"", ""2"": ""blocked""}}"
2025-03-30 19:07:46,"{""gw-1"": {""1"": ""blocked"", ""2"": ""blocked""}}"
2025-03-30 19:07:46,"{""gw-1"": {""1"": ""blocked"", ""2"": ""blocked""}}"
2025-03-30 19:07:52,"{""gw-1"": {""1"": ""conflict"", ""2"": ""blocked""}}"
2025-03-30 19:07:54,"{""gw-1"": {""1"": ""blocked"", ""2"": ""blocked""}}"
2025-03-30 19:07:54,"{""gw-2"": {""1"": ""blocked"", ""2"": ""blocked""}}"
2025-03-30 19:07:56,"{""gw-1"": {""1"": ""blocked"", ""2"": ""blocked""}}"
2025-03-30 19:07:57,"{""gw-1"": {""1"": ""blocked"", ""2"": ""blocked""}, ""gw-2"": {""1"": ""conflict"", ""2"": ""blocked""}}"
2025-03-30 19:08:01,"{""gw-1"": {""1"": ""blocked"", ""2"": ""blocked""}}"
2025-03-30 19:08:05,"{""gw-2"": {""1"": ""blocked"", ""2"": ""blocked""}}"
2025-03-30 19:08:06,"{""gw-2"": {""1"": ""blocked"", ""2"": ""blocked""}}"
2025-03-30 19:08:08,"{""gw-1"": {""1"": ""blocked"", ""2"": ""conflict""}}"
2025-03-30 19:08:10,"{""gw-2"": {""1"": ""conflict"", ""2"": ""blocked""}}"
2025-03-30 19:08:11,"{""gw-1"": {""1"": ""blocked"", ""2"": ""blocked""}}"
2025-03-30 19:08:12,"{""gw-1"": {""1"": ""blocked"", ""2"": ""blocked""}}"
2025-03-30 19:08:16,"{""gw-1"": {""1"": ""blocked"", ""2"": ""blocked""}}"
2025-03-30 19:08:18,"{""gw-1"": {""1"": ""blocked"", ""2"": ""blocked""}, ""gw-2"": {""1"": ""blocked"", ""2"": ""blocked""}}"
2025-03-30 19:08:24,"{""gw-2"": {""1"": ""conflict"", ""2"": ""conflict""}}"
2025-03-30 19:08:27,"{""gw-1"": {""1"": ""blocked"", ""2"": ""blocked""}}"
2025-03-30 19:08:28,"{""gw-1"": {""1"": ""blocked"", ""2"": ""blocked""}, ""gw-2"": {""1"": ""blocked"", ""2"": ""blocked""}}"
2025-03-30 19:08:28,"{""gw-2"": {""1"": ""blocked"", ""2"": ""blocked""}, ""gw-1"": {""1"": ""blocked"", ""2"": ""blocked""}}"
2025-03-30 19:08:29,"{""gw-1"": {""1"": ""blocked"", ""2"": ""blocked""}, ""gw-2"": {""1"": ""blocked"", ""2"": ""blocked""}}"
2025-03-30 19:08:29,"{""gw-2"": {""1"": ""blocked"", ""2"": ""blocked""}}"
2025-03-30 19:08:29,"{""gw-2"": {""1"": ""blocked"", ""2"": ""blocked""}}"
2025-03-30 19:08:31,"{""gw-1"": {""1"": ""blocked"", ""2"": ""blocked""}}"
2025-03-30 19:08:31,"{""gw-1"": {""1"": ""blocked"", ""2"": ""blocked""}, ""gw-2"": {""1"": ""blocked"", ""2"": ""blocked""}}"
2025-03-30 19:08:32,"{""gw-1"": {""1"": ""blocked"", ""2"": ""blocked""}}"
2025-03-30 19:08:33,"{""gw-1"": {""1"": ""conflict"", ""2"": ""conflict""}}"
2025-03-30 19:08:34,"{""gw-1"": {""1"": ""conflict"", ""2"": ""blocked""}}"
2025-03-30 19:08:36,"{""gw-2"": {""1"": ""blocked"", ""2"": ""conflict""}}"
2025-03-30 19:08:37,"{""gw-2"": {""1"": ""conflict"", ""2"": ""blocked""}}"
2025-03-30 19:08:39,"{""gw-1"": {""1"": ""blocked"", ""2"": ""blocked""}}"
2025-03-30 19:08:44,"{""gw-2"": {""1"": ""blocked"", ""2"": ""blocked""}}"
2025-03-30 19:08:46,"{""gw-1"": {""1"": ""conflict"", ""2"": ""blocked""}}"
2025-03-30 19:08:46,"{""gw-2"": {""1"": ""blocked"", ""2"": ""blocked""}}"
2025-03-30 19:08:47,"{""gw-2"": {""1"": ""blocked"", ""2"": ""blocked""}}"
2025-03-30 19:08:51,"{""gw-2"": {""1"": ""conflict"", ""2"": ""conflict""}}"
2025-03-30 19:08:51,"{""gw-1"": {""1"": ""blocked"", ""2"": ""blocked""}, ""gw-2"": {""1"": ""conflict"", ""2"": ""conflict""}}"
2025-03-30 19:08:56,"{""gw-2"": {""1"": ""blocked"", ""2"": ""blocked""}}"
2025-03-30 19:08:58,"{""gw-1"": {""1"": ""blocked"", ""2"": ""conflict""}}"
2025-03-30 19:09:01,"{""gw-2"": {""1"": ""blocked"", ""2"": ""blocked""}}"
2025-03-30 19:09:02,"{""gw-2"": {""1"": ""blocked"", ""2"": ""blocked""}}"
2025-03-30 19:09:04,"{""gw-1"": {""1"": ""blocked"", ""2"": ""blocked""}}"
2025-03-30 19:09:05,"{""gw-1"": {""1"": ""blocked"", ""2"": ""blocked""}}"
2025-03-30 19:09:06,"{""gw-1"": {""1"": ""blocked"", ""2"": ""blocked""}}"
2025-03-30 19:09:09,"{""gw-2"": {""1"": ""blocked"", ""2"": ""blocked""}}"
2025-03-30 19:09:16,"{""gw-1"": {""1"": ""blocked"", ""2"": ""blocked""}, ""gw-2"": {""1"": ""conflict"", ""2"": ""blocked""}}"
2025-03-30 19:09:16,"{""gw-1"": {""1"": ""blocked"", ""2"": ""blocked""}}"
2025-03-30 19:09:17,"{""gw-1"": {""1"": ""blocked"", ""2"": ""blocked""}}"
2025-03-30 19:09:17,"{""gw-1"": {""1"": ""blocked"", ""2"": ""blocked""}}"
2025-03-30 19:09:18,"{""gw-1"": {""1"": ""blocked"", ""2"": ""blocked""}}"
2025-03-30 19:09:19,"{""gw-1"": {""1"": ""blocked"", ""2"": ""blocked""}}"
2025-03-30 19:09:24,"{""gw-2"": {""1"": ""blocked"", ""2"": ""blocked""}}"
2025-03-30 19:09:24,"{""gw-1"": {""1"": ""conflict"", ""2"": ""blocked""}}"
2025-03-30 19:09:27,"{""gw-1"": {""1"": ""blocked"", ""2"": ""blocked""}}"
2025-03-30 19:09:37,"{""gw-1"": {""1"": ""blocked"", ""2"": ""conflict""}}"
2025-03-30 19:09:39,"{""gw-2"": {""1"": ""blocked"", ""2"": ""blocked""}}"
2025-03-30 19:09:42,"{""gw-1"": {""1"": ""blocked"", ""2"": ""blocked""}, ""gw-2"": {""1"": ""blocked"", ""2"": ""blocked""}}"
2025-03-30 19:09:43,"{""gw-2"": {""1"": ""blocked"", ""2"": ""blocked""}}"
2025-03-30 19:09:43,"{""gw-1"": {""1"": ""blocked"", ""2"": ""blocked""}}"
2025-03-30 19:09:44,"{""gw-2"": {""1"": ""blocked"", ""2"": ""blocked""}, ""gw-1"": {""1"": ""blocked"", ""2"": ""blocked""}}"
2025-03-30 19:09:44,"{""gw-2"": {""1"": ""blocked"", ""2"": ""blocked""}}"
2025-03-30 19:09:44,"{""gw-2"": {""1"": ""blocked"", ""2"": ""blocked""}}"
2025-03-30 19:09:46,"{""gw-1"": {""1"": ""blocked"", ""2"": ""blocked""}, ""gw-2"": {""1"": ""blocked"", ""2"": ""blocked""}}"
2025-03-30 19:09:54,"{""gw-1"": {""1"": ""blocked"", ""2"": ""blocked""}}"
2025-03-30 19:09:57,"{""gw-2"": {""1"": ""conflict"", ""2"": ""blocked""}}"
2025-03-30 19:10:01,"{""gw-2"": {""1"": ""blocked"", ""2"": ""blocked""}}"
2025-03-30 19:10:01,"{""gw-1"": {""1"": ""blocked"", ""2"": ""blocked""}}"
2025-03-30 19:10:01,"{""gw-1"": {""1"": ""blocked"", ""2"": ""blocked""}}"
2025-03-30 19:10:02,"{""gw-2"": {""1"": ""blocked"", ""2"": ""blocked""}}"
2025-03-30 19:10:04,"{""gw-2"": {""1"": ""blocked"", ""2"": ""blocked""}, ""gw-1"": {""1"": ""conflict"", ""2"": ""blocked""}}"
2025-03-30 19:10:05,"{""gw-2"": {""1"": ""blocked"", ""2"": ""blocked""}}"
2025-03-30 19:10:08,"{""gw-2"": {""1"": ""blocked"", ""2"": ""conflict""}, ""gw-1"": {""1"": ""blocked"", ""2"": ""blocked""}}"
2025-03-30 19:10:08,"{""gw-2"": {""1"": ""blocked"", ""2"": ""conflict""}}"
2025-03-30 19:10:09,"{""gw-1"": {""1"": ""blocked"", ""2"": ""blocked""}}"
2025-03-30 19:10:13,"{""gw-1"": {""1"": ""blocked"", ""2"": ""blocked""}, ""gw-2"": {""1"": ""blocked"", ""2"": ""blocked""}}"
2025-03-30 19:10:13,"{""gw-2"": {""1"": ""blocked"", ""2"": ""blocked""}}"
2025-03-30 19:10:18,"{""gw-2"": {""1"": ""blocked"", ""2"": ""blocked""}}"
2025-03-30 19:10:19,"{""gw-2"": {""1"": ""blocked"", ""2"": ""blocked""}}"
2025-03-30 19:10:20,"{""gw-1"": {""1"": ""blocked"", ""2"": ""blocked""}}"
2025-03-30 19:10:23,"{""gw-2"": {""1"": ""blocked"", ""2"": ""conflict""}}"
2025-03-30 19:10:24,"{""gw-2"": {""1"": ""conflict"", ""2"": ""blocked""}}"
2025-03-30 19:10:25,"{""gw-2"": {""1"": ""conflict"", ""2"": ""blocked""}, ""gw-1"": {""1"": ""blocked"", ""2"": ""blocked""}}"
2025-03-30 19:10:27,"{""gw-1"": {""1"": ""blocked"", ""2"": ""blocked""}}"
2025-03-30 19:10:28,"{""gw-2"": {""1"": ""blocked"", ""2"": ""blocked""}}"
2025-03-30 19:10:28,"{""gw-2"": {""1"": ""blocked"", ""2"": ""blocked""}}"
2025-03-30 19:10:30,"{""gw-2"": {""1"": ""blocked"", ""2"": ""blocked""}}"
2025-03-30 19:10:31,"{""gw-1"": {""1"": ""conflict"", ""2"": ""blocked""}}"
2025-03-30 19:10:31,"{""gw-1"": {""1"": ""conflict"", ""2"": ""blocked""}, ""gw-2"": {""1"": ""blocked"", ""2"": ""blocked""}}"
2025-03-30 19:10:32,"{""gw-2"": {""1"": ""blocked"", ""2"": ""blocked""}}"
2025-03-30 19:10:33,"{""gw-1"": {""1"": ""blocked"", ""2"": ""blocked""}}"
2025-03-30 19:10:33,"{""gw-2"": {""1"": ""blocked"", ""2"": ""blocked""}}"
2025-03-30 19:10:34,"{""gw-2"": {""1"": ""blocked"", ""2"": ""blocked""}}"
2025-03-30 19:10:44,"{""gw-2"": {""1"": ""blocked"", ""2"": ""blocked""}}"
2025-03-30 19:10:45,"{""gw-1"": {""1"": ""blocked"", ""2"": ""blocked""}}"
2025-03-30 19:10:48,"{""gw-1"": {""1"": ""blocked"", ""2"": ""blocked""}}"
2025-03-30 19:10:49,"{""gw-1"": {""1"": ""blocked"", ""2"": ""blocked""}}"
2025-03-30 19:10:50,"{""gw-1"": {""1"": ""blocked"", ""2"": ""blocked""}}"
2025-03-30 19:10:50,"{""gw-2"": {""1"": ""blocked"", ""2"": ""blocked""}}"
2025-03-30 19:10:54,"{""gw-2"": {""1"": ""conflict"", ""2"": ""conflict""}, ""gw-1"": {""1"": ""conflict"", ""2"": ""conflict""}}"
2025-03-30 19:10:54,"{""gw-1"": {""1"": ""conflict"", ""2"": ""conflict""}}"
2025-03-30 19:10:55,"{""gw-1"": {""1"": ""conflict"", ""2"": ""blocked""}}"
2025-03-30 19:10:57,"{""gw-1"": {""1"": ""blocked"", ""2"": ""blocked""}, ""gw-2"": {""1"": ""blocked"", ""2"": ""blocked""}}"
2025-03-30 19:11:10,"{""gw-2"": {""1"": ""conflict"", ""2"": ""conflict""}}"
2025-03-30 19:11:10,"{""gw-2"": {""1"": ""blocked"", ""2"": ""conflict""}}"
2025-03-30 19:11:17,"{""gw-2"": {""1"": ""blocked"", ""2"": ""blocked""}}"
2025-03-30 19:11:17,"{""gw-1"": {""1"": ""blocked"", ""2"": ""blocked""}}"
2025-03-30 19:11:19,"{""gw-1"": {""1"": ""blocked"", ""2"": ""blocked""}}"
2025-03-30 19:11:19,"{""gw-2"": {""1"": ""blocked"", ""2"": ""blocked""}, ""gw-1"": {""1"": ""blocked"", ""2"": ""blocked""}}"
2025-03-30 19:11:24,"{""gw-1"": {""1"": ""blocked"", ""2"": ""blocked""}}"
2025-03-30 19:11:28,"{""gw-1"": {""1"": ""blocked"", ""2"": ""blocked""}}"
2025-03-30 19:11:31,"{""gw-1"": {""1"": ""conflict"", ""2"": ""blocked""}}"
2025-03-30 19:11:33,"{""gw-2"": {""1"": ""blocked"", ""2"": ""blocked""}}"
2025-03-30 19:11:34,"{""gw-2"": {""1"": ""blocked"", ""2"": ""blocked""}}"
2025-03-30 19:11:35,"{""gw-2"": {""1"": ""blocked"", ""2"": ""blocked""}}"
2025-03-30 19:11:45,"{""gw-1"": {""1"": ""blocked"", ""2"": ""blocked""}}"
2025-03-30 19:11:45,"{""gw-2"": {""1"": ""conflict"", ""2"": ""conflict""}, ""gw-1"": {""1"": ""blocked"", ""2"": ""blocked""}}"
2025-03-30 19:11:50,"{""gw-2"": {""1"": ""blocked"", ""2"": ""blocked""}}"
2025-03-30 19:11:51,"{""gw-2"": {""1"": ""blocked"", ""2"": ""blocked""}}"
2025-03-30 19:11:55,"{""gw-2"": {""1"": ""blocked"", ""2"": ""blocked""}}"
2025-03-30 19:11:56,"{""gw-1"": {""1"": ""blocked"", ""2"": ""blocked""}}"
2025-03-30 19:11:58,"{""gw-1"": {""1"": ""blocked"", ""2"": ""blocked""}}"
2025-03-30 19:12:02,"{""gw-2"": {""1"": ""blocked"", ""2"": ""blocked""}, ""gw-1"": {""1"": ""blocked"", ""2"": ""blocked""}}"
2025-03-30 19:12:04,"{""gw-1"": {""1"": ""conflict"", ""2"": ""blocked""}, ""gw-2"": {""1"": ""blocked"", ""2"": ""blocked""}}"
2025-03-30 19:12:07,"{""gw-2"": {""1"": ""blocked"", ""2"": ""blocked""}}"
2025-03-30 19:12:08,"{""gw-1"": {""1"": ""blocked"", ""2"": ""blocked""}, ""gw-2"": {""1"": ""blocked"", ""2"": ""blocked""}}"
2025-03-30 19:12:10,"{""gw-2"": {""1"": ""blocked"", ""2"": ""conflict""}}"
2025-03-30 19:12:10,"{""gw-2"": {""1"": ""blocked"", ""2"": ""conflict""}}"
2025-03-30 19:12:13,"{""gw-1"": {""1"": ""blocked"", ""2"": ""blocked""}}"
2025-03-30 19:12:15,"{""gw-2"": {""1"": ""blocked"", ""2"": ""blocked""}}"
2025-03-30 19:12:17,"{""gw-2"": {""1"": ""blocked"", ""2"": ""blocked""}}"
2025-03-30 19:12:30,"{""gw-2"": {""1"": ""blocked"", ""2"": ""blocked""}}"
2025-03-30 19:12:32,"{""gw-2"": {""1"": ""blocked"", ""2"": ""blocked""}}"
2025-03-30 19:12:33,"{""gw-1"": {""1"": ""blocked"", ""2"": ""blocked""}}"
2025-03-30 19:12:34,"{""gw-2"": {""1"": ""blocked"", ""2"": ""blocked""}}"
2025-03-30 19:12:34,"{""gw-2"": {""1"": ""blocked"", ""2"": ""blocked""}, ""gw-1"": {""1"": ""blocked"", ""2"": ""blocked""}}"
2025-03-30 19:12:36,"{""gw-1"": {""1"": ""blocked"", ""2"": ""blocked""}}"
2025-03-30 19:12:39,"{""gw-1"": {""1"": ""blocked"", ""2"": ""blocked""}}"
2025-03-30 19:12:43,"{""gw-2"": {""1"": ""blocked"", ""2"": ""blocked""}}"
2025-03-30 19:12:45,"{""gw-1"": {""1"": ""blocked"", ""2"": ""blocked""}}"
2025-03-30 19:12:46,"{""gw-2"": {""1"": ""blocked"", ""2"": ""blocked""}}"
2025-03-30 19:12:47,"{""gw-1"": {""1"": ""blocked"", ""2"": ""blocked""}}"
2025-03-30 19:12:49,"{""gw-2"": {""1"": ""blocked"", ""2"": ""blocked""}}"
2025-03-30 19:12:51,"{""gw-1"": {""1"": ""blocked"", ""2"": ""blocked""}}"
2025-03-30 19:12:57,"{""gw-2"": {""1"": ""blocked"", ""2"": ""blocked""}, ""gw-1"": {""1"": ""conflict"", ""2"": ""conflict""}}"
2025-03-30 19:12:58,"{""gw-2"": {""1"": ""blocked"", ""2"": ""blocked""}}"
2025-03-30 19:13:01,"{""gw-1"": {""1"": ""blocked"", ""2"": ""blocked""}, ""gw-2"": {""1"": ""blocked"", ""2"": ""blocked""}}"
2025-03-30 19:13:03,"{""gw-1"": {""1"": ""blocked"", ""2"": ""blocked""}}"
2025-03-30 19:13:03,"{""gw-1"": {""1"": ""blocked"", ""2"": ""blocked""}, ""gw-2"": {""1"": ""blocked"", ""2"": ""blocked""}}"
2025-03-30 19:13:04,"{""gw-2"": {""1"": ""blocked"", ""2"": ""blocked""}}"
2025-03-30 19:13:06,"{""gw-2"": {""1"": ""conflict"", ""2"": ""blocked""}}"
2025-03-30 19:13:09,"{""gw-1"": {""1"": ""blocked"", ""2"": ""conflict""}}"
2025-03-30 19:13:09,"{""gw-2"": {""1"": ""blocked"", ""2"": ""blocked""}}"
2025-03-30 19:13:14,"{""gw-1"": {""1"": ""blocked"", ""2"": ""blocked""}}"
2025-03-30 19:13:18,"{""gw-2"": {""1"": ""blocked"", ""2"": ""conflict""}, ""gw-1"": {""1"": ""blocked"", ""2"": ""blocked""}}"
2025-03-30 19:13:18,"{""gw-1"": {""1"": ""blocked"", ""2"": ""blocked""}}"
2025-03-30 19:13:22,"{""gw-1"": {""1"": ""blocked"", ""2"": ""conflict""}}"
2025-03-30 19:13:22,"{""gw-2"": {""1"": ""blocked"", ""2"": ""blocked""}}"
2025-03-30 19:13:23,"{""gw-1"": {""1"": ""conflict"", ""2"": ""blocked""}}"
2025-03-30 19:13:25,"{""gw-2"": {""1"": ""blocked"", ""2"": ""blocked""}}"
2025-03-30 19:13:26,"{""gw-2"": {""1"": ""blocked"", ""2"": ""blocked""}}"
2025-03-30 19:13:26,"{""gw-2"": {""1"": ""blocked"", ""2"": ""blocked""}}"
2025-03-30 19:13:27,"{""gw-2"": {""1"": ""blocked"", ""2"": ""blocked""}}"
2025-03-30 19:13:30,"{""gw-1"": {""1"": ""blocked"", ""2"": ""blocked""}}"
2025-03-30 19:13:49,"{""gw-1"": {""1"": ""blocked"", ""2"": ""blocked""}}"
2025-03-30 19:13:50,"{""gw-2"": {""1"": ""conflict"", ""2"": ""blocked""}}"
2025-03-30 19:13:51,"{""gw-1"": {""1"": ""blocked"", ""2"": ""blocked""}}"
2025-03-30 19:13:54,"{""gw-2"": {""1"": ""blocked"", ""2"": ""blocked""}}"
2025-03-30 19:13:55,"{""gw-2"": {""1"": ""blocked"", ""2"": ""blocked""}}"
2025-03-30 19:13:57,"{""gw-2"": {""1"": ""blocked"", ""2"": ""blocked""}}"
2025-03-30 19:13:59,"{""gw-2"": {""1"": ""blocked"", ""2"": ""blocked""}}"
2025-03-30 19:14:03,"{""gw-1"": {""1"": ""blocked"", ""2"": ""blocked""}}"
2025-03-30 19:14:10,"{""gw-2"": {""1"": ""blocked"", ""2"": ""blocked""}}"
2025-03-30 19:14:14,"{""gw-2"": {""1"": ""conflict"", ""2"": ""blocked""}}"
2025-03-30 19:14:19,"{""gw-2"": {""1"": ""blocked"", ""2"": ""blocked""}}"
2025-03-30 19:14:22,"{""gw-2"": {""1"": ""blocked"", ""2"": ""blocked""}}"
2025-03-30 19:14:28,"{""gw-1"": {""1"": ""blocked"", ""2"": ""blocked""}}"
2025-03-30 19:14:33,"{""gw-2"": {""1"": ""blocked"", ""2"": ""blocked""}}"
2025-03-30 19:14:34,"{""gw-1"": {""1"": ""conflict"", ""2"": ""blocked""}}"
2025-03-30 19:14:34,"{""gw-2"": {""1"": ""blocked"", ""2"": ""blocked""}}"
2025-03-30 19:14:34,"{""gw-2"": {""1"": ""blocked"", ""2"": ""blocked""}}"
2025-03-30 19:14:35,"{""gw-2"": {""1"": ""blocked"", ""2"": ""blocked""}}"
2025-03-30 19:14:37,"{""gw-2"": {""1"": ""blocked"", ""2"": ""blocked""}}"
2025-03-30 19:14:38,"{""gw-1"": {""1"": ""blocked"", ""2"": ""blocked""}}"
2025-03-30 19:14:38,"{""gw-1"": {""1"": ""blocked"", ""2"": ""blocked""}}"
2025-03-30 19:14:44,"{""gw-2"": {""1"": ""blocked"", ""2"": ""blocked""}}"
2025-03-30 19:14:46,"{""gw-1"": {""1"": ""conflict"", ""2"": ""blocked""}, ""gw-2"": {""1"": ""blocked"", ""2"": ""blocked""}}"
2025-03-30 19:14:46,"{""gw-1"": {""1"": ""conflict"", ""2"": ""blocked""}, ""gw-2"": {""1"": ""blocked"", ""2"": ""blocked""}}"
2025-03-30 19:14:48,"{""gw-2"": {""1"": ""blocked"", ""2"": ""blocked""}}"
2025-03-30 19:14:49,"{""gw-2"": {""1"": ""blocked"", ""2"": ""blocked""}, ""gw-1"": {""1"": ""blocked"", ""2"": ""blocked""}}"
2025-03-30 19:14:50,"{""gw-2"": {""1"": ""blocked"", ""2"": ""blocked""}, ""gw-1"": {""1"": ""blocked"", ""2"": ""blocked""}}"
2025-03-30 19:14:50,"{""gw-1"": {""1"": ""blocked"", ""2"": ""blocked""}, ""gw-2"": {""1"": ""blocked"", ""2"": ""blocked""}}"
2025-03-30 19:14:50,"{""gw-1"": {""1"": ""blocked"", ""2"": ""blocked""}, ""gw-2"": {""1"": ""blocked"", ""2"": ""blocked""}}"
2025-03-30 19:14:51,"{""gw-1"": {""1"": ""blocked"", ""2"": ""blocked""}}"
2025-03-30 19:14:58,"{""gw-2"": {""1"": ""blocked"", ""2"": ""blocked""}}"
2025-03-30 19:14:59,"{""gw-2"": {""1"": ""blocked"", ""2"": ""blocked""}}"
2025-03-30 19:14:59,"{""gw-2"": {""1"": ""blocked"", ""2"": ""blocked""}}"
2025-03-30 19:15:00,"{""gw-1"": {""1"": ""blocked"", ""2"": ""blocked""}}"
2025-03-30 19:15:01,"{""gw-2"": {""1"": ""blocked"", ""2"": ""blocked""}}"
2025-03-30 19:15:04,"{""gw-1"": {""1"": ""blocked"", ""2"": ""blocked""}}"
2025-03-30 19:15:04,"{""gw-2"": {""1"": ""blocked"", ""2"": ""blocked""}}"
2025-03-30 19:15:05,"{""gw-1"": {""1"": ""blocked"", ""2"": ""blocked""}}"
2025-03-30 19:15:07,"{""gw-1"": {""1"": ""blocked"", ""2"": ""blocked""}}"
2025-03-30 19:15:07,"{""gw-2"": {""1"": ""conflict"", ""2"": ""blocked""}}"
2025-03-30 19:15:07,"{""gw-1"": {""1"": ""blocked"", ""2"": ""blocked""}, ""gw-2"": {""1"": ""conflict"", ""2"": ""blocked""}}"
2025-03-30 19:15:13,"{""gw-2"": {""1"": ""blocked"", ""2"": ""blocked""}}"
2025-03-30 19:15:15,"{""gw-2"": {""1"": ""blocked"", ""2"": ""blocked""}}"
2025-03-30 19:15:16,"{""gw-1"": {""1"": ""blocked"", ""2"": ""blocked""}}"
2025-03-30 19:15:16,"{""gw-2"": {""1"": ""blocked"", ""2"": ""blocked""}}"
2025-03-30 19:15:16,"{""gw-1"": {""1"": ""blocked"", ""2"": ""blocked""}}"
2025-03-30 19:15:18,"{""gw-1"": {""1"": ""blocked"", ""2"": ""blocked""}}"
2025-03-30 19:15:19,"{""gw-2"": {""1"": ""conflict"", ""2"": ""conflict""}}"
2025-03-30 19:15:20,"{""gw-1"": {""1"": ""blocked"", ""2"": ""blocked""}}"
2025-03-30 19:15:21,"{""gw-1"": {""1"": ""blocked"", ""2"": ""blocked""}}"
2025-03-30 19:15:23,"{""gw-2"": {""1"": ""blocked"", ""2"": ""blocked""}, ""gw-1"": {""1"": ""blocked"", ""2"": ""blocked""}}"
2025-03-30 19:15:24,"{""gw-2"": {""1"": ""blocked"", ""2"": ""blocked""}}"
2025-03-30 19:15:24,"{""gw-2"": {""1"": ""blocked"", ""2"": ""blocked""}}"
2025-03-30 19:15:37,"{""gw-1"": {""1"": ""blocked"", ""2"": ""blocked""}}"
2025-03-30 19:15:40,"{""gw-1"": {""1"": ""blocked"", ""2"": ""blocked""}}"
2025-03-30 19:15:41,"{""gw-1"": {""1"": ""blocked"", ""2"": ""blocked""}}"
2025-03-30 19:15:42,"{""gw-1"": {""1"": ""blocked"", ""2"": ""blocked""}}"
2025-03-30 19:15:43,"{""gw-2"": {""1"": ""blocked"", ""2"": ""blocked""}}"
2025-03-30 19:15:43,"{""gw-1"": {""1"": ""blocked"", ""2"": ""blocked""}}"
2025-03-30 19:15:47,"{""gw-2"": {""1"": ""blocked"", ""2"": ""blocked""}}"
2025-03-30 19:15:47,"{""gw-1"": {""1"": ""blocked"", ""2"": ""conflict""}}"
2025-03-30 19:15:48,"{""gw-2"": {""1"": ""blocked"", ""2"": ""blocked""}}"
2025-03-30 19:15:48,"{""gw-2"": {""1"": ""blocked"", ""2"": ""blocked""}}"
2025-03-30 19:15:56,"{""gw-2"": {""1"": ""blocked"", ""2"": ""blocked""}}"
2025-03-30 19:15:56,"{""gw-1"": {""1"": ""blocked"", ""2"": ""blocked""}, ""gw-2"": {""1"": ""blocked"", ""2"": ""blocked""}}"
2025-03-30 19:15:57,"{""gw-1"": {""1"": ""blocked"", ""2"": ""blocked""}}"
2025-03-30 19:16:08,"{""gw-1"": {""1"": ""conflict"", ""2"": ""blocked""}}"
2025-03-30 19:16:08,"{""gw-2"": {""1"": ""blocked"", ""2"": ""blocked""}}"
2025-03-30 19:16:08,"{""gw-1"": {""1"": ""conflict"", ""2"": ""blocked""}}"
2025-03-30 19:16:10,"{""gw-2"": {""1"": ""blocked"", ""2"": ""blocked""}}"
2025-03-30 19:16:11,"{""gw-1"": {""1"": ""blocked"", ""2"": ""blocked""}}"
2025-03-30 19:16:14,"{""gw-2"": {""1"": ""blocked"", ""2"": ""blocked""}, ""gw-1"": {""1"": ""blocked"", ""2"": ""blocked""}}"
2025-03-30 19:16:15,"{""gw-2"": {""1"": ""blocked"", ""2"": ""blocked""}, ""gw-1"": {""1"": ""blocked"", ""2"": ""blocked""}}"
2025-03-30 19:16:15,"{""gw-2"": {""1"": ""blocked"", ""2"": ""blocked""}, ""gw-1"": {""1"": ""blocked"", ""2"": ""blocked""}}"
2025-03-30 19:16:21,"{""gw-2"": {""1"": ""conflict"", ""2"": ""conflict""}}"
2025-03-30 19:16:23,"{""gw-1"": {""1"": ""blocked"", ""2"": ""blocked""}}"
2025-03-30 19:16:24,"{""gw-2"": {""1"": ""blocked"", ""2"": ""blocked""}}"
2025-03-30 19:16:24,"{""gw-1"": {""1"": ""blocked"", ""2"": ""blocked""}}"
2025-03-30 19:16:24,"{""gw-1"": {""1"": ""blocked"", ""2"": ""blocked""}, ""gw-2"": {""1"": ""blocked"", ""2"": ""blocked""}}"
2025-03-30 19:16:26,"{""gw-1"": {""1"": ""blocked"", ""2"": ""blocked""}}"
2025-03-30 19:16:27,"{""gw-1"": {""1"": ""blocked"", ""2"": ""blocked""}}"
2025-03-30 19:16:30,"{""gw-1"": {""1"": ""blocked"", ""2"": ""blocked""}}"
2025-03-30 19:16:30,"{""gw-1"": {""1"": ""blocked"", ""2"": ""blocked""}}"
2025-03-30 19:16:41,"{""gw-1"": {""1"": ""blocked"", ""2"": ""blocked""}}"
2025-03-30 19:16:43,"{""gw-2"": {""1"": ""blocked"", ""2"": ""blocked""}}"
2025-03-30 19:16:46,"{""gw-2"": {""1"": ""conflict"", ""2"": ""conflict""}}"
2025-03-30 19:16:47,"{""gw-2"": {""1"": ""conflict"", ""2"": ""blocked""}}"
2025-03-30 19:16:51,"{""gw-2"": {""1"": ""blocked"", ""2"": ""blocked""}, ""gw-1"": {""1"": ""conflict"", ""2"": ""conflict""}}"
2025-03-30 19:16:53,"{""gw-2"": {""1"": ""blocked"", ""2"": ""blocked""}}"
2025-03-30 19:16:59,"{""gw-1"": {""1"": ""blocked"", ""2"": ""blocked""}}"
2025-03-30 19:17:03,"{""gw-2"": {""1"": ""conflict"", ""2"": ""conflict""}}"
2025-03-30 19:17:06,"{""gw-1"": {""1"": ""blocked"", ""2"": ""conflict""}}"
2025-03-30 19:17:07,"{""gw-1"": {""1"": ""conflict"", ""2"": ""blocked""}}"
2025-03-30 19:17:08,"{""gw-2"": {""1"": ""blocked"", ""2"": ""blocked""}}"
2025-03-30 19:17:10,"{""gw-2"": {""1"": ""blocked"", ""2"": ""blocked""}, ""gw-1"": {""1"": ""blocked"", ""2"": ""blocked""}}"
2025-03-30 19:17:13,"{""gw-1"": {""1"": ""blocked"", ""2"": ""blocked""}}"
2025-03-30 19:17:16,"{""gw-1"": {""1"": ""blocked"", ""2"": ""blocked""}}"
2025-03-30 19:17:18,"{""gw-2"": {""1"": ""conflict"", ""2"": ""blocked""}, ""gw-1"": {""1"": ""conflict"", ""2"": ""conflict""}}"
2025-03-30 19:17:25,"{""gw-1"": {""1"": ""blocked"", ""2"": ""blocked""}}"
2025-03-30 19:17:25,"{""gw-2"": {""1"": ""blocked"", ""2"": ""blocked""}}"
2025-03-30 19:17:28,"{""gw-1"": {""1"": ""blocked"", ""2"": ""blocked""}}"
2025-03-30 19:17:35,"{""gw-1"": {""1"": ""blocked"", ""2"": ""conflict""}}"
2025-03-30 19:17:36,"{""gw-1"": {""1"": ""blocked"", ""2"": ""conflict""}, ""gw-2"": {""1"": ""blocked"", ""2"": ""conflict""}}"
2025-03-30 19:17:37,"{""gw-1"": {""1"": ""conflict"", ""2"": ""blocked""}, ""gw-2"": {""1"": ""conflict"", ""2"": ""blocked""}}"
2025-03-30 19:17:39,"{""gw-1"": {""1"": ""blocked"", ""2"": ""blocked""}}"
2025-03-30 19:17:43,"{""gw-2"": {""1"": ""blocked"", ""2"": ""blocked""}, ""gw-1"": {""1"": ""blocked"", ""2"": ""blocked""}}"
2025-03-30 19:17:46,"{""gw-2"": {""1"": ""blocked"", ""2"": ""blocked""}}"
2025-03-30 19:17:46,"{""gw-1"": {""1"": ""conflict"", ""2"": ""conflict""}}"
2025-03-30 19:17:47,"{""gw-2"": {""1"": ""blocked"", ""2"": ""blocked""}}"
2025-03-30 19:17:51,"{""gw-2"": {""1"": ""conflict"", ""2"": ""blocked""}, ""gw-1"": {""1"": ""blocked"", ""2"": ""blocked""}}"
2025-03-30 19:17:51,"{""gw-1"": {""1"": ""blocked"", ""2"": ""blocked""}, ""gw-2"": {""1"": ""conflict"", ""2"": ""blocked""}}"
2025-03-30 19:17:54,"{""gw-1"": {""1"": ""blocked"", ""2"": ""blocked""}}"
2025-03-30 19:17:56,"{""gw-2"": {""1"": ""blocked"", ""2"": ""blocked""}}"
2025-03-30 19:17:57,"{""gw-1"": {""1"": ""blocked"", ""2"": ""blocked""}}"
2025-03-30 19:17:57,"{""gw-1"": {""1"": ""blocked"", ""2"": ""blocked""}}"
2025-03-30 19:18:00,"{""gw-2"": {""1"": ""blocked"", ""2"": ""blocked""}}"
2025-03-30 19:18:05,"{""gw-1"": {""1"": ""blocked"", ""2"": ""blocked""}, ""gw-2"": {""1"": ""conflict"", ""2"": ""blocked""}}"
2025-03-30 19:18:05,"{""gw-2"": {""1"": ""conflict"", ""2"": ""blocked""}}"
2025-03-30 19:18:08,"{""gw-2"": {""1"": ""blocked"", ""2"": ""blocked""}, ""gw-1"": {""1"": ""blocked"", ""2"": ""blocked""}}"
2025-03-30 19:18:08,"{""gw-1"": {""1"": ""blocked"", ""2"": ""blocked""}, ""gw-2"": {""1"": ""blocked"", ""2"": ""blocked""}}"
2025-03-30 19:18:09,"{""gw-1"": {""1"": ""blocked"", ""2"": ""blocked""}}"
2025-03-30 19:18:10,"{""gw-1"": {""1"": ""blocked"", ""2"": ""blocked""}}"
2025-03-30 19:18:12,"{""gw-1"": {""1"": ""blocked"", ""2"": ""blocked""}}"
2025-03-30 19:18:13,"{""gw-2"": {""1"": ""blocked"", ""2"": ""blocked""}}"
2025-03-30 19:18:13,"{""gw-1"": {""1"": ""conflict"", ""2"": ""conflict""}}"
2025-03-30 19:18:14,"{""gw-1"": {""1"": ""conflict"", ""2"": ""blocked""}}"
2025-03-30 19:18:19,"{""gw-1"": {""1"": ""blocked"", ""2"": ""blocked""}}"
2025-03-30 19:18:19,"{""gw-1"": {""1"": ""blocked"", ""2"": ""blocked""}}"
2025-03-30 19:18:21,"{""gw-1"": {""1"": ""blocked"", ""2"": ""blocked""}}"
2025-03-30 19:18:23,"{""gw-2"": {""1"": ""conflict"", ""2"": ""conflict""}}"
2025-03-30 19:18:23,"{""gw-2"": {""1"": ""conflict"", ""2"": ""blocked""}}"
2025-03-30 19:18:26,"{""gw-2"": {""1"": ""blocked"", ""2"": ""blocked""}}"
2025-03-30 19:18:27,"{""gw-1"": {""1"": ""blocked"", ""2"": ""conflict""}}"
2025-03-30 19:18:30,"{""gw-2"": {""1"": ""blocked"", ""2"": ""blocked""}}"
2025-03-30 19:18:32,"{""gw-1"": {""1"": ""blocked"", ""2"": ""blocked""}}"
2025-03-30 19:18:35,"{""gw-1"": {""1"": ""blocked"", ""2"": ""blocked""}}"
2025-03-30 19:18:35,"{""gw-1"": {""1"": ""blocked"", ""2"": ""blocked""}}"
2025-03-30 19:18:41,"{""gw-2"": {""1"": ""conflict"", ""2"": ""blocked""}}"
2025-03-30 19:18:46,"{""gw-2"": {""1"": ""blocked"", ""2"": ""blocked""}}"
2025-03-30 19:18:51,"{""gw-2"": {""1"": ""blocked"", ""2"": ""blocked""}, ""gw-1"": {""1"": ""blocked"", ""2"": ""blocked""}}"
2025-03-30 19:18:56,"{""gw-1"": {""1"": ""conflict"", ""2"": ""blocked""}}"
2025-03-30 19:19:02,"{""gw-2"": {""1"": ""blocked"", ""2"": ""blocked""}}"
2025-03-30 19:19:03,"{""gw-1"": {""1"": ""conflict"", ""2"": ""blocked""}}"
2025-03-30 19:19:09,"{""gw-1"": {""1"": ""blocked"", ""2"": ""blocked""}}"
2025-03-30 19:19:09,"{""gw-2"": {""1"": ""blocked"", ""2"": ""blocked""}}"
2025-03-30 19:19:11,"{""gw-1"": {""1"": ""blocked"", ""2"": ""blocked""}, ""gw-2"": {""1"": ""blocked"", ""2"": ""blocked""}}"
2025-03-30 19:19:16,"{""gw-2"": {""1"": ""blocked"", ""2"": ""blocked""}}"
2025-03-30 19:19:24,"{""gw-2"": {""1"": ""blocked"", ""2"": ""blocked""}}"
2025-03-30 19:19:24,"{""gw-2"": {""1"": ""blocked"", ""2"": ""blocked""}}"
2025-03-30 19:19:36,"{""gw-1"": {""1"": ""blocked"", ""2"": ""blocked""}}"
2025-03-30 19:19:40,"{""gw-1"": {""1"": ""blocked"", ""2"": ""blocked""}}"
2025-03-30 19:19:43,"{""gw-1"": {""1"": ""conflict"", ""2"": ""blocked""}}"
2025-03-30 19:19:43,"{""gw-1"": {""1"": ""conflict"", ""2"": ""blocked""}}"
2025-03-30 19:19:45,"{""gw-2"": {""1"": ""blocked"", ""2"": ""blocked""}}"
2025-03-30 19:19:45,"{""gw-1"": {""1"": ""blocked"", ""2"": ""blocked""}}"
2025-03-30 19:19:52,"{""gw-1"": {""1"": ""blocked"", ""2"": ""blocked""}}"
2025-03-30 19:20:01,"{""gw-2"": {""1"": ""blocked"", ""2"": ""blocked""}}"
2025-03-30 19:20:03,"{""gw-1"": {""1"": ""blocked"", ""2"": ""blocked""}}"
2025-03-30 19:20:04,"{""gw-2"": {""1"": ""blocked"", ""2"": ""blocked""}, ""gw-1"": {""1"": ""blocked"", ""2"": ""blocked""}}"
2025-03-30 19:20:06,"{""gw-2"": {""1"": ""blocked"", ""2"": ""blocked""}}"
2025-03-30 19:20:13,"{""gw-1"": {""1"": ""blocked"", ""2"": ""conflict""}}"
2025-03-30 19:20:17,"{""gw-2"": {""1"": ""blocked"", ""2"": ""blocked""}}"
2025-03-30 19:20:17,"{""gw-1"": {""1"": ""blocked"", ""2"": ""blocked""}}"
2025-03-30 19:20:19,"{""gw-2"": {""1"": ""blocked"", ""2"": ""blocked""}}"
2025-03-30 19:20:20,"{""gw-1"": {""1"": ""blocked"", ""2"": ""blocked""}}"
2025-03-30 19:20:21,"{""gw-1"": {""1"": ""blocked"", ""2"": ""blocked""}}"
2025-03-30 19:20:24,"{""gw-2"": {""1"": ""blocked"", ""2"": ""blocked""}}"
2025-03-30 19:20:25,"{""gw-2"": {""1"": ""blocked"", ""2"": ""blocked""}, ""gw-1"": {""1"": ""blocked"", ""2"": ""blocked""}}"
2025-03-30 19:20:29,"{""gw-2"": {""1"": ""blocked"", ""2"": ""blocked""}, ""gw-1"": {""1"": ""conflict"", ""2"": ""conflict""}}"
2025-03-30 19:20:30,"{""gw-2"": {""1"": ""blocked"", ""2"": ""blocked""}}"
2025-03-30 19:20:32,"{""gw-1"": {""1"": ""blocked"", ""2"": ""blocked""}}"
2025-03-30 19:20:32,"{""gw-1"": {""1"": ""blocked"", ""2"": ""blocked""}}"
2025-03-30 19:20:33,"{""gw-2"": {""1"": ""conflict"", ""2"": ""conflict""}}"
2025-03-30 19:20:33,"{""gw-2"": {""1"": ""conflict"", ""2"": ""conflict""}, ""gw-1"": {""1"": ""blocked"", ""2"": ""blocked""}}"
2025-03-30 19:20:33,"{""gw-2"": {""1"": ""conflict"", ""2"": ""blocked""}, ""gw-1"": {""1"": ""blocked"", ""2"": ""blocked""}}"
2025-03-30 19:20:39,"{""gw-1"": {""1"": ""blocked"", ""2"": ""blocked""}, ""gw-2"": {""1"": ""blocked"", ""2"": ""blocked""}}"
2025-03-30 19:20:39,"{""gw-2"": {""1"": ""blocked"", ""2"": ""blocked""}, ""gw-1"": {""1"": ""blocked"", ""2"": ""blocked""}}"
2025-03-30 19:20:44,"{""gw-2"": {""1"": ""blocked"", ""2"": ""blocked""}}"
2025-03-30 19:20:46,"{""gw-1"": {""1"": ""blocked"", ""2"": ""blocked""}}"
2025-03-30 19:20:50,"{""gw-2"": {""1"": ""blocked"", ""2"": ""blocked""}}"
2025-03-30 19:21:00,"{""gw-1"": {""1"": ""blocked"", ""2"": ""blocked""}}"
2025-03-30 19:21:00,"{""gw-1"": {""1"": ""blocked"", ""2"": ""blocked""}}"
2025-03-30 19:21:02,"{""gw-1"": {""1"": ""blocked"", ""2"": ""blocked""}}"
2025-03-30 19:21:05,"{""gw-2"": {""1"": ""conflict"", ""2"": ""conflict""}}"
2025-03-30 19:21:08,"{""gw-2"": {""1"": ""blocked"", ""2"": ""blocked""}}"
2025-03-30 19:21:12,"{""gw-2"": {""1"": ""blocked"", ""2"": ""blocked""}}"
2025-03-30 19:21:16,"{""gw-2"": {""1"": ""blocked"", ""2"": ""blocked""}}"
2025-03-30 19:21:23,"{""gw-1"": {""1"": ""blocked"", ""2"": ""blocked""}}"
2025-03-30 19:21:30,"{""gw-2"": {""1"": ""blocked"", ""2"": ""blocked""}, ""gw-1"": {""1"": ""conflict"", ""2"": ""conflict""}}"
2025-03-30 19:21:31,"{""gw-1"": {""1"": ""conflict"", ""2"": ""blocked""}}"
2025-03-30 19:21:33,"{""gw-2"": {""1"": ""blocked"", ""2"": ""blocked""}}"
2025-03-30 19:21:33,"{""gw-2"": {""1"": ""blocked"", ""2"": ""blocked""}}"
2025-03-30 19:21:36,"{""gw-1"": {""1"": ""blocked"", ""2"": ""blocked""}}"
2025-03-30 19:21:37,"{""gw-1"": {""1"": ""blocked"", ""2"": ""blocked""}}"
2025-03-30 19:21:38,"{""gw-1"": {""1"": ""blocked"", ""2"": ""blocked""}}"
2025-03-30 19:21:39,"{""gw-1"": {""1"": ""blocked"", ""2"": ""blocked""}}"
2025-03-30 19:21:40,"{""gw-2"": {""1"": ""blocked"", ""2"": ""blocked""}, ""gw-1"": {""1"": ""blocked"", ""2"": ""blocked""}}"
2025-03-30 19:21:43,"{""gw-1"": {""1"": ""conflict"", ""2"": ""blocked""}}"
2025-03-30 19:21:44,"{""gw-1"": {""1"": ""conflict"", ""2"": ""blocked""}}"
2025-03-30 19:21:46,"{""gw-2"": {""1"": ""blocked"", ""2"": ""blocked""}}"
2025-03-30 19:21:46,"{""gw-2"": {""1"": ""blocked"", ""2"": ""blocked""}, ""gw-1"": {""1"": ""blocked"", ""2"": ""blocked""}}"
2025-03-30 19:22:00,"{""gw-2"": {""1"": ""blocked"", ""2"": ""blocked""}}"
2025-03-30 19:22:25,"{""gw-2"": {""1"": ""blocked"", ""2"": ""blocked""}}"
2025-03-30 19:22:27,"{""gw-1"": {""1"": ""blocked"", ""2"": ""conflict""}}"
2025-03-30 19:22:28,"{""gw-1"": {""1"": ""conflict"", ""2"": ""blocked""}}"
2025-03-30 19:22:30,"{""gw-1"": {""1"": ""blocked"", ""2"": ""blocked""}}"
2025-03-30 19:22:37,"{""gw-1"": {""1"": ""blocked"", ""2"": ""blocked""}, ""gw-2"": {""1"": ""blocked"", ""2"": ""blocked""}}"
2025-03-30 19:22:37,"{""gw-2"": {""1"": ""blocked"", ""2"": ""blocked""}}"
2025-03-30 19:22:37,"{""gw-1"": {""1"": ""blocked"", ""2"": ""blocked""}}"
2025-03-30 19:22:39,"{""gw-2"": {""1"": ""blocked"", ""2"": ""blocked""}}"
2025-03-30 19:22:43,"{""gw-2"": {""1"": ""blocked"", ""2"": ""conflict""}}"
2025-03-30 19:22:45,"{""gw-2"": {""1"": ""conflict"", ""2"": ""blocked""}}"
2025-03-30 19:22:45,"{""gw-1"": {""1"": ""blocked"", ""2"": ""blocked""}}"
2025-03-30 19:22:47,"{""gw-1"": {""1"": ""blocked"", ""2"": ""blocked""}}"
2025-03-30 19:22:49,"{""gw-2"": {""1"": ""blocked"", ""2"": ""blocked""}, ""gw-1"": {""1"": ""blocked"", ""2"": ""blocked""}}"
2025-03-30 19:22:50,"{""gw-2"": {""1"": ""blocked"", ""2"": ""blocked""}}"
2025-03-30 19:22:51,"{""gw-2"": {""1"": ""blocked"", ""2"": ""blocked""}, ""gw-1"": {""1"": ""blocked"", ""2"": ""blocked""}}"
2025-03-30 19:22:58,"{""gw-1"": {""1"": ""blocked"", ""2"": ""blocked""}}"
2025-03-30 19:22:59,"{""gw-1"": {""1"": ""blocked"", ""2"": ""blocked""}}"
2025-03-30 19:23:02,"{""gw-1"": {""1"": ""blocked"", ""2"": ""blocked""}}"
2025-03-30 19:23:07,"{""gw-1"": {""1"": ""conflict"", ""2"": ""blocked""}}"
2025-03-30 19:23:10,"{""gw-1"": {""1"": ""blocked"", ""2"": ""blocked""}}"
2025-03-30 19:23:11,"{""gw-1"": {""1"": ""blocked"", ""2"": ""blocked""}, ""gw-2"": {""1"": ""blocked"", ""2"": ""blocked""}}"
2025-03-30 19:23:12,"{""gw-1"": {""1"": ""blocked"", ""2"": ""blocked""}}"
2025-03-30 19:23:14,"{""gw-1"": {""1"": ""blocked"", ""2"": ""blocked""}}"
2025-03-30 19:23:15,"{""gw-1"": {""1"": ""blocked"", ""2"": ""blocked""}}"
2025-03-30 19:23:23,"{""gw-1"": {""1"": ""conflict"", ""2"": ""conflict""}}"
2025-03-30 19:23:24,"{""gw-1"": {""1"": ""conflict"", ""2"": ""blocked""}}"
2025-03-30 19:23:25,"{""gw-1"": {""1"": ""blocked"", ""2"": ""blocked""}}"
2025-03-30 19:23:30,"{""gw-2"": {""1"": ""blocked"", ""2"": ""blocked""}}"
2025-03-30 19:23:30,"{""gw-1"": {""1"": ""blocked"", ""2"": ""blocked""}}"
2025-03-30 19:23:37,"{""gw-1"": {""1"": ""conflict"", ""2"": ""conflict""}}"
2025-03-30 19:23:42,"{""gw-1"": {""1"": ""blocked"", ""2"": ""blocked""}}"
2025-03-30 19:23:44,"{""gw-1"": {""1"": ""blocked"", ""2"": ""blocked""}}"
2025-03-30 19:24:02,"{""gw-2"": {""1"": ""conflict"", ""2"": ""blocked""}}"
2025-03-30 19:24:05,"{""gw-1"": {""1"": ""blocked"", ""2"": ""blocked""}}"
2025-03-30 19:24:07,"{""gw-2"": {""1"": ""blocked"", ""2"": ""blocked""}}"
2025-03-30 19:24:13,"{""gw-2"": {""1"": ""conflict"", ""2"": ""conflict""}}"
2025-03-30 19:24:15,"{""gw-1"": {""1"": ""blocked"", ""2"": ""blocked""}}"
2025-03-30 19:24:16,"{""gw-1"": {""1"": ""blocked"", ""2"": ""blocked""}}"
2025-03-30 19:24:16,"{""gw-2"": {""1"": ""blocked"", ""2"": ""blocked""}}"
2025-03-30 19:24:20,"{""gw-1"": {""1"": ""blocked"", ""2"": ""blocked""}}"
2025-03-30 19:24:32,"{""gw-1"": {""1"": ""blocked"", ""2"": ""blocked""}, ""gw-2"": {""1"": ""blocked"", ""2"": ""blocked""}}"
2025-03-30 19:24:33,"{""gw-1"": {""1"": ""blocked"", ""2"": ""blocked""}}"
2025-03-30 19:24:34,"{""gw-2"": {""1"": ""blocked"", ""2"": ""blocked""}}"
2025-03-30 19:24:34,"{""gw-1"": {""1"": ""blocked"", ""2"": ""blocked""}, ""gw-2"": {""1"": ""blocked"", ""2"": ""blocked""}}"
2025-03-30 19:24:35,"{""gw-2"": {""1"": ""blocked"", ""2"": ""blocked""}}"
2025-03-30 19:24:43,"{""gw-2"": {""1"": ""blocked"", ""2"": ""blocked""}}"
2025-03-30 19:24:45,"{""gw-1"": {""1"": ""blocked"", ""2"": ""blocked""}, ""gw-2"": {""1"": ""blocked"", ""2"": ""blocked""}}"
2025-03-30 19:24:46,"{""gw-2"": {""1"": ""blocked"", ""2"": ""blocked""}}"
2025-03-30 19:24:49,"{""gw-2"": {""1"": ""blocked"", ""2"": ""blocked""}}"
2025-03-30 19:24:49,"{""gw-1"": {""1"": ""blocked"", ""2"": ""blocked""}}"
2025-03-30 19:25:02,"{""gw-1"": {""1"": ""blocked"", ""2"": ""blocked""}}"
2025-03-30 19:25:05,"{""gw-2"": {""1"": ""blocked"", ""2"": ""blocked""}}"
2025-03-30 19:25:05,"{""gw-2"": {""1"": ""blocked"", ""2"": ""blocked""}}"
2025-03-30 19:25:06,"{""gw-1"": {""1"": ""conflict"", ""2"": ""blocked""}}"
2025-03-30 19:25:12,"{""gw-2"": {""1"": ""blocked"", ""2"": ""blocked""}}"
2025-03-30 19:25:16,"{""gw-1"": {""1"": ""blocked"", ""2"": ""blocked""}}"
2025-03-30 19:25:18,"{""gw-2"": {""1"": ""blocked"", ""2"": ""conflict""}}"
2025-03-30 19:25:26,"{""gw-1"": {""1"": ""conflict"", ""2"": ""conflict""}}"
2025-03-30 19:25:27,"{""gw-1"": {""1"": ""conflict"", ""2"": ""blocked""}}"
2025-03-30 19:25:31,"{""gw-1"": {""1"": ""blocked"", ""2"": ""blocked""}}"
2025-03-30 19:25:31,"{""gw-1"": {""1"": ""blocked"", ""2"": ""blocked""}}"
2025-03-30 19:25:36,"{""gw-1"": {""1"": ""blocked"", ""2"": ""blocked""}}"
2025-03-30 19:25:37,"{""gw-1"": {""1"": ""blocked"", ""2"": ""blocked""}}"
2025-03-30 19:25:40,"{""gw-1"": {""1"": ""blocked"", ""2"": ""conflict""}}"
2025-03-30 19:25:40,"{""gw-2"": {""1"": ""blocked"", ""2"": ""blocked""}}"
2025-03-30 19:25:41,"{""gw-1"": {""1"": ""conflict"", ""2"": ""blocked""}}"
2025-03-30 19:25:43,"{""gw-1"": {""1"": ""blocked"", ""2"": ""blocked""}}"
2025-03-30 19:26:01,"{""gw-1"": {""1"": ""blocked"", ""2"": ""blocked""}}"
2025-03-30 19:26:02,"{""gw-2"": {""1"": ""blocked"", ""2"": ""blocked""}}"
2025-03-30 19:26:03,"{""gw-1"": {""1"": ""blocked"", ""2"": ""blocked""}}"
2025-03-30 19:26:04,"{""gw-2"": {""1"": ""blocked"", ""2"": ""blocked""}}"
2025-03-30 19:26:07,"{""gw-2"": {""1"": ""blocked"", ""2"": ""blocked""}}"
2025-03-30 19:26:13,"{""gw-1"": {""1"": ""blocked"", ""2"": ""blocked""}}"
2025-03-30 19:26:17,"{""gw-2"": {""1"": ""conflict"", ""2"": ""conflict""}, ""gw-1"": {""1"": ""blocked"", ""2"": ""blocked""}}"
2025-03-30 19:26:21,"{""gw-2"": {""1"": ""blocked"", ""2"": ""blocked""}}"
2025-03-30 19:26:24,"{""gw-1"": {""1"": ""blocked"", ""2"": ""blocked""}}"
2025-03-30 19:26:25,"{""gw-2"": {""1"": ""blocked"", ""2"": ""blocked""}, ""gw-1"": {""1"": ""blocked"", ""2"": ""blocked""}}"
2025-03-30 19:26:26,"{""gw-2"": {""1"": ""blocked"", ""2"": ""blocked""}}"
2025-03-30 19:26:29,"{""gw-1"": {""1"": ""blocked"", ""2"": ""blocked""}}"
2025-03-30 19:26:32,"{""gw-2"": {""1"": ""blocked"", ""2"": ""blocked""}}"
2025-03-30 19:26:40,"{""gw-1"": {""1"": ""blocked"", ""2"": ""blocked""}}"
2025-03-30 19:26:42,"{""gw-1"": {""1"": ""blocked"", ""2"": ""blocked""}}"
2025-03-30 19:26:43,"{""gw-1"": {""1"": ""blocked"", ""2"": ""blocked""}}"
2025-03-30 19:26:49,"{""gw-2"": {""1"": ""blocked"", ""2"": ""blocked""}}"
2025-03-30 19:26:50,"{""gw-1"": {""1"": ""blocked"", ""2"": ""blocked""}}"
2025-03-30 19:26:50,"{""gw-1"": {""1"": ""blocked"", ""2"": ""blocked""}}"
2025-03-30 19:26:51,"{""gw-1"": {""1"": ""blocked"", ""2"": ""blocked""}}"
2025-03-30 19:26:51,"{""gw-2"": {""1"": ""blocked"", ""2"": ""blocked""}}"
2025-03-30 19:26:51,"{""gw-1"": {""1"": ""blocked"", ""2"": ""blocked""}, ""gw-2"": {""1"": ""blocked"", ""2"": ""blocked""}}"
2025-03-30 19:26:53,"{""gw-2"": {""1"": ""blocked"", ""2"": ""blocked""}}"
2025-03-30 19:26:53,"{""gw-1"": {""1"": ""blocked"", ""2"": ""blocked""}}"
2025-03-30 19:26:53,"{""gw-2"": {""1"": ""blocked"", ""2"": ""blocked""}}"
2025-03-30 19:26:54,"{""gw-1"": {""1"": ""blocked"", ""2"": ""blocked""}}"
2025-03-30 19:27:00,"{""gw-1"": {""1"": ""blocked"", ""2"": ""conflict""}}"
2025-03-30 19:27:01,"{""gw-1"": {""1"": ""conflict"", ""2"": ""conflict""}}"
2025-03-30 19:27:10,"{""gw-2"": {""1"": ""blocked"", ""2"": ""blocked""}}"
2025-03-30 19:27:10,"{""gw-2"": {""1"": ""blocked"", ""2"": ""blocked""}}"
2025-03-30 19:27:16,"{""gw-2"": {""1"": ""blocked"", ""2"": ""blocked""}}"
2025-03-30 19:27:21,"{""gw-1"": {""1"": ""blocked"", ""2"": ""blocked""}}"
2025-03-30 19:27:22,"{""gw-1"": {""1"": ""blocked"", ""2"": ""blocked""}}"
2025-03-30 19:27:23,"{""gw-2"": {""1"": ""blocked"", ""2"": ""blocked""}, ""gw-1"": {""1"": ""blocked"", ""2"": ""blocked""}}"
2025-03-30 19:27:26,"{""gw-2"": {""1"": ""blocked"", ""2"": ""blocked""}, ""gw-1"": {""1"": ""blocked"", ""2"": ""blocked""}}"
2025-03-30 19:27:26,"{""gw-1"": {""1"": ""blocked"", ""2"": ""blocked""}}"
2025-03-30 19:27:28,"{""gw-2"": {""1"": ""blocked"", ""2"": ""blocked""}}"
2025-03-30 19:27:30,"{""gw-2"": {""1"": ""blocked"", ""2"": ""blocked""}}"
2025-03-30 19:27:32,"{""gw-1"": {""1"": ""blocked"", ""2"": ""blocked""}}"
2025-03-30 19:27:34,"{""gw-2"": {""1"": ""conflict"", ""2"": ""conflict""}, ""gw-1"": {""1"": ""blocked"", ""2"": ""blocked""}}"
2025-03-30 19:27:36,"{""gw-1"": {""1"": ""blocked"", ""2"": ""blocked""}}"
2025-03-30 19:27:38,"{""gw-2"": {""1"": ""blocked"", ""2"": ""blocked""}}"
2025-03-30 19:27:38,"{""gw-1"": {""1"": ""blocked"", ""2"": ""blocked""}}"
2025-03-30 19:27:39,"{""gw-1"": {""1"": ""blocked"", ""2"": ""blocked""}}"
2025-03-30 19:27:47,"{""gw-2"": {""1"": ""conflict"", ""2"": ""blocked""}, ""gw-1"": {""1"": ""blocked"", ""2"": ""blocked""}}"
2025-03-30 19:27:49,"{""gw-1"": {""1"": ""blocked"", ""2"": ""blocked""}}"
2025-03-30 19:27:49,"{""gw-2"": {""1"": ""blocked"", ""2"": ""blocked""}}"
2025-03-30 19:27:49,"{""gw-2"": {""1"": ""blocked"", ""2"": ""blocked""}}"
2025-03-30 19:27:50,"{""gw-2"": {""1"": ""blocked"", ""2"": ""blocked""}}"
2025-03-30 19:27:52,"{""gw-2"": {""1"": ""blocked"", ""2"": ""blocked""}, ""gw-1"": {""1"": ""blocked"", ""2"": ""conflict""}}"
2025-03-30 19:27:52,"{""gw-1"": {""1"": ""conflict"", ""2"": ""conflict""}}"
2025-03-30 19:27:56,"{""gw-1"": {""1"": ""blocked"", ""2"": ""blocked""}}"
2025-03-30 19:27:57,"{""gw-1"": {""1"": ""blocked"", ""2"": ""blocked""}}"
2025-03-30 19:27:59,"{""gw-1"": {""1"": ""blocked"", ""2"": ""blocked""}}"
2025-03-30 19:28:02,"{""gw-2"": {""1"": ""conflict"", ""2"": ""blocked""}}"
2025-03-30 19:28:02,"{""gw-1"": {""1"": ""blocked"", ""2"": ""blocked""}}"
2025-03-30 19:28:05,"{""gw-2"": {""1"": ""blocked"", ""2"": ""blocked""}}"
2025-03-30 19:28:10,"{""gw-1"": {""1"": ""blocked"", ""2"": ""conflict""}}"
2025-03-30 19:28:11,"{""gw-2"": {""1"": ""blocked"", ""2"": ""blocked""}, ""gw-1"": {""1"": ""conflict"", ""2"": ""blocked""}}"
2025-03-30 19:28:20,"{""gw-2"": {""1"": ""conflict"", ""2"": ""blocked""}}"
2025-03-30 19:28:26,"{""gw-2"": {""1"": ""blocked"", ""2"": ""blocked""}}"
2025-03-30 19:28:26,"{""gw-2"": {""1"": ""blocked"", ""2"": ""blocked""}}"
2025-03-30 19:28:26,"{""gw-2"": {""1"": ""blocked"", ""2"": ""blocked""}}"
2025-03-30 19:28:27,"{""gw-2"": {""1"": ""blocked"", ""2"": ""blocked""}}"
2025-03-30 19:28:28,"{""gw-1"": {""1"": ""blocked"", ""2"": ""blocked""}}"
2025-03-30 19:28:29,"{""gw-2"": {""1"": ""blocked"", ""2"": ""blocked""}, ""gw-1"": {""1"": ""blocked"", ""2"": ""blocked""}}"
2025-03-30 19:28:32,"{""gw-1"": {""1"": ""blocked"", ""2"": ""blocked""}}"
2025-03-30 19:28:32,"{""gw-1"": {""1"": ""blocked"", ""2"": ""blocked""}}"
2025-03-30 19:28:32,"{""gw-1"": {""1"": ""blocked"", ""2"": ""blocked""}}"
2025-03-30 19:28:34,"{""gw-1"": {""1"": ""blocked"", ""2"": ""blocked""}, ""gw-2"": {""1"": ""conflict"", ""2"": ""blocked""}}"
2025-03-30 19:28:37,"{""gw-2"": {""1"": ""blocked"", ""2"": ""blocked""}}"
2025-03-30 19:28:42,"{""gw-2"": {""1"": ""blocked"", ""2"": ""blocked""}}"
2025-03-30 19:28:46,"{""gw-1"": {""1"": ""blocked"", ""2"": ""conflict""}}"
2025-03-30 19:28:48,"{""gw-1"": {""1"": ""conflict"", ""2"": ""blocked""}}"
2025-03-30 19:28:50,"{""gw-1"": {""1"": ""blocked"", ""2"": ""blocked""}}"
2025-03-30 19:28:51,"{""gw-1"": {""1"": ""blocked"", ""2"": ""blocked""}}"
2025-03-30 19:28:51,"{""gw-2"": {""1"": ""blocked"", ""2"": ""blocked""}}"
2025-03-30 19:29:03,"{""gw-1"": {""1"": ""blocked"", ""2"": ""blocked""}}"
2025-03-30 19:29:04,"{""gw-1"": {""1"": ""blocked"", ""2"": ""blocked""}}"
2025-03-30 19:29:06,"{""gw-1"": {""1"": ""blocked"", ""2"": ""blocked""}}"
2025-03-30 19:29:06,"{""gw-2"": {""1"": ""blocked"", ""2"": ""blocked""}}"
2025-03-30 19:29:07,"{""gw-2"": {""1"": ""blocked"", ""2"": ""blocked""}, ""gw-1"": {""1"": ""blocked"", ""2"": ""blocked""}}"
2025-03-30 19:29:10,"{""gw-2"": {""1"": ""blocked"", ""2"": ""blocked""}}"
2025-03-30 19:29:12,"{""gw-2"": {""1"": ""blocked"", ""2"": ""blocked""}}"
2025-03-30 19:29:16,"{""gw-1"": {""1"": ""blocked"", ""2"": ""blocked""}}"
2025-03-30 19:29:21,"{""gw-2"": {""1"": ""blocked"", ""2"": ""blocked""}}"
2025-03-30 19:29:22,"{""gw-1"": {""1"": ""blocked"", ""2"": ""blocked""}}"
2025-03-30 19:29:22,"{""gw-1"": {""1"": ""blocked"", ""2"": ""blocked""}}"
2025-03-30 19:29:22,"{""gw-2"": {""1"": ""blocked"", ""2"": ""blocked""}}"
2025-03-30 19:29:24,"{""gw-2"": {""1"": ""blocked"", ""2"": ""blocked""}}"
2025-03-30 19:29:24,"{""gw-2"": {""1"": ""blocked"", ""2"": ""blocked""}}"
2025-03-30 19:29:25,"{""gw-1"": {""1"": ""blocked"", ""2"": ""conflict""}, ""gw-2"": {""1"": ""blocked"", ""2"": ""blocked""}}"
2025-03-30 19:29:25,"{""gw-1"": {""1"": ""conflict"", ""2"": ""conflict""}}"
2025-03-30 19:29:26,"{""gw-2"": {""1"": ""blocked"", ""2"": ""blocked""}}"
2025-03-30 19:29:30,"{""gw-1"": {""1"": ""blocked"", ""2"": ""blocked""}}"
2025-03-30 19:29:30,"{""gw-2"": {""1"": ""conflict"", ""2"": ""conflict""}, ""gw-1"": {""1"": ""blocked"", ""2"": ""blocked""}}"
2025-03-30 19:29:36,"{""gw-1"": {""1"": ""blocked"", ""2"": ""blocked""}}"
2025-03-30 19:29:36,"{""gw-2"": {""1"": ""blocked"", ""2"": ""blocked""}}"
2025-03-30 19:29:45,"{""gw-2"": {""1"": ""conflict"", ""2"": ""blocked""}}"
2025-03-30 19:29:48,"{""gw-1"": {""1"": ""blocked"", ""2"": ""blocked""}}"
2025-03-30 19:29:48,"{""gw-2"": {""1"": ""blocked"", ""2"": ""blocked""}}"
2025-03-30 19:29:48,"{""gw-1"": {""1"": ""blocked"", ""2"": ""blocked""}}"
2025-03-30 19:29:53,"{""gw-2"": {""1"": ""blocked"", ""2"": ""blocked""}}"
2025-03-30 19:29:54,"{""gw-2"": {""1"": ""blocked"", ""2"": ""blocked""}}"
2025-03-30 19:30:00,"{""gw-1"": {""1"": ""blocked"", ""2"": ""blocked""}}"
2025-03-30 19:30:00,"{""gw-1"": {""1"": ""blocked"", ""2"": ""blocked""}}"
2025-03-30 19:30:01,"{""gw-2"": {""1"": ""blocked"", ""2"": ""conflict""}}"
2025-03-30 19:30:01,"{""gw-2"": {""1"": ""conflict"", ""2"": ""conflict""}}"
2025-03-30 19:30:04,"{""gw-1"": {""1"": ""blocked"", ""2"": ""blocked""}}"
2025-03-30 19:30:05,"{""gw-1"": {""1"": ""blocked"", ""2"": ""blocked""}}"
2025-03-30 19:30:05,"{""gw-1"": {""1"": ""blocked"", ""2"": ""blocked""}, ""gw-2"": {""1"": ""blocked"", ""2"": ""blocked""}}"
2025-03-30 19:30:07,"{""gw-1"": {""1"": ""conflict"", ""2"": ""blocked""}}"
2025-03-30 19:30:07,"{""gw-1"": {""1"": ""conflict"", ""2"": ""blocked""}}"
2025-03-30 19:30:08,"{""gw-2"": {""1"": ""blocked"", ""2"": ""blocked""}}"
2025-03-30 19:30:16,"{""gw-2"": {""1"": ""blocked"", ""2"": ""blocked""}, ""gw-1"": {""1"": ""blocked"", ""2"": ""blocked""}}"
2025-03-30 19:30:16,"{""gw-1"": {""1"": ""blocked"", ""2"": ""blocked""}, ""gw-2"": {""1"": ""blocked"", ""2"": ""blocked""}}"
2025-03-30 19:30:27,"{""gw-1"": {""1"": ""blocked"", ""2"": ""blocked""}}"
2025-03-30 19:30:27,"{""gw-1"": {""1"": ""blocked"", ""2"": ""blocked""}}"
2025-03-30 19:30:28,"{""gw-1"": {""1"": ""blocked"", ""2"": ""blocked""}}"
2025-03-30 19:30:29,"{""gw-2"": {""1"": ""blocked"", ""2"": ""conflict""}}"
2025-03-30 19:30:32,"{""gw-2"": {""1"": ""blocked"", ""2"": ""blocked""}}"
2025-03-30 19:30:36,"{""gw-2"": {""1"": ""blocked"", ""2"": ""blocked""}}"
2025-03-30 19:30:39,"{""gw-2"": {""1"": ""blocked"", ""2"": ""blocked""}}"
2025-03-30 19:30:49,"{""gw-1"": {""1"": ""conflict"", ""2"": ""conflict""}}"
2025-03-30 19:31:02,"{""gw-1"": {""1"": ""conflict"", ""2"": ""blocked""}}"
2025-03-30 19:31:05,"{""gw-1"": {""1"": ""blocked"", ""2"": ""blocked""}}"
2025-03-30 19:31:08,"{""gw-1"": {""1"": ""blocked"", ""2"": ""blocked""}, ""gw-2"": {""1"": ""conflict"", ""2"": ""blocked""}}"
2025-03-30 19:31:08,"{""gw-1"": {""1"": ""blocked"", ""2"": ""blocked""}}"
2025-03-30 19:31:08,"{""gw-1"": {""1"": ""blocked"", ""2"": ""blocked""}}"
2025-03-30 19:31:10,"{""gw-1"": {""1"": ""blocked"", ""2"": ""blocked""}}"
2025-03-30 19:31:12,"{""gw-2"": {""1"": ""blocked"", ""2"": ""blocked""}, ""gw-1"": {""1"": ""blocked"", ""2"": ""blocked""}}"
2025-03-30 19:31:15,"{""gw-2"": {""1"": ""blocked"", ""2"": ""blocked""}}"
