gatewayID,Received,Interfered,No Receivers, Under, GW busy, unset
1,4160,1630,44,0,205,2281
2,4160,1603,29,0,221,2307
3,4160,1530,31,0,245,2354
4,4160,1528,28,0,198,2406
EndDeviceID,X,Y,Z,SF
5,-79.7291,367.992,1,8,
6,268.802,463.394,1,11,
7,-127.972,321.255,1,7,
8,-45.7616,131.434,1,7,
9,173.29,-332.018,1,7,
10,60.3002,498.083,1,10,
11,321.264,268.561,1,10,
12,-201.182,-363.003,1,10,
13,-235.014,-196.458,1,8,
14,286.817,-4.68201,1,7,
15,-156.345,120.631,1,7,
16,-137.28,440.281,1,9,
17,212.075,496.261,1,12,
18,-9.62559,-488.531,1,9,
19,404.599,-172.352,1,9,
20,-315.654,384.095,1,9,
21,-395.717,231.97,1,10,
22,89.8786,-116.753,1,7,
23,312.639,-402.273,1,10,
24,-450.251,-283.655,1,11,
25,-174.662,27.5551,1,7,
26,449.393,235.607,1,9,
27,-325.344,-195.612,1,8,
28,-42.2926,442.989,1,8,
29,-278.027,-399.261,1,11,
30,-157.144,-386.747,1,9,
31,194.313,-411.455,1,11,
32,-336.364,93.8163,1,7,
33,175.888,-332.912,1,9,
34,-325.267,-296.005,1,10,
35,236.575,-468.976,1,10,
36,-41.8074,-12.1125,1,8,
37,-162.196,275.193,1,8,
38,184.142,-256.168,1,9,
39,-271.398,53.2112,1,7,
40,-290.275,457.16,1,12,
41,35.8639,199.744,1,7,
42,-340.735,-53.8723,1,7,
43,-136.225,-33.1736,1,7,
44,482.234,-329.973,1,12,
45,-47.513,137.822,1,8,
46,-140.918,334.306,1,8,
47,286.843,-32.3899,1,7,
48,472.366,-82.2672,1,10,
49,-170.907,-249.467,1,9,
50,-207.34,-160.922,1,7,
51,497.998,-25.7286,1,9,
52,-460.015,-325.54,1,11,
53,-90.001,-457.422,1,8,
54,2.00649,86.6869,1,8,
55,-450.127,-167.424,1,10,
56,417.246,-318.219,1,11,
57,-203.354,480.529,1,11,
58,-250.456,125.81,1,7,
59,-206.736,-221.63,1,9,
60,140.547,-461.619,1,10,
61,282.116,171.071,1,8,
62,-306.753,-171.002,1,10,
63,181.223,234.501,1,9,
64,-59.3661,-13.9898,1,8,
65,148.54,-195.073,1,8,
66,-275.084,102.317,1,7,
67,-229.519,220.613,1,9,
68,-212.07,360.856,1,10,
69,-383.422,-231.252,1,9,
70,-399.662,-245.491,1,11,
71,-370.65,-130.311,1,8,
72,356.094,-7.53393,1,7,
73,300.15,451.889,1,11,
74,98.8464,-143.336,1,7,
75,-242.372,-102.471,1,7,
76,57.6498,-155.28,1,7,
77,135.935,94.5712,1,7,
78,171.485,-295.444,1,9,
79,-90.972,-149.528,1,8,
80,262.623,29.6068,1,7,
81,305.482,203.856,1,8,
82,79.4735,243.782,1,7,
83,268.665,121.152,1,7,
84,-206.751,-351.725,1,10,
85,-284.203,59.3585,1,7,
86,-272.751,-275.038,1,9,
87,157.453,475.472,1,10,
88,-19.0141,173.008,1,7,
89,-446.919,-454.69,1,11,
90,-343.67,-294.065,1,10,
91,-203.908,486.869,1,10,
92,241.228,-117.142,1,7,
93,291.841,-117.59,1,7,
94,-443.271,-193.083,1,10,
95,249.82,-347.784,1,10,
96,11.3127,362.172,1,7,
97,157.506,329.602,1,7,
98,393.973,-60.5038,1,8,
99,-295.868,40.8278,1,7,
100,388.345,-309.315,1,9,
101,485.37,149.972,1,11,
102,-151.402,296.664,1,7,
103,335.289,-281.674,1,9,
104,306.559,-58.2475,1,7,
105,199.267,154.243,1,7,
106,-343.292,-23.2839,1,7,
107,-217.904,-329.265,1,9,
108,-254.862,250.019,1,9,
109,133.34,81.9858,1,7,
110,-315.049,-15.2428,1,7,
111,68.5699,-217.105,1,7,
112,-447.931,403.457,1,12,
113,5.90548,299.649,1,7,
114,108.65,345.827,1,8,
115,-19.8254,256.279,1,7,
116,-99.3995,-243.486,1,7,
117,-132.996,-230.691,1,7,
118,-171.989,-19.7258,1,7,
119,133.11,-295.526,1,7,
120,463.851,-34.8679,1,9,
121,-302.697,-146.551,1,9,
122,381.272,327.234,1,11,
123,124.351,-80.3346,1,8,
124,30.14,-116.043,1,8,
125,183.922,-52.5942,1,7,
126,178.34,194.36,1,8,
127,338.687,-282.879,1,9,
128,11.3655,11.0149,1,8,
129,484.345,363.369,1,12,
130,161.706,117.093,1,7,
131,-470.905,-447.649,1,12,
132,-61.7684,126.531,1,7,
133,-253.272,75.7233,1,7,
134,193.045,0.800744,1,7,
135,375.944,-217.616,1,11,
136,-354.475,-240.306,1,9,
137,193.263,476.323,1,10,
138,-172.698,287.245,1,8,
139,334.676,-493.417,1,12,
140,-374.229,-134.571,1,9,
141,-495.984,117.111,1,11,
142,127.171,-80.4151,1,7,
143,409.011,277.635,1,11,
144,459.723,-349.816,1,11,
145,-47.5869,449.489,1,7,
146,-494.208,-328.989,1,11,
147,-165.432,343.713,1,10,
148,384.087,-399.464,1,12,
149,371.064,-411.183,1,12,
150,365.957,-247.83,1,7,
151,-154.984,300.932,1,8,
152,-323.877,114.023,1,8,
153,-288.596,-261.225,1,10,
154,476.491,0.359894,1,8,
155,84.975,-107.791,1,8,
156,-187.328,-494.929,1,10,
157,-259.873,-292.338,1,10,
158,123.356,-214.629,1,7,
159,-75.7934,-83.4259,1,8,
160,115.341,8.67686,1,7,
161,26.932,101.004,1,7,
162,348.388,-311.108,1,11,
163,-356.603,389.007,1,10,
164,-456.505,337.83,1,12,
165,487.528,-11.2661,1,9,
166,257.772,-138.156,1,7,
167,-97.9042,181.89,1,7,
168,175.54,-295.356,1,8,
169,198.215,-101.171,1,7,
170,-398.847,-130.63,1,9,
171,-317.291,262.543,1,8,
172,-410.279,438.61,1,12,
173,-379.65,-375.13,1,10,
174,-490.931,-426.789,1,12,
175,6.79563,60.2715,1,8,
176,-294.61,-322.176,1,9,
177,21.4833,-146.107,1,7,
178,26.8462,303.591,1,7,
179,139.149,149.637,1,8,
180,414.53,356.696,1,10,
181,105.329,-220.609,1,7,
182,27.562,140.117,1,7,
183,-499.162,401.107,1,11,
184,407.2,-172.467,1,8,
185,454.768,-190.26,1,10,
186,-168.73,-136.186,1,9,
187,466.5,-346.811,1,12,
188,-373.875,-293.411,1,10,
189,-318.672,-342.111,1,10,
190,166.894,116.075,1,7,
191,-324.114,295.398,1,8,
192,-373.365,252.864,1,10,
193,9.94556,-11.4942,1,8,
194,402.463,-145.207,1,7,
195,305.396,453.914,1,12,
196,366.464,-49.882,1,7,
197,382.306,-429.615,1,12,
198,238.486,472.522,1,11,
199,188.166,-272.567,1,9,
200,336.197,-7.53396,1,7,
201,-358.447,-20.951,1,7,
202,-493.942,-35.2598,1,10,
203,-409.217,-421.24,1,12,
204,-141.666,264.091,1,8,
205,258.187,28.5043,1,7,
206,421.156,113.988,1,8,
207,38.5112,-427.329,1,10,
208,-334.435,439.544,1,12,
209,-239.367,-244.895,1,7,
210,61.0362,-179.126,1,7,
211,92.9576,-126.037,1,8,
212,-383.559,380.379,1,12,
213,-167.46,-359.563,1,10,
214,-434.857,16.8284,1,9,
215,6.43227,234.172,1,7,
216,-334.259,-13.6216,1,7,
217,-411.224,327.157,1,12,
218,-28.6666,-196.453,1,7,
219,384.621,159.892,1,10,
220,168.009,291.705,1,7,
221,202.156,-423.537,1,11,
222,253.519,-52.8066,1,7,
223,465.858,-415.97,1,12,
224,143.935,-352.892,1,9,
225,416.2,148.752,1,10,
226,245.035,67.8943,1,7,
227,-298.803,97.4807,1,7,
228,-281.657,-147.817,1,8,
229,-466.157,-286.675,1,10,
230,-259.261,-1.25514,1,7,
231,325.578,-499.293,1,12,
232,378.831,-245.589,1,10,
233,168.269,351.467,1,7,
234,-446.854,338.78,1,11,
235,-271.46,-162.595,1,7,
236,-391.108,212.22,1,8,
237,267.667,-116.903,1,7,
238,354.37,175.097,1,9,
239,-50.5942,-10.3087,1,8,
240,304.686,7.38304,1,7,
241,-70.6419,-369.708,1,7,
242,36.6815,-361.069,1,7,
243,445.718,-264.965,1,10,
244,351.875,-83.5035,1,7,
245,-321.345,-499.445,1,12,
246,-398.456,-114.915,1,9,
247,-415.719,-381.938,1,10,
248,-354.671,-231.955,1,10,
249,-355.825,144.092,1,7,
250,-129.068,129.954,1,7,
251,283.198,117.54,1,7,
252,375.42,373.629,1,10,
253,-405.851,-59.7165,1,8,
254,243.864,-334.081,1,10,
255,90.0105,-443.695,1,10,
256,-174.534,-72.7492,1,7,
257,166.277,254.37,1,7,
258,-238.602,-70.6024,1,7,
259,275.319,-462.911,1,12,
260,-305.289,-434.52,1,10,
261,-357.858,113.75,1,7,
262,-353.475,7.62808,1,7,
263,-318.073,-468.303,1,10,
264,-119.4,60.4748,1,8,
265,276.165,-100.084,1,7,
266,162.595,138.702,1,8,
267,188.784,1.19405,1,7,
268,55.6534,-312.675,1,7,
269,-417.229,-297.579,1,11,
270,-191.441,-32.6218,1,7,
271,283.337,284.347,1,9,
272,105.81,-491.4,1,11,
273,337.184,-54.7886,1,7,
274,349.9,-428.311,1,12,
275,120.683,110.919,1,7,
276,212.502,-129.27,1,8,
277,434.085,-7.03285,1,9,
278,80.1013,-369.761,1,8,
279,56.3968,60.6607,1,7,
280,148.194,-492.583,1,9,
281,-361.48,-395.335,1,11,
282,-403.534,-307.741,1,10,
283,224.008,-150.952,1,8,
284,26.6071,85.612,1,8,
285,-448.839,316.941,1,11,
286,-487.215,87.6933,1,9,
287,-225.707,179.36,1,7,
288,-326.48,-331.113,1,9,
289,424.352,213.812,1,12,
290,-357.826,-232.901,1,9,
291,19.2379,268.383,1,7,
292,-410.265,295.578,1,10,
293,-382.912,159.612,1,7,
294,63.8688,-429.84,1,8,
295,-128.004,145.301,1,8,
296,-405.161,-251.3,1,10,
297,73.0964,-419.19,1,8,
298,338.826,57.634,1,7,
299,-375.217,103.521,1,8,
300,312.632,-206.91,1,9,
301,-357.921,-384.896,1,9,
302,445.29,-30.3004,1,9,
303,366.592,67.1381,1,8,
304,28.5255,-201.493,1,7,
305,-392.344,-278.858,1,10,
306,330.403,-245.684,1,9,
307,153.72,27.2296,1,7,
308,-229.237,-40.1704,1,7,
309,84.1407,444.921,1,10,
310,135.031,269.433,1,7,
311,-269.11,-390.661,1,9,
312,-310.263,-359.746,1,11,
313,477.714,-431.374,1,11,
314,239.701,-141.549,1,7,
315,165.163,374.646,1,8,
316,-75.5955,-388.469,1,8,
317,-3.25269,-1.86571,1,8,
318,-329.749,54.5493,1,7,
319,-488.31,-302.174,1,11,
320,-290,-485.358,1,11,
321,467.512,-117.26,1,9,
322,35.5421,416.027,1,9,
323,168.062,135.251,1,8,
324,290.584,-470.609,1,10,
325,225.748,-494.348,1,12,
326,-98.2812,17.3195,1,8,
327,-46.6191,140.591,1,7,
328,476.653,242.339,1,11,
329,-349.578,369.074,1,11,
330,224.705,-30.4488,1,7,
331,-381.88,123.021,1,9,
332,-217.032,251.588,1,10,
333,482.707,432.523,1,12,
334,210.47,325.936,1,10,
335,-358.449,-19.0184,1,7,
336,-96.1134,116.117,1,8,
337,-365.62,-490.869,1,12,
338,-214.701,386.488,1,9,
339,441.803,130.103,1,9,
340,359.154,-49.4692,1,7,
341,163.933,272.531,1,8,
342,-76.8851,-69.5622,1,8,
343,73.5659,-274.437,1,7,
344,-43.9437,24.7212,1,8,
345,282.766,-355.243,1,11,
346,-267.744,-378.598,1,11,
347,309.55,-64.8141,1,7,
348,305.286,-492.817,1,12,
349,372.924,-226.723,1,8,
350,372.582,312.547,1,11,
351,301.248,-251.538,1,8,
352,-271.828,496.02,1,11,
353,-275.468,209.139,1,9,
354,-17.6963,28.26,1,8,
355,-377.278,-323.044,1,11,
356,43.6707,321.384,1,7,
357,-339.021,-442.759,1,10,
358,3.07282,144.955,1,7,
359,136.605,223.532,1,7,
360,89.1996,35.382,1,8,
361,-275.496,-51.8747,1,7,
362,-356.466,229.118,1,11,
363,-147.991,-211.512,1,7,
364,471.659,-3.66729,1,9,
365,235.248,-58.4327,1,7,
366,263.172,-419.144,1,11,
367,-231.091,155.661,1,8,
368,237.17,381.485,1,11,
369,-78.5284,13.9129,1,7,
370,471.462,-416.527,1,12,
371,295.767,-211.636,1,8,
372,252.853,394.057,1,8,
373,176.452,478.104,1,9,
374,358.474,409.394,1,11,
375,-11.1981,212.172,1,7,
376,-422.387,296.641,1,10,
377,-103.455,434.503,1,10,
378,60.4357,191.875,1,7,
379,-113,430.043,1,11,
380,-459.621,383.479,1,12,
381,51.6548,73.6749,1,7,
382,48.107,-206.688,1,7,
383,327.523,108.944,1,7,
384,287.454,-468.404,1,12,
385,281.242,-167.991,1,7,
386,-317.461,-219.086,1,9,
387,-297.422,26.2064,1,7,
388,442.072,-82.3305,1,8,
389,211.591,454.025,1,9,
390,-272,300.986,1,9,
391,35.1963,228.594,1,7,
392,128.121,213.457,1,8,
393,92.3066,-12.2129,1,7,
394,-345.356,251.211,1,9,
395,-268.827,332.158,1,8,
396,278.585,220.059,1,8,
397,153.821,-78.774,1,8,
398,394.699,-191.855,1,9,
399,448.347,-420.28,1,12,
400,-212.187,68.3562,1,7,
401,-213.032,-382.77,1,10,
402,332.364,137.548,1,8,
403,-339.932,-147.606,1,8,
404,-180.43,-74.3768,1,7,
senderId,receiverID, sendTime, receivedTime,SF,SNR,Ftype, Freq,received, code
317,3,325174441,458807281,8,5.32213,2,8.685e+08,1,0,
317,4,325174441,458807269,8,-1.04797,2,8.685e+08,1,0,
139,4,17905101395,19715534775,12,-8.22131,4,8.685e+08,1,0,
326,1,806467120649,806600753812,8,-9.65001,2,8.685e+08,1,0,
326,2,806467120649,806600753158,8,-9.42136,2,8.685e+08,1,0,
326,3,806467120649,806600753492,8,-5.80281,2,8.685e+08,1,0,
85,2,792575654116,792647590345,7,-0.299438,4,8.681e+08,1,0,
401,4,1291300187546,1291752796383,10,-2.91182,4,8.685e+08,1,0,
69,4,1114420956001,1114667741281,9,0.969361,2,8.681e+08,1,0,
57,1,3116619561545,3117606699749,11,-14.6053,4,8.681e+08,1,0,
57,2,3116619561545,3117606699155,11,9.98845,4,8.681e+08,0,1,
57,3,3116619561545,3117606698570,11,9.98845,4,8.681e+08,1,0,
396,1,576209355804,576342988544,8,0.984956,2,8.685e+08,1,0,
396,2,576209355804,576342989714,8,-3.25151,2,8.685e+08,1,0,
175,1,291966320458,292099953294,8,-5.97624,4,8.681e+08,0,1,
175,3,291966320458,292099953091,8,-5.97624,4,8.681e+08,1,0,
359,3,283092390198,283164326662,7,1.07559,2,8.681e+08,1,0,
359,4,283092390198,283164327842,7,-7.04787,2,8.681e+08,1,0,
249,4,285740203009,285812140780,7,-3.20651,4,8.681e+08,1,0,
8,2,3213969960885,3214041897695,7,-5.8515,4,8.681e+08,1,0,
8,4,3213969960885,3214041898166,7,-8.51445,4,8.681e+08,1,0,
301,1,1085878837536,1086125623936,9,-10.0381,2,8.681e+08,1,0,
301,2,1085878837536,1086125622869,9,-14.3637,2,8.681e+08,1,0,
301,4,1085878837536,1086125622812,9,-11.1766,2,8.681e+08,1,0,
99,2,2396891268373,2396963204578,7,13.9838,2,8.685e+08,1,0,
99,4,2396891268373,2396963205757,7,-2.85484,2,8.685e+08,1,0,
196,1,2035793818856,2035865755279,7,-1.42848,4,8.685e+08,1,0,
91,3,1637460809438,1637913418481,10,-0.854613,4,8.683e+08,1,0,
25,2,285291316328,285363252596,7,0,4,8.685e+08,0,1,
125,2,283683088367,283755025825,7,-1.98224,4,8.685e+08,1,0,
388,3,2076887348597,2077020982442,8,-7.09007,4,8.683e+08,1,0,
368,1,1833384609722,1834371746995,11,7.84145,4,8.685e+08,1,0,
45,2,1079370413146,1079504045963,8,8.77673,4,8.683e+08,1,0,
86,2,260967460629,261214245550,9,-12.2634,2,8.685e+08,1,0,
45,2,2211344594778,2211478227595,8,13.0441,4,8.681e+08,1,0,
45,3,2211344594778,2211478227184,8,-6.55191,4,8.681e+08,1,0,
45,4,2211344594778,2211478228081,8,-3.9131,4,8.681e+08,1,0,
275,1,530682743388,530754679956,7,6.82275,4,8.685e+08,1,0,
275,2,530682743388,530754680679,7,-7.04361,4,8.685e+08,1,0,
275,3,530682743388,530754680002,7,11.2692,4,8.685e+08,1,0,
149,1,403065100114,404875533544,12,2.1326,4,8.681e+08,1,0,
149,2,403065100114,404875534599,12,2.1326,4,8.681e+08,0,1,
149,4,403065100114,404875533463,12,-2.96039,4,8.681e+08,1,0,
232,1,6218965848,6671574773,10,-8.02347,4,8.685e+08,1,0,
244,1,12742544322,12814480761,7,-6.1736,2,8.685e+08,1,0,
244,4,12742544322,12814481620,7,1.4294,2,8.685e+08,1,0,
84,2,2683736106507,2684188715689,10,-16.1138,4,8.683e+08,1,0,
84,3,2683736106507,2684188716629,10,-13.8936,4,8.683e+08,1,0,
84,4,2683736106507,2684188715276,10,-4.3912,4,8.683e+08,1,0,
59,2,3302302769768,3302549554521,9,-10.1236,4,8.685e+08,1,0,
59,4,3302302769768,3302549554464,9,-14.3961,4,8.685e+08,1,0,
64,1,1616433615128,1616567248161,8,-9.69774,4,8.685e+08,1,0,
64,2,1616433615128,1616567247766,8,-8.93048,4,8.685e+08,1,0,
326,2,287141122233,287274754742,8,3.31361,2,8.685e+08,1,0,
326,4,287141122233,287274755183,8,7.61216,2,8.685e+08,1,0,
156,4,584528470402,584981079431,10,-1.1104,4,8.685e+08,1,0,
298,1,2633644822953,2633716759306,7,20.9666,4,8.685e+08,1,0,
298,2,2633644822953,2633716760927,7,-7.14107,4,8.685e+08,1,0,
298,3,2633644822953,2633716760253,7,5.64429,4,8.685e+08,1,0,
100,4,2734673838303,2734920623613,9,-12.0633,4,8.681e+08,1,0,
346,2,2403745618183,2404732755447,11,-7.36967,4,8.681e+08,1,0,
346,4,2403745618183,2404732755174,11,-0.0428306,4,8.681e+08,1,0,
326,2,2364699940351,2364833572860,8,-11.1323,2,8.683e+08,1,0,
326,3,2364699940351,2364833573194,8,-3.28001,2,8.683e+08,1,0,
199,1,1276573491172,1276820276104,9,5.8044,2,8.683e+08,1,0,
199,2,1276573491172,1276820276893,9,-5.7007,2,8.683e+08,1,0,
199,4,1276573491172,1276820275804,9,8.07135,2,8.683e+08,1,0,
25,1,1250502822727,1250574760147,7,-2.86978,4,8.685e+08,1,0,
25,3,1250502822727,1250574759670,7,0.251847,4,8.685e+08,1,0,
97,1,266938710549,267010647691,7,-5.5775,2,8.685e+08,1,0,
281,1,3169399218012,3170386356441,11,-1.42691,2,8.683e+08,1,0,
281,3,3169399218012,3170386356479,11,-1.42691,2,8.683e+08,0,1,
281,4,3169399218012,3170386355312,11,-4.23695,2,8.683e+08,1,0,
35,1,22547169162,22999778727,10,0,4,8.685e+08,0,1,
76,2,256691050136,256762987286,7,6.14555,2,8.685e+08,1,0,
76,4,256691050136,256762986506,7,2.52001,2,8.685e+08,1,0,
312,3,1062001858428,1062988996710,11,1.59264,4,8.685e+08,1,0,
33,1,806111928104,806358713242,9,5.355,4,8.685e+08,0,1,
33,3,806111928104,806358714135,9,-10.3825,4,8.685e+08,1,0,
33,4,806111928104,806358712753,9,5.355,4,8.685e+08,1,0,
301,2,807031096065,807277881398,9,-6.71698,2,8.681e+08,0,1,
301,4,807031096065,807277881341,9,-6.71698,2,8.681e+08,1,0,
200,1,14468782192,14540718481,7,-8.08134,4,8.685e+08,1,0,
200,2,14468782192,14540720148,7,-4.35599,4,8.685e+08,1,0,
200,3,14468782192,14540719605,7,4.73377,4,8.685e+08,1,0,
25,2,577537067919,577609004187,7,-0.128814,4,8.681e+08,1,0,
250,2,590369014930,590440951522,7,-7.03801,4,8.681e+08,1,0,
208,2,20346979655,22157413148,12,0,2,8.685e+08,0,1,
351,1,20419685377,20553318233,8,-5.96014,4,8.685e+08,1,0,
262,2,266422967244,266494903590,7,11.4203,4,8.685e+08,1,0,
63,1,526700351324,526947136139,9,-11.343,4,8.681e+08,1,0,
63,3,526700351324,526947135931,9,-8.83591,4,8.681e+08,1,0,
248,2,571700316020,572152924869,10,-0.410857,4,8.685e+08,1,0,
248,4,571700316020,572152925205,10,-3.27312,4,8.685e+08,1,0,
45,3,251676210085,251809842491,8,-5.00226,4,8.681e+08,1,0,
45,4,251676210085,251809843388,8,-10.8369,4,8.681e+08,1,0,
274,1,741908623626,743719057093,12,-18.663,2,8.681e+08,1,0,
274,2,741908623626,743719058085,12,-18.663,2,8.681e+08,0,1,
274,4,741908623626,743719056936,12,0,2,8.681e+08,0,1,
139,2,265863237714,267673672266,12,-15.9056,4,8.681e+08,1,0,
139,3,265863237714,267673672433,12,-20.9635,4,8.681e+08,1,0,
139,4,265863237714,267673671094,12,-16.4214,4,8.681e+08,1,0,
302,1,259544617034,259791401693,9,-9.56618,4,8.681e+08,1,0,
302,2,259544617034,259791403355,9,-11.1018,4,8.681e+08,0,1,
302,4,259544617034,259791402690,9,-11.1018,4,8.681e+08,1,0,
239,2,1182704002441,1182837635107,8,12.8861,4,8.683e+08,1,0,
244,1,515940604567,516012541006,7,8.74351,2,8.685e+08,1,0,
244,4,515940604567,516012541865,7,-6.51138,2,8.685e+08,1,0,
32,2,263028870574,263100806999,7,-5.7919,4,8.681e+08,1,0,
32,3,263028870574,263100807811,7,2.89922,4,8.681e+08,1,0,
267,1,261097628658,261169564862,7,7.55671,4,8.685e+08,1,0,
267,3,261097628658,261169565700,7,-4.43628,4,8.685e+08,1,0,
267,4,261097628658,261169565706,7,3.23532,4,8.685e+08,1,0,
358,2,21396187453,21468124426,7,2.32697,4,8.685e+08,0,1,
358,3,21396187453,21468123804,7,2.32697,4,8.685e+08,1,0,
239,1,1265588442030,1265722075033,8,0.158006,4,8.685e+08,1,0,
239,2,1265588442030,1265722074696,8,0,4,8.685e+08,0,1,
239,3,1265588442030,1265722074915,8,-7.48924,4,8.685e+08,1,0,
239,4,1265588442030,1265722074847,8,-11.1314,4,8.685e+08,1,0,
287,2,1264019413682,1264091350286,7,-7.29823,4,8.685e+08,1,0,
287,3,1264019413682,1264091350471,7,-2.43747,4,8.685e+08,1,0,
8,1,538294618832,538366555912,7,-8.46718,2,8.681e+08,1,0,
8,2,538294618832,538366555642,7,-5.60557,2,8.681e+08,1,0,
8,3,538294618832,538366555256,7,2.04704,2,8.681e+08,1,0,
277,1,325148490255,325395274869,9,-12.2696,4,8.685e+08,1,0,
277,2,325148490255,325395276537,9,-14.3755,4,8.685e+08,0,1,
277,4,325148490255,325395275914,9,-14.3755,4,8.685e+08,1,0,
255,3,264145433470,264598043803,10,0,4,8.685e+08,0,1,
245,1,1282591224675,1284401659206,12,-21.0814,4,8.681e+08,1,0,
245,3,1282591224675,1284401659395,12,-19.6148,4,8.681e+08,1,0,
245,4,1282591224675,1284401658032,12,-11.124,4,8.681e+08,1,0,
132,2,527654731367,527726668124,7,-2.98682,2,8.681e+08,1,0,
132,3,527654731367,527726667828,7,9.08222,2,8.681e+08,1,0,
141,1,760859206716,761846345235,11,-13.3231,4,8.681e+08,1,0,
141,2,760859206716,761846343625,11,-11.1378,4,8.681e+08,1,0,
141,4,760859206716,761846344774,11,-4.4284,4,8.681e+08,1,0,
317,2,28439692251,28573325074,8,-5.10562,2,8.681e+08,1,0,
317,3,28439692251,28573325091,8,-5.92923,2,8.681e+08,1,0,
317,4,28439692251,28573325079,8,4.1529,2,8.681e+08,1,0,
271,1,21345517756,21592302711,9,-3.11191,4,8.685e+08,1,0,
264,2,277408727859,277542360339,8,24.694,4,8.685e+08,1,0,
264,4,277408727859,277542360969,8,-11.2305,4,8.685e+08,1,0,
64,2,262042637837,262176270475,8,0.819138,4,8.681e+08,1,0,
36,2,267896083155,268029715851,8,15.238,4,8.681e+08,1,0,
36,3,267896083155,268029716040,8,-7.70752,4,8.681e+08,1,0,
391,3,264182917175,264254853312,7,0,4,8.685e+08,0,1,
51,3,2030058106458,2030304892357,9,-11.2266,4,8.683e+08,1,0,
362,2,726439054187,727426191030,11,-12.5248,4,8.681e+08,1,0,
227,2,269205485982,269277422346,7,-7.04668,2,8.685e+08,1,0,
117,1,262726716376,262798653867,7,-7.75418,4,8.681e+08,1,0,
117,4,262726716376,262798652824,7,3.63316,4,8.681e+08,1,0,
183,1,540104775456,541091914291,11,-6.33484,4,8.681e+08,1,0,
183,2,540104775456,541091913031,11,-7.1151,4,8.681e+08,1,0,
396,1,550182274424,550315907164,8,-6.37729,2,8.685e+08,1,0,
174,1,545226628115,547037062967,12,-18.7722,2,8.681e+08,1,0,
174,3,545226628115,547037062904,12,-18.6088,2,8.681e+08,1,0,
359,3,23295027159,23366963623,7,-4.08014,2,8.685e+08,1,0,
203,1,27443943785,29254378395,12,-15.7043,4,8.685e+08,1,0,
203,4,27443943785,29254377265,12,-22.1529,4,8.685e+08,1,0,
248,2,1578928217332,1579380826181,10,-13.3402,4,8.683e+08,1,0,
248,3,1578928217332,1579380827328,10,-11.4463,4,8.683e+08,1,0,
88,1,290921645832,290993582899,7,8.37292,4,8.681e+08,1,0,
88,3,290921645832,290993582097,7,-4.57751,4,8.681e+08,1,0,
202,2,291420115692,291872724514,10,-12.9659,4,8.685e+08,1,0,
202,3,291420115692,291872725595,10,-9.06952,4,8.685e+08,1,0,
9,3,567584566428,567656504454,7,11.2399,4,8.681e+08,0,1,
9,4,567584566428,567656503068,7,11.2399,4,8.681e+08,1,0,
209,3,1130369825343,1130441763177,7,-6.61841,4,8.685e+08,1,0,
209,4,1130369825343,1130441762142,7,-4.26132,4,8.685e+08,1,0,
18,3,21278425899,21525212363,9,-12.2001,4,8.685e+08,1,0,
18,4,21278425899,21525210695,9,10.6034,4,8.685e+08,1,0,
309,1,3323310907315,3323763516899,10,-9.85898,4,8.683e+08,1,0,
183,2,805163718283,806150855858,11,-19.2604,4,8.685e+08,1,0,
65,1,1692793027551,1692926660284,8,-10.4123,4,8.683e+08,1,0,
65,2,1692793027551,1692926661031,8,-8.79878,4,8.683e+08,1,0,
377,1,560066094894,560518704762,10,-12.5774,4,8.681e+08,1,0,
377,3,560066094894,560518703600,10,0,4,8.681e+08,0,1,
164,1,17524230714,19334665326,12,-17.0049,4,8.685e+08,1,0,
164,2,17524230714,19334664035,12,-12.4545,4,8.685e+08,1,0,
164,3,17524230714,19334664265,12,-12.4545,4,8.685e+08,0,1,
242,2,5396916522,5468854060,7,-8.07205,4,8.685e+08,1,0,
311,2,6038944269,6285729574,9,-2.77495,4,8.685e+08,1,0,
311,4,6038944269,6285729282,9,6.08971,4,8.685e+08,1,0,
397,1,13534329612,13667962027,8,-0.159835,2,8.685e+08,1,0,
397,2,13534329612,13667962984,8,-11.2037,2,8.685e+08,1,0,
117,4,8951383182,9023319630,7,10.3836,4,8.685e+08,1,0,
225,3,18458976745,18911586174,10,-5.73939,4,8.685e+08,1,0,
295,2,19899508296,20033140929,8,0.110185,4,8.685e+08,1,0,
295,3,19899508296,20033140848,8,-9.81287,4,8.685e+08,1,0,
275,1,8859115774,8931052342,7,9.03777,4,8.685e+08,1,0,
275,3,8859115774,8931052388,7,-1.02661,4,8.685e+08,1,0,
379,1,1149875309580,1150862447457,11,-8.48259,4,8.685e+08,0,1,
379,2,1149875309580,1150862447086,11,-8.48259,4,8.685e+08,1,0,
379,3,1149875309580,1150862446289,11,-5.35712,4,8.685e+08,1,0,
357,3,3347827926255,3348280536828,10,-13.1785,2,8.683e+08,1,0,
374,1,2171648266601,2172635404014,11,-19.0263,4,8.683e+08,1,0,
374,3,2171648266601,2172635403910,11,0,4,8.683e+08,0,1,
374,4,2171648266601,2172635405105,11,-15.5597,4,8.683e+08,1,0,
67,2,2093982218458,2094229003197,9,-3.35629,2,8.685e+08,1,0,
73,2,2094125420528,2095112558903,11,-9.49078,2,8.685e+08,1,0,
203,3,2665179953595,2666990388217,12,-22.2647,4,8.683e+08,1,0,
203,4,2665179953595,2666990387075,12,-14.0195,4,8.683e+08,1,0,
285,1,304438576522,305425715082,11,-5.17235,4,8.685e+08,0,1,
285,4,304438576522,305425714934,11,-5.17235,4,8.685e+08,1,0,
31,1,263037680629,264024818014,11,-18.7157,4,8.681e+08,1,0,
31,2,263037680629,264024818649,11,-16.9684,4,8.681e+08,1,0,
31,3,263037680629,264024818929,11,-16.9684,4,8.681e+08,0,1,
31,4,263037680629,264024817472,11,0,4,8.681e+08,0,1,
238,1,1137619517788,1137866302468,9,-3.32761,4,8.685e+08,1,0,
81,1,357129950279,357263582984,8,-4.233,4,8.681e+08,1,0,
81,3,357129950279,357263583310,8,-2.85162,4,8.681e+08,1,0,
342,2,358254008330,358387640952,8,-3.19917,4,8.685e+08,1,0,
67,2,358079384050,358326168789,9,-13.4362,2,8.681e+08,1,0,
360,1,359347784284,359481416833,8,-2.54724,4,8.681e+08,1,0,
360,3,359347784284,359481417059,8,-5.1425,4,8.681e+08,1,0,
360,4,359347784284,359481417281,8,-6.21164,4,8.681e+08,1,0,
348,1,1299397436189,1301207869843,12,-17.2958,4,8.685e+08,1,0,
348,2,1299397436189,1301207870665,12,-21.8259,4,8.685e+08,1,0,
276,1,1255050760496,1255184392945,8,-5.52408,4,8.683e+08,1,0,
276,2,1255050760496,1255184394098,8,7.61318,4,8.683e+08,1,0,
372,2,788880031202,789013665333,8,-10.8967,4,8.685e+08,1,0,
192,2,298586008154,299038617092,10,0,4,8.685e+08,0,1,
192,3,298586008154,299038617399,10,9.61485,4,8.685e+08,1,0,
233,2,545312954582,545384892404,7,-8.6445,4,8.681e+08,1,0,
305,2,295169057268,295621666312,10,-6.20987,2,8.685e+08,1,0,
305,3,295169057268,295621667465,10,-5.75693,2,8.685e+08,1,0,
305,4,295169057268,295621666580,10,-16.777,2,8.685e+08,1,0,
38,3,292412296651,292659082448,9,-12.0236,2,8.681e+08,1,0,
38,4,292412296651,292659081266,9,0,2,8.681e+08,0,1,
377,1,2182668009266,2183120619134,10,-7.25423,4,8.685e+08,1,0,
377,3,2182668009266,2183120617972,10,3.88575,4,8.685e+08,1,0,
197,3,1849075645405,1850886080006,12,-11.5288,4,8.681e+08,1,0,
197,4,1849075645405,1850886078814,12,-18.5992,4,8.681e+08,1,0,
331,2,894645413953,894892198555,9,-8.19478,4,8.681e+08,1,0,
11,3,884070113889,884522722962,10,-5.78717,4,8.681e+08,1,0,
195,2,1059634677085,1061445111478,12,-4.43962,2,8.685e+08,1,0,
195,3,1059634677085,1061445110310,12,0,2,8.685e+08,0,1,
297,1,889230439775,889364073293,8,1.70245,2,8.683e+08,1,0,
297,4,889230439775,889364072390,8,0,2,8.683e+08,0,1,
189,1,343326600043,343779210257,10,-13.3828,4,8.681e+08,1,0,
189,2,343326600043,343779209207,10,-10.9341,4,8.681e+08,1,0,
18,1,347208156881,347454942726,9,-11.8388,4,8.681e+08,1,0,
18,3,347208156881,347454943345,9,-10.4731,4,8.681e+08,1,0,
18,4,347208156881,347454941677,9,4.36614,4,8.681e+08,1,0,
70,1,347545256113,348532394430,11,-18.0332,2,8.681e+08,0,1,
70,2,347545256113,348532393072,11,-18.0332,2,8.681e+08,1,0,
70,3,347545256113,348532394236,11,-18.0332,2,8.681e+08,0,1,
70,4,347545256113,348532393446,11,-18.0332,2,8.681e+08,0,1,
335,2,888523326869,888595263236,7,-7.78809,4,8.681e+08,1,0,
234,2,890056550428,891043687735,11,-1.4884,2,8.685e+08,1,0,
18,1,890958204853,891204990698,9,-10.0315,4,8.685e+08,1,0,
18,4,890958204853,891204989649,9,-1.84906,4,8.685e+08,1,0,
152,2,769282735558,769416368011,8,0.476243,4,8.681e+08,1,0,
198,1,2417204509715,2418191647292,11,0,4,8.685e+08,0,1,
329,2,1403674793245,1404661930520,11,-13.6701,4,8.681e+08,1,0,
329,3,1403674793245,1404661930477,11,-8.46678,4,8.681e+08,1,0,
209,1,1410342403853,1410414341678,7,0,4,8.685e+08,0,1,
209,2,1410342403853,1410414340671,7,0,4,8.685e+08,0,1,
97,2,1409135019255,1409206957003,7,4.01487,2,8.683e+08,1,0,
51,1,1409476860401,1409723645233,9,4.4194,4,8.685e+08,1,0,
51,2,1409476860401,1409723646898,9,-11.5437,4,8.685e+08,1,0,
331,2,1645985645292,1646232429894,9,-14.1951,4,8.685e+08,1,0,
258,2,1638749148250,1638821084489,7,-8.6297,4,8.685e+08,1,0,
258,4,1638749148250,1638821085246,7,-8.6828,4,8.685e+08,1,0,
105,3,1117898880140,1117970816877,7,5.53141,4,8.681e+08,1,0,
192,2,2431951981499,2432404590437,10,-2.84729,4,8.683e+08,1,0,
126,1,623827419847,623961052538,8,0.500916,2,8.685e+08,1,0,
236,2,629685817217,629819450067,8,2.71147,4,8.681e+08,1,0,
236,3,629685817217,629819450528,8,-9.41647,4,8.681e+08,1,0,
236,4,629685817217,629819451237,8,-7.83192,4,8.681e+08,1,0,
101,1,421135227200,422122364131,11,-11.8078,2,8.681e+08,1,0,
101,3,421135227200,422122364853,11,-7.87636,2,8.681e+08,1,0,
143,1,332523435858,333510572925,11,-2.17017,4,8.685e+08,1,0,
143,3,332523435858,333510573225,11,5.74686,4,8.685e+08,1,0,
365,1,332335861094,332407797295,7,0.0028237,2,8.685e+08,1,0,
365,3,332335861094,332407798388,7,-9.34473,2,8.685e+08,1,0,
365,4,332335861094,332407798106,7,7.26917,2,8.685e+08,1,0,
237,3,310593043307,310664980822,7,-7.42186,4,8.681e+08,1,0,
79,2,319396899183,319530531911,8,-2.39299,2,8.685e+08,1,0,
79,3,319396899183,319530532550,8,2.85381,2,8.685e+08,1,0,
79,4,319396899183,319530531635,8,0,2,8.685e+08,0,1,
385,1,315813968081,315885904651,7,-4.08501,2,8.685e+08,1,0,
254,1,2339891195798,2340343804913,10,13.1873,4,8.683e+08,1,0,
254,4,2339891195798,2340343804658,10,-8.22024,4,8.683e+08,1,0,
299,2,1407896840724,1408030473266,8,-2.57474,4,8.681e+08,1,0,
78,1,1774252197460,1774498982480,9,-11.1104,2,8.685e+08,1,0,
78,3,1774252197460,1774498983367,9,-11.1104,2,8.685e+08,0,1,
264,1,1784106569973,1784240203222,8,-11.2227,4,8.685e+08,1,0,
264,2,1784106569973,1784240202453,8,-7.35228,4,8.685e+08,1,0,
264,4,1784106569973,1784240203083,8,-11.0529,4,8.685e+08,1,0,
201,2,779821945275,779893881643,7,8.3718,4,8.681e+08,1,0,
201,4,779821945275,779893882694,7,-7.57086,4,8.681e+08,1,0,
228,1,2564578189246,2564711823087,8,-11.9609,2,8.683e+08,1,0,
228,3,2564578189246,2564711822872,8,-9.02112,2,8.683e+08,1,0,
228,4,2564578189246,2564711822245,8,-3.82603,2,8.683e+08,1,0,
222,1,315999965791,316071901968,7,13.5699,4,8.685e+08,1,0,
222,2,315999965791,316071903480,7,-3.71068,4,8.685e+08,1,0,
110,2,315339581089,315411517312,7,5.61093,4,8.685e+08,1,0,
110,4,315339581089,315411518400,7,-7.80426,4,8.685e+08,1,0,
268,4,23293186241,23365122521,7,9.60408,2,8.685e+08,1,0,
396,1,40970915761,41104548501,8,-10.4764,2,8.685e+08,1,0,
396,3,40970915761,41104548696,8,-11.2529,2,8.685e+08,1,0,
396,4,40970915761,41104549584,8,-8.16461,2,8.685e+08,1,0,
189,2,27856312402,28308921566,10,-12.9035,4,8.685e+08,1,0,
189,4,27856312402,28308921508,10,2.66812,4,8.685e+08,1,0,
216,2,38030975990,38102912275,7,-4.2794,4,8.685e+08,1,0,
216,3,38030975990,38102913410,7,-0.933288,4,8.685e+08,1,0,
158,2,31509843020,31581780456,7,-1.90993,4,8.685e+08,1,0,
158,4,31509843020,31581779448,7,4.61421,4,8.685e+08,1,0,
207,1,32271471478,32724081068,10,-5.57097,4,8.685e+08,1,0,
207,2,32271471478,32724081198,10,-8.0852,4,8.685e+08,1,0,
207,3,32271471478,32724081741,10,-12.0992,4,8.685e+08,1,0,
263,1,2439093613613,2439546224069,10,-12.0929,4,8.681e+08,1,0,
263,2,2439093613613,2439546223192,10,-10.1181,4,8.681e+08,0,1,
263,4,2439093613613,2439546222900,10,-10.1181,4,8.681e+08,1,0,
142,3,327897769381,327969706562,7,-3.34293,4,8.685e+08,1,0,
142,4,327897769381,327969706088,7,2.22565,4,8.685e+08,1,0,
93,1,728918802332,728990738748,7,18.9427,4,8.681e+08,1,0,
93,3,728918802332,728990739898,7,18.9427,4,8.681e+08,0,1,
61,2,1250890360426,1251023994290,8,-9.1575,4,8.683e+08,1,0,
61,3,1250890360426,1251023993403,8,-2.93436,4,8.683e+08,1,0,
61,4,1250890360426,1251023994117,8,-2.93436,4,8.683e+08,0,1,
189,2,781036490928,781489100092,10,-8.29849,4,8.685e+08,1,0,
53,4,256716657418,256850290172,8,0.196412,2,8.681e+08,1,0,
249,1,1668169759408,1668241697485,7,-8.46899,4,8.685e+08,1,0,
249,2,1668169759408,1668241696004,7,-2.65443,4,8.685e+08,1,0,
5,3,2799815205863,2799948838338,8,9.4363,4,8.685e+08,1,0,
80,1,1287996025339,1288067961446,7,0,4,8.685e+08,0,1,
111,4,1284949400399,1285021336653,7,-1.66208,2,8.685e+08,1,0,
58,2,267570485970,267642422390,7,-2.85829,4,8.685e+08,1,0,
58,4,267570485970,267642423476,7,-8.65921,4,8.685e+08,1,0,
252,2,932548277945,933000888375,10,-10.0822,4,8.685e+08,1,0,
252,3,932548277945,933000887263,10,-9.04956,4,8.685e+08,1,0,
191,1,33151484433,33285118587,8,-0.853988,4,8.685e+08,1,0,
191,3,33151484433,33285117525,8,-3.1866,4,8.685e+08,1,0,
33,4,34648408510,34895193159,9,-11.3185,4,8.685e+08,1,0,
159,1,921372794842,921506427964,8,-2.54666,4,8.683e+08,1,0,
159,2,921372794842,921506427486,8,6.24039,4,8.683e+08,1,0,
159,4,921372794842,921506427452,8,-10.9865,4,8.683e+08,1,0,
182,3,257101077772,257173014150,7,-1.93668,2,8.685e+08,1,0,
182,4,257101077772,257173015077,7,2.65082,2,8.685e+08,1,0,
403,2,258047125208,258180757785,8,4.42615,4,8.685e+08,1,0,
179,1,2417661717450,2417795350071,8,-1.15663,2,8.685e+08,1,0,
179,4,2417661717450,2417795350862,8,-8.62637,2,8.685e+08,1,0,
286,2,2406126898381,2406373683225,9,0,4,8.683e+08,0,1,
286,4,2406126898381,2406373684358,9,-9.62431,4,8.683e+08,1,0,
329,3,3455069028363,3456056165595,11,-16.6926,4,8.683e+08,1,0,
329,4,3455069028363,3456056166734,11,-18.9447,4,8.683e+08,1,0,
260,1,802589564804,803042175156,10,-12.8033,4,8.685e+08,1,0,
260,3,802589564804,803042175304,10,-12.8033,4,8.685e+08,0,1,
260,4,802589564804,803042173994,10,-16.7572,4,8.685e+08,1,0,
365,1,797867316148,797939252349,7,15.1812,2,8.681e+08,1,0,
143,1,1780318064867,1781305201934,11,-10.8073,4,8.685e+08,1,0,
143,3,1780318064867,1781305202234,11,-10.8073,4,8.685e+08,0,1,
229,2,1301544647495,1301997256693,10,9.00443,4,8.683e+08,1,0,
199,1,2008248560209,2008495345141,9,-11.6782,2,8.683e+08,1,0,
199,2,2008248560209,2008495345930,9,-4.06978,2,8.683e+08,1,0,
199,4,2008248560209,2008495344841,9,-6.3566,2,8.683e+08,1,0,
294,4,3308111717161,3308245349798,8,4.47753,4,8.681e+08,1,0,
350,1,360188498432,361175635552,11,-19.2241,2,8.681e+08,1,0,
350,3,360188498432,361175635692,11,3.38274,2,8.681e+08,1,0,
350,4,360188498432,361175636683,11,-13.4065,2,8.681e+08,1,0,
318,2,1098168324735,1098240261057,7,3.69974,4,8.683e+08,1,0,
381,1,304797111484,304869048190,7,1.77033,4,8.681e+08,1,0,
381,4,304797111484,304869048577,7,-5.02205,4,8.681e+08,1,0,
93,1,3582797058041,3582868994457,7,0.707124,4,8.685e+08,1,0,
93,4,3582797058041,3582868995110,7,-8.95215,4,8.685e+08,1,0,
89,2,2106579613306,2107566750959,11,-7.66078,4,8.683e+08,1,0,
89,4,2106579613306,2107566750946,11,-0.303115,4,8.683e+08,1,0,
307,1,658493841200,658565777534,7,5.39906,4,8.685e+08,1,0,
307,3,658493841200,658565778103,7,-0.238891,4,8.685e+08,1,0,
315,1,795428687172,795562320453,8,1.91483,4,8.681e+08,1,0,
133,2,1044695003479,1044766939732,7,-3.34088,4,8.685e+08,1,0,
133,3,1044695003479,1044766940505,7,-3.34088,4,8.685e+08,0,1,
27,2,315460673192,315594305891,8,-10.3461,2,8.685e+08,1,0,
27,4,315460673192,315594306292,8,-10.5166,2,8.685e+08,1,0,
340,1,1045722420048,1045794356448,7,5.89752,4,8.681e+08,1,0,
340,2,1045722420048,1045794358087,7,1.95184,4,8.681e+08,1,0,
128,1,1300214795847,1300348428644,8,-6.06918,4,8.685e+08,1,0,
128,3,1300214795847,1300348428645,8,-9.32587,4,8.685e+08,1,0,
128,4,1300214795847,1300348428718,8,-5.68021,4,8.685e+08,1,0,
68,2,787480667829,787933277039,10,1.8748,4,8.681e+08,1,0,
68,3,787480667829,787933276627,10,0,4,8.681e+08,0,1,
149,1,2535464260473,2537274693903,12,-16.4654,4,8.683e+08,0,1,
149,3,2535464260473,2537274695002,12,-8.96678,4,8.683e+08,1,0,
149,4,2535464260473,2537274693822,12,-16.4654,4,8.683e+08,1,0,
276,1,291475617892,291609250341,8,0,4,8.685e+08,0,1,
276,4,291475617892,291609250707,8,0,4,8.685e+08,0,1,
180,1,290867931973,291320541283,10,-0.694106,4,8.681e+08,1,0,
180,2,290867931973,291320542489,10,-6.02335,4,8.681e+08,1,0,
313,1,1137530753411,1138517891038,11,-8.17503,4,8.685e+08,1,0,
313,4,1137530753411,1138517891115,11,2.55895,4,8.685e+08,1,0,
376,2,2391213147076,2391665756220,10,-1.85072,4,8.681e+08,1,0,
252,1,887287477935,887740087250,10,-0.156936,4,8.685e+08,1,0,
252,3,887287477935,887740087253,10,5.54859,4,8.685e+08,1,0,
299,2,903897546658,904031179200,8,-4.46135,4,8.681e+08,1,0,
200,1,904683644026,904755580315,7,0.330628,4,8.685e+08,1,0,
309,2,904177941945,904630551801,10,-11.2012,4,8.685e+08,1,0,
309,3,904177941945,904630550653,10,4.24239,4,8.685e+08,1,0,
226,1,905088822077,905160758304,7,0.0169686,2,8.685e+08,1,0,
226,3,905088822077,905160759095,7,6.36208,2,8.685e+08,1,0,
226,4,905088822077,905160759416,7,4.47177,2,8.685e+08,1,0,
401,4,1069585082040,1070037690877,10,-9.52644,4,8.683e+08,1,0,
213,4,743396926273,743849534941,10,-12.8921,4,8.681e+08,1,0,
145,3,1258474156174,1258546092858,7,1.90837,2,8.683e+08,1,0,
225,1,527015523259,527468132003,10,2.94289,4,8.685e+08,1,0,
225,2,527015523259,527468133536,10,-11.7881,4,8.685e+08,1,0,
225,3,527015523259,527468132688,10,-13.6334,4,8.685e+08,1,0,
181,1,619475338984,619547275864,7,-8.29143,2,8.681e+08,1,0,
181,2,619475338984,619547276379,7,-1.13614,2,8.681e+08,1,0,
181,3,619475338984,619547276593,7,-1.13614,2,8.681e+08,0,1,
181,4,619475338984,619547275349,7,12.2988,2,8.681e+08,1,0,
311,2,795744059302,795990844607,9,-8.52154,4,8.685e+08,0,1,
311,3,795744059302,795990845620,9,-7.10348,4,8.685e+08,1,0,
311,4,795744059302,795990844315,9,-8.52154,4,8.685e+08,1,0,
91,2,44365022943,44817632574,10,-15.0376,4,8.685e+08,1,0,
71,2,55133313143,55266945735,8,-7.30733,4,8.685e+08,1,0,
71,4,55133313143,55266946442,8,-2.83842,4,8.685e+08,1,0,
369,3,46747442578,46819379408,7,1.4794,4,8.685e+08,1,0,
9,4,264609011411,264680948051,7,-4.49658,4,8.685e+08,1,0,
136,2,360678166681,360924951555,9,-9.98955,2,8.681e+08,1,0,
162,1,478923954944,479911092032,11,-8.29344,2,8.681e+08,1,0,
162,4,478923954944,479911092124,11,2.77014,2,8.681e+08,1,0,
306,1,321092997991,321339782853,9,-11.0914,4,8.685e+08,1,0,
306,3,321092997991,321339783978,9,-7.29101,4,8.685e+08,1,0,
138,2,323267493863,323401126855,8,5.12042,4,8.685e+08,1,0,
138,3,323267493863,323401126452,8,0.0323952,4,8.685e+08,1,0,
271,1,1248081385272,1248328170227,9,-9.84067,4,8.683e+08,1,0,
271,2,1248081385272,1248328171288,9,10.8159,4,8.683e+08,1,0,
376,1,572048809577,572501420028,10,21.8467,2,8.681e+08,1,0,
376,3,572048809577,572501418994,10,-1.70479,2,8.681e+08,1,0,
376,4,572048809577,572501419881,10,-6.84436,2,8.681e+08,1,0,
48,3,1829186894167,1829639504093,10,-10.2722,4,8.685e+08,1,0,
66,1,45897976800,45969914584,7,-1.56419,4,8.685e+08,1,0,
66,4,45897976800,45969914291,7,-0.943343,4,8.685e+08,1,0,
372,3,48004859878,48138492849,8,0.546281,4,8.685e+08,1,0,
374,4,423559819455,424546957959,11,-13.4832,4,8.681e+08,1,0,
341,1,287163095309,287296728262,8,-1.55543,4,8.685e+08,1,0,
341,3,287163095309,287296727861,8,-5.43329,4,8.685e+08,1,0,
307,1,650034949323,650106885657,7,7.71835,4,8.681e+08,1,0,
307,2,650034949323,650106886673,7,10.9757,4,8.681e+08,0,1,
307,3,650034949323,650106886226,7,10.9757,4,8.681e+08,1,0,
112,1,694469897844,696280332533,12,0,4,8.685e+08,0,1,
62,1,547487164565,547939774508,10,-1.96373,2,8.681e+08,1,0,
62,2,547487164565,547939773166,10,0,2,8.681e+08,0,1,
62,4,547487164565,547939773622,10,-0.069152,2,8.681e+08,1,0,
332,1,2013413193960,2013865803730,10,-13.1094,2,8.683e+08,1,0,
332,3,2013413193960,2013865802684,10,-15.2794,2,8.683e+08,1,0,
332,4,2013413193960,2013865803783,10,-10.6689,2,8.683e+08,1,0,
26,3,361115972005,361362757505,9,4.66308,2,8.681e+08,1,0,
26,4,361115972005,361362758212,9,0.327897,2,8.681e+08,1,0,
63,1,362996795487,363243580302,9,-7.97264,4,8.681e+08,1,0,
63,3,362996795487,363243580094,9,-11.4089,4,8.681e+08,1,0,
327,2,365434715901,365506652726,7,0,4,8.681e+08,0,1,
327,4,365434715901,365506653213,7,-2.52306,4,8.681e+08,1,0,
74,1,1838685496039,1838757432734,7,14.8336,4,8.685e+08,1,0,
74,2,1838685496039,1838757433297,7,-6.65149,4,8.685e+08,1,0,
205,1,625049162707,625121098806,7,6.59384,4,8.681e+08,1,0,
205,2,625049162707,625121100405,7,-7.57118,4,8.681e+08,1,0,
205,3,625049162707,625121099842,7,-9.36937,4,8.681e+08,1,0,
289,1,382593599485,384404032405,12,-4.34642,4,8.681e+08,1,0,
289,2,382593599485,384404033845,12,-12.5827,4,8.681e+08,1,0,
289,3,382593599485,384404032906,12,-21.778,4,8.681e+08,1,0,
289,4,382593599485,384404033582,12,-18.1447,4,8.681e+08,1,0,
271,1,356529394959,356776179914,9,-3.05427,4,8.685e+08,1,0,
271,3,356529394959,356776179911,9,-10.9791,4,8.685e+08,1,0,
329,3,359908153448,360895290680,11,15.3603,4,8.685e+08,1,0,
21,1,1159959301005,1160411911294,10,-10.3413,4,8.685e+08,1,0,
21,2,1159959301005,1160411909919,10,0.373185,4,8.685e+08,1,0,
21,3,1159959301005,1160411910326,10,-1.14149,4,8.685e+08,1,0,
186,2,2869139869317,2869386653846,9,2.11954,4,8.683e+08,1,0,
186,4,2869139869317,2869386653996,9,-4.12482,4,8.683e+08,1,0,
81,4,1336619633275,1336753267100,8,9.60858,4,8.685e+08,1,0,
75,2,3386171343827,3386243280170,7,-5.54428,2,8.683e+08,1,0,
75,3,3386171343827,3386243281254,7,7.79768,2,8.683e+08,1,0,
72,1,48307981782,48379918137,7,-4.52315,4,8.685e+08,1,0,
311,1,1144269251912,1144516038079,9,-9.96527,4,8.685e+08,1,0,
311,3,1144269251912,1144516038230,9,-11.6425,4,8.685e+08,1,0,
311,4,1144269251912,1144516036925,9,-8.8698,4,8.685e+08,1,0,
308,1,1575731154842,1575803092446,7,-8.63528,4,8.685e+08,0,1,
308,2,1575731154842,1575803090993,7,4.26408,4,8.685e+08,1,0,
308,3,1575731154842,1575803092076,7,-8.63528,4,8.685e+08,1,0,
308,4,1575731154842,1575803091879,7,-0.603728,4,8.685e+08,1,0,
374,2,2072934666591,2073921805037,11,-7.55298,4,8.683e+08,0,1,
374,3,2072934666591,2073921803900,11,-7.55298,4,8.683e+08,1,0,
367,2,571206107452,571339739975,8,9.40852,2,8.681e+08,1,0,
367,3,571206107452,571339740285,8,-7.78699,2,8.681e+08,1,0,
367,4,571206107452,571339741009,8,-10.3838,2,8.681e+08,1,0,
127,1,1325459430740,1325706215729,9,5.41757,4,8.681e+08,1,0,
384,1,1320082599076,1321893032643,12,-0.660674,2,8.685e+08,1,0,
308,2,333679525625,333751461776,7,-1.0061,4,8.681e+08,1,0,
308,4,333679525625,333751462662,7,-1.0061,4,8.681e+08,0,1,
247,1,278016351160,278468961720,10,-16.8306,2,8.685e+08,1,0,
247,2,278016351160,278468960549,10,-0.573318,2,8.685e+08,1,0,
247,4,278016351160,278468960615,10,-12.528,2,8.685e+08,1,0,
394,2,574614047314,574860832210,9,0,4,8.681e+08,0,1,
394,4,574614047314,574860833344,9,6.65047,4,8.681e+08,1,0,
318,2,1810008193843,1810080130165,7,6.08324,4,8.683e+08,1,0,
318,3,1810008193843,1810080131122,7,-2.56633,4,8.683e+08,1,0,
318,4,1810008193843,1810080131340,7,-9.28763,4,8.683e+08,1,0,
392,1,2849636834271,2849770467091,8,-10.1435,4,8.685e+08,1,0,
392,3,2849636834271,2849770466715,8,0.591615,4,8.685e+08,1,0,
165,1,2614035196927,2614281981720,9,-11.3036,4,8.683e+08,1,0,
24,1,3343280925848,3344268064368,11,-17.1048,2,8.683e+08,1,0,
24,2,3343280925848,3344268063006,11,0,2,8.683e+08,0,1,
347,1,602168525725,602240462019,7,13.0728,4,8.681e+08,1,0,
347,4,602168525725,602240462928,7,13.0728,4,8.681e+08,0,1,
317,1,1281237371956,1281371004801,8,-5.45352,2,8.685e+08,1,0,
317,2,1281237371956,1281371004779,8,1.5927,2,8.685e+08,1,0,
317,3,1281237371956,1281371004796,8,5.73387,2,8.685e+08,1,0,
317,4,1281237371956,1281371004784,8,-8.59706,2,8.685e+08,1,0,
325,2,2512500593092,2514311027381,12,-22.1351,4,8.685e+08,1,0,
320,4,1597950484655,1598937621901,11,-15.4577,2,8.685e+08,1,0,
173,3,617096557662,617549168102,10,-13.8797,4,8.681e+08,1,0,
385,1,616471221577,616543158147,7,-3.31686,2,8.681e+08,1,0,
385,4,616471221577,616543158554,7,-7.39773,2,8.681e+08,1,0,
52,3,274831768715,275818907173,11,-8.89937,4,8.681e+08,1,0,
52,4,274831768715,275818906270,11,-14.0081,4,8.681e+08,1,0,
272,4,2101256577653,2102243714532,11,2.96043,4,8.683e+08,1,0,
186,2,49622072736,49868857265,9,6.03801,4,8.685e+08,1,0,
186,3,49622072736,49868858142,9,2.79668,4,8.685e+08,1,0,
165,3,51504055260,51750841105,9,-7.46606,4,8.685e+08,1,0,
165,4,51504055260,51750841071,9,0.746156,4,8.685e+08,1,0,
392,1,334696051166,334829683986,8,-10.5078,4,8.685e+08,1,0,
392,2,334696051166,334829684614,8,-9.89656,4,8.685e+08,1,0,
392,3,334696051166,334829683610,8,-7.70982,4,8.685e+08,1,0,
392,4,334696051166,334829684770,8,-7.0961,4,8.685e+08,1,0,
85,2,335862116446,335934052675,7,6.15945,4,8.685e+08,1,0,
85,3,335862116446,335934053588,7,-1.06235,4,8.685e+08,1,0,
373,3,3574290331717,3574537116679,9,-5.01218,4,8.683e+08,1,0,
103,4,3378053182284,3378299967407,9,-6.40452,4,8.681e+08,1,0,
346,1,832273093055,833260231194,11,-12.5628,4,8.681e+08,1,0,
346,2,832273093055,833260230319,11,-5.94884,4,8.681e+08,1,0,
346,4,832273093055,833260230046,11,1.29686,4,8.681e+08,1,0,
210,1,1993649169384,1993721106253,7,3.78426,4,8.683e+08,1,0,
210,4,1993649169384,1993721105696,7,4.83894,4,8.683e+08,1,0,
304,1,1981423370801,1981495307800,7,26.9732,4,8.685e+08,0,1,
304,4,1981423370801,1981495306989,7,26.9732,4,8.685e+08,1,0,
163,2,323994706727,324447316072,10,-0.527297,4,8.685e+08,1,0,
163,4,323994706727,324447317168,10,-14.7588,4,8.685e+08,1,0,
22,2,804138401271,804210338470,7,-7.44536,4,8.681e+08,1,0,
22,4,804138401271,804210337807,7,1.54999,4,8.681e+08,1,0,
92,1,272440504718,272512441110,7,11.9226,2,8.685e+08,1,0,
92,2,272440504718,272512442403,7,-8.01799,2,8.685e+08,1,0,
92,4,272440504718,272512441637,7,-6.50717,2,8.685e+08,1,0,
22,1,1595230588555,1595302525216,7,-4.78673,4,8.683e+08,1,0,
22,2,1595230588555,1595302525754,7,-7.58417,4,8.683e+08,1,0,
22,4,1595230588555,1595302525091,7,-7.37065,4,8.683e+08,1,0,
369,2,1849398376187,1849470312761,7,9.75913,4,8.685e+08,1,0,
70,2,2616594024751,2617581161710,11,-8.5516,2,8.683e+08,1,0,
70,4,2616594024751,2617581162084,11,-3.04283,2,8.683e+08,1,0,
44,1,1178642914085,1180453347431,12,-14.561,4,8.681e+08,1,0,
269,3,2002809405454,2003796543750,11,-19.296,4,8.681e+08,1,0,
269,4,2002809405454,2003796542855,11,-6.25545,4,8.681e+08,1,0,
310,1,746544667504,746616604481,7,0.997132,4,8.681e+08,1,0,
310,3,746544667504,746616603959,7,20.0878,4,8.681e+08,1,0,
87,2,1318806099125,1319258709214,10,-3.78697,4,8.685e+08,1,0,
9,4,1301709811475,1301781748115,7,13.3501,4,8.685e+08,1,0,
401,4,876451996202,876904605039,10,-10.5881,4,8.685e+08,1,0,
258,2,901803734671,901875670910,7,-7.89366,4,8.681e+08,1,0,
234,3,988770150438,989757287958,11,-18.9182,2,8.683e+08,1,0,
150,4,908719107174,908791044395,7,-0.398879,4,8.681e+08,1,0,
55,2,584412402495,584865011365,10,-3.34993,4,8.681e+08,1,0,
362,2,2363958671192,2364945808035,11,-13.7813,4,8.681e+08,1,0,
362,4,2363958671192,2364945809184,11,-3.07852,4,8.681e+08,1,0,
383,1,389542200101,389614136547,7,3.19054,4,8.685e+08,1,0,
383,2,389542200101,389614138061,7,-2.10387,4,8.685e+08,1,0,
58,2,394145447135,394217383555,7,-8.06293,4,8.681e+08,1,0,
58,3,394145447135,394217384067,7,1.89371,4,8.681e+08,1,0,
98,1,386609392561,386743025082,8,0.996354,4,8.681e+08,1,0,
243,1,1316021951827,1316474560926,10,0,2,8.685e+08,0,1,
243,2,1316021951827,1316474562310,10,0,2,8.685e+08,0,1,
403,3,1338130067033,1338263700778,8,-11.8892,4,8.681e+08,1,0,
403,4,1338130067033,1338263700217,8,0.539613,4,8.681e+08,1,0,
188,2,1349130265434,1349582874496,10,-4.41666,2,8.683e+08,1,0,
188,4,1349130265434,1349582874689,10,-8.81737,2,8.683e+08,1,0,
276,4,1337535975675,1337669608490,8,-9.17639,4,8.685e+08,1,0,
224,1,1350181822470,1350428607699,9,7.15443,4,8.685e+08,1,0,
224,2,1350181822470,1350428608234,9,-0.331832,4,8.685e+08,1,0,
146,4,1889259847836,1890246985505,11,-13.8971,2,8.683e+08,1,0,
44,3,1891740370701,1893550805217,12,-12.9151,4,8.685e+08,1,0,
44,4,1891740370701,1893550804332,12,-4.67027,4,8.685e+08,1,0,
251,1,902972103756,903044040163,7,-8.85718,4,8.681e+08,1,0,
108,2,901459765556,901706550390,9,-6.76402,4,8.685e+08,1,0,
42,2,3159680945909,3159752882261,7,-3.87756,4,8.683e+08,1,0,
304,4,744607559349,744679495537,7,23.1616,4,8.681e+08,1,0,
300,1,53522835647,53769620368,9,-2.34375,4,8.685e+08,1,0,
300,2,53522835647,53769621647,9,-4.05827,4,8.685e+08,1,0,
300,3,53522835647,53769621494,9,0.175813,4,8.685e+08,1,0,
121,2,53058828049,53305612568,9,-1.35242,4,8.685e+08,1,0,
121,4,53058828049,53305613116,9,3.78912,4,8.685e+08,1,0,
388,3,54217538293,54351172138,8,-11.4119,4,8.685e+08,1,0,
154,2,583725469875,583859104298,8,-11.7104,4,8.681e+08,1,0,
58,2,784398907981,784470844401,7,6.81863,4,8.681e+08,1,0,
238,1,1621458897354,1621705682034,9,11.6377,4,8.683e+08,1,0,
238,2,1621458897354,1621705683453,9,-0.326385,4,8.683e+08,1,0,
208,2,2829276871317,2831087304810,12,4.03394,2,8.683e+08,1,0,
368,1,2828186846165,2829173983438,11,-14.8495,4,8.683e+08,1,0,
368,4,2828186846165,2829173984415,11,-7.81982,4,8.683e+08,1,0,
205,1,2769397314596,2769469250695,7,-7.33903,4,8.683e+08,1,0,
205,3,2769397314596,2769469251731,7,-7.33903,4,8.683e+08,0,1,
82,1,779772038778,779843975770,7,-8.20038,4,8.681e+08,1,0,
82,2,779772038778,779843976145,7,6.3281,4,8.681e+08,1,0,
82,3,779772038778,779843975044,7,4.38631,4,8.681e+08,1,0,
127,2,344671060241,344917846420,9,-6.01909,4,8.685e+08,1,0,
127,3,344671060241,344917846347,9,-6.35495,4,8.685e+08,1,0,
127,4,344671060241,344917845376,9,-10.001,4,8.685e+08,1,0,
266,1,346386000523,346519633070,8,-8.05818,4,8.681e+08,1,0,
266,4,346386000523,346519633928,8,5.06575,4,8.681e+08,1,0,
44,1,343929871390,345740304736,12,0,4,8.685e+08,0,1,
44,2,343929871390,345740306069,12,-8.85321,4,8.685e+08,1,0,
44,4,343929871390,345740305021,12,3.62091,4,8.685e+08,1,0,
66,1,1092911642808,1092983580592,7,-3.28303,4,8.681e+08,1,0,
66,2,1092911642808,1092983579159,7,-8.91356,4,8.681e+08,1,0,
66,4,1092911642808,1092983580299,7,-1.33571,4,8.681e+08,1,0,
68,3,1645324062803,1645776671601,10,-7.14375,4,8.683e+08,1,0,
102,2,786227972463,786299909506,7,14.6069,2,8.681e+08,1,0,
246,2,1182653170964,1182899955590,9,0.555695,4,8.681e+08,1,0,
246,4,1182653170964,1182899956367,9,-4.75438,4,8.681e+08,1,0,
119,4,2149900448012,2149972384481,7,3.20213,4,8.685e+08,1,0,
125,1,2156250740918,2156322677200,7,0,4,8.685e+08,0,1,
125,4,2156250740918,2156322677818,7,-8.53696,4,8.685e+08,1,0,
352,3,1993435489924,1994422627147,11,6.63629,4,8.685e+08,1,0,
352,4,1993435489924,1994422628572,11,-11.6519,4,8.685e+08,1,0,
340,1,1812161898060,1812233834460,7,1.07481,4,8.683e+08,1,0,
204,2,1243455734371,1243589367323,8,-6.64038,4,8.685e+08,1,0,
204,3,1243455734371,1243589366846,8,-4.91539,4,8.685e+08,1,0,
231,1,1594570253750,1596380687434,12,-20.1631,2,8.685e+08,1,0,
231,3,1594570253750,1596380688475,12,9.01075,2,8.685e+08,1,0,
231,4,1594570253750,1596380687118,12,-12.6132,2,8.685e+08,1,0,
318,2,60102916533,60174852855,7,1.60545,4,8.685e+08,1,0,
198,2,55786904228,56774042495,11,-11.6619,4,8.685e+08,1,0,
198,3,55786904228,56774041316,11,-9.74927,4,8.685e+08,1,0,
176,2,53890970193,54137755278,9,3.99483,4,8.685e+08,1,0,
176,3,53890970193,54137756340,9,-6.56381,4,8.685e+08,1,0,
61,1,55162085871,55295718452,8,0.96898,4,8.685e+08,1,0,
223,1,516130273585,517940707148,12,-17.1959,4,8.681e+08,1,0,
223,2,516130273585,517940708347,12,-20.4127,4,8.681e+08,1,0,
348,1,885720275159,887530708813,12,-4.69881,4,8.681e+08,1,0,
348,2,885720275159,887530709635,12,-16.4122,4,8.681e+08,1,0,
119,1,68815381768,68887318828,7,-8.51628,4,8.685e+08,1,0,
119,4,68815381768,68887318237,7,17.0279,4,8.685e+08,1,0,
98,1,522588378081,522722010602,8,2.03471,4,8.685e+08,1,0,
98,4,522588378081,522722011539,8,-4.73001,4,8.685e+08,1,0,
49,2,2508937451853,2509184236726,9,-11.1324,4,8.685e+08,0,1,
49,4,2508937451853,2509184236423,9,-11.1324,4,8.685e+08,1,0,
314,3,62255537815,62327475346,7,2.54439,4,8.685e+08,1,0,
121,1,1269379759458,1269626545365,9,-0.135055,4,8.683e+08,0,1,
121,2,1269379759458,1269626543977,9,-0.135055,4,8.683e+08,1,0,
214,2,1266375776134,1266622560753,9,10.1723,4,8.681e+08,1,0,
214,3,1266375776134,1266622561780,9,-11.4053,4,8.681e+08,1,0,
240,1,59653826712,59725762896,7,-1.84131,2,8.685e+08,1,0,
191,2,1270811225082,1270944858098,8,-3.91437,4,8.685e+08,1,0,
191,4,1270811225082,1270944859198,8,-8.42201,4,8.685e+08,1,0,
26,2,1147817092387,1148063878849,9,5.40258,2,8.685e+08,1,0,
26,1,2863361492738,2863608277768,9,-4.57753,2,8.683e+08,1,0,
26,4,2863361492738,2863608278945,9,-10.462,2,8.683e+08,1,0,
220,1,2856249131064,2856321068075,7,-7.34363,4,8.681e+08,1,0,
220,3,2856249131064,2856321067641,7,-6.96605,4,8.681e+08,1,0,
141,3,2862163850547,2863150988260,11,0,4,8.685e+08,0,1,
286,1,323636348811,323883135287,9,-0.952224,4,8.681e+08,1,0,
286,2,323636348811,323883133655,9,-1.40057,4,8.681e+08,1,0,
286,4,323636348811,323883134788,9,-10.2169,4,8.681e+08,1,0,
56,1,325192970168,326180107367,11,-18.0298,4,8.685e+08,1,0,
56,2,325192970168,326180108634,11,-16.4334,4,8.685e+08,0,1,
56,4,325192970168,326180107578,11,-16.4334,4,8.685e+08,1,0,
377,3,327741645209,328194253915,10,7.23225,4,8.681e+08,1,0,
222,1,613029268784,613101204961,7,5.31899,4,8.681e+08,1,0,
222,4,613029268784,613101205855,7,-4.80138,4,8.681e+08,1,0,
308,1,802897864878,802969802482,7,-0.0150749,4,8.685e+08,1,0,
308,2,802897864878,802969801029,7,34.6692,4,8.685e+08,1,0,
308,4,802897864878,802969801915,7,-5.79588,4,8.685e+08,1,0,
33,4,570383252792,570630037441,9,4.87557,4,8.681e+08,1,0,
294,1,545627398577,545761032139,8,-7.85974,2,8.681e+08,1,0,
294,4,545627398577,545761031214,8,1.56227,2,8.681e+08,1,0,
141,1,894559228846,895546367365,11,-16.8733,4,8.685e+08,1,0,
141,2,894559228846,895546365755,11,0,4,8.685e+08,0,1,
171,1,896143905946,896277540031,8,-2.28075,4,8.683e+08,1,0,
171,2,896143905946,896277538850,8,0.0536507,4,8.683e+08,1,0,
247,2,893978308882,894430918271,10,-10.2906,2,8.685e+08,1,0,
247,4,893978308882,894430918337,10,2.43231,2,8.685e+08,1,0,
342,3,1794236206867,1794369839963,8,-0.943755,4,8.681e+08,1,0,
146,3,1115352874992,1116340013531,11,-17.5732,2,8.685e+08,1,0,
146,4,1115352874992,1116340012661,11,0,2,8.685e+08,0,1,
146,2,2086687047856,2087674185223,11,-19.0465,2,8.683e+08,1,0,
146,3,2086687047856,2087674186395,11,-9.19723,2,8.683e+08,0,1,
146,4,2086687047856,2087674185525,11,-9.19723,2,8.683e+08,1,0,
340,3,2063884410849,2063956348409,7,7.18352,4,8.683e+08,1,0,
210,1,1871856146708,1871928083577,7,-5.0276,4,8.681e+08,1,0,
210,4,1871856146708,1871928083020,7,0,4,8.681e+08,0,1,
328,1,1881811026294,1882798163401,11,-17.5004,4,8.685e+08,1,0,
328,2,1881811026294,1882798164849,11,-17.804,4,8.685e+08,0,1,
328,4,1881811026294,1882798164580,11,-17.804,4,8.685e+08,1,0,
318,4,2059420992086,2059492929583,7,-1.11072,4,8.681e+08,1,0,
37,2,2216608892820,2216742525784,8,-11.5602,2,8.683e+08,1,0,
394,1,356234861234,356481647389,9,-10.7471,4,8.685e+08,1,0,
394,2,356234861234,356481646130,9,-2.07159,4,8.685e+08,1,0,
394,3,356234861234,356481646386,9,-7.58838,4,8.685e+08,1,0,
188,2,1205146240844,1205598849906,10,-15.374,2,8.685e+08,1,0,
245,1,1101548024665,1103358459196,12,0,4,8.681e+08,0,1,
245,3,1101548024665,1103358459385,12,-18.752,4,8.681e+08,1,0,
245,4,1101548024665,1103358458022,12,0,4,8.681e+08,0,1,
73,2,1826618895335,1827606033710,11,-11.2315,2,8.685e+08,1,0,
73,4,1826618895335,1827606033881,11,-13.1299,2,8.685e+08,1,0,
154,1,860639764402,860773397157,8,0,4,8.685e+08,0,1,
357,2,863796324902,864248934408,10,-0.845534,2,8.681e+08,1,0,
223,1,1174404588457,1176215022020,12,-20.5115,4,8.685e+08,1,0,
223,2,1174404588457,1176215023219,12,-21.9375,4,8.685e+08,0,1,
223,3,1174404588457,1176215023168,12,-21.9375,4,8.685e+08,1,0,
388,1,2633597272277,2633730904974,8,-9.74908,4,8.683e+08,1,0,
398,1,2639888262006,2640135046808,9,-12.8209,2,8.683e+08,1,0,
398,2,2639888262006,2640135048250,9,-10.3145,2,8.683e+08,1,0,
398,3,2639888262006,2640135047982,9,-9.76971,2,8.683e+08,1,0,
150,1,60736447888,60808384801,7,-4.04472,4,8.681e+08,1,0,
290,4,57126695943,57373481138,9,-11.95,4,8.685e+08,1,0,
256,2,62492304211,62564240561,7,7.2346,4,8.685e+08,1,0,
256,4,62492304211,62564241041,7,4.02825,4,8.685e+08,1,0,
159,2,57391737853,57525370497,8,-0.750335,4,8.685e+08,1,0,
365,1,830601196550,830673132751,7,-9.12851,2,8.685e+08,1,0,
49,4,333978232124,334225016694,9,0,4,8.681e+08,0,1,
173,2,330794373506,331246982830,10,-15.4669,4,8.681e+08,1,0,
173,3,330794373506,331246983946,10,-5.75012,4,8.681e+08,1,0,
173,4,330794373506,331246982839,10,-15.8261,4,8.681e+08,1,0,
142,1,335091369391,335163305881,7,2.96582,4,8.681e+08,1,0,
142,2,335091369391,335163306677,7,-1.89836,4,8.681e+08,1,0,
142,3,335091369391,335163306572,7,-3.11311,4,8.681e+08,1,0,
142,4,335091369391,335163306098,7,9.39263,4,8.681e+08,1,0,
309,1,2113011609860,2113464219444,10,-5.01453,4,8.683e+08,1,0,
309,2,2113011609860,2113464219716,10,-12.2949,4,8.683e+08,1,0,
309,4,2113011609860,2113464220195,10,-9.69691,4,8.683e+08,1,0,
66,2,1251550952802,1251622889153,7,9.5181,4,8.681e+08,1,0,
66,3,1251550952802,1251622889843,7,9.5181,4,8.681e+08,0,1,
278,2,805823222600,805956856253,8,-2.90176,4,8.685e+08,1,0,
278,4,805823222600,805956855081,8,8.21851,4,8.685e+08,1,0,
109,4,351942032940,352013970133,7,-4.35796,2,8.685e+08,1,0,
230,1,362501497397,362573435096,7,20.8976,4,8.681e+08,0,1,
230,2,362501497397,362573433428,7,20.8976,4,8.681e+08,1,0,
230,3,362501497397,362573434601,7,20.8976,4,8.681e+08,0,1,
354,2,1626019672500,1626153305281,8,1.69022,2,8.683e+08,1,0,
354,3,1626019672500,1626153305242,8,6.6134,2,8.683e+08,1,0,
354,4,1626019672500,1626153305430,8,-7.79095,2,8.683e+08,1,0,
273,1,2638660761839,2638732698182,7,1.90556,4,8.683e+08,1,0,
47,1,65220578286,65292514450,7,3.06601,4,8.685e+08,1,0,
107,4,72426968754,72673753527,9,0,2,8.685e+08,0,1,
378,1,77362850069,77434786969,7,-9.40146,4,8.685e+08,1,0,
378,3,77362850069,77434786349,7,0,4,8.685e+08,0,1,
183,2,1872719876621,1873707014196,11,-11.6249,4,8.683e+08,1,0,
183,4,1872719876621,1873707015358,11,-8.02095,4,8.683e+08,1,0,
317,2,3340862129917,3340995762740,8,10.9759,2,8.681e+08,1,0,
317,3,3340862129917,3340995762757,8,-8.15736,2,8.681e+08,1,0,
14,1,784780218751,784852154875,7,-8.9901,4,8.685e+08,1,0,
134,1,300205059834,300276996024,7,11.2621,2,8.685e+08,1,0,
134,4,300205059834,300276996890,7,-0.801192,2,8.685e+08,1,0,
49,2,546259772582,546506557455,9,-13.0134,4,8.681e+08,1,0,
49,4,546259772582,546506557152,9,1.81371,4,8.681e+08,1,0,
344,1,297640272368,297773905352,8,-7.97093,4,8.681e+08,1,0,
292,1,2412276055092,2412728665505,10,-7.90341,2,8.685e+08,1,0,
292,2,2412276055092,2412728664214,10,-7.99393,2,8.685e+08,1,0,
195,1,2641203021450,2643013454975,12,4.35821,2,8.683e+08,1,0,
195,4,2641203021450,2643013456009,12,-15.3392,2,8.683e+08,1,0,
221,1,2058258542065,2059245679487,11,-10.6828,4,8.681e+08,1,0,
221,3,2058258542065,2059245680411,11,-3.05687,4,8.681e+08,1,0,
221,4,2058258542065,2059245678954,11,-8.29417,4,8.681e+08,1,0,
123,3,315906115008,316039748185,8,-7.84578,2,8.681e+08,1,0,
42,2,318105971338,318177907690,7,-2.36612,4,8.681e+08,1,0,
279,1,1632082445415,1632154382092,7,0.865907,4,8.681e+08,1,0,
279,2,1632082445415,1632154382457,7,1.3225,4,8.681e+08,1,0,
61,1,886982838712,887116471293,8,-6.99728,4,8.681e+08,1,0,
61,2,886982838712,887116472576,8,-6.3522,4,8.681e+08,1,0,
34,2,1805671093383,1806123702402,10,-0.554366,4,8.685e+08,1,0,
34,3,1805671093383,1806123703503,10,-8.93991,4,8.685e+08,1,0,
34,4,1805671093383,1806123702479,10,-7.59573,4,8.685e+08,1,0,
45,1,1309519122971,1309652756065,8,-6.98984,4,8.683e+08,1,0,
45,2,1309519122971,1309652755788,8,0.1559,4,8.683e+08,1,0,
45,3,1309519122971,1309652755377,8,-1.80232,4,8.683e+08,1,0,
45,4,1309519122971,1309652756274,8,-6.31067,4,8.683e+08,1,0,
171,3,1310016958650,1310150591709,8,-3.02083,4,8.685e+08,1,0,
141,2,2116729602715,2117716739624,11,-7.73419,4,8.683e+08,1,0,
141,4,2116729602715,2117716740773,11,-18.1334,4,8.683e+08,1,0,
128,2,2104174059697,2104307692570,8,2.41402,4,8.683e+08,1,0,
128,4,2104174059697,2104307692568,8,0,4,8.683e+08,0,1,
161,2,2120500842378,2120572779361,7,-5.30817,4,8.681e+08,1,0,
161,3,2120500842378,2120572778883,7,20.3262,4,8.681e+08,1,0,
189,4,1868948534892,1869401143998,10,-8.61673,4,8.685e+08,1,0,
334,3,1805704087075,1806156695821,10,-11.4799,4,8.683e+08,1,0,
25,1,2595983325541,2596055262961,7,-3.95215,4,8.683e+08,1,0,
25,2,2595983325541,2596055261809,7,8.46147,4,8.683e+08,1,0,
25,3,2595983325541,2596055262484,7,7.79266,4,8.683e+08,1,0,
361,2,2208679979651,2208751915844,7,29.5125,4,8.685e+08,1,0,
361,4,2208679979651,2208751916783,7,-7.34225,4,8.685e+08,1,0,
73,1,1925332495345,1926319632862,11,-16.05,2,8.683e+08,1,0,
73,3,1925332495345,1926319632552,11,-13.2442,2,8.683e+08,1,0,
73,4,1925332495345,1926319633891,11,-16.05,2,8.683e+08,0,1,
344,1,1149822515513,1149956148497,8,-6.59045,4,8.683e+08,0,1,
344,2,1149822515513,1149956148205,8,-5.14177,4,8.683e+08,1,0,
344,3,1149822515513,1149956148279,8,-6.59045,4,8.683e+08,1,0,
237,1,1380233926390,1380305862784,7,-6.81152,4,8.683e+08,1,0,
379,1,1385984783802,1386971921679,11,-12.4552,4,8.683e+08,1,0,
379,2,1385984783802,1386971921308,11,-0.221221,4,8.683e+08,1,0,
379,3,1385984783802,1386971920511,11,-3.99927,4,8.683e+08,1,0,
373,3,2566376472816,2566623257778,9,16.8904,4,8.683e+08,1,0,
269,4,2121018818488,2122005955889,11,0,4,8.685e+08,0,1,
12,4,1305274944996,1305727553766,10,4.03604,4,8.681e+08,1,0,
356,3,1291261646351,1291333582630,7,12.0317,2,8.685e+08,1,0,
240,1,1288564231924,1288636168108,7,22.9068,2,8.683e+08,1,0,
240,3,1288564231924,1288636169223,7,-2.12356,2,8.683e+08,1,0,
387,2,565287838641,565359774822,7,5.09882,4,8.681e+08,1,0,
276,4,1871161825326,1871295458141,8,-8.95021,4,8.681e+08,1,0,
178,3,1859182075228,1859254011428,7,1.10864,4,8.685e+08,1,0,
215,3,559973461171,560045397228,7,0,4,8.681e+08,0,1,
215,4,559973461171,560045398786,7,0,4,8.681e+08,0,1,
217,1,324758959308,326569393769,12,-20.1385,4,8.685e+08,1,0,
217,2,324758959308,326569392525,12,0,4,8.685e+08,0,1,
217,4,324758959308,326569393672,12,-9.37315,4,8.685e+08,1,0,
293,2,287528435136,287600371829,7,-3.84451,4,8.681e+08,1,0,
293,3,287528435136,287600372448,7,9.08115,4,8.681e+08,1,0,
192,2,571441164465,571893773403,10,-3.01923,4,8.681e+08,1,0,
192,4,571441164465,571893774554,10,-13.6299,4,8.681e+08,1,0,
136,2,275443799275,275690584149,9,-4.46739,2,8.685e+08,1,0,
136,4,275443799275,275690584458,9,-10.2331,2,8.685e+08,1,0,
317,4,2046494316030,2046627948858,8,-6.01935,2,8.683e+08,1,0,
14,1,333714580662,333786516786,7,10.9695,4,8.681e+08,1,0,
14,2,333714580662,333786518453,7,-0.545364,4,8.681e+08,1,0,
40,3,343299740415,345110173605,12,0,4,8.685e+08,0,1,
314,2,2597528826411,2597600764111,7,-2.84456,4,8.681e+08,1,0,
314,3,2597528826411,2597600763942,7,-3.4413,4,8.681e+08,1,0,
314,4,2597528826411,2597600763289,7,0,4,8.681e+08,0,1,
283,4,3411633354863,3411766987680,8,0,4,8.685e+08,0,1,
262,2,1628669088500,1628741024846,7,-3.3418,4,8.685e+08,1,0,
262,3,1628669088500,1628741025930,7,-5.66672,4,8.685e+08,1,0,
344,2,327197538801,327331171493,8,-0.722243,4,8.685e+08,1,0,
344,4,327197538801,327331171729,8,-9.47002,4,8.685e+08,1,0,
63,1,655805612438,656052397253,9,16.8233,4,8.685e+08,1,0,
63,3,655805612438,656052397045,9,-1.0762,4,8.685e+08,1,0,
63,4,655805612438,656052398163,9,-7.51775,4,8.685e+08,1,0,
125,1,660722888956,660794825238,7,7.78508,4,8.681e+08,1,0,
125,2,660722888956,660794826414,7,-4.58839,4,8.681e+08,1,0,
125,3,660722888956,660794826137,7,4.05248,4,8.681e+08,1,0,
125,4,660722888956,660794825856,7,-3.52246,4,8.681e+08,1,0,
233,1,653709989566,653781926770,7,0.700364,4,8.685e+08,0,1,
233,3,653709989566,653781926221,7,0.700364,4,8.685e+08,1,0,
209,2,3397064692091,3397136628909,7,-3.25775,4,8.681e+08,1,0,
356,2,3399531396835,3399603334287,7,8.60404,2,8.683e+08,0,1,
356,3,3399531396835,3399603333114,7,8.60404,2,8.683e+08,1,0,
356,4,3399531396835,3399603334746,7,8.60404,2,8.683e+08,0,1,
224,2,69306880081,69553665845,9,-10.7134,4,8.685e+08,1,0,
224,4,69306880081,69553664671,9,3.35852,4,8.685e+08,1,0,
121,2,77737228059,77984012578,9,-5.79594,4,8.681e+08,1,0,
121,3,77737228059,77984013723,9,-8.73793,4,8.681e+08,1,0,
204,2,69361815077,69495448029,8,-7.96034,4,8.685e+08,1,0,
204,3,69361815077,69495447552,8,-0.445571,4,8.685e+08,1,0,
339,3,67391639673,67638425200,9,-3.19476,4,8.685e+08,1,0,
5,1,67919250915,68052884563,8,-11.6461,4,8.685e+08,1,0,
5,2,67919250915,68052884268,8,-6.65637,4,8.685e+08,1,0,
5,3,67919250915,68052883390,8,9.68472,4,8.685e+08,1,0,
239,2,755593386378,755727019044,8,-8.97009,4,8.685e+08,1,0,
233,3,1174143568647,1174215505302,7,-3.80762,4,8.683e+08,1,0,
309,1,746884613627,747337223211,10,-11.9378,4,8.685e+08,1,0,
309,2,746884613627,747337223483,10,-6.93156,4,8.685e+08,1,0,
258,3,2560215526070,2560287463403,7,3.39848,4,8.685e+08,1,0,
258,4,2560215526070,2560287463066,7,7.17162,4,8.685e+08,1,0,
222,1,3323402256316,3323474192493,7,8.89213,4,8.685e+08,1,0,
365,1,2026120707111,2026192643312,7,7.59298,2,8.683e+08,1,0,
365,3,2026120707111,2026192644405,7,-4.30667,2,8.683e+08,1,0,
365,4,2026120707111,2026192644123,7,9.30187,2,8.683e+08,1,0,
272,1,1600738888574,1601726026282,11,0,4,8.681e+08,0,1,
272,2,1600738888574,1601726026598,11,-8.39053,4,8.681e+08,1,0,
272,4,1600738888574,1601726025453,11,0,4,8.681e+08,0,1,
83,2,268912501823,268984439600,7,-6.02231,4,8.685e+08,1,0,
83,3,268912501823,268984438817,7,4.79144,4,8.685e+08,1,0,
79,4,1850082670559,1850216303011,8,-2.40887,2,8.683e+08,1,0,
241,3,69973933258,70045871339,7,-7.83687,4,8.685e+08,1,0,
307,1,86977399404,87049335738,7,9.39066,4,8.685e+08,1,0,
233,1,73883127358,73955064562,7,-7.9585,4,8.685e+08,1,0,
167,2,69907741365,69979678156,7,-8.34032,4,8.685e+08,1,0,
347,1,75529088972,75601025266,7,2.98544,4,8.685e+08,1,0,
347,2,75529088972,75601026851,7,-5.83911,4,8.685e+08,1,0,
379,1,3411320258747,3412307396624,11,9.94942,4,8.683e+08,1,0,
379,3,3411320258747,3412307395456,11,-12.4879,4,8.683e+08,1,0,
291,3,2359214353675,2359286289764,7,16.9965,4,8.685e+08,1,0,
311,2,518367155119,518613940424,9,-9.38899,4,8.681e+08,1,0,
311,4,518367155119,518613940132,9,-14.0745,4,8.681e+08,1,0,
324,2,2845963872013,2846416482404,10,-5.32614,4,8.683e+08,1,0,
344,1,2849434656985,2849568289969,8,-0.490142,4,8.683e+08,1,0,
344,4,2849434656985,2849568289913,8,-10.3131,4,8.683e+08,1,0,
333,2,2899384521216,2901194956054,12,-13.2069,4,8.685e+08,1,0,
333,3,2899384521216,2901194954937,12,-8.8239,4,8.685e+08,1,0,
306,1,2901061632036,2901308416898,9,1.9474,4,8.685e+08,1,0,
9,4,2896294823314,2896366759954,7,-0.105773,4,8.685e+08,1,0,
109,1,2897195150343,2897267086819,7,4.16211,2,8.683e+08,1,0,
109,3,2897195150343,2897267087058,7,24.6774,2,8.683e+08,1,0,
109,4,2897195150343,2897267087536,7,1.75781,2,8.683e+08,1,0,
356,3,2908479424445,2908551360724,7,-3.61752,2,8.683e+08,1,0,
356,4,2908479424445,2908551362356,7,-4.49733,2,8.683e+08,1,0,
203,3,1887154549054,1888964983676,12,-20.9297,4,8.683e+08,1,0,
203,4,1887154549054,1888964982534,12,-11.3673,4,8.683e+08,1,0,
294,4,2627894245232,2628027877869,8,0,2,8.683e+08,0,1,
254,1,591903790504,592356399619,10,-12.5329,4,8.685e+08,1,0,
254,4,591903790504,592356399364,10,-8.9247,4,8.685e+08,1,0,
269,1,2376033423388,2377020561825,11,-10.0411,4,8.683e+08,1,0,
269,2,2376033423388,2377020560527,11,3.16953,4,8.683e+08,1,0,
269,4,2376033423388,2377020560789,11,-8.02716,4,8.683e+08,1,0,
404,2,74011407279,74083343619,7,1.47896,2,8.685e+08,1,0,
100,2,2537753287527,2538000073893,9,-12.0123,4,8.683e+08,0,1,
100,3,2537753287527,2538000073798,9,-12.0123,4,8.683e+08,1,0,
335,2,1261225816507,1261297752874,7,-3.59978,4,8.685e+08,1,0,
335,4,1261225816507,1261297753929,7,-5.17979,4,8.685e+08,1,0,
323,1,541029059639,541162692166,8,-1.35355,4,8.681e+08,1,0,
323,3,541029059639,541162692318,8,1.36655,4,8.681e+08,1,0,
244,1,562125304761,562197241200,7,-7.11787,2,8.685e+08,1,0,
244,2,562125304761,562197242788,7,5.3136,2,8.685e+08,1,0,
206,4,1799684443324,1799818077181,8,-10.777,4,8.683e+08,1,0,
192,2,782630621653,783083230591,10,0,4,8.681e+08,0,1,
166,1,374749603138,374821539600,7,9.656,4,8.681e+08,1,0,
166,3,374749603138,374821540692,7,4.41086,4,8.681e+08,1,0,
276,1,586244892468,586378524917,8,6.87107,4,8.681e+08,1,0,
276,2,586244892468,586378526070,8,6.87107,4,8.681e+08,0,1,
276,4,586244892468,586378525283,8,6.87107,4,8.681e+08,0,1,
289,3,585369436187,587179869608,12,-9.07103,4,8.681e+08,1,0,
289,4,585369436187,587179870284,12,-9.07103,4,8.681e+08,0,1,
49,2,2803225879030,2803472663903,9,-0.714812,4,8.683e+08,1,0,
49,4,2803225879030,2803472663600,9,8.3167,4,8.683e+08,1,0,
316,1,336879536545,337013170236,8,-10.0221,2,8.685e+08,1,0,
316,2,336879536545,337013169965,8,-11.86,2,8.685e+08,1,0,
328,1,1195104587867,1196091724974,11,0,4,8.681e+08,0,1,
328,3,1195104587867,1196091725457,11,-5.16145,4,8.681e+08,1,0,
102,3,2407449809634,2407521746162,7,-9.43588,2,8.683e+08,1,0,
102,4,2407449809634,2407521747526,7,-7.48904,2,8.683e+08,1,0,
79,1,398687585088,398821218330,8,-8.82942,2,8.681e+08,1,0,
79,2,398687585088,398821217816,8,-1.02266,2,8.681e+08,1,0,
79,3,398687585088,398821218455,8,-6.57835,2,8.681e+08,1,0,
79,4,398687585088,398821217540,8,1.81822,2,8.681e+08,1,0,
159,1,391952012204,392085645326,8,-3.91508,4,8.681e+08,0,1,
159,3,391952012204,392085645345,8,7.05183,4,8.681e+08,1,0,
159,4,391952012204,392085644814,8,-3.91508,4,8.681e+08,1,0,
226,1,613806095506,613878031733,7,31.1309,2,8.681e+08,1,0,
226,4,613806095506,613878032845,7,-0.971099,2,8.681e+08,1,0,
303,4,613755908059,613889541676,8,-0.288329,4,8.681e+08,1,0,
278,4,1113017495033,1113151127514,8,-6.53664,4,8.683e+08,1,0,
211,1,1294494612214,1294628244886,8,0.299851,4,8.685e+08,1,0,
211,2,1294494612214,1294628245433,8,-9.308,4,8.685e+08,1,0,
211,4,1294494612214,1294628244731,8,-4.27846,4,8.685e+08,1,0,
199,1,366867951606,367114736538,9,-9.32127,2,8.681e+08,1,0,
199,2,366867951606,367114737327,9,-9.84044,2,8.681e+08,1,0,
199,4,366867951606,367114736238,9,8.14947,2,8.681e+08,1,0,
30,3,384487670374,384734456562,9,-4.05325,4,8.685e+08,1,0,
383,1,370467269689,370539206135,7,9.01888,4,8.681e+08,1,0,
383,2,370467269689,370539207649,7,-5.9539,4,8.681e+08,1,0,
383,4,370467269689,370539207310,7,2.98334,4,8.681e+08,1,0,
20,2,375935318440,376182103740,9,-13.7201,4,8.681e+08,1,0,
20,3,375935318440,376182103584,9,0,4,8.681e+08,0,1,
350,1,2070415666179,2071402803299,11,2.65094,2,8.683e+08,1,0,
350,2,2070415666179,2071402804503,11,-11.5833,2,8.683e+08,1,0,
350,3,2070415666179,2071402803439,11,2.65094,2,8.683e+08,0,1,
350,4,2070415666179,2071402804430,11,-4.20305,2,8.683e+08,1,0,
291,3,1831595473544,1831667409633,7,29.4021,4,8.685e+08,1,0,
295,3,1141857208641,1141990841193,8,0,4,8.683e+08,0,1,
120,1,808517187119,808763971842,9,-10.4735,2,8.681e+08,1,0,
120,2,808517187119,808763973503,9,15.7347,2,8.681e+08,1,0,
120,4,808517187119,808763972825,9,-3.32138,2,8.681e+08,1,0,
313,1,2848079938662,2849067076289,11,-7.537,4,8.681e+08,1,0,
153,1,756528130555,756980740552,10,1.16428,4,8.681e+08,1,0,
153,4,756528130555,756980739518,10,6.98084,4,8.681e+08,1,0,
393,1,876864204382,876936140910,7,-8.69014,2,8.681e+08,1,0,
393,3,876864204382,876936141309,7,-2.17093,2,8.681e+08,1,0,
393,4,876864204382,876936141233,7,-4.18756,2,8.681e+08,1,0,
257,3,2661440820758,2661512757313,7,-1.82918,4,8.683e+08,1,0,
257,4,2661440820758,2661512758529,7,-4.00943,4,8.683e+08,1,0,
371,4,2666747793523,2666881426518,8,-10.4286,4,8.683e+08,1,0,
315,3,1178992276058,1179125908748,8,-6.58528,4,8.685e+08,1,0,
307,1,2773360866219,2773432802553,7,6.46138,4,8.685e+08,1,0,
317,1,2600564594274,2600698227119,8,-10.0592,2,8.683e+08,1,0,
317,4,2600564594274,2600698227102,8,2.27554,2,8.683e+08,1,0,
247,4,519784329064,520236938519,10,-14.0812,2,8.681e+08,1,0,
117,1,79270621031,79342558522,7,-8.58629,4,8.681e+08,1,0,
250,2,74401325554,74473262146,7,-8.29674,4,8.685e+08,1,0,
250,3,74401325554,74473262142,7,5.52824,4,8.685e+08,1,0,
226,1,74955151368,75027087595,7,0,2,8.685e+08,0,1,
374,2,324846219445,325833357891,11,0,4,8.681e+08,0,1,
185,1,91138668609,91591277541,10,-2.80885,2,8.685e+08,1,0,
185,3,91138668609,91591278720,10,-8.56282,2,8.685e+08,1,0,
247,4,2102046867390,2102499476845,10,12.2148,2,8.683e+08,1,0,
41,3,2097157966961,2097229903167,7,20.0073,4,8.685e+08,1,0,
237,1,1295466318733,1295538255127,7,2.90108,4,8.685e+08,1,0,
237,4,1295466318733,1295538255730,7,2.35768,4,8.685e+08,1,0,
53,2,377657055394,377790689010,8,5.63981,2,8.681e+08,1,0,
53,4,377657055394,377790688148,8,-6.99528,2,8.681e+08,1,0,
365,1,372104100905,372176037106,7,6.01436,2,8.681e+08,1,0,
142,2,1699523554445,1699595491731,7,3.20133,4,8.683e+08,1,0,
142,4,1699523554445,1699595491152,7,-8.86471,4,8.683e+08,1,0,
29,2,2476118628902,2477105766237,11,-3.72673,4,8.683e+08,1,0,
160,1,1679100723824,1679172660274,7,-1.27992,2,8.683e+08,1,0,
160,3,1679100723824,1679172660716,7,10.1955,2,8.683e+08,1,0,
41,1,847747432150,847819369127,7,4.0191,4,8.681e+08,1,0,
41,2,847747432150,847819369313,7,22.0808,4,8.681e+08,1,0,
41,3,847747432150,847819368356,7,26.6895,4,8.681e+08,1,0,
219,1,1109697386800,1110149995497,10,3.75445,4,8.681e+08,1,0,
244,1,1119521964352,1119593900791,7,6.78906,4,8.681e+08,1,0,
244,3,1119521964352,1119593901969,7,-4.4686,4,8.681e+08,1,0,
244,4,1119521964352,1119593901650,7,3.26657,4,8.681e+08,1,0,
188,1,2120793666775,2121246277075,10,-7.02936,2,8.683e+08,1,0,
188,2,2120793666775,2121246275837,10,-10.4726,2,8.683e+08,1,0,
188,4,2120793666775,2121246276030,10,-10.4726,2,8.683e+08,0,1,
200,1,276754499100,276826435389,7,3.15633,4,8.681e+08,1,0,
200,3,276754499100,276826436513,7,0.381196,4,8.681e+08,1,0,
389,3,411719694688,411966479668,9,-14.1643,4,8.681e+08,1,0,
315,3,411674473255,411808105945,8,1.9019,4,8.681e+08,1,0,
184,1,411431245739,411564878517,8,0,4,8.681e+08,0,1,
184,2,411431245739,411564880005,8,-3.70451,4,8.681e+08,1,0,
333,3,412328584819,414139018540,12,0,4,8.681e+08,0,1,
366,1,1108987898505,1109975035904,11,-16.6933,4,8.685e+08,1,0,
151,3,1254996900259,1255130532803,8,-3.5565,4,8.683e+08,1,0,
151,4,1254996900259,1255130534168,8,-3.15242,4,8.683e+08,1,0,
18,4,3140585690780,3140832475576,9,-11.2592,4,8.685e+08,1,0,
257,1,1401244368577,1401316305470,7,7.24671,4,8.685e+08,1,0,
393,1,1250479558452,1250551494980,7,-2.91692,2,8.685e+08,1,0,
393,4,1250479558452,1250551495303,7,-3.26765,2,8.685e+08,1,0,
228,2,773069510920,773203143424,8,10.1746,2,8.681e+08,1,0,
399,4,1342788410879,1344598844479,12,-18.2531,4,8.681e+08,1,0,
253,2,1084457600164,1084591232721,8,10.2763,2,8.685e+08,1,0,
253,4,1084457600164,1084591233659,8,-11.4376,2,8.685e+08,1,0,
404,2,808453878264,808525814604,7,1.0361,2,8.681e+08,1,0,
186,2,2115911401746,2116158186275,9,-5.90974,4,8.685e+08,1,0,
186,4,2115911401746,2116158186425,9,-12.4446,4,8.685e+08,1,0,
232,1,1097890703631,1098343312556,10,-9.83261,4,8.685e+08,1,0,
232,4,1097890703631,1098343312895,10,-13.4023,4,8.685e+08,1,0,
359,1,2119900971577,2119972908413,7,3.96945,2,8.685e+08,1,0,
359,3,2119900971577,2119972908041,7,-3.19574,2,8.685e+08,1,0,
161,1,350199909434,350271846251,7,1.05092,4,8.685e+08,1,0,
161,2,350199909434,350271846417,7,-8.17653,4,8.685e+08,1,0,
210,4,336900409128,336972345440,7,8.78677,4,8.681e+08,1,0,
373,1,1788914132563,1789160918177,9,-10.8803,4,8.683e+08,1,0,
373,2,1788914132563,1789160918700,9,-1.23273,4,8.683e+08,1,0,
373,3,1788914132563,1789160917525,9,-4.36767,4,8.683e+08,1,0,
364,1,284313410366,284560195105,9,-9.36354,4,8.685e+08,1,0,
217,1,836436614520,838247048981,12,-8.44812,4,8.681e+08,1,0,
217,2,836436614520,838247047737,12,-9.27952,4,8.681e+08,1,0,
217,3,836436614520,838247047916,12,-20.2041,4,8.681e+08,1,0,
217,4,836436614520,838247048884,12,-3.17027,4,8.681e+08,1,0,
197,1,806814530395,808624963894,12,-13.8073,4,8.681e+08,1,0,
197,3,806814530395,808624964996,12,-18.2745,4,8.681e+08,1,0,
197,4,806814530395,808624963804,12,-11.5482,4,8.681e+08,1,0,
376,1,79747982507,80200592958,10,-3.0867,2,8.685e+08,1,0,
78,1,80094417059,80341202079,9,-11.7602,2,8.685e+08,1,0,
78,3,80094417059,80341202966,9,-6.24559,2,8.685e+08,1,0,
78,4,80094417059,80341201651,9,20.4562,2,8.685e+08,1,0,
345,1,86078189710,87065326900,11,-17.5636,2,8.685e+08,1,0,
345,4,86078189710,87065326716,11,-18.7046,2,8.685e+08,1,0,
153,1,262446033198,262898643195,10,-15.2549,4,8.685e+08,1,0,
153,3,262446033198,262898643156,10,-15.3487,4,8.685e+08,1,0,
130,1,1246413148231,1246485084720,7,-6.64093,4,8.685e+08,1,0,
130,3,1246413148231,1246485084929,7,-4.2494,4,8.685e+08,1,0,
374,1,82875745231,83862882644,11,-10.1287,4,8.685e+08,1,0,
374,2,82875745231,83862883677,11,-6.96313,4,8.685e+08,1,0,
374,3,82875745231,83862882540,11,1.02225,4,8.685e+08,1,0,
374,4,82875745231,83862883735,11,-13.8536,4,8.685e+08,1,0,
371,1,2343950952865,2344084585587,8,-1.1738,4,8.685e+08,1,0,
371,4,2343950952865,2344084585860,8,-9.6317,4,8.685e+08,1,0,
135,1,280493645649,281480782488,11,-10.7985,2,8.681e+08,1,0,
255,2,2157336344643,2157788954508,10,-10.8251,4,8.683e+08,1,0,
255,4,2157336344643,2157788953355,10,9.86533,4,8.683e+08,1,0,
199,4,2703267894655,2703514679287,9,-11.1056,4,8.681e+08,1,0,
311,2,364069378061,364316163366,9,1.79913,4,8.681e+08,1,0,
344,1,2012088141905,2012221774889,8,-2.98784,4,8.681e+08,1,0,
344,2,2012088141905,2012221774597,8,-7.86749,4,8.681e+08,1,0,
344,3,2012088141905,2012221774671,8,-1.72949,4,8.681e+08,1,0,
344,4,2012088141905,2012221774833,8,-8.92546,4,8.681e+08,1,0,
14,1,2370499266917,2370571203041,7,11.982,4,8.683e+08,1,0,
270,2,2842874336268,2842946272492,7,5.85742,4,8.685e+08,1,0,
270,3,2842874336268,2842946273407,7,10.8808,4,8.685e+08,1,0,
92,4,2841169904531,2841241841450,7,0.0639657,4,8.681e+08,1,0,
226,1,656152543554,656224479781,7,23.7932,2,8.681e+08,1,0,
226,3,656152543554,656224480572,7,-7.93175,2,8.681e+08,1,0,
313,4,2147505615452,2148492753156,11,3.47031,4,8.685e+08,1,0,
90,2,1626373946772,1626826555801,10,-7.09724,4,8.681e+08,1,0,
90,3,1626373946772,1626826556919,10,-15.3675,4,8.681e+08,1,0,
90,4,1626373946772,1626826555928,10,-0.504394,4,8.681e+08,1,0,
398,1,2344094374387,2344341159189,9,16.82,4,8.681e+08,1,0,
398,2,2344094374387,2344341160631,9,-2.819,4,8.681e+08,1,0,
398,3,2344094374387,2344341160363,9,-4.54019,4,8.681e+08,1,0,
191,2,2767674591455,2767808224471,8,0,4,8.683e+08,0,1,
191,3,2767674591455,2767808224547,8,3.94946,4,8.683e+08,1,0,
191,4,2767674591455,2767808225571,8,-2.94748,4,8.683e+08,1,0,
140,2,416071807621,416318592232,9,-4.86847,4,8.681e+08,1,0,
252,1,417763865864,418216475179,10,-2.78949,4,8.681e+08,1,0,
252,4,417763865864,418216476292,10,1.20729,4,8.681e+08,1,0,
17,1,420972475443,422782909103,12,-14.3615,4,8.681e+08,1,0,
17,3,420972475443,422782908527,12,-21.462,4,8.681e+08,1,0,
17,4,420972475443,422782910031,12,-14.3615,4,8.681e+08,0,1,
243,1,301728453208,302181062307,10,-11.4549,2,8.685e+08,1,0,
243,3,301728453208,302181063480,10,-10.3358,2,8.685e+08,1,0,
243,4,301728453208,302181062696,10,6.48183,2,8.685e+08,1,0,
16,3,302413583301,302660368084,9,-9.60904,4,8.685e+08,1,0,
145,3,2565738342088,2565810278772,7,11.3506,2,8.685e+08,1,0,
398,3,1124141691851,1124388477827,9,-12.4762,2,8.685e+08,1,0,
34,2,2025194079777,2025646688796,10,0,4,8.685e+08,0,1,
34,4,2025194079777,2025646688873,10,-10.9108,4,8.685e+08,1,0,
180,2,553323335426,553775945942,10,-16.4653,4,8.685e+08,1,0,
225,2,379331689028,379784299305,10,0,4,8.681e+08,0,1,
73,3,385904252001,386891389208,11,0,2,8.681e+08,0,1,
73,4,385904252001,386891390547,11,-5.8293,2,8.681e+08,1,0,
37,1,382564460079,382698093732,8,-10.5801,2,8.681e+08,1,0,
37,2,382564460079,382698093043,8,-4.27811,2,8.681e+08,1,0,
401,3,384972310583,385424920810,10,-13.1563,4,8.681e+08,0,1,
401,4,384972310583,385424919420,10,-13.1563,4,8.681e+08,1,0,
214,3,1236916021127,1237162806773,9,-1.69163,4,8.681e+08,1,0,
293,2,3424899024910,3424970961603,7,-9.42506,4,8.683e+08,1,0,
83,1,1126695197723,1126767134132,7,-1.38975,4,8.681e+08,1,0,
83,4,1126695197723,1126767135251,7,-7.99876,4,8.681e+08,1,0,
55,1,1333311561429,1333764171830,10,13.2278,4,8.683e+08,1,0,
55,4,1333311561429,1333764170956,10,-14.6615,4,8.683e+08,1,0,
218,2,1309324905835,1309396842822,7,-1.19794,4,8.681e+08,1,0,
218,4,1309324905835,1309396842038,7,9.78425,4,8.681e+08,1,0,
28,1,270939568001,271073201771,8,-4.03714,4,8.681e+08,1,0,
28,3,270939568001,271073200660,8,0,4,8.681e+08,0,1,
28,4,270939568001,271073202317,8,-7.6566,4,8.681e+08,1,0,
193,1,316881338345,317014971147,8,-10.8427,4,8.681e+08,1,0,
193,3,316881338345,317014971218,8,-5.3282,4,8.681e+08,1,0,
193,4,316881338345,317014971141,8,-1.89059,4,8.681e+08,1,0,
280,4,320574198644,320820983592,9,-3.58426,4,8.685e+08,1,0,
28,3,87447451192,87581083851,8,-1.61229,4,8.685e+08,1,0,
87,1,307145880756,307598490372,10,-16.3129,4,8.681e+08,1,0,
353,2,2047009054212,2047255838915,9,-3.74757,4,8.683e+08,1,0,
353,3,2047009054212,2047255839141,9,-11.4414,4,8.683e+08,1,0,
149,1,2113718231882,2115528665312,12,0,4,8.685e+08,0,1,
334,1,759009967312,759462576407,10,5.89182,4,8.685e+08,1,0,
334,3,759009967312,759462576058,10,-0.586593,4,8.685e+08,1,0,
104,1,325399071873,325471008144,7,2.0277,4,8.685e+08,1,0,
104,3,325399071873,325471009323,7,-4.33208,4,8.685e+08,0,1,
104,4,325399071873,325471009079,7,-4.33208,4,8.685e+08,1,0,
79,2,2631074331553,2631207964281,8,-1.89439,2,8.683e+08,1,0,
24,1,1866031974553,1867019113073,11,-18.4796,2,8.685e+08,1,0,
24,4,1866031974553,1867019112059,11,-14.6054,2,8.685e+08,1,0,
381,1,1574946913545,1575018850251,7,-8.80627,4,8.683e+08,1,0,
381,3,1574946913545,1575018850158,7,9.59605,4,8.683e+08,1,0,
170,2,1930665581392,1930912366053,9,-13.8304,4,8.683e+08,1,0,
170,4,1930665581392,1930912366781,9,2.02855,4,8.683e+08,1,0,
50,2,1921272328064,1921344264619,7,-4.05818,4,8.683e+08,1,0,
96,3,1922544041082,1922615977458,7,10.9449,4,8.685e+08,1,0,
96,4,1922544041082,1922615979124,7,-8.85736,4,8.685e+08,1,0,
292,1,90329282747,90781893160,10,-16.5856,2,8.685e+08,1,0,
292,2,90329282747,90781891869,10,0.753861,2,8.685e+08,1,0,
24,2,88327879387,89315016545,11,-8.22874,2,8.685e+08,1,0,
130,1,91703148241,91775084730,7,-7.04861,4,8.685e+08,1,0,
130,3,91703148241,91775084939,7,16.4672,4,8.685e+08,1,0,
130,4,91703148241,91775085579,7,-2.59985,4,8.685e+08,1,0,
260,2,92629219937,93081829398,10,-11.0293,4,8.681e+08,1,0,
260,3,92629219937,93081830437,10,-14.7849,4,8.681e+08,1,0,
260,4,92629219937,93081829127,10,0,4,8.681e+08,0,1,
41,3,328931910959,329003847165,7,-8.75235,4,8.685e+08,1,0,
191,3,630490696687,630624329779,8,-1.14896,4,8.681e+08,1,0,
248,2,616961116030,617413724879,10,-6.41823,4,8.685e+08,1,0,
248,4,616961116030,617413725215,10,-14.9801,4,8.685e+08,1,0,
335,2,742440491884,742512428251,7,0,4,8.681e+08,0,1,
335,4,742440491884,742512429306,7,0,4,8.681e+08,0,1,
286,3,2785154393866,2785401179579,9,-11.6943,4,8.683e+08,1,0,
115,1,1868587214782,1868659152023,7,-5.52454,2,8.683e+08,1,0,
115,3,1868587214782,1868659150851,7,16.2266,2,8.683e+08,1,0,
376,2,327143977472,327596586616,10,-12.4487,2,8.681e+08,1,0,
376,4,327143977472,327596587776,10,-4.87578,2,8.681e+08,1,0,
109,1,579494510347,579566446823,7,5.79091,2,8.681e+08,1,0,
109,4,579494510347,579566447540,7,-8.47592,2,8.681e+08,1,0,
163,1,2371468543011,2371921153415,10,-12.4895,4,8.683e+08,1,0,
163,2,2371468543011,2371921152356,10,-6.70491,4,8.683e+08,0,1,
163,3,2371468543011,2371921152288,10,-6.70491,4,8.683e+08,1,0,
336,3,1052379033295,1052512665845,8,-3.7598,4,8.681e+08,1,0,
317,1,857800667272,857934300117,8,-11.1537,2,8.685e+08,1,0,
317,3,857800667272,857934300112,8,-9.94643,2,8.685e+08,1,0,
317,4,857800667272,857934300100,8,-5.34639,2,8.685e+08,1,0,
361,2,838993023505,839064959698,7,-2.21016,4,8.685e+08,1,0,
91,1,3372941648320,3373394258540,10,0.803071,4,8.683e+08,1,0,
91,2,3372941648320,3373394257951,10,5.51981,4,8.683e+08,1,0,
91,3,3372941648320,3373394257363,10,0,4,8.683e+08,0,1,
329,1,2414976195264,2415963333613,11,-12.9962,4,8.683e+08,1,0,
329,3,2414976195264,2415963332496,11,0,4,8.683e+08,0,1,
326,1,1307676894882,1307810528045,8,-11.4749,2,8.683e+08,1,0,
326,2,1307676894882,1307810527391,8,15.7528,2,8.683e+08,1,0,
326,3,1307676894882,1307810527725,8,1.50789,2,8.683e+08,1,0,
103,1,578186897423,578433682405,9,0,4,8.681e+08,0,1,
103,2,578186897423,578433683590,9,-9.41756,4,8.681e+08,1,0,
141,2,577920103216,578907240125,11,-13.2317,4,8.681e+08,1,0,
141,3,577920103216,578907240929,11,-6.53854,4,8.681e+08,1,0,
141,4,577920103216,578907241274,11,-14.1876,4,8.681e+08,1,0,
318,2,1069413258514,1069485194836,7,13.4036,4,8.683e+08,1,0,
318,4,1069413258514,1069485196011,7,-9.43388,4,8.683e+08,1,0,
319,2,407287932731,408275070015,11,-8.19,4,8.681e+08,1,0,
319,4,407287932731,408275070369,11,-8.19,4,8.681e+08,0,1,
317,1,844437467262,844571100107,8,-1.82623,2,8.685e+08,1,0,
317,2,844437467262,844571100085,8,8.95951,2,8.685e+08,1,0,
317,4,844437467262,844571100090,8,-8.96464,2,8.685e+08,1,0,
403,2,844457118122,844590750699,8,-1.85742,4,8.681e+08,1,0,
403,3,844457118122,844590751867,8,-8.69957,4,8.681e+08,1,0,
322,1,846425776083,846672561644,9,-10.8566,4,8.685e+08,1,0,
322,2,846425776083,846672561766,9,-12.3128,4,8.685e+08,1,0,
322,3,846425776083,846672560649,9,-9.98633,4,8.685e+08,1,0,
322,4,846425776083,846672562308,9,-14.1917,4,8.685e+08,1,0,
304,3,2834512957120,2834584894629,7,-2.23929,4,8.685e+08,1,0,
304,4,2834512957120,2834584893308,7,9.97413,4,8.685e+08,1,0,
323,1,94184732500,94318365027,8,-7.20726,4,8.685e+08,1,0,
323,2,94184732500,94318365966,8,-2.35115,4,8.685e+08,1,0,
323,3,94184732500,94318365179,8,3.77538,4,8.685e+08,1,0,
157,1,93751640380,94204250340,10,-8.49792,2,8.685e+08,1,0,
157,2,93751640380,94204249356,10,-5.88361,2,8.685e+08,1,0,
157,3,93751640380,94204250386,10,-13.9672,2,8.685e+08,1,0,
248,2,96622077156,97074686005,10,-0.593368,4,8.685e+08,1,0,
319,1,308574332721,309561471382,11,-17.0355,4,8.685e+08,1,0,
319,4,308574332721,309561470359,11,-16.4077,4,8.685e+08,1,0,
137,1,3402564382997,3403016992597,10,-14.4093,4,8.685e+08,1,0,
137,4,3402564382997,3403016993504,10,-12.7769,4,8.685e+08,1,0,
299,3,3558568268724,3558701902068,8,3.31661,4,8.681e+08,1,0,
147,1,579724543770,580177153569,10,-16.9378,4,8.681e+08,1,0,
147,3,579724543770,580177152404,10,-1.91006,4,8.681e+08,1,0,
147,4,579724543770,580177153826,10,-4.05502,4,8.681e+08,1,0,
201,1,2387636891844,2387708829875,7,-9.32288,4,8.681e+08,1,0,
370,1,98635284667,100445718241,12,-9.50098,4,8.685e+08,1,0,
370,2,98635284667,100445719446,12,-13.6591,4,8.685e+08,1,0,
370,4,98635284667,100445718335,12,-13.5748,4,8.685e+08,1,0,
34,1,101014109219,101466719377,10,-16.269,4,8.685e+08,1,0,
219,1,100295482022,100748090719,10,-11.3094,4,8.685e+08,1,0,
219,3,100295482022,100748091340,10,-5.85379,4,8.685e+08,1,0,
219,4,100295482022,100748091897,10,-9.62524,4,8.685e+08,1,0,
19,4,94340718804,94587504178,9,0.621781,2,8.685e+08,1,0,
331,4,96144561115,96391346896,9,-4.48305,4,8.685e+08,1,0,
167,3,671043036835,671114973233,7,8.3158,4,8.685e+08,1,0,
358,3,664308996964,664380933315,7,22.5166,4,8.681e+08,1,0,
358,4,664308996964,664380934281,7,-4.65437,4,8.681e+08,1,0,
23,4,670583701204,671036310364,10,-16.0792,4,8.681e+08,1,0,
364,1,567239043736,567485828475,9,-13.0007,4,8.681e+08,1,0,
364,3,567239043736,567485829522,9,0.381379,4,8.681e+08,1,0,
364,4,567239043736,567485829511,9,0.800141,4,8.681e+08,1,0,
12,1,1808711406828,1809164016760,10,-2.36504,4,8.683e+08,1,0,
12,2,1808711406828,1809164016050,10,-4.12413,4,8.683e+08,1,0,
12,3,1808711406828,1809164016980,10,-10.5461,4,8.683e+08,1,0,
12,4,1808711406828,1809164015598,10,-5.19185,4,8.683e+08,1,0,
18,1,1887320784597,1887567570442,9,0,4,8.683e+08,0,1,
323,3,2833619339342,2833752972021,8,-6.89642,4,8.685e+08,1,0,
343,1,2206292563692,2206364500780,7,-7.31563,4,8.685e+08,1,0,
343,4,2206292563692,2206364499951,7,0.95807,4,8.685e+08,1,0,
342,2,2151814593807,2151948226429,8,7.5383,4,8.685e+08,1,0,
342,4,2151814593807,2151948226461,8,8.78188,4,8.685e+08,1,0,
155,2,1303780386394,1303914019568,8,-0.708785,4,8.683e+08,0,1,
155,4,1303780386394,1303914018947,8,-0.708785,4,8.683e+08,1,0,
337,2,1436677259206,1438487692888,12,-19.1928,4,8.685e+08,1,0,
337,3,1436677259206,1438487693962,12,-16.0175,4,8.685e+08,1,0,
337,4,1436677259206,1438487692666,12,-11.0251,4,8.685e+08,1,0,
237,1,812616364200,812688300594,7,9.02683,4,8.681e+08,1,0,
357,4,2837937674335,2838390283636,10,-7.83549,2,8.683e+08,1,0,
279,2,2827418372082,2827490309124,7,-9.36311,4,8.685e+08,1,0,
102,3,1103016716023,1103088652551,7,-6.53088,2,8.685e+08,1,0,
107,1,1662077794193,1662324580101,9,-12.198,2,8.681e+08,1,0,
107,2,1662077794193,1662324579297,9,-13.5011,2,8.681e+08,1,0,
228,2,829333165291,829466797795,8,0,2,8.685e+08,0,1,
288,1,2019998169251,2020244955469,9,-5.19636,4,8.685e+08,1,0,
288,4,2019998169251,2020244954373,9,-12.8234,4,8.685e+08,1,0,
369,2,914225969674,914297906248,7,1.38712,4,8.681e+08,1,0,
369,4,914225969674,914297906592,7,-3.01608,4,8.681e+08,1,0,
37,3,902442026733,902575659281,8,0,2,8.683e+08,0,1,
229,2,918338361067,918790970265,10,-4.49243,4,8.685e+08,1,0,
229,4,918338361067,918790970627,10,-15.9675,4,8.685e+08,1,0,
295,3,632565384792,632699017344,8,1.99287,4,8.681e+08,1,0,
136,2,1195052482137,1195299267011,9,3.74887,2,8.685e+08,1,0,
136,4,1195052482137,1195299267320,9,-10.7935,2,8.685e+08,1,0,
381,1,1692769404822,1692841341528,7,1.15091,4,8.683e+08,1,0,
247,4,823071784025,823524393480,10,-14.524,2,8.685e+08,1,0,
93,1,810628324976,810700261392,7,-4.47694,4,8.685e+08,1,0,
93,3,810628324976,810700262542,7,2.1319,4,8.685e+08,1,0,
93,4,810628324976,810700262045,7,-4.47694,4,8.685e+08,0,1,
29,2,2610632600633,2611619737968,11,-5.57031,4,8.685e+08,1,0,
29,4,2610632600633,2611619737686,11,-3.76575,4,8.685e+08,1,0,
314,1,2605633029341,2605704965814,7,1.5369,4,8.683e+08,1,0,
387,2,1395829765194,1395901701375,7,22.9105,4,8.681e+08,1,0,
266,1,1396644763136,1396778395683,8,-5.11125,4,8.683e+08,1,0,
266,3,1396644763136,1396778395793,8,-5.11125,4,8.683e+08,0,1,
368,1,324061092945,325048230218,11,9.3016,4,8.681e+08,1,0,
368,2,324061092945,325048231009,11,9.3016,4,8.681e+08,0,1,
368,3,324061092945,325048229850,11,-12.2933,4,8.681e+08,1,0,
256,2,1413939010240,1414010946590,7,13.7515,4,8.683e+08,1,0,
322,2,656118868369,656365654052,9,-9.41988,4,8.681e+08,1,0,
322,3,656118868369,656365652935,9,-1.75171,4,8.681e+08,1,0,
322,4,656118868369,656365654594,9,-7.55557,4,8.681e+08,1,0,
312,3,656463736172,657450874454,11,-13.4051,4,8.681e+08,1,0,
114,1,1233479533968,1233613167214,8,0,4,8.685e+08,0,1,
30,3,2179415072753,2179661858941,9,-13.1575,4,8.685e+08,1,0,
34,3,1931283280456,1931735890576,10,-1.37041,4,8.683e+08,0,1,
34,4,1931283280456,1931735889552,10,-1.37041,4,8.683e+08,1,0,
168,1,2545385113260,2545518746276,8,-7.8811,4,8.683e+08,1,0,
168,2,2545385113260,2545518746988,8,-6.30173,4,8.683e+08,1,0,
168,4,2545385113260,2545518745865,8,-9.63736,4,8.683e+08,1,0,
19,1,2876071386082,2876318170854,9,8.55492,2,8.683e+08,1,0,
99,2,348828903427,348900839632,7,0,2,8.685e+08,0,1,
88,1,1183221757785,1183293694852,7,-2.66563,4,8.685e+08,1,0,
88,2,1183221757785,1183293694748,7,-4.38509,4,8.685e+08,1,0,
88,3,1183221757785,1183293694050,7,13.9678,4,8.685e+08,1,0,
88,4,1183221757785,1183293695197,7,-0.138625,4,8.685e+08,1,0,
356,3,518690000748,518761937027,7,1.22415,2,8.681e+08,1,0,
267,1,1241866235057,1241938171261,7,19.9789,4,8.683e+08,1,0,
301,1,108476088821,108722875221,9,-7.05994,2,8.685e+08,1,0,
301,4,108476088821,108722874097,9,-5.13681,2,8.685e+08,1,0,
52,1,99737868846,100725007451,11,-10.839,4,8.685e+08,1,0,
52,2,99737868846,100725006138,11,-12.6445,4,8.685e+08,1,0,
385,3,1179354213523,1179426151203,7,-1.33865,2,8.681e+08,1,0,
385,4,1179354213523,1179426150500,7,-7.75987,2,8.681e+08,1,0,
220,2,804871257856,804943195556,7,-6.08148,4,8.685e+08,1,0,
220,3,804871257856,804943194433,7,-0.880126,4,8.685e+08,1,0,
378,3,1073403310048,1073475246328,7,-0.227737,4,8.685e+08,1,0,
257,3,1171484878622,1171556815177,7,0.0690011,4,8.685e+08,1,0,
224,1,1171070143252,1171316928481,9,-9.84903,4,8.681e+08,1,0,
224,2,1171070143252,1171316929016,9,-1.57228,4,8.681e+08,1,0,
224,4,1171070143252,1171316927842,9,3.58374,4,8.681e+08,1,0,
200,1,639608041306,639679977595,7,21.3731,4,8.685e+08,1,0,
35,1,1372173765479,1372626375044,10,-12.5698,4,8.681e+08,1,0,
204,4,2641880275324,2642013909103,8,-4.78223,4,8.685e+08,1,0,
320,1,2652104617511,2653091755933,11,-14.0937,2,8.683e+08,1,0,
320,2,2652104617511,2653091755135,11,-16.9149,2,8.683e+08,1,0,
140,2,100816760401,101063545012,9,2.01441,4,8.685e+08,1,0,
140,3,100816760401,101063546191,9,4.93321,4,8.685e+08,1,0,
297,4,103909827157,104043459772,8,1.26123,2,8.685e+08,1,0,
293,3,103992135439,104064072751,7,-6.91263,4,8.685e+08,1,0,
201,2,109058435989,109130372357,7,-3.8918,4,8.685e+08,1,0,
7,1,102962140221,103034077876,7,0,4,8.685e+08,0,1,
7,3,102962140221,103034076710,7,0,4,8.685e+08,0,1,
7,4,102962140221,103034078174,7,-7.09882,4,8.685e+08,1,0,
286,2,105057870387,105304655231,9,-1.85089,4,8.681e+08,1,0,
77,2,109014474329,109086411654,7,-2.17116,4,8.685e+08,1,0,
77,3,109014474329,109086411018,7,-8.72726,4,8.685e+08,1,0,
88,1,1515672133684,1515744070751,7,-1.67119,4,8.683e+08,1,0,
88,2,1515672133684,1515744070647,7,-8.98175,4,8.683e+08,1,0,
242,2,1258614700237,1258686637775,7,-2.01021,4,8.681e+08,1,0,
242,4,1258614700237,1258686636627,7,9.60532,4,8.681e+08,1,0,
111,4,305109900446,305181836700,7,3.52472,2,8.685e+08,1,0,
212,1,2362787850961,2364598285426,12,-21.0212,2,8.685e+08,0,1,
212,3,2362787850961,2364598284312,12,-21.0212,2,8.685e+08,1,0,
223,1,2246082434232,2247892867795,12,-5.98039,4,8.683e+08,1,0,
223,3,2246082434232,2247892868943,12,-8.9048,4,8.683e+08,1,0,
151,3,2114809125189,2114942757733,8,-5.67615,4,8.681e+08,1,0,
218,4,3306771978284,3306843914487,7,-0.291137,4,8.685e+08,1,0,
220,3,899503171179,899575107756,7,-9.06918,4,8.685e+08,1,0,
160,2,896384571368,896456508587,7,0.357346,2,8.681e+08,1,0,
160,4,896384571368,896456508313,7,-2.92427,2,8.681e+08,1,0,
156,2,897262386421,897714996085,10,-13.5413,4,8.683e+08,1,0,
156,4,897262386421,897714995450,10,2.30542,4,8.683e+08,1,0,
92,1,900002448488,900074384880,7,-8.54466,2,8.685e+08,1,0,
318,2,608182822917,608254759239,7,-0.440154,4,8.685e+08,1,0,
402,3,281918225176,282051858346,8,10.506,4,8.685e+08,1,0,
326,2,644651428425,644785060934,8,26.1966,2,8.681e+08,1,0,
326,3,644651428425,644785061268,8,-7.49754,2,8.681e+08,1,0,
264,2,1770743369963,1770877002443,8,-4.98784,4,8.683e+08,1,0,
264,3,1770743369963,1770877002710,8,-1.64964,4,8.683e+08,1,0,
255,1,571098647167,571551256740,10,-6.38023,4,8.681e+08,1,0,
255,2,571098647167,571551257032,10,-5.10991,4,8.681e+08,1,0,
255,3,571098647167,571551257500,10,-7.73703,4,8.681e+08,1,0,
255,4,571098647167,571551255879,10,-14.1848,4,8.681e+08,1,0,
221,2,626632157250,627619295317,11,-17.2393,4,8.681e+08,1,0,
221,3,626632157250,627619295596,11,-16.5336,4,8.681e+08,1,0,
221,4,626632157250,627619294139,11,-0.0120841,4,8.681e+08,1,0,
193,1,1313135419351,1313269052153,8,-11.7126,4,8.685e+08,1,0,
57,1,1139029990407,1140017128611,11,-12.9112,4,8.685e+08,1,0,
57,3,1139029990407,1140017127432,11,-15.3869,4,8.685e+08,1,0,
49,2,1268521803807,1268768588680,9,2.4861,4,8.685e+08,1,0,
49,3,1268521803807,1268768589568,9,2.4861,4,8.685e+08,0,1,
49,4,1268521803807,1268768588377,9,-11.6787,4,8.685e+08,1,0,
76,2,1627991441288,1628063378438,7,8.68572,2,8.685e+08,1,0,
76,4,1627991441288,1628063377658,7,0,2,8.685e+08,0,1,
230,2,346621680545,346693616576,7,32.8102,4,8.681e+08,1,0,
230,4,346621680545,346693617743,7,2.4494,4,8.681e+08,1,0,
218,1,3345748981708,3345820918845,7,0.331376,4,8.681e+08,1,0,
218,3,3345748981708,3345820919200,7,0.331376,4,8.681e+08,0,1,
218,4,3345748981708,3345820917911,7,11.7864,4,8.681e+08,1,0,
64,1,1858015801953,1858149434986,8,-5.35345,4,8.683e+08,1,0,
64,2,1858015801953,1858149434591,8,12.4305,4,8.683e+08,1,0,
64,3,1858015801953,1858149434856,8,3.3321,4,8.683e+08,1,0,
64,4,1858015801953,1858149434765,8,-1.10004,4,8.683e+08,1,0,
196,1,1858720462335,1858792398758,7,12.0768,4,8.683e+08,1,0,
166,1,110252252662,110324189124,7,-2.67564,4,8.685e+08,1,0,
166,4,110252252662,110324189599,7,-8.21162,4,8.685e+08,1,0,
30,2,104428178575,104674963902,9,10.1305,4,8.685e+08,1,0,
30,3,104428178575,104674964763,9,-3.62379,4,8.685e+08,1,0,
253,2,533269925671,533403558228,8,2.0668,2,8.681e+08,1,0,
373,3,331732072018,331978856980,9,-9.78596,4,8.681e+08,1,0,
373,4,331732072018,331978858517,9,-12.8937,4,8.681e+08,1,0,
220,1,620097923587,620169860598,7,-4.12164,4,8.681e+08,1,0,
220,3,620097923587,620169860164,7,0,4,8.681e+08,0,1,
21,1,3108196417545,3108649027834,10,-14.4192,4,8.683e+08,1,0,
21,2,3108196417545,3108649026459,10,-2.98018,4,8.683e+08,1,0,
21,3,3108196417545,3108649026866,10,-9.19551,4,8.683e+08,1,0,
21,4,3108196417545,3108649027625,10,-11.9517,4,8.683e+08,1,0,
10,2,899964614609,900417224566,10,-11.6893,4,8.681e+08,1,0,
10,3,899964614609,900417223461,10,0.645707,4,8.681e+08,1,0,
352,2,1228040080149,1229027217805,11,0,4,8.681e+08,0,1,
352,3,1228040080149,1229027217372,11,0,4,8.681e+08,0,1,
329,4,1906040069875,1907027208246,11,-16.15,4,8.683e+08,1,0,
239,1,376182528103,376316161106,8,-10.9346,4,8.681e+08,1,0,
239,2,376182528103,376316160769,8,-8.92648,4,8.681e+08,1,0,
239,4,376182528103,376316160920,8,2.69008,4,8.681e+08,1,0,
45,1,853307495628,853441128722,8,3.35027,4,8.685e+08,1,0,
45,2,853307495628,853441128445,8,-10.5172,4,8.685e+08,1,0,
45,3,853307495628,853441128034,8,-2.20908,4,8.685e+08,1,0,
123,1,1143156229610,1143289862107,8,-2.10853,2,8.683e+08,1,0,
123,2,1143156229610,1143289862887,8,-4.99692,2,8.683e+08,1,0,
123,4,1143156229610,1143289862312,8,-2.10853,2,8.683e+08,0,1,
305,1,1140760497580,1141213107916,10,-7.76625,2,8.683e+08,1,0,
305,2,1140760497580,1141213106624,10,-16.7516,2,8.683e+08,1,0,
89,1,1647666462871,1648653601647,11,4.04471,4,8.681e+08,1,0,
89,4,1647666462871,1648653600511,11,-7.98885,4,8.681e+08,1,0,
45,1,111459249711,111592882805,8,-9.63655,4,8.685e+08,1,0,
45,3,111459249711,111592882117,8,-0.239913,4,8.685e+08,1,0,
144,4,106794254755,107781392324,11,-12.1896,4,8.685e+08,1,0,
179,1,106643698919,106777331540,8,-3.59367,2,8.685e+08,1,0,
28,2,110056072912,110189706544,8,-0.712493,4,8.681e+08,1,0,
28,4,110056072912,110189707228,8,-11.6739,4,8.681e+08,1,0,
336,2,2002165851507,2002299484150,8,-10.1082,4,8.683e+08,1,0,
215,2,1098341694217,1098413631375,7,8.59285,4,8.681e+08,1,0,
215,3,1098341694217,1098413630274,7,23.4477,4,8.681e+08,1,0,
215,4,1098341694217,1098413631832,7,-6.496,4,8.681e+08,1,0,
391,2,1236944652717,1237016589936,7,3.16539,4,8.685e+08,1,0,
391,3,1236944652717,1237016588854,7,9.70522,4,8.685e+08,1,0,
11,1,1393704398666,1394157007593,10,-6.16376,4,8.685e+08,1,0,
11,3,1393704398666,1394157007739,10,-6.70177,4,8.685e+08,1,0,
11,4,1393704398666,1394157008701,10,-11.9176,4,8.685e+08,1,0,
340,1,1396349714954,1396421651354,7,4.99559,4,8.685e+08,1,0,
340,4,1396349714954,1396421652326,7,-9.08351,4,8.685e+08,1,0,
353,2,115929802189,116176586892,9,-12.9841,4,8.685e+08,1,0,
353,3,115929802189,116176587118,9,6.3759,4,8.685e+08,1,0,
353,4,115929802189,116176587975,9,-8.62753,4,8.685e+08,1,0,
328,1,111484888780,112472025887,11,0.228654,4,8.685e+08,1,0,
362,2,118715413262,119702550105,11,0,4,8.685e+08,0,1,
362,3,118715413262,119702550453,11,0,4,8.685e+08,0,1,
239,1,113549623540,113683256543,8,-7.71597,4,8.685e+08,1,0,
30,2,129106578585,129353363912,9,-13.1882,4,8.681e+08,1,0,
170,2,306452087806,306698872467,9,-3.00586,4,8.681e+08,1,0,
170,3,306452087806,306698873645,9,-9.98767,4,8.681e+08,1,0,
325,1,313702546705,315512980356,12,-5.13847,4,8.685e+08,1,0,
325,2,313702546705,315512980994,12,-19.3344,4,8.685e+08,1,0,
325,4,313702546705,315512979815,12,-15.2023,4,8.685e+08,1,0,
156,1,305872821645,306325431848,10,-16.6458,4,8.685e+08,1,0,
156,2,305872821645,306325431309,10,-3.60074,4,8.685e+08,1,0,
291,2,2537339150794,2537411088062,7,-2.82594,4,8.683e+08,1,0,
291,3,2537339150794,2537411086883,7,17.7856,4,8.683e+08,1,0,
235,1,1410022104157,1410094041979,7,-0.380401,4,8.681e+08,1,0,
235,4,1410022104157,1410094041108,7,-6.92995,4,8.681e+08,1,0,
50,2,1183261542178,1183333478733,7,-3.6239,4,8.683e+08,1,0,
50,4,1183261542178,1183333478931,7,8.73579,4,8.683e+08,1,0,
155,4,765754085195,765887717748,8,-7.73949,4,8.685e+08,1,0,
102,3,354389858077,354461794605,7,-8.50621,2,8.685e+08,1,0,
400,2,353867499271,353939435532,7,-4.65851,4,8.685e+08,1,0,
400,3,353867499271,353939436203,7,0.632508,4,8.685e+08,1,0,
400,4,353867499271,353939436547,7,-7.96991,4,8.685e+08,1,0,
105,1,356467937582,356539874124,7,-1.10097,4,8.685e+08,1,0,
105,2,356467937582,356539875166,7,1.74938,4,8.685e+08,1,0,
105,3,356467937582,356539874319,7,-7.96361,4,8.685e+08,1,0,
133,1,1248537865180,1248609802878,7,-4.49989,4,8.683e+08,1,0,
133,2,1248537865180,1248609801433,7,12.5042,4,8.683e+08,1,0,
133,4,1248537865180,1248609802556,7,-7.00676,4,8.683e+08,1,0,
400,2,395559773622,395631709883,7,15.0663,4,8.681e+08,1,0,
86,2,392411595408,392658380329,9,-12.8868,2,8.681e+08,1,0,
86,3,392411595408,392658381382,9,-10.5589,2,8.681e+08,1,0,
129,4,1877689302429,1879499737036,12,-0.751098,4,8.685e+08,1,0,
342,1,1883786380936,1883920014051,8,-11.3852,4,8.685e+08,1,0,
342,4,1883786380936,1883920013590,8,0,4,8.685e+08,0,1,
298,1,299518353944,299590290297,7,-4.41301,4,8.685e+08,1,0,
212,2,298001006521,299811439866,12,0,2,8.685e+08,0,1,
338,2,556499473397,556746258692,9,-3.86459,4,8.681e+08,1,0,
338,3,556499473397,556746258246,9,-6.86668,4,8.681e+08,1,0,
338,4,556499473397,556746259638,9,-4.67306,4,8.681e+08,1,0,
123,1,1606967811424,1607101443921,8,-8.13585,2,8.683e+08,1,0,
123,4,1606967811424,1607101444126,8,-11.0218,2,8.683e+08,1,0,
277,1,1614145420271,1614392204885,9,-9.05505,4,8.685e+08,1,0,
277,3,1614145420271,1614392205954,9,-6.1245,4,8.685e+08,1,0,
382,1,893753990874,893825927838,7,-7.5861,2,8.685e+08,1,0,
382,4,893753990874,893825927090,7,4.35957,2,8.685e+08,1,0,
273,1,2825734039310,2825805975653,7,0,4,8.683e+08,0,1,
283,1,2826366854622,2826500487133,8,-5.08931,4,8.683e+08,1,0,
283,4,2826366854622,2826500487439,8,-6.28009,4,8.683e+08,1,0,
55,3,322923048504,323375658552,10,-13.6512,4,8.685e+08,1,0,
302,2,2378995899631,2379242685952,9,-7.78657,4,8.683e+08,1,0,
233,1,1154721108443,1154793045647,7,-8.84082,4,8.683e+08,1,0,
233,2,1154721108443,1154793046265,7,-3.31734,4,8.683e+08,1,0,
233,3,1154721108443,1154793045098,7,9.8122,4,8.683e+08,1,0,
217,2,1827357992603,1829168425820,12,-21.164,4,8.683e+08,1,0,
217,4,1827357992603,1829168426967,12,-18.5365,4,8.683e+08,1,0,
237,1,118778544587,118850480981,7,12.3712,4,8.685e+08,1,0,
214,2,116975510877,117222295496,9,-5.27235,4,8.685e+08,1,0,
214,3,116975510877,117222296523,9,-13.0885,4,8.685e+08,1,0,
274,1,115190622061,117001055528,12,-2.91893,2,8.685e+08,0,1,
274,3,115190622061,117001056607,12,-19.024,2,8.685e+08,1,0,
274,4,115190622061,117001055371,12,-2.91893,2,8.685e+08,1,0,
338,3,750460801302,750707586151,9,-8.91745,4,8.685e+08,1,0,
338,4,750460801302,750707587543,9,9.37182,4,8.685e+08,1,0,
254,2,391689289436,392141899425,10,-8.42361,4,8.681e+08,0,1,
254,4,391689289436,392141898296,10,-8.42361,4,8.681e+08,1,0,
71,1,1304542504635,1304676138750,8,0.775987,4,8.685e+08,1,0,
71,4,1304542504635,1304676137934,8,5.81943,4,8.685e+08,1,0,
234,1,319358615257,320345753842,11,-15.3059,2,8.685e+08,1,0,
234,4,319358615257,320345753723,11,0,2,8.685e+08,0,1,
214,2,1418471008809,1418717793428,9,-4.6568,4,8.685e+08,1,0,
359,1,1247168836004,1247240772840,7,-6.94861,2,8.681e+08,1,0,
359,3,1247168836004,1247240772468,7,3.37652,2,8.681e+08,1,0,
254,1,2113471786911,2113924396026,10,-14.0853,4,8.681e+08,1,0,
254,3,2113471786911,2113924397022,10,-9.47296,4,8.681e+08,1,0,
183,2,3183219854941,3184206992516,11,-9.67503,4,8.683e+08,1,0,
183,4,3183219854941,3184206993678,11,-13.1816,4,8.683e+08,1,0,
199,1,581172101623,581418886555,9,-6.95662,2,8.681e+08,1,0,
203,2,2068197749064,2070008182566,12,-15.3904,4,8.683e+08,1,0,
211,1,119980982048,120114614720,8,-8.15629,4,8.685e+08,1,0,
211,2,119980982048,120114615267,8,-8.15629,4,8.685e+08,0,1,
211,4,119980982048,120114614565,8,2.65436,4,8.685e+08,1,0,
54,1,123282173733,123415806609,8,8.89892,4,8.685e+08,1,0,
54,2,123282173733,123415806622,8,-9.53606,4,8.685e+08,1,0,
54,4,123282173733,123415806856,8,-10.587,4,8.685e+08,1,0,
304,1,2799662751845,2799734688844,7,14.9812,4,8.683e+08,1,0,
304,2,2799662751845,2799734688992,7,-6.9456,4,8.683e+08,1,0,
304,4,2799662751845,2799734688033,7,-2.35019,4,8.683e+08,1,0,
197,1,294093996159,295904429658,12,-10.9807,4,8.685e+08,1,0,
197,2,294093996159,295904430709,12,-14.3173,4,8.685e+08,1,0,
197,4,294093996159,295904429568,12,-14.4143,4,8.685e+08,1,0,
145,3,520932128349,521004065033,7,8.83559,2,8.681e+08,1,0,
303,1,2794816879468,2794950511917,8,1.39058,4,8.683e+08,1,0,
206,1,728713046952,728846679638,8,-3.78937,4,8.685e+08,1,0,
206,2,728713046952,728846681223,8,-9.06268,4,8.685e+08,1,0,
206,3,728713046952,728846680428,8,-3.78937,4,8.685e+08,0,1,
273,1,523696411489,523768347832,7,-3.04021,4,8.681e+08,1,0,
282,4,415586152534,416038761894,10,-4.92493,4,8.681e+08,1,0,
243,1,412924776217,413377385316,10,-13.2458,2,8.681e+08,1,0,
243,2,412924776217,413377386700,10,-10.2663,2,8.681e+08,1,0,
243,4,412924776217,413377385705,10,-9.00705,2,8.681e+08,1,0,
213,1,288835387416,289287997254,10,4.4314,4,8.685e+08,1,0,
213,2,288835387416,289287996647,10,-16.0271,4,8.685e+08,1,0,
213,4,288835387416,289287996084,10,7.67764,4,8.685e+08,1,0,
172,1,1884654178265,1886464612909,12,-15.7489,4,8.683e+08,0,1,
172,3,1884654178265,1886464611771,12,-15.7489,4,8.683e+08,1,0,
216,2,1886051677242,1886123613527,7,-7.17174,4,8.685e+08,1,0,
130,4,1593782778752,1593854716090,7,0.828904,4,8.683e+08,1,0,
197,1,2211162045425,2212972478924,12,0,4,8.685e+08,0,1,
197,3,2211162045425,2212972480026,12,-9.11967,4,8.685e+08,1,0,
197,4,2211162045425,2212972478834,12,0,4,8.685e+08,0,1,
14,1,2428428595732,2428500531856,7,-0.661559,4,8.681e+08,1,0,
168,1,2758660439752,2758794072768,8,-7.85947,4,8.681e+08,1,0,
168,2,2758660439752,2758794073480,8,-9.35005,4,8.681e+08,1,0,
168,4,2758660439752,2758794072357,8,-2.46875,4,8.681e+08,1,0,
301,4,3128912149992,3129158935268,9,-2.89017,2,8.683e+08,1,0,
167,4,2350134466152,2350206403629,7,-5.86847,4,8.683e+08,1,0,
354,1,1250230099312,1250363732210,8,-0.313018,2,8.685e+08,1,0,
354,2,1250230099312,1250363732093,8,-1.34038,2,8.685e+08,1,0,
354,3,1250230099312,1250363732054,8,11.2147,2,8.685e+08,1,0,
354,4,1250230099312,1250363732242,8,-11.3126,2,8.685e+08,1,0,
67,2,631101229173,631348013912,9,-6.34567,2,8.685e+08,1,0,
67,3,631101229173,631348013945,9,4.59477,2,8.685e+08,1,0,
67,4,631101229173,631348014920,9,-4.00012,2,8.685e+08,1,0,
56,4,635653369660,636640507070,11,0,4,8.681e+08,0,1,
179,1,371519656488,371653289109,8,-4.7558,2,8.681e+08,1,0,
179,2,371519656488,371653289879,8,-4.7558,2,8.681e+08,0,1,
179,3,371519656488,371653289060,8,22.5007,2,8.681e+08,1,0,
99,2,364972122172,365044058377,7,0,2,8.681e+08,0,1,
5,3,364293730133,364427362608,8,0,4,8.681e+08,0,1,
398,1,1819466450371,1819713235173,9,-4.77586,2,8.683e+08,1,0,
98,1,736005728498,736139361019,8,-1.76131,4,8.683e+08,1,0,
373,3,388224418971,388471203933,9,-13.7425,4,8.685e+08,1,0,
256,2,388603608719,388675545069,7,24.2451,4,8.681e+08,1,0,
256,3,388603608719,388675545943,7,-1.12726,4,8.681e+08,1,0,
256,4,388603608719,388675545549,7,-4.86487,4,8.681e+08,1,0,
175,4,391133602773,391267235808,8,1.24127,4,8.681e+08,1,0,
230,2,1074637261138,1074709197169,7,25.7001,4,8.685e+08,1,0,
230,4,1074637261138,1074709198336,7,-4.48431,4,8.685e+08,1,0,
168,1,827332187731,827465820747,8,-6.6328,4,8.681e+08,1,0,
168,3,827332187731,827465821642,8,-7.02995,4,8.681e+08,1,0,
168,4,827332187731,827465820336,8,0,4,8.681e+08,0,1,
133,2,839440862507,839512798760,7,13.2353,4,8.685e+08,1,0,
133,3,839440862507,839512799533,7,13.2353,4,8.685e+08,0,1,
133,4,839440862507,839512799883,7,8.06603,4,8.685e+08,1,0,
231,1,330324539595,332134973279,12,-3.31407,2,8.685e+08,1,0,
231,2,330324539595,332134974137,12,-22.0297,2,8.685e+08,1,0,
235,2,327695077770,327767014317,7,2.26657,4,8.685e+08,1,0,
22,3,1852485900138,1852557837398,7,4.47012,4,8.685e+08,0,1,
22,4,1852485900138,1852557836674,7,4.47012,4,8.685e+08,1,0,
168,1,1103300864583,1103434497599,8,-4.78729,4,8.681e+08,1,0,
168,2,1103300864583,1103434498311,8,-5.04694,4,8.681e+08,1,0,
197,4,2935334845465,2937145278874,12,-15.8636,4,8.683e+08,1,0,
22,1,2596100060808,2596171997469,7,9.57321,4,8.683e+08,1,0,
22,2,2596100060808,2596171998007,7,-8.19553,4,8.683e+08,1,0,
22,4,2596100060808,2596171997344,7,4.201,4,8.683e+08,1,0,
131,4,3024234011081,3026044444785,12,2.22965,2,8.683e+08,1,0,
140,2,440750207631,440996992242,9,0,4,8.681e+08,0,1,
140,3,440750207631,440996993421,9,-1.44092,4,8.681e+08,1,0,
174,1,2992042234201,2993852669053,12,-21.566,2,8.683e+08,1,0,
174,2,2992042234201,2993852667836,12,-5.80389,2,8.683e+08,1,0,
53,4,121063778564,121197411318,8,0,2,8.685e+08,0,1,
327,2,125286578233,125358515058,7,-1.29629,4,8.685e+08,1,0,
327,3,125286578233,125358514630,7,3.70989,4,8.685e+08,1,0,
327,4,125286578233,125358515545,7,-1.14043,4,8.685e+08,1,0,
19,1,120528684253,120775469025,9,-2.43826,2,8.681e+08,1,0,
19,2,120528684253,120775470511,9,-5.41518,2,8.681e+08,1,0,
19,3,120528684253,120775470204,9,-12.2468,2,8.681e+08,1,0,
309,2,303195781034,303648390890,10,-6.66298,4,8.685e+08,1,0,
309,3,303195781034,303648389742,10,-4.71716,4,8.685e+08,1,0,
205,1,304537508214,304609444313,7,15.6884,4,8.685e+08,1,0,
205,4,304537508214,304609445481,7,-6.36494,4,8.685e+08,1,0,
230,2,1894451591119,1894523527150,7,33.5931,4,8.681e+08,1,0,
230,4,1894451591119,1894523528317,7,4.72536,4,8.681e+08,1,0,
261,2,896918064046,896990000569,7,1.04817,2,8.681e+08,1,0,
261,3,896918064046,896990001323,7,-3.78242,2,8.681e+08,1,0,
188,3,2346787428161,2347240038361,10,-11.6868,4,8.681e+08,1,0,
188,4,2346787428161,2347240037416,10,-5.71786,4,8.681e+08,1,0,
172,1,3155244736575,3157055171219,12,-16.0527,4,8.683e+08,1,0,
172,2,3155244736575,3157055170133,12,0,4,8.683e+08,0,1,
263,2,2819551622331,2820004231910,10,-5.8376,4,8.685e+08,1,0,
263,4,2819551622331,2820004231618,10,-0.0995475,4,8.685e+08,1,0,
145,3,2080451519644,2080523456328,7,-1.82513,4,8.681e+08,1,0,
157,2,2382476429103,2382929038079,10,-6.45517,2,8.685e+08,1,0,
157,4,2382476429103,2382929037981,10,-14.6991,2,8.685e+08,1,0,
317,1,122780361013,122913993858,8,13.1377,2,8.681e+08,1,0,
317,3,122780361013,122913993853,8,-7.80928,2,8.681e+08,1,0,
317,4,122780361013,122913993841,8,-11.7997,2,8.681e+08,1,0,
373,3,120843696933,121090481895,9,-12.3789,4,8.685e+08,1,0,
81,3,123232762160,123366395191,8,2.35745,4,8.685e+08,1,0,
124,1,127770328544,127903961373,8,-4.30148,4,8.685e+08,1,0,
124,2,127770328544,127903961555,8,-5.44524,4,8.685e+08,1,0,
142,3,737165684717,737237621898,7,-8.05673,4,8.685e+08,1,0,
395,1,828996394415,829130028470,8,15.6635,4,8.681e+08,1,0,
395,2,828996394415,829130027525,8,-11.7126,4,8.681e+08,0,1,
395,3,828996394415,829130027353,8,-11.7126,4,8.681e+08,1,0,
314,1,1143476502897,1143548439370,7,7.89909,4,8.681e+08,1,0,
83,1,1150352948173,1150424884582,7,0,4,8.685e+08,0,1,
131,2,1165199086389,1167009520054,12,-20.562,2,8.685e+08,1,0,
131,4,1165199086389,1167009520093,12,-15.2842,2,8.685e+08,1,0,
274,1,2023762277944,2025572711411,12,2.79178,2,8.685e+08,1,0,
274,4,2023762277944,2025572711254,12,-9.65784,2,8.685e+08,1,0,
103,1,2347217589957,2347464374939,9,-10.153,4,8.685e+08,1,0,
367,1,2003937706695,2004071340382,8,-8.05896,2,8.685e+08,1,0,
367,3,2003937706695,2004071339528,8,2.33647,2,8.685e+08,1,0,
367,4,2003937706695,2004071340252,8,-2.75484,2,8.685e+08,1,0,
369,2,1573262560797,1573334497371,7,1.12689,4,8.683e+08,1,0,
370,1,530251111743,532061545317,12,-10.3833,4,8.681e+08,1,0,
370,2,530251111743,532061546522,12,-22.4156,4,8.681e+08,1,0,
141,1,125061099746,126048238265,11,-14.4173,4,8.685e+08,1,0,
141,2,125061099746,126048236655,11,-7.36967,4,8.685e+08,1,0,
141,4,125061099746,126048237804,11,-17.3585,4,8.685e+08,1,0,
54,1,136645373743,136779006619,8,10.5537,4,8.681e+08,1,0,
54,2,136645373743,136779006632,8,-3.32471,4,8.681e+08,1,0,
54,3,136645373743,136779006288,8,-8.18956,4,8.681e+08,1,0,
340,1,124168597671,124240534071,7,8.52037,4,8.685e+08,1,0,
204,2,124281305748,124414938700,8,-4.06645,4,8.681e+08,1,0,
204,3,124281305748,124414938223,8,18.1432,4,8.681e+08,1,0,
257,1,126607589706,126679526599,7,7.97422,4,8.685e+08,0,1,
257,3,126607589706,126679526261,7,7.97422,4,8.685e+08,1,0,
257,4,126607589706,126679527477,7,-9.23994,4,8.685e+08,1,0,
39,2,127319222708,127391158899,7,-6.57399,4,8.685e+08,1,0,
39,3,127319222708,127391159826,7,-3.37179,4,8.685e+08,1,0,
110,2,3372852786357,3372924722580,7,-3.38542,4,8.685e+08,1,0,
110,4,3372852786357,3372924723668,7,-2.62077,4,8.685e+08,1,0,
153,2,3370106494282,3370559103163,10,0,4,8.681e+08,0,1,
153,3,3370106494282,3370559104240,10,-0.107711,4,8.681e+08,1,0,
153,4,3370106494282,3370559103245,10,0,4,8.681e+08,0,1,
362,2,1688214958491,1689202095334,11,0,4,8.683e+08,0,1,
386,2,838837714489,839084499254,9,4.30062,4,8.681e+08,1,0,
386,4,838837714489,839084499553,9,0.0971078,4,8.681e+08,1,0,
37,2,2090902732779,2091036365743,8,-9.23784,2,8.683e+08,1,0,
203,2,1152679682008,1154490115510,12,2.16521,4,8.685e+08,0,1,
203,3,1152679682008,1154490116630,12,2.16521,4,8.685e+08,0,1,
203,4,1152679682008,1154490115488,12,2.16521,4,8.685e+08,1,0,
147,1,1138554614259,1139007224058,10,-14.7732,4,8.681e+08,1,0,
147,2,1138554614259,1139007223440,10,-1.68895,4,8.681e+08,1,0,
147,3,1138554614259,1139007222893,10,6.43295,4,8.681e+08,1,0,
147,4,1138554614259,1139007224315,10,-13.8962,4,8.681e+08,1,0,
297,4,578014582422,578148215037,8,-6.93359,2,8.685e+08,1,0,
227,2,849252504079,849324440443,7,0.343949,2,8.681e+08,1,0,
227,4,849252504079,849324441608,7,-6.10506,2,8.681e+08,1,0,
22,4,870810905445,870882841981,7,-0.985595,4,8.685e+08,1,0,
202,2,767411417904,767864026726,10,3.85485,4,8.685e+08,1,0,
202,4,767411417904,767864027701,10,-11.5589,4,8.685e+08,1,0,
363,1,289558540505,289630478008,7,4.40664,4,8.685e+08,1,0,
363,3,289558540505,289630478122,7,-4.8486,4,8.685e+08,1,0,
151,1,2077954570542,2078088204225,8,-9.25011,4,8.683e+08,1,0,
151,3,2077954570542,2078088203086,8,-8.87562,4,8.683e+08,1,0,
346,4,1729482895921,1730470032912,11,0,4,8.683e+08,0,1,
375,1,325767144309,325839081431,7,-8.34618,4,8.685e+08,1,0,
375,3,325767144309,325839080441,7,0,4,8.685e+08,0,1,
79,2,517335139601,517468772329,8,-7.81264,2,8.681e+08,1,0,
79,4,517335139601,517468772053,8,-5.04666,2,8.681e+08,1,0,
175,2,412287129657,412420762537,8,-11.0092,4,8.685e+08,1,0,
175,3,412287129657,412420762290,8,0,4,8.685e+08,0,1,
238,1,409823275591,410070060271,9,5.05045,4,8.681e+08,1,0,
238,3,409823275591,410070060799,9,-1.37775,4,8.681e+08,1,0,
135,1,409081282999,410068419838,11,0.815568,2,8.681e+08,1,0,
135,2,409081282999,410068421210,11,-9.83647,2,8.681e+08,0,1,
135,3,409081282999,410068421000,11,-9.83647,2,8.681e+08,1,0,
230,2,410272912841,410344848872,7,24.8612,4,8.685e+08,1,0,
314,1,1844286222928,1844358159401,7,8.72922,4,8.685e+08,1,0,
314,4,1844286222928,1844358159806,7,-7.71921,4,8.685e+08,1,0,
73,3,1690028761596,1691015898803,11,-8.2326,2,8.685e+08,1,0,
73,4,1690028761596,1691015900142,11,-8.2326,2,8.685e+08,0,1,
344,1,1232797090071,1232930723055,8,-3.43898,4,8.685e+08,0,1,
344,3,1232797090071,1232930722837,8,-3.43898,4,8.685e+08,1,0,
357,1,126126671283,126579281741,10,0,2,8.685e+08,0,1,
321,1,127521258100,127768042924,9,0.876115,4,8.685e+08,1,0,
321,4,127521258100,127768043721,9,0.876115,4,8.685e+08,0,1,
338,3,127622591123,127869375972,9,-0.17813,4,8.685e+08,1,0,
322,3,347879354367,348126138933,9,10.919,4,8.685e+08,1,0,
165,1,2173954708764,2174201493557,9,-12.0099,4,8.683e+08,1,0,
207,1,3421215150364,3421667759954,10,-2.80075,4,8.683e+08,1,0,
207,2,3421215150364,3421667760084,10,-5.36261,4,8.683e+08,1,0,
207,4,3421215150364,3421667758969,10,6.47884,4,8.683e+08,1,0,
343,4,127973086121,128045022380,7,0,4,8.685e+08,0,1,
313,3,3309232047990,3310219186766,11,-16.463,4,8.683e+08,1,0,
313,4,3309232047990,3310219185694,11,-2.85654,4,8.683e+08,1,0,
113,2,2867272270379,2867344207693,7,-6.39914,4,8.681e+08,1,0,
113,3,2867272270379,2867344206546,7,23.6964,4,8.681e+08,1,0,
323,1,2871531563568,2871665196095,8,-7.04849,4,8.683e+08,1,0,
323,2,2871531563568,2871665197034,8,-3.59225,4,8.683e+08,1,0,
323,3,2871531563568,2871665196247,8,2.53897,4,8.683e+08,1,0,
52,3,847823495957,848810634415,11,-12.8642,4,8.681e+08,1,0,
52,4,847823495957,848810633512,11,-14.03,4,8.681e+08,1,0,
91,3,3181748778967,3182201388010,10,0,4,8.681e+08,0,1,
393,1,2382149807685,2382221744213,7,0.752335,2,8.683e+08,1,0,
363,1,1238951370444,1239023307947,7,-0.893462,4,8.683e+08,1,0,
363,2,1238951370444,1239023307227,7,5.12283,4,8.683e+08,1,0,
363,3,1238951370444,1239023308061,7,-0.893462,4,8.683e+08,0,1,
159,3,624235776052,624369409193,8,-11.7736,4,8.685e+08,1,0,
159,4,624235776052,624369408662,8,1.47142,4,8.685e+08,1,0,
176,4,617586961325,617833746337,9,-5.5074,4,8.681e+08,1,0,
334,2,334609772306,335062382188,10,-15.3088,4,8.681e+08,1,0,
334,3,334609772306,335062381052,10,-12.0983,4,8.681e+08,1,0,
361,1,3373517701302,3373589639063,7,-7.4568,4,8.683e+08,1,0,
361,2,3373517701302,3373589637495,7,33.1778,4,8.683e+08,1,0,
316,2,3575547841784,3575681475204,8,25.5981,2,8.683e+08,1,0,
316,3,3575547841784,3575681475929,8,-9.54703,2,8.683e+08,1,0,
316,4,3575547841784,3575681474310,8,-10.6,2,8.683e+08,1,0,
31,2,129741707925,130728845945,11,-18.6804,4,8.685e+08,1,0,
31,4,129741707925,130728844768,11,0,4,8.685e+08,0,1,
273,1,128290473019,128362409362,7,12.7041,4,8.685e+08,1,0,
273,4,128290473019,128362410319,7,12.7041,4,8.685e+08,0,1,
349,3,127847831648,127981465667,8,-8.86755,4,8.685e+08,1,0,
64,2,128585189298,128718821936,8,5.15957,4,8.685e+08,1,0,
64,3,128585189298,128718822201,8,-7.13483,4,8.685e+08,1,0,
64,4,128585189298,128718822110,8,5.64404,4,8.685e+08,1,0,
75,2,128259534826,128331471169,7,-7.91415,2,8.685e+08,1,0,
75,3,128259534826,128331472253,7,-6.91447,2,8.685e+08,1,0,
36,1,129836558217,129970191191,8,-5.60886,4,8.685e+08,1,0,
36,2,129836558217,129970190913,8,7.7202,4,8.685e+08,1,0,
36,3,129836558217,129970191102,8,17.1682,4,8.685e+08,0,1,
36,4,129836558217,129970191023,8,17.1682,4,8.685e+08,1,0,
238,1,134196439393,134443224073,9,-11.895,4,8.685e+08,1,0,
238,3,134196439393,134443224601,9,7.0967,4,8.685e+08,1,0,
379,1,129024068368,130011206245,11,-11.7079,4,8.685e+08,1,0,
379,2,129024068368,130011205874,11,-18.9599,4,8.685e+08,1,0,
379,3,129024068368,130011205077,11,0,4,8.685e+08,0,1,
379,4,129024068368,130011206667,11,-11.7079,4,8.685e+08,0,1,
302,1,131284369786,131531154445,9,-1.1133,4,8.685e+08,1,0,
175,2,130027944484,130161577364,8,-11.8468,4,8.685e+08,1,0,
391,1,740257663544,740329600590,7,-2.9211,4,8.681e+08,1,0,
391,2,740257663544,740329600763,7,-8.44749,4,8.681e+08,1,0,
391,3,740257663544,740329599681,7,-1.96554,4,8.681e+08,1,0,
391,4,740257663544,740329601145,7,-5.16885,4,8.681e+08,1,0,
371,1,339045230411,339178863133,8,-2.65805,4,8.685e+08,1,0,
114,2,345870675832,346004309494,8,-7.83346,4,8.681e+08,1,0,
114,3,345870675832,346004308315,8,-1.77647,4,8.681e+08,1,0,
103,1,350641787465,350888572447,9,-3.7128,4,8.685e+08,1,0,
170,1,1330685688068,1330932474276,9,-10.7168,4,8.683e+08,1,0,
170,2,1330685688068,1330932472729,9,0,4,8.683e+08,0,1,
170,3,1330685688068,1330932473907,9,0,4,8.683e+08,0,1,
205,1,1326208220455,1326280156554,7,11.0406,4,8.685e+08,1,0,
296,3,1096719578717,1097172188867,10,-9.40802,4,8.681e+08,1,0,
296,4,1096719578717,1097172188068,10,-12.721,4,8.681e+08,1,0,
245,1,2350425966373,2352236400904,12,-20.8257,4,8.683e+08,1,0,
100,1,2037200152997,2037446938127,9,-6.48386,4,8.683e+08,1,0,
100,3,2037200152997,2037446939268,9,3.02931,4,8.683e+08,1,0,
100,4,2037200152997,2037446938307,9,-1.23152,4,8.683e+08,1,0,
395,3,1673012452707,1673146085645,8,0,4,8.685e+08,0,1,
395,4,1673012452707,1673146086846,8,-6.57928,4,8.685e+08,1,0,
327,3,1670987357645,1671059294042,7,22.6923,4,8.683e+08,1,0,
10,1,2120521856627,2120974466405,10,-10.0553,4,8.685e+08,1,0,
10,4,2120521856627,2120974467130,10,-10.0553,4,8.685e+08,0,1,
162,1,3037458928512,3038446065600,11,0,2,8.683e+08,0,1,
162,3,3037458928512,3038446066715,11,-12.9336,2,8.683e+08,1,0,
162,4,3037458928512,3038446065692,11,-9.96937,2,8.683e+08,1,0,
380,1,3109877521034,3111687955725,12,-20.4598,4,8.683e+08,0,1,
380,3,3109877521034,3111687954630,12,0,4,8.683e+08,0,1,
380,4,3109877521034,3111687955645,12,-20.4598,4,8.683e+08,1,0,
93,1,2338350164988,2338422101404,7,23.7513,4,8.683e+08,1,0,
93,4,2338350164988,2338422102057,7,-7.06467,4,8.683e+08,1,0,
133,2,273645758414,273717694667,7,19.2598,4,8.685e+08,1,0,
292,2,766960002101,767412611223,10,-12.7766,2,8.681e+08,1,0,
132,3,132517308491,132589244952,7,-8.73381,2,8.685e+08,1,0,
132,4,132517308491,132589245764,7,-1.90443,2,8.685e+08,1,0,
292,4,135590082757,136042693034,10,-9.73596,2,8.681e+08,1,0,
82,2,1392628646799,1392700584166,7,-7.78357,4,8.683e+08,1,0,
82,4,1392628646799,1392700584467,7,3.47483,4,8.683e+08,1,0,
206,1,335564175657,335697808343,8,0,4,8.681e+08,0,1,
263,2,338783964028,339236573607,10,-15.3343,4,8.681e+08,1,0,
263,4,338783964028,339236573315,10,-4.80101,4,8.681e+08,1,0,
240,1,2156040201887,2156112138071,7,0,2,8.685e+08,0,1,
133,2,2158606311786,2158678248039,7,-6.00949,4,8.685e+08,1,0,
133,3,2158606311786,2158678248812,7,11.104,4,8.685e+08,1,0,
312,2,1160715458438,1161702595655,11,-4.86171,4,8.683e+08,1,0,
312,4,1160715458438,1161702595536,11,1.9803,4,8.683e+08,1,0,
57,2,748081977660,749069115270,11,-17.3688,4,8.681e+08,1,0,
57,3,748081977660,749069114685,11,-8.68861,4,8.681e+08,1,0,
365,1,1244076587379,1244148523580,7,8.83351,2,8.685e+08,1,0,
153,1,1290385774425,1290838384422,10,10.0593,4,8.681e+08,1,0,
153,2,1290385774425,1290838383306,10,0,4,8.681e+08,0,1,
153,4,1290385774425,1290838383388,10,-14.2849,4,8.681e+08,1,0,
371,1,1293288288992,1293421921714,8,-10.8464,4,8.685e+08,1,0,
371,4,1293288288992,1293421921987,8,2.8093,4,8.685e+08,1,0,
69,2,132176824504,132423609395,9,0,2,8.685e+08,0,1,
69,3,132176824504,132423610556,9,-14.3282,2,8.685e+08,1,0,
330,1,3562980578394,3563052514526,7,20.9051,4,8.681e+08,1,0,
340,1,1293565927163,1293637863563,7,-0.101745,4,8.685e+08,1,0,
85,2,1298148854623,1298220790852,7,4.76836,4,8.681e+08,1,0,
318,2,362716813128,362788749450,7,10.4485,4,8.681e+08,1,0,
383,1,377660869699,377732806145,7,0,4,8.681e+08,0,1,
383,4,377660869699,377732807320,7,-3.89496,4,8.681e+08,1,0,
202,3,336680915702,337133525605,10,0,4,8.681e+08,0,1,
152,2,301060793600,301194426053,8,0.311799,4,8.685e+08,1,0,
152,3,301060793600,301194426772,8,-8.51169,4,8.685e+08,1,0,
17,2,602015675453,603826109715,12,-18.8619,4,8.681e+08,1,0,
17,3,602015675453,603826108537,12,0,4,8.681e+08,0,1,
17,4,602015675453,603826110041,12,-18.8619,4,8.681e+08,0,1,
166,1,635256130292,635328066754,7,1.539,4,8.685e+08,1,0,
166,2,635256130292,635328068047,7,-1.32896,4,8.685e+08,1,0,
382,1,642869748119,642941685083,7,1.44905,2,8.681e+08,1,0,
382,2,642869748119,642941685329,7,-6.13646,2,8.681e+08,1,0,
382,4,642869748119,642941684335,7,-4.33354,2,8.681e+08,1,0,
206,1,525121591882,525255224568,8,-2.20131,4,8.681e+08,1,0,
188,2,2762758961934,2763211570996,10,-11.8078,2,8.685e+08,1,0,
188,3,2762758961934,2763211572134,10,-3.47755,2,8.685e+08,1,0,
188,4,2762758961934,2763211571189,10,-4.30543,2,8.685e+08,1,0,
6,1,2021786642489,2022773780036,11,-14.8884,4,8.683e+08,1,0,
6,2,2021786642489,2022773780809,11,-16.4949,4,8.683e+08,1,0,
96,3,2092329617931,2092401554307,7,9.03378,4,8.683e+08,1,0,
96,4,2092329617931,2092401555973,7,9.03378,4,8.683e+08,0,1,
131,2,133512890798,135323324463,12,3.77745,2,8.685e+08,1,0,
131,3,133512890798,135323325606,12,-6.4275,2,8.685e+08,1,0,
30,1,153784978595,154031764468,9,-12.4261,4,8.681e+08,1,0,
30,2,153784978595,154031763922,9,-14.1499,4,8.681e+08,1,0,
30,4,153784978595,154031763290,9,-7.17166,4,8.681e+08,1,0,
221,4,134491160534,135478297423,11,-8.01868,4,8.685e+08,1,0,
253,2,132513840898,132647473455,8,0,2,8.685e+08,0,1,
228,2,132810541090,132944173594,8,-1.20463,2,8.685e+08,1,0,
228,4,132810541090,132944174089,8,-5.26279,2,8.685e+08,1,0,
229,3,160972461314,161425071685,10,-8.57329,4,8.681e+08,1,0,
229,4,160972461314,161425070874,10,-9.76179,4,8.681e+08,1,0,
308,2,139005695040,139077631191,7,2.68295,4,8.685e+08,1,0,
308,4,139005695040,139077632077,7,-7.99919,4,8.685e+08,1,0,
290,2,141264607677,141511392533,9,-4.67146,4,8.681e+08,1,0,
290,4,141264607677,141511392872,9,-4.67146,4,8.681e+08,0,1,
54,1,150008573753,150142206629,8,0,4,8.681e+08,0,1,
54,4,150008573753,150142206876,8,-2.13464,4,8.681e+08,1,0,
196,2,140667820652,140739758715,7,-3.7202,4,8.685e+08,1,0,
136,4,2789056578332,2789303363515,9,2.20383,2,8.683e+08,1,0,
170,2,1049785026007,1050031810668,9,-13.5741,4,8.685e+08,1,0,
170,3,1049785026007,1050031811846,9,-2.731,4,8.685e+08,1,0,
158,4,1077904333079,1077976269507,7,10.35,4,8.681e+08,1,0,
155,1,557063034413,557196667070,8,6.36726,4,8.681e+08,1,0,
155,3,557063034413,557196667640,8,-9.15898,4,8.681e+08,1,0,
155,4,557063034413,557196666966,8,19.4902,4,8.681e+08,1,0,
337,2,669146164258,670956597940,12,-10.5394,4,8.681e+08,1,0,
337,4,669146164258,670956597718,12,-12.4767,4,8.681e+08,1,0,
302,4,670878673320,671125458976,9,-3.06296,4,8.685e+08,1,0,
104,1,1137166934960,1137238871231,7,-7.45431,4,8.681e+08,1,0,
222,1,398301246225,398373182402,7,3.56348,4,8.681e+08,1,0,
19,1,401133415372,401380200144,9,-8.06216,2,8.681e+08,1,0,
19,4,401133415372,401380200746,9,0.119492,2,8.681e+08,1,0,
366,1,3220975519750,3221962657149,11,-0.241958,4,8.683e+08,1,0,
135,1,3565044559166,3566031696005,11,-10.9903,2,8.681e+08,1,0,
135,4,3565044559166,3566031696425,11,5.95573,2,8.681e+08,1,0,
310,2,1195222624861,1195294562429,7,-6.9523,4,8.683e+08,1,0,
310,3,1195222624861,1195294561316,7,4.40302,4,8.683e+08,1,0,
281,1,1655783565595,1656770704024,11,-10.4579,2,8.683e+08,1,0,
281,2,1655783565595,1656770702965,11,-4.93747,2,8.683e+08,1,0,
223,1,1355447788467,1357258222030,12,-16.5009,4,8.685e+08,1,0,
223,4,1355447788467,1357258222117,12,-16.2035,4,8.685e+08,1,0,
152,3,1257597067830,1257730701002,8,-3.8905,4,8.685e+08,1,0,
163,1,625515132620,625967743024,10,-14.6125,4,8.681e+08,1,0,
163,2,625515132620,625967741965,10,25.5474,4,8.681e+08,1,0,
163,3,625515132620,625967741897,10,-5.56419,4,8.681e+08,1,0,
370,1,711294311753,713104745327,12,0,4,8.681e+08,0,1,
370,2,711294311753,713104746532,12,-12.8319,4,8.681e+08,1,0,
370,3,711294311753,713104746476,12,-3.04567,4,8.681e+08,1,0,
370,4,711294311753,713104745421,12,-15.6329,4,8.681e+08,1,0,
176,2,642265361335,642512146420,9,-10.9584,4,8.685e+08,1,0,
397,1,1853286959424,1853420591839,8,-2.92367,2,8.683e+08,1,0,
366,4,1599947723079,1600934860123,11,3.35454,4,8.683e+08,1,0,
50,2,140335381615,140407318170,7,4.89871,4,8.685e+08,1,0,
50,4,140335381615,140407318368,7,-0.0954429,4,8.685e+08,1,0,
17,1,141588526156,143398959816,12,-10.0573,4,8.685e+08,1,0,
17,3,141588526156,143398959240,12,0,4,8.685e+08,0,1,
143,1,2516546368369,2517533505436,11,-18.3953,4,8.683e+08,1,0,
143,2,2516546368369,2517533506754,11,-12.9769,4,8.683e+08,1,0,
143,3,2516546368369,2517533505736,11,-3.47626,4,8.683e+08,1,0,
143,4,2516546368369,2517533506596,11,-12.8188,4,8.683e+08,1,0,
208,2,630984231022,632794664515,12,-22.0272,2,8.681e+08,1,0,
208,3,630984231022,632794664304,12,0,2,8.681e+08,0,1,
82,1,632964459899,633036396891,7,1.40794,4,8.681e+08,1,0,
31,4,640246778938,641233915781,11,-5.52737,4,8.685e+08,1,0,
332,2,1375258259434,1375710868280,10,-10.8809,2,8.681e+08,1,0,
332,3,1375258259434,1375710868158,10,-15.2147,2,8.681e+08,1,0,
35,4,1115078238489,1115530847564,10,0,4,8.681e+08,0,1,
322,2,1832494143760,1832740929443,9,-5.75555,4,8.681e+08,1,0,
322,3,1832494143760,1832740928326,9,-1.14557,4,8.681e+08,1,0,
292,3,2768739353865,2769191963242,10,0,2,8.683e+08,0,1,
80,1,140683985153,140755921260,7,31.1564,4,8.685e+08,1,0,
80,3,140683985153,140755922297,7,-6.32034,4,8.685e+08,1,0,
65,4,141497203054,141630835582,8,-6.543,4,8.685e+08,1,0,
48,1,146668226772,147120835563,10,-4.66194,4,8.685e+08,1,0,
48,3,146668226772,147120836698,10,-7.27998,4,8.685e+08,1,0,
48,4,146668226772,147120836444,10,-4.12886,4,8.685e+08,1,0,
116,4,142389998077,142461934409,7,7.97888,2,8.685e+08,1,0,
89,2,147568668186,148555805839,11,-0.754043,4,8.685e+08,1,0,
89,3,147568668186,148555806969,11,-11.2942,4,8.685e+08,1,0,
26,1,1172495492397,1172742277427,9,-6.5753,2,8.683e+08,1,0,
26,2,1172495492397,1172742278859,9,-0.0560447,2,8.683e+08,1,0,
157,2,3103105965322,3103558574298,10,-9.04367,2,8.685e+08,1,0,
157,3,3103105965322,3103558575328,10,-9.04367,2,8.685e+08,0,1,
157,4,3103105965322,3103558574200,10,-12.5549,2,8.685e+08,1,0,
151,3,1887953762539,1888087395083,8,-4.92477,4,8.683e+08,1,0,
219,1,1888244279809,1888696888506,10,-13.8755,4,8.685e+08,1,0,
165,1,1585499019694,1585745804487,9,-6.84686,4,8.685e+08,1,0,
165,3,1585499019694,1585745805539,9,6.46488,4,8.685e+08,1,0,
210,1,1340636063076,1340707999945,7,9.79121,4,8.683e+08,1,0,
210,3,1340636063076,1340708000522,7,8.0529,4,8.683e+08,1,0,
361,1,621218523444,621290461205,7,-6.29457,4,8.685e+08,1,0,
361,2,621218523444,621290459637,7,11.6968,4,8.685e+08,1,0,
361,3,621218523444,621290460807,7,-2.74039,4,8.685e+08,1,0,
361,4,621218523444,621290460576,7,-2.12547,4,8.685e+08,1,0,
13,4,352579946932,352713579736,8,-3.37431,2,8.685e+08,1,0,
15,1,377010152577,377082089991,7,-7.78882,4,8.681e+08,0,1,
15,2,377010152577,377082089086,7,9.36562,4,8.681e+08,1,0,
15,3,377010152577,377082089254,7,-7.78882,4,8.681e+08,1,0,
326,4,376613934579,376747567529,8,-4.82199,2,8.681e+08,1,0,
156,2,539267670392,539720280056,10,-16.2669,4,8.685e+08,1,0,
156,4,539267670392,539720279421,10,0,4,8.685e+08,0,1,
369,2,2797374549963,2797446486537,7,13.0071,4,8.683e+08,1,0,
369,3,2797374549963,2797446486793,7,6.20555,4,8.683e+08,1,0,
369,4,2797374549963,2797446486881,7,-7.1965,4,8.683e+08,1,0,
226,1,1582538952600,1582610888827,7,4.24176,2,8.685e+08,1,0,
226,4,1582538952600,1582610889939,7,-0.185226,2,8.685e+08,1,0,
332,2,1154536859523,1154989468369,10,1.4787,2,8.681e+08,1,0,
332,3,1154536859523,1154989468247,10,-16.8383,2,8.681e+08,1,0,
332,4,1154536859523,1154989469346,10,-4.91977,2,8.681e+08,1,0,
360,2,536141817842,536275450980,8,-11.3096,4,8.685e+08,1,0,
360,3,536141817842,536275450617,8,-3.37308,4,8.685e+08,1,0,
360,4,536141817842,536275450839,8,-0.318816,4,8.685e+08,1,0,
80,1,2800935890416,2801007826523,7,18.384,4,8.681e+08,1,0,
333,2,774414984839,776225419677,12,-16.0194,4,8.685e+08,1,0,
333,3,774414984839,776225418560,12,-7.26984,4,8.685e+08,1,0,
123,2,2401678529579,2401812162856,8,-8.83638,2,8.683e+08,1,0,
123,4,2401678529579,2401812162281,8,-7.69632,2,8.683e+08,1,0,
263,1,384044764038,384497374494,10,-15.3452,4,8.681e+08,1,0,
263,2,384044764038,384497373617,10,-12.7668,4,8.681e+08,1,0,
263,3,384044764038,384497374658,10,-16.4169,4,8.681e+08,1,0,
263,4,384044764038,384497373325,10,-1.92415,4,8.681e+08,1,0,
319,1,506001532741,506988671402,11,0,4,8.681e+08,0,1,
98,1,432919358163,433052990684,8,23.1119,4,8.685e+08,1,0,
98,4,432919358163,433052991621,8,-3.14825,4,8.685e+08,1,0,
287,2,427153138929,427225075533,7,-1.35786,4,8.681e+08,1,0,
287,3,427153138929,427225075718,7,-4.49771,4,8.681e+08,1,0,
126,1,2170428148216,2170561780907,8,-5.49608,2,8.683e+08,1,0,
126,2,2170428148216,2170561781785,8,-7.99901,2,8.683e+08,1,0,
126,3,2170428148216,2170561780839,8,2.66904,2,8.683e+08,1,0,
19,1,2175958275453,2176205060225,9,-11.6131,4,8.681e+08,1,0,
19,3,2175958275453,2176205061404,9,-7.2767,4,8.681e+08,1,0,
343,4,2170024308283,2170096244542,7,-0.472167,4,8.685e+08,1,0,
245,2,1857304550884,1859114984567,12,-21.9427,4,8.683e+08,1,0,
359,3,1806673640469,1806745576933,7,-1.98747,2,8.685e+08,1,0,
184,2,141631490285,141765124551,8,3.57343,4,8.685e+08,1,0,
184,4,141631490285,141765123668,8,-1.91864,4,8.685e+08,1,0,
259,1,2631023809310,2632834242856,12,-0.346069,4,8.685e+08,1,0,
259,2,2631023809310,2632834243646,12,-15.8798,4,8.685e+08,1,0,
259,4,2631023809310,2632834242471,12,-18.7345,4,8.685e+08,1,0,
379,3,2642799670930,2643786807639,11,-14.9118,4,8.683e+08,1,0,
379,4,2642799670930,2643786809229,11,-17.9248,4,8.683e+08,1,0,
89,4,2697761930679,2698749068319,11,-6.70976,4,8.683e+08,1,0,
128,1,817077389013,817211021810,8,-4.22816,4,8.681e+08,1,0,
128,3,817077389013,817211021811,8,-11.4868,4,8.681e+08,1,0,
307,1,1323968549231,1324040485565,7,7.82379,4,8.683e+08,1,0,
307,2,1323968549231,1324040486581,7,5.76213,4,8.683e+08,1,0,
256,1,881216697914,881288635351,7,-3.83093,4,8.683e+08,1,0,
256,4,881216697914,881288634744,7,-8.52176,4,8.683e+08,1,0,
337,4,2395617540478,2397427973938,12,-17.8507,4,8.683e+08,1,0,
226,3,871237995251,871309932269,7,-4.27768,2,8.685e+08,1,0,
130,1,868512925714,868584862203,7,-6.22375,4,8.685e+08,1,0,
130,2,868512925714,868584863142,7,-9.20923,4,8.685e+08,1,0,
130,3,868512925714,868584862412,7,-6.22375,4,8.685e+08,0,1,
230,2,661260727402,661332663433,7,25.4814,4,8.685e+08,1,0,
54,3,3092986131076,3093119763621,8,11.7721,4,8.681e+08,1,0,
54,4,3092986131076,3093119764199,8,-2.53773,4,8.681e+08,1,0,
260,1,3588027455219,3588480065571,10,-16.281,4,8.683e+08,1,0,
260,2,3588027455219,3588480064680,10,-11.2018,4,8.683e+08,1,0,
356,3,1284068046341,1284139982620,7,1.95488,2,8.681e+08,1,0,
356,4,1284068046341,1284139984252,7,-6.56431,2,8.681e+08,1,0,
120,1,898880357682,899127142405,9,-13.651,2,8.685e+08,1,0,
120,2,898880357682,899127144066,9,-5.15086,2,8.685e+08,1,0,
120,4,898880357682,899127143388,9,-13.2811,2,8.685e+08,1,0,
281,1,269469551567,270456689996,11,5.52393,2,8.685e+08,1,0,
281,2,269469551567,270456688937,11,-9.56164,2,8.685e+08,0,1,
281,4,269469551567,270456688867,11,-9.56164,2,8.685e+08,1,0,
240,1,149435193284,149507129468,7,10.4724,2,8.681e+08,1,0,
240,2,149435193284,149507131134,7,-0.212768,2,8.681e+08,1,0,
29,2,208673494943,209660632278,11,-11.3557,4,8.685e+08,1,0,
29,3,208673494943,209660633299,11,-13.9395,4,8.685e+08,1,0,
202,2,2792667376247,2793119985069,10,-5.93805,4,8.685e+08,1,0,
202,3,2792667376247,2793119986150,10,-11.8511,4,8.685e+08,1,0,
171,2,574609222097,574742855001,8,0,4,8.685e+08,0,1,
171,3,574609222097,574742855156,8,3.59612,4,8.685e+08,1,0,
379,2,1051161709570,1052148847076,11,-17.163,4,8.681e+08,1,0,
379,3,1051161709570,1052148846279,11,0,4,8.681e+08,0,1,
287,3,785838502515,785910439304,7,-5.75337,4,8.685e+08,1,0,
40,1,1854119779298,1855930213659,12,0,4,8.681e+08,0,1,
39,2,1905988062743,1906059998934,7,-5.64772,4,8.685e+08,1,0,
39,3,1905988062743,1906059999861,7,-6.51385,4,8.685e+08,1,0,
39,4,1905988062743,1906060000100,7,6.84135,4,8.685e+08,1,0,
11,1,152713189415,153165798342,10,-5.11351,4,8.685e+08,1,0,
11,4,152713189415,153165799450,10,1.15959,4,8.685e+08,1,0,
172,3,294490994209,296301427715,12,-22.2701,4,8.685e+08,1,0,
220,3,149870440413,149942376990,7,-0.724136,4,8.685e+08,1,0,
73,1,778716369323,779703506840,11,-7.53642,2,8.681e+08,1,0,
73,2,778716369323,779703507698,11,-13.6029,2,8.681e+08,1,0,
256,2,559920089012,559992025362,7,0,4,8.685e+08,0,1,
77,3,2363829910157,2363901846846,7,-5.91847,4,8.683e+08,1,0,
294,2,1224961080266,1225094714041,8,-8.87933,2,8.685e+08,1,0,
294,4,1224961080266,1225094712903,8,2.42378,2,8.685e+08,1,0,
21,2,853878029107,854330638021,10,-7.27011,4,8.685e+08,1,0,
21,4,853878029107,854330639187,10,-7.27011,4,8.685e+08,0,1,
180,1,861903537861,862356147171,10,-5.27812,4,8.685e+08,1,0,
275,1,858957184035,859029120603,7,-9.40233,4,8.683e+08,1,0,
275,2,858957184035,859029121326,7,2.1393,4,8.683e+08,1,0,
275,3,858957184035,859029120649,7,-8.07428,4,8.683e+08,1,0,
275,4,858957184035,859029121304,7,2.18848,4,8.683e+08,1,0,
341,1,856663403573,856797036526,8,5.88334,4,8.685e+08,1,0,
341,4,856663403573,856797037400,8,-8.93903,4,8.685e+08,1,0,
310,1,823480523440,823552460417,7,-3.35657,4,8.685e+08,1,0,
310,3,823480523440,823552459895,7,11.1994,4,8.685e+08,1,0,
289,1,826298341360,828108774280,12,0,4,8.685e+08,0,1,
289,2,826298341360,828108775720,12,-18.8749,4,8.685e+08,1,0,
289,4,826298341360,828108775457,12,0,4,8.685e+08,0,1,
87,3,2045035021771,2045487630688,10,-1.28577,4,8.683e+08,1,0,
119,4,922579858519,922651794988,7,-0.634826,4,8.683e+08,1,0,
303,1,904097084518,904230716967,8,0.689103,4,8.685e+08,1,0,
303,2,904097084518,904230718587,8,-3.6351,4,8.685e+08,1,0,
297,4,1270605745313,1270739377928,8,-2.8289,2,8.685e+08,1,0,
169,3,1590331455298,1590403392643,7,-9.14387,2,8.681e+08,1,0,
156,1,1319945977435,1320398587638,10,-12.7576,4,8.685e+08,1,0,
156,2,1319945977435,1320398587099,10,-4.36726,4,8.685e+08,1,0,
156,4,1319945977435,1320398586464,10,-9.98167,4,8.685e+08,1,0,
159,3,1286908661029,1287042294170,8,-5.42444,4,8.683e+08,1,0,
159,4,1286908661029,1287042293639,8,0,4,8.683e+08,0,1,
119,1,1066228948149,1066300885209,7,-2.81789,4,8.685e+08,1,0,
119,3,1066228948149,1066300886022,7,-9.39979,4,8.685e+08,1,0,
275,1,3091102426763,3091174363331,7,-7.25246,4,8.681e+08,1,0,
275,3,3091102426763,3091174363377,7,0.470994,4,8.681e+08,1,0,
170,2,783777943926,784024728587,9,-4.38602,4,8.685e+08,1,0,
351,1,1894688741189,1894822374045,8,22.3515,4,8.685e+08,1,0,
351,4,1894688741189,1894822374194,8,-1.24504,4,8.685e+08,1,0,
47,1,663545663565,663617599729,7,1.99768,4,8.681e+08,1,0,
47,3,663545663565,663617600908,7,1.99768,4,8.681e+08,0,1,
46,2,663500394891,663634028064,8,20.1697,2,8.681e+08,1,0,
46,4,663500394891,663634028896,8,-0.501739,2,8.681e+08,1,0,
327,3,738513761435,738585697832,7,1.82092,4,8.685e+08,1,0,
327,4,738513761435,738585698747,7,-4.49417,4,8.685e+08,1,0,
375,1,1897207420331,1897279357453,7,2.90451,4,8.685e+08,1,0,
375,2,1897207420331,1897279357397,7,3.09551,4,8.685e+08,1,0,
375,3,1897207420331,1897279356463,7,21.4767,4,8.685e+08,1,0,
206,2,1633802880166,1633936514437,8,-8.89517,4,8.685e+08,1,0,
269,2,149014145898,150001283037,11,0,4,8.685e+08,0,1,
183,1,147949641462,148936780297,11,-17.2646,4,8.685e+08,1,0,
336,2,151311144883,151444777526,8,-10.1352,4,8.685e+08,1,0,
335,4,149097379961,149169317383,7,-4.14703,4,8.685e+08,1,0,
283,1,147844482602,147978115113,8,1.0053,4,8.685e+08,1,0,
31,1,361751280639,362738418024,11,-17.8989,4,8.681e+08,0,1,
31,2,361751280639,362738418659,11,5.87206,4,8.681e+08,1,0,
31,3,361751280639,362738418939,11,5.87206,4,8.681e+08,0,1,
31,4,361751280639,362738417482,11,-17.8989,4,8.681e+08,1,0,
42,2,1298328144669,1298400081021,7,-3.87248,4,8.685e+08,1,0,
211,4,790401355875,790534988392,8,-4.95998,4,8.681e+08,1,0,
310,1,808118599608,808190536585,7,1.04407,4,8.685e+08,1,0,
310,2,808118599608,808190537176,7,-5.80914,4,8.685e+08,1,0,
310,3,808118599608,808190536063,7,1.07558,4,8.685e+08,1,0,
118,1,2184211780069,2184283717478,7,-6.13982,2,8.685e+08,1,0,
118,2,2184211780069,2184283716337,7,25.5393,2,8.685e+08,1,0,
118,4,2184211780069,2184283717028,7,-1.26671,2,8.685e+08,1,0,
386,2,2053914658928,2054161443693,9,0.32512,4,8.685e+08,1,0,
386,4,2053914658928,2054161443992,9,-8.07407,4,8.685e+08,1,0,
84,1,2052190891950,2052643501873,10,-3.62495,4,8.681e+08,1,0,
84,2,2052190891950,2052643501132,10,-2.06358,4,8.681e+08,1,0,
84,4,2052190891950,2052643500719,10,-0.881759,4,8.681e+08,1,0,
384,3,150178478304,151988912885,12,1.08061,2,8.685e+08,0,1,
384,4,150178478304,151988911508,12,1.08061,2,8.685e+08,1,0,
101,1,639673669039,640660805970,11,14.4195,2,8.681e+08,1,0,
101,2,639673669039,640660807542,11,-10.0518,2,8.681e+08,1,0,
101,3,639673669039,640660806692,11,-4.03494,2,8.681e+08,1,0,
401,2,648490559454,648943168737,10,-7.58189,4,8.685e+08,1,0,
401,4,648490559454,648943168291,10,-7.32298,4,8.685e+08,1,0,
103,4,2517993314865,2518240099988,9,-11.1173,4,8.685e+08,1,0,
63,1,551378751334,551625536149,9,6.83419,4,8.685e+08,1,0,
63,2,551378751334,551625536971,9,-11.8227,4,8.685e+08,1,0,
63,3,551378751334,551625535941,9,-10.798,4,8.685e+08,1,0,
137,1,865699036815,866151646415,10,-4.50706,4,8.685e+08,1,0,
137,3,865699036815,866151645808,10,8.69123,4,8.685e+08,1,0,
137,4,865699036815,866151647322,10,-13.7799,4,8.685e+08,1,0,
128,3,849488031177,849621663975,8,8.60343,4,8.681e+08,1,0,
360,1,522778617832,522912250381,8,-5.6599,4,8.681e+08,1,0,
360,2,522778617832,522912250970,8,7.36776,4,8.681e+08,0,1,
360,3,522778617832,522912250607,8,-5.6599,4,8.681e+08,0,1,
360,4,522778617832,522912250829,8,7.36776,4,8.681e+08,1,0,
324,1,352982967212,353435576788,10,-13.4926,4,8.685e+08,1,0,
196,1,516637997957,516709934380,7,-3.06703,4,8.681e+08,1,0,
196,3,516637997957,516709935537,7,12.0476,4,8.681e+08,1,0,
208,1,1092788915723,1094599350162,12,-7.85745,2,8.685e+08,1,0,
208,2,1092788915723,1094599349216,12,-11.5939,2,8.685e+08,0,1,
208,3,1092788915723,1094599349005,12,-11.5939,2,8.685e+08,1,0,
397,1,1838945676966,1839079309381,8,-0.736587,2,8.685e+08,1,0,
206,1,3139999371684,3140133004370,8,-8.88481,4,8.683e+08,1,0,
206,3,3139999371684,3140133005160,8,-7.29651,4,8.683e+08,1,0,
206,4,3139999371684,3140133005541,8,-6.84946,4,8.683e+08,1,0,
379,1,1248588909590,1249576047467,11,-14.5282,4,8.685e+08,1,0,
379,3,1248588909590,1249576046299,11,3.06095,4,8.685e+08,1,0,
379,4,1248588909590,1249576047889,11,-13.1483,4,8.685e+08,1,0,
223,1,1655050668852,1656861102415,12,-19.2361,4,8.683e+08,1,0,
377,1,1666814815838,1667267425706,10,5.51052,4,8.685e+08,1,0,
377,2,1666814815838,1667267425368,10,-14.4217,4,8.685e+08,1,0,
377,3,1666814815838,1667267424544,10,-10.7976,4,8.685e+08,1,0,
73,1,3439362485576,3440349623093,11,-12.3741,2,8.685e+08,1,0,
73,3,3439362485576,3440349622783,11,-14.2878,2,8.685e+08,1,0,
77,3,3581264982815,3581336919504,7,-2.51897,4,8.683e+08,1,0,
338,1,1180167474137,1180414260153,9,-8.65056,4,8.685e+08,1,0,
338,2,1180167474137,1180414259432,9,-4.55426,4,8.685e+08,1,0,
338,3,1180167474137,1180414258986,9,6.68041,4,8.685e+08,1,0,
69,2,1302356382875,1302603167766,9,-10.42,2,8.685e+08,1,0,
69,4,1302356382875,1302603168155,9,-10.42,2,8.685e+08,0,1,
128,3,3189565685512,3189699318310,8,0.527375,4,8.683e+08,1,0,
18,1,864804292982,865051078827,9,-9.23932,4,8.681e+08,1,0,
110,2,1324688223566,1324760159789,7,6.07411,4,8.685e+08,1,0,
123,1,1321977792643,1322111425140,8,7.81542,2,8.685e+08,1,0,
284,4,3340456782614,3340590415737,8,0.256699,4,8.683e+08,1,0,
163,2,2040437104387,2040889713732,10,-9.39116,4,8.685e+08,1,0,
163,3,2040437104387,2040889713664,10,0,4,8.685e+08,0,1,
209,1,3361620583111,3361692520936,7,-8.8712,4,8.683e+08,1,0,
209,2,3361620583111,3361692519929,7,-5.51974,4,8.683e+08,1,0,
188,4,321205352680,321657961935,10,-14.3692,2,8.681e+08,1,0,
20,2,316876878280,317123663580,9,-11.1688,4,8.685e+08,1,0,
155,1,517093646625,517227279282,8,-6.94936,4,8.681e+08,1,0,
155,2,517093646625,517227279799,8,-3.75204,4,8.681e+08,1,0,
155,4,517093646625,517227279178,8,-7.15481,4,8.681e+08,1,0,
118,3,2639979224526,2640051161593,7,-5.28561,2,8.683e+08,1,0,
402,1,2638775778155,2638909410690,8,-8.09231,4,8.685e+08,1,0,
112,1,151340297814,153150732503,12,-14.4753,4,8.685e+08,1,0,
240,1,2375757962045,2375829898229,7,14.3313,2,8.683e+08,1,0,
68,2,153918680068,154371289278,10,-8.48091,4,8.685e+08,1,0,
68,3,153918680068,154371288866,10,-8.41318,4,8.685e+08,1,0,
90,2,155201957049,155654566078,10,-3.54529,4,8.685e+08,1,0,
266,2,619862033386,619995666838,8,-4.91998,4,8.685e+08,1,0,
266,3,619862033386,619995666043,8,0,4,8.685e+08,0,1,
378,2,617289136578,617361073795,7,-2.70515,4,8.681e+08,1,0,
378,3,617289136578,617361072858,7,10.819,4,8.681e+08,1,0,
334,1,3200466350983,3200918960078,10,-14.7085,4,8.683e+08,1,0,
334,2,3200466350983,3200918960865,10,-15.4114,4,8.683e+08,1,0,
95,3,795053446952,795506057113,10,-11.0337,2,8.681e+08,1,0,
95,4,795053446952,795506055847,10,9.60489,2,8.681e+08,1,0,
70,2,446258856123,447245993082,11,0.620393,2,8.681e+08,1,0,
355,2,156834407538,157821544696,11,0,4,8.685e+08,0,1,
355,4,156834407538,157821544820,11,0,4,8.685e+08,0,1,
271,1,156938461391,157185246346,9,-8.08426,4,8.681e+08,1,0,
271,3,156938461391,157185246343,9,-4.80078,4,8.681e+08,1,0,
271,4,156938461391,157185247408,9,-8.08426,4,8.681e+08,0,1,
288,3,157111615361,157358401584,9,-0.418319,4,8.685e+08,1,0,
288,4,157111615361,157358400483,9,0,4,8.685e+08,0,1,
199,4,163814206317,164060990949,9,10.2872,2,8.685e+08,1,0,
402,1,1651965691601,1652099324136,8,0.177064,4,8.681e+08,1,0,
402,3,1651965691601,1652099324771,8,11.0725,4,8.681e+08,1,0,
402,4,1651965691601,1652099325304,8,-4.4359,4,8.681e+08,1,0,
45,2,726720366524,726853999341,8,-11.5759,4,8.685e+08,1,0,
244,1,370655249461,370727185900,7,7.9661,2,8.681e+08,1,0,
330,1,163717074891,163789011023,7,5.52293,4,8.685e+08,1,0,
330,4,163717074891,163789011939,7,-4.91685,4,8.685e+08,1,0,
312,2,350900268608,351887405825,11,-4.65466,4,8.685e+08,1,0,
312,4,350900268608,351887405706,11,-8.30829,4,8.685e+08,1,0,
67,2,159112607840,159359392579,9,-11.0546,2,8.685e+08,1,0,
67,3,159112607840,159359392612,9,-11.0546,2,8.685e+08,0,1,
225,1,161619243978,162071852722,10,-14.7524,4,8.681e+08,1,0,
348,1,163399752031,165210185685,12,-4.84724,4,8.685e+08,1,0,
348,4,163399752031,165210185332,12,-19.0045,4,8.685e+08,1,0,
143,1,1879031664877,1880018801944,11,-18.1151,4,8.683e+08,1,0,
143,2,1879031664877,1880018803262,11,-17.6718,4,8.683e+08,1,0,
143,4,1879031664877,1880018803104,11,-6.92493,4,8.683e+08,1,0,
111,4,544238726533,544310662787,7,7.57209,2,8.681e+08,1,0,
113,3,2528843778973,2528915715140,7,15.1905,4,8.683e+08,1,0,
93,1,160401966480,160473902896,7,11.0828,4,8.685e+08,1,0,
308,2,2625776330544,2625848266695,7,-2.41867,4,8.683e+08,1,0,
308,4,2625776330544,2625848267581,7,4.40939,4,8.683e+08,1,0,
84,1,2789348544931,2789801154854,10,-13.9164,4,8.683e+08,1,0,
84,4,2789348544931,2789801153700,10,-2.30424,4,8.683e+08,1,0,
272,1,1800249083947,1801236221655,11,0.55156,4,8.685e+08,1,0,
272,2,1800249083947,1801236221971,11,1.53702,4,8.685e+08,1,0,
272,4,1800249083947,1801236220826,11,11.6338,4,8.685e+08,1,0,
116,2,604314922471,604386859426,7,-1.37022,2,8.681e+08,1,0,
116,4,604314922471,604386858803,7,-5.41359,2,8.681e+08,1,0,
326,1,790335107894,790468741057,8,-3.22835,2,8.685e+08,1,0,
326,2,790335107894,790468740403,8,19.7887,2,8.685e+08,1,0,
326,3,790335107894,790468740737,8,-8.18085,2,8.685e+08,1,0,
326,4,790335107894,790468740844,8,-6.51179,2,8.685e+08,1,0,
11,1,2366434151427,2366886760354,10,-4.91542,4,8.683e+08,1,0,
11,2,2366434151427,2366886761533,10,-15.7168,4,8.683e+08,1,0,
11,3,2366434151427,2366886760500,10,-0.258086,4,8.683e+08,1,0,
180,1,2391066927836,2391519537146,10,-3.32596,4,8.681e+08,1,0,
180,4,2391066927836,2391519538287,10,-3.32596,4,8.681e+08,0,1,
330,1,1819151875497,1819223811629,7,23.3989,4,8.685e+08,1,0,
330,2,1819151875497,1819223813084,7,-7.44337,4,8.685e+08,1,0,
255,3,1104067982609,1104520592942,10,-15.741,4,8.685e+08,1,0,
18,4,1177715186133,1177961970929,9,0,4,8.685e+08,0,1,
173,2,3561090941672,3561543550996,10,-1.70099,4,8.681e+08,1,0,
157,4,2828534275093,2828986883971,10,5.24957,2,8.685e+08,1,0,
221,2,2576155228224,2577142366291,11,-5.14705,4,8.685e+08,1,0,
221,4,2576155228224,2577142365113,11,0,4,8.685e+08,0,1,
305,1,832451609426,832904219762,10,-13.6851,2,8.685e+08,1,0,
305,2,832451609426,832904218470,10,-12.8702,2,8.685e+08,1,0,
31,1,738960378948,739947516333,11,-2.10101,4,8.685e+08,0,1,
31,4,738960378948,739947515791,11,-2.10101,4,8.685e+08,1,0,
353,2,1088279560228,1088526344931,9,-5.68904,4,8.681e+08,1,0,
353,4,1088279560228,1088526346014,9,5.9904,4,8.681e+08,1,0,
39,2,2553618967112,2553690903303,7,0,4,8.683e+08,0,1,
276,1,1409179398801,1409313031250,8,-1.40684,4,8.683e+08,1,0,
276,4,1409179398801,1409313031616,8,-7.51904,4,8.683e+08,1,0,
9,1,2810816041609,2810887978746,7,2.13893,4,8.683e+08,1,0,
118,2,288759823046,288831759314,7,5.62493,2,8.685e+08,1,0,
278,1,289345318723,289478952080,8,-11.7077,4,8.681e+08,1,0,
278,2,289345318723,289478952376,8,-7.36699,4,8.681e+08,1,0,
220,3,1578231940596,1578303877173,7,-6.41479,4,8.681e+08,1,0,
215,1,1352041826760,1352113763887,7,-1.66266,4,8.685e+08,1,0,
215,3,1352041826760,1352113762817,7,0.988023,4,8.685e+08,1,0,
286,2,1377868366457,1378115151301,9,3.42114,4,8.685e+08,1,0,
286,3,1377868366457,1378115152170,9,-6.78567,4,8.685e+08,1,0,
39,2,1073265381888,1073337318079,7,11.2603,4,8.681e+08,1,0,
39,4,1073265381888,1073337319245,7,-6.60585,4,8.681e+08,1,0,
252,1,294115620632,294568229947,10,0.215211,4,8.685e+08,1,0,
252,3,294115620632,294568229950,10,1.23572,4,8.685e+08,1,0,
252,4,294115620632,294568231060,10,-8.73573,4,8.685e+08,1,0,
209,4,290980463057,291052399856,7,-6.75561,4,8.685e+08,1,0,
387,2,1886732384844,1886804321025,7,1.29573,4,8.683e+08,1,0,
205,1,2585251390637,2585323326736,7,44.3385,4,8.685e+08,1,0,
362,1,1589501358481,1590488496644,11,-15.4557,4,8.685e+08,0,1,
362,3,1589501358481,1590488495672,11,-7.79625,4,8.685e+08,1,0,
362,4,1589501358481,1590488496473,11,-15.4557,4,8.685e+08,1,0,
344,2,3405357985189,3405491617881,8,-10.5439,4,8.681e+08,1,0,
344,3,3405357985189,3405491617955,8,3.11493,4,8.681e+08,1,0,
344,4,3405357985189,3405491618117,8,-10.9701,4,8.681e+08,1,0,
67,2,3405840702449,3406087487188,9,0.392411,2,8.683e+08,1,0,
67,3,3405840702449,3406087487221,9,-8.6512,2,8.683e+08,1,0,
374,1,3413415533340,3414402670753,11,-3.51178,4,8.683e+08,1,0,
374,3,3413415533340,3414402670649,11,-10.5604,4,8.683e+08,1,0,
374,4,3413415533340,3414402671844,11,-13.04,4,8.683e+08,1,0,
246,3,2411000827177,2411247612979,9,1.84491,4,8.685e+08,1,0,
246,4,2411000827177,2411247612580,9,-10.5541,4,8.685e+08,1,0,
167,1,159410201884,159482139194,7,5.59097,4,8.681e+08,1,0,
167,3,159410201884,159482138282,7,0,4,8.681e+08,0,1,
227,2,3595599004045,3595670940409,7,-2.75766,4,8.681e+08,1,0,
319,1,2541186751204,2542173889865,11,-11.955,4,8.681e+08,1,0,
319,2,2541186751204,2542173888488,11,-17.0077,4,8.681e+08,1,0,
319,3,2541186751204,2542173889663,11,-12.9925,4,8.681e+08,1,0,
319,4,2541186751204,2542173888842,11,-10.4464,4,8.681e+08,1,0,
215,2,351238711685,351310648843,7,18.2759,4,8.685e+08,1,0,
215,3,351238711685,351310647742,7,0,4,8.685e+08,0,1,
215,4,351238711685,351310649300,7,-0.873778,4,8.685e+08,1,0,
393,1,355855494267,355927430795,7,-7.09154,2,8.685e+08,1,0,
393,3,355855494267,355927431194,7,8.76394,2,8.685e+08,1,0,
393,4,355855494267,355927431118,7,-5.91205,2,8.685e+08,1,0,
98,4,366201012383,366334645841,8,-0.588805,4,8.681e+08,1,0,
233,1,374610573755,374682510959,7,-7.21548,4,8.681e+08,1,0,
233,2,374610573755,374682511577,7,-7.93137,4,8.681e+08,1,0,
233,3,374610573755,374682510410,7,-4.32376,4,8.681e+08,1,0,
178,3,342703367724,342775303924,7,11.8871,4,8.685e+08,1,0,
178,4,342703367724,342775305573,7,-9.21919,4,8.685e+08,1,0,
218,2,342497792151,342569729138,7,-0.904967,4,8.685e+08,1,0,
218,4,342497792151,342569728354,7,-7.08894,4,8.685e+08,1,0,
92,4,341636457412,341708394331,7,7.11247,2,8.681e+08,1,0,
388,3,643032541388,643166175233,8,-5.24109,4,8.681e+08,1,0,
292,3,1228838620025,1229291229402,10,-16.3764,2,8.683e+08,1,0,
292,4,1228838620025,1229291230302,10,-16.1634,2,8.683e+08,1,0,
277,1,805598578931,805845363545,9,0,4,8.681e+08,0,1,
277,2,805598578931,805845365213,9,-9.56224,4,8.681e+08,1,0,
107,2,2569347914434,2569594699538,9,9.06542,2,8.685e+08,1,0,
354,3,1277430348050,1277563980792,8,-8.73924,2,8.685e+08,1,0,
31,1,2177573751784,2178560889169,11,-9.03021,4,8.685e+08,1,0,
31,3,2177573751784,2178560890084,11,-9.03021,4,8.685e+08,0,1,
31,4,2177573751784,2178560888627,11,-12.5602,4,8.685e+08,1,0,
398,1,1851770701674,1852017486476,9,-9.82291,2,8.685e+08,1,0,
398,3,1851770701674,1852017487650,9,-9.82291,2,8.685e+08,0,1,
365,1,1267320860680,1267392796881,7,-2.12532,2,8.683e+08,1,0,
365,4,1267320860680,1267392797692,7,-8.4388,2,8.683e+08,1,0,
220,1,2522537675252,2522609612263,7,13.3911,4,8.683e+08,0,1,
220,3,2522537675252,2522609611829,7,13.3911,4,8.683e+08,1,0,
200,1,380536002299,380607938588,7,11.5589,4,8.681e+08,1,0,
200,2,380536002299,380607940255,7,-2.85609,4,8.681e+08,1,0,
287,2,2403855743884,2403927680488,7,-7.6658,4,8.683e+08,1,0,
287,3,2403855743884,2403927680673,7,0.684388,4,8.683e+08,1,0,
300,1,2406829600958,2407076385679,9,-3.64204,4,8.685e+08,1,0,
300,2,2406829600958,2407076386958,9,2.67058,4,8.685e+08,0,1,
300,4,2406829600958,2407076386011,9,2.67058,4,8.685e+08,1,0,
88,2,298115245842,298187182805,7,2.33041,4,8.681e+08,0,1,
88,3,298115245842,298187182107,7,2.33041,4,8.681e+08,1,0,
366,3,1207701498515,1208688636913,11,-12.5797,4,8.685e+08,1,0,
366,4,1207701498515,1208688635559,11,-3.43738,4,8.685e+08,1,0,
122,1,2460362970906,2461350108082,11,0,4,8.683e+08,0,1,
122,3,2460362970906,2461350108204,11,-9.06834,4,8.683e+08,1,0,
106,2,1074623893853,1074695830174,7,-0.312469,2,8.681e+08,1,0,
136,2,2131194251130,2131441036004,9,-2.69105,2,8.683e+08,1,0,
136,3,2131194251130,2131441037148,9,-4.47777,2,8.683e+08,1,0,
7,3,2138861693370,2138933629859,7,5.15701,4,8.685e+08,1,0,
165,2,2137030952654,2137277739114,9,-10.8218,4,8.685e+08,1,0,
327,2,566496826278,566568763103,7,1.96617,4,8.685e+08,1,0,
327,3,566496826278,566568762675,7,-2.70807,4,8.685e+08,1,0,
327,4,566496826278,566568763590,7,-8.26457,4,8.685e+08,1,0,
401,1,2535303890759,2535756500763,10,0.0761117,4,8.681e+08,0,1,
401,2,2535303890759,2535756500042,10,0.0761117,4,8.681e+08,1,0,
401,4,2535303890759,2535756499596,10,0,4,8.681e+08,0,1,
120,4,289270639552,289517425258,9,-7.26259,2,8.685e+08,1,0,
20,2,1814685700602,1814932485902,9,-7.17216,4,8.685e+08,1,0,
350,1,162761298412,163748435532,11,-18.9617,2,8.685e+08,1,0,
180,1,167489005345,167941614655,10,0,4,8.685e+08,0,1,
180,3,167489005345,167941614773,10,-15.9257,4,8.685e+08,1,0,
168,1,164863066937,164996699953,8,9.73921,4,8.685e+08,1,0,
350,1,261474898422,262462035542,11,0.264039,2,8.681e+08,1,0,
350,2,261474898422,262462036746,11,1.64874,2,8.681e+08,1,0,
350,3,261474898422,262462035682,11,9.36588,2,8.681e+08,1,0,
350,4,261474898422,262462036673,11,-14.8565,2,8.681e+08,1,0,
347,1,175089592768,175161529062,7,5.13905,4,8.681e+08,1,0,
347,3,175089592768,175161530241,7,2.07999,4,8.681e+08,1,0,
249,1,165140557147,165212495224,7,-7.75769,4,8.685e+08,1,0,
164,1,198567430724,200377865336,12,-21.4871,4,8.681e+08,1,0,
164,2,198567430724,200377864045,12,-11.7552,4,8.681e+08,1,0,
177,4,169660830658,169732767012,7,-6.70644,4,8.685e+08,1,0,
244,1,175342341967,175414278406,7,10.8857,2,8.681e+08,1,0,
244,3,175342341967,175414279584,7,-1.92952,2,8.681e+08,1,0,
244,4,175342341967,175414279265,7,-1.38037,2,8.681e+08,1,0,
170,3,179034754904,179281540743,9,-3.61664,4,8.685e+08,1,0,
115,3,175798178643,175870114712,7,43.4708,2,8.685e+08,1,0,
42,2,284720420181,284792356533,7,0,4,8.685e+08,0,1,
42,4,284720420181,284792357492,7,-4.99348,4,8.685e+08,1,0,
337,1,178187594736,179998029362,12,-17.4414,4,8.685e+08,1,0,
337,2,178187594736,179998028418,12,-0.759887,4,8.685e+08,1,0,
337,3,178187594736,179998029492,12,-17.4414,4,8.685e+08,0,1,
337,4,178187594736,179998028196,12,0,4,8.685e+08,0,1,
23,4,178888433522,179341042682,10,0,4,8.685e+08,0,1,
203,1,208487143795,210297578405,12,-16.8141,4,8.681e+08,1,0,
203,2,208487143795,210297577297,12,-21.0933,4,8.681e+08,1,0,
203,4,208487143795,210297577275,12,0,4,8.681e+08,0,1,
84,4,177409685352,177862294121,10,-13.6849,4,8.685e+08,1,0,
263,1,181939117350,182391727806,10,0,4,8.685e+08,0,1,
263,2,181939117350,182391726929,10,0,4,8.685e+08,0,1,
193,2,181280402743,181414035611,8,-2.26599,4,8.685e+08,1,0,
193,3,181280402743,181414035616,8,-8.80847,4,8.685e+08,1,0,
193,4,181280402743,181414035539,8,-7.73028,4,8.685e+08,1,0,
255,4,2864728837700,2865181446412,10,-5.98344,4,8.683e+08,1,0,
258,2,2775083605030,2775155541269,7,29.8885,4,8.683e+08,1,0,
284,1,2595542277681,2595675910479,8,-8.9028,4,8.685e+08,1,0,
284,3,2595542277681,2595675910236,8,-3.0275,4,8.685e+08,1,0,
338,1,783345164438,783591950454,9,-11.0162,4,8.683e+08,1,0,
338,2,783345164438,783591949733,9,-13.4287,4,8.683e+08,1,0,
91,3,2822230931160,2822683540203,10,-13.3485,4,8.683e+08,1,0,
378,2,2870465256661,2870537193878,7,0,4,8.683e+08,0,1,
378,3,2870465256661,2870537192941,7,0,4,8.683e+08,0,1,
378,4,2870465256661,2870537194149,7,1.22221,4,8.683e+08,1,0,
364,4,1109752430491,1109999216266,9,-6.68089,4,8.681e+08,1,0,
257,1,1623849007149,1623920944042,7,2.00147,4,8.683e+08,1,0,
257,2,1623849007149,1623920944776,7,2.00147,4,8.683e+08,0,1,
257,3,1623849007149,1623920943704,7,4.04298,4,8.683e+08,1,0,
307,1,563919281123,563991217457,7,-2.70814,4,8.681e+08,1,0,
307,2,563919281123,563991218473,7,1.85307,4,8.681e+08,1,0,
307,3,563919281123,563991218026,7,-4.11964,4,8.681e+08,1,0,
314,4,2024109528502,2024181465380,7,-0.541228,4,8.683e+08,1,0,
309,1,359275087138,359727696722,10,-13.0781,4,8.681e+08,1,0,
309,3,359275087138,359727695846,10,-10.8554,4,8.681e+08,1,0,
386,2,1158026896104,1158273680869,9,-4.45599,4,8.685e+08,1,0,
65,2,351593325335,351726958815,8,-6.44511,4,8.681e+08,1,0,
65,4,351593325335,351726957863,8,-2.71736,4,8.681e+08,1,0,
113,2,2625995438377,2626067375691,7,-2.97917,4,8.683e+08,1,0,
113,3,2625995438377,2626067374544,7,-3.63167,4,8.683e+08,1,0,
326,1,2606529840173,2606663473336,8,-2.44334,2,8.685e+08,1,0,
326,4,2606529840173,2606663473123,8,-1.92645,2,8.685e+08,1,0,
74,1,179260207239,179332143934,7,-8.99553,4,8.685e+08,1,0,
74,4,179260207239,179332143724,7,-2.33748,4,8.685e+08,1,0,
230,2,181050481512,181122417543,7,29.998,4,8.685e+08,1,0,
142,1,1880469477088,1880541413578,7,18.6515,4,8.683e+08,1,0,
142,2,1880469477088,1880541414374,7,10.8291,4,8.683e+08,1,0,
310,1,2665807410622,2665879347599,7,4.83511,4,8.681e+08,1,0,
310,3,2665807410622,2665879347077,7,0.531724,4,8.681e+08,1,0,
300,1,2661732335876,2661979120597,9,0,4,8.683e+08,0,1,
300,3,2661732335876,2661979121723,9,-11.9507,4,8.683e+08,1,0,
257,1,3201441170932,3201513107825,7,4.77468,4,8.681e+08,1,0,
257,3,3201441170932,3201513107487,7,1.78212,4,8.681e+08,1,0,
247,2,565045129074,565497738463,10,-8.42499,2,8.681e+08,1,0,
247,4,565045129074,565497738529,10,-14.6833,2,8.681e+08,1,0,
208,2,1273832115733,1275642549226,12,-20.4206,2,8.685e+08,1,0,
208,3,1273832115733,1275642549015,12,-13.9456,2,8.685e+08,1,0,
208,4,1273832115733,1275642550289,12,-2.4769,2,8.685e+08,1,0,
159,1,1130203090824,1130336723946,8,0.067643,4,8.685e+08,1,0,
159,2,1130203090824,1130336723468,8,-7.35348,4,8.685e+08,1,0,
159,4,1130203090824,1130336723434,8,-5.85469,4,8.685e+08,1,0,
72,1,1819008475858,1819080412213,7,25.9231,4,8.685e+08,1,0,
72,2,1819008475858,1819080413880,7,-5.54597,4,8.685e+08,1,0,
72,3,1819008475858,1819080413324,7,-2.46593,4,8.685e+08,1,0,
384,1,2885027965531,2886838399098,12,0,2,8.683e+08,0,1,
384,3,2885027965531,2886838400112,12,0,2,8.683e+08,0,1,
384,4,2885027965531,2886838398735,12,0,2,8.683e+08,0,1,
259,1,3068102964625,3069913398171,12,-17.0209,4,8.683e+08,0,1,
259,3,3068102964625,3069913399174,12,-17.5315,4,8.683e+08,1,0,
259,4,3068102964625,3069913397786,12,-17.0209,4,8.683e+08,1,0,
112,1,1786945172380,1788755607069,12,-22.3358,4,8.685e+08,1,0,
5,1,2543040441942,2543174075590,8,-11.2528,4,8.681e+08,1,0,
5,2,2543040441942,2543174075295,8,-6.93141,4,8.681e+08,1,0,
333,1,189940057040,191750490678,12,-3.80966,4,8.685e+08,1,0,
333,2,189940057040,191750491878,12,-22.438,4,8.685e+08,1,0,
333,3,189940057040,191750490761,12,-3.80966,4,8.685e+08,0,1,
333,4,189940057040,191750491828,12,-20.4267,4,8.685e+08,1,0,
354,1,180160687043,180294319941,8,-7.08296,2,8.685e+08,1,0,
354,3,180160687043,180294319785,8,5.84889,2,8.685e+08,1,0,
135,3,180389206233,181376344234,11,-12.452,2,8.685e+08,1,0,
135,4,180389206233,181376343492,11,-14.6994,2,8.685e+08,1,0,
282,3,181775289273,182227899569,10,-8.11076,4,8.685e+08,1,0,
113,1,183755776263,183827713552,7,-8.06438,4,8.685e+08,1,0,
113,3,183755776263,183827712430,7,13.3508,4,8.685e+08,1,0,
148,1,823061818640,824872252046,12,-10.8081,4,8.685e+08,1,0,
148,4,823061818640,824872252015,12,-5.19194,4,8.685e+08,1,0,
303,2,186633520718,186767154787,8,1.54427,4,8.685e+08,1,0,
303,4,186633520718,186767154335,8,-1.68457,4,8.685e+08,1,0,
76,4,356975667454,357047603824,7,7.46273,2,8.681e+08,1,0,
41,1,1657301349183,1657373286160,7,-9.05807,4,8.685e+08,1,0,
41,2,1657301349183,1657373286346,7,-6.64729,4,8.685e+08,1,0,
41,3,1657301349183,1657373285389,7,6.82761,4,8.685e+08,1,0,
206,1,1657434262778,1657567895464,8,-9.57516,4,8.683e+08,1,0,
206,3,1657434262778,1657567896254,8,-8.37286,4,8.683e+08,1,0,
206,4,1657434262778,1657567896635,8,-4.38695,4,8.683e+08,1,0,
95,4,738368282176,738820891071,10,-11.6628,2,8.681e+08,1,0,
289,2,3582749243685,3584559678045,12,-11.0074,4,8.685e+08,0,1,
289,3,3582749243685,3584559677106,12,0,4,8.685e+08,0,1,
289,4,3582749243685,3584559677782,12,-11.0074,4,8.685e+08,1,0,
28,3,600692687340,600826319999,8,-2.39542,4,8.685e+08,1,0,
274,1,1842719077934,1844529511401,12,-4.27927,2,8.681e+08,1,0,
274,2,1842719077934,1844529512393,12,-10.7491,2,8.681e+08,1,0,
274,4,1842719077934,1844529511244,12,-4.80891,2,8.681e+08,1,0,
74,1,3306732634852,3306804571547,7,-5.14261,4,8.683e+08,1,0,
320,2,317582879061,318570016685,11,13.5335,2,8.685e+08,1,0,
320,4,317582879061,318570016307,11,-5.46332,2,8.685e+08,1,0,
352,4,321406095534,322393234182,11,-11.3762,4,8.685e+08,1,0,
363,2,1589318961563,1589390898346,7,-2.66247,4,8.685e+08,1,0,
363,3,1589318961563,1589390899180,7,-3.50156,4,8.685e+08,1,0,
363,4,1589318961563,1589390898073,7,-1.48489,4,8.685e+08,1,0,
194,1,184166206817,184238143519,7,6.37832,4,8.685e+08,1,0,
194,3,184166206817,184238144699,7,-6.74208,4,8.685e+08,1,0,
94,1,184051962896,184504573297,10,-13.4579,4,8.685e+08,1,0,
94,4,184051962896,184504572387,10,0,4,8.685e+08,0,1,
338,4,184114588393,184361374634,9,0,4,8.681e+08,0,1,
14,1,400405600134,400477536258,7,-6.86609,4,8.681e+08,1,0,
14,2,400405600134,400477537925,7,16.5829,4,8.681e+08,1,0,
126,1,404486421099,404620053790,8,2.32315,2,8.681e+08,1,0,
126,3,404486421099,404620053722,8,2.97351,2,8.681e+08,1,0,
373,1,301102683041,301349468655,9,-12.1728,4,8.681e+08,1,0,
93,3,301471786868,301543724434,7,-4.42285,4,8.681e+08,1,0,
390,2,303529987897,303776772904,9,-10.9863,4,8.685e+08,1,0,
56,2,3146824992416,3147812130882,11,-19.0196,4,8.685e+08,1,0,
56,4,3146824992416,3147812129826,11,-15.2318,4,8.685e+08,1,0,
333,1,593371784829,595182218467,12,0,4,8.681e+08,0,1,
333,4,593371784829,595182219617,12,-16.0076,4,8.681e+08,1,0,
94,2,1880815329961,1881267938872,10,0,4,8.685e+08,0,1,
94,3,1880815329961,1881267940052,10,-16.3465,4,8.685e+08,0,1,
94,4,1880815329961,1881267939452,10,-16.3465,4,8.685e+08,1,0,
396,3,1881332866342,1881466499277,8,-4.35252,2,8.683e+08,1,0,
121,1,892708044589,892954830496,9,-9.13435,4,8.685e+08,1,0,
121,2,892708044589,892954829108,9,4.33381,4,8.685e+08,1,0,
121,3,892708044589,892954830253,9,-12.9677,4,8.685e+08,1,0,
121,4,892708044589,892954829656,9,-6.97221,4,8.685e+08,1,0,
46,2,824995357379,825128990552,8,-3.94983,2,8.681e+08,1,0,
46,3,824995357379,825128989927,8,-2.38762,2,8.681e+08,1,0,
237,1,1099967173297,1100039109691,7,16.2827,4,8.685e+08,1,0,
53,1,413454257213,413587891114,8,-3.30994,2,8.685e+08,1,0,
44,1,524973071400,526783504746,12,-1.56596,4,8.681e+08,1,0,
44,4,524973071400,526783505031,12,-1.56596,4,8.681e+08,0,1,
379,3,414555904377,415543041086,11,-8.21319,4,8.681e+08,1,0,
379,4,414555904377,415543042676,11,-17.8702,4,8.681e+08,1,0,
229,2,2073739377868,2074191987066,10,-5.38277,4,8.683e+08,1,0,
229,4,2073739377868,2074191987428,10,-13.2549,4,8.683e+08,1,0,
68,2,414489620984,414942230194,10,1.28464,4,8.681e+08,0,1,
68,3,414489620984,414942229782,10,1.28464,4,8.681e+08,1,0,
68,4,414489620984,414942231141,10,-6.02364,4,8.681e+08,1,0,
391,3,414051702427,414123638564,7,19.6661,4,8.681e+08,1,0,
391,4,414051702427,414123640028,7,-5.58461,4,8.681e+08,1,0,
202,2,415725558606,416178167428,10,-14.4854,4,8.681e+08,1,0,
202,3,415725558606,416178168509,10,-16.223,4,8.681e+08,1,0,
161,1,586059092609,586131029426,7,13.9075,4,8.681e+08,1,0,
161,3,586059092609,586131029114,7,-8.24481,4,8.681e+08,1,0,
94,4,1183048346604,1183500956095,10,-9.63513,4,8.681e+08,1,0,
72,1,2794786234743,2794858171098,7,3.81273,4,8.683e+08,1,0,
72,2,2794786234743,2794858172765,7,8.55277,4,8.683e+08,1,0,
57,3,1986358201793,1987345338818,11,-17.7353,4,8.683e+08,1,0,
266,1,185004973766,185138606313,8,9.54855,4,8.685e+08,1,0,
266,2,185004973766,185138607218,8,1.28652,4,8.685e+08,1,0,
173,1,186357840328,186810450773,10,3.17407,4,8.685e+08,1,0,
173,3,186357840328,186810450768,10,-13.6059,4,8.685e+08,1,0,
187,1,185534125350,187344558714,12,-11.4684,2,8.685e+08,1,0,
187,4,185534125350,187344558939,12,-12.0462,2,8.685e+08,1,0,
59,1,186597529159,186844314852,9,-10.2282,4,8.685e+08,1,0,
59,2,186597529159,186844313912,9,-13.3698,4,8.685e+08,1,0,
59,4,186597529159,186844313855,9,-6.86871,4,8.685e+08,1,0,
98,3,196605427231,196739060904,8,0,4,8.685e+08,0,1,
388,1,596185241616,596318874313,8,-9.77684,4,8.681e+08,1,0,
388,2,596185241616,596318875941,8,1.04543,4,8.681e+08,1,0,
388,3,596185241616,596318875461,8,-9.72551,4,8.681e+08,1,0,
287,2,602949113617,603021050221,7,-7.53497,4,8.681e+08,1,0,
327,2,2011955830881,2012027767706,7,-3.08847,4,8.681e+08,1,0,
327,3,2011955830881,2012027767278,7,-6.40837,4,8.681e+08,1,0,
224,1,195343263903,195590049132,9,-11.2652,4,8.681e+08,1,0,
224,2,195343263903,195590049667,9,-7.21539,4,8.681e+08,1,0,
224,3,195343263903,195590049971,9,-10.4217,4,8.681e+08,1,0,
224,4,195343263903,195590048493,9,-13.7272,4,8.681e+08,1,0,
139,1,2897707330553,2899517764223,12,-10.7917,4,8.683e+08,1,0,
139,4,2897707330553,2899517763933,12,0,4,8.683e+08,0,1,
301,4,1591485580195,1591732365471,9,0,2,8.685e+08,0,1,
47,1,2041127772716,2041199708880,7,-6.20686,4,8.685e+08,1,0,
47,3,2041127772716,2041199710059,7,-6.72414,4,8.685e+08,1,0,
231,1,868460062749,870270496433,12,-11.5477,2,8.681e+08,1,0,
231,2,868460062749,870270497291,12,-11.5477,2,8.681e+08,0,1,
231,3,868460062749,870270497474,12,-11.5477,2,8.681e+08,0,1,
57,3,875271299848,876258436873,11,-7.72253,4,8.685e+08,1,0,
57,4,875271299848,876258438377,11,-15.2186,4,8.685e+08,1,0,
50,2,190490056935,190561993490,7,-5.33032,4,8.681e+08,1,0,
291,1,190223592782,190295529963,7,-4.74068,4,8.685e+08,1,0,
291,3,190223592782,190295528871,7,18.1094,4,8.685e+08,1,0,
137,1,213062853395,213515462995,10,-4.1391,4,8.681e+08,1,0,
137,3,213062853395,213515462388,10,-9.36421,4,8.681e+08,1,0,
208,3,201390179665,203200612947,12,0,2,8.681e+08,0,1,
208,4,201390179665,203200614221,12,0,2,8.681e+08,0,1,
277,1,2832373346976,2832620131590,9,2.31278,4,8.685e+08,1,0,
277,2,2832373346976,2832620133258,9,-9.31761,4,8.685e+08,1,0,
277,3,2832373346976,2832620132659,9,-11.0499,4,8.685e+08,1,0,
218,4,3417809190179,3417881126382,7,19.3074,4,8.683e+08,1,0,
238,1,1852692186941,1852938971621,9,2.59726,4,8.685e+08,1,0,
238,3,1852692186941,1852938972149,9,2.59726,4,8.685e+08,0,1,
143,1,2713973568389,2714960705456,11,3.43749,4,8.683e+08,1,0,
143,3,2713973568389,2714960705756,11,-16.5495,4,8.683e+08,1,0,
381,3,836486812723,836558749336,7,-2.31766,4,8.685e+08,1,0,
260,2,1271623630350,1272076239811,10,-8.4789,4,8.683e+08,1,0,
260,4,1271623630350,1272076239540,10,0,4,8.683e+08,0,1,
355,1,1283912228019,1284899366373,11,-11.2852,4,8.681e+08,1,0,
355,4,1283912228019,1284899365301,11,-17.3197,4,8.681e+08,1,0,
21,1,1988395093790,1988847704079,10,-7.98975,4,8.683e+08,1,0,
57,1,523108979665,524096117869,11,0,4,8.681e+08,0,1,
57,3,523108979665,524096116690,11,0,4,8.681e+08,0,1,
65,4,1314175517218,1314309149746,8,-11.7421,4,8.685e+08,1,0,
283,1,1315690273625,1315823906136,8,0,4,8.685e+08,0,1,
283,2,1315690273625,1315823907284,8,-11.6343,4,8.685e+08,0,1,
283,3,1315690273625,1315823907157,8,-11.6343,4,8.685e+08,1,0,
283,4,1315690273625,1315823906442,8,4.11465,4,8.685e+08,1,0,
322,2,1369467995806,1369714781489,9,-6.05687,4,8.685e+08,1,0,
322,3,1369467995806,1369714780372,9,7.49407,4,8.685e+08,1,0,
388,1,1811493456657,1811627089354,8,3.09184,4,8.683e+08,1,0,
273,3,561575370448,561647307964,7,-1.85654,4,8.685e+08,1,0,
232,1,298879854131,299332463056,10,-5.40964,4,8.681e+08,1,0,
232,3,298879854131,299332464212,10,-12.7249,4,8.681e+08,1,0,
382,1,326404963732,326476900696,7,-8.36592,2,8.681e+08,1,0,
382,4,326404963732,326476899948,7,19.3475,2,8.681e+08,1,0,
269,4,540518601553,541505738954,11,-7.13824,4,8.681e+08,1,0,
129,1,1323100899302,1324911332744,12,2.11749,4,8.685e+08,1,0,
50,1,1061001717372,1061073654989,7,-7.76263,4,8.685e+08,1,0,
50,2,1061001717372,1061073653927,7,12.9946,4,8.685e+08,1,0,
240,1,1159631233060,1159703169244,7,1.0663,2,8.685e+08,1,0,
240,4,1159631233060,1159703170390,7,11.1368,2,8.685e+08,1,0,
92,1,1152706025768,1152777962160,7,-3.60748,2,8.685e+08,1,0,
92,2,1152706025768,1152777963453,7,-3.60748,2,8.685e+08,0,1,
381,1,1152348108524,1152420045230,7,5.61592,4,8.683e+08,1,0,
381,2,1152348108524,1152420045560,7,5.61592,4,8.683e+08,0,1,
91,2,1233646000298,1234098609929,10,-8.32915,4,8.685e+08,1,0,
91,3,1233646000298,1234098609341,10,-2.27449,4,8.685e+08,1,0,
22,1,2024405563311,2024477499972,7,4.9629,4,8.683e+08,1,0,
22,4,2024405563311,2024477499847,7,-5.47179,4,8.683e+08,1,0,
189,2,197088595353,197541204517,10,0,4,8.681e+08,0,1,
248,2,194927102698,195379711547,10,1.49555,4,8.681e+08,1,0,
248,3,194927102698,195379712694,10,-16.3189,4,8.681e+08,1,0,
210,1,199243634534,199315571403,7,-8.31375,4,8.681e+08,1,0,
210,3,199243634534,199315571980,7,-4.7159,4,8.681e+08,1,0,
210,4,199243634534,199315570846,7,-3.11014,4,8.681e+08,1,0,
162,1,194879136974,195866274062,11,0,2,8.685e+08,0,1,
162,2,194879136974,195866275224,11,-8.96838,2,8.685e+08,1,0,
162,3,194879136974,195866275177,11,-9.69108,2,8.685e+08,1,0,
162,4,194879136974,195866274154,11,-16.5902,2,8.685e+08,1,0,
23,3,224149233532,224601843945,10,-10.601,4,8.681e+08,1,0,
331,1,2806731481149,2806978267296,9,-6.25777,4,8.681e+08,1,0,
331,2,2806731481149,2806978265751,9,3.81598,4,8.681e+08,1,0,
331,3,2806731481149,2806978266491,9,-12.0188,4,8.681e+08,1,0,
82,3,800680970352,800752906618,7,0.00340353,4,8.685e+08,1,0,
154,1,3367685366950,3367818999705,8,0.0302437,4,8.683e+08,1,0,
154,2,3367685366950,3367819001373,8,-1.09799,4,8.683e+08,1,0,
154,3,3367685366950,3367819000744,8,-1.77325,4,8.683e+08,1,0,
207,2,634194526183,634647135903,10,-9.65095,4,8.681e+08,1,0,
207,4,634194526183,634647134788,10,-3.11626,4,8.681e+08,1,0,
121,2,3179478980000,3179725764519,9,-0.668639,4,8.683e+08,1,0,
226,1,2541202316674,2541274252901,7,-6.36975,4,8.681e+08,1,0,
86,2,304117196687,304363981608,9,1.27139,2,8.681e+08,1,0,
86,4,304117196687,304363981601,9,3.49329,2,8.681e+08,1,0,
92,1,1354653493730,1354725430122,7,3.48367,2,8.685e+08,1,0,
92,3,1354653493730,1354725431195,7,-4.13507,2,8.685e+08,1,0,
183,2,1345766611099,1346753748674,11,-14.9593,4,8.683e+08,1,0,
183,4,1345766611099,1346753749836,11,-14.9593,4,8.683e+08,0,1,
79,1,3351424727290,3351558360532,8,-4.341,2,8.685e+08,1,0,
79,4,3351424727290,3351558359742,8,9.38966,2,8.685e+08,1,0,
173,3,787124237650,787576848090,10,0,4,8.685e+08,0,1,
21,1,297988657427,298441267716,10,-10.6847,4,8.681e+08,1,0,
21,2,297988657427,298441266341,10,0,4,8.681e+08,0,1,
12,4,304362901931,304815510701,10,-4.65543,4,8.685e+08,1,0,
225,1,1102556014172,1103008622916,10,0,4,8.685e+08,0,1,
225,3,1102556014172,1103008623601,10,-8.8658,4,8.685e+08,1,0,
225,4,1102556014172,1103008624095,10,-8.8658,4,8.685e+08,0,1,
354,1,1290793548060,1290927180958,8,6.99242,2,8.683e+08,1,0,
37,1,203048948383,203182582036,8,-1.10814,2,8.685e+08,1,0,
37,3,203048948383,203182580931,8,-8.99962,2,8.685e+08,1,0,
147,1,198291742263,198744352062,10,-9.46097,4,8.685e+08,1,0,
147,2,198291742263,198744351444,10,2.95473,4,8.685e+08,0,1,
147,3,198291742263,198744350897,10,2.95473,4,8.685e+08,1,0,
362,4,527500622106,528487760098,11,-7.22101,4,8.681e+08,1,0,
317,2,1141771990213,1141905623036,8,3.07152,2,8.683e+08,1,0,
317,4,1141771990213,1141905623041,8,10.6329,2,8.683e+08,1,0,
354,1,342177570077,342311202975,8,-10.8785,2,8.681e+08,1,0,
354,2,342177570077,342311202858,8,-3.43684,2,8.681e+08,1,0,
354,3,342177570077,342311202819,8,-11.6929,2,8.681e+08,1,0,
354,4,342177570077,342311203007,8,1.68829,2,8.681e+08,1,0,
339,3,1334353302611,1334600088138,9,-10.1664,4,8.685e+08,1,0,
185,1,1334664390026,1335116998958,10,-15.5114,2,8.681e+08,1,0,
185,3,1334664390026,1335117000137,10,5.94223,2,8.681e+08,1,0,
185,4,1334664390026,1335116999556,10,-15.5114,2,8.681e+08,0,1,
358,2,1335002116129,1335074053102,7,1.58185,4,8.683e+08,1,0,
358,3,1335002116129,1335074052480,7,2.92798,4,8.683e+08,1,0,
329,2,1271236612171,1272223749446,11,5.03886,4,8.681e+08,1,0,
329,3,1271236612171,1272223749403,11,-12.0016,4,8.681e+08,1,0,
201,2,282682737454,282754673822,7,7.46771,4,8.681e+08,1,0,
201,4,282682737454,282754674873,7,4.54712,4,8.681e+08,1,0,
176,1,2081014269351,2081261055462,9,-12.1673,4,8.683e+08,1,0,
176,2,2081014269351,2081261054436,9,12.1178,4,8.683e+08,1,0,
389,1,2612345027950,2612591813470,9,-11.2109,4,8.683e+08,1,0,
389,2,2612345027950,2612591814110,9,-11.7803,4,8.683e+08,1,0,
345,1,196086671276,197073808466,11,-12.6389,2,8.681e+08,1,0,
211,1,267205563427,267339196099,8,-4.87968,4,8.681e+08,1,0,
114,3,196956977678,197090610161,8,-6.0266,4,8.685e+08,1,0,
334,1,556788893747,557241502842,10,-3.46085,4,8.681e+08,1,0,
334,3,556788893747,557241502493,10,-2.3723,4,8.681e+08,1,0,
306,1,1301448576230,1301695361092,9,-11.8291,4,8.683e+08,1,0,
306,4,1301448576230,1301695361332,9,-13.3726,4,8.683e+08,1,0,
234,2,615499415287,616486552594,11,-15.8338,2,8.685e+08,1,0,
234,4,615499415287,616486553753,11,-7.64555,2,8.685e+08,1,0,
119,4,608967160633,609039097102,7,7.19631,4,8.681e+08,1,0,
319,1,879024059769,880011198430,11,-11.2554,4,8.685e+08,1,0,
319,2,879024059769,880011197053,11,-6.59932,4,8.685e+08,1,0,
187,1,879049246296,880859679660,12,8.09532,2,8.681e+08,1,0,
187,3,879049246296,880859680823,12,-21.4294,2,8.681e+08,0,1,
187,4,879049246296,880859679885,12,-21.4294,2,8.681e+08,1,0,
259,2,273429524497,275239958833,12,0,4,8.685e+08,0,1,
206,1,1155265427746,1155399060432,8,-0.655822,4,8.685e+08,1,0,
119,3,1158651447329,1158723385202,7,-5.35507,4,8.683e+08,1,0,
126,1,277083919121,277217551812,8,-5.11937,2,8.685e+08,1,0,
126,2,277083919121,277217552690,8,-7.44717,2,8.685e+08,1,0,
126,3,277083919121,277217551744,8,8.2484,2,8.685e+08,1,0,
88,1,277445907385,277517844452,7,-7.87213,4,8.685e+08,1,0,
88,3,277445907385,277517843650,7,4.4624,4,8.685e+08,1,0,
88,4,277445907385,277517844797,7,-6.63124,4,8.685e+08,1,0,
337,1,1255634059196,1257444493822,12,-16.6457,4,8.685e+08,0,1,
337,3,1255634059196,1257444493952,12,-16.6457,4,8.685e+08,0,1,
337,4,1255634059196,1257444492656,12,-16.6457,4,8.685e+08,1,0,
341,3,2076468185579,2076601818131,8,-6.40864,4,8.685e+08,1,0,
341,4,2076468185579,2076601819406,8,-10.8588,4,8.685e+08,1,0,
242,3,1326129106639,1326201044681,7,-2.85187,4,8.685e+08,1,0,
97,2,1362359134904,1362431072652,7,-3.56465,2,8.685e+08,1,0,
97,3,1362359134904,1362431071493,7,1.47305,2,8.685e+08,1,0,
338,3,1327484648443,1327731433292,9,-4.10782,4,8.683e+08,1,0,
359,3,2127094571587,2127166508051,7,-6.90987,2,8.683e+08,1,0,
11,1,2144172561584,2144625170511,10,-13.3951,4,8.683e+08,1,0,
11,2,2144172561584,2144625171690,10,-10.8725,4,8.683e+08,1,0,
11,4,2144172561584,2144625171619,10,-9.7832,4,8.683e+08,1,0,
271,1,1335004609100,1335251394055,9,-8.79311,4,8.681e+08,1,0,
271,3,1335004609100,1335251394052,9,-4.53754,4,8.681e+08,1,0,
101,1,2702004322317,2702991459248,11,-17.2419,2,8.683e+08,1,0,
101,3,2702004322317,2702991459970,11,-11.668,2,8.683e+08,1,0,
101,4,2702004322317,2702991460415,11,-15.4454,2,8.683e+08,1,0,
219,2,877280197617,877732807800,10,-11.7956,4,8.681e+08,1,0,
219,3,877280197617,877732806935,10,-11.9624,4,8.681e+08,1,0,
219,4,877280197617,877732807492,10,-14.9716,4,8.681e+08,1,0,
341,1,2784518147183,2784651780136,8,-3.63432,4,8.681e+08,1,0,
159,4,2034428582543,2034562215153,8,0,4,8.681e+08,0,1,
203,2,1333722882018,1335533315520,12,-0.448424,4,8.683e+08,1,0,
203,4,1333722882018,1335533315498,12,0,4,8.683e+08,0,1,
281,2,368183151577,369170288947,11,-14.6946,2,8.681e+08,1,0,
281,4,368183151577,369170288877,11,0,2,8.681e+08,0,1,
290,1,308216439161,308463225332,9,2.70664,4,8.685e+08,1,0,
290,2,308216439161,308463224017,9,-11.8329,4,8.685e+08,1,0,
290,4,308216439161,308463224356,9,-11.2225,4,8.685e+08,1,0,
296,2,2583449730383,2583902339368,10,7.02728,4,8.685e+08,1,0,
296,4,2583449730383,2583902339734,10,-9.30061,4,8.685e+08,1,0,
376,3,2123282624220,2123735233637,10,-16.1329,2,8.683e+08,1,0,
86,1,2646487042219,2646733828189,9,-12.6979,2,8.683e+08,1,0,
86,2,2646487042219,2646733827140,9,1.0669,2,8.683e+08,1,0,
86,3,2646487042219,2646733828193,9,-12.6979,2,8.683e+08,0,1,
10,3,820726225414,821178834266,10,-10.6783,4,8.681e+08,1,0,
227,2,822161379926,822233316290,7,-1.66939,2,8.681e+08,1,0,
352,3,2095602880663,2096590017886,11,0.253541,4,8.685e+08,1,0,
289,1,201550399475,203360832395,12,11.0503,4,8.685e+08,1,0,
289,2,201550399475,203360833835,12,-17.1565,4,8.685e+08,1,0,
289,3,201550399475,203360832896,12,11.0503,4,8.685e+08,0,1,
289,4,201550399475,203360833572,12,11.0503,4,8.685e+08,0,1,
112,2,332383497824,334193931323,12,-14.4229,4,8.681e+08,1,0,
112,4,332383497824,334193932467,12,-14.4229,4,8.681e+08,0,1,
287,1,199678105091,199750042787,7,-3.3214,4,8.685e+08,1,0,
287,2,199678105091,199750041695,7,9.77117,4,8.685e+08,1,0,
287,3,199678105091,199750041880,7,-0.419097,4,8.685e+08,1,0,
287,4,199678105091,199750042709,7,-6.94475,4,8.685e+08,1,0,
6,3,200379776200,201366913345,11,0,4,8.685e+08,0,1,
6,4,200379776200,201366914743,11,0,4,8.685e+08,0,1,
128,1,203463460757,203597093554,8,-10.4919,4,8.685e+08,1,0,
128,4,203463460757,203597093628,8,-9.46896,4,8.685e+08,1,0,
330,1,203734793991,203806730123,7,20.6674,4,8.681e+08,1,0,
151,2,203561668503,203695301556,8,2.86859,4,8.685e+08,1,0,
151,3,203561668503,203695301047,8,-0.0909416,4,8.685e+08,1,0,
25,2,1073355271889,1073427208157,7,-3.36548,4,8.681e+08,1,0,
48,1,353402300232,353854909023,10,10.4885,4,8.681e+08,1,0,
48,3,353402300232,353854910158,10,-6.09918,4,8.681e+08,1,0,
48,4,353402300232,353854909904,10,-6.22032,4,8.681e+08,1,0,
258,2,346772857180,346844793419,7,9.67101,4,8.685e+08,1,0,
243,1,776626608199,777079217298,10,-4.5385,2,8.681e+08,1,0,
243,3,776626608199,777079218471,10,-14.1507,2,8.681e+08,1,0,
243,4,776626608199,777079217687,10,-1.99617,2,8.681e+08,1,0,
367,2,1381167940041,1381301572564,8,13.7003,2,8.685e+08,1,0,
367,3,1381167940041,1381301572874,8,-1.95097,2,8.685e+08,1,0,
293,4,1382037241018,1382109178888,7,1.59473,4,8.685e+08,1,0,
96,3,1378482398756,1378554335132,7,4.36221,4,8.685e+08,1,0,
260,3,1377283998427,1377736608927,10,-0.47409,4,8.685e+08,1,0,
260,4,1377283998427,1377736607617,10,-16.7471,4,8.685e+08,1,0,
389,1,1383437737042,1383684522562,9,-1.63278,4,8.685e+08,1,0,
389,4,1383437737042,1383684523494,9,-13.0638,4,8.685e+08,1,0,
302,1,1176573569520,1176820354179,9,0,4,8.683e+08,0,1,
246,2,313273799010,313520583636,9,-9.80128,4,8.685e+08,1,0,
290,2,1648146424774,1648393209630,9,0,4,8.685e+08,0,1,
290,3,1648146424774,1648393210779,9,-9.67142,4,8.685e+08,0,1,
290,4,1648146424774,1648393209969,9,-9.67142,4,8.685e+08,1,0,
193,1,811327934663,811461567465,8,-3.14781,4,8.681e+08,1,0,
193,2,811327934663,811461567531,8,-7.03421,4,8.681e+08,1,0,
179,1,2787469710706,2787603343327,8,-5.69992,2,8.683e+08,1,0,
179,2,2787469710706,2787603344097,8,-5.31247,2,8.683e+08,1,0,
179,3,2787469710706,2787603343278,8,0,2,8.683e+08,0,1,
377,2,282480845199,282933454729,10,-2.04167,4,8.685e+08,1,0,
377,3,282480845199,282933453905,10,-1.67068,4,8.685e+08,1,0,
401,3,277587292594,278039902821,10,-14.8922,4,8.681e+08,1,0,
401,4,277587292594,278039901431,10,6.14731,4,8.681e+08,1,0,
273,1,2367522570497,2367594506840,7,2.37129,4,8.683e+08,1,0,
177,4,881533351296,881605287650,7,-2.80522,4,8.681e+08,1,0,
289,1,1058859935206,1060670368126,12,10.339,4,8.685e+08,1,0,
289,4,1058859935206,1060670369303,12,-16.3927,4,8.685e+08,1,0,
266,3,1240563533246,1240697165903,8,-3.29655,4,8.685e+08,1,0,
217,1,655393414510,657203848971,12,-10.1018,4,8.681e+08,0,1,
217,2,655393414510,657203847727,12,-16.6505,4,8.681e+08,1,0,
217,3,655393414510,657203847906,12,-10.1018,4,8.681e+08,1,0,
292,2,1132836788519,1133289397641,10,-5.04008,2,8.685e+08,1,0,
357,2,1653487755211,1653940364717,10,-15.5811,2,8.685e+08,1,0,
357,3,1653487755211,1653940365784,10,-12.068,2,8.685e+08,1,0,
170,2,1647323954545,1647570739206,9,-0.757995,4,8.685e+08,1,0,
388,1,1142117218945,1142250851642,8,9.82103,4,8.685e+08,1,0,
388,4,1142117218945,1142250852522,8,-3.70358,4,8.685e+08,1,0,
267,1,1132644012993,1132715949197,7,6.06012,4,8.685e+08,1,0,
267,2,1132644012993,1132715950457,7,7.34102,4,8.685e+08,1,0,
267,3,1132644012993,1132715950035,7,-5.32374,4,8.685e+08,1,0,
288,2,1837678644823,1837925429957,9,-14.1467,4,8.683e+08,1,0,
23,2,736240225364,736692835671,10,0,4,8.685e+08,0,1,
277,1,1823176185419,1823422970033,9,-7.35811,4,8.685e+08,1,0,
277,3,1823176185419,1823422971102,9,-7.35811,4,8.685e+08,0,1,
387,2,2392566492975,2392638429156,7,28.3084,4,8.683e+08,1,0,
242,1,869881634398,869953571797,7,1.42928,4,8.681e+08,1,0,
242,4,869881634398,869953570788,7,-4.85576,4,8.681e+08,1,0,
318,1,812806324136,812878262078,7,-7.22331,4,8.683e+08,1,0,
318,2,812806324136,812878260458,7,1.40677,4,8.683e+08,1,0,
284,1,2790825560370,2790959193168,8,-6.24856,4,8.683e+08,1,0,
284,3,2790825560370,2790959192925,8,-4.72644,4,8.683e+08,1,0,
380,1,1927101320258,1928911754949,12,-9.43683,4,8.683e+08,0,1,
380,2,1927101320258,1928911753716,12,-9.39899,4,8.683e+08,1,0,
380,3,1927101320258,1928911753854,12,-9.43683,4,8.683e+08,1,0,
367,1,727678130437,727811764124,8,-1.14783,2,8.681e+08,1,0,
367,3,727678130437,727811763270,8,-8.55922,2,8.681e+08,1,0,
88,1,855822109831,855894046898,7,13.7629,4,8.685e+08,1,0,
88,3,855822109831,855894046096,7,13.8237,4,8.685e+08,1,0,
264,2,851395797002,851529429482,8,-7.15982,4,8.681e+08,1,0,
264,4,851395797002,851529430112,8,-8.18959,4,8.681e+08,1,0,
185,1,1625430453246,1625883062178,10,-13.0699,2,8.685e+08,1,0,
185,4,1625430453246,1625883062776,10,-4.11681,2,8.685e+08,1,0,
33,1,209072340711,209319125849,9,1.08714,4,8.681e+08,1,0,
57,2,204526614952,205513752562,11,-4.25552,4,8.685e+08,1,0,
57,3,204526614952,205513751977,11,-19.2834,4,8.685e+08,1,0,
21,3,208275396517,208728005838,10,-2.83908,4,8.685e+08,1,0,
21,4,208275396517,208728006597,10,-8.59576,4,8.685e+08,1,0,
401,2,232326492584,232779101867,10,-1.42143,4,8.685e+08,1,0,
401,3,232326492584,232779102811,10,8.03474,4,8.685e+08,1,0,
401,4,232326492584,232779101421,10,-13.4685,4,8.685e+08,1,0,
338,1,3194663329117,3194910115133,9,-6.40854,4,8.683e+08,1,0,
338,3,3194663329117,3194910113966,9,-6.71094,4,8.683e+08,1,0,
350,2,2543099982965,2544087121289,11,-12.8027,2,8.683e+08,1,0,
360,1,326248343359,326381975908,8,-7.53099,4,8.685e+08,1,0,
122,1,322077754902,323064892078,11,-4.41157,4,8.685e+08,1,0,
122,3,322077754902,323064892200,11,-4.41157,4,8.685e+08,0,1,
101,4,322421627190,323408765288,11,-18.2624,2,8.685e+08,1,0,
271,1,322670233329,322917018284,9,-3.18297,4,8.681e+08,1,0,
271,2,322670233329,322917019345,9,-7.74976,4,8.681e+08,1,0,
271,4,322670233329,322917019346,9,-11.1917,4,8.681e+08,1,0,
261,2,214460295794,214532232317,7,11.6979,2,8.685e+08,1,0,
261,4,214460295794,214532233496,7,-6.41319,2,8.685e+08,1,0,
67,1,210745550022,210992335783,9,-10.5692,2,8.681e+08,1,0,
67,3,210745550022,210992334794,9,-4.22568,2,8.681e+08,1,0,
60,2,212167563115,212620173132,10,0,2,8.685e+08,0,1,
91,3,215680204836,216132813879,10,0,4,8.681e+08,0,1,
91,4,215680204836,216132815386,10,-12.4782,4,8.681e+08,1,0,
34,2,400269305474,400721914493,10,-4.24502,4,8.681e+08,1,0,
34,4,400269305474,400721914570,10,-13.9771,4,8.681e+08,1,0,
43,1,408672790910,408744728203,7,5.63285,4,8.681e+08,1,0,
43,2,408672790910,408744727305,7,-7.35406,4,8.681e+08,1,0,
13,2,398055144641,398188777298,8,-11.9547,2,8.681e+08,1,0,
13,3,398055144641,398188778324,8,-10.4109,2,8.681e+08,1,0,
154,3,404662066710,404795700504,8,-11.1792,4,8.681e+08,1,0,
154,4,404662066710,404795700505,8,-8.2446,4,8.681e+08,1,0,
87,1,1808126128959,1808578738575,10,0.333741,4,8.683e+08,1,0,
87,3,1808126128959,1808578737876,10,-7.22189,4,8.683e+08,1,0,
54,4,766632513052,766766146175,8,5.78523,4,8.685e+08,1,0,
264,2,290771927869,290905560349,8,-1.33626,4,8.681e+08,1,0,
180,2,2061225746518,2061678357034,10,1.14734,4,8.683e+08,1,0,
57,1,2437177797901,2438164936105,11,-19.4085,4,8.683e+08,1,0,
57,2,2437177797901,2438164935511,11,8.71124,4,8.683e+08,0,1,
57,3,2437177797901,2438164934926,11,8.71124,4,8.683e+08,1,0,
122,3,571237873253,572225010551,11,1.41303,4,8.681e+08,1,0,
252,2,519537200915,519989811345,10,-13.097,4,8.681e+08,1,0,
14,1,622435313643,622507249767,7,14.3542,4,8.685e+08,1,0,
14,2,622435313643,622507251434,7,14.3542,4,8.685e+08,0,1,
80,1,2511103823284,2511175759391,7,-4.70842,4,8.683e+08,1,0,
80,3,2511103823284,2511175760428,7,2.41657,4,8.683e+08,1,0,
80,4,2511103823284,2511175760564,7,-1.35274,4,8.683e+08,1,0,
157,2,1863460172450,1863912781426,10,16.5426,2,8.681e+08,1,0,
157,4,1863460172450,1863912781328,10,-6.9355,2,8.681e+08,1,0,
245,2,2789801105119,2791611538802,12,-16.1369,4,8.681e+08,1,0,
245,4,2789801105119,2791611538476,12,-2.70051,4,8.681e+08,1,0,
109,3,2028335463004,2028407399719,7,5.59506,2,8.683e+08,1,0,
120,1,1366544804752,1366791589475,9,-5.42029,2,8.685e+08,1,0,
146,1,1363605978125,1364593116839,11,-17.9388,2,8.683e+08,1,0,
146,2,1363605978125,1364593115492,11,-14.6814,2,8.683e+08,1,0,
146,4,1363605978125,1364593115794,11,-14.7566,2,8.683e+08,1,0,
135,2,1375201576657,1376188714868,11,-7.44643,2,8.685e+08,1,0,
135,3,1375201576657,1376188714658,11,-7.6552,2,8.685e+08,1,0,
135,4,1375201576657,1376188713916,11,0,2,8.685e+08,0,1,
278,2,649896504620,650030138273,8,0,4,8.685e+08,0,1,
45,1,651352147701,651485780795,8,-1.24586,4,8.681e+08,1,0,
45,3,651352147701,651485780107,8,-3.89918,4,8.681e+08,1,0,
45,4,651352147701,651485781004,8,-2.5166,4,8.681e+08,1,0,
370,3,1373561281827,1375371716550,12,-12.8794,4,8.683e+08,1,0,
75,1,1373466524129,1373538461807,7,-5.27924,2,8.681e+08,1,0,
75,2,1373466524129,1373538460472,7,-2.90388,2,8.681e+08,1,0,
75,4,1373466524129,1373538461075,7,-5.38817,2,8.681e+08,1,0,
363,2,308095609920,308167546703,7,-3.59001,4,8.681e+08,1,0,
251,1,326355878069,326427814476,7,-8.4003,4,8.685e+08,1,0,
251,3,326355878069,326427815112,7,-8.4003,4,8.685e+08,0,1,
143,1,1644282226652,1645269363719,11,11.7296,4,8.685e+08,1,0,
242,2,1803914446394,1803986383932,7,0,4,8.683e+08,0,1,
250,3,695452587669,695524524257,7,2.11348,4,8.681e+08,1,0,
250,4,695452587669,695524525008,7,-8.24159,4,8.681e+08,1,0,
330,1,1125253800659,1125325736791,7,-5.62082,4,8.681e+08,1,0,
146,4,1247029956804,1248017094473,11,-14.9899,2,8.685e+08,1,0,
24,4,590814443887,591801581393,11,-17.5901,2,8.681e+08,1,0,
164,2,2784108546294,2785918979615,12,12.4668,4,8.685e+08,1,0,
164,3,2784108546294,2785918979845,12,-18.5754,4,8.685e+08,1,0,
164,4,2784108546294,2785918980777,12,-3.39058,4,8.685e+08,1,0,
242,1,2794644387119,2794716324518,7,-8.69562,4,8.683e+08,1,0,
242,3,2794644387119,2794716325161,7,-8.11002,4,8.683e+08,1,0,
242,4,2794644387119,2794716323509,7,-5.40068,4,8.683e+08,1,0,
123,1,2025936022512,2026069655009,8,-3.61729,2,8.683e+08,1,0,
332,1,2376325071766,2376777681536,10,-0.651244,2,8.685e+08,1,0,
332,3,2376325071766,2376777680490,10,-16.8614,2,8.685e+08,1,0,
57,2,3359954116058,3360941253668,11,-6.88124,4,8.683e+08,1,0,
57,3,3359954116058,3360941253083,11,0,4,8.683e+08,0,1,
57,4,3359954116058,3360941254587,11,-9.09038,4,8.683e+08,1,0,
70,2,2419166824731,2420153961690,11,-16.1876,2,8.685e+08,1,0,
239,1,575724325593,575857958596,8,9.57642,4,8.681e+08,1,0,
239,2,575724325593,575857958259,8,-5.91959,4,8.681e+08,1,0,
239,4,575724325593,575857958410,8,-10.6367,4,8.681e+08,1,0,
290,2,2361235798856,2361482583712,9,-12.4735,4,8.683e+08,1,0,
290,4,2361235798856,2361482584051,9,-11.5182,4,8.683e+08,1,0,
94,2,1426396289449,1426848898360,10,-14.2455,4,8.685e+08,1,0,
94,3,1426396289449,1426848899540,10,-10.4969,4,8.685e+08,0,1,
94,4,1426396289449,1426848898940,10,-10.4969,4,8.685e+08,1,0,
19,1,1243887843466,1244134628238,9,5.68522,2,8.683e+08,1,0,
19,2,1243887843466,1244134629724,9,-9.7158,2,8.683e+08,1,0,
19,3,1243887843466,1244134629417,9,-1.27392,2,8.683e+08,1,0,
309,1,1050595702602,1051048312186,10,-8.97258,4,8.683e+08,1,0,
309,2,1050595702602,1051048312458,10,-9.67789,4,8.683e+08,1,0,
309,3,1050595702602,1051048311310,10,0,4,8.683e+08,0,1,
7,3,211140346761,211212283250,7,6.32786,4,8.681e+08,1,0,
382,2,212412950886,212484888096,7,1.76762,2,8.685e+08,0,1,
382,4,212412950886,212484887102,7,1.76762,2,8.685e+08,1,0,
257,1,214157420678,214229357571,7,10.7671,4,8.681e+08,1,0,
257,3,214157420678,214229357233,7,-2.79167,4,8.681e+08,1,0,
257,4,214157420678,214229358449,7,-8.95523,4,8.681e+08,1,0,
130,2,1315741460152,1315813397580,7,0,4,8.685e+08,0,1,
81,3,2916094666099,2916228299130,8,-1.10499,4,8.683e+08,1,0,
81,4,2916094666099,2916228299924,8,-11.3949,4,8.683e+08,1,0,
357,3,1572520039255,1572972649828,10,-13.799,2,8.681e+08,1,0,
79,2,552304422834,552438055562,8,-3.51909,2,8.685e+08,1,0,
79,4,552304422834,552438055286,8,-8.37776,2,8.685e+08,1,0,
97,1,274132310559,274204247701,7,-6.45897,2,8.681e+08,1,0,
97,3,274132310559,274204247148,7,4.48988,2,8.681e+08,1,0,
272,2,279719549860,280706687884,11,-15.5381,4,8.685e+08,1,0,
272,4,279719549860,280706686739,11,0,4,8.685e+08,0,1,
168,1,2604810659310,2604944292326,8,-6.16983,4,8.683e+08,1,0,
126,1,1071571142367,1071704775058,8,-3.33569,2,8.683e+08,1,0,
126,4,1071571142367,1071704775964,8,0.208268,2,8.683e+08,1,0,
270,2,1091773755679,1091845691903,7,7.32877,4,8.685e+08,1,0,
270,4,1091773755679,1091845692645,7,6.29893,4,8.685e+08,1,0,
183,4,306709963166,307697101903,11,0,4,8.681e+08,0,1,
112,1,1092053352210,1093863786899,12,-14.7153,4,8.683e+08,1,0,
112,3,1092053352210,1093863785789,12,-11.6535,4,8.683e+08,1,0,
345,1,728317006542,729304143732,11,-18.4855,2,8.685e+08,1,0,
345,2,728317006542,729304144678,11,-13.17,2,8.685e+08,1,0,
345,4,728317006542,729304143548,11,0,2,8.685e+08,0,1,
322,1,871104176093,871350961654,9,-3.53384,4,8.685e+08,1,0,
322,2,871104176093,871350961776,9,-7.69922,4,8.685e+08,1,0,
322,3,871104176093,871350960659,9,1.8035,4,8.685e+08,1,0,
265,4,2762266767515,2762338704563,7,-5.21901,4,8.683e+08,1,0,
48,1,811124433973,811577042764,10,-5.33578,4,8.681e+08,1,0,
48,2,811124433973,811577044398,10,-14.4665,4,8.681e+08,1,0,
48,3,811124433973,811577043899,10,-5.01985,4,8.681e+08,1,0,
48,4,811124433973,811577043645,10,-14.4874,4,8.681e+08,1,0,
93,1,1110628622961,1110700559377,7,10.6909,4,8.685e+08,1,0,
93,3,1110628622961,1110700560527,7,16.9156,4,8.685e+08,1,0,
334,2,289348972296,289801582178,10,-15.2277,4,8.685e+08,1,0,
334,3,289348972296,289801581042,10,-0.976104,4,8.685e+08,1,0,
295,2,295365615701,295499248334,8,13.295,4,8.681e+08,1,0,
80,1,754622581007,754694517114,7,9.51,4,8.681e+08,1,0,
80,2,754622581007,754694518720,7,-5.67522,4,8.681e+08,1,0,
112,1,2542255732442,2544066167131,12,-14.6762,4,8.681e+08,1,0,
112,2,2542255732442,2544066165941,12,-13.9657,4,8.681e+08,1,0,
112,3,2542255732442,2544066166021,12,-14.3416,4,8.681e+08,1,0,
145,1,2831897440327,2831969378125,7,-4.39265,2,8.683e+08,1,0,
145,4,2831897440327,2831969378666,7,-4.39265,2,8.683e+08,0,1,
205,1,2835789094503,2835861030602,7,35.6788,4,8.683e+08,1,0,
205,2,2835789094503,2835861032201,7,3.68107,4,8.683e+08,1,0,
129,1,559154547174,560964980616,12,-13.5132,4,8.681e+08,1,0,
129,4,559154547174,560964981781,12,-13.5132,4,8.681e+08,0,1,
211,1,3203512578833,3203646211505,8,-11.169,4,8.685e+08,1,0,
211,2,3203512578833,3203646212052,8,-11.169,4,8.685e+08,0,1,
211,3,3203512578833,3203646212125,8,-0.994094,4,8.685e+08,1,0,
367,2,1617889978952,1618023611475,8,12.9579,2,8.683e+08,1,0,
290,1,217222135573,217468921744,9,-3.20157,4,8.681e+08,0,1,
290,2,217222135573,217468920429,9,7.67206,4,8.681e+08,1,0,
290,3,217222135573,217468921578,9,-3.20157,4,8.681e+08,1,0,
290,4,217222135573,217468920768,9,7.67206,4,8.681e+08,0,1,
344,1,215243802697,215377435681,8,-9.08702,4,8.685e+08,1,0,
344,3,215243802697,215377435463,8,-4.17107,4,8.685e+08,1,0,
344,4,215243802697,215377435625,8,-11.5143,4,8.685e+08,1,0,
148,1,214874925514,216685358920,12,-20.7373,4,8.685e+08,1,0,
148,3,214874925514,216685360031,12,-20.7373,4,8.685e+08,0,1,
204,3,2145235006125,2145368638600,8,-9.75505,4,8.685e+08,1,0,
79,2,2146523933833,2146657566561,8,4.94579,2,8.685e+08,0,1,
79,4,2146523933833,2146657566285,8,4.94579,2,8.685e+08,1,0,
204,3,372930426178,373064058653,8,-10.9258,4,8.681e+08,1,0,
204,4,372930426178,373064059957,8,-9.92288,4,8.681e+08,1,0,
315,3,1817460696507,1817594329197,8,4.35632,4,8.683e+08,1,0,
183,1,1049112711404,1050099850239,11,-19.3938,4,8.685e+08,1,0,
183,3,1049112711404,1050099849144,11,-5.66429,4,8.685e+08,1,0,
275,4,766860053229,766931990498,7,-3.465,4,8.685e+08,1,0,
43,2,2845720334336,2845792270731,7,-4.45415,4,8.683e+08,1,0,
99,1,2836946334063,2837018271889,7,-8.41089,4,8.681e+08,1,0,
168,1,2882543357904,2882676990920,8,-3.15138,4,8.683e+08,1,0,
168,4,2882543357904,2882676990509,8,3.67109,4,8.683e+08,1,0,
224,4,3591606846274,3591853630864,9,2.91382,4,8.683e+08,1,0,
383,1,218051582564,218123519010,7,0,4,8.685e+08,0,1,
383,3,218051582564,218123519754,7,-2.07915,4,8.685e+08,1,0,
146,1,217469902261,218457040975,11,-17.7157,2,8.685e+08,0,1,
146,3,217469902261,218457040800,11,-17.7157,2,8.685e+08,1,0,
310,1,219846763603,219918700580,7,-0.432204,4,8.685e+08,1,0,
115,2,1646463629352,1646535566501,7,-6.83475,2,8.685e+08,1,0,
115,3,1646463629352,1646535565421,7,36.5211,2,8.685e+08,1,0,
115,4,1646463629352,1646535567042,7,-0.487151,2,8.685e+08,1,0,
19,1,626694335429,626941120201,9,-8.63911,2,8.685e+08,1,0,
19,3,626694335429,626941121380,9,-12.7322,2,8.685e+08,1,0,
19,4,626694335429,626941120803,9,-12.6258,2,8.685e+08,1,0,
178,3,1240344764876,1240416701076,7,7.38747,4,8.681e+08,1,0,
56,1,833080569680,834067706879,11,-3.0179,4,8.685e+08,1,0,
56,4,833080569680,834067707090,11,-17.4268,4,8.685e+08,1,0,
115,1,1333515972523,1333587909764,7,-7.9266,2,8.681e+08,1,0,
115,3,1333515972523,1333587908592,7,19.8701,2,8.681e+08,1,0,
386,2,340715105680,340961890445,9,-11.1107,4,8.685e+08,1,0,
195,1,428923245074,430733678599,12,-14.83,2,8.681e+08,1,0,
195,2,428923245074,430733679467,12,-14.83,2,8.681e+08,0,1,
195,3,428923245074,430733678299,12,-20.4023,2,8.681e+08,1,0,
98,4,896145831922,896279465380,8,-7.74829,4,8.685e+08,1,0,
290,2,983552591851,983799376707,9,1.81799,4,8.683e+08,1,0,
14,1,1369693593032,1369765529156,7,7.76143,4,8.683e+08,1,0,
14,2,1369693593032,1369765530823,7,0.243714,4,8.683e+08,1,0,
168,1,1373305599464,1373439232480,8,4.49725,4,8.685e+08,1,0,
168,2,1373305599464,1373439233192,8,-5.64215,4,8.685e+08,1,0,
168,4,1373305599464,1373439232069,8,-7.3289,4,8.685e+08,1,0,
198,2,2203969121979,2204956260246,11,-14.3242,4,8.685e+08,1,0,
125,1,522202624417,522274560699,7,7.65056,4,8.681e+08,1,0,
70,1,1117277272417,1118264410734,11,-12.6545,2,8.685e+08,1,0,
70,4,1117277272417,1118264409750,11,-14.6241,2,8.685e+08,1,0,
266,1,752736438205,752870070752,8,-4.49187,4,8.685e+08,1,0,
266,4,752736438205,752870071610,8,-11.3129,4,8.685e+08,1,0,
219,1,2397385426845,2397838035542,10,5.45209,4,8.683e+08,1,0,
219,2,2397385426845,2397838037028,10,-12.4348,4,8.683e+08,1,0,
219,3,2397385426845,2397838036163,10,-6.13029,4,8.683e+08,1,0,
76,1,1666591407626,1666663344451,7,-0.567351,2,8.685e+08,1,0,
215,1,1315001121541,1315073058668,7,-3.77232,4,8.685e+08,1,0,
215,3,1315001121541,1315073057598,7,23.1678,4,8.685e+08,1,0,
227,1,1310454463060,1310526400919,7,-3.83008,2,8.685e+08,1,0,
227,2,1310454463060,1310526399424,7,10.9651,2,8.685e+08,1,0,
357,1,2409999582790,2410452193248,10,-7.1917,2,8.683e+08,1,0,
47,1,2633204562146,2633276498310,7,9.2488,4,8.683e+08,1,0,
47,4,2633204562146,2633276499347,7,-1.12327,4,8.683e+08,1,0,
55,1,881612853459,882065463860,10,-4.3006,4,8.681e+08,1,0,
55,2,881612853459,882065462329,10,0,4,8.681e+08,0,1,
55,4,881612853459,882065462986,10,-12.3291,4,8.681e+08,1,0,
95,1,880248117745,880700726905,10,-6.93999,2,8.685e+08,1,0,
95,4,880248117745,880700726640,10,-3.27299,2,8.685e+08,1,0,
253,1,882896016676,883029650873,8,-11.25,2,8.685e+08,1,0,
253,2,882896016676,883029649233,8,0,2,8.685e+08,0,1,
318,2,2024427161555,2024499097877,7,9.61902,4,8.683e+08,1,0,
318,3,2024427161555,2024499098834,7,-7.20967,4,8.683e+08,1,0,
19,2,2833009626725,2833256412983,9,-12.6918,2,8.685e+08,1,0,
19,4,2833009626725,2833256412099,9,-10.7928,2,8.685e+08,1,0,
295,1,645928584802,646062218153,8,-0.1631,4,8.685e+08,1,0,
295,2,645928584802,646062217435,8,10.655,4,8.685e+08,1,0,
295,3,645928584802,646062217354,8,-0.0661613,4,8.685e+08,1,0,
123,1,221766243243,221899875740,8,-2.59911,2,8.685e+08,1,0,
123,4,221766243243,221899875945,8,16.8606,2,8.685e+08,1,0,
188,2,221680950501,222133559563,10,23.7443,2,8.685e+08,1,0,
318,2,2072321380357,2072393316679,7,0,4,8.683e+08,0,1,
318,3,2072321380357,2072393317636,7,-3.29077,4,8.683e+08,1,0,
280,1,1779380632462,1779627418140,9,2.2249,4,8.685e+08,1,0,
280,4,1779380632462,1779627417410,9,-6.73378,4,8.685e+08,1,0,
260,1,1667377445688,1667830056040,10,-15.0488,4,8.681e+08,1,0,
260,2,1667377445688,1667830055149,10,-13.911,4,8.681e+08,1,0,
260,3,1667377445688,1667830056188,10,-8.72664,4,8.681e+08,1,0,
260,4,1667377445688,1667830054878,10,0.668702,4,8.681e+08,1,0,
108,2,1416845123150,1417091907984,9,-6.56708,4,8.683e+08,1,0,
108,3,1416845123150,1417091908000,9,2.54463,4,8.683e+08,1,0,
108,4,1416845123150,1417091909022,9,-5.91565,4,8.683e+08,1,0,
231,1,1413527053740,1415337487424,12,-18.9276,2,8.681e+08,1,0,
231,4,1413527053740,1415337487108,12,-19.4455,2,8.681e+08,1,0,
26,4,1320611252570,1320858038777,9,-10.4817,2,8.685e+08,1,0,
46,2,1339971686782,1340105319955,8,6.41403,2,8.685e+08,1,0,
363,2,1151848834115,1151920770898,7,1.9234,4,8.685e+08,1,0,
305,4,787190809416,787643418728,10,-14.2974,2,8.681e+08,1,0,
174,1,220019298886,221829733738,12,-20.4314,2,8.685e+08,1,0,
174,2,220019298886,221829732521,12,-9.13501,2,8.685e+08,1,0,
174,3,220019298886,221829733675,12,-16.9311,2,8.685e+08,1,0,
279,1,222827329456,222899266133,7,-2.91319,4,8.685e+08,1,0,
279,2,222827329456,222899266498,7,2.94038,4,8.685e+08,1,0,
279,3,222827329456,222899266115,7,-6.79849,4,8.685e+08,1,0,
279,4,222827329456,222899266509,7,4.00838,4,8.685e+08,1,0,
49,1,222709757249,222956542881,9,-12.421,4,8.685e+08,1,0,
49,4,222709757249,222956541819,9,-8.77774,4,8.685e+08,1,0,
149,1,222021900104,223832333534,12,-11.8525,4,8.685e+08,1,0,
149,3,222021900104,223832334633,12,-11.7412,4,8.685e+08,1,0,
46,3,221980982919,222114615467,8,-5.46432,2,8.685e+08,1,0,
46,4,221980982919,222114616924,8,-9.52559,2,8.685e+08,1,0,
344,3,228607002707,228740635473,8,0,4,8.681e+08,0,1,
344,4,228607002707,228740635635,8,-10.0742,4,8.681e+08,1,0,
116,2,226022569368,226094506323,7,11.1069,2,8.681e+08,0,1,
116,3,226022569368,226094507047,7,-0.802352,2,8.681e+08,1,0,
116,4,226022569368,226094505700,7,11.1069,2,8.681e+08,1,0,
223,2,223171328143,224981762905,12,-8.81987,4,8.685e+08,0,1,
223,4,223171328143,224981761793,12,-8.81987,4,8.685e+08,1,0,
368,1,225347492935,226334630208,11,-3.7196,4,8.685e+08,0,1,
368,3,225347492935,226334629840,11,-3.7196,4,8.685e+08,1,0,
356,4,225895783758,225967721669,7,6.16191,2,8.685e+08,1,0,
398,2,232719913993,232966700237,9,-12.5541,2,8.685e+08,1,0,
313,2,230135268701,231122407523,11,-17.6178,4,8.681e+08,1,0,
38,3,227465207612,227711993409,9,-0.981017,2,8.685e+08,1,0,
38,4,227465207612,227711992227,9,9.10481,2,8.685e+08,1,0,
148,3,395918125524,397728560041,12,-15.0693,4,8.681e+08,1,0,
270,2,227948768934,228020705158,7,9.8374,4,8.685e+08,1,0,
270,3,227948768934,228020706073,7,6.21753,4,8.685e+08,1,0,
270,4,227948768934,228020705900,7,-5.11348,4,8.685e+08,1,0,
101,3,2603290722307,2604277859960,11,2.37319,4,8.681e+08,1,0,
101,4,2603290722307,2604277860405,11,-9.26327,4,8.681e+08,1,0,
231,1,2813593083465,2815403517149,12,0.419556,2,8.685e+08,0,1,
231,2,2813593083465,2815403518007,12,-15.8954,2,8.685e+08,1,0,
231,3,2813593083465,2815403518190,12,-21.4761,2,8.685e+08,1,0,
231,4,2813593083465,2815403516833,12,0.419556,2,8.685e+08,1,0,
220,2,2399727054214,2399798991914,7,-5.66896,4,8.683e+08,1,0,
220,3,2399727054214,2399798990791,7,-3.14687,4,8.683e+08,1,0,
276,1,848788418871,848922051320,8,0,4,8.685e+08,0,1,
177,3,842324959936,842396897259,7,0,4,8.681e+08,0,1,
198,1,840311613637,841298751214,11,-17.5707,4,8.681e+08,0,1,
198,2,840311613637,841298751904,11,-14.9833,4,8.681e+08,1,0,
198,3,840311613637,841298750725,11,-17.5707,4,8.681e+08,1,0,
270,2,1844063224067,1844135160291,7,1.85541,4,8.685e+08,1,0,
270,4,1844063224067,1844135161033,7,2.94351,4,8.685e+08,1,0,
160,1,903578171378,903650107828,7,-3.61133,2,8.681e+08,1,0,
160,3,903578171378,903650108270,7,-4.33021,2,8.681e+08,1,0,
62,1,322998660147,323451270090,10,-6.0408,2,8.685e+08,1,0,
62,2,322998660147,323451268748,10,9.19944,2,8.685e+08,1,0,
62,4,322998660147,323451269204,10,-1.02357,2,8.685e+08,1,0,
112,2,875513097854,877323531353,12,-12.197,4,8.685e+08,1,0,
202,2,2075401767555,2075854376377,10,-8.06146,4,8.683e+08,1,0,
202,4,2075401767555,2075854377352,10,-16.0531,4,8.683e+08,1,0,
309,3,2067750809850,2068203418558,10,0.192445,4,8.685e+08,1,0,
141,3,2454225551248,2455212688961,11,-4.53715,4,8.683e+08,1,0,
115,3,638334596625,638406532694,7,22.4443,2,8.681e+08,1,0,
173,2,662357357672,662809966996,10,-2.73906,4,8.685e+08,1,0,
173,4,662357357672,662809967005,10,-5.16847,4,8.685e+08,1,0,
133,2,639986427826,640058364079,7,10.6902,4,8.681e+08,1,0,
19,4,2121807850670,2122054636044,9,-13.0163,2,8.683e+08,1,0,
58,2,2119767144091,2119839080511,7,16.3891,4,8.685e+08,1,0,
58,3,2119767144091,2119839081023,7,-6.66743,4,8.685e+08,1,0,
368,2,2926900446175,2927887584239,11,-11.0909,4,8.685e+08,1,0,
368,3,2926900446175,2927887583080,11,-8.2831,4,8.685e+08,1,0,
7,2,1573755103975,1573827041121,7,-3.56044,4,8.685e+08,1,0,
15,4,902527264834,902599202176,7,0,4,8.681e+08,0,1,
77,1,1355188453797,1355260390291,7,4.48466,4,8.685e+08,1,0,
77,2,1355188453797,1355260391122,7,-1.30781,4,8.685e+08,1,0,
104,1,2419204857690,2419276793961,7,14.4547,4,8.685e+08,1,0,
277,2,2420639713522,2420886499804,9,-4.90239,4,8.683e+08,1,0,
277,4,2420639713522,2420886499181,9,-7.5137,4,8.683e+08,1,0,
314,1,1289935938865,1290007875338,7,3.83404,4,8.685e+08,1,0,
314,3,1289935938865,1290007876396,7,6.60687,4,8.685e+08,1,0,
181,1,229883556800,229955493680,7,-8.97618,2,8.681e+08,1,0,
181,2,229883556800,229955494195,7,-1.81117,2,8.681e+08,1,0,
181,4,229883556800,229955493165,7,-5.73059,2,8.681e+08,1,0,
100,4,243432153481,243678938791,9,0,4,8.685e+08,0,1,
176,4,228611060723,228857845735,9,-11.486,4,8.681e+08,1,0,
169,1,226936323243,227008259622,7,4.17918,2,8.685e+08,1,0,
380,1,239036851553,240847286244,12,-3.63708,4,8.685e+08,0,1,
380,2,239036851553,240847285011,12,-3.63708,4,8.685e+08,1,0,
380,4,239036851553,240847286164,12,-3.63708,4,8.685e+08,0,1,
129,1,235848486409,237658919851,12,-13.486,4,8.685e+08,1,0,
129,2,235848486409,237658921142,12,-18.7363,4,8.685e+08,1,0,
129,3,235848486409,237658920068,12,-0.297912,4,8.685e+08,1,0,
32,2,230527165017,230599101442,7,13.1233,4,8.685e+08,1,0,
361,2,233309569258,233381505451,7,8.91493,4,8.685e+08,1,0,
207,3,241581593032,242034203295,10,-16.8297,4,8.681e+08,1,0,
207,4,241581593032,242034201637,10,-4.58603,4,8.681e+08,1,0,
332,2,233612731898,234065340744,10,-14.0938,2,8.685e+08,1,0,
73,3,234049862084,235036999291,11,0,2,8.685e+08,0,1,
8,1,236805115243,236877052323,7,1.40259,2,8.685e+08,1,0,
187,1,366577325360,368387758724,12,-2.80508,2,8.681e+08,1,0,
187,2,366577325360,368387760015,12,-20.3217,2,8.681e+08,1,0,
187,4,366577325360,368387758949,12,-2.80508,2,8.681e+08,0,1,
265,4,239632551010,239704488058,7,12.1163,4,8.685e+08,1,0,
366,4,241715282555,242702419599,11,0,4,8.685e+08,0,1,
15,1,240869861297,240941798711,7,-3.27727,4,8.685e+08,1,0,
15,2,240869861297,240941797806,7,-2.789,4,8.685e+08,1,0,
154,2,240176768898,240310403321,8,-11.6085,4,8.685e+08,1,0,
154,3,240176768898,240310402692,8,8.71704,4,8.685e+08,1,0,
167,1,243639199979,243711137289,7,-1.67071,4,8.681e+08,1,0,
167,3,243639199979,243711136377,7,-7.59271,4,8.681e+08,1,0,
300,3,240354231951,240601017798,9,-12.1314,4,8.681e+08,1,0,
300,4,240354231951,240601017004,9,-6.21448,4,8.681e+08,1,0,
299,2,247687419029,247821051571,8,3.71591,4,8.685e+08,1,0,
346,1,243103818392,244090956531,11,-2.46718,4,8.685e+08,1,0,
346,3,243103818392,244090956671,11,-2.46718,4,8.685e+08,0,1,
346,4,243103818392,244090955383,11,0,4,8.685e+08,0,1,
304,4,249755542928,249827479116,7,0.357423,4,8.685e+08,1,0,
95,2,242557834185,243010444216,10,0,2,8.685e+08,0,1,
70,2,245558114023,246545250982,11,5.87396,2,8.685e+08,1,0,
70,3,245558114023,246545252146,11,-9.37164,2,8.685e+08,1,0,
70,4,245558114023,246545251356,11,3.9818,2,8.685e+08,1,0,
254,1,245383633384,245836242499,10,-2.82899,4,8.685e+08,1,0,
254,3,245383633384,245836243495,10,-4.66972,4,8.685e+08,1,0,
284,1,247252118194,247385750992,8,-6.00395,4,8.685e+08,1,0,
284,3,247252118194,247385750749,8,-6.88304,4,8.685e+08,1,0,
284,4,247252118194,247385751317,8,5.76684,4,8.685e+08,1,0,
297,1,248070827921,248204461439,8,-7.43275,2,8.681e+08,1,0,
297,2,248070827921,248204461686,8,-6.56666,2,8.681e+08,1,0,
297,4,248070827921,248204460536,8,-0.311065,2,8.681e+08,1,0,
63,1,249863355498,250110140313,9,6.32105,4,8.685e+08,1,0,
63,3,249863355498,250110140105,9,4.5138,4,8.685e+08,1,0,
63,4,249863355498,250110141223,9,-11.5039,4,8.685e+08,1,0,
195,1,247880045064,249690478589,12,-2.33087,2,8.685e+08,1,0,
82,2,249570426995,249642364362,7,-7.56389,4,8.685e+08,1,0,
82,3,249570426995,249642363261,7,-3.74716,4,8.685e+08,1,0,
155,2,250746259539,250879892713,8,-11.1758,4,8.685e+08,1,0,
296,1,250202611033,250655221374,10,-7.45619,4,8.685e+08,1,0,
296,2,250202611033,250655220018,10,-6.97443,4,8.685e+08,1,0,
296,3,250202611033,250655221183,10,-12.9621,4,8.685e+08,1,0,
296,4,250202611033,250655220384,10,-15.6976,4,8.685e+08,1,0,
236,2,256360108443,256493741293,8,-9.85684,4,8.685e+08,1,0,
96,2,256395346680,256467284170,7,16.1763,4,8.681e+08,1,0,
96,3,256395346680,256467283056,7,1.27767,4,8.681e+08,1,0,
14,1,256091004579,256162940703,7,8.76025,4,8.685e+08,1,0,
14,3,256091004579,256162941858,7,-5.82645,4,8.685e+08,1,0,
57,2,2878010863184,2878998000794,11,-8.99194,4,8.683e+08,1,0,
247,4,2877066163006,2877518772461,10,-11.8436,2,8.685e+08,1,0,
204,2,2878208626108,2878342259060,8,2.6133,4,8.683e+08,1,0,
175,1,1052349686990,1052483319826,8,6.77097,4,8.685e+08,1,0,
175,3,1052349686990,1052483319623,8,4.29704,4,8.685e+08,1,0,
324,1,1996213153535,1996665763111,10,-15.7315,4,8.681e+08,1,0,
324,4,1996213153535,1996665762752,10,0,4,8.681e+08,0,1,
271,1,557114296323,557361081278,9,-9.62755,4,8.685e+08,1,0,
271,2,557114296323,557361082339,9,4.44104,4,8.685e+08,1,0,
271,3,557114296323,557361081275,9,-8.63406,4,8.685e+08,1,0,
186,3,1174902863680,1175149649086,9,-6.15218,4,8.681e+08,1,0,
186,4,1174902863680,1175149648359,9,-0.753509,4,8.681e+08,1,0,
312,1,449613868618,450601006839,11,-10.862,4,8.681e+08,1,0,
312,3,449613868618,450601006900,11,-13.3286,4,8.681e+08,1,0,
312,4,449613868618,450601005716,11,0,4,8.681e+08,0,1,
156,4,431734705168,432187314197,10,-16.9062,4,8.681e+08,1,0,
246,4,428552953142,428799738545,9,-5.23123,4,8.681e+08,1,0,
329,2,1636050278509,1637037415784,11,0,4,8.685e+08,0,1,
87,2,2631708559849,2632161169938,10,-7.56634,4,8.683e+08,1,0,
87,3,2631708559849,2632161168766,10,0,4,8.683e+08,0,1,
212,1,2543831050971,2545641485436,12,-6.84891,2,8.685e+08,1,0,
212,2,2543831050971,2545641484316,12,-14.3404,2,8.685e+08,1,0,
212,3,2543831050971,2545641484322,12,-4.27672,2,8.685e+08,1,0,
352,1,1883471178039,1884458316441,11,-19.4535,4,8.681e+08,1,0,
352,2,1883471178039,1884458315695,11,0,4,8.681e+08,0,1,
37,2,870422941075,870556574039,8,1.16731,2,8.685e+08,1,0,
37,3,870422941075,870556573623,8,-3.24161,2,8.685e+08,1,0,
37,4,870422941075,870556574908,8,-2.25441,2,8.685e+08,1,0,
316,4,832420095641,832553728167,8,-0.133514,2,8.681e+08,1,0,
94,3,2385384789629,2385837399720,10,-6.53615,4,8.685e+08,1,0,
94,4,2385384789629,2385837399120,10,-16.5442,4,8.685e+08,1,0,
91,1,2353057464619,2353510074839,10,-12.9115,4,8.681e+08,1,0,
91,3,2353057464619,2353510073662,10,0.356583,4,8.681e+08,1,0,
88,1,1877743525315,1877815462382,7,-1.36302,4,8.681e+08,1,0,
88,2,1877743525315,1877815462278,7,-2.9174,4,8.681e+08,1,0,
88,3,1877743525315,1877815461580,7,13.8693,4,8.681e+08,1,0,
88,4,1877743525315,1877815462727,7,1.40306,4,8.681e+08,1,0,
179,1,672046442777,672180075398,8,4.70826,2,8.685e+08,1,0,
179,3,672046442777,672180075349,8,0,2,8.685e+08,0,1,
322,3,680797268379,681044052945,9,10.1033,4,8.681e+08,1,0,
322,4,680797268379,681044054604,9,-4.03351,4,8.681e+08,1,0,
128,1,1318846325696,1318979958493,8,-10.3276,4,8.685e+08,1,0,
128,4,1318846325696,1318979958567,8,-9.04797,4,8.685e+08,1,0,
297,2,1314482628546,1314616262311,8,-9.78645,2,8.683e+08,1,0,
297,4,1314482628546,1314616261161,8,-8.17326,2,8.683e+08,1,0,
46,2,1899617657351,1899751290524,8,-2.80151,2,8.683e+08,1,0,
46,3,1899617657351,1899751289899,8,0,2,8.683e+08,0,1,
381,1,1915407523109,1915479459815,7,4.97072,4,8.681e+08,1,0,
209,1,430194208911,430266146736,7,-9.19018,4,8.681e+08,1,0,
209,2,430194208911,430266145729,7,0,4,8.681e+08,0,1,
121,1,440390206114,440636992021,9,-5.43034,4,8.681e+08,0,1,
121,4,440390206114,440636991181,9,-5.43034,4,8.681e+08,1,0,
135,1,507794883009,508782019848,11,-12.4165,2,8.685e+08,1,0,
135,3,507794883009,508782021010,11,-12.4165,2,8.685e+08,0,1,
393,1,1902722507868,1902794444396,7,-7.62715,2,8.683e+08,1,0,
393,3,1902722507868,1902794444795,7,-3.65729,2,8.683e+08,1,0,
395,2,1996938191812,1997071824922,8,1.73348,4,8.685e+08,1,0,
395,3,1996938191812,1997071824750,8,-1.16914,4,8.685e+08,1,0,
395,4,1996938191812,1997071825951,8,1.73348,4,8.685e+08,0,1,
144,3,1883129161386,1884116299907,11,-9.72909,4,8.683e+08,1,0,
144,4,1883129161386,1884116298955,11,0,4,8.683e+08,0,1,
14,1,2868726953240,2868798889364,7,0,4,8.683e+08,0,1,
14,4,2868726953240,2868798890499,7,5.61279,4,8.683e+08,1,0,
67,1,864441820545,864688606306,9,0.143189,2,8.685e+08,1,0,
67,3,864441820545,864688605317,9,1.24062,2,8.685e+08,1,0,
67,4,864441820545,864688606292,9,-4.3627,2,8.685e+08,1,0,
195,1,3558973965400,3560784398925,12,-3.84834,2,8.683e+08,0,1,
195,2,3558973965400,3560784399793,12,-8.93123,2,8.683e+08,1,0,
195,3,3558973965400,3560784398625,12,-3.84834,2,8.683e+08,1,0,
195,4,3558973965400,3560784399959,12,-8.93123,2,8.683e+08,0,1,
47,1,858196303092,858268239256,7,13.2676,4,8.685e+08,1,0,
47,4,858196303092,858268240293,7,-6.62349,4,8.685e+08,1,0,
119,1,1404959229295,1405031166355,7,2.70482,4,8.683e+08,1,0,
119,4,1404959229295,1405031165764,7,6.93894,4,8.683e+08,1,0,
183,1,2039187986089,2040175124924,11,-15.7234,4,8.683e+08,1,0,
183,3,2039187986089,2040175123829,11,0,4,8.683e+08,0,1,
229,1,2028478577858,2028931188431,10,-6.79465,4,8.685e+08,1,0,
229,2,2028478577858,2028931187056,10,-11.818,4,8.685e+08,1,0,
229,3,2028478577858,2028931188229,10,-6.52064,4,8.685e+08,1,0,
229,4,2028478577858,2028931187418,10,-3.15643,4,8.685e+08,1,0,
5,3,2429265008248,2429398640723,8,-3.75221,4,8.683e+08,1,0,
351,1,2424087424369,2424221057225,8,4.66115,4,8.683e+08,1,0,
351,2,2424087424369,2424221058390,8,0.289048,4,8.683e+08,1,0,
351,4,2424087424369,2424221057374,8,-3.22459,4,8.683e+08,1,0,
316,2,2423925259137,2424058892557,8,-7.43014,2,8.683e+08,0,1,
316,3,2423925259137,2424058893282,8,-2.34863,2,8.683e+08,1,0,
316,4,2423925259137,2424058891663,8,-7.43014,2,8.683e+08,1,0,
129,1,1504144099312,1505954532754,12,-11.293,4,8.685e+08,1,0,
129,3,1504144099312,1505954532971,12,-11.293,4,8.685e+08,0,1,
100,1,1332090310978,1332337096108,9,-13.3351,4,8.685e+08,1,0,
182,2,2629050250912,2629122187949,7,1.26399,2,8.683e+08,1,0,
182,3,2629050250912,2629122187290,7,24.716,2,8.683e+08,1,0,
313,2,437909721609,438896860431,11,-16.1651,4,8.681e+08,1,0,
383,1,434171378290,434243314736,7,-2.92975,4,8.685e+08,1,0,
383,2,434171378290,434243316250,7,-7.89244,4,8.685e+08,1,0,
179,1,433833089611,433966722232,8,-6.22656,2,8.681e+08,1,0,
179,2,433833089611,433966723002,8,-8.56152,2,8.681e+08,1,0,
366,1,437136373184,438123510583,11,-12.3763,4,8.681e+08,1,0,
366,4,437136373184,438123510228,11,6.80639,4,8.681e+08,1,0,
398,1,1660982501604,1661229286406,9,-9.15016,2,8.685e+08,1,0,
336,1,1670121490536,1670255123754,8,-11.4703,4,8.685e+08,1,0,
336,3,1670121490536,1670255123086,8,10.1098,4,8.685e+08,1,0,
336,4,1670121490536,1670255123799,8,-11.7939,4,8.685e+08,1,0,
301,2,2344019126611,2344265911944,9,-4.59762,2,8.683e+08,1,0,
301,4,2344019126611,2344265911887,9,-3.15166,2,8.683e+08,1,0,
338,1,1262556156686,1262802942702,9,-14.1737,4,8.683e+08,1,0,
338,2,1262556156686,1262802941981,9,1.94383,4,8.683e+08,1,0,
338,3,1262556156686,1262802941535,9,-4.87047,4,8.683e+08,1,0,
389,3,549159687105,549406472085,9,-12.9753,4,8.681e+08,1,0,
108,4,1606863022039,1607109807911,9,-14.3031,4,8.683e+08,1,0,
5,1,1779742239612,1779875873260,8,1.92062,4,8.685e+08,1,0,
5,3,1779742239612,1779875872087,8,7.17308,4,8.685e+08,1,0,
305,3,877712409436,878165019633,10,-2.93857,2,8.685e+08,1,0,
305,4,877712409436,878165018748,10,-11.802,2,8.685e+08,1,0,
309,2,443389388867,443841998723,10,-16.8514,4,8.681e+08,1,0,
122,1,439384359734,440371496910,11,0,4,8.681e+08,0,1,
122,2,439384359734,440371498106,11,-10.284,4,8.681e+08,1,0,
122,3,439384359734,440371497032,11,-8.34869,4,8.681e+08,1,0,
149,1,584108300124,585918733554,12,-1.90384,4,8.681e+08,1,0,
149,3,584108300124,585918734653,12,-6.98563,4,8.681e+08,1,0,
149,4,584108300124,585918733473,12,-3.16209,4,8.681e+08,1,0,
22,2,796358285656,796430222855,7,-0.092559,4,8.681e+08,1,0,
22,4,796358285656,796430222192,7,-7.64305,4,8.681e+08,1,0,
138,1,798127972335,798261606040,8,-6.67688,4,8.681e+08,1,0,
138,2,798127972335,798261605327,8,-9.95662,4,8.681e+08,1,0,
205,1,1249677720509,1249749656608,7,-0.500854,4,8.681e+08,1,0,
205,2,1249677720509,1249749658207,7,-5.89943,4,8.681e+08,1,0,
205,4,1249677720509,1249749657776,7,-3.22192,4,8.681e+08,1,0,
329,2,1807326469865,1808313607140,11,0,4,8.685e+08,0,1,
329,3,1807326469865,1808313607097,11,0,4,8.685e+08,0,1,
329,4,1807326469865,1808313608236,11,-16.076,4,8.685e+08,1,0,
224,4,1195748543262,1195995327852,9,-11.6368,4,8.685e+08,1,0,
306,2,2064864121553,2065110907655,9,-13.0602,4,8.683e+08,1,0,
306,4,2064864121553,2065110906655,9,-11.3489,4,8.683e+08,1,0,
150,1,1230608032626,1230679969539,7,7.83515,4,8.685e+08,1,0,
190,1,657185131178,657257067654,7,0,4,8.681e+08,0,1,
190,3,657185131178,657257067892,7,2.06412,4,8.681e+08,1,0,
314,1,658121153025,658193089498,7,-1.504,4,8.681e+08,1,0,
381,1,665870104631,665942041337,7,0,4,8.681e+08,0,1,
270,1,2010919329395,2010991266872,7,0.230058,4,8.683e+08,1,0,
270,2,2010919329395,2010991265619,7,4.5146,4,8.683e+08,1,0,
251,1,3327090225122,3327162161529,7,19.0931,4,8.683e+08,1,0,
251,2,3327090225122,3327162162943,7,-8.52287,4,8.683e+08,1,0,
251,4,3327090225122,3327162162670,7,2.76543,4,8.683e+08,1,0,
195,1,1421721077105,1423531510630,12,-13.2038,2,8.685e+08,1,0,
195,3,1421721077105,1423531510330,12,-21.2756,2,8.685e+08,1,0,
195,4,1421721077105,1423531511664,12,-11.0686,2,8.685e+08,1,0,
139,1,446906437724,448716871394,12,-13.4463,4,8.681e+08,1,0,
139,2,446906437724,448716872276,12,-19.5863,4,8.681e+08,1,0,
139,4,446906437724,448716871104,12,-14.8528,4,8.681e+08,1,0,
110,2,447732686243,447804622466,7,-9.23672,4,8.681e+08,1,0,
110,3,447732686243,447804623617,7,6.70907,4,8.681e+08,1,0,
78,4,442788845693,443035630285,9,-10.8759,2,8.681e+08,1,0,
302,1,442626062792,442872847451,9,-3.23524,4,8.681e+08,1,0,
302,4,442626062792,442872848448,9,-10.2241,4,8.681e+08,1,0,
242,1,1611286615764,1611358553163,7,3.76795,4,8.685e+08,1,0,
242,3,1611286615764,1611358553806,7,-5.39648,4,8.685e+08,1,0,
54,4,3139014922822,3139148555945,8,6.44566,4,8.683e+08,1,0,
51,1,2638736942075,2638983726907,9,-1.2413,4,8.685e+08,1,0,
353,1,1266609683067,1266856468953,9,4.40859,4,8.681e+08,1,0,
353,4,1266609683067,1266856468853,9,-4.73822,4,8.681e+08,1,0,
165,2,1274597317983,1274844104443,9,-3.41664,4,8.681e+08,1,0,
350,1,660822058885,661809196005,11,15.2157,2,8.685e+08,1,0,
350,3,660822058885,661809196145,11,-9.28288,2,8.685e+08,1,0,
350,4,660822058885,661809197136,11,-16.5881,2,8.685e+08,1,0,
79,1,2617711131543,2617844764785,8,-9.96083,2,8.683e+08,1,0,
79,4,2617711131543,2617844763995,8,-1.15929,2,8.683e+08,1,0,
61,1,900346038722,900479671303,8,-0.668395,4,8.685e+08,1,0,
61,3,900346038722,900479671699,8,0.886735,4,8.685e+08,1,0,
61,4,900346038722,900479672413,8,-8.36691,4,8.685e+08,1,0,
230,2,1300662548250,1300734484281,7,26.2275,4,8.683e+08,1,0,
230,4,1300662548250,1300734485448,7,-7.20938,4,8.683e+08,1,0,
265,1,1304901773440,1304973709785,7,-0.423736,4,8.685e+08,1,0,
265,3,1304901773440,1304973710927,7,-7.76768,4,8.685e+08,1,0,
214,2,1443149408819,1443396193438,9,-0.753387,4,8.685e+08,1,0,
214,3,1443149408819,1443396194465,9,-2.1017,4,8.685e+08,1,0,
293,3,1433988185673,1434060122985,7,15.92,4,8.685e+08,1,0,
332,2,1432153872455,1432606481301,10,1.25333,2,8.685e+08,1,0,
332,3,1432153872455,1432606481179,10,-10.0809,2,8.685e+08,1,0,
372,1,1441518140963,1441651774277,8,0,4,8.685e+08,0,1,
372,3,1441518140963,1441651773934,8,0,4,8.685e+08,0,1,
8,1,2874650353941,2874722291021,7,0.502259,2,8.683e+08,1,0,
8,3,2874650353941,2874722290365,7,11.5645,2,8.683e+08,1,0,
326,4,2016846398595,2016980031545,8,-1.05136,2,8.683e+08,1,0,
347,1,2349568979171,2349640915465,7,10.5907,4,8.683e+08,1,0,
347,3,2349568979171,2349640916644,7,10.5907,4,8.683e+08,0,1,
125,1,2076230305793,2076302242075,7,13.6244,4,8.685e+08,1,0,
125,2,2076230305793,2076302243251,7,-7.55699,4,8.685e+08,1,0,
307,1,3099758973373,3099830909707,7,-0.167052,4,8.683e+08,1,0,
307,3,3099758973373,3099830910276,7,-3.78152,4,8.683e+08,1,0,
351,3,1867962341169,1868095975121,8,-7.4852,4,8.685e+08,1,0,
291,1,3397588590650,3397660527831,7,-4.60071,4,8.685e+08,1,0,
291,2,3397588590650,3397660527918,7,-6.72325,4,8.685e+08,1,0,
291,3,3397588590650,3397660526739,7,0,4,8.685e+08,0,1,
361,1,575119174773,575191112534,7,0.170655,4,8.681e+08,1,0,
361,2,575119174773,575191110966,7,6.43195,4,8.681e+08,1,0,
361,3,575119174773,575191112136,7,2.52483,4,8.681e+08,1,0,
86,2,2206944974962,2207191759883,9,0,2,8.685e+08,0,1,
174,3,1430240095488,1432050530277,12,-17.5271,2,8.685e+08,1,0,
174,4,1430240095488,1432050529229,12,-11.3548,2,8.685e+08,1,0,
271,1,1426398247169,1426645032124,9,-0.949508,4,8.683e+08,1,0,
271,3,1426398247169,1426645032121,9,0,4,8.683e+08,0,1,
271,4,1426398247169,1426645033186,9,-5.92934,4,8.683e+08,1,0,
54,3,1427303978701,1427437611246,8,5.55859,4,8.685e+08,1,0,
399,1,2842127844351,2843938277901,12,-11.9223,4,8.685e+08,1,0,
399,2,2842127844351,2843938279070,12,-15.4888,4,8.685e+08,1,0,
399,3,2842127844351,2843938279041,12,-16.385,4,8.685e+08,1,0,
399,4,2842127844351,2843938277951,12,-11.9223,4,8.685e+08,0,1,
283,1,2888412763056,2888546395567,8,3.19765,4,8.683e+08,1,0,
283,4,2888412763056,2888546395873,8,4.07164,4,8.683e+08,1,0,
48,1,1939483109858,1939935718649,10,-12.4918,4,8.685e+08,1,0,
48,2,1939483109858,1939935720283,10,-12.1349,4,8.685e+08,1,0,
48,4,1939483109858,1939935719530,10,-16.5665,4,8.685e+08,1,0,
225,1,2766506877331,2766959486075,10,1.18691,4,8.683e+08,1,0,
225,2,2766506877331,2766959487608,10,-15.6133,4,8.683e+08,0,1,
225,3,2766506877331,2766959486760,10,-15.6133,4,8.683e+08,1,0,
221,2,2674868828234,2675855966301,11,-12.8542,4,8.683e+08,1,0,
221,4,2674868828234,2675855965123,11,-4.636,4,8.683e+08,1,0,
273,3,446398367757,446470305273,7,-7.81283,4,8.681e+08,1,0,
6,1,447291917789,448279055336,11,-5.66527,4,8.681e+08,1,0,
6,2,447291917789,448279056109,11,-11.5663,4,8.681e+08,1,0,
6,3,447291917789,448279054934,11,-9.09892,4,8.681e+08,1,0,
6,4,447291917789,448279056332,11,-18.4473,4,8.681e+08,1,0,
171,2,455209150505,455342783409,8,15.4453,4,8.681e+08,1,0,
172,2,475534194219,477344627777,12,-22.3847,4,8.681e+08,0,1,
172,3,475534194219,477344627725,12,-22.3847,4,8.681e+08,1,0,
184,1,452243354078,452376986856,8,-0.723449,4,8.681e+08,1,0,
184,3,452243354078,452376988035,8,-7.43559,4,8.681e+08,1,0,
112,1,513426697834,515237132523,12,0.320832,4,8.681e+08,1,0,
361,2,449786958658,449858894851,7,0.00476156,4,8.681e+08,1,0,
386,4,542365709715,542612494779,9,-9.18726,4,8.681e+08,1,0,
195,3,649934429116,651744862341,12,-15.5912,2,8.681e+08,1,0,
148,1,642018618630,643829052036,12,-2.9162,4,8.681e+08,0,1,
148,3,642018618630,643829053147,12,-22.2576,4,8.681e+08,1,0,
148,4,642018618630,643829052005,12,-2.9162,4,8.681e+08,1,0,
220,2,455705550602,455777488302,7,-8.81703,4,8.681e+08,1,0,
104,1,450969071827,451041008098,7,3.32435,4,8.681e+08,1,0,
262,2,455307796317,455379732663,7,5.29479,4,8.681e+08,1,0,
381,1,1349788726580,1349860663286,7,4.15038,4,8.685e+08,1,0,
381,3,1349788726580,1349860663193,7,-4.70535,4,8.685e+08,1,0,
381,4,1349788726580,1349860663673,7,-7.52809,4,8.685e+08,1,0,
202,2,1349633472175,1350086080997,10,-7.90219,4,8.685e+08,1,0,
202,3,1349633472175,1350086082078,10,-9.68359,4,8.685e+08,1,0,
139,4,1100396457282,1102206890662,12,-18.6253,4,8.685e+08,1,0,
216,2,1313480194783,1313552131068,7,12.7626,4,8.681e+08,1,0,
216,4,1313480194783,1313552132149,7,-6.65776,4,8.681e+08,1,0,
278,4,599652327919,599785960400,8,-5.89777,4,8.681e+08,1,0,
238,3,583431776143,583678561351,9,1.85429,4,8.681e+08,1,0,
395,2,2435470649814,2435604282924,8,-9.07666,4,8.683e+08,1,0,
61,1,1420240118729,1420373751310,8,-0.396468,4,8.683e+08,1,0,
182,1,1414101891752,1414173828629,7,-5.43057,2,8.681e+08,1,0,
282,1,1415054305969,1415506916379,10,-4.02605,4,8.685e+08,1,0,
282,4,1415054305969,1415506915329,10,-8.09999,4,8.685e+08,1,0,
46,2,1588094064006,1588227697179,8,-10.2684,2,8.685e+08,1,0,
46,3,1588094064006,1588227696554,8,5.07009,2,8.685e+08,1,0,
380,2,864800612611,866611046069,12,-5.28877,4,8.681e+08,1,0,
380,4,864800612611,866611047222,12,-11.2588,4,8.681e+08,1,0,
297,1,3598331531429,3598465164947,8,-10.6264,2,8.683e+08,1,0,
297,2,3598331531429,3598465165194,8,-9.59791,2,8.683e+08,1,0,
297,4,3598331531429,3598465164044,8,-11.3474,2,8.683e+08,1,0,
254,2,907735925380,908188535369,10,-16.6322,4,8.685e+08,1,0,
10,1,945225414619,945678024397,10,-8.70525,4,8.685e+08,1,0,
322,1,3128131142768,3128377928329,9,-9.38447,4,8.683e+08,1,0,
322,3,3128131142768,3128377927334,9,19.6408,4,8.683e+08,1,0,
380,1,1492841298033,1494651732724,12,5.80391,4,8.683e+08,1,0,
380,3,1492841298033,1494651731629,12,-0.679778,4,8.683e+08,1,0,
378,2,1365239494254,1365311431471,7,-9.43626,4,8.685e+08,1,0,
378,3,1365239494254,1365311430534,7,11.8745,4,8.685e+08,1,0,
36,1,2089667647472,2089801280446,8,-10.5275,4,8.681e+08,1,0,
36,2,2089667647472,2089801280168,8,-10.9342,4,8.681e+08,1,0,
36,3,2089667647472,2089801280357,8,3.35933,4,8.681e+08,1,0,
36,4,2089667647472,2089801280278,8,8.73435,4,8.681e+08,1,0,
45,3,2089662730486,2089796362892,8,8.81887,4,8.685e+08,1,0,
169,1,2345203283236,2345275219615,7,0,2,8.685e+08,0,1,
169,2,2345203283236,2345275220769,7,1.98969,2,8.685e+08,1,0,
169,3,2345203283236,2345275220581,7,18.1106,2,8.685e+08,1,0,
169,4,2345203283236,2345275220063,7,3.68986,2,8.685e+08,1,0,
97,1,452484674848,452556611990,7,-2.63693,2,8.681e+08,1,0,
97,2,452484674848,452556612596,7,-7.50792,2,8.681e+08,1,0,
97,3,452484674848,452556611437,7,8.74785,2,8.681e+08,1,0,
358,2,2576581388264,2576653325237,7,-5.52818,4,8.683e+08,1,0,
358,3,2576581388264,2576653324615,7,4.56712,4,8.683e+08,1,0,
223,1,2065039234222,2066849667785,12,6.94234,4,8.683e+08,1,0,
223,4,2065039234222,2066849667872,12,-14.3897,4,8.683e+08,1,0,
111,1,2061994696665,2062066633609,7,1.38747,2,8.685e+08,1,0,
111,4,2061994696665,2062066632919,7,18.5968,2,8.685e+08,1,0,
202,2,3581203470923,3581656079745,10,-5.90742,4,8.683e+08,1,0,
356,3,1616263551838,1616335488117,7,7.29256,2,8.685e+08,1,0,
334,2,2764386678251,2764839288133,10,0.275773,4,8.685e+08,1,0,
334,3,2764386678251,2764839286997,10,1.64554,4,8.685e+08,1,0,
168,1,1792031582679,1792165215695,8,-9.10525,4,8.685e+08,1,0,
233,1,1147527508433,1147599445637,7,0.171021,4,8.685e+08,1,0,
334,2,3555009312486,3555461922368,10,-6.03688,4,8.681e+08,1,0,
334,4,3555009312486,3555461922531,10,-15.919,4,8.681e+08,1,0,
93,1,1675119995171,1675191931587,7,1.07816,4,8.683e+08,1,0,
93,4,1675119995171,1675191932240,7,1.07816,4,8.683e+08,0,1,
344,2,3319583414124,3319717046816,8,-5.1431,4,8.683e+08,1,0,
344,3,3319583414124,3319717046890,8,-5.1431,4,8.683e+08,0,1,
344,4,3319583414124,3319717047052,8,-6.28586,4,8.683e+08,1,0,
367,1,1394531140051,1394664773738,8,-9.69922,2,8.685e+08,1,0,
367,2,1394531140051,1394664772574,8,-0.541015,2,8.685e+08,1,0,
367,3,1394531140051,1394664772884,8,4.99089,2,8.685e+08,1,0,
14,1,1393292543712,1393364479836,7,0.649705,4,8.685e+08,1,0,
14,2,1393292543712,1393364481503,7,-5.49535,4,8.685e+08,1,0,
14,4,1393292543712,1393364480971,7,-8.02484,4,8.685e+08,1,0,
191,1,1257448025072,1257581659226,8,0,4,8.681e+08,0,1,
38,1,1280013743293,1280260528175,9,-14.1953,2,8.681e+08,1,0,
38,3,1280013743293,1280260529090,9,-8.6183,2,8.681e+08,1,0,
38,4,1280013743293,1280260527908,9,-3.64769,2,8.681e+08,1,0,
67,1,2349070611705,2349317397466,9,-1.14409,2,8.683e+08,1,0,
102,4,1677361401330,1677433339222,7,-1.93343,2,8.683e+08,1,0,
307,1,1580767232449,1580839168783,7,-0.44374,4,8.683e+08,1,0,
307,2,1580767232449,1580839169799,7,6.95406,4,8.683e+08,1,0,
119,3,455709674641,455781612514,7,5.05814,4,8.681e+08,1,0,
276,1,463195481183,463329113632,8,-10.4435,4,8.681e+08,1,0,
276,3,463195481183,463329114633,8,-10.8315,4,8.681e+08,1,0,
276,4,463195481183,463329113998,8,-8.23856,4,8.681e+08,1,0,
133,2,2343333598374,2343405534627,7,6.72849,4,8.683e+08,1,0,
252,1,2528433298126,2528885907441,10,-16.5481,4,8.683e+08,1,0,
114,1,2431959826191,2432093459437,8,-6.24106,4,8.683e+08,1,0,
114,2,2431959826191,2432093459853,8,-3.61719,4,8.683e+08,1,0,
114,3,2431959826191,2432093458674,8,12.8546,4,8.683e+08,1,0,
149,1,884229002579,886039436009,12,0,4,8.685e+08,0,1,
149,2,884229002579,886039437064,12,-12.7997,4,8.685e+08,1,0,
149,3,884229002579,886039437108,12,-0.646377,4,8.685e+08,1,0,
303,1,890733884508,890867516957,8,4.48766,4,8.685e+08,1,0,
303,2,890733884508,890867518577,8,-8.2065,4,8.685e+08,1,0,
303,4,890733884508,890867518125,8,-6.34685,4,8.685e+08,1,0,
371,1,1161269511125,1161403143847,8,2.26177,4,8.685e+08,1,0,
393,4,1176365865230,1176437802081,7,-9.23981,2,8.681e+08,1,0,
96,3,1170133330121,1170205266497,7,16.6385,4,8.685e+08,1,0,
248,2,464121346525,464573955374,10,-1.06056,4,8.681e+08,1,0,
248,4,464121346525,464573955710,10,7.54237,4,8.681e+08,1,0,
341,1,457625643346,457759276299,8,-9.36032,4,8.681e+08,1,0,
341,4,457625643346,457759277173,8,3.59471,4,8.681e+08,1,0,
302,1,467304462802,467551247461,9,-8.87027,4,8.685e+08,1,0,
302,2,467304462802,467551249123,9,-8.72182,4,8.685e+08,1,0,
302,3,467304462802,467551248557,9,-7.53732,4,8.685e+08,1,0,
256,2,464054085188,464126021538,7,20.5637,4,8.685e+08,1,0,
384,3,468671453850,470481888431,12,0,2,8.681e+08,0,1,
131,1,461011232710,462821667541,12,-15.8216,2,8.681e+08,1,0,
131,2,461011232710,462821666375,12,-2.93913,2,8.681e+08,1,0,
81,1,461884977437,462018610142,8,-6.74579,4,8.681e+08,1,0,
152,1,2341378861606,2341512495558,8,6.18925,4,8.683e+08,1,0,
152,3,2341378861606,2341512494778,8,-9.78326,4,8.683e+08,1,0,
122,1,1400312274016,1401299411192,11,0,4,8.685e+08,0,1,
78,2,776279003865,776525789582,9,-5.68802,2,8.681e+08,1,0,
78,4,776279003865,776525788457,9,2.76523,2,8.681e+08,1,0,
65,1,1279691278598,1279824911331,8,-9.30022,4,8.685e+08,1,0,
65,4,1279691278598,1279824911126,8,5.06697,4,8.685e+08,1,0,
52,1,2874417050022,2875404188627,11,-0.742675,4,8.683e+08,1,0,
52,2,2874417050022,2875404187314,11,0,4,8.683e+08,0,1,
377,1,2873425841405,2873878451273,10,-3.37343,4,8.683e+08,1,0,
377,3,2873425841405,2873878450111,10,-11.8492,4,8.683e+08,1,0,
377,4,2873425841405,2873878451714,10,-3.37343,4,8.683e+08,0,1,
6,1,2909001110579,2909988248126,11,-6.32286,4,8.683e+08,1,0,
6,3,2909001110579,2909988247724,11,8.54865,4,8.683e+08,1,0,
6,4,2909001110579,2909988249122,11,-6.32286,4,8.683e+08,0,1,
186,1,2091233001736,2091479787205,9,-0.952682,4,8.685e+08,1,0,
186,2,2091233001736,2091479786265,9,-12.7129,4,8.685e+08,1,0,
242,1,2096426186646,2096498124045,7,2.81972,4,8.685e+08,1,0,
242,2,2096426186646,2096498124184,7,-9.13693,4,8.685e+08,1,0,
65,4,1081530438788,1081664071316,8,2.5481,4,8.681e+08,1,0,
293,2,2687177468923,2687249405616,7,5.8037,4,8.685e+08,1,0,
293,3,2687177468923,2687249406235,7,5.8037,4,8.685e+08,0,1,
210,3,480552893391,480624830837,7,-2.41887,4,8.685e+08,1,0,
210,4,480552893391,480624829703,7,7.97158,4,8.685e+08,1,0,
146,1,464196777551,465183916265,11,-6.07188,2,8.681e+08,1,0,
146,3,464196777551,465183916090,11,-8.63415,2,8.681e+08,1,0,
146,4,464196777551,465183915220,11,6.13977,2,8.681e+08,1,0,
166,1,485616657063,485688593525,7,8.16478,4,8.681e+08,1,0,
166,4,485616657063,485688594000,7,-6.29924,4,8.681e+08,1,0,
241,2,467136194313,467208131684,7,13.0581,4,8.681e+08,1,0,
241,4,467136194313,467208130777,7,-8.59802,4,8.681e+08,1,0,
92,3,468287196289,468359133754,7,-9.17332,2,8.681e+08,1,0,
91,2,468976441339,469429050970,10,-14.3575,4,8.681e+08,1,0,
91,3,468976441339,469429050382,10,-5.18555,4,8.681e+08,1,0,
91,4,468976441339,469429051889,10,0.612977,4,8.681e+08,1,0,
305,2,471109956815,471562565859,10,0,2,8.681e+08,0,1,
305,3,471109956815,471562567012,10,-0.130447,2,8.681e+08,1,0,
305,4,471109956815,471562566127,10,-5.06612,2,8.681e+08,1,0,
291,3,471507916819,471579852908,7,23.9915,4,8.681e+08,1,0,
281,1,476373142154,477360280583,11,-8.71506,2,8.681e+08,0,1,
281,2,476373142154,477360279524,11,-8.71506,2,8.681e+08,1,0,
281,3,476373142154,477360280621,11,-8.46443,2,8.681e+08,1,0,
281,4,476373142154,477360279454,11,-14.0768,2,8.681e+08,1,0,
151,2,472445971880,472579604933,8,5.82725,4,8.681e+08,0,1,
151,3,472445971880,472579604424,8,5.82725,4,8.681e+08,1,0,
400,2,474511479749,474583416010,7,5.68321,4,8.681e+08,1,0,
144,1,474071918198,475059055558,11,0.588944,4,8.681e+08,1,0,
144,3,474071918198,475059056719,11,-11.6583,4,8.681e+08,1,0,
180,2,494965306238,495417916754,10,-16.737,4,8.681e+08,1,0,
180,3,494965306238,495417915666,10,-16.9291,4,8.681e+08,1,0,
275,1,478916167427,478988103995,7,17.4135,4,8.681e+08,1,0,
318,2,483835514755,483907451077,7,-4.26192,4,8.681e+08,1,0,
131,2,642054432720,643864866385,12,-11.5334,2,8.681e+08,1,0,
267,1,488417034919,488488971123,7,21.3026,4,8.681e+08,1,0,
327,3,485303618073,485375554470,7,-5.93079,4,8.681e+08,1,0,
372,1,490208383519,490342016833,8,-4.83858,4,8.681e+08,1,0,
372,2,490208383519,490342017650,8,-8.89947,4,8.681e+08,1,0,
372,4,490208383519,490342017827,8,-10.9113,4,8.681e+08,1,0,
130,1,490690060316,490761996805,7,0,4,8.681e+08,0,1,
130,3,490690060316,490761997014,7,2.69696,4,8.681e+08,1,0,
130,4,490690060316,490761997654,7,-3.22465,4,8.681e+08,1,0,
157,2,499943423819,500396032795,10,-10.6,2,8.681e+08,1,0,
157,3,499943423819,500396033825,10,-5.52644,2,8.681e+08,1,0,
157,4,499943423819,500396032697,10,-13.7824,2,8.681e+08,1,0,
156,1,491343014537,491795624740,10,0,4,8.681e+08,0,1,
254,4,491719822490,492172431350,10,0,4,8.681e+08,0,1,
297,1,502587129376,502720762894,8,-4.51398,2,8.681e+08,1,0,
297,2,502587129376,502720763141,8,-3.13559,2,8.681e+08,1,0,
24,1,492100843877,493087982397,11,-9.54016,2,8.681e+08,1,0,
24,4,492100843877,493087981383,11,1.35802,2,8.681e+08,1,0,
270,1,495211815307,495283752784,7,-9.07223,4,8.681e+08,1,0,
270,3,495211815307,495283752446,7,-7.60036,4,8.681e+08,1,0,
270,4,495211815307,495283752273,7,-2.7955,4,8.681e+08,1,0,
37,2,496156415681,496290048645,8,-10.0641,2,8.681e+08,1,0,
37,3,496156415681,496290048229,8,-6.32849,2,8.681e+08,1,0,
390,3,499781464826,500028249749,9,-12.8887,4,8.681e+08,1,0,
390,4,499781464826,500028250876,9,-14.369,4,8.681e+08,1,0,
167,3,505259605343,505331541741,7,5.26995,4,8.685e+08,1,0,
240,1,514788867764,514860803948,7,21.0902,2,8.681e+08,1,0,
351,1,504092839204,504226472060,8,-10.9236,4,8.681e+08,1,0,
42,2,510211209054,510283145406,7,0,4,8.681e+08,0,1,
42,3,510211209054,510283146577,7,-4.06836,4,8.681e+08,1,0,
42,4,510211209054,510283146365,7,-5.65431,4,8.681e+08,1,0,
29,2,503875510651,504862647986,11,-17.8143,4,8.681e+08,1,0,
29,4,503875510651,504862647704,11,-16.8701,4,8.681e+08,1,0,
234,2,516785815277,517772952584,11,-0.229385,2,8.681e+08,1,0,
234,3,516785815277,517772952797,11,-0.229385,2,8.681e+08,0,1,
234,4,516785815277,517772953743,11,-17.3124,2,8.681e+08,1,0,
43,1,507862430247,507934367540,7,-4.37395,4,8.681e+08,1,0,
43,2,507862430247,507934366642,7,4.40781,4,8.681e+08,1,0,
236,2,505938370473,506072003323,8,3.1943,4,8.681e+08,1,0,
318,2,505822549812,505894486134,7,4.61654,4,8.685e+08,1,0,
108,2,520234925060,520481709894,9,-11.6851,4,8.681e+08,1,0,
108,3,520234925060,520481709910,9,-8.22082,4,8.681e+08,1,0,
108,4,520234925060,520481710932,9,-4.46751,4,8.681e+08,1,0,
126,2,508867769107,509001402676,8,-6.47606,2,8.681e+08,1,0,
126,3,508867769107,509001401730,8,-2.28306,2,8.681e+08,1,0,
172,2,656577394229,658387827787,12,-16.5693,4,8.681e+08,1,0,
209,2,510976603208,511048540026,7,0,4,8.681e+08,0,1,
159,1,510362946154,510496579276,8,-8.8553,4,8.685e+08,1,0,
159,4,510362946154,510496578764,8,8.71893,4,8.685e+08,1,0,
203,4,510074364182,511884797662,12,-5.44725,4,8.681e+08,1,0,
32,2,543073013075,543144949500,7,10.5166,4,8.685e+08,1,0,
32,4,543073013075,543144950679,7,-8.67287,4,8.685e+08,1,0,
88,3,513814565903,513886502168,7,-0.672683,4,8.685e+08,1,0,
384,1,649714653860,651525087427,12,-9.88988,2,8.681e+08,0,1,
384,4,649714653860,651525087064,12,-9.88988,2,8.681e+08,1,0,
129,1,2427531393807,2429341827249,12,-5.9418,4,8.683e+08,1,0,
129,3,2427531393807,2429341827466,12,-5.9418,4,8.683e+08,0,1,
129,4,2427531393807,2429341828414,12,-16.021,4,8.683e+08,1,0,
208,1,1674335893095,1676146327534,12,-8.20799,2,8.685e+08,1,0,
398,3,1887158490184,1887405276160,9,7.73956,2,8.683e+08,1,0,
238,3,1901955710980,1902202496188,9,-13.5573,4,8.683e+08,1,0,
155,1,1898011971392,1898145604049,8,-5.09167,4,8.683e+08,1,0,
155,4,1898011971392,1898145603945,8,5.22672,4,8.683e+08,1,0,
319,1,2145986684529,2146973823190,11,-13.9284,4,8.683e+08,1,0,
319,2,2145986684529,2146973821813,11,0,4,8.683e+08,0,1,
269,2,2219732418498,2220719555637,11,-2.65399,4,8.685e+08,1,0,
269,3,2219732418498,2220719556794,11,-12.6272,4,8.685e+08,1,0,
269,4,2219732418498,2220719555899,11,-1.24817,4,8.685e+08,1,0,
332,1,1814855652379,1815308262149,10,-13.9047,2,8.685e+08,1,0,
332,2,1814855652379,1815308261225,10,-15.5487,2,8.685e+08,1,0,
332,3,1814855652379,1815308261103,10,-6.85676,2,8.685e+08,1,0,
25,2,1444764518568,1444836454836,7,0,4,8.685e+08,0,1,
25,4,1444764518568,1444836455662,7,-0.347091,4,8.685e+08,1,0,
320,4,1438170707064,1439157844310,11,0,2,8.685e+08,0,1,
175,1,1438622198122,1438755830958,8,-3.63054,4,8.683e+08,1,0,
175,2,1438622198122,1438755831002,8,-7.81866,4,8.683e+08,1,0,
175,3,1438622198122,1438755830755,8,-10.1898,4,8.683e+08,1,0,
340,1,1443627545754,1443699482154,7,-2.72049,4,8.683e+08,1,0,
34,2,2667910058209,2668362667228,10,-2.2962,4,8.683e+08,1,0,
34,4,2667910058209,2668362667305,10,-2.2962,4,8.683e+08,0,1,
92,1,1312649604968,1312721541360,7,0.2744,2,8.683e+08,1,0,
234,3,1320946896122,1321934033642,11,-19.4104,2,8.683e+08,1,0,
234,4,1320946896122,1321934034588,11,-19.4104,2,8.683e+08,0,1,
344,2,819861996779,819995629471,8,-4.62964,4,8.685e+08,1,0,
344,3,819861996779,819995629545,8,6.29024,4,8.685e+08,1,0,
344,4,819861996779,819995629707,8,-4.99881,4,8.685e+08,1,0,
106,2,823884609833,823956546154,7,15.7087,2,8.681e+08,1,0,
253,2,839499766871,839633399428,8,5.33285,2,8.681e+08,1,0,
400,3,1827223530937,1827295467869,7,6.41858,4,8.683e+08,1,0,
400,4,1827223530937,1827295468213,7,-9.10541,4,8.683e+08,1,0,
156,2,3416023169158,3416475778822,10,-6.22589,4,8.683e+08,1,0,
60,3,2003841002671,2004293613091,10,6.87876,2,8.685e+08,1,0,
303,1,674140912634,674274545083,8,-2.32594,4,8.681e+08,1,0,
131,2,823097632730,824908066395,12,-14.3746,2,8.685e+08,1,0,
229,2,721434994072,721887603270,10,-14.3353,4,8.685e+08,1,0,
229,1,676174194062,676626804635,10,-13.2587,4,8.681e+08,1,0,
229,2,676174194062,676626803260,10,6.90527,4,8.681e+08,1,0,
229,4,676174194062,676626803622,10,-16.4212,4,8.681e+08,1,0,
376,2,681998500153,682451109297,10,-8.23103,2,8.685e+08,1,0,
376,3,681998500153,682451109570,10,-8.23103,2,8.685e+08,0,1,
376,4,681998500153,682451110457,10,6.98402,2,8.685e+08,1,0,
363,4,679110288216,679182224726,7,1.68874,4,8.681e+08,1,0,
175,1,2171942027978,2172075660814,8,-7.83099,4,8.683e+08,1,0,
175,2,2171942027978,2172075660858,8,-1.77455,4,8.683e+08,1,0,
175,4,2171942027978,2172075661013,8,14.1049,4,8.683e+08,1,0,
29,2,2170003355330,2170990492665,11,-16.9563,4,8.681e+08,1,0,
29,3,2170003355330,2170990493686,11,-4.3609,4,8.681e+08,1,0,
29,4,2170003355330,2170990492383,11,-19.2305,4,8.681e+08,1,0,
235,2,1893294450182,1893366386729,7,-1.38225,4,8.683e+08,1,0,
281,2,1893627796742,1894614934112,11,0.436738,2,8.683e+08,1,0,
265,4,1671456174795,1671528111843,7,8.63078,4,8.685e+08,1,0,
286,3,1672806150205,1673052935918,9,0,4,8.685e+08,0,1,
146,2,1987973447846,1988960585213,11,-0.476104,4,8.681e+08,1,0,
146,3,1987973447846,1988960586385,11,-0.476104,4,8.681e+08,0,1,
283,4,1887682574376,1887816207193,8,-9.69125,4,8.683e+08,1,0,
346,2,930986693065,931973830329,11,-12.7413,4,8.685e+08,1,0,
346,3,930986693065,931973831344,11,20.1196,4,8.685e+08,1,0,
346,4,930986693065,931973830056,11,0,4,8.685e+08,0,1,
294,4,870932738081,871066370718,8,-9.94664,2,8.681e+08,1,0,
108,1,1376126933417,1376373719296,9,-11.656,4,8.685e+08,1,0,
108,2,1376126933417,1376373718251,9,2.21718,4,8.685e+08,1,0,
108,3,1376126933417,1376373718267,9,-10.513,4,8.685e+08,1,0,
289,1,2919359455474,2921169888394,12,14.0859,4,8.681e+08,1,0,
289,2,2919359455474,2921169889834,12,14.0859,4,8.681e+08,0,1,
289,3,2919359455474,2921169888895,12,14.0859,4,8.681e+08,0,1,
370,1,3148875969493,3150686403067,12,-15.5219,4,8.683e+08,1,0,
370,4,3148875969493,3150686403161,12,-15.5201,4,8.683e+08,1,0,
375,1,2402191313915,2402263251037,7,-3.82854,4,8.683e+08,1,0,
375,2,2402191313915,2402263250981,7,-0.56166,4,8.683e+08,1,0,
375,3,2402191313915,2402263250047,7,22.106,4,8.683e+08,1,0,
61,1,1399746120449,1399879753030,8,13.2052,4,8.685e+08,1,0,
61,2,1399746120449,1399879754313,8,-9.86409,4,8.685e+08,1,0,
61,3,1399746120449,1399879753426,8,-8.8965,4,8.685e+08,1,0,
193,2,1408568864666,1408702497534,8,-7.46426,4,8.683e+08,1,0,
193,3,1408568864666,1408702497539,8,-9.29849,4,8.683e+08,1,0,
193,4,1408568864666,1408702497462,8,-0.832076,4,8.683e+08,1,0,
354,2,3323842815712,3323976448493,8,-0.751586,2,8.683e+08,1,0,
354,4,3323842815712,3323976448642,8,11.9889,2,8.683e+08,1,0,
339,1,910107900458,910354685231,9,-11.955,4,8.681e+08,1,0,
263,1,911419976797,911872587253,10,0.149934,4,8.685e+08,1,0,
263,2,911419976797,911872586376,10,-13.879,4,8.685e+08,1,0,
263,3,911419976797,911872587417,10,-12.1992,4,8.685e+08,1,0,
263,4,911419976797,911872586084,10,-8.75622,4,8.685e+08,1,0,
123,3,910401017464,910534650641,8,-11.1156,2,8.685e+08,1,0,
374,1,1142959577492,1143946714905,11,-19.0867,4,8.685e+08,1,0,
374,2,1142959577492,1143946715938,11,-14.426,4,8.685e+08,1,0,
374,3,1142959577492,1143946714801,11,-15.4741,4,8.685e+08,1,0,
319,1,698510825424,699497964085,11,-10.9296,4,8.685e+08,0,1,
319,2,698510825424,699497962708,11,-16.697,4,8.685e+08,1,0,
319,3,698510825424,699497963883,11,-10.9296,4,8.685e+08,1,0,
297,1,682127982034,682261615552,8,-3.66647,2,8.685e+08,1,0,
297,4,682127982034,682261614649,8,11.3996,2,8.685e+08,1,0,
260,1,3132534044477,3132986654829,10,-7.03734,4,8.681e+08,1,0,
260,2,3132534044477,3132986653938,10,-6.19206,4,8.681e+08,1,0,
260,4,3132534044477,3132986653667,10,-13.9445,4,8.681e+08,1,0,
331,4,1420797364281,1421044150062,9,2.02824,4,8.681e+08,1,0,
147,2,1442090798519,1442543407700,10,2.15021,4,8.685e+08,1,0,
147,3,1442090798519,1442543407153,10,6.74822,4,8.685e+08,1,0,
318,2,1968004141512,1968076077834,7,5.13091,4,8.685e+08,1,0,
318,4,1968004141512,1968076079009,7,0.298982,4,8.685e+08,1,0,
53,2,2855705376546,2855839010162,8,-11.0749,2,8.683e+08,1,0,
319,2,2856093586517,2857080723801,11,0,4,8.683e+08,0,1,
319,3,2856093586517,2857080724976,11,-18.2616,4,8.683e+08,1,0,
57,3,1427249880125,1428237017150,11,-5.56598,4,8.683e+08,1,0,
57,4,1427249880125,1428237018654,11,-18.1457,4,8.683e+08,1,0,
109,1,1429405908386,1429477844862,7,14.1318,2,8.685e+08,1,0,
373,1,1423563994223,1423810779837,9,-3.44972,4,8.685e+08,1,0,
373,3,1423563994223,1423810779185,9,-3.4021,4,8.685e+08,1,0,
27,1,1424471832089,1424605466116,8,5.01128,2,8.681e+08,1,0,
378,3,695156740104,695228676384,7,8.8243,4,8.681e+08,1,0,
210,4,685615487429,685687423741,7,3.55736,4,8.685e+08,1,0,
325,3,684712278973,686522713568,12,-14.8374,4,8.681e+08,1,0,
325,4,684712278973,686522712083,12,11.9124,4,8.681e+08,1,0,
9,2,690994842479,691066780273,7,-7.42474,4,8.681e+08,1,0,
130,1,1661060251978,1661132188467,7,7.26498,4,8.683e+08,1,0,
307,1,2166448993375,2166520929709,7,-2.70322,4,8.681e+08,1,0,
369,1,2042604665452,2042676602549,7,0,4,8.683e+08,0,1,
369,2,2042604665452,2042676602026,7,0,4,8.683e+08,0,1,
64,1,2635536485746,2635670118779,8,-9.12759,4,8.683e+08,0,1,
64,3,2635536485746,2635670118649,8,-9.12759,4,8.683e+08,1,0,
64,4,2635536485746,2635670118558,8,4.23911,4,8.683e+08,1,0,
346,1,1630769295911,1631756434050,11,-11.5199,4,8.685e+08,1,0,
346,2,1630769295911,1631756433175,11,-19.0621,4,8.685e+08,1,0,
346,4,1630769295911,1631756432902,11,-2.73869,4,8.685e+08,1,0,
362,2,1287467319647,1288454456490,11,-5.94754,4,8.685e+08,1,0,
216,2,1160930806407,1161002742692,7,15.0522,4,8.681e+08,1,0,
237,1,3162207483675,3162279420069,7,16.0719,4,8.683e+08,1,0,
237,4,3162207483675,3162279420672,7,-6.7261,4,8.683e+08,1,0,
254,1,1436067083317,1436519692432,10,-16.9506,4,8.683e+08,1,0,
254,3,1436067083317,1436519693428,10,-6.79745,4,8.683e+08,1,0,
254,4,1436067083317,1436519692177,10,-5.60293,4,8.683e+08,1,0,
92,1,1628723237242,1628795173634,7,-0.919738,2,8.683e+08,1,0,
92,3,1628723237242,1628795174707,7,-4.6761,2,8.683e+08,1,0,
196,1,1827321854179,1827393790602,7,6.15572,4,8.685e+08,1,0,
196,3,1827321854179,1827393791759,7,-4.40237,4,8.685e+08,1,0,
371,1,2918148847717,2918282480439,8,10.3365,4,8.681e+08,1,0,
371,2,2918148847717,2918282481670,8,-1.50241,4,8.681e+08,1,0,
371,3,2918148847717,2918282481546,8,-4.44836,4,8.681e+08,0,1,
371,4,2918148847717,2918282480712,8,-4.44836,4,8.681e+08,1,0,
367,2,2350608260444,2350741892967,8,1.25595,2,8.683e+08,1,0,
367,3,2350608260444,2350741893277,8,-6.26585,2,8.683e+08,1,0,
17,2,783058875463,784869309725,12,-15.4208,4,8.685e+08,1,0,
17,3,783058875463,784869308547,12,-0.0325462,4,8.685e+08,1,0,
17,4,783058875463,784869310051,12,-21.3379,4,8.685e+08,1,0,
322,3,1103839619161,1104086403727,9,10.3722,4,8.683e+08,1,0,
133,2,688347795106,688419731359,7,20.1943,4,8.681e+08,1,0,
133,3,688347795106,688419732132,7,-7.4809,4,8.681e+08,1,0,
404,2,687582312414,687654248754,7,6.57138,2,8.681e+08,1,0,
404,4,687582312414,687654249254,7,-4.9306,2,8.681e+08,1,0,
11,1,1344086724816,1344539333743,10,-9.77266,4,8.681e+08,1,0,
11,3,1344086724816,1344539333889,10,-11.7196,4,8.681e+08,1,0,
12,2,1350535745006,1350988354228,10,-9.9657,4,8.685e+08,1,0,
144,3,1349102421188,1350089559709,11,-14.5282,4,8.681e+08,1,0,
222,1,2887332210365,2887404146542,7,4.50604,4,8.685e+08,1,0,
222,4,2887332210365,2887404147436,7,11.3193,4,8.685e+08,1,0,
30,3,2893659270673,2893906056861,9,-12.8748,4,8.683e+08,1,0,
30,4,2893659270673,2893906055368,9,10.615,4,8.683e+08,1,0,
218,4,1870822857918,1870894794121,7,4.76411,4,8.685e+08,1,0,
120,3,2136247625946,2136494411762,9,0,4,8.681e+08,0,1,
279,1,2809269464856,2809341401533,7,-7.54367,4,8.685e+08,1,0,
279,2,2809269464856,2809341401898,7,-7.54367,4,8.685e+08,0,1,
225,1,2568099452856,2568552061600,10,-9.40442,4,8.685e+08,1,0,
225,3,2568099452856,2568552062285,10,-2.46176,4,8.685e+08,1,0,
199,2,1169552236414,1169799022135,9,-3.50072,2,8.685e+08,1,0,
199,3,1169552236414,1169799022267,9,-10.3742,2,8.685e+08,1,0,
199,4,1169552236414,1169799021046,9,-7.23135,2,8.685e+08,1,0,
136,2,1167028360281,1167275145155,9,-8.82407,2,8.681e+08,1,0,
136,3,1167028360281,1167275146299,9,-12.6326,2,8.681e+08,1,0,
138,1,3386668013463,3386801647168,8,-11.3222,4,8.683e+08,1,0,
138,2,3386668013463,3386801646455,8,-4.52603,4,8.683e+08,1,0,
138,4,3386668013463,3386801647345,8,-9.13728,4,8.683e+08,1,0,
169,1,2128720220532,2128792156911,7,-7.03094,2,8.685e+08,1,0,
39,2,2127260785497,2127332721688,7,14.3141,4,8.683e+08,1,0,
147,2,1396829998509,1397282607690,10,-16.5521,4,8.685e+08,1,0,
147,3,1396829998509,1397282607143,10,0,4,8.685e+08,0,1,
307,2,1103321225765,1103393163115,7,-9.12086,4,8.685e+08,1,0,
307,4,1103321225765,1103393162822,7,0,4,8.685e+08,0,1,
289,1,1966517066250,1968327499170,12,0,4,8.683e+08,0,1,
289,2,1966517066250,1968327500610,12,-22.0069,4,8.683e+08,1,0,
289,3,1966517066250,1968327499671,12,0,4,8.683e+08,0,1,
254,2,1290584729481,1291037339470,10,0,4,8.683e+08,0,1,
218,4,3322445469213,3322517405416,7,12.969,4,8.683e+08,1,0,
124,3,1145374262449,1145507895674,8,-3.76088,4,8.681e+08,1,0,
124,4,1145374262449,1145507894907,8,-6.95796,4,8.681e+08,1,0,
69,2,1141203906067,1141450690958,9,-1.28871,2,8.681e+08,1,0,
69,3,1141203906067,1141450692119,9,-1.28871,2,8.681e+08,0,1,
69,4,1141203906067,1141450691347,9,-1.28871,2,8.681e+08,0,1,
12,4,2772274462380,2772727071150,10,-11.632,4,8.683e+08,1,0,
355,4,1993901359602,1994888496884,11,0,4,8.685e+08,0,1,
71,2,1272704356082,1272837988674,8,1.33098,4,8.681e+08,1,0,
71,3,1272704356082,1272837989853,8,-7.58081,4,8.681e+08,1,0,
360,2,765687051315,765820684453,8,1.13744,4,8.685e+08,1,0,
360,3,765687051315,765820684090,8,-7.57368,4,8.685e+08,1,0,
360,4,765687051315,765820684312,8,-7.33438,4,8.685e+08,1,0,
47,1,695309776545,695381712709,7,7.97398,4,8.681e+08,1,0,
47,2,695309776545,695381714339,7,-8.23831,4,8.681e+08,1,0,
47,4,695309776545,695381713746,7,-8.1486,4,8.681e+08,1,0,
56,1,734366969670,735354106869,11,-13.5294,4,8.681e+08,1,0,
56,2,734366969670,735354108136,11,-9.30308,4,8.681e+08,1,0,
56,3,734366969670,735354108021,11,4.47112,4,8.681e+08,1,0,
43,1,693703204262,693775141555,7,-5.00836,4,8.685e+08,1,0,
43,2,693703204262,693775140657,7,0,4,8.685e+08,0,1,
43,3,693703204262,693775141310,7,-8.22685,4,8.685e+08,1,0,
43,4,693703204262,693775141116,7,16.0465,4,8.685e+08,1,0,
369,4,1125127057993,1125198994911,7,-7.30748,4,8.685e+08,1,0,
296,2,1332482580582,1332935189567,10,3.46118,4,8.685e+08,1,0,
296,4,1332482580582,1332935189933,10,-6.52954,4,8.685e+08,1,0,
83,3,1329965795701,1330037732695,7,0,4,8.685e+08,0,1,
327,1,1385927973766,1385999910861,7,9.45129,4,8.685e+08,1,0,
327,3,1385927973766,1385999910163,7,-3.89253,4,8.685e+08,1,0,
288,2,1387482446183,1387729231317,9,2.79512,4,8.681e+08,1,0,
288,4,1387482446183,1387729231305,9,-2.19488,4,8.681e+08,1,0,
231,1,2632549883455,2634360317139,12,-19.7435,2,8.683e+08,0,1,
231,2,2632549883455,2634360317997,12,-19.7435,2,8.683e+08,0,1,
231,4,2632549883455,2634360316823,12,-19.7435,2,8.683e+08,1,0,
156,1,3204073181616,3204525791819,10,-8.76169,4,8.685e+08,1,0,
156,2,3204073181616,3204525791280,10,-1.43234,4,8.685e+08,0,1,
156,4,3204073181616,3204525790645,10,-1.43234,4,8.685e+08,1,0,
322,3,1394146395816,1394393180382,9,-11.294,4,8.683e+08,1,0,
250,2,1390152929992,1390224866584,7,-1.9216,4,8.685e+08,1,0,
354,1,1392151681538,1392285314436,8,-2.09251,2,8.685e+08,1,0,
354,2,1392151681538,1392285314319,8,0.0477303,2,8.685e+08,1,0,
354,4,1392151681538,1392285314468,8,1.18379,2,8.685e+08,1,0,
349,2,1667944871056,1668078505267,8,-11.6842,4,8.681e+08,1,0,
183,3,1674253637162,1675240774902,11,-11.8458,4,8.685e+08,1,0,
373,3,1911257075054,1911503860016,9,-10.4414,4,8.685e+08,1,0,
397,1,3349465114685,3349598747100,8,-7.05296,2,8.683e+08,1,0,
397,4,3349465114685,3349598747453,8,-2.08484,2,8.683e+08,1,0,
327,2,1393121573776,1393193510601,7,-3.08974,4,8.683e+08,1,0,
365,1,1385116229404,1385188165605,7,15.1074,2,8.685e+08,1,0,
137,1,697390550655,697843160255,10,-12.3088,4,8.685e+08,0,1,
137,2,697390550655,697843160825,10,4.50427,4,8.685e+08,1,0,
137,3,697390550655,697843159648,10,-12.3088,4,8.685e+08,1,0,
381,3,697412264695,697484201308,7,-7.27696,4,8.685e+08,1,0,
381,4,697412264695,697484201788,7,-4.35542,4,8.685e+08,1,0,
141,1,993272828856,994259967375,11,-7.2364,4,8.685e+08,1,0,
141,2,993272828856,994259965765,11,0,4,8.685e+08,0,1,
141,3,993272828856,994259966569,11,-13.4289,4,8.685e+08,1,0,
285,1,916031489965,917018628525,11,-17.3438,4,8.681e+08,1,0,
285,2,916031489965,917018627213,11,-1.27566,4,8.681e+08,1,0,
270,2,921635233937,921707170161,7,1.40802,4,8.681e+08,1,0,
270,3,921635233937,921707171076,7,20.8544,4,8.681e+08,1,0,
21,2,2121834536831,2122287145745,10,-9.15221,4,8.683e+08,1,0,
21,3,2121834536831,2122287146152,10,-9.15221,4,8.683e+08,0,1,
21,4,2121834536831,2122287146911,10,-15.6084,4,8.683e+08,1,0,
255,3,1675851217451,1676303827784,10,-8.32634,4,8.685e+08,1,0,
255,4,1675851217451,1676303826163,10,0,4,8.685e+08,0,1,
262,2,2101156326711,2101228263057,7,0,4,8.685e+08,0,1,
262,4,2101156326711,2101228264170,7,-7.88348,4,8.685e+08,1,0,
115,3,2095436171268,2095508107337,7,0,2,8.685e+08,0,1,
125,1,2650061243635,2650133179917,7,0,4,8.683e+08,0,1,
77,1,1124294331923,1124366268417,7,9.16192,4,8.681e+08,1,0,
77,3,1124294331923,1124366268612,7,-3.59486,4,8.681e+08,1,0,
147,3,2877056271842,2877508880476,10,-3.31012,4,8.685e+08,1,0,
132,1,889420113859,889492050981,7,-6.97946,2,8.685e+08,1,0,
132,2,889420113859,889492050616,7,-5.53801,2,8.685e+08,1,0,
132,4,889420113859,889492051132,7,-6.97946,2,8.685e+08,0,1,
79,2,873988808929,874122441657,8,0.405305,2,8.685e+08,1,0,
79,4,873988808929,874122441381,8,0,2,8.685e+08,0,1,
320,1,874472878071,875460016493,11,8.01258,2,8.681e+08,1,0,
320,2,874472878071,875460015695,11,-13.4545,2,8.681e+08,1,0,
49,2,2130222771769,2130469556642,9,-12.7103,4,8.683e+08,1,0,
61,1,2127841467726,2127975100307,8,5.21288,4,8.681e+08,1,0,
61,3,2127841467726,2127975100703,8,-8.31972,4,8.681e+08,1,0,
44,2,2146083827244,2147894261923,12,-15.5484,4,8.685e+08,0,1,
44,4,2146083827244,2147894260875,12,-15.5484,4,8.685e+08,1,0,
333,1,2147225309328,2149035742966,12,-7.58282,4,8.683e+08,1,0,
333,2,2147225309328,2149035744166,12,-13.8765,4,8.683e+08,0,1,
333,3,2147225309328,2149035743049,12,-13.2192,4,8.683e+08,1,0,
333,4,2147225309328,2149035744116,12,-13.8765,4,8.683e+08,1,0,
71,2,1862937075862,1863070708454,8,-1.00151,4,8.683e+08,1,0,
71,4,1862937075862,1863070709161,8,1.89644,4,8.683e+08,1,0,
287,1,2754665807086,2754737744782,7,-4.09953,4,8.683e+08,1,0,
287,2,2754665807086,2754737743690,7,-0.592483,4,8.683e+08,1,0,
143,1,703125540988,704112678055,11,3.43342,4,8.681e+08,1,0,
143,2,703125540988,704112679373,11,-8.01723,4,8.681e+08,1,0,
143,3,703125540988,704112678355,11,-3.02528,4,8.681e+08,1,0,
304,2,696815296919,696887234066,7,-6.81708,4,8.681e+08,1,0,
304,3,696815296919,696887234428,7,0.420274,4,8.681e+08,1,0,
304,4,696815296919,696887233107,7,13.7356,4,8.681e+08,1,0,
172,1,837620594239,839431028883,12,-13.5568,4,8.685e+08,1,0,
172,2,837620594239,839431027797,12,-20.6446,4,8.685e+08,1,0,
172,4,837620594239,839431028913,12,-21.6751,4,8.685e+08,1,0,
129,4,740197747184,742008181791,12,0,4,8.681e+08,0,1,
120,1,695945088202,696191872925,9,-8.28282,2,8.681e+08,1,0,
120,4,695945088202,696191873908,9,-12.0998,2,8.681e+08,1,0,
105,1,698790533822,698862470364,7,14.8211,4,8.681e+08,1,0,
105,3,698790533822,698862470559,7,-1.40102,4,8.681e+08,1,0,
155,1,706725349299,706858981956,8,-8.24644,4,8.685e+08,1,0,
155,4,706725349299,706858981852,8,-4.42717,4,8.685e+08,1,0,
302,1,698996173689,699242958348,9,-10.4109,4,8.683e+08,1,0,
341,2,701012317773,701145951426,8,-10.2862,4,8.681e+08,1,0,
341,3,701012317773,701145950325,8,-10.7894,4,8.681e+08,1,0,
341,4,701012317773,701145951600,8,-3.59018,4,8.681e+08,1,0,
348,4,704677075149,706487508450,12,-17.3548,4,8.681e+08,1,0,
123,1,704747674000,704881306497,8,15.8377,2,8.681e+08,1,0,
123,2,704747674000,704881307277,8,0.527619,2,8.681e+08,1,0,
123,3,704747674000,704881307177,8,4.26797,2,8.681e+08,1,0,
123,4,704747674000,704881306702,8,2.06342,2,8.681e+08,1,0,
230,2,707068491390,707140427421,7,8.02777,4,8.683e+08,1,0,
230,3,707068491390,707140428594,7,-7.41811,4,8.683e+08,1,0,
325,1,865755478983,867565912634,12,-7.32805,4,8.681e+08,1,0,
325,3,865755478983,867565913578,12,-12.2864,4,8.681e+08,1,0,
51,1,705603572465,705850357297,9,0,4,8.681e+08,0,1,
51,4,705603572465,705850358287,9,-12.1206,4,8.681e+08,1,0,
26,1,704887465931,705134250961,9,0,2,8.685e+08,0,1,
124,1,706775713034,706909345863,8,-11.2407,4,8.681e+08,1,0,
124,2,706775713034,706909346045,8,11.0842,4,8.681e+08,1,0,
124,4,706775713034,706909345492,8,-7.92845,4,8.681e+08,1,0,
37,2,707490597489,707624230453,8,-1.49406,2,8.685e+08,1,0,
37,3,707490597489,707624230037,8,-10.2191,2,8.685e+08,1,0,
382,2,712516202745,712588139955,7,-9.09749,2,8.685e+08,1,0,
382,4,712516202745,712588138961,7,15.9501,2,8.685e+08,1,0,
21,2,711146412092,711599021006,10,-8.37997,4,8.681e+08,1,0,
142,1,709093477966,709165414456,7,6.59815,4,8.681e+08,1,0,
142,4,709093477966,709165414673,7,4.43231,4,8.681e+08,1,0,
101,3,738387269049,739374406702,11,-13.83,2,8.685e+08,1,0,
267,1,886582122316,886654058520,7,10.3487,4,8.681e+08,1,0,
267,4,886582122316,886654059364,7,-7.66966,4,8.681e+08,1,0,
262,2,711900832901,711972769247,7,14.7807,4,8.681e+08,1,0,
118,2,723548130813,723620067081,7,-1.57118,2,8.681e+08,1,0,
109,1,711653567348,711725503824,7,0,2,8.681e+08,0,1,
238,3,713411749131,713658534339,9,-9.22092,4,8.685e+08,1,0,
238,4,713411749131,713658534977,9,-14.0486,4,8.685e+08,1,0,
310,1,714136747532,714208684509,7,0.0581673,4,8.681e+08,1,0,
310,4,714136747532,714208685322,7,-7.15924,4,8.681e+08,1,0,
154,1,721571050628,721704683383,8,-1.26858,4,8.685e+08,1,0,
32,2,720925316486,720997252911,7,-9.1582,4,8.685e+08,1,0,
368,1,725763015699,726750152972,11,-18.1884,4,8.681e+08,1,0,
296,2,723136251714,723588860699,10,-0.61505,4,8.681e+08,1,0,
296,3,723136251714,723588861864,10,-15.8436,4,8.681e+08,1,0,
296,4,723136251714,723588861065,10,11.5397,4,8.681e+08,1,0,
338,2,725782401292,726029186587,9,-12.8454,4,8.685e+08,1,0,
338,3,725782401292,726029186141,9,6.81036,4,8.685e+08,1,0,
119,4,725885593155,725957529624,7,8.99471,4,8.685e+08,1,0,
134,1,737707343151,737779279341,7,10.8911,2,8.681e+08,1,0,
39,2,741727956453,741799892644,7,3.10042,4,8.681e+08,1,0,
84,2,936336800097,936789409279,10,-15.0177,4,8.681e+08,1,0,
84,3,936336800097,936789410219,10,-16.3997,4,8.681e+08,1,0,
84,4,936336800097,936789408866,10,4.18792,4,8.681e+08,1,0,
370,4,928551075042,930361508710,12,1.89093,4,8.685e+08,1,0,
19,1,925693531754,925940316526,9,-6.02974,2,8.685e+08,1,0,
19,3,925693531754,925940317705,9,-9.65065,2,8.685e+08,1,0,
383,1,1031475259155,1031547195601,7,-1.5321,4,8.685e+08,1,0,
383,3,1031475259155,1031547196345,7,-4.50156,4,8.685e+08,1,0,
91,3,1100344800566,1100797409609,10,-12.8812,4,8.685e+08,1,0,
91,4,1100344800566,1100797411116,10,-13.8303,4,8.685e+08,1,0,
306,1,2559948649031,2560195433893,9,0,4,8.681e+08,0,1,
306,2,2559948649031,2560195435133,9,-9.24434,4,8.681e+08,1,0,
306,3,2559948649031,2560195435018,9,-12.9363,4,8.681e+08,1,0,
306,4,2559948649031,2560195434133,9,-9.65543,4,8.681e+08,1,0,
84,2,2834609344941,2835061954123,10,8.01173,4,8.683e+08,1,0,
316,3,950317400501,950451034646,8,-4.08975,2,8.681e+08,1,0,
331,1,2782053081139,2782299867286,9,-13.9463,4,8.683e+08,1,0,
331,2,2782053081139,2782299865741,9,15.6022,4,8.683e+08,1,0,
331,3,2782053081139,2782299866481,9,-11.1619,4,8.683e+08,1,0,
331,4,2782053081139,2782299866920,9,1.86383,4,8.683e+08,1,0,
26,4,2914604265045,2914851051252,9,-9.28827,2,8.683e+08,1,0,
100,1,1087696279066,1087943064196,9,-12.1376,4,8.681e+08,1,0,
348,2,1480440636199,1482251070675,12,-13.2389,4,8.685e+08,1,0,
348,4,1480440636199,1482251069500,12,0,4,8.685e+08,0,1,
64,1,1299574832064,1299708465097,8,-9.86952,4,8.685e+08,1,0,
64,2,1299574832064,1299708464702,8,-2.90546,4,8.685e+08,1,0,
64,3,1299574832064,1299708464967,8,1.75024,4,8.685e+08,1,0,
64,4,1299574832064,1299708464876,8,-4.90782,4,8.685e+08,1,0,
101,1,2208436322267,2209423459198,11,7.58181,2,8.683e+08,1,0,
101,3,2208436322267,2209423459920,11,-18.0991,2,8.683e+08,1,0,
402,3,1808735183846,1808868817016,8,-5.51355,4,8.685e+08,1,0,
123,1,2619455224145,2619588856642,8,-2.66467,2,8.685e+08,1,0,
123,2,2619455224145,2619588857422,8,-5.29484,2,8.685e+08,1,0,
123,3,2619455224145,2619588857322,8,-11.2573,2,8.685e+08,1,0,
123,4,2619455224145,2619588856847,8,0.983292,2,8.685e+08,1,0,
71,1,1328417107374,1328550741489,8,-7.65137,4,8.685e+08,1,0,
71,2,1328417107374,1328550739966,8,0.697495,4,8.685e+08,1,0,
277,1,2519763895416,2520010680030,9,-4.86803,4,8.683e+08,1,0,
277,3,2519763895416,2520010681099,9,-9.44504,4,8.683e+08,1,0,
277,4,2519763895416,2520010681075,9,-12.4745,4,8.683e+08,1,0,
328,1,2137518428288,2138505565395,11,-6.94224,4,8.685e+08,1,0,
328,2,2137518428288,2138505566843,11,-15.7025,4,8.685e+08,1,0,
377,2,2137407209256,2137859818786,10,-11.0623,4,8.683e+08,1,0,
377,3,2137407209256,2137859817962,10,-0.422378,4,8.683e+08,1,0,
273,1,2142737380623,2142809316966,7,0,4,8.685e+08,0,1,
398,3,2602894985241,2603141771217,9,-14.1179,2,8.685e+08,1,0,
308,2,2162483160089,2162555096240,7,41.4716,4,8.683e+08,1,0,
308,4,2162483160089,2162555097126,7,-1.36642,4,8.683e+08,1,0,
15,1,1441653097424,1441725034838,7,-6.37314,4,8.685e+08,0,1,
15,2,1441653097424,1441725033933,7,-6.37314,4,8.685e+08,1,0,
72,1,3382165908302,3382237844657,7,2.08019,4,8.685e+08,1,0,
72,2,3382165908302,3382237846324,7,-6.78561,4,8.685e+08,1,0,
105,1,2873935595014,2874007531556,7,-7.7659,4,8.683e+08,1,0,
82,1,2874510068640,2874582005632,7,-1.18472,4,8.683e+08,1,0,
82,3,2874510068640,2874582004906,7,6.98412,4,8.683e+08,1,0,
96,3,1908441680583,1908513616959,7,2.01152,4,8.683e+08,1,0,
294,4,1913464565248,1913598197885,8,-10.2558,2,8.685e+08,1,0,
132,1,2566641174244,2566713111366,7,9.65151,2,8.683e+08,1,0,
132,3,2566641174244,2566713110705,7,-0.436736,2,8.683e+08,1,0,
159,2,1678437619349,1678571251993,8,-8.14651,4,8.683e+08,0,1,
159,4,1678437619349,1678571251959,8,-8.14651,4,8.683e+08,1,0,
140,1,2564191260511,2564438046641,9,-1.70906,4,8.685e+08,1,0,
98,1,1881746720288,1881880352809,8,0.730958,4,8.683e+08,1,0,
98,4,1881746720288,1881880353746,8,-7.41305,4,8.683e+08,1,0,
130,1,1259871214411,1259943150900,7,9.14291,4,8.683e+08,1,0,
130,3,1259871214411,1259943151109,7,-0.995345,4,8.683e+08,1,0,
162,1,927894487237,928881624325,11,-5.27409,2,8.681e+08,1,0,
162,2,927894487237,928881625487,11,-16.5135,2,8.681e+08,1,0,
162,3,927894487237,928881625440,11,-10.7709,2,8.681e+08,1,0,
162,4,927894487237,928881624417,11,-8.94342,2,8.681e+08,1,0,
61,3,926793771794,926927404771,8,-8.11287,4,8.685e+08,1,0,
337,2,927558446455,929368880137,12,-10.8009,4,8.681e+08,1,0,
337,4,927558446455,929368879915,12,-12.2468,4,8.681e+08,1,0,
244,1,932195739449,932267675888,7,1.70372,2,8.683e+08,1,0,
244,3,932195739449,932267677066,7,-2.08612,2,8.683e+08,1,0,
213,2,936734102868,937186712099,10,-16.3418,4,8.681e+08,1,0,
213,4,936734102868,937186711536,10,-2.33136,4,8.681e+08,1,0,
42,2,931700203080,931772139432,7,-1.77756,4,8.685e+08,1,0,
254,1,952996725390,953449334505,10,-11.886,4,8.683e+08,1,0,
254,4,952996725390,953449334250,10,-4.13191,4,8.683e+08,1,0,
363,2,2118555806279,2118627743062,7,-2.76781,4,8.683e+08,0,1,
363,4,2118555806279,2118627742789,7,-2.76781,4,8.683e+08,1,0,
113,3,1595973968471,1596045904638,7,2.26128,4,8.685e+08,1,0,
177,4,1910663479687,1910735416041,7,-7.72198,4,8.685e+08,1,0,
149,1,1932675031872,1934485465302,12,-21.9051,4,8.683e+08,1,0,
149,2,1932675031872,1934485466357,12,-11.9771,4,8.683e+08,1,0,
149,4,1932675031872,1934485465221,12,0,4,8.683e+08,0,1,
375,3,1906282551261,1906354487393,7,-0.440353,4,8.683e+08,1,0,
11,1,2765583572203,2766036181130,10,-11.8439,4,8.681e+08,1,0,
11,3,2765583572203,2766036181276,10,-7.9046,4,8.681e+08,1,0,
142,3,2844244336382,2844316273563,7,-2.87369,4,8.683e+08,1,0,
57,1,1846717072979,1847704211183,11,-13.0306,4,8.683e+08,1,0,
57,2,1846717072979,1847704210589,11,-11.5374,4,8.683e+08,1,0,
107,2,1994328112307,1994574897411,9,-11.7914,2,8.685e+08,1,0,
107,4,1994328112307,1994574897080,9,0.802689,2,8.685e+08,1,0,
360,2,2351961195542,2352094828680,8,-6.2274,4,8.683e+08,0,1,
360,3,2351961195542,2352094828317,8,-1.0181,4,8.683e+08,1,0,
360,4,2351961195542,2352094828539,8,-6.2274,4,8.683e+08,1,0,
152,1,933685824991,933819458943,8,-8.15131,4,8.681e+08,1,0,
152,2,933685824991,933819457444,8,-11.2709,4,8.681e+08,1,0,
199,1,943441683582,943688468514,9,-12.7888,2,8.685e+08,1,0,
199,2,943441683582,943688469303,9,-11.6608,2,8.685e+08,1,0,
199,3,943441683582,943688469435,9,1.40295,2,8.685e+08,1,0,
199,4,943441683582,943688468214,9,5.94759,2,8.685e+08,1,0,
319,1,977737659779,978724798440,11,-0.445418,4,8.683e+08,1,0,
319,2,977737659779,978724797063,11,-12.1186,4,8.683e+08,1,0,
138,1,939868880515,940002514220,8,-10.9865,4,8.685e+08,1,0,
138,2,939868880515,940002513507,8,0,4,8.685e+08,0,1,
138,4,939868880515,940002514397,8,1.34218,4,8.685e+08,1,0,
102,2,940393116663,940465053706,7,15.4601,2,8.685e+08,1,0,
276,1,953574698184,953708330633,8,1.85426,4,8.685e+08,1,0,
160,3,941728460537,941800397429,7,-2.70932,2,8.685e+08,1,0,
198,1,1783191191877,1784178329454,11,-18.7068,4,8.681e+08,1,0,
198,2,1783191191877,1784178330144,11,-18.0629,4,8.681e+08,1,0,
198,3,1783191191877,1784178328965,11,-5.32437,4,8.681e+08,1,0,
383,1,1177978963957,1178050900403,7,-7.43231,4,8.683e+08,1,0,
158,3,1233520493705,1233592431309,7,-5.10728,4,8.685e+08,1,0,
158,4,1233520493705,1233592430133,7,-5.62701,4,8.685e+08,1,0,
76,2,2350324455021,2350396392171,7,-4.76759,2,8.683e+08,1,0,
76,3,2350324455021,2350396392386,7,-4.76759,2,8.683e+08,0,1,
76,4,2350324455021,2350396391391,7,-4.61584,2,8.683e+08,1,0,
341,1,1595782141537,1595915774490,8,-10.1302,4,8.683e+08,1,0,
341,3,1595782141537,1595915774089,8,-5.15996,4,8.683e+08,1,0,
341,4,1595782141537,1595915775364,8,-10.6909,4,8.683e+08,1,0,
109,4,2366015874536,2366087811729,7,-3.326,2,8.683e+08,1,0,
237,1,1902679055913,1902750992307,7,-5.71617,4,8.683e+08,1,0,
112,2,2723298932452,2725109365951,12,-8.20137,4,8.683e+08,1,0,
47,1,3578662999264,3578734935428,7,6.20007,4,8.683e+08,1,0,
47,2,3578662999264,3578734937058,7,-6.13187,4,8.683e+08,1,0,
260,1,1174004590880,1174457201232,10,-13.5538,4,8.685e+08,1,0,
302,1,1102114814482,1102361599141,9,0,4,8.683e+08,0,1,
302,3,1102114814482,1102361600237,9,-2.70384,4,8.683e+08,1,0,
14,1,3134495140411,3134567076535,7,1.3573,4,8.683e+08,1,0,
14,4,3134495140411,3134567077670,7,-9.21916,4,8.683e+08,1,0,
190,1,3188395974710,3188467911186,7,-7.35692,4,8.683e+08,1,0,
190,2,3188395974710,3188467912154,7,0.212602,4,8.683e+08,1,0,
190,4,3188395974710,3188467912052,7,-0.777877,4,8.683e+08,1,0,
383,1,943693813958,943765750404,7,4.51465,4,8.683e+08,1,0,
383,3,943693813958,943765751148,7,10.9825,4,8.683e+08,1,0,
283,4,946427523693,946561156510,8,-4.48746,4,8.681e+08,1,0,
116,4,953120964116,953192900448,7,2.72298,2,8.685e+08,1,0,
290,2,946131956658,946378741514,9,-6.84408,4,8.685e+08,1,0,
290,4,946131956658,946378741853,9,-12.8331,4,8.685e+08,1,0,
123,2,954818680504,954952313781,8,17.2313,2,8.685e+08,1,0,
375,3,2208603942276,2208675878408,7,23.6475,4,8.685e+08,1,0,
173,2,2911722050661,2912174659985,10,-1.2648,4,8.683e+08,1,0,
394,2,2916191297766,2916438082662,9,-12.3976,4,8.685e+08,1,0,
394,3,2916191297766,2916438082918,9,9.761,4,8.685e+08,1,0,
394,4,2916191297766,2916438083796,9,5.44745,4,8.685e+08,1,0,
142,1,2659824281412,2659896217902,7,11.0011,4,8.683e+08,1,0,
142,3,2659824281412,2659896218593,7,11.0011,4,8.683e+08,0,1,
193,2,3174897383563,3175031016431,8,-8.26668,4,8.681e+08,1,0,
193,4,3174897383563,3175031016359,8,-10.4237,4,8.681e+08,1,0,
101,1,2405863522287,2406850659218,11,-4.8038,2,8.683e+08,1,0,
101,3,2405863522287,2406850659940,11,-17.6616,2,8.683e+08,1,0,
101,4,2405863522287,2406850660385,11,-15.565,2,8.683e+08,1,0,
362,1,2152310379224,2153297517387,11,-7.28726,4,8.683e+08,1,0,
362,2,2152310379224,2153297516067,11,-9.17979,4,8.683e+08,1,0,
354,2,1580008062904,1580141695685,8,6.17035,2,8.683e+08,1,0,
354,3,1580008062904,1580141695646,8,5.01881,2,8.683e+08,1,0,
354,4,1580008062904,1580141695834,8,-9.61467,2,8.683e+08,1,0,
217,3,1377974153195,1379784586591,12,0,4,8.685e+08,0,1,
217,4,1377974153195,1379784587559,12,-7.76141,4,8.685e+08,1,0,
88,3,1820414041467,1820485977732,7,5.06915,4,8.683e+08,1,0,
304,1,3133668164741,3133740101740,7,-0.763412,4,8.683e+08,1,0,
304,2,3133668164741,3133740101888,7,2.62859,4,8.683e+08,1,0,
304,3,3133668164741,3133740102250,7,2.62859,4,8.683e+08,0,1,
304,4,3133668164741,3133740100929,7,-0.676894,4,8.683e+08,1,0,
123,1,2204764250971,2204897883468,8,15.3115,4,8.681e+08,1,0,
144,1,2906166059328,2907153196688,11,-3.78462,4,8.685e+08,1,0,
144,4,2906166059328,2907153196897,11,-6.40402,4,8.685e+08,1,0,
26,1,3347967784666,3348214569696,9,-12.2066,2,8.683e+08,1,0,
26,3,3347967784666,3348214570166,9,-5.6297,2,8.683e+08,1,0,
227,2,2391520904959,2391592841323,7,3.57632,2,8.683e+08,1,0,
227,3,2391520904959,2391592842078,7,-4.64276,2,8.683e+08,1,0,
227,4,2391520904959,2391592842488,7,-4.64276,2,8.683e+08,0,1,
316,4,2397771023861,2397904656387,8,-2.95772,2,8.685e+08,1,0,
340,1,2866106081772,2866178018172,7,17.2094,4,8.685e+08,1,0,
340,2,2866106081772,2866178019811,7,-3.59939,4,8.685e+08,1,0,
306,1,1167277904662,1167524689524,9,-7.49553,4,8.685e+08,1,0,
74,1,1159696872602,1159768809297,7,0.112,4,8.681e+08,1,0,
74,4,1159696872602,1159768809087,7,-3.6593,4,8.681e+08,1,0,
272,1,1099440899764,1100428037472,11,-14.035,4,8.681e+08,1,0,
272,2,1099440899764,1100428037788,11,-14.035,4,8.681e+08,0,1,
272,4,1099440899764,1100428036643,11,0,4,8.681e+08,0,1,
303,1,959592175241,959725807690,8,-3.89671,4,8.683e+08,1,0,
303,2,959592175241,959725809310,8,-5.74152,4,8.683e+08,1,0,
303,3,959592175241,959725808608,8,-1.03558,4,8.683e+08,1,0,
303,4,959592175241,959725808858,8,-0.856429,4,8.683e+08,1,0,
318,1,963024323962,963096261904,7,6.69621,4,8.685e+08,1,0,
318,2,963024323962,963096260284,7,-5.5229,4,8.685e+08,1,0,
318,4,963024323962,963096261459,7,-3.5851,4,8.685e+08,1,0,
393,2,1982682518297,1982754455440,7,-0.511871,4,8.681e+08,1,0,
393,3,1982682518297,1982754455224,7,0.0685891,4,8.681e+08,1,0,
393,4,1982682518297,1982754455148,7,6.55937,4,8.681e+08,1,0,
29,2,2377405028892,2378392166227,11,-9.30254,4,8.685e+08,0,1,
29,4,2377405028892,2378392165945,11,-9.30254,4,8.685e+08,1,0,
266,1,2869982349009,2870115981556,8,-9.76253,4,8.683e+08,1,0,
266,3,2869982349009,2870115981666,8,-9.76253,4,8.683e+08,0,1,
124,2,2809723140661,2809856773672,8,1.85487,4,8.685e+08,0,1,
124,3,2809723140661,2809856773886,8,-9.44849,4,8.685e+08,1,0,
124,4,2809723140661,2809856773119,8,1.85487,4,8.685e+08,1,0,
140,1,1172289893651,1172536679781,9,-7.96635,4,8.685e+08,1,0,
140,3,1172289893651,1172536679441,9,0,4,8.685e+08,0,1,
17,2,1172318188693,1174128622955,12,0,4,8.685e+08,0,1,
17,3,1172318188693,1174128621777,12,0,4,8.685e+08,0,1,
101,2,1172121742864,1173108881367,11,-16.8897,2,8.685e+08,1,0,
101,3,1172121742864,1173108880517,11,0,2,8.685e+08,0,1,
101,4,1172121742864,1173108880962,11,-17.9276,2,8.685e+08,1,0,
138,3,2387475069712,2387608702301,8,8.68996,4,8.683e+08,1,0,
350,1,2388094441645,2389081578765,11,-17.0025,2,8.685e+08,1,0,
350,2,2388094441645,2389081579969,11,-6.07996,2,8.685e+08,1,0,
350,3,2388094441645,2389081578905,11,-17.0025,2,8.685e+08,0,1,
134,1,2627261002551,2627332938741,7,2.53017,2,8.683e+08,1,0,
134,4,2627261002551,2627332939607,7,2.53017,2,8.683e+08,0,1,
198,2,2801848194983,2802835333250,11,-3.00261,4,8.683e+08,1,0,
198,4,2801848194983,2802835333521,11,-8.73184,4,8.683e+08,1,0,
305,2,2818429053313,2818881662357,10,-14.8645,2,8.683e+08,1,0,
377,1,1429043743609,1429496353477,10,-2.73276,4,8.685e+08,1,0,
377,4,1429043743609,1429496353918,10,-16.8605,4,8.685e+08,1,0,
142,1,1450037883018,1450109819508,7,-5.03447,4,8.685e+08,1,0,
142,4,1450037883018,1450109819725,7,20.0815,4,8.685e+08,1,0,
233,3,1283559399457,1283631336112,7,-7.6161,4,8.681e+08,1,0,
393,3,1455347282661,1455419219588,7,5.08051,2,8.685e+08,1,0,
404,2,1420908220215,1420980156555,7,16.1701,2,8.685e+08,1,0,
404,4,1420908220215,1420980157055,7,-2.36357,2,8.685e+08,1,0,
234,2,1419660496132,1420647633439,11,-7.15858,2,8.683e+08,1,0,
203,2,1514766082028,1516576515530,12,-14.2649,4,8.685e+08,1,0,
203,4,1514766082028,1516576515508,12,0,4,8.685e+08,0,1,
344,1,1594843669738,1594977302722,8,0.46753,4,8.683e+08,1,0,
176,2,1126811019606,1127057804691,9,-4.46315,4,8.685e+08,1,0,
380,3,1130754898013,1132565331609,12,-8.05717,4,8.685e+08,1,0,
380,4,1130754898013,1132565332624,12,-8.05717,4,8.685e+08,0,1,
236,2,1119073242262,1119206875112,8,1.45757,4,8.685e+08,1,0,
117,4,1595066985691,1595138922139,7,-4.41936,4,8.685e+08,1,0,
347,1,3555810778273,3555882714567,7,-4.24042,4,8.683e+08,1,0,
347,3,3555810778273,3555882715746,7,-1.68326,4,8.683e+08,1,0,
299,4,3330631211910,3330764845630,8,-9.33858,4,8.683e+08,1,0,
145,1,952116631719,952188569517,7,1.14038,2,8.685e+08,1,0,
145,3,952116631719,952188568403,7,-1.97194,2,8.685e+08,1,0,
111,4,954272197313,954344133567,7,5.18107,2,8.681e+08,1,0,
397,1,954090116958,954223749373,8,0.0583504,2,8.681e+08,1,0,
397,3,954090116958,954223750169,8,-8.40585,2,8.681e+08,1,0,
143,3,954781024619,955768161986,11,-10.8427,4,8.681e+08,1,0,
143,4,954781024619,955768162846,11,-1.418,4,8.681e+08,1,0,
241,1,967150735330,967222672962,7,-3.3314,4,8.681e+08,1,0,
138,1,959344251071,959477884776,8,-2.24805,4,8.685e+08,1,0,
138,2,959344251071,959477884063,8,-3.65727,4,8.685e+08,1,0,
50,1,959020553202,959092490819,7,-5.18805,4,8.685e+08,1,0,
50,2,959020553202,959092489757,7,-8.79961,4,8.685e+08,1,0,
50,3,959020553202,959092490737,7,6.99514,4,8.685e+08,1,0,
76,1,1113946437772,1114018374597,7,-3.56265,2,8.681e+08,1,0,
76,2,1113946437772,1114018374922,7,11.2175,2,8.681e+08,1,0,
76,3,1113946437772,1114018375137,7,-4.80148,2,8.681e+08,1,0,
76,4,1113946437772,1114018374142,7,7.53259,2,8.681e+08,1,0,
358,3,959459340327,959531276678,7,8.93878,4,8.685e+08,1,0,
151,2,2414655095995,2414788729048,8,11.356,4,8.685e+08,1,0,
151,3,2414655095995,2414788728539,8,-2.90742,4,8.685e+08,1,0,
329,1,3153920643275,3154907781624,11,-7.24661,4,8.681e+08,1,0,
329,4,3153920643275,3154907781646,11,-17.5347,4,8.681e+08,1,0,
331,2,2550321481327,2550568265929,9,-1.04272,4,8.685e+08,1,0,
331,3,2550321481327,2550568266669,9,4.01953,4,8.685e+08,1,0,
397,1,1931704717051,1931838349466,8,-8.44612,2,8.685e+08,1,0,
397,3,1931704717051,1931838350262,8,2.83362,2,8.685e+08,0,1,
397,4,1931704717051,1931838349819,8,2.83362,2,8.685e+08,1,0,
23,4,1444050784148,1444503393308,10,-12.3065,4,8.685e+08,1,0,
349,1,2350771819540,2350905452400,8,4.68443,4,8.685e+08,1,0,
349,2,2350771819540,2350905453751,8,9.50099,4,8.685e+08,1,0,
320,1,1988325630685,1989312769107,11,-1.56082,2,8.683e+08,1,0,
320,2,1988325630685,1989312768309,11,-18.886,2,8.683e+08,1,0,
320,4,1988325630685,1989312767931,11,-2.70555,2,8.683e+08,1,0,
95,4,966333813014,966786421909,10,-13.3982,2,8.685e+08,1,0,
145,3,962097331528,962169268212,7,0,2,8.685e+08,0,1,
82,2,982125084384,982197021751,7,-2.22533,4,8.685e+08,1,0,
74,1,963167061743,963238998438,7,2.36775,4,8.681e+08,1,0,
74,2,963167061743,963238999001,7,5.58304,4,8.681e+08,1,0,
74,3,963167061743,963238999096,7,-7.91307,4,8.681e+08,1,0,
94,1,968045534234,968498144635,10,-5.94273,4,8.681e+08,1,0,
94,3,968045534234,968498144325,10,-14.3569,4,8.681e+08,1,0,
94,4,968045534234,968498143725,10,-13.1155,4,8.681e+08,1,0,
266,1,1133296276292,1133429908839,8,-6.11314,4,8.683e+08,1,0,
266,3,1133296276292,1133429908949,8,-7.05606,4,8.683e+08,1,0,
110,2,3392219366694,3392291302917,7,-5.50937,4,8.683e+08,1,0,
210,2,1782303419602,1782375356799,7,11.0426,4,8.683e+08,1,0,
210,4,1782303419602,1782375355914,7,9.81992,4,8.683e+08,1,0,
51,1,963302000216,963548785048,9,-12.9661,4,8.681e+08,1,0,
201,2,965548286760,965620223128,7,-0.113982,4,8.685e+08,1,0,
96,3,964365148552,964437084928,7,4.11818,4,8.681e+08,1,0,
142,1,967967833423,968039769913,7,-7.37602,4,8.685e+08,1,0,
142,4,967967833423,968039770130,7,-7.49235,4,8.685e+08,1,0,
324,1,967000367455,967452977031,10,2.04694,4,8.681e+08,1,0,
324,4,967000367455,967452976672,10,-12.6001,4,8.681e+08,1,0,
306,1,981158878950,981405663812,9,0,4,8.681e+08,0,1,
306,4,981158878950,981405664052,9,-8.3945,4,8.681e+08,1,0,
333,2,974676649118,976487083956,12,-20.9835,4,8.685e+08,1,0,
333,3,974676649118,976487082839,12,-20.4818,4,8.685e+08,1,0,
285,1,1014745089975,1015732228535,11,-18.1513,4,8.681e+08,1,0,
285,3,1014745089975,1015732227489,11,0,4,8.681e+08,0,1,
285,4,1014745089975,1015732228387,11,-19.1236,4,8.681e+08,1,0,
282,2,971844726916,972297336063,10,-0.607604,4,8.685e+08,1,0,
203,2,971636481998,973446915500,12,0,4,8.685e+08,0,1,
151,4,996400453398,996534087307,8,0,4,8.685e+08,0,1,
45,2,978364255945,978497888762,8,-7.15857,4,8.683e+08,1,0,
263,1,974619431809,975072042265,10,-3.8102,4,8.685e+08,1,0,
263,2,974619431809,975072041388,10,-15.3745,4,8.685e+08,1,0,
55,1,995050825923,995503436324,10,-11.2966,4,8.685e+08,0,1,
55,2,995050825923,995503434793,10,-7.06235,4,8.685e+08,1,0,
55,3,995050825923,995503435971,10,-11.2966,4,8.685e+08,1,0,
341,1,980391720742,980525353695,8,-8.97765,4,8.685e+08,1,0,
341,3,980391720742,980525353294,8,-10.1433,4,8.685e+08,1,0,
62,1,988647842768,989100452711,10,-12.779,2,8.681e+08,1,0,
62,2,988647842768,989100451369,10,-2.67645,2,8.681e+08,1,0,
62,3,988647842768,989100452506,10,-0.885436,2,8.681e+08,1,0,
137,3,987762897222,988215506215,10,-14.2307,4,8.683e+08,1,0,
339,1,986882707938,987129492711,9,-12.4323,4,8.685e+08,1,0,
339,4,986882707938,987129493882,9,-2.35745,4,8.685e+08,1,0,
207,3,993668378776,994120989039,10,-5.49081,4,8.685e+08,1,0,
207,4,993668378776,994120987381,10,11.3577,4,8.685e+08,1,0,
223,1,990642565046,992452998609,12,-7.23788,4,8.681e+08,1,0,
223,2,990642565046,992452999808,12,-21.0118,4,8.681e+08,1,0,
223,3,990642565046,992452999757,12,-7.23788,4,8.681e+08,0,1,
234,4,1087483750448,1088470888914,11,-2.74817,2,8.685e+08,1,0,
49,1,991202868635,991449654267,9,-5.65973,4,8.685e+08,1,0,
49,2,991202868635,991449653508,9,6.51138,4,8.685e+08,1,0,
49,4,991202868635,991449653205,9,-11.4392,4,8.685e+08,1,0,
375,1,996015960719,996087897841,7,1.95476,4,8.681e+08,1,0,
375,3,996015960719,996087896851,7,4.77772,4,8.681e+08,1,0,
255,3,999583051485,1000035661818,10,-7.16168,4,8.681e+08,1,0,
255,4,999583051485,1000035660197,10,-14.8784,4,8.681e+08,1,0,
16,1,995277922214,995524708170,9,0,4,8.681e+08,0,1,
88,3,1002138329738,1002210266003,7,0,4,8.683e+08,0,1,
134,1,999520943778,999592879968,7,7.90612,2,8.681e+08,1,0,
134,3,999520943778,999592880829,7,-4.59293,2,8.681e+08,1,0,
134,4,999520943778,999592880834,7,-5.62483,2,8.681e+08,1,0,
376,4,1007007002538,1007459612842,10,-15.9593,2,8.685e+08,1,0,
134,1,1006714543788,1006786479978,7,16.8006,2,8.685e+08,1,0,
134,2,1006714543788,1006786481266,7,-7.19685,2,8.685e+08,1,0,
134,3,1006714543788,1006786480839,7,-3.70805,2,8.685e+08,1,0,
193,1,1001960446853,1002094079655,8,-8.79126,4,8.685e+08,1,0,
193,2,1001960446853,1002094079721,8,2.23859,4,8.685e+08,1,0,
193,4,1001960446853,1002094079649,8,-8.03731,4,8.685e+08,1,0,
277,4,1001459400742,1001706186401,9,-11.4299,4,8.681e+08,1,0,
142,1,1000991343638,1001063280128,7,0.0263528,4,8.683e+08,1,0,
142,3,1000991343638,1001063280819,7,-0.536025,4,8.683e+08,1,0,
68,2,1001741751446,1002194360656,10,-4.52275,4,8.685e+08,1,0,
68,3,1001741751446,1002194360244,10,0,4,8.685e+08,0,1,
179,1,1009562582363,1009696214984,8,12.9954,2,8.685e+08,1,0,
281,4,1005636390848,1006623528148,11,-12.3859,2,8.685e+08,1,0,
77,3,1006481555976,1006553492665,7,8.72013,4,8.681e+08,1,0,
180,1,1006139591857,1006592201167,10,-3.45988,4,8.683e+08,1,0,
180,2,1006139591857,1006592202373,10,-5.5124,4,8.683e+08,1,0,
180,3,1006139591857,1006592201285,10,8.27495,4,8.683e+08,1,0,
180,4,1006139591857,1006592202308,10,-14.5439,4,8.683e+08,1,0,
146,2,1009299337412,1010286474779,11,0.483125,2,8.681e+08,1,0,
263,4,1024993057697,1025445666984,10,0,4,8.683e+08,0,1,
192,2,1012541519997,1012994128935,10,-5.61441,4,8.685e+08,1,0,
233,1,1007578232593,1007650169797,7,0,4,8.685e+08,0,1,
233,4,1007578232593,1007650170676,7,-9.25691,4,8.685e+08,1,0,
40,2,1010714360526,1012524794057,12,-16.3008,4,8.681e+08,1,0,
40,3,1010714360526,1012524793716,12,-15.8845,4,8.681e+08,1,0,
5,3,1010994037478,1011127669953,8,13.6802,4,8.681e+08,1,0,
5,4,1010994037478,1011127671556,8,-6.63492,4,8.681e+08,1,0,
370,2,1109594275052,1111404709831,12,-22.1206,4,8.685e+08,1,0,
370,4,1109594275052,1111404708720,12,-18.1996,4,8.685e+08,1,0,
110,2,1016611068024,1016683004247,7,5.72717,4,8.681e+08,1,0,
398,2,1011812122742,1012058908986,9,-6.81778,2,8.681e+08,1,0,
398,3,1011812122742,1012058908718,9,-9.25778,2,8.681e+08,1,0,
366,1,1010274298495,1011261435894,11,-7.79249,4,8.681e+08,1,0,
366,2,1010274298495,1011261436705,11,-15.5517,4,8.681e+08,1,0,
306,2,1027374854769,1027621640871,9,-6.94192,4,8.681e+08,1,0,
306,3,1027374854769,1027621640756,9,-3.26556,4,8.681e+08,1,0,
306,4,1027374854769,1027621639871,9,17.3055,4,8.681e+08,1,0,
207,2,1038929178786,1039381788506,10,-8.17326,4,8.685e+08,1,0,
207,4,1038929178786,1039381787391,10,-6.07614,4,8.685e+08,1,0,
132,1,1012907933291,1012979870413,7,-6.39438,2,8.685e+08,1,0,
132,2,1012907933291,1012979870048,7,6.40644,2,8.685e+08,1,0,
132,3,1012907933291,1012979869752,7,0.598924,2,8.685e+08,1,0,
132,4,1012907933291,1012979870564,7,-7.36038,2,8.685e+08,1,0,
320,4,1019334612109,1020321749355,11,-7.79335,2,8.681e+08,1,0,
306,3,1052053254779,1052300040766,9,-5.83679,4,8.685e+08,1,0,
327,1,1013769039766,1013840976861,7,-8.75369,4,8.683e+08,0,1,
327,3,1013769039766,1013840976163,7,-8.75369,4,8.683e+08,1,0,
244,1,1016729839395,1016801775834,7,-7.78541,2,8.683e+08,1,0,
135,1,1022224755270,1023211892109,11,-2.51305,2,8.683e+08,1,0,
135,2,1022224755270,1023211893481,11,-6.06818,2,8.683e+08,1,0,
135,4,1022224755270,1023211892529,11,-4.33473,2,8.683e+08,1,0,
302,1,1016763540443,1017010325102,9,-5.59404,4,8.685e+08,1,0,
302,3,1016763540443,1017010326198,9,-11.8483,4,8.685e+08,1,0,
302,4,1016763540443,1017010326099,9,-8.35738,4,8.685e+08,1,0,
233,3,1021948106534,1022020043189,7,9.90347,4,8.683e+08,1,0,
233,4,1021948106534,1022020044617,7,-6.32339,4,8.683e+08,1,0,
232,3,1030197125843,1030649735924,10,-12.8042,4,8.685e+08,0,1,
232,4,1030197125843,1030649735107,10,-12.8042,4,8.685e+08,1,0,
295,2,1041562281609,1041695914242,8,12.4042,4,8.685e+08,1,0,
295,3,1041562281609,1041695914161,8,4.2132,4,8.685e+08,1,0,
295,4,1041562281609,1041695914995,8,12.4042,4,8.685e+08,0,1,
257,1,1024855281788,1024927218681,7,-2.34825,4,8.681e+08,1,0,
257,2,1024855281788,1024927219415,7,-0.0437156,4,8.681e+08,1,0,
257,3,1024855281788,1024927218343,7,-9.35301,4,8.681e+08,1,0,
201,1,1034917350296,1034989288327,7,2.06485,4,8.685e+08,1,0,
201,2,1034917350296,1034989286664,7,-8.79231,4,8.685e+08,1,0,
126,1,1030851509777,1030985142468,8,-1.34105,2,8.685e+08,1,0,
126,3,1030851509777,1030985142400,8,17.1032,2,8.685e+08,1,0,
254,2,1034270491961,1034723101950,10,-9.63902,4,8.685e+08,1,0,
308,2,1056411175745,1056483111896,7,12.84,4,8.685e+08,1,0,
308,3,1056411175745,1056483112979,7,-6.86566,4,8.685e+08,1,0,
395,3,1034554752570,1034688385508,8,6.84811,4,8.681e+08,1,0,
121,2,1035014303008,1035261087527,9,-7.24057,4,8.685e+08,1,0,
121,3,1035014303008,1035261088672,9,-8.85629,4,8.685e+08,1,0,
398,1,1039217604044,1039464388846,9,-11.3119,2,8.681e+08,1,0,
398,4,1039217604044,1039464389375,9,-2.30336,2,8.681e+08,1,0,
41,1,1036001146229,1036073083206,7,7.0084,4,8.681e+08,1,0,
267,1,1043721094456,1043793030660,7,-4.20026,4,8.685e+08,1,0,
375,2,1039696386291,1039768323357,7,-3.26363,4,8.681e+08,1,0,
375,3,1039696386291,1039768322423,7,22.1875,4,8.681e+08,1,0,
369,1,1044601208942,1044673146039,7,-7.76163,4,8.681e+08,1,0,
369,2,1044601208942,1044673145516,7,-2.83127,4,8.681e+08,1,0,
292,2,1041815752273,1042268361395,10,-11.7163,2,8.685e+08,1,0,
12,2,1042307376662,1042759985884,10,-11.4518,4,8.681e+08,1,0,
12,4,1042307376662,1042759985432,10,0,4,8.681e+08,0,1,
120,1,1159327626021,1159574410744,9,-6.45911,2,8.683e+08,1,0,
137,1,1044456008152,1044908617752,10,0,4,8.685e+08,0,1,
137,2,1044456008152,1044908618322,10,-6.93706,4,8.685e+08,1,0,
137,3,1044456008152,1044908617145,10,0,4,8.685e+08,0,1,
137,4,1044456008152,1044908618659,10,-12.2906,4,8.685e+08,1,0,
45,1,1050776472324,1050910105418,8,-7.97685,4,8.685e+08,1,0,
45,2,1050776472324,1050910105141,8,-10.7672,4,8.685e+08,1,0,
45,4,1050776472324,1050910105627,8,-5.11673,4,8.685e+08,1,0,
229,4,2411560845969,2412013455529,10,-16.0969,4,8.683e+08,1,0,
280,1,1608077887220,1608324672898,9,-9.49361,4,8.681e+08,1,0,
280,4,1608077887220,1608324672168,9,0,4,8.681e+08,0,1,
62,2,1627569410083,1628022018684,10,-7.92395,2,8.685e+08,1,0,
62,3,1627569410083,1628022019821,10,-10.9586,2,8.685e+08,1,0,
62,4,1627569410083,1628022019140,10,-7.92395,2,8.685e+08,0,1,
271,1,1185209916892,1185456701847,9,1.39768,4,8.685e+08,1,0,
271,4,1185209916892,1185456702909,9,-11.1746,4,8.685e+08,1,0,
26,1,1897946801345,1898193586375,9,-14.0519,4,8.681e+08,1,0,
26,2,1897946801345,1898193587807,9,10.6959,4,8.681e+08,1,0,
26,4,1897946801345,1898193587552,9,-2.88824,4,8.681e+08,1,0,
25,1,1896896207578,1896968144998,7,2.84268,4,8.683e+08,1,0,
25,2,1896896207578,1896968143846,7,31.0707,4,8.683e+08,1,0,
25,3,1896896207578,1896968144521,7,-7.32477,4,8.683e+08,1,0,
391,2,1186672050510,1186743987729,7,4.87658,4,8.685e+08,1,0,
391,4,1186672050510,1186743988111,7,1.14781,4,8.685e+08,1,0,
179,3,2390935317430,2391068950002,8,0.243241,4,8.681e+08,1,0,
227,2,2570247416111,2570319352475,7,0,2,8.683e+08,0,1,
127,1,1690849231411,1691096016400,9,-8.54748,4,8.685e+08,1,0,
347,1,1803483281470,1803555217764,7,-1.80608,4,8.685e+08,1,0,
347,2,1803483281470,1803555219349,7,-1.80608,4,8.685e+08,0,1,
84,3,2133542049719,2133994659841,10,-16.7746,4,8.685e+08,1,0,
99,4,2138016480480,2138088417864,7,-1.41775,2,8.683e+08,1,0,
392,1,2145325397708,2145459030528,8,-7.98628,4,8.685e+08,1,0,
392,3,2145325397708,2145459030152,8,-7.75882,4,8.685e+08,1,0,
392,4,2145325397708,2145459031312,8,-7.62996,4,8.685e+08,1,0,
346,3,1402094948864,1403082087143,11,-18.7435,4,8.685e+08,1,0,
346,4,1402094948864,1403082085855,11,5.91783,4,8.685e+08,1,0,
87,2,1416902267518,1417354877607,10,-13.847,4,8.685e+08,1,0,
33,1,2917143973867,2917390759005,9,-13.7464,4,8.683e+08,1,0,
33,4,2917143973867,2917390758516,9,-9.66263,4,8.683e+08,1,0,
373,1,2916415579945,2916662365559,9,-1.63284,4,8.685e+08,1,0,
238,1,2912875911338,2913122696018,9,-11.9169,4,8.683e+08,1,0,
238,3,2912875911338,2913122696546,9,1.48297,4,8.683e+08,1,0,
239,4,2404997633326,2405131266143,8,-7.20027,4,8.681e+08,1,0,
318,2,2424473870662,2424545806984,7,-3.14748,4,8.685e+08,1,0,
318,3,2424473870662,2424545807941,7,-1.42123,4,8.685e+08,1,0,
301,1,2420962121637,2421208908037,9,-14.3917,2,8.685e+08,1,0,
301,3,2420962121637,2421208908068,9,12.7966,2,8.685e+08,1,0,
301,4,2420962121637,2421208906913,9,-10.5868,2,8.685e+08,1,0,
73,3,2425467695003,2426454832210,11,-12.102,2,8.683e+08,1,0,
396,1,2422844264571,2422977897311,8,-2.93501,2,8.683e+08,1,0,
253,2,1193901688093,1194035320650,8,3.82427,2,8.683e+08,1,0,
196,1,1447446761305,1447518697728,7,-5.2811,4,8.685e+08,1,0,
196,3,1447446761305,1447518698885,7,-7.16293,4,8.685e+08,1,0,
306,1,1586737806278,1586984591140,9,-1.9127,4,8.685e+08,1,0,
306,4,1586737806278,1586984591380,9,-9.14983,4,8.685e+08,1,0,
16,2,1453323210093,1453569995609,9,0.387376,4,8.681e+08,1,0,
16,3,1453323210093,1453569994876,9,-6.46422,4,8.681e+08,1,0,
16,4,1453323210093,1453569996441,9,-12.4186,4,8.681e+08,1,0,
261,2,1454755204503,1454827141026,7,-4.31497,2,8.685e+08,1,0,
99,4,1455378608328,1455450545712,7,-6.18591,2,8.681e+08,1,0,
326,2,1457594244185,1457727876694,8,-10.0349,2,8.685e+08,1,0,
326,3,1457594244185,1457727877028,8,-7.8923,2,8.685e+08,1,0,
326,4,1457594244185,1457727877135,8,-1.04777,2,8.685e+08,1,0,
179,1,1806834451401,1806968084022,8,-8.89685,2,8.685e+08,1,0,
179,3,1806834451401,1806968083973,8,4.25395,2,8.685e+08,1,0,
179,4,1806834451401,1806968084813,8,1.94846,2,8.685e+08,1,0,
87,2,1186795655599,1187248265688,10,-10.7851,4,8.681e+08,1,0,
87,3,1186795655599,1187248264516,10,-4.30128,4,8.681e+08,1,0,
240,1,1189107131732,1189179067916,7,0.918671,2,8.685e+08,1,0,
240,4,1189107131732,1189179069062,7,0.918671,2,8.685e+08,0,1,
5,1,1188689162295,1188822795943,8,-6.71381,4,8.685e+08,1,0,
5,2,1188689162295,1188822795648,8,-11.4022,4,8.685e+08,1,0,
55,2,1193099691564,1193552300434,10,-2.94542,4,8.685e+08,1,0,
380,1,1311798098023,1313608532714,12,-9.63792,4,8.685e+08,1,0,
380,2,1311798098023,1313608531481,12,-7.3632,4,8.685e+08,1,0,
245,1,1463634424685,1465444859216,12,-5.48402,4,8.685e+08,1,0,
245,4,1463634424685,1465444858042,12,0,4,8.685e+08,0,1,
143,1,2076458864897,2077446001964,11,8.09831,4,8.683e+08,1,0,
143,2,2076458864897,2077446003282,11,-8.727,4,8.683e+08,1,0,
143,3,2076458864897,2077446002264,11,1.2457,4,8.683e+08,1,0,
197,1,2573248445445,2575058878944,12,-19.3267,4,8.685e+08,1,0,
248,2,1451413476021,1451866084870,10,-7.65213,4,8.683e+08,1,0,
150,1,1445642683794,1445714620707,7,-6.42265,4,8.685e+08,1,0,
370,1,1600533793101,1602344226675,12,0,4,8.685e+08,0,1,
370,2,1600533793101,1602344227880,12,-10.5203,4,8.685e+08,1,0,
370,3,1600533793101,1602344227824,12,0,4,8.685e+08,0,1,
370,4,1600533793101,1602344226769,12,0,4,8.685e+08,0,1,
13,4,1770756451933,1770890084737,8,-7.37407,2,8.685e+08,1,0,
39,1,3153027277685,3153099215433,7,26.2562,4,8.683e+08,0,1,
39,2,3153027277685,3153099213876,7,26.2562,4,8.683e+08,1,0,
300,1,1192031292885,1192278077606,9,1.22621,4,8.681e+08,1,0,
300,2,1192031292885,1192278078885,9,4.21771,4,8.681e+08,1,0,
34,2,1193740356561,1194192965580,10,-1.88476,4,8.681e+08,1,0,
34,3,1193740356561,1194192966681,10,-8.94716,4,8.681e+08,1,0,
34,4,1193740356561,1194192965657,10,-10.4777,4,8.681e+08,1,0,
256,2,1898529258073,1898601194423,7,23.4699,4,8.681e+08,1,0,
268,1,3569851291786,3569923229014,7,0.862077,2,8.685e+08,1,0,
298,1,1927299644252,1927371580605,7,0.417832,4,8.681e+08,1,0,
223,3,3181327787720,3183138222431,12,-20.7989,4,8.685e+08,0,1,
223,4,3181327787720,3183138221370,12,-20.7989,4,8.685e+08,1,0,
174,2,1199029875128,1200840308763,12,-9.73747,2,8.681e+08,1,0,
174,3,1199029875128,1200840309917,12,-17.3972,2,8.681e+08,1,0,
263,2,1197887495873,1198340105452,10,-5.18509,4,8.685e+08,1,0,
263,3,1197887495873,1198340106493,10,-5.18509,4,8.685e+08,0,1,
263,4,1197887495873,1198340105160,10,3.54916,4,8.685e+08,1,0,
351,3,1204379738665,1204513372617,8,-7.24943,4,8.685e+08,1,0,
351,4,1204379738665,1204513371670,8,-7.64525,4,8.685e+08,1,0,
154,2,1200705521792,1200839156215,8,-11.0488,4,8.683e+08,1,0,
154,3,1200705521792,1200839155586,8,2.46405,4,8.683e+08,1,0,
8,1,1199123361210,1199195298290,7,-6.63151,2,8.685e+08,1,0,
8,3,1199123361210,1199195297634,7,-2.22592,2,8.685e+08,1,0,
318,2,3400377483467,3400449419789,7,6.93918,4,8.681e+08,1,0,
186,2,1855408923719,1855655708248,9,-0.930755,4,8.681e+08,1,0,
186,4,1855408923719,1855655708398,9,12.405,4,8.681e+08,1,0,
146,2,2894512695205,2895499832572,11,-1.59528,2,8.683e+08,1,0,
146,4,2894512695205,2895499832874,11,-1.59528,2,8.683e+08,0,1,
153,2,2567850842920,2568303451801,10,-7.74979,4,8.683e+08,1,0,
153,3,2567850842920,2568303452878,10,-7.00825,4,8.683e+08,1,0,
185,1,1202463559655,1202916168587,10,8.76207,2,8.681e+08,1,0,
113,1,1199748526058,1199820463347,7,-6.77472,4,8.681e+08,1,0,
113,2,1199748526058,1199820463372,7,-0.266082,4,8.681e+08,1,0,
113,3,1199748526058,1199820462225,7,11.6752,4,8.681e+08,1,0,
256,2,1200135410461,1200207346811,7,10.6221,4,8.683e+08,1,0,
213,1,1203632879798,1204085489636,10,0.972779,4,8.685e+08,1,0,
213,3,1203632879798,1204085489907,10,-10.6622,4,8.685e+08,1,0,
316,1,1219295443487,1219429077178,8,0.384736,2,8.685e+08,0,1,
316,2,1219295443487,1219429076907,8,0.384736,2,8.685e+08,1,0,
316,4,1219295443487,1219429076013,8,-4.67676,2,8.685e+08,1,0,
219,1,1202982403452,1203435012149,10,-14.3118,4,8.685e+08,1,0,
219,3,1202982403452,1203435012770,10,0.34723,4,8.685e+08,1,0,
259,2,1200912145284,1202722579620,12,0,4,8.681e+08,0,1,
259,4,1200912145284,1202722578445,12,0,4,8.681e+08,0,1,
219,1,1786676800154,1787129408851,10,15.5254,4,8.683e+08,1,0,
219,3,1786676800154,1787129409472,10,15.5254,4,8.683e+08,0,1,
124,4,2037849911879,2037983544337,8,-5.75622,4,8.685e+08,1,0,
256,2,3586616441092,3586688377442,7,1.23514,4,8.683e+08,1,0,
319,2,3367475524241,3368462661525,11,2.38117,4,8.683e+08,1,0,
319,4,3367475524241,3368462661879,11,-11.5459,4,8.683e+08,1,0,
203,1,3310477472741,3312287907351,12,-17.7929,4,8.685e+08,1,0,
203,2,3310477472741,3312287906243,12,-20.9393,4,8.685e+08,1,0,
203,3,3310477472741,3312287907363,12,-17.7929,4,8.685e+08,0,1,
203,4,3310477472741,3312287906221,12,0,4,8.685e+08,0,1,
114,1,3383070110700,3383203743946,8,-11.5836,4,8.683e+08,1,0,
114,3,3383070110700,3383203743183,8,0.0701302,4,8.683e+08,1,0,
354,1,1997147995433,1997281628331,8,-6.40646,4,8.681e+08,1,0,
354,2,1997147995433,1997281628214,8,-11.71,4,8.681e+08,1,0,
354,3,1997147995433,1997281628175,8,-6.62897,4,8.681e+08,1,0,
354,4,1997147995433,1997281628363,8,-6.40646,4,8.681e+08,0,1,
55,1,1288050761419,1288503371820,10,-14.3595,4,8.685e+08,0,1,
55,2,1288050761419,1288503370289,10,-3.67755,4,8.685e+08,1,0,
55,4,1288050761419,1288503370946,10,-14.3595,4,8.685e+08,1,0,
370,1,3420822951749,3422633385323,12,-0.316436,4,8.685e+08,1,0,
370,3,3420822951749,3422633386472,12,-15.6041,4,8.685e+08,1,0,
81,1,3419550545210,3419684177915,8,0,4,8.681e+08,0,1,
81,4,3419550545210,3419684179035,8,-10.1317,4,8.681e+08,1,0,
81,1,2557164242990,2557297875695,8,-9.17712,4,8.683e+08,1,0,
81,3,2557164242990,2557297876021,8,0.856919,4,8.683e+08,1,0,
47,1,2365942654264,2366014590428,7,6.07203,4,8.683e+08,1,0,
47,3,2365942654264,2366014591607,7,-7.91878,4,8.683e+08,1,0,
118,1,2041260380100,2041332317509,7,-2.16356,2,8.681e+08,1,0,
118,2,2041260380100,2041332316368,7,-6.86728,2,8.681e+08,1,0,
118,4,2041260380100,2041332317059,7,7.57165,2,8.681e+08,1,0,
308,2,1678978244547,1679050180698,7,7.924,4,8.683e+08,1,0,
308,4,1678978244547,1679050181584,7,-6.08249,4,8.683e+08,1,0,
92,4,2825930882356,2826002819275,7,-4.61478,2,8.683e+08,1,0,
68,1,1600063262793,1600515872749,10,-15.014,4,8.685e+08,1,0,
68,2,1600063262793,1600515872003,10,-4.55923,4,8.685e+08,1,0,
68,3,1600063262793,1600515871591,10,-7.25297,4,8.685e+08,1,0,
253,2,2412633169277,2412766801834,8,-8.90457,2,8.683e+08,1,0,
253,4,2412633169277,2412766802772,8,-10.2282,2,8.683e+08,1,0,
10,1,2821832627804,2822285237582,10,-9.60713,4,8.681e+08,1,0,
10,2,2821832627804,2822285237761,10,2.94406,4,8.681e+08,1,0,
187,1,3588903243879,3590713677243,12,0,2,8.683e+08,0,1,
187,3,3588903243879,3590713678406,12,-13.6198,2,8.683e+08,1,0,
187,4,3588903243879,3590713677468,12,-11.9539,2,8.683e+08,1,0,
60,2,2424602561880,2425055171897,10,-16.6996,2,8.683e+08,1,0,
60,4,2424602561880,2425055170727,10,-16.9278,2,8.683e+08,1,0,
246,2,2703176842476,2703423627102,9,-9.10298,4,8.683e+08,1,0,
246,4,2703176842476,2703423627879,9,-10.9651,4,8.683e+08,1,0,
11,1,2662616104247,2663068713174,10,0,4,8.683e+08,0,1,
11,3,2662616104247,2663068713320,10,-13.373,4,8.683e+08,1,0,
61,1,2854108293106,2854241925687,8,-11.4795,4,8.685e+08,1,0,
61,2,2854108293106,2854241926970,8,3.56283,4,8.685e+08,1,0,
10,2,2165782656637,2166235266594,10,-7.34564,4,8.683e+08,1,0,
10,3,2165782656637,2166235265489,10,-12.518,4,8.683e+08,1,0,
102,3,2149483501460,2149555437988,7,-6.33691,2,8.683e+08,1,0,
39,2,2135534295326,2135606231517,7,19.1545,4,8.685e+08,1,0,
39,3,2135534295326,2135606232444,7,-7.92209,4,8.685e+08,1,0,
311,1,3421909749011,3422156535178,9,-5.26257,4,8.683e+08,1,0,
311,2,3421909749011,3422156534316,9,-2.52089,4,8.683e+08,1,0,
291,2,3426333889405,3426405826673,7,-5.5592,4,8.683e+08,1,0,
291,3,3426333889405,3426405825494,7,3.12713,4,8.683e+08,1,0,
220,3,2370421062199,2370492998776,7,-4.21963,4,8.681e+08,1,0,
14,1,2911665138811,2911737074935,7,12.4555,4,8.685e+08,1,0,
14,4,2911665138811,2911737076070,7,-6.22961,4,8.685e+08,1,0,
155,2,3131046765611,3131180398785,8,8.82352,4,8.683e+08,1,0,
155,4,3131046765611,3131180398164,8,-0.426269,4,8.683e+08,1,0,
214,1,2354993496509,2355240282794,9,-6.3473,4,8.683e+08,1,0,
214,2,2354993496509,2355240281128,9,-0.463714,4,8.683e+08,1,0,
214,4,2354993496509,2355240282211,9,2.20635,4,8.683e+08,1,0,
5,1,1793105439622,1793239073270,8,-6.63489,4,8.683e+08,1,0,
5,3,1793105439622,1793239072097,8,-3.43602,4,8.683e+08,1,0,
5,4,1793105439622,1793239073700,8,-9.87047,4,8.683e+08,1,0,
369,2,3117990174628,3118062111202,7,-7.5676,4,8.681e+08,1,0,
369,3,3117990174628,3118062111458,7,-4.17335,4,8.681e+08,1,0,
369,4,3117990174628,3118062111546,7,-6.51094,4,8.681e+08,1,0,
290,2,2153190997214,2153437782070,9,-1.75682,4,8.683e+08,1,0,
290,3,2153190997214,2153437783219,9,-13.7692,4,8.683e+08,1,0,
42,2,2157777677683,2157849614035,7,6.22689,4,8.683e+08,1,0,
241,2,1894980263504,1895052200875,7,2.1057,4,8.685e+08,1,0,
241,4,1894980263504,1895052199968,7,0.902558,4,8.685e+08,1,0,
178,1,1910421059981,1910492997238,7,3.53182,4,8.683e+08,1,0,
178,3,1910421059981,1910492996181,7,-0.993621,4,8.683e+08,1,0,
80,1,1206200608603,1206272544710,7,0,4,8.681e+08,0,1,
345,1,3408326603786,3409313740976,11,-7.63103,4,8.681e+08,1,0,
345,2,3408326603786,3409313741922,11,-3.44093,4,8.681e+08,1,0,
345,4,3408326603786,3409313740792,11,-0.58496,4,8.681e+08,1,0,
102,2,3103233209230,3103305146273,7,-8.34265,2,8.683e+08,1,0,
102,3,3103233209230,3103305145758,7,0,2,8.683e+08,0,1,
69,2,3150034594072,3150281378963,9,-11.052,2,8.685e+08,1,0,
69,4,3150034594072,3150281379352,9,-12.5618,2,8.685e+08,1,0,
228,1,1216901950533,1217035584374,8,-4.71854,2,8.685e+08,1,0,
228,4,1216901950533,1217035583532,8,-3.67291,2,8.685e+08,1,0,
17,2,1353361388703,1355171822965,12,0.0520638,4,8.683e+08,1,0,
17,3,1353361388703,1355171821787,12,-14.3002,4,8.683e+08,1,0,
114,3,1211888628144,1212022260627,8,5.37772,4,8.681e+08,1,0,
176,2,1212024011205,1212270796290,9,-8.87637,4,8.683e+08,1,0,
176,4,1212024011205,1212270796217,9,-1.28888,4,8.683e+08,1,0,
394,1,1215992898619,1216239684774,9,-9.44142,4,8.681e+08,1,0,
394,2,1215992898619,1216239683515,9,0,4,8.681e+08,0,1,
394,4,1215992898619,1216239684649,9,-1.48686,4,8.681e+08,1,0,
289,1,1239903135216,1241713568136,12,8.87997,4,8.683e+08,1,0,
289,2,1239903135216,1241713569576,12,8.87997,4,8.683e+08,0,1,
297,1,2629070720972,2629204354490,8,-9.60228,4,8.681e+08,1,0,
297,2,2629070720972,2629204354737,8,-0.535308,4,8.681e+08,1,0,
297,3,2629070720972,2629204355217,8,-7.55511,4,8.681e+08,1,0,
297,4,2629070720972,2629204353587,8,1.95928,4,8.681e+08,1,0,
257,1,2613840243567,2613912180460,7,-8.5468,4,8.683e+08,1,0,
58,2,2030366265650,2030438202070,7,-8.35004,4,8.685e+08,1,0,
58,3,2030366265650,2030438202582,7,0.686036,4,8.685e+08,1,0,
400,2,1810383998968,1810455935229,7,-0.644805,4,8.685e+08,1,0,
400,4,1810383998968,1810455936244,7,-0.644805,4,8.685e+08,0,1,
89,4,2599048330669,2600035468309,11,5.49294,4,8.685e+08,1,0,
385,1,1785329954192,1785401890762,7,0,2,8.685e+08,0,1,
289,1,1785473866240,1787284299160,12,0,4,8.683e+08,0,1,
289,3,1785473866240,1787284299661,12,0,4,8.683e+08,0,1,
26,3,2888039892748,2888286678248,9,4.41863,2,8.685e+08,1,0,
264,2,1225321453108,1225455085588,8,1.53804,4,8.685e+08,1,0,
264,3,1225321453108,1225455085855,8,16.8179,4,8.685e+08,1,0,
264,4,1225321453108,1225455086218,8,-6.85054,4,8.685e+08,1,0,
74,1,1213209060215,1213280996910,7,11.8542,4,8.685e+08,1,0,
74,2,1213209060215,1213280997473,7,6.14449,4,8.685e+08,1,0,
271,2,1223402985262,1223649771278,9,-14.2225,4,8.683e+08,1,0,
271,3,1223402985262,1223649770214,9,-6.46898,4,8.683e+08,1,0,
271,4,1223402985262,1223649771279,9,-9.14888,4,8.683e+08,1,0,
203,2,2249240949074,2251051382576,12,-8.5778,4,8.681e+08,0,1,
203,3,2249240949074,2251051383696,12,-10.3962,4,8.681e+08,1,0,
203,4,2249240949074,2251051382554,12,-8.5778,4,8.681e+08,1,0,
166,1,3132920123547,3132992060009,7,17.9363,4,8.683e+08,1,0,
166,2,3132920123547,3132992061302,7,-5.43968,4,8.683e+08,1,0,
34,3,1592272812114,1592725422234,10,0,4,8.685e+08,0,1,
284,1,2537596275637,2537729908435,8,-2.78509,4,8.685e+08,1,0,
284,3,2537596275637,2537729908192,8,1.71217,4,8.685e+08,1,0,
325,1,1941447322209,1943257755860,12,-13.6004,4,8.683e+08,1,0,
325,2,1941447322209,1943257756498,12,-17.2038,4,8.683e+08,1,0,
325,3,1941447322209,1943257756804,12,-17.2038,4,8.683e+08,0,1,
325,4,1941447322209,1943257755319,12,0,4,8.683e+08,0,1,
91,3,3110263365057,3110715974100,10,-6.33372,4,8.683e+08,1,0,
178,1,1840415134955,1840487072212,7,0.00647055,4,8.685e+08,1,0,
62,2,1921525904283,1921978512884,10,-2.47412,2,8.685e+08,1,0,
62,3,1921525904283,1921978514021,10,-9.24568,2,8.685e+08,1,0,
62,4,1921525904283,1921978513340,10,-13.161,2,8.685e+08,1,0,
111,4,1919166943870,1919238880124,7,-4.01378,2,8.685e+08,1,0,
329,2,3356355428353,3357342565628,11,-14.1809,4,8.685e+08,1,0,
329,3,3356355428353,3357342565585,11,-19.1394,4,8.685e+08,1,0,
374,1,1241673177502,1242660314915,11,-9.60013,4,8.683e+08,1,0,
5,2,1234066592545,1234200225898,8,2.59006,4,8.685e+08,1,0,
5,3,1234066592545,1234200225020,8,-6.93625,4,8.685e+08,1,0,
334,1,1218150340569,1218602949664,10,-13.8035,4,8.685e+08,0,1,
334,3,1218150340569,1218602949315,10,-13.8035,4,8.685e+08,1,0,
334,4,1218150340569,1218602950614,10,-11.6768,4,8.685e+08,1,0,
265,1,1218978639747,1219050576092,7,0,4,8.681e+08,0,1,
265,4,1218978639747,1219050576795,7,-6.74548,4,8.681e+08,1,0,
64,2,1225550094143,1225683726781,8,-5.4378,4,8.681e+08,1,0,
192,2,1781862541233,1782315150171,10,-7.94661,4,8.685e+08,1,0,
192,4,1781862541233,1782315151322,10,-7.88203,4,8.685e+08,1,0,
33,1,1783059479942,1783306265080,9,4.03298,4,8.683e+08,1,0,
33,4,1783059479942,1783306264591,9,-12.1367,4,8.683e+08,1,0,
153,2,1455619238806,1456071847687,10,0,4,8.685e+08,0,1,
153,4,1455619238806,1456071847769,10,-4.00357,4,8.685e+08,1,0,
384,1,1501125799086,1502936232653,12,-19.3163,2,8.685e+08,1,0,
384,3,1501125799086,1502936233667,12,-13.0054,2,8.685e+08,1,0,
216,2,1832226995050,1832298931335,7,0,4,8.685e+08,0,1,
216,3,1832226995050,1832298932470,7,-5.08034,4,8.685e+08,1,0,
205,1,3108891513567,3108963449666,7,12.358,4,8.683e+08,1,0,
248,2,1496674276031,1497126884880,10,-9.4839,4,8.685e+08,1,0,
85,1,1459058668652,1459130606445,7,0,4,8.685e+08,0,1,
258,1,1456744335961,1456816273608,7,-3.68205,4,8.681e+08,1,0,
258,2,1456744335961,1456816272200,7,12.6504,4,8.681e+08,1,0,
28,2,1458351691779,1458485325411,8,-7.68933,4,8.685e+08,1,0,
397,1,1465017982343,1465151614758,8,15.2167,2,8.681e+08,1,0,
397,4,1465017982343,1465151615111,8,15.2167,2,8.681e+08,0,1,
190,1,1602583124334,1602655060810,7,0,4,8.685e+08,0,1,
190,3,1602583124334,1602655061048,7,-2.26506,4,8.685e+08,1,0,
311,3,1459234401271,1459481187589,9,-14.1624,4,8.685e+08,1,0,
311,4,1459234401271,1459481186284,9,-10.8296,4,8.685e+08,1,0,
281,1,1458356365575,1459343504004,11,-17.9682,2,8.683e+08,0,1,
281,2,1458356365575,1459343502945,11,-17.9682,2,8.683e+08,1,0,
281,4,1458356365575,1459343502875,11,-18.7185,2,8.683e+08,1,0,
159,4,2553213330905,2553346963515,8,6.70073,4,8.683e+08,1,0,
90,2,1987789441537,1988242050566,10,-5.23469,4,8.685e+08,1,0,
90,3,1987789441537,1988242051684,10,-8.701,4,8.685e+08,1,0,
24,2,1674534386657,1675521523815,11,-12.414,2,8.685e+08,1,0,
129,1,1685187299322,1686997732764,12,-21.0362,4,8.683e+08,1,0,
129,2,1685187299322,1686997734055,12,-13.5219,4,8.683e+08,1,0,
129,3,1685187299322,1686997732981,12,-21.0362,4,8.683e+08,0,1,
129,4,1685187299322,1686997733929,12,-13.5204,4,8.683e+08,1,0,
99,2,1666492875997,1666564812202,7,0.706941,2,8.685e+08,1,0,
340,4,1637035453530,1637107390902,7,-3.69009,4,8.685e+08,1,0,
135,1,2976823348291,2977810485130,11,-6.68185,2,8.685e+08,1,0,
135,3,2976823348291,2977810486292,11,-15.441,2,8.685e+08,1,0,
184,3,2928544041762,2928677675719,8,-6.78264,4,8.683e+08,1,0,
33,1,2949545939314,2949792724452,9,-13.776,4,8.683e+08,1,0,
33,3,2949545939314,2949792725345,9,-6.54713,4,8.683e+08,1,0,
33,4,2949545939314,2949792723963,9,7.88023,4,8.683e+08,1,0,
15,2,2926336635122,2926408571631,7,8.34856,4,8.685e+08,1,0,
288,2,2950152629624,2950399414758,9,-9.34177,4,8.683e+08,1,0,
288,3,2950152629624,2950399415847,9,-13.2873,4,8.683e+08,1,0,
288,4,2950152629624,2950399414746,9,-12.5814,4,8.683e+08,1,0,
235,2,1637039145655,1637111082202,7,0,4,8.681e+08,0,1,
235,4,1637039145655,1637111082606,7,6.66262,4,8.681e+08,1,0,
41,1,2647520738510,2647592675487,7,-2.42644,4,8.683e+08,1,0,
41,2,2647520738510,2647592675673,7,-2.42644,4,8.683e+08,0,1,
41,4,2647520738510,2647592676015,7,-4.29933,4,8.683e+08,1,0,
284,1,3327093582604,3327227215402,8,-9.03548,4,8.685e+08,1,0,
284,3,3327093582604,3327227215159,8,-0.42929,4,8.685e+08,1,0,
33,1,1668497454703,1668744239841,9,4.57965,4,8.685e+08,1,0,
305,2,2039050658306,2039503267350,10,-5.75571,2,8.683e+08,1,0,
107,1,1897978333684,1898225119592,9,-13.8204,2,8.685e+08,1,0,
52,2,1900849697132,1901836834424,11,-6.64703,4,8.685e+08,1,0,
52,4,1900849697132,1901836834687,11,-16.4906,4,8.685e+08,1,0,
191,2,2174695501822,2174829134838,8,0,4,8.683e+08,0,1,
215,1,2174625866106,2174697803233,7,2.40343,4,8.683e+08,1,0,
215,3,2174625866106,2174697802163,7,9.66573,4,8.683e+08,1,0,
236,2,1621728616487,1621862249337,8,5.75549,4,8.685e+08,1,0,
236,3,1621728616487,1621862249798,8,-10.1748,4,8.685e+08,1,0,
48,1,3112331060944,3112783669735,10,1.95352,4,8.683e+08,1,0,
48,3,3112331060944,3112783670870,10,-15.964,4,8.683e+08,1,0,
48,4,3112331060944,3112783670616,10,1.95352,4,8.683e+08,0,1,
255,4,1461636041203,1462088649915,10,-10.1513,4,8.685e+08,1,0,
42,2,2098104965565,2098176901917,7,4.05411,4,8.683e+08,1,0,
42,3,2098104965565,2098176903088,7,4.05411,4,8.683e+08,0,1,
187,2,1464053586539,1465864021194,12,-9.51842,2,8.685e+08,1,0,
260,1,1464568193770,1465020804122,10,-1.34738,4,8.683e+08,1,0,
260,4,1464568193770,1465020802960,10,0,4,8.683e+08,0,1,
303,1,1599315205006,1599448837455,8,7.74319,4,8.683e+08,1,0,
303,3,1599315205006,1599448838373,8,-6.25334,4,8.683e+08,1,0,
359,1,3193676436069,3193748372905,7,-2.93468,2,8.683e+08,1,0,
359,2,3193676436069,3193748373559,7,1.88094,2,8.683e+08,1,0,
171,2,3189959857426,3190093490330,8,-7.58543,4,8.683e+08,1,0,
171,4,3189959857426,3190093491437,8,-3.8412,4,8.683e+08,1,0,
344,3,2057281806939,2057415439705,8,0,4,8.683e+08,0,1,
344,4,2057281806939,2057415439867,8,0.652634,4,8.683e+08,1,0,
23,1,2063061686158,2063514295516,10,-0.827666,4,8.683e+08,1,0,
330,1,1663416160207,1663488096339,7,0,4,8.685e+08,0,1,
107,2,1686756194203,1687002979307,9,-1.77112,2,8.681e+08,1,0,
107,4,1686756194203,1687002978976,9,-6.77496,2,8.681e+08,1,0,
355,2,2398632259727,2399619396885,11,7.11695,4,8.685e+08,1,0,
355,3,2398632259727,2399619398016,11,-11.2336,4,8.685e+08,1,0,
152,2,2405051275792,2405184908245,8,5.52104,4,8.685e+08,1,0,
152,3,2405051275792,2405184908964,8,-8.33762,4,8.685e+08,1,0,
334,1,2871509497520,2871962106615,10,-11.733,4,8.683e+08,1,0,
334,2,2871509497520,2871962107402,10,-4.94289,4,8.683e+08,1,0,
334,3,2871509497520,2871962106266,10,-3.53854,4,8.683e+08,1,0,
125,1,2872583654695,2872655590977,7,4.67056,4,8.685e+08,1,0,
125,3,2872583654695,2872655591876,7,18.8624,4,8.685e+08,1,0,
125,4,2872583654695,2872655591595,7,-4.97966,4,8.685e+08,1,0,
121,4,1466078777549,1466325562616,9,-14.1946,4,8.685e+08,1,0,
331,2,1621307245282,1621554029884,9,-7.31593,4,8.685e+08,1,0,
331,4,1621307245282,1621554031063,9,-8.05827,4,8.685e+08,1,0,
116,1,1475748173344,1475820110765,7,-3.42749,2,8.685e+08,1,0,
116,2,1475748173344,1475820110299,7,-8.39354,2,8.685e+08,1,0,
116,3,1475748173344,1475820111023,7,-7.15633,2,8.685e+08,1,0,
116,4,1475748173344,1475820109676,7,10.8528,2,8.685e+08,1,0,
179,1,1466507907350,1466641539971,8,-1.77029,2,8.683e+08,1,0,
179,3,1466507907350,1466641539922,8,-4.15132,2,8.683e+08,1,0,
179,4,1466507907350,1466641540762,8,-5.39021,2,8.683e+08,1,0,
307,1,1468860969667,1468932906001,7,-0.891952,4,8.685e+08,1,0,
307,2,1468860969667,1468932907017,7,3.22302,4,8.685e+08,1,0,
288,1,1468891335702,1469138121920,9,-0.254043,4,8.681e+08,1,0,
288,3,1468891335702,1469138121925,9,-6.95894,4,8.681e+08,1,0,
51,3,2163530680957,2163777466856,9,0,4,8.683e+08,0,1,
130,1,1918273813963,1918345750452,7,10.7932,4,8.683e+08,1,0,
130,2,1918273813963,1918345751391,7,-6.60298,4,8.683e+08,1,0,
130,3,1918273813963,1918345750661,7,10.4443,4,8.683e+08,1,0,
10,1,2211043456647,2211496066425,10,-4.76936,4,8.683e+08,1,0,
372,1,2200894264874,2201027898188,8,-10.2763,4,8.683e+08,1,0,
233,2,2186511664015,2186583601837,7,-8.29982,4,8.685e+08,1,0,
233,3,2186511664015,2186583600670,7,0.845841,4,8.685e+08,1,0,
159,1,2185545386118,2185679019240,8,-8.02809,4,8.683e+08,1,0,
159,2,2185545386118,2185679018762,8,-10.6215,4,8.683e+08,1,0,
159,4,2185545386118,2185679018728,8,-11.0609,4,8.683e+08,1,0,
42,2,3141652700072,3141724636424,7,-5.96616,4,8.683e+08,1,0,
42,4,3141652700072,3141724637383,7,-5.96616,4,8.683e+08,0,1,
51,1,1868800717137,1869047501969,9,-12.4494,4,8.685e+08,1,0,
179,3,1862584644668,1862718277240,8,-2.48955,2,8.683e+08,1,0,
161,2,2672276577398,2672348514381,7,3.68039,4,8.685e+08,1,0,
161,3,2672276577398,2672348513903,7,8.67033,4,8.685e+08,1,0,
27,2,2665430016101,2665563648800,8,-11.9341,2,8.683e+08,1,0,
27,4,2665430016101,2665563649201,8,-7.82214,2,8.683e+08,1,0,
218,2,3196229141159,3196301078146,7,-4.14723,4,8.683e+08,1,0,
218,4,3196229141159,3196301077362,7,0,4,8.683e+08,0,1,
49,3,2919667769934,2919914555695,9,-9.46443,4,8.681e+08,1,0,
275,2,1599911863291,1599983800582,7,-3.72937,4,8.685e+08,1,0,
275,4,1599911863291,1599983800560,7,-7.3045,4,8.685e+08,1,0,
399,1,3385257444381,3387067877931,12,-20.8644,4,8.683e+08,1,0,
399,4,3385257444381,3387067877981,12,-20.8644,4,8.683e+08,0,1,
69,3,2512773667574,2513020453626,9,4.32746,2,8.685e+08,1,0,
404,2,3110010340183,3110082276523,7,10.8757,4,8.681e+08,1,0,
404,4,3110010340183,3110082277023,7,-2.37356,4,8.681e+08,1,0,
375,3,1474391704556,1474463640688,7,3.68562,4,8.685e+08,1,0,
375,4,1474391704556,1474463642098,7,2.27046,4,8.685e+08,1,0,
217,2,1559017353205,1560827786422,12,-10.1057,4,8.685e+08,1,0,
217,3,1559017353205,1560827786601,12,-10.1057,4,8.685e+08,0,1,
217,4,1559017353205,1560827787569,12,-10.1057,4,8.685e+08,0,1,
255,3,1506896841213,1507349451546,10,-1.48581,4,8.683e+08,1,0,
255,4,1506896841213,1507349449925,10,-7.03122,4,8.683e+08,1,0,
282,1,1633666588959,1634119199369,10,-4.65147,4,8.683e+08,1,0,
282,2,1633666588959,1634119198106,10,-2.6644,4,8.683e+08,1,0,
293,2,2424550205419,2424622142112,7,-0.73561,4,8.683e+08,1,0,
293,3,2424550205419,2424622142731,7,-6.04015,4,8.683e+08,1,0,
244,2,2152813684486,2152885622513,7,-5.98111,2,8.685e+08,1,0,
208,1,2149904629072,2151715063511,12,-18.6912,2,8.683e+08,1,0,
208,2,2149904629072,2151715062565,12,-1.78842,2,8.683e+08,1,0,
208,3,2149904629072,2151715062354,12,0,2,8.683e+08,0,1,
208,4,2149904629072,2151715063628,12,-18.4068,2,8.683e+08,1,0,
336,2,1656758290526,1656891923169,8,0.877442,4,8.685e+08,1,0,
142,1,2054229094391,2054301030881,7,-6.64229,4,8.681e+08,1,0,
142,3,2054229094391,2054301031572,7,-3.399,4,8.681e+08,1,0,
169,3,2416606911248,2416678848593,7,-4.9676,2,8.683e+08,1,0,
100,1,1677770109078,1678016894208,9,0,4,8.685e+08,0,1,
100,4,1677770109078,1678016894388,9,-5.80756,4,8.685e+08,1,0,
198,1,2105255521969,2106242659546,11,-9.98106,4,8.685e+08,0,1,
198,2,2105255521969,2106242660236,11,-17.2451,4,8.685e+08,1,0,
198,3,2105255521969,2106242659057,11,-9.98106,4,8.685e+08,1,0,
236,3,2086388867240,2086522500551,8,-2.51845,4,8.685e+08,1,0,
400,2,3346085437835,3346157374096,7,10.6741,4,8.683e+08,1,0,
380,2,1673884498043,1675694931501,12,-1.96954,4,8.685e+08,1,0,
61,1,1472590238268,1472723870849,8,-11.3981,4,8.683e+08,1,0,
61,3,1472590238268,1472723871245,8,-7.47729,4,8.683e+08,1,0,
115,3,1476014207177,1476086143246,7,4.05898,2,8.685e+08,1,0,
237,1,1481109745897,1481181682291,7,-3.19131,4,8.685e+08,1,0,
237,3,1481109745897,1481181683412,7,-1.99579,4,8.685e+08,1,0,
333,1,1898262651747,1900073085385,12,0,4,8.685e+08,0,1,
174,1,1938865160345,1940675595197,12,-19.0467,2,8.683e+08,1,0,
174,3,1938865160345,1940675595134,12,-9.29524,2,8.683e+08,1,0,
398,1,2201800809424,2202047594226,9,10.6944,2,8.683e+08,1,0,
398,3,2201800809424,2202047595400,9,4.58172,2,8.683e+08,1,0,
312,1,3200622125949,3201609264170,11,-5.10599,4,8.683e+08,1,0,
312,2,3200622125949,3201609263166,11,-5.83055,4,8.683e+08,1,0,
312,3,3200622125949,3201609264231,11,4.86237,4,8.683e+08,1,0,
312,4,3200622125949,3201609263047,11,-8.18071,4,8.683e+08,1,0,
318,2,1645338803555,1645410739877,7,15.7662,4,8.681e+08,1,0,
357,3,2455260382800,2455712993373,10,-15.1642,2,8.685e+08,1,0,
6,3,1915281411369,1916268548514,11,-6.89648,4,8.685e+08,1,0,
306,3,2368689869914,2368936655901,9,-7.16522,4,8.683e+08,1,0,
227,3,1618177359443,1618249296562,7,-6.12916,2,8.685e+08,1,0,
148,1,1478634587370,1480445020776,12,-7.2664,4,8.685e+08,1,0,
148,3,1478634587370,1480445021887,12,-15.022,4,8.685e+08,1,0,
148,4,1478634587370,1480445020745,12,-13.6079,4,8.685e+08,1,0,
82,2,1481493929863,1481565867230,7,-5.96098,4,8.685e+08,1,0,
98,4,3583866795540,3584000428998,8,-9.14923,4,8.681e+08,1,0,
236,1,2408073649495,2408207283748,8,-11.6638,4,8.683e+08,1,0,
236,2,2408073649495,2408207282345,8,-0.37976,4,8.683e+08,1,0,
28,1,2374941282761,2375074916531,8,-6.14494,4,8.683e+08,1,0,
28,2,2374941282761,2375074916393,8,-11.4363,4,8.683e+08,1,0,
28,3,2374941282761,2375074915420,8,0,4,8.683e+08,0,1,
166,3,2412795001870,2412866939424,7,-5.42482,4,8.683e+08,1,0,
166,4,2412795001870,2412866938807,7,5.96786,4,8.683e+08,1,0,
131,1,2119457737729,2121268172560,12,-20.1981,2,8.685e+08,1,0,
131,2,2119457737729,2121268171394,12,-20.2366,2,8.685e+08,1,0,
131,4,2119457737729,2121268171433,12,-20.2366,2,8.685e+08,0,1,
285,1,2653060854257,2654047992817,11,-6.032,4,8.685e+08,1,0,
285,2,2653060854257,2654047991505,11,-17.7364,4,8.685e+08,1,0,
232,3,2657191344139,2657643954220,10,-16.0079,4,8.683e+08,1,0,
120,1,2659158228274,2659405012997,9,1.33034,2,8.685e+08,1,0,
218,4,1902756366871,1902828303074,7,17.0961,4,8.685e+08,1,0,
275,2,2157048149392,2157120086683,7,-6.274,4,8.683e+08,1,0,
275,3,2157048149392,2157120086006,7,7.13429,4,8.683e+08,1,0,
290,2,3173617690624,3173864475480,9,-4.82121,4,8.683e+08,1,0,
290,4,3173617690624,3173864475819,9,-14.0309,4,8.683e+08,1,0,
163,3,2654255689251,2654708298528,10,-6.77615,4,8.683e+08,1,0,
12,2,2647415831962,2647868441184,10,6.08376,4,8.685e+08,0,1,
12,3,2647415831962,2647868442114,10,-3.19867,4,8.685e+08,1,0,
12,4,2647415831962,2647868440732,10,6.08376,4,8.685e+08,1,0,
22,4,2908284274036,2908356210572,7,-3.20056,4,8.683e+08,1,0,
379,2,2020007563045,2020994700551,11,-4.11587,4,8.685e+08,1,0,
379,3,2020007563045,2020994699754,11,-12.0418,4,8.685e+08,1,0,
379,4,2020007563045,2020994701344,11,-17.1101,4,8.685e+08,1,0,
156,4,1817871423584,1818324032613,10,10.3255,4,8.683e+08,1,0,
253,2,2014580164912,2014713797469,8,-3.67,2,8.685e+08,1,0,
20,2,1491804476596,1492051261896,9,0,4,8.685e+08,0,1,
20,4,1491804476596,1492051262959,9,-7.50153,4,8.685e+08,1,0,
146,2,1495804710527,1496791847894,11,-11.0877,2,8.685e+08,1,0,
146,4,1495804710527,1496791848196,11,-14.2668,2,8.685e+08,1,0,
213,3,3316708433921,3317161044030,10,21.9603,4,8.683e+08,1,0,
213,4,3316708433921,3317161042589,10,-13.912,4,8.683e+08,1,0,
153,2,1662421929634,1662874538515,10,-6.41678,4,8.683e+08,1,0,
153,3,1662421929634,1662874539592,10,-12.4392,4,8.683e+08,1,0,
6,3,1790063033517,1791050170662,11,0,4,8.685e+08,0,1,
6,4,1790063033517,1791050172060,11,-12.3043,4,8.685e+08,1,0,
308,2,1482706576006,1482778512157,7,1.79021,4,8.683e+08,1,0,
47,1,1486242334968,1486314271132,7,9.05508,4,8.683e+08,1,0,
47,4,1486242334968,1486314272169,7,-0.154952,4,8.683e+08,1,0,
13,1,1498153528704,1498287162450,8,-10.1152,2,8.681e+08,1,0,
317,2,1485366131619,1485499764442,8,0,2,8.683e+08,0,1,
317,3,1485366131619,1485499764459,8,-9.28584,2,8.683e+08,1,0,
317,4,1485366131619,1485499764447,8,-2.9803,2,8.683e+08,1,0,
54,1,1485593167942,1485726800818,8,-6.4716,4,8.683e+08,1,0,
163,3,1487774529240,1488227138517,10,6.47115,4,8.681e+08,1,0,
163,4,1487774529240,1488227139681,10,-16.7201,4,8.681e+08,1,0,
265,1,1497425300393,1497497236738,7,-8.92734,4,8.685e+08,1,0,
265,3,1497425300393,1497497237880,7,-8.59422,4,8.685e+08,1,0,
14,1,1488899958892,1488971895016,7,21.2855,4,8.683e+08,1,0,
14,3,1488899958892,1488971896171,7,-8.96518,4,8.683e+08,1,0,
14,4,1488899958892,1488971896151,7,21.2855,4,8.683e+08,0,1,
299,1,1507463622130,1507597256244,8,-10.7987,4,8.685e+08,1,0,
299,2,1507463622130,1507597254672,8,-3.85808,4,8.685e+08,1,0,
299,4,1507463622130,1507597255850,8,-7.32651,4,8.685e+08,1,0,
160,1,1489053852361,1489125788811,7,-7.37927,2,8.685e+08,1,0,
160,3,1489053852361,1489125789253,7,-9.23033,2,8.685e+08,1,0,
12,1,1490281285673,1490733895605,10,-9.92369,4,8.685e+08,1,0,
12,2,1490281285673,1490733894895,10,-15.195,4,8.685e+08,1,0,
12,4,1490281285673,1490733894443,10,-12.6352,4,8.685e+08,1,0,
31,1,1490419732618,1491406870003,11,-16.9992,4,8.683e+08,1,0,
31,4,1490419732618,1491406869461,11,-11.0822,4,8.683e+08,1,0,
57,4,1525963480135,1526950618664,11,-14.2691,4,8.685e+08,1,0,
208,2,1493292693085,1495103126578,12,11.75,2,8.683e+08,1,0,
266,4,1494138614259,1494272247664,8,-6.88309,4,8.683e+08,1,0,
313,1,1506534219260,1507521356887,11,-9.4969,4,8.683e+08,1,0,
313,2,1506534219260,1507521358082,11,9.16111,4,8.683e+08,1,0,
313,4,1506534219260,1507521356964,11,-6.41516,4,8.683e+08,1,0,
175,2,1495127437401,1495261070281,8,-11.3825,4,8.685e+08,1,0,
175,3,1495127437401,1495261070034,8,-4.29817,4,8.685e+08,1,0,
17,1,1534404588713,1536215022373,12,-10.9732,4,8.685e+08,1,0,
17,2,1534404588713,1536215022975,12,-21.4472,4,8.685e+08,1,0,
17,3,1534404588713,1536215021797,12,-16.1377,4,8.685e+08,1,0,
108,1,1501653124537,1501899910416,9,-13.8286,4,8.685e+08,1,0,
108,2,1501653124537,1501899909371,9,-13.6812,4,8.685e+08,1,0,
108,3,1501653124537,1501899909387,9,-11.3936,4,8.685e+08,1,0,
148,4,1659677787380,1661488220755,12,-4.2484,4,8.683e+08,1,0,
120,1,1497916467498,1498163252221,9,-0.567199,2,8.683e+08,1,0,
120,4,1497916467498,1498163253204,9,11.1511,2,8.683e+08,1,0,
91,3,1512202107588,1512654716631,10,-15.2901,4,8.683e+08,1,0,
91,4,1512202107588,1512654718138,10,-14.0829,4,8.683e+08,1,0,
353,2,1498848548159,1499095332862,9,-8.97197,4,8.685e+08,1,0,
353,4,1498848548159,1499095333945,9,-13.7658,4,8.685e+08,1,0,
273,1,1504116080129,1504188016472,7,-3.32692,4,8.683e+08,1,0,
114,2,1525020488821,1525154122483,8,6.52011,4,8.685e+08,1,0,
114,3,1525020488821,1525154121304,8,-0.495483,4,8.685e+08,1,0,
389,3,1516080731292,1516327516272,9,-3.86162,4,8.683e+08,1,0,
389,4,1516080731292,1516327517744,9,-14.0836,4,8.683e+08,1,0,
60,4,1514224563073,1514677171920,10,0,2,8.681e+08,0,1,
209,4,1504768299344,1504840236143,7,6.36868,4,8.683e+08,1,0,
271,1,1508508714444,1508755499399,9,-5.67082,4,8.685e+08,1,0,
294,1,1512346604603,1512480238165,8,5.78886,2,8.683e+08,1,0,
294,2,1512346604603,1512480238378,8,-7.7789,2,8.683e+08,1,0,
294,3,1512346604603,1512480238881,8,-6.33485,2,8.683e+08,1,0,
22,1,1511714344458,1511786281119,7,6.73448,4,8.685e+08,1,0,
22,2,1511714344458,1511786281657,7,-1.04767,4,8.685e+08,1,0,
22,3,1511714344458,1511786281718,7,0.59073,4,8.685e+08,1,0,
22,4,1511714344458,1511786280994,7,-7.98688,4,8.685e+08,1,0,
63,1,1526780669097,1527027453912,9,-7.3786,4,8.683e+08,1,0,
127,2,1520783570232,1521030356411,9,-2.63815,4,8.685e+08,1,0,
127,4,1520783570232,1521030355367,9,-8.64242,4,8.685e+08,1,0,
153,2,1516902801255,1517355410136,10,3.83476,4,8.685e+08,1,0,
13,4,1518021357911,1518154990715,8,-9.11929,2,8.685e+08,1,0,
81,2,1532298597358,1532432231332,8,1.42029,4,8.685e+08,1,0,
81,3,1532298597358,1532432230389,8,16.84,4,8.685e+08,1,0,
346,2,1517391838922,1518378976186,11,-13.1331,4,8.683e+08,1,0,
346,4,1517391838922,1518378975913,11,-11.3765,4,8.683e+08,1,0,
27,2,1518279826884,1518413459583,8,-1.28633,2,8.681e+08,1,0,
27,3,1518279826884,1518413460724,8,0.946626,2,8.681e+08,0,1,
27,4,1518279826884,1518413459984,8,0.946626,2,8.681e+08,1,0,
5,2,1528724912334,1528858545687,8,-6.51683,4,8.683e+08,1,0,
5,3,1528724912334,1528858544809,8,-4.42688,4,8.683e+08,1,0,
5,4,1528724912334,1528858546412,8,-11.5559,4,8.683e+08,1,0,
166,1,1526167888439,1526239824901,7,0,4,8.685e+08,0,1,
314,1,1523342816435,1523414752908,7,-8.27699,4,8.683e+08,1,0,
37,1,1527750319220,1527883952873,8,-7.1111,2,8.683e+08,1,0,
239,1,1523766610128,1523900243131,8,-5.77884,4,8.683e+08,1,0,
239,3,1523766610128,1523900243013,8,3.16776,4,8.683e+08,1,0,
246,2,1529223494638,1529470279264,9,-4.62016,4,8.685e+08,1,0,
230,2,1538476828331,1538548764362,7,30.8143,4,8.683e+08,1,0,
230,3,1538476828331,1538548765535,7,-6.54546,4,8.683e+08,1,0,
82,1,1525551870196,1525623807188,7,0,4,8.683e+08,0,1,
393,4,1530741835122,1530813771973,7,2.83084,2,8.683e+08,1,0,
282,3,1531765250795,1532217861091,10,0,4,8.685e+08,0,1,
344,2,1529220427012,1529354059704,8,-0.844253,4,8.683e+08,1,0,
344,3,1529220427012,1529354059778,8,-2.3647,4,8.683e+08,1,0,
72,1,1532694832275,1532766768630,7,-6.25854,4,8.681e+08,1,0,
113,3,1538258607832,1538330543999,7,17.8456,4,8.681e+08,1,0,
108,2,1538019897755,1538266682589,9,-11.7387,4,8.683e+08,1,0,
353,1,1530127300419,1530374086305,9,-7.56833,4,8.685e+08,1,0,
120,1,1534389281406,1534636066129,9,8.25791,2,8.683e+08,1,0,
120,3,1534389281406,1534636067222,9,2.30231,2,8.683e+08,1,0,
120,4,1534389281406,1534636067112,9,-2.90875,2,8.683e+08,1,0,
173,1,1536298047138,1536750657583,10,-11.4736,4,8.683e+08,1,0,
173,4,1536298047138,1536750656471,10,-7.11298,4,8.683e+08,1,0,
281,4,1557069965585,1558057102885,11,-10.4526,2,8.685e+08,1,0,
122,1,1546153025112,1547140162288,11,-0.719787,4,8.685e+08,1,0,
122,4,1546153025112,1547140163420,11,-13.7397,4,8.685e+08,1,0,
21,3,1535612042095,1536064651416,10,-14.0626,4,8.683e+08,1,0,
387,2,1539848335623,1539920271804,7,16.297,4,8.685e+08,1,0,
89,1,1548952862861,1549940001637,11,-13.2657,4,8.681e+08,1,0,
89,2,1548952862861,1549940000514,11,-16.8144,4,8.681e+08,1,0,
89,3,1548952862861,1549940001644,11,-6.09773,4,8.681e+08,1,0,
89,4,1548952862861,1549940000501,11,0.686204,4,8.681e+08,1,0,
225,1,1538921815305,1539374424049,10,0,4,8.683e+08,0,1,
225,2,1538921815305,1539374425582,10,-14.2574,4,8.683e+08,0,1,
225,4,1538921815305,1539374425228,10,-14.2574,4,8.683e+08,1,0,
393,3,1543681429865,1543753366792,7,3.54958,2,8.685e+08,1,0,
393,4,1543681429865,1543753366716,7,10.911,2,8.685e+08,1,0,
9,2,1552437966665,1552509904459,7,-8.10902,4,8.685e+08,1,0,
317,2,1540565687321,1540699320144,8,0,2,8.683e+08,0,1,
317,4,1540565687321,1540699320149,8,-9.66499,2,8.683e+08,1,0,
206,1,1539681786888,1539815419574,8,-0.44934,4,8.683e+08,1,0,
303,1,1539857404821,1539991037270,8,-0.433837,4,8.685e+08,1,0,
303,4,1539857404821,1539991038438,8,-5.05464,4,8.685e+08,1,0,
289,1,1545530036916,1547340469836,12,-16.5131,4,8.685e+08,1,0,
289,3,1545530036916,1547340470337,12,-16.5131,4,8.685e+08,0,1,
215,3,1545751812002,1545823748059,7,23.1208,4,8.683e+08,1,0,
215,4,1545751812002,1545823749617,7,-6.07336,4,8.683e+08,1,0,
271,1,1545970409900,1546217194855,9,-6.47984,4,8.683e+08,1,0,
26,1,1550423483376,1550670268406,9,1.43875,2,8.683e+08,1,0,
26,2,1550423483376,1550670269838,9,-12.7083,2,8.683e+08,1,0,
134,1,1645034699461,1645106635651,7,8.8088,2,8.685e+08,1,0,
134,2,1645034699461,1645106636939,7,-5.54277,2,8.685e+08,1,0,
134,3,1645034699461,1645106636512,7,-8.05098,2,8.685e+08,1,0,
361,2,1555834913902,1555906850095,7,18.7331,4,8.683e+08,1,0,
361,3,1555834913902,1555906851265,7,8.6595,4,8.683e+08,1,0,
178,2,1548622467749,1548694405120,7,-4.6301,4,8.681e+08,1,0,
178,3,1548622467749,1548694403949,7,29.0991,4,8.681e+08,1,0,
355,1,1555735320967,1556722459321,11,-2.07019,4,8.685e+08,1,0,
355,3,1555735320967,1556722459256,11,-0.676177,4,8.685e+08,1,0,
355,4,1555735320967,1556722458249,11,2.8909,4,8.685e+08,1,0,
276,1,1547284649126,1547418281575,8,16.5138,4,8.683e+08,1,0,
41,3,1552511380949,1552583317155,7,14.5848,4,8.685e+08,1,0,
105,1,1552511202767,1552583139309,7,0,4,8.685e+08,0,1,
245,2,1644677624695,1646488058378,12,0,4,8.685e+08,0,1,
42,3,1555993940179,1556065877702,7,7.40339,4,8.683e+08,1,0,
132,1,1553791755581,1553863692703,7,-0.0133354,2,8.683e+08,1,0,
132,3,1553791755581,1553863692042,7,-5.04568,2,8.683e+08,1,0,
80,1,1556710105539,1556782041646,7,0.837724,4,8.685e+08,1,0,
80,2,1556710105539,1556782043252,7,-1.42927,4,8.685e+08,1,0,
80,4,1556710105539,1556782042819,7,-6.7742,4,8.685e+08,1,0,
37,3,1561876012960,1562009645508,8,11.3133,2,8.683e+08,1,0,
113,1,1560029734719,1560101672008,7,-2.50987,4,8.685e+08,1,0,
113,3,1560029734719,1560101670886,7,12.9411,4,8.685e+08,1,0,
226,1,1558208433609,1558280369836,7,9.98939,2,8.683e+08,1,0,
226,2,1558208433609,1558280371276,7,-2.11265,2,8.683e+08,1,0,
226,4,1558208433609,1558280370948,7,1.42714,2,8.683e+08,1,0,
152,2,1559760342710,1559893975163,8,-10.0837,4,8.685e+08,1,0,
119,4,1558848171594,1558920108063,7,0,4,8.681e+08,0,1,
21,2,1580872842105,1581325451019,10,-10.0315,4,8.685e+08,1,0,
21,3,1580872842105,1581325451426,10,-10.0315,4,8.685e+08,0,1,
21,4,1580872842105,1581325452185,10,-10.03,4,8.685e+08,1,0,
190,1,1557657588292,1557729524768,7,0.394196,4,8.681e+08,1,0,
336,2,1558170672207,1558304304850,8,-7.95311,4,8.681e+08,1,0,
336,3,1558170672207,1558304304757,8,7.9134,4,8.681e+08,1,0,
243,1,1570049078914,1570501688013,10,-14.6035,2,8.685e+08,1,0,
243,3,1570049078914,1570501689186,10,-15.236,2,8.685e+08,1,0,
400,1,1560087421314,1560159358872,7,-2.2801,4,8.685e+08,1,0,
400,2,1560087421314,1560159357575,7,3.17181,4,8.685e+08,1,0,
323,1,1564808463729,1564942096256,8,-6.48486,4,8.681e+08,1,0,
323,2,1564808463729,1564942097195,8,7.32495,4,8.681e+08,1,0,
323,4,1564808463729,1564942097131,8,-6.18132,4,8.681e+08,1,0,
219,1,1561109371857,1561561980554,10,1.73009,4,8.685e+08,1,0,
219,4,1561109371857,1561561981732,10,-10.0217,4,8.685e+08,1,0,
86,2,1564176495065,1564423279986,9,12.7114,2,8.685e+08,1,0,
86,4,1564176495065,1564423279979,9,-4.12593,2,8.685e+08,1,0,
106,2,1561070612338,1561142548659,7,-7.85887,2,8.685e+08,1,0,
326,2,1562359720310,1562493352819,8,-2.14897,2,8.683e+08,1,0,
326,3,1562359720310,1562493353153,8,-7.87695,2,8.683e+08,1,0,
7,3,1563373017459,1563444953948,7,14.9944,4,8.685e+08,1,0,
199,1,1569999016525,1570245801457,9,-8.3824,2,8.685e+08,1,0,
199,2,1569999016525,1570245802246,9,-8.3824,2,8.685e+08,0,1,
199,3,1569999016525,1570245802378,9,-12.677,2,8.685e+08,1,0,
199,4,1569999016525,1570245801157,9,-0.968246,2,8.685e+08,1,0,
193,1,1566708531667,1566842164469,8,-6.40979,4,8.685e+08,1,0,
193,2,1566708531667,1566842164535,8,4.82681,4,8.685e+08,1,0,
193,3,1566708531667,1566842164540,8,-4.84038,4,8.685e+08,1,0,
193,4,1566708531667,1566842164463,8,-7.62945,4,8.685e+08,1,0,
104,1,1565185767754,1565257704025,7,-4.36652,4,8.685e+08,1,0,
104,3,1565185767754,1565257705204,7,-0.873199,4,8.685e+08,1,0,
260,2,1567698613213,1568151222674,10,-6.96483,4,8.683e+08,1,0,
260,4,1567698613213,1568151222403,10,-10.69,4,8.683e+08,1,0,
265,1,1567775317722,1567847254067,7,0.370133,4,8.683e+08,1,0,
265,4,1567775317722,1567847254770,7,-2.5787,4,8.683e+08,1,0,
325,1,1579360922189,1581171355840,12,-6.29701,4,8.685e+08,1,0,
325,2,1579360922189,1581171356478,12,-6.29701,4,8.685e+08,0,1,
325,4,1579360922189,1581171355299,12,-11.3311,4,8.685e+08,1,0,
189,4,1567796745180,1568249354286,10,6.85652,4,8.685e+08,1,0,
80,1,1573538784243,1573610720350,7,30.533,4,8.683e+08,1,0,
80,3,1573538784243,1573610721387,7,-6.30984,4,8.683e+08,1,0,
201,2,1570086681271,1570158617639,7,-7.56233,4,8.683e+08,1,0,
155,1,1682017416336,1682151048993,8,-3.92732,4,8.685e+08,1,0,
155,3,1682017416336,1682151049563,8,-7.92413,4,8.685e+08,1,0,
155,4,1682017416336,1682151048889,8,11.8928,4,8.685e+08,1,0,
387,2,2517988384280,2518060320461,7,21.3331,4,8.683e+08,1,0,
387,4,2517988384280,2518060321634,7,-5.75746,4,8.683e+08,1,0,
135,1,3104812271538,3105799408377,11,0,2,8.683e+08,0,1,
135,4,3104812271538,3105799408797,11,-17.2408,2,8.683e+08,1,0,
404,1,2369542911913,2369614849370,7,-1.31766,2,8.685e+08,1,0,
404,2,2369542911913,2369614848253,7,-0.897994,2,8.685e+08,1,0,
404,3,2369542911913,2369614849151,7,-5.02492,2,8.685e+08,1,0,
155,1,3553784644027,3553918276684,8,-8.86961,4,8.683e+08,1,0,
155,2,3553784644027,3553918277201,8,-5.86478,4,8.683e+08,1,0,
6,1,1682090884384,1683078021931,11,-2.07201,4,8.681e+08,1,0,
6,2,1682090884384,1683078022704,11,-15.7658,4,8.681e+08,1,0,
6,3,1682090884384,1683078021529,11,-1.48913,4,8.681e+08,1,0,
135,1,1681167380886,1682154517725,11,1.59357,2,8.683e+08,1,0,
135,3,1681167380886,1682154518887,11,-10.277,2,8.683e+08,1,0,
119,4,1686955224072,1687027160541,7,-3.16072,4,8.683e+08,1,0,
272,1,1699452488584,1700439626292,11,-3.46907,4,8.685e+08,1,0,
272,2,1699452488584,1700439626608,11,-3.91501,4,8.685e+08,1,0,
272,4,1699452488584,1700439625463,11,-4.98227,4,8.685e+08,1,0,
350,1,1683789504028,1684776641148,11,-17.1349,2,8.685e+08,1,0,
350,3,1683789504028,1684776641288,11,-17.1349,2,8.685e+08,0,1,
102,1,1689161958085,1689233895750,7,0,2,8.685e+08,0,1,
280,1,1683477050111,1683723835789,9,-6.90799,4,8.681e+08,1,0,
280,4,1683477050111,1683723835059,9,-12.1442,4,8.681e+08,1,0,
372,1,1686968327553,1687101960867,8,3.53326,4,8.683e+08,1,0,
346,2,2771025142035,2772012279299,11,-5.84123,4,8.683e+08,1,0,
346,4,2771025142035,2772012279026,11,-16.5388,4,8.683e+08,1,0,
26,1,3405888551064,3406135336094,9,0,2,8.681e+08,0,1,
26,3,3405888551064,3406135336564,9,-14.0477,2,8.681e+08,1,0,
26,4,3405888551064,3406135337271,9,-5.37947,2,8.681e+08,1,0,
279,1,1920141251193,1920213187870,7,15.7255,4,8.681e+08,1,0,
279,2,1920141251193,1920213188235,7,3.18782,4,8.681e+08,1,0,
279,3,1920141251193,1920213187852,7,4.21199,4,8.681e+08,1,0,
60,1,1689099994610,1689552604192,10,0,2,8.681e+08,0,1,
60,4,1689099994610,1689552603457,10,0,2,8.681e+08,0,1,
319,1,1689296908050,1690284046711,11,-4.22792,4,8.685e+08,0,1,
319,3,1689296908050,1690284046509,11,-4.22792,4,8.685e+08,1,0,
286,1,1697484550215,1697731336691,9,-9.41611,4,8.683e+08,1,0,
286,4,1697484550215,1697731336192,9,-11.4624,4,8.683e+08,1,0,
182,3,3455757792212,3455829728590,7,3.30013,2,8.683e+08,1,0,
75,2,2018676918869,2018748855212,7,21.5229,2,8.685e+08,1,0,
41,3,1794520535020,1794592471226,7,4.49104,4,8.683e+08,1,0,
174,1,2810999034191,2812809469043,12,-17.7149,2,8.685e+08,1,0,
151,1,2816060216583,2816193850266,8,-11.868,4,8.683e+08,1,0,
151,2,2816060216583,2816193849636,8,-11.7211,4,8.683e+08,1,0,
179,1,2404298517440,2404432150061,8,-3.60051,2,8.683e+08,0,1,
179,2,2404298517440,2404432150831,8,0.0237435,2,8.683e+08,1,0,
179,3,2404298517440,2404432150012,8,-3.60051,2,8.683e+08,1,0,
376,2,2641781990076,2642234599220,10,-15.1956,2,8.683e+08,1,0,
192,1,2584715795795,2585168406039,10,-15.784,4,8.683e+08,1,0,
192,3,2584715795795,2585168405040,10,-10.2705,4,8.683e+08,1,0,
400,2,2650779364613,2650851300874,7,2.28455,4,8.685e+08,1,0,
400,3,2650779364613,2650851301545,7,-7.4171,4,8.685e+08,1,0,
400,4,2650779364613,2650851301889,7,-7.69034,4,8.685e+08,1,0,
24,2,2652524936601,2653512073759,11,-18.057,2,8.683e+08,1,0,
24,3,2652524936601,2653512074930,11,-18.1686,2,8.683e+08,1,0,
24,4,2652524936601,2653512074107,11,-1.68121,2,8.683e+08,1,0,
343,4,2007907407190,2007979343449,7,-0.466476,4,8.681e+08,1,0,
404,2,2880035145330,2880107081670,7,2.9294,2,8.683e+08,1,0,
404,3,2880035145330,2880107082568,7,-3.87346,2,8.683e+08,1,0,
210,4,1693374830011,1693446766323,7,6.2409,4,8.685e+08,1,0,
45,1,1697243013222,1697376646316,8,-7.41589,4,8.681e+08,1,0,
45,2,1697243013222,1697376646039,8,-4.99902,4,8.681e+08,1,0,
45,3,1697243013222,1697376645628,8,0,4,8.681e+08,0,1,
172,4,1697512431383,1699322866057,12,0,4,8.685e+08,0,1,
108,2,1694144751950,1694391536784,9,-4.21731,4,8.681e+08,1,0,
108,3,1694144751950,1694391536800,9,-11.4112,4,8.681e+08,1,0,
278,2,1696058710076,1696192343729,8,0,4,8.685e+08,0,1,
10,4,1695619297177,1696071907680,10,-16.5241,4,8.683e+08,1,0,
73,1,2524181295013,2525168432530,11,-10.802,4,8.681e+08,1,0,
255,3,1776292167839,1776744778172,10,-12.511,4,8.683e+08,1,0,
255,4,1776292167839,1776744776551,10,-15.5984,4,8.683e+08,1,0,
145,3,1889091623823,1889163560507,7,-4.0258,2,8.683e+08,1,0,
53,4,1811172340703,1811305973457,8,0,2,8.683e+08,0,1,
148,1,3141805856068,3143616289474,12,-9.1172,4,8.683e+08,1,0,
148,4,3141805856068,3143616289443,12,0,4,8.683e+08,0,1,
102,1,2846763413557,2846835351222,7,5.0301,2,8.683e+08,1,0,
102,2,2846763413557,2846835350600,7,-3.54465,2,8.683e+08,1,0,
102,3,2846763413557,2846835350085,7,-2.94351,2,8.683e+08,1,0,
264,2,2584742575985,2584876208465,8,-3.53784,4,8.683e+08,1,0,
264,3,2584742575985,2584876208732,8,3.0604,4,8.683e+08,1,0,
144,1,1784415561376,1785402698736,11,0,4,8.685e+08,0,1,
351,1,2162596900260,2162730533116,8,5.43604,4,8.683e+08,1,0,
351,2,2162596900260,2162730534281,8,-5.6981,4,8.683e+08,1,0,
351,3,2162596900260,2162730534212,8,-7.11253,4,8.683e+08,1,0,
351,4,2162596900260,2162730533265,8,-7.66736,4,8.683e+08,1,0,
215,2,2159289822469,2159361759627,7,-9.45145,4,8.685e+08,1,0,
215,3,2159289822469,2159361758526,7,24.4668,4,8.685e+08,1,0,
11,1,2189433361594,2189885970521,10,-0.595504,4,8.685e+08,1,0,
59,1,2163668851557,2163915637250,9,-7.58116,4,8.681e+08,1,0,
59,2,2163668851557,2163915636310,9,-4.41177,4,8.681e+08,1,0,
59,4,2163668851557,2163915636253,9,4.88739,4,8.681e+08,1,0,
50,1,1770554167550,1770626105167,7,-2.51855,4,8.685e+08,1,0,
50,2,1770554167550,1770626104105,7,-8.81538,4,8.685e+08,1,0,
50,4,1770554167550,1770626104303,7,-3.20233,4,8.685e+08,1,0,
324,1,2082766714363,2083219323939,10,-16.5454,4,8.685e+08,1,0,
324,2,2082766714363,2083219324754,10,-3.25764,4,8.685e+08,1,0,
116,2,2087256391273,2087328328228,7,-1.05217,2,8.685e+08,1,0,
396,3,1789182649648,1789316282583,8,-8.00996,2,8.685e+08,1,0,
288,3,1772582948613,1772829734836,9,-6.5876,4,8.685e+08,1,0,
28,1,2400138734790,2400272368560,8,-11.0069,4,8.685e+08,1,0,
28,4,2400138734790,2400272369106,8,-3.74663,4,8.685e+08,1,0,
107,2,2420424564131,2420671349235,9,-12.5775,2,8.683e+08,1,0,
107,3,2420424564131,2420671350195,9,-6.97714,2,8.683e+08,1,0,
107,4,2420424564131,2420671348904,9,-3.21638,2,8.683e+08,1,0,
237,2,2432214202124,2432286139894,7,0.410798,4,8.681e+08,1,0,
298,1,3309395054530,3309466990883,7,9.08234,4,8.683e+08,1,0,
373,2,3417775681006,3418022467143,9,-11.2584,4,8.681e+08,1,0,
373,3,3417775681006,3418022465968,9,5.17641,4,8.681e+08,1,0,
373,4,3417775681006,3418022467505,9,-0.994445,4,8.681e+08,1,0,
273,1,3408266584278,3408338520621,7,9.0091,4,8.685e+08,1,0,
273,4,3408266584278,3408338521578,7,-5.77229,4,8.685e+08,1,0,
27,2,2421988318076,2422121950775,8,7.16389,2,8.685e+08,1,0,
167,2,2029544873860,2029616810651,7,5.59683,4,8.685e+08,1,0,
167,3,2029544873860,2029616810258,7,25.4977,4,8.685e+08,1,0,
179,2,2879188682820,2879322316211,8,-2.08838,2,8.681e+08,1,0,
179,3,2879188682820,2879322315392,8,-7.31303,2,8.681e+08,1,0,
90,1,3433515137180,3433967747390,10,-5.1725,4,8.683e+08,1,0,
90,4,3433515137180,3433967746336,10,2.37457,4,8.683e+08,1,0,
84,1,3392330091126,3392782701049,10,-14.0783,4,8.683e+08,1,0,
84,4,3392330091126,3392782699895,10,-10.5307,4,8.683e+08,1,0,
259,1,2101855270832,2103665704378,12,-1.90398,4,8.681e+08,1,0,
259,4,2101855270832,2103665703993,12,4.4357,4,8.681e+08,1,0,
8,2,2102303604341,2102375541151,7,15.0172,2,8.683e+08,1,0,
8,3,2102303604341,2102375540765,7,-3.63548,2,8.683e+08,1,0,
187,3,2472193881058,2474004315585,12,-14.5495,2,8.683e+08,1,0,
187,4,2472193881058,2474004314647,12,-14.9469,2,8.683e+08,1,0,
54,1,2149152372321,2149286005197,8,2.66826,4,8.685e+08,1,0,
54,3,2149152372321,2149286004866,8,-2.02562,4,8.685e+08,1,0,
140,1,1700883153349,1701129939479,9,-13.6561,4,8.685e+08,1,0,
140,2,1700883153349,1701129937960,9,-2.8087,4,8.685e+08,1,0,
206,1,1701829488055,1701963120741,8,-8.35126,4,8.683e+08,1,0,
206,2,1701829488055,1701963122326,8,-11.1672,4,8.683e+08,1,0,
147,2,1702230732797,1702683341978,10,-12.865,4,8.683e+08,1,0,
147,3,1702230732797,1702683341431,10,-3.38397,4,8.683e+08,1,0,
147,4,1702230732797,1702683342853,10,-12.865,4,8.683e+08,0,1,
288,1,1701691035987,1701937822205,9,-9.70554,4,8.685e+08,1,0,
288,2,1701691035987,1701937821121,9,-3.3235,4,8.685e+08,1,0,
402,1,2003305749934,2003439382469,8,-11.0029,4,8.685e+08,1,0,
119,1,2903870460036,2903942397096,7,7.06832,4,8.681e+08,1,0,
119,3,2903870460036,2903942397909,7,11.7895,4,8.681e+08,1,0,
249,1,2907933190003,2908005128080,7,-4.87631,4,8.681e+08,1,0,
249,2,2907933190003,2908005126599,7,7.24986,4,8.681e+08,1,0,
222,1,2912175529753,2912247465930,7,18.8827,4,8.683e+08,1,0,
222,3,2912175529753,2912247467070,7,-6.14923,4,8.683e+08,1,0,
117,4,2900673638148,2900745574596,7,10.3385,4,8.683e+08,1,0,
306,1,2662344228289,2662591013151,9,0,4,8.683e+08,0,1,
306,2,2662344228289,2662591014391,9,-10.544,4,8.683e+08,1,0,
306,4,2662344228289,2662591013391,9,0,4,8.683e+08,0,1,
86,2,2675127259570,2675374044491,9,8.05827,2,8.685e+08,1,0,
86,4,2675127259570,2675374044484,9,4.6555,2,8.685e+08,1,0,
74,3,3387316929769,3387388867122,7,-7.02277,4,8.685e+08,1,0,
74,4,3387316929769,3387388866254,7,-6.00337,4,8.685e+08,1,0,
126,1,2638122099449,2638255732140,8,-11.293,2,8.683e+08,1,0,
126,3,2638122099449,2638255732072,8,-5.68005,2,8.683e+08,1,0,
278,4,3586664192492,3586797824973,8,-7.51118,4,8.683e+08,1,0,
345,2,2657037412147,2658024550283,11,0.802125,2,8.685e+08,1,0,
104,1,3117926829553,3117998765824,7,11.3504,4,8.683e+08,1,0,
57,2,2203134908390,2204122046000,11,-7.87907,4,8.681e+08,1,0,
57,3,2203134908390,2204122045415,11,-11.4035,4,8.681e+08,1,0,
30,4,2204093472763,2204340257458,9,4.31777,4,8.683e+08,1,0,
45,2,2197981394768,2198115027585,8,1.61876,4,8.683e+08,1,0,
45,4,2197981394768,2198115028071,8,-3.31918,4,8.683e+08,1,0,
154,1,2838255918386,2838389551141,8,0,4,8.683e+08,0,1,
154,3,2838255918386,2838389552180,8,-1.44134,4,8.683e+08,1,0,
104,1,2826251158179,2826323094450,7,0.175111,4,8.685e+08,1,0,
104,2,2826251158179,2826323096046,7,-7.49911,4,8.685e+08,1,0,
178,1,3395243688089,3395315625346,7,6.1803,4,8.681e+08,1,0,
178,2,3395243688089,3395315625460,7,-5.19913,4,8.681e+08,1,0,
178,3,3395243688089,3395315624289,7,17.592,4,8.681e+08,1,0,
155,1,3411898868976,3412032501633,8,-9.43869,4,8.681e+08,1,0,
155,3,3411898868976,3412032502203,8,-7.51935,4,8.681e+08,1,0,
299,1,3131176854342,3131310488456,8,-4.15745,4,8.683e+08,1,0,
299,2,3131176854342,3131310486884,8,7.82436,4,8.683e+08,1,0,
299,3,3131176854342,3131310487686,8,-1.68106,4,8.683e+08,1,0,
101,1,3158723534318,3159710671249,11,-7.14349,2,8.681e+08,1,0,
101,2,3158723534318,3159710672821,11,-14.5049,2,8.681e+08,1,0,
101,4,3158723534318,3159710672416,11,-11.6613,2,8.681e+08,1,0,
235,2,1708322733780,1708394670327,7,-6.94163,4,8.685e+08,1,0,
368,1,1734671009712,1735658146985,11,-0.648666,4,8.685e+08,1,0,
368,2,1734671009712,1735658147776,11,6.30238,4,8.685e+08,1,0,
368,4,1734671009712,1735658147962,11,-2.81247,4,8.685e+08,1,0,
113,1,2407048302397,2407120239686,7,-4.50355,4,8.685e+08,1,0,
113,3,2407048302397,2407120238564,7,0.800797,4,8.685e+08,1,0,
282,1,2885968198732,2886420809142,10,-7.45628,4,8.683e+08,1,0,
282,2,2885968198732,2886420807879,10,-10.6757,4,8.683e+08,1,0,
282,3,2885968198732,2886420809028,10,-5.49611,4,8.683e+08,1,0,
37,3,2594476242923,2594609875471,8,-6.00069,2,8.681e+08,1,0,
343,1,1708503737282,1708575674370,7,5.16909,4,8.681e+08,1,0,
343,2,1708503737282,1708575674697,7,-1.78854,4,8.681e+08,1,0,
343,4,1708503737282,1708575673541,7,-2.02045,4,8.681e+08,1,0,
98,1,1710617344944,1710750977465,8,21.3115,4,8.683e+08,1,0,
98,3,1710617344944,1710750978617,8,-11.1482,4,8.683e+08,1,0,
98,4,1710617344944,1710750978402,8,-11.9383,4,8.683e+08,1,0,
228,1,1703770012320,1703903646161,8,-10.8988,2,8.683e+08,1,0,
228,2,1703770012320,1703903644824,8,2.61403,2,8.683e+08,1,0,
228,3,1703770012320,1703903645946,8,12.6923,2,8.683e+08,0,1,
228,4,1703770012320,1703903645319,8,12.6923,2,8.683e+08,1,0,
342,1,1707988074798,1708121707913,8,9.62621,4,8.681e+08,1,0,
342,2,1707988074798,1708121707420,8,-0.316116,4,8.681e+08,1,0,
342,4,1707988074798,1708121707452,8,-11.1138,4,8.681e+08,1,0,
388,1,1717952790242,1718086422939,8,-6.74145,4,8.685e+08,1,0,
60,3,1734360794620,1734813405040,10,-3.31621,2,8.685e+08,1,0,
60,4,1734360794620,1734813403467,10,-0.93399,2,8.685e+08,1,0,
130,1,1706734564267,1706806500756,7,-7.50293,4,8.681e+08,1,0,
130,3,1706734564267,1706806500965,7,-1.78781,4,8.681e+08,1,0,
130,4,1706734564267,1706806501605,7,-3.81837,4,8.681e+08,1,0,
168,4,2532021913250,2532155545855,8,-0.845,4,8.685e+08,1,0,
191,1,2861038766544,2861172400698,8,-10.1321,4,8.683e+08,1,0,
191,2,2861038766544,2861172399560,8,2.52327,4,8.683e+08,1,0,
191,3,2861038766544,2861172399636,8,4.56873,4,8.683e+08,1,0,
191,4,2861038766544,2861172400660,8,-4.50413,4,8.683e+08,1,0,
187,1,2865321033282,2867131466646,12,-6.91318,2,8.685e+08,1,0,
187,3,2865321033282,2867131467809,12,-14.2739,2,8.685e+08,1,0,
187,4,2865321033282,2867131466871,12,-20.6784,2,8.685e+08,1,0,
262,2,2883259385146,2883331321492,7,10.8641,4,8.683e+08,1,0,
262,4,2883259385146,2883331322605,7,-7.26942,4,8.683e+08,1,0,
42,1,2882123409166,2882195347145,7,-0.00213541,4,8.683e+08,1,0,
42,2,2882123409166,2882195345518,7,3.7976,4,8.683e+08,1,0,
42,4,2882123409166,2882195346477,7,-2.23822,4,8.683e+08,1,0,
176,2,1708503928015,1708750713100,9,-11.315,4,8.685e+08,1,0,
176,3,1708503928015,1708750714162,9,-6.44578,4,8.685e+08,1,0,
176,4,1708503928015,1708750713027,9,0.525544,4,8.685e+08,1,0,
310,1,1714653601217,1714725538194,7,-8.28921,4,8.685e+08,1,0,
310,3,1714653601217,1714725537672,7,4.51468,4,8.685e+08,1,0,
264,2,1715317490354,1715451122834,8,-4.3999,4,8.685e+08,1,0,
210,3,1712790245080,1712862182526,7,-6.99379,4,8.683e+08,1,0,
210,4,1712790245080,1712862181392,7,8.16127,4,8.683e+08,1,0,
393,1,1712378128531,1712450065059,7,-7.56087,2,8.683e+08,1,0,
393,3,1712378128531,1712450065458,7,4.83129,2,8.683e+08,1,0,
393,4,1712378128531,1712450065382,7,10.6731,2,8.683e+08,1,0,
70,1,1719557372526,1720544510843,11,-8.42726,2,8.685e+08,1,0,
70,2,1719557372526,1720544509485,11,-14.832,2,8.685e+08,1,0,
70,3,1719557372526,1720544510649,11,-16.5505,2,8.685e+08,1,0,
396,1,1713585526539,1713719159279,8,1.39397,2,8.683e+08,1,0,
396,3,1713585526539,1713719159474,8,-6.16186,2,8.683e+08,1,0,
333,1,1717219451737,1719029885375,12,0,4,8.683e+08,0,1,
136,2,1719246831950,1719493616824,9,-7.06949,2,8.685e+08,1,0,
136,3,1719246831950,1719493617968,9,-9.47233,2,8.685e+08,1,0,
218,2,1714620004865,1714691941852,7,-1.15591,4,8.681e+08,1,0,
218,4,1714620004865,1714691941068,7,-5.02412,4,8.681e+08,1,0,
299,2,1718589525891,1718723158433,8,0.216599,4,8.685e+08,1,0,
299,3,1718589525891,1718723159235,8,11.8115,4,8.685e+08,1,0,
105,1,1715615641372,1715687577914,7,-6.19636,4,8.685e+08,1,0,
105,3,1715615641372,1715687578109,7,-8.74385,4,8.685e+08,1,0,
248,1,1718928349707,1719380959867,10,0,4,8.683e+08,0,1,
291,2,1719167336635,1719239273903,7,-4.73195,4,8.681e+08,1,0,
291,3,1719167336635,1719239272724,7,-0.615325,4,8.681e+08,1,0,
296,3,1726451764742,1726904374892,10,-8.82075,4,8.685e+08,1,0,
296,4,1726451764742,1726904374093,10,-6.66885,4,8.685e+08,1,0,
53,2,1719187918809,1719321552425,8,-4.47403,2,8.685e+08,1,0,
53,4,1719187918809,1719321551563,8,10.8171,2,8.685e+08,1,0,
146,1,1720726221663,1721713360377,11,-16.3809,2,8.683e+08,1,0,
146,2,1720726221663,1721713359030,11,-16.6577,2,8.683e+08,1,0,
151,2,1723048862216,1723182495269,8,-1.73408,4,8.685e+08,1,0,
151,3,1723048862216,1723182494760,8,-5.43988,4,8.685e+08,1,0,
151,4,1723048862216,1723182496125,8,0.383408,4,8.685e+08,1,0,
359,1,1720245714998,1720317651834,7,1.21472,2,8.685e+08,1,0,
359,2,1720245714998,1720317652488,7,-4.9547,2,8.685e+08,1,0,
359,3,1720245714998,1720317651462,7,1.57518,2,8.685e+08,1,0,
359,4,1720245714998,1720317652642,7,-1.16772,2,8.685e+08,1,0,
121,2,1720932300555,1721179085074,9,-13.6759,4,8.683e+08,1,0,
121,3,1720932300555,1721179086219,9,-6.82051,4,8.683e+08,0,1,
121,4,1720932300555,1721179085622,9,-6.82051,4,8.683e+08,1,0,
298,1,1725680655696,1725752592049,7,5.22734,4,8.681e+08,1,0,
298,3,1725680655696,1725752592996,7,-3.01843,4,8.681e+08,1,0,
173,2,1754882938167,1755335547491,10,7.90026,4,8.685e+08,1,0,
173,3,1754882938167,1755335548607,10,-15.9941,4,8.685e+08,1,0,
173,4,1754882938167,1755335547500,10,-13.3681,4,8.685e+08,1,0,
392,1,1723663455126,1723797087946,8,-11.4855,4,8.681e+08,1,0,
392,3,1723663455126,1723797087570,8,-4.67712,4,8.681e+08,1,0,
392,4,1723663455126,1723797088730,8,-11.5696,4,8.681e+08,1,0,
222,1,1721955869128,1722027805305,7,13.8355,4,8.685e+08,1,0,
67,1,1724419967608,1724666753369,9,-8.31279,2,8.683e+08,1,0,
67,3,1724419967608,1724666752380,9,8.42029,2,8.683e+08,1,0,
383,1,1730998395984,1731070332430,7,1.54198,4,8.683e+08,1,0,
383,3,1730998395984,1731070333174,7,-2.26494,4,8.683e+08,1,0,
325,2,1760404122199,1762214556488,12,-9.8342,4,8.685e+08,1,0,
325,3,1760404122199,1762214556794,12,-17.1058,4,8.685e+08,1,0,
325,4,1760404122199,1762214555309,12,-19.7966,4,8.685e+08,1,0,
243,1,1761089826024,1761542435123,10,-15.2971,2,8.683e+08,1,0,
243,3,1761089826024,1761542436296,10,-15.3466,2,8.683e+08,1,0,
233,1,1730320510605,1730392447809,7,6.56117,4,8.683e+08,1,0,
402,1,1730711279174,1730844911709,8,4.33088,4,8.681e+08,1,0,
402,2,1730711279174,1730844913170,8,-3.87688,4,8.681e+08,1,0,
402,3,1730711279174,1730844912344,8,-6.69153,4,8.681e+08,1,0,
89,1,1746380062881,1747367201657,11,0,4,8.685e+08,0,1,
77,1,1739742484423,1739814420917,7,0,4,8.685e+08,0,1,
77,3,1739742484423,1739814421112,7,8.28423,4,8.685e+08,1,0,
17,1,1736269902982,1738080336642,12,-6.40297,4,8.683e+08,1,0,
17,3,1736269902982,1738080336066,12,-11.9776,4,8.683e+08,1,0,
138,3,1739688105715,1739821738304,8,-7.45261,4,8.683e+08,1,0,
190,1,1743631895395,1743703831871,7,7.52052,4,8.685e+08,1,0,
51,1,1741593408162,1741840192994,9,1.91995,4,8.683e+08,1,0,
51,2,1741593408162,1741840194659,9,-12.6761,4,8.683e+08,1,0,
51,3,1741593408162,1741840194061,9,-11.5995,4,8.683e+08,1,0,
51,4,1741593408162,1741840193984,9,0.0123147,4,8.683e+08,1,0,
387,2,1745075244611,1745147180792,7,11.8617,4,8.685e+08,1,0,
304,1,1745164686399,1745236623398,7,-8.54538,4,8.685e+08,1,0,
304,4,1745164686399,1745236622587,7,10.8705,4,8.685e+08,1,0,
317,3,1746962549192,1747096182032,8,-1.00387,4,8.681e+08,1,0,
317,4,1746962549192,1747096182020,8,1.9016,4,8.681e+08,1,0,
271,2,1747720202198,1747966988214,9,1.93057,4,8.681e+08,1,0,
189,1,1745760112220,1746212722434,10,-7.63261,4,8.683e+08,0,1,
189,2,1745760112220,1746212721384,10,-7.63261,4,8.683e+08,1,0,
189,4,1745760112220,1746212721326,10,0.662385,4,8.683e+08,1,0,
185,1,1750079029285,1750531638217,10,3.83055,2,8.683e+08,1,0,
185,2,1750079029285,1750531639720,10,-0.728744,2,8.683e+08,0,1,
185,4,1750079029285,1750531638815,10,-0.728744,2,8.683e+08,1,0,
290,2,1746889861565,1747136646421,9,7.41954,4,8.683e+08,1,0,
193,2,1767555703488,1767689336356,8,-6.99342,4,8.683e+08,1,0,
193,4,1767555703488,1767689336284,8,9.47529,4,8.683e+08,1,0,
235,2,1751387733074,1751459669621,7,5.75665,4,8.685e+08,1,0,
235,3,1751387733074,1751459670721,7,-3.69389,4,8.685e+08,1,0,
37,1,1748891251599,1749024885252,8,-5.73143,4,8.681e+08,1,0,
37,2,1748891251599,1749024884563,8,-5.28433,4,8.681e+08,1,0,
397,1,1750101515103,1750235147518,8,8.44188,2,8.685e+08,1,0,
397,2,1750101515103,1750235148475,8,8.44188,2,8.685e+08,0,1,
149,2,1751631831862,1753442266347,12,-21.414,4,8.685e+08,1,0,
149,3,1751631831862,1753442266391,12,-16.945,4,8.685e+08,1,0,
149,4,1751631831862,1753442265211,12,-19.4618,4,8.685e+08,1,0,
213,3,1756193184634,1756645794743,10,-14.1748,4,8.685e+08,1,0,
213,4,1756193184634,1756645793302,10,-12.3058,4,8.685e+08,1,0,
80,1,1757506553452,1757578489559,7,21.3702,4,8.685e+08,1,0,
80,2,1757506553452,1757578491165,7,-8.69833,4,8.685e+08,1,0,
90,2,1770604691615,1771057300644,10,-15.2701,4,8.681e+08,1,0,
185,1,1795339829295,1795792438227,10,-13.2025,2,8.685e+08,1,0,
185,2,1795339829295,1795792439730,10,-15.8384,2,8.685e+08,1,0,
185,3,1795339829295,1795792439406,10,-12.1085,2,8.685e+08,1,0,
310,1,1763447557878,1763519494855,7,-2.28729,4,8.683e+08,1,0,
310,4,1763447557878,1763519495668,7,-7.5052,4,8.683e+08,1,0,
174,1,1757821960335,1759632395187,12,0,2,8.685e+08,0,1,
174,4,1757821960335,1759632394076,12,0,2,8.685e+08,0,1,
205,1,1760118388153,1760190324252,7,0,4,8.685e+08,0,1,
164,1,1769420733036,1771231167648,12,-12.344,4,8.681e+08,1,0,
164,2,1769420733036,1771231166357,12,-15.9834,4,8.681e+08,1,0,
164,3,1769420733036,1771231166587,12,-9.80691,4,8.681e+08,1,0,
164,4,1769420733036,1771231167519,12,-15.4876,4,8.681e+08,1,0,
182,1,1762641308493,1762713245370,7,-8.30508,2,8.681e+08,1,0,
182,2,1762641308493,1762713245530,7,5.9239,2,8.681e+08,1,0,
182,4,1762641308493,1762713245798,7,5.87357,2,8.681e+08,1,0,
223,4,1836093868862,1837904302512,12,-9.64104,4,8.685e+08,1,0,
132,2,1766141034261,1766212971018,7,5.22596,2,8.685e+08,1,0,
132,3,1766141034261,1766212970722,7,5.15752,2,8.685e+08,1,0,
206,1,1765833351483,1765966984169,8,-9.9709,4,8.681e+08,1,0,
249,4,1775623155943,1775695093714,7,-6.3208,4,8.685e+08,1,0,
83,1,1935266587811,1935338524220,7,1.61321,4,8.683e+08,1,0,
83,3,1935266587811,1935338524805,7,1.22,4,8.683e+08,1,0,
197,1,2030118845415,2031929278914,12,1.49457,4,8.685e+08,1,0,
197,3,2030118845415,2031929280016,12,-21.6911,4,8.685e+08,1,0,
197,4,2030118845415,2031929278824,12,-12.6992,4,8.685e+08,1,0,
72,2,1932778831432,1932850769454,7,-0.771438,4,8.685e+08,1,0,
72,4,1932778831432,1932850768869,7,0,4,8.685e+08,0,1,
358,3,1940968490871,1941040427222,7,-1.21229,4,8.685e+08,1,0,
358,4,1940968490871,1941040428188,7,-3.21739,4,8.685e+08,1,0,
307,1,1934501197768,1934573134102,7,2.57863,4,8.683e+08,1,0,
131,2,1938414537719,1940224971384,12,-16.6309,2,8.683e+08,1,0,
131,4,1938414537719,1940224971423,12,-15.7007,2,8.683e+08,1,0,
359,3,2036284125855,2036356062319,7,8.6643,2,8.683e+08,1,0,
301,4,2759700470251,2759947255527,9,0.240907,2,8.683e+08,1,0,
373,1,2395586485343,2395833270957,9,2.17253,4,8.683e+08,1,0,
373,3,2395586485343,2395833270305,9,-4.97725,4,8.683e+08,1,0,
373,4,2395586485343,2395833271842,9,-11.6407,4,8.683e+08,1,0,
255,1,2685141259100,2685593868673,10,-14.1888,4,8.685e+08,1,0,
255,2,2685141259100,2685593868965,10,-0.400008,4,8.685e+08,1,0,
255,3,2685141259100,2685593869433,10,-13.9107,4,8.685e+08,1,0,
255,4,2685141259100,2685593867812,10,-4.06576,4,8.685e+08,1,0,
364,3,3158886786508,3159133572294,9,-5.11194,4,8.685e+08,1,0,
23,2,3179743461403,3180196071710,10,-2.76535,4,8.683e+08,1,0,
23,3,3179743461403,3180196071816,10,-7.97598,4,8.683e+08,1,0,
170,3,3168015543337,3168262329176,9,-12.7525,4,8.683e+08,1,0,
122,1,3591133691008,3592120828184,11,4.24745,4,8.683e+08,1,0,
122,3,3591133691008,3592120828306,11,-7.38257,4,8.683e+08,1,0,
122,4,3591133691008,3592120829316,11,-18.6046,4,8.683e+08,1,0,
237,1,1934558480552,1934630416946,7,6.328,4,8.683e+08,1,0,
237,2,1934558480552,1934630418322,7,2.4131,4,8.683e+08,1,0,
242,2,2571261817773,2571333755311,7,0,4,8.683e+08,0,1,
226,1,2204786505410,2204858441637,7,-2.22758,2,8.683e+08,1,0,
135,1,2878109748281,2879096885120,11,-9.11114,2,8.683e+08,1,0,
135,4,2878109748281,2879096885540,11,-0.802108,2,8.683e+08,1,0,
285,2,2973332577899,2974319715147,11,-11.283,4,8.685e+08,1,0,
285,3,2973332577899,2974319715413,11,-11.9586,4,8.685e+08,1,0,
285,4,2973332577899,2974319716311,11,-16.0046,4,8.685e+08,1,0,
220,1,2140121460731,2140193397742,7,1.81636,4,8.685e+08,1,0,
220,3,2140121460731,2140193397308,7,-0.0369712,4,8.685e+08,1,0,
232,1,1936350196990,1936802805915,10,0,4,8.683e+08,0,1,
232,2,1936350196990,1936802807242,10,-13.5388,4,8.683e+08,1,0,
387,2,1937426024386,1937497960567,7,15.2063,4,8.685e+08,1,0,
387,3,1937426024386,1937497961628,7,-4.46268,4,8.685e+08,1,0,
63,1,1940994881555,1941241666370,9,-10.7062,4,8.685e+08,1,0,
63,3,1940994881555,1941241666162,9,4.79358,4,8.685e+08,1,0,
63,4,1940994881555,1941241667280,9,-9.0489,4,8.685e+08,1,0,
246,2,2655333776972,2655580561598,9,9.92387,4,8.685e+08,1,0,
103,1,2194734445687,2194981230669,9,-13.3726,4,8.681e+08,1,0,
103,3,2194734445687,2194981231784,9,-12.8844,4,8.681e+08,1,0,
38,1,2199447923535,2199694708417,9,-6.70074,2,8.685e+08,1,0,
38,4,2199447923535,2199694708150,9,4.99672,2,8.685e+08,1,0,
37,1,2192703387506,2192837021159,8,-0.312759,2,8.685e+08,1,0,
37,2,2192703387506,2192837020470,8,3.34752,2,8.685e+08,1,0,
326,1,2030721583832,2030855216995,8,-5.26817,4,8.681e+08,1,0,
326,2,2030721583832,2030855216341,8,-0.0208274,4,8.681e+08,1,0,
237,1,3178241668870,3178313605264,7,3.33989,4,8.681e+08,1,0,
114,1,2532401883352,2532535516598,8,-7.50828,4,8.681e+08,1,0,
114,4,2532401883352,2532535517372,8,-3.61655,4,8.681e+08,1,0,
72,1,3566657577744,3566729514099,7,5.17906,4,8.683e+08,1,0,
72,3,3566657577744,3566729515210,7,-1.61006,4,8.683e+08,1,0,
72,4,3566657577744,3566729515181,7,14.7217,4,8.683e+08,1,0,
96,1,1939659298120,1939731235567,7,-6.73489,4,8.683e+08,1,0,
96,3,1939659298120,1939731234496,7,20.2447,4,8.683e+08,1,0,
96,4,1939659298120,1939731236162,7,-8.71477,4,8.683e+08,1,0,
52,2,1999563297142,2000550434434,11,0,4,8.685e+08,0,1,
52,4,1999563297142,2000550434697,11,-8.04974,4,8.685e+08,1,0,
284,1,3392814351612,3392947984410,8,-5.63724,4,8.683e+08,1,0,
284,2,3392814351612,3392947984578,8,1.76595,4,8.683e+08,1,0,
284,3,3392814351612,3392947984167,8,-2.36836,4,8.683e+08,1,0,
284,4,3392814351612,3392947984735,8,-8.37497,4,8.683e+08,1,0,
189,4,1941667733656,1942120342762,10,0,4,8.683e+08,0,1,
70,1,1948172501505,1949159639822,11,-10.8593,2,8.683e+08,1,0,
70,2,1948172501505,1949159638464,11,0,2,8.683e+08,0,1,
70,3,1948172501505,1949159639628,11,-13.9119,2,8.683e+08,1,0,
70,4,1948172501505,1949159638838,11,-17.6492,2,8.683e+08,1,0,
8,2,1995472434713,1995544371523,7,-3.44385,2,8.685e+08,1,0,
179,3,1941441832320,1941575464892,8,-6.26898,2,8.683e+08,1,0,
89,2,1952092955289,1953080092942,11,-15.8344,4,8.685e+08,1,0,
89,4,1952092955289,1953080092929,11,-18.6882,4,8.685e+08,1,0,
245,2,2038347750894,2040158184577,12,0.391618,4,8.685e+08,1,0,
245,4,2038347750894,2040158184251,12,-19.7484,4,8.685e+08,1,0,
403,2,1946714377851,1946848010428,8,-0.361297,4,8.685e+08,1,0,
403,3,1946714377851,1946848011596,8,-7.50188,4,8.685e+08,1,0,
55,1,1949902108965,1950354719366,10,-12.9715,4,8.683e+08,1,0,
55,4,1949902108965,1950354718492,10,-16.0301,4,8.683e+08,1,0,
99,2,1949406450637,1949478386842,7,0,2,8.685e+08,0,1,
99,3,1949406450637,1949478387846,7,-3.75149,2,8.685e+08,1,0,
135,1,1950644354714,1951631491553,11,-17.2123,2,8.683e+08,1,0,
135,4,1950644354714,1951631491973,11,-9.50384,2,8.683e+08,1,0,
189,1,2138538358485,2138990968699,10,0.381074,4,8.683e+08,1,0,
189,4,2138538358485,2138990967591,10,-5.80481,4,8.683e+08,1,0,
43,2,2139863224461,2139935160856,7,2.26354,4,8.683e+08,1,0,
43,4,2139863224461,2139935161315,7,-6.27847,4,8.683e+08,1,0,
178,1,1957041149084,1957113086341,7,-6.36438,4,8.685e+08,1,0,
178,2,1957041149084,1957113086455,7,-9.01724,4,8.685e+08,1,0,
116,2,1954291699000,1954363635955,7,-6.97098,2,8.683e+08,1,0,
16,2,3202302212825,3202548998341,9,-6.87138,4,8.681e+08,1,0,
16,3,3202302212825,3202548997608,9,0,4,8.681e+08,0,1,
15,2,2081215111783,2081287048292,7,3.09015,4,8.685e+08,1,0,
15,3,2081215111783,2081287048460,7,-8.99721,4,8.685e+08,1,0,
318,2,2388583142849,2388655079171,7,-9.28021,4,8.681e+08,1,0,
318,3,2388583142849,2388655080128,7,-9.28021,4,8.681e+08,0,1,
318,4,2388583142849,2388655080346,7,-8.175,4,8.681e+08,1,0,
232,1,2547950232456,2548402841381,10,0,4,8.683e+08,0,1,
344,2,2916847068156,2916980700848,8,-10.5025,4,8.681e+08,1,0,
221,1,2922464611306,2923451748728,11,-17.3706,4,8.685e+08,1,0,
84,2,2178802849729,2179255458911,10,-15.3232,4,8.685e+08,1,0,
84,4,2178802849729,2179255458498,10,7.11797,4,8.685e+08,1,0,
16,3,2143511863265,2143758648048,9,-11.8949,4,8.685e+08,1,0,
37,3,2904700055757,2904833688305,8,-3.80568,2,8.683e+08,1,0,
370,4,1952941337433,1954751771101,12,6.72833,4,8.683e+08,1,0,
97,1,1952906307944,1952978245086,7,12.4346,2,8.683e+08,0,1,
97,3,1952906307944,1952978244533,7,12.4346,2,8.683e+08,1,0,
121,2,3133751682696,3133998467215,9,-5.05171,4,8.681e+08,1,0,
121,4,3133751682696,3133998467763,9,7.01756,4,8.681e+08,1,0,
236,2,3583094580309,3583228213159,8,-11.134,4,8.683e+08,1,0,
236,4,3583094580309,3583228214329,8,3.22864,4,8.683e+08,1,0,
356,3,2684369202218,2684441138497,7,4.78075,2,8.685e+08,1,0,
356,4,2684369202218,2684441140129,7,-5.98271,2,8.685e+08,1,0,
160,1,2672398127020,2672470063470,7,-5.29329,2,8.685e+08,1,0,
160,2,2672398127020,2672470064239,7,-9.12375,2,8.685e+08,1,0,
160,3,2672398127020,2672470063912,7,0.739442,2,8.685e+08,1,0,
160,4,2672398127020,2672470063965,7,3.54837,2,8.685e+08,1,0,
167,2,2435898868714,2435970805505,7,6.04182,4,8.683e+08,1,0,
167,3,2435898868714,2435970805112,7,11.2533,4,8.683e+08,1,0,
256,2,3160140305390,3160212241740,7,-7.59756,4,8.681e+08,1,0,
316,2,3173603499773,3173737133193,8,5.39732,2,8.685e+08,1,0,
316,4,3173603499773,3173737132299,8,-3.92561,2,8.685e+08,1,0,
167,3,2683822023241,2683893959639,7,-8.62549,4,8.681e+08,1,0,
167,4,2683822023241,2683893960718,7,-6.09065,4,8.681e+08,1,0,
17,1,2852352934492,2854163368152,12,0,4,8.683e+08,0,1,
17,2,2852352934492,2854163368754,12,-10.9557,4,8.683e+08,1,0,
17,4,2852352934492,2854163369080,12,-18.5791,4,8.683e+08,1,0,
303,1,1955386563878,1955520196327,8,13.102,4,8.683e+08,1,0,
303,3,1955386563878,1955520197245,8,-10.0712,4,8.683e+08,1,0,
114,1,1954809813829,1954943447075,8,-7.01301,4,8.683e+08,1,0,
114,3,1954809813829,1954943446312,8,-7.36107,4,8.683e+08,1,0,
121,2,1955813687863,1956060472382,9,10.1166,4,8.683e+08,1,0,
121,4,1955813687863,1956060472930,9,10.1166,4,8.683e+08,0,1,
54,3,3321545305068,3321678937613,8,-0.172591,4,8.683e+08,1,0,
54,4,3321545305068,3321678938191,8,-7.12524,4,8.683e+08,1,0,
394,2,2005204611948,2005451396844,9,-14.1398,4,8.685e+08,1,0,
394,3,2005204611948,2005451397100,9,-6.22792,4,8.685e+08,1,0,
317,1,2353371328019,2353504960864,8,1.05846,2,8.683e+08,1,0,
317,2,2353371328019,2353504960842,8,-2.086,2,8.683e+08,1,0,
164,2,2013324267464,2015134700785,12,0,4,8.685e+08,0,1,
164,3,2013324267464,2015134701015,12,-5.87476,4,8.685e+08,1,0,
87,1,1956752792629,1957205402245,10,-14.0242,4,8.685e+08,1,0,
87,2,1956752792629,1957205402718,10,-12.9547,4,8.685e+08,1,0,
33,1,1957881405176,1958128190314,9,-12.7962,4,8.685e+08,1,0,
33,4,1957881405176,1958128189825,9,1.04042,4,8.685e+08,1,0,
188,2,1964412504019,1964865113081,10,-6.35138,2,8.685e+08,1,0,
50,1,1958579970430,1958651908047,7,-8.19499,4,8.683e+08,1,0,
226,1,1957871742997,1957943679224,7,6.98337,2,8.683e+08,1,0,
226,3,1957871742997,1957943680015,7,6.98337,2,8.683e+08,0,1,
226,4,1957871742997,1957943680336,7,3.03503,2,8.683e+08,1,0,
42,1,1960712789718,1960784727697,7,8.8259,4,8.685e+08,1,0,
42,2,1960712789718,1960784726070,7,1.15622,4,8.685e+08,1,0,
81,1,1968970041242,1969103673947,8,0,4,8.683e+08,0,1,
81,4,1968970041242,1969103675067,8,12.3574,4,8.683e+08,1,0,
163,2,1962803886665,1963256496010,10,-3.16933,4,8.685e+08,0,1,
163,3,1962803886665,1963256495942,10,-3.16933,4,8.685e+08,1,0,
163,4,1962803886665,1963256497106,10,-10.6822,4,8.685e+08,1,0,
111,4,1964316898279,1964388834533,7,0,2,8.683e+08,0,1,
63,1,1965673281565,1965920066380,9,10.1523,4,8.683e+08,1,0,
63,2,1965673281565,1965920067202,9,-13.759,4,8.683e+08,1,0,
63,3,1965673281565,1965920066172,9,6.2589,4,8.683e+08,1,0,
63,4,1965673281565,1965920067290,9,-8.46114,4,8.683e+08,1,0,
13,1,1965229863615,1965363497361,8,-10.3894,2,8.683e+08,1,0,
13,4,1965229863615,1965363496419,8,-0.778258,2,8.683e+08,1,0,
56,2,1969793980958,1970781119424,11,0.941041,4,8.685e+08,1,0,
56,3,1969793980958,1970781119309,11,-16.4268,4,8.685e+08,1,0,
56,4,1969793980958,1970781118368,11,0,4,8.685e+08,0,1,
275,3,1964181963261,1964253899875,7,-2.61714,4,8.683e+08,1,0,
275,4,1964181963261,1964253900530,7,-3.65242,4,8.683e+08,1,0,
243,1,3454933595738,3455386204837,10,-7.77283,2,8.683e+08,1,0,
243,4,3454933595738,3455386205226,10,-15.0226,2,8.683e+08,1,0,
104,1,2759525262647,2759597198918,7,1.22479,4,8.683e+08,1,0,
104,3,2759525262647,2759597200097,7,-8.49202,4,8.683e+08,1,0,
104,4,2759525262647,2759597199853,7,-6.74902,4,8.683e+08,1,0,
227,2,1965750927682,1965822864046,7,9.37534,2,8.685e+08,1,0,
248,1,1966991159520,1967443769680,10,-13.2634,4,8.681e+08,1,0,
248,2,1966991159520,1967443768369,10,4.68948,4,8.681e+08,1,0,
248,4,1966991159520,1967443768705,10,-10.2209,4,8.681e+08,1,0,
133,2,2818478382541,2818550318794,7,4.5647,4,8.681e+08,1,0,
226,1,3410621557788,3410693494015,7,8.47258,2,8.683e+08,1,0,
226,3,3410621557788,3410693494806,7,8.47258,2,8.683e+08,0,1,
226,4,3410621557788,3410693495127,7,-0.75978,2,8.683e+08,1,0,
374,1,2924340691915,2925327829328,11,-10.4366,4,8.681e+08,1,0,
374,3,2924340691915,2925327829224,11,-10.2119,4,8.681e+08,1,0,
359,3,2925493122042,2925565058506,7,-5.92967,4,8.681e+08,1,0,
333,1,2509311709348,2511122142986,12,-12.9804,4,8.681e+08,1,0,
157,2,2875996318372,2876448927348,10,-16.5316,2,8.683e+08,1,0,
157,3,2875996318372,2876448928378,10,-8.03752,2,8.683e+08,1,0,
157,4,2875996318372,2876448927250,10,-8.8152,2,8.683e+08,1,0,
86,3,2876520941608,2876767727582,9,-11.241,2,8.683e+08,1,0,
86,4,2876520941608,2876767726522,9,4.13148,2,8.683e+08,1,0,
19,1,2771169975369,2771416760141,9,-13.3566,2,8.683e+08,1,0,
19,3,2771169975369,2771416761320,9,-12.2474,2,8.683e+08,1,0,
138,1,2202147977671,2202281611376,8,-8.36148,4,8.685e+08,1,0,
138,2,2202147977671,2202281610663,8,-6.70546,4,8.685e+08,1,0,
138,3,2202147977671,2202281610260,8,2.36801,4,8.685e+08,1,0,
138,4,2202147977671,2202281611553,8,-8.36148,4,8.685e+08,0,1,
283,1,2200137802693,2200271435204,8,-7.38069,4,8.685e+08,1,0,
283,4,2200137802693,2200271435510,8,0.0717019,4,8.685e+08,1,0,
174,1,3173085434211,3174895869063,12,-17.252,2,8.683e+08,1,0,
174,3,3173085434211,3174895869000,12,-14.043,2,8.683e+08,1,0,
174,4,3173085434211,3174895867952,12,-15.4423,2,8.683e+08,1,0,
145,2,2915129660396,2915201598040,7,-5.94511,2,8.683e+08,1,0,
145,3,2915129660396,2915201597080,7,3.74006,2,8.683e+08,1,0,
19,1,2914230255072,2914477039844,9,0,2,8.681e+08,0,1,
19,3,2914230255072,2914477041023,9,-3.83604,2,8.681e+08,1,0,
19,4,2914230255072,2914477040446,9,-2.69144,2,8.681e+08,1,0,
17,1,2396386884250,2398197317910,12,6.87973,4,8.683e+08,1,0,
17,3,2396386884250,2398197317334,12,0,4,8.683e+08,0,1,
17,4,2396386884250,2398197318838,12,-17.3509,4,8.683e+08,1,0,
152,2,2586400363265,2586533995718,8,0,4,8.683e+08,0,1,
152,3,2586400363265,2586533996437,8,-4.9375,4,8.683e+08,1,0,
392,3,1974233030126,1974366662570,8,-0.551849,4,8.681e+08,1,0,
248,3,2012251959530,2012704569526,10,-5.11961,4,8.683e+08,1,0,
248,4,2012251959530,2012704568715,10,7.56375,4,8.683e+08,1,0,
88,1,1966662652705,1966734589772,7,-8.25012,4,8.683e+08,1,0,
88,3,1966662652705,1966734588970,7,-4.54326,4,8.683e+08,1,0,
45,3,1977417358871,1977550991277,8,0,4,8.683e+08,0,1,
19,1,1967569375496,1967816160268,9,-2.79135,2,8.683e+08,1,0,
19,4,1967569375496,1967816160870,9,-3.61934,2,8.683e+08,1,0,
208,1,1968330855493,1970141289932,12,0,2,8.683e+08,0,1,
220,2,1971789269620,1971861207320,7,-3.12216,4,8.683e+08,0,1,
220,3,1971789269620,1971861206197,7,-3.12216,4,8.683e+08,1,0,
284,4,1977000198609,1977133831732,8,14.5365,4,8.681e+08,1,0,
39,2,1981305203717,1981377139908,7,5.42507,4,8.685e+08,1,0,
39,4,1981305203717,1981377141074,7,12.7093,4,8.685e+08,1,0,
388,1,1982925260329,1983058893026,8,-10.1092,4,8.683e+08,1,0,
143,1,1977745264887,1978732401954,11,-6.73907,4,8.685e+08,1,0,
143,3,1977745264887,1978732402254,11,-14.6389,4,8.685e+08,1,0,
300,1,1989151921812,1989398706533,9,-0.557784,4,8.685e+08,1,0,
300,3,1989151921812,1989398707659,9,-14.1377,4,8.685e+08,1,0,
300,4,1989151921812,1989398706865,9,9.99754,4,8.685e+08,1,0,
148,1,1981335387005,1983145820411,12,0,4,8.685e+08,0,1,
148,2,1981335387005,1983145821505,12,0.630647,4,8.685e+08,1,0,
148,3,1981335387005,1983145821522,12,-4.61406,4,8.685e+08,1,0,
363,4,1978859115482,1978931051992,7,-7.98619,4,8.683e+08,1,0,
155,1,1978685233770,1978818866427,8,6.34764,4,8.683e+08,1,0,
155,4,1978685233770,1978818866323,8,-8.16699,4,8.683e+08,1,0,
126,1,1980854073385,1980987706076,8,2.92935,2,8.685e+08,0,1,
126,3,1980854073385,1980987706008,8,2.92935,2,8.685e+08,1,0,
379,1,2211305226188,2212292364065,11,-7.90398,4,8.683e+08,0,1,
379,3,2211305226188,2212292362897,11,-7.90398,4,8.683e+08,1,0,
158,1,2210178307524,2210250244355,7,6.87672,4,8.685e+08,1,0,
158,4,2210178307524,2210250243952,7,2.62261,4,8.685e+08,1,0,
323,1,2220418290235,2220551922762,8,-5.58302,4,8.685e+08,1,0,
323,2,2220418290235,2220551923701,8,-4.55855,4,8.685e+08,1,0,
243,1,2455639266094,2456091875193,10,10.6643,2,8.683e+08,1,0,
233,1,2220533848240,2220605785444,7,-8.9617,4,8.683e+08,1,0,
396,2,2647238101529,2647371735439,8,0,2,8.683e+08,0,1,
66,2,2647548688127,2647620624478,7,0,4,8.685e+08,0,1,
189,1,2222837296736,2223289906950,10,-11.4033,4,8.681e+08,1,0,
189,3,2222837296736,2223289906979,10,-9.30051,4,8.681e+08,1,0,
249,2,2227081017356,2227152953952,7,11.8256,4,8.683e+08,1,0,
249,3,2227081017356,2227152954594,7,-9.2191,4,8.683e+08,1,0,
100,1,2223708443871,2223955229001,9,1.75443,4,8.685e+08,1,0,
100,2,2223708443871,2223955230237,9,-8.62022,4,8.685e+08,0,1,
100,3,2223708443871,2223955230142,9,-8.62022,4,8.685e+08,1,0,
32,1,2214675609226,2214747547207,7,-7.88953,4,8.685e+08,1,0,
32,3,2214675609226,2214747546463,7,-6.18539,4,8.685e+08,1,0,
318,2,2220007483977,2220079420299,7,-0.664001,4,8.683e+08,1,0,
318,3,2220007483977,2220079421256,7,-5.10881,4,8.683e+08,1,0,
318,4,2220007483977,2220079421474,7,-8.16054,4,8.683e+08,1,0,
151,3,2215596784972,2215730417516,8,-0.849502,4,8.683e+08,1,0,
94,2,2221145494785,2221598103696,10,-5.58775,4,8.683e+08,1,0,
115,2,3371273256581,3371345193730,7,4.33943,4,8.681e+08,1,0,
115,3,3371273256581,3371345192650,7,21.3135,4,8.681e+08,1,0,
266,3,2856619148999,2856752781656,8,-1.51273,4,8.681e+08,1,0,
177,3,2654022685495,2654094622818,7,1.5634,4,8.683e+08,1,0,
177,4,2654022685495,2654094621849,7,-2.42947,4,8.683e+08,1,0,
184,1,3335190255964,3335323888742,8,-9.16786,4,8.685e+08,1,0,
317,3,2428533379489,2428667012329,8,-2.51489,2,8.681e+08,1,0,
317,4,2428533379489,2428667012317,8,13.2531,2,8.681e+08,1,0,
209,2,2411071014659,2411142951477,7,-8.24683,4,8.683e+08,1,0,
304,1,3567731811752,3567803748751,7,4.58214,4,8.685e+08,1,0,
304,2,3567731811752,3567803748899,7,-0.962478,4,8.685e+08,1,0,
176,1,2644630455874,2644877241985,9,-11.4158,4,8.683e+08,1,0,
176,2,2644630455874,2644877240959,9,11.1255,4,8.683e+08,1,0,
329,1,2754215652566,2755202790915,11,-14.0889,4,8.683e+08,1,0,
329,3,2754215652566,2755202789798,11,0.573914,4,8.683e+08,1,0,
52,2,2428615659674,2429602796966,11,-2.89825,4,8.685e+08,1,0,
52,3,2428615659674,2429602798132,11,-18.8379,4,8.685e+08,1,0,
52,4,2428615659674,2429602797229,11,-0.810363,4,8.685e+08,1,0,
290,4,2428480334213,2428727119408,9,-8.91676,4,8.685e+08,1,0,
47,1,3431168568371,3431240504535,7,0,4,8.681e+08,0,1,
47,3,3431168568371,3431240505714,7,-5.22288,4,8.681e+08,1,0,
153,2,2399285280687,2399737889568,10,-2.57797,4,8.683e+08,1,0,
153,4,2399285280687,2399737889650,10,-10.006,4,8.683e+08,1,0,
199,1,2402843213070,2403089998002,9,-8.64461,2,8.683e+08,1,0,
199,2,2402843213070,2403089998791,9,-2.84614,2,8.683e+08,1,0,
199,4,2402843213070,2403089997702,9,0,2,8.683e+08,0,1,
99,2,2634073412133,2634145348338,7,2.4809,2,8.683e+08,1,0,
99,4,2634073412133,2634145349517,7,2.55251,2,8.683e+08,1,0,
404,1,2383861386054,2383933323511,7,-5.80394,2,8.683e+08,1,0,
404,2,2383861386054,2383933322394,7,11.6873,2,8.683e+08,1,0,
404,4,2383861386054,2383933322894,7,3.09201,2,8.683e+08,1,0,
188,4,2392048228171,2392500837426,10,5.74246,2,8.683e+08,1,0,
375,3,2223035256922,2223107193054,7,-6.8459,4,8.683e+08,1,0,
333,1,2328268509338,2330078942976,12,-18.7275,4,8.683e+08,1,0,
333,3,2328268509338,2330078943059,12,-14.5822,4,8.683e+08,1,0,
260,4,2624826484902,2625279094092,10,-5.31786,4,8.685e+08,1,0,
167,2,2663546646073,2663618582864,7,0.116288,4,8.683e+08,0,1,
167,3,2663546646073,2663618582471,7,0.116288,4,8.683e+08,1,0,
169,1,3155850318556,3155922254935,7,-3.51457,2,8.683e+08,1,0,
169,2,3155850318556,3155922256089,7,-3.51457,2,8.683e+08,0,1,
295,2,3329258186093,3329391818726,8,-1.05684,4,8.683e+08,1,0,
295,3,3329258186093,3329391818645,8,0.101136,4,8.683e+08,1,0,
121,3,3368403172225,3368649957889,9,-14.0117,4,8.683e+08,1,0,
121,4,3368403172225,3368649957292,9,1.79691,4,8.683e+08,1,0,
22,3,2807307394438,2807379331698,7,-4.94907,4,8.681e+08,1,0,
22,4,2807307394438,2807379330974,7,2.96901,4,8.681e+08,1,0,
381,3,2601704235375,2601776171988,7,-0.0869132,4,8.683e+08,1,0,
321,2,2920652094059,2920898880484,9,-14.0292,4,8.685e+08,1,0,
321,3,2920652094059,2920898880042,9,-13.5898,4,8.685e+08,1,0,
321,4,2920652094059,2920898879680,9,-9.94588,4,8.685e+08,1,0,
321,1,2945330494069,2945577278893,9,-11.1054,4,8.685e+08,1,0,
321,3,2945330494069,2945577280052,9,-11.1054,4,8.685e+08,0,1,
321,4,2945330494069,2945577279690,9,-11.1054,4,8.685e+08,0,1,
297,1,2406887288669,2407020922187,8,0.988648,2,8.683e+08,1,0,
23,1,2615290378225,2615742987583,10,-12.2213,4,8.683e+08,1,0,
46,3,2609805745626,2609939378174,8,-9.3802,2,8.683e+08,1,0,
103,4,2542671714875,2542918499998,9,7.37388,4,8.683e+08,1,0,
64,2,2369272428753,2369406061391,8,-5.19588,4,8.685e+08,1,0,
64,3,2369272428753,2369406061656,8,0.734559,4,8.685e+08,1,0,
166,1,2594635823592,2594707760054,7,14.4469,4,8.681e+08,1,0,
166,4,2594635823592,2594707760529,7,-5.7628,4,8.681e+08,1,0,
40,4,2572242789090,2574053223640,12,-15.6461,4,8.685e+08,1,0,
341,3,2378876930780,2379010563332,8,-8.6411,4,8.683e+08,1,0,
163,1,3198335021952,3198787632356,10,-10.174,4,8.683e+08,1,0,
163,4,3198335021952,3198787632393,10,-10.4047,4,8.683e+08,1,0,
17,1,3214439334512,3216249768172,12,-14.7169,4,8.683e+08,1,0,
17,2,3214439334512,3216249768774,12,-14.7169,4,8.683e+08,0,1,
17,3,3214439334512,3216249767596,12,0,4,8.683e+08,0,1,
17,4,3214439334512,3216249769100,12,-14.6843,4,8.683e+08,1,0,
146,2,2233492537621,2234479674988,11,0,2,8.685e+08,0,1,
146,3,2233492537621,2234479676160,11,-16.7632,2,8.685e+08,1,0,
146,4,2233492537621,2234479675290,11,-15.0824,2,8.685e+08,1,0,
349,1,2224310906346,2224444539206,8,5.82699,4,8.681e+08,1,0,
162,1,2224704382285,2225691519373,11,0,2,8.685e+08,0,1,
403,2,2225132981173,2225266613750,8,-2.91103,4,8.685e+08,1,0,
403,3,2225132981173,2225266614918,8,-8.37915,4,8.685e+08,1,0,
298,1,2224275400397,2224347336750,7,1.17519,4,8.685e+08,1,0,
204,2,2226139980708,2226273613660,8,0,4,8.683e+08,0,1,
356,3,2677175602208,2677247538487,7,22.4221,2,8.683e+08,1,0,
300,1,2686410735886,2686657520607,9,-13.7487,4,8.685e+08,1,0,
333,1,2690354909358,2692165342996,12,0,4,8.683e+08,0,1,
333,3,2690354909358,2692165343079,12,-11.0407,4,8.683e+08,1,0,
383,1,2587450696946,2587522633392,7,16.5489,4,8.685e+08,1,0,
301,1,2651548094659,2651794881059,9,3.0413,2,8.683e+08,1,0,
301,2,2651548094659,2651794879992,9,-5.23723,2,8.683e+08,1,0,
167,3,2651606638494,2651678574892,7,-7.31166,4,8.685e+08,1,0,
108,3,2381301362063,2381548146913,9,-6.63037,4,8.683e+08,1,0,
396,1,2580609941387,2580743574127,8,-9.15991,4,8.681e+08,1,0,
396,3,2580609941387,2580743574322,8,2.72386,4,8.681e+08,1,0,
190,1,2354378929197,2354450865673,7,-2.94302,4,8.683e+08,1,0,
190,2,2354378929197,2354450866641,7,-3.74341,4,8.683e+08,1,0,
190,3,2354378929197,2354450865911,7,-2.54425,4,8.683e+08,1,0,
190,4,2354378929197,2354450866539,7,-6.67056,4,8.683e+08,1,0,
154,1,2228905194909,2229038827664,8,3.33489,4,8.683e+08,1,0,
263,4,2232271880853,2232724490140,10,0,4,8.683e+08,0,1,
175,1,2930575549955,2930709182791,8,1.8324,4,8.683e+08,1,0,
175,2,2930575549955,2930709182835,8,-9.06354,4,8.683e+08,1,0,
175,3,2930575549955,2930709182588,8,0,4,8.683e+08,0,1,
148,1,2932590760061,2934401193467,12,-8.99994,4,8.683e+08,1,0,
148,2,2932590760061,2934401194561,12,-12.7629,4,8.683e+08,1,0,
148,3,2932590760061,2934401194578,12,-13.3339,4,8.683e+08,1,0,
148,4,2932590760061,2934401193436,12,0,4,8.683e+08,0,1,
342,2,2930104927154,2930238559776,8,-11.2326,4,8.683e+08,1,0,
342,3,2930104927154,2930238560250,8,-11.2326,4,8.683e+08,0,1,
126,1,3386348844326,3386482477017,8,-3.32841,4,8.681e+08,1,0,
126,3,3386348844326,3386482476949,8,-6.54422,4,8.681e+08,1,0,
154,1,2661199222711,2661332855466,8,-3.94034,4,8.681e+08,1,0,
399,4,2661084644341,2662895077941,12,0,4,8.685e+08,0,1,
371,1,2902382701396,2902516334118,8,0,4,8.683e+08,0,1,
371,4,2902382701396,2902516334391,8,-11.454,4,8.683e+08,1,0,
238,1,3553506055997,3553752840677,9,4.09728,4,8.681e+08,1,0,
238,2,3553506055997,3553752842096,9,-10.434,4,8.681e+08,1,0,
238,3,3553506055997,3553752841205,9,-14.1861,4,8.681e+08,1,0,
218,4,3329639069223,3329711005426,7,17.4834,4,8.683e+08,1,0,
339,1,3565447370304,3565694155077,9,-8.88576,4,8.683e+08,1,0,
339,3,3565447370304,3565694155831,9,3.63522,4,8.683e+08,1,0,
347,1,3174360433470,3174432369764,7,13.9874,4,8.685e+08,1,0,
347,2,3174360433470,3174432371349,7,-4.59437,4,8.685e+08,1,0,
395,2,3167458437308,3167592070418,8,-0.631759,4,8.685e+08,1,0,
130,2,3382982858240,3383054795668,7,-0.771102,4,8.681e+08,1,0,
130,4,3382982858240,3383054795578,7,-3.02147,4,8.681e+08,1,0,
167,2,3158573388929,3158645325720,7,-5.91005,4,8.683e+08,1,0,
167,3,3158573388929,3158645325327,7,28.6427,4,8.683e+08,1,0,
255,1,2229325107777,2229777717350,10,-0.692611,4,8.681e+08,1,0,
255,4,2229325107777,2229777716489,10,-1.94594,4,8.681e+08,1,0,
172,3,2242001195105,2243811628611,12,0,4,8.685e+08,0,1,
172,4,2242001195105,2243811629779,12,-16.1367,4,8.685e+08,1,0,
286,2,2229841422675,2230088207519,9,-3.17665,4,8.685e+08,1,0,
27,2,2230624425893,2230758058592,8,4.63809,2,8.685e+08,1,0,
399,1,2230472540536,2232282974086,12,-1.72368,4,8.681e+08,1,0,
399,2,2230472540536,2232282975255,12,-21.0047,4,8.681e+08,1,0,
399,3,2230472540536,2232282975226,12,-21.7919,4,8.681e+08,1,0,
295,1,2238899556013,2239033189364,8,-1.86989,4,8.685e+08,1,0,
295,2,2238899556013,2239033188646,8,2.64476,4,8.685e+08,1,0,
295,4,2238899556013,2239033189399,8,-7.24187,4,8.685e+08,1,0,
302,3,2239139649400,2239386435155,9,-12.0802,4,8.681e+08,1,0,
302,4,2239139649400,2239386435056,9,-13.4503,4,8.681e+08,1,0,
339,2,2235273880450,2235520666798,9,-4.95526,4,8.683e+08,0,1,
339,3,2235273880450,2235520665977,9,-4.95526,4,8.683e+08,1,0,
197,1,2392205245435,2394015678934,12,-17.4637,4,8.683e+08,1,0,
177,1,2246945268576,2247017205481,7,13.0237,4,8.683e+08,1,0,
177,2,2246945268576,2247017205604,7,13.0237,4,8.683e+08,0,1,
177,4,2246945268576,2247017204930,7,0,4,8.683e+08,0,1,
205,1,2242428572319,2242500508418,7,25.6672,4,8.683e+08,1,0,
205,4,2242428572319,2242500509586,7,-8.73659,4,8.683e+08,1,0,
274,1,2307343300929,2309153734396,12,0,2,8.685e+08,0,1,
376,2,2251300206272,2251752815416,10,-4.0099,2,8.683e+08,1,0,
376,3,2251300206272,2251752815689,10,-15.5729,2,8.683e+08,1,0,
376,4,2251300206272,2251752816576,10,-15.6294,2,8.683e+08,1,0,
307,1,2241597483095,2241669419429,7,28.4525,4,8.683e+08,1,0,
307,4,2241597483095,2241669420152,7,-6.68919,4,8.683e+08,1,0,
93,2,2242393324714,2242465262563,7,-4.84642,4,8.685e+08,1,0,
93,3,2242393324714,2242465262280,7,0,4,8.685e+08,0,1,
51,3,2268391834015,2268638619914,9,-10.3368,4,8.683e+08,1,0,
21,2,2245720833210,2246173442124,10,0,4,8.681e+08,0,1,
21,4,2245720833210,2246173443290,10,0,4,8.681e+08,0,1,
51,1,2243713434005,2243960218837,9,-2.05289,4,8.681e+08,1,0,
51,2,2243713434005,2243960220502,9,-13.0397,4,8.681e+08,1,0,
51,4,2243713434005,2243960219827,9,-5.5161,4,8.681e+08,1,0,
394,1,2254238100046,2254484886201,9,-4.81792,4,8.685e+08,1,0,
394,2,2254238100046,2254484884942,9,-10.5713,4,8.685e+08,1,0,
129,2,2246488193797,2248298628530,12,0,4,8.683e+08,0,1,
319,2,2248196124702,2249183261986,11,-0.919601,4,8.683e+08,1,0,
9,1,2250223293652,2250295230789,7,-2.7727,4,8.683e+08,1,0,
170,2,2251075149302,2251321933963,9,-7.77118,4,8.683e+08,1,0,
170,4,2251075149302,2251321934691,9,-1.30585,4,8.683e+08,1,0,
340,1,2251636530405,2251708466805,7,0.486482,4,8.681e+08,1,0,
97,4,2248371645646,2248443583649,7,-9.19438,2,8.683e+08,1,0,
377,1,2250618185384,2251070795252,10,-12.8287,4,8.683e+08,1,0,
377,2,2250618185384,2251070794914,10,0,4,8.683e+08,0,1,
124,2,2250636344288,2250769977299,8,5.03149,4,8.685e+08,0,1,
124,4,2250636344288,2250769976746,8,5.03149,4,8.685e+08,1,0,
109,1,2249796740754,2249868677230,7,7.00875,2,8.685e+08,1,0,
109,3,2249796740754,2249868677469,7,8.26325,2,8.685e+08,1,0,
141,2,2256798351228,2257785488137,11,-8.19913,4,8.685e+08,1,0,
359,1,2270980438686,2271052375522,7,-8.22926,2,8.683e+08,1,0,
359,3,2270980438686,2271052375150,7,0,2,8.683e+08,0,1,
207,2,2256409572572,2256862182292,10,-12.0218,4,8.685e+08,1,0,
207,3,2256409572572,2256862182835,10,-4.71904,4,8.685e+08,1,0,
207,4,2256409572572,2256862181177,10,-9.84199,4,8.685e+08,1,0,
402,1,2254268343933,2254401976468,8,16.1962,4,8.683e+08,1,0,
122,1,2262935770886,2263922908062,11,-10.0147,4,8.683e+08,1,0,
122,2,2262935770886,2263922909258,11,-14.0184,4,8.683e+08,1,0,
50,1,2260386187398,2260458125015,7,-8.02466,4,8.683e+08,1,0,
50,4,2260386187398,2260458124151,7,8.22826,4,8.683e+08,1,0,
9,1,2263565704934,2263637642071,7,-3.31604,4,8.685e+08,1,0,
285,1,2266820097250,2267807235810,11,-11.8064,4,8.685e+08,1,0,
285,2,2266820097250,2267807234498,11,-17.0024,4,8.685e+08,1,0,
285,3,2266820097250,2267807234764,11,-14.2343,4,8.685e+08,1,0,
209,1,2266962212273,2267034150098,7,-8.18558,4,8.685e+08,1,0,
133,2,2266105989537,2266177925790,7,-8.4005,4,8.683e+08,1,0,
101,1,2307149922277,2308137059208,11,0,2,8.685e+08,0,1,
101,2,2307149922277,2308137060780,11,-16.7136,2,8.685e+08,1,0,
101,3,2307149922277,2308137059930,11,-12.1585,2,8.685e+08,1,0,
29,2,2278691428882,2279678566217,11,9.3179,4,8.685e+08,1,0,
29,4,2278691428882,2279678565935,11,-9.7861,4,8.685e+08,1,0,
228,1,2285366021624,2285499655465,8,-11.4296,2,8.685e+08,1,0,
228,2,2285366021624,2285499654128,8,0.997926,2,8.685e+08,1,0,
228,3,2285366021624,2285499655250,8,-10.8111,2,8.685e+08,1,0,
228,4,2285366021624,2285499654623,8,0.997926,2,8.685e+08,0,1,
83,1,2275062350853,2275134287262,7,6.21339,4,8.685e+08,1,0,
55,3,2281597748121,2282050358169,10,2.18076,4,8.681e+08,1,0,
141,2,2355511951238,2356499088147,11,0,4,8.683e+08,0,1,
165,1,2274674299113,2274921083906,9,-5.6309,4,8.685e+08,1,0,
165,2,2274674299113,2274921085573,9,0.045411,4,8.685e+08,1,0,
253,2,2283952360645,2284085993202,8,-8.30022,2,8.683e+08,1,0,
253,3,2283952360645,2284085994348,8,-10.707,2,8.683e+08,0,1,
253,4,2283952360645,2284085994140,8,-10.707,2,8.683e+08,1,0,
117,2,2285535345566,2285607282429,7,3.35732,4,8.683e+08,1,0,
117,3,2285535345566,2285607283230,7,-4.1031,4,8.683e+08,1,0,
117,4,2285535345566,2285607282014,7,0,4,8.683e+08,0,1,
223,1,2427125634242,2428936067805,12,-8.99345,4,8.681e+08,1,0,
223,2,2427125634242,2428936069004,12,-16.4595,4,8.681e+08,1,0,
223,3,2427125634242,2428936068953,12,-8.99345,4,8.681e+08,0,1,
8,3,2288174608972,2288246545396,7,7.79422,2,8.685e+08,1,0,
67,3,2289631002224,2289877786996,9,-10.0241,2,8.683e+08,1,0,
345,1,2281400038760,2282387175950,11,-18.0353,2,8.683e+08,1,0,
345,4,2281400038760,2282387175766,11,-14.1789,2,8.683e+08,1,0,
62,1,2292522384518,2292974994461,10,-16.3537,2,8.683e+08,1,0,
62,2,2292522384518,2292974993119,10,-15.9797,2,8.683e+08,1,0,
62,3,2292522384518,2292974994256,10,-16.7457,2,8.683e+08,1,0,
360,1,2282575641803,2282709274352,8,-4.1864,4,8.683e+08,1,0,
360,2,2282575641803,2282709274941,8,-0.566314,4,8.683e+08,1,0,
360,4,2282575641803,2282709274800,8,-3.6658,4,8.683e+08,1,0,
78,4,2287649932172,2287896716764,9,-8.54672,2,8.685e+08,1,0,
39,1,2288774805762,2288846743510,7,-8.28981,4,8.683e+08,1,0,
39,2,2288774805762,2288846741953,7,-1.12994,4,8.683e+08,1,0,
114,1,2294045173838,2294178807084,8,-7.83368,4,8.685e+08,1,0,
114,3,2294045173838,2294178806321,8,2.55359,4,8.685e+08,1,0,
114,4,2294045173838,2294178807858,8,-9.20558,4,8.685e+08,1,0,
276,1,2292681478924,2292815111373,8,-1.96655,4,8.683e+08,1,0,
276,4,2292681478924,2292815111739,8,-11.2186,4,8.683e+08,1,0,
310,1,2290682491016,2290754427993,7,13.0119,4,8.683e+08,1,0,
310,3,2290682491016,2290754427471,7,-6.86043,4,8.683e+08,1,0,
321,1,2296123157080,2296369941904,9,-10.0322,4,8.681e+08,1,0,
187,3,2291150681048,2292961115575,12,-19.7993,2,8.685e+08,1,0,
187,4,2291150681048,2292961114637,12,-8.06505,2,8.685e+08,1,0,
346,1,2305032018173,2306019156312,11,-10.8707,4,8.683e+08,1,0,
346,4,2305032018173,2306019155164,11,-17.0918,4,8.683e+08,1,0,
169,1,2293168223771,2293240160150,7,1.39238,2,8.683e+08,1,0,
169,4,2293168223771,2293240160598,7,-7.48663,2,8.683e+08,1,0,
264,2,2311119955025,2311253587505,8,0,4,8.683e+08,0,1,
264,3,2311119955025,2311253587772,8,0,4,8.683e+08,0,1,
65,4,2295340128767,2295473761295,8,-4.9435,4,8.685e+08,1,0,
314,1,2293540338789,2293612275262,7,-6.77089,4,8.683e+08,1,0,
314,2,2293540338789,2293612276489,7,0.962129,4,8.683e+08,1,0,
314,3,2293540338789,2293612276320,7,-7.22668,4,8.683e+08,1,0,
388,1,2294540943452,2294674576149,8,2.99765,4,8.681e+08,1,0,
388,3,2294540943452,2294674577297,8,-7.90793,4,8.681e+08,1,0,
122,1,2361649370896,2362636508072,11,-5.65256,4,8.685e+08,1,0,
122,2,2361649370896,2362636509268,11,-5.65256,4,8.685e+08,0,1,
257,1,2296069873522,2296141810415,7,-8.48834,4,8.685e+08,1,0,
257,3,2296069873522,2296141810077,7,0,4,8.685e+08,0,1,
257,4,2296069873522,2296141811293,7,7.55124,4,8.685e+08,1,0,
243,2,2299826381107,2300278991590,10,-10.3757,2,8.685e+08,1,0,
243,3,2299826381107,2300278991379,10,-15.716,2,8.685e+08,1,0,
277,4,2296540787463,2296787573122,9,-10.5637,4,8.685e+08,1,0,
154,1,2300702674035,2300836306790,8,-7.65408,4,8.683e+08,1,0,
154,3,2300702674035,2300836307829,8,4.56168,4,8.683e+08,1,0,
355,2,2299918659717,2300905796875,11,-18.9817,4,8.683e+08,1,0,
355,3,2299918659717,2300905798006,11,-18.7393,4,8.683e+08,1,0,
117,1,2298436604260,2298508541751,7,-8.38011,4,8.685e+08,1,0,
117,3,2298436604260,2298508541924,7,-5.96628,4,8.685e+08,1,0,
50,2,2312981533265,2313053469820,7,7.51419,4,8.685e+08,1,0,
50,4,2312981533265,2313053470018,7,-2.30894,4,8.685e+08,1,0,
172,1,2423044395115,2424854829759,12,-21.6503,4,8.683e+08,1,0,
231,1,2304383622191,2306194055875,12,-19.024,2,8.685e+08,1,0,
231,3,2304383622191,2306194056916,12,-5.84463,2,8.685e+08,1,0,
231,4,2304383622191,2306194055559,12,-11.7569,2,8.685e+08,1,0,
384,1,2305478526863,2307288960430,12,-20.8238,2,8.683e+08,0,1,
384,3,2305478526863,2307288961444,12,-8.36015,2,8.683e+08,1,0,
384,4,2305478526863,2307288960067,12,-20.8238,2,8.683e+08,1,0,
142,1,2306806380891,2306878317381,7,0,4,8.683e+08,0,1,
142,4,2306806380891,2306878317598,7,-9.03924,4,8.683e+08,1,0,
303,1,2304350507407,2304484139856,8,-5.56761,4,8.681e+08,1,0,
303,3,2304350507407,2304484140774,8,-5.07164,4,8.681e+08,1,0,
62,3,2337783184528,2338235794266,10,-10.9681,2,8.685e+08,0,1,
62,4,2337783184528,2338235793585,10,-10.9681,2,8.685e+08,1,0,
251,1,2309464508403,2309536444810,7,24.0396,4,8.681e+08,1,0,
251,3,2309464508403,2309536445446,7,-1.06642,4,8.681e+08,1,0,
153,2,2308451324466,2308903933347,10,-16.8005,4,8.685e+08,1,0,
153,3,2308451324466,2308903934424,10,-9.49274,4,8.685e+08,1,0,
153,4,2308451324466,2308903933429,10,-12.2294,4,8.685e+08,1,0,
360,1,2311772892059,2311906524608,8,9.63604,4,8.685e+08,1,0,
360,3,2311772892059,2311906524834,8,9.63604,4,8.685e+08,0,1,
168,1,2312126018879,2312259651895,8,17.16,4,8.683e+08,1,0,
168,2,2312126018879,2312259652607,8,-4.94617,4,8.683e+08,1,0,
168,3,2312126018879,2312259652790,8,-9.21045,4,8.683e+08,1,0,
168,4,2312126018879,2312259651484,8,-8.50647,4,8.683e+08,1,0,
329,2,2316262595254,2317249732529,11,-11.0967,4,8.685e+08,1,0,
329,3,2316262595254,2317249732486,11,-19.4496,4,8.685e+08,1,0,
329,4,2316262595254,2317249733625,11,1.52612,4,8.685e+08,1,0,
296,2,2309776917965,2310229526950,10,-15.129,4,8.683e+08,1,0,
296,4,2309776917965,2310229527316,10,-16.22,4,8.683e+08,1,0,
166,2,2320922380219,2320994317974,7,1.85829,4,8.683e+08,1,0,
194,1,2318105538891,2318177475593,7,-0.891585,4,8.681e+08,1,0,
198,1,2318490909705,2319478047282,11,-5.57312,4,8.683e+08,0,1,
198,3,2318490909705,2319478046793,11,-5.57312,4,8.683e+08,1,0,
142,4,2337717956266,2337789892973,7,-7.16431,4,8.685e+08,1,0,
145,1,2313608057386,2313679995184,7,-7.43288,2,8.683e+08,1,0,
145,4,2313608057386,2313679995725,7,-5.90198,2,8.683e+08,1,0,
156,1,2317499786641,2317952396844,10,-16.1955,4,8.683e+08,1,0,
156,2,2317499786641,2317952396305,10,-10.7015,4,8.683e+08,1,0,
201,1,2321659036731,2321730974762,7,-3.49705,4,8.683e+08,1,0,
201,3,2321659036731,2321730974230,7,-9.12407,4,8.683e+08,1,0,
308,2,2320257407651,2320329343802,7,1.34399,4,8.681e+08,1,0,
93,1,2323770844062,2323842780478,7,7.11715,4,8.683e+08,1,0,
377,2,2326785809060,2327238418590,10,-6.26596,4,8.683e+08,0,1,
377,3,2326785809060,2327238417766,10,-6.26596,4,8.683e+08,1,0,
220,3,2324747523445,2324819460022,7,0,4,8.683e+08,0,1,
312,4,2324804853708,2325791990806,11,-18.3777,4,8.685e+08,1,0,
398,1,2415872666611,2416119451413,9,0.663209,2,8.683e+08,1,0,
398,3,2415872666611,2416119452587,9,-11.1598,2,8.683e+08,0,1,
398,4,2415872666611,2416119451942,9,-11.1598,2,8.683e+08,1,0,
365,1,2325155530878,2325227467079,7,-8.66368,4,8.681e+08,1,0,
365,2,2325155530878,2325227468508,7,2.22336,4,8.681e+08,1,0,
365,3,2325155530878,2325227468172,7,-6.96101,4,8.681e+08,1,0,
365,4,2325155530878,2325227467890,7,-4.6864,4,8.681e+08,1,0,
52,3,2329902059664,2330889198122,11,-17.159,4,8.683e+08,1,0,
357,4,2330540720512,2330993329813,10,-13.6739,2,8.685e+08,1,0,
68,3,2330191916538,2330644525336,10,-5.47174,4,8.685e+08,1,0,
249,1,2333388519428,2333460457505,7,6.8001,4,8.683e+08,1,0,
249,2,2333388519428,2333460456024,7,9.92102,4,8.683e+08,1,0,
249,4,2333388519428,2333460457199,7,-2.57548,4,8.683e+08,1,0,
336,1,2335221342608,2335354975826,8,-3.01146,4,8.685e+08,1,0,
336,3,2335221342608,2335354975158,8,-1.36793,4,8.685e+08,1,0,
336,4,2335221342608,2335354975871,8,-3.87562,4,8.685e+08,1,0,
330,1,2343070043016,2343141979148,7,24.2195,4,8.683e+08,1,0,
330,2,2343070043016,2343141980603,7,-3.77962,4,8.683e+08,1,0,
330,3,2343070043016,2343141980215,7,6.33737,4,8.683e+08,1,0,
330,4,2343070043016,2343141980064,7,-4.09202,4,8.683e+08,1,0,
258,2,2339293288586,2339365224825,7,-8.91128,4,8.683e+08,1,0,
258,4,2339293288586,2339365225582,7,-5.01829,4,8.683e+08,1,0,
244,1,2346972848156,2347044784595,7,16.0089,2,8.683e+08,1,0,
113,2,2338292340725,2338364278039,7,14.4221,4,8.683e+08,1,0,
113,3,2338292340725,2338364276892,7,0,4,8.683e+08,0,1,
113,4,2338292340725,2338364278559,7,-7.93773,4,8.683e+08,1,0,
117,2,2449052555953,2449124492816,7,-2.94075,4,8.683e+08,1,0,
335,2,2442049352662,2442121289029,7,-6.90675,4,8.685e+08,1,0,
335,3,2442049352662,2442121290157,7,-6.52408,4,8.685e+08,1,0,
245,3,2531469166383,2533279601103,12,-19.4209,4,8.683e+08,1,0,
245,4,2531469166383,2533279599740,12,-8.88374,4,8.683e+08,1,0,
192,1,2477212781509,2477665391753,10,-14.7266,4,8.685e+08,1,0,
192,2,2477212781509,2477665390447,10,-3.18805,4,8.685e+08,1,0,
192,3,2477212781509,2477665390754,10,-7.8855,4,8.685e+08,1,0,
192,4,2477212781509,2477665391598,10,-2.28712,4,8.685e+08,1,0,
284,3,2524233075627,2524366708182,8,-0.936767,4,8.681e+08,1,0,
120,3,2443189432121,2443436217937,9,-8.59413,2,8.683e+08,1,0,
120,4,2443189432121,2443436217827,9,-7.28804,2,8.683e+08,1,0,
266,3,3332406834201,3332540466858,8,0,4,8.683e+08,0,1,
45,1,3413699082929,3413832716023,8,-6.16054,4,8.683e+08,1,0,
45,2,3413699082929,3413832715746,8,4.88619,4,8.683e+08,1,0,
45,3,3413699082929,3413832715335,8,-4.57605,4,8.683e+08,1,0,
178,3,3573384791095,3573456727295,7,0.507737,4,8.685e+08,1,0,
384,1,2486521726873,2488332160440,12,-17.3547,2,8.685e+08,1,0,
384,4,2486521726873,2488332160077,12,0,2,8.685e+08,0,1,
238,3,2451895382783,2452142167991,9,-3.5171,4,8.681e+08,1,0,
238,4,2451895382783,2452142168629,9,5.12343,4,8.681e+08,1,0,
30,1,2443670416126,2443917201999,9,-5.98622,4,8.683e+08,1,0,
30,3,2443670416126,2443917202314,9,-11.8764,4,8.683e+08,1,0,
30,4,2443670416126,2443917200821,9,12.7128,4,8.683e+08,1,0,
129,2,2671414318644,2673224753377,12,-8.72769,4,8.681e+08,1,0,
129,3,2671414318644,2673224752303,12,-7.06036,4,8.681e+08,1,0,
103,1,3151262045869,3151508830851,9,-11.8065,4,8.683e+08,1,0,
103,3,3151262045869,3151508831966,9,-10.9537,4,8.683e+08,1,0,
141,2,2605216945274,2606204082183,11,-0.709151,4,8.681e+08,1,0,
141,3,2605216945274,2606204082987,11,-0.709151,4,8.681e+08,0,1,
168,1,3193992177953,3194125810969,8,-7.52743,4,8.683e+08,1,0,
168,2,3193992177953,3194125811681,8,-10.9781,4,8.683e+08,1,0,
168,4,3193992177953,3194125810558,8,0.683122,4,8.683e+08,1,0,
121,2,3204157380010,3204404164529,9,-2.45227,4,8.685e+08,1,0,
121,4,3204157380010,3204404165077,9,-12.5143,4,8.685e+08,1,0,
17,2,2577430084260,2579240518522,12,-18.6589,4,8.681e+08,1,0,
17,3,2577430084260,2579240517344,12,0,4,8.681e+08,0,1,
13,2,3419717841711,3419851474368,8,-4.41777,2,8.683e+08,1,0,
40,2,3341790139150,3343600572681,12,-19.7528,4,8.685e+08,1,0,
40,3,3341790139150,3343600572340,12,-10.3852,4,8.685e+08,1,0,
228,1,2449572733274,2449706367115,8,6.10297,2,8.683e+08,1,0,
228,3,2449572733274,2449706366900,8,-7.86725,2,8.683e+08,1,0,
182,2,2451998366503,2452070303540,7,6.52961,2,8.685e+08,1,0,
182,3,2451998366503,2452070302881,7,-9.26363,2,8.685e+08,1,0,
401,4,2451154024983,2451606633820,10,-13.0012,4,8.683e+08,1,0,
148,1,3503892256088,3505702689494,12,-17.7635,4,8.683e+08,1,0,
400,2,2667830196277,2667902132538,7,0.266648,4,8.683e+08,1,0,
350,1,3180914256223,3181901393343,11,0.876893,2,8.683e+08,1,0,
350,3,3180914256223,3181901393483,11,0.876893,2,8.683e+08,0,1,
265,1,2537922858830,2537994795175,7,9.21393,4,8.683e+08,1,0,
265,3,2537922858830,2537994796317,7,5.37416,4,8.683e+08,1,0,
150,1,2938629795524,2938701732437,7,7.22838,4,8.683e+08,1,0,
101,3,2504577122297,2505564259950,11,-13.7319,2,8.683e+08,1,0,
252,3,2455058095596,2455510704914,10,-5.66859,4,8.683e+08,1,0,
143,1,2615259968379,2616247105446,11,5.57411,4,8.681e+08,1,0,
143,3,2615259968379,2616247105746,11,6.08028,4,8.681e+08,1,0,
256,2,2886616267620,2886688203970,7,17.0133,4,8.685e+08,1,0,
378,2,2884804355435,2884876292652,7,-3.82744,4,8.685e+08,1,0,
378,3,2884804355435,2884876291715,7,-1.38518,4,8.685e+08,1,0,
378,4,2884804355435,2884876292923,7,-9.0834,4,8.685e+08,1,0,
353,2,2884512963116,2884759747819,9,2.3365,4,8.683e+08,1,0,
353,3,2884512963116,2884759748045,9,-12.0659,4,8.683e+08,1,0,
14,1,3408064846776,3408136782900,7,10.5271,4,8.683e+08,1,0,
14,3,3408064846776,3408136784055,7,-7.21571,4,8.683e+08,1,0,
14,4,3408064846776,3408136784035,7,-7.42906,4,8.683e+08,1,0,
377,3,2549800137262,2550252745968,10,-7.41818,4,8.681e+08,1,0,
46,3,2550084339982,2550217972530,8,-0.356353,2,8.685e+08,1,0,
46,4,2550084339982,2550217973987,8,-4.94365,2,8.685e+08,1,0,
239,2,2551309279103,2551442911769,8,-6.45422,4,8.683e+08,1,0,
167,4,2459171032976,2459242970453,7,-1.24834,4,8.681e+08,1,0,
391,3,2462339737460,2462411673597,7,16.0549,4,8.683e+08,1,0,
397,1,3175274675222,3175408307637,8,5.57151,4,8.681e+08,1,0,
397,4,3175274675222,3175408307990,8,0.225236,4,8.681e+08,1,0,
287,4,3157858731166,3157930668784,7,0,4,8.683e+08,0,1,
295,1,2459912118572,2460045751923,8,-2.37025,4,8.683e+08,1,0,
295,2,2459912118572,2460045751205,8,-4.59309,4,8.683e+08,1,0,
295,4,2459912118572,2460045751958,8,-11.2782,4,8.683e+08,1,0,
36,2,2462668426782,2462802059478,8,-1.90666,4,8.685e+08,1,0,
36,3,2462668426782,2462802059667,8,-9.42261,4,8.685e+08,1,0,
338,1,2461586434911,2461833220927,9,3.38595,4,8.681e+08,1,0,
23,1,2463033247334,2463485856692,10,-3.53705,4,8.685e+08,1,0,
23,2,2463033247334,2463485857641,10,-14.7048,4,8.685e+08,1,0,
23,4,2463033247334,2463485856494,10,-12.0573,4,8.685e+08,1,0,
376,1,3226655077890,3227107688341,10,-14.1771,2,8.683e+08,1,0,
376,2,3226655077890,3227107687034,10,4.11903,2,8.683e+08,1,0,
376,3,3226655077890,3227107687307,10,-2.65613,2,8.683e+08,1,0,
389,3,3179301229912,3179548014892,9,0.784303,4,8.683e+08,1,0,
396,1,3170393640097,3170527272837,8,-2.82149,2,8.681e+08,1,0,
396,3,3170393640097,3170527273032,8,-11.8603,2,8.681e+08,1,0,
199,1,3379887832535,3380134617467,9,-0.681914,2,8.683e+08,1,0,
199,3,3379887832535,3380134618388,9,-9.5775,2,8.683e+08,1,0,
199,4,3379887832535,3380134617167,9,7.72427,2,8.683e+08,1,0,
290,2,3569783077726,3570029862582,9,0,4,8.683e+08,0,1,
287,2,2921440235387,2921512171991,7,7.65727,4,8.683e+08,1,0,
57,1,2535891397911,2536878536115,11,-14.656,4,8.685e+08,1,0,
57,2,2535891397911,2536878535521,11,-16.2424,4,8.685e+08,1,0,
57,3,2535891397911,2536878534936,11,-14.0973,4,8.685e+08,1,0,
232,3,3111530556602,3111983166683,10,-6.06427,4,8.681e+08,1,0,
103,1,2770056703570,2770303488552,9,-3.86743,4,8.685e+08,1,0,
88,1,2676537931482,2676609868549,7,-8.24232,4,8.685e+08,1,0,
268,4,2678863028521,2678934964801,7,-3.44043,2,8.681e+08,1,0,
78,1,2681023415272,2681270200292,9,4.83907,2,8.685e+08,1,0,
78,2,2681023415272,2681270200989,9,-12.928,2,8.685e+08,1,0,
78,4,2681023415272,2681270199864,9,-4.30487,2,8.685e+08,1,0,
375,3,3422020674462,3422092610594,7,6.66905,4,8.685e+08,1,0,
23,1,3134482661393,3134935270751,10,6.66856,4,8.681e+08,1,0,
23,4,3134482661393,3134935270553,10,-15.8407,4,8.681e+08,1,0,
390,1,3558167376315,3558414162325,9,-7.98392,4,8.683e+08,1,0,
390,2,3558167376315,3558414161322,9,0,4,8.683e+08,0,1,
324,1,3100822273646,3101274883222,10,-10.5889,4,8.685e+08,0,1,
324,3,3100822273646,3101274884238,10,1.14038,4,8.685e+08,1,0,
324,4,3100822273646,3101274882863,10,-10.5889,4,8.685e+08,1,0,
159,2,3559951483134,3560085115778,8,-2.13838,4,8.683e+08,1,0,
159,3,3559951483134,3560085116275,8,-3.94121,4,8.683e+08,1,0,
116,4,3554285699971,3554357636303,7,1.98287,2,8.683e+08,1,0,
345,1,3218632021349,3219619158539,11,-12.0978,2,8.683e+08,1,0,
345,2,3218632021349,3219619159485,11,-9.5352,2,8.683e+08,1,0,
345,3,3218632021349,3219619159577,11,-10.109,2,8.683e+08,1,0,
345,4,3218632021349,3219619158355,11,-3.92238,2,8.683e+08,1,0,
256,2,2900251472823,2900323409173,7,20.3919,4,8.683e+08,1,0,
256,3,2900251472823,2900323410047,7,-8.84004,4,8.683e+08,1,0,
256,4,2900251472823,2900323409653,7,-7.38971,4,8.683e+08,1,0,
377,3,2918686641415,2919139250121,10,0,4,8.685e+08,0,1,
140,2,2464180162767,2464426947378,9,-8.04605,4,8.683e+08,1,0,
140,3,2464180162767,2464426948557,9,-8.28535,4,8.683e+08,1,0,
132,1,2468339347852,2468411284974,7,-3.51605,2,8.683e+08,1,0,
132,3,2468339347852,2468411284313,7,-1.70975,2,8.683e+08,1,0,
132,4,2468339347852,2468411285125,7,-6.85487,2,8.683e+08,1,0,
344,2,2469379943448,2469513576140,8,-0.504363,4,8.685e+08,1,0,
344,4,2469379943448,2469513576376,8,-6.7135,4,8.685e+08,1,0,
383,1,2472917977107,2472989913553,7,-2.05379,4,8.683e+08,1,0,
383,3,2472917977107,2472989914297,7,-8.561,4,8.683e+08,1,0,
159,2,2464794966323,2464928598967,8,9.97379,4,8.685e+08,1,0,
15,3,2466625308403,2466697245080,7,-4.18912,4,8.683e+08,1,0,
15,4,2466625308403,2466697245745,7,5.44703,4,8.683e+08,1,0,
223,1,2608168834252,2609979267815,12,-20.7157,4,8.683e+08,1,0,
223,3,2608168834252,2609979268963,12,-19.0702,4,8.683e+08,1,0,
223,4,2608168834252,2609979267902,12,-15.3764,4,8.683e+08,1,0,
182,1,2478646331908,2478718268785,7,0.447816,2,8.685e+08,0,1,
182,2,2478646331908,2478718268945,7,16.2038,2,8.685e+08,1,0,
182,3,2478646331908,2478718268286,7,0.447816,2,8.685e+08,1,0,
221,2,2477441628214,2478428766281,11,0.355134,4,8.685e+08,1,0,
221,4,2477441628214,2478428765103,11,-7.23894,4,8.685e+08,1,0,
9,3,2473049754165,2473121692191,7,-9.00043,4,8.683e+08,1,0,
9,4,2473049754165,2473121690805,7,4.35581,4,8.683e+08,1,0,
290,2,2472279794220,2472526579076,9,8.7894,4,8.683e+08,1,0,
30,1,2476531476014,2476778261887,9,-12.7897,4,8.681e+08,1,0,
30,3,2476531476014,2476778262202,9,-12.6095,4,8.681e+08,1,0,
30,4,2476531476014,2476778260709,9,-4.05861,4,8.681e+08,1,0,
25,2,2483978591566,2484050527834,7,2.30743,4,8.685e+08,1,0,
255,1,2481641418921,2482094028494,10,-12.6057,4,8.683e+08,1,0,
255,2,2481641418921,2482094028786,10,-4.0318,4,8.683e+08,1,0,
255,4,2481641418921,2482094027633,10,-14.9161,4,8.683e+08,1,0,
78,3,2475542041372,2475788827279,9,4.13358,2,8.683e+08,1,0,
78,4,2475542041372,2475788825964,9,0,2,8.683e+08,0,1,
370,1,2474280935718,2476091369292,12,-7.2702,4,8.683e+08,1,0,
370,3,2474280935718,2476091370441,12,-19.9966,4,8.683e+08,1,0,
370,4,2474280935718,2476091369386,12,-7.2702,4,8.683e+08,0,1,
324,4,2484525003164,2484977612381,10,-6.50163,4,8.685e+08,1,0,
128,3,2477680654212,2477814287010,8,-8.09129,4,8.685e+08,1,0,
173,1,2478487663031,2478940273476,10,-0.825256,4,8.683e+08,0,1,
173,2,2478487663031,2478940272355,10,4.27496,4,8.683e+08,1,0,
173,4,2478487663031,2478940272364,10,-0.825256,4,8.683e+08,1,0,
393,1,2476719228184,2476791164712,7,11.1684,2,8.685e+08,1,0,
393,2,2476719228184,2476791165327,7,-9.27948,2,8.685e+08,1,0,
393,4,2476719228184,2476791165035,7,-7.06395,2,8.685e+08,1,0,
299,1,2491106709874,2491240343988,8,-7.63655,4,8.683e+08,1,0,
299,2,2491106709874,2491240342416,8,-7.39542,4,8.683e+08,1,0,
251,3,2477980348911,2478052285954,7,-6.08789,4,8.685e+08,1,0,
280,4,2487053467577,2487300252525,9,0,4,8.683e+08,0,1,
114,3,2486203867753,2486337500236,8,5.44755,4,8.683e+08,1,0,
246,2,2484771386038,2485018170664,9,10.7755,4,8.683e+08,1,0,
246,3,2484771386038,2485018171840,9,2.32494,4,8.683e+08,1,0,
50,2,2489092232921,2489164169476,7,-2.29695,4,8.683e+08,1,0,
353,3,2579004912985,2579251697914,9,-12.996,4,8.685e+08,1,0,
318,1,2493329479699,2493401417641,7,0,4,8.681e+08,0,1,
318,2,2493329479699,2493401416021,7,0,4,8.681e+08,0,1,
182,1,2491945084994,2492017021871,7,-9.36714,2,8.683e+08,1,0,
323,1,2491925430182,2492059062709,8,-6.05646,4,8.683e+08,1,0,
323,3,2491925430182,2492059062861,8,32.7886,4,8.683e+08,1,0,
323,4,2491925430182,2492059063584,8,6.25087,4,8.683e+08,1,0,
156,2,2496458084339,2496910694003,10,-12.68,4,8.681e+08,1,0,
156,4,2496458084339,2496910693368,10,-4.15044,4,8.681e+08,1,0,
211,1,2490093881806,2490227514478,8,-4.4702,4,8.685e+08,1,0,
211,2,2490093881806,2490227515025,8,-4.4702,4,8.685e+08,0,1,
211,4,2490093881806,2490227514323,8,3.32531,4,8.685e+08,1,0,
70,4,2517880424741,2518867562074,11,-8.32132,2,8.683e+08,1,0,
404,1,2497598134917,2497670072374,7,-3.59116,2,8.685e+08,1,0,
404,2,2497598134917,2497670071257,7,-0.0944511,2,8.685e+08,1,0,
42,2,2494902168490,2494974104842,7,1.23616,4,8.683e+08,1,0,
42,4,2494902168490,2494974105801,7,9.58253,4,8.683e+08,1,0,
25,3,2504182666631,2504254603574,7,-4.59187,4,8.683e+08,1,0,
393,3,2507015615313,2507087552240,7,1.23331,2,8.683e+08,1,0,
263,4,2506755445732,2507208055019,10,-9.91763,4,8.683e+08,1,0,
177,3,2497148382457,2497220319780,7,-6.82465,4,8.685e+08,1,0,
135,1,2496785446644,2497772583483,11,-14.1762,4,8.681e+08,1,0,
135,2,2496785446644,2497772584855,11,-17.2415,4,8.681e+08,1,0,
135,4,2496785446644,2497772583903,11,-10.8131,4,8.681e+08,1,0,
96,3,2500057052901,2500128989277,7,9.16579,4,8.683e+08,1,0,
96,4,2500057052901,2500128990943,7,9.16579,4,8.683e+08,0,1,
182,1,2499138685004,2499210621881,7,-2.17085,2,8.685e+08,1,0,
182,2,2499138685004,2499210622041,7,-4.20377,2,8.685e+08,1,0,
182,3,2499138685004,2499210621382,7,-2.53563,2,8.685e+08,1,0,
182,4,2499138685004,2499210622309,7,-4.20377,2,8.685e+08,0,1,
274,4,2501027340035,2502837773345,12,-2.39534,2,8.683e+08,1,0,
206,1,2499844867211,2499978499897,8,-5.15063,4,8.685e+08,1,0,
206,2,2499844867211,2499978501482,8,-4.75658,4,8.685e+08,1,0,
206,3,2499844867211,2499978500687,8,-2.72998,4,8.685e+08,1,0,
373,3,2501953436204,2502200221166,9,-12.6694,4,8.681e+08,1,0,
340,3,2501493759587,2501565697147,7,5.132,4,8.683e+08,1,0,
340,4,2501493759587,2501565696959,7,-8.67821,4,8.683e+08,1,0,
208,1,2507635411745,2509445846184,12,-20.6748,4,8.681e+08,1,0,
208,2,2507635411745,2509445845238,12,0,4,8.681e+08,0,1,
208,3,2507635411745,2509445845027,12,0,4,8.681e+08,0,1,
167,1,2504353576380,2504425513690,7,-3.94163,4,8.683e+08,1,0,
375,2,2507000929184,2507072866250,7,-4.02537,4,8.681e+08,1,0,
94,2,2503220905274,2503673514185,10,-9.55954,4,8.683e+08,1,0,
94,3,2503220905274,2503673515365,10,-8.15016,4,8.683e+08,1,0,
295,3,2506030365857,2506163998409,8,0,4,8.683e+08,0,1,
295,4,2506030365857,2506163999243,8,-11.4757,4,8.683e+08,1,0,
237,1,2506817990131,2506889926525,7,0,4,8.685e+08,0,1,
165,1,2532771440725,2533018225518,9,28.4404,4,8.683e+08,1,0,
178,3,2507151579805,2507223516005,7,9.24257,4,8.683e+08,1,0,
192,2,2529406098423,2529858707361,10,-8.99492,4,8.683e+08,1,0,
192,3,2529406098423,2529858707668,10,-11.5341,4,8.683e+08,1,0,
241,1,2509803158414,2509875096046,7,-7.11084,4,8.683e+08,1,0,
241,4,2509803158414,2509875094878,7,-0.733962,4,8.683e+08,1,0,
13,2,2511757680184,2511891312841,8,-3.85551,2,8.685e+08,1,0,
163,2,2519743144049,2520195753394,10,-4.37739,4,8.685e+08,1,0,
163,3,2519743144049,2520195753326,10,-15.1452,4,8.685e+08,1,0,
397,1,2691317998406,2691451630821,8,0,2,8.683e+08,0,1,
397,3,2691317998406,2691451631617,8,2.25949,2,8.683e+08,1,0,
397,4,2691317998406,2691451631174,8,19.8669,2,8.683e+08,1,0,
37,2,2698336089273,2698469722237,8,-9.0701,2,8.683e+08,1,0,
37,3,2698336089273,2698469721821,8,24.3275,2,8.683e+08,1,0,
84,2,2728996906517,2729449515699,10,-5.47136,4,8.685e+08,1,0,
84,4,2728996906517,2729449515286,10,-5.09135,4,8.685e+08,1,0,
264,2,2696098893582,2696232526062,8,-5.32168,4,8.681e+08,1,0,
25,1,2689330558447,2689402495867,7,-6.59895,4,8.681e+08,1,0,
25,2,2689330558447,2689402494715,7,0,4,8.681e+08,0,1,
25,4,2689330558447,2689402495541,7,-6.86337,4,8.681e+08,1,0,
59,2,2693263699474,2693510484227,9,-5.37761,4,8.681e+08,1,0,
59,3,2693263699474,2693510485192,9,-5.37761,4,8.681e+08,0,1,
59,4,2693263699474,2693510484170,9,-3.83708,4,8.681e+08,1,0,
43,2,2689648686898,2689720623293,7,0,4,8.685e+08,0,1,
43,3,2689648686898,2689720623946,7,13.2355,4,8.685e+08,1,0,
70,1,2715307624761,2716294763078,11,-18.5249,4,8.681e+08,1,0,
70,2,2715307624761,2716294761720,11,-18.7569,4,8.681e+08,1,0,
68,1,3343610123768,3344062733724,10,-13.5378,4,8.683e+08,1,0,
68,2,3343610123768,3344062732978,10,-9.12521,4,8.683e+08,1,0,
68,3,3343610123768,3344062732566,10,-16.7469,4,8.683e+08,1,0,
345,1,3119918421339,3120905558529,11,-9.21674,2,8.683e+08,1,0,
345,2,3119918421339,3120905559475,11,-19.2157,2,8.683e+08,1,0,
345,4,3119918421339,3120905558345,11,1.68347,2,8.683e+08,1,0,
178,3,3148610517722,3148682453922,7,35.9434,4,8.683e+08,1,0,
404,2,2701655150922,2701727087262,7,-1.6425,2,8.683e+08,1,0,
394,2,2700946023594,2701192808490,9,-12.6322,4,8.683e+08,1,0,
394,3,2700946023594,2701192808746,9,1.5898,4,8.683e+08,1,0,
132,4,2692949957714,2693021894987,7,-2.45743,4,8.681e+08,1,0,
217,2,2691608831003,2693419264220,12,-18.9505,4,8.685e+08,1,0,
149,1,3159217514147,3161027947577,12,-16.4351,4,8.681e+08,1,0,
149,3,3159217514147,3161027948676,12,-16.4351,4,8.681e+08,0,1,
149,4,3159217514147,3161027947496,12,-13.4766,4,8.681e+08,1,0,
94,1,3416189841984,3416642452385,10,7.87619,4,8.683e+08,1,0,
94,3,3416189841984,3416642452075,10,-16.9171,4,8.683e+08,1,0,
94,4,3416189841984,3416642451475,10,-3.34499,4,8.683e+08,1,0,
96,3,3414527285657,3414599222033,7,19.2449,4,8.685e+08,1,0,
353,1,3436913682272,3437160468158,9,-7.55318,4,8.683e+08,1,0,
353,2,3436913682272,3437160466975,9,6.94434,4,8.683e+08,1,0,
144,1,3103593259348,3104580396708,11,0,4,8.683e+08,0,1,
144,2,3103593259348,3104580397987,11,-6.76417,4,8.683e+08,1,0,
144,4,3103593259348,3104580396917,11,-12.4647,4,8.683e+08,1,0,
88,1,3374513000400,3374584937467,7,-5.59997,4,8.683e+08,1,0,
88,2,3374513000400,3374584937363,7,-0.827697,4,8.683e+08,1,0,
54,3,2693323607424,2693457239969,8,0,4,8.683e+08,0,1,
129,3,2852457518654,2854267952313,12,0,4,8.683e+08,0,1,
341,1,2701722076408,2701855709361,8,2.25556,4,8.683e+08,1,0,
132,1,2700143557724,2700215494846,7,-4.9668,2,8.683e+08,1,0,
132,3,2700143557724,2700215494185,7,5.60667,2,8.683e+08,1,0,
132,4,2700143557724,2700215494997,7,0.020646,2,8.683e+08,1,0,
259,2,2887059764615,2888870198951,12,0,4,8.685e+08,0,1,
259,3,2887059764615,2888870199164,12,0,4,8.685e+08,0,1,
117,4,3352485079501,3352557015949,7,3.72711,4,8.683e+08,1,0,
10,3,3427485033227,3427937642079,10,4.80736,4,8.685e+08,1,0,
300,1,3102046924577,3102293709298,9,-4.1362,4,8.683e+08,1,0,
300,2,3102046924577,3102293710577,9,-7.49899,4,8.683e+08,0,1,
300,3,3102046924577,3102293710424,9,-7.49899,4,8.683e+08,1,0,
300,4,3102046924577,3102293709630,9,-1.29205,4,8.683e+08,1,0,
116,4,3398669167152,3398741103484,7,14.6037,2,8.683e+08,1,0,
5,3,2701612860862,2701746493337,8,-4.71727,4,8.683e+08,1,0,
267,1,2700580894693,2700652830897,7,-1.47775,4,8.685e+08,1,0,
331,2,2704289749087,2704536533689,9,-0.607818,4,8.683e+08,1,0,
331,3,2704289749087,2704536534429,9,-0.607818,4,8.683e+08,0,1,
331,4,2704289749087,2704536534868,9,-10.4944,4,8.683e+08,1,0,
142,1,2714533333605,2714605270095,7,7.52584,4,8.681e+08,1,0,
197,1,2754291645455,2756102078954,12,-14.795,4,8.683e+08,0,1,
197,2,2754291645455,2756102080005,12,-15.0562,4,8.683e+08,1,0,
197,3,2754291645455,2756102080056,12,-4.66606,4,8.683e+08,1,0,
197,4,2754291645455,2756102078864,12,-14.795,4,8.683e+08,1,0,
149,2,2907882919813,2909693354298,12,0,4,8.683e+08,0,1,
290,1,2815403082669,2815649868840,9,-13.9067,4,8.681e+08,1,0,
290,3,2815403082669,2815649868674,9,-9.60976,4,8.681e+08,1,0,
290,4,2815403082669,2815649867864,9,7.36158,4,8.681e+08,1,0,
335,2,3304276220841,3304348157208,7,1.91393,4,8.683e+08,1,0,
335,3,3304276220841,3304348158336,7,-8.48148,4,8.683e+08,1,0,
265,1,2949854029877,2949925966222,7,4.65987,4,8.681e+08,1,0,
80,1,2948120308586,2948192244693,7,11.1957,4,8.683e+08,1,0,
80,3,2948120308586,2948192245730,7,2.03716,4,8.683e+08,1,0,
241,3,2943287714860,2943359652941,7,8.04498,4,8.685e+08,1,0,
241,4,2943287714860,2943359651324,7,-9.09769,4,8.685e+08,1,0,
90,2,2949190907026,2949643516055,10,-16.7451,4,8.685e+08,1,0,
261,4,3326081184679,3326153122381,7,-2.2469,2,8.683e+08,1,0,
39,2,2709273261946,2709345198137,7,20.2866,4,8.681e+08,1,0,
39,3,2709273261946,2709345199064,7,-7.73631,4,8.681e+08,1,0,
100,4,2709995438293,2710242223603,9,-3.81639,4,8.683e+08,1,0,
80,1,2710774108635,2710846044742,7,6.63733,4,8.683e+08,1,0,
32,3,2711037221592,2711109158829,7,-8.75171,4,8.683e+08,1,0,
6,3,2711573910559,2712561047704,11,-13.6275,4,8.685e+08,1,0,
118,2,2712916563547,2712988499815,7,1.62283,2,8.685e+08,1,0,
118,4,2712916563547,2712988500506,7,-3.27498,2,8.685e+08,1,0,
9,4,2713015779769,2713087716409,7,-2.64285,4,8.683e+08,1,0,
336,3,2719269673162,2719403305712,8,13.0332,4,8.683e+08,1,0,
336,4,2719269673162,2719403306425,8,-11.3655,4,8.683e+08,1,0,
381,1,2716020392030,2716092328736,7,4.8363,4,8.685e+08,1,0,
381,3,2716020392030,2716092328643,7,-8.28966,4,8.685e+08,1,0,
110,2,2719937451133,2720009387356,7,-6.45012,4,8.683e+08,1,0,
110,3,2719937451133,2720009388507,7,-4.35243,4,8.683e+08,1,0,
110,4,2719937451133,2720009388444,7,0.169877,4,8.683e+08,1,0,
204,2,3491838267576,3491971900528,8,-11.2822,4,8.683e+08,1,0,
204,3,3491838267576,3491971900051,8,6.0595,4,8.683e+08,1,0,
59,2,3397269241251,3397516026004,9,-4.41519,4,8.685e+08,1,0,
59,4,3397269241251,3397516025947,9,-0.337264,4,8.685e+08,1,0,
287,2,2928856667617,2928928604221,7,-5.15257,4,8.681e+08,1,0,
287,3,2928856667617,2928928604406,7,6.92144,4,8.681e+08,1,0,
368,2,3025614046185,3026601184249,11,-12.4891,4,8.683e+08,1,0,
36,3,2929759381876,2929893014761,8,-5.72452,4,8.685e+08,0,1,
36,4,2929759381876,2929893014682,8,-5.72452,4,8.685e+08,1,0,
61,1,2943095479211,2943229111792,8,9.80733,4,8.683e+08,1,0,
61,3,2943095479211,2943229112188,8,-10.6484,4,8.683e+08,1,0,
45,1,3194509503055,3194643136149,8,-10.8839,4,8.683e+08,1,0,
45,2,3194509503055,3194643135872,8,-4.64026,4,8.683e+08,1,0,
45,3,3194509503055,3194643135461,8,-11.8715,4,8.683e+08,1,0,
45,4,3194509503055,3194643136358,8,-3.31651,4,8.683e+08,1,0,
279,1,3140960122345,3141032059022,7,0.783936,4,8.685e+08,1,0,
279,3,3140960122345,3141032059004,7,-9.30431,4,8.685e+08,1,0,
279,4,3140960122345,3141032059398,7,19.4358,4,8.685e+08,1,0,
371,1,3309768587891,3309902220613,8,-1.75433,4,8.683e+08,1,0,
333,2,3408060693343,3409871128181,12,-22.1064,4,8.683e+08,1,0,
333,3,3408060693343,3409871127064,12,-17.0256,4,8.683e+08,1,0,
150,3,3428989765603,3429061703664,7,-5.21864,4,8.683e+08,1,0,
384,1,3336774935721,3338585369288,12,-14.9051,2,8.683e+08,0,1,
384,4,3336774935721,3338585368925,12,-14.9051,2,8.683e+08,1,0,
129,1,3131403600337,3133214033779,12,-14.6388,4,8.685e+08,1,0,
129,2,3131403600337,3133214035070,12,-19.2947,4,8.685e+08,1,0,
375,2,3483378152053,3483450089119,7,7.9622,4,8.683e+08,1,0,
273,1,2718022467628,2718094403971,7,-0.315948,4,8.681e+08,1,0,
219,3,2740581170004,2741033779322,10,0,4,8.683e+08,0,1,
219,4,2740581170004,2741033779879,10,-10.7124,4,8.683e+08,1,0,
230,2,2728921531774,2728993467805,7,24.9672,4,8.683e+08,1,0,
134,1,2729750481025,2729822417215,7,34.2441,2,8.685e+08,1,0,
49,4,2737361823742,2737608608312,9,-9.86703,4,8.683e+08,1,0,
12,2,2721370568953,2721823178175,10,1.71161,4,8.683e+08,1,0,
12,3,2721370568953,2721823179105,10,-0.618514,4,8.683e+08,1,0,
69,4,2733311791938,2733558577218,9,3.25458,2,8.683e+08,1,0,
292,4,2720533035258,2720985645535,10,-14.6777,2,8.683e+08,1,0,
87,1,2822438499700,2822891109316,10,-13.9476,4,8.681e+08,1,0,
313,2,2749366338652,2750353477474,11,-6.48666,4,8.683e+08,1,0,
313,4,2749366338652,2750353476356,11,-17.7648,4,8.683e+08,1,0,
268,4,2731128895163,2731200831443,7,-7.20933,2,8.685e+08,1,0,
136,1,2730075494854,2730322281024,9,-8.37833,2,8.685e+08,1,0,
136,4,2730075494854,2730322280037,9,-5.8976,2,8.685e+08,1,0,
293,2,2734992770783,2735064707476,7,-4.80904,4,8.683e+08,1,0,
71,2,2734328287870,2734461920462,8,-9.5265,4,8.685e+08,1,0,
6,1,2810287510569,2811274648116,11,0,4,8.683e+08,0,1,
6,3,2810287510569,2811274647714,11,0,4,8.683e+08,0,1,
6,4,2810287510569,2811274649112,11,-9.66708,4,8.683e+08,1,0,
64,2,3569266467262,3569400099900,8,20.0209,4,8.683e+08,1,0,
64,3,3569266467262,3569400100165,8,5.71542,4,8.683e+08,1,0,
64,4,3569266467262,3569400100074,8,5.85044,4,8.683e+08,1,0,
63,1,3307118730656,3307365515471,9,-3.83182,4,8.683e+08,1,0,
170,2,3113869879561,3114116664222,9,-9.40094,4,8.681e+08,1,0,
92,1,3566583923398,3566655859790,7,-3.48767,2,8.683e+08,1,0,
56,1,3245538592426,3246525729625,11,-2.14551,4,8.683e+08,1,0,
56,2,3245538592426,3246525730892,11,-12.5059,4,8.683e+08,1,0,
402,1,3326836519268,3326970151803,8,-8.76211,4,8.683e+08,1,0,
402,4,3326836519268,3326970152971,8,-8.48238,4,8.683e+08,1,0,
119,4,2737475556770,2737547493239,7,-2.80957,4,8.683e+08,1,0,
88,2,2737448039619,2737519976582,7,17.9816,4,8.683e+08,0,1,
88,3,2737448039619,2737519975884,7,17.9816,4,8.683e+08,1,0,
252,1,2736454324746,2736906934061,10,-4.99325,4,8.681e+08,1,0,
54,1,3194223921135,3194357554011,8,-8.01468,4,8.685e+08,1,0,
54,4,3194223921135,3194357554258,8,-6.61136,4,8.685e+08,1,0,
231,1,3308407840404,3310218274088,12,-15.1361,2,8.683e+08,1,0,
231,2,3308407840404,3310218274946,12,-20.388,2,8.683e+08,1,0,
231,3,3308407840404,3310218275129,12,-20.388,2,8.683e+08,0,1,
54,1,2942832885160,2942966518036,8,1.47104,4,8.683e+08,1,0,
54,3,2942832885160,2942966517705,8,-6.86865,4,8.683e+08,1,0,
101,1,2961296334298,2962283471229,11,-6.5311,2,8.685e+08,1,0,
101,3,2961296334298,2962283471951,11,-16.6127,2,8.685e+08,1,0,
101,4,2961296334298,2962283472396,11,-18.2316,2,8.685e+08,1,0,
5,3,2942534726571,2942668359046,8,21.3588,4,8.683e+08,1,0,
27,2,2750437765584,2750571398283,8,0.195649,2,8.685e+08,1,0,
27,3,2750437765584,2750571399424,8,-4.25955,2,8.685e+08,1,0,
27,4,2750437765584,2750571398684,8,-4.86143,2,8.685e+08,1,0,
210,1,2757090977270,2757162914139,7,-5.52229,4,8.683e+08,1,0,
210,2,2757090977270,2757162914467,7,-1.44546,4,8.683e+08,1,0,
210,4,2757090977270,2757162913582,7,0,4,8.683e+08,0,1,
137,1,2737784015784,2738236625384,10,10.0953,4,8.681e+08,1,0,
137,3,2737784015784,2738236624777,10,-6.85538,4,8.681e+08,1,0,
137,4,2737784015784,2738236626291,10,3.1606,4,8.681e+08,1,0,
389,3,2739716014333,2739962799313,9,0,4,8.681e+08,0,1,
193,2,2741719787343,2741853420211,8,-4.9612,4,8.683e+08,1,0,
193,3,2741719787343,2741853420216,8,3.38957,4,8.683e+08,1,0,
193,4,2741719787343,2741853420139,8,5.70686,4,8.683e+08,1,0,
339,1,2742432701894,2742679486667,9,4.66283,4,8.681e+08,1,0,
339,3,2742432701894,2742679487421,9,-12.4843,4,8.681e+08,1,0,
60,4,2742230367264,2742682976111,10,-16.2364,2,8.685e+08,1,0,
253,1,2755342486680,2755476120877,8,3.39985,4,8.681e+08,1,0,
253,2,2755342486680,2755476119237,8,-4.82158,4,8.681e+08,1,0,
277,1,2763999077197,2764245861811,9,2.10117,4,8.683e+08,1,0,
128,1,2954419700890,2954553333687,8,1.62897,4,8.683e+08,1,0,
128,3,2954419700890,2954553333688,8,-5.84511,4,8.683e+08,1,0,
128,4,2954419700890,2954553333761,8,-10.6382,4,8.683e+08,1,0,
370,4,2967832769483,2969643203151,12,-18.04,4,8.681e+08,1,0,
355,2,2960821321954,2961808459112,11,-1.8746,4,8.683e+08,1,0,
102,1,2964265645111,2964337582776,7,-1.82194,2,8.685e+08,1,0,
102,3,2964265645111,2964337581639,7,-6.99434,2,8.685e+08,1,0,
115,3,2955188322045,2955260258114,7,1.5784,2,8.683e+08,1,0,
305,2,2960454663862,2960907272906,10,9.65287,4,8.681e+08,1,0,
305,3,2960454663862,2960907274059,10,-16.2909,4,8.681e+08,1,0,
305,4,2960454663862,2960907273174,10,-8.39061,4,8.681e+08,1,0,
247,1,2958260198703,2958712809263,10,-4.33975,2,8.683e+08,1,0,
247,2,2958260198703,2958712808092,10,-8.45813,2,8.683e+08,1,0,
247,4,2958260198703,2958712808158,10,-11.1057,2,8.683e+08,1,0,
5,3,3212204361434,3212337993909,8,-4.22064,4,8.681e+08,1,0,
91,3,2966180331459,2966632940502,10,-10.4051,4,8.685e+08,1,0,
360,2,2963265033481,2963398666619,8,-1.4053,4,8.683e+08,1,0,
360,3,2963265033481,2963398666256,8,-10.9247,4,8.683e+08,1,0,
360,4,2963265033481,2963398666478,8,-10.9247,4,8.683e+08,0,1,
88,3,2968860967602,2968932903867,7,0,4,8.681e+08,0,1,
88,4,2968860967602,2968932905014,7,2.26228,4,8.681e+08,1,0,
100,1,3318767897814,3319014682944,9,-6.33317,4,8.683e+08,1,0,
379,2,3312606658737,3313593796243,11,-13.9015,4,8.681e+08,1,0,
379,3,3312606658737,3313593795446,11,-12.0036,4,8.681e+08,1,0,
216,2,3363380340141,3363452276426,7,13.284,4,8.681e+08,1,0,
132,3,2965131058861,2965202995322,7,-2.63583,2,8.685e+08,1,0,
160,1,3181261996111,3181333932561,7,-2.92165,2,8.683e+08,1,0,
160,3,3181261996111,3181333933003,7,5.041,2,8.683e+08,1,0,
160,4,3181261996111,3181333933056,7,-1.34486,2,8.683e+08,1,0,
343,4,2973254758855,2973326695114,7,14.0637,4,8.683e+08,1,0,
65,3,3314784794560,3314918428125,8,-7.44989,4,8.683e+08,1,0,
65,4,3314784794560,3314918427088,8,-10.013,4,8.683e+08,1,0,
366,1,3122261919740,3123249057139,11,-7.6729,4,8.685e+08,1,0,
17,2,3033396134502,3035206568764,12,-17.1983,4,8.685e+08,1,0,
37,2,3124610057793,3124743690757,8,-3.29062,2,8.681e+08,1,0,
317,1,3104004928998,3104138561843,8,-6.44823,2,8.683e+08,1,0,
349,4,3124863366035,3124996999281,8,-10.9153,4,8.685e+08,1,0,
319,2,3125045819482,3126032956766,11,2.77309,4,8.683e+08,1,0,
319,3,3125045819482,3126032957941,11,-17.6593,4,8.683e+08,1,0,
11,3,2978572126295,2979024735368,10,-2.02188,4,8.683e+08,1,0,
216,1,3123039489765,3123111427714,7,8.80072,4,8.683e+08,1,0,
216,2,3123039489765,3123111426050,7,0.605821,4,8.683e+08,1,0,
216,4,3123039489765,3123111427131,7,-3.80023,4,8.683e+08,1,0,
220,1,3124106863005,3124178800016,7,-7.9107,4,8.681e+08,0,1,
220,3,3124106863005,3124178799582,7,-7.9107,4,8.681e+08,1,0,
239,1,3123721634719,3123855267722,8,-10.9913,4,8.685e+08,1,0,
131,2,3205277211091,3207087644756,12,0,2,8.683e+08,0,1,
131,3,3205277211091,3207087645899,12,0,2,8.683e+08,0,1,
190,1,3136896001066,3136967937542,7,0,4,8.685e+08,0,1,
102,3,3143845887799,3143917824327,7,-0.0919639,2,8.681e+08,1,0,
247,2,3355233890509,3355686499898,10,-10.4691,2,8.683e+08,1,0,
317,2,3372105631040,3372239263863,8,-1.34117,2,8.685e+08,1,0,
317,3,3372105631040,3372239263880,8,-3.2177,2,8.685e+08,1,0,
251,1,2975250216440,2975322152847,7,5.30194,4,8.685e+08,1,0,
251,3,2975250216440,2975322153483,7,-2.49565,4,8.685e+08,1,0,
251,4,2975250216440,2975322153988,7,4.42078,4,8.685e+08,1,0,
200,1,2975941845917,2976013782206,7,14.0086,4,8.683e+08,1,0,
222,1,3418521474379,3418593410556,7,9.79367,4,8.683e+08,1,0,
222,2,3418521474379,3418593412068,7,-5.33182,4,8.683e+08,1,0,
38,1,3415103323076,3415350107958,9,-10.8338,2,8.683e+08,1,0,
38,4,3415103323076,3415350107691,9,9.7691,2,8.683e+08,1,0,
210,2,2978244897612,2978316834809,7,5.69891,4,8.681e+08,1,0,
210,3,2978244897612,2978316835058,7,-3.25818,4,8.681e+08,1,0,
210,4,2978244897612,2978316833924,7,11.3923,4,8.681e+08,1,0,
330,1,3089997520206,3090069456338,7,14.4021,4,8.685e+08,1,0,
356,2,3413111868954,3413183806406,7,-7.08868,4,8.681e+08,1,0,
356,3,3413111868954,3413183805233,7,5.38487,4,8.681e+08,1,0,
356,4,3413111868954,3413183806865,7,-8.1857,4,8.681e+08,1,0,
12,4,3321079219764,3321531828534,10,-9.64693,4,8.685e+08,1,0,
397,1,3436243159991,3436376792406,8,7.79052,2,8.685e+08,1,0,
397,3,3436243159991,3436376793202,8,-9.64345,2,8.685e+08,1,0,
358,3,3328040576714,3328112513065,7,-1.77399,4,8.683e+08,1,0,
134,1,3325505915675,3325577851865,7,17.4503,4,8.681e+08,1,0,
16,1,3128735298949,3128982084905,9,6.99582,4,8.683e+08,1,0,
16,2,3128735298949,3128982084465,9,0.671494,4,8.683e+08,0,1,
16,3,3128735298949,3128982083732,9,0.671494,4,8.683e+08,1,0,
339,1,2982255925142,2982502709915,9,-5.96481,4,8.683e+08,1,0,
276,1,2980248483375,2980382115824,8,-0.432922,4,8.683e+08,1,0,
276,2,2980248483375,2980382116977,8,-11.2969,4,8.683e+08,0,1,
276,4,2980248483375,2980382116190,8,-11.2969,4,8.683e+08,1,0,
174,1,3535171834231,3536982269083,12,-13.8277,2,8.683e+08,0,1,
174,2,3535171834231,3536982267866,12,2.32658,2,8.683e+08,1,0,
174,3,3535171834231,3536982269020,12,-13.8277,2,8.683e+08,1,0,
174,4,3535171834231,3536982267972,12,-22.1885,2,8.683e+08,1,0,
352,3,3381899283037,3382886420260,11,1.87756,4,8.683e+08,1,0,
273,1,3428317674652,3428389610995,7,0.150102,4,8.683e+08,1,0,
139,1,3427133656881,3428944090551,12,-13.9653,4,8.683e+08,1,0,
139,2,3427133656881,3428944091433,12,-14.1957,4,8.683e+08,1,0,
139,3,3427133656881,3428944091600,12,-14.1957,4,8.683e+08,0,1,
139,4,3427133656881,3428944090261,12,-12.6647,4,8.683e+08,1,0,
39,2,3428373562790,3428445498981,7,3.88937,4,8.685e+08,1,0,
11,1,3427816374301,3428268983228,10,3.32275,4,8.685e+08,1,0,
11,2,3427816374301,3428268984407,10,-6.62367,4,8.685e+08,1,0,
195,2,2983804199290,2985614633683,12,-12.2472,4,8.681e+08,1,0,
195,3,2983804199290,2985614632515,12,-20.9716,4,8.681e+08,1,0,
382,1,2993041414991,2993113351955,7,-5.85423,2,8.683e+08,1,0,
382,2,2993041414991,2993113352201,7,-6.72563,2,8.683e+08,1,0,
319,3,2988502940684,2989490079143,11,-18.6387,4,8.685e+08,1,0,
319,4,2988502940684,2989490078322,11,-13.98,4,8.685e+08,1,0,
122,1,2986715076122,2987702213298,11,-11.2822,4,8.681e+08,1,0,
122,2,2986715076122,2987702214494,11,-16.5634,4,8.681e+08,0,1,
122,3,2986715076122,2987702213420,11,-8.53282,4,8.681e+08,1,0,
122,4,2986715076122,2987702214430,11,-16.5634,4,8.681e+08,1,0,
399,1,3023171044361,3024981477911,12,-5.22945,4,8.683e+08,1,0,
399,2,3023171044361,3024981479080,12,-22.3401,4,8.683e+08,1,0,
399,3,3023171044361,3024981479051,12,-8.55052,4,8.683e+08,1,0,
278,4,2988281793126,2988415425607,8,-3.48544,4,8.683e+08,1,0,
224,2,2987519278214,2987766063978,9,0,4,8.683e+08,0,1,
23,1,2989552863442,2990005472800,10,-0.0671378,4,8.683e+08,0,1,
23,3,2989552863442,2990005473855,10,-14.6544,4,8.683e+08,1,0,
23,4,2989552863442,2990005472602,10,-0.0671378,4,8.683e+08,1,0,
112,1,3005207532394,3007017967083,12,0,4,8.685e+08,0,1,
93,4,2988664012194,2988735949263,7,-7.43959,4,8.681e+08,1,0,
167,3,2997215172521,2997287108919,7,1.31662,4,8.683e+08,1,0,
362,2,2996617906599,2997605043442,11,-5.5805,4,8.683e+08,1,0,
362,3,2996617906599,2997605043790,11,-5.90897,4,8.683e+08,1,0,
144,1,3004879659338,3005866796698,11,4.13397,4,8.683e+08,1,0,
144,3,3004879659338,3005866797859,11,-7.03397,4,8.683e+08,1,0,
115,2,2992075761691,2992147698840,7,-0.389693,2,8.683e+08,1,0,
115,3,2992075761691,2992147697760,7,38.3758,2,8.683e+08,1,0,
101,1,3060009934308,3060997071239,11,-5.5126,2,8.683e+08,1,0,
101,4,3060009934308,3060997072406,11,-16.4619,2,8.683e+08,1,0,
16,1,2989530629756,2989777415712,9,-5.37389,4,8.685e+08,0,1,
16,3,2989530629756,2989777414539,9,-5.37389,4,8.685e+08,1,0,
16,4,2989530629756,2989777416104,9,-12.4782,4,8.685e+08,1,0,
224,4,3012197678224,3012444462814,9,-10.3569,4,8.685e+08,1,0,
22,3,2995897355331,2995969292591,7,-6.38898,4,8.685e+08,1,0,
22,4,2995897355331,2995969291867,7,0.229081,4,8.685e+08,1,0,
66,2,3011037571005,3011109507356,7,9.72095,4,8.685e+08,1,0,
192,1,3006172636173,3006625246417,10,-12.4008,4,8.681e+08,0,1,
192,2,3006172636173,3006625245111,10,-12.4008,4,8.681e+08,1,0,
186,2,2997794514240,2998041298769,9,0.874085,4,8.685e+08,1,0,
186,3,2997794514240,2998041299646,9,-1.43668,4,8.685e+08,0,1,
186,4,2997794514240,2998041298919,9,-1.43668,4,8.685e+08,1,0,
80,1,2997821128733,2997893064840,7,29.2211,4,8.685e+08,1,0,
80,2,2997821128733,2997893066446,7,-3.672,4,8.685e+08,1,0,
80,4,2997821128733,2997893066013,7,-9.3786,4,8.685e+08,1,0,
55,2,3012362585887,3012815194757,10,-9.20785,4,8.685e+08,1,0,
85,2,2999007248459,2999079184688,7,6.95231,4,8.685e+08,1,0,
80,1,3018679592404,3018751528511,7,17.8594,4,8.683e+08,1,0,
130,1,3027560000737,3027631937226,7,-6.25093,4,8.685e+08,1,0,
130,2,3027560000737,3027631938165,7,-6.25093,4,8.685e+08,0,1,
295,1,3005213698621,3005347331972,8,-1.91655,4,8.681e+08,1,0,
295,4,3005213698621,3005347332007,8,-3.64056,4,8.681e+08,1,0,
263,1,3011450231330,3011902841786,10,-15.8711,4,8.681e+08,1,0,
28,1,3029316958316,3029450592086,8,-7.10605,4,8.683e+08,1,0,
28,2,3029316958316,3029450591948,8,-9.80675,4,8.683e+08,1,0,
28,4,3029316958316,3029450592632,8,-11.0655,4,8.683e+08,1,0,
277,1,3015757681784,3016004466398,9,-11.0586,4,8.683e+08,1,0,
277,3,3015757681784,3016004467467,9,-12.2444,4,8.683e+08,1,0,
29,1,3014142357220,3015129495428,11,-14.5581,4,8.683e+08,1,0,
29,4,3014142357220,3015129494273,11,0,4,8.683e+08,0,1,
231,2,3017329738732,3019140173274,12,-22.3434,2,8.683e+08,1,0,
231,4,3017329738732,3019140172100,12,-22.0825,2,8.683e+08,1,0,
249,2,3015396071972,3015468008568,7,-0.601318,4,8.685e+08,1,0,
60,1,3016119867752,3016572477334,10,-5.55604,2,8.683e+08,0,1,
60,4,3016119867752,3016572476599,10,-5.55604,2,8.683e+08,1,0,
281,1,3019147297845,3020134436274,11,-7.01936,4,8.681e+08,1,0,
281,3,3019147297845,3020134436312,11,-7.01936,4,8.681e+08,0,1,
281,4,3019147297845,3020134435145,11,-9.70805,4,8.681e+08,1,0,
382,3,3028242935681,3028314873213,7,-3.18251,2,8.685e+08,1,0,
382,4,3028242935681,3028314871897,7,14.9841,2,8.685e+08,1,0,
133,2,3021749446145,3021821382398,7,13.9056,4,8.683e+08,1,0,
133,3,3021749446145,3021821383171,7,5.72381,4,8.683e+08,1,0,
314,1,3032639119450,3032711055923,7,-3.201,4,8.685e+08,1,0,
314,3,3032639119450,3032711056981,7,-1.53567,4,8.685e+08,1,0,
16,2,3027489104458,3027735889974,9,-4.45611,4,8.683e+08,0,1,
16,3,3027489104458,3027735889241,9,-4.45611,4,8.683e+08,1,0,
299,2,3026931612461,3027065245003,8,0,4,8.685e+08,0,1,
44,1,3214024717270,3215835150616,12,-20.8918,4,8.685e+08,1,0,
44,2,3214024717270,3215835151949,12,-20.3282,4,8.685e+08,1,0,
44,3,3214024717270,3215835151786,12,-19.2911,4,8.685e+08,0,1,
44,4,3214024717270,3215835150901,12,-19.2911,4,8.685e+08,1,0,
175,1,3036848913609,3036982546445,8,0,4,8.681e+08,0,1,
175,2,3036848913609,3036982546489,8,6.33895,4,8.681e+08,1,0,
175,4,3036848913609,3036982546644,8,-11.6191,4,8.681e+08,1,0,
398,1,3031126261428,3031373046230,9,-7.80928,2,8.681e+08,1,0,
398,2,3031126261428,3031373047672,9,-10.2274,2,8.681e+08,1,0,
254,1,3036191416336,3036644025451,10,-11.9124,4,8.685e+08,1,0,
254,3,3036191416336,3036644026447,10,2.61827,4,8.685e+08,1,0,
254,4,3036191416336,3036644025196,10,-3.34389,4,8.685e+08,1,0,
44,1,3032981517260,3034791950606,12,-11.2429,4,8.683e+08,1,0,
44,2,3032981517260,3034791951939,12,-12.5499,4,8.683e+08,1,0,
76,2,3042330768102,3042402705252,7,-8.91464,2,8.685e+08,1,0,
76,3,3042330768102,3042402705467,7,-1.85313,2,8.685e+08,1,0,
295,1,3050595390149,3050729023500,8,4.55383,4,8.683e+08,1,0,
399,1,3204214244371,3206024677921,12,-6.30261,4,8.685e+08,1,0,
399,4,3204214244371,3206024677971,12,-7.09598,4,8.685e+08,1,0,
53,4,3036742933040,3036876565794,8,-7.79503,2,8.683e+08,1,0,
177,4,3036254760675,3036326697029,7,-6.47293,4,8.683e+08,1,0,
159,3,3038056873959,3038190507100,8,-7.79114,4,8.681e+08,1,0,
175,1,3050212113619,3050345746455,8,2.28023,4,8.683e+08,1,0,
175,3,3050212113619,3050345746252,8,-4.44429,4,8.683e+08,1,0,
175,4,3050212113619,3050345746654,8,-10.433,4,8.683e+08,1,0,
155,1,3048930370668,3049064003325,8,-0.580535,4,8.683e+08,1,0,
155,4,3048930370668,3049064003221,8,-3.91988,4,8.683e+08,1,0,
150,1,3042062236777,3042134173690,7,-2.7336,4,8.685e+08,1,0,
150,4,3042062236777,3042134173998,7,-2.05868,4,8.685e+08,1,0,
24,2,3039138468184,3040125605342,11,0,2,8.685e+08,0,1,
24,3,3039138468184,3040125606513,11,0,2,8.685e+08,0,1,
76,1,3049524368112,3049596304937,7,-7.50905,2,8.683e+08,1,0,
76,2,3049524368112,3049596305262,7,-6.52129,2,8.683e+08,1,0,
76,3,3049524368112,3049596305477,7,-6.18648,2,8.683e+08,1,0,
76,4,3049524368112,3049596304482,7,-5.53163,2,8.683e+08,1,0,
323,1,3042744397159,3042878029686,8,-1.36533,4,8.683e+08,1,0,
323,4,3042744397159,3042878030561,8,-5.16554,4,8.683e+08,1,0,
36,2,3040513454349,3040647087045,8,-0.411163,4,8.683e+08,1,0,
168,4,3047036612797,3047170245402,8,-11.0349,4,8.685e+08,1,0,
250,2,3044169990549,3044241927141,7,9.31366,4,8.685e+08,1,0,
250,3,3044169990549,3044241927137,7,3.17159,4,8.685e+08,1,0,
187,1,3051388223504,3053198656868,12,0,2,8.683e+08,0,1,
187,2,3051388223504,3053198658159,12,-21.8466,2,8.683e+08,1,0,
187,4,3051388223504,3053198657093,12,-11.8927,2,8.683e+08,1,0,
261,2,3043728106569,3043800043092,7,16.6148,2,8.685e+08,1,0,
183,3,3048629553163,3049616690903,11,-14.8,4,8.681e+08,1,0,
183,4,3048629553163,3049616691900,11,-4.16186,4,8.681e+08,1,0,
16,2,3076845904478,3077092689994,9,-12.772,4,8.683e+08,1,0,
16,3,3076845904478,3077092689261,9,-11.9131,4,8.683e+08,1,0,
400,2,3047813596464,3047885532725,7,0.845277,4,8.681e+08,1,0,
46,3,3064567786075,3064701418623,8,16.8563,2,8.683e+08,1,0,
56,1,3048111392406,3049098529605,11,7.67592,4,8.683e+08,1,0,
56,4,3048111392406,3049098529816,11,-15.1606,4,8.683e+08,1,0,
280,2,3052681956836,3052928742949,9,-11.2224,4,8.685e+08,1,0,
280,3,3052681956836,3052928743362,9,-10.3732,4,8.685e+08,1,0,
280,4,3052681956836,3052928741784,9,-3.84225,4,8.685e+08,1,0,
211,1,3054729099747,3054862732419,8,-1.66577,4,8.683e+08,1,0,
211,2,3054729099747,3054862732966,8,5.07279,4,8.683e+08,1,0,
106,2,3051354553406,3051426489727,7,14.0128,2,8.683e+08,1,0,
106,3,3051354553406,3051426490870,7,0.577134,2,8.683e+08,1,0,
31,1,3052947185353,3053934322738,11,-5.28215,4,8.683e+08,1,0,
31,2,3052947185353,3053934323373,11,-11.3057,4,8.683e+08,1,0,
31,4,3052947185353,3053934322196,11,0,4,8.683e+08,0,1,
391,3,3054480362724,3054552298861,7,13.983,4,8.685e+08,1,0,
130,3,3063541274397,3063613211095,7,-0.69786,4,8.683e+08,1,0,
130,4,3063541274397,3063613211735,7,-7.61407,4,8.683e+08,1,0,
181,1,3058129996385,3058201933265,7,14.5704,2,8.685e+08,1,0,
181,4,3058129996385,3058201932750,7,-5.25763,2,8.685e+08,1,0,
79,2,3054484521446,3054618154174,8,-10.6487,2,8.683e+08,1,0,
79,4,3054484521446,3054618153898,8,-9.82538,2,8.683e+08,1,0,
28,1,3056529824323,3056663458093,8,-0.507629,4,8.683e+08,1,0,
28,3,3056529824323,3056663456982,8,-3.14493,4,8.683e+08,1,0,
28,4,3056529824323,3056663458639,8,-7.22955,4,8.683e+08,1,0,
375,3,3058893645386,3058965581518,7,0,4,8.683e+08,0,1,
373,3,3058355600491,3058602385453,9,10.1153,4,8.683e+08,1,0,
205,1,3065159708385,3065231644484,7,25.107,4,8.681e+08,1,0,
205,2,3065159708385,3065231646083,7,-5.82208,4,8.681e+08,1,0,
205,3,3065159708385,3065231645520,7,-8.69646,4,8.681e+08,1,0,
205,4,3065159708385,3065231645652,7,-6.00407,4,8.681e+08,1,0,
268,4,3063929456625,3064001392905,7,8.32885,2,8.683e+08,1,0,
274,1,3074198803495,3076009236962,12,-15.9824,2,8.685e+08,1,0,
274,3,3074198803495,3076009238041,12,-19.0376,2,8.685e+08,1,0,
234,1,3071900292039,3072887430624,11,-13.3892,2,8.683e+08,1,0,
234,3,3071900292039,3072887429559,11,0,2,8.683e+08,0,1,
20,2,3066749292094,3066996077394,9,-7.31837,4,8.683e+08,1,0,
20,3,3066749292094,3066996077238,9,-12.574,4,8.683e+08,1,0,
20,4,3066749292094,3066996078457,9,-7.31837,4,8.683e+08,0,1,
269,2,3106895628142,3107882765281,11,0.143693,4,8.685e+08,1,0,
151,3,3070250099710,3070383732254,8,0.860505,4,8.681e+08,1,0,
396,1,3070712908663,3070846541403,8,-2.44383,2,8.683e+08,1,0,
260,2,3087273244467,3087725853928,10,4.26959,4,8.683e+08,1,0,
260,4,3087273244467,3087725853657,10,-6.75085,4,8.683e+08,1,0,
175,1,3081159233825,3081292866661,8,-4.77373,4,8.685e+08,1,0,
175,2,3081159233825,3081292866705,8,-0.63121,4,8.685e+08,1,0,
175,3,3081159233825,3081292866458,8,4.30981,4,8.685e+08,1,0,
175,4,3081159233825,3081292866860,8,-8.38534,4,8.685e+08,1,0,
235,1,3081355807663,3081427745485,7,-4.91698,4,8.683e+08,1,0,
12,3,3080893779757,3081346389909,10,-16.1869,4,8.681e+08,1,0,
12,4,3080893779757,3081346388527,10,-9.08896,4,8.681e+08,1,0,
132,3,3084781775222,3084853711683,7,2.23926,2,8.681e+08,1,0,
155,1,3086776153188,3086909785845,8,-8.89848,4,8.685e+08,1,0,
155,3,3086776153188,3086909786415,8,-5.03477,4,8.685e+08,1,0,
155,4,3086776153188,3086909785741,8,-7.87916,4,8.685e+08,1,0,
280,1,3081629317302,3081876102980,9,-12.587,4,8.683e+08,1,0,
280,4,3081629317302,3081876102250,9,3.62876,4,8.683e+08,1,0,
301,2,3081845549391,3082092334724,9,-3.7878,4,8.681e+08,1,0,
301,4,3081845549391,3082092334667,9,-13.4998,4,8.681e+08,1,0,
377,3,3093917565508,3094370174214,10,-16.9293,4,8.683e+08,1,0,
15,2,3088650696997,3088722633506,7,-2.12129,4,8.683e+08,1,0,
279,1,3086705374099,3086777310776,7,-7.52837,4,8.683e+08,1,0,
279,2,3086705374099,3086777311141,7,8.52544,4,8.683e+08,1,0,
279,3,3086705374099,3086777310758,7,1.54108,4,8.683e+08,1,0,
304,1,3085335547654,3085407484653,7,-7.91519,4,8.683e+08,1,0,
304,3,3085335547654,3085407485163,7,-3.3482,4,8.683e+08,1,0,
304,4,3085335547654,3085407483842,7,28.9025,4,8.683e+08,1,0,
226,1,3097906439976,3097978376203,7,8.78803,2,8.683e+08,1,0,
226,2,3097906439976,3097978377643,7,2.00348,2,8.683e+08,1,0,
226,3,3097906439976,3097978376994,7,-9.13199,2,8.683e+08,1,0,
10,1,3086770411717,3087223021495,10,-15.6229,4,8.683e+08,1,0,
143,1,3097926903268,3098914040335,11,-19.2597,4,8.685e+08,1,0,
143,2,3097926903268,3098914041653,11,-13.6593,4,8.685e+08,1,0,
143,3,3097926903268,3098914040635,11,-18.2832,4,8.685e+08,1,0,
143,4,3097926903268,3098914041495,11,-8.66974,4,8.685e+08,1,0,
32,2,3153298759532,3153370695957,7,5.98817,4,8.681e+08,1,0,
32,4,3153298759532,3153370697136,7,-8.03766,4,8.681e+08,1,0,
62,2,3089172763551,3089625372152,10,-2.96458,2,8.683e+08,1,0,
61,2,3088636992513,3088770626377,8,-10.9866,4,8.681e+08,1,0,
24,2,3204327484846,3205314622004,11,-15.5078,2,8.683e+08,1,0,
324,2,3211800324178,3212252934569,10,-8.03247,4,8.683e+08,1,0,
324,4,3211800324178,3212252933395,10,-12.7733,4,8.683e+08,1,0,
258,2,3205896215033,3205968151272,7,1.44306,4,8.683e+08,1,0,
258,3,3205896215033,3205968152366,7,-2.48575,4,8.683e+08,1,0,
258,4,3205896215033,3205968152029,7,-8.94539,4,8.683e+08,1,0,
158,1,3212834356949,3212906293780,7,7.80068,4,8.683e+08,1,0,
158,4,3212834356949,3212906293377,7,4.23184,4,8.683e+08,1,0,
68,1,3211597726573,3212050336529,10,-12.8081,4,8.683e+08,1,0,
68,3,3211597726573,3212050335371,10,4.2108,4,8.683e+08,1,0,
285,4,3205573532543,3206560670955,11,-19.2657,4,8.683e+08,1,0,
177,1,3206331882840,3206403819745,7,-7.64377,4,8.681e+08,1,0,
177,4,3206331882840,3206403819194,7,-3.86264,4,8.681e+08,1,0,
359,1,3386035344573,3386107281409,7,-3.33424,2,8.685e+08,1,0,
359,3,3386035344573,3386107281037,7,0,2,8.685e+08,0,1,
259,2,3249146164635,3250956598971,12,-12.9475,4,8.685e+08,1,0,
387,2,3315283023202,3315354959383,7,12.9731,4,8.681e+08,1,0,
33,4,3211528961192,3211775745841,9,-6.77837,4,8.681e+08,1,0,
304,4,3405265411696,3405337347884,7,20.7203,4,8.681e+08,1,0,
14,1,3344545707995,3344617644119,7,20.3603,4,8.681e+08,1,0,
14,2,3344545707995,3344617645786,7,20.3603,4,8.681e+08,0,1,
226,1,3333827346445,3333899282672,7,-4.83516,2,8.685e+08,1,0,
226,2,3333827346445,3333899284112,7,-5.24881,2,8.685e+08,1,0,
198,1,3559000152766,3559987290343,11,-13.7618,4,8.681e+08,1,0,
198,2,3559000152766,3559987291033,11,-11.9818,4,8.681e+08,1,0,
149,2,3340260714157,3342071148642,12,-21.7548,4,8.683e+08,1,0,
149,4,3340260714157,3342071147506,12,0,4,8.683e+08,0,1,
267,1,3214382514482,3214454450686,7,-4.49338,4,8.683e+08,1,0,
104,1,3223894981013,3223966917284,7,9.05113,4,8.683e+08,1,0,
104,2,3223894981013,3223966918880,7,-9.22017,4,8.683e+08,1,0,
243,2,3225853250992,3226305861475,10,-6.44166,4,8.681e+08,1,0,
97,1,3227362853445,3227434790587,7,-6.55995,4,8.681e+08,1,0,
73,1,3340648885566,3341636023083,11,-7.28944,2,8.683e+08,1,0,
73,2,3340648885566,3341636023941,11,-11.7733,2,8.683e+08,1,0,
73,3,3340648885566,3341636022773,11,-9.0686,2,8.683e+08,1,0,
73,4,3340648885566,3341636024112,11,-11.7733,2,8.683e+08,0,1,
380,2,3290920721044,3292731154502,12,0,4,8.681e+08,0,1,
357,4,3420795935599,3421248544900,10,-15.1308,4,8.681e+08,1,0,
13,2,3232866032225,3232999664882,8,9.56417,2,8.683e+08,1,0,
13,3,3232866032225,3232999665908,8,-0.0163261,2,8.683e+08,1,0,
112,3,3216002902461,3217813336040,12,-16.0536,4,8.683e+08,1,0,
7,3,3215028525482,3215100461971,7,0,4,8.683e+08,0,1,
7,4,3215028525482,3215100463435,7,1.85625,4,8.683e+08,1,0,
242,1,3224960770157,3225032707556,7,0,4,8.683e+08,0,1,
283,1,3225331509630,3225465142141,8,-7.23997,4,8.681e+08,1,0,
283,4,3225331509630,3225465142447,8,4.30212,4,8.681e+08,1,0,
49,4,3226733484567,3226980269137,9,2.34973,4,8.683e+08,1,0,
292,2,3344788023255,3345240632377,10,0,4,8.681e+08,0,1,
292,3,3344788023255,3345240632632,10,-14.1515,4,8.681e+08,1,0,
292,4,3344788023255,3345240633532,10,-9.0069,4,8.681e+08,1,0,
314,3,3235016835989,3235088773520,7,-9.25433,4,8.683e+08,1,0,
140,2,3229063683543,3229310468154,9,0,4,8.683e+08,0,1,
140,3,3229063683543,3229310469333,9,-12.3342,4,8.683e+08,1,0,
31,1,3234116736740,3235103874125,11,-6.20248,4,8.683e+08,1,0,
31,2,3234116736740,3235103874760,11,-2.49824,4,8.683e+08,1,0,
31,4,3234116736740,3235103873583,11,-12.6381,4,8.683e+08,1,0,
115,3,3591146149076,3591218085145,7,7.0908,2,8.685e+08,1,0,
82,1,3230258631628,3230330568620,7,15.4423,4,8.681e+08,1,0,
82,3,3230258631628,3230330567894,7,-6.08034,4,8.681e+08,1,0,
85,2,3242174937648,3242246873877,7,-3.6506,4,8.683e+08,1,0,
134,1,3230610690654,3230682626844,7,7.7487,2,8.683e+08,1,0,
134,3,3230610690654,3230682627705,7,-7.08134,2,8.683e+08,1,0,
192,1,3233913588979,3234366199223,10,6.1707,4,8.683e+08,1,0,
192,2,3233913588979,3234366197917,10,-5.28467,4,8.683e+08,1,0,
192,3,3233913588979,3234366198224,10,3.95155,4,8.683e+08,1,0,
192,4,3233913588979,3234366199068,10,-15.0209,4,8.683e+08,1,0,
198,1,3231102770929,3232089908506,11,-8.60545,4,8.683e+08,1,0,
198,3,3231102770929,3232089908017,11,0,4,8.683e+08,0,1,
389,4,3234442871099,3234689657551,9,1.93152,4,8.685e+08,1,0,
210,1,3235380273914,3235452210783,7,-8.67908,4,8.683e+08,1,0,
210,2,3235380273914,3235452211111,7,3.29238,4,8.683e+08,1,0,
210,3,3235380273914,3235452211360,7,-7.27208,4,8.683e+08,1,0,
210,4,3235380273914,3235452210226,7,-7.05194,4,8.683e+08,1,0,
330,1,3237352744628,3237424680760,7,0,4,8.683e+08,0,1,
330,2,3237352744628,3237424682215,7,-4.97606,4,8.683e+08,1,0,
330,4,3237352744628,3237424681676,7,-8.23732,4,8.683e+08,1,0,
285,2,3304287132553,3305274269801,11,0,4,8.683e+08,0,1,
285,3,3304287132553,3305274270067,11,-8.90837,4,8.683e+08,1,0,
139,2,3235958751714,3237769186266,12,-12.5025,4,8.685e+08,0,1,
139,3,3235958751714,3237769186433,12,-13.4177,4,8.685e+08,1,0,
139,4,3235958751714,3237769185094,12,-12.5025,4,8.685e+08,1,0,
125,1,3252808960526,3252880896808,7,-3.73912,4,8.683e+08,1,0,
255,3,3239643323400,3240095933733,10,4.96313,4,8.681e+08,1,0,
255,4,3239643323400,3240095932112,10,0,4,8.681e+08,0,1,
274,1,3255242003505,3257052436972,12,-2.96127,2,8.683e+08,1,0,
274,4,3255242003505,3257052436815,12,-0.519546,2,8.683e+08,1,0,
295,2,3272862467609,3272996100242,8,-9.19383,4,8.685e+08,1,0,
295,3,3272862467609,3272996100161,8,-10.5655,4,8.685e+08,1,0,
172,2,3336287936585,3338098370143,12,-11.543,4,8.681e+08,1,0,
172,3,3336287936585,3338098370091,12,-8.34868,4,8.681e+08,1,0,
157,4,3293544915330,3293997524208,10,8.16792,2,8.683e+08,1,0,
157,4,3248284115320,3248736724198,10,3.28238,2,8.683e+08,1,0,
283,1,3258192683663,3258326316174,8,-4.33928,4,8.683e+08,1,0,
283,4,3258192683663,3258326316480,8,-5.41725,4,8.683e+08,1,0,
76,4,3253237685241,3253309621611,7,0.473527,2,8.683e+08,1,0,
148,2,3322849056078,3324659490578,12,-19.1453,4,8.681e+08,1,0,
148,3,3322849056078,3324659490595,12,-17.5209,4,8.681e+08,1,0,
188,4,3263917449178,3264370058433,10,-7.79149,2,8.683e+08,1,0,
174,1,3354128634221,3355939069073,12,-19.491,4,8.681e+08,1,0,
174,2,3354128634221,3355939067856,12,-13.9626,4,8.681e+08,1,0,
171,2,3262065678214,3262199311118,8,2.45813,4,8.685e+08,1,0,
171,3,3262065678214,3262199311273,8,-8.56493,4,8.685e+08,1,0,
5,3,3262531173110,3262664805585,8,2.02149,4,8.683e+08,1,0,
266,1,3268375097984,3268508730531,8,11.9615,4,8.685e+08,1,0,
266,3,3268375097984,3268508730641,8,-8.24237,4,8.685e+08,1,0,
272,1,3267722798665,3268709936373,11,-17.7861,4,8.685e+08,1,0,
272,2,3267722798665,3268709936689,11,-15.7981,4,8.685e+08,1,0,
272,3,3267722798665,3268709937163,11,-15.7981,4,8.685e+08,0,1,
272,4,3267722798665,3268709935544,11,0,4,8.685e+08,0,1,
339,1,3263571364600,3263818149373,9,3.75913,4,8.685e+08,1,0,
339,3,3263571364600,3263818150127,9,3.75913,4,8.685e+08,0,1,
271,1,3266746942289,3266993727244,9,-0.513625,4,8.681e+08,1,0,
271,3,3266746942289,3266993727241,9,0,4,8.681e+08,0,1,
271,4,3266746942289,3266993728306,9,-8.57017,4,8.681e+08,1,0,
164,2,3266157461699,3267967895020,12,2.24669,4,8.683e+08,1,0,
395,2,3264513482880,3264647115990,8,-2.82658,4,8.683e+08,0,1,
395,3,3264513482880,3264647115818,8,-2.82658,4,8.683e+08,1,0,
289,1,3266286810515,3268097243435,12,-2.69853,4,8.683e+08,1,0,
289,3,3266286810515,3268097243936,12,-2.69853,4,8.683e+08,0,1,
84,1,3272559376560,3273011986483,10,-11.3799,4,8.681e+08,1,0,
84,4,3272559376560,3273011985329,10,-2.29799,4,8.681e+08,1,0,
124,3,3274371485374,3274505118599,8,9.59544,4,8.683e+08,1,0,
124,4,3274371485374,3274505117832,8,1.89946,4,8.683e+08,1,0,
134,1,3268754965678,3268826901868,7,6.55361,2,8.683e+08,1,0,
319,2,3268761924231,3269749061515,11,3.18617,4,8.681e+08,1,0,
319,3,3268761924231,3269749062690,11,-12.2042,4,8.681e+08,1,0,
158,1,3278963002799,3279034939630,7,-7.78796,4,8.685e+08,1,0,
158,4,3278963002799,3279034939227,7,7.43979,4,8.685e+08,1,0,
145,2,3273029371628,3273101309272,7,-4.31251,2,8.683e+08,1,0,
145,3,3273029371628,3273101308312,7,-1.0961,2,8.683e+08,1,0,
382,1,3275047815749,3275119752713,7,-0.722625,2,8.683e+08,1,0,
382,2,3275047815749,3275119752959,7,4.97648,2,8.683e+08,1,0,
382,4,3275047815749,3275119751965,7,0,2,8.683e+08,0,1,
117,1,3273571199793,3273643137284,7,-8.44305,4,8.681e+08,1,0,
43,3,3276297981569,3276369918617,7,-0.503692,4,8.683e+08,1,0,
12,1,3275818419754,3276271029686,10,1.40482,4,8.683e+08,0,1,
12,2,3275818419754,3276271028976,10,1.40482,4,8.683e+08,1,0,
12,3,3275818419754,3276271029906,10,-16.5725,4,8.683e+08,1,0,
12,4,3275818419754,3276271028524,10,0,4,8.683e+08,0,1,
366,3,3319689119760,3320676258158,11,-1.35872,4,8.683e+08,0,1,
366,4,3319689119760,3320676256804,11,-1.35872,4,8.683e+08,1,0,
6,3,3279192429654,3280179566799,11,0,4,8.681e+08,0,1,
104,1,3277074266833,3277146203104,7,-5.40643,4,8.681e+08,1,0,
104,3,3277074266833,3277146204283,7,-1.22218,4,8.681e+08,1,0,
147,2,3278855581975,3279308191156,10,0,4,8.683e+08,0,1,
147,3,3278855581975,3279308190609,10,0,4,8.683e+08,0,1,
147,4,3278855581975,3279308192031,10,-0.23117,4,8.683e+08,1,0,
26,1,3277583783172,3277830568202,9,-12.2248,2,8.683e+08,1,0,
42,2,3288591687159,3288663623511,7,1.27397,4,8.681e+08,1,0,
42,3,3288591687159,3288663624682,7,-6.94926,4,8.681e+08,1,0,
56,1,3344252192436,3345239329635,11,-1.74196,4,8.683e+08,1,0,
56,3,3344252192436,3345239330787,11,-15.4379,4,8.683e+08,1,0,
403,1,3291281245088,3291414879116,8,-1.94214,4,8.683e+08,1,0,
403,3,3291281245088,3291414878833,8,-10.8154,4,8.683e+08,1,0,
239,3,3295119290179,3295252923064,8,-4.12668,4,8.683e+08,1,0,
230,2,3285159407560,3285231343591,7,36.2778,4,8.685e+08,1,0,
230,4,3285159407560,3285231344758,7,9.40746,4,8.685e+08,1,0,
392,1,3302746907181,3302880540001,8,9.76646,4,8.683e+08,1,0,
392,4,3302746907181,3302880540785,8,-4.13585,4,8.683e+08,1,0,
360,2,3284090051634,3284223684772,8,-4.75729,4,8.681e+08,1,0,
360,3,3284090051634,3284223684409,8,5.22198,4,8.681e+08,1,0,
360,4,3284090051634,3284223684631,8,-7.52542,4,8.681e+08,1,0,
118,2,3289846185245,3289918121513,7,8.26947,2,8.683e+08,1,0,
208,1,3287107898099,3288918332538,12,-21.7332,2,8.685e+08,1,0,
208,3,3287107898099,3288918331381,12,-16.2786,2,8.685e+08,1,0,
77,3,3295949153540,3296021090229,7,-1.40695,4,8.685e+08,1,0,
77,4,3295949153540,3296021090776,7,0.298615,4,8.685e+08,1,0,
33,1,3292025690816,3292272475954,9,-9.15823,4,8.683e+08,1,0,
33,3,3292025690816,3292272476847,9,1.52446,4,8.683e+08,1,0,
33,4,3292025690816,3292272475465,9,2.9839,4,8.683e+08,1,0,
75,1,3310279014244,3310350951922,7,-7.34148,2,8.685e+08,1,0,
75,2,3310279014244,3310350950587,7,28.7904,2,8.685e+08,1,0,
75,4,3310279014244,3310350951190,7,28.7904,2,8.685e+08,0,1,
93,1,3302565662246,3302637598662,7,1.32172,4,8.683e+08,1,0,
377,2,3296228433482,3296681043012,10,9.30286,4,8.681e+08,1,0,
377,3,3296228433482,3296681042188,10,0,4,8.681e+08,0,1,
226,1,3449511384314,3449583320541,7,0,2,8.681e+08,0,1,
226,3,3449511384314,3449583321332,7,0.0457467,2,8.681e+08,1,0,
249,1,3438546585700,3438618523777,7,9.85684,4,8.683e+08,1,0,
249,2,3438546585700,3438618522296,7,-0.412719,4,8.683e+08,1,0,
6,4,3440393437430,3441380575973,11,-4.60243,4,8.683e+08,1,0,
124,1,3449283273017,3449416905846,8,0,4,8.683e+08,0,1,
124,4,3449283273017,3449416905475,8,0,4,8.683e+08,0,1,
38,1,3444650197363,3444896982245,9,-7.69145,2,8.685e+08,1,0,
38,4,3444650197363,3444896981978,9,-7.12012,2,8.685e+08,1,0,
151,4,3447272008393,3447405642302,8,-10.4707,4,8.683e+08,1,0,
45,2,3445627925297,3445761558114,8,-3.24615,4,8.681e+08,1,0,
45,3,3445627925297,3445761557703,8,5.43523,4,8.681e+08,1,0,
400,1,3447232047457,3447303985015,7,-8.02469,4,8.685e+08,1,0,
400,2,3447232047457,3447303983718,7,-4.43233,4,8.685e+08,1,0,
112,2,3449515490241,3451325923740,12,-7.62762,4,8.681e+08,1,0,
112,3,3449515490241,3451325923820,12,-16.0689,4,8.681e+08,1,0,
112,4,3449515490241,3451325924884,12,-16.0689,4,8.681e+08,0,1,
245,1,3453676600327,3455487034858,12,-19.8473,4,8.683e+08,1,0,
245,2,3453676600327,3455487034010,12,0,4,8.683e+08,0,1,
380,2,3471963921054,3473774354512,12,-11.025,4,8.683e+08,1,0,
380,3,3471963921054,3473774354650,12,-11.5799,4,8.683e+08,1,0,
380,4,3471963921054,3473774355665,12,-16.79,4,8.683e+08,1,0,
176,2,3453372607951,3453619393036,9,-1.80708,4,8.683e+08,0,1,
176,4,3453372607951,3453619392963,9,-1.80708,4,8.683e+08,1,0,
128,3,3451740102396,3451873735194,8,5.80254,4,8.681e+08,1,0,
128,4,3451740102396,3451873735267,8,2.53714,4,8.681e+08,1,0,
31,2,3481395911702,3482383049722,11,0,4,8.683e+08,0,1,
31,3,3481395911702,3482383050002,11,-15.4137,4,8.683e+08,1,0,
259,1,3456509111319,3458319544865,12,-6.54426,4,8.683e+08,1,0,
259,2,3456509111319,3458319545655,12,-19.7778,4,8.683e+08,1,0,
259,3,3456509111319,3458319545868,12,-19.7778,4,8.683e+08,0,1,
356,1,3465079248838,3465151186112,7,-7.73163,2,8.683e+08,1,0,
356,3,3465079248838,3465151185117,7,16.0864,2,8.683e+08,1,0,
53,2,3463984721481,3464118355097,8,7.95757,4,8.681e+08,1,0,
53,4,3463984721481,3464118354235,8,-5.71469,4,8.681e+08,1,0,
115,1,3463567896361,3463639833602,7,5.6469,2,8.683e+08,1,0,
115,3,3463567896361,3463639832430,7,35.82,2,8.683e+08,1,0,
115,4,3463567896361,3463639834051,7,-8.95367,2,8.683e+08,1,0,
50,1,3460063726096,3460135663713,7,0.913361,4,8.683e+08,0,1,
50,4,3460063726096,3460135662849,7,0.913361,4,8.683e+08,1,0,
225,1,3460506482115,3460959090859,10,-13.4202,4,8.683e+08,1,0,
225,2,3460506482115,3460959092392,10,-10.1549,4,8.683e+08,1,0,
296,1,3465068889168,3465521499509,10,-13.641,4,8.683e+08,1,0,
296,4,3465068889168,3465521498519,10,-14.3313,4,8.683e+08,1,0,
47,1,3463926536569,3463998472733,7,14.9313,4,8.683e+08,1,0,
47,2,3463926536569,3463998474363,7,-7.74408,4,8.683e+08,1,0,
47,3,3463926536569,3463998473912,7,0.412522,4,8.683e+08,1,0,
62,2,3465197398560,3465650007161,10,0.992783,4,8.681e+08,1,0,
62,3,3465197398560,3465650008298,10,-4.7296,4,8.681e+08,1,0,
62,4,3465197398560,3465650007617,10,2.91385,4,8.681e+08,1,0,
84,4,3465802176916,3466254785685,10,-15.7096,4,8.685e+08,1,0,
349,2,3474851630446,3474985264657,8,-2.76689,4,8.683e+08,1,0,
241,1,3471013278498,3471085216130,7,-7.71115,4,8.683e+08,1,0,
241,4,3471013278498,3471085214962,7,2.88966,4,8.683e+08,1,0,
191,1,3472335496492,3472469130646,8,-9.35223,4,8.681e+08,1,0,
191,3,3472335496492,3472469129584,8,3.88591,4,8.681e+08,1,0,
53,4,3477347921491,3477481554245,8,2.84552,2,8.683e+08,1,0,
358,1,3468168907113,3468240844068,7,-4.41899,4,8.681e+08,1,0,
358,3,3468168907113,3468240843464,7,0,4,8.681e+08,0,1,
358,4,3468168907113,3468240844430,7,-5.86099,4,8.681e+08,1,0,
320,1,3469431859732,3470418998154,11,-4.67618,2,8.683e+08,1,0,
320,3,3469431859732,3470418998369,11,-12.8186,2,8.683e+08,1,0,
328,2,3470083893554,3471071032109,11,12.8159,4,8.683e+08,1,0,
328,4,3470083893554,3471071031840,11,-15.7249,4,8.683e+08,1,0,
15,3,3467092808297,3467164744974,7,-2.19856,4,8.683e+08,1,0,
399,2,3566300644391,3568111079110,12,-16.0565,4,8.683e+08,1,0,
78,3,3472715161340,3472961947247,9,6.65039,2,8.683e+08,1,0,
81,1,3474927531938,3475061164643,8,6.85597,4,8.683e+08,1,0,
81,3,3474927531938,3475061164969,8,2.0079,4,8.683e+08,1,0,
81,4,3474927531938,3475061165763,8,-9.19162,4,8.683e+08,1,0,
87,1,3477912009324,3478364618940,10,-12.6003,4,8.683e+08,1,0,
247,4,3487930426485,3488383035940,10,1.55809,4,8.681e+08,1,0,
250,1,3492782938166,3492854875503,7,-5.76288,4,8.683e+08,1,0,
250,3,3492782938166,3492854874754,7,-4.50607,4,8.683e+08,1,0,
250,4,3492782938166,3492854875505,7,-4.57458,4,8.683e+08,1,0,
17,4,3474752908608,3476563343196,12,0,4,8.681e+08,0,1,
342,2,3479158898307,3479292530929,8,-4.35442,4,8.685e+08,1,0,
342,4,3479158898307,3479292530961,8,3.0204,4,8.685e+08,1,0,
333,3,3589103893353,3590914327074,12,-7.28137,4,8.681e+08,1,0,
333,4,3589103893353,3590914328141,12,-11.3304,4,8.681e+08,1,0,
43,2,3486146626524,3486218562919,7,15.9193,4,8.681e+08,1,0,
349,1,3494836272850,3494969905710,8,0,4,8.685e+08,0,1,
110,2,3484113091176,3484185027399,7,3.88959,4,8.683e+08,1,0,
110,4,3484113091176,3484185028487,7,9.28744,4,8.683e+08,1,0,
331,3,3481772049434,3482018834776,9,-1.5437,4,8.683e+08,1,0,
385,1,3498133384068,3498205320638,7,7.32114,2,8.685e+08,1,0,
385,3,3498133384068,3498205321748,7,-5.8399,2,8.685e+08,1,0,
385,4,3498133384068,3498205321045,7,0.902573,2,8.685e+08,1,0,
52,1,3483083691260,3484070829865,11,-11.3206,4,8.681e+08,1,0,
52,2,3483083691260,3484070828552,11,1.07791,4,8.681e+08,1,0,
52,4,3483083691260,3484070828815,11,-10.0652,4,8.681e+08,1,0,
365,1,3490901782559,3490973718760,7,-2.86241,2,8.683e+08,1,0,
365,4,3490901782559,3490973719571,7,-2.86241,2,8.683e+08,0,1,
335,2,3496702101369,3496774037736,7,-1.03996,4,8.685e+08,1,0,
216,2,3505478185874,3505550122159,7,2.77921,4,8.683e+08,1,0,
178,2,3498819604747,3498891542118,7,0,4,8.683e+08,0,1,
178,4,3498819604747,3498891542596,7,-6.43617,4,8.683e+08,1,0,
225,1,3505767282125,3506219890869,10,-11.4952,4,8.681e+08,1,0,
261,2,3505335641399,3505407577922,7,-5.5777,2,8.685e+08,1,0,
376,2,3503809831102,3504262440246,10,-15.1837,2,8.683e+08,1,0,
376,3,3503809831102,3504262440519,10,0.617829,2,8.683e+08,1,0,
376,4,3503809831102,3504262441406,10,-14.6255,2,8.683e+08,1,0,
23,1,3502857748225,3503310357583,10,-12.8896,4,8.685e+08,1,0,
23,2,3502857748225,3503310358532,10,-14.8626,4,8.685e+08,1,0,
23,3,3502857748225,3503310358638,10,-5.67183,4,8.685e+08,1,0,
47,1,3500277736046,3500349672210,7,8.59731,4,8.685e+08,1,0,
47,4,3500277736046,3500349673247,7,-7.36122,4,8.685e+08,1,0,
271,1,3502698021735,3502944806690,9,9.64744,4,8.681e+08,1,0,
325,1,3512287841481,3514098275132,12,-1.74475,4,8.683e+08,1,0,
325,3,3512287841481,3514098276076,12,-22.1941,4,8.683e+08,1,0,
311,4,3509575901997,3509822687010,9,-7.94615,4,8.685e+08,1,0,
363,1,3507517411874,3507589349377,7,5.63153,4,8.681e+08,1,0,
363,2,3507517411874,3507589348657,7,-3.35281,4,8.681e+08,1,0,
80,1,3502955962767,3503027898874,7,38.9413,4,8.681e+08,1,0,
226,3,3505313142975,3505385079993,7,0,2,8.683e+08,0,1,
226,4,3505313142975,3505385080314,7,7.96018,2,8.683e+08,1,0,
94,2,3505514810919,3505967419830,10,-10.0271,4,8.681e+08,1,0,
94,3,3505514810919,3505967421010,10,-10.0271,4,8.681e+08,0,1,
145,2,3512669219007,3512741156651,7,1.15585,2,8.681e+08,1,0,
76,3,3506581910616,3506653847981,7,8.20751,4,8.681e+08,1,0,
76,4,3506581910616,3506653846986,7,5.42017,4,8.681e+08,1,0,
127,3,3517299003424,3517545789530,9,-13.03,4,8.683e+08,1,0,
400,2,3509076914506,3509148850767,7,3.20447,4,8.683e+08,1,0,
400,3,3509076914506,3509148851438,7,-8.53694,4,8.683e+08,1,0,
400,4,3509076914506,3509148851782,7,-3.9034,4,8.683e+08,1,0,
158,1,3513377973666,3513449910497,7,12.3299,4,8.683e+08,1,0,
158,2,3513377973666,3513449911102,7,9.58878,4,8.683e+08,1,0,
45,2,3512557922808,3512691555625,8,-0.309844,4,8.685e+08,1,0,
45,3,3512557922808,3512691555214,8,-8.43239,4,8.685e+08,1,0,
85,2,3510136389792,3510208326021,7,0.184251,4,8.685e+08,1,0,
248,1,3511194070914,3511646681074,10,-8.35107,4,8.685e+08,1,0,
248,2,3511194070914,3511646679763,10,0,4,8.685e+08,0,1,
248,4,3511194070914,3511646680099,10,-14.9662,4,8.685e+08,1,0,
345,3,3511536149809,3512523288037,11,5.63358,2,8.683e+08,1,0,
345,4,3511536149809,3512523286815,11,-6.97659,2,8.683e+08,1,0,
269,4,3517203145744,3518190283145,11,-13.2662,4,8.683e+08,1,0,
161,1,3522139538121,3522211474938,7,4.24139,4,8.683e+08,1,0,
161,3,3522139538121,3522211474626,7,2.42561,4,8.683e+08,1,0,
161,4,3522139538121,3522211475295,7,-6.54272,4,8.683e+08,1,0,
304,2,3513883172325,3513955109472,7,-0.314452,4,8.683e+08,1,0,
304,3,3513883172325,3513955109834,7,3.03233,4,8.683e+08,1,0,
304,4,3513883172325,3513955108513,7,22.7808,4,8.683e+08,1,0,
366,1,3531534339427,3532521476826,11,-8.8159,4,8.681e+08,1,0,
366,4,3531534339427,3532521476471,11,-18.5929,4,8.681e+08,1,0,
10,2,3521778133301,3522230743258,10,-13.4015,4,8.683e+08,1,0,
10,3,3521778133301,3522230742153,10,-15.9034,4,8.683e+08,1,0,
67,1,3517439502818,3517686288579,9,-8.00224,2,8.685e+08,1,0,
67,3,3517439502818,3517686287590,9,-13.3252,2,8.685e+08,1,0,
157,3,3516451284982,3516903894988,10,-12.484,4,8.681e+08,1,0,
157,4,3516451284982,3516903893860,10,0,4,8.681e+08,0,1,
240,1,3521115791546,3521187727730,7,8.14314,2,8.683e+08,1,0,
239,3,3525224129343,3525357762228,8,2.46141,4,8.681e+08,1,0,
239,4,3525224129343,3525357762160,8,16.9726,4,8.681e+08,1,0,
21,1,3519775771029,3520228381318,10,-11.8362,4,8.685e+08,1,0,
21,3,3519775771029,3520228380350,10,0,4,8.685e+08,0,1,
170,1,3547437135015,3547683921223,9,-10.6335,4,8.685e+08,1,0,
170,2,3547437135015,3547683919676,9,-4.64741,4,8.685e+08,1,0,
41,3,3522744115898,3522816052104,7,10.0536,4,8.683e+08,1,0,
41,4,3522744115898,3522816053403,7,-4.82722,4,8.683e+08,1,0,
344,1,3529283095553,3529416728537,8,2.90431,4,8.685e+08,1,0,
344,2,3529283095553,3529416728245,8,-4.96248,4,8.685e+08,1,0,
344,3,3529283095553,3529416728319,8,-4.08188,4,8.685e+08,1,0,
161,2,3529333138131,3529405075114,7,-7.64143,4,8.685e+08,1,0,
387,2,3525312648984,3525384585165,7,8.13715,4,8.683e+08,1,0,
387,3,3525312648984,3525384586226,7,5.05311,4,8.683e+08,1,0,
372,1,3525374232592,3525507865906,8,4.98837,4,8.681e+08,1,0,
58,2,3526843560190,3526915496610,7,6.92899,4,8.685e+08,1,0,
330,1,3541374140067,3541446076199,7,15.1144,4,8.683e+08,1,0,
299,2,3571931468734,3572065101276,8,-7.17351,4,8.683e+08,1,0,
185,1,3529941723279,3530394332211,10,15.4657,2,8.683e+08,1,0,
185,3,3529941723279,3530394333390,10,-8.32448,2,8.683e+08,1,0,
301,1,3532835508721,3533082295121,9,-13.1749,2,8.683e+08,1,0,
301,4,3532835508721,3533082293997,9,-10.1567,2,8.683e+08,1,0,
167,3,3538175818357,3538247754755,7,-9.02827,4,8.685e+08,1,0,
68,2,3531208391649,3531661000859,10,-12.3806,4,8.681e+08,1,0,
68,3,3531208391649,3531661000447,10,0,4,8.681e+08,0,1,
50,1,3541907652864,3541979590481,7,-2.35739,4,8.681e+08,1,0,
34,4,3537239284801,3537691893897,10,-12.7953,4,8.683e+08,1,0,
271,3,3539209675924,3539456460876,9,-4.96391,4,8.681e+08,1,0,
361,2,3543498752732,3543570688925,7,2.28883,4,8.683e+08,1,0,
361,3,3543498752732,3543570690095,7,-8.28574,4,8.683e+08,1,0,
312,3,3548117216137,3549104354419,11,-14.6714,4,8.683e+08,1,0,
312,4,3548117216137,3549104353235,11,-8.75241,4,8.683e+08,1,0,
80,1,3548219923322,3548291859429,7,23.3305,4,8.683e+08,1,0,
16,3,3568522416481,3568769201264,9,0,4,8.683e+08,0,1,
398,1,3544541383288,3544788168090,9,0.766541,2,8.683e+08,1,0,
398,2,3544541383288,3544788169532,9,-13.9386,2,8.683e+08,1,0,
398,3,3544541383288,3544788169264,9,-11.2242,2,8.683e+08,1,0,
400,1,3546484285821,3546556223379,7,-9.15236,4,8.681e+08,1,0,
400,2,3546484285821,3546556222082,7,0,4,8.681e+08,0,1,
65,1,3546921875323,3547055508056,8,18.2595,4,8.683e+08,1,0,
102,1,3547417230061,3547489167726,7,-6.50139,2,8.683e+08,1,0,
102,2,3547417230061,3547489167104,7,2.83562,2,8.683e+08,1,0,
102,3,3547417230061,3547489166589,7,6.33481,2,8.683e+08,1,0,
102,4,3547417230061,3547489167953,7,3.09515,2,8.683e+08,1,0,
121,3,3549820378702,3550067164366,9,-6.00455,4,8.681e+08,1,0,
166,1,3548985293394,3549057229856,7,0,4,8.685e+08,0,1,
166,3,3548985293394,3549057230948,7,-0.452056,4,8.685e+08,1,0,
308,2,3555953224947,3556025161098,7,-7.38867,4,8.685e+08,1,0,
308,3,3555953224947,3556025162181,7,-2.90161,4,8.685e+08,1,0,
308,4,3555953224947,3556025161984,7,3.08586,4,8.685e+08,1,0,
46,1,3549629391565,3549763025281,8,-0.696212,4,8.681e+08,0,1,
46,3,3549629391565,3549763024113,8,-0.696212,4,8.681e+08,1,0,
60,2,3551898062500,3552350672517,10,-5.20264,2,8.683e+08,1,0,
60,4,3551898062500,3552350671347,10,0.475526,2,8.683e+08,1,0,
13,2,3549696871068,3549830503725,8,-5.12915,2,8.683e+08,1,0,
13,3,3549696871068,3549830504751,8,-0.325805,2,8.683e+08,1,0,
13,4,3549696871068,3549830503872,8,-0.816833,2,8.683e+08,1,0,
22,1,3550641157709,3550713094370,7,8.98285,4,8.683e+08,1,0,
22,2,3550641157709,3550713094908,7,-4.50465,4,8.683e+08,1,0,
senderId,receiverID, sendTime, receivedTime,SF,SNR,Ftype, Freq,RX
2,201,284760000000,285915072368,12,14.0373,3,8.69525e+08,2
4,201,781900000000,783055073419,12,20.5596,3,8.69525e+08,2
2,217,1831170000000,1832325073217,12,-12.9766,3,8.69525e+08,2
1,122,3594130000000,3595285073176,12,-9.2047,3,8.69525e+08,2
1,223,2068850000000,2070005073563,12,-8.35445,3,8.69525e+08,2
1,143,1980740000000,1981895073067,12,-1.57619,3,8.69525e+08,2
2,395,2436610000000,2436692433110,8,-6.62729,3,8.683e+08,1
1,289,1242720000000,1243875072920,12,-18.428,3,8.683e+08,1
1,330,2345150000000,2346305072132,12,15.6712,3,8.69525e+08,2
3,219,2399840000000,2400995073318,12,1.56169,3,8.69525e+08,2
4,364,568490000000,568634384000,9,0,3,8.681e+08,1
4,245,1286410000000,1287565073357,12,7.58586,3,8.69525e+08,2
2,318,609260000000,609301216322,7,25.0498,3,8.685e+08,1
4,108,1608110000000,1608254384000,9,0,3,8.683e+08,1
2,295,22040000000,23195072633,12,11.9123,3,8.69525e+08,2
1,351,22560000000,23715072856,12,-2.49416,3,8.69525e+08,2
1,275,10940000000,12095072568,12,-5.76668,3,8.69525e+08,2
4,117,11030000000,12185072448,12,39.7727,3,8.69525e+08,2
4,267,263180000000,264335073048,12,13.4563,3,8.69525e+08,2
4,232,1099350000000,1099638768000,10,0,3,8.685e+08,1
1,266,754880000000,756035072547,12,-11.2357,3,8.69525e+08,2
3,153,263900000000,264188768000,10,0,3,8.685e+08,1
2,154,3369820000000,3370975074423,12,0.809464,3,8.69525e+08,2
1,117,264800000000,265955073491,12,-4.85252,3,8.69525e+08,2
4,311,7290000000,7434384000,9,0,3,8.685e+08,1
4,159,1131340000000,1131422432610,8,3.78372,3,8.685e+08,1
3,200,16550000000,17705072000,12,0,3,8.69525e+08,2
2,242,6470000000,6511216000,7,0,3,8.685e+08,1
4,18,22530000000,22674384796,9,-10.5085,3,8.685e+08,1
1,232,7680000000,7968768925,10,-2.94559,3,8.685e+08,1
2,164,20340000000,21495073321,12,-2.58984,3,8.685e+08,1
2,306,2663600000000,2663744384000,9,0,3,8.683e+08,1
3,202,292880000000,293168769903,10,-10.0412,3,8.685e+08,1
4,278,1115160000000,1116315072481,12,14.2632,3,8.69525e+08,2
2,318,1071490000000,1072645072322,12,9.91007,3,8.69525e+08,2
2,319,882020000000,883175073284,12,10.2909,3,8.69525e+08,2
3,178,343780000000,343821216200,7,28.1476,3,8.685e+08,1
4,267,888660000000,889815073048,12,-1.14528,3,8.69525e+08,2
3,68,1601520000000,1601808768798,10,-12.7939,3,8.685e+08,1
4,149,587920000000,589075073349,12,-5.02891,3,8.69525e+08,2
2,94,1428850000000,1430005072911,12,3.0023,3,8.69525e+08,2
3,41,1659380000000,1660535072206,12,30.0203,3,8.69525e+08,2
4,33,572640000000,573795072649,12,-3.68903,3,8.69525e+08,2
2,266,622000000000,623155073452,12,-0.491271,3,8.69525e+08,2
4,306,2067120000000,2068275073102,12,5.60507,3,8.69525e+08,2
2,329,1405670000000,1406247537275,11,-14.9366,3,8.681e+08,1
4,346,1405090000000,1406245072991,12,-13.5981,3,8.69525e+08,2
4,52,276820000000,277397536000,11,0,3,8.681e+08,1
1,304,2800740000000,2800781216999,7,7.76537,3,8.683e+08,1
2,149,3344080000000,3345235074485,12,-3.67914,3,8.69525e+08,2
3,191,35290000000,36445073092,12,8.86556,3,8.69525e+08,2
4,189,30310000000,31465073106,12,4.11038,3,8.69525e+08,2
1,219,1204440000000,1204728768000,10,0,3,8.685e+08,1
2,269,2378030000000,2378607536000,11,0,3,8.683e+08,1
3,108,522490000000,523645072850,12,16.7189,3,8.69525e+08,2
2,252,521990000000,523145072000,12,0,3,8.69525e+08,2
1,207,34730000000,35885072000,12,0,3,8.69525e+08,2
2,216,40110000000,41265072285,12,18.8263,3,8.69525e+08,2
3,82,802760000000,803915072266,12,4.86069,3,8.69525e+08,2
2,334,2766840000000,2767995072000,12,0,3,8.69525e+08,2
2,190,2356460000000,2357615073444,12,7.84361,3,8.69525e+08,2
1,373,303350000000,304505073614,12,-1.17644,3,8.69525e+08,2
2,180,2062680000000,2062968770516,10,-8.03468,3,8.683e+08,1
3,307,659570000000,659611216903,7,-4.78401,3,8.685e+08,1
4,213,291290000000,292445072000,12,0,3,8.69525e+08,2
1,267,1044800000000,1044841216204,7,-6.85295,3,8.685e+08,1
1,237,1102040000000,1103195072394,12,0.677003,3,8.69525e+08,2
1,353,1268860000000,1270015073886,12,-9.15753,3,8.69525e+08,2
3,257,3202520000000,3202561216555,7,12.7318,3,8.681e+08,1
3,151,1256140000000,1256222432544,8,12.0389,3,8.683e+08,1
2,248,618420000000,618708768849,10,-8.6353,3,8.685e+08,1
3,309,361730000000,362885072708,12,1.80913,3,8.69525e+08,2
1,360,361490000000,362645072549,12,3.92909,3,8.69525e+08,2
3,373,1913510000000,1914665072962,12,-8.37732,3,8.69525e+08,2
3,372,50140000000,51295072971,12,-10.168,3,8.69525e+08,2
4,66,46980000000,47021216000,7,0,3,8.685e+08,1
1,72,49390000000,49431216355,7,10.4163,3,8.685e+08,1
3,369,47820000000,47861216000,7,0,3,8.685e+08,1
2,202,769870000000,771025072822,12,17.3906,3,8.69525e+08,2
1,63,553630000000,554785072815,12,-0.837722,3,8.69525e+08,2
4,193,319020000000,320175072796,12,26.1451,3,8.69525e+08,2
3,260,1379740000000,1380895074500,12,-2.69279,3,8.69525e+08,2
1,77,1357270000000,1358425072494,12,16.4145,3,8.69525e+08,2
2,270,1092850000000,1092891216224,7,3.48754,3,8.685e+08,1
2,256,390680000000,391835072350,12,19.358,3,8.69525e+08,2
1,100,1089950000000,1091105073130,12,14.7581,3,8.69525e+08,2
3,220,2857330000000,2857371216000,7,0,3,8.681e+08,1
3,379,1152870000000,1154025072000,12,0,3,8.69525e+08,2
1,45,653490000000,654645073094,12,-2.82529,3,8.69525e+08,2
3,402,284060000000,285215072000,12,0,3,8.69525e+08,2
2,58,395220000000,395261216000,7,0,3,8.681e+08,1
1,200,278830000000,279985072289,12,8.41879,3,8.69525e+08,2
4,165,52760000000,52904385811,9,-10.4321,3,8.685e+08,1
4,392,335830000000,335912432000,8,0,3,8.685e+08,1
1,143,335520000000,336675073067,12,-1.37076,3,8.69525e+08,2
1,91,3375400000000,3376555074220,12,-3.662,3,8.69525e+08,2
4,65,1316310000000,1317465072528,12,25.0102,3,8.69525e+08,2
1,348,1303210000000,1304365073654,12,-0.181121,3,8.69525e+08,2
3,220,900580000000,900621216577,7,-1.84488,3,8.685e+08,1
1,355,1286900000000,1288055074354,12,4.86365,3,8.69525e+08,2
2,55,1290510000000,1291665072870,12,-8.35745,3,8.69525e+08,2
4,54,3095120000000,3096275073123,12,2.13204,3,8.69525e+08,2
1,98,387750000000,387832432521,8,11.3539,3,8.681e+08,1
2,216,1315560000000,1316715072285,12,25.3931,3,8.69525e+08,2
4,5,1795240000000,1796395072000,12,0,3,8.69525e+08,2
3,362,1592490000000,1593645073191,12,5.20874,3,8.69525e+08,2
2,82,781850000000,783005073367,12,-1.48727,3,8.69525e+08,2
2,22,1597310000000,1598465073199,12,4.84674,3,8.69525e+08,2
2,186,51870000000,53025072529,12,33.1844,3,8.69525e+08,2
3,300,54770000000,54914384000,9,0,3,8.685e+08,1
4,121,55310000000,56465073067,12,-13.2668,3,8.69525e+08,2
3,275,2158130000000,2158171216000,7,0,3,8.683e+08,1
3,333,2151040000000,2152195073721,12,-8.24176,3,8.69525e+08,2
1,61,56300000000,56382432000,8,0,3,8.685e+08,1
4,224,71560000000,72715072590,12,13.5006,3,8.69525e+08,2
1,47,66300000000,66341216000,7,0,3,8.685e+08,1
4,335,1263300000000,1264455073422,12,-6.88943,3,8.69525e+08,2
2,256,64570000000,65725072350,12,25.8884,3,8.69525e+08,2
3,55,325380000000,326535072000,12,0,3,8.69525e+08,2
2,287,604030000000,604071216604,7,5.13796,3,8.681e+08,1
1,306,1588990000000,1590145072862,12,9.65851,3,8.69525e+08,2
4,311,798000000000,799155073013,12,4.39446,3,8.69525e+08,2
4,31,741950000000,743105072843,12,-5.69006,3,8.69525e+08,2
2,121,894960000000,896115072519,12,4.0454,3,8.69525e+08,2
3,5,2801950000000,2803105072475,12,4.90953,3,8.69525e+08,2
3,178,3149690000000,3149731216200,7,8.69682,3,8.683e+08,1
2,304,3569810000000,3570965073147,12,-12.5496,3,8.69525e+08,2
1,128,818220000000,818302432000,8,0,3,8.681e+08,1
4,173,333250000000,334405072000,12,0,3,8.69525e+08,2
3,198,2108250000000,2109405073088,12,-6.59303,3,8.69525e+08,2
4,360,538280000000,539435072997,12,8.85199,3,8.69525e+08,2
4,44,347750000000,348905073631,12,-3.96246,3,8.69525e+08,2
1,266,348520000000,349675072547,12,5.87956,3,8.69525e+08,2
3,314,64330000000,65485072000,12,0,3,8.69525e+08,2
1,150,62810000000,63965072913,12,7.38643,3,8.69525e+08,2
2,295,297500000000,298655072000,12,0,3,8.69525e+08,2
3,171,576750000000,577905073059,12,4.72278,3,8.69525e+08,2
1,100,3321020000000,3322175073130,12,2.20926,3,8.69525e+08,2
1,55,884070000000,885225074401,12,-3.13075,3,8.69525e+08,2
3,198,1786180000000,1787335073088,12,18.7049,3,8.69525e+08,2
3,277,1616400000000,1617555073683,12,-11.1182,3,8.69525e+08,2
4,191,1271950000000,1272032432000,8,0,3,8.685e+08,1
1,216,3124120000000,3124161216000,7,0,3,8.683e+08,1
4,71,1864080000000,1864162432000,8,0,3,8.683e+08,1
4,22,1853560000000,1853601216000,7,0,3,8.685e+08,1
1,351,2425230000000,2425312432856,8,4.5224,3,8.683e+08,1
3,322,350130000000,351285072566,12,16.2123,3,8.69525e+08,2
2,363,1241030000000,1242185072783,12,2.78973,3,8.69525e+08,2
3,233,654790000000,654831216655,7,8.91396,3,8.685e+08,1
4,119,69890000000,69931216469,7,-4.8884,3,8.685e+08,1
3,47,3432250000000,3432291217343,7,9.3034,3,8.681e+08,1
2,338,557750000000,557894385295,9,-0.27777,3,8.681e+08,1
1,148,3144620000000,3145775073406,12,-11.8751,3,8.683e+08,1
4,156,585990000000,586278768000,10,0,3,8.685e+08,1
1,254,594360000000,595515072000,12,0,3,8.69525e+08,2
3,204,70500000000,70582432475,8,-1.00973,3,8.685e+08,1
4,362,2366950000000,2368105073992,12,-9.77847,3,8.69525e+08,2
4,210,1994730000000,1994771216312,7,3.80855,3,8.683e+08,1
3,329,2757210000000,2758365072000,12,0,3,8.69525e+08,2
1,375,2404270000000,2405425073122,12,2.73775,3,8.69525e+08,2
2,369,1574340000000,1574381216574,7,5.53368,3,8.683e+08,1
3,238,412080000000,413235073208,12,15.6707,3,8.69525e+08,2
1,222,399380000000,399421216177,7,3.08775,3,8.681e+08,1
4,148,645830000000,646985073375,12,-4.88756,3,8.69525e+08,2
3,388,644170000000,644252432000,8,0,3,8.681e+08,1
3,329,3359350000000,3360505073232,12,7.36771,3,8.69525e+08,2
4,327,367510000000,368665073312,12,20.1946,3,8.69525e+08,2
3,309,2070210000000,2071365072708,12,0.524567,3,8.69525e+08,2
4,22,872890000000,874045072536,12,36.1007,3,8.69525e+08,2
4,65,3315920000000,3316002432528,8,9.36911,3,8.683e+08,1
2,133,2344410000000,2344451216253,7,9.1058,3,8.683e+08,1
2,36,270030000000,271185072696,12,18.9922,3,8.69525e+08,2
3,28,89590000000,90745072659,12,-5.41255,3,8.69525e+08,2
2,271,324920000000,326075072000,12,0,3,8.69525e+08,2
1,233,74960000000,75001217204,7,3.37722,3,8.685e+08,1
2,57,1849710000000,1850865073610,12,-8.35507,3,8.69525e+08,2
1,233,375690000000,375731216000,7,0,3,8.681e+08,1
3,204,375070000000,376225072475,12,0.965653,3,8.69525e+08,2
2,289,829110000000,830265072000,12,0,3,8.685e+08,1
3,395,830140000000,830222432938,8,-2.53798,3,8.681e+08,1
1,310,809200000000,809241216000,7,0,3,8.685e+08,1
1,347,77610000000,78765072294,12,32.6478,3,8.69525e+08,2
3,250,76480000000,77635072588,12,20.0987,3,8.69525e+08,2
3,94,2387840000000,2388995074091,12,0.134217,3,8.69525e+08,2
1,93,3303640000000,3303681216416,7,14.2242,3,8.683e+08,1
1,203,3313290000000,3314445072000,12,0,3,8.685e+08,1
2,121,79990000000,81145072519,12,7.77887,3,8.69525e+08,2
1,117,80350000000,80391216000,7,0,3,8.681e+08,1
3,142,2056310000000,2057465073181,12,2.70711,3,8.69525e+08,2
1,47,665620000000,666775072164,12,44.6209,3,8.69525e+08,2
1,347,1805560000000,1806715072294,12,-2.45416,3,8.69525e+08,2
2,217,659210000000,660365072000,12,0,3,8.69525e+08,2
4,137,1045910000000,1046198768000,10,0,3,8.685e+08,1
1,344,2014230000000,2015385072984,12,2.46416,3,8.69525e+08,2
4,252,420220000000,421375074428,12,-0.798858,3,8.69525e+08,2
4,374,425550000000,426127536000,11,0,3,8.681e+08,1
1,74,3307810000000,3307851216000,7,0,3,8.683e+08,1
1,166,376830000000,377985072462,12,8.63214,3,8.69525e+08,2
3,83,270990000000,272145072000,12,0,3,8.69525e+08,2
3,57,3119610000000,3120765073025,12,6.51172,3,8.69525e+08,2
4,81,3420690000000,3420772432000,8,0,3,8.681e+08,1
1,193,1315270000000,1316425072000,12,0,3,8.69525e+08,2
1,196,1859800000000,1859841216000,7,0,3,8.683e+08,1
4,130,92780000000,92821216000,7,0,3,8.685e+08,1
3,374,84870000000,85447536000,11,0,3,8.685e+08,1
4,189,1871410000000,1872565073106,12,-0.273528,3,8.69525e+08,2
1,307,88050000000,88091216334,7,20.8856,3,8.685e+08,1
3,28,602830000000,603985072659,12,-12.8524,3,8.69525e+08,2
4,211,791540000000,791622432517,8,14.08,3,8.681e+08,1
3,64,1860150000000,1861305072903,12,2.46457,3,8.69525e+08,2
4,223,1358260000000,1359415073650,12,-8.61909,3,8.685e+08,1
1,277,2833630000000,2833774384614,9,1.85945,3,8.685e+08,1
1,323,95320000000,95402432000,8,0,3,8.685e+08,1
4,91,1102800000000,1103955074550,12,-19.5936,3,8.69525e+08,2
4,205,306610000000,307765073267,12,-8.55731,3,8.69525e+08,2
1,137,3405020000000,3406175072000,12,0,3,8.69525e+08,2
4,176,619840000000,620995073012,12,16.8591,3,8.69525e+08,2
2,260,95090000000,96245073461,12,-0.15509,3,8.69525e+08,2
1,149,405880000000,407035072000,12,0,3,8.681e+08,1
2,34,402730000000,403885073019,12,-5.38879,3,8.69525e+08,2
2,14,401480000000,401521216000,7,0,3,8.681e+08,1
2,319,409280000000,409857537284,11,0.0545205,3,8.681e+08,1
1,14,1394370000000,1394411216124,7,-4.86093,3,8.685e+08,1
3,358,665390000000,665431216351,7,-6.2648,3,8.681e+08,1
1,205,2837870000000,2839025072099,12,20.5153,3,8.69525e+08,2
1,242,2795720000000,2795761216000,7,0,3,8.683e+08,1
4,48,813580000000,814735073672,12,0.304704,3,8.69525e+08,2
3,57,1988350000000,1988927536000,11,0,3,8.683e+08,1
4,290,1650400000000,1651555073195,12,10.4618,3,8.69525e+08,2
2,346,835270000000,836425073264,12,10.8025,3,8.69525e+08,2
3,191,631630000000,631712432000,8,0,3,8.681e+08,1
3,170,308700000000,309855073839,12,-5.47163,3,8.69525e+08,2
2,10,2167240000000,2167528768000,10,0,3,8.683e+08,1
3,323,2872670000000,2872752432000,8,0,3,8.683e+08,1
3,334,337070000000,338225072746,12,-1.66807,3,8.69525e+08,2
4,331,97400000000,97544384000,9,0,3,8.685e+08,1
1,370,102450000000,103605073574,12,11.073,3,8.69525e+08,2
4,22,805220000000,805261216536,7,-6.43976,3,8.681e+08,1
1,93,1677200000000,1678355072416,12,18.8251,3,8.69525e+08,2
1,14,1370770000000,1370811216124,7,9.80648,3,8.683e+08,1
4,7,105040000000,106195073953,12,-5.35777,3,8.69525e+08,2
3,18,348460000000,348604384000,9,0,3,8.681e+08,1
2,258,348850000000,350005072239,12,19.4397,3,8.69525e+08,2
3,219,102750000000,103905072000,12,0,3,8.69525e+08,2
2,30,106680000000,107835073327,12,5.63532,3,8.69525e+08,2
1,33,1785310000000,1786465072000,12,0,3,8.69525e+08,2
2,202,1352090000000,1353245072000,12,0,3,8.69525e+08,2
1,276,1257190000000,1258345072449,12,-0.674163,3,8.69525e+08,2
4,159,625370000000,625452432000,8,0,3,8.685e+08,1
2,192,573900000000,575055072938,12,1.45793,3,8.69525e+08,2
1,338,784600000000,784744384000,9,0,3,8.683e+08,1
4,388,1143260000000,1143342433577,8,-3.07284,3,8.685e+08,1
2,349,2351910000000,2351992432000,8,0,3,8.685e+08,1
1,166,111330000000,111371216462,7,-3.04141,3,8.685e+08,1
3,215,1317080000000,1318235072057,12,42.0348,3,8.69525e+08,2
3,378,619370000000,620525072280,12,29.556,3,8.69525e+08,2
3,380,1930920000000,1932075073596,12,10.7231,3,8.69525e+08,2
2,20,377190000000,377334384000,9,0,3,8.681e+08,1
2,262,1629750000000,1629791216346,7,5.08251,3,8.685e+08,1
3,68,1647780000000,1648935072798,12,-3.96414,3,8.69525e+08,2
3,353,118180000000,119335072000,12,0,3,8.69525e+08,2
2,174,3357940000000,3359095073635,12,2.76962,3,8.69525e+08,2
1,327,1388010000000,1389165073095,12,3.05437,3,8.69525e+08,2
1,328,114480000000,115635073107,12,4.44153,3,8.69525e+08,2
3,378,1074480000000,1074521216280,7,10.6682,3,8.685e+08,1
3,193,1410710000000,1411865072000,12,0,3,8.69525e+08,2
2,288,1838930000000,1839074385134,9,-4.72575,3,8.683e+08,1
1,366,1110980000000,1111557537399,11,-2.37215,3,8.685e+08,1
3,93,1112710000000,1113865073566,12,0.364076,3,8.69525e+08,2
4,175,393270000000,394425073035,12,-12.4968,3,8.69525e+08,2
4,206,1658570000000,1658652433857,8,-8.69096,3,8.683e+08,1
1,233,1149600000000,1150755073204,12,4.4384,3,8.69525e+08,2
2,271,559370000000,560525072000,12,0,3,8.69525e+08,2
3,30,386740000000,387895074188,12,-18.2588,3,8.69525e+08,2
4,404,3112090000000,3113245072840,12,12.0033,3,8.69525e+08,2
2,363,310170000000,311325072783,12,16.5472,3,8.69525e+08,2
2,121,3180730000000,3180874384519,9,-7.05479,3,8.683e+08,1
3,143,2518540000000,2519117536000,11,0,3,8.683e+08,1
2,214,119230000000,120385072619,12,1.50481,3,8.69525e+08,2
3,358,2577660000000,2577701216351,7,-2.9032,3,8.683e+08,1
4,313,1140520000000,1141675072000,12,0,3,8.69525e+08,2
2,331,2783310000000,2783454384602,9,6.30566,3,8.683e+08,1
1,183,1051110000000,1051687536000,11,0,3,8.685e+08,1
4,154,406800000000,407955072000,12,0,3,8.69525e+08,2
3,236,2087530000000,2087612433311,8,-7.30458,3,8.685e+08,1
2,198,2803840000000,2804417536000,11,0,3,8.683e+08,1
2,143,3100920000000,3102075074385,12,-14.6102,3,8.69525e+08,2
4,65,1280830000000,1280912432528,8,9.60024,3,8.685e+08,1
2,20,1816940000000,1818095072000,12,0,3,8.69525e+08,2
3,63,364250000000,364394384607,9,7.32099,3,8.681e+08,1
4,31,363740000000,364317536000,11,0,3,8.681e+08,1
2,230,364580000000,365735072031,12,13.7798,3,8.69525e+08,2
3,197,1851890000000,1853045072000,12,0,3,8.681e+08,1
1,150,1232690000000,1233845072913,12,6.76596,3,8.69525e+08,2
1,383,391620000000,392775072446,12,15.7216,3,8.69525e+08,2
3,77,1126370000000,1127525072689,12,5.8185,3,8.69525e+08,2
1,114,2534540000000,2535695073246,12,-2.23161,3,8.69525e+08,2
3,10,902420000000,903575072852,12,6.74876,3,8.69525e+08,2
1,313,2850070000000,2850647536000,11,0,3,8.681e+08,1
2,380,868620000000,869775072000,12,0,3,8.69525e+08,2
1,237,119860000000,119901216000,7,0,3,8.685e+08,1
2,395,1999080000000,2000235073110,12,13.6112,3,8.69525e+08,2
1,25,1898970000000,1900125072000,12,0,3,8.69525e+08,2
1,260,1176460000000,1177615072000,12,0,3,8.69525e+08,2
4,211,121120000000,121202432517,8,-3.89096,3,8.685e+08,1
4,148,826880000000,828035073375,12,-5.54394,3,8.69525e+08,2
2,45,727860000000,727942432817,8,-9.01921,3,8.685e+08,1
4,327,127360000000,128515073312,12,-3.91687,3,8.69525e+08,2
1,54,124420000000,124502432000,8,0,3,8.685e+08,1
3,379,1251580000000,1252735072709,12,3.94817,3,8.69525e+08,2
4,204,2644020000000,2645175073779,12,-15.1555,3,8.69525e+08,2
3,381,838560000000,839715072613,12,6.84041,3,8.69525e+08,2
1,176,2083270000000,2084425072000,12,0,3,8.69525e+08,2
1,17,424790000000,425945073660,12,5.54338,3,8.69525e+08,2
4,318,2390660000000,2391815072000,12,0,3,8.69525e+08,2
3,338,129870000000,131025072849,12,5.1595,3,8.69525e+08,2
1,340,126250000000,127405072400,12,3.41786,3,8.69525e+08,2
2,207,3423670000000,3424825073720,12,5.05077,3,8.69525e+08,2
2,193,812470000000,812552432868,8,-2.71945,3,8.681e+08,1
1,237,813690000000,813731216000,7,0,3,8.681e+08,1
3,100,2039450000000,2040605074271,12,6.01366,3,8.69525e+08,2
2,85,794650000000,795805072229,12,22.0985,3,8.69525e+08,2
2,334,2873970000000,2875125073882,12,-5.519,3,8.69525e+08,2
1,104,3119000000000,3119041216000,7,0,3,8.683e+08,1
2,391,742330000000,743485072000,12,0,3,8.69525e+08,2
2,30,131360000000,132515073327,12,-2.79771,3,8.69525e+08,2
4,64,129720000000,129802432000,8,0,3,8.685e+08,1
1,189,344780000000,345068768000,10,0,3,8.681e+08,1
2,349,1669080000000,1669162432000,8,0,3,8.681e+08,1
3,112,1094870000000,1096025072000,12,0,3,8.683e+08,1
3,196,517720000000,517761216000,7,0,3,8.681e+08,1
3,29,2172000000000,2172577536000,11,0,3,8.681e+08,1
4,197,2033930000000,2035085073409,12,-6.12918,3,8.69525e+08,2
2,233,547390000000,548545073822,12,-1.15835,3,8.69525e+08,2
2,255,572560000000,572848768000,10,0,3,8.681e+08,1
4,346,1633760000000,1634915072000,12,0,3,8.69525e+08,2
3,295,634700000000,635855072552,12,18.4331,3,8.69525e+08,2
1,125,523280000000,523321216000,7,0,3,8.681e+08,1
3,124,2810860000000,2810942432000,8,0,3,8.685e+08,1
4,119,727960000000,729115072469,12,15.8723,3,8.69525e+08,2
1,238,135450000000,135594384680,9,-0.899505,3,8.685e+08,1
1,54,138780000000,139935072876,12,-12.667,3,8.69525e+08,2
2,308,140080000000,140121216151,7,5.05055,3,8.685e+08,1
4,363,1591400000000,1592555072510,12,11.3941,3,8.69525e+08,2
4,88,279520000000,280675072000,12,0,3,8.69525e+08,2
1,322,3129380000000,3129524385561,9,-6.21812,3,8.683e+08,1
4,66,1093990000000,1094031217491,7,-2.88158,3,8.681e+08,1
2,308,803980000000,804021216151,7,5.79035,3,8.685e+08,1
3,188,2349250000000,2350405074200,12,-9.48318,3,8.69525e+08,2
4,39,1983380000000,1984535073357,12,-10.3474,3,8.69525e+08,2
2,256,2901330000000,2901371216350,7,0.00677572,3,8.683e+08,1
2,290,143520000000,144675072856,12,10.418,3,8.69525e+08,2
4,290,2817650000000,2818805073195,12,10.4388,3,8.69525e+08,2
3,373,1790170000000,1790314384962,9,7.09223,3,8.683e+08,1
4,65,143640000000,144795072528,12,15.4731,3,8.69525e+08,2
1,222,615110000000,616265072177,12,16.3606,3,8.69525e+08,2
1,172,840440000000,841595074644,12,-14.4982,3,8.685e+08,1
2,41,849820000000,850975072000,12,0,3,8.69525e+08,2
3,289,385410000000,386565073421,12,-8.56161,3,8.681e+08,1
2,344,1151960000000,1153115072000,12,0,3,8.69525e+08,2
4,203,1155500000000,1156655072000,12,0,3,8.685e+08,1
4,343,2009980000000,2011135072259,12,15.7766,3,8.69525e+08,2
3,77,3583340000000,3584495072689,12,-2.1559,3,8.69525e+08,2
4,50,141410000000,141451216000,7,0,3,8.685e+08,1
1,63,252120000000,253275072815,12,3.95184,3,8.69525e+08,2
1,298,1928380000000,1928421216353,7,4.51715,3,8.681e+08,1
3,137,868160000000,869315072993,12,12.2028,3,8.69525e+08,2
3,125,662800000000,663955073181,12,9.19943,3,8.69525e+08,2
3,130,1247490000000,1247531216000,7,0,3,8.685e+08,1
4,255,2867190000000,2868345072712,12,-11.2157,3,8.69525e+08,2
3,233,1285640000000,1286795072655,12,-18.4454,3,8.69525e+08,2
4,153,757990000000,758278768000,10,0,3,8.681e+08,1
4,84,2791810000000,2792965072769,12,-7.83838,3,8.69525e+08,2
3,80,142760000000,143915072000,12,0,3,8.69525e+08,2
1,183,149940000000,150517538835,11,-3.23471,3,8.685e+08,1
4,264,853530000000,854685073110,12,11.4383,3,8.69525e+08,2
4,90,1627830000000,1628118768000,10,0,3,8.681e+08,1
1,275,532760000000,533915072568,12,0.280351,3,8.69525e+08,2
1,223,519950000000,521105073563,12,3.75986,3,8.69525e+08,2
1,341,2785660000000,2785742432000,8,0,3,8.681e+08,1
3,334,559250000000,560405072000,12,0,3,8.69525e+08,2
3,216,1834300000000,1835455073420,12,9.46111,3,8.69525e+08,2
3,87,2046490000000,2046778768000,10,0,3,8.683e+08,1
1,309,2115470000000,2116625073584,12,-6.52705,3,8.69525e+08,2
4,141,2118720000000,2119297538058,11,-9.07158,3,8.683e+08,1
3,91,1638920000000,1639208769043,10,-14.0178,3,8.683e+08,1
1,239,577860000000,579015073003,12,-6.78992,3,8.69525e+08,2
4,221,2060250000000,2060827536000,11,0,3,8.681e+08,1
2,214,1267630000000,1267774384619,9,3.43849,3,8.681e+08,1
3,338,752710000000,753865072849,12,0.301637,3,8.69525e+08,2
3,138,2204290000000,2205445072589,12,-8.92381,3,8.69525e+08,2
4,44,1895560000000,1896715073631,12,-2.6607,3,8.69525e+08,2
2,337,672960000000,674115073682,12,14.6832,3,8.69525e+08,2
3,167,672120000000,672161216398,7,3.95595,3,8.685e+08,1
1,351,1895830000000,1895912432000,8,0,3,8.685e+08,1
2,58,268650000000,268691216000,7,0,3,8.685e+08,1
2,370,1112410000000,1113565074779,12,-11.4747,3,8.685e+08,1
2,246,1184910000000,1186065072626,12,7.45615,3,8.69525e+08,2
4,48,148130000000,148418768000,10,0,3,8.685e+08,1
2,89,149560000000,150137537653,11,2.51662,3,8.685e+08,1
2,370,534070000000,535225074779,12,-2.44594,3,8.69525e+08,2
2,34,1807130000000,1807418769019,10,-0.481826,3,8.685e+08,1
3,287,1265100000000,1265141216000,7,0,3,8.685e+08,1
3,128,3190700000000,3190782432000,8,0,3,8.683e+08,1
1,80,1575620000000,1576775072107,12,43.2346,3,8.69525e+08,2
2,245,2042160000000,2043315073683,12,1.7892,3,8.69525e+08,2
3,68,155380000000,155668768798,10,-9.92248,3,8.685e+08,1
3,220,150950000000,150991216577,7,-5.78992,3,8.685e+08,1
4,30,156040000000,157195072695,12,-7.86743,3,8.69525e+08,2
1,112,155160000000,156315074689,12,10.0917,3,8.69525e+08,2
3,271,159190000000,160345072952,12,13.133,3,8.69525e+08,2
3,389,550410000000,550554384980,9,-10.4834,3,8.681e+08,1
1,279,2810350000000,2810391216000,7,0,3,8.685e+08,1
3,352,3384890000000,3386045072000,12,0,3,8.69525e+08,2
2,72,3384240000000,3385395074022,12,10.1948,3,8.69525e+08,2
3,334,1807160000000,1807448768746,10,6.11751,3,8.683e+08,1
3,96,1172210000000,1173365072376,12,25.6505,3,8.69525e+08,2
2,263,340240000000,340528768000,10,0,3,8.681e+08,1
2,90,157660000000,158815073029,12,10.4856,3,8.69525e+08,2
2,80,756700000000,757855072000,12,0,3,8.69525e+08,2
4,141,763850000000,765005074058,12,-17.9279,3,8.69525e+08,2
3,11,2367890000000,2368178768000,10,0,3,8.683e+08,1
3,391,1239020000000,1240175072137,12,37.4034,3,8.69525e+08,2
4,302,673130000000,674285072000,12,0,3,8.69525e+08,2
2,142,337170000000,338325073286,12,-13.8572,3,8.69525e+08,2
2,307,1582840000000,1583995073350,12,-10.3575,3,8.69525e+08,2
3,57,2538880000000,2540035073025,12,0.498505,3,8.69525e+08,2
1,238,1622710000000,1622854384000,9,0,3,8.683e+08,1
3,17,1356180000000,1357335073084,12,-4.42885,3,8.683e+08,1
2,142,1882550000000,1883705073286,12,-5.15402,3,8.69525e+08,2
2,216,3506560000000,3506601216000,7,0,3,8.683e+08,1
4,284,3341600000000,3341682432000,8,0,3,8.683e+08,1
2,401,649950000000,650238768000,10,0,3,8.685e+08,1
2,42,3143730000000,3144885072352,12,23.1654,3,8.69525e+08,2
2,239,378320000000,379475072666,12,-3.84598,3,8.69525e+08,2
4,94,1883270000000,1884425073491,12,3.64055,3,8.69525e+08,2
1,278,291480000000,292635073357,12,19.4724,3,8.69525e+08,2
1,168,167000000000,168155073016,12,18.4813,3,8.69525e+08,2
4,177,171740000000,172895072354,12,24.3102,3,8.69525e+08,2
3,85,336940000000,336981216000,7,0,3,8.685e+08,1
4,84,178870000000,179158768769,10,-0.328353,3,8.685e+08,1
3,347,177170000000,178325073473,12,-17.6263,3,8.69525e+08,2
2,186,1856660000000,1856804384529,9,4.66914,3,8.681e+08,1
2,318,1099250000000,1099291216322,7,5.17496,3,8.683e+08,1
1,47,2368020000000,2369175072164,12,30.6102,3,8.69525e+08,2
3,284,2596680000000,2596762432555,8,-8.28053,3,8.685e+08,1
2,225,528470000000,528758768000,10,0,3,8.685e+08,1
1,74,181340000000,182495072695,12,27.9782,3,8.69525e+08,2
2,64,2371410000000,2372565072638,12,-14.407,3,8.69525e+08,2
2,337,182000000000,183155073682,12,-15.3248,3,8.69525e+08,2
3,360,767830000000,768985072775,12,-0.210036,3,8.69525e+08,2
4,278,601790000000,602945072481,12,26.6377,3,8.69525e+08,2
1,325,317520000000,318675073651,12,9.85176,3,8.69525e+08,2
3,368,228340000000,229495072905,12,12.5381,3,8.69525e+08,2
3,113,184830000000,184871216167,7,11.1624,3,8.685e+08,1
4,193,183420000000,184575072796,12,-15.8108,3,8.69525e+08,2
1,43,410750000000,411905073293,12,-15.4754,3,8.69525e+08,2
1,341,2703860000000,2705015072953,12,3.37117,3,8.69525e+08,2
3,289,589190000000,590345073421,12,1.51904,3,8.69525e+08,2
3,17,786870000000,788025072000,12,0,3,8.69525e+08,2
4,217,840250000000,841405074364,12,-18.4105,3,8.69525e+08,2
3,318,2426550000000,2427705073279,12,-19.0171,3,8.69525e+08,2
3,323,543170000000,544325072679,12,0.337952,3,8.69525e+08,2
2,175,414430000000,415585072880,12,-3.10336,3,8.69525e+08,2
4,158,1235600000000,1236755072428,12,29.6673,3,8.69525e+08,2
2,322,1371720000000,1372875073683,12,7.9005,3,8.69525e+08,2
1,108,1377380000000,1377524384000,9,0,3,8.685e+08,1
1,201,2389710000000,2390865074031,12,13.2174,3,8.69525e+08,2
4,270,1846140000000,1847295072966,12,-3.45505,3,8.69525e+08,2
2,388,598320000000,599475074325,12,-12.5134,3,8.69525e+08,2
3,291,191300000000,191341216089,7,21.1948,3,8.685e+08,1
1,383,2589530000000,2590685072446,12,-13.16,3,8.69525e+08,2
3,173,188820000000,189975074440,12,-10.511,3,8.69525e+08,2
1,310,825560000000,826715072977,12,2.85941,3,8.69525e+08,2
1,260,3589490000000,3589778770352,10,-9.93843,3,8.683e+08,1
4,368,2831180000000,2832335074250,12,16.1037,3,8.69525e+08,2
3,52,850820000000,851975074458,12,-7.2435,3,8.69525e+08,2
3,252,296570000000,297725073318,12,-13.6711,3,8.69525e+08,2
4,49,2805480000000,2806635072570,12,16.7842,3,8.69525e+08,2
2,39,1074340000000,1074381216000,7,0,3,8.681e+08,1
1,333,193760000000,194915073638,12,-6.95051,3,8.69525e+08,2
2,215,1100420000000,1101575073158,12,3.56456,3,8.69525e+08,2
1,151,2817200000000,2817282433683,8,-8.4577,3,8.683e+08,1
3,11,1346540000000,1347695073073,12,-1.35167,3,8.69525e+08,2
2,183,1347760000000,1348337536000,11,0,3,8.683e+08,1
3,224,196600000000,196744384000,9,0,3,8.681e+08,1
3,381,1576020000000,1576061216000,7,0,3,8.683e+08,1
4,127,345920000000,346064384000,9,0,3,8.685e+08,1
4,296,1334940000000,1336095073351,12,-13.2152,3,8.69525e+08,2
3,239,1267730000000,1268885072885,12,-3.93198,3,8.69525e+08,2
2,272,281710000000,282287538024,11,-5.61705,3,8.685e+08,1
3,198,842300000000,842877537088,11,20.0246,3,8.681e+08,1
4,21,209730000000,210018768000,10,0,3,8.685e+08,1
2,248,197380000000,198535072849,12,15.1089,3,8.69525e+08,2
2,282,1636120000000,1637275073147,12,-19.6894,3,8.69525e+08,2
2,91,1235100000000,1235388768000,10,0,3,8.685e+08,1
1,47,2635280000000,2636435072164,12,26.698,3,8.69525e+08,2
4,36,2091810000000,2092965072806,12,1.61997,3,8.69525e+08,2
4,275,1600990000000,1601031216000,7,0,3,8.685e+08,1
3,165,1586750000000,1586894385845,9,-6.73285,3,8.685e+08,1
3,147,200750000000,201905072634,12,1.51105,3,8.69525e+08,2
1,344,217380000000,218535072984,12,-2.09436,3,8.69525e+08,2
4,210,201320000000,202475072312,12,14.5928,3,8.69525e+08,2
4,197,809630000000,810785073409,12,-17.7543,3,8.681e+08,1
1,307,651110000000,651151216334,7,-3.95972,3,8.681e+08,1
4,322,658370000000,659525072000,12,0,3,8.69525e+08,2
4,369,1127200000000,1128355072000,12,0,3,8.69525e+08,2
4,303,614890000000,614972433617,8,-7.58903,3,8.681e+08,1
2,379,1388980000000,1390135072000,12,0,3,8.69525e+08,2
1,44,527790000000,528945072000,12,0,3,8.681e+08,1
1,322,848680000000,849835072000,12,0,3,8.69525e+08,2
2,29,210670000000,211247537335,11,-14.5194,3,8.685e+08,1
1,289,205370000000,206525072920,12,0.429368,3,8.69525e+08,2
4,168,3196130000000,3197285072000,12,0,3,8.69525e+08,2
3,63,527950000000,528094384000,9,0,3,8.681e+08,1
1,14,786860000000,788015072124,12,19.7532,3,8.69525e+08,2
1,33,210320000000,210464384000,9,0,3,8.681e+08,1
2,203,212300000000,213455073502,12,-2.82048,3,8.69525e+08,2
3,7,212220000000,212261216489,7,2.03339,3,8.681e+08,1
3,148,399730000000,400885074517,12,-2.23163,3,8.69525e+08,2
1,369,1046680000000,1047835073097,12,-10.9965,3,8.69525e+08,2
1,205,627130000000,628285072099,12,27.903,3,8.69525e+08,2
1,149,224840000000,225995072000,12,0,3,8.685e+08,1
1,35,1374630000000,1375785072000,12,0,3,8.69525e+08,2
4,186,1177150000000,1178305072679,12,4.59595,3,8.69525e+08,2
4,383,379740000000,380895073621,12,-17.132,3,8.69525e+08,2
1,200,381610000000,381651216289,7,-5.57294,3,8.681e+08,1
1,244,1121600000000,1122755072439,12,8.38211,3,8.69525e+08,2
1,138,799270000000,799352432000,8,0,3,8.681e+08,1
2,22,797440000000,797481216000,7,0,3,8.681e+08,1
4,156,1321400000000,1321688768000,10,0,3,8.685e+08,1
1,197,2577060000000,2578215072000,12,0,3,8.69525e+08,2
4,223,2611980000000,2613135073650,12,-5.50706,3,8.69525e+08,2
1,307,566000000000,567155072334,12,8.82262,3,8.69525e+08,2
2,267,1134720000000,1135875072000,12,0,3,8.69525e+08,2
3,128,3453880000000,3455035072798,12,6.40427,3,8.69525e+08,2
4,236,631830000000,632985074020,12,-6.99141,3,8.69525e+08,2
2,307,1104400000000,1104441216000,7,0,3,8.685e+08,1
2,383,371550000000,371591216000,7,0,3,8.681e+08,1
3,84,2686190000000,2687345072000,12,0,3,8.69525e+08,2
3,122,573230000000,573807537298,11,-14.1352,3,8.681e+08,1
2,192,1784320000000,1785475072000,12,0,3,8.69525e+08,2
4,257,216230000000,217385073771,12,9.50562,3,8.69525e+08,2
3,137,215520000000,216675072993,12,-14.6869,3,8.69525e+08,2
1,31,2180570000000,2181725073385,12,-10.2614,3,8.69525e+08,2
2,331,1623560000000,1624715072602,12,13.6609,3,8.69525e+08,2
3,88,1822490000000,1823645072265,12,20.2301,3,8.69525e+08,2
3,378,1367320000000,1368475072280,12,33.9873,3,8.69525e+08,2
4,148,1663490000000,1664645073375,12,10.1213,3,8.69525e+08,2
4,207,635650000000,635938768605,10,-14.5014,3,8.681e+08,1
2,166,637330000000,638485073755,12,12.33,3,8.69525e+08,2
1,130,1663140000000,1664295072489,12,15.624,3,8.69525e+08,2
4,260,1668840000000,1669128769190,10,-13.0932,3,8.681e+08,1
2,57,2206130000000,2207285073610,12,1.81302,3,8.69525e+08,2
1,390,3560420000000,3561575074010,12,-4.53938,3,8.69525e+08,2
4,133,1250620000000,1251775073376,12,-8.08861,3,8.69525e+08,2
2,25,2598060000000,2599215072268,12,13.9669,3,8.69525e+08,2
2,133,274720000000,274761216253,7,1.15289,3,8.685e+08,1
4,163,3199790000000,3200078768000,10,0,3,8.683e+08,1
3,295,648070000000,649225072552,12,7.40506,3,8.69525e+08,2
3,290,218470000000,218614384000,9,0,3,8.681e+08,1
3,339,1335610000000,1335754384000,9,0,3,8.685e+08,1
2,299,1410040000000,1411195072542,12,-16.9212,3,8.69525e+08,2
1,276,1410320000000,1410402432000,8,0,3,8.683e+08,1
2,279,224910000000,226065073042,12,-10.6643,3,8.69525e+08,2
2,287,2405930000000,2407085072604,12,-1.90787,3,8.69525e+08,2
1,47,860270000000,861425072164,12,30.8256,3,8.69525e+08,2
3,323,2835760000000,2836915072679,12,-8.94992,3,8.69525e+08,2
1,98,738140000000,739295072521,12,16.3434,3,8.69525e+08,2
4,61,902490000000,903645072000,12,0,3,8.69525e+08,2
1,168,828470000000,828552433016,8,-9.58656,3,8.681e+08,1
3,344,822000000000,823155072766,12,-14.4027,3,8.69525e+08,2
3,314,2599610000000,2600765073531,12,-18.7005,3,8.69525e+08,2
3,306,322350000000,322494385987,9,-11.6587,3,8.685e+08,1
4,395,1675150000000,1676305074139,12,-15.1229,3,8.69525e+08,2
1,257,1625930000000,1627085072893,12,1.1187,3,8.69525e+08,2
3,58,2121840000000,2122995072932,12,9.5708,3,8.69525e+08,2
3,381,1350870000000,1350911216613,7,13.3941,3,8.685e+08,1
2,362,1289460000000,1290037536000,11,0,3,8.685e+08,1
4,270,230030000000,231185072966,12,-4.51135,3,8.69525e+08,2
3,401,233780000000,234068768000,10,0,3,8.685e+08,1
4,300,242610000000,243765073053,12,4.18892,3,8.69525e+08,2
1,129,239660000000,240815073442,12,8.88776,3,8.69525e+08,2
4,265,240710000000,240751217048,7,7.84346,3,8.685e+08,1
2,380,242850000000,244005073458,12,-10.8293,3,8.69525e+08,2
3,154,242320000000,243475072000,12,0,3,8.69525e+08,2
3,14,258170000000,259325072000,12,0,3,8.69525e+08,2
4,284,248390000000,248472432000,8,0,3,8.685e+08,1
4,302,260800000000,260944384000,9,0,3,8.681e+08,1
2,96,258470000000,259625072000,12,0,3,8.69525e+08,2
1,266,1135440000000,1136595072000,12,0,3,8.69525e+08,2
3,119,1067310000000,1067351217873,7,-6.95492,3,8.685e+08,1
4,29,2379400000000,2379977537053,11,-17.5754,3,8.685e+08,1
3,88,1879820000000,1880975072265,12,21.2762,3,8.69525e+08,2
1,303,675280000000,675362432449,8,-0.0277091,3,8.681e+08,1
4,23,672040000000,672328768000,10,0,3,8.681e+08,1
2,287,429230000000,430385072604,12,-3.82234,3,8.69525e+08,2
3,375,1899280000000,1900435072132,12,15.5482,3,8.69525e+08,2
2,45,1080510000000,1080592432000,8,0,3,8.683e+08,1
4,117,3353560000000,3353601216000,7,0,3,8.683e+08,1
3,84,2136000000000,2137155074122,12,2.94472,3,8.69525e+08,2
2,6,2024780000000,2025935074320,12,-6.95605,3,8.69525e+08,2
3,297,2631210000000,2632365074245,12,-10.3211,3,8.69525e+08,2
4,156,434190000000,435345073029,12,8.19016,3,8.69525e+08,2
3,122,442380000000,443535073298,12,6.3746,3,8.69525e+08,2
2,206,1634940000000,1635022432000,8,0,3,8.685e+08,1
1,366,440130000000,441285073399,12,-1.36586,3,8.69525e+08,2
2,313,440900000000,442055072000,12,0,3,8.69525e+08,2
3,327,740590000000,741745072397,12,-0.688796,3,8.69525e+08,2
4,236,3585230000000,3586385074020,12,-11.178,3,8.69525e+08,2
2,308,2627850000000,2629005072151,12,43.4611,3,8.69525e+08,2
1,63,657060000000,657204384000,9,0,3,8.685e+08,1
1,141,897550000000,898705072000,12,0,3,8.69525e+08,2
4,128,1302350000000,1303505072000,12,0,3,8.69525e+08,2
3,114,3384210000000,3384292432000,8,0,3,8.683e+08,1
4,352,1996430000000,1997585072000,12,0,3,8.69525e+08,2
3,341,2077610000000,2077692432552,8,-8.14368,3,8.685e+08,1
4,312,1163710000000,1164865073098,12,-13.3908,3,8.69525e+08,2
3,219,879740000000,880895073318,12,16.4402,3,8.69525e+08,2
4,262,2885340000000,2886495073459,12,-12.3009,3,8.69525e+08,2
3,141,2457220000000,2458375073713,12,11.9889,3,8.69525e+08,2
4,6,450280000000,451435074543,12,-9.02986,3,8.69525e+08,2
1,312,452610000000,453765074221,12,-17.4491,3,8.69525e+08,2
1,200,641690000000,642845072289,12,24.116,3,8.69525e+08,2
3,327,567570000000,567611216397,7,-6.91669,3,8.685e+08,1
2,154,585860000000,587015074423,12,-10.9897,3,8.69525e+08,2
1,339,912360000000,913515072773,12,8.57585,3,8.69525e+08,2
3,309,905640000000,905928768000,10,0,3,8.685e+08,1
4,369,916300000000,917455072918,12,9.48641,3,8.69525e+08,2
2,377,3297690000000,3297978769530,10,-6.06415,3,8.681e+08,1
3,184,454380000000,455535072000,12,0,3,8.69525e+08,2
4,230,1075710000000,1075751216000,7,0,3,8.685e+08,1
4,288,1389730000000,1390885073122,12,10.0669,3,8.69525e+08,2
1,89,1650660000000,1651815072000,12,0,3,8.69525e+08,2
2,165,1276850000000,1278005072000,12,0,3,8.69525e+08,2
2,171,457350000000,458505072904,12,21.2791,3,8.69525e+08,2
1,242,1612360000000,1612401216000,7,0,3,8.685e+08,1
4,90,3435970000000,3437125073156,12,-4.43787,3,8.69525e+08,2
2,61,1253030000000,1254185073864,12,2.9975,3,8.69525e+08,2
4,57,3361950000000,3362527536000,11,0,3,8.683e+08,1
4,155,559200000000,560355072553,12,16.3777,3,8.69525e+08,2
1,74,1161770000000,1162925072695,12,-4.34408,3,8.69525e+08,2
2,386,2056170000000,2057325072765,12,1.89311,3,8.69525e+08,2
3,329,1273230000000,1273807537232,11,7.3225,3,8.681e+08,1
1,275,3092180000000,3092221216568,7,-4.75368,3,8.681e+08,1
2,272,1803240000000,1804395074024,12,-2.06515,3,8.69525e+08,2
4,276,465330000000,466485072815,12,1.903,3,8.69525e+08,2
4,149,2538280000000,2539435073349,12,-11.7021,3,8.683e+08,1
2,241,468210000000,468251216000,7,0,3,8.681e+08,1
3,302,469560000000,470715072000,12,0,3,8.69525e+08,2
1,144,477060000000,478215073360,12,-13.1206,3,8.69525e+08,2
2,91,471430000000,472585073631,12,-9.99832,3,8.69525e+08,2
2,318,484910000000,484951216322,7,-4.79433,3,8.681e+08,1
2,400,475590000000,475631216261,7,16.0269,3,8.681e+08,1
4,210,482630000000,483785072312,12,3.21674,3,8.69525e+08,2
4,166,486690000000,486731216000,7,0,3,8.681e+08,1
3,327,487380000000,488535072397,12,3.43559,3,8.69525e+08,2
2,180,497420000000,498575074516,12,-14.4748,3,8.69525e+08,2
2,372,491350000000,491432434131,8,-5.86475,3,8.681e+08,1
1,267,490490000000,491645072204,12,16.1012,3,8.69525e+08,2
4,130,491770000000,491811217338,7,5.19014,3,8.681e+08,1
3,390,501030000000,501174384923,9,-12.6362,3,8.681e+08,1
4,270,496290000000,496331216000,7,0,3,8.681e+08,1
4,29,505870000000,506447537053,11,-5.2998,3,8.681e+08,1
1,351,506230000000,507385072856,12,4.70802,3,8.69525e+08,2
3,167,507340000000,508495072398,12,14.843,3,8.69525e+08,2
2,43,509940000000,511095072395,12,6.5186,3,8.69525e+08,2
2,318,506900000000,506941216322,7,-1.69026,3,8.685e+08,1
4,98,524730000000,525885073458,12,-8.68898,3,8.69525e+08,2
2,155,518230000000,518312432000,8,0,3,8.681e+08,1
4,42,512290000000,513445073311,12,6.68434,3,8.69525e+08,2
2,331,2808980000000,2810135072602,12,13.1376,3,8.69525e+08,2
2,270,2013000000000,2014155072224,12,8.56316,3,8.69525e+08,2
1,143,1646270000000,1646847536000,11,0,3,8.685e+08,1
2,11,2146630000000,2147785074106,12,-1.13916,3,8.69525e+08,2
4,272,2104250000000,2105405072879,12,10.7944,3,8.69525e+08,2
4,167,2685900000000,2687055072000,12,0,3,8.69525e+08,2
1,392,3304890000000,3306045072820,12,3.98535,3,8.69525e+08,2
1,22,2026480000000,2027635072661,12,-7.07979,3,8.69525e+08,2
3,21,3109650000000,3109938768000,10,0,3,8.683e+08,1
4,210,687690000000,688845072312,12,10.9487,3,8.69525e+08,2
4,59,2165920000000,2167075072696,12,7.62496,3,8.69525e+08,2
2,325,2515320000000,2516475074289,12,-18.3025,3,8.685e+08,1
4,33,2919400000000,2920555072000,12,0,3,8.69525e+08,2
2,49,2132470000000,2133625072873,12,-5.68495,3,8.69525e+08,2
1,61,2129980000000,2131135072581,12,24.9775,3,8.69525e+08,2
2,230,1302740000000,1303895072031,12,51.2254,3,8.69525e+08,2
3,64,1301710000000,1302865072000,12,0,3,8.69525e+08,2
3,11,1396160000000,1397315073073,12,-0.255279,3,8.69525e+08,2
2,170,3116120000000,3117275072661,12,2.75195,3,8.69525e+08,2
2,254,910190000000,911345073989,12,6.66843,3,8.69525e+08,2
1,229,678630000000,679785072000,12,0,3,8.69525e+08,2
3,325,688530000000,689685072000,12,0,3,8.69525e+08,2
3,322,682050000000,682194384566,9,5.208,3,8.681e+08,1
4,108,1419100000000,1420255073872,12,11.8917,3,8.69525e+08,2
3,392,2851780000000,2852935072444,12,33.6508,3,8.69525e+08,2
1,175,1440760000000,1441915072000,12,0,3,8.69525e+08,2
3,351,2163740000000,2163822432000,8,0,3,8.683e+08,1
2,9,693070000000,694225073794,12,-19.5113,3,8.69525e+08,2
2,153,1664880000000,1666035072881,12,6.41759,3,8.69525e+08,2
3,215,2176700000000,2177855072057,12,45.2804,3,8.69525e+08,2
3,87,1810580000000,1811735072917,12,3.7076,3,8.69525e+08,2
1,289,1062680000000,1063835072920,12,-0.220885,3,8.69525e+08,2
4,394,2917440000000,2917584384000,9,0,3,8.685e+08,1
4,381,699490000000,700645073093,12,2.86101,3,8.69525e+08,2
2,133,689420000000,689461216253,7,14.3707,3,8.681e+08,1
1,43,694780000000,694821216000,7,0,3,8.685e+08,1
3,393,1983760000000,1983801216927,7,-6.19047,3,8.681e+08,1
4,30,2894910000000,2895054384000,9,0,3,8.683e+08,1
2,143,1881020000000,1881597536000,11,0,3,8.683e+08,1
1,41,2649600000000,2650755072977,12,-15.5657,3,8.69525e+08,2
2,236,1121210000000,1122365072850,12,5.94698,3,8.69525e+08,2
3,147,1141010000000,1142165072634,12,5.19595,3,8.69525e+08,2
4,153,1291840000000,1292128768963,10,-4.06029,3,8.681e+08,1
1,260,805050000000,806205072000,12,0,3,8.69525e+08,2
2,220,806950000000,808105073700,12,-6.37805,3,8.69525e+08,2
2,338,1264810000000,1265965073295,12,0.60756,3,8.69525e+08,2
1,122,2363640000000,2364217536000,11,0,3,8.685e+08,1
2,313,2752360000000,2753515074822,12,-15.799,3,8.69525e+08,2
3,352,2097600000000,2098177537223,11,-9.27829,3,8.685e+08,1
1,259,2104670000000,2105825072000,12,0,3,8.681e+08,1
3,338,1329740000000,1330895072000,12,0,3,8.69525e+08,2
2,71,1330560000000,1331715072000,12,0,3,8.69525e+08,2
4,329,1810320000000,1811475072000,12,0,3,8.69525e+08,2
1,129,1326920000000,1328075073442,12,-9.61444,3,8.69525e+08,2
4,65,1082670000000,1082752432000,8,0,3,8.681e+08,1
2,148,1985150000000,1986305072000,12,0,3,8.69525e+08,2
4,168,1375440000000,1376595072605,12,2.3322,3,8.69525e+08,2
1,143,705120000000,705697536000,11,0,3,8.681e+08,1
4,363,2120630000000,2121785072510,12,-1.82226,3,8.69525e+08,2
3,96,2094410000000,2095565072376,12,16.942,3,8.69525e+08,2
2,176,2646880000000,2648035073085,12,22.6423,3,8.69525e+08,2
3,113,2869350000000,2870505072167,12,29.3524,3,8.69525e+08,2
4,401,1072040000000,1073195072837,12,13.0507,3,8.69525e+08,2
1,242,871960000000,873115073399,12,4.97543,3,8.69525e+08,2
3,250,696530000000,696571216000,7,0,3,8.681e+08,1
1,47,697390000000,698545072164,12,34.4336,3,8.69525e+08,2
2,124,707920000000,708002432000,8,0,3,8.681e+08,1
2,304,697890000000,697931216000,7,0,3,8.681e+08,1
4,341,702150000000,702232432000,8,0,3,8.681e+08,1
1,105,699870000000,699911216542,7,13.8808,3,8.681e+08,1
3,319,701500000000,702655074459,12,-6.7594,3,8.69525e+08,2
1,154,723710000000,724865072755,12,-3.54034,3,8.69525e+08,2
2,230,709150000000,710305072031,12,62.5844,3,8.69525e+08,2
1,142,711170000000,712325072490,12,1.97954,3,8.69525e+08,2
3,238,715660000000,716815073208,12,2.59226,3,8.69525e+08,2
2,56,736360000000,736937536000,11,0,3,8.681e+08,1
3,370,714110000000,715265072000,12,0,3,8.681e+08,1
4,310,715210000000,715251216000,7,0,3,8.681e+08,1
4,296,724590000000,724878768000,10,0,3,8.681e+08,1
2,32,722000000000,722041216425,7,5.15672,3,8.685e+08,1
2,229,723890000000,725045072000,12,0,3,8.69525e+08,2
3,338,728030000000,729185072000,12,0,3,8.69525e+08,2
3,270,923710000000,924865072000,12,0,3,8.69525e+08,2
2,159,923510000000,924665072644,12,-7.78619,3,8.69525e+08,2
4,353,1090530000000,1091685073786,12,-6.81576,3,8.69525e+08,2
2,84,2837070000000,2838225073182,12,8.47775,3,8.69525e+08,2
4,254,1438520000000,1439675072860,12,24.0975,3,8.69525e+08,2
1,374,1244670000000,1245825073413,12,-4.29295,3,8.69525e+08,2
4,337,930370000000,931525072000,12,0,3,8.681e+08,1
1,152,935820000000,936975073952,12,-10.1726,3,8.69525e+08,2
4,370,932370000000,933525073668,12,-2.03247,3,8.69525e+08,2
2,369,2798450000000,2798491216000,7,0,3,8.683e+08,1
1,178,1911500000000,1911541216000,7,0,3,8.683e+08,1
4,349,3127000000000,3128155073246,12,0.910249,3,8.69525e+08,2
2,164,2787920000000,2789075073321,12,6.17531,3,8.69525e+08,2
2,84,938790000000,939945073182,12,-14.8577,3,8.69525e+08,2
2,290,947380000000,947524384856,9,-1.76625,3,8.685e+08,1
3,143,2618250000000,2619405073367,12,-10.3474,3,8.69525e+08,2
4,166,2596710000000,2597865072937,12,-9.01919,3,8.69525e+08,2
1,370,3152690000000,3153845073574,12,-16.1693,3,8.69525e+08,2
4,193,3177040000000,3178195072796,12,-1.59839,3,8.69525e+08,2
3,178,1241420000000,1241461216200,7,8.564,3,8.681e+08,1
3,383,944770000000,944811216000,7,0,3,8.683e+08,1
3,143,956770000000,957347537367,11,-10.7585,3,8.681e+08,1
1,144,2908160000000,2908737537360,11,-5.88133,3,8.685e+08,1
2,229,2029940000000,2030228769198,10,-11.0418,3,8.685e+08,1
4,177,2655100000000,2655141216354,7,24.3768,3,8.683e+08,1
2,163,2522200000000,2523355073345,12,19.6453,3,8.69525e+08,2
2,376,2393670000000,2394825073144,12,18.7619,3,8.69525e+08,2
1,238,1854940000000,1856095072680,12,6.37914,3,8.69525e+08,2
4,9,2898370000000,2899525072640,12,10.8802,3,8.69525e+08,2
1,10,947680000000,948835073778,12,-11.9867,3,8.69525e+08,2
4,283,948570000000,949725072000,12,0,3,8.69525e+08,2
3,81,2918230000000,2919385073031,12,11.9383,3,8.69525e+08,2
1,72,1821090000000,1822245072355,12,23.8681,3,8.69525e+08,2
1,340,2868180000000,2869335072400,12,-0.59175,3,8.69525e+08,2
3,296,1099180000000,1100335074150,12,-6.00392,3,8.69525e+08,2
1,277,2765250000000,2765394384614,9,5.05514,3,8.683e+08,1
4,308,3558030000000,3559185072000,12,0,3,8.69525e+08,2
2,224,1173320000000,1174475073764,12,-8.64871,3,8.69525e+08,2
1,140,1173540000000,1173684384000,9,0,3,8.685e+08,1
3,11,2664070000000,2664358769073,10,-5.85467,3,8.683e+08,1
1,377,1430500000000,1430788769868,10,-9.48309,3,8.685e+08,1
1,307,2168530000000,2169685072334,12,16.2912,3,8.69525e+08,2
4,400,1829300000000,1830455073276,12,-1.2641,3,8.69525e+08,2
1,282,1417510000000,1418665074410,12,-14.998,3,8.69525e+08,2
3,373,1425820000000,1426975072962,12,15.8044,3,8.69525e+08,2
1,61,1421380000000,1421462432581,8,6.27081,3,8.683e+08,1
3,190,1604660000000,1605815072714,12,19.7616,3,8.69525e+08,2
1,318,965100000000,966255073942,12,6.72847,3,8.69525e+08,2
1,138,960480000000,960562433705,8,-6.93773,3,8.685e+08,1
2,202,3582660000000,3582948768000,10,0,3,8.683e+08,1
3,337,1440490000000,1441645072000,12,0,3,8.69525e+08,2
1,284,2792960000000,2794115072798,12,23.255,3,8.69525e+08,2
4,125,2873660000000,2873701216000,7,0,3,8.685e+08,1
1,303,1601450000000,1602605072449,12,5.22926,3,8.69525e+08,2
4,303,961730000000,962885072000,12,0,3,8.69525e+08,2
3,50,961100000000,962255073535,12,9.21887,3,8.69525e+08,2
3,220,2524610000000,2525765072577,12,20.2994,3,8.69525e+08,2
2,74,964240000000,964281216000,7,0,3,8.681e+08,1
2,282,973300000000,973588768000,10,0,3,8.685e+08,1
2,201,967630000000,968785072368,12,15.7599,3,8.69525e+08,2
4,306,983410000000,984565073102,12,9.65001,3,8.69525e+08,2
1,142,969050000000,969091216000,7,0,3,8.685e+08,1
1,263,976080000000,976368770456,10,-14.8515,3,8.685e+08,1
3,333,978490000000,979645073721,12,11.8169,3,8.69525e+08,2
1,223,994460000000,995615073563,12,10.8417,3,8.69525e+08,2
2,45,980500000000,981655072000,12,0,3,8.69525e+08,2
1,319,980730000000,981885072000,12,0,3,8.69525e+08,2
3,137,990220000000,991375072993,12,10.452,3,8.69525e+08,2
2,49,993460000000,994615072873,12,9.36945,3,8.69525e+08,2
4,207,996130000000,997285072605,12,4.10953,3,8.69525e+08,2
2,193,1003100000000,1003182432000,8,0,3,8.685e+08,1
3,255,1002040000000,1003195074333,12,-10.4865,3,8.69525e+08,2
4,233,1009660000000,1010815074083,12,-19.5274,3,8.69525e+08,2
1,180,1007600000000,1007888768000,10,0,3,8.683e+08,1
2,192,1014000000000,1014288768938,10,-11.3194,3,8.685e+08,1
1,366,1013270000000,1014425073399,12,16.8681,3,8.69525e+08,2
3,40,1014530000000,1015685073190,12,-15.1505,3,8.69525e+08,2
3,302,1018020000000,1018164384000,9,0,3,8.685e+08,1
2,110,1018690000000,1019845072223,12,18.9926,3,8.69525e+08,2
4,233,1024030000000,1025185074083,12,-17.3936,3,8.69525e+08,2
3,306,1029630000000,1030785072000,12,0,3,8.69525e+08,2
1,257,1026930000000,1028085072893,12,-17.3569,3,8.69525e+08,2
3,308,1058490000000,1059645073234,12,5.0058,3,8.69525e+08,2
1,41,1037080000000,1037121216000,7,0,3,8.681e+08,1
3,383,1032550000000,1032591216000,7,0,3,8.685e+08,1
2,254,1036730000000,1037885073989,12,-12.0921,3,8.69525e+08,2
3,375,1040770000000,1040811216132,7,13.6795,3,8.681e+08,1
4,207,1041390000000,1042545072605,12,8.52431,3,8.69525e+08,2
2,12,1043770000000,1044058769222,10,1.07044,3,8.681e+08,1
3,295,1043700000000,1044855072552,12,7.74376,3,8.69525e+08,2
3,170,1051040000000,1051184384000,9,0,3,8.685e+08,1
2,45,1052920000000,1054075072817,12,1.68759,3,8.69525e+08,2
4,399,1346600000000,1347755073600,12,-10.1711,3,8.69525e+08,2
4,229,2414020000000,2415175073560,12,-13.4433,3,8.69525e+08,2
3,88,1185300000000,1186455072265,12,10.8668,3,8.69525e+08,2
1,150,2940710000000,2941865072913,12,1.48155,3,8.69525e+08,2
1,272,1702440000000,1703595072000,12,0,3,8.69525e+08,2
1,14,2913740000000,2914895072124,12,15.2508,3,8.69525e+08,2
4,142,1452120000000,1453275072707,12,-10.9576,3,8.69525e+08,2
2,16,1455580000000,1456735073516,12,7.91219,3,8.69525e+08,2
1,300,1194280000000,1195435072721,12,9.6695,3,8.69525e+08,2
4,391,1188750000000,1189905073601,12,-10.5108,3,8.69525e+08,2
3,220,1580310000000,1581465072577,12,-7.53409,3,8.69525e+08,2
1,5,1189830000000,1189912432000,8,0,3,8.685e+08,1
2,308,1680060000000,1680101216151,7,22.5558,3,8.683e+08,1
1,23,2064520000000,2064808769358,10,-12.6072,3,8.683e+08,1
1,93,3583870000000,3583911216416,7,1.6754,3,8.685e+08,1
1,257,1403320000000,1404475072893,12,-15.4128,3,8.69525e+08,2
1,61,1400890000000,1400972432000,8,0,3,8.685e+08,1
2,15,1443730000000,1444885072509,12,17.1639,3,8.69525e+08,2
2,235,1895370000000,1896525072000,12,0,3,8.69525e+08,2
4,260,2627280000000,2628435072000,12,0,3,8.69525e+08,2
3,310,1197300000000,1198455072455,12,23.3261,3,8.69525e+08,2
3,269,2005800000000,2006955074296,12,-10.9623,3,8.69525e+08,2
3,378,2885880000000,2885921216000,7,0,3,8.685e+08,1
2,113,1201830000000,1202985073314,12,-1.97028,3,8.69525e+08,2
4,263,1200350000000,1201505073287,12,16.3424,3,8.69525e+08,2
1,210,1342710000000,1343865072869,12,3.95664,3,8.69525e+08,2
2,248,1580390000000,1580678768849,10,-9.02118,3,8.683e+08,1
3,166,2414870000000,2416025073554,12,-1.47865,3,8.69525e+08,2
2,277,2422890000000,2424045074282,12,-19.4554,3,8.69525e+08,2
1,51,1870050000000,1870194384000,9,0,3,8.685e+08,1
3,377,1668270000000,1668558768706,10,-10.8885,3,8.685e+08,1
3,336,1672260000000,1673415072550,12,18.4905,3,8.69525e+08,2
1,210,1873930000000,1875085072869,12,-10.3752,3,8.69525e+08,2
4,183,1874710000000,1875287536000,11,0,3,8.683e+08,1
3,246,2412250000000,2412394384000,9,0,3,8.685e+08,1
4,167,2352210000000,2353365073477,12,-12.2753,3,8.69525e+08,2
2,400,2669910000000,2671065072261,12,23.2532,3,8.69525e+08,2
1,213,1206090000000,1207245073838,12,-4.16263,3,8.69525e+08,2
2,318,1646420000000,1646461216322,7,10.2197,3,8.681e+08,1
2,380,1677700000000,1678855073458,12,6.07935,3,8.69525e+08,2
4,39,1908070000000,1909225073357,12,-18.8367,3,8.69525e+08,2
3,114,1213030000000,1213112432483,8,8.77279,3,8.681e+08,1
3,366,1210690000000,1211845074398,12,-11.2209,3,8.69525e+08,2
2,74,1215290000000,1216445072000,12,0,3,8.69525e+08,2
2,64,1227690000000,1228845072638,12,23.213,3,8.69525e+08,2
4,176,1214280000000,1215435073012,12,-11.0562,3,8.69525e+08,2
1,394,1218250000000,1219405074155,12,-12.8729,3,8.69525e+08,2
4,84,2180260000000,2180548768000,10,0,3,8.685e+08,1
2,175,2174080000000,2175235072880,12,-6.32759,3,8.69525e+08,2
2,336,1657900000000,1657982432000,8,0,3,8.685e+08,1
2,279,1922220000000,1923375073042,12,-11.1225,3,8.69525e+08,2
1,381,1916480000000,1916521216706,7,-2.85649,3,8.681e+08,1
2,203,2072010000000,2073165073502,12,0.616639,3,8.69525e+08,2
3,264,1227460000000,1228615072747,12,5.07106,3,8.69525e+08,2
3,271,1224650000000,1224794384000,9,0,3,8.683e+08,1
3,170,3169270000000,3169414384000,9,0,3,8.683e+08,1
2,290,3175870000000,3177025072856,12,3.53449,3,8.69525e+08,2
1,253,2757480000000,2758635074197,12,-8.62892,3,8.69525e+08,2
3,164,1773240000000,1774395073551,12,12.9093,3,8.69525e+08,2
2,307,1469940000000,1469981217350,7,2.28352,3,8.685e+08,1
1,258,1458820000000,1459975073647,12,-7.12273,3,8.69525e+08,2
4,290,2430730000000,2431885073195,12,-3.6483,3,8.69525e+08,2
3,90,1990250000000,1991405074147,12,-4.6261,3,8.69525e+08,2
1,183,2042180000000,2043335072000,12,0,3,8.69525e+08,2
4,255,1464090000000,1465245072712,12,11.6575,3,8.69525e+08,2
1,242,2097500000000,2097541216000,7,0,3,8.685e+08,1
2,42,2100180000000,2101335072352,12,15.1172,3,8.69525e+08,2
3,311,1461490000000,1462645074318,12,-7.5195,3,8.69525e+08,2
3,178,2508230000000,2508271216200,7,-5.35786,3,8.683e+08,1
3,353,2581260000000,2582415072000,12,0,3,8.69525e+08,2
1,344,2851570000000,2852725072984,12,18.1437,3,8.69525e+08,2
2,324,2085220000000,2086375074391,12,-2.66061,3,8.69525e+08,2
4,6,1792060000000,1792637536000,11,0,3,8.685e+08,1
2,186,2870390000000,2870534384529,9,-3.14827,3,8.683e+08,1
1,368,1836380000000,1837535073273,12,6.75658,3,8.69525e+08,2
1,260,1466030000000,1466318768000,10,0,3,8.683e+08,1
4,96,1924620000000,1925775072000,12,0,3,8.69525e+08,2
3,68,3213060000000,3213348768798,10,-2.83212,3,8.683e+08,1
2,331,1648240000000,1649395072602,12,18.237,3,8.69525e+08,2
2,344,2918990000000,2920145072692,12,17.4193,3,8.69525e+08,2
2,29,2613630000000,2614785073335,12,-14.4172,3,8.69525e+08,2
2,401,2537760000000,2538915073283,12,-0.298278,3,8.69525e+08,2
2,144,3105590000000,3106167536000,11,0,3,8.683e+08,1
4,249,1777700000000,1778855072000,12,0,3,8.69525e+08,2
1,288,1471140000000,1472295074218,12,11.9968,3,8.69525e+08,2
3,91,2823690000000,2823978769043,10,-4.39673,3,8.683e+08,1
1,87,2824900000000,2826055073616,12,-15.8405,3,8.69525e+08,2
4,84,2054650000000,2055805072769,12,16.443,3,8.69525e+08,2
3,145,2082530000000,2083685072684,12,13.9575,3,8.69525e+08,2
1,277,2522020000000,2523175072614,12,-7.12736,3,8.69525e+08,2
2,64,1617570000000,1617652432000,8,0,3,8.685e+08,1
3,375,1476470000000,1477625072132,12,13.8795,3,8.69525e+08,2
4,148,1481450000000,1482605073375,12,-12.9709,3,8.685e+08,1
3,61,1473730000000,1473812432000,8,0,3,8.683e+08,1
2,159,2187680000000,2188835072644,12,3.95358,3,8.69525e+08,2
1,104,2827330000000,2827371216000,7,0,3,8.685e+08,1
2,133,2820560000000,2821715072253,12,11.3755,3,8.69525e+08,2
1,130,1920350000000,1921505072489,12,11.9124,3,8.69525e+08,2
3,5,2430400000000,2430482432475,8,-4.99979,3,8.683e+08,1
2,256,2888690000000,2889845072000,12,0,3,8.69525e+08,2
4,257,2662520000000,2662561216000,7,0,3,8.683e+08,1
1,362,2155300000000,2156455074163,12,-18.5839,3,8.69525e+08,2
3,333,2902200000000,2903355072000,12,0,3,8.685e+08,1
3,225,2768960000000,2770115073429,12,2.78099,3,8.69525e+08,2
3,14,1490980000000,1492135073279,12,-11.8293,3,8.69525e+08,2
2,12,1491740000000,1492028768000,10,0,3,8.685e+08,1
3,237,1482190000000,1482231216000,7,0,3,8.685e+08,1
3,163,1489230000000,1489518769277,10,-14.7845,3,8.681e+08,1
2,82,1482570000000,1482611216000,7,0,3,8.685e+08,1
2,348,1484260000000,1485415074476,12,-12.8625,3,8.69525e+08,2
1,54,1487730000000,1488885072876,12,18.8479,3,8.69525e+08,2
4,47,1488320000000,1489475072000,12,0,3,8.69525e+08,2
1,380,1495660000000,1496815072000,12,0,3,8.683e+08,1
2,175,1497270000000,1498425072880,12,7.71648,3,8.69525e+08,2
1,265,1499500000000,1500655072345,12,23.0563,3,8.69525e+08,2
4,353,1501100000000,1502255073786,12,-13.0936,3,8.69525e+08,2
3,108,1503910000000,1505065072850,12,-18.0987,3,8.69525e+08,2
3,389,1518330000000,1519485072980,12,5.95755,3,8.69525e+08,2
2,313,1509530000000,1510685074822,12,-18.0122,3,8.69525e+08,2
1,22,1513790000000,1514945072000,12,0,3,8.69525e+08,2
2,127,1522040000000,1522184384000,9,0,3,8.685e+08,1
4,91,1514660000000,1515815074550,12,-3.57866,3,8.69525e+08,2
1,314,1525420000000,1526575072473,12,4.70906,3,8.69525e+08,2
3,239,1524910000000,1524992432000,8,0,3,8.683e+08,1
3,81,1533440000000,1533522433031,8,-3.32063,3,8.685e+08,1
2,114,1527160000000,1528315073662,12,-16.0961,3,8.69525e+08,2
4,57,1528960000000,1530115072000,12,0,3,8.69525e+08,2
3,5,1530860000000,1532015072475,12,10.6356,3,8.69525e+08,2
2,230,1540550000000,1541705072031,12,40.9617,3,8.69525e+08,2
1,17,1538220000000,1539375072000,12,0,3,8.69525e+08,2
4,225,1541380000000,1542535072000,12,0,3,8.69525e+08,2
2,108,1539270000000,1539414384834,9,-8.01108,3,8.683e+08,1
3,215,1546830000000,1546871216057,7,19.0152,3,8.683e+08,1
4,355,1558730000000,1559885073282,12,-9.34845,3,8.69525e+08,2
1,89,1551950000000,1553105072000,12,0,3,8.69525e+08,2
3,178,1550700000000,1551855072200,12,3.84685,3,8.69525e+08,2
3,7,1565450000000,1566605072489,12,18.03,3,8.69525e+08,2
3,41,1553590000000,1553631216206,7,5.67686,3,8.685e+08,1
2,9,1554520000000,1555675073794,12,0.603349,3,8.69525e+08,2
2,361,1556910000000,1556951216193,7,2.93346,3,8.683e+08,1
3,336,1559310000000,1559392432550,8,5.65828,3,8.681e+08,1
2,400,1561160000000,1561201216261,7,1.06648,3,8.685e+08,1
1,219,1563570000000,1564725072697,12,-1.34907,3,8.69525e+08,2
2,193,1568850000000,1570005072868,12,4.83315,3,8.69525e+08,2
2,323,1565950000000,1566032432000,8,0,3,8.681e+08,1
4,308,1577810000000,1578965073037,12,2.20793,3,8.69525e+08,2
1,333,2512130000000,2513285072000,12,0,3,8.681e+08,1
4,342,2153950000000,2155105072654,12,7.43483,3,8.69525e+08,2
3,155,1684160000000,1685315073227,12,-12.662,3,8.69525e+08,2
4,119,1689030000000,1690185072469,12,15.9457,3,8.69525e+08,2
3,191,2862180000000,2862262432000,8,0,3,8.683e+08,1
1,300,3104300000000,3105455072721,12,9.2793,3,8.69525e+08,2
2,129,1688000000000,1689155072000,12,0,3,8.683e+08,1
1,372,1689110000000,1690265073314,12,-5.61383,3,8.69525e+08,2
2,153,2570310000000,2571465072881,12,4.0697,3,8.69525e+08,2
2,190,3190470000000,3191625073444,12,-5.72803,3,8.69525e+08,2
4,171,3191100000000,3191182432000,8,0,3,8.683e+08,1
1,259,2633840000000,2634995073546,12,-16.6873,3,8.685e+08,1
2,113,2340370000000,2341525073314,12,17.3585,3,8.69525e+08,2
3,358,1943050000000,1944205072351,12,-5.42464,3,8.69525e+08,2
1,42,2884200000000,2885355073979,12,-10.7332,3,8.69525e+08,2
2,65,1694930000000,1696085073480,12,10.7682,3,8.69525e+08,2
4,286,1698740000000,1698884384000,9,0,3,8.683e+08,1
3,108,1696400000000,1697555072850,12,16.4055,3,8.69525e+08,2
1,342,1884930000000,1885012432000,8,0,3,8.685e+08,1
1,103,2348470000000,2348614384000,9,0,3,8.685e+08,1
4,92,2843250000000,2844405072919,12,-1.29385,3,8.69525e+08,2
3,5,1780880000000,1780962432475,8,1.93848,3,8.685e+08,1
4,283,2202280000000,2203435072817,12,11.2191,3,8.69525e+08,2
2,255,2159790000000,2160945073865,12,-8.17253,3,8.69525e+08,2
1,352,1886460000000,1887615074402,12,16.9976,3,8.69525e+08,2
4,93,2340430000000,2341585073069,12,-1.38603,3,8.69525e+08,2
2,186,2092490000000,2092634384529,9,5.08325,3,8.685e+08,1
3,379,2023000000000,2024155072709,12,2.05762,3,8.69525e+08,2
1,329,2417970000000,2419125074349,12,-6.79076,3,8.69525e+08,2
3,373,2396840000000,2396984384962,9,-2.38638,3,8.683e+08,1
3,344,3406500000000,3406582432000,8,0,3,8.681e+08,1
2,186,2118160000000,2119315072529,12,-0.701995,3,8.69525e+08,2
2,89,2108570000000,2109147537653,11,-17.0509,3,8.683e+08,1
3,284,3393950000000,3394032432555,8,0.0389565,3,8.683e+08,1
4,142,1701600000000,1702755072707,12,13.5255,3,8.69525e+08,2
3,147,1703690000000,1703978768634,10,-2.15187,3,8.683e+08,1
2,32,3155380000000,3156535072425,12,3.24645,3,8.69525e+08,2
4,159,2555350000000,2556505072610,12,8.91979,3,8.69525e+08,2
1,14,2430510000000,2431665072124,12,22.3431,3,8.69525e+08,2
1,103,2196990000000,2198145072982,12,-3.06987,3,8.69525e+08,2
4,77,3298030000000,3299185072000,12,0,3,8.69525e+08,2
1,81,2559300000000,2560455072705,12,23.1096,3,8.69525e+08,2
2,353,2885770000000,2885914384000,9,0,3,8.683e+08,1
4,402,3327980000000,3328062432000,8,0,3,8.683e+08,1
3,130,1708810000000,1709965072698,12,16.3183,3,8.69525e+08,2
1,342,1709130000000,1709212432000,8,0,3,8.681e+08,1
2,235,1710400000000,1711555072547,12,24.5715,3,8.69525e+08,2
1,310,1716730000000,1717885072000,12,0,3,8.69525e+08,2
4,210,1713870000000,1713911216312,7,7.16847,3,8.683e+08,1
4,218,1716700000000,1717855072000,12,0,3,8.69525e+08,2
2,151,1725190000000,1726345073053,12,14.011,3,8.69525e+08,2
1,388,1719090000000,1719172432697,8,5.80666,3,8.685e+08,1
3,299,1720730000000,1721885073344,12,3.35657,3,8.69525e+08,2
4,296,1728910000000,1730065073351,12,-13.4754,3,8.69525e+08,2
4,121,1722180000000,1722324385067,9,-11.8782,3,8.683e+08,1
3,383,1733080000000,1734235072000,12,0,3,8.69525e+08,2
4,51,1742850000000,1742994385822,9,-12.2312,3,8.683e+08,1
1,233,1731400000000,1731441216000,7,0,3,8.683e+08,1
2,368,1737660000000,1738815074064,12,-4.09407,3,8.69525e+08,2
1,17,1739090000000,1740245073660,12,-7.44342,3,8.683e+08,1
1,402,1732850000000,1734005072535,12,5.79097,3,8.69525e+08,2
3,77,1740820000000,1740861216000,7,0,3,8.685e+08,1
1,190,1745710000000,1746865072476,12,24.8865,3,8.69525e+08,2
4,304,1747240000000,1748395072188,12,15.947,3,8.69525e+08,2
4,310,1765520000000,1766675073790,12,-14.6652,3,8.69525e+08,2
3,317,1748100000000,1748182432000,8,0,3,8.681e+08,1
2,271,1749970000000,1751125074016,12,-6.25204,3,8.69525e+08,2
3,235,1753470000000,1754625073647,12,5.6767,3,8.69525e+08,2
1,80,1759580000000,1760735072107,12,31.8043,3,8.69525e+08,2
4,213,1757650000000,1757938768000,10,0,3,8.685e+08,1
2,325,1764220000000,1765375074289,12,-14.082,3,8.69525e+08,2
1,50,1772630000000,1773785073617,12,-1.45773,3,8.69525e+08,2
3,264,1771880000000,1771962432000,8,0,3,8.683e+08,1
4,34,1932740000000,1933028769096,10,-15.0669,3,8.683e+08,1
2,72,1934860000000,1936015072000,12,0,3,8.69525e+08,2
1,149,1935490000000,1936645072000,12,0,3,8.683e+08,1
1,83,1937340000000,1938495072409,12,14.1504,3,8.69525e+08,2
2,334,3202920000000,3204075073882,12,-9.20322,3,8.69525e+08,2
2,403,1948850000000,1950005072577,12,2.41101,3,8.69525e+08,2
2,387,3317360000000,3318515072181,12,24.8946,3,8.69525e+08,2
3,394,2703200000000,2704355073152,12,-2.20897,3,8.69525e+08,2
4,189,2141000000000,2142155073106,12,-15.389,3,8.69525e+08,2
1,47,3579740000000,3579781216000,7,0,3,8.683e+08,1
2,48,1940940000000,1941228768000,10,0,3,8.685e+08,1
3,233,2188590000000,2189745072655,12,-8.90225,3,8.69525e+08,2
3,167,3159650000000,3159691216000,7,0,3,8.683e+08,1
4,52,2001560000000,2002137536000,11,0,3,8.685e+08,1
2,296,2585910000000,2587065072985,12,11.1414,3,8.69525e+08,2
4,288,2022250000000,2023405073122,12,-12.0719,3,8.69525e+08,2
4,96,1941740000000,1942895074042,12,-12.0436,3,8.69525e+08,2
1,55,1952360000000,1953515074401,12,-4.12149,3,8.69525e+08,2
3,335,3305350000000,3305391216000,7,0,3,8.683e+08,1
1,220,2142200000000,2143355073011,12,-8.52566,3,8.69525e+08,2
4,22,2909360000000,2909401216000,7,0,3,8.683e+08,1
3,114,1956950000000,1958105072483,12,-1.46574,3,8.69525e+08,2
4,371,2667890000000,2667972432000,8,0,3,8.683e+08,1
4,203,2669000000000,2670155072000,12,0,3,8.69525e+08,2
3,286,2787410000000,2788565072000,12,0,3,8.69525e+08,2
4,89,1955090000000,1956245073640,12,-19.8368,3,8.69525e+08,2
3,299,3133320000000,3134475073344,12,-11.7713,3,8.69525e+08,2
3,101,2605280000000,2605857536000,11,0,3,8.681e+08,1
2,42,1962790000000,1963945072352,12,3.60358,3,8.69525e+08,2
3,88,1967740000000,1967781216265,7,4.20503,3,8.683e+08,1
4,163,1964260000000,1964548768000,10,0,3,8.685e+08,1
4,168,2534160000000,2535315072000,12,0,3,8.69525e+08,2
1,9,2812890000000,2814045073137,12,-4.54167,3,8.69525e+08,2
3,119,2905950000000,2907105073873,12,-11.3517,3,8.69525e+08,2
2,249,2909010000000,2909051216000,7,0,3,8.681e+08,1
1,366,3125250000000,3126405073399,12,27.8967,3,8.69525e+08,2
4,36,2931900000000,2933055072806,12,-0.794906,3,8.69525e+08,2
3,57,2439170000000,2439747537025,11,-4.62523,3,8.683e+08,1
3,324,3103280000000,3104435072000,12,0,3,8.69525e+08,2
2,238,3554760000000,3554904384000,9,0,3,8.681e+08,1
2,173,2913180000000,2913468768000,10,0,3,8.683e+08,1
2,45,2199120000000,2199202432817,8,-0.526519,3,8.683e+08,1
2,56,1971790000000,1972367536000,11,0,3,8.685e+08,1
1,63,1967930000000,1969085072815,12,-11.2999,3,8.69525e+08,2
1,324,1998670000000,1999825072000,12,0,3,8.69525e+08,2
4,248,1969450000000,1970605073185,12,3.65404,3,8.69525e+08,2
3,220,1972870000000,1972911216000,7,0,3,8.683e+08,1
3,392,1976370000000,1977525072444,12,-7.36442,3,8.69525e+08,2
2,361,2209760000000,2209801216193,7,14.1446,3,8.685e+08,1
4,45,2212480000000,2212562432000,8,0,3,8.681e+08,1
2,318,2221080000000,2221121216322,7,9.20449,3,8.683e+08,1
1,233,2221610000000,2221651216000,7,0,3,8.683e+08,1
4,269,2221720000000,2222297537401,11,-16.3197,3,8.685e+08,1
2,323,2222560000000,2223715072000,12,0,3,8.69525e+08,2
3,32,2216750000000,2217905073237,12,-6.74368,3,8.69525e+08,2
1,158,2212260000000,2213415072831,12,-14.0075,3,8.69525e+08,2
1,142,2661900000000,2663055072490,12,7.28793,3,8.69525e+08,2
3,379,2645790000000,2646945072709,12,-0.442092,3,8.69525e+08,2
1,23,3136940000000,3138095073358,12,-9.9079,3,8.69525e+08,2
3,291,2361290000000,2362445072089,12,13.4322,3,8.69525e+08,2
3,389,3181550000000,3182705072980,12,14.3698,3,8.69525e+08,2
4,28,2402280000000,2403435074316,12,-1.40732,3,8.69525e+08,2
2,87,2633170000000,2633458768000,10,0,3,8.683e+08,1
1,168,2606950000000,2608105073016,12,11.7405,3,8.69525e+08,2
2,319,3128040000000,3129195072000,12,0,3,8.69525e+08,2
4,294,3310250000000,3311405072637,12,16.2056,3,8.69525e+08,2
1,347,3176440000000,3177595072000,12,0,3,8.69525e+08,2
1,237,3164280000000,3165435072394,12,16.0594,3,8.69525e+08,2
2,167,2437980000000,2439135072791,12,-1.03926,3,8.69525e+08,2
3,373,2568630000000,2569785072962,12,15.0616,3,8.69525e+08,2
3,163,2373930000000,2375085073277,12,2.15456,3,8.69525e+08,2
1,54,3196360000000,3197515072000,12,0,3,8.69525e+08,2
2,45,3195650000000,3195732432000,8,0,3,8.683e+08,1
2,403,2226270000000,2226352432577,8,-1.65585,3,8.685e+08,1
2,399,2234290000000,2235445074719,12,-19.0726,3,8.69525e+08,2
1,189,2225300000000,2226455074214,12,-6.81004,3,8.69525e+08,2
2,17,2856170000000,2857325074262,12,-4.81991,3,8.69525e+08,2
3,103,3153510000000,3154665072000,12,0,3,8.69525e+08,2
3,232,2659650000000,2660805074081,12,-9.98791,3,8.69525e+08,2
4,40,2576060000000,2577215074550,12,-5.01367,3,8.69525e+08,2
2,287,2930930000000,2932085072000,12,0,3,8.69525e+08,2
3,40,3345610000000,3346765073190,12,-5.30946,3,8.69525e+08,2
4,130,3385060000000,3386215072000,12,0,3,8.69525e+08,2
4,54,3141150000000,3142305073123,12,-16.8825,3,8.69525e+08,2
3,249,2229160000000,2230315073238,12,-6.64525,3,8.69525e+08,2
2,290,2362490000000,2362634384000,9,0,3,8.683e+08,1
1,154,2230040000000,2230122432755,8,7.85314,3,8.683e+08,1
2,295,2240040000000,2240122432633,8,4.32302,3,8.685e+08,1
4,255,2231780000000,2232935072712,12,22.6401,3,8.69525e+08,2
3,339,2236530000000,2236674384000,9,0,3,8.683e+08,1
3,302,2241390000000,2242545072000,12,0,3,8.69525e+08,2
2,51,2245970000000,2247125074497,12,0.0599526,3,8.69525e+08,2
1,307,2242670000000,2242711216000,7,0,3,8.683e+08,1
1,205,2244510000000,2245665072099,12,30.4826,3,8.69525e+08,2
2,165,2276930000000,2278085074460,12,-11.8855,3,8.69525e+08,2
4,172,2245820000000,2246975072000,12,0,3,8.69525e+08,2
1,177,2248020000000,2248061216000,7,0,3,8.683e+08,1
3,203,2252060000000,2253215072000,12,0,3,8.681e+08,1
2,319,2250190000000,2250767537284,11,-2.66182,3,8.683e+08,1
1,402,2256410000000,2257565072535,12,-11.8281,3,8.69525e+08,2
1,209,2269040000000,2270195072000,12,0,3,8.69525e+08,2
1,340,2252710000000,2252751216000,7,0,3,8.681e+08,1
4,50,2262460000000,2263615072753,12,25.4392,3,8.69525e+08,2
3,207,2258870000000,2260025072000,12,0,3,8.69525e+08,2
3,51,2270640000000,2271795072000,12,0,3,8.69525e+08,2
2,141,2259790000000,2260945072909,12,22.0337,3,8.69525e+08,2
1,9,2264640000000,2264681216000,7,0,3,8.685e+08,1
4,29,2280680000000,2281257537053,11,-8.41267,3,8.685e+08,1
1,83,2276140000000,2276181216409,7,12.6117,3,8.685e+08,1
4,360,2284710000000,2285865072000,12,0,3,8.69525e+08,2
1,310,2291760000000,2291801216977,7,-5.30502,3,8.683e+08,1
3,55,2284060000000,2285215074048,12,5.78426,3,8.69525e+08,2
2,39,2290850000000,2292005072191,12,24.9412,3,8.69525e+08,2
1,276,2294820000000,2295975072000,12,0,3,8.69525e+08,2
4,65,2297480000000,2298635072528,12,17.295,3,8.69525e+08,2
3,314,2295620000000,2296775072000,12,0,3,8.69525e+08,2
1,257,2297150000000,2297191216000,7,0,3,8.685e+08,1
3,153,2310910000000,2312065073958,12,-14.9683,3,8.69525e+08,2
1,154,2301840000000,2301922432000,8,0,3,8.683e+08,1
2,355,2302910000000,2304065073158,12,-0.540465,3,8.69525e+08,2
1,205,3109970000000,3110011216099,7,20.4712,3,8.683e+08,1
1,303,2306490000000,2307645072449,12,3.91466,3,8.69525e+08,2
2,296,2311230000000,2311518768985,10,3.51938,3,8.683e+08,1
1,251,2310540000000,2310581216407,7,10.5814,3,8.681e+08,1
4,168,2314260000000,2315415072000,12,0,3,8.69525e+08,2
2,50,2315060000000,2316215072000,12,0,3,8.69525e+08,2
1,156,2318960000000,2319248768000,10,0,3,8.683e+08,1
4,214,2356250000000,2356394385702,9,5.67978,3,8.683e+08,1
1,194,2320180000000,2321335072702,12,-14.2816,3,8.69525e+08,2
3,201,2323740000000,2324895073499,12,-7.7491,3,8.69525e+08,2
1,333,2332080000000,2333235073638,12,-19.1308,3,8.69525e+08,2
4,312,2327800000000,2328955073098,12,4.09194,3,8.69525e+08,2
3,336,2337360000000,2338515072550,12,24.7025,3,8.69525e+08,2
2,365,2327230000000,2328385072000,12,0,3,8.69525e+08,2
4,142,2338790000000,2338831216000,7,0,3,8.685e+08,1
4,371,2345090000000,2345172432995,8,-4.5361,3,8.685e+08,1
3,335,2444130000000,2445285073495,12,14.2943,3,8.69525e+08,2
4,263,2440550000000,2440838769287,10,-14.0313,3,8.681e+08,1
3,14,3410140000000,3411295073279,12,-7.32483,3,8.69525e+08,2
3,178,3397320000000,3398475072200,12,18.3179,3,8.69525e+08,2
1,338,2463840000000,2464995074016,12,-5.84415,3,8.69525e+08,2
3,161,2674350000000,2675505072505,12,-2.17171,3,8.69525e+08,2
4,30,2445920000000,2447075072695,12,14.1137,3,8.69525e+08,2
2,255,2686600000000,2686888768000,10,0,3,8.685e+08,1
4,197,2938150000000,2939305073409,12,-9.7465,3,8.683e+08,1
2,331,2552570000000,2553725072000,12,0,3,8.69525e+08,2
2,117,2450130000000,2450171216000,7,0,3,8.683e+08,1
4,168,2883680000000,2883762432605,8,-6.89206,3,8.683e+08,1
3,377,2552260000000,2553415072000,12,0,3,8.69525e+08,2
1,168,2547520000000,2548675073016,12,-0.729568,3,8.69525e+08,2
4,346,2774020000000,2775175072991,12,-2.32315,3,8.69525e+08,2
2,251,3328170000000,3328211216000,7,0,3,8.683e+08,1
4,167,2461250000000,2462405073477,12,14.8566,3,8.69525e+08,2
1,295,2461050000000,2461132432000,8,0,3,8.683e+08,1
4,9,2475130000000,2476285072640,12,4.03102,3,8.69525e+08,2
2,36,2463810000000,2463892432000,8,0,3,8.685e+08,1
3,285,3307280000000,3308435073514,12,3.80953,3,8.69525e+08,2
1,221,2925460000000,2926615073422,12,2.31024,3,8.69525e+08,2
2,395,3168600000000,3168682433110,8,-3.04202,3,8.685e+08,1
4,221,2676860000000,2677437536889,11,-7.99817,3,8.683e+08,1
1,88,2678620000000,2679775073067,12,8.79668,3,8.69525e+08,2
1,273,3430390000000,3431545072343,12,4.51958,3,8.69525e+08,2
4,366,3322680000000,3323835073044,12,1.72627,3,8.69525e+08,2
1,139,2901520000000,2902675073670,12,-7.8723,3,8.69525e+08,2
4,344,2470520000000,2470602432000,8,0,3,8.685e+08,1
2,23,2465490000000,2466645072000,12,0,3,8.69525e+08,2
2,290,2473530000000,2473674384856,9,-9.69757,3,8.683e+08,1
1,383,2474000000000,2474041216000,7,0,3,8.683e+08,1
1,370,2478100000000,2479255072000,12,0,3,8.69525e+08,2
3,30,2478780000000,2479935072000,12,0,3,8.69525e+08,2
2,299,2493250000000,2494405072542,12,7.92462,3,8.69525e+08,2
4,221,2479430000000,2480007536889,11,8.61651,3,8.685e+08,1
2,29,2479110000000,2480265073335,12,12.3784,3,8.69525e+08,2
1,255,2483100000000,2483388769573,10,-5.21397,3,8.683e+08,1
4,324,2486980000000,2488135073217,12,2.74584,3,8.69525e+08,2
2,50,2490170000000,2490211216000,7,0,3,8.683e+08,1
3,264,2585880000000,2585962432000,8,0,3,8.683e+08,1
2,42,2495980000000,2496021216352,7,-5.60385,3,8.683e+08,1
1,211,2492230000000,2493385072000,12,0,3,8.69525e+08,2
3,323,2494060000000,2495215072679,12,4.04758,3,8.69525e+08,2
4,156,2498920000000,2500075073029,12,-0.0256034,3,8.69525e+08,2
3,177,2498230000000,2498271217323,7,-4.96504,3,8.685e+08,1
2,206,2500980000000,2501062432000,8,0,3,8.685e+08,1
3,340,2502570000000,2502611216000,7,0,3,8.683e+08,1
1,167,2506430000000,2507585073310,12,3.69841,3,8.69525e+08,2
3,94,2505680000000,2506835072000,12,0,3,8.69525e+08,2
4,49,2511190000000,2512345072570,12,-7.7005,3,8.69525e+08,2
2,375,2509080000000,2510235073066,12,1.51047,3,8.69525e+08,2
3,333,2693170000000,2694325073721,12,1.25978,3,8.683e+08,1
2,293,2689250000000,2690405072693,12,-14.4295,3,8.69525e+08,2
2,333,3411880000000,3413035072000,12,0,3,8.69525e+08,2
2,299,3573070000000,3573152432000,8,0,3,8.683e+08,1
1,205,2771470000000,2772625072099,12,29.5476,3,8.69525e+08,2
1,25,2691410000000,2692565073420,12,-15.3075,3,8.69525e+08,2
3,313,3311220000000,3311797536000,11,0,3,8.683e+08,1
3,153,3372560000000,3373715073958,12,-5.42216,3,8.69525e+08,2
3,282,2888430000000,2889585074296,12,6.03563,3,8.69525e+08,2
3,370,3424640000000,3425795074723,12,-7.8501,3,8.69525e+08,2
1,126,3388490000000,3389645072691,12,-13.5337,3,8.69525e+08,2
4,89,2700750000000,2701905073640,12,-5.87479,3,8.69525e+08,2
2,246,2705430000000,2706585072626,12,12.8708,3,8.69525e+08,2
1,142,2716610000000,2717765072490,12,-1.07835,3,8.69525e+08,2
4,357,3423250000000,3424405073301,12,-5.92577,3,8.69525e+08,2
1,94,3418650000000,3419805074401,12,-9.72148,3,8.69525e+08,2
2,288,2952400000000,2953555073134,12,-6.79745,3,8.69525e+08,2
2,90,2950650000000,2950938768000,10,0,3,8.685e+08,1
3,339,3567700000000,3568855073527,12,-7.29101,3,8.69525e+08,2
4,9,2715090000000,2716245072640,12,2.63773,3,8.69525e+08,2
2,70,2717300000000,2717877536959,11,-13.3802,3,8.681e+08,1
3,143,2716970000000,2718125073367,12,-6.12317,3,8.69525e+08,2
3,368,2929890000000,2931045072905,12,-6.98233,3,8.69525e+08,2
3,5,2944670000000,2945825072475,12,7.56729,3,8.69525e+08,2
3,295,3331400000000,3332555072552,12,8.89459,3,8.69525e+08,2
3,206,3141140000000,3141222433476,8,-4.49191,3,8.683e+08,1
4,345,3411320000000,3412475073006,12,-14.7007,3,8.69525e+08,2
3,375,3423100000000,3423141216132,7,-6.29959,3,8.685e+08,1
3,291,3427410000000,3427451216089,7,16.9202,3,8.683e+08,1
4,218,3307850000000,3307891216000,7,0,3,8.685e+08,1
2,110,2722010000000,2723165072223,12,19.552,3,8.69525e+08,2
4,219,2743040000000,2744195073875,12,-7.93069,3,8.69525e+08,2
2,258,2776160000000,2776201216000,7,0,3,8.683e+08,1
4,84,2731450000000,2732605072769,12,5.53584,3,8.69525e+08,2
3,338,3196920000000,3198075072000,12,0,3,8.69525e+08,2
4,100,2735930000000,2736074385310,9,-12.6567,3,8.681e+08,1
2,71,2736470000000,2737625072592,12,8.89221,3,8.69525e+08,2
1,252,2738910000000,2740065073315,12,-5.57315,3,8.69525e+08,2
4,241,2945360000000,2946515072464,12,9.42569,3,8.69525e+08,2
1,287,2755740000000,2755781216000,7,0,3,8.683e+08,1
1,104,2760600000000,2760641216000,7,0,3,8.683e+08,1
3,88,2739520000000,2740675072265,12,2.14587,3,8.69525e+08,2
4,168,2760800000000,2761955072605,12,-5.92671,3,8.69525e+08,2
4,197,2757110000000,2758265073409,12,-10.6778,3,8.683e+08,1
1,128,2956560000000,2957715072797,12,17.9338,3,8.69525e+08,2
4,305,2962910000000,2964065072000,12,0,3,8.69525e+08,2
3,91,2968640000000,2969795073043,12,-11.8953,3,8.69525e+08,2
2,360,2965400000000,2966555073138,12,-13.7115,3,8.69525e+08,2
1,276,2981390000000,2981472432449,8,3.53243,3,8.683e+08,1
4,64,3571410000000,3572565072812,12,-6.30421,3,8.69525e+08,2
1,200,2978020000000,2979175072289,12,37.2459,3,8.69525e+08,2
4,329,3156910000000,3158065074371,12,-3.78073,3,8.69525e+08,2
4,319,3370470000000,3371625073638,12,-5.24232,3,8.69525e+08,2
4,343,2975330000000,2976485072259,12,14.1356,3,8.69525e+08,2
1,251,2976330000000,2976371216407,7,8.55036,3,8.685e+08,1
1,11,3429270000000,3429558768927,10,4.5211,3,8.685e+08,1
1,184,3337330000000,3338485072778,12,8.46849,3,8.69525e+08,2
1,122,2989710000000,2990865073176,12,-1.92503,3,8.69525e+08,2
2,209,3399140000000,3400295072818,12,24.6069,3,8.69525e+08,2
3,45,3414840000000,3414922432000,8,0,3,8.683e+08,1
3,11,2981030000000,2982185073073,12,-6.65013,3,8.69525e+08,2
2,210,2980320000000,2981475072000,12,0,3,8.69525e+08,2
4,292,3347250000000,3348405072000,12,0,3,8.69525e+08,2
4,139,3429950000000,3431105073380,12,-13.1821,3,8.683e+08,1
2,195,2986620000000,2987775072000,12,0,3,8.681e+08,1
4,278,2990420000000,2991575072481,12,13.8437,3,8.69525e+08,2
3,22,2997970000000,2999125073260,12,8.83119,3,8.69525e+08,2
2,362,2999610000000,3000765072843,12,-19.5998,3,8.69525e+08,2
1,80,2998900000000,2998941216107,7,32.0758,3,8.685e+08,1
1,29,3016130000000,3016707536000,11,0,3,8.683e+08,1
3,277,3018010000000,3019165073683,12,-4.22778,3,8.69525e+08,2
1,295,3006350000000,3006432432000,8,0,3,8.681e+08,1
1,144,3007870000000,3009025073360,12,1.97933,3,8.69525e+08,2
4,224,3014450000000,3015605072590,12,6.39844,3,8.69525e+08,2
2,66,3013110000000,3014265072351,12,19.4697,3,8.69525e+08,2
2,399,3026990000000,3028145074719,12,1.19852,3,8.69525e+08,2
1,80,3020760000000,3021915072107,12,15.5733,3,8.69525e+08,2
3,16,3029740000000,3030895072783,12,-12.3125,3,8.69525e+08,2
1,44,3036800000000,3037955073346,12,13.1453,3,8.69525e+08,2
3,133,3022830000000,3022871216000,7,0,3,8.683e+08,1
3,314,3033720000000,3033761216000,7,0,3,8.685e+08,1
3,183,3050620000000,3051197537740,11,-5.80723,3,8.681e+08,1
4,28,3031460000000,3032615074316,12,-9.05746,3,8.69525e+08,2
3,159,3039200000000,3039282433141,8,-7.66521,3,8.681e+08,1
2,175,3038990000000,3040145072880,12,11.1432,3,8.69525e+08,2
3,250,3046250000000,3047405072588,12,20.059,3,8.69525e+08,2
4,150,3044140000000,3045295073221,12,-15.778,3,8.69525e+08,2
1,205,3067240000000,3068395072099,12,36.7805,3,8.69525e+08,2
1,155,3051070000000,3052225072000,12,0,3,8.69525e+08,2
4,280,3053930000000,3054074384948,9,10.8516,3,8.685e+08,1
2,31,3055940000000,3057095074020,12,-9.1692,3,8.69525e+08,2
3,28,3058670000000,3059825072659,12,0.384858,3,8.69525e+08,2
4,130,3065620000000,3066775073338,12,25.1403,3,8.69525e+08,2
2,20,3069000000000,3070155073300,12,-9.37662,3,8.69525e+08,2
4,259,3070920000000,3072075073161,12,-4.69134,3,8.683e+08,1
2,175,3083300000000,3084455072880,12,15.0922,3,8.69525e+08,2
3,151,3072390000000,3073545072544,12,3.84038,3,8.69525e+08,2
4,12,3083350000000,3084505072000,12,0,3,8.69525e+08,2
1,235,3082430000000,3082471216000,7,0,3,8.683e+08,1
1,280,3083880000000,3085035072000,12,0,3,8.69525e+08,2
3,304,3087410000000,3088565073509,12,-0.542846,3,8.69525e+08,2
1,279,3087780000000,3087821216677,7,2.71935,3,8.683e+08,1
1,307,3100840000000,3100881216334,7,-4.16679,3,8.683e+08,1
2,121,3205410000000,3205554384519,9,-12.5231,3,8.685e+08,1
3,258,3206970000000,3207011216000,7,0,3,8.683e+08,1
4,177,3208410000000,3209565072354,12,9.52551,3,8.69525e+08,2
1,399,3208030000000,3209185073550,12,9.52277,3,8.69525e+08,2
4,59,3399520000000,3400675072000,12,0,3,8.69525e+08,2
3,5,3214340000000,3215495072475,12,12.2274,3,8.69525e+08,2
3,121,3369660000000,3369804384000,9,0,3,8.683e+08,1
1,209,3363700000000,3364855073825,12,14.5222,3,8.69525e+08,2
2,8,3216050000000,3217205072810,12,1.54724,3,8.69525e+08,2
2,104,3224970000000,3225011216000,7,0,3,8.683e+08,1
1,366,3223970000000,3225125073399,12,9.79836,3,8.69525e+08,2
3,213,3319170000000,3320325074109,12,-9.16121,3,8.69525e+08,2
4,283,3227470000000,3228625072817,12,-6.2301,3,8.69525e+08,2
2,243,3228310000000,3229465072000,12,0,3,8.69525e+08,2
3,140,3231320000000,3232475073790,12,-12.1832,3,8.69525e+08,2
4,389,3235690000000,3235834386452,9,-6.4444,3,8.685e+08,1
2,85,3244250000000,3245405072229,12,30.5766,3,8.69525e+08,2
2,31,3236110000000,3236687538020,11,-7.53558,3,8.683e+08,1
1,192,3236370000000,3237525074244,12,-14.9944,3,8.69525e+08,2
4,330,3239430000000,3240585073048,12,-7.80066,3,8.69525e+08,2
3,5,3263670000000,3263752432475,8,-3.6909,3,8.683e+08,1
1,56,3248530000000,3249685073199,12,15.9953,3,8.69525e+08,2
2,172,3339100000000,3340255073558,12,-8.35321,3,8.681e+08,1
4,271,3268000000000,3268144384000,9,0,3,8.681e+08,1
1,339,3264820000000,3264964384773,9,-6.80566,3,8.685e+08,1
1,283,3260330000000,3261485072511,12,13.5542,3,8.69525e+08,2
2,171,3264200000000,3265355072904,12,11.3219,3,8.69525e+08,2
3,395,3266650000000,3267805072938,12,-2.47284,3,8.69525e+08,2
1,117,3275650000000,3276805072000,12,0,3,8.69525e+08,2
3,239,3296260000000,3296342432000,8,0,3,8.683e+08,1
3,295,3274000000000,3274082432552,8,-9.29764,3,8.685e+08,1
4,84,3275020000000,3276175072769,12,-12.6406,3,8.69525e+08,2
2,12,3278280000000,3279435073222,12,-2.31363,3,8.69525e+08,2
3,43,3278380000000,3279535072000,12,0,3,8.69525e+08,2
4,230,3286240000000,3286281216000,7,0,3,8.685e+08,1
1,158,3280040000000,3280081216000,7,0,3,8.685e+08,1
3,360,3285230000000,3285312432000,8,0,3,8.681e+08,1
2,42,3290670000000,3291825072352,12,-2.23587,3,8.69525e+08,2
1,403,3292420000000,3292502432000,8,0,3,8.683e+08,1
4,33,3293280000000,3293424384000,9,0,3,8.683e+08,1
2,59,3304550000000,3305705072753,12,2.61972,3,8.69525e+08,2
3,45,3446770000000,3446852432406,8,-5.36403,3,8.681e+08,1
1,400,3449310000000,3450465073558,12,-14.1465,3,8.69525e+08,2
2,353,3439170000000,3440325072703,12,-0.473281,3,8.69525e+08,2
2,112,3453330000000,3454485073499,12,10.9682,3,8.69525e+08,2
4,151,3449410000000,3450565072000,12,0,3,8.69525e+08,2
2,256,3588690000000,3589845072350,12,19.7478,3,8.69525e+08,2
3,329,3457060000000,3457637536000,11,0,3,8.683e+08,1
4,50,3462140000000,3463295072753,12,16.0574,3,8.69525e+08,2
1,259,3459320000000,3460475072000,12,0,3,8.683e+08,1
2,225,3461960000000,3462248768000,10,0,3,8.683e+08,1
2,53,3466120000000,3467275072000,12,0,3,8.69525e+08,2
1,47,3466000000000,3467155072164,12,17.7085,3,8.69525e+08,2
3,62,3467660000000,3468815073738,12,-16.7786,3,8.69525e+08,2
1,87,3480370000000,3481525073616,12,-17.8041,3,8.69525e+08,2
4,380,3475780000000,3476935074611,12,-8.72905,3,8.69525e+08,2
2,342,3481300000000,3482455072622,12,-4.21088,3,8.69525e+08,2
3,331,3484020000000,3485175073342,12,-19.6053,3,8.69525e+08,2
4,247,3490390000000,3491545073455,12,-6.63734,3,8.69525e+08,2
2,335,3498780000000,3499935072367,12,27.8352,3,8.69525e+08,2
4,47,3502350000000,3503505073201,12,-9.25041,3,8.69525e+08,2
2,204,3492980000000,3493062432000,8,0,3,8.683e+08,1
1,250,3494860000000,3496015072000,12,0,3,8.69525e+08,2
3,23,3505320000000,3506475072000,12,0,3,8.69525e+08,2
1,148,3507710000000,3508865073406,12,-9.29071,3,8.69525e+08,2
4,304,3515960000000,3517115072188,12,21.8337,3,8.69525e+08,2
2,400,3511150000000,3512305072261,12,35.8968,3,8.69525e+08,2
2,45,3513700000000,3513782432000,8,0,3,8.685e+08,1
3,325,3515100000000,3516255072000,12,0,3,8.683e+08,1
2,10,3523240000000,3523528768000,10,0,3,8.683e+08,1
3,157,3518910000000,3520065074006,12,-14.8819,3,8.69525e+08,2
1,21,3522230000000,3523385072000,12,0,3,8.69525e+08,2
3,344,3531420000000,3532575072766,12,-8.70283,3,8.69525e+08,2
2,387,3527390000000,3528545072181,12,17.3802,3,8.69525e+08,2
4,312,3550110000000,3550687537098,11,-5.1149,3,8.683e+08,1
4,34,3539700000000,3540855073096,12,-14.2462,3,8.69525e+08,2
1,366,3534530000000,3535685073399,12,-11.4113,3,8.69525e+08,2
2,361,3545580000000,3546735072193,12,47.4244,3,8.69525e+08,2
1,400,3548560000000,3549715073558,12,5.07758,3,8.69525e+08,2
3,166,3551060000000,3552215073554,12,-2.56006,3,8.69525e+08,2
2,334,3557470000000,3558625072000,12,0,3,8.69525e+08,2
