timestamp,results
2025-03-27 09:58:48,"{""gw-1"": {""1"": ""conflict"", ""2"": ""blocked""}}"
2025-03-27 09:58:48,"{""gw-3"": {""1"": ""conflict"", ""2"": ""blocked""}, ""gw-1"": {""1"": ""conflict"", ""2"": ""blocked""}, ""gw-2"": {""1"": ""blocked"", ""2"": ""blocked""}}"
2025-03-27 09:58:49,"{""gw-2"": {""1"": ""blocked"", ""2"": ""blocked""}}"
2025-03-27 09:58:51,"{""gw-2"": {""1"": ""blocked"", ""2"": ""blocked""}, ""gw-3"": {""1"": ""blocked"", ""2"": ""blocked""}}"
2025-03-27 09:58:54,"{""gw-2"": {""1"": ""blocked"", ""2"": ""blocked""}, ""gw-1"": {""1"": ""blocked"", ""2"": ""blocked""}}"
2025-03-27 09:58:58,"{""gw-2"": {""1"": ""conflict"", ""2"": ""blocked""}}"
2025-03-27 09:58:59,"{""gw-3"": {""1"": ""conflict"", ""2"": ""blocked""}}"
2025-03-27 09:59:00,"{""gw-3"": {""1"": ""conflict"", ""2"": ""blocked""}}"
2025-03-27 09:59:04,"{""gw-3"": {""1"": ""blocked"", ""2"": ""blocked""}, ""gw-1"": {""1"": ""conflict"", ""2"": ""blocked""}}"
2025-03-27 09:59:08,"{""gw-1"": {""1"": ""blocked"", ""2"": ""blocked""}, ""gw-3"": {""1"": ""blocked"", ""2"": ""blocked""}}"
2025-03-27 09:59:09,"{""gw-3"": {""1"": ""blocked"", ""2"": ""blocked""}}"
2025-03-27 09:59:11,"{""gw-1"": {""1"": ""blocked"", ""2"": ""blocked""}}"
2025-03-27 09:59:14,"{""gw-1"": {""1"": ""blocked"", ""2"": ""blocked""}, ""gw-3"": {""1"": ""conflict"", ""2"": ""blocked""}}"
2025-03-27 09:59:19,"{""gw-3"": {""1"": ""blocked"", ""2"": ""blocked""}}"
2025-03-27 09:59:20,"{""gw-1"": {""1"": ""blocked"", ""2"": ""blocked""}, ""gw-2"": {""1"": ""blocked"", ""2"": ""blocked""}, ""gw-3"": {""1"": ""blocked"", ""2"": ""blocked""}}"
2025-03-27 09:59:21,"{""gw-3"": {""1"": ""blocked"", ""2"": ""blocked""}, ""gw-1"": {""1"": ""blocked"", ""2"": ""blocked""}, ""gw-2"": {""1"": ""blocked"", ""2"": ""blocked""}}"
2025-03-27 09:59:23,"{""gw-1"": {""1"": ""blocked"", ""2"": ""blocked""}, ""gw-3"": {""1"": ""blocked"", ""2"": ""blocked""}, ""gw-2"": {""1"": ""blocked"", ""2"": ""blocked""}}"
2025-03-27 09:59:24,"{""gw-2"": {""1"": ""blocked"", ""2"": ""blocked""}}"
2025-03-27 09:59:26,"{""gw-3"": {""1"": ""conflict"", ""2"": ""conflict""}, ""gw-2"": {""1"": ""blocked"", ""2"": ""blocked""}, ""gw-1"": {""1"": ""blocked"", ""2"": ""blocked""}}"
2025-03-27 09:59:26,"{""gw-1"": {""1"": ""blocked"", ""2"": ""blocked""}, ""gw-3"": {""1"": ""conflict"", ""2"": ""blocked""}}"
2025-03-27 09:59:27,"{""gw-2"": {""1"": ""blocked"", ""2"": ""blocked""}, ""gw-3"": {""1"": ""conflict"", ""2"": ""blocked""}}"
2025-03-27 09:59:27,"{""gw-1"": {""1"": ""blocked"", ""2"": ""blocked""}}"
2025-03-27 09:59:31,"{""gw-2"": {""1"": ""conflict"", ""2"": ""blocked""}, ""gw-3"": {""1"": ""blocked"", ""2"": ""blocked""}}"
2025-03-27 09:59:35,"{""gw-3"": {""1"": ""blocked"", ""2"": ""blocked""}, ""gw-2"": {""1"": ""blocked"", ""2"": ""blocked""}}"
2025-03-27 09:59:36,"{""gw-2"": {""1"": ""blocked"", ""2"": ""blocked""}}"
2025-03-27 09:59:38,"{""gw-2"": {""1"": ""blocked"", ""2"": ""blocked""}}"
2025-03-27 09:59:39,"{""gw-2"": {""1"": ""blocked"", ""2"": ""blocked""}}"
2025-03-27 09:59:40,"{""gw-2"": {""1"": ""blocked"", ""2"": ""blocked""}}"
2025-03-27 09:59:40,"{""gw-1"": {""1"": ""blocked"", ""2"": ""blocked""}}"
2025-03-27 09:59:42,"{""gw-1"": {""1"": ""blocked"", ""2"": ""blocked""}}"
2025-03-27 09:59:45,"{""gw-2"": {""1"": ""conflict"", ""2"": ""conflict""}}"
2025-03-27 09:59:46,"{""gw-2"": {""1"": ""conflict"", ""2"": ""blocked""}}"
2025-03-27 09:59:46,"{""gw-1"": {""1"": ""blocked"", ""2"": ""blocked""}}"
2025-03-27 09:59:49,"{""gw-1"": {""1"": ""blocked"", ""2"": ""conflict""}}"
2025-03-27 09:59:51,"{""gw-2"": {""1"": ""blocked"", ""2"": ""blocked""}}"
2025-03-27 09:59:56,"{""gw-1"": {""1"": ""blocked"", ""2"": ""blocked""}}"
2025-03-27 09:59:56,"{""gw-1"": {""1"": ""blocked"", ""2"": ""blocked""}}"
2025-03-27 09:59:57,"{""gw-1"": {""1"": ""blocked"", ""2"": ""blocked""}}"
2025-03-27 10:00:04,"{""gw-3"": {""1"": ""blocked"", ""2"": ""blocked""}}"
2025-03-27 10:00:05,"{""gw-3"": {""1"": ""blocked"", ""2"": ""blocked""}}"
2025-03-27 10:00:07,"{""gw-1"": {""1"": ""blocked"", ""2"": ""blocked""}, ""gw-2"": {""1"": ""blocked"", ""2"": ""blocked""}}"
2025-03-27 10:00:10,"{""gw-2"": {""1"": ""blocked"", ""2"": ""blocked""}}"
2025-03-27 10:00:11,"{""gw-2"": {""1"": ""blocked"", ""2"": ""blocked""}}"
2025-03-27 10:00:13,"{""gw-1"": {""1"": ""blocked"", ""2"": ""blocked""}, ""gw-2"": {""1"": ""blocked"", ""2"": ""blocked""}}"
2025-03-27 10:00:14,"{""gw-2"": {""1"": ""blocked"", ""2"": ""blocked""}}"
2025-03-27 10:00:14,"{""gw-2"": {""1"": ""blocked"", ""2"": ""blocked""}}"
2025-03-27 10:00:17,"{""gw-3"": {""1"": ""blocked"", ""2"": ""blocked""}}"
2025-03-27 10:00:18,"{""gw-3"": {""1"": ""blocked"", ""2"": ""blocked""}, ""gw-2"": {""1"": ""conflict"", ""2"": ""blocked""}}"
2025-03-27 10:00:19,"{""gw-1"": {""1"": ""blocked"", ""2"": ""blocked""}}"
2025-03-27 10:00:19,"{""gw-3"": {""1"": ""blocked"", ""2"": ""blocked""}}"
2025-03-27 10:00:20,"{""gw-2"": {""1"": ""blocked"", ""2"": ""blocked""}}"
2025-03-27 10:00:21,"{""gw-2"": {""1"": ""blocked"", ""2"": ""blocked""}}"
2025-03-27 10:00:22,"{""gw-1"": {""1"": ""blocked"", ""2"": ""blocked""}, ""gw-2"": {""1"": ""blocked"", ""2"": ""blocked""}}"
2025-03-27 10:00:23,"{""gw-1"": {""1"": ""blocked"", ""2"": ""blocked""}, ""gw-3"": {""1"": ""blocked"", ""2"": ""conflict""}}"
2025-03-27 10:00:24,"{""gw-3"": {""1"": ""conflict"", ""2"": ""blocked""}}"
2025-03-27 10:00:24,"{""gw-3"": {""1"": ""conflict"", ""2"": ""blocked""}}"
2025-03-27 10:00:25,"{""gw-1"": {""1"": ""blocked"", ""2"": ""blocked""}}"
2025-03-27 10:00:25,"{""gw-2"": {""1"": ""blocked"", ""2"": ""blocked""}}"
2025-03-27 10:00:26,"{""gw-1"": {""1"": ""blocked"", ""2"": ""blocked""}}"
2025-03-27 10:00:27,"{""gw-2"": {""1"": ""blocked"", ""2"": ""blocked""}, ""gw-1"": {""1"": ""blocked"", ""2"": ""blocked""}}"
2025-03-27 10:00:27,"{""gw-1"": {""1"": ""conflict"", ""2"": ""conflict""}}"
2025-03-27 10:00:29,"{""gw-3"": {""1"": ""blocked"", ""2"": ""blocked""}, ""gw-2"": {""1"": ""blocked"", ""2"": ""conflict""}}"
2025-03-27 10:00:31,"{""gw-3"": {""1"": ""blocked"", ""2"": ""blocked""}}"
2025-03-27 10:00:31,"{""gw-3"": {""1"": ""blocked"", ""2"": ""blocked""}}"
2025-03-27 10:00:36,"{""gw-2"": {""1"": ""blocked"", ""2"": ""blocked""}}"
2025-03-27 10:00:38,"{""gw-2"": {""1"": ""blocked"", ""2"": ""blocked""}}"
2025-03-27 10:00:38,"{""gw-1"": {""1"": ""blocked"", ""2"": ""blocked""}}"
2025-03-27 10:00:39,"{""gw-1"": {""1"": ""blocked"", ""2"": ""blocked""}}"
2025-03-27 10:00:42,"{""gw-1"": {""1"": ""blocked"", ""2"": ""blocked""}}"
2025-03-27 10:00:43,"{""gw-1"": {""1"": ""blocked"", ""2"": ""blocked""}, ""gw-2"": {""1"": ""conflict"", ""2"": ""blocked""}}"
2025-03-27 10:00:45,"{""gw-2"": {""1"": ""blocked"", ""2"": ""blocked""}}"
2025-03-27 10:00:46,"{""gw-1"": {""1"": ""conflict"", ""2"": ""conflict""}}"
2025-03-27 10:00:47,"{""gw-2"": {""1"": ""blocked"", ""2"": ""blocked""}}"
2025-03-27 10:00:51,"{""gw-2"": {""1"": ""blocked"", ""2"": ""blocked""}}"
2025-03-27 10:00:55,"{""gw-2"": {""1"": ""conflict"", ""2"": ""conflict""}}"
2025-03-27 10:00:56,"{""gw-3"": {""1"": ""conflict"", ""2"": ""conflict""}, ""gw-1"": {""1"": ""blocked"", ""2"": ""blocked""}}"
2025-03-27 10:01:04,"{""gw-2"": {""1"": ""blocked"", ""2"": ""blocked""}}"
2025-03-27 10:01:09,"{""gw-1"": {""1"": ""blocked"", ""2"": ""blocked""}}"
2025-03-27 10:01:09,"{""gw-1"": {""1"": ""blocked"", ""2"": ""blocked""}}"
2025-03-27 10:01:10,"{""gw-1"": {""1"": ""blocked"", ""2"": ""blocked""}}"
2025-03-27 10:01:12,"{""gw-2"": {""1"": ""blocked"", ""2"": ""conflict""}}"
2025-03-27 10:01:14,"{""gw-3"": {""1"": ""blocked"", ""2"": ""blocked""}, ""gw-2"": {""1"": ""conflict"", ""2"": ""blocked""}}"
2025-03-27 10:01:18,"{""gw-2"": {""1"": ""blocked"", ""2"": ""blocked""}}"
2025-03-27 10:01:19,"{""gw-2"": {""1"": ""blocked"", ""2"": ""blocked""}, ""gw-1"": {""1"": ""blocked"", ""2"": ""blocked""}}"
2025-03-27 10:01:22,"{""gw-1"": {""1"": ""blocked"", ""2"": ""blocked""}}"
2025-03-27 10:01:28,"{""gw-1"": {""1"": ""conflict"", ""2"": ""conflict""}, ""gw-3"": {""1"": ""blocked"", ""2"": ""blocked""}}"
2025-03-27 10:01:29,"{""gw-1"": {""1"": ""conflict"", ""2"": ""conflict""}}"
2025-03-27 10:01:30,"{""gw-2"": {""1"": ""blocked"", ""2"": ""blocked""}}"
2025-03-27 10:01:31,"{""gw-2"": {""1"": ""blocked"", ""2"": ""blocked""}, ""gw-3"": {""1"": ""blocked"", ""2"": ""blocked""}, ""gw-1"": {""1"": ""blocked"", ""2"": ""blocked""}}"
2025-03-27 10:01:31,"{""gw-1"": {""1"": ""blocked"", ""2"": ""blocked""}}"
2025-03-27 10:01:31,"{""gw-2"": {""1"": ""blocked"", ""2"": ""blocked""}}"
2025-03-27 10:01:33,"{""gw-3"": {""1"": ""blocked"", ""2"": ""conflict""}, ""gw-1"": {""1"": ""blocked"", ""2"": ""blocked""}}"
2025-03-27 10:01:35,"{""gw-1"": {""1"": ""blocked"", ""2"": ""blocked""}, ""gw-3"": {""1"": ""conflict"", ""2"": ""blocked""}}"
2025-03-27 10:01:35,"{""gw-2"": {""1"": ""blocked"", ""2"": ""blocked""}}"
2025-03-27 10:01:36,"{""gw-3"": {""1"": ""blocked"", ""2"": ""blocked""}}"
2025-03-27 10:01:38,"{""gw-1"": {""1"": ""blocked"", ""2"": ""blocked""}}"
2025-03-27 10:01:42,"{""gw-3"": {""1"": ""blocked"", ""2"": ""blocked""}}"
2025-03-27 10:01:46,"{""gw-2"": {""1"": ""blocked"", ""2"": ""blocked""}}"
2025-03-27 10:01:47,"{""gw-2"": {""1"": ""blocked"", ""2"": ""blocked""}}"
2025-03-27 10:01:49,"{""gw-3"": {""1"": ""conflict"", ""2"": ""blocked""}}"
2025-03-27 10:01:52,"{""gw-3"": {""1"": ""blocked"", ""2"": ""blocked""}}"
2025-03-27 10:01:57,"{""gw-2"": {""1"": ""conflict"", ""2"": ""blocked""}}"
2025-03-27 10:01:58,"{""gw-3"": {""1"": ""blocked"", ""2"": ""blocked""}}"
2025-03-27 10:02:02,"{""gw-1"": {""1"": ""blocked"", ""2"": ""blocked""}, ""gw-2"": {""1"": ""blocked"", ""2"": ""blocked""}}"
2025-03-27 10:02:02,"{""gw-2"": {""1"": ""blocked"", ""2"": ""blocked""}}"
2025-03-27 10:02:02,"{""gw-2"": {""1"": ""blocked"", ""2"": ""blocked""}, ""gw-1"": {""1"": ""blocked"", ""2"": ""blocked""}}"
2025-03-27 10:02:03,"{""gw-2"": {""1"": ""blocked"", ""2"": ""blocked""}}"
2025-03-27 10:02:06,"{""gw-1"": {""1"": ""blocked"", ""2"": ""blocked""}, ""gw-2"": {""1"": ""blocked"", ""2"": ""blocked""}}"
2025-03-27 10:02:09,"{""gw-1"": {""1"": ""conflict"", ""2"": ""blocked""}, ""gw-3"": {""1"": ""blocked"", ""2"": ""blocked""}}"
2025-03-27 10:02:10,"{""gw-2"": {""1"": ""conflict"", ""2"": ""conflict""}}"
2025-03-27 10:02:14,"{""gw-3"": {""1"": ""conflict"", ""2"": ""blocked""}}"
2025-03-27 10:02:15,"{""gw-3"": {""1"": ""conflict"", ""2"": ""blocked""}}"
2025-03-27 10:02:17,"{""gw-2"": {""1"": ""blocked"", ""2"": ""blocked""}}"
2025-03-27 10:02:17,"{""gw-3"": {""1"": ""blocked"", ""2"": ""blocked""}}"
2025-03-27 10:02:18,"{""gw-2"": {""1"": ""blocked"", ""2"": ""blocked""}}"
2025-03-27 10:02:21,"{""gw-3"": {""1"": ""blocked"", ""2"": ""blocked""}}"
2025-03-27 10:02:27,"{""gw-1"": {""1"": ""conflict"", ""2"": ""blocked""}}"
2025-03-27 10:02:28,"{""gw-2"": {""1"": ""blocked"", ""2"": ""blocked""}, ""gw-1"": {""1"": ""conflict"", ""2"": ""blocked""}}"
2025-03-27 10:02:28,"{""gw-2"": {""1"": ""blocked"", ""2"": ""blocked""}}"
2025-03-27 10:02:30,"{""gw-1"": {""1"": ""blocked"", ""2"": ""blocked""}}"
2025-03-27 10:02:30,"{""gw-3"": {""1"": ""blocked"", ""2"": ""blocked""}}"
2025-03-27 10:02:31,"{""gw-1"": {""1"": ""blocked"", ""2"": ""blocked""}, ""gw-3"": {""1"": ""blocked"", ""2"": ""blocked""}}"
2025-03-27 10:02:33,"{""gw-2"": {""1"": ""blocked"", ""2"": ""blocked""}}"
2025-03-27 10:02:34,"{""gw-1"": {""1"": ""blocked"", ""2"": ""conflict""}, ""gw-2"": {""1"": ""blocked"", ""2"": ""blocked""}}"
2025-03-27 10:02:35,"{""gw-3"": {""1"": ""blocked"", ""2"": ""blocked""}, ""gw-1"": {""1"": ""blocked"", ""2"": ""conflict""}, ""gw-2"": {""1"": ""blocked"", ""2"": ""blocked""}}"
2025-03-27 10:02:36,"{""gw-3"": {""1"": ""blocked"", ""2"": ""blocked""}, ""gw-2"": {""1"": ""conflict"", ""2"": ""conflict""}}"
2025-03-27 10:02:36,"{""gw-3"": {""1"": ""blocked"", ""2"": ""blocked""}}"
2025-03-27 10:02:36,"{""gw-2"": {""1"": ""conflict"", ""2"": ""blocked""}, ""gw-1"": {""1"": ""conflict"", ""2"": ""blocked""}}"
2025-03-27 10:02:39,"{""gw-1"": {""1"": ""blocked"", ""2"": ""blocked""}}"
2025-03-27 10:02:39,"{""gw-1"": {""1"": ""blocked"", ""2"": ""blocked""}}"
2025-03-27 10:02:41,"{""gw-1"": {""1"": ""blocked"", ""2"": ""blocked""}}"
2025-03-27 10:02:41,"{""gw-3"": {""1"": ""blocked"", ""2"": ""blocked""}, ""gw-1"": {""1"": ""blocked"", ""2"": ""blocked""}}"
2025-03-27 10:02:42,"{""gw-1"": {""1"": ""blocked"", ""2"": ""blocked""}}"
2025-03-27 10:02:43,"{""gw-3"": {""1"": ""blocked"", ""2"": ""blocked""}}"
2025-03-27 10:02:44,"{""gw-3"": {""1"": ""blocked"", ""2"": ""blocked""}, ""gw-2"": {""1"": ""blocked"", ""2"": ""blocked""}}"
2025-03-27 10:02:45,"{""gw-1"": {""1"": ""blocked"", ""2"": ""blocked""}}"
2025-03-27 10:02:51,"{""gw-3"": {""1"": ""conflict"", ""2"": ""blocked""}}"
2025-03-27 10:02:55,"{""gw-3"": {""1"": ""blocked"", ""2"": ""blocked""}}"
2025-03-27 10:02:56,"{""gw-3"": {""1"": ""blocked"", ""2"": ""blocked""}, ""gw-1"": {""1"": ""blocked"", ""2"": ""blocked""}}"
2025-03-27 10:02:57,"{""gw-2"": {""1"": ""blocked"", ""2"": ""blocked""}}"
2025-03-27 10:02:57,"{""gw-1"": {""1"": ""blocked"", ""2"": ""blocked""}}"
2025-03-27 10:02:58,"{""gw-2"": {""1"": ""blocked"", ""2"": ""blocked""}, ""gw-3"": {""1"": ""blocked"", ""2"": ""blocked""}}"
2025-03-27 10:02:59,"{""gw-2"": {""1"": ""blocked"", ""2"": ""blocked""}}"
2025-03-27 10:02:59,"{""gw-2"": {""1"": ""blocked"", ""2"": ""conflict""}}"
2025-03-27 10:03:00,"{""gw-1"": {""1"": ""conflict"", ""2"": ""blocked""}}"
2025-03-27 10:03:01,"{""gw-1"": {""1"": ""conflict"", ""2"": ""blocked""}, ""gw-3"": {""1"": ""blocked"", ""2"": ""blocked""}}"
2025-03-27 10:03:02,"{""gw-3"": {""1"": ""conflict"", ""2"": ""conflict""}}"
2025-03-27 10:03:03,"{""gw-1"": {""1"": ""blocked"", ""2"": ""blocked""}, ""gw-2"": {""1"": ""blocked"", ""2"": ""blocked""}}"
2025-03-27 10:03:05,"{""gw-1"": {""1"": ""blocked"", ""2"": ""blocked""}}"
2025-03-27 10:03:06,"{""gw-3"": {""1"": ""blocked"", ""2"": ""blocked""}, ""gw-1"": {""1"": ""blocked"", ""2"": ""blocked""}}"
2025-03-27 10:03:06,"{""gw-3"": {""1"": ""blocked"", ""2"": ""blocked""}}"
2025-03-27 10:03:06,"{""gw-1"": {""1"": ""blocked"", ""2"": ""blocked""}, ""gw-3"": {""1"": ""blocked"", ""2"": ""blocked""}, ""gw-2"": {""1"": ""blocked"", ""2"": ""blocked""}}"
2025-03-27 10:03:06,"{""gw-2"": {""1"": ""blocked"", ""2"": ""blocked""}, ""gw-1"": {""1"": ""blocked"", ""2"": ""blocked""}}"
2025-03-27 10:03:06,"{""gw-3"": {""1"": ""blocked"", ""2"": ""blocked""}, ""gw-1"": {""1"": ""blocked"", ""2"": ""blocked""}}"
2025-03-27 10:03:07,"{""gw-2"": {""1"": ""blocked"", ""2"": ""blocked""}}"
2025-03-27 10:03:07,"{""gw-3"": {""1"": ""blocked"", ""2"": ""blocked""}}"
2025-03-27 10:03:07,"{""gw-2"": {""1"": ""blocked"", ""2"": ""blocked""}}"
2025-03-27 10:03:08,"{""gw-3"": {""1"": ""blocked"", ""2"": ""blocked""}}"
2025-03-27 10:03:08,"{""gw-3"": {""1"": ""blocked"", ""2"": ""blocked""}, ""gw-2"": {""1"": ""blocked"", ""2"": ""blocked""}}"
2025-03-27 10:03:10,"{""gw-1"": {""1"": ""blocked"", ""2"": ""blocked""}}"
2025-03-27 10:03:18,"{""gw-1"": {""1"": ""blocked"", ""2"": ""blocked""}}"
2025-03-27 10:03:19,"{""gw-3"": {""1"": ""blocked"", ""2"": ""blocked""}, ""gw-1"": {""1"": ""blocked"", ""2"": ""blocked""}}"
2025-03-27 10:03:20,"{""gw-1"": {""1"": ""blocked"", ""2"": ""blocked""}}"
2025-03-27 10:03:22,"{""gw-2"": {""1"": ""blocked"", ""2"": ""blocked""}, ""gw-1"": {""1"": ""blocked"", ""2"": ""blocked""}}"
2025-03-27 10:03:23,"{""gw-3"": {""1"": ""blocked"", ""2"": ""blocked""}}"
2025-03-27 10:03:24,"{""gw-2"": {""1"": ""blocked"", ""2"": ""blocked""}, ""gw-3"": {""1"": ""blocked"", ""2"": ""blocked""}, ""gw-1"": {""1"": ""blocked"", ""2"": ""conflict""}}"
2025-03-27 10:03:25,"{""gw-1"": {""1"": ""conflict"", ""2"": ""conflict""}}"
2025-03-27 10:03:25,"{""gw-1"": {""1"": ""conflict"", ""2"": ""conflict""}}"
2025-03-27 10:03:30,"{""gw-3"": {""1"": ""blocked"", ""2"": ""blocked""}}"
2025-03-27 10:03:30,"{""gw-1"": {""1"": ""blocked"", ""2"": ""blocked""}}"
2025-03-27 10:03:30,"{""gw-3"": {""1"": ""blocked"", ""2"": ""blocked""}, ""gw-1"": {""1"": ""blocked"", ""2"": ""blocked""}, ""gw-2"": {""1"": ""conflict"", ""2"": ""blocked""}}"
2025-03-27 10:03:31,"{""gw-1"": {""1"": ""blocked"", ""2"": ""blocked""}}"
2025-03-27 10:03:31,"{""gw-3"": {""1"": ""blocked"", ""2"": ""blocked""}}"
2025-03-27 10:03:32,"{""gw-2"": {""1"": ""blocked"", ""2"": ""blocked""}}"
2025-03-27 10:03:33,"{""gw-1"": {""1"": ""blocked"", ""2"": ""blocked""}}"
2025-03-27 10:03:33,"{""gw-1"": {""1"": ""blocked"", ""2"": ""blocked""}, ""gw-3"": {""1"": ""blocked"", ""2"": ""blocked""}, ""gw-2"": {""1"": ""blocked"", ""2"": ""blocked""}}"
2025-03-27 10:03:35,"{""gw-1"": {""1"": ""blocked"", ""2"": ""blocked""}}"
2025-03-27 10:03:36,"{""gw-2"": {""1"": ""blocked"", ""2"": ""blocked""}, ""gw-3"": {""1"": ""blocked"", ""2"": ""blocked""}}"
2025-03-27 10:03:38,"{""gw-3"": {""1"": ""blocked"", ""2"": ""conflict""}, ""gw-2"": {""1"": ""blocked"", ""2"": ""blocked""}}"
2025-03-27 10:03:39,"{""gw-3"": {""1"": ""conflict"", ""2"": ""blocked""}}"
2025-03-27 10:03:39,"{""gw-2"": {""1"": ""blocked"", ""2"": ""blocked""}}"
2025-03-27 10:03:42,"{""gw-1"": {""1"": ""blocked"", ""2"": ""blocked""}}"
2025-03-27 10:03:43,"{""gw-3"": {""1"": ""blocked"", ""2"": ""blocked""}}"
2025-03-27 10:03:44,"{""gw-3"": {""1"": ""blocked"", ""2"": ""blocked""}, ""gw-2"": {""1"": ""blocked"", ""2"": ""conflict""}}"
2025-03-27 10:03:44,"{""gw-3"": {""1"": ""blocked"", ""2"": ""blocked""}, ""gw-2"": {""1"": ""conflict"", ""2"": ""conflict""}}"
2025-03-27 10:03:44,"{""gw-2"": {""1"": ""conflict"", ""2"": ""blocked""}}"
2025-03-27 10:03:45,"{""gw-1"": {""1"": ""blocked"", ""2"": ""blocked""}}"
2025-03-27 10:03:46,"{""gw-3"": {""1"": ""blocked"", ""2"": ""blocked""}}"
2025-03-27 10:03:47,"{""gw-3"": {""1"": ""blocked"", ""2"": ""blocked""}, ""gw-1"": {""1"": ""blocked"", ""2"": ""blocked""}}"
2025-03-27 10:03:47,"{""gw-1"": {""1"": ""blocked"", ""2"": ""blocked""}, ""gw-2"": {""1"": ""blocked"", ""2"": ""blocked""}}"
2025-03-27 10:03:48,"{""gw-2"": {""1"": ""blocked"", ""2"": ""blocked""}}"
2025-03-27 10:03:48,"{""gw-2"": {""1"": ""blocked"", ""2"": ""blocked""}, ""gw-3"": {""1"": ""blocked"", ""2"": ""blocked""}}"
2025-03-27 10:03:48,"{""gw-2"": {""1"": ""blocked"", ""2"": ""blocked""}}"
2025-03-27 10:03:49,"{""gw-2"": {""1"": ""blocked"", ""2"": ""blocked""}}"
2025-03-27 10:03:53,"{""gw-3"": {""1"": ""conflict"", ""2"": ""blocked""}, ""gw-2"": {""1"": ""blocked"", ""2"": ""blocked""}}"
2025-03-27 10:03:55,"{""gw-3"": {""1"": ""blocked"", ""2"": ""blocked""}}"
2025-03-27 10:03:59,"{""gw-1"": {""1"": ""blocked"", ""2"": ""blocked""}}"
2025-03-27 10:03:59,"{""gw-1"": {""1"": ""blocked"", ""2"": ""blocked""}}"
2025-03-27 10:04:00,"{""gw-1"": {""1"": ""blocked"", ""2"": ""blocked""}, ""gw-3"": {""1"": ""blocked"", ""2"": ""blocked""}}"
2025-03-27 10:04:01,"{""gw-2"": {""1"": ""blocked"", ""2"": ""blocked""}, ""gw-3"": {""1"": ""blocked"", ""2"": ""blocked""}, ""gw-1"": {""1"": ""blocked"", ""2"": ""blocked""}}"
2025-03-27 10:04:01,"{""gw-3"": {""1"": ""blocked"", ""2"": ""blocked""}, ""gw-1"": {""1"": ""blocked"", ""2"": ""blocked""}, ""gw-2"": {""1"": ""blocked"", ""2"": ""blocked""}}"
2025-03-27 10:04:03,"{""gw-2"": {""1"": ""blocked"", ""2"": ""blocked""}}"
2025-03-27 10:04:08,"{""gw-2"": {""1"": ""conflict"", ""2"": ""conflict""}}"
2025-03-27 10:04:09,"{""gw-2"": {""1"": ""conflict"", ""2"": ""conflict""}}"
2025-03-27 10:04:09,"{""gw-3"": {""1"": ""blocked"", ""2"": ""blocked""}, ""gw-2"": {""1"": ""conflict"", ""2"": ""blocked""}}"
2025-03-27 10:04:09,"{""gw-2"": {""1"": ""conflict"", ""2"": ""blocked""}}"
2025-03-27 10:04:09,"{""gw-2"": {""1"": ""conflict"", ""2"": ""blocked""}}"
2025-03-27 10:04:12,"{""gw-3"": {""1"": ""blocked"", ""2"": ""blocked""}}"
2025-03-27 10:04:12,"{""gw-1"": {""1"": ""blocked"", ""2"": ""blocked""}, ""gw-3"": {""1"": ""blocked"", ""2"": ""blocked""}, ""gw-2"": {""1"": ""blocked"", ""2"": ""blocked""}}"
2025-03-27 10:04:14,"{""gw-2"": {""1"": ""blocked"", ""2"": ""blocked""}}"
2025-03-27 10:04:14,"{""gw-2"": {""1"": ""blocked"", ""2"": ""blocked""}}"
2025-03-27 10:04:15,"{""gw-3"": {""1"": ""blocked"", ""2"": ""blocked""}, ""gw-2"": {""1"": ""blocked"", ""2"": ""blocked""}}"
2025-03-27 10:04:17,"{""gw-2"": {""1"": ""blocked"", ""2"": ""blocked""}, ""gw-1"": {""1"": ""blocked"", ""2"": ""blocked""}}"
2025-03-27 10:04:21,"{""gw-2"": {""1"": ""blocked"", ""2"": ""conflict""}}"
2025-03-27 10:04:23,"{""gw-1"": {""1"": ""conflict"", ""2"": ""blocked""}}"
2025-03-27 10:04:23,"{""gw-3"": {""1"": ""blocked"", ""2"": ""blocked""}}"
2025-03-27 10:04:23,"{""gw-2"": {""1"": ""blocked"", ""2"": ""blocked""}}"
2025-03-27 10:04:24,"{""gw-2"": {""1"": ""blocked"", ""2"": ""blocked""}, ""gw-3"": {""1"": ""blocked"", ""2"": ""blocked""}}"
2025-03-27 10:04:26,"{""gw-2"": {""1"": ""blocked"", ""2"": ""blocked""}}"
2025-03-27 10:04:29,"{""gw-1"": {""1"": ""blocked"", ""2"": ""blocked""}}"
2025-03-27 10:04:29,"{""gw-1"": {""1"": ""blocked"", ""2"": ""blocked""}, ""gw-3"": {""1"": ""blocked"", ""2"": ""conflict""}}"
2025-03-27 10:04:29,"{""gw-3"": {""1"": ""blocked"", ""2"": ""conflict""}, ""gw-1"": {""1"": ""blocked"", ""2"": ""blocked""}}"
2025-03-27 10:04:30,"{""gw-2"": {""1"": ""blocked"", ""2"": ""blocked""}, ""gw-3"": {""1"": ""conflict"", ""2"": ""blocked""}}"
2025-03-27 10:04:31,"{""gw-1"": {""1"": ""blocked"", ""2"": ""blocked""}}"
2025-03-27 10:04:31,"{""gw-2"": {""1"": ""blocked"", ""2"": ""blocked""}}"
2025-03-27 10:04:32,"{""gw-1"": {""1"": ""blocked"", ""2"": ""blocked""}}"
2025-03-27 10:04:35,"{""gw-2"": {""1"": ""conflict"", ""2"": ""blocked""}}"
2025-03-27 10:04:35,"{""gw-2"": {""1"": ""conflict"", ""2"": ""blocked""}}"
2025-03-27 10:04:37,"{""gw-1"": {""1"": ""conflict"", ""2"": ""conflict""}}"
2025-03-27 10:04:37,"{""gw-3"": {""1"": ""blocked"", ""2"": ""blocked""}, ""gw-2"": {""1"": ""blocked"", ""2"": ""blocked""}}"
2025-03-27 10:04:38,"{""gw-3"": {""1"": ""blocked"", ""2"": ""blocked""}}"
2025-03-27 10:04:38,"{""gw-2"": {""1"": ""blocked"", ""2"": ""blocked""}}"
2025-03-27 10:04:38,"{""gw-3"": {""1"": ""blocked"", ""2"": ""blocked""}, ""gw-1"": {""1"": ""conflict"", ""2"": ""conflict""}}"
2025-03-27 10:04:39,"{""gw-3"": {""1"": ""blocked"", ""2"": ""blocked""}}"
2025-03-27 10:04:39,"{""gw-3"": {""1"": ""blocked"", ""2"": ""blocked""}}"
2025-03-27 10:04:40,"{""gw-3"": {""1"": ""blocked"", ""2"": ""blocked""}}"
2025-03-27 10:04:43,"{""gw-2"": {""1"": ""blocked"", ""2"": ""blocked""}}"
2025-03-27 10:04:43,"{""gw-1"": {""1"": ""blocked"", ""2"": ""blocked""}}"
2025-03-27 10:04:51,"{""gw-2"": {""1"": ""blocked"", ""2"": ""blocked""}}"
2025-03-27 10:04:52,"{""gw-3"": {""1"": ""blocked"", ""2"": ""blocked""}, ""gw-2"": {""1"": ""blocked"", ""2"": ""blocked""}}"
2025-03-27 10:04:54,"{""gw-2"": {""1"": ""blocked"", ""2"": ""blocked""}, ""gw-3"": {""1"": ""blocked"", ""2"": ""blocked""}}"
2025-03-27 10:05:02,"{""gw-1"": {""1"": ""blocked"", ""2"": ""blocked""}}"
2025-03-27 10:05:02,"{""gw-1"": {""1"": ""blocked"", ""2"": ""blocked""}}"
2025-03-27 10:05:07,"{""gw-2"": {""1"": ""blocked"", ""2"": ""blocked""}}"
2025-03-27 10:05:08,"{""gw-2"": {""1"": ""blocked"", ""2"": ""blocked""}}"
2025-03-27 10:05:16,"{""gw-1"": {""1"": ""conflict"", ""2"": ""conflict""}}"
2025-03-27 10:05:24,"{""gw-3"": {""1"": ""blocked"", ""2"": ""conflict""}, ""gw-1"": {""1"": ""blocked"", ""2"": ""conflict""}}"
2025-03-27 10:05:29,"{""gw-2"": {""1"": ""blocked"", ""2"": ""conflict""}}"
2025-03-27 10:05:30,"{""gw-3"": {""1"": ""conflict"", ""2"": ""blocked""}}"
2025-03-27 10:05:30,"{""gw-1"": {""1"": ""blocked"", ""2"": ""blocked""}, ""gw-3"": {""1"": ""blocked"", ""2"": ""blocked""}}"
2025-03-27 10:05:31,"{""gw-3"": {""1"": ""blocked"", ""2"": ""blocked""}}"
2025-03-27 10:05:32,"{""gw-3"": {""1"": ""blocked"", ""2"": ""blocked""}}"
2025-03-27 10:05:32,"{""gw-1"": {""1"": ""blocked"", ""2"": ""blocked""}, ""gw-3"": {""1"": ""blocked"", ""2"": ""blocked""}}"
2025-03-27 10:05:49,"{""gw-2"": {""1"": ""blocked"", ""2"": ""blocked""}}"
2025-03-27 10:05:55,"{""gw-2"": {""1"": ""blocked"", ""2"": ""conflict""}}"
2025-03-27 10:06:00,"{""gw-2"": {""1"": ""blocked"", ""2"": ""blocked""}, ""gw-1"": {""1"": ""blocked"", ""2"": ""blocked""}}"
2025-03-27 10:06:03,"{""gw-1"": {""1"": ""blocked"", ""2"": ""blocked""}}"
2025-03-27 10:06:08,"{""gw-2"": {""1"": ""conflict"", ""2"": ""conflict""}}"
2025-03-27 10:06:13,"{""gw-2"": {""1"": ""blocked"", ""2"": ""blocked""}}"
2025-03-27 10:06:19,"{""gw-1"": {""1"": ""conflict"", ""2"": ""blocked""}}"
2025-03-27 10:06:22,"{""gw-3"": {""1"": ""blocked"", ""2"": ""conflict""}}"
2025-03-27 10:06:25,"{""gw-1"": {""1"": ""blocked"", ""2"": ""blocked""}}"
2025-03-27 10:06:26,"{""gw-3"": {""1"": ""blocked"", ""2"": ""blocked""}, ""gw-1"": {""1"": ""blocked"", ""2"": ""blocked""}}"
2025-03-27 10:06:28,"{""gw-2"": {""1"": ""blocked"", ""2"": ""conflict""}}"
2025-03-27 10:06:28,"{""gw-2"": {""1"": ""blocked"", ""2"": ""conflict""}}"
2025-03-27 10:06:30,"{""gw-3"": {""1"": ""blocked"", ""2"": ""blocked""}}"
2025-03-27 10:06:40,"{""gw-1"": {""1"": ""blocked"", ""2"": ""blocked""}, ""gw-3"": {""1"": ""blocked"", ""2"": ""blocked""}}"
2025-03-27 10:06:40,"{""gw-3"": {""1"": ""blocked"", ""2"": ""blocked""}, ""gw-1"": {""1"": ""blocked"", ""2"": ""blocked""}, ""gw-2"": {""1"": ""conflict"", ""2"": ""conflict""}}"
2025-03-27 10:06:42,"{""gw-3"": {""1"": ""blocked"", ""2"": ""blocked""}}"
2025-03-27 10:06:45,"{""gw-2"": {""1"": ""blocked"", ""2"": ""blocked""}}"
2025-03-27 10:06:46,"{""gw-1"": {""1"": ""blocked"", ""2"": ""conflict""}}"
2025-03-27 10:06:50,"{""gw-2"": {""1"": ""blocked"", ""2"": ""blocked""}}"
2025-03-27 10:06:55,"{""gw-1"": {""1"": ""blocked"", ""2"": ""blocked""}}"
2025-03-27 10:06:56,"{""gw-1"": {""1"": ""blocked"", ""2"": ""blocked""}, ""gw-2"": {""1"": ""blocked"", ""2"": ""conflict""}}"
2025-03-27 10:07:00,"{""gw-2"": {""1"": ""blocked"", ""2"": ""blocked""}}"
2025-03-27 10:07:02,"{""gw-2"": {""1"": ""blocked"", ""2"": ""blocked""}, ""gw-1"": {""1"": ""conflict"", ""2"": ""conflict""}}"
2025-03-27 10:07:05,"{""gw-2"": {""1"": ""blocked"", ""2"": ""blocked""}, ""gw-3"": {""1"": ""conflict"", ""2"": ""conflict""}}"
2025-03-27 10:07:06,"{""gw-1"": {""1"": ""blocked"", ""2"": ""blocked""}}"
2025-03-27 10:07:06,"{""gw-1"": {""1"": ""blocked"", ""2"": ""blocked""}}"
2025-03-27 10:07:11,"{""gw-1"": {""1"": ""blocked"", ""2"": ""blocked""}, ""gw-3"": {""1"": ""blocked"", ""2"": ""blocked""}}"
2025-03-27 10:07:12,"{""gw-3"": {""1"": ""blocked"", ""2"": ""blocked""}}"
2025-03-27 10:07:12,"{""gw-2"": {""1"": ""blocked"", ""2"": ""blocked""}, ""gw-3"": {""1"": ""blocked"", ""2"": ""blocked""}}"
2025-03-27 10:07:16,"{""gw-2"": {""1"": ""blocked"", ""2"": ""blocked""}}"
2025-03-27 10:07:18,"{""gw-1"": {""1"": ""conflict"", ""2"": ""blocked""}}"
2025-03-27 10:07:20,"{""gw-2"": {""1"": ""blocked"", ""2"": ""blocked""}}"
2025-03-27 10:07:22,"{""gw-1"": {""1"": ""blocked"", ""2"": ""blocked""}}"
2025-03-27 10:07:23,"{""gw-1"": {""1"": ""blocked"", ""2"": ""blocked""}, ""gw-2"": {""1"": ""conflict"", ""2"": ""conflict""}}"
2025-03-27 10:07:24,"{""gw-1"": {""1"": ""blocked"", ""2"": ""blocked""}}"
2025-03-27 10:07:31,"{""gw-2"": {""1"": ""blocked"", ""2"": ""blocked""}}"
2025-03-27 10:07:34,"{""gw-3"": {""1"": ""conflict"", ""2"": ""blocked""}, ""gw-1"": {""1"": ""conflict"", ""2"": ""conflict""}}"
2025-03-27 10:07:36,"{""gw-3"": {""1"": ""blocked"", ""2"": ""blocked""}}"
2025-03-27 10:07:38,"{""gw-1"": {""1"": ""blocked"", ""2"": ""blocked""}}"
2025-03-27 10:07:39,"{""gw-3"": {""1"": ""blocked"", ""2"": ""blocked""}}"
2025-03-27 10:07:49,"{""gw-3"": {""1"": ""blocked"", ""2"": ""blocked""}}"
2025-03-27 10:07:51,"{""gw-2"": {""1"": ""blocked"", ""2"": ""blocked""}, ""gw-3"": {""1"": ""blocked"", ""2"": ""blocked""}}"
2025-03-27 10:07:53,"{""gw-3"": {""1"": ""blocked"", ""2"": ""blocked""}, ""gw-1"": {""1"": ""conflict"", ""2"": ""conflict""}}"
2025-03-27 10:07:53,"{""gw-1"": {""1"": ""conflict"", ""2"": ""blocked""}}"
2025-03-27 10:07:55,"{""gw-3"": {""1"": ""blocked"", ""2"": ""blocked""}}"
2025-03-27 10:07:56,"{""gw-2"": {""1"": ""blocked"", ""2"": ""blocked""}}"
2025-03-27 10:07:56,"{""gw-1"": {""1"": ""blocked"", ""2"": ""blocked""}, ""gw-3"": {""1"": ""blocked"", ""2"": ""blocked""}}"
2025-03-27 10:08:01,"{""gw-2"": {""1"": ""conflict"", ""2"": ""conflict""}}"
2025-03-27 10:08:09,"{""gw-2"": {""1"": ""blocked"", ""2"": ""blocked""}}"
2025-03-27 10:08:09,"{""gw-2"": {""1"": ""blocked"", ""2"": ""blocked""}}"
2025-03-27 10:08:16,"{""gw-1"": {""1"": ""blocked"", ""2"": ""blocked""}}"
2025-03-27 10:08:17,"{""gw-1"": {""1"": ""blocked"", ""2"": ""blocked""}, ""gw-3"": {""1"": ""blocked"", ""2"": ""blocked""}}"
2025-03-27 10:08:17,"{""gw-3"": {""1"": ""blocked"", ""2"": ""blocked""}, ""gw-1"": {""1"": ""blocked"", ""2"": ""blocked""}}"
2025-03-27 10:08:17,"{""gw-1"": {""1"": ""blocked"", ""2"": ""blocked""}}"
2025-03-27 10:08:18,"{""gw-3"": {""1"": ""blocked"", ""2"": ""blocked""}}"
2025-03-27 10:08:22,"{""gw-2"": {""1"": ""blocked"", ""2"": ""conflict""}}"
2025-03-27 10:08:23,"{""gw-2"": {""1"": ""conflict"", ""2"": ""blocked""}}"
2025-03-27 10:08:31,"{""gw-2"": {""1"": ""blocked"", ""2"": ""blocked""}}"
2025-03-27 10:08:31,"{""gw-3"": {""1"": ""conflict"", ""2"": ""blocked""}}"
2025-03-27 10:08:31,"{""gw-2"": {""1"": ""blocked"", ""2"": ""blocked""}, ""gw-3"": {""1"": ""conflict"", ""2"": ""blocked""}}"
2025-03-27 10:08:38,"{""gw-2"": {""1"": ""conflict"", ""2"": ""blocked""}}"
2025-03-27 10:08:38,"{""gw-3"": {""1"": ""blocked"", ""2"": ""blocked""}}"
2025-03-27 10:08:39,"{""gw-3"": {""1"": ""blocked"", ""2"": ""blocked""}}"
2025-03-27 10:08:40,"{""gw-1"": {""1"": ""conflict"", ""2"": ""blocked""}, ""gw-3"": {""1"": ""blocked"", ""2"": ""blocked""}}"
2025-03-27 10:08:40,"{""gw-3"": {""1"": ""blocked"", ""2"": ""blocked""}}"
2025-03-27 10:08:44,"{""gw-2"": {""1"": ""blocked"", ""2"": ""blocked""}}"
2025-03-27 10:08:46,"{""gw-1"": {""1"": ""blocked"", ""2"": ""blocked""}}"
2025-03-27 10:08:56,"{""gw-3"": {""1"": ""conflict"", ""2"": ""conflict""}}"
2025-03-27 10:08:58,"{""gw-1"": {""1"": ""blocked"", ""2"": ""blocked""}}"
2025-03-27 10:08:59,"{""gw-1"": {""1"": ""blocked"", ""2"": ""blocked""}}"
2025-03-27 10:09:01,"{""gw-3"": {""1"": ""blocked"", ""2"": ""blocked""}, ""gw-1"": {""1"": ""blocked"", ""2"": ""conflict""}}"
2025-03-27 10:09:02,"{""gw-1"": {""1"": ""blocked"", ""2"": ""conflict""}}"
2025-03-27 10:09:02,"{""gw-3"": {""1"": ""blocked"", ""2"": ""blocked""}}"
2025-03-27 10:09:03,"{""gw-3"": {""1"": ""blocked"", ""2"": ""blocked""}, ""gw-2"": {""1"": ""blocked"", ""2"": ""blocked""}}"
2025-03-27 10:09:04,"{""gw-3"": {""1"": ""blocked"", ""2"": ""blocked""}}"
2025-03-27 10:09:08,"{""gw-1"": {""1"": ""blocked"", ""2"": ""blocked""}}"
2025-03-27 10:09:08,"{""gw-3"": {""1"": ""conflict"", ""2"": ""conflict""}, ""gw-1"": {""1"": ""blocked"", ""2"": ""blocked""}, ""gw-2"": {""1"": ""conflict"", ""2"": ""conflict""}}"
2025-03-27 10:09:09,"{""gw-2"": {""1"": ""conflict"", ""2"": ""blocked""}, ""gw-3"": {""1"": ""conflict"", ""2"": ""blocked""}}"
2025-03-27 10:09:12,"{""gw-2"": {""1"": ""blocked"", ""2"": ""blocked""}, ""gw-3"": {""1"": ""blocked"", ""2"": ""blocked""}}"
2025-03-27 10:09:15,"{""gw-3"": {""1"": ""blocked"", ""2"": ""blocked""}}"
2025-03-27 10:09:15,"{""gw-2"": {""1"": ""blocked"", ""2"": ""blocked""}, ""gw-3"": {""1"": ""blocked"", ""2"": ""blocked""}}"
2025-03-27 10:09:16,"{""gw-3"": {""1"": ""blocked"", ""2"": ""blocked""}}"
2025-03-27 10:09:17,"{""gw-3"": {""1"": ""blocked"", ""2"": ""blocked""}}"
2025-03-27 10:09:19,"{""gw-2"": {""1"": ""blocked"", ""2"": ""blocked""}}"
2025-03-27 10:09:19,"{""gw-3"": {""1"": ""blocked"", ""2"": ""blocked""}}"
2025-03-27 10:09:36,"{""gw-3"": {""1"": ""blocked"", ""2"": ""blocked""}}"
2025-03-27 10:09:37,"{""gw-1"": {""1"": ""blocked"", ""2"": ""blocked""}, ""gw-3"": {""1"": ""blocked"", ""2"": ""blocked""}}"
2025-03-27 10:09:37,"{""gw-1"": {""1"": ""blocked"", ""2"": ""blocked""}, ""gw-3"": {""1"": ""blocked"", ""2"": ""blocked""}, ""gw-2"": {""1"": ""blocked"", ""2"": ""blocked""}}"
2025-03-27 10:09:39,"{""gw-2"": {""1"": ""blocked"", ""2"": ""blocked""}, ""gw-3"": {""1"": ""blocked"", ""2"": ""blocked""}}"
2025-03-27 10:09:40,"{""gw-3"": {""1"": ""blocked"", ""2"": ""blocked""}, ""gw-1"": {""1"": ""blocked"", ""2"": ""blocked""}, ""gw-2"": {""1"": ""blocked"", ""2"": ""blocked""}}"
2025-03-27 10:09:40,"{""gw-2"": {""1"": ""blocked"", ""2"": ""blocked""}, ""gw-3"": {""1"": ""blocked"", ""2"": ""blocked""}}"
2025-03-27 10:09:43,"{""gw-2"": {""1"": ""blocked"", ""2"": ""blocked""}}"
2025-03-27 10:09:43,"{""gw-1"": {""1"": ""blocked"", ""2"": ""blocked""}}"
2025-03-27 10:09:44,"{""gw-2"": {""1"": ""blocked"", ""2"": ""blocked""}}"
2025-03-27 10:09:48,"{""gw-2"": {""1"": ""conflict"", ""2"": ""conflict""}}"
2025-03-27 10:09:48,"{""gw-2"": {""1"": ""conflict"", ""2"": ""blocked""}}"
2025-03-27 10:09:51,"{""gw-1"": {""1"": ""blocked"", ""2"": ""blocked""}, ""gw-3"": {""1"": ""blocked"", ""2"": ""blocked""}}"
2025-03-27 10:09:54,"{""gw-3"": {""1"": ""conflict"", ""2"": ""conflict""}}"
2025-03-27 10:09:55,"{""gw-1"": {""1"": ""blocked"", ""2"": ""blocked""}, ""gw-3"": {""1"": ""conflict"", ""2"": ""blocked""}}"
2025-03-27 10:09:57,"{""gw-2"": {""1"": ""blocked"", ""2"": ""blocked""}}"
2025-03-27 10:10:00,"{""gw-3"": {""1"": ""blocked"", ""2"": ""blocked""}}"
2025-03-27 10:10:01,"{""gw-1"": {""1"": ""blocked"", ""2"": ""conflict""}, ""gw-3"": {""1"": ""blocked"", ""2"": ""blocked""}}"
2025-03-27 10:10:01,"{""gw-1"": {""1"": ""conflict"", ""2"": ""conflict""}}"
2025-03-27 10:10:04,"{""gw-1"": {""1"": ""blocked"", ""2"": ""blocked""}, ""gw-2"": {""1"": ""blocked"", ""2"": ""blocked""}}"
2025-03-27 10:10:12,"{""gw-2"": {""1"": ""conflict"", ""2"": ""blocked""}}"
2025-03-27 10:10:16,"{""gw-3"": {""1"": ""blocked"", ""2"": ""blocked""}}"
2025-03-27 10:10:17,"{""gw-3"": {""1"": ""blocked"", ""2"": ""blocked""}, ""gw-2"": {""1"": ""blocked"", ""2"": ""blocked""}}"
2025-03-27 10:10:18,"{""gw-2"": {""1"": ""blocked"", ""2"": ""blocked""}}"
2025-03-27 10:10:20,"{""gw-2"": {""1"": ""blocked"", ""2"": ""blocked""}}"
2025-03-27 10:10:22,"{""gw-2"": {""1"": ""blocked"", ""2"": ""blocked""}}"
2025-03-27 10:10:29,"{""gw-1"": {""1"": ""blocked"", ""2"": ""blocked""}}"
2025-03-27 10:10:31,"{""gw-2"": {""1"": ""blocked"", ""2"": ""blocked""}}"
2025-03-27 10:10:32,"{""gw-1"": {""1"": ""conflict"", ""2"": ""conflict""}}"
2025-03-27 10:10:32,"{""gw-3"": {""1"": ""blocked"", ""2"": ""blocked""}, ""gw-1"": {""1"": ""conflict"", ""2"": ""conflict""}, ""gw-2"": {""1"": ""blocked"", ""2"": ""blocked""}}"
2025-03-27 10:10:32,"{""gw-2"": {""1"": ""blocked"", ""2"": ""blocked""}, ""gw-3"": {""1"": ""blocked"", ""2"": ""blocked""}}"
2025-03-27 10:10:37,"{""gw-2"": {""1"": ""blocked"", ""2"": ""blocked""}, ""gw-3"": {""1"": ""blocked"", ""2"": ""blocked""}}"
2025-03-27 10:10:37,"{""gw-2"": {""1"": ""blocked"", ""2"": ""blocked""}}"
2025-03-27 10:10:44,"{""gw-1"": {""1"": ""blocked"", ""2"": ""conflict""}}"
2025-03-27 10:10:45,"{""gw-1"": {""1"": ""blocked"", ""2"": ""conflict""}, ""gw-2"": {""1"": ""blocked"", ""2"": ""blocked""}}"
2025-03-27 10:10:45,"{""gw-2"": {""1"": ""blocked"", ""2"": ""blocked""}, ""gw-3"": {""1"": ""blocked"", ""2"": ""blocked""}}"
2025-03-27 10:10:45,"{""gw-3"": {""1"": ""blocked"", ""2"": ""blocked""}, ""gw-1"": {""1"": ""conflict"", ""2"": ""blocked""}}"
2025-03-27 10:10:48,"{""gw-2"": {""1"": ""blocked"", ""2"": ""blocked""}, ""gw-3"": {""1"": ""blocked"", ""2"": ""blocked""}}"
2025-03-27 10:10:48,"{""gw-1"": {""1"": ""blocked"", ""2"": ""blocked""}}"
2025-03-27 10:10:49,"{""gw-3"": {""1"": ""blocked"", ""2"": ""blocked""}, ""gw-1"": {""1"": ""blocked"", ""2"": ""blocked""}}"
2025-03-27 10:10:49,"{""gw-3"": {""1"": ""blocked"", ""2"": ""blocked""}}"
2025-03-27 10:11:00,"{""gw-2"": {""1"": ""blocked"", ""2"": ""blocked""}}"
2025-03-27 10:11:02,"{""gw-3"": {""1"": ""blocked"", ""2"": ""blocked""}}"
2025-03-27 10:11:03,"{""gw-2"": {""1"": ""blocked"", ""2"": ""blocked""}, ""gw-3"": {""1"": ""blocked"", ""2"": ""blocked""}}"
2025-03-27 10:11:05,"{""gw-1"": {""1"": ""blocked"", ""2"": ""blocked""}}"
2025-03-27 10:11:08,"{""gw-1"": {""1"": ""blocked"", ""2"": ""blocked""}}"
2025-03-27 10:11:17,"{""gw-1"": {""1"": ""blocked"", ""2"": ""blocked""}}"
2025-03-27 10:11:18,"{""gw-1"": {""1"": ""blocked"", ""2"": ""blocked""}, ""gw-2"": {""1"": ""blocked"", ""2"": ""blocked""}}"
2025-03-27 10:11:19,"{""gw-2"": {""1"": ""blocked"", ""2"": ""blocked""}}"
2025-03-27 10:11:25,"{""gw-1"": {""1"": ""blocked"", ""2"": ""conflict""}}"
2025-03-27 10:11:27,"{""gw-3"": {""1"": ""blocked"", ""2"": ""conflict""}, ""gw-1"": {""1"": ""conflict"", ""2"": ""blocked""}, ""gw-2"": {""1"": ""blocked"", ""2"": ""blocked""}}"
2025-03-27 10:11:31,"{""gw-3"": {""1"": ""blocked"", ""2"": ""blocked""}}"
2025-03-27 10:11:31,"{""gw-3"": {""1"": ""blocked"", ""2"": ""blocked""}, ""gw-1"": {""1"": ""blocked"", ""2"": ""blocked""}, ""gw-2"": {""1"": ""blocked"", ""2"": ""blocked""}}"
2025-03-27 10:11:32,"{""gw-3"": {""1"": ""blocked"", ""2"": ""blocked""}}"
2025-03-27 10:11:33,"{""gw-1"": {""1"": ""blocked"", ""2"": ""blocked""}}"
2025-03-27 10:11:33,"{""gw-3"": {""1"": ""blocked"", ""2"": ""blocked""}, ""gw-1"": {""1"": ""blocked"", ""2"": ""blocked""}}"
2025-03-27 10:11:36,"{""gw-1"": {""1"": ""blocked"", ""2"": ""blocked""}}"
2025-03-27 10:11:42,"{""gw-3"": {""1"": ""conflict"", ""2"": ""blocked""}, ""gw-1"": {""1"": ""blocked"", ""2"": ""blocked""}, ""gw-2"": {""1"": ""blocked"", ""2"": ""blocked""}}"
2025-03-27 10:11:42,"{""gw-3"": {""1"": ""conflict"", ""2"": ""blocked""}, ""gw-1"": {""1"": ""blocked"", ""2"": ""blocked""}, ""gw-2"": {""1"": ""blocked"", ""2"": ""blocked""}}"
2025-03-27 10:11:43,"{""gw-1"": {""1"": ""blocked"", ""2"": ""blocked""}, ""gw-2"": {""1"": ""blocked"", ""2"": ""blocked""}}"
2025-03-27 10:11:45,"{""gw-3"": {""1"": ""blocked"", ""2"": ""blocked""}}"
2025-03-27 10:11:57,"{""gw-1"": {""1"": ""conflict"", ""2"": ""conflict""}}"
2025-03-27 10:11:58,"{""gw-3"": {""1"": ""blocked"", ""2"": ""conflict""}}"
2025-03-27 10:12:00,"{""gw-3"": {""1"": ""blocked"", ""2"": ""blocked""}, ""gw-2"": {""1"": ""blocked"", ""2"": ""blocked""}}"
2025-03-27 10:12:02,"{""gw-1"": {""1"": ""blocked"", ""2"": ""blocked""}}"
2025-03-27 10:12:04,"{""gw-3"": {""1"": ""blocked"", ""2"": ""blocked""}}"
2025-03-27 10:12:17,"{""gw-2"": {""1"": ""blocked"", ""2"": ""blocked""}}"
2025-03-27 10:12:20,"{""gw-3"": {""1"": ""blocked"", ""2"": ""blocked""}}"
2025-03-27 10:12:21,"{""gw-2"": {""1"": ""blocked"", ""2"": ""conflict""}, ""gw-3"": {""1"": ""blocked"", ""2"": ""blocked""}}"
2025-03-27 10:12:21,"{""gw-1"": {""1"": ""conflict"", ""2"": ""blocked""}}"
2025-03-27 10:12:22,"{""gw-2"": {""1"": ""conflict"", ""2"": ""blocked""}, ""gw-3"": {""1"": ""blocked"", ""2"": ""blocked""}}"
2025-03-27 10:12:22,"{""gw-2"": {""1"": ""conflict"", ""2"": ""blocked""}}"
2025-03-27 10:12:34,"{""gw-3"": {""1"": ""blocked"", ""2"": ""blocked""}}"
2025-03-27 10:12:34,"{""gw-1"": {""1"": ""blocked"", ""2"": ""blocked""}}"
2025-03-27 10:12:41,"{""gw-2"": {""1"": ""blocked"", ""2"": ""blocked""}}"
2025-03-27 10:12:42,"{""gw-1"": {""1"": ""conflict"", ""2"": ""blocked""}}"
2025-03-27 10:12:45,"{""gw-3"": {""1"": ""blocked"", ""2"": ""blocked""}, ""gw-1"": {""1"": ""blocked"", ""2"": ""blocked""}, ""gw-2"": {""1"": ""blocked"", ""2"": ""blocked""}}"
2025-03-27 10:12:46,"{""gw-2"": {""1"": ""blocked"", ""2"": ""blocked""}, ""gw-1"": {""1"": ""blocked"", ""2"": ""blocked""}, ""gw-3"": {""1"": ""blocked"", ""2"": ""blocked""}}"
2025-03-27 10:12:47,"{""gw-3"": {""1"": ""blocked"", ""2"": ""blocked""}, ""gw-1"": {""1"": ""blocked"", ""2"": ""blocked""}}"
2025-03-27 10:12:47,"{""gw-2"": {""1"": ""blocked"", ""2"": ""blocked""}}"
2025-03-27 10:13:02,"{""gw-3"": {""1"": ""blocked"", ""2"": ""blocked""}}"
2025-03-27 10:13:03,"{""gw-1"": {""1"": ""conflict"", ""2"": ""blocked""}}"
2025-03-27 10:13:04,"{""gw-1"": {""1"": ""conflict"", ""2"": ""blocked""}, ""gw-2"": {""1"": ""conflict"", ""2"": ""blocked""}, ""gw-3"": {""1"": ""blocked"", ""2"": ""blocked""}}"
2025-03-27 10:13:06,"{""gw-1"": {""1"": ""blocked"", ""2"": ""blocked""}}"
2025-03-27 10:13:09,"{""gw-1"": {""1"": ""blocked"", ""2"": ""blocked""}}"
2025-03-27 10:13:11,"{""gw-1"": {""1"": ""blocked"", ""2"": ""blocked""}}"
2025-03-27 10:13:11,"{""gw-1"": {""1"": ""blocked"", ""2"": ""blocked""}, ""gw-2"": {""1"": ""blocked"", ""2"": ""blocked""}}"
2025-03-27 10:13:14,"{""gw-1"": {""1"": ""blocked"", ""2"": ""conflict""}}"
2025-03-27 10:13:14,"{""gw-1"": {""1"": ""blocked"", ""2"": ""conflict""}}"
2025-03-27 10:13:18,"{""gw-3"": {""1"": ""blocked"", ""2"": ""blocked""}}"
2025-03-27 10:13:18,"{""gw-1"": {""1"": ""blocked"", ""2"": ""blocked""}}"
2025-03-27 10:13:19,"{""gw-2"": {""1"": ""blocked"", ""2"": ""conflict""}}"
2025-03-27 10:13:19,"{""gw-2"": {""1"": ""conflict"", ""2"": ""conflict""}, ""gw-3"": {""1"": ""blocked"", ""2"": ""blocked""}}"
2025-03-27 10:13:20,"{""gw-1"": {""1"": ""blocked"", ""2"": ""blocked""}}"
2025-03-27 10:13:27,"{""gw-1"": {""1"": ""conflict"", ""2"": ""conflict""}}"
2025-03-27 10:13:28,"{""gw-2"": {""1"": ""blocked"", ""2"": ""blocked""}}"
2025-03-27 10:13:28,"{""gw-3"": {""1"": ""blocked"", ""2"": ""conflict""}}"
2025-03-27 10:13:30,"{""gw-1"": {""1"": ""blocked"", ""2"": ""blocked""}}"
2025-03-27 10:13:32,"{""gw-1"": {""1"": ""blocked"", ""2"": ""blocked""}}"
2025-03-27 10:13:34,"{""gw-2"": {""1"": ""conflict"", ""2"": ""conflict""}, ""gw-3"": {""1"": ""conflict"", ""2"": ""blocked""}}"
2025-03-27 10:13:36,"{""gw-3"": {""1"": ""blocked"", ""2"": ""blocked""}}"
2025-03-27 10:13:39,"{""gw-2"": {""1"": ""blocked"", ""2"": ""blocked""}, ""gw-3"": {""1"": ""blocked"", ""2"": ""conflict""}}"
2025-03-27 10:13:40,"{""gw-3"": {""1"": ""conflict"", ""2"": ""conflict""}, ""gw-2"": {""1"": ""blocked"", ""2"": ""blocked""}}"
2025-03-27 10:13:40,"{""gw-2"": {""1"": ""blocked"", ""2"": ""blocked""}}"
2025-03-27 10:13:43,"{""gw-3"": {""1"": ""blocked"", ""2"": ""blocked""}}"
2025-03-27 10:13:45,"{""gw-3"": {""1"": ""blocked"", ""2"": ""blocked""}}"
2025-03-27 10:13:47,"{""gw-3"": {""1"": ""blocked"", ""2"": ""blocked""}}"
2025-03-27 10:13:49,"{""gw-3"": {""1"": ""conflict"", ""2"": ""blocked""}, ""gw-1"": {""1"": ""blocked"", ""2"": ""blocked""}}"
2025-03-27 10:13:51,"{""gw-2"": {""1"": ""blocked"", ""2"": ""blocked""}}"
2025-03-27 10:13:51,"{""gw-1"": {""1"": ""conflict"", ""2"": ""blocked""}}"
2025-03-27 10:13:55,"{""gw-1"": {""1"": ""blocked"", ""2"": ""blocked""}, ""gw-3"": {""1"": ""conflict"", ""2"": ""conflict""}}"
2025-03-27 10:13:57,"{""gw-3"": {""1"": ""conflict"", ""2"": ""blocked""}, ""gw-2"": {""1"": ""blocked"", ""2"": ""blocked""}, ""gw-1"": {""1"": ""blocked"", ""2"": ""blocked""}}"
2025-03-27 10:13:59,"{""gw-3"": {""1"": ""blocked"", ""2"": ""blocked""}, ""gw-1"": {""1"": ""blocked"", ""2"": ""blocked""}}"
2025-03-27 10:14:00,"{""gw-1"": {""1"": ""blocked"", ""2"": ""blocked""}, ""gw-3"": {""1"": ""blocked"", ""2"": ""blocked""}}"
2025-03-27 10:14:03,"{""gw-1"": {""1"": ""conflict"", ""2"": ""conflict""}}"
2025-03-27 10:14:04,"{""gw-2"": {""1"": ""blocked"", ""2"": ""blocked""}}"
2025-03-27 10:14:05,"{""gw-2"": {""1"": ""blocked"", ""2"": ""blocked""}}"
2025-03-27 10:14:06,"{""gw-3"": {""1"": ""blocked"", ""2"": ""blocked""}}"
2025-03-27 10:14:09,"{""gw-1"": {""1"": ""blocked"", ""2"": ""blocked""}}"
2025-03-27 10:14:13,"{""gw-1"": {""1"": ""blocked"", ""2"": ""blocked""}}"
2025-03-27 10:14:13,"{""gw-3"": {""1"": ""blocked"", ""2"": ""blocked""}}"
2025-03-27 10:14:23,"{""gw-3"": {""1"": ""conflict"", ""2"": ""blocked""}}"
2025-03-27 10:14:25,"{""gw-1"": {""1"": ""blocked"", ""2"": ""blocked""}, ""gw-3"": {""1"": ""blocked"", ""2"": ""blocked""}}"
2025-03-27 10:14:35,"{""gw-1"": {""1"": ""blocked"", ""2"": ""blocked""}}"
2025-03-27 10:14:38,"{""gw-1"": {""1"": ""blocked"", ""2"": ""blocked""}}"
2025-03-27 10:14:41,"{""gw-3"": {""1"": ""conflict"", ""2"": ""blocked""}}"
2025-03-27 10:14:41,"{""gw-3"": {""1"": ""conflict"", ""2"": ""blocked""}, ""gw-1"": {""1"": ""blocked"", ""2"": ""blocked""}, ""gw-2"": {""1"": ""blocked"", ""2"": ""blocked""}}"
2025-03-27 10:14:41,"{""gw-2"": {""1"": ""blocked"", ""2"": ""blocked""}, ""gw-1"": {""1"": ""blocked"", ""2"": ""blocked""}}"
2025-03-27 10:14:43,"{""gw-3"": {""1"": ""blocked"", ""2"": ""blocked""}}"
2025-03-27 10:14:43,"{""gw-1"": {""1"": ""conflict"", ""2"": ""conflict""}}"
2025-03-27 10:14:45,"{""gw-2"": {""1"": ""blocked"", ""2"": ""blocked""}}"
2025-03-27 10:14:46,"{""gw-2"": {""1"": ""blocked"", ""2"": ""blocked""}}"
2025-03-27 10:15:01,"{""gw-3"": {""1"": ""conflict"", ""2"": ""blocked""}}"
2025-03-27 10:15:03,"{""gw-1"": {""1"": ""blocked"", ""2"": ""blocked""}, ""gw-2"": {""1"": ""conflict"", ""2"": ""conflict""}}"
2025-03-27 10:15:05,"{""gw-1"": {""1"": ""blocked"", ""2"": ""blocked""}}"
2025-03-27 10:15:07,"{""gw-3"": {""1"": ""conflict"", ""2"": ""blocked""}}"
2025-03-27 10:15:09,"{""gw-2"": {""1"": ""blocked"", ""2"": ""blocked""}}"
2025-03-27 10:15:11,"{""gw-3"": {""1"": ""blocked"", ""2"": ""blocked""}}"
2025-03-27 10:15:17,"{""gw-1"": {""1"": ""blocked"", ""2"": ""blocked""}}"
2025-03-27 10:15:22,"{""gw-2"": {""1"": ""blocked"", ""2"": ""conflict""}}"
2025-03-27 10:15:27,"{""gw-3"": {""1"": ""blocked"", ""2"": ""blocked""}}"
2025-03-27 10:15:33,"{""gw-2"": {""1"": ""blocked"", ""2"": ""blocked""}}"
2025-03-27 10:15:38,"{""gw-2"": {""1"": ""conflict"", ""2"": ""conflict""}}"
2025-03-27 10:15:38,"{""gw-2"": {""1"": ""conflict"", ""2"": ""conflict""}}"
2025-03-27 10:15:39,"{""gw-2"": {""1"": ""conflict"", ""2"": ""blocked""}, ""gw-3"": {""1"": ""blocked"", ""2"": ""blocked""}}"
2025-03-27 10:15:40,"{""gw-1"": {""1"": ""blocked"", ""2"": ""conflict""}}"
2025-03-27 10:15:41,"{""gw-1"": {""1"": ""conflict"", ""2"": ""blocked""}}"
2025-03-27 10:15:44,"{""gw-2"": {""1"": ""blocked"", ""2"": ""blocked""}}"
2025-03-27 10:15:45,"{""gw-3"": {""1"": ""blocked"", ""2"": ""blocked""}}"
2025-03-27 10:15:50,"{""gw-1"": {""1"": ""blocked"", ""2"": ""blocked""}}"
2025-03-27 10:15:51,"{""gw-2"": {""1"": ""conflict"", ""2"": ""blocked""}}"
2025-03-27 10:15:57,"{""gw-2"": {""1"": ""blocked"", ""2"": ""blocked""}}"
2025-03-27 10:16:00,"{""gw-2"": {""1"": ""blocked"", ""2"": ""blocked""}, ""gw-1"": {""1"": ""blocked"", ""2"": ""conflict""}, ""gw-3"": {""1"": ""blocked"", ""2"": ""blocked""}}"
2025-03-27 10:16:08,"{""gw-3"": {""1"": ""blocked"", ""2"": ""blocked""}}"
2025-03-27 10:16:13,"{""gw-3"": {""1"": ""blocked"", ""2"": ""blocked""}}"
2025-03-27 10:16:17,"{""gw-2"": {""1"": ""blocked"", ""2"": ""blocked""}, ""gw-1"": {""1"": ""blocked"", ""2"": ""blocked""}}"
2025-03-27 10:16:22,"{""gw-1"": {""1"": ""blocked"", ""2"": ""blocked""}, ""gw-3"": {""1"": ""blocked"", ""2"": ""blocked""}, ""gw-2"": {""1"": ""blocked"", ""2"": ""blocked""}}"
2025-03-27 10:16:23,"{""gw-3"": {""1"": ""blocked"", ""2"": ""blocked""}, ""gw-2"": {""1"": ""blocked"", ""2"": ""blocked""}}"
2025-03-27 10:16:24,"{""gw-2"": {""1"": ""blocked"", ""2"": ""blocked""}}"
2025-03-27 10:16:25,"{""gw-2"": {""1"": ""blocked"", ""2"": ""blocked""}, ""gw-3"": {""1"": ""blocked"", ""2"": ""blocked""}}"
2025-03-27 10:16:26,"{""gw-3"": {""1"": ""blocked"", ""2"": ""blocked""}, ""gw-1"": {""1"": ""conflict"", ""2"": ""blocked""}}"
2025-03-27 10:16:38,"{""gw-3"": {""1"": ""blocked"", ""2"": ""blocked""}}"
2025-03-27 10:16:46,"{""gw-1"": {""1"": ""blocked"", ""2"": ""blocked""}}"
2025-03-27 10:16:46,"{""gw-1"": {""1"": ""blocked"", ""2"": ""blocked""}, ""gw-3"": {""1"": ""blocked"", ""2"": ""blocked""}}"
2025-03-27 10:16:46,"{""gw-2"": {""1"": ""blocked"", ""2"": ""conflict""}}"
2025-03-27 10:17:01,"{""gw-1"": {""1"": ""conflict"", ""2"": ""blocked""}}"
2025-03-27 10:17:07,"{""gw-1"": {""1"": ""blocked"", ""2"": ""blocked""}}"
2025-03-27 10:17:07,"{""gw-1"": {""1"": ""blocked"", ""2"": ""blocked""}}"
2025-03-27 10:17:08,"{""gw-2"": {""1"": ""blocked"", ""2"": ""blocked""}}"
2025-03-27 10:17:17,"{""gw-1"": {""1"": ""blocked"", ""2"": ""blocked""}}"
2025-03-27 10:17:22,"{""gw-1"": {""1"": ""blocked"", ""2"": ""blocked""}}"
2025-03-27 10:17:30,"{""gw-1"": {""1"": ""blocked"", ""2"": ""blocked""}}"
2025-03-27 10:17:37,"{""gw-2"": {""1"": ""blocked"", ""2"": ""blocked""}}"
2025-03-27 10:17:37,"{""gw-2"": {""1"": ""blocked"", ""2"": ""blocked""}}"
2025-03-27 10:17:38,"{""gw-1"": {""1"": ""blocked"", ""2"": ""conflict""}, ""gw-2"": {""1"": ""blocked"", ""2"": ""blocked""}}"
2025-03-27 10:17:39,"{""gw-1"": {""1"": ""blocked"", ""2"": ""conflict""}}"
2025-03-27 10:17:40,"{""gw-1"": {""1"": ""conflict"", ""2"": ""blocked""}, ""gw-2"": {""1"": ""blocked"", ""2"": ""blocked""}}"
2025-03-27 10:17:42,"{""gw-3"": {""1"": ""blocked"", ""2"": ""conflict""}, ""gw-2"": {""1"": ""blocked"", ""2"": ""blocked""}}"
2025-03-27 10:17:44,"{""gw-1"": {""1"": ""blocked"", ""2"": ""blocked""}}"
2025-03-27 10:17:47,"{""gw-1"": {""1"": ""blocked"", ""2"": ""blocked""}}"
2025-03-27 10:17:49,"{""gw-3"": {""1"": ""blocked"", ""2"": ""blocked""}, ""gw-1"": {""1"": ""blocked"", ""2"": ""blocked""}}"
2025-03-27 10:17:49,"{""gw-1"": {""1"": ""blocked"", ""2"": ""blocked""}}"
2025-03-27 10:17:52,"{""gw-1"": {""1"": ""blocked"", ""2"": ""conflict""}}"
2025-03-27 10:17:57,"{""gw-1"": {""1"": ""blocked"", ""2"": ""blocked""}}"
2025-03-27 10:18:05,"{""gw-2"": {""1"": ""blocked"", ""2"": ""blocked""}}"
2025-03-27 10:18:05,"{""gw-2"": {""1"": ""blocked"", ""2"": ""blocked""}}"
2025-03-27 10:18:10,"{""gw-3"": {""1"": ""blocked"", ""2"": ""blocked""}}"
2025-03-27 10:18:10,"{""gw-2"": {""1"": ""blocked"", ""2"": ""blocked""}}"
2025-03-27 10:18:10,"{""gw-2"": {""1"": ""blocked"", ""2"": ""blocked""}, ""gw-1"": {""1"": ""conflict"", ""2"": ""blocked""}}"
2025-03-27 10:18:13,"{""gw-1"": {""1"": ""blocked"", ""2"": ""blocked""}}"
2025-03-27 10:18:13,"{""gw-3"": {""1"": ""blocked"", ""2"": ""blocked""}, ""gw-1"": {""1"": ""blocked"", ""2"": ""blocked""}}"
2025-03-27 10:18:14,"{""gw-1"": {""1"": ""blocked"", ""2"": ""blocked""}}"
2025-03-27 10:18:15,"{""gw-1"": {""1"": ""blocked"", ""2"": ""blocked""}}"
2025-03-27 10:18:17,"{""gw-1"": {""1"": ""blocked"", ""2"": ""blocked""}}"
2025-03-27 10:18:22,"{""gw-3"": {""1"": ""blocked"", ""2"": ""blocked""}, ""gw-1"": {""1"": ""conflict"", ""2"": ""blocked""}}"
2025-03-27 10:18:25,"{""gw-3"": {""1"": ""blocked"", ""2"": ""blocked""}}"
2025-03-27 10:18:28,"{""gw-1"": {""1"": ""blocked"", ""2"": ""blocked""}, ""gw-2"": {""1"": ""blocked"", ""2"": ""blocked""}}"
2025-03-27 10:18:30,"{""gw-3"": {""1"": ""conflict"", ""2"": ""blocked""}, ""gw-2"": {""1"": ""blocked"", ""2"": ""blocked""}}"
2025-03-27 10:18:31,"{""gw-2"": {""1"": ""blocked"", ""2"": ""blocked""}, ""gw-1"": {""1"": ""blocked"", ""2"": ""blocked""}}"
2025-03-27 10:18:34,"{""gw-3"": {""1"": ""blocked"", ""2"": ""blocked""}}"
2025-03-27 10:18:34,"{""gw-3"": {""1"": ""blocked"", ""2"": ""blocked""}}"
2025-03-27 10:18:38,"{""gw-3"": {""1"": ""blocked"", ""2"": ""blocked""}}"
2025-03-27 10:18:40,"{""gw-3"": {""1"": ""blocked"", ""2"": ""blocked""}}"
2025-03-27 10:18:43,"{""gw-2"": {""1"": ""blocked"", ""2"": ""blocked""}}"
2025-03-27 10:18:45,"{""gw-1"": {""1"": ""blocked"", ""2"": ""blocked""}, ""gw-3"": {""1"": ""blocked"", ""2"": ""conflict""}}"
2025-03-27 10:18:45,"{""gw-2"": {""1"": ""blocked"", ""2"": ""blocked""}}"
2025-03-27 10:18:46,"{""gw-1"": {""1"": ""blocked"", ""2"": ""blocked""}}"
2025-03-27 10:18:46,"{""gw-2"": {""1"": ""blocked"", ""2"": ""blocked""}}"
2025-03-27 10:18:48,"{""gw-3"": {""1"": ""blocked"", ""2"": ""blocked""}}"
2025-03-27 10:18:48,"{""gw-2"": {""1"": ""blocked"", ""2"": ""blocked""}}"
2025-03-27 10:18:48,"{""gw-2"": {""1"": ""blocked"", ""2"": ""blocked""}}"
2025-03-27 10:18:49,"{""gw-2"": {""1"": ""blocked"", ""2"": ""conflict""}}"
2025-03-27 10:18:50,"{""gw-2"": {""1"": ""conflict"", ""2"": ""conflict""}, ""gw-3"": {""1"": ""blocked"", ""2"": ""blocked""}}"
2025-03-27 10:18:54,"{""gw-2"": {""1"": ""blocked"", ""2"": ""blocked""}}"
2025-03-27 10:19:04,"{""gw-1"": {""1"": ""blocked"", ""2"": ""blocked""}}"
2025-03-27 10:19:04,"{""gw-3"": {""1"": ""conflict"", ""2"": ""conflict""}, ""gw-1"": {""1"": ""blocked"", ""2"": ""blocked""}}"
2025-03-27 10:19:06,"{""gw-1"": {""1"": ""blocked"", ""2"": ""blocked""}, ""gw-2"": {""1"": ""blocked"", ""2"": ""blocked""}}"
2025-03-27 10:19:07,"{""gw-3"": {""1"": ""blocked"", ""2"": ""blocked""}}"
2025-03-27 10:19:07,"{""gw-1"": {""1"": ""blocked"", ""2"": ""blocked""}, ""gw-3"": {""1"": ""blocked"", ""2"": ""blocked""}, ""gw-2"": {""1"": ""blocked"", ""2"": ""blocked""}}"
2025-03-27 10:19:10,"{""gw-1"": {""1"": ""blocked"", ""2"": ""conflict""}}"
2025-03-27 10:19:13,"{""gw-3"": {""1"": ""blocked"", ""2"": ""blocked""}}"
2025-03-27 10:19:15,"{""gw-1"": {""1"": ""blocked"", ""2"": ""blocked""}}"
2025-03-27 10:19:15,"{""gw-3"": {""1"": ""blocked"", ""2"": ""blocked""}}"
2025-03-27 10:19:19,"{""gw-1"": {""1"": ""blocked"", ""2"": ""blocked""}}"
2025-03-27 10:19:20,"{""gw-3"": {""1"": ""blocked"", ""2"": ""blocked""}}"
2025-03-27 10:19:20,"{""gw-3"": {""1"": ""blocked"", ""2"": ""blocked""}, ""gw-1"": {""1"": ""blocked"", ""2"": ""blocked""}, ""gw-2"": {""1"": ""blocked"", ""2"": ""blocked""}}"
2025-03-27 10:19:22,"{""gw-2"": {""1"": ""blocked"", ""2"": ""blocked""}}"
2025-03-27 10:19:22,"{""gw-2"": {""1"": ""blocked"", ""2"": ""blocked""}}"
2025-03-27 10:19:23,"{""gw-2"": {""1"": ""blocked"", ""2"": ""blocked""}}"
2025-03-27 10:19:24,"{""gw-1"": {""1"": ""conflict"", ""2"": ""conflict""}, ""gw-2"": {""1"": ""blocked"", ""2"": ""blocked""}, ""gw-3"": {""1"": ""blocked"", ""2"": ""blocked""}}"
2025-03-27 10:19:36,"{""gw-2"": {""1"": ""blocked"", ""2"": ""blocked""}, ""gw-3"": {""1"": ""blocked"", ""2"": ""conflict""}}"
2025-03-27 10:19:37,"{""gw-3"": {""1"": ""blocked"", ""2"": ""conflict""}}"
2025-03-27 10:19:37,"{""gw-3"": {""1"": ""conflict"", ""2"": ""conflict""}}"
2025-03-27 10:19:41,"{""gw-2"": {""1"": ""blocked"", ""2"": ""conflict""}, ""gw-1"": {""1"": ""blocked"", ""2"": ""blocked""}}"
2025-03-27 10:19:44,"{""gw-1"": {""1"": ""blocked"", ""2"": ""blocked""}}"
2025-03-27 10:19:45,"{""gw-3"": {""1"": ""blocked"", ""2"": ""blocked""}}"
2025-03-27 10:19:45,"{""gw-1"": {""1"": ""blocked"", ""2"": ""blocked""}}"
2025-03-27 10:19:51,"{""gw-2"": {""1"": ""blocked"", ""2"": ""blocked""}}"
2025-03-27 10:19:51,"{""gw-2"": {""1"": ""blocked"", ""2"": ""blocked""}}"
2025-03-27 10:19:52,"{""gw-2"": {""1"": ""blocked"", ""2"": ""blocked""}}"
2025-03-27 10:20:00,"{""gw-3"": {""1"": ""conflict"", ""2"": ""blocked""}, ""gw-1"": {""1"": ""blocked"", ""2"": ""blocked""}}"
2025-03-27 10:20:01,"{""gw-1"": {""1"": ""blocked"", ""2"": ""blocked""}}"
2025-03-27 10:20:01,"{""gw-1"": {""1"": ""blocked"", ""2"": ""blocked""}}"
2025-03-27 10:20:05,"{""gw-2"": {""1"": ""blocked"", ""2"": ""conflict""}}"
2025-03-27 10:20:06,"{""gw-2"": {""1"": ""conflict"", ""2"": ""blocked""}}"
2025-03-27 10:20:06,"{""gw-2"": {""1"": ""conflict"", ""2"": ""blocked""}}"
2025-03-27 10:20:08,"{""gw-1"": {""1"": ""blocked"", ""2"": ""blocked""}}"
2025-03-27 10:20:10,"{""gw-2"": {""1"": ""blocked"", ""2"": ""blocked""}}"
2025-03-27 10:20:10,"{""gw-1"": {""1"": ""blocked"", ""2"": ""blocked""}, ""gw-2"": {""1"": ""blocked"", ""2"": ""blocked""}}"
2025-03-27 10:20:12,"{""gw-3"": {""1"": ""blocked"", ""2"": ""blocked""}}"
2025-03-27 10:20:12,"{""gw-2"": {""1"": ""blocked"", ""2"": ""blocked""}}"
2025-03-27 10:20:12,"{""gw-2"": {""1"": ""blocked"", ""2"": ""blocked""}}"
2025-03-27 10:20:19,"{""gw-1"": {""1"": ""blocked"", ""2"": ""blocked""}}"
2025-03-27 10:20:19,"{""gw-1"": {""1"": ""blocked"", ""2"": ""blocked""}}"
2025-03-27 10:20:19,"{""gw-1"": {""1"": ""blocked"", ""2"": ""blocked""}, ""gw-3"": {""1"": ""blocked"", ""2"": ""conflict""}}"
2025-03-27 10:20:20,"{""gw-3"": {""1"": ""conflict"", ""2"": ""blocked""}}"
2025-03-27 10:20:22,"{""gw-2"": {""1"": ""blocked"", ""2"": ""blocked""}}"
2025-03-27 10:20:22,"{""gw-2"": {""1"": ""blocked"", ""2"": ""blocked""}, ""gw-1"": {""1"": ""blocked"", ""2"": ""blocked""}}"
2025-03-27 10:20:23,"{""gw-2"": {""1"": ""blocked"", ""2"": ""blocked""}}"
2025-03-27 10:20:23,"{""gw-1"": {""1"": ""blocked"", ""2"": ""blocked""}}"
2025-03-27 10:20:24,"{""gw-3"": {""1"": ""blocked"", ""2"": ""blocked""}}"
2025-03-27 10:20:24,"{""gw-3"": {""1"": ""blocked"", ""2"": ""blocked""}, ""gw-1"": {""1"": ""blocked"", ""2"": ""blocked""}}"
2025-03-27 10:20:29,"{""gw-1"": {""1"": ""conflict"", ""2"": ""conflict""}, ""gw-3"": {""1"": ""blocked"", ""2"": ""blocked""}}"
2025-03-27 10:20:31,"{""gw-3"": {""1"": ""conflict"", ""2"": ""conflict""}}"
2025-03-27 10:20:31,"{""gw-3"": {""1"": ""blocked"", ""2"": ""conflict""}}"
2025-03-27 10:20:32,"{""gw-3"": {""1"": ""conflict"", ""2"": ""blocked""}, ""gw-1"": {""1"": ""blocked"", ""2"": ""blocked""}}"
2025-03-27 10:20:32,"{""gw-1"": {""1"": ""blocked"", ""2"": ""blocked""}, ""gw-3"": {""1"": ""conflict"", ""2"": ""blocked""}}"
2025-03-27 10:20:32,"{""gw-2"": {""1"": ""blocked"", ""2"": ""blocked""}, ""gw-1"": {""1"": ""blocked"", ""2"": ""blocked""}}"
2025-03-27 10:20:33,"{""gw-1"": {""1"": ""blocked"", ""2"": ""blocked""}}"
2025-03-27 10:20:33,"{""gw-1"": {""1"": ""blocked"", ""2"": ""blocked""}, ""gw-2"": {""1"": ""blocked"", ""2"": ""blocked""}}"
2025-03-27 10:20:34,"{""gw-3"": {""1"": ""blocked"", ""2"": ""blocked""}, ""gw-2"": {""1"": ""blocked"", ""2"": ""blocked""}}"
2025-03-27 10:20:35,"{""gw-2"": {""1"": ""blocked"", ""2"": ""blocked""}, ""gw-1"": {""1"": ""blocked"", ""2"": ""blocked""}}"
2025-03-27 10:20:35,"{""gw-2"": {""1"": ""blocked"", ""2"": ""blocked""}, ""gw-1"": {""1"": ""blocked"", ""2"": ""blocked""}}"
2025-03-27 10:20:39,"{""gw-1"": {""1"": ""blocked"", ""2"": ""blocked""}}"
2025-03-27 10:20:39,"{""gw-3"": {""1"": ""blocked"", ""2"": ""blocked""}, ""gw-2"": {""1"": ""blocked"", ""2"": ""blocked""}}"
2025-03-27 10:20:41,"{""gw-1"": {""1"": ""blocked"", ""2"": ""conflict""}}"
2025-03-27 10:20:44,"{""gw-1"": {""1"": ""blocked"", ""2"": ""blocked""}}"
2025-03-27 10:20:44,"{""gw-1"": {""1"": ""blocked"", ""2"": ""blocked""}, ""gw-3"": {""1"": ""blocked"", ""2"": ""conflict""}, ""gw-2"": {""1"": ""conflict"", ""2"": ""conflict""}}"
2025-03-27 10:20:45,"{""gw-2"": {""1"": ""conflict"", ""2"": ""blocked""}, ""gw-3"": {""1"": ""conflict"", ""2"": ""conflict""}}"
2025-03-27 10:20:46,"{""gw-3"": {""1"": ""conflict"", ""2"": ""blocked""}}"
2025-03-27 10:20:48,"{""gw-1"": {""1"": ""blocked"", ""2"": ""blocked""}, ""gw-3"": {""1"": ""blocked"", ""2"": ""blocked""}}"
2025-03-27 10:20:49,"{""gw-1"": {""1"": ""blocked"", ""2"": ""blocked""}, ""gw-3"": {""1"": ""blocked"", ""2"": ""blocked""}}"
2025-03-27 10:20:50,"{""gw-2"": {""1"": ""blocked"", ""2"": ""blocked""}, ""gw-3"": {""1"": ""blocked"", ""2"": ""blocked""}}"
2025-03-27 10:20:54,"{""gw-1"": {""1"": ""conflict"", ""2"": ""blocked""}, ""gw-3"": {""1"": ""blocked"", ""2"": ""blocked""}}"
2025-03-27 10:20:57,"{""gw-1"": {""1"": ""blocked"", ""2"": ""blocked""}}"
2025-03-27 10:20:57,"{""gw-2"": {""1"": ""blocked"", ""2"": ""conflict""}, ""gw-1"": {""1"": ""blocked"", ""2"": ""blocked""}}"
2025-03-27 10:20:58,"{""gw-2"": {""1"": ""conflict"", ""2"": ""blocked""}}"
2025-03-27 10:20:59,"{""gw-3"": {""1"": ""conflict"", ""2"": ""conflict""}, ""gw-1"": {""1"": ""blocked"", ""2"": ""blocked""}}"
2025-03-27 10:20:59,"{""gw-1"": {""1"": ""blocked"", ""2"": ""blocked""}, ""gw-3"": {""1"": ""conflict"", ""2"": ""blocked""}}"
2025-03-27 10:21:02,"{""gw-2"": {""1"": ""blocked"", ""2"": ""blocked""}, ""gw-1"": {""1"": ""blocked"", ""2"": ""blocked""}}"
2025-03-27 10:21:04,"{""gw-2"": {""1"": ""blocked"", ""2"": ""blocked""}, ""gw-3"": {""1"": ""blocked"", ""2"": ""blocked""}}"
2025-03-27 10:21:05,"{""gw-3"": {""1"": ""blocked"", ""2"": ""blocked""}, ""gw-2"": {""1"": ""blocked"", ""2"": ""blocked""}}"
2025-03-27 10:21:08,"{""gw-3"": {""1"": ""blocked"", ""2"": ""blocked""}}"
2025-03-27 10:21:11,"{""gw-3"": {""1"": ""conflict"", ""2"": ""blocked""}}"
2025-03-27 10:21:12,"{""gw-1"": {""1"": ""blocked"", ""2"": ""blocked""}}"
2025-03-27 10:21:16,"{""gw-3"": {""1"": ""blocked"", ""2"": ""blocked""}}"
2025-03-27 10:21:20,"{""gw-2"": {""1"": ""blocked"", ""2"": ""blocked""}, ""gw-1"": {""1"": ""conflict"", ""2"": ""blocked""}}"
2025-03-27 10:21:22,"{""gw-2"": {""1"": ""blocked"", ""2"": ""blocked""}}"
2025-03-27 10:21:24,"{""gw-2"": {""1"": ""blocked"", ""2"": ""blocked""}}"
2025-03-27 10:21:27,"{""gw-1"": {""1"": ""blocked"", ""2"": ""blocked""}, ""gw-2"": {""1"": ""conflict"", ""2"": ""conflict""}}"
2025-03-27 10:21:27,"{""gw-2"": {""1"": ""conflict"", ""2"": ""blocked""}, ""gw-3"": {""1"": ""blocked"", ""2"": ""blocked""}}"
2025-03-27 10:21:28,"{""gw-1"": {""1"": ""blocked"", ""2"": ""blocked""}, ""gw-2"": {""1"": ""conflict"", ""2"": ""blocked""}}"
2025-03-27 10:21:36,"{""gw-1"": {""1"": ""conflict"", ""2"": ""blocked""}}"
2025-03-27 10:21:37,"{""gw-2"": {""1"": ""blocked"", ""2"": ""blocked""}}"
2025-03-27 10:21:39,"{""gw-1"": {""1"": ""blocked"", ""2"": ""blocked""}}"
2025-03-27 10:21:40,"{""gw-2"": {""1"": ""conflict"", ""2"": ""blocked""}, ""gw-3"": {""1"": ""blocked"", ""2"": ""blocked""}}"
2025-03-27 10:21:40,"{""gw-3"": {""1"": ""blocked"", ""2"": ""blocked""}}"
2025-03-27 10:21:41,"{""gw-3"": {""1"": ""blocked"", ""2"": ""blocked""}, ""gw-1"": {""1"": ""blocked"", ""2"": ""blocked""}}"
2025-03-27 10:21:44,"{""gw-1"": {""1"": ""conflict"", ""2"": ""blocked""}, ""gw-2"": {""1"": ""blocked"", ""2"": ""blocked""}}"
2025-03-27 10:21:48,"{""gw-2"": {""1"": ""blocked"", ""2"": ""blocked""}}"
2025-03-27 10:21:51,"{""gw-2"": {""1"": ""blocked"", ""2"": ""conflict""}}"
2025-03-27 10:21:53,"{""gw-3"": {""1"": ""blocked"", ""2"": ""blocked""}}"
2025-03-27 10:21:54,"{""gw-2"": {""1"": ""blocked"", ""2"": ""blocked""}, ""gw-3"": {""1"": ""blocked"", ""2"": ""blocked""}}"
2025-03-27 10:21:55,"{""gw-2"": {""1"": ""blocked"", ""2"": ""blocked""}}"
2025-03-27 10:22:03,"{""gw-3"": {""1"": ""conflict"", ""2"": ""blocked""}}"
2025-03-27 10:22:09,"{""gw-2"": {""1"": ""conflict"", ""2"": ""conflict""}}"
2025-03-27 10:22:09,"{""gw-2"": {""1"": ""conflict"", ""2"": ""blocked""}, ""gw-1"": {""1"": ""blocked"", ""2"": ""blocked""}}"
2025-03-27 10:22:09,"{""gw-1"": {""1"": ""blocked"", ""2"": ""blocked""}}"
2025-03-27 10:22:16,"{""gw-1"": {""1"": ""blocked"", ""2"": ""blocked""}}"
2025-03-27 10:22:16,"{""gw-2"": {""1"": ""blocked"", ""2"": ""blocked""}}"
2025-03-27 10:22:17,"{""gw-1"": {""1"": ""blocked"", ""2"": ""blocked""}}"
2025-03-27 10:22:18,"{""gw-1"": {""1"": ""blocked"", ""2"": ""blocked""}}"
2025-03-27 10:22:19,"{""gw-3"": {""1"": ""conflict"", ""2"": ""blocked""}}"
2025-03-27 10:22:21,"{""gw-1"": {""1"": ""blocked"", ""2"": ""blocked""}}"
2025-03-27 10:22:27,"{""gw-2"": {""1"": ""blocked"", ""2"": ""blocked""}, ""gw-1"": {""1"": ""blocked"", ""2"": ""blocked""}, ""gw-3"": {""1"": ""blocked"", ""2"": ""blocked""}}"
2025-03-27 10:22:29,"{""gw-2"": {""1"": ""blocked"", ""2"": ""blocked""}, ""gw-3"": {""1"": ""blocked"", ""2"": ""blocked""}}"
2025-03-27 10:22:32,"{""gw-3"": {""1"": ""blocked"", ""2"": ""conflict""}, ""gw-2"": {""1"": ""blocked"", ""2"": ""blocked""}}"
2025-03-27 10:22:35,"{""gw-3"": {""1"": ""blocked"", ""2"": ""blocked""}}"
2025-03-27 10:22:40,"{""gw-1"": {""1"": ""blocked"", ""2"": ""blocked""}}"
2025-03-27 10:22:41,"{""gw-3"": {""1"": ""blocked"", ""2"": ""blocked""}, ""gw-2"": {""1"": ""blocked"", ""2"": ""conflict""}}"
2025-03-27 10:22:45,"{""gw-2"": {""1"": ""blocked"", ""2"": ""blocked""}, ""gw-1"": {""1"": ""blocked"", ""2"": ""blocked""}}"
2025-03-27 10:22:45,"{""gw-2"": {""1"": ""blocked"", ""2"": ""blocked""}, ""gw-3"": {""1"": ""blocked"", ""2"": ""conflict""}}"
2025-03-27 10:22:46,"{""gw-3"": {""1"": ""conflict"", ""2"": ""blocked""}}"
2025-03-27 10:22:49,"{""gw-2"": {""1"": ""blocked"", ""2"": ""blocked""}}"
2025-03-27 10:22:53,"{""gw-1"": {""1"": ""blocked"", ""2"": ""blocked""}, ""gw-3"": {""1"": ""blocked"", ""2"": ""blocked""}}"
2025-03-27 10:22:54,"{""gw-3"": {""1"": ""blocked"", ""2"": ""blocked""}, ""gw-1"": {""1"": ""blocked"", ""2"": ""blocked""}}"
2025-03-27 10:23:03,"{""gw-2"": {""1"": ""blocked"", ""2"": ""blocked""}}"
2025-03-27 10:23:07,"{""gw-2"": {""1"": ""blocked"", ""2"": ""blocked""}}"
2025-03-27 10:23:07,"{""gw-2"": {""1"": ""blocked"", ""2"": ""blocked""}, ""gw-1"": {""1"": ""blocked"", ""2"": ""blocked""}}"
2025-03-27 10:23:07,"{""gw-1"": {""1"": ""blocked"", ""2"": ""blocked""}}"
2025-03-27 10:23:10,"{""gw-1"": {""1"": ""blocked"", ""2"": ""blocked""}}"
2025-03-27 10:23:15,"{""gw-1"": {""1"": ""blocked"", ""2"": ""conflict""}, ""gw-3"": {""1"": ""blocked"", ""2"": ""blocked""}, ""gw-2"": {""1"": ""conflict"", ""2"": ""blocked""}}"
2025-03-27 10:23:15,"{""gw-3"": {""1"": ""blocked"", ""2"": ""blocked""}}"
2025-03-27 10:23:15,"{""gw-1"": {""1"": ""blocked"", ""2"": ""conflict""}}"
2025-03-27 10:23:16,"{""gw-1"": {""1"": ""conflict"", ""2"": ""blocked""}}"
2025-03-27 10:23:17,"{""gw-2"": {""1"": ""blocked"", ""2"": ""blocked""}}"
2025-03-27 10:23:29,"{""gw-3"": {""1"": ""blocked"", ""2"": ""blocked""}}"
2025-03-27 10:23:31,"{""gw-2"": {""1"": ""blocked"", ""2"": ""blocked""}, ""gw-3"": {""1"": ""blocked"", ""2"": ""blocked""}}"
2025-03-27 10:23:33,"{""gw-2"": {""1"": ""blocked"", ""2"": ""blocked""}}"
2025-03-27 10:23:36,"{""gw-2"": {""1"": ""blocked"", ""2"": ""blocked""}}"
2025-03-27 10:23:39,"{""gw-2"": {""1"": ""conflict"", ""2"": ""blocked""}}"
2025-03-27 10:23:41,"{""gw-1"": {""1"": ""blocked"", ""2"": ""conflict""}}"
2025-03-27 10:23:41,"{""gw-3"": {""1"": ""conflict"", ""2"": ""blocked""}}"
2025-03-27 10:23:43,"{""gw-3"": {""1"": ""blocked"", ""2"": ""blocked""}}"
2025-03-27 10:23:43,"{""gw-2"": {""1"": ""blocked"", ""2"": ""blocked""}}"
2025-03-27 10:23:45,"{""gw-3"": {""1"": ""blocked"", ""2"": ""blocked""}}"
2025-03-27 10:23:46,"{""gw-1"": {""1"": ""conflict"", ""2"": ""blocked""}, ""gw-2"": {""1"": ""blocked"", ""2"": ""blocked""}}"
2025-03-27 10:23:46,"{""gw-3"": {""1"": ""blocked"", ""2"": ""blocked""}, ""gw-1"": {""1"": ""blocked"", ""2"": ""blocked""}}"
2025-03-27 10:23:49,"{""gw-1"": {""1"": ""blocked"", ""2"": ""blocked""}}"
2025-03-27 10:23:50,"{""gw-1"": {""1"": ""blocked"", ""2"": ""blocked""}, ""gw-2"": {""1"": ""blocked"", ""2"": ""conflict""}}"
2025-03-27 10:23:50,"{""gw-2"": {""1"": ""blocked"", ""2"": ""conflict""}, ""gw-3"": {""1"": ""blocked"", ""2"": ""blocked""}}"
2025-03-27 10:23:55,"{""gw-3"": {""1"": ""conflict"", ""2"": ""blocked""}}"
2025-03-27 10:23:57,"{""gw-2"": {""1"": ""blocked"", ""2"": ""blocked""}}"
2025-03-27 10:23:58,"{""gw-2"": {""1"": ""blocked"", ""2"": ""blocked""}, ""gw-1"": {""1"": ""conflict"", ""2"": ""blocked""}}"
2025-03-27 10:24:00,"{""gw-2"": {""1"": ""blocked"", ""2"": ""blocked""}, ""gw-3"": {""1"": ""blocked"", ""2"": ""blocked""}}"
2025-03-27 10:24:00,"{""gw-2"": {""1"": ""blocked"", ""2"": ""blocked""}}"
2025-03-27 10:24:02,"{""gw-1"": {""1"": ""blocked"", ""2"": ""blocked""}}"
2025-03-27 10:24:02,"{""gw-1"": {""1"": ""blocked"", ""2"": ""blocked""}}"
2025-03-27 10:24:05,"{""gw-1"": {""1"": ""blocked"", ""2"": ""blocked""}, ""gw-3"": {""1"": ""blocked"", ""2"": ""blocked""}}"
2025-03-27 10:24:07,"{""gw-1"": {""1"": ""blocked"", ""2"": ""blocked""}}"
2025-03-27 10:24:16,"{""gw-1"": {""1"": ""blocked"", ""2"": ""blocked""}}"
2025-03-27 10:24:18,"{""gw-1"": {""1"": ""blocked"", ""2"": ""blocked""}}"
2025-03-27 10:24:19,"{""gw-1"": {""1"": ""blocked"", ""2"": ""blocked""}, ""gw-2"": {""1"": ""blocked"", ""2"": ""blocked""}}"
2025-03-27 10:24:21,"{""gw-1"": {""1"": ""blocked"", ""2"": ""blocked""}}"
2025-03-27 10:24:29,"{""gw-3"": {""1"": ""blocked"", ""2"": ""blocked""}}"
2025-03-27 10:24:31,"{""gw-1"": {""1"": ""blocked"", ""2"": ""blocked""}, ""gw-3"": {""1"": ""blocked"", ""2"": ""blocked""}, ""gw-2"": {""1"": ""blocked"", ""2"": ""conflict""}}"
2025-03-27 10:24:32,"{""gw-2"": {""1"": ""conflict"", ""2"": ""blocked""}, ""gw-3"": {""1"": ""blocked"", ""2"": ""blocked""}, ""gw-1"": {""1"": ""blocked"", ""2"": ""blocked""}}"
2025-03-27 10:24:37,"{""gw-2"": {""1"": ""blocked"", ""2"": ""blocked""}, ""gw-3"": {""1"": ""blocked"", ""2"": ""blocked""}}"
2025-03-27 10:24:41,"{""gw-2"": {""1"": ""blocked"", ""2"": ""blocked""}}"
2025-03-27 10:24:42,"{""gw-2"": {""1"": ""blocked"", ""2"": ""blocked""}}"
2025-03-27 10:24:43,"{""gw-2"": {""1"": ""conflict"", ""2"": ""conflict""}}"
2025-03-27 10:24:44,"{""gw-2"": {""1"": ""conflict"", ""2"": ""conflict""}}"
2025-03-27 10:24:46,"{""gw-3"": {""1"": ""blocked"", ""2"": ""conflict""}, ""gw-1"": {""1"": ""conflict"", ""2"": ""blocked""}}"
2025-03-27 10:24:50,"{""gw-3"": {""1"": ""blocked"", ""2"": ""blocked""}}"
2025-03-27 10:24:52,"{""gw-3"": {""1"": ""blocked"", ""2"": ""blocked""}}"
2025-03-27 10:25:02,"{""gw-2"": {""1"": ""conflict"", ""2"": ""conflict""}, ""gw-1"": {""1"": ""conflict"", ""2"": ""conflict""}}"
2025-03-27 10:25:02,"{""gw-2"": {""1"": ""conflict"", ""2"": ""blocked""}}"
2025-03-27 10:25:04,"{""gw-2"": {""1"": ""blocked"", ""2"": ""blocked""}, ""gw-3"": {""1"": ""blocked"", ""2"": ""blocked""}}"
2025-03-27 10:25:07,"{""gw-2"": {""1"": ""blocked"", ""2"": ""blocked""}, ""gw-1"": {""1"": ""blocked"", ""2"": ""blocked""}}"
2025-03-27 10:25:08,"{""gw-1"": {""1"": ""blocked"", ""2"": ""blocked""}}"
2025-03-27 10:25:09,"{""gw-2"": {""1"": ""blocked"", ""2"": ""blocked""}}"
2025-03-27 10:25:10,"{""gw-3"": {""1"": ""blocked"", ""2"": ""blocked""}}"
2025-03-27 10:25:24,"{""gw-2"": {""1"": ""blocked"", ""2"": ""blocked""}, ""gw-3"": {""1"": ""blocked"", ""2"": ""blocked""}}"
2025-03-27 10:25:24,"{""gw-2"": {""1"": ""blocked"", ""2"": ""blocked""}}"
2025-03-27 10:25:25,"{""gw-1"": {""1"": ""blocked"", ""2"": ""blocked""}, ""gw-3"": {""1"": ""blocked"", ""2"": ""blocked""}}"
2025-03-27 10:25:25,"{""gw-1"": {""1"": ""blocked"", ""2"": ""blocked""}, ""gw-3"": {""1"": ""blocked"", ""2"": ""blocked""}}"
2025-03-27 10:25:26,"{""gw-2"": {""1"": ""blocked"", ""2"": ""blocked""}}"
2025-03-27 10:25:30,"{""gw-3"": {""1"": ""blocked"", ""2"": ""blocked""}}"
2025-03-27 10:25:32,"{""gw-1"": {""1"": ""blocked"", ""2"": ""blocked""}}"
2025-03-27 10:25:35,"{""gw-1"": {""1"": ""blocked"", ""2"": ""blocked""}, ""gw-3"": {""1"": ""blocked"", ""2"": ""blocked""}, ""gw-2"": {""1"": ""conflict"", ""2"": ""blocked""}}"
2025-03-27 10:25:35,"{""gw-3"": {""1"": ""blocked"", ""2"": ""blocked""}, ""gw-1"": {""1"": ""blocked"", ""2"": ""blocked""}}"
2025-03-27 10:25:37,"{""gw-1"": {""1"": ""blocked"", ""2"": ""blocked""}}"
2025-03-27 10:25:38,"{""gw-2"": {""1"": ""blocked"", ""2"": ""blocked""}}"
2025-03-27 10:25:41,"{""gw-2"": {""1"": ""blocked"", ""2"": ""blocked""}, ""gw-3"": {""1"": ""blocked"", ""2"": ""conflict""}}"
2025-03-27 10:25:42,"{""gw-2"": {""1"": ""blocked"", ""2"": ""blocked""}, ""gw-1"": {""1"": ""conflict"", ""2"": ""blocked""}, ""gw-3"": {""1"": ""conflict"", ""2"": ""conflict""}}"
2025-03-27 10:25:43,"{""gw-3"": {""1"": ""conflict"", ""2"": ""blocked""}}"
2025-03-27 10:25:48,"{""gw-3"": {""1"": ""blocked"", ""2"": ""blocked""}}"
2025-03-27 10:25:49,"{""gw-3"": {""1"": ""blocked"", ""2"": ""blocked""}}"
2025-03-27 10:25:50,"{""gw-1"": {""1"": ""blocked"", ""2"": ""blocked""}}"
2025-03-27 10:25:57,"{""gw-1"": {""1"": ""conflict"", ""2"": ""blocked""}}"
2025-03-27 10:25:59,"{""gw-2"": {""1"": ""blocked"", ""2"": ""blocked""}}"
2025-03-27 10:26:01,"{""gw-2"": {""1"": ""conflict"", ""2"": ""blocked""}}"
2025-03-27 10:26:01,"{""gw-1"": {""1"": ""blocked"", ""2"": ""blocked""}}"
2025-03-27 10:26:03,"{""gw-1"": {""1"": ""blocked"", ""2"": ""blocked""}}"
2025-03-27 10:26:03,"{""gw-1"": {""1"": ""blocked"", ""2"": ""blocked""}}"
2025-03-27 10:26:03,"{""gw-1"": {""1"": ""blocked"", ""2"": ""blocked""}}"
2025-03-27 10:26:04,"{""gw-1"": {""1"": ""blocked"", ""2"": ""blocked""}}"
2025-03-27 10:26:06,"{""gw-2"": {""1"": ""blocked"", ""2"": ""blocked""}, ""gw-3"": {""1"": ""blocked"", ""2"": ""blocked""}}"
2025-03-27 10:26:09,"{""gw-2"": {""1"": ""blocked"", ""2"": ""blocked""}, ""gw-3"": {""1"": ""blocked"", ""2"": ""blocked""}}"
2025-03-27 10:26:11,"{""gw-3"": {""1"": ""blocked"", ""2"": ""blocked""}}"
2025-03-27 10:26:14,"{""gw-1"": {""1"": ""blocked"", ""2"": ""blocked""}}"
2025-03-27 10:26:17,"{""gw-2"": {""1"": ""blocked"", ""2"": ""conflict""}, ""gw-1"": {""1"": ""blocked"", ""2"": ""blocked""}}"
2025-03-27 10:26:17,"{""gw-1"": {""1"": ""blocked"", ""2"": ""blocked""}, ""gw-3"": {""1"": ""blocked"", ""2"": ""blocked""}}"
2025-03-27 10:26:17,"{""gw-3"": {""1"": ""blocked"", ""2"": ""blocked""}, ""gw-2"": {""1"": ""conflict"", ""2"": ""conflict""}}"
2025-03-27 10:26:21,"{""gw-3"": {""1"": ""blocked"", ""2"": ""blocked""}}"
2025-03-27 10:26:22,"{""gw-2"": {""1"": ""blocked"", ""2"": ""blocked""}, ""gw-3"": {""1"": ""blocked"", ""2"": ""blocked""}}"
2025-03-27 10:26:23,"{""gw-3"": {""1"": ""blocked"", ""2"": ""blocked""}}"
2025-03-27 10:26:31,"{""gw-3"": {""1"": ""blocked"", ""2"": ""blocked""}, ""gw-1"": {""1"": ""blocked"", ""2"": ""blocked""}}"
2025-03-27 10:26:33,"{""gw-3"": {""1"": ""blocked"", ""2"": ""blocked""}}"
2025-03-27 10:26:34,"{""gw-3"": {""1"": ""blocked"", ""2"": ""blocked""}}"
2025-03-27 10:26:35,"{""gw-2"": {""1"": ""blocked"", ""2"": ""blocked""}}"
2025-03-27 10:26:41,"{""gw-2"": {""1"": ""blocked"", ""2"": ""conflict""}}"
2025-03-27 10:26:47,"{""gw-2"": {""1"": ""blocked"", ""2"": ""blocked""}}"
2025-03-27 10:26:51,"{""gw-1"": {""1"": ""blocked"", ""2"": ""blocked""}, ""gw-2"": {""1"": ""blocked"", ""2"": ""blocked""}}"
2025-03-27 10:26:54,"{""gw-1"": {""1"": ""blocked"", ""2"": ""conflict""}}"
2025-03-27 10:26:59,"{""gw-3"": {""1"": ""blocked"", ""2"": ""blocked""}, ""gw-1"": {""1"": ""blocked"", ""2"": ""blocked""}}"
2025-03-27 10:27:02,"{""gw-2"": {""1"": ""blocked"", ""2"": ""conflict""}}"
2025-03-27 10:27:02,"{""gw-3"": {""1"": ""blocked"", ""2"": ""conflict""}}"
2025-03-27 10:27:04,"{""gw-3"": {""1"": ""conflict"", ""2"": ""blocked""}, ""gw-1"": {""1"": ""blocked"", ""2"": ""blocked""}}"
2025-03-27 10:27:05,"{""gw-1"": {""1"": ""blocked"", ""2"": ""blocked""}}"
2025-03-27 10:27:08,"{""gw-3"": {""1"": ""blocked"", ""2"": ""blocked""}, ""gw-2"": {""1"": ""blocked"", ""2"": ""blocked""}}"
2025-03-27 10:27:09,"{""gw-3"": {""1"": ""blocked"", ""2"": ""blocked""}}"
2025-03-27 10:27:13,"{""gw-2"": {""1"": ""blocked"", ""2"": ""blocked""}, ""gw-3"": {""1"": ""blocked"", ""2"": ""blocked""}}"
2025-03-27 10:27:15,"{""gw-1"": {""1"": ""blocked"", ""2"": ""blocked""}}"
2025-03-27 10:27:16,"{""gw-3"": {""1"": ""conflict"", ""2"": ""blocked""}, ""gw-2"": {""1"": ""blocked"", ""2"": ""blocked""}}"
2025-03-27 10:27:19,"{""gw-3"": {""1"": ""blocked"", ""2"": ""blocked""}}"
2025-03-27 10:27:19,"{""gw-3"": {""1"": ""blocked"", ""2"": ""blocked""}, ""gw-2"": {""1"": ""blocked"", ""2"": ""blocked""}}"
2025-03-27 10:27:23,"{""gw-2"": {""1"": ""blocked"", ""2"": ""blocked""}}"
2025-03-27 10:27:26,"{""gw-3"": {""1"": ""blocked"", ""2"": ""blocked""}}"
2025-03-27 10:27:33,"{""gw-1"": {""1"": ""blocked"", ""2"": ""blocked""}}"
2025-03-27 10:27:37,"{""gw-2"": {""1"": ""blocked"", ""2"": ""blocked""}}"
2025-03-27 10:27:37,"{""gw-2"": {""1"": ""blocked"", ""2"": ""blocked""}}"
2025-03-27 10:27:41,"{""gw-2"": {""1"": ""blocked"", ""2"": ""blocked""}}"
2025-03-27 10:27:42,"{""gw-3"": {""1"": ""blocked"", ""2"": ""blocked""}}"
2025-03-27 10:27:42,"{""gw-1"": {""1"": ""blocked"", ""2"": ""blocked""}}"
2025-03-27 10:27:44,"{""gw-3"": {""1"": ""blocked"", ""2"": ""blocked""}, ""gw-1"": {""1"": ""blocked"", ""2"": ""blocked""}}"
2025-03-27 10:27:48,"{""gw-3"": {""1"": ""blocked"", ""2"": ""blocked""}}"
2025-03-27 10:27:51,"{""gw-1"": {""1"": ""blocked"", ""2"": ""blocked""}}"
2025-03-27 10:27:54,"{""gw-1"": {""1"": ""blocked"", ""2"": ""blocked""}}"
2025-03-27 10:27:55,"{""gw-2"": {""1"": ""blocked"", ""2"": ""blocked""}}"
2025-03-27 10:27:56,"{""gw-1"": {""1"": ""blocked"", ""2"": ""blocked""}, ""gw-2"": {""1"": ""conflict"", ""2"": ""blocked""}}"
2025-03-27 10:27:56,"{""gw-3"": {""1"": ""conflict"", ""2"": ""blocked""}, ""gw-2"": {""1"": ""conflict"", ""2"": ""blocked""}, ""gw-1"": {""1"": ""blocked"", ""2"": ""blocked""}}"
2025-03-27 10:28:01,"{""gw-3"": {""1"": ""blocked"", ""2"": ""blocked""}, ""gw-1"": {""1"": ""blocked"", ""2"": ""blocked""}, ""gw-2"": {""1"": ""blocked"", ""2"": ""conflict""}}"
2025-03-27 10:28:02,"{""gw-3"": {""1"": ""blocked"", ""2"": ""blocked""}}"
2025-03-27 10:28:05,"{""gw-3"": {""1"": ""blocked"", ""2"": ""blocked""}, ""gw-1"": {""1"": ""blocked"", ""2"": ""blocked""}}"
2025-03-27 10:28:09,"{""gw-1"": {""1"": ""blocked"", ""2"": ""blocked""}, ""gw-2"": {""1"": ""blocked"", ""2"": ""blocked""}}"
2025-03-27 10:28:11,"{""gw-2"": {""1"": ""blocked"", ""2"": ""blocked""}}"
2025-03-27 10:28:12,"{""gw-2"": {""1"": ""blocked"", ""2"": ""blocked""}}"
2025-03-27 10:28:16,"{""gw-3"": {""1"": ""conflict"", ""2"": ""conflict""}}"
2025-03-27 10:28:20,"{""gw-3"": {""1"": ""blocked"", ""2"": ""blocked""}, ""gw-1"": {""1"": ""blocked"", ""2"": ""blocked""}}"
2025-03-27 10:28:21,"{""gw-2"": {""1"": ""blocked"", ""2"": ""blocked""}}"
2025-03-27 10:28:22,"{""gw-3"": {""1"": ""blocked"", ""2"": ""blocked""}}"
2025-03-27 10:28:25,"{""gw-2"": {""1"": ""blocked"", ""2"": ""blocked""}, ""gw-3"": {""1"": ""blocked"", ""2"": ""blocked""}}"
2025-03-27 10:28:26,"{""gw-3"": {""1"": ""blocked"", ""2"": ""blocked""}}"
2025-03-27 10:28:30,"{""gw-3"": {""1"": ""blocked"", ""2"": ""conflict""}}"
2025-03-27 10:28:33,"{""gw-3"": {""1"": ""blocked"", ""2"": ""blocked""}, ""gw-1"": {""1"": ""blocked"", ""2"": ""blocked""}}"
2025-03-27 10:28:36,"{""gw-3"": {""1"": ""blocked"", ""2"": ""blocked""}}"
2025-03-27 10:28:37,"{""gw-3"": {""1"": ""blocked"", ""2"": ""blocked""}}"
2025-03-27 10:28:39,"{""gw-3"": {""1"": ""blocked"", ""2"": ""blocked""}}"
2025-03-27 10:28:40,"{""gw-2"": {""1"": ""blocked"", ""2"": ""blocked""}, ""gw-3"": {""1"": ""blocked"", ""2"": ""blocked""}}"
2025-03-27 10:28:43,"{""gw-2"": {""1"": ""blocked"", ""2"": ""blocked""}}"
2025-03-27 10:29:02,"{""gw-1"": {""1"": ""conflict"", ""2"": ""conflict""}}"
2025-03-27 10:29:04,"{""gw-3"": {""1"": ""blocked"", ""2"": ""blocked""}}"
2025-03-27 10:29:05,"{""gw-3"": {""1"": ""blocked"", ""2"": ""blocked""}, ""gw-2"": {""1"": ""conflict"", ""2"": ""blocked""}}"
2025-03-27 10:29:07,"{""gw-3"": {""1"": ""blocked"", ""2"": ""blocked""}}"
2025-03-27 10:29:07,"{""gw-3"": {""1"": ""blocked"", ""2"": ""blocked""}}"
2025-03-27 10:29:08,"{""gw-1"": {""1"": ""blocked"", ""2"": ""blocked""}, ""gw-2"": {""1"": ""blocked"", ""2"": ""blocked""}}"
2025-03-27 10:29:10,"{""gw-1"": {""1"": ""blocked"", ""2"": ""blocked""}}"
2025-03-27 10:29:10,"{""gw-1"": {""1"": ""blocked"", ""2"": ""blocked""}}"
2025-03-27 10:29:11,"{""gw-3"": {""1"": ""blocked"", ""2"": ""blocked""}, ""gw-2"": {""1"": ""blocked"", ""2"": ""blocked""}}"
2025-03-27 10:29:12,"{""gw-2"": {""1"": ""blocked"", ""2"": ""blocked""}}"
2025-03-27 10:29:12,"{""gw-2"": {""1"": ""blocked"", ""2"": ""blocked""}}"
2025-03-27 10:29:19,"{""gw-1"": {""1"": ""blocked"", ""2"": ""conflict""}}"
2025-03-27 10:29:20,"{""gw-2"": {""1"": ""blocked"", ""2"": ""blocked""}}"
2025-03-27 10:29:21,"{""gw-1"": {""1"": ""conflict"", ""2"": ""blocked""}, ""gw-3"": {""1"": ""blocked"", ""2"": ""blocked""}}"
2025-03-27 10:29:22,"{""gw-3"": {""1"": ""blocked"", ""2"": ""blocked""}}"
2025-03-27 10:29:24,"{""gw-2"": {""1"": ""blocked"", ""2"": ""blocked""}, ""gw-3"": {""1"": ""blocked"", ""2"": ""blocked""}, ""gw-1"": {""1"": ""blocked"", ""2"": ""blocked""}}"
2025-03-27 10:29:24,"{""gw-3"": {""1"": ""blocked"", ""2"": ""blocked""}}"
2025-03-27 10:29:26,"{""gw-3"": {""1"": ""conflict"", ""2"": ""conflict""}}"
2025-03-27 10:29:28,"{""gw-1"": {""1"": ""blocked"", ""2"": ""blocked""}}"
2025-03-27 10:29:32,"{""gw-3"": {""1"": ""blocked"", ""2"": ""blocked""}, ""gw-2"": {""1"": ""blocked"", ""2"": ""blocked""}}"
2025-03-27 10:29:35,"{""gw-1"": {""1"": ""conflict"", ""2"": ""conflict""}}"
2025-03-27 10:29:37,"{""gw-2"": {""1"": ""blocked"", ""2"": ""blocked""}}"
2025-03-27 10:29:38,"{""gw-2"": {""1"": ""blocked"", ""2"": ""blocked""}}"
2025-03-27 10:29:49,"{""gw-3"": {""1"": ""blocked"", ""2"": ""blocked""}}"
2025-03-27 10:29:49,"{""gw-3"": {""1"": ""blocked"", ""2"": ""conflict""}}"
2025-03-27 10:29:53,"{""gw-1"": {""1"": ""blocked"", ""2"": ""blocked""}, ""gw-2"": {""1"": ""blocked"", ""2"": ""conflict""}}"
2025-03-27 10:29:54,"{""gw-2"": {""1"": ""conflict"", ""2"": ""conflict""}}"
2025-03-27 10:29:54,"{""gw-2"": {""1"": ""conflict"", ""2"": ""blocked""}}"
2025-03-27 10:29:57,"{""gw-3"": {""1"": ""blocked"", ""2"": ""blocked""}, ""gw-1"": {""1"": ""blocked"", ""2"": ""blocked""}}"
2025-03-27 10:30:00,"{""gw-1"": {""1"": ""conflict"", ""2"": ""conflict""}}"
2025-03-27 10:30:05,"{""gw-1"": {""1"": ""blocked"", ""2"": ""blocked""}}"
2025-03-27 10:30:07,"{""gw-3"": {""1"": ""conflict"", ""2"": ""blocked""}}"
2025-03-27 10:30:13,"{""gw-2"": {""1"": ""blocked"", ""2"": ""blocked""}}"
2025-03-27 10:30:14,"{""gw-1"": {""1"": ""blocked"", ""2"": ""blocked""}}"
2025-03-27 10:30:14,"{""gw-2"": {""1"": ""blocked"", ""2"": ""blocked""}}"
2025-03-27 10:30:15,"{""gw-3"": {""1"": ""blocked"", ""2"": ""blocked""}}"
2025-03-27 10:30:15,"{""gw-1"": {""1"": ""blocked"", ""2"": ""blocked""}}"
2025-03-27 10:30:16,"{""gw-2"": {""1"": ""conflict"", ""2"": ""blocked""}}"
2025-03-27 10:30:16,"{""gw-3"": {""1"": ""blocked"", ""2"": ""blocked""}, ""gw-2"": {""1"": ""blocked"", ""2"": ""blocked""}}"
2025-03-27 10:30:17,"{""gw-1"": {""1"": ""blocked"", ""2"": ""blocked""}, ""gw-3"": {""1"": ""blocked"", ""2"": ""conflict""}}"
2025-03-27 10:30:19,"{""gw-1"": {""1"": ""blocked"", ""2"": ""blocked""}, ""gw-3"": {""1"": ""conflict"", ""2"": ""blocked""}}"
2025-03-27 10:30:20,"{""gw-2"": {""1"": ""conflict"", ""2"": ""blocked""}}"
2025-03-27 10:30:28,"{""gw-2"": {""1"": ""blocked"", ""2"": ""blocked""}}"
2025-03-27 10:30:32,"{""gw-2"": {""1"": ""conflict"", ""2"": ""blocked""}, ""gw-1"": {""1"": ""blocked"", ""2"": ""blocked""}}"
2025-03-27 10:30:38,"{""gw-1"": {""1"": ""conflict"", ""2"": ""blocked""}}"
2025-03-27 10:30:38,"{""gw-3"": {""1"": ""blocked"", ""2"": ""blocked""}, ""gw-1"": {""1"": ""conflict"", ""2"": ""blocked""}}"
2025-03-27 10:30:40,"{""gw-1"": {""1"": ""blocked"", ""2"": ""blocked""}, ""gw-2"": {""1"": ""blocked"", ""2"": ""blocked""}}"
2025-03-27 10:30:40,"{""gw-3"": {""1"": ""blocked"", ""2"": ""blocked""}, ""gw-2"": {""1"": ""blocked"", ""2"": ""blocked""}}"
2025-03-27 10:30:40,"{""gw-1"": {""1"": ""blocked"", ""2"": ""blocked""}, ""gw-3"": {""1"": ""blocked"", ""2"": ""blocked""}}"
2025-03-27 10:30:47,"{""gw-1"": {""1"": ""blocked"", ""2"": ""blocked""}}"
2025-03-27 10:30:47,"{""gw-1"": {""1"": ""blocked"", ""2"": ""blocked""}}"
2025-03-27 10:30:48,"{""gw-3"": {""1"": ""blocked"", ""2"": ""blocked""}}"
2025-03-27 10:30:50,"{""gw-2"": {""1"": ""blocked"", ""2"": ""blocked""}}"
2025-03-27 10:30:52,"{""gw-2"": {""1"": ""blocked"", ""2"": ""blocked""}}"
2025-03-27 10:30:53,"{""gw-2"": {""1"": ""blocked"", ""2"": ""blocked""}}"
2025-03-27 10:30:54,"{""gw-3"": {""1"": ""blocked"", ""2"": ""blocked""}}"
2025-03-27 10:30:57,"{""gw-1"": {""1"": ""blocked"", ""2"": ""blocked""}}"
2025-03-27 10:30:58,"{""gw-3"": {""1"": ""conflict"", ""2"": ""conflict""}, ""gw-1"": {""1"": ""blocked"", ""2"": ""blocked""}}"
2025-03-27 10:31:03,"{""gw-1"": {""1"": ""blocked"", ""2"": ""blocked""}, ""gw-3"": {""1"": ""blocked"", ""2"": ""blocked""}}"
2025-03-27 10:31:04,"{""gw-3"": {""1"": ""blocked"", ""2"": ""blocked""}}"
2025-03-27 10:31:04,"{""gw-1"": {""1"": ""blocked"", ""2"": ""blocked""}}"
2025-03-27 10:31:06,"{""gw-3"": {""1"": ""blocked"", ""2"": ""blocked""}}"
2025-03-27 10:31:08,"{""gw-3"": {""1"": ""blocked"", ""2"": ""blocked""}, ""gw-2"": {""1"": ""blocked"", ""2"": ""blocked""}}"
2025-03-27 10:31:09,"{""gw-2"": {""1"": ""blocked"", ""2"": ""blocked""}}"
2025-03-27 10:31:18,"{""gw-1"": {""1"": ""blocked"", ""2"": ""blocked""}}"
2025-03-27 10:31:19,"{""gw-1"": {""1"": ""blocked"", ""2"": ""blocked""}}"
2025-03-27 10:31:20,"{""gw-1"": {""1"": ""blocked"", ""2"": ""blocked""}}"
2025-03-27 10:31:22,"{""gw-3"": {""1"": ""blocked"", ""2"": ""conflict""}, ""gw-1"": {""1"": ""blocked"", ""2"": ""blocked""}}"
2025-03-27 10:31:22,"{""gw-2"": {""1"": ""blocked"", ""2"": ""blocked""}, ""gw-3"": {""1"": ""conflict"", ""2"": ""conflict""}}"
2025-03-27 10:31:23,"{""gw-1"": {""1"": ""blocked"", ""2"": ""blocked""}, ""gw-2"": {""1"": ""blocked"", ""2"": ""blocked""}}"
2025-03-27 10:31:30,"{""gw-1"": {""1"": ""blocked"", ""2"": ""blocked""}}"
2025-03-27 10:31:36,"{""gw-2"": {""1"": ""blocked"", ""2"": ""blocked""}}"
2025-03-27 10:31:38,"{""gw-3"": {""1"": ""conflict"", ""2"": ""conflict""}, ""gw-2"": {""1"": ""blocked"", ""2"": ""blocked""}}"
2025-03-27 10:31:43,"{""gw-2"": {""1"": ""blocked"", ""2"": ""conflict""}}"
2025-03-27 10:31:44,"{""gw-1"": {""1"": ""conflict"", ""2"": ""conflict""}, ""gw-2"": {""1"": ""conflict"", ""2"": ""blocked""}}"
2025-03-27 10:31:44,"{""gw-1"": {""1"": ""conflict"", ""2"": ""blocked""}, ""gw-2"": {""1"": ""conflict"", ""2"": ""blocked""}, ""gw-3"": {""1"": ""blocked"", ""2"": ""blocked""}}"
2025-03-27 10:31:45,"{""gw-3"": {""1"": ""blocked"", ""2"": ""blocked""}}"
2025-03-27 10:31:57,"{""gw-2"": {""1"": ""conflict"", ""2"": ""blocked""}, ""gw-1"": {""1"": ""conflict"", ""2"": ""blocked""}}"
2025-03-27 10:32:02,"{""gw-2"": {""1"": ""blocked"", ""2"": ""blocked""}, ""gw-1"": {""1"": ""blocked"", ""2"": ""blocked""}, ""gw-3"": {""1"": ""blocked"", ""2"": ""blocked""}}"
2025-03-27 10:32:03,"{""gw-1"": {""1"": ""blocked"", ""2"": ""blocked""}, ""gw-3"": {""1"": ""blocked"", ""2"": ""blocked""}}"
2025-03-27 10:32:03,"{""gw-1"": {""1"": ""blocked"", ""2"": ""blocked""}, ""gw-3"": {""1"": ""blocked"", ""2"": ""blocked""}}"
2025-03-27 10:32:05,"{""gw-2"": {""1"": ""blocked"", ""2"": ""blocked""}}"
2025-03-27 10:32:08,"{""gw-1"": {""1"": ""blocked"", ""2"": ""conflict""}}"
2025-03-27 10:32:09,"{""gw-1"": {""1"": ""blocked"", ""2"": ""conflict""}}"
2025-03-27 10:32:11,"{""gw-3"": {""1"": ""blocked"", ""2"": ""blocked""}}"
2025-03-27 10:32:12,"{""gw-1"": {""1"": ""blocked"", ""2"": ""blocked""}, ""gw-3"": {""1"": ""blocked"", ""2"": ""blocked""}}"
2025-03-27 10:32:13,"{""gw-3"": {""1"": ""blocked"", ""2"": ""blocked""}}"
2025-03-27 10:32:19,"{""gw-3"": {""1"": ""blocked"", ""2"": ""blocked""}, ""gw-2"": {""1"": ""blocked"", ""2"": ""conflict""}}"
2025-03-27 10:32:20,"{""gw-3"": {""1"": ""blocked"", ""2"": ""blocked""}, ""gw-2"": {""1"": ""conflict"", ""2"": ""blocked""}}"
2025-03-27 10:32:22,"{""gw-3"": {""1"": ""blocked"", ""2"": ""blocked""}}"
2025-03-27 10:32:22,"{""gw-2"": {""1"": ""blocked"", ""2"": ""blocked""}}"
2025-03-27 10:32:23,"{""gw-1"": {""1"": ""conflict"", ""2"": ""blocked""}}"
2025-03-27 10:32:24,"{""gw-2"": {""1"": ""blocked"", ""2"": ""blocked""}}"
2025-03-27 10:32:28,"{""gw-2"": {""1"": ""blocked"", ""2"": ""blocked""}, ""gw-3"": {""1"": ""conflict"", ""2"": ""conflict""}, ""gw-1"": {""1"": ""blocked"", ""2"": ""blocked""}}"
2025-03-27 10:32:28,"{""gw-3"": {""1"": ""blocked"", ""2"": ""conflict""}}"
2025-03-27 10:32:29,"{""gw-1"": {""1"": ""blocked"", ""2"": ""blocked""}, ""gw-2"": {""1"": ""blocked"", ""2"": ""blocked""}}"
2025-03-27 10:32:31,"{""gw-1"": {""1"": ""blocked"", ""2"": ""blocked""}}"
2025-03-27 10:32:32,"{""gw-3"": {""1"": ""blocked"", ""2"": ""blocked""}}"
2025-03-27 10:32:33,"{""gw-2"": {""1"": ""blocked"", ""2"": ""conflict""}}"
2025-03-27 10:32:34,"{""gw-2"": {""1"": ""blocked"", ""2"": ""conflict""}, ""gw-3"": {""1"": ""blocked"", ""2"": ""blocked""}}"
2025-03-27 10:32:36,"{""gw-3"": {""1"": ""blocked"", ""2"": ""blocked""}}"
2025-03-27 10:32:36,"{""gw-3"": {""1"": ""blocked"", ""2"": ""blocked""}, ""gw-1"": {""1"": ""conflict"", ""2"": ""conflict""}}"
2025-03-27 10:32:38,"{""gw-3"": {""1"": ""blocked"", ""2"": ""blocked""}}"
2025-03-27 10:32:38,"{""gw-2"": {""1"": ""blocked"", ""2"": ""blocked""}, ""gw-3"": {""1"": ""blocked"", ""2"": ""blocked""}}"
2025-03-27 10:32:46,"{""gw-1"": {""1"": ""blocked"", ""2"": ""blocked""}}"
2025-03-27 10:32:48,"{""gw-3"": {""1"": ""blocked"", ""2"": ""blocked""}}"
2025-03-27 10:32:49,"{""gw-3"": {""1"": ""blocked"", ""2"": ""blocked""}}"
2025-03-27 10:32:55,"{""gw-3"": {""1"": ""conflict"", ""2"": ""conflict""}}"
2025-03-27 10:32:59,"{""gw-1"": {""1"": ""blocked"", ""2"": ""blocked""}}"
2025-03-27 10:33:01,"{""gw-1"": {""1"": ""blocked"", ""2"": ""blocked""}, ""gw-3"": {""1"": ""blocked"", ""2"": ""blocked""}}"
2025-03-27 10:33:02,"{""gw-1"": {""1"": ""blocked"", ""2"": ""blocked""}}"
2025-03-27 10:33:03,"{""gw-2"": {""1"": ""blocked"", ""2"": ""blocked""}}"
2025-03-27 10:33:04,"{""gw-2"": {""1"": ""blocked"", ""2"": ""blocked""}}"
2025-03-27 10:33:10,"{""gw-3"": {""1"": ""conflict"", ""2"": ""conflict""}}"
2025-03-27 10:33:12,"{""gw-1"": {""1"": ""blocked"", ""2"": ""blocked""}}"
2025-03-27 10:33:17,"{""gw-1"": {""1"": ""blocked"", ""2"": ""blocked""}}"
2025-03-27 10:33:17,"{""gw-1"": {""1"": ""blocked"", ""2"": ""blocked""}}"
2025-03-27 10:33:30,"{""gw-3"": {""1"": ""blocked"", ""2"": ""blocked""}}"
2025-03-27 10:33:31,"{""gw-2"": {""1"": ""conflict"", ""2"": ""blocked""}}"
2025-03-27 10:33:32,"{""gw-2"": {""1"": ""blocked"", ""2"": ""blocked""}}"
2025-03-27 10:33:33,"{""gw-2"": {""1"": ""blocked"", ""2"": ""blocked""}}"
2025-03-27 10:33:34,"{""gw-1"": {""1"": ""blocked"", ""2"": ""blocked""}}"
2025-03-27 10:33:36,"{""gw-2"": {""1"": ""blocked"", ""2"": ""conflict""}}"
2025-03-27 10:33:40,"{""gw-2"": {""1"": ""blocked"", ""2"": ""blocked""}, ""gw-1"": {""1"": ""blocked"", ""2"": ""blocked""}}"
2025-03-27 10:33:40,"{""gw-1"": {""1"": ""blocked"", ""2"": ""blocked""}}"
2025-03-27 10:33:40,"{""gw-1"": {""1"": ""blocked"", ""2"": ""blocked""}}"
2025-03-27 10:33:40,"{""gw-2"": {""1"": ""blocked"", ""2"": ""blocked""}}"
2025-03-27 10:33:43,"{""gw-2"": {""1"": ""blocked"", ""2"": ""blocked""}, ""gw-3"": {""1"": ""blocked"", ""2"": ""blocked""}}"
2025-03-27 10:33:44,"{""gw-2"": {""1"": ""blocked"", ""2"": ""blocked""}}"
2025-03-27 10:33:45,"{""gw-1"": {""1"": ""conflict"", ""2"": ""blocked""}}"
2025-03-27 10:33:46,"{""gw-3"": {""1"": ""blocked"", ""2"": ""blocked""}}"
2025-03-27 10:33:53,"{""gw-3"": {""1"": ""blocked"", ""2"": ""conflict""}}"
2025-03-27 10:33:54,"{""gw-3"": {""1"": ""blocked"", ""2"": ""conflict""}, ""gw-2"": {""1"": ""blocked"", ""2"": ""conflict""}}"
2025-03-27 10:33:54,"{""gw-1"": {""1"": ""blocked"", ""2"": ""blocked""}}"
2025-03-27 10:33:57,"{""gw-1"": {""1"": ""blocked"", ""2"": ""conflict""}}"
2025-03-27 10:33:58,"{""gw-3"": {""1"": ""blocked"", ""2"": ""blocked""}}"
2025-03-27 10:34:00,"{""gw-2"": {""1"": ""blocked"", ""2"": ""blocked""}}"
2025-03-27 10:34:01,"{""gw-2"": {""1"": ""blocked"", ""2"": ""blocked""}}"
2025-03-27 10:34:05,"{""gw-2"": {""1"": ""blocked"", ""2"": ""blocked""}}"
2025-03-27 10:34:05,"{""gw-2"": {""1"": ""blocked"", ""2"": ""blocked""}}"
2025-03-27 10:34:05,"{""gw-3"": {""1"": ""conflict"", ""2"": ""conflict""}}"
2025-03-27 10:34:09,"{""gw-2"": {""1"": ""blocked"", ""2"": ""blocked""}, ""gw-3"": {""1"": ""blocked"", ""2"": ""blocked""}}"
2025-03-27 10:34:09,"{""gw-2"": {""1"": ""blocked"", ""2"": ""blocked""}}"
2025-03-27 10:34:13,"{""gw-3"": {""1"": ""blocked"", ""2"": ""blocked""}}"
2025-03-27 10:34:23,"{""gw-2"": {""1"": ""blocked"", ""2"": ""blocked""}}"
2025-03-27 10:34:27,"{""gw-1"": {""1"": ""blocked"", ""2"": ""blocked""}}"
2025-03-27 10:34:28,"{""gw-1"": {""1"": ""blocked"", ""2"": ""blocked""}}"
2025-03-27 10:34:37,"{""gw-1"": {""1"": ""blocked"", ""2"": ""conflict""}}"
2025-03-27 10:34:41,"{""gw-2"": {""1"": ""blocked"", ""2"": ""blocked""}, ""gw-1"": {""1"": ""blocked"", ""2"": ""blocked""}}"
2025-03-27 10:34:44,"{""gw-2"": {""1"": ""conflict"", ""2"": ""blocked""}}"
2025-03-27 10:34:50,"{""gw-1"": {""1"": ""conflict"", ""2"": ""blocked""}, ""gw-2"": {""1"": ""blocked"", ""2"": ""blocked""}, ""gw-3"": {""1"": ""conflict"", ""2"": ""conflict""}}"
2025-03-27 10:34:53,"{""gw-1"": {""1"": ""blocked"", ""2"": ""blocked""}}"
2025-03-27 10:34:54,"{""gw-1"": {""1"": ""blocked"", ""2"": ""blocked""}}"
2025-03-27 10:34:56,"{""gw-1"": {""1"": ""blocked"", ""2"": ""blocked""}}"
2025-03-27 10:35:07,"{""gw-2"": {""1"": ""conflict"", ""2"": ""conflict""}, ""gw-3"": {""1"": ""blocked"", ""2"": ""blocked""}}"
2025-03-27 10:35:12,"{""gw-3"": {""1"": ""blocked"", ""2"": ""blocked""}}"
2025-03-27 10:35:13,"{""gw-1"": {""1"": ""conflict"", ""2"": ""blocked""}, ""gw-2"": {""1"": ""blocked"", ""2"": ""blocked""}}"
2025-03-27 10:35:14,"{""gw-3"": {""1"": ""blocked"", ""2"": ""blocked""}}"
2025-03-27 10:35:17,"{""gw-1"": {""1"": ""blocked"", ""2"": ""blocked""}}"
2025-03-27 10:35:17,"{""gw-2"": {""1"": ""blocked"", ""2"": ""blocked""}, ""gw-1"": {""1"": ""blocked"", ""2"": ""blocked""}}"
2025-03-27 10:35:17,"{""gw-1"": {""1"": ""blocked"", ""2"": ""blocked""}}"
2025-03-27 10:35:19,"{""gw-3"": {""1"": ""conflict"", ""2"": ""blocked""}}"
2025-03-27 10:35:20,"{""gw-1"": {""1"": ""blocked"", ""2"": ""blocked""}}"
2025-03-27 10:35:20,"{""gw-2"": {""1"": ""conflict"", ""2"": ""conflict""}}"
2025-03-27 10:35:20,"{""gw-1"": {""1"": ""blocked"", ""2"": ""blocked""}, ""gw-2"": {""1"": ""conflict"", ""2"": ""blocked""}}"
2025-03-27 10:35:21,"{""gw-2"": {""1"": ""conflict"", ""2"": ""blocked""}}"
2025-03-27 10:35:29,"{""gw-2"": {""1"": ""blocked"", ""2"": ""blocked""}}"
2025-03-27 10:35:32,"{""gw-1"": {""1"": ""blocked"", ""2"": ""blocked""}}"
2025-03-27 10:35:34,"{""gw-1"": {""1"": ""blocked"", ""2"": ""blocked""}}"
2025-03-27 10:35:35,"{""gw-1"": {""1"": ""blocked"", ""2"": ""blocked""}}"
2025-03-27 10:35:42,"{""gw-2"": {""1"": ""blocked"", ""2"": ""blocked""}, ""gw-1"": {""1"": ""blocked"", ""2"": ""blocked""}}"
2025-03-27 10:35:43,"{""gw-3"": {""1"": ""conflict"", ""2"": ""blocked""}, ""gw-1"": {""1"": ""blocked"", ""2"": ""blocked""}}"
2025-03-27 10:35:44,"{""gw-1"": {""1"": ""blocked"", ""2"": ""blocked""}}"
2025-03-27 10:35:44,"{""gw-2"": {""1"": ""blocked"", ""2"": ""blocked""}}"
2025-03-27 10:35:46,"{""gw-1"": {""1"": ""blocked"", ""2"": ""blocked""}}"
2025-03-27 10:35:46,"{""gw-3"": {""1"": ""blocked"", ""2"": ""blocked""}}"
2025-03-27 10:35:47,"{""gw-1"": {""1"": ""blocked"", ""2"": ""blocked""}, ""gw-3"": {""1"": ""blocked"", ""2"": ""blocked""}}"
2025-03-27 10:35:50,"{""gw-3"": {""1"": ""blocked"", ""2"": ""blocked""}}"
2025-03-27 10:35:52,"{""gw-3"": {""1"": ""blocked"", ""2"": ""blocked""}}"
2025-03-27 10:35:52,"{""gw-2"": {""1"": ""blocked"", ""2"": ""blocked""}, ""gw-3"": {""1"": ""blocked"", ""2"": ""blocked""}}"
2025-03-27 10:35:55,"{""gw-3"": {""1"": ""conflict"", ""2"": ""blocked""}}"
2025-03-27 10:35:55,"{""gw-2"": {""1"": ""blocked"", ""2"": ""blocked""}}"
2025-03-27 10:35:56,"{""gw-2"": {""1"": ""blocked"", ""2"": ""blocked""}}"
2025-03-27 10:35:57,"{""gw-2"": {""1"": ""blocked"", ""2"": ""blocked""}}"
2025-03-27 10:36:02,"{""gw-1"": {""1"": ""blocked"", ""2"": ""blocked""}}"
2025-03-27 10:36:12,"{""gw-2"": {""1"": ""blocked"", ""2"": ""blocked""}}"
2025-03-27 10:36:13,"{""gw-2"": {""1"": ""blocked"", ""2"": ""blocked""}}"
2025-03-27 10:36:13,"{""gw-2"": {""1"": ""blocked"", ""2"": ""blocked""}, ""gw-3"": {""1"": ""conflict"", ""2"": ""blocked""}}"
2025-03-27 10:36:17,"{""gw-3"": {""1"": ""blocked"", ""2"": ""blocked""}}"
2025-03-27 10:36:18,"{""gw-1"": {""1"": ""blocked"", ""2"": ""blocked""}}"
2025-03-27 10:36:26,"{""gw-2"": {""1"": ""blocked"", ""2"": ""blocked""}}"
2025-03-27 10:36:28,"{""gw-2"": {""1"": ""blocked"", ""2"": ""blocked""}}"
2025-03-27 10:36:33,"{""gw-1"": {""1"": ""blocked"", ""2"": ""blocked""}}"
2025-03-27 10:36:33,"{""gw-1"": {""1"": ""blocked"", ""2"": ""blocked""}}"
2025-03-27 10:36:42,"{""gw-3"": {""1"": ""conflict"", ""2"": ""blocked""}}"
2025-03-27 10:36:42,"{""gw-1"": {""1"": ""conflict"", ""2"": ""blocked""}}"
2025-03-27 10:36:43,"{""gw-2"": {""1"": ""blocked"", ""2"": ""blocked""}}"
2025-03-27 10:36:48,"{""gw-1"": {""1"": ""blocked"", ""2"": ""blocked""}}"
2025-03-27 10:36:48,"{""gw-2"": {""1"": ""blocked"", ""2"": ""blocked""}}"
2025-03-27 10:36:48,"{""gw-1"": {""1"": ""blocked"", ""2"": ""blocked""}}"
2025-03-27 10:36:49,"{""gw-2"": {""1"": ""blocked"", ""2"": ""blocked""}, ""gw-1"": {""1"": ""blocked"", ""2"": ""blocked""}}"
2025-03-27 10:36:55,"{""gw-2"": {""1"": ""blocked"", ""2"": ""blocked""}}"
2025-03-27 10:37:00,"{""gw-1"": {""1"": ""blocked"", ""2"": ""blocked""}}"
2025-03-27 10:37:00,"{""gw-1"": {""1"": ""blocked"", ""2"": ""blocked""}}"
2025-03-27 10:37:06,"{""gw-2"": {""1"": ""blocked"", ""2"": ""blocked""}}"
2025-03-27 10:37:06,"{""gw-2"": {""1"": ""blocked"", ""2"": ""blocked""}}"
2025-03-27 10:37:09,"{""gw-1"": {""1"": ""blocked"", ""2"": ""blocked""}}"
2025-03-27 10:37:09,"{""gw-1"": {""1"": ""blocked"", ""2"": ""blocked""}}"
2025-03-27 10:37:13,"{""gw-2"": {""1"": ""conflict"", ""2"": ""conflict""}, ""gw-1"": {""1"": ""blocked"", ""2"": ""blocked""}}"
2025-03-27 10:37:15,"{""gw-3"": {""1"": ""conflict"", ""2"": ""blocked""}}"
2025-03-27 10:37:21,"{""gw-1"": {""1"": ""blocked"", ""2"": ""blocked""}}"
2025-03-27 10:37:22,"{""gw-1"": {""1"": ""blocked"", ""2"": ""blocked""}}"
2025-03-27 10:37:23,"{""gw-1"": {""1"": ""blocked"", ""2"": ""blocked""}, ""gw-2"": {""1"": ""blocked"", ""2"": ""blocked""}}"
2025-03-27 10:37:23,"{""gw-2"": {""1"": ""blocked"", ""2"": ""blocked""}}"
2025-03-27 10:37:24,"{""gw-1"": {""1"": ""blocked"", ""2"": ""blocked""}, ""gw-3"": {""1"": ""blocked"", ""2"": ""blocked""}}"
2025-03-27 10:37:24,"{""gw-2"": {""1"": ""blocked"", ""2"": ""blocked""}, ""gw-3"": {""1"": ""blocked"", ""2"": ""blocked""}}"
2025-03-27 10:37:24,"{""gw-3"": {""1"": ""blocked"", ""2"": ""blocked""}}"
2025-03-27 10:37:29,"{""gw-2"": {""1"": ""blocked"", ""2"": ""conflict""}}"
2025-03-27 10:37:30,"{""gw-2"": {""1"": ""conflict"", ""2"": ""blocked""}}"
2025-03-27 10:37:35,"{""gw-3"": {""1"": ""blocked"", ""2"": ""blocked""}}"
2025-03-27 10:37:36,"{""gw-3"": {""1"": ""blocked"", ""2"": ""blocked""}}"
2025-03-27 10:37:39,"{""gw-1"": {""1"": ""blocked"", ""2"": ""blocked""}}"
2025-03-27 10:37:39,"{""gw-2"": {""1"": ""blocked"", ""2"": ""blocked""}}"
2025-03-27 10:37:42,"{""gw-2"": {""1"": ""conflict"", ""2"": ""conflict""}}"
2025-03-27 10:37:43,"{""gw-2"": {""1"": ""conflict"", ""2"": ""blocked""}}"
2025-03-27 10:37:52,"{""gw-2"": {""1"": ""blocked"", ""2"": ""blocked""}}"
2025-03-27 10:38:02,"{""gw-2"": {""1"": ""blocked"", ""2"": ""blocked""}}"
2025-03-27 10:38:02,"{""gw-1"": {""1"": ""blocked"", ""2"": ""blocked""}}"
2025-03-27 10:38:02,"{""gw-2"": {""1"": ""blocked"", ""2"": ""blocked""}}"
2025-03-27 10:38:07,"{""gw-2"": {""1"": ""blocked"", ""2"": ""conflict""}}"
2025-03-27 10:38:07,"{""gw-2"": {""1"": ""conflict"", ""2"": ""conflict""}}"
2025-03-27 10:38:08,"{""gw-1"": {""1"": ""conflict"", ""2"": ""conflict""}, ""gw-2"": {""1"": ""conflict"", ""2"": ""blocked""}}"
2025-03-27 10:38:12,"{""gw-2"": {""1"": ""blocked"", ""2"": ""blocked""}}"
2025-03-27 10:38:13,"{""gw-1"": {""1"": ""blocked"", ""2"": ""blocked""}}"
2025-03-27 10:38:13,"{""gw-2"": {""1"": ""blocked"", ""2"": ""blocked""}}"
2025-03-27 10:38:17,"{""gw-2"": {""1"": ""blocked"", ""2"": ""blocked""}, ""gw-3"": {""1"": ""blocked"", ""2"": ""blocked""}}"
2025-03-27 10:38:23,"{""gw-1"": {""1"": ""conflict"", ""2"": ""blocked""}}"
2025-03-27 10:38:27,"{""gw-1"": {""1"": ""blocked"", ""2"": ""blocked""}}"
2025-03-27 10:38:31,"{""gw-3"": {""1"": ""blocked"", ""2"": ""blocked""}}"
2025-03-27 10:38:35,"{""gw-1"": {""1"": ""conflict"", ""2"": ""blocked""}, ""gw-3"": {""1"": ""blocked"", ""2"": ""blocked""}}"
2025-03-27 10:38:37,"{""gw-2"": {""1"": ""conflict"", ""2"": ""blocked""}, ""gw-3"": {""1"": ""conflict"", ""2"": ""conflict""}}"
2025-03-27 10:38:38,"{""gw-1"": {""1"": ""blocked"", ""2"": ""blocked""}}"
2025-03-27 10:38:38,"{""gw-1"": {""1"": ""blocked"", ""2"": ""blocked""}}"
2025-03-27 10:38:41,"{""gw-1"": {""1"": ""blocked"", ""2"": ""blocked""}}"
2025-03-27 10:38:46,"{""gw-1"": {""1"": ""blocked"", ""2"": ""conflict""}, ""gw-2"": {""1"": ""blocked"", ""2"": ""blocked""}}"
2025-03-27 10:38:48,"{""gw-3"": {""1"": ""blocked"", ""2"": ""blocked""}}"
2025-03-27 10:38:53,"{""gw-1"": {""1"": ""blocked"", ""2"": ""blocked""}}"
2025-03-27 10:38:55,"{""gw-2"": {""1"": ""blocked"", ""2"": ""blocked""}}"
2025-03-27 10:38:55,"{""gw-3"": {""1"": ""blocked"", ""2"": ""blocked""}, ""gw-2"": {""1"": ""blocked"", ""2"": ""blocked""}}"
2025-03-27 10:38:57,"{""gw-2"": {""1"": ""blocked"", ""2"": ""blocked""}}"
2025-03-27 10:39:12,"{""gw-3"": {""1"": ""blocked"", ""2"": ""blocked""}, ""gw-1"": {""1"": ""conflict"", ""2"": ""conflict""}}"
2025-03-27 10:39:13,"{""gw-3"": {""1"": ""blocked"", ""2"": ""blocked""}, ""gw-2"": {""1"": ""blocked"", ""2"": ""conflict""}}"
2025-03-27 10:39:13,"{""gw-3"": {""1"": ""blocked"", ""2"": ""blocked""}, ""gw-2"": {""1"": ""blocked"", ""2"": ""conflict""}}"
2025-03-27 10:39:13,"{""gw-3"": {""1"": ""blocked"", ""2"": ""blocked""}, ""gw-2"": {""1"": ""blocked"", ""2"": ""conflict""}}"
2025-03-27 10:39:18,"{""gw-2"": {""1"": ""blocked"", ""2"": ""blocked""}}"
2025-03-27 10:39:23,"{""gw-2"": {""1"": ""blocked"", ""2"": ""blocked""}}"
2025-03-27 10:39:29,"{""gw-1"": {""1"": ""blocked"", ""2"": ""conflict""}}"
2025-03-27 10:39:30,"{""gw-1"": {""1"": ""conflict"", ""2"": ""blocked""}}"
2025-03-27 10:39:34,"{""gw-1"": {""1"": ""blocked"", ""2"": ""blocked""}}"
2025-03-27 10:39:34,"{""gw-2"": {""1"": ""blocked"", ""2"": ""blocked""}}"
2025-03-27 10:39:36,"{""gw-1"": {""1"": ""blocked"", ""2"": ""blocked""}}"
2025-03-27 10:39:53,"{""gw-1"": {""1"": ""blocked"", ""2"": ""conflict""}}"
2025-03-27 10:39:54,"{""gw-1"": {""1"": ""blocked"", ""2"": ""conflict""}, ""gw-2"": {""1"": ""blocked"", ""2"": ""blocked""}}"
2025-03-27 10:39:55,"{""gw-3"": {""1"": ""blocked"", ""2"": ""blocked""}, ""gw-1"": {""1"": ""conflict"", ""2"": ""blocked""}}"
2025-03-27 10:39:55,"{""gw-3"": {""1"": ""blocked"", ""2"": ""blocked""}, ""gw-2"": {""1"": ""blocked"", ""2"": ""blocked""}}"
2025-03-27 10:39:55,"{""gw-2"": {""1"": ""blocked"", ""2"": ""blocked""}}"
2025-03-27 10:39:57,"{""gw-1"": {""1"": ""blocked"", ""2"": ""blocked""}}"
2025-03-27 10:39:57,"{""gw-2"": {""1"": ""blocked"", ""2"": ""blocked""}}"
2025-03-27 10:39:58,"{""gw-1"": {""1"": ""blocked"", ""2"": ""blocked""}}"
2025-03-27 10:40:07,"{""gw-2"": {""1"": ""blocked"", ""2"": ""blocked""}}"
2025-03-27 10:40:09,"{""gw-1"": {""1"": ""blocked"", ""2"": ""blocked""}, ""gw-3"": {""1"": ""blocked"", ""2"": ""blocked""}}"
2025-03-27 10:40:10,"{""gw-2"": {""1"": ""blocked"", ""2"": ""blocked""}}"
2025-03-27 10:40:10,"{""gw-2"": {""1"": ""blocked"", ""2"": ""blocked""}}"
2025-03-27 10:40:11,"{""gw-3"": {""1"": ""blocked"", ""2"": ""blocked""}, ""gw-2"": {""1"": ""blocked"", ""2"": ""blocked""}}"
2025-03-27 10:40:12,"{""gw-3"": {""1"": ""blocked"", ""2"": ""blocked""}}"
2025-03-27 10:40:20,"{""gw-2"": {""1"": ""blocked"", ""2"": ""blocked""}, ""gw-3"": {""1"": ""conflict"", ""2"": ""blocked""}}"
2025-03-27 10:40:22,"{""gw-2"": {""1"": ""blocked"", ""2"": ""blocked""}, ""gw-1"": {""1"": ""blocked"", ""2"": ""conflict""}}"
2025-03-27 10:40:29,"{""gw-2"": {""1"": ""blocked"", ""2"": ""blocked""}}"
2025-03-27 10:40:31,"{""gw-1"": {""1"": ""blocked"", ""2"": ""blocked""}}"
2025-03-27 10:40:32,"{""gw-2"": {""1"": ""blocked"", ""2"": ""blocked""}}"
2025-03-27 10:40:37,"{""gw-2"": {""1"": ""blocked"", ""2"": ""blocked""}}"
2025-03-27 10:40:37,"{""gw-3"": {""1"": ""blocked"", ""2"": ""conflict""}}"
2025-03-27 10:40:40,"{""gw-1"": {""1"": ""blocked"", ""2"": ""conflict""}}"
2025-03-27 10:40:40,"{""gw-1"": {""1"": ""blocked"", ""2"": ""conflict""}}"
2025-03-27 10:40:42,"{""gw-3"": {""1"": ""blocked"", ""2"": ""blocked""}}"
2025-03-27 10:40:46,"{""gw-1"": {""1"": ""blocked"", ""2"": ""blocked""}}"
2025-03-27 10:40:46,"{""gw-2"": {""1"": ""blocked"", ""2"": ""blocked""}}"
2025-03-27 10:40:46,"{""gw-3"": {""1"": ""blocked"", ""2"": ""blocked""}, ""gw-1"": {""1"": ""blocked"", ""2"": ""blocked""}}"
2025-03-27 10:40:46,"{""gw-3"": {""1"": ""blocked"", ""2"": ""blocked""}, ""gw-2"": {""1"": ""blocked"", ""2"": ""blocked""}}"
2025-03-27 10:40:46,"{""gw-3"": {""1"": ""blocked"", ""2"": ""blocked""}, ""gw-2"": {""1"": ""blocked"", ""2"": ""blocked""}}"
2025-03-27 10:40:47,"{""gw-1"": {""1"": ""blocked"", ""2"": ""blocked""}, ""gw-3"": {""1"": ""blocked"", ""2"": ""blocked""}}"
2025-03-27 10:40:48,"{""gw-2"": {""1"": ""blocked"", ""2"": ""blocked""}}"
2025-03-27 10:40:49,"{""gw-1"": {""1"": ""blocked"", ""2"": ""blocked""}}"
2025-03-27 10:40:49,"{""gw-2"": {""1"": ""blocked"", ""2"": ""blocked""}}"
2025-03-27 10:40:50,"{""gw-2"": {""1"": ""blocked"", ""2"": ""blocked""}}"
2025-03-27 10:40:52,"{""gw-3"": {""1"": ""conflict"", ""2"": ""blocked""}, ""gw-2"": {""1"": ""blocked"", ""2"": ""conflict""}}"
2025-03-27 10:40:57,"{""gw-2"": {""1"": ""blocked"", ""2"": ""blocked""}}"
2025-03-27 10:40:59,"{""gw-2"": {""1"": ""blocked"", ""2"": ""blocked""}}"
2025-03-27 10:40:59,"{""gw-2"": {""1"": ""blocked"", ""2"": ""blocked""}}"
2025-03-27 10:40:59,"{""gw-3"": {""1"": ""blocked"", ""2"": ""blocked""}}"
2025-03-27 10:41:00,"{""gw-3"": {""1"": ""blocked"", ""2"": ""blocked""}, ""gw-2"": {""1"": ""blocked"", ""2"": ""blocked""}}"
2025-03-27 10:41:02,"{""gw-1"": {""1"": ""blocked"", ""2"": ""blocked""}, ""gw-2"": {""1"": ""blocked"", ""2"": ""blocked""}}"
2025-03-27 10:41:04,"{""gw-3"": {""1"": ""conflict"", ""2"": ""blocked""}}"
2025-03-27 10:41:05,"{""gw-2"": {""1"": ""blocked"", ""2"": ""conflict""}}"
2025-03-27 10:41:07,"{""gw-1"": {""1"": ""blocked"", ""2"": ""blocked""}}"
2025-03-27 10:41:08,"{""gw-3"": {""1"": ""blocked"", ""2"": ""blocked""}, ""gw-1"": {""1"": ""blocked"", ""2"": ""blocked""}}"
2025-03-27 10:41:08,"{""gw-1"": {""1"": ""blocked"", ""2"": ""blocked""}, ""gw-3"": {""1"": ""blocked"", ""2"": ""blocked""}}"
2025-03-27 10:41:10,"{""gw-2"": {""1"": ""blocked"", ""2"": ""blocked""}, ""gw-3"": {""1"": ""blocked"", ""2"": ""blocked""}}"
2025-03-27 10:41:14,"{""gw-2"": {""1"": ""blocked"", ""2"": ""blocked""}}"
2025-03-27 10:41:18,"{""gw-3"": {""1"": ""blocked"", ""2"": ""conflict""}}"
2025-03-27 10:41:22,"{""gw-1"": {""1"": ""blocked"", ""2"": ""blocked""}, ""gw-3"": {""1"": ""blocked"", ""2"": ""blocked""}}"
2025-03-27 10:41:25,"{""gw-3"": {""1"": ""blocked"", ""2"": ""blocked""}, ""gw-2"": {""1"": ""blocked"", ""2"": ""conflict""}}"
2025-03-27 10:41:31,"{""gw-2"": {""1"": ""blocked"", ""2"": ""blocked""}}"
2025-03-27 10:41:33,"{""gw-2"": {""1"": ""blocked"", ""2"": ""blocked""}}"
2025-03-27 10:41:34,"{""gw-2"": {""1"": ""blocked"", ""2"": ""blocked""}}"
2025-03-27 10:41:44,"{""gw-1"": {""1"": ""blocked"", ""2"": ""blocked""}}"
2025-03-27 10:41:45,"{""gw-1"": {""1"": ""blocked"", ""2"": ""blocked""}}"
2025-03-27 10:41:49,"{""gw-2"": {""1"": ""conflict"", ""2"": ""conflict""}}"
2025-03-27 10:41:50,"{""gw-1"": {""1"": ""blocked"", ""2"": ""blocked""}, ""gw-3"": {""1"": ""conflict"", ""2"": ""blocked""}}"
2025-03-27 10:41:50,"{""gw-2"": {""1"": ""conflict"", ""2"": ""blocked""}}"
2025-03-27 10:41:50,"{""gw-1"": {""1"": ""blocked"", ""2"": ""blocked""}}"
2025-03-27 10:41:54,"{""gw-3"": {""1"": ""blocked"", ""2"": ""blocked""}, ""gw-2"": {""1"": ""blocked"", ""2"": ""blocked""}}"
2025-03-27 10:41:55,"{""gw-3"": {""1"": ""blocked"", ""2"": ""blocked""}}"
2025-03-27 10:41:57,"{""gw-2"": {""1"": ""blocked"", ""2"": ""blocked""}}"
2025-03-27 10:42:04,"{""gw-3"": {""1"": ""conflict"", ""2"": ""blocked""}}"
2025-03-27 10:42:09,"{""gw-2"": {""1"": ""blocked"", ""2"": ""blocked""}}"
2025-03-27 10:42:09,"{""gw-2"": {""1"": ""blocked"", ""2"": ""blocked""}}"
2025-03-27 10:42:09,"{""gw-2"": {""1"": ""blocked"", ""2"": ""blocked""}, ""gw-3"": {""1"": ""blocked"", ""2"": ""blocked""}}"
2025-03-27 10:42:10,"{""gw-2"": {""1"": ""blocked"", ""2"": ""blocked""}}"
2025-03-27 10:42:10,"{""gw-3"": {""1"": ""blocked"", ""2"": ""blocked""}}"
2025-03-27 10:42:11,"{""gw-2"": {""1"": ""blocked"", ""2"": ""blocked""}, ""gw-3"": {""1"": ""blocked"", ""2"": ""blocked""}}"
2025-03-27 10:42:17,"{""gw-1"": {""1"": ""blocked"", ""2"": ""blocked""}}"
2025-03-27 10:42:17,"{""gw-1"": {""1"": ""blocked"", ""2"": ""blocked""}, ""gw-2"": {""1"": ""blocked"", ""2"": ""blocked""}}"
2025-03-27 10:42:23,"{""gw-3"": {""1"": ""blocked"", ""2"": ""blocked""}, ""gw-2"": {""1"": ""blocked"", ""2"": ""blocked""}}"
2025-03-27 10:42:26,"{""gw-3"": {""1"": ""blocked"", ""2"": ""blocked""}}"
2025-03-27 10:42:29,"{""gw-1"": {""1"": ""blocked"", ""2"": ""conflict""}}"
2025-03-27 10:42:33,"{""gw-1"": {""1"": ""blocked"", ""2"": ""blocked""}}"
2025-03-27 10:42:33,"{""gw-1"": {""1"": ""blocked"", ""2"": ""blocked""}, ""gw-2"": {""1"": ""blocked"", ""2"": ""blocked""}, ""gw-3"": {""1"": ""blocked"", ""2"": ""conflict""}}"
2025-03-27 10:42:35,"{""gw-1"": {""1"": ""blocked"", ""2"": ""blocked""}, ""gw-2"": {""1"": ""blocked"", ""2"": ""blocked""}}"
2025-03-27 10:42:36,"{""gw-2"": {""1"": ""blocked"", ""2"": ""blocked""}, ""gw-1"": {""1"": ""blocked"", ""2"": ""blocked""}}"
2025-03-27 10:42:37,"{""gw-1"": {""1"": ""blocked"", ""2"": ""blocked""}}"
2025-03-27 10:42:39,"{""gw-1"": {""1"": ""blocked"", ""2"": ""blocked""}}"
2025-03-27 10:42:39,"{""gw-1"": {""1"": ""blocked"", ""2"": ""blocked""}}"
2025-03-27 10:42:39,"{""gw-3"": {""1"": ""blocked"", ""2"": ""blocked""}}"
2025-03-27 10:42:40,"{""gw-3"": {""1"": ""blocked"", ""2"": ""blocked""}}"
2025-03-27 10:42:44,"{""gw-3"": {""1"": ""blocked"", ""2"": ""blocked""}}"
2025-03-27 10:42:46,"{""gw-3"": {""1"": ""blocked"", ""2"": ""conflict""}}"
2025-03-27 10:42:46,"{""gw-3"": {""1"": ""blocked"", ""2"": ""conflict""}}"
2025-03-27 10:42:47,"{""gw-2"": {""1"": ""blocked"", ""2"": ""blocked""}, ""gw-3"": {""1"": ""conflict"", ""2"": ""blocked""}}"
2025-03-27 10:42:48,"{""gw-2"": {""1"": ""blocked"", ""2"": ""blocked""}}"
2025-03-27 10:42:50,"{""gw-2"": {""1"": ""blocked"", ""2"": ""blocked""}}"
2025-03-27 10:42:50,"{""gw-1"": {""1"": ""blocked"", ""2"": ""blocked""}, ""gw-2"": {""1"": ""blocked"", ""2"": ""blocked""}}"
2025-03-27 10:42:50,"{""gw-1"": {""1"": ""blocked"", ""2"": ""blocked""}}"
2025-03-27 10:42:53,"{""gw-3"": {""1"": ""blocked"", ""2"": ""blocked""}}"
2025-03-27 10:42:55,"{""gw-1"": {""1"": ""blocked"", ""2"": ""blocked""}}"
2025-03-27 10:43:02,"{""gw-2"": {""1"": ""blocked"", ""2"": ""conflict""}}"
2025-03-27 10:43:07,"{""gw-1"": {""1"": ""blocked"", ""2"": ""blocked""}}"
2025-03-27 10:43:10,"{""gw-2"": {""1"": ""blocked"", ""2"": ""blocked""}}"
2025-03-27 10:43:12,"{""gw-1"": {""1"": ""blocked"", ""2"": ""conflict""}, ""gw-3"": {""1"": ""conflict"", ""2"": ""conflict""}}"
2025-03-27 10:43:14,"{""gw-2"": {""1"": ""blocked"", ""2"": ""conflict""}}"
2025-03-27 10:43:18,"{""gw-2"": {""1"": ""blocked"", ""2"": ""blocked""}, ""gw-1"": {""1"": ""blocked"", ""2"": ""blocked""}}"
2025-03-27 10:43:19,"{""gw-2"": {""1"": ""blocked"", ""2"": ""blocked""}, ""gw-1"": {""1"": ""blocked"", ""2"": ""blocked""}}"
2025-03-27 10:43:20,"{""gw-2"": {""1"": ""blocked"", ""2"": ""blocked""}, ""gw-1"": {""1"": ""blocked"", ""2"": ""blocked""}}"
2025-03-27 10:43:22,"{""gw-3"": {""1"": ""blocked"", ""2"": ""blocked""}}"
2025-03-27 10:43:34,"{""gw-3"": {""1"": ""blocked"", ""2"": ""blocked""}, ""gw-2"": {""1"": ""blocked"", ""2"": ""blocked""}}"
2025-03-27 10:43:35,"{""gw-2"": {""1"": ""blocked"", ""2"": ""blocked""}, ""gw-3"": {""1"": ""blocked"", ""2"": ""blocked""}}"
2025-03-27 10:43:35,"{""gw-2"": {""1"": ""blocked"", ""2"": ""blocked""}}"
2025-03-27 10:43:36,"{""gw-3"": {""1"": ""blocked"", ""2"": ""blocked""}}"
2025-03-27 10:43:36,"{""gw-3"": {""1"": ""blocked"", ""2"": ""blocked""}, ""gw-2"": {""1"": ""blocked"", ""2"": ""blocked""}}"
2025-03-27 10:43:45,"{""gw-1"": {""1"": ""blocked"", ""2"": ""blocked""}}"
2025-03-27 10:43:52,"{""gw-1"": {""1"": ""blocked"", ""2"": ""blocked""}}"
2025-03-27 10:43:57,"{""gw-2"": {""1"": ""conflict"", ""2"": ""blocked""}}"
2025-03-27 10:44:00,"{""gw-3"": {""1"": ""blocked"", ""2"": ""blocked""}}"
2025-03-27 10:44:04,"{""gw-3"": {""1"": ""blocked"", ""2"": ""blocked""}}"
2025-03-27 10:44:07,"{""gw-2"": {""1"": ""blocked"", ""2"": ""blocked""}, ""gw-1"": {""1"": ""conflict"", ""2"": ""blocked""}}"
2025-03-27 10:44:09,"{""gw-3"": {""1"": ""conflict"", ""2"": ""conflict""}}"
2025-03-27 10:44:11,"{""gw-2"": {""1"": ""conflict"", ""2"": ""blocked""}}"
2025-03-27 10:44:12,"{""gw-1"": {""1"": ""blocked"", ""2"": ""blocked""}}"
2025-03-27 10:44:12,"{""gw-1"": {""1"": ""blocked"", ""2"": ""blocked""}}"
2025-03-27 10:44:17,"{""gw-3"": {""1"": ""blocked"", ""2"": ""conflict""}}"
2025-03-27 10:44:19,"{""gw-2"": {""1"": ""blocked"", ""2"": ""blocked""}}"
2025-03-27 10:44:19,"{""gw-2"": {""1"": ""blocked"", ""2"": ""blocked""}}"
2025-03-27 10:44:21,"{""gw-3"": {""1"": ""blocked"", ""2"": ""blocked""}}"
2025-03-27 10:44:22,"{""gw-1"": {""1"": ""blocked"", ""2"": ""blocked""}}"
2025-03-27 10:44:37,"{""gw-3"": {""1"": ""blocked"", ""2"": ""blocked""}, ""gw-1"": {""1"": ""conflict"", ""2"": ""conflict""}, ""gw-2"": {""1"": ""blocked"", ""2"": ""conflict""}}"
2025-03-27 10:44:40,"{""gw-3"": {""1"": ""blocked"", ""2"": ""blocked""}}"
2025-03-27 10:44:40,"{""gw-3"": {""1"": ""blocked"", ""2"": ""blocked""}, ""gw-1"": {""1"": ""blocked"", ""2"": ""blocked""}}"
2025-03-27 10:44:42,"{""gw-1"": {""1"": ""blocked"", ""2"": ""blocked""}, ""gw-3"": {""1"": ""blocked"", ""2"": ""blocked""}, ""gw-2"": {""1"": ""blocked"", ""2"": ""blocked""}}"
2025-03-27 10:44:44,"{""gw-1"": {""1"": ""blocked"", ""2"": ""blocked""}}"
2025-03-27 10:44:45,"{""gw-2"": {""1"": ""blocked"", ""2"": ""blocked""}, ""gw-3"": {""1"": ""blocked"", ""2"": ""conflict""}}"
2025-03-27 10:44:45,"{""gw-2"": {""1"": ""blocked"", ""2"": ""blocked""}, ""gw-3"": {""1"": ""blocked"", ""2"": ""conflict""}, ""gw-1"": {""1"": ""blocked"", ""2"": ""blocked""}}"
2025-03-27 10:44:48,"{""gw-1"": {""1"": ""blocked"", ""2"": ""blocked""}}"
2025-03-27 10:44:53,"{""gw-3"": {""1"": ""blocked"", ""2"": ""blocked""}}"
2025-03-27 10:44:54,"{""gw-1"": {""1"": ""conflict"", ""2"": ""blocked""}, ""gw-3"": {""1"": ""blocked"", ""2"": ""blocked""}}"
2025-03-27 10:44:54,"{""gw-3"": {""1"": ""blocked"", ""2"": ""blocked""}, ""gw-1"": {""1"": ""conflict"", ""2"": ""blocked""}}"
2025-03-27 10:44:57,"{""gw-1"": {""1"": ""blocked"", ""2"": ""blocked""}}"
2025-03-27 10:44:59,"{""gw-1"": {""1"": ""blocked"", ""2"": ""blocked""}, ""gw-2"": {""1"": ""blocked"", ""2"": ""blocked""}}"
2025-03-27 10:45:00,"{""gw-1"": {""1"": ""blocked"", ""2"": ""blocked""}}"
2025-03-27 10:45:01,"{""gw-1"": {""1"": ""blocked"", ""2"": ""blocked""}}"
2025-03-27 10:45:03,"{""gw-2"": {""1"": ""blocked"", ""2"": ""blocked""}}"
2025-03-27 10:45:10,"{""gw-2"": {""1"": ""blocked"", ""2"": ""blocked""}, ""gw-3"": {""1"": ""blocked"", ""2"": ""blocked""}}"
2025-03-27 10:45:11,"{""gw-1"": {""1"": ""conflict"", ""2"": ""blocked""}, ""gw-3"": {""1"": ""blocked"", ""2"": ""blocked""}, ""gw-2"": {""1"": ""blocked"", ""2"": ""blocked""}}"
2025-03-27 10:45:13,"{""gw-2"": {""1"": ""blocked"", ""2"": ""blocked""}}"
2025-03-27 10:45:14,"{""gw-1"": {""1"": ""blocked"", ""2"": ""blocked""}}"
2025-03-27 10:45:16,"{""gw-1"": {""1"": ""blocked"", ""2"": ""blocked""}}"
2025-03-27 10:45:16,"{""gw-1"": {""1"": ""blocked"", ""2"": ""blocked""}}"
2025-03-27 10:45:17,"{""gw-1"": {""1"": ""blocked"", ""2"": ""blocked""}, ""gw-3"": {""1"": ""conflict"", ""2"": ""blocked""}}"
2025-03-27 10:45:17,"{""gw-2"": {""1"": ""blocked"", ""2"": ""blocked""}}"
2025-03-27 10:45:21,"{""gw-3"": {""1"": ""blocked"", ""2"": ""blocked""}, ""gw-1"": {""1"": ""blocked"", ""2"": ""blocked""}}"
2025-03-27 10:45:24,"{""gw-3"": {""1"": ""blocked"", ""2"": ""blocked""}, ""gw-1"": {""1"": ""conflict"", ""2"": ""blocked""}}"
2025-03-27 10:45:29,"{""gw-2"": {""1"": ""blocked"", ""2"": ""blocked""}, ""gw-3"": {""1"": ""blocked"", ""2"": ""conflict""}}"
2025-03-27 10:45:29,"{""gw-1"": {""1"": ""blocked"", ""2"": ""blocked""}}"
2025-03-27 10:45:31,"{""gw-2"": {""1"": ""blocked"", ""2"": ""conflict""}}"
2025-03-27 10:45:31,"{""gw-2"": {""1"": ""conflict"", ""2"": ""conflict""}, ""gw-1"": {""1"": ""blocked"", ""2"": ""blocked""}}"
2025-03-27 10:45:33,"{""gw-1"": {""1"": ""blocked"", ""2"": ""blocked""}}"
2025-03-27 10:45:37,"{""gw-2"": {""1"": ""blocked"", ""2"": ""blocked""}}"
2025-03-27 10:45:38,"{""gw-2"": {""1"": ""blocked"", ""2"": ""blocked""}}"
2025-03-27 10:45:42,"{""gw-2"": {""1"": ""blocked"", ""2"": ""blocked""}, ""gw-3"": {""1"": ""conflict"", ""2"": ""conflict""}}"
2025-03-27 10:45:44,"{""gw-3"": {""1"": ""blocked"", ""2"": ""blocked""}}"
2025-03-27 10:45:46,"{""gw-3"": {""1"": ""blocked"", ""2"": ""blocked""}}"
2025-03-27 10:46:03,"{""gw-1"": {""1"": ""blocked"", ""2"": ""blocked""}, ""gw-2"": {""1"": ""conflict"", ""2"": ""conflict""}}"
2025-03-27 10:46:03,"{""gw-1"": {""1"": ""blocked"", ""2"": ""blocked""}}"
2025-03-27 10:46:03,"{""gw-3"": {""1"": ""blocked"", ""2"": ""blocked""}, ""gw-2"": {""1"": ""conflict"", ""2"": ""blocked""}}"
2025-03-27 10:46:09,"{""gw-3"": {""1"": ""conflict"", ""2"": ""blocked""}, ""gw-2"": {""1"": ""blocked"", ""2"": ""blocked""}}"
2025-03-27 10:46:14,"{""gw-1"": {""1"": ""blocked"", ""2"": ""blocked""}, ""gw-3"": {""1"": ""blocked"", ""2"": ""conflict""}}"
2025-03-27 10:46:17,"{""gw-1"": {""1"": ""blocked"", ""2"": ""blocked""}}"
2025-03-27 10:46:20,"{""gw-1"": {""1"": ""blocked"", ""2"": ""blocked""}, ""gw-2"": {""1"": ""conflict"", ""2"": ""conflict""}}"
2025-03-27 10:46:28,"{""gw-3"": {""1"": ""blocked"", ""2"": ""conflict""}}"
2025-03-27 10:46:31,"{""gw-1"": {""1"": ""blocked"", ""2"": ""blocked""}}"
2025-03-27 10:46:35,"{""gw-1"": {""1"": ""blocked"", ""2"": ""blocked""}}"
2025-03-27 10:46:35,"{""gw-3"": {""1"": ""blocked"", ""2"": ""blocked""}}"
2025-03-27 10:46:36,"{""gw-3"": {""1"": ""blocked"", ""2"": ""blocked""}, ""gw-2"": {""1"": ""blocked"", ""2"": ""blocked""}}"
2025-03-27 10:46:37,"{""gw-3"": {""1"": ""blocked"", ""2"": ""blocked""}}"
2025-03-27 10:46:50,"{""gw-1"": {""1"": ""blocked"", ""2"": ""blocked""}}"
2025-03-27 10:46:52,"{""gw-1"": {""1"": ""blocked"", ""2"": ""blocked""}}"
2025-03-27 10:46:52,"{""gw-3"": {""1"": ""blocked"", ""2"": ""blocked""}}"
2025-03-27 10:46:54,"{""gw-1"": {""1"": ""blocked"", ""2"": ""blocked""}}"
2025-03-27 10:46:55,"{""gw-1"": {""1"": ""blocked"", ""2"": ""blocked""}}"
2025-03-27 10:47:06,"{""gw-3"": {""1"": ""conflict"", ""2"": ""conflict""}}"
2025-03-27 10:47:09,"{""gw-1"": {""1"": ""blocked"", ""2"": ""conflict""}}"
2025-03-27 10:47:09,"{""gw-2"": {""1"": ""blocked"", ""2"": ""blocked""}}"
2025-03-27 10:47:12,"{""gw-2"": {""1"": ""conflict"", ""2"": ""conflict""}}"
2025-03-27 10:47:13,"{""gw-3"": {""1"": ""blocked"", ""2"": ""blocked""}}"
2025-03-27 10:47:19,"{""gw-1"": {""1"": ""blocked"", ""2"": ""blocked""}}"
2025-03-27 10:47:24,"{""gw-1"": {""1"": ""conflict"", ""2"": ""blocked""}, ""gw-3"": {""1"": ""conflict"", ""2"": ""blocked""}}"
2025-03-27 10:47:33,"{""gw-1"": {""1"": ""blocked"", ""2"": ""blocked""}}"
2025-03-27 10:47:40,"{""gw-2"": {""1"": ""blocked"", ""2"": ""conflict""}, ""gw-1"": {""1"": ""blocked"", ""2"": ""blocked""}}"
2025-03-27 10:47:42,"{""gw-3"": {""1"": ""blocked"", ""2"": ""blocked""}, ""gw-1"": {""1"": ""blocked"", ""2"": ""blocked""}}"
2025-03-27 10:47:43,"{""gw-3"": {""1"": ""blocked"", ""2"": ""blocked""}}"
2025-03-27 10:47:44,"{""gw-1"": {""1"": ""blocked"", ""2"": ""blocked""}}"
2025-03-27 10:47:45,"{""gw-3"": {""1"": ""blocked"", ""2"": ""blocked""}}"
2025-03-27 10:47:47,"{""gw-1"": {""1"": ""blocked"", ""2"": ""blocked""}}"
2025-03-27 10:47:58,"{""gw-1"": {""1"": ""conflict"", ""2"": ""blocked""}, ""gw-2"": {""1"": ""conflict"", ""2"": ""conflict""}}"
2025-03-27 10:48:04,"{""gw-1"": {""1"": ""blocked"", ""2"": ""conflict""}}"
2025-03-27 10:48:10,"{""gw-1"": {""1"": ""blocked"", ""2"": ""blocked""}}"
2025-03-27 10:48:10,"{""gw-1"": {""1"": ""blocked"", ""2"": ""blocked""}}"
2025-03-27 10:48:17,"{""gw-3"": {""1"": ""blocked"", ""2"": ""blocked""}}"
2025-03-27 10:48:23,"{""gw-3"": {""1"": ""conflict"", ""2"": ""blocked""}}"
2025-03-27 10:48:30,"{""gw-3"": {""1"": ""blocked"", ""2"": ""blocked""}}"
2025-03-27 10:48:38,"{""gw-2"": {""1"": ""conflict"", ""2"": ""conflict""}}"
2025-03-27 10:48:42,"{""gw-3"": {""1"": ""blocked"", ""2"": ""blocked""}, ""gw-2"": {""1"": ""blocked"", ""2"": ""blocked""}}"
2025-03-27 10:48:44,"{""gw-2"": {""1"": ""blocked"", ""2"": ""blocked""}}"
2025-03-27 10:48:54,"{""gw-3"": {""1"": ""conflict"", ""2"": ""conflict""}}"
2025-03-27 10:48:55,"{""gw-3"": {""1"": ""conflict"", ""2"": ""blocked""}}"
2025-03-27 10:48:57,"{""gw-2"": {""1"": ""blocked"", ""2"": ""blocked""}, ""gw-3"": {""1"": ""blocked"", ""2"": ""blocked""}}"
2025-03-27 10:48:58,"{""gw-2"": {""1"": ""blocked"", ""2"": ""blocked""}}"
2025-03-27 10:49:03,"{""gw-2"": {""1"": ""blocked"", ""2"": ""blocked""}, ""gw-3"": {""1"": ""blocked"", ""2"": ""blocked""}}"
2025-03-27 10:49:08,"{""gw-1"": {""1"": ""blocked"", ""2"": ""blocked""}, ""gw-3"": {""1"": ""blocked"", ""2"": ""conflict""}}"
2025-03-27 10:49:08,"{""gw-3"": {""1"": ""conflict"", ""2"": ""conflict""}}"
2025-03-27 10:49:10,"{""gw-1"": {""1"": ""blocked"", ""2"": ""blocked""}}"
2025-03-27 10:49:11,"{""gw-1"": {""1"": ""blocked"", ""2"": ""blocked""}, ""gw-2"": {""1"": ""blocked"", ""2"": ""blocked""}}"
2025-03-27 10:49:13,"{""gw-1"": {""1"": ""blocked"", ""2"": ""conflict""}}"
2025-03-27 10:49:14,"{""gw-2"": {""1"": ""blocked"", ""2"": ""blocked""}}"
2025-03-27 10:49:14,"{""gw-1"": {""1"": ""conflict"", ""2"": ""blocked""}}"
2025-03-27 10:49:17,"{""gw-3"": {""1"": ""blocked"", ""2"": ""blocked""}, ""gw-2"": {""1"": ""blocked"", ""2"": ""blocked""}, ""gw-1"": {""1"": ""blocked"", ""2"": ""blocked""}}"
2025-03-27 10:49:17,"{""gw-3"": {""1"": ""blocked"", ""2"": ""blocked""}, ""gw-1"": {""1"": ""blocked"", ""2"": ""blocked""}}"
2025-03-27 10:49:23,"{""gw-1"": {""1"": ""blocked"", ""2"": ""blocked""}}"
2025-03-27 10:49:23,"{""gw-1"": {""1"": ""blocked"", ""2"": ""blocked""}}"
2025-03-27 10:49:28,"{""gw-1"": {""1"": ""blocked"", ""2"": ""conflict""}}"
2025-03-27 10:49:34,"{""gw-2"": {""1"": ""conflict"", ""2"": ""blocked""}}"
2025-03-27 10:49:38,"{""gw-2"": {""1"": ""blocked"", ""2"": ""blocked""}, ""gw-3"": {""1"": ""conflict"", ""2"": ""conflict""}}"
2025-03-27 10:49:40,"{""gw-3"": {""1"": ""blocked"", ""2"": ""blocked""}}"
2025-03-27 10:49:43,"{""gw-2"": {""1"": ""blocked"", ""2"": ""blocked""}, ""gw-1"": {""1"": ""blocked"", ""2"": ""blocked""}}"
2025-03-27 10:49:44,"{""gw-1"": {""1"": ""blocked"", ""2"": ""blocked""}}"
2025-03-27 10:49:45,"{""gw-1"": {""1"": ""blocked"", ""2"": ""blocked""}}"
2025-03-27 10:49:50,"{""gw-2"": {""1"": ""blocked"", ""2"": ""conflict""}}"
2025-03-27 10:49:53,"{""gw-3"": {""1"": ""blocked"", ""2"": ""conflict""}}"
2025-03-27 10:49:53,"{""gw-3"": {""1"": ""conflict"", ""2"": ""blocked""}}"
2025-03-27 10:49:55,"{""gw-1"": {""1"": ""conflict"", ""2"": ""conflict""}, ""gw-3"": {""1"": ""blocked"", ""2"": ""blocked""}}"
2025-03-27 10:49:57,"{""gw-2"": {""1"": ""blocked"", ""2"": ""blocked""}}"
2025-03-27 10:49:59,"{""gw-1"": {""1"": ""blocked"", ""2"": ""blocked""}, ""gw-2"": {""1"": ""blocked"", ""2"": ""blocked""}, ""gw-3"": {""1"": ""blocked"", ""2"": ""blocked""}}"
2025-03-27 10:49:59,"{""gw-2"": {""1"": ""blocked"", ""2"": ""blocked""}}"
2025-03-27 10:50:00,"{""gw-3"": {""1"": ""blocked"", ""2"": ""blocked""}, ""gw-1"": {""1"": ""blocked"", ""2"": ""blocked""}}"
2025-03-27 10:50:00,"{""gw-2"": {""1"": ""blocked"", ""2"": ""blocked""}}"
2025-03-27 10:50:00,"{""gw-2"": {""1"": ""blocked"", ""2"": ""blocked""}}"
2025-03-27 10:50:01,"{""gw-3"": {""1"": ""blocked"", ""2"": ""blocked""}}"
2025-03-27 10:50:02,"{""gw-1"": {""1"": ""blocked"", ""2"": ""blocked""}, ""gw-2"": {""1"": ""conflict"", ""2"": ""conflict""}}"
2025-03-27 10:50:09,"{""gw-3"": {""1"": ""blocked"", ""2"": ""blocked""}, ""gw-2"": {""1"": ""blocked"", ""2"": ""blocked""}}"
2025-03-27 10:50:10,"{""gw-3"": {""1"": ""blocked"", ""2"": ""blocked""}}"
2025-03-27 10:50:14,"{""gw-3"": {""1"": ""blocked"", ""2"": ""blocked""}}"
2025-03-27 10:50:19,"{""gw-3"": {""1"": ""blocked"", ""2"": ""conflict""}}"
2025-03-27 10:50:20,"{""gw-2"": {""1"": ""blocked"", ""2"": ""blocked""}}"
2025-03-27 10:50:23,"{""gw-2"": {""1"": ""blocked"", ""2"": ""blocked""}}"
2025-03-27 10:50:25,"{""gw-2"": {""1"": ""blocked"", ""2"": ""blocked""}, ""gw-1"": {""1"": ""blocked"", ""2"": ""blocked""}}"
2025-03-27 10:50:27,"{""gw-3"": {""1"": ""blocked"", ""2"": ""blocked""}}"
2025-03-27 10:50:34,"{""gw-2"": {""1"": ""conflict"", ""2"": ""blocked""}}"
2025-03-27 10:50:40,"{""gw-3"": {""1"": ""blocked"", ""2"": ""blocked""}, ""gw-1"": {""1"": ""blocked"", ""2"": ""conflict""}}"
2025-03-27 10:50:40,"{""gw-3"": {""1"": ""blocked"", ""2"": ""blocked""}}"
2025-03-27 10:50:44,"{""gw-3"": {""1"": ""conflict"", ""2"": ""blocked""}, ""gw-2"": {""1"": ""blocked"", ""2"": ""blocked""}}"
2025-03-27 10:50:45,"{""gw-2"": {""1"": ""conflict"", ""2"": ""conflict""}}"
2025-03-27 10:50:45,"{""gw-1"": {""1"": ""blocked"", ""2"": ""blocked""}, ""gw-3"": {""1"": ""blocked"", ""2"": ""blocked""}}"
2025-03-27 10:50:46,"{""gw-1"": {""1"": ""blocked"", ""2"": ""blocked""}, ""gw-2"": {""1"": ""conflict"", ""2"": ""conflict""}, ""gw-3"": {""1"": ""blocked"", ""2"": ""blocked""}}"
2025-03-27 10:50:47,"{""gw-1"": {""1"": ""blocked"", ""2"": ""blocked""}}"
2025-03-27 10:50:49,"{""gw-3"": {""1"": ""blocked"", ""2"": ""blocked""}}"
2025-03-27 10:50:50,"{""gw-1"": {""1"": ""blocked"", ""2"": ""blocked""}}"
2025-03-27 10:50:52,"{""gw-3"": {""1"": ""blocked"", ""2"": ""blocked""}}"
2025-03-27 10:51:04,"{""gw-2"": {""1"": ""blocked"", ""2"": ""blocked""}}"
2025-03-27 10:51:04,"{""gw-2"": {""1"": ""blocked"", ""2"": ""blocked""}}"
2025-03-27 10:51:05,"{""gw-2"": {""1"": ""blocked"", ""2"": ""blocked""}, ""gw-3"": {""1"": ""blocked"", ""2"": ""blocked""}}"
2025-03-27 10:51:08,"{""gw-1"": {""1"": ""blocked"", ""2"": ""blocked""}}"
2025-03-27 10:51:16,"{""gw-2"": {""1"": ""blocked"", ""2"": ""blocked""}}"
2025-03-27 10:51:16,"{""gw-2"": {""1"": ""blocked"", ""2"": ""blocked""}, ""gw-3"": {""1"": ""blocked"", ""2"": ""conflict""}}"
2025-03-27 10:51:17,"{""gw-1"": {""1"": ""conflict"", ""2"": ""blocked""}, ""gw-2"": {""1"": ""blocked"", ""2"": ""blocked""}}"
2025-03-27 10:51:19,"{""gw-2"": {""1"": ""blocked"", ""2"": ""blocked""}}"
2025-03-27 10:51:23,"{""gw-3"": {""1"": ""blocked"", ""2"": ""blocked""}}"
2025-03-27 10:51:24,"{""gw-3"": {""1"": ""blocked"", ""2"": ""blocked""}}"
2025-03-27 10:51:27,"{""gw-3"": {""1"": ""blocked"", ""2"": ""blocked""}}"
2025-03-27 10:51:27,"{""gw-2"": {""1"": ""conflict"", ""2"": ""conflict""}}"
2025-03-27 10:51:35,"{""gw-2"": {""1"": ""blocked"", ""2"": ""blocked""}, ""gw-3"": {""1"": ""blocked"", ""2"": ""blocked""}}"
2025-03-27 10:51:37,"{""gw-2"": {""1"": ""blocked"", ""2"": ""blocked""}, ""gw-3"": {""1"": ""blocked"", ""2"": ""blocked""}}"
2025-03-27 10:51:37,"{""gw-3"": {""1"": ""blocked"", ""2"": ""blocked""}}"
2025-03-27 10:51:37,"{""gw-3"": {""1"": ""blocked"", ""2"": ""blocked""}}"
2025-03-27 10:51:42,"{""gw-1"": {""1"": ""blocked"", ""2"": ""blocked""}}"
2025-03-27 10:51:43,"{""gw-1"": {""1"": ""blocked"", ""2"": ""blocked""}}"
2025-03-27 10:51:43,"{""gw-2"": {""1"": ""blocked"", ""2"": ""blocked""}}"
2025-03-27 10:51:45,"{""gw-1"": {""1"": ""blocked"", ""2"": ""blocked""}}"
2025-03-27 10:51:52,"{""gw-1"": {""1"": ""blocked"", ""2"": ""conflict""}}"
2025-03-27 10:51:56,"{""gw-2"": {""1"": ""blocked"", ""2"": ""blocked""}}"
2025-03-27 10:51:58,"{""gw-2"": {""1"": ""blocked"", ""2"": ""blocked""}}"
2025-03-27 10:51:59,"{""gw-2"": {""1"": ""blocked"", ""2"": ""blocked""}, ""gw-1"": {""1"": ""blocked"", ""2"": ""blocked""}}"
2025-03-27 10:52:01,"{""gw-3"": {""1"": ""blocked"", ""2"": ""blocked""}, ""gw-2"": {""1"": ""blocked"", ""2"": ""blocked""}}"
2025-03-27 10:52:01,"{""gw-2"": {""1"": ""blocked"", ""2"": ""blocked""}, ""gw-1"": {""1"": ""blocked"", ""2"": ""blocked""}}"
2025-03-27 10:52:01,"{""gw-1"": {""1"": ""blocked"", ""2"": ""blocked""}, ""gw-3"": {""1"": ""blocked"", ""2"": ""blocked""}}"
2025-03-27 10:52:07,"{""gw-1"": {""1"": ""conflict"", ""2"": ""blocked""}}"
2025-03-27 10:52:10,"{""gw-1"": {""1"": ""blocked"", ""2"": ""blocked""}}"
2025-03-27 10:52:11,"{""gw-1"": {""1"": ""blocked"", ""2"": ""blocked""}}"
2025-03-27 10:52:11,"{""gw-1"": {""1"": ""blocked"", ""2"": ""blocked""}}"
2025-03-27 10:52:13,"{""gw-1"": {""1"": ""blocked"", ""2"": ""blocked""}}"
2025-03-27 10:52:15,"{""gw-2"": {""1"": ""blocked"", ""2"": ""blocked""}}"
2025-03-27 10:52:23,"{""gw-1"": {""1"": ""blocked"", ""2"": ""blocked""}}"
2025-03-27 10:52:29,"{""gw-1"": {""1"": ""blocked"", ""2"": ""blocked""}}"
2025-03-27 10:52:33,"{""gw-1"": {""1"": ""conflict"", ""2"": ""blocked""}, ""gw-2"": {""1"": ""blocked"", ""2"": ""blocked""}}"
2025-03-27 10:52:49,"{""gw-1"": {""1"": ""conflict"", ""2"": ""blocked""}, ""gw-3"": {""1"": ""blocked"", ""2"": ""blocked""}}"
2025-03-27 10:52:49,"{""gw-2"": {""1"": ""conflict"", ""2"": ""blocked""}}"
2025-03-27 10:52:50,"{""gw-3"": {""1"": ""blocked"", ""2"": ""blocked""}}"
2025-03-27 10:52:50,"{""gw-3"": {""1"": ""blocked"", ""2"": ""blocked""}}"
2025-03-27 10:52:51,"{""gw-3"": {""1"": ""blocked"", ""2"": ""blocked""}}"
2025-03-27 10:52:51,"{""gw-3"": {""1"": ""blocked"", ""2"": ""blocked""}}"
2025-03-27 10:52:55,"{""gw-2"": {""1"": ""blocked"", ""2"": ""blocked""}}"
2025-03-27 10:52:56,"{""gw-2"": {""1"": ""blocked"", ""2"": ""blocked""}}"
2025-03-27 10:52:58,"{""gw-2"": {""1"": ""blocked"", ""2"": ""blocked""}}"
2025-03-27 10:53:06,"{""gw-3"": {""1"": ""blocked"", ""2"": ""conflict""}}"
2025-03-27 10:53:06,"{""gw-2"": {""1"": ""blocked"", ""2"": ""blocked""}, ""gw-3"": {""1"": ""blocked"", ""2"": ""conflict""}}"
2025-03-27 10:53:08,"{""gw-2"": {""1"": ""blocked"", ""2"": ""blocked""}}"
2025-03-27 10:53:10,"{""gw-3"": {""1"": ""blocked"", ""2"": ""blocked""}}"
2025-03-27 10:53:10,"{""gw-2"": {""1"": ""blocked"", ""2"": ""blocked""}}"
2025-03-27 10:53:11,"{""gw-3"": {""1"": ""blocked"", ""2"": ""blocked""}}"
2025-03-27 10:53:12,"{""gw-2"": {""1"": ""blocked"", ""2"": ""blocked""}}"
2025-03-27 10:53:14,"{""gw-2"": {""1"": ""blocked"", ""2"": ""conflict""}}"
2025-03-27 10:53:15,"{""gw-3"": {""1"": ""blocked"", ""2"": ""blocked""}, ""gw-2"": {""1"": ""conflict"", ""2"": ""blocked""}}"
2025-03-27 10:53:18,"{""gw-3"": {""1"": ""blocked"", ""2"": ""conflict""}, ""gw-2"": {""1"": ""blocked"", ""2"": ""blocked""}}"
2025-03-27 10:53:18,"{""gw-2"": {""1"": ""blocked"", ""2"": ""blocked""}}"
2025-03-27 10:53:22,"{""gw-1"": {""1"": ""blocked"", ""2"": ""blocked""}}"
2025-03-27 10:53:22,"{""gw-2"": {""1"": ""blocked"", ""2"": ""blocked""}}"
2025-03-27 10:53:36,"{""gw-2"": {""1"": ""blocked"", ""2"": ""blocked""}}"
2025-03-27 10:53:38,"{""gw-2"": {""1"": ""blocked"", ""2"": ""blocked""}, ""gw-1"": {""1"": ""conflict"", ""2"": ""blocked""}}"
2025-03-27 10:53:38,"{""gw-1"": {""1"": ""conflict"", ""2"": ""blocked""}, ""gw-2"": {""1"": ""blocked"", ""2"": ""blocked""}}"
2025-03-27 10:53:49,"{""gw-2"": {""1"": ""conflict"", ""2"": ""blocked""}}"
2025-03-27 10:53:50,"{""gw-3"": {""1"": ""conflict"", ""2"": ""blocked""}}"
2025-03-27 10:53:55,"{""gw-3"": {""1"": ""blocked"", ""2"": ""blocked""}}"
2025-03-27 10:53:55,"{""gw-2"": {""1"": ""conflict"", ""2"": ""blocked""}, ""gw-3"": {""1"": ""blocked"", ""2"": ""blocked""}}"
2025-03-27 10:53:59,"{""gw-3"": {""1"": ""blocked"", ""2"": ""blocked""}, ""gw-2"": {""1"": ""blocked"", ""2"": ""blocked""}, ""gw-1"": {""1"": ""blocked"", ""2"": ""blocked""}}"
2025-03-27 10:53:59,"{""gw-1"": {""1"": ""blocked"", ""2"": ""blocked""}}"
2025-03-27 10:54:03,"{""gw-1"": {""1"": ""blocked"", ""2"": ""blocked""}}"
2025-03-27 10:54:03,"{""gw-2"": {""1"": ""conflict"", ""2"": ""conflict""}, ""gw-1"": {""1"": ""blocked"", ""2"": ""blocked""}}"
2025-03-27 10:54:04,"{""gw-2"": {""1"": ""conflict"", ""2"": ""blocked""}}"
2025-03-27 10:54:05,"{""gw-3"": {""1"": ""conflict"", ""2"": ""conflict""}, ""gw-1"": {""1"": ""conflict"", ""2"": ""conflict""}}"
2025-03-27 10:54:05,"{""gw-3"": {""1"": ""blocked"", ""2"": ""conflict""}}"
2025-03-27 10:54:05,"{""gw-3"": {""1"": ""conflict"", ""2"": ""conflict""}, ""gw-1"": {""1"": ""conflict"", ""2"": ""conflict""}}"
2025-03-27 10:54:11,"{""gw-1"": {""1"": ""blocked"", ""2"": ""blocked""}, ""gw-3"": {""1"": ""blocked"", ""2"": ""blocked""}}"
2025-03-27 10:54:13,"{""gw-3"": {""1"": ""blocked"", ""2"": ""blocked""}, ""gw-2"": {""1"": ""blocked"", ""2"": ""blocked""}}"
2025-03-27 10:54:14,"{""gw-1"": {""1"": ""blocked"", ""2"": ""blocked""}}"
2025-03-27 10:54:15,"{""gw-3"": {""1"": ""blocked"", ""2"": ""blocked""}, ""gw-1"": {""1"": ""blocked"", ""2"": ""blocked""}}"
2025-03-27 10:54:16,"{""gw-2"": {""1"": ""conflict"", ""2"": ""conflict""}, ""gw-1"": {""1"": ""blocked"", ""2"": ""blocked""}}"
2025-03-27 10:54:20,"{""gw-2"": {""1"": ""blocked"", ""2"": ""blocked""}}"
2025-03-27 10:54:21,"{""gw-2"": {""1"": ""blocked"", ""2"": ""blocked""}, ""gw-1"": {""1"": ""conflict"", ""2"": ""conflict""}}"
2025-03-27 10:54:22,"{""gw-2"": {""1"": ""blocked"", ""2"": ""blocked""}}"
2025-03-27 10:54:23,"{""gw-3"": {""1"": ""blocked"", ""2"": ""blocked""}}"
2025-03-27 10:54:25,"{""gw-1"": {""1"": ""blocked"", ""2"": ""blocked""}, ""gw-3"": {""1"": ""blocked"", ""2"": ""blocked""}}"
2025-03-27 10:54:25,"{""gw-1"": {""1"": ""blocked"", ""2"": ""blocked""}, ""gw-2"": {""1"": ""blocked"", ""2"": ""blocked""}}"
2025-03-27 10:54:28,"{""gw-2"": {""1"": ""conflict"", ""2"": ""blocked""}, ""gw-3"": {""1"": ""blocked"", ""2"": ""blocked""}, ""gw-1"": {""1"": ""blocked"", ""2"": ""blocked""}}"
2025-03-27 10:54:31,"{""gw-3"": {""1"": ""blocked"", ""2"": ""conflict""}, ""gw-1"": {""1"": ""blocked"", ""2"": ""blocked""}}"
2025-03-27 10:54:33,"{""gw-2"": {""1"": ""blocked"", ""2"": ""blocked""}}"
2025-03-27 10:54:37,"{""gw-2"": {""1"": ""blocked"", ""2"": ""blocked""}}"
2025-03-27 10:54:38,"{""gw-2"": {""1"": ""blocked"", ""2"": ""blocked""}}"
2025-03-27 10:54:38,"{""gw-2"": {""1"": ""blocked"", ""2"": ""blocked""}}"
2025-03-27 10:54:42,"{""gw-3"": {""1"": ""blocked"", ""2"": ""blocked""}, ""gw-1"": {""1"": ""blocked"", ""2"": ""blocked""}}"
2025-03-27 10:54:44,"{""gw-3"": {""1"": ""conflict"", ""2"": ""conflict""}, ""gw-1"": {""1"": ""blocked"", ""2"": ""blocked""}, ""gw-2"": {""1"": ""blocked"", ""2"": ""blocked""}}"
2025-03-27 10:54:44,"{""gw-1"": {""1"": ""blocked"", ""2"": ""blocked""}, ""gw-2"": {""1"": ""blocked"", ""2"": ""blocked""}}"
2025-03-27 10:54:46,"{""gw-2"": {""1"": ""blocked"", ""2"": ""blocked""}, ""gw-3"": {""1"": ""blocked"", ""2"": ""blocked""}}"
2025-03-27 10:54:47,"{""gw-1"": {""1"": ""conflict"", ""2"": ""conflict""}, ""gw-2"": {""1"": ""blocked"", ""2"": ""blocked""}}"
2025-03-27 10:54:48,"{""gw-3"": {""1"": ""blocked"", ""2"": ""blocked""}}"
2025-03-27 10:54:53,"{""gw-3"": {""1"": ""blocked"", ""2"": ""blocked""}}"
2025-03-27 10:54:55,"{""gw-1"": {""1"": ""blocked"", ""2"": ""blocked""}}"
2025-03-27 10:55:01,"{""gw-1"": {""1"": ""conflict"", ""2"": ""blocked""}}"
2025-03-27 10:55:02,"{""gw-3"": {""1"": ""conflict"", ""2"": ""blocked""}}"
2025-03-27 10:55:02,"{""gw-3"": {""1"": ""conflict"", ""2"": ""blocked""}}"
2025-03-27 10:55:09,"{""gw-3"": {""1"": ""blocked"", ""2"": ""blocked""}}"
2025-03-27 10:55:14,"{""gw-2"": {""1"": ""blocked"", ""2"": ""blocked""}, ""gw-3"": {""1"": ""conflict"", ""2"": ""blocked""}}"
2025-03-27 10:55:14,"{""gw-1"": {""1"": ""conflict"", ""2"": ""blocked""}}"
2025-03-27 10:55:15,"{""gw-2"": {""1"": ""blocked"", ""2"": ""blocked""}}"
2025-03-27 10:55:15,"{""gw-2"": {""1"": ""blocked"", ""2"": ""blocked""}, ""gw-3"": {""1"": ""blocked"", ""2"": ""blocked""}}"
2025-03-27 10:55:17,"{""gw-2"": {""1"": ""blocked"", ""2"": ""blocked""}}"
2025-03-27 10:55:17,"{""gw-1"": {""1"": ""blocked"", ""2"": ""blocked""}, ""gw-2"": {""1"": ""blocked"", ""2"": ""blocked""}}"
2025-03-27 10:55:25,"{""gw-1"": {""1"": ""blocked"", ""2"": ""conflict""}}"
2025-03-27 10:55:28,"{""gw-2"": {""1"": ""blocked"", ""2"": ""blocked""}}"
2025-03-27 10:55:29,"{""gw-3"": {""1"": ""blocked"", ""2"": ""blocked""}}"
2025-03-27 10:55:29,"{""gw-2"": {""1"": ""blocked"", ""2"": ""blocked""}}"
2025-03-27 10:55:31,"{""gw-3"": {""1"": ""blocked"", ""2"": ""blocked""}, ""gw-1"": {""1"": ""blocked"", ""2"": ""blocked""}}"
2025-03-27 10:55:31,"{""gw-3"": {""1"": ""blocked"", ""2"": ""blocked""}, ""gw-2"": {""1"": ""blocked"", ""2"": ""blocked""}, ""gw-1"": {""1"": ""blocked"", ""2"": ""blocked""}}"
2025-03-27 10:55:33,"{""gw-3"": {""1"": ""blocked"", ""2"": ""blocked""}}"
2025-03-27 10:55:35,"{""gw-1"": {""1"": ""blocked"", ""2"": ""blocked""}}"
2025-03-27 10:55:42,"{""gw-2"": {""1"": ""conflict"", ""2"": ""blocked""}, ""gw-3"": {""1"": ""blocked"", ""2"": ""blocked""}}"
2025-03-27 10:55:48,"{""gw-2"": {""1"": ""blocked"", ""2"": ""blocked""}, ""gw-1"": {""1"": ""conflict"", ""2"": ""blocked""}, ""gw-3"": {""1"": ""blocked"", ""2"": ""blocked""}}"
2025-03-27 10:55:50,"{""gw-2"": {""1"": ""blocked"", ""2"": ""blocked""}, ""gw-1"": {""1"": ""blocked"", ""2"": ""blocked""}}"
2025-03-27 10:55:54,"{""gw-1"": {""1"": ""blocked"", ""2"": ""blocked""}}"
2025-03-27 10:55:56,"{""gw-1"": {""1"": ""blocked"", ""2"": ""blocked""}}"
2025-03-27 10:55:57,"{""gw-1"": {""1"": ""blocked"", ""2"": ""blocked""}, ""gw-3"": {""1"": ""blocked"", ""2"": ""blocked""}}"
2025-03-27 10:56:00,"{""gw-1"": {""1"": ""blocked"", ""2"": ""conflict""}}"
2025-03-27 10:56:03,"{""gw-1"": {""1"": ""blocked"", ""2"": ""blocked""}}"
2025-03-27 10:56:04,"{""gw-2"": {""1"": ""blocked"", ""2"": ""blocked""}}"
2025-03-27 10:56:04,"{""gw-2"": {""1"": ""blocked"", ""2"": ""blocked""}, ""gw-1"": {""1"": ""blocked"", ""2"": ""blocked""}}"
2025-03-27 10:56:06,"{""gw-2"": {""1"": ""blocked"", ""2"": ""blocked""}}"
2025-03-27 10:56:07,"{""gw-1"": {""1"": ""blocked"", ""2"": ""blocked""}}"
2025-03-27 10:56:07,"{""gw-3"": {""1"": ""blocked"", ""2"": ""blocked""}}"
2025-03-27 10:56:09,"{""gw-3"": {""1"": ""blocked"", ""2"": ""blocked""}}"
2025-03-27 10:56:10,"{""gw-1"": {""1"": ""blocked"", ""2"": ""blocked""}, ""gw-3"": {""1"": ""blocked"", ""2"": ""blocked""}}"
2025-03-27 10:56:15,"{""gw-2"": {""1"": ""conflict"", ""2"": ""conflict""}}"
2025-03-27 10:56:20,"{""gw-1"": {""1"": ""blocked"", ""2"": ""blocked""}}"
2025-03-27 10:56:23,"{""gw-3"": {""1"": ""blocked"", ""2"": ""blocked""}}"
2025-03-27 10:56:23,"{""gw-1"": {""1"": ""blocked"", ""2"": ""blocked""}, ""gw-3"": {""1"": ""blocked"", ""2"": ""blocked""}}"
2025-03-27 10:56:28,"{""gw-3"": {""1"": ""blocked"", ""2"": ""blocked""}}"
2025-03-27 10:56:31,"{""gw-3"": {""1"": ""blocked"", ""2"": ""conflict""}}"
2025-03-27 10:56:35,"{""gw-2"": {""1"": ""blocked"", ""2"": ""blocked""}, ""gw-3"": {""1"": ""blocked"", ""2"": ""blocked""}}"
2025-03-27 10:56:36,"{""gw-2"": {""1"": ""blocked"", ""2"": ""blocked""}}"
2025-03-27 10:56:41,"{""gw-3"": {""1"": ""blocked"", ""2"": ""blocked""}}"
2025-03-27 10:56:56,"{""gw-1"": {""1"": ""blocked"", ""2"": ""blocked""}}"
2025-03-27 10:57:03,"{""gw-3"": {""1"": ""conflict"", ""2"": ""conflict""}}"
2025-03-27 10:57:04,"{""gw-2"": {""1"": ""conflict"", ""2"": ""conflict""}}"
2025-03-27 10:57:05,"{""gw-1"": {""1"": ""blocked"", ""2"": ""blocked""}}"
2025-03-27 10:57:07,"{""gw-1"": {""1"": ""blocked"", ""2"": ""blocked""}}"
2025-03-27 10:57:08,"{""gw-1"": {""1"": ""blocked"", ""2"": ""blocked""}}"
2025-03-27 10:57:09,"{""gw-1"": {""1"": ""blocked"", ""2"": ""blocked""}, ""gw-3"": {""1"": ""blocked"", ""2"": ""blocked""}}"
2025-03-27 10:57:10,"{""gw-1"": {""1"": ""blocked"", ""2"": ""blocked""}}"
2025-03-27 10:57:12,"{""gw-3"": {""1"": ""blocked"", ""2"": ""blocked""}}"
2025-03-27 10:57:12,"{""gw-1"": {""1"": ""conflict"", ""2"": ""conflict""}}"
2025-03-27 10:57:13,"{""gw-3"": {""1"": ""blocked"", ""2"": ""blocked""}, ""gw-1"": {""1"": ""conflict"", ""2"": ""blocked""}, ""gw-2"": {""1"": ""blocked"", ""2"": ""blocked""}}"
2025-03-27 10:57:19,"{""gw-2"": {""1"": ""blocked"", ""2"": ""conflict""}}"
2025-03-27 10:57:22,"{""gw-1"": {""1"": ""blocked"", ""2"": ""blocked""}}"
2025-03-27 10:57:23,"{""gw-2"": {""1"": ""blocked"", ""2"": ""blocked""}, ""gw-3"": {""1"": ""blocked"", ""2"": ""blocked""}}"
2025-03-27 10:57:24,"{""gw-2"": {""1"": ""blocked"", ""2"": ""blocked""}}"
2025-03-27 10:57:24,"{""gw-2"": {""1"": ""blocked"", ""2"": ""blocked""}}"
2025-03-27 10:57:27,"{""gw-2"": {""1"": ""blocked"", ""2"": ""blocked""}, ""gw-3"": {""1"": ""blocked"", ""2"": ""blocked""}}"
2025-03-27 10:57:28,"{""gw-3"": {""1"": ""blocked"", ""2"": ""blocked""}, ""gw-1"": {""1"": ""blocked"", ""2"": ""conflict""}}"
2025-03-27 10:57:39,"{""gw-2"": {""1"": ""blocked"", ""2"": ""blocked""}}"
2025-03-27 10:57:39,"{""gw-1"": {""1"": ""blocked"", ""2"": ""blocked""}}"
2025-03-27 10:57:42,"{""gw-3"": {""1"": ""blocked"", ""2"": ""blocked""}}"
2025-03-27 10:57:42,"{""gw-3"": {""1"": ""blocked"", ""2"": ""blocked""}}"
2025-03-27 10:57:43,"{""gw-3"": {""1"": ""blocked"", ""2"": ""blocked""}}"
2025-03-27 10:57:45,"{""gw-3"": {""1"": ""blocked"", ""2"": ""blocked""}, ""gw-1"": {""1"": ""blocked"", ""2"": ""blocked""}}"
2025-03-27 10:57:45,"{""gw-1"": {""1"": ""blocked"", ""2"": ""blocked""}, ""gw-3"": {""1"": ""blocked"", ""2"": ""blocked""}, ""gw-2"": {""1"": ""blocked"", ""2"": ""blocked""}}"
2025-03-27 10:57:46,"{""gw-3"": {""1"": ""blocked"", ""2"": ""blocked""}}"
2025-03-27 10:57:47,"{""gw-2"": {""1"": ""blocked"", ""2"": ""conflict""}, ""gw-1"": {""1"": ""blocked"", ""2"": ""blocked""}}"
2025-03-27 10:57:47,"{""gw-1"": {""1"": ""blocked"", ""2"": ""blocked""}}"
2025-03-27 10:57:47,"{""gw-3"": {""1"": ""blocked"", ""2"": ""blocked""}}"
2025-03-27 10:57:49,"{""gw-2"": {""1"": ""conflict"", ""2"": ""blocked""}}"
2025-03-27 10:57:51,"{""gw-2"": {""1"": ""blocked"", ""2"": ""blocked""}, ""gw-1"": {""1"": ""blocked"", ""2"": ""blocked""}}"
2025-03-27 10:57:57,"{""gw-3"": {""1"": ""conflict"", ""2"": ""conflict""}}"
2025-03-27 10:58:01,"{""gw-3"": {""1"": ""blocked"", ""2"": ""blocked""}}"
2025-03-27 10:58:02,"{""gw-1"": {""1"": ""blocked"", ""2"": ""blocked""}}"
2025-03-27 10:58:02,"{""gw-3"": {""1"": ""blocked"", ""2"": ""blocked""}, ""gw-1"": {""1"": ""blocked"", ""2"": ""blocked""}}"
2025-03-27 10:58:03,"{""gw-1"": {""1"": ""blocked"", ""2"": ""blocked""}, ""gw-2"": {""1"": ""conflict"", ""2"": ""conflict""}}"
2025-03-27 10:58:04,"{""gw-2"": {""1"": ""conflict"", ""2"": ""conflict""}}"
2025-03-27 10:58:06,"{""gw-1"": {""1"": ""blocked"", ""2"": ""blocked""}}"
2025-03-27 10:58:10,"{""gw-2"": {""1"": ""blocked"", ""2"": ""blocked""}}"
2025-03-27 10:58:10,"{""gw-1"": {""1"": ""conflict"", ""2"": ""blocked""}}"
2025-03-27 10:58:10,"{""gw-3"": {""1"": ""conflict"", ""2"": ""blocked""}, ""gw-1"": {""1"": ""conflict"", ""2"": ""blocked""}}"
2025-03-27 10:58:10,"{""gw-1"": {""1"": ""conflict"", ""2"": ""blocked""}, ""gw-3"": {""1"": ""conflict"", ""2"": ""blocked""}}"
2025-03-27 10:58:10,"{""gw-3"": {""1"": ""conflict"", ""2"": ""blocked""}}"
2025-03-27 10:58:11,"{""gw-2"": {""2"": ""blocked""}}"
2025-03-27 10:58:11,"{""gw-2"": {""2"": ""blocked""}}"
2025-03-27 10:58:12,"{""gw-1"": {""1"": ""blocked"", ""2"": ""blocked""}}"
2025-03-27 10:58:19,"{""gw-2"": {""1"": ""conflict"", ""2"": ""conflict""}}"
2025-03-27 10:58:19,"{""gw-3"": {""1"": ""blocked"", ""2"": ""blocked""}, ""gw-1"": {""1"": ""blocked"", ""2"": ""blocked""}}"
2025-03-27 10:58:22,"{""gw-2"": {""1"": ""blocked"", ""2"": ""blocked""}}"
2025-03-27 10:58:23,"{""gw-2"": {""1"": ""blocked"", ""2"": ""blocked""}}"
2025-03-27 10:58:23,"{""gw-3"": {""1"": ""conflict"", ""2"": ""conflict""}}"
2025-03-27 10:58:24,"{""gw-3"": {""1"": ""conflict"", ""2"": ""conflict""}}"
2025-03-27 10:58:26,"{""gw-2"": {""1"": ""blocked"", ""2"": ""blocked""}}"
2025-03-27 10:58:27,"{""gw-1"": {""1"": ""blocked"", ""2"": ""blocked""}, ""gw-2"": {""1"": ""blocked"", ""2"": ""blocked""}, ""gw-3"": {""1"": ""blocked"", ""2"": ""blocked""}}"
2025-03-27 10:58:28,"{""gw-3"": {""1"": ""blocked"", ""2"": ""blocked""}}"
2025-03-27 10:58:29,"{""gw-2"": {""1"": ""blocked"", ""2"": ""blocked""}, ""gw-1"": {""1"": ""blocked"", ""2"": ""blocked""}}"
2025-03-27 10:58:30,"{""gw-3"": {""1"": ""blocked"", ""2"": ""blocked""}, ""gw-2"": {""1"": ""conflict"", ""2"": ""blocked""}}"
2025-03-27 10:58:31,"{""gw-3"": {""1"": ""blocked"", ""2"": ""blocked""}, ""gw-1"": {""1"": ""blocked"", ""2"": ""blocked""}}"
2025-03-27 10:58:39,"{""gw-2"": {""1"": ""blocked"", ""2"": ""blocked""}, ""gw-1"": {""1"": ""blocked"", ""2"": ""blocked""}}"
2025-03-27 10:58:39,"{""gw-2"": {""1"": ""blocked"", ""2"": ""blocked""}}"
2025-03-27 10:58:41,"{""gw-1"": {""1"": ""blocked"", ""2"": ""blocked""}}"
2025-03-27 10:58:41,"{""gw-3"": {""1"": ""blocked"", ""2"": ""blocked""}}"
2025-03-27 10:58:42,"{""gw-3"": {""1"": ""blocked"", ""2"": ""blocked""}, ""gw-1"": {""1"": ""blocked"", ""2"": ""blocked""}}"
