timestamp,results
2025-03-29 15:20:55,"{""gw-2"": {""1"": ""blocked"", ""2"": ""blocked""}}"
2025-03-29 15:20:56,"{""gw-2"": {""1"": ""blocked"", ""2"": ""blocked""}}"
2025-03-29 15:20:58,"{""gw-3"": {""1"": ""blocked"", ""2"": ""blocked""}}"
2025-03-29 15:20:58,"{""gw-1"": {""1"": ""blocked"", ""2"": ""blocked""}}"
2025-03-29 15:21:00,"{""gw-3"": {""1"": ""blocked"", ""2"": ""blocked""}}"
2025-03-29 15:21:09,"{""gw-1"": {""1"": ""blocked"", ""2"": ""blocked""}}"
2025-03-29 15:21:10,"{""gw-3"": {""1"": ""blocked"", ""2"": ""blocked""}, ""gw-2"": {""1"": ""blocked"", ""2"": ""blocked""}}"
2025-03-29 15:21:10,"{""gw-3"": {""1"": ""blocked"", ""2"": ""blocked""}}"
2025-03-29 15:21:12,"{""gw-1"": {""1"": ""blocked"", ""2"": ""blocked""}}"
2025-03-29 15:21:13,"{""gw-1"": {""1"": ""blocked"", ""2"": ""blocked""}}"
2025-03-29 15:21:13,"{""gw-2"": {""1"": ""blocked"", ""2"": ""blocked""}, ""gw-3"": {""1"": ""blocked"", ""2"": ""blocked""}}"
2025-03-29 15:21:16,"{""gw-2"": {""1"": ""blocked"", ""2"": ""conflict""}}"
2025-03-29 15:21:19,"{""gw-2"": {""1"": ""blocked"", ""2"": ""blocked""}, ""gw-4"": {""1"": ""blocked"", ""2"": ""blocked""}}"
2025-03-29 15:21:20,"{""gw-3"": {""1"": ""conflict"", ""2"": ""blocked""}}"
2025-03-29 15:21:22,"{""gw-4"": {""1"": ""blocked"", ""2"": ""blocked""}}"
2025-03-29 15:21:27,"{""gw-3"": {""1"": ""blocked"", ""2"": ""blocked""}}"
2025-03-29 15:21:28,"{""gw-3"": {""1"": ""blocked"", ""2"": ""blocked""}}"
2025-03-29 15:21:32,"{""gw-4"": {""1"": ""blocked"", ""2"": ""blocked""}, ""gw-1"": {""1"": ""blocked"", ""2"": ""blocked""}}"
2025-03-29 15:21:33,"{""gw-1"": {""1"": ""blocked"", ""2"": ""blocked""}}"
2025-03-29 15:21:36,"{""gw-4"": {""1"": ""blocked"", ""2"": ""blocked""}}"
2025-03-29 15:21:41,"{""gw-3"": {""1"": ""blocked"", ""2"": ""blocked""}, ""gw-2"": {""1"": ""blocked"", ""2"": ""conflict""}}"
2025-03-29 15:21:42,"{""gw-2"": {""1"": ""conflict"", ""2"": ""blocked""}, ""gw-1"": {""1"": ""blocked"", ""2"": ""blocked""}}"
2025-03-29 15:21:43,"{""gw-3"": {""1"": ""blocked"", ""2"": ""blocked""}, ""gw-2"": {""1"": ""conflict"", ""2"": ""blocked""}}"
2025-03-29 15:21:45,"{""gw-1"": {""1"": ""blocked"", ""2"": ""blocked""}}"
2025-03-29 15:21:45,"{""gw-1"": {""1"": ""blocked"", ""2"": ""blocked""}, ""gw-4"": {""1"": ""blocked"", ""2"": ""blocked""}}"
2025-03-29 15:21:45,"{""gw-4"": {""1"": ""blocked"", ""2"": ""blocked""}}"
2025-03-29 15:21:48,"{""gw-2"": {""1"": ""blocked"", ""2"": ""blocked""}, ""gw-4"": {""1"": ""blocked"", ""2"": ""blocked""}}"
2025-03-29 15:21:48,"{""gw-2"": {""1"": ""blocked"", ""2"": ""blocked""}, ""gw-4"": {""1"": ""blocked"", ""2"": ""blocked""}, ""gw-3"": {""1"": ""blocked"", ""2"": ""blocked""}}"
2025-03-29 15:21:49,"{""gw-4"": {""1"": ""blocked"", ""2"": ""blocked""}}"
2025-03-29 15:21:52,"{""gw-2"": {""1"": ""blocked"", ""2"": ""blocked""}}"
2025-03-29 15:21:54,"{""gw-3"": {""1"": ""blocked"", ""2"": ""blocked""}}"
2025-03-29 15:21:56,"{""gw-3"": {""1"": ""blocked"", ""2"": ""blocked""}}"
2025-03-29 15:21:56,"{""gw-4"": {""1"": ""blocked"", ""2"": ""blocked""}}"
2025-03-29 15:22:00,"{""gw-4"": {""1"": ""blocked"", ""2"": ""blocked""}}"
2025-03-29 15:22:00,"{""gw-2"": {""1"": ""blocked"", ""2"": ""blocked""}}"
2025-03-29 15:22:00,"{""gw-3"": {""1"": ""conflict"", ""2"": ""blocked""}, ""gw-4"": {""1"": ""blocked"", ""2"": ""blocked""}, ""gw-2"": {""1"": ""blocked"", ""2"": ""blocked""}}"
2025-03-29 15:22:07,"{""gw-1"": {""1"": ""blocked"", ""2"": ""blocked""}}"
2025-03-29 15:22:07,"{""gw-1"": {""1"": ""blocked"", ""2"": ""blocked""}, ""gw-4"": {""1"": ""conflict"", ""2"": ""conflict""}}"
2025-03-29 15:22:10,"{""gw-3"": {""1"": ""blocked"", ""2"": ""blocked""}}"
2025-03-29 15:22:10,"{""gw-4"": {""1"": ""blocked"", ""2"": ""blocked""}, ""gw-2"": {""1"": ""blocked"", ""2"": ""conflict""}}"
2025-03-29 15:22:15,"{""gw-2"": {""1"": ""blocked"", ""2"": ""blocked""}, ""gw-1"": {""1"": ""blocked"", ""2"": ""blocked""}, ""gw-4"": {""1"": ""blocked"", ""2"": ""blocked""}, ""gw-3"": {""1"": ""conflict"", ""2"": ""blocked""}}"
2025-03-29 15:22:17,"{""gw-1"": {""1"": ""blocked"", ""2"": ""blocked""}}"
2025-03-29 15:22:19,"{""gw-4"": {""1"": ""blocked"", ""2"": ""conflict""}, ""gw-2"": {""1"": ""blocked"", ""2"": ""blocked""}, ""gw-1"": {""1"": ""blocked"", ""2"": ""blocked""}}"
2025-03-29 15:22:22,"{""gw-1"": {""1"": ""blocked"", ""2"": ""conflict""}}"
2025-03-29 15:22:23,"{""gw-3"": {""1"": ""blocked"", ""2"": ""blocked""}, ""gw-4"": {""1"": ""blocked"", ""2"": ""blocked""}}"
2025-03-29 15:22:24,"{""gw-4"": {""1"": ""blocked"", ""2"": ""blocked""}}"
2025-03-29 15:22:24,"{""gw-4"": {""1"": ""blocked"", ""2"": ""blocked""}}"
2025-03-29 15:22:29,"{""gw-1"": {""1"": ""blocked"", ""2"": ""blocked""}}"
2025-03-29 15:22:29,"{""gw-2"": {""1"": ""blocked"", ""2"": ""blocked""}}"
2025-03-29 15:22:30,"{""gw-1"": {""1"": ""blocked"", ""2"": ""blocked""}, ""gw-4"": {""1"": ""blocked"", ""2"": ""blocked""}}"
2025-03-29 15:22:34,"{""gw-1"": {""1"": ""conflict"", ""2"": ""conflict""}, ""gw-3"": {""1"": ""blocked"", ""2"": ""blocked""}}"
2025-03-29 15:22:35,"{""gw-1"": {""1"": ""conflict"", ""2"": ""blocked""}}"
2025-03-29 15:22:36,"{""gw-3"": {""1"": ""blocked"", ""2"": ""blocked""}}"
2025-03-29 15:22:38,"{""gw-2"": {""1"": ""blocked"", ""2"": ""blocked""}, ""gw-1"": {""1"": ""blocked"", ""2"": ""blocked""}, ""gw-3"": {""1"": ""conflict"", ""2"": ""conflict""}}"
2025-03-29 15:22:38,"{""gw-2"": {""1"": ""blocked"", ""2"": ""blocked""}, ""gw-4"": {""1"": ""blocked"", ""2"": ""blocked""}}"
2025-03-29 15:22:39,"{""gw-2"": {""1"": ""blocked"", ""2"": ""blocked""}}"
2025-03-29 15:22:39,"{""gw-3"": {""1"": ""conflict"", ""2"": ""blocked""}, ""gw-1"": {""1"": ""blocked"", ""2"": ""blocked""}}"
2025-03-29 15:22:41,"{""gw-2"": {""1"": ""blocked"", ""2"": ""blocked""}}"
2025-03-29 15:22:41,"{""gw-2"": {""1"": ""blocked"", ""2"": ""blocked""}, ""gw-4"": {""1"": ""blocked"", ""2"": ""blocked""}}"
2025-03-29 15:22:41,"{""gw-2"": {""1"": ""blocked"", ""2"": ""blocked""}}"
2025-03-29 15:22:42,"{""gw-2"": {""1"": ""blocked"", ""2"": ""blocked""}}"
2025-03-29 15:22:44,"{""gw-1"": {""1"": ""blocked"", ""2"": ""blocked""}}"
2025-03-29 15:22:45,"{""gw-4"": {""1"": ""blocked"", ""2"": ""conflict""}}"
2025-03-29 15:22:47,"{""gw-3"": {""1"": ""blocked"", ""2"": ""blocked""}}"
2025-03-29 15:22:50,"{""gw-3"": {""1"": ""blocked"", ""2"": ""conflict""}, ""gw-4"": {""1"": ""blocked"", ""2"": ""blocked""}, ""gw-1"": {""1"": ""blocked"", ""2"": ""blocked""}}"
2025-03-29 15:22:51,"{""gw-4"": {""1"": ""blocked"", ""2"": ""blocked""}}"
2025-03-29 15:22:51,"{""gw-2"": {""1"": ""blocked"", ""2"": ""conflict""}, ""gw-3"": {""1"": ""conflict"", ""2"": ""blocked""}, ""gw-4"": {""1"": ""blocked"", ""2"": ""blocked""}}"
2025-03-29 15:22:54,"{""gw-1"": {""1"": ""blocked"", ""2"": ""blocked""}}"
2025-03-29 15:22:54,"{""gw-4"": {""1"": ""blocked"", ""2"": ""blocked""}, ""gw-3"": {""1"": ""blocked"", ""2"": ""blocked""}, ""gw-1"": {""1"": ""blocked"", ""2"": ""blocked""}}"
2025-03-29 15:22:55,"{""gw-2"": {""1"": ""conflict"", ""2"": ""blocked""}, ""gw-1"": {""1"": ""blocked"", ""2"": ""blocked""}}"
2025-03-29 15:22:55,"{""gw-4"": {""1"": ""blocked"", ""2"": ""blocked""}, ""gw-2"": {""1"": ""conflict"", ""2"": ""blocked""}}"
2025-03-29 15:22:56,"{""gw-1"": {""1"": ""blocked"", ""2"": ""blocked""}, ""gw-3"": {""1"": ""blocked"", ""2"": ""blocked""}}"
2025-03-29 15:23:00,"{""gw-2"": {""1"": ""blocked"", ""2"": ""blocked""}, ""gw-4"": {""1"": ""conflict"", ""2"": ""blocked""}, ""gw-3"": {""1"": ""blocked"", ""2"": ""blocked""}}"
2025-03-29 15:23:01,"{""gw-2"": {""1"": ""blocked"", ""2"": ""blocked""}}"
2025-03-29 15:23:01,"{""gw-2"": {""1"": ""blocked"", ""2"": ""blocked""}}"
2025-03-29 15:23:02,"{""gw-4"": {""1"": ""blocked"", ""2"": ""blocked""}}"
2025-03-29 15:23:04,"{""gw-2"": {""1"": ""blocked"", ""2"": ""conflict""}, ""gw-4"": {""1"": ""blocked"", ""2"": ""blocked""}, ""gw-3"": {""1"": ""blocked"", ""2"": ""conflict""}}"
2025-03-29 15:23:04,"{""gw-2"": {""1"": ""blocked"", ""2"": ""conflict""}, ""gw-3"": {""1"": ""blocked"", ""2"": ""conflict""}}"
2025-03-29 15:23:05,"{""gw-2"": {""1"": ""conflict"", ""2"": ""blocked""}}"
2025-03-29 15:23:06,"{""gw-4"": {""1"": ""blocked"", ""2"": ""blocked""}}"
2025-03-29 15:23:07,"{""gw-2"": {""1"": ""blocked"", ""2"": ""blocked""}}"
2025-03-29 15:23:07,"{""gw-1"": {""1"": ""blocked"", ""2"": ""blocked""}, ""gw-3"": {""1"": ""blocked"", ""2"": ""blocked""}, ""gw-4"": {""1"": ""blocked"", ""2"": ""blocked""}}"
2025-03-29 15:23:08,"{""gw-3"": {""1"": ""blocked"", ""2"": ""blocked""}}"
2025-03-29 15:23:08,"{""gw-4"": {""1"": ""blocked"", ""2"": ""blocked""}, ""gw-3"": {""1"": ""blocked"", ""2"": ""blocked""}}"
2025-03-29 15:23:10,"{""gw-3"": {""1"": ""blocked"", ""2"": ""blocked""}}"
2025-03-29 15:23:13,"{""gw-3"": {""1"": ""blocked"", ""2"": ""blocked""}, ""gw-1"": {""1"": ""blocked"", ""2"": ""blocked""}}"
2025-03-29 15:23:14,"{""gw-2"": {""1"": ""blocked"", ""2"": ""blocked""}}"
2025-03-29 15:23:15,"{""gw-2"": {""1"": ""blocked"", ""2"": ""conflict""}}"
2025-03-29 15:23:19,"{""gw-3"": {""1"": ""conflict"", ""2"": ""blocked""}, ""gw-4"": {""1"": ""blocked"", ""2"": ""blocked""}}"
2025-03-29 15:23:20,"{""gw-1"": {""1"": ""blocked"", ""2"": ""blocked""}}"
2025-03-29 15:23:20,"{""gw-2"": {""1"": ""blocked"", ""2"": ""blocked""}}"
2025-03-29 15:23:20,"{""gw-4"": {""1"": ""blocked"", ""2"": ""blocked""}, ""gw-2"": {""1"": ""blocked"", ""2"": ""blocked""}}"
2025-03-29 15:23:21,"{""gw-1"": {""1"": ""blocked"", ""2"": ""blocked""}}"
2025-03-29 15:23:22,"{""gw-3"": {""1"": ""blocked"", ""2"": ""blocked""}}"
2025-03-29 15:23:23,"{""gw-1"": {""1"": ""blocked"", ""2"": ""blocked""}}"
2025-03-29 15:23:24,"{""gw-3"": {""1"": ""blocked"", ""2"": ""blocked""}}"
2025-03-29 15:23:26,"{""gw-1"": {""1"": ""blocked"", ""2"": ""blocked""}, ""gw-2"": {""1"": ""blocked"", ""2"": ""blocked""}}"
2025-03-29 15:23:26,"{""gw-1"": {""1"": ""blocked"", ""2"": ""blocked""}}"
2025-03-29 15:23:29,"{""gw-3"": {""1"": ""blocked"", ""2"": ""blocked""}}"
2025-03-29 15:23:30,"{""gw-1"": {""1"": ""conflict"", ""2"": ""conflict""}}"
2025-03-29 15:23:31,"{""gw-4"": {""1"": ""blocked"", ""2"": ""conflict""}}"
2025-03-29 15:23:31,"{""gw-2"": {""1"": ""conflict"", ""2"": ""blocked""}, ""gw-1"": {""1"": ""conflict"", ""2"": ""blocked""}}"
2025-03-29 15:23:31,"{""gw-3"": {""1"": ""conflict"", ""2"": ""conflict""}}"
2025-03-29 15:23:32,"{""gw-3"": {""1"": ""conflict"", ""2"": ""blocked""}, ""gw-4"": {""1"": ""conflict"", ""2"": ""conflict""}}"
2025-03-29 15:23:32,"{""gw-3"": {""1"": ""conflict"", ""2"": ""blocked""}}"
2025-03-29 15:23:33,"{""gw-1"": {""1"": ""blocked"", ""2"": ""blocked""}}"
2025-03-29 15:23:34,"{""gw-1"": {""1"": ""blocked"", ""2"": ""blocked""}}"
2025-03-29 15:23:34,"{""gw-2"": {""1"": ""blocked"", ""2"": ""blocked""}}"
2025-03-29 15:23:35,"{""gw-2"": {""1"": ""blocked"", ""2"": ""blocked""}}"
2025-03-29 15:23:35,"{""gw-2"": {""1"": ""blocked"", ""2"": ""blocked""}, ""gw-3"": {""1"": ""conflict"", ""2"": ""blocked""}}"
2025-03-29 15:23:36,"{""gw-4"": {""1"": ""blocked"", ""2"": ""blocked""}, ""gw-1"": {""1"": ""blocked"", ""2"": ""blocked""}}"
2025-03-29 15:23:36,"{""gw-2"": {""1"": ""blocked"", ""2"": ""blocked""}}"
2025-03-29 15:23:37,"{""gw-2"": {""1"": ""blocked"", ""2"": ""blocked""}}"
2025-03-29 15:23:38,"{""gw-4"": {""1"": ""blocked"", ""2"": ""blocked""}}"
2025-03-29 15:23:38,"{""gw-1"": {""1"": ""blocked"", ""2"": ""blocked""}}"
2025-03-29 15:23:39,"{""gw-2"": {""1"": ""blocked"", ""2"": ""blocked""}}"
2025-03-29 15:23:39,"{""gw-2"": {""1"": ""blocked"", ""2"": ""blocked""}, ""gw-4"": {""1"": ""blocked"", ""2"": ""blocked""}}"
2025-03-29 15:23:40,"{""gw-1"": {""1"": ""blocked"", ""2"": ""blocked""}, ""gw-3"": {""1"": ""blocked"", ""2"": ""blocked""}}"
2025-03-29 15:23:42,"{""gw-2"": {""1"": ""conflict"", ""2"": ""blocked""}}"
2025-03-29 15:23:44,"{""gw-4"": {""1"": ""blocked"", ""2"": ""conflict""}}"
2025-03-29 15:23:44,"{""gw-3"": {""1"": ""conflict"", ""2"": ""blocked""}}"
2025-03-29 15:23:44,"{""gw-4"": {""1"": ""conflict"", ""2"": ""conflict""}}"
2025-03-29 15:23:44,"{""gw-4"": {""1"": ""blocked"", ""2"": ""conflict""}}"
2025-03-29 15:23:44,"{""gw-3"": {""1"": ""conflict"", ""2"": ""blocked""}}"
2025-03-29 15:23:44,"{""gw-4"": {""1"": ""conflict"", ""2"": ""conflict""}}"
2025-03-29 15:23:44,"{""gw-4"": {""1"": ""conflict"", ""2"": ""blocked""}}"
2025-03-29 15:23:45,"{""gw-1"": {""1"": ""blocked"", ""2"": ""blocked""}, ""gw-4"": {""1"": ""conflict"", ""2"": ""blocked""}}"
2025-03-29 15:23:45,"{""gw-2"": {""1"": ""blocked"", ""2"": ""blocked""}}"
2025-03-29 15:23:47,"{""gw-4"": {""1"": ""blocked"", ""2"": ""blocked""}, ""gw-3"": {""1"": ""blocked"", ""2"": ""blocked""}, ""gw-2"": {""1"": ""blocked"", ""2"": ""blocked""}}"
2025-03-29 15:23:47,"{""gw-2"": {""1"": ""blocked"", ""2"": ""blocked""}}"
2025-03-29 15:23:47,"{""gw-4"": {""1"": ""blocked"", ""2"": ""blocked""}, ""gw-1"": {""1"": ""blocked"", ""2"": ""blocked""}}"
2025-03-29 15:23:48,"{""gw-3"": {""1"": ""blocked"", ""2"": ""blocked""}}"
2025-03-29 15:23:48,"{""gw-3"": {""1"": ""blocked"", ""2"": ""blocked""}}"
2025-03-29 15:23:51,"{""gw-1"": {""1"": ""blocked"", ""2"": ""blocked""}}"
2025-03-29 15:23:51,"{""gw-1"": {""1"": ""blocked"", ""2"": ""blocked""}, ""gw-3"": {""1"": ""conflict"", ""2"": ""blocked""}, ""gw-2"": {""1"": ""blocked"", ""2"": ""blocked""}}"
2025-03-29 15:23:51,"{""gw-3"": {""1"": ""blocked"", ""2"": ""blocked""}, ""gw-2"": {""1"": ""blocked"", ""2"": ""blocked""}, ""gw-1"": {""1"": ""blocked"", ""2"": ""blocked""}}"
2025-03-29 15:23:56,"{""gw-3"": {""1"": ""blocked"", ""2"": ""conflict""}}"
2025-03-29 15:23:57,"{""gw-1"": {""1"": ""blocked"", ""2"": ""conflict""}}"
2025-03-29 15:23:58,"{""gw-4"": {""1"": ""blocked"", ""2"": ""conflict""}, ""gw-1"": {""1"": ""conflict"", ""2"": ""blocked""}}"
2025-03-29 15:23:58,"{""gw-4"": {""1"": ""conflict"", ""2"": ""conflict""}}"
2025-03-29 15:23:58,"{""gw-1"": {""1"": ""conflict"", ""2"": ""blocked""}, ""gw-4"": {""1"": ""conflict"", ""2"": ""conflict""}}"
2025-03-29 15:23:58,"{""gw-4"": {""1"": ""conflict"", ""2"": ""conflict""}}"
2025-03-29 15:24:00,"{""gw-3"": {""1"": ""blocked"", ""2"": ""blocked""}}"
2025-03-29 15:24:03,"{""gw-4"": {""1"": ""blocked"", ""2"": ""blocked""}, ""gw-2"": {""1"": ""blocked"", ""2"": ""blocked""}}"
2025-03-29 15:24:04,"{""gw-2"": {""1"": ""blocked"", ""2"": ""blocked""}, ""gw-3"": {""1"": ""blocked"", ""2"": ""blocked""}}"
2025-03-29 15:24:06,"{""gw-3"": {""1"": ""blocked"", ""2"": ""blocked""}, ""gw-1"": {""1"": ""blocked"", ""2"": ""blocked""}, ""gw-2"": {""1"": ""blocked"", ""2"": ""blocked""}}"
2025-03-29 15:24:07,"{""gw-3"": {""1"": ""blocked"", ""2"": ""blocked""}}"
2025-03-29 15:24:07,"{""gw-3"": {""1"": ""blocked"", ""2"": ""blocked""}, ""gw-1"": {""1"": ""blocked"", ""2"": ""blocked""}}"
2025-03-29 15:24:07,"{""gw-1"": {""1"": ""blocked"", ""2"": ""blocked""}, ""gw-2"": {""1"": ""blocked"", ""2"": ""blocked""}}"
2025-03-29 15:24:10,"{""gw-1"": {""1"": ""blocked"", ""2"": ""conflict""}}"
2025-03-29 15:24:11,"{""gw-3"": {""1"": ""conflict"", ""2"": ""conflict""}}"
2025-03-29 15:24:11,"{""gw-3"": {""1"": ""conflict"", ""2"": ""blocked""}}"
2025-03-29 15:24:13,"{""gw-4"": {""1"": ""conflict"", ""2"": ""blocked""}}"
2025-03-29 15:24:14,"{""gw-3"": {""1"": ""blocked"", ""2"": ""blocked""}}"
2025-03-29 15:24:15,"{""gw-4"": {""1"": ""blocked"", ""2"": ""blocked""}, ""gw-3"": {""1"": ""blocked"", ""2"": ""blocked""}, ""gw-1"": {""1"": ""blocked"", ""2"": ""blocked""}}"
2025-03-29 15:24:17,"{""gw-3"": {""1"": ""blocked"", ""2"": ""blocked""}, ""gw-2"": {""1"": ""blocked"", ""2"": ""blocked""}}"
2025-03-29 15:24:17,"{""gw-4"": {""1"": ""blocked"", ""2"": ""blocked""}, ""gw-1"": {""1"": ""blocked"", ""2"": ""blocked""}}"
2025-03-29 15:24:18,"{""gw-4"": {""1"": ""blocked"", ""2"": ""blocked""}, ""gw-2"": {""1"": ""blocked"", ""2"": ""blocked""}}"
2025-03-29 15:24:18,"{""gw-3"": {""1"": ""blocked"", ""2"": ""blocked""}}"
2025-03-29 15:24:19,"{""gw-1"": {""1"": ""blocked"", ""2"": ""blocked""}}"
2025-03-29 15:24:19,"{""gw-3"": {""1"": ""blocked"", ""2"": ""blocked""}}"
2025-03-29 15:24:22,"{""gw-2"": {""1"": ""conflict"", ""2"": ""conflict""}, ""gw-3"": {""1"": ""conflict"", ""2"": ""conflict""}}"
2025-03-29 15:24:26,"{""gw-2"": {""1"": ""blocked"", ""2"": ""blocked""}}"
2025-03-29 15:24:28,"{""gw-2"": {""1"": ""blocked"", ""2"": ""blocked""}, ""gw-3"": {""1"": ""blocked"", ""2"": ""blocked""}}"
2025-03-29 15:24:29,"{""gw-3"": {""1"": ""blocked"", ""2"": ""blocked""}}"
2025-03-29 15:24:31,"{""gw-3"": {""1"": ""blocked"", ""2"": ""blocked""}, ""gw-2"": {""1"": ""blocked"", ""2"": ""blocked""}}"
2025-03-29 15:24:32,"{""gw-2"": {""1"": ""blocked"", ""2"": ""blocked""}, ""gw-3"": {""1"": ""blocked"", ""2"": ""blocked""}}"
2025-03-29 15:24:32,"{""gw-2"": {""1"": ""blocked"", ""2"": ""blocked""}, ""gw-4"": {""1"": ""blocked"", ""2"": ""blocked""}, ""gw-3"": {""1"": ""blocked"", ""2"": ""blocked""}}"
2025-03-29 15:24:33,"{""gw-3"": {""1"": ""blocked"", ""2"": ""blocked""}, ""gw-1"": {""1"": ""blocked"", ""2"": ""conflict""}, ""gw-2"": {""1"": ""blocked"", ""2"": ""blocked""}}"
2025-03-29 15:24:34,"{""gw-4"": {""1"": ""blocked"", ""2"": ""blocked""}, ""gw-1"": {""1"": ""conflict"", ""2"": ""blocked""}}"
2025-03-29 15:24:35,"{""gw-4"": {""1"": ""blocked"", ""2"": ""blocked""}}"
2025-03-29 15:24:36,"{""gw-3"": {""1"": ""conflict"", ""2"": ""blocked""}, ""gw-4"": {""1"": ""blocked"", ""2"": ""blocked""}}"
2025-03-29 15:24:36,"{""gw-1"": {""1"": ""blocked"", ""2"": ""blocked""}, ""gw-4"": {""1"": ""blocked"", ""2"": ""blocked""}, ""gw-3"": {""1"": ""conflict"", ""2"": ""blocked""}}"
2025-03-29 15:24:37,"{""gw-1"": {""1"": ""blocked"", ""2"": ""blocked""}}"
2025-03-29 15:24:37,"{""gw-1"": {""1"": ""blocked"", ""2"": ""blocked""}, ""gw-2"": {""1"": ""blocked"", ""2"": ""blocked""}}"
2025-03-29 15:24:38,"{""gw-1"": {""1"": ""blocked"", ""2"": ""blocked""}, ""gw-4"": {""1"": ""blocked"", ""2"": ""conflict""}}"
2025-03-29 15:24:38,"{""gw-1"": {""1"": ""blocked"", ""2"": ""blocked""}, ""gw-4"": {""1"": ""blocked"", ""2"": ""conflict""}, ""gw-2"": {""1"": ""blocked"", ""2"": ""blocked""}}"
2025-03-29 15:24:38,"{""gw-1"": {""1"": ""blocked"", ""2"": ""blocked""}, ""gw-2"": {""1"": ""blocked"", ""2"": ""blocked""}, ""gw-4"": {""1"": ""blocked"", ""2"": ""conflict""}}"
2025-03-29 15:24:39,"{""gw-3"": {""1"": ""blocked"", ""2"": ""blocked""}, ""gw-4"": {""1"": ""blocked"", ""2"": ""conflict""}}"
2025-03-29 15:24:39,"{""gw-4"": {""1"": ""blocked"", ""2"": ""conflict""}, ""gw-1"": {""1"": ""blocked"", ""2"": ""blocked""}}"
2025-03-29 15:24:42,"{""gw-4"": {""1"": ""blocked"", ""2"": ""blocked""}, ""gw-1"": {""1"": ""blocked"", ""2"": ""blocked""}}"
2025-03-29 15:24:43,"{""gw-4"": {""1"": ""blocked"", ""2"": ""blocked""}, ""gw-2"": {""1"": ""blocked"", ""2"": ""blocked""}}"
2025-03-29 15:24:45,"{""gw-2"": {""1"": ""blocked"", ""2"": ""blocked""}}"
2025-03-29 15:24:45,"{""gw-2"": {""1"": ""blocked"", ""2"": ""blocked""}}"
2025-03-29 15:24:46,"{""gw-1"": {""1"": ""blocked"", ""2"": ""conflict""}, ""gw-4"": {""1"": ""blocked"", ""2"": ""blocked""}}"
2025-03-29 15:24:47,"{""gw-1"": {""1"": ""conflict"", ""2"": ""blocked""}, ""gw-3"": {""1"": ""blocked"", ""2"": ""conflict""}}"
2025-03-29 15:24:48,"{""gw-4"": {""1"": ""blocked"", ""2"": ""blocked""}}"
2025-03-29 15:24:49,"{""gw-4"": {""1"": ""blocked"", ""2"": ""blocked""}, ""gw-3"": {""1"": ""conflict"", ""2"": ""blocked""}}"
2025-03-29 15:24:50,"{""gw-1"": {""1"": ""blocked"", ""2"": ""blocked""}}"
2025-03-29 15:24:52,"{""gw-3"": {""1"": ""blocked"", ""2"": ""blocked""}}"
2025-03-29 15:24:52,"{""gw-1"": {""1"": ""blocked"", ""2"": ""blocked""}}"
2025-03-29 15:24:53,"{""gw-1"": {""1"": ""blocked"", ""2"": ""blocked""}, ""gw-4"": {""1"": ""conflict"", ""2"": ""blocked""}, ""gw-2"": {""1"": ""blocked"", ""2"": ""blocked""}}"
2025-03-29 15:24:58,"{""gw-2"": {""1"": ""conflict"", ""2"": ""blocked""}, ""gw-1"": {""1"": ""conflict"", ""2"": ""conflict""}}"
2025-03-29 15:24:59,"{""gw-2"": {""1"": ""blocked"", ""2"": ""blocked""}}"
2025-03-29 15:24:59,"{""gw-3"": {""1"": ""blocked"", ""2"": ""conflict""}, ""gw-4"": {""1"": ""blocked"", ""2"": ""blocked""}, ""gw-1"": {""1"": ""conflict"", ""2"": ""blocked""}}"
2025-03-29 15:25:01,"{""gw-4"": {""1"": ""blocked"", ""2"": ""blocked""}}"
2025-03-29 15:25:01,"{""gw-4"": {""1"": ""blocked"", ""2"": ""blocked""}}"
2025-03-29 15:25:05,"{""gw-3"": {""1"": ""blocked"", ""2"": ""blocked""}}"
2025-03-29 15:25:07,"{""gw-3"": {""1"": ""blocked"", ""2"": ""blocked""}}"
2025-03-29 15:25:07,"{""gw-1"": {""1"": ""blocked"", ""2"": ""blocked""}, ""gw-3"": {""1"": ""blocked"", ""2"": ""blocked""}}"
2025-03-29 15:25:08,"{""gw-2"": {""1"": ""conflict"", ""2"": ""blocked""}}"
2025-03-29 15:25:08,"{""gw-1"": {""1"": ""blocked"", ""2"": ""blocked""}, ""gw-2"": {""1"": ""conflict"", ""2"": ""blocked""}}"
2025-03-29 15:25:09,"{""gw-3"": {""1"": ""blocked"", ""2"": ""blocked""}}"
2025-03-29 15:25:09,"{""gw-1"": {""1"": ""blocked"", ""2"": ""blocked""}}"
2025-03-29 15:25:13,"{""gw-3"": {""1"": ""conflict"", ""2"": ""blocked""}}"
2025-03-29 15:25:13,"{""gw-2"": {""1"": ""blocked"", ""2"": ""blocked""}}"
2025-03-29 15:25:17,"{""gw-2"": {""1"": ""blocked"", ""2"": ""blocked""}, ""gw-4"": {""1"": ""blocked"", ""2"": ""blocked""}}"
2025-03-29 15:25:19,"{""gw-4"": {""1"": ""conflict"", ""2"": ""blocked""}}"
2025-03-29 15:25:20,"{""gw-1"": {""1"": ""blocked"", ""2"": ""blocked""}, ""gw-3"": {""1"": ""blocked"", ""2"": ""blocked""}}"
2025-03-29 15:25:20,"{""gw-1"": {""1"": ""blocked"", ""2"": ""blocked""}}"
2025-03-29 15:25:22,"{""gw-4"": {""1"": ""conflict"", ""2"": ""conflict""}, ""gw-3"": {""1"": ""blocked"", ""2"": ""blocked""}}"
2025-03-29 15:25:23,"{""gw-4"": {""1"": ""conflict"", ""2"": ""blocked""}}"
2025-03-29 15:25:25,"{""gw-2"": {""1"": ""blocked"", ""2"": ""blocked""}}"
2025-03-29 15:25:25,"{""gw-3"": {""1"": ""blocked"", ""2"": ""conflict""}, ""gw-2"": {""1"": ""blocked"", ""2"": ""blocked""}}"
2025-03-29 15:25:25,"{""gw-4"": {""1"": ""blocked"", ""2"": ""blocked""}, ""gw-3"": {""1"": ""conflict"", ""2"": ""conflict""}}"
2025-03-29 15:25:25,"{""gw-3"": {""1"": ""conflict"", ""2"": ""conflict""}}"
2025-03-29 15:25:26,"{""gw-3"": {""1"": ""conflict"", ""2"": ""blocked""}}"
2025-03-29 15:25:27,"{""gw-4"": {""1"": ""blocked"", ""2"": ""blocked""}}"
2025-03-29 15:25:28,"{""gw-3"": {""1"": ""blocked"", ""2"": ""blocked""}, ""gw-4"": {""1"": ""blocked"", ""2"": ""blocked""}, ""gw-2"": {""1"": ""blocked"", ""2"": ""blocked""}}"
2025-03-29 15:25:29,"{""gw-1"": {""1"": ""blocked"", ""2"": ""blocked""}}"
2025-03-29 15:25:32,"{""gw-1"": {""1"": ""blocked"", ""2"": ""blocked""}}"
2025-03-29 15:25:36,"{""gw-2"": {""1"": ""blocked"", ""2"": ""blocked""}}"
2025-03-29 15:25:37,"{""gw-2"": {""1"": ""blocked"", ""2"": ""blocked""}}"
2025-03-29 15:25:37,"{""gw-2"": {""1"": ""blocked"", ""2"": ""blocked""}}"
2025-03-29 15:25:39,"{""gw-4"": {""1"": ""blocked"", ""2"": ""blocked""}, ""gw-2"": {""1"": ""blocked"", ""2"": ""blocked""}}"
2025-03-29 15:25:39,"{""gw-2"": {""1"": ""blocked"", ""2"": ""blocked""}}"
2025-03-29 15:25:40,"{""gw-1"": {""1"": ""blocked"", ""2"": ""blocked""}}"
2025-03-29 15:25:41,"{""gw-2"": {""1"": ""blocked"", ""2"": ""blocked""}}"
2025-03-29 15:25:41,"{""gw-3"": {""1"": ""blocked"", ""2"": ""conflict""}}"
2025-03-29 15:25:42,"{""gw-3"": {""1"": ""conflict"", ""2"": ""blocked""}}"
2025-03-29 15:25:43,"{""gw-3"": {""1"": ""conflict"", ""2"": ""blocked""}, ""gw-2"": {""1"": ""blocked"", ""2"": ""blocked""}, ""gw-4"": {""1"": ""blocked"", ""2"": ""blocked""}}"
2025-03-29 15:25:44,"{""gw-2"": {""1"": ""blocked"", ""2"": ""blocked""}}"
2025-03-29 15:25:46,"{""gw-1"": {""1"": ""conflict"", ""2"": ""conflict""}}"
2025-03-29 15:25:47,"{""gw-2"": {""1"": ""conflict"", ""2"": ""conflict""}}"
2025-03-29 15:25:49,"{""gw-4"": {""1"": ""conflict"", ""2"": ""blocked""}}"
2025-03-29 15:25:49,"{""gw-4"": {""1"": ""conflict"", ""2"": ""blocked""}}"
2025-03-29 15:25:50,"{""gw-2"": {""1"": ""blocked"", ""2"": ""blocked""}, ""gw-1"": {""1"": ""conflict"", ""2"": ""blocked""}, ""gw-3"": {""1"": ""blocked"", ""2"": ""blocked""}}"
2025-03-29 15:25:50,"{""gw-3"": {""1"": ""blocked"", ""2"": ""blocked""}}"
2025-03-29 15:25:51,"{""gw-3"": {""1"": ""blocked"", ""2"": ""blocked""}}"
2025-03-29 15:25:53,"{""gw-2"": {""1"": ""blocked"", ""2"": ""blocked""}, ""gw-3"": {""1"": ""conflict"", ""2"": ""conflict""}}"
2025-03-29 15:25:55,"{""gw-2"": {""1"": ""blocked"", ""2"": ""blocked""}, ""gw-4"": {""1"": ""blocked"", ""2"": ""blocked""}}"
2025-03-29 15:25:57,"{""gw-2"": {""1"": ""blocked"", ""2"": ""blocked""}, ""gw-1"": {""1"": ""blocked"", ""2"": ""blocked""}, ""gw-4"": {""1"": ""blocked"", ""2"": ""blocked""}}"
2025-03-29 15:25:58,"{""gw-4"": {""1"": ""blocked"", ""2"": ""blocked""}, ""gw-3"": {""1"": ""conflict"", ""2"": ""blocked""}}"
2025-03-29 15:25:59,"{""gw-4"": {""1"": ""blocked"", ""2"": ""blocked""}, ""gw-2"": {""1"": ""blocked"", ""2"": ""conflict""}}"
2025-03-29 15:25:59,"{""gw-1"": {""1"": ""blocked"", ""2"": ""blocked""}}"
2025-03-29 15:25:59,"{""gw-1"": {""1"": ""blocked"", ""2"": ""blocked""}}"
2025-03-29 15:26:00,"{""gw-3"": {""1"": ""blocked"", ""2"": ""blocked""}}"
2025-03-29 15:26:02,"{""gw-1"": {""1"": ""conflict"", ""2"": ""blocked""}, ""gw-3"": {""1"": ""blocked"", ""2"": ""blocked""}}"
2025-03-29 15:26:02,"{""gw-1"": {""1"": ""conflict"", ""2"": ""blocked""}, ""gw-3"": {""1"": ""blocked"", ""2"": ""blocked""}}"
2025-03-29 15:26:02,"{""gw-2"": {""1"": ""blocked"", ""2"": ""blocked""}}"
2025-03-29 15:26:02,"{""gw-2"": {""1"": ""blocked"", ""2"": ""blocked""}}"
2025-03-29 15:26:03,"{""gw-2"": {""1"": ""blocked"", ""2"": ""blocked""}}"
2025-03-29 15:26:03,"{""gw-2"": {""1"": ""blocked"", ""2"": ""blocked""}}"
2025-03-29 15:26:05,"{""gw-4"": {""1"": ""blocked"", ""2"": ""blocked""}, ""gw-1"": {""1"": ""blocked"", ""2"": ""blocked""}, ""gw-3"": {""1"": ""blocked"", ""2"": ""conflict""}, ""gw-2"": {""1"": ""blocked"", ""2"": ""blocked""}}"
2025-03-29 15:26:05,"{""gw-3"": {""1"": ""conflict"", ""2"": ""conflict""}, ""gw-4"": {""1"": ""blocked"", ""2"": ""blocked""}, ""gw-2"": {""1"": ""blocked"", ""2"": ""blocked""}}"
2025-03-29 15:26:05,"{""gw-3"": {""1"": ""blocked"", ""2"": ""conflict""}, ""gw-1"": {""1"": ""blocked"", ""2"": ""blocked""}}"
2025-03-29 15:26:07,"{""gw-2"": {""1"": ""blocked"", ""2"": ""blocked""}, ""gw-4"": {""1"": ""blocked"", ""2"": ""blocked""}}"
2025-03-29 15:26:07,"{""gw-2"": {""1"": ""blocked"", ""2"": ""blocked""}}"
2025-03-29 15:26:09,"{""gw-1"": {""1"": ""blocked"", ""2"": ""blocked""}}"
2025-03-29 15:26:09,"{""gw-4"": {""1"": ""blocked"", ""2"": ""blocked""}}"
2025-03-29 15:26:10,"{""gw-3"": {""1"": ""blocked"", ""2"": ""blocked""}, ""gw-1"": {""1"": ""blocked"", ""2"": ""blocked""}}"
2025-03-29 15:26:10,"{""gw-2"": {""1"": ""blocked"", ""2"": ""blocked""}}"
2025-03-29 15:26:10,"{""gw-3"": {""1"": ""blocked"", ""2"": ""blocked""}}"
2025-03-29 15:26:10,"{""gw-1"": {""1"": ""blocked"", ""2"": ""blocked""}, ""gw-3"": {""1"": ""blocked"", ""2"": ""blocked""}}"
2025-03-29 15:26:11,"{""gw-4"": {""1"": ""blocked"", ""2"": ""blocked""}}"
2025-03-29 15:26:12,"{""gw-4"": {""1"": ""blocked"", ""2"": ""conflict""}}"
2025-03-29 15:26:13,"{""gw-3"": {""1"": ""blocked"", ""2"": ""blocked""}}"
2025-03-29 15:26:17,"{""gw-4"": {""1"": ""blocked"", ""2"": ""blocked""}, ""gw-2"": {""1"": ""blocked"", ""2"": ""blocked""}}"
2025-03-29 15:26:19,"{""gw-1"": {""1"": ""blocked"", ""2"": ""blocked""}}"
2025-03-29 15:26:21,"{""gw-1"": {""1"": ""blocked"", ""2"": ""blocked""}, ""gw-2"": {""1"": ""blocked"", ""2"": ""blocked""}}"
2025-03-29 15:26:21,"{""gw-2"": {""1"": ""blocked"", ""2"": ""blocked""}}"
2025-03-29 15:26:22,"{""gw-3"": {""1"": ""blocked"", ""2"": ""blocked""}}"
2025-03-29 15:26:23,"{""gw-2"": {""1"": ""blocked"", ""2"": ""blocked""}, ""gw-3"": {""1"": ""blocked"", ""2"": ""blocked""}}"
2025-03-29 15:26:23,"{""gw-4"": {""1"": ""blocked"", ""2"": ""blocked""}, ""gw-3"": {""1"": ""blocked"", ""2"": ""blocked""}}"
2025-03-29 15:26:23,"{""gw-1"": {""1"": ""blocked"", ""2"": ""blocked""}}"
2025-03-29 15:26:23,"{""gw-4"": {""1"": ""blocked"", ""2"": ""blocked""}}"
2025-03-29 15:26:24,"{""gw-3"": {""1"": ""blocked"", ""2"": ""blocked""}}"
2025-03-29 15:26:24,"{""gw-3"": {""1"": ""blocked"", ""2"": ""blocked""}, ""gw-1"": {""1"": ""blocked"", ""2"": ""blocked""}}"
2025-03-29 15:26:25,"{""gw-1"": {""1"": ""blocked"", ""2"": ""blocked""}}"
2025-03-29 15:26:25,"{""gw-3"": {""1"": ""blocked"", ""2"": ""blocked""}, ""gw-4"": {""1"": ""conflict"", ""2"": ""conflict""}}"
2025-03-29 15:26:26,"{""gw-4"": {""1"": ""conflict"", ""2"": ""blocked""}, ""gw-3"": {""1"": ""blocked"", ""2"": ""blocked""}, ""gw-1"": {""1"": ""blocked"", ""2"": ""blocked""}}"
2025-03-29 15:26:29,"{""gw-3"": {""1"": ""blocked"", ""2"": ""blocked""}}"
2025-03-29 15:26:30,"{""gw-1"": {""1"": ""blocked"", ""2"": ""conflict""}, ""gw-4"": {""1"": ""blocked"", ""2"": ""blocked""}}"
2025-03-29 15:26:30,"{""gw-4"": {""1"": ""blocked"", ""2"": ""blocked""}, ""gw-2"": {""1"": ""blocked"", ""2"": ""blocked""}}"
2025-03-29 15:26:31,"{""gw-2"": {""1"": ""blocked"", ""2"": ""blocked""}, ""gw-1"": {""1"": ""conflict"", ""2"": ""blocked""}}"
2025-03-29 15:26:31,"{""gw-4"": {""1"": ""blocked"", ""2"": ""blocked""}, ""gw-2"": {""1"": ""blocked"", ""2"": ""blocked""}}"
2025-03-29 15:26:31,"{""gw-4"": {""1"": ""blocked"", ""2"": ""blocked""}}"
2025-03-29 15:26:31,"{""gw-3"": {""1"": ""conflict"", ""2"": ""conflict""}}"
2025-03-29 15:26:32,"{""gw-4"": {""1"": ""blocked"", ""2"": ""blocked""}, ""gw-2"": {""1"": ""blocked"", ""2"": ""blocked""}}"
2025-03-29 15:26:33,"{""gw-2"": {""1"": ""blocked"", ""2"": ""blocked""}}"
2025-03-29 15:26:33,"{""gw-4"": {""1"": ""blocked"", ""2"": ""blocked""}, ""gw-2"": {""1"": ""blocked"", ""2"": ""blocked""}, ""gw-1"": {""1"": ""blocked"", ""2"": ""blocked""}}"
2025-03-29 15:26:33,"{""gw-1"": {""1"": ""blocked"", ""2"": ""blocked""}}"
2025-03-29 15:26:33,"{""gw-1"": {""1"": ""blocked"", ""2"": ""blocked""}}"
2025-03-29 15:26:33,"{""gw-2"": {""1"": ""blocked"", ""2"": ""blocked""}}"
2025-03-29 15:26:34,"{""gw-2"": {""1"": ""blocked"", ""2"": ""blocked""}}"
2025-03-29 15:26:36,"{""gw-1"": {""1"": ""blocked"", ""2"": ""blocked""}, ""gw-3"": {""1"": ""blocked"", ""2"": ""blocked""}}"
2025-03-29 15:26:37,"{""gw-3"": {""1"": ""blocked"", ""2"": ""blocked""}, ""gw-1"": {""1"": ""blocked"", ""2"": ""blocked""}}"
2025-03-29 15:26:38,"{""gw-4"": {""1"": ""conflict"", ""2"": ""blocked""}, ""gw-3"": {""1"": ""blocked"", ""2"": ""blocked""}}"
2025-03-29 15:26:38,"{""gw-3"": {""1"": ""blocked"", ""2"": ""blocked""}, ""gw-2"": {""1"": ""blocked"", ""2"": ""conflict""}}"
2025-03-29 15:26:38,"{""gw-3"": {""1"": ""blocked"", ""2"": ""blocked""}}"
2025-03-29 15:26:40,"{""gw-3"": {""1"": ""blocked"", ""2"": ""blocked""}}"
2025-03-29 15:26:40,"{""gw-3"": {""1"": ""blocked"", ""2"": ""blocked""}}"
2025-03-29 15:26:43,"{""gw-2"": {""1"": ""blocked"", ""2"": ""blocked""}, ""gw-4"": {""1"": ""blocked"", ""2"": ""blocked""}}"
2025-03-29 15:26:44,"{""gw-2"": {""1"": ""blocked"", ""2"": ""blocked""}}"
2025-03-29 15:26:44,"{""gw-2"": {""1"": ""blocked"", ""2"": ""blocked""}}"
2025-03-29 15:26:45,"{""gw-1"": {""1"": ""blocked"", ""2"": ""blocked""}, ""gw-4"": {""1"": ""blocked"", ""2"": ""blocked""}}"
2025-03-29 15:26:46,"{""gw-4"": {""1"": ""blocked"", ""2"": ""blocked""}, ""gw-1"": {""1"": ""blocked"", ""2"": ""blocked""}}"
2025-03-29 15:26:46,"{""gw-4"": {""1"": ""blocked"", ""2"": ""blocked""}}"
2025-03-29 15:26:46,"{""gw-1"": {""1"": ""blocked"", ""2"": ""blocked""}}"
2025-03-29 15:26:47,"{""gw-4"": {""1"": ""blocked"", ""2"": ""blocked""}}"
2025-03-29 15:26:47,"{""gw-1"": {""1"": ""blocked"", ""2"": ""blocked""}, ""gw-4"": {""1"": ""blocked"", ""2"": ""blocked""}}"
2025-03-29 15:26:48,"{""gw-3"": {""1"": ""blocked"", ""2"": ""blocked""}}"
2025-03-29 15:26:49,"{""gw-3"": {""1"": ""blocked"", ""2"": ""blocked""}, ""gw-2"": {""1"": ""blocked"", ""2"": ""blocked""}, ""gw-1"": {""1"": ""blocked"", ""2"": ""blocked""}}"
2025-03-29 15:26:51,"{""gw-1"": {""1"": ""blocked"", ""2"": ""blocked""}}"
2025-03-29 15:26:55,"{""gw-3"": {""1"": ""blocked"", ""2"": ""blocked""}}"
2025-03-29 15:26:58,"{""gw-4"": {""1"": ""conflict"", ""2"": ""blocked""}, ""gw-2"": {""1"": ""blocked"", ""2"": ""blocked""}}"
2025-03-29 15:27:03,"{""gw-4"": {""1"": ""blocked"", ""2"": ""blocked""}, ""gw-3"": {""1"": ""blocked"", ""2"": ""blocked""}, ""gw-1"": {""1"": ""blocked"", ""2"": ""blocked""}}"
2025-03-29 15:27:05,"{""gw-1"": {""1"": ""blocked"", ""2"": ""blocked""}, ""gw-3"": {""1"": ""blocked"", ""2"": ""blocked""}}"
2025-03-29 15:27:07,"{""gw-3"": {""1"": ""blocked"", ""2"": ""blocked""}, ""gw-2"": {""1"": ""conflict"", ""2"": ""blocked""}}"
2025-03-29 15:27:09,"{""gw-3"": {""1"": ""blocked"", ""2"": ""blocked""}, ""gw-2"": {""1"": ""blocked"", ""2"": ""blocked""}}"
2025-03-29 15:27:11,"{""gw-1"": {""1"": ""conflict"", ""2"": ""blocked""}}"
2025-03-29 15:27:12,"{""gw-3"": {""1"": ""conflict"", ""2"": ""conflict""}, ""gw-2"": {""1"": ""blocked"", ""2"": ""blocked""}}"
2025-03-29 15:27:12,"{""gw-2"": {""1"": ""blocked"", ""2"": ""blocked""}}"
2025-03-29 15:27:12,"{""gw-1"": {""1"": ""blocked"", ""2"": ""blocked""}}"
2025-03-29 15:27:13,"{""gw-1"": {""1"": ""blocked"", ""2"": ""blocked""}, ""gw-4"": {""1"": ""conflict"", ""2"": ""blocked""}, ""gw-2"": {""1"": ""blocked"", ""2"": ""blocked""}}"
2025-03-29 15:27:14,"{""gw-2"": {""1"": ""blocked"", ""2"": ""blocked""}}"
2025-03-29 15:27:15,"{""gw-2"": {""1"": ""blocked"", ""2"": ""blocked""}}"
2025-03-29 15:27:16,"{""gw-4"": {""1"": ""blocked"", ""2"": ""blocked""}}"
2025-03-29 15:27:18,"{""gw-1"": {""1"": ""blocked"", ""2"": ""blocked""}}"
2025-03-29 15:27:18,"{""gw-4"": {""1"": ""blocked"", ""2"": ""blocked""}}"
2025-03-29 15:27:18,"{""gw-2"": {""1"": ""conflict"", ""2"": ""blocked""}}"
2025-03-29 15:27:18,"{""gw-2"": {""1"": ""conflict"", ""2"": ""blocked""}, ""gw-4"": {""1"": ""blocked"", ""2"": ""blocked""}}"
2025-03-29 15:27:19,"{""gw-1"": {""1"": ""blocked"", ""2"": ""blocked""}}"
2025-03-29 15:27:20,"{""gw-4"": {""1"": ""blocked"", ""2"": ""blocked""}}"
2025-03-29 15:27:23,"{""gw-4"": {""1"": ""blocked"", ""2"": ""blocked""}}"
2025-03-29 15:27:27,"{""gw-1"": {""1"": ""blocked"", ""2"": ""blocked""}}"
2025-03-29 15:27:33,"{""gw-3"": {""1"": ""conflict"", ""2"": ""blocked""}}"
2025-03-29 15:27:39,"{""gw-2"": {""1"": ""blocked"", ""2"": ""blocked""}, ""gw-4"": {""1"": ""conflict"", ""2"": ""blocked""}}"
2025-03-29 15:27:40,"{""gw-3"": {""1"": ""blocked"", ""2"": ""blocked""}}"
2025-03-29 15:27:42,"{""gw-1"": {""1"": ""conflict"", ""2"": ""blocked""}, ""gw-4"": {""1"": ""blocked"", ""2"": ""blocked""}}"
2025-03-29 15:27:46,"{""gw-2"": {""1"": ""blocked"", ""2"": ""blocked""}}"
2025-03-29 15:27:47,"{""gw-1"": {""1"": ""blocked"", ""2"": ""blocked""}}"
2025-03-29 15:27:48,"{""gw-1"": {""1"": ""blocked"", ""2"": ""blocked""}}"
2025-03-29 15:27:49,"{""gw-4"": {""1"": ""blocked"", ""2"": ""conflict""}}"
2025-03-29 15:27:54,"{""gw-4"": {""1"": ""blocked"", ""2"": ""blocked""}}"
2025-03-29 15:27:54,"{""gw-1"": {""1"": ""blocked"", ""2"": ""conflict""}}"
2025-03-29 15:27:54,"{""gw-4"": {""1"": ""blocked"", ""2"": ""blocked""}}"
2025-03-29 15:27:56,"{""gw-2"": {""1"": ""blocked"", ""2"": ""conflict""}}"
2025-03-29 15:27:56,"{""gw-4"": {""1"": ""blocked"", ""2"": ""blocked""}}"
2025-03-29 15:27:57,"{""gw-2"": {""1"": ""conflict"", ""2"": ""blocked""}, ""gw-3"": {""1"": ""conflict"", ""2"": ""blocked""}}"
2025-03-29 15:27:58,"{""gw-4"": {""1"": ""blocked"", ""2"": ""blocked""}}"
2025-03-29 15:27:59,"{""gw-3"": {""1"": ""blocked"", ""2"": ""blocked""}}"
2025-03-29 15:28:00,"{""gw-1"": {""1"": ""conflict"", ""2"": ""blocked""}}"
2025-03-29 15:28:00,"{""gw-3"": {""1"": ""blocked"", ""2"": ""blocked""}, ""gw-2"": {""1"": ""blocked"", ""2"": ""blocked""}}"
2025-03-29 15:28:02,"{""gw-2"": {""1"": ""blocked"", ""2"": ""blocked""}}"
2025-03-29 15:28:04,"{""gw-3"": {""1"": ""blocked"", ""2"": ""blocked""}, ""gw-2"": {""1"": ""blocked"", ""2"": ""blocked""}}"
2025-03-29 15:28:07,"{""gw-2"": {""1"": ""blocked"", ""2"": ""conflict""}, ""gw-3"": {""1"": ""blocked"", ""2"": ""conflict""}}"
2025-03-29 15:28:11,"{""gw-4"": {""1"": ""blocked"", ""2"": ""blocked""}}"
2025-03-29 15:28:15,"{""gw-3"": {""1"": ""blocked"", ""2"": ""blocked""}}"
2025-03-29 15:28:16,"{""gw-3"": {""1"": ""blocked"", ""2"": ""blocked""}}"
2025-03-29 15:28:17,"{""gw-2"": {""1"": ""blocked"", ""2"": ""blocked""}}"
2025-03-29 15:28:17,"{""gw-1"": {""1"": ""blocked"", ""2"": ""blocked""}}"
2025-03-29 15:28:18,"{""gw-2"": {""1"": ""blocked"", ""2"": ""blocked""}, ""gw-3"": {""1"": ""blocked"", ""2"": ""blocked""}}"
2025-03-29 15:28:20,"{""gw-3"": {""1"": ""blocked"", ""2"": ""conflict""}}"
2025-03-29 15:28:20,"{""gw-3"": {""1"": ""blocked"", ""2"": ""conflict""}}"
2025-03-29 15:28:21,"{""gw-3"": {""1"": ""blocked"", ""2"": ""conflict""}, ""gw-2"": {""1"": ""conflict"", ""2"": ""blocked""}}"
2025-03-29 15:28:21,"{""gw-3"": {""1"": ""conflict"", ""2"": ""blocked""}, ""gw-4"": {""1"": ""conflict"", ""2"": ""conflict""}}"
2025-03-29 15:28:29,"{""gw-3"": {""1"": ""blocked"", ""2"": ""blocked""}}"
2025-03-29 15:28:29,"{""gw-1"": {""1"": ""blocked"", ""2"": ""blocked""}, ""gw-4"": {""1"": ""blocked"", ""2"": ""blocked""}}"
2025-03-29 15:28:29,"{""gw-1"": {""1"": ""blocked"", ""2"": ""blocked""}}"
2025-03-29 15:28:39,"{""gw-2"": {""1"": ""blocked"", ""2"": ""blocked""}}"
2025-03-29 15:28:41,"{""gw-2"": {""1"": ""blocked"", ""2"": ""blocked""}, ""gw-3"": {""1"": ""blocked"", ""2"": ""blocked""}, ""gw-4"": {""1"": ""blocked"", ""2"": ""blocked""}}"
2025-03-29 15:28:42,"{""gw-3"": {""1"": ""blocked"", ""2"": ""blocked""}, ""gw-2"": {""1"": ""blocked"", ""2"": ""blocked""}}"
2025-03-29 15:28:44,"{""gw-2"": {""1"": ""blocked"", ""2"": ""blocked""}, ""gw-4"": {""1"": ""blocked"", ""2"": ""blocked""}, ""gw-1"": {""1"": ""conflict"", ""2"": ""conflict""}}"
2025-03-29 15:28:45,"{""gw-1"": {""1"": ""conflict"", ""2"": ""blocked""}}"
2025-03-29 15:28:50,"{""gw-2"": {""1"": ""conflict"", ""2"": ""conflict""}}"
2025-03-29 15:28:52,"{""gw-4"": {""1"": ""blocked"", ""2"": ""conflict""}}"
2025-03-29 15:28:53,"{""gw-3"": {""1"": ""conflict"", ""2"": ""blocked""}}"
2025-03-29 15:28:58,"{""gw-3"": {""1"": ""blocked"", ""2"": ""blocked""}, ""gw-4"": {""1"": ""blocked"", ""2"": ""blocked""}, ""gw-1"": {""1"": ""blocked"", ""2"": ""conflict""}}"
2025-03-29 15:28:58,"{""gw-1"": {""1"": ""blocked"", ""2"": ""conflict""}}"
2025-03-29 15:28:59,"{""gw-4"": {""1"": ""blocked"", ""2"": ""blocked""}, ""gw-1"": {""1"": ""conflict"", ""2"": ""blocked""}, ""gw-2"": {""1"": ""blocked"", ""2"": ""blocked""}}"
2025-03-29 15:29:03,"{""gw-1"": {""1"": ""blocked"", ""2"": ""blocked""}}"
2025-03-29 15:29:05,"{""gw-1"": {""1"": ""blocked"", ""2"": ""blocked""}}"
2025-03-29 15:29:07,"{""gw-2"": {""1"": ""blocked"", ""2"": ""blocked""}, ""gw-1"": {""1"": ""blocked"", ""2"": ""blocked""}}"
2025-03-29 15:29:08,"{""gw-2"": {""1"": ""blocked"", ""2"": ""blocked""}}"
2025-03-29 15:29:09,"{""gw-3"": {""1"": ""blocked"", ""2"": ""blocked""}}"
2025-03-29 15:29:11,"{""gw-2"": {""1"": ""blocked"", ""2"": ""blocked""}, ""gw-3"": {""1"": ""blocked"", ""2"": ""blocked""}}"
2025-03-29 15:29:11,"{""gw-2"": {""1"": ""blocked"", ""2"": ""blocked""}, ""gw-3"": {""1"": ""blocked"", ""2"": ""blocked""}}"
2025-03-29 15:29:12,"{""gw-3"": {""1"": ""blocked"", ""2"": ""blocked""}}"
2025-03-29 15:29:15,"{""gw-4"": {""1"": ""blocked"", ""2"": ""blocked""}, ""gw-3"": {""1"": ""blocked"", ""2"": ""blocked""}, ""gw-2"": {""1"": ""blocked"", ""2"": ""blocked""}}"
2025-03-29 15:29:15,"{""gw-1"": {""1"": ""blocked"", ""2"": ""blocked""}, ""gw-3"": {""1"": ""blocked"", ""2"": ""conflict""}}"
2025-03-29 15:29:16,"{""gw-1"": {""1"": ""blocked"", ""2"": ""blocked""}, ""gw-4"": {""1"": ""blocked"", ""2"": ""blocked""}}"
2025-03-29 15:29:21,"{""gw-3"": {""1"": ""blocked"", ""2"": ""blocked""}, ""gw-1"": {""1"": ""conflict"", ""2"": ""conflict""}}"
2025-03-29 15:29:22,"{""gw-1"": {""1"": ""blocked"", ""2"": ""conflict""}}"
2025-03-29 15:29:27,"{""gw-4"": {""1"": ""blocked"", ""2"": ""blocked""}, ""gw-1"": {""1"": ""blocked"", ""2"": ""blocked""}}"
2025-03-29 15:29:27,"{""gw-4"": {""1"": ""blocked"", ""2"": ""blocked""}, ""gw-1"": {""1"": ""blocked"", ""2"": ""blocked""}}"
2025-03-29 15:29:30,"{""gw-4"": {""1"": ""blocked"", ""2"": ""blocked""}}"
2025-03-29 15:29:30,"{""gw-2"": {""1"": ""blocked"", ""2"": ""blocked""}}"
2025-03-29 15:29:39,"{""gw-3"": {""1"": ""blocked"", ""2"": ""blocked""}}"
2025-03-29 15:29:40,"{""gw-1"": {""1"": ""blocked"", ""2"": ""blocked""}}"
2025-03-29 15:29:42,"{""gw-4"": {""1"": ""blocked"", ""2"": ""blocked""}}"
2025-03-29 15:29:45,"{""gw-2"": {""1"": ""blocked"", ""2"": ""blocked""}}"
2025-03-29 15:29:47,"{""gw-2"": {""1"": ""blocked"", ""2"": ""blocked""}, ""gw-1"": {""1"": ""blocked"", ""2"": ""conflict""}}"
2025-03-29 15:29:52,"{""gw-3"": {""1"": ""blocked"", ""2"": ""blocked""}}"
2025-03-29 15:29:53,"{""gw-4"": {""1"": ""blocked"", ""2"": ""blocked""}, ""gw-1"": {""1"": ""blocked"", ""2"": ""blocked""}}"
2025-03-29 15:30:00,"{""gw-2"": {""1"": ""blocked"", ""2"": ""blocked""}, ""gw-4"": {""1"": ""conflict"", ""2"": ""blocked""}}"
2025-03-29 15:30:02,"{""gw-1"": {""1"": ""conflict"", ""2"": ""blocked""}}"
2025-03-29 15:30:03,"{""gw-3"": {""1"": ""blocked"", ""2"": ""conflict""}, ""gw-4"": {""1"": ""blocked"", ""2"": ""blocked""}}"
2025-03-29 15:30:06,"{""gw-1"": {""1"": ""blocked"", ""2"": ""blocked""}}"
2025-03-29 15:30:06,"{""gw-2"": {""1"": ""blocked"", ""2"": ""blocked""}}"
2025-03-29 15:30:11,"{""gw-1"": {""1"": ""blocked"", ""2"": ""blocked""}}"
2025-03-29 15:30:15,"{""gw-4"": {""1"": ""conflict"", ""2"": ""conflict""}}"
2025-03-29 15:30:16,"{""gw-2"": {""1"": ""blocked"", ""2"": ""blocked""}, ""gw-1"": {""1"": ""blocked"", ""2"": ""conflict""}}"
2025-03-29 15:30:16,"{""gw-2"": {""1"": ""blocked"", ""2"": ""blocked""}, ""gw-4"": {""1"": ""conflict"", ""2"": ""blocked""}}"
2025-03-29 15:30:17,"{""gw-1"": {""1"": ""conflict"", ""2"": ""conflict""}, ""gw-2"": {""1"": ""blocked"", ""2"": ""blocked""}}"
2025-03-29 15:30:18,"{""gw-2"": {""1"": ""blocked"", ""2"": ""blocked""}}"
2025-03-29 15:30:23,"{""gw-3"": {""1"": ""blocked"", ""2"": ""blocked""}}"
2025-03-29 15:30:24,"{""gw-4"": {""1"": ""blocked"", ""2"": ""blocked""}}"
2025-03-29 15:30:26,"{""gw-2"": {""1"": ""blocked"", ""2"": ""blocked""}}"
2025-03-29 15:30:28,"{""gw-2"": {""1"": ""blocked"", ""2"": ""blocked""}}"
2025-03-29 15:30:30,"{""gw-4"": {""1"": ""blocked"", ""2"": ""conflict""}, ""gw-2"": {""1"": ""blocked"", ""2"": ""blocked""}}"
2025-03-29 15:30:32,"{""gw-3"": {""1"": ""blocked"", ""2"": ""blocked""}}"
2025-03-29 15:30:32,"{""gw-1"": {""1"": ""blocked"", ""2"": ""blocked""}}"
2025-03-29 15:30:34,"{""gw-3"": {""1"": ""blocked"", ""2"": ""blocked""}}"
2025-03-29 15:30:35,"{""gw-1"": {""1"": ""blocked"", ""2"": ""blocked""}, ""gw-3"": {""1"": ""blocked"", ""2"": ""blocked""}}"
2025-03-29 15:30:36,"{""gw-1"": {""1"": ""blocked"", ""2"": ""blocked""}}"
2025-03-29 15:30:36,"{""gw-3"": {""1"": ""blocked"", ""2"": ""blocked""}}"
2025-03-29 15:30:36,"{""gw-4"": {""1"": ""blocked"", ""2"": ""blocked""}}"
2025-03-29 15:30:37,"{""gw-2"": {""1"": ""blocked"", ""2"": ""blocked""}, ""gw-3"": {""1"": ""blocked"", ""2"": ""blocked""}}"
2025-03-29 15:30:38,"{""gw-2"": {""1"": ""blocked"", ""2"": ""blocked""}}"
2025-03-29 15:30:39,"{""gw-2"": {""1"": ""blocked"", ""2"": ""blocked""}, ""gw-1"": {""1"": ""blocked"", ""2"": ""blocked""}}"
2025-03-29 15:30:42,"{""gw-2"": {""1"": ""blocked"", ""2"": ""blocked""}, ""gw-3"": {""1"": ""blocked"", ""2"": ""conflict""}}"
2025-03-29 15:30:53,"{""gw-3"": {""1"": ""blocked"", ""2"": ""blocked""}, ""gw-1"": {""1"": ""blocked"", ""2"": ""blocked""}}"
2025-03-29 15:30:54,"{""gw-1"": {""1"": ""blocked"", ""2"": ""blocked""}, ""gw-4"": {""1"": ""blocked"", ""2"": ""conflict""}}"
2025-03-29 15:30:58,"{""gw-1"": {""1"": ""blocked"", ""2"": ""conflict""}, ""gw-4"": {""1"": ""blocked"", ""2"": ""blocked""}}"
2025-03-29 15:31:03,"{""gw-3"": {""1"": ""blocked"", ""2"": ""blocked""}}"
2025-03-29 15:31:04,"{""gw-3"": {""1"": ""blocked"", ""2"": ""blocked""}}"
2025-03-29 15:31:05,"{""gw-4"": {""1"": ""blocked"", ""2"": ""blocked""}, ""gw-1"": {""1"": ""blocked"", ""2"": ""blocked""}}"
2025-03-29 15:31:08,"{""gw-1"": {""1"": ""blocked"", ""2"": ""blocked""}, ""gw-3"": {""1"": ""conflict"", ""2"": ""conflict""}}"
2025-03-29 15:31:09,"{""gw-1"": {""1"": ""blocked"", ""2"": ""blocked""}, ""gw-3"": {""1"": ""conflict"", ""2"": ""blocked""}}"
2025-03-29 15:31:10,"{""gw-1"": {""1"": ""blocked"", ""2"": ""conflict""}}"
2025-03-29 15:31:10,"{""gw-4"": {""1"": ""blocked"", ""2"": ""blocked""}, ""gw-2"": {""1"": ""blocked"", ""2"": ""blocked""}}"
2025-03-29 15:31:11,"{""gw-3"": {""1"": ""blocked"", ""2"": ""blocked""}}"
2025-03-29 15:31:15,"{""gw-1"": {""1"": ""blocked"", ""2"": ""blocked""}}"
2025-03-29 15:31:19,"{""gw-4"": {""1"": ""conflict"", ""2"": ""conflict""}}"
2025-03-29 15:31:20,"{""gw-4"": {""1"": ""conflict"", ""2"": ""blocked""}}"
2025-03-29 15:31:28,"{""gw-1"": {""1"": ""blocked"", ""2"": ""blocked""}, ""gw-4"": {""1"": ""conflict"", ""2"": ""blocked""}}"
2025-03-29 15:31:28,"{""gw-2"": {""1"": ""conflict"", ""2"": ""blocked""}}"
2025-03-29 15:31:28,"{""gw-1"": {""1"": ""blocked"", ""2"": ""blocked""}, ""gw-4"": {""1"": ""blocked"", ""2"": ""blocked""}, ""gw-3"": {""1"": ""blocked"", ""2"": ""blocked""}}"
2025-03-29 15:31:28,"{""gw-3"": {""1"": ""blocked"", ""2"": ""blocked""}, ""gw-4"": {""1"": ""blocked"", ""2"": ""blocked""}}"
2025-03-29 15:31:29,"{""gw-3"": {""1"": ""blocked"", ""2"": ""blocked""}}"
2025-03-29 15:31:29,"{""gw-1"": {""1"": ""blocked"", ""2"": ""blocked""}}"
2025-03-29 15:31:35,"{""gw-4"": {""1"": ""conflict"", ""2"": ""conflict""}}"
2025-03-29 15:31:37,"{""gw-2"": {""1"": ""blocked"", ""2"": ""blocked""}}"
2025-03-29 15:31:39,"{""gw-4"": {""1"": ""blocked"", ""2"": ""blocked""}, ""gw-3"": {""1"": ""conflict"", ""2"": ""blocked""}, ""gw-2"": {""1"": ""blocked"", ""2"": ""conflict""}}"
2025-03-29 15:31:39,"{""gw-2"": {""1"": ""blocked"", ""2"": ""conflict""}}"
2025-03-29 15:31:39,"{""gw-1"": {""1"": ""blocked"", ""2"": ""blocked""}, ""gw-4"": {""1"": ""blocked"", ""2"": ""blocked""}, ""gw-2"": {""1"": ""conflict"", ""2"": ""conflict""}}"
2025-03-29 15:31:40,"{""gw-1"": {""1"": ""blocked"", ""2"": ""blocked""}}"
2025-03-29 15:31:42,"{""gw-4"": {""1"": ""blocked"", ""2"": ""blocked""}, ""gw-3"": {""1"": ""blocked"", ""2"": ""blocked""}, ""gw-2"": {""1"": ""blocked"", ""2"": ""blocked""}}"
2025-03-29 15:31:44,"{""gw-1"": {""1"": ""blocked"", ""2"": ""blocked""}}"
2025-03-29 15:31:45,"{""gw-1"": {""1"": ""blocked"", ""2"": ""blocked""}}"
2025-03-29 15:31:45,"{""gw-4"": {""1"": ""blocked"", ""2"": ""blocked""}, ""gw-2"": {""1"": ""blocked"", ""2"": ""blocked""}}"
2025-03-29 15:31:46,"{""gw-1"": {""1"": ""blocked"", ""2"": ""blocked""}, ""gw-2"": {""1"": ""blocked"", ""2"": ""blocked""}}"
2025-03-29 15:31:47,"{""gw-1"": {""1"": ""blocked"", ""2"": ""conflict""}, ""gw-3"": {""1"": ""blocked"", ""2"": ""blocked""}}"
2025-03-29 15:31:49,"{""gw-2"": {""1"": ""blocked"", ""2"": ""blocked""}}"
2025-03-29 15:31:54,"{""gw-1"": {""1"": ""blocked"", ""2"": ""blocked""}, ""gw-3"": {""1"": ""conflict"", ""2"": ""blocked""}, ""gw-4"": {""1"": ""blocked"", ""2"": ""blocked""}}"
2025-03-29 15:31:55,"{""gw-2"": {""1"": ""blocked"", ""2"": ""blocked""}, ""gw-4"": {""1"": ""blocked"", ""2"": ""blocked""}, ""gw-3"": {""1"": ""conflict"", ""2"": ""blocked""}}"
2025-03-29 15:31:55,"{""gw-2"": {""1"": ""blocked"", ""2"": ""blocked""}, ""gw-1"": {""1"": ""blocked"", ""2"": ""blocked""}}"
2025-03-29 15:32:01,"{""gw-3"": {""1"": ""blocked"", ""2"": ""blocked""}, ""gw-4"": {""1"": ""conflict"", ""2"": ""conflict""}, ""gw-1"": {""1"": ""conflict"", ""2"": ""blocked""}}"
2025-03-29 15:32:01,"{""gw-2"": {""1"": ""blocked"", ""2"": ""blocked""}, ""gw-3"": {""1"": ""blocked"", ""2"": ""blocked""}}"
2025-03-29 15:32:01,"{""gw-2"": {""1"": ""blocked"", ""2"": ""blocked""}, ""gw-3"": {""1"": ""blocked"", ""2"": ""blocked""}}"
2025-03-29 15:32:03,"{""gw-3"": {""1"": ""blocked"", ""2"": ""blocked""}}"
2025-03-29 15:32:03,"{""gw-1"": {""1"": ""blocked"", ""2"": ""blocked""}}"
2025-03-29 15:32:03,"{""gw-3"": {""1"": ""blocked"", ""2"": ""blocked""}}"
2025-03-29 15:32:04,"{""gw-3"": {""1"": ""blocked"", ""2"": ""blocked""}}"
2025-03-29 15:32:07,"{""gw-1"": {""1"": ""blocked"", ""2"": ""blocked""}, ""gw-4"": {""1"": ""blocked"", ""2"": ""blocked""}}"
2025-03-29 15:32:07,"{""gw-4"": {""1"": ""blocked"", ""2"": ""blocked""}}"
2025-03-29 15:32:08,"{""gw-4"": {""1"": ""blocked"", ""2"": ""blocked""}, ""gw-1"": {""1"": ""blocked"", ""2"": ""blocked""}}"
2025-03-29 15:32:08,"{""gw-1"": {""1"": ""blocked"", ""2"": ""blocked""}, ""gw-3"": {""1"": ""conflict"", ""2"": ""blocked""}, ""gw-4"": {""1"": ""blocked"", ""2"": ""blocked""}}"
2025-03-29 15:32:08,"{""gw-4"": {""1"": ""blocked"", ""2"": ""blocked""}}"
2025-03-29 15:32:09,"{""gw-1"": {""1"": ""blocked"", ""2"": ""blocked""}}"
2025-03-29 15:32:10,"{""gw-2"": {""1"": ""blocked"", ""2"": ""blocked""}, ""gw-4"": {""1"": ""blocked"", ""2"": ""blocked""}}"
2025-03-29 15:32:11,"{""gw-3"": {""1"": ""blocked"", ""2"": ""blocked""}}"
2025-03-29 15:32:11,"{""gw-2"": {""1"": ""blocked"", ""2"": ""blocked""}, ""gw-4"": {""1"": ""blocked"", ""2"": ""blocked""}, ""gw-1"": {""1"": ""blocked"", ""2"": ""conflict""}}"
2025-03-29 15:32:14,"{""gw-2"": {""1"": ""blocked"", ""2"": ""blocked""}}"
2025-03-29 15:32:15,"{""gw-2"": {""1"": ""blocked"", ""2"": ""blocked""}, ""gw-3"": {""1"": ""blocked"", ""2"": ""blocked""}}"
2025-03-29 15:32:16,"{""gw-4"": {""1"": ""blocked"", ""2"": ""blocked""}, ""gw-2"": {""1"": ""blocked"", ""2"": ""blocked""}}"
2025-03-29 15:32:17,"{""gw-2"": {""1"": ""blocked"", ""2"": ""blocked""}}"
2025-03-29 15:32:17,"{""gw-1"": {""1"": ""blocked"", ""2"": ""blocked""}, ""gw-3"": {""1"": ""blocked"", ""2"": ""blocked""}}"
2025-03-29 15:32:17,"{""gw-4"": {""1"": ""blocked"", ""2"": ""blocked""}}"
2025-03-29 15:32:20,"{""gw-1"": {""1"": ""blocked"", ""2"": ""blocked""}}"
2025-03-29 15:32:27,"{""gw-3"": {""1"": ""blocked"", ""2"": ""blocked""}}"
2025-03-29 15:32:29,"{""gw-2"": {""1"": ""blocked"", ""2"": ""blocked""}}"
2025-03-29 15:32:30,"{""gw-1"": {""1"": ""blocked"", ""2"": ""conflict""}}"
2025-03-29 15:32:30,"{""gw-2"": {""1"": ""blocked"", ""2"": ""blocked""}, ""gw-3"": {""1"": ""blocked"", ""2"": ""blocked""}, ""gw-1"": {""1"": ""blocked"", ""2"": ""conflict""}}"
2025-03-29 15:32:30,"{""gw-2"": {""1"": ""blocked"", ""2"": ""blocked""}}"
2025-03-29 15:32:37,"{""gw-3"": {""1"": ""conflict"", ""2"": ""blocked""}, ""gw-1"": {""1"": ""blocked"", ""2"": ""blocked""}}"
2025-03-29 15:32:39,"{""gw-3"": {""1"": ""blocked"", ""2"": ""blocked""}}"
2025-03-29 15:32:39,"{""gw-4"": {""1"": ""conflict"", ""2"": ""conflict""}}"
2025-03-29 15:32:41,"{""gw-3"": {""1"": ""blocked"", ""2"": ""blocked""}}"
2025-03-29 15:32:42,"{""gw-2"": {""1"": ""blocked"", ""2"": ""blocked""}, ""gw-4"": {""1"": ""blocked"", ""2"": ""blocked""}}"
2025-03-29 15:32:44,"{""gw-3"": {""1"": ""blocked"", ""2"": ""blocked""}}"
2025-03-29 15:32:45,"{""gw-2"": {""1"": ""blocked"", ""2"": ""blocked""}, ""gw-3"": {""1"": ""blocked"", ""2"": ""blocked""}, ""gw-1"": {""1"": ""conflict"", ""2"": ""blocked""}}"
2025-03-29 15:32:47,"{""gw-3"": {""1"": ""blocked"", ""2"": ""blocked""}}"
2025-03-29 15:32:51,"{""gw-1"": {""1"": ""blocked"", ""2"": ""blocked""}, ""gw-4"": {""1"": ""blocked"", ""2"": ""conflict""}}"
2025-03-29 15:32:52,"{""gw-3"": {""1"": ""blocked"", ""2"": ""conflict""}}"
2025-03-29 15:32:55,"{""gw-3"": {""1"": ""blocked"", ""2"": ""blocked""}, ""gw-2"": {""1"": ""blocked"", ""2"": ""conflict""}}"
2025-03-29 15:32:58,"{""gw-4"": {""1"": ""blocked"", ""2"": ""blocked""}, ""gw-2"": {""1"": ""blocked"", ""2"": ""blocked""}}"
2025-03-29 15:33:00,"{""gw-3"": {""1"": ""blocked"", ""2"": ""blocked""}, ""gw-1"": {""1"": ""blocked"", ""2"": ""blocked""}}"
2025-03-29 15:33:00,"{""gw-4"": {""1"": ""blocked"", ""2"": ""blocked""}}"
2025-03-29 15:33:02,"{""gw-3"": {""1"": ""blocked"", ""2"": ""blocked""}}"
2025-03-29 15:33:05,"{""gw-1"": {""1"": ""blocked"", ""2"": ""blocked""}}"
2025-03-29 15:33:08,"{""gw-3"": {""1"": ""blocked"", ""2"": ""conflict""}, ""gw-2"": {""1"": ""conflict"", ""2"": ""blocked""}}"
2025-03-29 15:33:13,"{""gw-3"": {""1"": ""blocked"", ""2"": ""blocked""}}"
2025-03-29 15:33:13,"{""gw-3"": {""1"": ""blocked"", ""2"": ""blocked""}}"
2025-03-29 15:33:15,"{""gw-3"": {""1"": ""blocked"", ""2"": ""blocked""}}"
2025-03-29 15:33:16,"{""gw-2"": {""1"": ""blocked"", ""2"": ""blocked""}, ""gw-3"": {""1"": ""blocked"", ""2"": ""blocked""}}"
2025-03-29 15:33:16,"{""gw-2"": {""1"": ""blocked"", ""2"": ""blocked""}}"
2025-03-29 15:33:18,"{""gw-4"": {""1"": ""blocked"", ""2"": ""blocked""}}"
2025-03-29 15:33:18,"{""gw-4"": {""1"": ""blocked"", ""2"": ""blocked""}}"
2025-03-29 15:33:19,"{""gw-3"": {""1"": ""conflict"", ""2"": ""blocked""}}"
2025-03-29 15:33:19,"{""gw-3"": {""1"": ""blocked"", ""2"": ""conflict""}}"
2025-03-29 15:33:20,"{""gw-1"": {""1"": ""blocked"", ""2"": ""blocked""}, ""gw-4"": {""1"": ""blocked"", ""2"": ""blocked""}}"
2025-03-29 15:33:20,"{""gw-1"": {""1"": ""blocked"", ""2"": ""blocked""}, ""gw-4"": {""1"": ""blocked"", ""2"": ""blocked""}}"
2025-03-29 15:33:24,"{""gw-4"": {""1"": ""blocked"", ""2"": ""blocked""}, ""gw-1"": {""1"": ""blocked"", ""2"": ""blocked""}}"
2025-03-29 15:33:29,"{""gw-1"": {""1"": ""conflict"", ""2"": ""blocked""}}"
2025-03-29 15:33:31,"{""gw-2"": {""1"": ""conflict"", ""2"": ""conflict""}}"
2025-03-29 15:33:32,"{""gw-3"": {""1"": ""blocked"", ""2"": ""conflict""}, ""gw-2"": {""1"": ""conflict"", ""2"": ""blocked""}, ""gw-1"": {""1"": ""blocked"", ""2"": ""blocked""}, ""gw-4"": {""1"": ""blocked"", ""2"": ""conflict""}}"
2025-03-29 15:33:34,"{""gw-2"": {""1"": ""blocked"", ""2"": ""blocked""}, ""gw-1"": {""1"": ""blocked"", ""2"": ""blocked""}}"
2025-03-29 15:33:37,"{""gw-3"": {""1"": ""blocked"", ""2"": ""blocked""}, ""gw-1"": {""1"": ""blocked"", ""2"": ""blocked""}}"
2025-03-29 15:33:39,"{""gw-3"": {""1"": ""blocked"", ""2"": ""blocked""}}"
2025-03-29 15:33:39,"{""gw-3"": {""1"": ""blocked"", ""2"": ""blocked""}}"
2025-03-29 15:33:40,"{""gw-4"": {""1"": ""blocked"", ""2"": ""blocked""}}"
2025-03-29 15:33:42,"{""gw-3"": {""1"": ""blocked"", ""2"": ""blocked""}}"
2025-03-29 15:33:47,"{""gw-1"": {""1"": ""conflict"", ""2"": ""blocked""}, ""gw-2"": {""1"": ""blocked"", ""2"": ""blocked""}}"
2025-03-29 15:33:48,"{""gw-4"": {""1"": ""conflict"", ""2"": ""conflict""}}"
2025-03-29 15:33:49,"{""gw-2"": {""1"": ""blocked"", ""2"": ""blocked""}}"
2025-03-29 15:33:51,"{""gw-2"": {""1"": ""blocked"", ""2"": ""blocked""}}"
2025-03-29 15:33:53,"{""gw-4"": {""1"": ""blocked"", ""2"": ""blocked""}}"
2025-03-29 15:33:54,"{""gw-4"": {""1"": ""blocked"", ""2"": ""blocked""}}"
2025-03-29 15:33:55,"{""gw-1"": {""1"": ""blocked"", ""2"": ""blocked""}, ""gw-4"": {""1"": ""blocked"", ""2"": ""blocked""}}"
2025-03-29 15:33:55,"{""gw-4"": {""1"": ""blocked"", ""2"": ""blocked""}}"
2025-03-29 15:33:58,"{""gw-1"": {""1"": ""blocked"", ""2"": ""conflict""}, ""gw-4"": {""1"": ""blocked"", ""2"": ""blocked""}, ""gw-2"": {""1"": ""blocked"", ""2"": ""blocked""}}"
2025-03-29 15:34:01,"{""gw-3"": {""1"": ""conflict"", ""2"": ""blocked""}}"
2025-03-29 15:34:02,"{""gw-1"": {""1"": ""blocked"", ""2"": ""blocked""}, ""gw-2"": {""1"": ""blocked"", ""2"": ""blocked""}, ""gw-3"": {""1"": ""conflict"", ""2"": ""blocked""}}"
2025-03-29 15:34:03,"{""gw-1"": {""1"": ""blocked"", ""2"": ""blocked""}}"
2025-03-29 15:34:05,"{""gw-1"": {""1"": ""blocked"", ""2"": ""blocked""}, ""gw-4"": {""1"": ""blocked"", ""2"": ""blocked""}}"
2025-03-29 15:34:08,"{""gw-4"": {""1"": ""blocked"", ""2"": ""blocked""}, ""gw-1"": {""1"": ""blocked"", ""2"": ""blocked""}}"
2025-03-29 15:34:09,"{""gw-3"": {""1"": ""blocked"", ""2"": ""blocked""}}"
2025-03-29 15:34:10,"{""gw-3"": {""1"": ""blocked"", ""2"": ""blocked""}}"
2025-03-29 15:34:17,"{""gw-3"": {""1"": ""blocked"", ""2"": ""blocked""}, ""gw-2"": {""1"": ""blocked"", ""2"": ""blocked""}}"
2025-03-29 15:34:21,"{""gw-3"": {""1"": ""blocked"", ""2"": ""blocked""}, ""gw-4"": {""1"": ""conflict"", ""2"": ""conflict""}}"
2025-03-29 15:34:24,"{""gw-4"": {""1"": ""blocked"", ""2"": ""blocked""}, ""gw-1"": {""1"": ""blocked"", ""2"": ""blocked""}}"
2025-03-29 15:34:25,"{""gw-3"": {""1"": ""conflict"", ""2"": ""blocked""}, ""gw-4"": {""1"": ""blocked"", ""2"": ""blocked""}}"
2025-03-29 15:34:26,"{""gw-1"": {""1"": ""blocked"", ""2"": ""blocked""}}"
2025-03-29 15:34:30,"{""gw-4"": {""1"": ""blocked"", ""2"": ""blocked""}}"
2025-03-29 15:34:30,"{""gw-1"": {""1"": ""blocked"", ""2"": ""conflict""}, ""gw-2"": {""1"": ""blocked"", ""2"": ""blocked""}}"
2025-03-29 15:34:33,"{""gw-4"": {""1"": ""conflict"", ""2"": ""conflict""}, ""gw-3"": {""1"": ""blocked"", ""2"": ""blocked""}}"
2025-03-29 15:34:35,"{""gw-3"": {""1"": ""blocked"", ""2"": ""blocked""}}"
2025-03-29 15:34:35,"{""gw-1"": {""1"": ""blocked"", ""2"": ""blocked""}, ""gw-3"": {""1"": ""blocked"", ""2"": ""blocked""}}"
2025-03-29 15:34:37,"{""gw-1"": {""1"": ""blocked"", ""2"": ""blocked""}}"
2025-03-29 15:34:38,"{""gw-1"": {""1"": ""blocked"", ""2"": ""blocked""}}"
2025-03-29 15:34:39,"{""gw-2"": {""1"": ""blocked"", ""2"": ""blocked""}}"
2025-03-29 15:34:40,"{""gw-3"": {""1"": ""conflict"", ""2"": ""blocked""}, ""gw-2"": {""1"": ""blocked"", ""2"": ""blocked""}}"
2025-03-29 15:34:44,"{""gw-3"": {""1"": ""blocked"", ""2"": ""blocked""}}"
2025-03-29 15:34:44,"{""gw-2"": {""1"": ""blocked"", ""2"": ""blocked""}}"
2025-03-29 15:34:46,"{""gw-3"": {""1"": ""blocked"", ""2"": ""blocked""}}"
2025-03-29 15:34:47,"{""gw-2"": {""1"": ""conflict"", ""2"": ""blocked""}, ""gw-3"": {""1"": ""blocked"", ""2"": ""blocked""}}"
2025-03-29 15:34:48,"{""gw-3"": {""1"": ""blocked"", ""2"": ""blocked""}}"
2025-03-29 15:34:49,"{""gw-1"": {""1"": ""blocked"", ""2"": ""blocked""}, ""gw-3"": {""1"": ""blocked"", ""2"": ""blocked""}}"
2025-03-29 15:34:49,"{""gw-3"": {""1"": ""blocked"", ""2"": ""blocked""}, ""gw-1"": {""1"": ""blocked"", ""2"": ""blocked""}}"
2025-03-29 15:34:50,"{""gw-1"": {""1"": ""blocked"", ""2"": ""blocked""}, ""gw-2"": {""1"": ""blocked"", ""2"": ""blocked""}, ""gw-4"": {""1"": ""blocked"", ""2"": ""blocked""}}"
2025-03-29 15:34:51,"{""gw-4"": {""1"": ""blocked"", ""2"": ""blocked""}}"
2025-03-29 15:34:51,"{""gw-3"": {""1"": ""conflict"", ""2"": ""blocked""}, ""gw-4"": {""1"": ""blocked"", ""2"": ""blocked""}}"
2025-03-29 15:34:52,"{""gw-4"": {""1"": ""blocked"", ""2"": ""blocked""}}"
2025-03-29 15:34:52,"{""gw-4"": {""1"": ""blocked"", ""2"": ""blocked""}, ""gw-1"": {""1"": ""blocked"", ""2"": ""blocked""}, ""gw-2"": {""1"": ""blocked"", ""2"": ""blocked""}}"
2025-03-29 15:34:52,"{""gw-2"": {""1"": ""blocked"", ""2"": ""blocked""}}"
2025-03-29 15:34:57,"{""gw-1"": {""1"": ""blocked"", ""2"": ""conflict""}}"
2025-03-29 15:35:04,"{""gw-1"": {""1"": ""blocked"", ""2"": ""blocked""}, ""gw-3"": {""1"": ""conflict"", ""2"": ""blocked""}}"
2025-03-29 15:35:04,"{""gw-1"": {""1"": ""blocked"", ""2"": ""blocked""}}"
2025-03-29 15:35:05,"{""gw-2"": {""1"": ""blocked"", ""2"": ""blocked""}}"
2025-03-29 15:35:07,"{""gw-4"": {""1"": ""blocked"", ""2"": ""blocked""}, ""gw-2"": {""1"": ""blocked"", ""2"": ""blocked""}}"
2025-03-29 15:35:10,"{""gw-4"": {""1"": ""blocked"", ""2"": ""blocked""}, ""gw-2"": {""1"": ""blocked"", ""2"": ""blocked""}}"
2025-03-29 15:35:13,"{""gw-2"": {""1"": ""conflict"", ""2"": ""blocked""}, ""gw-4"": {""1"": ""conflict"", ""2"": ""blocked""}}"
2025-03-29 15:35:16,"{""gw-4"": {""1"": ""blocked"", ""2"": ""blocked""}}"
2025-03-29 15:35:18,"{""gw-2"": {""1"": ""blocked"", ""2"": ""blocked""}}"
2025-03-29 15:35:30,"{""gw-3"": {""1"": ""blocked"", ""2"": ""conflict""}}"
2025-03-29 15:35:30,"{""gw-1"": {""1"": ""blocked"", ""2"": ""blocked""}, ""gw-3"": {""1"": ""conflict"", ""2"": ""conflict""}, ""gw-4"": {""1"": ""blocked"", ""2"": ""blocked""}}"
2025-03-29 15:35:31,"{""gw-2"": {""1"": ""blocked"", ""2"": ""blocked""}}"
2025-03-29 15:35:31,"{""gw-3"": {""1"": ""conflict"", ""2"": ""blocked""}}"
2025-03-29 15:35:31,"{""gw-2"": {""1"": ""blocked"", ""2"": ""blocked""}, ""gw-3"": {""1"": ""conflict"", ""2"": ""blocked""}}"
2025-03-29 15:35:32,"{""gw-2"": {""1"": ""blocked"", ""2"": ""blocked""}}"
2025-03-29 15:35:32,"{""gw-2"": {""1"": ""blocked"", ""2"": ""blocked""}, ""gw-1"": {""1"": ""blocked"", ""2"": ""blocked""}}"
2025-03-29 15:35:35,"{""gw-3"": {""1"": ""blocked"", ""2"": ""blocked""}}"
2025-03-29 15:35:35,"{""gw-3"": {""1"": ""blocked"", ""2"": ""blocked""}}"
2025-03-29 15:35:43,"{""gw-4"": {""1"": ""blocked"", ""2"": ""blocked""}, ""gw-1"": {""1"": ""blocked"", ""2"": ""conflict""}}"
2025-03-29 15:35:54,"{""gw-1"": {""1"": ""blocked"", ""2"": ""blocked""}}"
2025-03-29 15:35:56,"{""gw-4"": {""1"": ""blocked"", ""2"": ""blocked""}, ""gw-3"": {""1"": ""blocked"", ""2"": ""blocked""}}"
2025-03-29 15:35:56,"{""gw-4"": {""1"": ""blocked"", ""2"": ""blocked""}}"
2025-03-29 15:35:59,"{""gw-4"": {""1"": ""blocked"", ""2"": ""blocked""}}"
2025-03-29 15:36:00,"{""gw-2"": {""1"": ""blocked"", ""2"": ""blocked""}}"
2025-03-29 15:36:04,"{""gw-3"": {""1"": ""conflict"", ""2"": ""blocked""}, ""gw-2"": {""1"": ""blocked"", ""2"": ""blocked""}, ""gw-4"": {""1"": ""blocked"", ""2"": ""conflict""}}"
2025-03-29 15:36:07,"{""gw-3"": {""1"": ""blocked"", ""2"": ""blocked""}}"
2025-03-29 15:36:07,"{""gw-3"": {""1"": ""blocked"", ""2"": ""blocked""}}"
2025-03-29 15:36:09,"{""gw-1"": {""1"": ""blocked"", ""2"": ""blocked""}}"
2025-03-29 15:36:10,"{""gw-3"": {""1"": ""blocked"", ""2"": ""blocked""}, ""gw-4"": {""1"": ""blocked"", ""2"": ""blocked""}}"
2025-03-29 15:36:11,"{""gw-4"": {""1"": ""blocked"", ""2"": ""blocked""}}"
2025-03-29 15:36:13,"{""gw-2"": {""1"": ""blocked"", ""2"": ""blocked""}, ""gw-1"": {""1"": ""blocked"", ""2"": ""blocked""}, ""gw-3"": {""1"": ""blocked"", ""2"": ""blocked""}}"
2025-03-29 15:36:22,"{""gw-4"": {""1"": ""blocked"", ""2"": ""blocked""}}"
2025-03-29 15:36:25,"{""gw-3"": {""1"": ""blocked"", ""2"": ""blocked""}}"
2025-03-29 15:36:27,"{""gw-2"": {""1"": ""blocked"", ""2"": ""blocked""}, ""gw-4"": {""1"": ""blocked"", ""2"": ""blocked""}}"
2025-03-29 15:36:27,"{""gw-2"": {""1"": ""blocked"", ""2"": ""blocked""}}"
2025-03-29 15:36:28,"{""gw-3"": {""1"": ""conflict"", ""2"": ""conflict""}}"
2025-03-29 15:36:30,"{""gw-1"": {""1"": ""blocked"", ""2"": ""blocked""}}"
2025-03-29 15:36:31,"{""gw-1"": {""1"": ""blocked"", ""2"": ""conflict""}, ""gw-4"": {""1"": ""conflict"", ""2"": ""blocked""}}"
2025-03-29 15:36:32,"{""gw-3"": {""1"": ""blocked"", ""2"": ""blocked""}, ""gw-1"": {""1"": ""conflict"", ""2"": ""blocked""}, ""gw-2"": {""1"": ""blocked"", ""2"": ""blocked""}}"
2025-03-29 15:36:33,"{""gw-3"": {""1"": ""blocked"", ""2"": ""blocked""}, ""gw-2"": {""1"": ""blocked"", ""2"": ""blocked""}}"
2025-03-29 15:36:33,"{""gw-2"": {""1"": ""blocked"", ""2"": ""blocked""}, ""gw-3"": {""1"": ""blocked"", ""2"": ""blocked""}}"
2025-03-29 15:36:36,"{""gw-2"": {""1"": ""conflict"", ""2"": ""blocked""}, ""gw-4"": {""1"": ""blocked"", ""2"": ""blocked""}, ""gw-3"": {""1"": ""blocked"", ""2"": ""blocked""}}"
2025-03-29 15:36:36,"{""gw-1"": {""1"": ""conflict"", ""2"": ""blocked""}, ""gw-2"": {""1"": ""conflict"", ""2"": ""blocked""}}"
2025-03-29 15:36:41,"{""gw-1"": {""1"": ""blocked"", ""2"": ""blocked""}}"
2025-03-29 15:36:44,"{""gw-2"": {""1"": ""blocked"", ""2"": ""blocked""}}"
2025-03-29 15:36:45,"{""gw-2"": {""1"": ""blocked"", ""2"": ""blocked""}}"
2025-03-29 15:36:45,"{""gw-1"": {""1"": ""conflict"", ""2"": ""conflict""}}"
2025-03-29 15:36:47,"{""gw-2"": {""1"": ""blocked"", ""2"": ""conflict""}}"
2025-03-29 15:36:48,"{""gw-1"": {""1"": ""blocked"", ""2"": ""blocked""}}"
2025-03-29 15:36:48,"{""gw-1"": {""1"": ""blocked"", ""2"": ""blocked""}}"
2025-03-29 15:36:49,"{""gw-2"": {""1"": ""conflict"", ""2"": ""blocked""}}"
2025-03-29 15:36:49,"{""gw-1"": {""1"": ""blocked"", ""2"": ""blocked""}, ""gw-3"": {""1"": ""conflict"", ""2"": ""conflict""}}"
2025-03-29 15:36:50,"{""gw-4"": {""1"": ""blocked"", ""2"": ""blocked""}, ""gw-1"": {""1"": ""blocked"", ""2"": ""blocked""}}"
2025-03-29 15:36:50,"{""gw-4"": {""1"": ""blocked"", ""2"": ""blocked""}}"
2025-03-29 15:36:51,"{""gw-4"": {""1"": ""blocked"", ""2"": ""blocked""}}"
2025-03-29 15:36:51,"{""gw-4"": {""1"": ""blocked"", ""2"": ""blocked""}, ""gw-1"": {""1"": ""blocked"", ""2"": ""blocked""}, ""gw-2"": {""1"": ""blocked"", ""2"": ""blocked""}}"
2025-03-29 15:36:51,"{""gw-1"": {""1"": ""blocked"", ""2"": ""blocked""}}"
2025-03-29 15:36:54,"{""gw-3"": {""1"": ""blocked"", ""2"": ""blocked""}}"
2025-03-29 15:36:57,"{""gw-2"": {""1"": ""blocked"", ""2"": ""blocked""}}"
2025-03-29 15:37:08,"{""gw-2"": {""1"": ""blocked"", ""2"": ""conflict""}}"
2025-03-29 15:37:09,"{""gw-4"": {""1"": ""blocked"", ""2"": ""blocked""}}"
2025-03-29 15:37:11,"{""gw-2"": {""1"": ""blocked"", ""2"": ""blocked""}}"
2025-03-29 15:37:13,"{""gw-3"": {""1"": ""blocked"", ""2"": ""blocked""}, ""gw-1"": {""1"": ""blocked"", ""2"": ""blocked""}}"
2025-03-29 15:37:17,"{""gw-3"": {""1"": ""conflict"", ""2"": ""blocked""}, ""gw-4"": {""1"": ""blocked"", ""2"": ""blocked""}}"
2025-03-29 15:37:21,"{""gw-4"": {""1"": ""blocked"", ""2"": ""blocked""}, ""gw-1"": {""1"": ""blocked"", ""2"": ""blocked""}, ""gw-2"": {""1"": ""blocked"", ""2"": ""conflict""}}"
2025-03-29 15:37:22,"{""gw-1"": {""1"": ""blocked"", ""2"": ""blocked""}}"
2025-03-29 15:37:22,"{""gw-2"": {""1"": ""conflict"", ""2"": ""blocked""}}"
2025-03-29 15:37:23,"{""gw-1"": {""1"": ""blocked"", ""2"": ""blocked""}, ""gw-3"": {""1"": ""blocked"", ""2"": ""blocked""}}"
2025-03-29 15:37:25,"{""gw-1"": {""1"": ""blocked"", ""2"": ""blocked""}}"
2025-03-29 15:37:26,"{""gw-2"": {""1"": ""blocked"", ""2"": ""blocked""}}"
2025-03-29 15:37:27,"{""gw-1"": {""1"": ""blocked"", ""2"": ""blocked""}, ""gw-4"": {""1"": ""conflict"", ""2"": ""conflict""}, ""gw-2"": {""1"": ""blocked"", ""2"": ""blocked""}}"
2025-03-29 15:37:28,"{""gw-1"": {""1"": ""blocked"", ""2"": ""blocked""}, ""gw-4"": {""1"": ""conflict"", ""2"": ""blocked""}, ""gw-2"": {""1"": ""blocked"", ""2"": ""blocked""}}"
2025-03-29 15:37:28,"{""gw-1"": {""1"": ""blocked"", ""2"": ""blocked""}}"
2025-03-29 15:37:31,"{""gw-3"": {""1"": ""conflict"", ""2"": ""conflict""}}"
2025-03-29 15:37:32,"{""gw-4"": {""1"": ""blocked"", ""2"": ""blocked""}, ""gw-1"": {""1"": ""conflict"", ""2"": ""blocked""}, ""gw-3"": {""1"": ""conflict"", ""2"": ""blocked""}}"
2025-03-29 15:37:36,"{""gw-2"": {""1"": ""conflict"", ""2"": ""blocked""}, ""gw-3"": {""1"": ""blocked"", ""2"": ""blocked""}}"
2025-03-29 15:37:37,"{""gw-3"": {""1"": ""blocked"", ""2"": ""blocked""}, ""gw-4"": {""1"": ""blocked"", ""2"": ""blocked""}}"
2025-03-29 15:37:37,"{""gw-1"": {""1"": ""blocked"", ""2"": ""blocked""}, ""gw-4"": {""1"": ""blocked"", ""2"": ""blocked""}}"
2025-03-29 15:37:37,"{""gw-1"": {""1"": ""blocked"", ""2"": ""blocked""}}"
2025-03-29 15:37:37,"{""gw-4"": {""1"": ""blocked"", ""2"": ""blocked""}}"
2025-03-29 15:37:37,"{""gw-3"": {""1"": ""blocked"", ""2"": ""blocked""}}"
2025-03-29 15:37:48,"{""gw-3"": {""1"": ""blocked"", ""2"": ""blocked""}, ""gw-4"": {""1"": ""conflict"", ""2"": ""blocked""}, ""gw-1"": {""1"": ""blocked"", ""2"": ""blocked""}}"
2025-03-29 15:37:53,"{""gw-3"": {""1"": ""blocked"", ""2"": ""blocked""}}"
2025-03-29 15:37:54,"{""gw-2"": {""1"": ""blocked"", ""2"": ""blocked""}}"
2025-03-29 15:37:54,"{""gw-3"": {""1"": ""blocked"", ""2"": ""conflict""}}"
2025-03-29 15:37:56,"{""gw-3"": {""1"": ""conflict"", ""2"": ""blocked""}, ""gw-4"": {""1"": ""blocked"", ""2"": ""blocked""}}"
2025-03-29 15:37:56,"{""gw-4"": {""1"": ""blocked"", ""2"": ""blocked""}}"
2025-03-29 15:37:57,"{""gw-1"": {""1"": ""conflict"", ""2"": ""conflict""}}"
2025-03-29 15:38:05,"{""gw-1"": {""1"": ""blocked"", ""2"": ""blocked""}, ""gw-3"": {""1"": ""blocked"", ""2"": ""blocked""}, ""gw-4"": {""1"": ""blocked"", ""2"": ""blocked""}}"
2025-03-29 15:38:08,"{""gw-4"": {""1"": ""blocked"", ""2"": ""blocked""}}"
2025-03-29 15:38:11,"{""gw-3"": {""1"": ""blocked"", ""2"": ""conflict""}}"
2025-03-29 15:38:11,"{""gw-2"": {""1"": ""conflict"", ""2"": ""blocked""}}"
2025-03-29 15:38:20,"{""gw-1"": {""1"": ""blocked"", ""2"": ""blocked""}}"
2025-03-29 15:38:21,"{""gw-1"": {""1"": ""blocked"", ""2"": ""blocked""}, ""gw-4"": {""1"": ""blocked"", ""2"": ""blocked""}, ""gw-3"": {""1"": ""blocked"", ""2"": ""blocked""}}"
2025-03-29 15:38:21,"{""gw-2"": {""1"": ""blocked"", ""2"": ""blocked""}}"
2025-03-29 15:38:26,"{""gw-4"": {""1"": ""conflict"", ""2"": ""blocked""}, ""gw-2"": {""1"": ""blocked"", ""2"": ""conflict""}}"
2025-03-29 15:38:27,"{""gw-2"": {""1"": ""conflict"", ""2"": ""blocked""}}"
2025-03-29 15:38:29,"{""gw-4"": {""1"": ""blocked"", ""2"": ""conflict""}}"
2025-03-29 15:38:30,"{""gw-4"": {""1"": ""conflict"", ""2"": ""blocked""}}"
2025-03-29 15:38:33,"{""gw-2"": {""1"": ""blocked"", ""2"": ""blocked""}, ""gw-4"": {""1"": ""blocked"", ""2"": ""blocked""}}"
2025-03-29 15:38:34,"{""gw-4"": {""1"": ""blocked"", ""2"": ""blocked""}}"
2025-03-29 15:38:34,"{""gw-2"": {""1"": ""blocked"", ""2"": ""blocked""}}"
2025-03-29 15:38:35,"{""gw-1"": {""1"": ""conflict"", ""2"": ""blocked""}}"
2025-03-29 15:38:35,"{""gw-1"": {""1"": ""conflict"", ""2"": ""blocked""}}"
2025-03-29 15:38:35,"{""gw-4"": {""1"": ""blocked"", ""2"": ""blocked""}}"
2025-03-29 15:38:35,"{""gw-1"": {""1"": ""conflict"", ""2"": ""blocked""}, ""gw-2"": {""1"": ""blocked"", ""2"": ""blocked""}, ""gw-4"": {""1"": ""blocked"", ""2"": ""blocked""}}"
2025-03-29 15:38:35,"{""gw-2"": {""1"": ""blocked"", ""2"": ""blocked""}}"
2025-03-29 15:38:36,"{""gw-2"": {""1"": ""blocked"", ""2"": ""blocked""}}"
2025-03-29 15:38:37,"{""gw-3"": {""1"": ""blocked"", ""2"": ""blocked""}}"
2025-03-29 15:38:37,"{""gw-2"": {""1"": ""blocked"", ""2"": ""blocked""}, ""gw-4"": {""1"": ""blocked"", ""2"": ""blocked""}}"
2025-03-29 15:38:37,"{""gw-2"": {""1"": ""blocked"", ""2"": ""blocked""}, ""gw-4"": {""1"": ""blocked"", ""2"": ""blocked""}}"
2025-03-29 15:38:39,"{""gw-1"": {""1"": ""conflict"", ""2"": ""blocked""}, ""gw-4"": {""1"": ""blocked"", ""2"": ""blocked""}}"
2025-03-29 15:38:39,"{""gw-4"": {""1"": ""blocked"", ""2"": ""blocked""}}"
2025-03-29 15:38:40,"{""gw-1"": {""1"": ""blocked"", ""2"": ""blocked""}}"
2025-03-29 15:38:44,"{""gw-2"": {""1"": ""blocked"", ""2"": ""blocked""}}"
2025-03-29 15:38:44,"{""gw-2"": {""1"": ""blocked"", ""2"": ""blocked""}}"
2025-03-29 15:38:47,"{""gw-4"": {""1"": ""blocked"", ""2"": ""blocked""}}"
2025-03-29 15:39:01,"{""gw-1"": {""1"": ""blocked"", ""2"": ""blocked""}}"
2025-03-29 15:39:02,"{""gw-2"": {""1"": ""blocked"", ""2"": ""blocked""}}"
2025-03-29 15:39:04,"{""gw-1"": {""1"": ""blocked"", ""2"": ""blocked""}}"
2025-03-29 15:39:07,"{""gw-4"": {""1"": ""blocked"", ""2"": ""blocked""}}"
2025-03-29 15:39:08,"{""gw-1"": {""1"": ""blocked"", ""2"": ""blocked""}}"
2025-03-29 15:39:12,"{""gw-3"": {""1"": ""blocked"", ""2"": ""blocked""}}"
2025-03-29 15:39:12,"{""gw-2"": {""1"": ""blocked"", ""2"": ""blocked""}}"
2025-03-29 15:39:13,"{""gw-1"": {""1"": ""conflict"", ""2"": ""conflict""}, ""gw-3"": {""1"": ""blocked"", ""2"": ""blocked""}}"
2025-03-29 15:39:15,"{""gw-3"": {""1"": ""blocked"", ""2"": ""blocked""}, ""gw-2"": {""1"": ""blocked"", ""2"": ""blocked""}}"
2025-03-29 15:39:17,"{""gw-1"": {""1"": ""blocked"", ""2"": ""blocked""}}"
2025-03-29 15:39:17,"{""gw-1"": {""1"": ""blocked"", ""2"": ""blocked""}}"
2025-03-29 15:39:19,"{""gw-4"": {""1"": ""blocked"", ""2"": ""blocked""}, ""gw-1"": {""1"": ""blocked"", ""2"": ""blocked""}}"
2025-03-29 15:39:20,"{""gw-3"": {""1"": ""conflict"", ""2"": ""conflict""}}"
2025-03-29 15:39:21,"{""gw-3"": {""1"": ""conflict"", ""2"": ""blocked""}}"
2025-03-29 15:39:21,"{""gw-1"": {""1"": ""blocked"", ""2"": ""blocked""}, ""gw-4"": {""1"": ""blocked"", ""2"": ""blocked""}}"
2025-03-29 15:39:22,"{""gw-2"": {""1"": ""blocked"", ""2"": ""blocked""}}"
2025-03-29 15:39:25,"{""gw-1"": {""1"": ""blocked"", ""2"": ""conflict""}, ""gw-4"": {""1"": ""blocked"", ""2"": ""blocked""}}"
2025-03-29 15:39:27,"{""gw-4"": {""1"": ""blocked"", ""2"": ""conflict""}, ""gw-2"": {""1"": ""blocked"", ""2"": ""blocked""}}"
2025-03-29 15:39:29,"{""gw-1"": {""1"": ""blocked"", ""2"": ""blocked""}}"
2025-03-29 15:39:33,"{""gw-2"": {""1"": ""blocked"", ""2"": ""blocked""}, ""gw-1"": {""1"": ""blocked"", ""2"": ""blocked""}}"
2025-03-29 15:39:37,"{""gw-2"": {""1"": ""blocked"", ""2"": ""blocked""}}"
2025-03-29 15:39:39,"{""gw-2"": {""1"": ""blocked"", ""2"": ""blocked""}, ""gw-3"": {""1"": ""blocked"", ""2"": ""blocked""}}"
2025-03-29 15:39:42,"{""gw-3"": {""1"": ""blocked"", ""2"": ""blocked""}}"
2025-03-29 15:39:43,"{""gw-1"": {""1"": ""blocked"", ""2"": ""blocked""}, ""gw-4"": {""1"": ""blocked"", ""2"": ""blocked""}}"
2025-03-29 15:39:44,"{""gw-1"": {""1"": ""blocked"", ""2"": ""blocked""}}"
2025-03-29 15:39:47,"{""gw-2"": {""1"": ""blocked"", ""2"": ""blocked""}}"
2025-03-29 15:39:53,"{""gw-4"": {""1"": ""blocked"", ""2"": ""conflict""}, ""gw-2"": {""1"": ""blocked"", ""2"": ""blocked""}}"
2025-03-29 15:39:54,"{""gw-2"": {""1"": ""blocked"", ""2"": ""conflict""}}"
2025-03-29 15:39:56,"{""gw-1"": {""1"": ""blocked"", ""2"": ""blocked""}}"
2025-03-29 15:39:57,"{""gw-4"": {""1"": ""blocked"", ""2"": ""blocked""}}"
2025-03-29 15:39:58,"{""gw-1"": {""1"": ""blocked"", ""2"": ""blocked""}}"
2025-03-29 15:40:00,"{""gw-4"": {""1"": ""blocked"", ""2"": ""blocked""}}"
2025-03-29 15:40:01,"{""gw-3"": {""1"": ""blocked"", ""2"": ""blocked""}}"
2025-03-29 15:40:03,"{""gw-2"": {""1"": ""blocked"", ""2"": ""blocked""}}"
2025-03-29 15:40:10,"{""gw-3"": {""1"": ""blocked"", ""2"": ""blocked""}, ""gw-4"": {""1"": ""blocked"", ""2"": ""blocked""}}"
2025-03-29 15:40:11,"{""gw-1"": {""1"": ""blocked"", ""2"": ""blocked""}, ""gw-4"": {""1"": ""blocked"", ""2"": ""blocked""}}"
2025-03-29 15:40:13,"{""gw-4"": {""1"": ""blocked"", ""2"": ""blocked""}}"
2025-03-29 15:40:14,"{""gw-1"": {""1"": ""blocked"", ""2"": ""conflict""}, ""gw-3"": {""1"": ""blocked"", ""2"": ""blocked""}}"
2025-03-29 15:40:14,"{""gw-1"": {""1"": ""blocked"", ""2"": ""conflict""}}"
2025-03-29 15:40:19,"{""gw-1"": {""1"": ""blocked"", ""2"": ""blocked""}}"
2025-03-29 15:40:21,"{""gw-1"": {""1"": ""blocked"", ""2"": ""blocked""}}"
2025-03-29 15:40:22,"{""gw-2"": {""1"": ""blocked"", ""2"": ""blocked""}, ""gw-1"": {""1"": ""blocked"", ""2"": ""blocked""}}"
2025-03-29 15:40:23,"{""gw-1"": {""1"": ""blocked"", ""2"": ""blocked""}, ""gw-4"": {""1"": ""blocked"", ""2"": ""blocked""}}"
2025-03-29 15:40:23,"{""gw-2"": {""1"": ""blocked"", ""2"": ""blocked""}}"
2025-03-29 15:40:31,"{""gw-2"": {""1"": ""blocked"", ""2"": ""conflict""}}"
2025-03-29 15:40:32,"{""gw-4"": {""1"": ""blocked"", ""2"": ""conflict""}}"
2025-03-29 15:40:33,"{""gw-1"": {""1"": ""blocked"", ""2"": ""blocked""}}"
2025-03-29 15:40:33,"{""gw-1"": {""1"": ""blocked"", ""2"": ""blocked""}}"
2025-03-29 15:40:34,"{""gw-4"": {""1"": ""conflict"", ""2"": ""blocked""}}"
2025-03-29 15:40:36,"{""gw-1"": {""1"": ""blocked"", ""2"": ""blocked""}, ""gw-3"": {""1"": ""conflict"", ""2"": ""blocked""}}"
2025-03-29 15:40:36,"{""gw-4"": {""1"": ""blocked"", ""2"": ""blocked""}, ""gw-1"": {""1"": ""blocked"", ""2"": ""blocked""}}"
2025-03-29 15:40:38,"{""gw-4"": {""1"": ""blocked"", ""2"": ""blocked""}, ""gw-2"": {""1"": ""blocked"", ""2"": ""blocked""}}"
2025-03-29 15:40:42,"{""gw-2"": {""1"": ""blocked"", ""2"": ""conflict""}, ""gw-3"": {""1"": ""blocked"", ""2"": ""blocked""}}"
2025-03-29 15:40:50,"{""gw-2"": {""1"": ""blocked"", ""2"": ""blocked""}}"
2025-03-29 15:40:50,"{""gw-4"": {""1"": ""blocked"", ""2"": ""blocked""}}"
2025-03-29 15:40:53,"{""gw-2"": {""1"": ""conflict"", ""2"": ""blocked""}, ""gw-1"": {""1"": ""conflict"", ""2"": ""blocked""}}"
2025-03-29 15:40:57,"{""gw-3"": {""1"": ""blocked"", ""2"": ""blocked""}, ""gw-4"": {""1"": ""blocked"", ""2"": ""blocked""}}"
2025-03-29 15:41:00,"{""gw-3"": {""1"": ""blocked"", ""2"": ""blocked""}}"
2025-03-29 15:41:03,"{""gw-4"": {""1"": ""blocked"", ""2"": ""blocked""}, ""gw-1"": {""1"": ""blocked"", ""2"": ""blocked""}}"
2025-03-29 15:41:04,"{""gw-1"": {""1"": ""conflict"", ""2"": ""conflict""}}"
2025-03-29 15:41:07,"{""gw-1"": {""1"": ""blocked"", ""2"": ""blocked""}, ""gw-4"": {""1"": ""blocked"", ""2"": ""blocked""}}"
2025-03-29 15:41:13,"{""gw-3"": {""1"": ""blocked"", ""2"": ""conflict""}, ""gw-1"": {""1"": ""blocked"", ""2"": ""blocked""}}"
2025-03-29 15:41:13,"{""gw-1"": {""1"": ""blocked"", ""2"": ""blocked""}}"
2025-03-29 15:41:14,"{""gw-4"": {""1"": ""conflict"", ""2"": ""conflict""}}"
2025-03-29 15:41:16,"{""gw-3"": {""1"": ""blocked"", ""2"": ""blocked""}, ""gw-4"": {""1"": ""blocked"", ""2"": ""blocked""}}"
2025-03-29 15:41:18,"{""gw-4"": {""1"": ""blocked"", ""2"": ""blocked""}, ""gw-1"": {""1"": ""conflict"", ""2"": ""blocked""}, ""gw-3"": {""1"": ""blocked"", ""2"": ""blocked""}}"
2025-03-29 15:41:18,"{""gw-4"": {""1"": ""blocked"", ""2"": ""blocked""}}"
2025-03-29 15:41:18,"{""gw-3"": {""1"": ""blocked"", ""2"": ""blocked""}, ""gw-2"": {""1"": ""conflict"", ""2"": ""blocked""}}"
2025-03-29 15:41:20,"{""gw-1"": {""1"": ""blocked"", ""2"": ""blocked""}, ""gw-3"": {""1"": ""blocked"", ""2"": ""blocked""}}"
2025-03-29 15:41:20,"{""gw-4"": {""1"": ""blocked"", ""2"": ""blocked""}}"
2025-03-29 15:41:21,"{""gw-4"": {""1"": ""blocked"", ""2"": ""blocked""}, ""gw-2"": {""1"": ""blocked"", ""2"": ""blocked""}, ""gw-1"": {""1"": ""blocked"", ""2"": ""blocked""}, ""gw-3"": {""1"": ""blocked"", ""2"": ""blocked""}}"
2025-03-29 15:41:23,"{""gw-2"": {""1"": ""blocked"", ""2"": ""blocked""}}"
2025-03-29 15:41:25,"{""gw-2"": {""1"": ""blocked"", ""2"": ""blocked""}}"
2025-03-29 15:41:26,"{""gw-2"": {""1"": ""blocked"", ""2"": ""blocked""}, ""gw-1"": {""1"": ""blocked"", ""2"": ""blocked""}}"
2025-03-29 15:41:27,"{""gw-2"": {""1"": ""blocked"", ""2"": ""blocked""}}"
2025-03-29 15:41:37,"{""gw-4"": {""1"": ""blocked"", ""2"": ""blocked""}}"
2025-03-29 15:41:39,"{""gw-4"": {""1"": ""conflict"", ""2"": ""conflict""}, ""gw-1"": {""1"": ""blocked"", ""2"": ""blocked""}, ""gw-3"": {""1"": ""blocked"", ""2"": ""blocked""}}"
2025-03-29 15:41:39,"{""gw-3"": {""1"": ""blocked"", ""2"": ""blocked""}}"
2025-03-29 15:41:44,"{""gw-1"": {""1"": ""blocked"", ""2"": ""blocked""}}"
2025-03-29 15:41:46,"{""gw-2"": {""1"": ""blocked"", ""2"": ""conflict""}}"
2025-03-29 15:41:47,"{""gw-3"": {""1"": ""blocked"", ""2"": ""blocked""}, ""gw-4"": {""1"": ""blocked"", ""2"": ""blocked""}}"
2025-03-29 15:41:48,"{""gw-3"": {""1"": ""blocked"", ""2"": ""blocked""}}"
2025-03-29 15:41:48,"{""gw-3"": {""1"": ""blocked"", ""2"": ""blocked""}}"
2025-03-29 15:41:49,"{""gw-4"": {""1"": ""blocked"", ""2"": ""blocked""}, ""gw-3"": {""1"": ""blocked"", ""2"": ""blocked""}}"
2025-03-29 15:41:51,"{""gw-2"": {""1"": ""blocked"", ""2"": ""blocked""}, ""gw-4"": {""1"": ""blocked"", ""2"": ""conflict""}, ""gw-3"": {""1"": ""blocked"", ""2"": ""blocked""}}"
2025-03-29 15:41:51,"{""gw-2"": {""1"": ""blocked"", ""2"": ""blocked""}, ""gw-4"": {""1"": ""conflict"", ""2"": ""conflict""}}"
2025-03-29 15:41:52,"{""gw-2"": {""1"": ""blocked"", ""2"": ""blocked""}, ""gw-3"": {""1"": ""blocked"", ""2"": ""blocked""}}"
2025-03-29 15:41:55,"{""gw-2"": {""1"": ""blocked"", ""2"": ""blocked""}, ""gw-4"": {""1"": ""blocked"", ""2"": ""blocked""}}"
2025-03-29 15:41:56,"{""gw-4"": {""1"": ""blocked"", ""2"": ""blocked""}}"
2025-03-29 15:41:57,"{""gw-2"": {""1"": ""blocked"", ""2"": ""blocked""}}"
2025-03-29 15:41:57,"{""gw-4"": {""1"": ""blocked"", ""2"": ""blocked""}}"
2025-03-29 15:42:03,"{""gw-3"": {""1"": ""blocked"", ""2"": ""blocked""}}"
2025-03-29 15:42:10,"{""gw-1"": {""1"": ""blocked"", ""2"": ""blocked""}}"
2025-03-29 15:42:10,"{""gw-4"": {""1"": ""blocked"", ""2"": ""blocked""}}"
2025-03-29 15:42:11,"{""gw-4"": {""1"": ""blocked"", ""2"": ""blocked""}}"
2025-03-29 15:42:11,"{""gw-1"": {""1"": ""blocked"", ""2"": ""blocked""}}"
2025-03-29 15:42:11,"{""gw-1"": {""1"": ""blocked"", ""2"": ""blocked""}, ""gw-4"": {""1"": ""blocked"", ""2"": ""blocked""}}"
2025-03-29 15:42:14,"{""gw-1"": {""1"": ""conflict"", ""2"": ""conflict""}, ""gw-4"": {""1"": ""blocked"", ""2"": ""blocked""}}"
2025-03-29 15:42:14,"{""gw-3"": {""1"": ""blocked"", ""2"": ""blocked""}, ""gw-1"": {""1"": ""conflict"", ""2"": ""blocked""}}"
2025-03-29 15:42:15,"{""gw-2"": {""1"": ""blocked"", ""2"": ""conflict""}, ""gw-3"": {""1"": ""blocked"", ""2"": ""blocked""}}"
2025-03-29 15:42:16,"{""gw-3"": {""1"": ""blocked"", ""2"": ""blocked""}}"
2025-03-29 15:42:16,"{""gw-2"": {""1"": ""conflict"", ""2"": ""blocked""}}"
2025-03-29 15:42:22,"{""gw-1"": {""1"": ""blocked"", ""2"": ""blocked""}}"
2025-03-29 15:42:22,"{""gw-2"": {""1"": ""blocked"", ""2"": ""blocked""}}"
2025-03-29 15:42:22,"{""gw-3"": {""1"": ""conflict"", ""2"": ""conflict""}}"
2025-03-29 15:42:26,"{""gw-2"": {""1"": ""blocked"", ""2"": ""blocked""}, ""gw-4"": {""1"": ""blocked"", ""2"": ""blocked""}}"
2025-03-29 15:42:30,"{""gw-1"": {""1"": ""blocked"", ""2"": ""conflict""}, ""gw-4"": {""1"": ""blocked"", ""2"": ""blocked""}}"
2025-03-29 15:42:31,"{""gw-3"": {""1"": ""blocked"", ""2"": ""blocked""}, ""gw-1"": {""1"": ""conflict"", ""2"": ""blocked""}}"
2025-03-29 15:42:31,"{""gw-3"": {""1"": ""blocked"", ""2"": ""blocked""}}"
2025-03-29 15:42:32,"{""gw-3"": {""1"": ""blocked"", ""2"": ""blocked""}}"
2025-03-29 15:42:35,"{""gw-1"": {""1"": ""blocked"", ""2"": ""blocked""}}"
2025-03-29 15:42:38,"{""gw-3"": {""1"": ""conflict"", ""2"": ""conflict""}}"
2025-03-29 15:42:40,"{""gw-1"": {""1"": ""blocked"", ""2"": ""blocked""}}"
2025-03-29 15:42:40,"{""gw-1"": {""1"": ""blocked"", ""2"": ""blocked""}}"
2025-03-29 15:42:41,"{""gw-2"": {""1"": ""blocked"", ""2"": ""blocked""}}"
2025-03-29 15:42:42,"{""gw-1"": {""1"": ""conflict"", ""2"": ""blocked""}}"
2025-03-29 15:42:44,"{""gw-3"": {""1"": ""blocked"", ""2"": ""blocked""}, ""gw-2"": {""1"": ""blocked"", ""2"": ""blocked""}}"
2025-03-29 15:42:44,"{""gw-3"": {""1"": ""blocked"", ""2"": ""blocked""}, ""gw-2"": {""1"": ""blocked"", ""2"": ""blocked""}}"
2025-03-29 15:42:45,"{""gw-3"": {""1"": ""blocked"", ""2"": ""blocked""}}"
2025-03-29 15:42:46,"{""gw-3"": {""1"": ""blocked"", ""2"": ""blocked""}}"
2025-03-29 15:42:47,"{""gw-3"": {""1"": ""blocked"", ""2"": ""blocked""}, ""gw-4"": {""1"": ""blocked"", ""2"": ""blocked""}, ""gw-1"": {""1"": ""blocked"", ""2"": ""blocked""}}"
2025-03-29 15:42:48,"{""gw-4"": {""1"": ""blocked"", ""2"": ""blocked""}, ""gw-1"": {""1"": ""blocked"", ""2"": ""blocked""}}"
2025-03-29 15:42:49,"{""gw-4"": {""1"": ""blocked"", ""2"": ""blocked""}, ""gw-1"": {""1"": ""blocked"", ""2"": ""blocked""}}"
2025-03-29 15:42:50,"{""gw-4"": {""1"": ""blocked"", ""2"": ""blocked""}, ""gw-3"": {""1"": ""conflict"", ""2"": ""blocked""}, ""gw-2"": {""1"": ""blocked"", ""2"": ""blocked""}}"
2025-03-29 15:42:50,"{""gw-1"": {""1"": ""blocked"", ""2"": ""blocked""}}"
2025-03-29 15:42:53,"{""gw-2"": {""1"": ""blocked"", ""2"": ""blocked""}, ""gw-3"": {""1"": ""blocked"", ""2"": ""blocked""}}"
2025-03-29 15:42:57,"{""gw-1"": {""1"": ""blocked"", ""2"": ""conflict""}}"
2025-03-29 15:42:58,"{""gw-1"": {""1"": ""conflict"", ""2"": ""blocked""}}"
2025-03-29 15:42:59,"{""gw-3"": {""1"": ""blocked"", ""2"": ""blocked""}, ""gw-2"": {""1"": ""conflict"", ""2"": ""blocked""}, ""gw-4"": {""1"": ""conflict"", ""2"": ""blocked""}}"
2025-03-29 15:42:59,"{""gw-3"": {""1"": ""blocked"", ""2"": ""blocked""}}"
2025-03-29 15:43:01,"{""gw-2"": {""1"": ""blocked"", ""2"": ""blocked""}}"
2025-03-29 15:43:03,"{""gw-2"": {""1"": ""blocked"", ""2"": ""blocked""}}"
2025-03-29 15:43:03,"{""gw-1"": {""1"": ""blocked"", ""2"": ""blocked""}, ""gw-4"": {""1"": ""blocked"", ""2"": ""blocked""}}"
2025-03-29 15:43:03,"{""gw-2"": {""1"": ""blocked"", ""2"": ""blocked""}, ""gw-4"": {""1"": ""blocked"", ""2"": ""blocked""}, ""gw-1"": {""1"": ""blocked"", ""2"": ""blocked""}}"
2025-03-29 15:43:04,"{""gw-1"": {""1"": ""blocked"", ""2"": ""blocked""}}"
2025-03-29 15:43:06,"{""gw-4"": {""1"": ""blocked"", ""2"": ""blocked""}}"
2025-03-29 15:43:08,"{""gw-2"": {""1"": ""blocked"", ""2"": ""blocked""}, ""gw-3"": {""1"": ""blocked"", ""2"": ""blocked""}}"
2025-03-29 15:43:08,"{""gw-2"": {""1"": ""blocked"", ""2"": ""blocked""}}"
2025-03-29 15:43:09,"{""gw-3"": {""1"": ""blocked"", ""2"": ""blocked""}}"
2025-03-29 15:43:10,"{""gw-3"": {""1"": ""blocked"", ""2"": ""blocked""}}"
2025-03-29 15:43:11,"{""gw-3"": {""1"": ""blocked"", ""2"": ""blocked""}}"
2025-03-29 15:43:12,"{""gw-1"": {""1"": ""blocked"", ""2"": ""blocked""}}"
2025-03-29 15:43:12,"{""gw-1"": {""1"": ""blocked"", ""2"": ""blocked""}}"
2025-03-29 15:43:13,"{""gw-1"": {""1"": ""blocked"", ""2"": ""blocked""}}"
2025-03-29 15:43:14,"{""gw-4"": {""1"": ""blocked"", ""2"": ""blocked""}, ""gw-2"": {""1"": ""blocked"", ""2"": ""blocked""}}"
2025-03-29 15:43:14,"{""gw-1"": {""1"": ""blocked"", ""2"": ""blocked""}}"
2025-03-29 15:43:16,"{""gw-4"": {""1"": ""blocked"", ""2"": ""blocked""}}"
2025-03-29 15:43:17,"{""gw-2"": {""1"": ""blocked"", ""2"": ""blocked""}, ""gw-4"": {""1"": ""blocked"", ""2"": ""blocked""}, ""gw-1"": {""1"": ""blocked"", ""2"": ""blocked""}}"
2025-03-29 15:43:18,"{""gw-1"": {""1"": ""blocked"", ""2"": ""blocked""}}"
2025-03-29 15:43:19,"{""gw-1"": {""1"": ""blocked"", ""2"": ""blocked""}, ""gw-2"": {""1"": ""blocked"", ""2"": ""blocked""}, ""gw-4"": {""1"": ""blocked"", ""2"": ""blocked""}}"
2025-03-29 15:43:19,"{""gw-4"": {""1"": ""blocked"", ""2"": ""blocked""}}"
2025-03-29 15:43:21,"{""gw-1"": {""1"": ""blocked"", ""2"": ""conflict""}, ""gw-4"": {""1"": ""blocked"", ""2"": ""blocked""}}"
2025-03-29 15:43:21,"{""gw-3"": {""1"": ""blocked"", ""2"": ""blocked""}, ""gw-1"": {""1"": ""blocked"", ""2"": ""conflict""}}"
2025-03-29 15:43:26,"{""gw-3"": {""1"": ""blocked"", ""2"": ""blocked""}}"
2025-03-29 15:43:29,"{""gw-3"": {""1"": ""conflict"", ""2"": ""blocked""}}"
2025-03-29 15:43:29,"{""gw-3"": {""1"": ""conflict"", ""2"": ""blocked""}}"
2025-03-29 15:43:30,"{""gw-1"": {""1"": ""blocked"", ""2"": ""blocked""}}"
2025-03-29 15:43:30,"{""gw-2"": {""1"": ""blocked"", ""2"": ""blocked""}}"
2025-03-29 15:43:31,"{""gw-2"": {""1"": ""blocked"", ""2"": ""blocked""}, ""gw-1"": {""1"": ""blocked"", ""2"": ""blocked""}}"
2025-03-29 15:43:32,"{""gw-1"": {""1"": ""blocked"", ""2"": ""blocked""}}"
2025-03-29 15:43:36,"{""gw-4"": {""1"": ""conflict"", ""2"": ""conflict""}}"
2025-03-29 15:43:37,"{""gw-3"": {""1"": ""blocked"", ""2"": ""blocked""}}"
2025-03-29 15:43:41,"{""gw-1"": {""1"": ""blocked"", ""2"": ""blocked""}}"
2025-03-29 15:43:50,"{""gw-2"": {""1"": ""blocked"", ""2"": ""blocked""}}"
2025-03-29 15:43:51,"{""gw-2"": {""1"": ""blocked"", ""2"": ""blocked""}}"
2025-03-29 15:43:51,"{""gw-2"": {""1"": ""blocked"", ""2"": ""blocked""}, ""gw-3"": {""1"": ""conflict"", ""2"": ""blocked""}}"
2025-03-29 15:43:57,"{""gw-4"": {""1"": ""blocked"", ""2"": ""blocked""}}"
2025-03-29 15:43:59,"{""gw-3"": {""1"": ""blocked"", ""2"": ""blocked""}}"
2025-03-29 15:44:00,"{""gw-3"": {""1"": ""blocked"", ""2"": ""blocked""}}"
2025-03-29 15:44:01,"{""gw-3"": {""1"": ""blocked"", ""2"": ""blocked""}}"
2025-03-29 15:44:06,"{""gw-2"": {""1"": ""blocked"", ""2"": ""blocked""}}"
2025-03-29 15:44:07,"{""gw-4"": {""1"": ""blocked"", ""2"": ""conflict""}}"
2025-03-29 15:44:07,"{""gw-4"": {""1"": ""conflict"", ""2"": ""conflict""}, ""gw-2"": {""1"": ""blocked"", ""2"": ""blocked""}}"
2025-03-29 15:44:08,"{""gw-2"": {""1"": ""blocked"", ""2"": ""blocked""}, ""gw-3"": {""1"": ""blocked"", ""2"": ""blocked""}, ""gw-4"": {""1"": ""conflict"", ""2"": ""blocked""}}"
2025-03-29 15:44:13,"{""gw-4"": {""1"": ""blocked"", ""2"": ""blocked""}, ""gw-3"": {""1"": ""blocked"", ""2"": ""conflict""}}"
2025-03-29 15:44:15,"{""gw-2"": {""1"": ""blocked"", ""2"": ""blocked""}, ""gw-4"": {""1"": ""blocked"", ""2"": ""blocked""}}"
2025-03-29 15:44:16,"{""gw-2"": {""1"": ""blocked"", ""2"": ""blocked""}, ""gw-4"": {""1"": ""blocked"", ""2"": ""blocked""}}"
2025-03-29 15:44:18,"{""gw-3"": {""1"": ""blocked"", ""2"": ""blocked""}}"
2025-03-29 15:44:23,"{""gw-1"": {""1"": ""blocked"", ""2"": ""blocked""}}"
2025-03-29 15:44:23,"{""gw-3"": {""1"": ""blocked"", ""2"": ""blocked""}}"
2025-03-29 15:44:26,"{""gw-2"": {""1"": ""blocked"", ""2"": ""blocked""}}"
2025-03-29 15:44:26,"{""gw-2"": {""1"": ""blocked"", ""2"": ""blocked""}}"
2025-03-29 15:44:28,"{""gw-1"": {""1"": ""conflict"", ""2"": ""blocked""}}"
2025-03-29 15:44:29,"{""gw-4"": {""1"": ""blocked"", ""2"": ""blocked""}, ""gw-3"": {""1"": ""conflict"", ""2"": ""blocked""}}"
2025-03-29 15:44:29,"{""gw-4"": {""1"": ""blocked"", ""2"": ""blocked""}}"
2025-03-29 15:44:30,"{""gw-1"": {""1"": ""blocked"", ""2"": ""blocked""}, ""gw-4"": {""1"": ""blocked"", ""2"": ""blocked""}}"
2025-03-29 15:44:32,"{""gw-3"": {""1"": ""blocked"", ""2"": ""blocked""}, ""gw-1"": {""1"": ""blocked"", ""2"": ""blocked""}}"
2025-03-29 15:44:33,"{""gw-2"": {""1"": ""blocked"", ""2"": ""conflict""}, ""gw-4"": {""1"": ""blocked"", ""2"": ""conflict""}, ""gw-3"": {""1"": ""blocked"", ""2"": ""blocked""}}"
2025-03-29 15:44:38,"{""gw-4"": {""1"": ""blocked"", ""2"": ""blocked""}, ""gw-2"": {""1"": ""blocked"", ""2"": ""blocked""}, ""gw-3"": {""1"": ""blocked"", ""2"": ""blocked""}}"
2025-03-29 15:44:41,"{""gw-4"": {""1"": ""blocked"", ""2"": ""blocked""}, ""gw-2"": {""1"": ""blocked"", ""2"": ""blocked""}}"
2025-03-29 15:44:42,"{""gw-4"": {""1"": ""blocked"", ""2"": ""blocked""}}"
2025-03-29 15:44:44,"{""gw-2"": {""1"": ""blocked"", ""2"": ""blocked""}}"
2025-03-29 15:44:49,"{""gw-3"": {""1"": ""blocked"", ""2"": ""blocked""}}"
2025-03-29 15:44:52,"{""gw-4"": {""1"": ""blocked"", ""2"": ""blocked""}}"
2025-03-29 15:44:59,"{""gw-2"": {""1"": ""blocked"", ""2"": ""blocked""}}"
2025-03-29 15:44:59,"{""gw-1"": {""1"": ""blocked"", ""2"": ""blocked""}}"
2025-03-29 15:45:00,"{""gw-2"": {""1"": ""blocked"", ""2"": ""conflict""}, ""gw-1"": {""1"": ""blocked"", ""2"": ""blocked""}}"
2025-03-29 15:45:00,"{""gw-2"": {""1"": ""blocked"", ""2"": ""conflict""}}"
2025-03-29 15:45:05,"{""gw-4"": {""1"": ""blocked"", ""2"": ""blocked""}}"
2025-03-29 15:45:15,"{""gw-1"": {""1"": ""blocked"", ""2"": ""blocked""}, ""gw-3"": {""1"": ""conflict"", ""2"": ""blocked""}}"
2025-03-29 15:45:15,"{""gw-1"": {""1"": ""blocked"", ""2"": ""blocked""}}"
2025-03-29 15:45:19,"{""gw-4"": {""1"": ""conflict"", ""2"": ""blocked""}}"
2025-03-29 15:45:19,"{""gw-1"": {""1"": ""blocked"", ""2"": ""blocked""}, ""gw-2"": {""1"": ""blocked"", ""2"": ""blocked""}}"
2025-03-29 15:45:19,"{""gw-2"": {""1"": ""blocked"", ""2"": ""blocked""}, ""gw-4"": {""1"": ""conflict"", ""2"": ""blocked""}}"
2025-03-29 15:45:23,"{""gw-3"": {""1"": ""blocked"", ""2"": ""blocked""}}"
2025-03-29 15:45:27,"{""gw-3"": {""1"": ""conflict"", ""2"": ""conflict""}}"
2025-03-29 15:45:28,"{""gw-3"": {""1"": ""conflict"", ""2"": ""blocked""}, ""gw-1"": {""1"": ""blocked"", ""2"": ""blocked""}}"
2025-03-29 15:45:28,"{""gw-3"": {""1"": ""conflict"", ""2"": ""blocked""}, ""gw-1"": {""1"": ""blocked"", ""2"": ""blocked""}}"
2025-03-29 15:45:30,"{""gw-3"": {""1"": ""blocked"", ""2"": ""blocked""}, ""gw-2"": {""1"": ""conflict"", ""2"": ""blocked""}, ""gw-4"": {""1"": ""blocked"", ""2"": ""blocked""}}"
2025-03-29 15:45:34,"{""gw-4"": {""1"": ""blocked"", ""2"": ""blocked""}, ""gw-2"": {""1"": ""blocked"", ""2"": ""blocked""}}"
2025-03-29 15:45:39,"{""gw-4"": {""1"": ""conflict"", ""2"": ""blocked""}}"
2025-03-29 15:45:39,"{""gw-1"": {""1"": ""conflict"", ""2"": ""conflict""}}"
2025-03-29 15:45:40,"{""gw-2"": {""1"": ""blocked"", ""2"": ""blocked""}, ""gw-3"": {""1"": ""conflict"", ""2"": ""blocked""}}"
2025-03-29 15:45:42,"{""gw-4"": {""1"": ""blocked"", ""2"": ""blocked""}}"
2025-03-29 15:45:44,"{""gw-3"": {""1"": ""blocked"", ""2"": ""blocked""}}"
2025-03-29 15:45:46,"{""gw-1"": {""1"": ""blocked"", ""2"": ""blocked""}, ""gw-4"": {""1"": ""blocked"", ""2"": ""blocked""}}"
2025-03-29 15:45:48,"{""gw-4"": {""1"": ""blocked"", ""2"": ""blocked""}, ""gw-1"": {""1"": ""blocked"", ""2"": ""blocked""}, ""gw-3"": {""1"": ""conflict"", ""2"": ""blocked""}}"
2025-03-29 15:45:49,"{""gw-2"": {""1"": ""conflict"", ""2"": ""blocked""}}"
2025-03-29 15:45:53,"{""gw-2"": {""1"": ""blocked"", ""2"": ""conflict""}}"
2025-03-29 15:45:54,"{""gw-2"": {""1"": ""conflict"", ""2"": ""conflict""}}"
2025-03-29 15:45:55,"{""gw-4"": {""1"": ""blocked"", ""2"": ""blocked""}}"
2025-03-29 15:45:55,"{""gw-2"": {""1"": ""conflict"", ""2"": ""blocked""}, ""gw-4"": {""1"": ""blocked"", ""2"": ""blocked""}}"
2025-03-29 15:45:55,"{""gw-3"": {""1"": ""blocked"", ""2"": ""blocked""}}"
2025-03-29 15:45:56,"{""gw-3"": {""1"": ""blocked"", ""2"": ""blocked""}, ""gw-2"": {""1"": ""blocked"", ""2"": ""blocked""}, ""gw-4"": {""1"": ""blocked"", ""2"": ""blocked""}}"
2025-03-29 15:45:58,"{""gw-4"": {""1"": ""blocked"", ""2"": ""blocked""}, ""gw-2"": {""1"": ""blocked"", ""2"": ""blocked""}, ""gw-3"": {""1"": ""blocked"", ""2"": ""blocked""}}"
2025-03-29 15:45:58,"{""gw-4"": {""1"": ""blocked"", ""2"": ""blocked""}}"
2025-03-29 15:46:00,"{""gw-2"": {""1"": ""blocked"", ""2"": ""blocked""}}"
2025-03-29 15:46:01,"{""gw-4"": {""1"": ""blocked"", ""2"": ""blocked""}, ""gw-1"": {""1"": ""blocked"", ""2"": ""blocked""}}"
2025-03-29 15:46:02,"{""gw-3"": {""1"": ""blocked"", ""2"": ""blocked""}, ""gw-4"": {""1"": ""blocked"", ""2"": ""conflict""}, ""gw-2"": {""1"": ""blocked"", ""2"": ""blocked""}}"
2025-03-29 15:46:06,"{""gw-4"": {""1"": ""blocked"", ""2"": ""blocked""}}"
2025-03-29 15:46:10,"{""gw-1"": {""1"": ""conflict"", ""2"": ""blocked""}, ""gw-3"": {""1"": ""blocked"", ""2"": ""conflict""}}"
2025-03-29 15:46:15,"{""gw-3"": {""1"": ""blocked"", ""2"": ""blocked""}}"
2025-03-29 15:46:20,"{""gw-4"": {""1"": ""blocked"", ""2"": ""blocked""}}"
2025-03-29 15:46:20,"{""gw-3"": {""1"": ""blocked"", ""2"": ""blocked""}, ""gw-4"": {""1"": ""blocked"", ""2"": ""blocked""}}"
2025-03-29 15:46:25,"{""gw-2"": {""1"": ""blocked"", ""2"": ""blocked""}}"
2025-03-29 15:46:28,"{""gw-1"": {""1"": ""blocked"", ""2"": ""blocked""}}"
2025-03-29 15:46:30,"{""gw-1"": {""1"": ""blocked"", ""2"": ""blocked""}, ""gw-3"": {""1"": ""blocked"", ""2"": ""conflict""}}"
2025-03-29 15:46:31,"{""gw-1"": {""1"": ""blocked"", ""2"": ""blocked""}, ""gw-2"": {""1"": ""blocked"", ""2"": ""conflict""}, ""gw-3"": {""1"": ""conflict"", ""2"": ""conflict""}}"
2025-03-29 15:46:31,"{""gw-4"": {""1"": ""blocked"", ""2"": ""blocked""}, ""gw-3"": {""1"": ""conflict"", ""2"": ""blocked""}, ""gw-1"": {""1"": ""blocked"", ""2"": ""blocked""}}"
2025-03-29 15:46:32,"{""gw-1"": {""1"": ""blocked"", ""2"": ""blocked""}}"
2025-03-29 15:46:34,"{""gw-1"": {""1"": ""blocked"", ""2"": ""blocked""}}"
2025-03-29 15:46:36,"{""gw-2"": {""1"": ""blocked"", ""2"": ""blocked""}, ""gw-3"": {""1"": ""blocked"", ""2"": ""blocked""}}"
2025-03-29 15:46:45,"{""gw-2"": {""1"": ""blocked"", ""2"": ""conflict""}, ""gw-1"": {""1"": ""blocked"", ""2"": ""blocked""}}"
2025-03-29 15:46:46,"{""gw-2"": {""1"": ""conflict"", ""2"": ""blocked""}}"
2025-03-29 15:46:46,"{""gw-4"": {""1"": ""blocked"", ""2"": ""blocked""}, ""gw-1"": {""1"": ""blocked"", ""2"": ""blocked""}}"
2025-03-29 15:46:48,"{""gw-4"": {""1"": ""blocked"", ""2"": ""blocked""}}"
2025-03-29 15:46:49,"{""gw-4"": {""1"": ""blocked"", ""2"": ""blocked""}}"
2025-03-29 15:46:49,"{""gw-2"": {""1"": ""blocked"", ""2"": ""blocked""}}"
2025-03-29 15:46:51,"{""gw-1"": {""1"": ""blocked"", ""2"": ""blocked""}, ""gw-3"": {""1"": ""blocked"", ""2"": ""blocked""}}"
2025-03-29 15:46:53,"{""gw-1"": {""1"": ""blocked"", ""2"": ""conflict""}, ""gw-2"": {""1"": ""blocked"", ""2"": ""blocked""}, ""gw-4"": {""1"": ""conflict"", ""2"": ""blocked""}}"
2025-03-29 15:46:53,"{""gw-1"": {""1"": ""blocked"", ""2"": ""conflict""}}"
2025-03-29 15:46:54,"{""gw-2"": {""1"": ""blocked"", ""2"": ""blocked""}, ""gw-1"": {""1"": ""conflict"", ""2"": ""blocked""}}"
2025-03-29 15:46:54,"{""gw-3"": {""1"": ""blocked"", ""2"": ""blocked""}}"
2025-03-29 15:46:57,"{""gw-3"": {""1"": ""blocked"", ""2"": ""conflict""}}"
2025-03-29 15:46:57,"{""gw-4"": {""1"": ""blocked"", ""2"": ""blocked""}}"
2025-03-29 15:46:58,"{""gw-1"": {""1"": ""blocked"", ""2"": ""blocked""}}"
2025-03-29 15:46:59,"{""gw-2"": {""1"": ""blocked"", ""2"": ""conflict""}, ""gw-4"": {""1"": ""blocked"", ""2"": ""blocked""}}"
2025-03-29 15:46:59,"{""gw-4"": {""1"": ""blocked"", ""2"": ""blocked""}, ""gw-1"": {""1"": ""blocked"", ""2"": ""blocked""}, ""gw-2"": {""1"": ""blocked"", ""2"": ""conflict""}}"
2025-03-29 15:46:59,"{""gw-3"": {""1"": ""blocked"", ""2"": ""blocked""}}"
2025-03-29 15:47:01,"{""gw-4"": {""1"": ""blocked"", ""2"": ""blocked""}}"
2025-03-29 15:47:01,"{""gw-1"": {""1"": ""blocked"", ""2"": ""blocked""}}"
2025-03-29 15:47:02,"{""gw-3"": {""1"": ""blocked"", ""2"": ""blocked""}, ""gw-1"": {""1"": ""blocked"", ""2"": ""blocked""}, ""gw-4"": {""1"": ""blocked"", ""2"": ""blocked""}}"
2025-03-29 15:47:02,"{""gw-4"": {""1"": ""blocked"", ""2"": ""blocked""}, ""gw-1"": {""1"": ""blocked"", ""2"": ""blocked""}}"
2025-03-29 15:47:03,"{""gw-2"": {""1"": ""blocked"", ""2"": ""blocked""}}"
2025-03-29 15:47:08,"{""gw-1"": {""1"": ""conflict"", ""2"": ""conflict""}}"
2025-03-29 15:47:08,"{""gw-2"": {""1"": ""blocked"", ""2"": ""blocked""}}"
2025-03-29 15:47:14,"{""gw-4"": {""1"": ""blocked"", ""2"": ""blocked""}, ""gw-1"": {""1"": ""blocked"", ""2"": ""blocked""}}"
2025-03-29 15:47:16,"{""gw-1"": {""1"": ""blocked"", ""2"": ""blocked""}}"
2025-03-29 15:47:16,"{""gw-1"": {""1"": ""blocked"", ""2"": ""blocked""}}"
2025-03-29 15:47:20,"{""gw-4"": {""1"": ""blocked"", ""2"": ""blocked""}}"
2025-03-29 15:47:21,"{""gw-4"": {""1"": ""blocked"", ""2"": ""blocked""}, ""gw-2"": {""1"": ""blocked"", ""2"": ""blocked""}}"
2025-03-29 15:47:23,"{""gw-1"": {""1"": ""blocked"", ""2"": ""conflict""}, ""gw-3"": {""1"": ""blocked"", ""2"": ""conflict""}}"
2025-03-29 15:47:24,"{""gw-1"": {""1"": ""conflict"", ""2"": ""blocked""}}"
2025-03-29 15:47:24,"{""gw-2"": {""1"": ""blocked"", ""2"": ""blocked""}}"
2025-03-29 15:47:27,"{""gw-2"": {""1"": ""blocked"", ""2"": ""blocked""}}"
2025-03-29 15:47:30,"{""gw-2"": {""1"": ""conflict"", ""2"": ""blocked""}}"
2025-03-29 15:47:30,"{""gw-2"": {""1"": ""conflict"", ""2"": ""blocked""}, ""gw-1"": {""1"": ""blocked"", ""2"": ""blocked""}}"
2025-03-29 15:47:32,"{""gw-1"": {""1"": ""blocked"", ""2"": ""blocked""}}"
2025-03-29 15:47:32,"{""gw-1"": {""1"": ""blocked"", ""2"": ""blocked""}}"
2025-03-29 15:47:34,"{""gw-2"": {""1"": ""blocked"", ""2"": ""blocked""}}"
2025-03-29 15:47:38,"{""gw-4"": {""1"": ""blocked"", ""2"": ""blocked""}}"
2025-03-29 15:47:39,"{""gw-4"": {""1"": ""blocked"", ""2"": ""blocked""}}"
2025-03-29 15:47:40,"{""gw-4"": {""1"": ""blocked"", ""2"": ""blocked""}, ""gw-3"": {""1"": ""conflict"", ""2"": ""blocked""}}"
2025-03-29 15:47:40,"{""gw-3"": {""1"": ""conflict"", ""2"": ""blocked""}, ""gw-4"": {""1"": ""blocked"", ""2"": ""blocked""}}"
2025-03-29 15:47:40,"{""gw-3"": {""1"": ""conflict"", ""2"": ""blocked""}}"
2025-03-29 15:47:42,"{""gw-4"": {""1"": ""blocked"", ""2"": ""blocked""}}"
2025-03-29 15:47:43,"{""gw-3"": {""1"": ""blocked"", ""2"": ""blocked""}}"
2025-03-29 15:47:44,"{""gw-4"": {""1"": ""conflict"", ""2"": ""conflict""}, ""gw-3"": {""1"": ""blocked"", ""2"": ""blocked""}}"
2025-03-29 15:47:45,"{""gw-2"": {""1"": ""conflict"", ""2"": ""conflict""}, ""gw-3"": {""1"": ""blocked"", ""2"": ""blocked""}}"
2025-03-29 15:47:45,"{""gw-4"": {""1"": ""conflict"", ""2"": ""blocked""}, ""gw-2"": {""1"": ""conflict"", ""2"": ""blocked""}}"
2025-03-29 15:47:46,"{""gw-3"": {""1"": ""blocked"", ""2"": ""blocked""}}"
2025-03-29 15:47:46,"{""gw-3"": {""1"": ""blocked"", ""2"": ""blocked""}, ""gw-1"": {""1"": ""blocked"", ""2"": ""blocked""}}"
2025-03-29 15:47:48,"{""gw-1"": {""1"": ""blocked"", ""2"": ""blocked""}, ""gw-4"": {""1"": ""blocked"", ""2"": ""blocked""}}"
2025-03-29 15:47:50,"{""gw-1"": {""1"": ""conflict"", ""2"": ""conflict""}, ""gw-4"": {""1"": ""blocked"", ""2"": ""blocked""}}"
2025-03-29 15:47:55,"{""gw-1"": {""1"": ""blocked"", ""2"": ""blocked""}}"
2025-03-29 15:48:00,"{""gw-3"": {""1"": ""blocked"", ""2"": ""blocked""}, ""gw-4"": {""1"": ""blocked"", ""2"": ""blocked""}}"
2025-03-29 15:48:01,"{""gw-2"": {""1"": ""blocked"", ""2"": ""blocked""}}"
2025-03-29 15:48:02,"{""gw-4"": {""1"": ""blocked"", ""2"": ""blocked""}, ""gw-3"": {""1"": ""blocked"", ""2"": ""blocked""}, ""gw-2"": {""1"": ""blocked"", ""2"": ""blocked""}}"
2025-03-29 15:48:03,"{""gw-3"": {""1"": ""blocked"", ""2"": ""blocked""}, ""gw-4"": {""1"": ""blocked"", ""2"": ""blocked""}}"
2025-03-29 15:48:04,"{""gw-4"": {""1"": ""blocked"", ""2"": ""blocked""}, ""gw-1"": {""1"": ""conflict"", ""2"": ""blocked""}}"
2025-03-29 15:48:04,"{""gw-4"": {""1"": ""blocked"", ""2"": ""blocked""}}"
2025-03-29 15:48:05,"{""gw-2"": {""1"": ""blocked"", ""2"": ""blocked""}}"
2025-03-29 15:48:05,"{""gw-3"": {""1"": ""blocked"", ""2"": ""blocked""}}"
2025-03-29 15:48:06,"{""gw-1"": {""1"": ""blocked"", ""2"": ""blocked""}, ""gw-2"": {""1"": ""blocked"", ""2"": ""blocked""}}"
2025-03-29 15:48:07,"{""gw-4"": {""1"": ""blocked"", ""2"": ""blocked""}, ""gw-1"": {""1"": ""blocked"", ""2"": ""blocked""}}"
2025-03-29 15:48:11,"{""gw-4"": {""1"": ""blocked"", ""2"": ""conflict""}}"
2025-03-29 15:48:11,"{""gw-2"": {""1"": ""blocked"", ""2"": ""conflict""}, ""gw-4"": {""1"": ""blocked"", ""2"": ""conflict""}}"
2025-03-29 15:48:12,"{""gw-3"": {""1"": ""conflict"", ""2"": ""blocked""}}"
2025-03-29 15:48:13,"{""gw-3"": {""1"": ""blocked"", ""2"": ""blocked""}, ""gw-1"": {""1"": ""blocked"", ""2"": ""blocked""}}"
2025-03-29 15:48:14,"{""gw-1"": {""1"": ""blocked"", ""2"": ""blocked""}}"
2025-03-29 15:48:16,"{""gw-3"": {""1"": ""blocked"", ""2"": ""blocked""}, ""gw-2"": {""1"": ""blocked"", ""2"": ""blocked""}}"
2025-03-29 15:48:16,"{""gw-2"": {""1"": ""blocked"", ""2"": ""blocked""}}"
2025-03-29 15:48:21,"{""gw-3"": {""1"": ""blocked"", ""2"": ""blocked""}, ""gw-1"": {""1"": ""blocked"", ""2"": ""blocked""}}"
2025-03-29 15:48:21,"{""gw-1"": {""1"": ""blocked"", ""2"": ""blocked""}}"
2025-03-29 15:48:25,"{""gw-1"": {""1"": ""blocked"", ""2"": ""blocked""}}"
2025-03-29 15:48:29,"{""gw-3"": {""1"": ""blocked"", ""2"": ""conflict""}}"
2025-03-29 15:48:32,"{""gw-4"": {""1"": ""conflict"", ""2"": ""blocked""}}"
2025-03-29 15:48:36,"{""gw-2"": {""1"": ""blocked"", ""2"": ""blocked""}, ""gw-4"": {""1"": ""blocked"", ""2"": ""blocked""}}"
2025-03-29 15:48:37,"{""gw-1"": {""1"": ""blocked"", ""2"": ""blocked""}}"
2025-03-29 15:48:48,"{""gw-4"": {""1"": ""conflict"", ""2"": ""blocked""}, ""gw-3"": {""1"": ""blocked"", ""2"": ""blocked""}}"
2025-03-29 15:48:55,"{""gw-3"": {""1"": ""blocked"", ""2"": ""conflict""}}"
2025-03-29 15:48:57,"{""gw-2"": {""1"": ""blocked"", ""2"": ""blocked""}}"
2025-03-29 15:48:57,"{""gw-1"": {""1"": ""blocked"", ""2"": ""blocked""}}"
2025-03-29 15:48:57,"{""gw-1"": {""1"": ""blocked"", ""2"": ""blocked""}}"
2025-03-29 15:48:58,"{""gw-1"": {""1"": ""blocked"", ""2"": ""blocked""}}"
2025-03-29 15:48:58,"{""gw-1"": {""1"": ""blocked"", ""2"": ""blocked""}}"
2025-03-29 15:48:59,"{""gw-1"": {""1"": ""blocked"", ""2"": ""blocked""}, ""gw-3"": {""1"": ""blocked"", ""2"": ""blocked""}}"
2025-03-29 15:49:00,"{""gw-3"": {""1"": ""blocked"", ""2"": ""blocked""}, ""gw-1"": {""1"": ""blocked"", ""2"": ""blocked""}}"
2025-03-29 15:49:00,"{""gw-3"": {""1"": ""blocked"", ""2"": ""blocked""}, ""gw-2"": {""1"": ""blocked"", ""2"": ""blocked""}, ""gw-1"": {""1"": ""blocked"", ""2"": ""blocked""}}"
2025-03-29 15:49:00,"{""gw-1"": {""1"": ""blocked"", ""2"": ""blocked""}, ""gw-2"": {""1"": ""blocked"", ""2"": ""blocked""}, ""gw-4"": {""1"": ""conflict"", ""2"": ""conflict""}}"
2025-03-29 15:49:01,"{""gw-2"": {""1"": ""blocked"", ""2"": ""blocked""}}"
2025-03-29 15:49:03,"{""gw-2"": {""1"": ""blocked"", ""2"": ""blocked""}}"
2025-03-29 15:49:05,"{""gw-3"": {""1"": ""blocked"", ""2"": ""blocked""}}"
2025-03-29 15:49:06,"{""gw-3"": {""1"": ""blocked"", ""2"": ""blocked""}, ""gw-4"": {""1"": ""conflict"", ""2"": ""blocked""}}"
2025-03-29 15:49:07,"{""gw-4"": {""1"": ""blocked"", ""2"": ""blocked""}}"
2025-03-29 15:49:11,"{""gw-3"": {""1"": ""conflict"", ""2"": ""blocked""}}"
2025-03-29 15:49:14,"{""gw-1"": {""1"": ""conflict"", ""2"": ""blocked""}, ""gw-3"": {""1"": ""blocked"", ""2"": ""blocked""}}"
2025-03-29 15:49:14,"{""gw-4"": {""1"": ""conflict"", ""2"": ""conflict""}}"
2025-03-29 15:49:14,"{""gw-2"": {""1"": ""blocked"", ""2"": ""blocked""}, ""gw-3"": {""1"": ""blocked"", ""2"": ""blocked""}}"
2025-03-29 15:49:15,"{""gw-3"": {""1"": ""blocked"", ""2"": ""blocked""}}"
2025-03-29 15:49:15,"{""gw-1"": {""1"": ""blocked"", ""2"": ""blocked""}}"
2025-03-29 15:49:17,"{""gw-1"": {""1"": ""blocked"", ""2"": ""blocked""}, ""gw-3"": {""1"": ""blocked"", ""2"": ""blocked""}}"
2025-03-29 15:49:17,"{""gw-1"": {""1"": ""blocked"", ""2"": ""blocked""}, ""gw-2"": {""1"": ""blocked"", ""2"": ""blocked""}}"
2025-03-29 15:49:18,"{""gw-3"": {""1"": ""blocked"", ""2"": ""blocked""}}"
2025-03-29 15:49:18,"{""gw-3"": {""1"": ""blocked"", ""2"": ""blocked""}, ""gw-1"": {""1"": ""blocked"", ""2"": ""blocked""}, ""gw-2"": {""1"": ""blocked"", ""2"": ""blocked""}, ""gw-4"": {""1"": ""blocked"", ""2"": ""blocked""}}"
2025-03-29 15:49:19,"{""gw-2"": {""1"": ""blocked"", ""2"": ""blocked""}, ""gw-4"": {""1"": ""blocked"", ""2"": ""blocked""}}"
2025-03-29 15:49:20,"{""gw-2"": {""1"": ""blocked"", ""2"": ""blocked""}, ""gw-3"": {""1"": ""blocked"", ""2"": ""blocked""}}"
2025-03-29 15:49:23,"{""gw-4"": {""1"": ""blocked"", ""2"": ""blocked""}}"
2025-03-29 15:49:23,"{""gw-1"": {""1"": ""blocked"", ""2"": ""blocked""}, ""gw-3"": {""1"": ""conflict"", ""2"": ""blocked""}, ""gw-4"": {""1"": ""blocked"", ""2"": ""blocked""}}"
2025-03-29 15:49:23,"{""gw-1"": {""1"": ""blocked"", ""2"": ""blocked""}}"
2025-03-29 15:49:24,"{""gw-1"": {""1"": ""blocked"", ""2"": ""conflict""}}"
2025-03-29 15:49:34,"{""gw-2"": {""1"": ""blocked"", ""2"": ""blocked""}, ""gw-3"": {""1"": ""blocked"", ""2"": ""conflict""}, ""gw-1"": {""1"": ""blocked"", ""2"": ""blocked""}}"
2025-03-29 15:49:39,"{""gw-3"": {""1"": ""blocked"", ""2"": ""blocked""}, ""gw-2"": {""1"": ""blocked"", ""2"": ""blocked""}}"
2025-03-29 15:49:47,"{""gw-1"": {""1"": ""blocked"", ""2"": ""blocked""}}"
2025-03-29 15:49:48,"{""gw-4"": {""1"": ""blocked"", ""2"": ""blocked""}, ""gw-2"": {""1"": ""blocked"", ""2"": ""conflict""}}"
2025-03-29 15:49:48,"{""gw-3"": {""1"": ""conflict"", ""2"": ""blocked""}, ""gw-1"": {""1"": ""blocked"", ""2"": ""blocked""}}"
2025-03-29 15:49:51,"{""gw-1"": {""1"": ""blocked"", ""2"": ""conflict""}}"
2025-03-29 15:49:55,"{""gw-4"": {""1"": ""blocked"", ""2"": ""conflict""}}"
2025-03-29 15:49:56,"{""gw-1"": {""1"": ""blocked"", ""2"": ""blocked""}, ""gw-2"": {""1"": ""blocked"", ""2"": ""blocked""}}"
2025-03-29 15:50:00,"{""gw-4"": {""1"": ""blocked"", ""2"": ""blocked""}, ""gw-1"": {""1"": ""blocked"", ""2"": ""blocked""}, ""gw-2"": {""1"": ""conflict"", ""2"": ""conflict""}}"
2025-03-29 15:50:01,"{""gw-3"": {""1"": ""blocked"", ""2"": ""conflict""}}"
2025-03-29 15:50:01,"{""gw-4"": {""1"": ""blocked"", ""2"": ""blocked""}, ""gw-1"": {""1"": ""blocked"", ""2"": ""blocked""}, ""gw-2"": {""1"": ""conflict"", ""2"": ""blocked""}}"
2025-03-29 15:50:03,"{""gw-3"": {""1"": ""conflict"", ""2"": ""blocked""}, ""gw-1"": {""1"": ""conflict"", ""2"": ""conflict""}}"
2025-03-29 15:50:03,"{""gw-2"": {""1"": ""blocked"", ""2"": ""blocked""}, ""gw-1"": {""1"": ""blocked"", ""2"": ""conflict""}}"
2025-03-29 15:50:04,"{""gw-4"": {""1"": ""blocked"", ""2"": ""blocked""}, ""gw-1"": {""1"": ""conflict"", ""2"": ""blocked""}}"
2025-03-29 15:50:04,"{""gw-2"": {""1"": ""blocked"", ""2"": ""blocked""}}"
2025-03-29 15:50:04,"{""gw-2"": {""1"": ""blocked"", ""2"": ""blocked""}}"
2025-03-29 15:50:06,"{""gw-1"": {""1"": ""blocked"", ""2"": ""blocked""}}"
2025-03-29 15:50:06,"{""gw-1"": {""1"": ""blocked"", ""2"": ""blocked""}, ""gw-3"": {""1"": ""blocked"", ""2"": ""blocked""}, ""gw-4"": {""1"": ""blocked"", ""2"": ""blocked""}}"
2025-03-29 15:50:08,"{""gw-1"": {""1"": ""blocked"", ""2"": ""blocked""}, ""gw-3"": {""1"": ""blocked"", ""2"": ""blocked""}}"
2025-03-29 15:50:08,"{""gw-2"": {""1"": ""blocked"", ""2"": ""blocked""}, ""gw-3"": {""1"": ""blocked"", ""2"": ""blocked""}}"
2025-03-29 15:50:09,"{""gw-4"": {""1"": ""conflict"", ""2"": ""blocked""}, ""gw-2"": {""1"": ""blocked"", ""2"": ""blocked""}, ""gw-1"": {""1"": ""blocked"", ""2"": ""blocked""}, ""gw-3"": {""1"": ""blocked"", ""2"": ""blocked""}}"
2025-03-29 15:50:16,"{""gw-4"": {""1"": ""blocked"", ""2"": ""blocked""}, ""gw-3"": {""1"": ""conflict"", ""2"": ""conflict""}}"
2025-03-29 15:50:21,"{""gw-3"": {""1"": ""blocked"", ""2"": ""blocked""}, ""gw-1"": {""1"": ""blocked"", ""2"": ""blocked""}}"
2025-03-29 15:50:23,"{""gw-1"": {""1"": ""blocked"", ""2"": ""blocked""}}"
2025-03-29 15:50:23,"{""gw-4"": {""1"": ""conflict"", ""2"": ""conflict""}, ""gw-2"": {""1"": ""blocked"", ""2"": ""blocked""}}"
2025-03-29 15:50:23,"{""gw-1"": {""1"": ""blocked"", ""2"": ""blocked""}, ""gw-2"": {""1"": ""blocked"", ""2"": ""blocked""}}"
2025-03-29 15:50:25,"{""gw-2"": {""1"": ""blocked"", ""2"": ""blocked""}}"
2025-03-29 15:50:25,"{""gw-1"": {""1"": ""blocked"", ""2"": ""blocked""}}"
2025-03-29 15:50:31,"{""gw-1"": {""1"": ""conflict"", ""2"": ""blocked""}, ""gw-4"": {""1"": ""blocked"", ""2"": ""blocked""}}"
2025-03-29 15:50:32,"{""gw-2"": {""1"": ""blocked"", ""2"": ""blocked""}, ""gw-3"": {""1"": ""conflict"", ""2"": ""conflict""}}"
2025-03-29 15:50:33,"{""gw-1"": {""1"": ""blocked"", ""2"": ""blocked""}, ""gw-2"": {""1"": ""blocked"", ""2"": ""blocked""}}"
2025-03-29 15:50:34,"{""gw-4"": {""1"": ""blocked"", ""2"": ""blocked""}, ""gw-1"": {""1"": ""blocked"", ""2"": ""blocked""}}"
2025-03-29 15:50:38,"{""gw-1"": {""1"": ""blocked"", ""2"": ""blocked""}, ""gw-2"": {""1"": ""blocked"", ""2"": ""blocked""}}"
2025-03-29 15:50:39,"{""gw-1"": {""1"": ""blocked"", ""2"": ""blocked""}, ""gw-3"": {""1"": ""blocked"", ""2"": ""blocked""}, ""gw-4"": {""1"": ""blocked"", ""2"": ""blocked""}}"
2025-03-29 15:50:42,"{""gw-1"": {""1"": ""conflict"", ""2"": ""blocked""}}"
2025-03-29 15:50:42,"{""gw-2"": {""1"": ""blocked"", ""2"": ""conflict""}}"
2025-03-29 15:50:44,"{""gw-3"": {""1"": ""conflict"", ""2"": ""conflict""}}"
2025-03-29 15:50:45,"{""gw-1"": {""1"": ""blocked"", ""2"": ""blocked""}}"
2025-03-29 15:50:48,"{""gw-3"": {""1"": ""blocked"", ""2"": ""blocked""}, ""gw-1"": {""1"": ""blocked"", ""2"": ""blocked""}}"
2025-03-29 15:50:49,"{""gw-1"": {""1"": ""blocked"", ""2"": ""blocked""}}"
2025-03-29 15:50:54,"{""gw-2"": {""1"": ""conflict"", ""2"": ""blocked""}, ""gw-3"": {""1"": ""blocked"", ""2"": ""blocked""}, ""gw-1"": {""1"": ""conflict"", ""2"": ""conflict""}}"
2025-03-29 15:50:55,"{""gw-1"": {""1"": ""conflict"", ""2"": ""blocked""}}"
2025-03-29 15:50:56,"{""gw-4"": {""1"": ""conflict"", ""2"": ""blocked""}, ""gw-2"": {""1"": ""conflict"", ""2"": ""blocked""}}"
2025-03-29 15:50:58,"{""gw-2"": {""1"": ""blocked"", ""2"": ""blocked""}}"
2025-03-29 15:50:59,"{""gw-4"": {""1"": ""blocked"", ""2"": ""blocked""}}"
2025-03-29 15:51:03,"{""gw-2"": {""1"": ""blocked"", ""2"": ""blocked""}}"
2025-03-29 15:51:08,"{""gw-3"": {""1"": ""conflict"", ""2"": ""conflict""}}"
2025-03-29 15:51:10,"{""gw-4"": {""1"": ""blocked"", ""2"": ""blocked""}}"
2025-03-29 15:51:10,"{""gw-1"": {""1"": ""blocked"", ""2"": ""blocked""}}"
2025-03-29 15:51:12,"{""gw-3"": {""1"": ""blocked"", ""2"": ""blocked""}, ""gw-1"": {""1"": ""blocked"", ""2"": ""blocked""}}"
2025-03-29 15:51:15,"{""gw-3"": {""1"": ""blocked"", ""2"": ""blocked""}, ""gw-2"": {""1"": ""blocked"", ""2"": ""blocked""}}"
2025-03-29 15:51:15,"{""gw-3"": {""1"": ""blocked"", ""2"": ""blocked""}, ""gw-2"": {""1"": ""blocked"", ""2"": ""blocked""}}"
2025-03-29 15:51:16,"{""gw-2"": {""1"": ""blocked"", ""2"": ""blocked""}}"
2025-03-29 15:51:16,"{""gw-3"": {""1"": ""blocked"", ""2"": ""blocked""}, ""gw-1"": {""1"": ""blocked"", ""2"": ""blocked""}}"
2025-03-29 15:51:19,"{""gw-2"": {""1"": ""blocked"", ""2"": ""blocked""}}"
2025-03-29 15:51:21,"{""gw-2"": {""1"": ""blocked"", ""2"": ""blocked""}}"
2025-03-29 15:51:22,"{""gw-2"": {""1"": ""blocked"", ""2"": ""blocked""}}"
2025-03-29 15:51:23,"{""gw-4"": {""1"": ""conflict"", ""2"": ""blocked""}, ""gw-1"": {""1"": ""blocked"", ""2"": ""blocked""}}"
2025-03-29 15:51:24,"{""gw-2"": {""1"": ""conflict"", ""2"": ""conflict""}}"
2025-03-29 15:51:25,"{""gw-4"": {""1"": ""blocked"", ""2"": ""blocked""}}"
2025-03-29 15:51:25,"{""gw-4"": {""1"": ""blocked"", ""2"": ""blocked""}, ""gw-1"": {""1"": ""blocked"", ""2"": ""blocked""}}"
2025-03-29 15:51:26,"{""gw-1"": {""1"": ""blocked"", ""2"": ""blocked""}, ""gw-3"": {""1"": ""blocked"", ""2"": ""blocked""}}"
2025-03-29 15:51:26,"{""gw-2"": {""1"": ""blocked"", ""2"": ""blocked""}}"
2025-03-29 15:51:27,"{""gw-3"": {""1"": ""blocked"", ""2"": ""blocked""}, ""gw-4"": {""1"": ""blocked"", ""2"": ""blocked""}, ""gw-1"": {""1"": ""blocked"", ""2"": ""blocked""}}"
2025-03-29 15:51:30,"{""gw-3"": {""1"": ""blocked"", ""2"": ""blocked""}, ""gw-2"": {""1"": ""blocked"", ""2"": ""blocked""}}"
2025-03-29 15:51:32,"{""gw-1"": {""1"": ""conflict"", ""2"": ""conflict""}}"
2025-03-29 15:51:39,"{""gw-1"": {""1"": ""blocked"", ""2"": ""blocked""}, ""gw-3"": {""1"": ""blocked"", ""2"": ""conflict""}}"
2025-03-29 15:51:39,"{""gw-1"": {""1"": ""blocked"", ""2"": ""blocked""}, ""gw-4"": {""1"": ""blocked"", ""2"": ""blocked""}}"
2025-03-29 15:51:40,"{""gw-1"": {""1"": ""blocked"", ""2"": ""blocked""}, ""gw-4"": {""1"": ""blocked"", ""2"": ""blocked""}}"
2025-03-29 15:51:40,"{""gw-4"": {""1"": ""blocked"", ""2"": ""blocked""}, ""gw-2"": {""1"": ""blocked"", ""2"": ""conflict""}}"
2025-03-29 15:51:41,"{""gw-4"": {""1"": ""blocked"", ""2"": ""blocked""}, ""gw-2"": {""1"": ""conflict"", ""2"": ""blocked""}}"
2025-03-29 15:51:41,"{""gw-4"": {""1"": ""blocked"", ""2"": ""blocked""}, ""gw-1"": {""1"": ""blocked"", ""2"": ""blocked""}}"
2025-03-29 15:51:41,"{""gw-4"": {""1"": ""blocked"", ""2"": ""blocked""}}"
2025-03-29 15:51:42,"{""gw-4"": {""1"": ""blocked"", ""2"": ""blocked""}}"
2025-03-29 15:51:43,"{""gw-4"": {""1"": ""blocked"", ""2"": ""blocked""}}"
2025-03-29 15:51:44,"{""gw-3"": {""1"": ""blocked"", ""2"": ""blocked""}}"
2025-03-29 15:51:50,"{""gw-2"": {""1"": ""blocked"", ""2"": ""blocked""}, ""gw-4"": {""1"": ""conflict"", ""2"": ""conflict""}}"
2025-03-29 15:51:51,"{""gw-3"": {""1"": ""blocked"", ""2"": ""conflict""}, ""gw-4"": {""1"": ""conflict"", ""2"": ""blocked""}, ""gw-1"": {""1"": ""blocked"", ""2"": ""blocked""}}"
2025-03-29 15:51:51,"{""gw-3"": {""1"": ""blocked"", ""2"": ""conflict""}}"
2025-03-29 15:51:53,"{""gw-1"": {""1"": ""blocked"", ""2"": ""blocked""}}"
2025-03-29 15:51:53,"{""gw-2"": {""1"": ""blocked"", ""2"": ""conflict""}, ""gw-1"": {""1"": ""blocked"", ""2"": ""blocked""}, ""gw-3"": {""1"": ""blocked"", ""2"": ""blocked""}}"
2025-03-29 15:51:58,"{""gw-3"": {""1"": ""blocked"", ""2"": ""blocked""}}"
2025-03-29 15:51:59,"{""gw-3"": {""1"": ""blocked"", ""2"": ""blocked""}}"
2025-03-29 15:52:00,"{""gw-3"": {""1"": ""blocked"", ""2"": ""blocked""}, ""gw-2"": {""1"": ""blocked"", ""2"": ""blocked""}}"
2025-03-29 15:52:00,"{""gw-2"": {""1"": ""blocked"", ""2"": ""blocked""}}"
2025-03-29 15:52:02,"{""gw-1"": {""1"": ""blocked"", ""2"": ""blocked""}}"
2025-03-29 15:52:02,"{""gw-4"": {""1"": ""conflict"", ""2"": ""conflict""}, ""gw-1"": {""1"": ""blocked"", ""2"": ""blocked""}, ""gw-3"": {""1"": ""blocked"", ""2"": ""conflict""}}"
2025-03-29 15:52:07,"{""gw-3"": {""1"": ""blocked"", ""2"": ""blocked""}, ""gw-1"": {""1"": ""blocked"", ""2"": ""blocked""}}"
2025-03-29 15:52:08,"{""gw-3"": {""1"": ""blocked"", ""2"": ""blocked""}}"
2025-03-29 15:52:10,"{""gw-3"": {""1"": ""blocked"", ""2"": ""blocked""}}"
2025-03-29 15:52:10,"{""gw-1"": {""1"": ""conflict"", ""2"": ""conflict""}, ""gw-3"": {""1"": ""blocked"", ""2"": ""blocked""}}"
2025-03-29 15:52:11,"{""gw-4"": {""1"": ""blocked"", ""2"": ""blocked""}}"
2025-03-29 15:52:12,"{""gw-3"": {""1"": ""blocked"", ""2"": ""blocked""}}"
2025-03-29 15:52:12,"{""gw-3"": {""1"": ""blocked"", ""2"": ""blocked""}}"
2025-03-29 15:52:13,"{""gw-3"": {""1"": ""blocked"", ""2"": ""blocked""}}"
2025-03-29 15:52:14,"{""gw-1"": {""1"": ""blocked"", ""2"": ""blocked""}}"
2025-03-29 15:52:18,"{""gw-3"": {""1"": ""blocked"", ""2"": ""conflict""}}"
2025-03-29 15:52:19,"{""gw-2"": {""1"": ""blocked"", ""2"": ""blocked""}, ""gw-1"": {""1"": ""blocked"", ""2"": ""blocked""}}"
2025-03-29 15:52:19,"{""gw-2"": {""1"": ""blocked"", ""2"": ""blocked""}}"
2025-03-29 15:52:20,"{""gw-2"": {""1"": ""blocked"", ""2"": ""blocked""}, ""gw-1"": {""1"": ""blocked"", ""2"": ""blocked""}}"
2025-03-29 15:52:20,"{""gw-1"": {""1"": ""blocked"", ""2"": ""blocked""}}"
2025-03-29 15:52:21,"{""gw-3"": {""1"": ""blocked"", ""2"": ""blocked""}, ""gw-1"": {""1"": ""blocked"", ""2"": ""blocked""}}"
2025-03-29 15:52:23,"{""gw-3"": {""1"": ""blocked"", ""2"": ""blocked""}}"
2025-03-29 15:52:23,"{""gw-1"": {""1"": ""conflict"", ""2"": ""conflict""}}"
2025-03-29 15:52:24,"{""gw-1"": {""1"": ""conflict"", ""2"": ""conflict""}}"
2025-03-29 15:52:28,"{""gw-1"": {""1"": ""blocked"", ""2"": ""blocked""}}"
2025-03-29 15:52:30,"{""gw-4"": {""1"": ""conflict"", ""2"": ""conflict""}, ""gw-3"": {""1"": ""conflict"", ""2"": ""conflict""}}"
2025-03-29 15:52:31,"{""gw-1"": {""1"": ""blocked"", ""2"": ""blocked""}}"
2025-03-29 15:52:31,"{""gw-3"": {""1"": ""conflict"", ""2"": ""blocked""}, ""gw-2"": {""1"": ""blocked"", ""2"": ""blocked""}, ""gw-4"": {""1"": ""conflict"", ""2"": ""blocked""}}"
2025-03-29 15:52:31,"{""gw-3"": {""1"": ""conflict"", ""2"": ""blocked""}, ""gw-1"": {""1"": ""blocked"", ""2"": ""blocked""}, ""gw-2"": {""1"": ""blocked"", ""2"": ""blocked""}}"
2025-03-29 15:52:32,"{""gw-1"": {""1"": ""blocked"", ""2"": ""blocked""}}"
2025-03-29 15:52:38,"{""gw-1"": {""1"": ""blocked"", ""2"": ""blocked""}, ""gw-4"": {""1"": ""blocked"", ""2"": ""blocked""}}"
2025-03-29 15:52:43,"{""gw-1"": {""1"": ""blocked"", ""2"": ""blocked""}}"
2025-03-29 15:52:51,"{""gw-4"": {""1"": ""blocked"", ""2"": ""blocked""}, ""gw-3"": {""1"": ""blocked"", ""2"": ""blocked""}, ""gw-1"": {""1"": ""blocked"", ""2"": ""conflict""}}"
2025-03-29 15:52:52,"{""gw-3"": {""1"": ""blocked"", ""2"": ""blocked""}, ""gw-1"": {""1"": ""conflict"", ""2"": ""blocked""}}"
2025-03-29 15:52:53,"{""gw-2"": {""1"": ""blocked"", ""2"": ""blocked""}, ""gw-4"": {""1"": ""blocked"", ""2"": ""blocked""}}"
2025-03-29 15:52:55,"{""gw-3"": {""1"": ""blocked"", ""2"": ""blocked""}}"
2025-03-29 15:52:56,"{""gw-1"": {""1"": ""blocked"", ""2"": ""blocked""}, ""gw-4"": {""1"": ""blocked"", ""2"": ""blocked""}}"
2025-03-29 15:52:57,"{""gw-1"": {""1"": ""blocked"", ""2"": ""blocked""}}"
2025-03-29 15:53:05,"{""gw-3"": {""1"": ""blocked"", ""2"": ""blocked""}, ""gw-4"": {""1"": ""conflict"", ""2"": ""blocked""}}"
2025-03-29 15:53:06,"{""gw-2"": {""1"": ""blocked"", ""2"": ""blocked""}, ""gw-3"": {""1"": ""blocked"", ""2"": ""blocked""}}"
2025-03-29 15:53:06,"{""gw-3"": {""1"": ""blocked"", ""2"": ""blocked""}}"
2025-03-29 15:53:06,"{""gw-2"": {""1"": ""blocked"", ""2"": ""blocked""}}"
2025-03-29 15:53:07,"{""gw-3"": {""1"": ""blocked"", ""2"": ""blocked""}, ""gw-2"": {""1"": ""blocked"", ""2"": ""blocked""}, ""gw-1"": {""1"": ""blocked"", ""2"": ""blocked""}}"
2025-03-29 15:53:08,"{""gw-4"": {""1"": ""blocked"", ""2"": ""blocked""}}"
2025-03-29 15:53:09,"{""gw-4"": {""1"": ""blocked"", ""2"": ""blocked""}, ""gw-1"": {""1"": ""blocked"", ""2"": ""blocked""}, ""gw-2"": {""1"": ""blocked"", ""2"": ""blocked""}}"
2025-03-29 15:53:10,"{""gw-2"": {""1"": ""blocked"", ""2"": ""blocked""}, ""gw-3"": {""1"": ""blocked"", ""2"": ""blocked""}, ""gw-1"": {""1"": ""blocked"", ""2"": ""blocked""}, ""gw-4"": {""1"": ""blocked"", ""2"": ""blocked""}}"
2025-03-29 15:53:11,"{""gw-1"": {""1"": ""blocked"", ""2"": ""blocked""}, ""gw-4"": {""1"": ""blocked"", ""2"": ""blocked""}}"
2025-03-29 15:53:12,"{""gw-4"": {""1"": ""blocked"", ""2"": ""blocked""}, ""gw-1"": {""1"": ""blocked"", ""2"": ""blocked""}}"
2025-03-29 15:53:14,"{""gw-1"": {""1"": ""blocked"", ""2"": ""blocked""}}"
2025-03-29 15:53:14,"{""gw-4"": {""1"": ""blocked"", ""2"": ""blocked""}}"
2025-03-29 15:53:19,"{""gw-2"": {""1"": ""blocked"", ""2"": ""conflict""}}"
2025-03-29 15:53:21,"{""gw-4"": {""1"": ""blocked"", ""2"": ""blocked""}}"
2025-03-29 15:53:22,"{""gw-3"": {""1"": ""blocked"", ""2"": ""blocked""}, ""gw-4"": {""1"": ""blocked"", ""2"": ""blocked""}, ""gw-2"": {""1"": ""blocked"", ""2"": ""blocked""}}"
2025-03-29 15:53:22,"{""gw-3"": {""1"": ""blocked"", ""2"": ""blocked""}}"
2025-03-29 15:53:22,"{""gw-2"": {""1"": ""blocked"", ""2"": ""blocked""}, ""gw-4"": {""1"": ""blocked"", ""2"": ""blocked""}, ""gw-1"": {""1"": ""conflict"", ""2"": ""blocked""}}"
2025-03-29 15:53:25,"{""gw-1"": {""1"": ""blocked"", ""2"": ""blocked""}, ""gw-3"": {""1"": ""blocked"", ""2"": ""blocked""}, ""gw-2"": {""1"": ""blocked"", ""2"": ""blocked""}, ""gw-4"": {""1"": ""blocked"", ""2"": ""blocked""}}"
2025-03-29 15:53:26,"{""gw-4"": {""1"": ""blocked"", ""2"": ""blocked""}, ""gw-2"": {""1"": ""blocked"", ""2"": ""blocked""}}"
2025-03-29 15:53:28,"{""gw-1"": {""1"": ""blocked"", ""2"": ""blocked""}, ""gw-2"": {""1"": ""blocked"", ""2"": ""blocked""}, ""gw-4"": {""1"": ""blocked"", ""2"": ""blocked""}}"
2025-03-29 15:53:30,"{""gw-1"": {""1"": ""blocked"", ""2"": ""blocked""}, ""gw-3"": {""1"": ""conflict"", ""2"": ""blocked""}, ""gw-4"": {""1"": ""blocked"", ""2"": ""conflict""}}"
2025-03-29 15:53:31,"{""gw-1"": {""1"": ""blocked"", ""2"": ""blocked""}}"
2025-03-29 15:53:47,"{""gw-1"": {""1"": ""blocked"", ""2"": ""blocked""}}"
2025-03-29 15:53:48,"{""gw-3"": {""1"": ""blocked"", ""2"": ""blocked""}}"
2025-03-29 15:53:52,"{""gw-2"": {""1"": ""blocked"", ""2"": ""blocked""}}"
2025-03-29 15:53:52,"{""gw-2"": {""1"": ""blocked"", ""2"": ""blocked""}}"
2025-03-29 15:53:53,"{""gw-4"": {""1"": ""blocked"", ""2"": ""blocked""}}"
2025-03-29 15:53:53,"{""gw-2"": {""1"": ""blocked"", ""2"": ""blocked""}}"
2025-03-29 15:53:54,"{""gw-2"": {""1"": ""blocked"", ""2"": ""blocked""}, ""gw-4"": {""1"": ""blocked"", ""2"": ""conflict""}}"
2025-03-29 15:53:59,"{""gw-2"": {""1"": ""conflict"", ""2"": ""blocked""}}"
2025-03-29 15:53:59,"{""gw-2"": {""1"": ""conflict"", ""2"": ""blocked""}}"
2025-03-29 15:54:03,"{""gw-1"": {""1"": ""blocked"", ""2"": ""blocked""}, ""gw-4"": {""1"": ""blocked"", ""2"": ""blocked""}}"
2025-03-29 15:54:04,"{""gw-3"": {""1"": ""blocked"", ""2"": ""blocked""}}"
2025-03-29 15:54:04,"{""gw-4"": {""1"": ""blocked"", ""2"": ""blocked""}, ""gw-2"": {""1"": ""blocked"", ""2"": ""blocked""}}"
2025-03-29 15:54:04,"{""gw-3"": {""1"": ""blocked"", ""2"": ""blocked""}, ""gw-2"": {""1"": ""blocked"", ""2"": ""blocked""}, ""gw-1"": {""1"": ""blocked"", ""2"": ""blocked""}, ""gw-4"": {""1"": ""blocked"", ""2"": ""blocked""}}"
2025-03-29 15:54:05,"{""gw-3"": {""1"": ""blocked"", ""2"": ""blocked""}, ""gw-4"": {""1"": ""blocked"", ""2"": ""blocked""}}"
2025-03-29 15:54:07,"{""gw-1"": {""1"": ""blocked"", ""2"": ""blocked""}}"
2025-03-29 15:54:12,"{""gw-4"": {""1"": ""blocked"", ""2"": ""blocked""}}"
2025-03-29 15:54:16,"{""gw-3"": {""1"": ""blocked"", ""2"": ""blocked""}}"
2025-03-29 15:54:16,"{""gw-2"": {""1"": ""conflict"", ""2"": ""blocked""}}"
2025-03-29 15:54:17,"{""gw-4"": {""1"": ""blocked"", ""2"": ""blocked""}, ""gw-1"": {""1"": ""blocked"", ""2"": ""blocked""}}"
2025-03-29 15:54:17,"{""gw-1"": {""1"": ""blocked"", ""2"": ""blocked""}}"
2025-03-29 15:54:18,"{""gw-3"": {""1"": ""blocked"", ""2"": ""blocked""}, ""gw-1"": {""1"": ""blocked"", ""2"": ""blocked""}}"
2025-03-29 15:54:18,"{""gw-4"": {""1"": ""blocked"", ""2"": ""conflict""}, ""gw-3"": {""1"": ""blocked"", ""2"": ""blocked""}}"
2025-03-29 15:54:19,"{""gw-3"": {""1"": ""blocked"", ""2"": ""blocked""}, ""gw-1"": {""1"": ""blocked"", ""2"": ""blocked""}, ""gw-4"": {""1"": ""blocked"", ""2"": ""conflict""}}"
2025-03-29 15:54:19,"{""gw-1"": {""1"": ""blocked"", ""2"": ""blocked""}}"
2025-03-29 15:54:19,"{""gw-3"": {""1"": ""blocked"", ""2"": ""blocked""}, ""gw-4"": {""1"": ""conflict"", ""2"": ""blocked""}, ""gw-2"": {""1"": ""blocked"", ""2"": ""blocked""}}"
2025-03-29 15:54:20,"{""gw-3"": {""1"": ""blocked"", ""2"": ""blocked""}}"
2025-03-29 15:54:21,"{""gw-2"": {""1"": ""blocked"", ""2"": ""blocked""}, ""gw-3"": {""1"": ""blocked"", ""2"": ""blocked""}}"
2025-03-29 15:54:24,"{""gw-4"": {""1"": ""blocked"", ""2"": ""blocked""}, ""gw-2"": {""1"": ""blocked"", ""2"": ""blocked""}}"
2025-03-29 15:54:24,"{""gw-2"": {""1"": ""blocked"", ""2"": ""blocked""}, ""gw-4"": {""1"": ""blocked"", ""2"": ""blocked""}}"
2025-03-29 15:54:25,"{""gw-1"": {""1"": ""conflict"", ""2"": ""conflict""}}"
2025-03-29 15:54:28,"{""gw-4"": {""1"": ""blocked"", ""2"": ""blocked""}}"
2025-03-29 15:54:33,"{""gw-3"": {""1"": ""blocked"", ""2"": ""blocked""}}"
2025-03-29 15:54:38,"{""gw-2"": {""1"": ""blocked"", ""2"": ""blocked""}}"
2025-03-29 15:54:43,"{""gw-3"": {""1"": ""blocked"", ""2"": ""conflict""}}"
2025-03-29 15:54:43,"{""gw-4"": {""1"": ""blocked"", ""2"": ""blocked""}, ""gw-2"": {""1"": ""conflict"", ""2"": ""conflict""}}"
2025-03-29 15:54:44,"{""gw-4"": {""1"": ""blocked"", ""2"": ""blocked""}}"
2025-03-29 15:54:44,"{""gw-3"": {""1"": ""conflict"", ""2"": ""blocked""}, ""gw-2"": {""1"": ""conflict"", ""2"": ""blocked""}}"
2025-03-29 15:54:44,"{""gw-1"": {""1"": ""blocked"", ""2"": ""blocked""}, ""gw-2"": {""1"": ""conflict"", ""2"": ""blocked""}}"
2025-03-29 15:54:45,"{""gw-1"": {""1"": ""blocked"", ""2"": ""blocked""}}"
2025-03-29 15:54:46,"{""gw-1"": {""1"": ""blocked"", ""2"": ""blocked""}, ""gw-4"": {""1"": ""conflict"", ""2"": ""blocked""}, ""gw-3"": {""1"": ""blocked"", ""2"": ""blocked""}}"
2025-03-29 15:54:50,"{""gw-2"": {""1"": ""blocked"", ""2"": ""blocked""}}"
2025-03-29 15:54:52,"{""gw-4"": {""1"": ""blocked"", ""2"": ""blocked""}, ""gw-3"": {""1"": ""blocked"", ""2"": ""blocked""}, ""gw-2"": {""1"": ""blocked"", ""2"": ""blocked""}}"
2025-03-29 15:54:52,"{""gw-1"": {""1"": ""conflict"", ""2"": ""blocked""}}"
2025-03-29 15:54:53,"{""gw-2"": {""1"": ""blocked"", ""2"": ""blocked""}}"
2025-03-29 15:54:54,"{""gw-3"": {""1"": ""blocked"", ""2"": ""blocked""}}"
2025-03-29 15:54:55,"{""gw-1"": {""1"": ""blocked"", ""2"": ""blocked""}}"
2025-03-29 15:54:55,"{""gw-1"": {""1"": ""blocked"", ""2"": ""blocked""}, ""gw-4"": {""1"": ""blocked"", ""2"": ""blocked""}}"
2025-03-29 15:54:56,"{""gw-2"": {""1"": ""conflict"", ""2"": ""blocked""}}"
2025-03-29 15:55:01,"{""gw-1"": {""1"": ""blocked"", ""2"": ""blocked""}, ""gw-3"": {""1"": ""blocked"", ""2"": ""conflict""}}"
2025-03-29 15:55:02,"{""gw-1"": {""1"": ""blocked"", ""2"": ""blocked""}, ""gw-4"": {""1"": ""blocked"", ""2"": ""blocked""}}"
2025-03-29 15:55:04,"{""gw-4"": {""1"": ""blocked"", ""2"": ""blocked""}}"
2025-03-29 15:55:04,"{""gw-4"": {""1"": ""blocked"", ""2"": ""blocked""}, ""gw-2"": {""1"": ""blocked"", ""2"": ""blocked""}}"
2025-03-29 15:55:04,"{""gw-4"": {""1"": ""blocked"", ""2"": ""blocked""}, ""gw-2"": {""1"": ""blocked"", ""2"": ""blocked""}}"
2025-03-29 15:55:04,"{""gw-3"": {""1"": ""blocked"", ""2"": ""blocked""}, ""gw-1"": {""1"": ""conflict"", ""2"": ""conflict""}, ""gw-2"": {""1"": ""blocked"", ""2"": ""blocked""}}"
2025-03-29 15:55:11,"{""gw-1"": {""1"": ""blocked"", ""2"": ""blocked""}}"
2025-03-29 15:55:12,"{""gw-1"": {""1"": ""blocked"", ""2"": ""blocked""}, ""gw-2"": {""1"": ""blocked"", ""2"": ""blocked""}}"
2025-03-29 15:55:14,"{""gw-4"": {""1"": ""blocked"", ""2"": ""blocked""}}"
2025-03-29 15:55:19,"{""gw-4"": {""1"": ""blocked"", ""2"": ""blocked""}}"
2025-03-29 15:55:20,"{""gw-4"": {""1"": ""blocked"", ""2"": ""blocked""}}"
2025-03-29 15:55:20,"{""gw-3"": {""1"": ""blocked"", ""2"": ""blocked""}}"
2025-03-29 15:55:31,"{""gw-3"": {""1"": ""conflict"", ""2"": ""blocked""}}"
2025-03-29 15:55:31,"{""gw-1"": {""1"": ""conflict"", ""2"": ""blocked""}}"
2025-03-29 15:55:31,"{""gw-2"": {""1"": ""blocked"", ""2"": ""blocked""}}"
2025-03-29 15:55:38,"{""gw-2"": {""1"": ""blocked"", ""2"": ""conflict""}, ""gw-3"": {""1"": ""blocked"", ""2"": ""blocked""}}"
2025-03-29 15:55:42,"{""gw-2"": {""1"": ""blocked"", ""2"": ""blocked""}}"
2025-03-29 15:55:52,"{""gw-1"": {""1"": ""blocked"", ""2"": ""blocked""}}"
2025-03-29 15:55:52,"{""gw-4"": {""1"": ""conflict"", ""2"": ""blocked""}}"
2025-03-29 15:55:54,"{""gw-4"": {""1"": ""blocked"", ""2"": ""blocked""}, ""gw-2"": {""1"": ""blocked"", ""2"": ""blocked""}, ""gw-3"": {""1"": ""blocked"", ""2"": ""blocked""}}"
2025-03-29 15:55:57,"{""gw-4"": {""1"": ""blocked"", ""2"": ""blocked""}, ""gw-3"": {""1"": ""blocked"", ""2"": ""blocked""}}"
2025-03-29 15:55:57,"{""gw-4"": {""1"": ""blocked"", ""2"": ""blocked""}}"
2025-03-29 15:55:57,"{""gw-2"": {""1"": ""blocked"", ""2"": ""blocked""}, ""gw-3"": {""1"": ""blocked"", ""2"": ""blocked""}}"
2025-03-29 15:55:59,"{""gw-4"": {""1"": ""blocked"", ""2"": ""blocked""}, ""gw-2"": {""1"": ""blocked"", ""2"": ""blocked""}}"
2025-03-29 15:55:59,"{""gw-3"": {""1"": ""blocked"", ""2"": ""blocked""}}"
2025-03-29 15:56:00,"{""gw-3"": {""1"": ""blocked"", ""2"": ""blocked""}, ""gw-1"": {""1"": ""blocked"", ""2"": ""conflict""}, ""gw-4"": {""1"": ""blocked"", ""2"": ""blocked""}}"
2025-03-29 15:56:05,"{""gw-1"": {""1"": ""blocked"", ""2"": ""blocked""}}"
2025-03-29 15:56:07,"{""gw-2"": {""1"": ""blocked"", ""2"": ""blocked""}, ""gw-3"": {""1"": ""blocked"", ""2"": ""blocked""}}"
2025-03-29 15:56:09,"{""gw-2"": {""1"": ""blocked"", ""2"": ""blocked""}}"
2025-03-29 15:56:10,"{""gw-3"": {""1"": ""blocked"", ""2"": ""blocked""}, ""gw-1"": {""1"": ""blocked"", ""2"": ""blocked""}, ""gw-2"": {""1"": ""blocked"", ""2"": ""blocked""}}"
2025-03-29 15:56:11,"{""gw-2"": {""1"": ""blocked"", ""2"": ""blocked""}, ""gw-3"": {""1"": ""blocked"", ""2"": ""blocked""}}"
2025-03-29 15:56:13,"{""gw-1"": {""1"": ""conflict"", ""2"": ""conflict""}, ""gw-2"": {""1"": ""blocked"", ""2"": ""blocked""}}"
2025-03-29 15:56:14,"{""gw-2"": {""1"": ""blocked"", ""2"": ""blocked""}}"
2025-03-29 15:56:18,"{""gw-3"": {""1"": ""blocked"", ""2"": ""conflict""}}"
2025-03-29 15:56:20,"{""gw-1"": {""1"": ""blocked"", ""2"": ""blocked""}}"
2025-03-29 15:56:20,"{""gw-1"": {""1"": ""blocked"", ""2"": ""blocked""}}"
2025-03-29 15:56:21,"{""gw-3"": {""1"": ""blocked"", ""2"": ""blocked""}, ""gw-1"": {""1"": ""blocked"", ""2"": ""blocked""}}"
2025-03-29 15:56:23,"{""gw-3"": {""1"": ""blocked"", ""2"": ""blocked""}, ""gw-1"": {""1"": ""blocked"", ""2"": ""blocked""}}"
2025-03-29 15:56:24,"{""gw-3"": {""1"": ""blocked"", ""2"": ""blocked""}, ""gw-2"": {""1"": ""blocked"", ""2"": ""blocked""}}"
2025-03-29 15:56:25,"{""gw-4"": {""1"": ""blocked"", ""2"": ""blocked""}}"
2025-03-29 15:56:27,"{""gw-4"": {""1"": ""blocked"", ""2"": ""blocked""}, ""gw-2"": {""1"": ""blocked"", ""2"": ""blocked""}}"
2025-03-29 15:56:32,"{""gw-4"": {""1"": ""blocked"", ""2"": ""blocked""}}"
2025-03-29 15:56:52,"{""gw-2"": {""1"": ""conflict"", ""2"": ""blocked""}}"
2025-03-29 15:56:52,"{""gw-1"": {""1"": ""blocked"", ""2"": ""blocked""}}"
2025-03-29 15:56:55,"{""gw-1"": {""1"": ""blocked"", ""2"": ""blocked""}, ""gw-4"": {""1"": ""blocked"", ""2"": ""conflict""}, ""gw-2"": {""1"": ""blocked"", ""2"": ""blocked""}}"
2025-03-29 15:56:55,"{""gw-4"": {""1"": ""blocked"", ""2"": ""conflict""}, ""gw-2"": {""1"": ""blocked"", ""2"": ""blocked""}}"
2025-03-29 15:56:56,"{""gw-1"": {""1"": ""blocked"", ""2"": ""blocked""}, ""gw-2"": {""1"": ""blocked"", ""2"": ""blocked""}}"
2025-03-29 15:57:02,"{""gw-2"": {""1"": ""blocked"", ""2"": ""conflict""}, ""gw-1"": {""1"": ""blocked"", ""2"": ""blocked""}, ""gw-4"": {""1"": ""blocked"", ""2"": ""blocked""}}"
2025-03-29 15:57:03,"{""gw-1"": {""1"": ""blocked"", ""2"": ""blocked""}}"
2025-03-29 15:57:03,"{""gw-1"": {""1"": ""blocked"", ""2"": ""blocked""}, ""gw-3"": {""1"": ""blocked"", ""2"": ""blocked""}, ""gw-4"": {""1"": ""blocked"", ""2"": ""blocked""}}"
2025-03-29 15:57:03,"{""gw-4"": {""1"": ""blocked"", ""2"": ""blocked""}}"
2025-03-29 15:57:04,"{""gw-1"": {""1"": ""blocked"", ""2"": ""blocked""}}"
2025-03-29 15:57:04,"{""gw-1"": {""1"": ""blocked"", ""2"": ""blocked""}}"
2025-03-29 15:57:04,"{""gw-4"": {""1"": ""blocked"", ""2"": ""blocked""}, ""gw-3"": {""1"": ""blocked"", ""2"": ""blocked""}}"
2025-03-29 15:57:07,"{""gw-2"": {""1"": ""blocked"", ""2"": ""blocked""}, ""gw-3"": {""1"": ""blocked"", ""2"": ""blocked""}}"
2025-03-29 15:57:07,"{""gw-3"": {""1"": ""blocked"", ""2"": ""blocked""}, ""gw-1"": {""1"": ""blocked"", ""2"": ""blocked""}, ""gw-2"": {""1"": ""blocked"", ""2"": ""blocked""}}"
2025-03-29 15:57:08,"{""gw-4"": {""1"": ""blocked"", ""2"": ""conflict""}, ""gw-2"": {""1"": ""blocked"", ""2"": ""blocked""}}"
2025-03-29 15:57:08,"{""gw-1"": {""1"": ""blocked"", ""2"": ""blocked""}}"
2025-03-29 15:57:08,"{""gw-2"": {""1"": ""blocked"", ""2"": ""blocked""}, ""gw-1"": {""1"": ""blocked"", ""2"": ""blocked""}}"
2025-03-29 15:57:10,"{""gw-2"": {""1"": ""blocked"", ""2"": ""blocked""}}"
2025-03-29 15:57:14,"{""gw-3"": {""1"": ""blocked"", ""2"": ""blocked""}}"
2025-03-29 15:57:17,"{""gw-2"": {""1"": ""conflict"", ""2"": ""conflict""}}"
2025-03-29 15:57:18,"{""gw-4"": {""1"": ""blocked"", ""2"": ""blocked""}}"
2025-03-29 15:57:18,"{""gw-3"": {""1"": ""blocked"", ""2"": ""blocked""}}"
2025-03-29 15:57:19,"{""gw-1"": {""1"": ""blocked"", ""2"": ""blocked""}, ""gw-3"": {""1"": ""blocked"", ""2"": ""blocked""}}"
2025-03-29 15:57:20,"{""gw-2"": {""1"": ""blocked"", ""2"": ""blocked""}, ""gw-3"": {""1"": ""blocked"", ""2"": ""blocked""}, ""gw-4"": {""1"": ""blocked"", ""2"": ""conflict""}}"
2025-03-29 15:57:21,"{""gw-3"": {""1"": ""blocked"", ""2"": ""blocked""}, ""gw-2"": {""1"": ""blocked"", ""2"": ""blocked""}, ""gw-4"": {""1"": ""conflict"", ""2"": ""blocked""}}"
2025-03-29 15:57:23,"{""gw-3"": {""1"": ""conflict"", ""2"": ""conflict""}}"
2025-03-29 15:57:24,"{""gw-1"": {""1"": ""conflict"", ""2"": ""conflict""}}"
2025-03-29 15:57:27,"{""gw-4"": {""1"": ""blocked"", ""2"": ""blocked""}, ""gw-3"": {""1"": ""blocked"", ""2"": ""blocked""}, ""gw-1"": {""1"": ""blocked"", ""2"": ""blocked""}}"
2025-03-29 15:57:27,"{""gw-3"": {""1"": ""blocked"", ""2"": ""blocked""}, ""gw-4"": {""1"": ""blocked"", ""2"": ""blocked""}}"
2025-03-29 15:57:30,"{""gw-1"": {""1"": ""blocked"", ""2"": ""blocked""}, ""gw-4"": {""1"": ""blocked"", ""2"": ""blocked""}}"
2025-03-29 15:57:30,"{""gw-1"": {""1"": ""blocked"", ""2"": ""blocked""}, ""gw-4"": {""1"": ""blocked"", ""2"": ""blocked""}, ""gw-3"": {""1"": ""blocked"", ""2"": ""blocked""}}"
2025-03-29 15:57:31,"{""gw-1"": {""1"": ""blocked"", ""2"": ""blocked""}}"
2025-03-29 15:57:33,"{""gw-2"": {""1"": ""blocked"", ""2"": ""conflict""}}"
2025-03-29 15:57:35,"{""gw-3"": {""1"": ""blocked"", ""2"": ""conflict""}, ""gw-4"": {""1"": ""blocked"", ""2"": ""blocked""}}"
2025-03-29 15:57:36,"{""gw-3"": {""1"": ""conflict"", ""2"": ""conflict""}}"
2025-03-29 15:57:38,"{""gw-2"": {""1"": ""blocked"", ""2"": ""blocked""}}"
2025-03-29 15:57:40,"{""gw-2"": {""1"": ""blocked"", ""2"": ""blocked""}, ""gw-3"": {""1"": ""blocked"", ""2"": ""blocked""}, ""gw-1"": {""1"": ""blocked"", ""2"": ""conflict""}}"
2025-03-29 15:57:40,"{""gw-2"": {""1"": ""blocked"", ""2"": ""blocked""}}"
2025-03-29 15:57:41,"{""gw-1"": {""1"": ""conflict"", ""2"": ""blocked""}}"
2025-03-29 15:57:41,"{""gw-4"": {""1"": ""blocked"", ""2"": ""blocked""}}"
2025-03-29 15:57:42,"{""gw-4"": {""1"": ""blocked"", ""2"": ""blocked""}, ""gw-2"": {""1"": ""blocked"", ""2"": ""blocked""}}"
2025-03-29 15:57:42,"{""gw-2"": {""1"": ""blocked"", ""2"": ""blocked""}}"
2025-03-29 15:57:42,"{""gw-2"": {""1"": ""blocked"", ""2"": ""blocked""}, ""gw-3"": {""1"": ""blocked"", ""2"": ""blocked""}}"
2025-03-29 15:57:43,"{""gw-4"": {""1"": ""blocked"", ""2"": ""blocked""}}"
2025-03-29 15:57:43,"{""gw-2"": {""1"": ""blocked"", ""2"": ""blocked""}}"
2025-03-29 15:57:45,"{""gw-4"": {""1"": ""conflict"", ""2"": ""conflict""}}"
2025-03-29 15:57:46,"{""gw-2"": {""1"": ""blocked"", ""2"": ""conflict""}}"
2025-03-29 15:57:46,"{""gw-1"": {""1"": ""blocked"", ""2"": ""blocked""}, ""gw-3"": {""1"": ""blocked"", ""2"": ""blocked""}}"
2025-03-29 15:57:47,"{""gw-1"": {""1"": ""blocked"", ""2"": ""blocked""}, ""gw-2"": {""1"": ""conflict"", ""2"": ""blocked""}}"
2025-03-29 15:57:48,"{""gw-1"": {""1"": ""blocked"", ""2"": ""blocked""}}"
2025-03-29 15:57:49,"{""gw-2"": {""1"": ""blocked"", ""2"": ""blocked""}}"
2025-03-29 15:57:51,"{""gw-4"": {""1"": ""blocked"", ""2"": ""blocked""}}"
2025-03-29 15:57:52,"{""gw-1"": {""1"": ""conflict"", ""2"": ""blocked""}, ""gw-3"": {""1"": ""blocked"", ""2"": ""blocked""}}"
2025-03-29 15:57:53,"{""gw-1"": {""1"": ""conflict"", ""2"": ""blocked""}, ""gw-4"": {""1"": ""blocked"", ""2"": ""blocked""}}"
2025-03-29 15:57:54,"{""gw-3"": {""1"": ""blocked"", ""2"": ""blocked""}}"
2025-03-29 15:57:55,"{""gw-2"": {""1"": ""blocked"", ""2"": ""blocked""}, ""gw-4"": {""1"": ""blocked"", ""2"": ""blocked""}}"
2025-03-29 15:57:55,"{""gw-3"": {""1"": ""blocked"", ""2"": ""blocked""}}"
2025-03-29 15:57:57,"{""gw-3"": {""1"": ""blocked"", ""2"": ""blocked""}, ""gw-1"": {""1"": ""blocked"", ""2"": ""blocked""}, ""gw-2"": {""1"": ""blocked"", ""2"": ""blocked""}}"
2025-03-29 15:58:03,"{""gw-2"": {""1"": ""blocked"", ""2"": ""blocked""}}"
2025-03-29 15:58:04,"{""gw-3"": {""1"": ""blocked"", ""2"": ""blocked""}}"
2025-03-29 15:58:04,"{""gw-2"": {""1"": ""blocked"", ""2"": ""blocked""}}"
2025-03-29 15:58:04,"{""gw-4"": {""1"": ""blocked"", ""2"": ""blocked""}, ""gw-2"": {""1"": ""blocked"", ""2"": ""blocked""}}"
2025-03-29 15:58:05,"{""gw-3"": {""1"": ""blocked"", ""2"": ""blocked""}}"
2025-03-29 15:58:08,"{""gw-4"": {""1"": ""blocked"", ""2"": ""blocked""}}"
2025-03-29 15:58:08,"{""gw-4"": {""1"": ""blocked"", ""2"": ""blocked""}, ""gw-3"": {""1"": ""blocked"", ""2"": ""blocked""}, ""gw-2"": {""1"": ""blocked"", ""2"": ""blocked""}}"
2025-03-29 15:58:08,"{""gw-3"": {""1"": ""blocked"", ""2"": ""blocked""}}"
2025-03-29 15:58:08,"{""gw-2"": {""1"": ""blocked"", ""2"": ""blocked""}}"
2025-03-29 15:58:09,"{""gw-2"": {""1"": ""blocked"", ""2"": ""blocked""}, ""gw-4"": {""1"": ""blocked"", ""2"": ""blocked""}}"
2025-03-29 15:58:13,"{""gw-3"": {""1"": ""blocked"", ""2"": ""conflict""}, ""gw-4"": {""1"": ""conflict"", ""2"": ""conflict""}}"
2025-03-29 15:58:13,"{""gw-4"": {""1"": ""conflict"", ""2"": ""conflict""}}"
2025-03-29 15:58:14,"{""gw-4"": {""1"": ""conflict"", ""2"": ""blocked""}}"
2025-03-29 15:58:14,"{""gw-1"": {""1"": ""blocked"", ""2"": ""blocked""}}"
2025-03-29 15:58:15,"{""gw-2"": {""1"": ""blocked"", ""2"": ""blocked""}, ""gw-1"": {""1"": ""blocked"", ""2"": ""blocked""}}"
2025-03-29 15:58:16,"{""gw-1"": {""1"": ""blocked"", ""2"": ""blocked""}, ""gw-2"": {""1"": ""blocked"", ""2"": ""blocked""}}"
2025-03-29 15:58:16,"{""gw-1"": {""1"": ""blocked"", ""2"": ""blocked""}}"
2025-03-29 15:58:16,"{""gw-4"": {""1"": ""blocked"", ""2"": ""blocked""}, ""gw-3"": {""1"": ""blocked"", ""2"": ""blocked""}}"
2025-03-29 15:58:17,"{""gw-1"": {""1"": ""blocked"", ""2"": ""blocked""}}"
2025-03-29 15:58:22,"{""gw-4"": {""1"": ""blocked"", ""2"": ""blocked""}}"
2025-03-29 15:58:22,"{""gw-4"": {""1"": ""blocked"", ""2"": ""blocked""}, ""gw-2"": {""1"": ""blocked"", ""2"": ""blocked""}}"
2025-03-29 15:58:31,"{""gw-1"": {""1"": ""blocked"", ""2"": ""conflict""}}"
2025-03-29 15:58:32,"{""gw-4"": {""1"": ""blocked"", ""2"": ""blocked""}, ""gw-1"": {""1"": ""conflict"", ""2"": ""blocked""}}"
2025-03-29 15:58:33,"{""gw-3"": {""1"": ""blocked"", ""2"": ""blocked""}}"
2025-03-29 15:58:34,"{""gw-3"": {""1"": ""blocked"", ""2"": ""blocked""}}"
2025-03-29 15:58:42,"{""gw-2"": {""1"": ""blocked"", ""2"": ""blocked""}, ""gw-4"": {""1"": ""conflict"", ""2"": ""conflict""}}"
2025-03-29 15:58:47,"{""gw-1"": {""1"": ""blocked"", ""2"": ""blocked""}}"
2025-03-29 15:58:49,"{""gw-1"": {""1"": ""blocked"", ""2"": ""blocked""}}"
2025-03-29 15:58:49,"{""gw-3"": {""1"": ""blocked"", ""2"": ""blocked""}, ""gw-4"": {""1"": ""blocked"", ""2"": ""blocked""}, ""gw-1"": {""1"": ""blocked"", ""2"": ""blocked""}}"
2025-03-29 15:58:51,"{""gw-1"": {""1"": ""blocked"", ""2"": ""blocked""}, ""gw-4"": {""1"": ""blocked"", ""2"": ""blocked""}}"
2025-03-29 15:58:54,"{""gw-2"": {""1"": ""blocked"", ""2"": ""blocked""}}"
2025-03-29 15:58:58,"{""gw-4"": {""1"": ""blocked"", ""2"": ""blocked""}}"
2025-03-29 15:58:59,"{""gw-2"": {""1"": ""blocked"", ""2"": ""conflict""}}"
2025-03-29 15:59:00,"{""gw-3"": {""1"": ""blocked"", ""2"": ""blocked""}, ""gw-1"": {""1"": ""blocked"", ""2"": ""blocked""}, ""gw-4"": {""1"": ""blocked"", ""2"": ""blocked""}}"
2025-03-29 15:59:01,"{""gw-2"": {""1"": ""conflict"", ""2"": ""blocked""}}"
2025-03-29 15:59:01,"{""gw-4"": {""1"": ""blocked"", ""2"": ""blocked""}}"
2025-03-29 15:59:03,"{""gw-1"": {""1"": ""blocked"", ""2"": ""blocked""}, ""gw-4"": {""1"": ""blocked"", ""2"": ""blocked""}}"
2025-03-29 15:59:06,"{""gw-3"": {""1"": ""blocked"", ""2"": ""blocked""}}"
2025-03-29 15:59:10,"{""gw-2"": {""1"": ""blocked"", ""2"": ""blocked""}}"
2025-03-29 15:59:10,"{""gw-3"": {""1"": ""conflict"", ""2"": ""blocked""}, ""gw-2"": {""1"": ""blocked"", ""2"": ""blocked""}}"
2025-03-29 15:59:11,"{""gw-2"": {""1"": ""blocked"", ""2"": ""conflict""}}"
2025-03-29 15:59:13,"{""gw-4"": {""1"": ""blocked"", ""2"": ""blocked""}, ""gw-2"": {""1"": ""conflict"", ""2"": ""blocked""}}"
2025-03-29 15:59:14,"{""gw-3"": {""1"": ""blocked"", ""2"": ""blocked""}}"
2025-03-29 15:59:15,"{""gw-1"": {""1"": ""blocked"", ""2"": ""conflict""}, ""gw-4"": {""1"": ""blocked"", ""2"": ""blocked""}}"
2025-03-29 15:59:15,"{""gw-1"": {""1"": ""conflict"", ""2"": ""conflict""}}"
2025-03-29 15:59:16,"{""gw-2"": {""1"": ""blocked"", ""2"": ""blocked""}}"
2025-03-29 15:59:18,"{""gw-2"": {""1"": ""blocked"", ""2"": ""blocked""}}"
2025-03-29 15:59:20,"{""gw-3"": {""1"": ""blocked"", ""2"": ""blocked""}, ""gw-1"": {""1"": ""blocked"", ""2"": ""blocked""}, ""gw-2"": {""1"": ""blocked"", ""2"": ""blocked""}}"
2025-03-29 15:59:21,"{""gw-1"": {""1"": ""blocked"", ""2"": ""blocked""}}"
2025-03-29 15:59:21,"{""gw-1"": {""1"": ""blocked"", ""2"": ""blocked""}}"
2025-03-29 15:59:22,"{""gw-1"": {""1"": ""blocked"", ""2"": ""blocked""}, ""gw-3"": {""1"": ""blocked"", ""2"": ""conflict""}, ""gw-4"": {""1"": ""conflict"", ""2"": ""blocked""}}"
2025-03-29 15:59:22,"{""gw-2"": {""1"": ""blocked"", ""2"": ""blocked""}, ""gw-3"": {""1"": ""conflict"", ""2"": ""conflict""}}"
2025-03-29 15:59:26,"{""gw-3"": {""1"": ""blocked"", ""2"": ""blocked""}, ""gw-1"": {""1"": ""blocked"", ""2"": ""blocked""}}"
2025-03-29 15:59:27,"{""gw-2"": {""1"": ""blocked"", ""2"": ""blocked""}, ""gw-1"": {""1"": ""blocked"", ""2"": ""conflict""}, ""gw-3"": {""1"": ""blocked"", ""2"": ""blocked""}, ""gw-4"": {""1"": ""blocked"", ""2"": ""blocked""}}"
2025-03-29 15:59:32,"{""gw-2"": {""1"": ""blocked"", ""2"": ""blocked""}}"
2025-03-29 15:59:32,"{""gw-1"": {""1"": ""blocked"", ""2"": ""blocked""}}"
2025-03-29 15:59:37,"{""gw-4"": {""1"": ""blocked"", ""2"": ""blocked""}, ""gw-2"": {""1"": ""conflict"", ""2"": ""conflict""}}"
2025-03-29 15:59:38,"{""gw-3"": {""1"": ""blocked"", ""2"": ""blocked""}, ""gw-2"": {""1"": ""conflict"", ""2"": ""blocked""}}"
2025-03-29 15:59:38,"{""gw-3"": {""1"": ""blocked"", ""2"": ""blocked""}}"
2025-03-29 15:59:40,"{""gw-3"": {""1"": ""blocked"", ""2"": ""blocked""}}"
2025-03-29 15:59:40,"{""gw-3"": {""1"": ""blocked"", ""2"": ""blocked""}}"
2025-03-29 15:59:42,"{""gw-4"": {""1"": ""blocked"", ""2"": ""blocked""}, ""gw-1"": {""1"": ""conflict"", ""2"": ""blocked""}}"
2025-03-29 15:59:44,"{""gw-2"": {""1"": ""blocked"", ""2"": ""blocked""}}"
2025-03-29 15:59:44,"{""gw-2"": {""1"": ""blocked"", ""2"": ""blocked""}, ""gw-3"": {""1"": ""blocked"", ""2"": ""blocked""}}"
2025-03-29 15:59:47,"{""gw-1"": {""1"": ""blocked"", ""2"": ""blocked""}}"
2025-03-29 15:59:47,"{""gw-1"": {""1"": ""blocked"", ""2"": ""blocked""}}"
2025-03-29 15:59:54,"{""gw-3"": {""1"": ""conflict"", ""2"": ""conflict""}}"
2025-03-29 15:59:55,"{""gw-4"": {""1"": ""blocked"", ""2"": ""blocked""}}"
2025-03-29 15:59:55,"{""gw-4"": {""1"": ""blocked"", ""2"": ""blocked""}, ""gw-1"": {""1"": ""blocked"", ""2"": ""blocked""}}"
2025-03-29 15:59:55,"{""gw-4"": {""1"": ""blocked"", ""2"": ""blocked""}, ""gw-1"": {""1"": ""blocked"", ""2"": ""blocked""}}"
2025-03-29 15:59:56,"{""gw-2"": {""1"": ""blocked"", ""2"": ""blocked""}}"
2025-03-29 15:59:59,"{""gw-1"": {""1"": ""blocked"", ""2"": ""blocked""}, ""gw-3"": {""1"": ""blocked"", ""2"": ""blocked""}}"
2025-03-29 15:59:59,"{""gw-3"": {""1"": ""blocked"", ""2"": ""blocked""}, ""gw-1"": {""1"": ""blocked"", ""2"": ""blocked""}}"
2025-03-29 16:00:00,"{""gw-3"": {""1"": ""blocked"", ""2"": ""blocked""}}"
2025-03-29 16:00:01,"{""gw-1"": {""1"": ""blocked"", ""2"": ""blocked""}}"
2025-03-29 16:00:02,"{""gw-3"": {""1"": ""blocked"", ""2"": ""blocked""}}"
2025-03-29 16:00:02,"{""gw-2"": {""1"": ""blocked"", ""2"": ""blocked""}}"
2025-03-29 16:00:03,"{""gw-1"": {""1"": ""blocked"", ""2"": ""blocked""}, ""gw-4"": {""1"": ""blocked"", ""2"": ""blocked""}, ""gw-2"": {""1"": ""blocked"", ""2"": ""blocked""}}"
2025-03-29 16:00:06,"{""gw-3"": {""1"": ""conflict"", ""2"": ""conflict""}}"
2025-03-29 16:00:06,"{""gw-4"": {""1"": ""blocked"", ""2"": ""blocked""}}"
2025-03-29 16:00:07,"{""gw-4"": {""1"": ""blocked"", ""2"": ""blocked""}, ""gw-2"": {""1"": ""blocked"", ""2"": ""conflict""}}"
2025-03-29 16:00:09,"{""gw-4"": {""1"": ""blocked"", ""2"": ""blocked""}}"
2025-03-29 16:00:11,"{""gw-3"": {""1"": ""blocked"", ""2"": ""blocked""}}"
2025-03-29 16:00:11,"{""gw-1"": {""1"": ""blocked"", ""2"": ""blocked""}, ""gw-2"": {""1"": ""blocked"", ""2"": ""blocked""}}"
2025-03-29 16:00:13,"{""gw-3"": {""1"": ""blocked"", ""2"": ""blocked""}, ""gw-2"": {""1"": ""blocked"", ""2"": ""blocked""}}"
2025-03-29 16:00:14,"{""gw-2"": {""1"": ""blocked"", ""2"": ""blocked""}}"
2025-03-29 16:00:19,"{""gw-4"": {""1"": ""blocked"", ""2"": ""blocked""}, ""gw-1"": {""1"": ""blocked"", ""2"": ""conflict""}}"
2025-03-29 16:00:19,"{""gw-1"": {""1"": ""conflict"", ""2"": ""conflict""}}"
2025-03-29 16:00:22,"{""gw-4"": {""1"": ""blocked"", ""2"": ""blocked""}}"
2025-03-29 16:00:25,"{""gw-4"": {""1"": ""conflict"", ""2"": ""conflict""}, ""gw-1"": {""1"": ""blocked"", ""2"": ""blocked""}}"
2025-03-29 16:00:25,"{""gw-1"": {""1"": ""blocked"", ""2"": ""blocked""}, ""gw-4"": {""1"": ""conflict"", ""2"": ""conflict""}}"
2025-03-29 16:00:27,"{""gw-3"": {""1"": ""blocked"", ""2"": ""blocked""}, ""gw-1"": {""1"": ""blocked"", ""2"": ""blocked""}}"
2025-03-29 16:00:28,"{""gw-3"": {""1"": ""blocked"", ""2"": ""blocked""}}"
2025-03-29 16:00:29,"{""gw-2"": {""1"": ""blocked"", ""2"": ""blocked""}}"
2025-03-29 16:00:29,"{""gw-1"": {""1"": ""blocked"", ""2"": ""blocked""}, ""gw-3"": {""1"": ""blocked"", ""2"": ""blocked""}, ""gw-2"": {""1"": ""blocked"", ""2"": ""blocked""}}"
2025-03-29 16:00:31,"{""gw-3"": {""1"": ""blocked"", ""2"": ""blocked""}, ""gw-4"": {""1"": ""blocked"", ""2"": ""blocked""}}"
2025-03-29 16:00:36,"{""gw-1"": {""1"": ""blocked"", ""2"": ""blocked""}}"
2025-03-29 16:00:39,"{""gw-2"": {""1"": ""blocked"", ""2"": ""blocked""}, ""gw-4"": {""1"": ""conflict"", ""2"": ""blocked""}}"
2025-03-29 16:00:43,"{""gw-4"": {""1"": ""blocked"", ""2"": ""blocked""}, ""gw-2"": {""1"": ""blocked"", ""2"": ""blocked""}, ""gw-1"": {""1"": ""blocked"", ""2"": ""blocked""}}"
2025-03-29 16:00:45,"{""gw-4"": {""1"": ""blocked"", ""2"": ""blocked""}}"
2025-03-29 16:00:50,"{""gw-1"": {""1"": ""blocked"", ""2"": ""blocked""}}"
2025-03-29 16:00:51,"{""gw-1"": {""1"": ""blocked"", ""2"": ""blocked""}}"
2025-03-29 16:00:52,"{""gw-1"": {""1"": ""blocked"", ""2"": ""blocked""}}"
2025-03-29 16:00:54,"{""gw-3"": {""1"": ""blocked"", ""2"": ""blocked""}, ""gw-2"": {""1"": ""blocked"", ""2"": ""blocked""}}"
2025-03-29 16:00:54,"{""gw-2"": {""1"": ""blocked"", ""2"": ""blocked""}}"
2025-03-29 16:00:55,"{""gw-1"": {""1"": ""blocked"", ""2"": ""blocked""}}"
2025-03-29 16:00:55,"{""gw-3"": {""1"": ""blocked"", ""2"": ""blocked""}, ""gw-1"": {""1"": ""blocked"", ""2"": ""blocked""}}"
2025-03-29 16:00:57,"{""gw-4"": {""1"": ""blocked"", ""2"": ""blocked""}}"
2025-03-29 16:00:58,"{""gw-2"": {""1"": ""blocked"", ""2"": ""blocked""}, ""gw-4"": {""1"": ""blocked"", ""2"": ""blocked""}}"
2025-03-29 16:01:07,"{""gw-2"": {""1"": ""blocked"", ""2"": ""blocked""}}"
2025-03-29 16:01:10,"{""gw-3"": {""1"": ""blocked"", ""2"": ""blocked""}, ""gw-1"": {""1"": ""blocked"", ""2"": ""blocked""}}"
2025-03-29 16:01:10,"{""gw-2"": {""1"": ""blocked"", ""2"": ""blocked""}, ""gw-3"": {""1"": ""blocked"", ""2"": ""blocked""}}"
2025-03-29 16:01:10,"{""gw-3"": {""1"": ""blocked"", ""2"": ""blocked""}, ""gw-4"": {""1"": ""blocked"", ""2"": ""blocked""}, ""gw-2"": {""1"": ""blocked"", ""2"": ""blocked""}}"
2025-03-29 16:01:12,"{""gw-1"": {""1"": ""blocked"", ""2"": ""blocked""}}"
2025-03-29 16:01:12,"{""gw-3"": {""1"": ""blocked"", ""2"": ""blocked""}, ""gw-1"": {""1"": ""blocked"", ""2"": ""blocked""}}"
2025-03-29 16:01:14,"{""gw-2"": {""1"": ""blocked"", ""2"": ""blocked""}}"
2025-03-29 16:01:17,"{""gw-2"": {""1"": ""blocked"", ""2"": ""conflict""}}"
2025-03-29 16:01:21,"{""gw-3"": {""1"": ""blocked"", ""2"": ""blocked""}, ""gw-2"": {""1"": ""blocked"", ""2"": ""blocked""}}"
2025-03-29 16:01:27,"{""gw-3"": {""1"": ""conflict"", ""2"": ""blocked""}}"
2025-03-29 16:01:30,"{""gw-3"": {""1"": ""blocked"", ""2"": ""blocked""}}"
2025-03-29 16:01:31,"{""gw-2"": {""1"": ""conflict"", ""2"": ""conflict""}, ""gw-1"": {""1"": ""blocked"", ""2"": ""blocked""}}"
2025-03-29 16:01:32,"{""gw-1"": {""1"": ""blocked"", ""2"": ""blocked""}}"
2025-03-29 16:01:33,"{""gw-1"": {""1"": ""blocked"", ""2"": ""blocked""}, ""gw-4"": {""1"": ""blocked"", ""2"": ""blocked""}}"
2025-03-29 16:01:35,"{""gw-2"": {""1"": ""blocked"", ""2"": ""blocked""}}"
2025-03-29 16:01:36,"{""gw-1"": {""1"": ""blocked"", ""2"": ""blocked""}, ""gw-2"": {""1"": ""blocked"", ""2"": ""blocked""}}"
2025-03-29 16:01:37,"{""gw-4"": {""1"": ""blocked"", ""2"": ""blocked""}, ""gw-3"": {""1"": ""blocked"", ""2"": ""blocked""}, ""gw-2"": {""1"": ""blocked"", ""2"": ""blocked""}, ""gw-1"": {""1"": ""blocked"", ""2"": ""blocked""}}"
2025-03-29 16:01:39,"{""gw-3"": {""1"": ""conflict"", ""2"": ""conflict""}, ""gw-1"": {""1"": ""blocked"", ""2"": ""blocked""}}"
2025-03-29 16:01:40,"{""gw-2"": {""1"": ""blocked"", ""2"": ""blocked""}}"
2025-03-29 16:01:52,"{""gw-3"": {""1"": ""blocked"", ""2"": ""conflict""}, ""gw-1"": {""1"": ""blocked"", ""2"": ""blocked""}, ""gw-4"": {""1"": ""blocked"", ""2"": ""conflict""}}"
2025-03-29 16:01:52,"{""gw-3"": {""1"": ""blocked"", ""2"": ""conflict""}, ""gw-2"": {""1"": ""blocked"", ""2"": ""blocked""}, ""gw-4"": {""1"": ""blocked"", ""2"": ""conflict""}}"
2025-03-29 16:01:55,"{""gw-4"": {""1"": ""blocked"", ""2"": ""blocked""}}"
2025-03-29 16:01:57,"{""gw-3"": {""1"": ""blocked"", ""2"": ""blocked""}}"
2025-03-29 16:02:06,"{""gw-2"": {""1"": ""conflict"", ""2"": ""blocked""}, ""gw-1"": {""1"": ""blocked"", ""2"": ""blocked""}}"
2025-03-29 16:02:07,"{""gw-3"": {""1"": ""conflict"", ""2"": ""blocked""}}"
2025-03-29 16:02:07,"{""gw-1"": {""1"": ""blocked"", ""2"": ""blocked""}}"
2025-03-29 16:02:11,"{""gw-3"": {""1"": ""blocked"", ""2"": ""blocked""}, ""gw-1"": {""1"": ""conflict"", ""2"": ""conflict""}}"
2025-03-29 16:02:12,"{""gw-3"": {""1"": ""blocked"", ""2"": ""blocked""}, ""gw-1"": {""1"": ""conflict"", ""2"": ""blocked""}, ""gw-2"": {""1"": ""blocked"", ""2"": ""blocked""}}"
2025-03-29 16:02:12,"{""gw-2"": {""1"": ""blocked"", ""2"": ""blocked""}, ""gw-3"": {""1"": ""blocked"", ""2"": ""blocked""}}"
2025-03-29 16:02:14,"{""gw-2"": {""1"": ""blocked"", ""2"": ""blocked""}, ""gw-4"": {""1"": ""conflict"", ""2"": ""blocked""}, ""gw-3"": {""1"": ""blocked"", ""2"": ""blocked""}}"
2025-03-29 16:02:18,"{""gw-2"": {""1"": ""blocked"", ""2"": ""conflict""}, ""gw-4"": {""1"": ""blocked"", ""2"": ""blocked""}}"
2025-03-29 16:02:18,"{""gw-1"": {""1"": ""blocked"", ""2"": ""blocked""}, ""gw-4"": {""1"": ""blocked"", ""2"": ""blocked""}}"
2025-03-29 16:02:19,"{""gw-2"": {""1"": ""conflict"", ""2"": ""blocked""}, ""gw-1"": {""1"": ""blocked"", ""2"": ""blocked""}}"
2025-03-29 16:02:20,"{""gw-3"": {""1"": ""blocked"", ""2"": ""conflict""}, ""gw-4"": {""1"": ""blocked"", ""2"": ""blocked""}}"
2025-03-29 16:02:20,"{""gw-1"": {""1"": ""blocked"", ""2"": ""blocked""}, ""gw-3"": {""1"": ""conflict"", ""2"": ""conflict""}}"
2025-03-29 16:02:21,"{""gw-2"": {""1"": ""blocked"", ""2"": ""blocked""}, ""gw-1"": {""1"": ""blocked"", ""2"": ""blocked""}}"
2025-03-29 16:02:21,"{""gw-1"": {""1"": ""blocked"", ""2"": ""blocked""}}"
2025-03-29 16:02:25,"{""gw-3"": {""1"": ""conflict"", ""2"": ""conflict""}, ""gw-2"": {""1"": ""blocked"", ""2"": ""blocked""}}"
2025-03-29 16:02:25,"{""gw-4"": {""1"": ""conflict"", ""2"": ""blocked""}}"
2025-03-29 16:02:29,"{""gw-3"": {""1"": ""blocked"", ""2"": ""blocked""}}"
2025-03-29 16:02:30,"{""gw-3"": {""1"": ""blocked"", ""2"": ""blocked""}}"
2025-03-29 16:02:31,"{""gw-3"": {""1"": ""blocked"", ""2"": ""blocked""}}"
2025-03-29 16:02:39,"{""gw-1"": {""1"": ""conflict"", ""2"": ""blocked""}, ""gw-3"": {""1"": ""conflict"", ""2"": ""blocked""}, ""gw-2"": {""1"": ""blocked"", ""2"": ""blocked""}}"
2025-03-29 16:02:39,"{""gw-1"": {""1"": ""conflict"", ""2"": ""blocked""}, ""gw-4"": {""1"": ""conflict"", ""2"": ""conflict""}}"
2025-03-29 16:02:40,"{""gw-4"": {""1"": ""conflict"", ""2"": ""blocked""}}"
2025-03-29 16:02:40,"{""gw-2"": {""1"": ""blocked"", ""2"": ""blocked""}}"
2025-03-29 16:02:42,"{""gw-1"": {""1"": ""blocked"", ""2"": ""blocked""}}"
2025-03-29 16:02:45,"{""gw-4"": {""1"": ""blocked"", ""2"": ""blocked""}, ""gw-1"": {""1"": ""blocked"", ""2"": ""blocked""}}"
2025-03-29 16:02:45,"{""gw-4"": {""1"": ""blocked"", ""2"": ""blocked""}, ""gw-3"": {""1"": ""blocked"", ""2"": ""blocked""}}"
2025-03-29 16:02:46,"{""gw-3"": {""1"": ""blocked"", ""2"": ""blocked""}}"
2025-03-29 16:02:52,"{""gw-1"": {""1"": ""blocked"", ""2"": ""conflict""}}"
2025-03-29 16:02:54,"{""gw-2"": {""1"": ""blocked"", ""2"": ""conflict""}, ""gw-4"": {""1"": ""blocked"", ""2"": ""blocked""}}"
2025-03-29 16:02:55,"{""gw-2"": {""1"": ""blocked"", ""2"": ""conflict""}, ""gw-3"": {""1"": ""blocked"", ""2"": ""blocked""}}"
2025-03-29 16:02:55,"{""gw-1"": {""1"": ""blocked"", ""2"": ""blocked""}}"
2025-03-29 16:02:58,"{""gw-4"": {""1"": ""blocked"", ""2"": ""blocked""}}"
2025-03-29 16:02:58,"{""gw-4"": {""1"": ""blocked"", ""2"": ""blocked""}, ""gw-3"": {""1"": ""blocked"", ""2"": ""blocked""}, ""gw-2"": {""1"": ""blocked"", ""2"": ""blocked""}}"
2025-03-29 16:03:01,"{""gw-2"": {""1"": ""blocked"", ""2"": ""blocked""}, ""gw-3"": {""1"": ""blocked"", ""2"": ""blocked""}}"
2025-03-29 16:03:03,"{""gw-2"": {""1"": ""blocked"", ""2"": ""blocked""}}"
2025-03-29 16:03:05,"{""gw-2"": {""1"": ""blocked"", ""2"": ""blocked""}, ""gw-4"": {""1"": ""conflict"", ""2"": ""blocked""}}"
2025-03-29 16:03:10,"{""gw-3"": {""1"": ""blocked"", ""2"": ""blocked""}}"
2025-03-29 16:03:11,"{""gw-3"": {""1"": ""blocked"", ""2"": ""blocked""}}"
2025-03-29 16:03:12,"{""gw-4"": {""1"": ""blocked"", ""2"": ""blocked""}, ""gw-1"": {""1"": ""blocked"", ""2"": ""blocked""}, ""gw-2"": {""1"": ""blocked"", ""2"": ""blocked""}, ""gw-3"": {""1"": ""blocked"", ""2"": ""blocked""}}"
2025-03-29 16:03:13,"{""gw-1"": {""1"": ""blocked"", ""2"": ""blocked""}, ""gw-3"": {""1"": ""blocked"", ""2"": ""blocked""}}"
2025-03-29 16:03:13,"{""gw-1"": {""1"": ""blocked"", ""2"": ""blocked""}, ""gw-3"": {""1"": ""blocked"", ""2"": ""blocked""}}"
2025-03-29 16:03:14,"{""gw-3"": {""1"": ""blocked"", ""2"": ""blocked""}}"
2025-03-29 16:03:15,"{""gw-4"": {""1"": ""blocked"", ""2"": ""conflict""}}"
2025-03-29 16:03:16,"{""gw-2"": {""1"": ""blocked"", ""2"": ""blocked""}, ""gw-1"": {""1"": ""blocked"", ""2"": ""blocked""}, ""gw-4"": {""1"": ""conflict"", ""2"": ""conflict""}}"
2025-03-29 16:03:16,"{""gw-1"": {""1"": ""blocked"", ""2"": ""blocked""}, ""gw-4"": {""1"": ""conflict"", ""2"": ""conflict""}}"
2025-03-29 16:03:16,"{""gw-4"": {""1"": ""conflict"", ""2"": ""blocked""}}"
2025-03-29 16:03:18,"{""gw-3"": {""1"": ""conflict"", ""2"": ""blocked""}, ""gw-4"": {""1"": ""blocked"", ""2"": ""blocked""}, ""gw-2"": {""1"": ""blocked"", ""2"": ""blocked""}}"
2025-03-29 16:03:23,"{""gw-3"": {""1"": ""blocked"", ""2"": ""blocked""}}"
2025-03-29 16:03:24,"{""gw-3"": {""1"": ""blocked"", ""2"": ""blocked""}}"
2025-03-29 16:03:26,"{""gw-4"": {""1"": ""blocked"", ""2"": ""blocked""}}"
2025-03-29 16:03:28,"{""gw-3"": {""1"": ""blocked"", ""2"": ""blocked""}}"
2025-03-29 16:03:30,"{""gw-1"": {""1"": ""blocked"", ""2"": ""blocked""}}"
2025-03-29 16:03:41,"{""gw-3"": {""1"": ""blocked"", ""2"": ""blocked""}, ""gw-2"": {""1"": ""conflict"", ""2"": ""blocked""}, ""gw-4"": {""1"": ""conflict"", ""2"": ""conflict""}, ""gw-1"": {""1"": ""conflict"", ""2"": ""blocked""}}"
2025-03-29 16:03:47,"{""gw-1"": {""1"": ""blocked"", ""2"": ""blocked""}}"
2025-03-29 16:03:50,"{""gw-1"": {""1"": ""blocked"", ""2"": ""blocked""}}"
2025-03-29 16:03:53,"{""gw-4"": {""1"": ""blocked"", ""2"": ""conflict""}, ""gw-2"": {""1"": ""blocked"", ""2"": ""conflict""}}"
2025-03-29 16:03:53,"{""gw-4"": {""1"": ""blocked"", ""2"": ""conflict""}}"
2025-03-29 16:03:56,"{""gw-1"": {""1"": ""blocked"", ""2"": ""blocked""}}"
2025-03-29 16:03:57,"{""gw-1"": {""1"": ""blocked"", ""2"": ""blocked""}, ""gw-2"": {""1"": ""blocked"", ""2"": ""blocked""}}"
2025-03-29 16:03:58,"{""gw-1"": {""1"": ""blocked"", ""2"": ""blocked""}, ""gw-4"": {""1"": ""blocked"", ""2"": ""blocked""}}"
2025-03-29 16:04:00,"{""gw-3"": {""1"": ""blocked"", ""2"": ""blocked""}, ""gw-4"": {""1"": ""blocked"", ""2"": ""blocked""}}"
2025-03-29 16:04:00,"{""gw-4"": {""1"": ""blocked"", ""2"": ""blocked""}}"
2025-03-29 16:04:02,"{""gw-3"": {""1"": ""blocked"", ""2"": ""blocked""}, ""gw-4"": {""1"": ""blocked"", ""2"": ""blocked""}, ""gw-2"": {""1"": ""blocked"", ""2"": ""blocked""}}"
2025-03-29 16:04:02,"{""gw-4"": {""1"": ""blocked"", ""2"": ""blocked""}}"
2025-03-29 16:04:13,"{""gw-1"": {""1"": ""conflict"", ""2"": ""blocked""}}"
2025-03-29 16:04:14,"{""gw-3"": {""1"": ""blocked"", ""2"": ""blocked""}}"
2025-03-29 16:04:15,"{""gw-3"": {""1"": ""blocked"", ""2"": ""blocked""}}"
2025-03-29 16:04:16,"{""gw-2"": {""1"": ""blocked"", ""2"": ""blocked""}, ""gw-3"": {""1"": ""blocked"", ""2"": ""blocked""}}"
2025-03-29 16:04:18,"{""gw-2"": {""1"": ""blocked"", ""2"": ""blocked""}, ""gw-4"": {""1"": ""blocked"", ""2"": ""blocked""}, ""gw-1"": {""1"": ""blocked"", ""2"": ""blocked""}}"
2025-03-29 16:04:20,"{""gw-2"": {""1"": ""blocked"", ""2"": ""blocked""}}"
2025-03-29 16:04:23,"{""gw-1"": {""1"": ""blocked"", ""2"": ""conflict""}}"
2025-03-29 16:04:24,"{""gw-4"": {""1"": ""conflict"", ""2"": ""blocked""}, ""gw-1"": {""1"": ""blocked"", ""2"": ""conflict""}}"
2025-03-29 16:04:24,"{""gw-3"": {""1"": ""blocked"", ""2"": ""conflict""}, ""gw-4"": {""1"": ""conflict"", ""2"": ""blocked""}}"
2025-03-29 16:04:29,"{""gw-4"": {""1"": ""blocked"", ""2"": ""blocked""}, ""gw-1"": {""1"": ""blocked"", ""2"": ""blocked""}, ""gw-3"": {""1"": ""blocked"", ""2"": ""blocked""}}"
2025-03-29 16:04:29,"{""gw-3"": {""1"": ""blocked"", ""2"": ""blocked""}, ""gw-1"": {""1"": ""blocked"", ""2"": ""blocked""}, ""gw-2"": {""1"": ""blocked"", ""2"": ""blocked""}}"
2025-03-29 16:04:30,"{""gw-4"": {""1"": ""blocked"", ""2"": ""blocked""}, ""gw-2"": {""1"": ""blocked"", ""2"": ""blocked""}}"
2025-03-29 16:04:32,"{""gw-3"": {""1"": ""blocked"", ""2"": ""blocked""}}"
2025-03-29 16:04:33,"{""gw-2"": {""1"": ""conflict"", ""2"": ""blocked""}, ""gw-3"": {""1"": ""blocked"", ""2"": ""blocked""}}"
2025-03-29 16:04:35,"{""gw-2"": {""1"": ""blocked"", ""2"": ""blocked""}}"
2025-03-29 16:04:35,"{""gw-2"": {""1"": ""blocked"", ""2"": ""blocked""}, ""gw-3"": {""1"": ""blocked"", ""2"": ""blocked""}}"
2025-03-29 16:04:36,"{""gw-2"": {""1"": ""blocked"", ""2"": ""blocked""}}"
2025-03-29 16:04:37,"{""gw-1"": {""1"": ""blocked"", ""2"": ""conflict""}}"
2025-03-29 16:04:42,"{""gw-1"": {""1"": ""blocked"", ""2"": ""blocked""}}"
2025-03-29 16:04:42,"{""gw-4"": {""1"": ""blocked"", ""2"": ""blocked""}}"
2025-03-29 16:04:45,"{""gw-3"": {""1"": ""blocked"", ""2"": ""blocked""}}"
2025-03-29 16:04:55,"{""gw-2"": {""1"": ""blocked"", ""2"": ""blocked""}}"
2025-03-29 16:04:56,"{""gw-1"": {""1"": ""blocked"", ""2"": ""blocked""}}"
2025-03-29 16:04:56,"{""gw-3"": {""1"": ""blocked"", ""2"": ""blocked""}}"
2025-03-29 16:04:56,"{""gw-4"": {""1"": ""blocked"", ""2"": ""blocked""}}"
2025-03-29 16:04:57,"{""gw-1"": {""1"": ""blocked"", ""2"": ""blocked""}}"
2025-03-29 16:04:58,"{""gw-1"": {""1"": ""blocked"", ""2"": ""blocked""}}"
2025-03-29 16:04:58,"{""gw-1"": {""1"": ""blocked"", ""2"": ""blocked""}}"
2025-03-29 16:04:58,"{""gw-2"": {""1"": ""blocked"", ""2"": ""blocked""}}"
2025-03-29 16:05:00,"{""gw-4"": {""1"": ""conflict"", ""2"": ""blocked""}}"
2025-03-29 16:05:04,"{""gw-2"": {""1"": ""conflict"", ""2"": ""conflict""}}"
2025-03-29 16:05:06,"{""gw-4"": {""1"": ""blocked"", ""2"": ""blocked""}}"
2025-03-29 16:05:11,"{""gw-2"": {""1"": ""blocked"", ""2"": ""blocked""}, ""gw-1"": {""1"": ""conflict"", ""2"": ""blocked""}}"
2025-03-29 16:05:11,"{""gw-1"": {""1"": ""conflict"", ""2"": ""blocked""}}"
2025-03-29 16:05:12,"{""gw-3"": {""1"": ""blocked"", ""2"": ""blocked""}}"
2025-03-29 16:05:12,"{""gw-3"": {""1"": ""blocked"", ""2"": ""blocked""}}"
2025-03-29 16:05:12,"{""gw-3"": {""1"": ""blocked"", ""2"": ""blocked""}}"
2025-03-29 16:05:12,"{""gw-1"": {""1"": ""blocked"", ""2"": ""blocked""}, ""gw-3"": {""1"": ""blocked"", ""2"": ""blocked""}, ""gw-2"": {""1"": ""blocked"", ""2"": ""blocked""}}"
2025-03-29 16:05:13,"{""gw-4"": {""1"": ""blocked"", ""2"": ""conflict""}}"
2025-03-29 16:05:13,"{""gw-1"": {""1"": ""blocked"", ""2"": ""blocked""}, ""gw-4"": {""1"": ""conflict"", ""2"": ""conflict""}}"
2025-03-29 16:05:13,"{""gw-4"": {""1"": ""conflict"", ""2"": ""conflict""}, ""gw-3"": {""1"": ""blocked"", ""2"": ""blocked""}}"
2025-03-29 16:05:14,"{""gw-4"": {""1"": ""conflict"", ""2"": ""blocked""}}"
2025-03-29 16:05:22,"{""gw-4"": {""1"": ""blocked"", ""2"": ""blocked""}}"
2025-03-29 16:05:23,"{""gw-3"": {""1"": ""blocked"", ""2"": ""blocked""}}"
2025-03-29 16:05:23,"{""gw-3"": {""1"": ""blocked"", ""2"": ""blocked""}}"
2025-03-29 16:05:25,"{""gw-2"": {""1"": ""blocked"", ""2"": ""blocked""}}"
2025-03-29 16:05:26,"{""gw-2"": {""1"": ""blocked"", ""2"": ""blocked""}, ""gw-3"": {""1"": ""blocked"", ""2"": ""blocked""}}"
2025-03-29 16:05:26,"{""gw-2"": {""1"": ""blocked"", ""2"": ""blocked""}}"
2025-03-29 16:05:27,"{""gw-2"": {""1"": ""blocked"", ""2"": ""blocked""}}"
2025-03-29 16:05:28,"{""gw-2"": {""1"": ""blocked"", ""2"": ""blocked""}}"
2025-03-29 16:05:29,"{""gw-3"": {""1"": ""blocked"", ""2"": ""blocked""}, ""gw-1"": {""1"": ""blocked"", ""2"": ""blocked""}}"
2025-03-29 16:05:29,"{""gw-2"": {""1"": ""blocked"", ""2"": ""blocked""}}"
2025-03-29 16:05:30,"{""gw-2"": {""1"": ""blocked"", ""2"": ""blocked""}}"
2025-03-29 16:05:30,"{""gw-3"": {""1"": ""blocked"", ""2"": ""blocked""}, ""gw-4"": {""1"": ""blocked"", ""2"": ""blocked""}}"
2025-03-29 16:05:41,"{""gw-1"": {""1"": ""blocked"", ""2"": ""blocked""}}"
2025-03-29 16:05:41,"{""gw-2"": {""1"": ""blocked"", ""2"": ""blocked""}, ""gw-1"": {""1"": ""blocked"", ""2"": ""blocked""}}"
2025-03-29 16:05:45,"{""gw-4"": {""1"": ""conflict"", ""2"": ""conflict""}, ""gw-2"": {""1"": ""blocked"", ""2"": ""conflict""}}"
2025-03-29 16:05:46,"{""gw-2"": {""1"": ""blocked"", ""2"": ""conflict""}, ""gw-3"": {""1"": ""blocked"", ""2"": ""blocked""}, ""gw-4"": {""1"": ""conflict"", ""2"": ""blocked""}}"
2025-03-29 16:05:50,"{""gw-2"": {""1"": ""blocked"", ""2"": ""blocked""}}"
2025-03-29 16:05:51,"{""gw-4"": {""1"": ""blocked"", ""2"": ""blocked""}, ""gw-3"": {""1"": ""blocked"", ""2"": ""conflict""}}"
2025-03-29 16:05:51,"{""gw-1"": {""1"": ""blocked"", ""2"": ""blocked""}}"
2025-03-29 16:05:53,"{""gw-4"": {""1"": ""blocked"", ""2"": ""blocked""}}"
2025-03-29 16:05:53,"{""gw-4"": {""1"": ""blocked"", ""2"": ""blocked""}, ""gw-1"": {""1"": ""blocked"", ""2"": ""blocked""}}"
2025-03-29 16:05:56,"{""gw-2"": {""1"": ""blocked"", ""2"": ""blocked""}}"
2025-03-29 16:05:58,"{""gw-3"": {""1"": ""blocked"", ""2"": ""blocked""}, ""gw-1"": {""1"": ""blocked"", ""2"": ""blocked""}}"
2025-03-29 16:05:59,"{""gw-3"": {""1"": ""blocked"", ""2"": ""blocked""}}"
2025-03-29 16:06:01,"{""gw-1"": {""1"": ""conflict"", ""2"": ""blocked""}, ""gw-3"": {""1"": ""blocked"", ""2"": ""blocked""}}"
2025-03-29 16:06:04,"{""gw-4"": {""1"": ""conflict"", ""2"": ""blocked""}, ""gw-2"": {""1"": ""conflict"", ""2"": ""blocked""}}"
2025-03-29 16:06:07,"{""gw-2"": {""1"": ""blocked"", ""2"": ""blocked""}, ""gw-4"": {""1"": ""blocked"", ""2"": ""blocked""}}"
2025-03-29 16:06:07,"{""gw-4"": {""1"": ""blocked"", ""2"": ""blocked""}, ""gw-2"": {""1"": ""blocked"", ""2"": ""blocked""}}"
2025-03-29 16:06:18,"{""gw-1"": {""1"": ""blocked"", ""2"": ""conflict""}, ""gw-4"": {""1"": ""conflict"", ""2"": ""conflict""}}"
2025-03-29 16:06:22,"{""gw-4"": {""1"": ""blocked"", ""2"": ""blocked""}, ""gw-1"": {""1"": ""blocked"", ""2"": ""blocked""}}"
2025-03-29 16:06:24,"{""gw-4"": {""1"": ""blocked"", ""2"": ""blocked""}, ""gw-1"": {""1"": ""blocked"", ""2"": ""blocked""}}"
2025-03-29 16:06:24,"{""gw-4"": {""1"": ""blocked"", ""2"": ""blocked""}}"
2025-03-29 16:06:27,"{""gw-2"": {""1"": ""blocked"", ""2"": ""blocked""}}"
2025-03-29 16:06:30,"{""gw-2"": {""1"": ""blocked"", ""2"": ""blocked""}}"
2025-03-29 16:06:38,"{""gw-2"": {""1"": ""blocked"", ""2"": ""blocked""}}"
2025-03-29 16:06:42,"{""gw-4"": {""1"": ""blocked"", ""2"": ""conflict""}}"
2025-03-29 16:06:43,"{""gw-1"": {""1"": ""blocked"", ""2"": ""blocked""}, ""gw-4"": {""1"": ""conflict"", ""2"": ""blocked""}}"
2025-03-29 16:06:44,"{""gw-2"": {""1"": ""blocked"", ""2"": ""blocked""}, ""gw-1"": {""1"": ""blocked"", ""2"": ""blocked""}}"
2025-03-29 16:06:52,"{""gw-3"": {""1"": ""blocked"", ""2"": ""blocked""}, ""gw-1"": {""1"": ""blocked"", ""2"": ""blocked""}, ""gw-4"": {""1"": ""blocked"", ""2"": ""blocked""}}"
2025-03-29 16:06:52,"{""gw-4"": {""1"": ""blocked"", ""2"": ""blocked""}}"
2025-03-29 16:06:52,"{""gw-2"": {""1"": ""blocked"", ""2"": ""blocked""}}"
2025-03-29 16:06:52,"{""gw-3"": {""1"": ""blocked"", ""2"": ""blocked""}, ""gw-1"": {""1"": ""blocked"", ""2"": ""blocked""}}"
2025-03-29 16:06:53,"{""gw-2"": {""1"": ""blocked"", ""2"": ""blocked""}}"
2025-03-29 16:06:56,"{""gw-1"": {""1"": ""blocked"", ""2"": ""blocked""}}"
2025-03-29 16:06:57,"{""gw-3"": {""1"": ""blocked"", ""2"": ""blocked""}, ""gw-2"": {""1"": ""blocked"", ""2"": ""blocked""}}"
2025-03-29 16:06:58,"{""gw-3"": {""1"": ""blocked"", ""2"": ""blocked""}, ""gw-4"": {""1"": ""blocked"", ""2"": ""blocked""}, ""gw-1"": {""1"": ""blocked"", ""2"": ""blocked""}}"
2025-03-29 16:07:06,"{""gw-4"": {""1"": ""blocked"", ""2"": ""conflict""}}"
2025-03-29 16:07:07,"{""gw-2"": {""1"": ""blocked"", ""2"": ""blocked""}}"
2025-03-29 16:07:07,"{""gw-3"": {""1"": ""blocked"", ""2"": ""blocked""}, ""gw-1"": {""1"": ""blocked"", ""2"": ""blocked""}}"
2025-03-29 16:07:08,"{""gw-4"": {""1"": ""conflict"", ""2"": ""blocked""}, ""gw-1"": {""1"": ""blocked"", ""2"": ""blocked""}, ""gw-2"": {""1"": ""blocked"", ""2"": ""blocked""}}"
2025-03-29 16:07:08,"{""gw-3"": {""1"": ""blocked"", ""2"": ""blocked""}}"
2025-03-29 16:07:08,"{""gw-2"": {""1"": ""blocked"", ""2"": ""blocked""}}"
2025-03-29 16:07:09,"{""gw-3"": {""1"": ""blocked"", ""2"": ""blocked""}, ""gw-1"": {""1"": ""blocked"", ""2"": ""blocked""}, ""gw-2"": {""1"": ""blocked"", ""2"": ""blocked""}}"
2025-03-29 16:07:10,"{""gw-1"": {""1"": ""blocked"", ""2"": ""blocked""}}"
2025-03-29 16:07:10,"{""gw-3"": {""1"": ""blocked"", ""2"": ""blocked""}, ""gw-1"": {""1"": ""blocked"", ""2"": ""blocked""}}"
2025-03-29 16:07:11,"{""gw-3"": {""1"": ""blocked"", ""2"": ""blocked""}}"
2025-03-29 16:07:16,"{""gw-4"": {""1"": ""blocked"", ""2"": ""blocked""}}"
2025-03-29 16:07:18,"{""gw-4"": {""1"": ""blocked"", ""2"": ""conflict""}}"
2025-03-29 16:07:19,"{""gw-2"": {""1"": ""blocked"", ""2"": ""blocked""}}"
2025-03-29 16:07:21,"{""gw-1"": {""1"": ""blocked"", ""2"": ""blocked""}}"
2025-03-29 16:07:23,"{""gw-4"": {""1"": ""blocked"", ""2"": ""blocked""}, ""gw-2"": {""1"": ""blocked"", ""2"": ""blocked""}}"
2025-03-29 16:07:24,"{""gw-1"": {""1"": ""blocked"", ""2"": ""blocked""}, ""gw-3"": {""1"": ""blocked"", ""2"": ""blocked""}}"
2025-03-29 16:07:31,"{""gw-1"": {""1"": ""blocked"", ""2"": ""conflict""}}"
2025-03-29 16:07:32,"{""gw-2"": {""1"": ""conflict"", ""2"": ""blocked""}}"
2025-03-29 16:07:32,"{""gw-2"": {""1"": ""conflict"", ""2"": ""blocked""}}"
2025-03-29 16:07:33,"{""gw-3"": {""1"": ""conflict"", ""2"": ""blocked""}}"
2025-03-29 16:07:35,"{""gw-1"": {""1"": ""blocked"", ""2"": ""blocked""}, ""gw-2"": {""1"": ""blocked"", ""2"": ""blocked""}}"
2025-03-29 16:07:36,"{""gw-2"": {""1"": ""blocked"", ""2"": ""blocked""}, ""gw-3"": {""1"": ""blocked"", ""2"": ""blocked""}, ""gw-4"": {""1"": ""blocked"", ""2"": ""blocked""}}"
2025-03-29 16:07:38,"{""gw-3"": {""1"": ""blocked"", ""2"": ""blocked""}}"
2025-03-29 16:07:38,"{""gw-1"": {""1"": ""blocked"", ""2"": ""blocked""}}"
2025-03-29 16:07:38,"{""gw-1"": {""1"": ""blocked"", ""2"": ""blocked""}}"
2025-03-29 16:07:39,"{""gw-2"": {""1"": ""blocked"", ""2"": ""blocked""}}"
2025-03-29 16:07:40,"{""gw-1"": {""1"": ""blocked"", ""2"": ""blocked""}}"
2025-03-29 16:07:40,"{""gw-1"": {""1"": ""blocked"", ""2"": ""blocked""}}"
2025-03-29 16:07:41,"{""gw-1"": {""1"": ""blocked"", ""2"": ""blocked""}}"
2025-03-29 16:07:46,"{""gw-4"": {""1"": ""conflict"", ""2"": ""conflict""}}"
2025-03-29 16:07:48,"{""gw-3"": {""1"": ""blocked"", ""2"": ""conflict""}, ""gw-4"": {""1"": ""blocked"", ""2"": ""blocked""}}"
2025-03-29 16:07:53,"{""gw-1"": {""1"": ""blocked"", ""2"": ""blocked""}, ""gw-3"": {""1"": ""blocked"", ""2"": ""blocked""}, ""gw-4"": {""1"": ""blocked"", ""2"": ""blocked""}}"
2025-03-29 16:07:56,"{""gw-4"": {""1"": ""blocked"", ""2"": ""blocked""}, ""gw-3"": {""1"": ""blocked"", ""2"": ""blocked""}}"
2025-03-29 16:07:57,"{""gw-2"": {""1"": ""blocked"", ""2"": ""blocked""}}"
2025-03-29 16:07:58,"{""gw-4"": {""1"": ""conflict"", ""2"": ""conflict""}}"
2025-03-29 16:07:59,"{""gw-2"": {""1"": ""blocked"", ""2"": ""blocked""}}"
2025-03-29 16:08:00,"{""gw-2"": {""1"": ""blocked"", ""2"": ""blocked""}}"
2025-03-29 16:08:01,"{""gw-2"": {""1"": ""blocked"", ""2"": ""blocked""}}"
2025-03-29 16:08:01,"{""gw-4"": {""1"": ""blocked"", ""2"": ""blocked""}, ""gw-2"": {""1"": ""blocked"", ""2"": ""blocked""}}"
2025-03-29 16:08:07,"{""gw-4"": {""1"": ""blocked"", ""2"": ""blocked""}, ""gw-3"": {""1"": ""conflict"", ""2"": ""conflict""}}"
2025-03-29 16:08:11,"{""gw-1"": {""1"": ""blocked"", ""2"": ""conflict""}}"
2025-03-29 16:08:12,"{""gw-2"": {""1"": ""conflict"", ""2"": ""blocked""}}"
2025-03-29 16:08:14,"{""gw-3"": {""1"": ""blocked"", ""2"": ""blocked""}}"
2025-03-29 16:08:15,"{""gw-3"": {""1"": ""blocked"", ""2"": ""blocked""}}"
2025-03-29 16:08:15,"{""gw-4"": {""1"": ""blocked"", ""2"": ""blocked""}, ""gw-2"": {""1"": ""blocked"", ""2"": ""blocked""}, ""gw-1"": {""1"": ""blocked"", ""2"": ""blocked""}}"
2025-03-29 16:08:15,"{""gw-3"": {""1"": ""blocked"", ""2"": ""blocked""}}"
2025-03-29 16:08:16,"{""gw-4"": {""1"": ""blocked"", ""2"": ""blocked""}}"
2025-03-29 16:08:23,"{""gw-3"": {""1"": ""conflict"", ""2"": ""blocked""}}"
2025-03-29 16:08:24,"{""gw-3"": {""1"": ""blocked"", ""2"": ""blocked""}, ""gw-1"": {""1"": ""blocked"", ""2"": ""conflict""}}"
2025-03-29 16:08:25,"{""gw-3"": {""1"": ""blocked"", ""2"": ""blocked""}}"
2025-03-29 16:08:28,"{""gw-4"": {""1"": ""conflict"", ""2"": ""conflict""}}"
2025-03-29 16:08:29,"{""gw-1"": {""1"": ""blocked"", ""2"": ""blocked""}}"
2025-03-29 16:08:29,"{""gw-2"": {""1"": ""blocked"", ""2"": ""blocked""}}"
2025-03-29 16:08:30,"{""gw-2"": {""1"": ""blocked"", ""2"": ""blocked""}, ""gw-1"": {""1"": ""blocked"", ""2"": ""blocked""}}"
2025-03-29 16:08:33,"{""gw-2"": {""1"": ""blocked"", ""2"": ""blocked""}, ""gw-4"": {""1"": ""blocked"", ""2"": ""blocked""}}"
2025-03-29 16:08:34,"{""gw-4"": {""1"": ""blocked"", ""2"": ""blocked""}}"
2025-03-29 16:08:36,"{""gw-1"": {""1"": ""blocked"", ""2"": ""conflict""}, ""gw-2"": {""1"": ""blocked"", ""2"": ""blocked""}}"
2025-03-29 16:08:46,"{""gw-2"": {""1"": ""conflict"", ""2"": ""blocked""}}"
2025-03-29 16:08:55,"{""gw-1"": {""1"": ""conflict"", ""2"": ""blocked""}}"
2025-03-29 16:08:56,"{""gw-2"": {""1"": ""blocked"", ""2"": ""blocked""}, ""gw-4"": {""1"": ""blocked"", ""2"": ""blocked""}}"
2025-03-29 16:08:57,"{""gw-4"": {""1"": ""blocked"", ""2"": ""blocked""}}"
2025-03-29 16:09:01,"{""gw-2"": {""1"": ""conflict"", ""2"": ""blocked""}}"
2025-03-29 16:09:10,"{""gw-2"": {""1"": ""conflict"", ""2"": ""blocked""}}"
2025-03-29 16:09:11,"{""gw-3"": {""1"": ""blocked"", ""2"": ""conflict""}, ""gw-2"": {""1"": ""conflict"", ""2"": ""blocked""}, ""gw-4"": {""1"": ""blocked"", ""2"": ""blocked""}}"
2025-03-29 16:09:13,"{""gw-1"": {""1"": ""blocked"", ""2"": ""blocked""}, ""gw-3"": {""1"": ""blocked"", ""2"": ""blocked""}}"
2025-03-29 16:09:15,"{""gw-3"": {""1"": ""blocked"", ""2"": ""blocked""}}"
2025-03-29 16:09:16,"{""gw-1"": {""1"": ""blocked"", ""2"": ""blocked""}}"
2025-03-29 16:09:16,"{""gw-2"": {""1"": ""blocked"", ""2"": ""blocked""}}"
2025-03-29 16:09:17,"{""gw-1"": {""1"": ""blocked"", ""2"": ""blocked""}}"
2025-03-29 16:09:20,"{""gw-3"": {""1"": ""blocked"", ""2"": ""blocked""}}"
2025-03-29 16:09:24,"{""gw-3"": {""1"": ""blocked"", ""2"": ""conflict""}}"
2025-03-29 16:09:25,"{""gw-1"": {""1"": ""conflict"", ""2"": ""blocked""}}"
2025-03-29 16:09:28,"{""gw-2"": {""1"": ""blocked"", ""2"": ""blocked""}, ""gw-1"": {""1"": ""blocked"", ""2"": ""blocked""}}"
2025-03-29 16:09:31,"{""gw-3"": {""1"": ""blocked"", ""2"": ""blocked""}}"
2025-03-29 16:09:32,"{""gw-3"": {""1"": ""blocked"", ""2"": ""blocked""}, ""gw-1"": {""1"": ""blocked"", ""2"": ""blocked""}}"
2025-03-29 16:09:33,"{""gw-1"": {""1"": ""blocked"", ""2"": ""blocked""}, ""gw-2"": {""1"": ""blocked"", ""2"": ""blocked""}}"
2025-03-29 16:09:33,"{""gw-2"": {""1"": ""blocked"", ""2"": ""blocked""}, ""gw-3"": {""1"": ""blocked"", ""2"": ""blocked""}}"
2025-03-29 16:09:36,"{""gw-4"": {""1"": ""blocked"", ""2"": ""conflict""}}"
2025-03-29 16:09:43,"{""gw-1"": {""1"": ""blocked"", ""2"": ""blocked""}}"
2025-03-29 16:09:43,"{""gw-1"": {""1"": ""blocked"", ""2"": ""blocked""}}"
2025-03-29 16:09:46,"{""gw-2"": {""1"": ""blocked"", ""2"": ""blocked""}, ""gw-4"": {""1"": ""blocked"", ""2"": ""blocked""}}"
2025-03-29 16:09:49,"{""gw-1"": {""1"": ""conflict"", ""2"": ""conflict""}, ""gw-2"": {""1"": ""blocked"", ""2"": ""blocked""}, ""gw-3"": {""1"": ""blocked"", ""2"": ""blocked""}}"
2025-03-29 16:09:49,"{""gw-1"": {""1"": ""conflict"", ""2"": ""blocked""}, ""gw-3"": {""1"": ""blocked"", ""2"": ""blocked""}}"
2025-03-29 16:09:50,"{""gw-4"": {""1"": ""blocked"", ""2"": ""conflict""}, ""gw-3"": {""1"": ""blocked"", ""2"": ""blocked""}}"
2025-03-29 16:09:51,"{""gw-2"": {""1"": ""blocked"", ""2"": ""blocked""}}"
2025-03-29 16:09:51,"{""gw-3"": {""1"": ""blocked"", ""2"": ""blocked""}, ""gw-1"": {""1"": ""blocked"", ""2"": ""blocked""}}"
2025-03-29 16:09:54,"{""gw-2"": {""1"": ""conflict"", ""2"": ""blocked""}}"
2025-03-29 16:09:57,"{""gw-4"": {""1"": ""blocked"", ""2"": ""blocked""}}"
2025-03-29 16:09:58,"{""gw-1"": {""1"": ""blocked"", ""2"": ""blocked""}}"
2025-03-29 16:10:01,"{""gw-2"": {""1"": ""blocked"", ""2"": ""blocked""}, ""gw-3"": {""1"": ""blocked"", ""2"": ""blocked""}}"
2025-03-29 16:10:01,"{""gw-3"": {""1"": ""blocked"", ""2"": ""blocked""}, ""gw-4"": {""1"": ""blocked"", ""2"": ""blocked""}}"
2025-03-29 16:10:02,"{""gw-2"": {""1"": ""blocked"", ""2"": ""blocked""}}"
2025-03-29 16:10:03,"{""gw-2"": {""1"": ""blocked"", ""2"": ""blocked""}, ""gw-3"": {""1"": ""blocked"", ""2"": ""blocked""}}"
2025-03-29 16:10:05,"{""gw-1"": {""1"": ""blocked"", ""2"": ""blocked""}}"
2025-03-29 16:10:06,"{""gw-1"": {""1"": ""blocked"", ""2"": ""blocked""}, ""gw-2"": {""1"": ""conflict"", ""2"": ""conflict""}}"
2025-03-29 16:10:07,"{""gw-1"": {""1"": ""blocked"", ""2"": ""blocked""}, ""gw-4"": {""1"": ""blocked"", ""2"": ""blocked""}, ""gw-2"": {""1"": ""conflict"", ""2"": ""blocked""}}"
2025-03-29 16:10:07,"{""gw-1"": {""1"": ""blocked"", ""2"": ""blocked""}}"
2025-03-29 16:10:08,"{""gw-3"": {""1"": ""blocked"", ""2"": ""blocked""}}"
2025-03-29 16:10:09,"{""gw-3"": {""1"": ""blocked"", ""2"": ""blocked""}, ""gw-2"": {""1"": ""blocked"", ""2"": ""blocked""}}"
2025-03-29 16:10:10,"{""gw-1"": {""1"": ""blocked"", ""2"": ""blocked""}}"
2025-03-29 16:10:10,"{""gw-3"": {""1"": ""blocked"", ""2"": ""blocked""}}"
2025-03-29 16:10:13,"{""gw-2"": {""1"": ""blocked"", ""2"": ""blocked""}}"
2025-03-29 16:10:18,"{""gw-1"": {""1"": ""blocked"", ""2"": ""blocked""}, ""gw-4"": {""1"": ""blocked"", ""2"": ""blocked""}}"
2025-03-29 16:10:18,"{""gw-3"": {""1"": ""conflict"", ""2"": ""blocked""}}"
2025-03-29 16:10:21,"{""gw-2"": {""1"": ""conflict"", ""2"": ""blocked""}}"
2025-03-29 16:10:22,"{""gw-1"": {""1"": ""blocked"", ""2"": ""blocked""}, ""gw-4"": {""1"": ""blocked"", ""2"": ""blocked""}}"
2025-03-29 16:10:22,"{""gw-3"": {""1"": ""blocked"", ""2"": ""blocked""}}"
2025-03-29 16:10:24,"{""gw-4"": {""1"": ""blocked"", ""2"": ""blocked""}, ""gw-3"": {""1"": ""blocked"", ""2"": ""blocked""}}"
2025-03-29 16:10:25,"{""gw-4"": {""1"": ""blocked"", ""2"": ""blocked""}, ""gw-1"": {""1"": ""blocked"", ""2"": ""blocked""}}"
2025-03-29 16:10:25,"{""gw-1"": {""1"": ""blocked"", ""2"": ""blocked""}}"
2025-03-29 16:10:28,"{""gw-2"": {""1"": ""blocked"", ""2"": ""blocked""}}"
2025-03-29 16:10:32,"{""gw-2"": {""1"": ""conflict"", ""2"": ""conflict""}, ""gw-1"": {""1"": ""blocked"", ""2"": ""blocked""}}"
2025-03-29 16:10:33,"{""gw-3"": {""1"": ""blocked"", ""2"": ""blocked""}, ""gw-2"": {""1"": ""conflict"", ""2"": ""blocked""}}"
2025-03-29 16:10:35,"{""gw-1"": {""1"": ""blocked"", ""2"": ""blocked""}}"
2025-03-29 16:10:35,"{""gw-2"": {""1"": ""blocked"", ""2"": ""blocked""}, ""gw-3"": {""1"": ""blocked"", ""2"": ""blocked""}}"
2025-03-29 16:10:36,"{""gw-2"": {""1"": ""blocked"", ""2"": ""blocked""}}"
2025-03-29 16:10:36,"{""gw-3"": {""1"": ""blocked"", ""2"": ""blocked""}, ""gw-1"": {""1"": ""blocked"", ""2"": ""blocked""}, ""gw-2"": {""1"": ""blocked"", ""2"": ""blocked""}}"
2025-03-29 16:10:36,"{""gw-3"": {""1"": ""blocked"", ""2"": ""blocked""}, ""gw-2"": {""1"": ""blocked"", ""2"": ""blocked""}, ""gw-4"": {""1"": ""blocked"", ""2"": ""blocked""}}"
2025-03-29 16:10:38,"{""gw-2"": {""1"": ""blocked"", ""2"": ""blocked""}}"
2025-03-29 16:10:38,"{""gw-2"": {""1"": ""blocked"", ""2"": ""blocked""}}"
2025-03-29 16:10:38,"{""gw-4"": {""1"": ""blocked"", ""2"": ""blocked""}, ""gw-3"": {""1"": ""blocked"", ""2"": ""blocked""}}"
2025-03-29 16:10:39,"{""gw-1"": {""1"": ""conflict"", ""2"": ""blocked""}, ""gw-2"": {""1"": ""blocked"", ""2"": ""blocked""}, ""gw-4"": {""1"": ""blocked"", ""2"": ""blocked""}}"
2025-03-29 16:10:41,"{""gw-2"": {""1"": ""blocked"", ""2"": ""blocked""}}"
2025-03-29 16:10:42,"{""gw-1"": {""1"": ""blocked"", ""2"": ""blocked""}}"
2025-03-29 16:10:46,"{""gw-3"": {""1"": ""conflict"", ""2"": ""blocked""}, ""gw-1"": {""1"": ""blocked"", ""2"": ""blocked""}, ""gw-4"": {""1"": ""blocked"", ""2"": ""blocked""}}"
2025-03-29 16:10:47,"{""gw-1"": {""1"": ""blocked"", ""2"": ""blocked""}}"
2025-03-29 16:10:47,"{""gw-1"": {""1"": ""blocked"", ""2"": ""blocked""}}"
2025-03-29 16:10:49,"{""gw-4"": {""1"": ""blocked"", ""2"": ""blocked""}, ""gw-1"": {""1"": ""blocked"", ""2"": ""conflict""}}"
2025-03-29 16:10:51,"{""gw-1"": {""1"": ""conflict"", ""2"": ""blocked""}}"
2025-03-29 16:10:56,"{""gw-1"": {""1"": ""blocked"", ""2"": ""blocked""}}"
2025-03-29 16:10:59,"{""gw-4"": {""1"": ""blocked"", ""2"": ""blocked""}}"
2025-03-29 16:11:00,"{""gw-1"": {""1"": ""blocked"", ""2"": ""blocked""}}"
2025-03-29 16:11:04,"{""gw-4"": {""1"": ""blocked"", ""2"": ""blocked""}, ""gw-2"": {""1"": ""blocked"", ""2"": ""blocked""}}"
2025-03-29 16:11:04,"{""gw-3"": {""1"": ""blocked"", ""2"": ""blocked""}}"
2025-03-29 16:11:05,"{""gw-1"": {""1"": ""blocked"", ""2"": ""blocked""}, ""gw-4"": {""1"": ""blocked"", ""2"": ""blocked""}, ""gw-2"": {""1"": ""blocked"", ""2"": ""blocked""}}"
2025-03-29 16:11:06,"{""gw-1"": {""1"": ""blocked"", ""2"": ""blocked""}, ""gw-4"": {""1"": ""blocked"", ""2"": ""blocked""}}"
2025-03-29 16:11:06,"{""gw-2"": {""1"": ""blocked"", ""2"": ""blocked""}, ""gw-4"": {""1"": ""blocked"", ""2"": ""blocked""}}"
2025-03-29 16:11:09,"{""gw-3"": {""1"": ""blocked"", ""2"": ""blocked""}, ""gw-1"": {""1"": ""blocked"", ""2"": ""blocked""}}"
2025-03-29 16:11:09,"{""gw-1"": {""1"": ""blocked"", ""2"": ""blocked""}, ""gw-2"": {""1"": ""conflict"", ""2"": ""blocked""}}"
2025-03-29 16:11:10,"{""gw-2"": {""1"": ""conflict"", ""2"": ""blocked""}}"
2025-03-29 16:11:11,"{""gw-3"": {""1"": ""blocked"", ""2"": ""conflict""}}"
2025-03-29 16:11:28,"{""gw-2"": {""1"": ""blocked"", ""2"": ""blocked""}}"
2025-03-29 16:11:28,"{""gw-3"": {""1"": ""blocked"", ""2"": ""conflict""}, ""gw-2"": {""1"": ""blocked"", ""2"": ""blocked""}}"
2025-03-29 16:11:29,"{""gw-2"": {""1"": ""blocked"", ""2"": ""blocked""}}"
2025-03-29 16:11:29,"{""gw-4"": {""1"": ""blocked"", ""2"": ""blocked""}, ""gw-3"": {""1"": ""conflict"", ""2"": ""blocked""}, ""gw-1"": {""1"": ""blocked"", ""2"": ""conflict""}}"
2025-03-29 16:11:30,"{""gw-2"": {""1"": ""blocked"", ""2"": ""blocked""}, ""gw-4"": {""1"": ""blocked"", ""2"": ""blocked""}, ""gw-1"": {""1"": ""blocked"", ""2"": ""conflict""}}"
2025-03-29 16:11:30,"{""gw-4"": {""1"": ""blocked"", ""2"": ""blocked""}}"
2025-03-29 16:11:31,"{""gw-2"": {""1"": ""blocked"", ""2"": ""blocked""}}"
2025-03-29 16:11:50,"{""gw-4"": {""1"": ""conflict"", ""2"": ""conflict""}}"
2025-03-29 16:11:50,"{""gw-1"": {""1"": ""blocked"", ""2"": ""blocked""}}"
2025-03-29 16:11:50,"{""gw-4"": {""1"": ""conflict"", ""2"": ""blocked""}}"
2025-03-29 16:11:51,"{""gw-3"": {""1"": ""blocked"", ""2"": ""blocked""}, ""gw-1"": {""1"": ""blocked"", ""2"": ""blocked""}}"
2025-03-29 16:11:52,"{""gw-3"": {""1"": ""blocked"", ""2"": ""blocked""}}"
2025-03-29 16:11:55,"{""gw-4"": {""1"": ""blocked"", ""2"": ""blocked""}}"
2025-03-29 16:12:03,"{""gw-1"": {""1"": ""blocked"", ""2"": ""blocked""}}"
2025-03-29 16:12:06,"{""gw-2"": {""1"": ""blocked"", ""2"": ""blocked""}, ""gw-3"": {""1"": ""blocked"", ""2"": ""conflict""}}"
2025-03-29 16:12:11,"{""gw-4"": {""1"": ""blocked"", ""2"": ""blocked""}}"
2025-03-29 16:12:11,"{""gw-4"": {""1"": ""blocked"", ""2"": ""blocked""}}"
2025-03-29 16:12:11,"{""gw-1"": {""1"": ""blocked"", ""2"": ""blocked""}, ""gw-4"": {""1"": ""blocked"", ""2"": ""blocked""}}"
2025-03-29 16:12:13,"{""gw-4"": {""1"": ""blocked"", ""2"": ""blocked""}, ""gw-3"": {""1"": ""blocked"", ""2"": ""blocked""}}"
2025-03-29 16:12:14,"{""gw-3"": {""1"": ""blocked"", ""2"": ""blocked""}}"
2025-03-29 16:12:15,"{""gw-3"": {""1"": ""blocked"", ""2"": ""blocked""}, ""gw-4"": {""1"": ""blocked"", ""2"": ""blocked""}, ""gw-1"": {""1"": ""blocked"", ""2"": ""blocked""}}"
2025-03-29 16:12:15,"{""gw-3"": {""1"": ""blocked"", ""2"": ""blocked""}, ""gw-1"": {""1"": ""blocked"", ""2"": ""blocked""}}"
2025-03-29 16:12:17,"{""gw-2"": {""1"": ""conflict"", ""2"": ""blocked""}, ""gw-4"": {""1"": ""blocked"", ""2"": ""conflict""}}"
2025-03-29 16:12:17,"{""gw-3"": {""1"": ""blocked"", ""2"": ""blocked""}}"
2025-03-29 16:12:18,"{""gw-4"": {""1"": ""conflict"", ""2"": ""blocked""}, ""gw-1"": {""1"": ""blocked"", ""2"": ""blocked""}}"
2025-03-29 16:12:21,"{""gw-4"": {""1"": ""blocked"", ""2"": ""blocked""}}"
2025-03-29 16:12:23,"{""gw-1"": {""1"": ""blocked"", ""2"": ""blocked""}}"
2025-03-29 16:12:24,"{""gw-2"": {""1"": ""blocked"", ""2"": ""blocked""}}"
2025-03-29 16:12:25,"{""gw-4"": {""1"": ""blocked"", ""2"": ""blocked""}}"
2025-03-29 16:12:29,"{""gw-2"": {""1"": ""blocked"", ""2"": ""conflict""}, ""gw-3"": {""1"": ""blocked"", ""2"": ""blocked""}}"
2025-03-29 16:12:29,"{""gw-1"": {""1"": ""blocked"", ""2"": ""blocked""}, ""gw-4"": {""1"": ""conflict"", ""2"": ""conflict""}}"
2025-03-29 16:12:29,"{""gw-3"": {""1"": ""blocked"", ""2"": ""blocked""}, ""gw-2"": {""1"": ""blocked"", ""2"": ""conflict""}, ""gw-1"": {""1"": ""blocked"", ""2"": ""blocked""}}"
2025-03-29 16:12:31,"{""gw-3"": {""1"": ""blocked"", ""2"": ""blocked""}, ""gw-1"": {""1"": ""blocked"", ""2"": ""blocked""}}"
2025-03-29 16:12:35,"{""gw-4"": {""1"": ""blocked"", ""2"": ""blocked""}}"
2025-03-29 16:12:35,"{""gw-2"": {""1"": ""blocked"", ""2"": ""blocked""}}"
2025-03-29 16:12:38,"{""gw-2"": {""1"": ""blocked"", ""2"": ""blocked""}}"
2025-03-29 16:12:53,"{""gw-3"": {""1"": ""blocked"", ""2"": ""conflict""}}"
2025-03-29 16:12:56,"{""gw-4"": {""1"": ""conflict"", ""2"": ""conflict""}}"
2025-03-29 16:12:57,"{""gw-4"": {""1"": ""conflict"", ""2"": ""blocked""}}"
2025-03-29 16:13:00,"{""gw-4"": {""1"": ""blocked"", ""2"": ""blocked""}, ""gw-1"": {""1"": ""conflict"", ""2"": ""blocked""}}"
2025-03-29 16:13:02,"{""gw-1"": {""1"": ""blocked"", ""2"": ""blocked""}}"
2025-03-29 16:13:03,"{""gw-1"": {""1"": ""blocked"", ""2"": ""blocked""}, ""gw-4"": {""1"": ""blocked"", ""2"": ""blocked""}}"
2025-03-29 16:13:04,"{""gw-4"": {""1"": ""blocked"", ""2"": ""blocked""}, ""gw-2"": {""1"": ""blocked"", ""2"": ""blocked""}}"
2025-03-29 16:13:07,"{""gw-2"": {""1"": ""conflict"", ""2"": ""conflict""}}"
2025-03-29 16:13:10,"{""gw-2"": {""1"": ""blocked"", ""2"": ""blocked""}, ""gw-3"": {""1"": ""blocked"", ""2"": ""blocked""}}"
2025-03-29 16:13:11,"{""gw-1"": {""1"": ""blocked"", ""2"": ""conflict""}}"
2025-03-29 16:13:17,"{""gw-4"": {""1"": ""blocked"", ""2"": ""blocked""}}"
2025-03-29 16:13:17,"{""gw-4"": {""1"": ""blocked"", ""2"": ""blocked""}, ""gw-2"": {""1"": ""blocked"", ""2"": ""blocked""}}"
2025-03-29 16:13:18,"{""gw-3"": {""1"": ""blocked"", ""2"": ""blocked""}, ""gw-1"": {""1"": ""blocked"", ""2"": ""blocked""}}"
2025-03-29 16:13:22,"{""gw-4"": {""1"": ""blocked"", ""2"": ""blocked""}, ""gw-1"": {""1"": ""blocked"", ""2"": ""blocked""}}"
2025-03-29 16:13:25,"{""gw-2"": {""1"": ""conflict"", ""2"": ""blocked""}, ""gw-4"": {""1"": ""blocked"", ""2"": ""conflict""}}"
2025-03-29 16:13:27,"{""gw-2"": {""1"": ""blocked"", ""2"": ""blocked""}, ""gw-1"": {""1"": ""blocked"", ""2"": ""conflict""}}"
2025-03-29 16:13:28,"{""gw-4"": {""1"": ""blocked"", ""2"": ""blocked""}}"
2025-03-29 16:13:30,"{""gw-3"": {""1"": ""blocked"", ""2"": ""blocked""}}"
2025-03-29 16:13:30,"{""gw-2"": {""1"": ""blocked"", ""2"": ""blocked""}}"
2025-03-29 16:13:31,"{""gw-2"": {""1"": ""blocked"", ""2"": ""blocked""}, ""gw-4"": {""1"": ""blocked"", ""2"": ""blocked""}}"
2025-03-29 16:13:31,"{""gw-2"": {""1"": ""blocked"", ""2"": ""blocked""}}"
2025-03-29 16:13:36,"{""gw-1"": {""1"": ""blocked"", ""2"": ""blocked""}}"
2025-03-29 16:13:39,"{""gw-4"": {""1"": ""conflict"", ""2"": ""blocked""}}"
2025-03-29 16:13:46,"{""gw-2"": {""1"": ""blocked"", ""2"": ""conflict""}, ""gw-3"": {""1"": ""blocked"", ""2"": ""blocked""}, ""gw-4"": {""1"": ""blocked"", ""2"": ""blocked""}}"
2025-03-29 16:13:47,"{""gw-1"": {""1"": ""blocked"", ""2"": ""blocked""}}"
2025-03-29 16:13:47,"{""gw-3"": {""1"": ""blocked"", ""2"": ""blocked""}, ""gw-1"": {""1"": ""blocked"", ""2"": ""blocked""}}"
2025-03-29 16:13:49,"{""gw-3"": {""1"": ""blocked"", ""2"": ""blocked""}, ""gw-1"": {""1"": ""blocked"", ""2"": ""blocked""}}"
2025-03-29 16:13:52,"{""gw-2"": {""1"": ""blocked"", ""2"": ""blocked""}, ""gw-3"": {""1"": ""blocked"", ""2"": ""conflict""}}"
2025-03-29 16:13:54,"{""gw-1"": {""1"": ""conflict"", ""2"": ""blocked""}, ""gw-4"": {""1"": ""blocked"", ""2"": ""blocked""}, ""gw-3"": {""1"": ""conflict"", ""2"": ""blocked""}}"
2025-03-29 16:13:55,"{""gw-2"": {""1"": ""blocked"", ""2"": ""blocked""}}"
2025-03-29 16:13:55,"{""gw-4"": {""1"": ""blocked"", ""2"": ""blocked""}}"
2025-03-29 16:13:56,"{""gw-2"": {""1"": ""blocked"", ""2"": ""blocked""}, ""gw-4"": {""1"": ""blocked"", ""2"": ""blocked""}}"
2025-03-29 16:13:57,"{""gw-1"": {""1"": ""blocked"", ""2"": ""blocked""}, ""gw-4"": {""1"": ""blocked"", ""2"": ""blocked""}}"
2025-03-29 16:13:58,"{""gw-4"": {""1"": ""blocked"", ""2"": ""blocked""}, ""gw-1"": {""1"": ""blocked"", ""2"": ""blocked""}}"
2025-03-29 16:14:00,"{""gw-3"": {""1"": ""blocked"", ""2"": ""blocked""}}"
2025-03-29 16:14:00,"{""gw-1"": {""1"": ""blocked"", ""2"": ""blocked""}}"
2025-03-29 16:14:01,"{""gw-2"": {""1"": ""conflict"", ""2"": ""blocked""}, ""gw-3"": {""1"": ""blocked"", ""2"": ""blocked""}}"
2025-03-29 16:14:01,"{""gw-1"": {""1"": ""blocked"", ""2"": ""blocked""}, ""gw-2"": {""1"": ""conflict"", ""2"": ""blocked""}, ""gw-3"": {""1"": ""blocked"", ""2"": ""blocked""}}"
2025-03-29 16:14:01,"{""gw-3"": {""1"": ""blocked"", ""2"": ""blocked""}}"
2025-03-29 16:14:03,"{""gw-2"": {""1"": ""blocked"", ""2"": ""blocked""}, ""gw-3"": {""1"": ""blocked"", ""2"": ""blocked""}}"
2025-03-29 16:14:04,"{""gw-1"": {""1"": ""blocked"", ""2"": ""conflict""}, ""gw-2"": {""1"": ""blocked"", ""2"": ""blocked""}}"
2025-03-29 16:14:07,"{""gw-2"": {""1"": ""blocked"", ""2"": ""blocked""}, ""gw-4"": {""1"": ""blocked"", ""2"": ""blocked""}, ""gw-3"": {""1"": ""blocked"", ""2"": ""conflict""}}"
2025-03-29 16:14:07,"{""gw-4"": {""1"": ""blocked"", ""2"": ""blocked""}}"
2025-03-29 16:14:08,"{""gw-3"": {""1"": ""conflict"", ""2"": ""conflict""}, ""gw-2"": {""1"": ""blocked"", ""2"": ""blocked""}}"
2025-03-29 16:14:08,"{""gw-3"": {""1"": ""conflict"", ""2"": ""blocked""}, ""gw-2"": {""1"": ""blocked"", ""2"": ""blocked""}}"
2025-03-29 16:14:09,"{""gw-1"": {""1"": ""blocked"", ""2"": ""blocked""}, ""gw-2"": {""1"": ""blocked"", ""2"": ""blocked""}}"
2025-03-29 16:14:09,"{""gw-1"": {""1"": ""blocked"", ""2"": ""blocked""}}"
2025-03-29 16:14:09,"{""gw-1"": {""1"": ""blocked"", ""2"": ""blocked""}}"
2025-03-29 16:14:11,"{""gw-4"": {""1"": ""blocked"", ""2"": ""blocked""}}"
2025-03-29 16:14:12,"{""gw-3"": {""1"": ""blocked"", ""2"": ""blocked""}}"
2025-03-29 16:14:17,"{""gw-2"": {""1"": ""conflict"", ""2"": ""conflict""}}"
2025-03-29 16:14:17,"{""gw-2"": {""1"": ""conflict"", ""2"": ""blocked""}}"
2025-03-29 16:14:18,"{""gw-1"": {""1"": ""blocked"", ""2"": ""conflict""}}"
2025-03-29 16:14:20,"{""gw-4"": {""1"": ""blocked"", ""2"": ""blocked""}}"
2025-03-29 16:14:22,"{""gw-2"": {""1"": ""blocked"", ""2"": ""blocked""}}"
2025-03-29 16:14:23,"{""gw-4"": {""1"": ""blocked"", ""2"": ""blocked""}, ""gw-1"": {""1"": ""blocked"", ""2"": ""blocked""}}"
2025-03-29 16:14:29,"{""gw-3"": {""1"": ""blocked"", ""2"": ""blocked""}}"
2025-03-29 16:14:33,"{""gw-1"": {""1"": ""blocked"", ""2"": ""conflict""}, ""gw-4"": {""1"": ""blocked"", ""2"": ""blocked""}}"
2025-03-29 16:14:36,"{""gw-2"": {""1"": ""blocked"", ""2"": ""blocked""}, ""gw-1"": {""1"": ""blocked"", ""2"": ""blocked""}}"
2025-03-29 16:14:37,"{""gw-1"": {""1"": ""blocked"", ""2"": ""blocked""}, ""gw-2"": {""1"": ""blocked"", ""2"": ""blocked""}}"
2025-03-29 16:14:40,"{""gw-1"": {""1"": ""blocked"", ""2"": ""blocked""}, ""gw-3"": {""1"": ""blocked"", ""2"": ""blocked""}}"
2025-03-29 16:14:42,"{""gw-1"": {""1"": ""blocked"", ""2"": ""blocked""}}"
2025-03-29 16:14:44,"{""gw-2"": {""1"": ""conflict"", ""2"": ""conflict""}}"
2025-03-29 16:14:47,"{""gw-4"": {""1"": ""blocked"", ""2"": ""blocked""}}"
2025-03-29 16:14:48,"{""gw-4"": {""1"": ""blocked"", ""2"": ""blocked""}, ""gw-3"": {""1"": ""conflict"", ""2"": ""conflict""}}"
2025-03-29 16:14:50,"{""gw-4"": {""1"": ""blocked"", ""2"": ""blocked""}, ""gw-2"": {""1"": ""blocked"", ""2"": ""blocked""}}"
2025-03-29 16:14:51,"{""gw-2"": {""1"": ""blocked"", ""2"": ""blocked""}, ""gw-4"": {""1"": ""blocked"", ""2"": ""blocked""}}"
2025-03-29 16:14:51,"{""gw-2"": {""1"": ""blocked"", ""2"": ""blocked""}, ""gw-3"": {""1"": ""blocked"", ""2"": ""blocked""}}"
2025-03-29 16:14:51,"{""gw-1"": {""1"": ""blocked"", ""2"": ""blocked""}}"
2025-03-29 16:14:51,"{""gw-3"": {""1"": ""blocked"", ""2"": ""blocked""}, ""gw-4"": {""1"": ""blocked"", ""2"": ""blocked""}, ""gw-2"": {""1"": ""blocked"", ""2"": ""blocked""}}"
2025-03-29 16:14:52,"{""gw-4"": {""1"": ""blocked"", ""2"": ""blocked""}, ""gw-1"": {""1"": ""blocked"", ""2"": ""blocked""}, ""gw-2"": {""1"": ""blocked"", ""2"": ""blocked""}}"
2025-03-29 16:14:52,"{""gw-4"": {""1"": ""blocked"", ""2"": ""blocked""}, ""gw-2"": {""1"": ""blocked"", ""2"": ""blocked""}}"
2025-03-29 16:14:53,"{""gw-3"": {""1"": ""blocked"", ""2"": ""blocked""}, ""gw-1"": {""1"": ""blocked"", ""2"": ""blocked""}, ""gw-2"": {""1"": ""blocked"", ""2"": ""blocked""}}"
2025-03-29 16:14:56,"{""gw-2"": {""1"": ""blocked"", ""2"": ""conflict""}}"
2025-03-29 16:15:00,"{""gw-2"": {""1"": ""blocked"", ""2"": ""blocked""}, ""gw-4"": {""1"": ""blocked"", ""2"": ""blocked""}}"
2025-03-29 16:15:01,"{""gw-4"": {""1"": ""blocked"", ""2"": ""blocked""}}"
2025-03-29 16:15:02,"{""gw-1"": {""1"": ""blocked"", ""2"": ""conflict""}, ""gw-4"": {""1"": ""blocked"", ""2"": ""blocked""}}"
2025-03-29 16:15:03,"{""gw-3"": {""1"": ""conflict"", ""2"": ""conflict""}, ""gw-2"": {""1"": ""blocked"", ""2"": ""blocked""}}"
2025-03-29 16:15:04,"{""gw-4"": {""1"": ""blocked"", ""2"": ""blocked""}}"
2025-03-29 16:15:04,"{""gw-2"": {""1"": ""blocked"", ""2"": ""blocked""}}"
2025-03-29 16:15:05,"{""gw-2"": {""1"": ""blocked"", ""2"": ""blocked""}, ""gw-4"": {""1"": ""blocked"", ""2"": ""blocked""}}"
2025-03-29 16:15:10,"{""gw-3"": {""1"": ""blocked"", ""2"": ""blocked""}, ""gw-4"": {""1"": ""blocked"", ""2"": ""blocked""}}"
2025-03-29 16:15:11,"{""gw-4"": {""1"": ""blocked"", ""2"": ""blocked""}, ""gw-1"": {""1"": ""blocked"", ""2"": ""blocked""}}"
2025-03-29 16:15:12,"{""gw-4"": {""1"": ""blocked"", ""2"": ""blocked""}}"
2025-03-29 16:15:13,"{""gw-2"": {""1"": ""blocked"", ""2"": ""conflict""}, ""gw-3"": {""1"": ""blocked"", ""2"": ""blocked""}}"
2025-03-29 16:15:23,"{""gw-3"": {""1"": ""blocked"", ""2"": ""conflict""}}"
2025-03-29 16:15:23,"{""gw-2"": {""1"": ""blocked"", ""2"": ""blocked""}}"
2025-03-29 16:15:24,"{""gw-1"": {""1"": ""blocked"", ""2"": ""blocked""}}"
2025-03-29 16:15:24,"{""gw-1"": {""1"": ""blocked"", ""2"": ""blocked""}, ""gw-3"": {""1"": ""conflict"", ""2"": ""blocked""}}"
2025-03-29 16:15:25,"{""gw-2"": {""1"": ""conflict"", ""2"": ""blocked""}}"
2025-03-29 16:15:28,"{""gw-4"": {""1"": ""blocked"", ""2"": ""blocked""}, ""gw-2"": {""1"": ""blocked"", ""2"": ""blocked""}}"
2025-03-29 16:15:28,"{""gw-4"": {""1"": ""blocked"", ""2"": ""blocked""}}"
2025-03-29 16:15:29,"{""gw-3"": {""1"": ""blocked"", ""2"": ""blocked""}}"
2025-03-29 16:15:33,"{""gw-3"": {""1"": ""blocked"", ""2"": ""blocked""}}"
2025-03-29 16:15:33,"{""gw-2"": {""1"": ""blocked"", ""2"": ""blocked""}, ""gw-3"": {""1"": ""blocked"", ""2"": ""blocked""}}"
2025-03-29 16:15:37,"{""gw-2"": {""1"": ""conflict"", ""2"": ""conflict""}, ""gw-1"": {""1"": ""blocked"", ""2"": ""blocked""}}"
2025-03-29 16:15:40,"{""gw-3"": {""1"": ""conflict"", ""2"": ""conflict""}}"
2025-03-29 16:15:42,"{""gw-3"": {""1"": ""blocked"", ""2"": ""blocked""}, ""gw-2"": {""1"": ""blocked"", ""2"": ""blocked""}}"
2025-03-29 16:15:46,"{""gw-2"": {""1"": ""blocked"", ""2"": ""blocked""}}"
2025-03-29 16:15:48,"{""gw-1"": {""1"": ""blocked"", ""2"": ""blocked""}}"
2025-03-29 16:15:54,"{""gw-4"": {""1"": ""conflict"", ""2"": ""blocked""}}"
2025-03-29 16:15:54,"{""gw-4"": {""1"": ""blocked"", ""2"": ""blocked""}}"
2025-03-29 16:15:55,"{""gw-2"": {""1"": ""blocked"", ""2"": ""blocked""}}"
2025-03-29 16:15:56,"{""gw-2"": {""1"": ""blocked"", ""2"": ""blocked""}, ""gw-4"": {""1"": ""blocked"", ""2"": ""blocked""}}"
2025-03-29 16:16:00,"{""gw-4"": {""1"": ""conflict"", ""2"": ""conflict""}}"
2025-03-29 16:16:05,"{""gw-3"": {""1"": ""blocked"", ""2"": ""blocked""}, ""gw-1"": {""1"": ""blocked"", ""2"": ""blocked""}}"
2025-03-29 16:16:05,"{""gw-4"": {""1"": ""blocked"", ""2"": ""blocked""}, ""gw-3"": {""1"": ""blocked"", ""2"": ""blocked""}}"
2025-03-29 16:16:05,"{""gw-2"": {""1"": ""blocked"", ""2"": ""blocked""}, ""gw-1"": {""1"": ""blocked"", ""2"": ""blocked""}, ""gw-4"": {""1"": ""blocked"", ""2"": ""blocked""}}"
2025-03-29 16:16:06,"{""gw-3"": {""1"": ""blocked"", ""2"": ""blocked""}}"
2025-03-29 16:16:07,"{""gw-1"": {""1"": ""blocked"", ""2"": ""blocked""}}"
2025-03-29 16:16:07,"{""gw-4"": {""1"": ""blocked"", ""2"": ""blocked""}, ""gw-2"": {""1"": ""blocked"", ""2"": ""blocked""}}"
2025-03-29 16:16:09,"{""gw-4"": {""1"": ""blocked"", ""2"": ""blocked""}}"
2025-03-29 16:16:10,"{""gw-3"": {""1"": ""blocked"", ""2"": ""blocked""}}"
2025-03-29 16:16:10,"{""gw-2"": {""1"": ""blocked"", ""2"": ""blocked""}, ""gw-3"": {""1"": ""blocked"", ""2"": ""blocked""}, ""gw-4"": {""1"": ""blocked"", ""2"": ""blocked""}}"
2025-03-29 16:16:11,"{""gw-4"": {""1"": ""blocked"", ""2"": ""blocked""}, ""gw-3"": {""1"": ""blocked"", ""2"": ""conflict""}}"
2025-03-29 16:16:12,"{""gw-4"": {""1"": ""blocked"", ""2"": ""blocked""}, ""gw-3"": {""1"": ""conflict"", ""2"": ""conflict""}, ""gw-2"": {""1"": ""blocked"", ""2"": ""blocked""}}"
2025-03-29 16:16:15,"{""gw-3"": {""1"": ""blocked"", ""2"": ""blocked""}}"
2025-03-29 16:16:18,"{""gw-3"": {""1"": ""blocked"", ""2"": ""blocked""}}"
2025-03-29 16:16:20,"{""gw-3"": {""1"": ""blocked"", ""2"": ""blocked""}, ""gw-4"": {""1"": ""blocked"", ""2"": ""blocked""}, ""gw-2"": {""1"": ""conflict"", ""2"": ""conflict""}}"
2025-03-29 16:16:20,"{""gw-2"": {""1"": ""conflict"", ""2"": ""blocked""}}"
2025-03-29 16:16:25,"{""gw-4"": {""1"": ""blocked"", ""2"": ""blocked""}}"
2025-03-29 16:16:29,"{""gw-2"": {""1"": ""blocked"", ""2"": ""blocked""}, ""gw-1"": {""1"": ""blocked"", ""2"": ""blocked""}}"
2025-03-29 16:16:33,"{""gw-3"": {""1"": ""blocked"", ""2"": ""blocked""}}"
2025-03-29 16:16:35,"{""gw-4"": {""1"": ""blocked"", ""2"": ""blocked""}}"
2025-03-29 16:16:37,"{""gw-4"": {""1"": ""blocked"", ""2"": ""blocked""}}"
2025-03-29 16:16:39,"{""gw-4"": {""1"": ""blocked"", ""2"": ""blocked""}}"
2025-03-29 16:16:39,"{""gw-1"": {""1"": ""blocked"", ""2"": ""blocked""}, ""gw-4"": {""1"": ""blocked"", ""2"": ""blocked""}}"
2025-03-29 16:16:40,"{""gw-2"": {""1"": ""blocked"", ""2"": ""blocked""}, ""gw-4"": {""1"": ""blocked"", ""2"": ""blocked""}}"
2025-03-29 16:16:41,"{""gw-3"": {""1"": ""blocked"", ""2"": ""blocked""}}"
2025-03-29 16:16:42,"{""gw-2"": {""1"": ""blocked"", ""2"": ""blocked""}}"
2025-03-29 16:16:43,"{""gw-3"": {""1"": ""blocked"", ""2"": ""blocked""}}"
2025-03-29 16:16:44,"{""gw-3"": {""1"": ""blocked"", ""2"": ""blocked""}, ""gw-4"": {""1"": ""blocked"", ""2"": ""conflict""}, ""gw-1"": {""1"": ""blocked"", ""2"": ""blocked""}}"
2025-03-29 16:16:45,"{""gw-3"": {""1"": ""blocked"", ""2"": ""blocked""}}"
2025-03-29 16:16:50,"{""gw-1"": {""1"": ""conflict"", ""2"": ""conflict""}}"
2025-03-29 16:16:53,"{""gw-3"": {""1"": ""blocked"", ""2"": ""blocked""}, ""gw-2"": {""1"": ""blocked"", ""2"": ""blocked""}, ""gw-1"": {""1"": ""blocked"", ""2"": ""blocked""}}"
2025-03-29 16:16:53,"{""gw-1"": {""1"": ""blocked"", ""2"": ""blocked""}, ""gw-4"": {""1"": ""blocked"", ""2"": ""blocked""}}"
2025-03-29 16:16:54,"{""gw-2"": {""1"": ""blocked"", ""2"": ""blocked""}, ""gw-3"": {""1"": ""blocked"", ""2"": ""blocked""}, ""gw-1"": {""1"": ""blocked"", ""2"": ""blocked""}}"
2025-03-29 16:16:55,"{""gw-2"": {""1"": ""blocked"", ""2"": ""blocked""}, ""gw-4"": {""1"": ""blocked"", ""2"": ""blocked""}}"
2025-03-29 16:16:56,"{""gw-4"": {""1"": ""blocked"", ""2"": ""blocked""}, ""gw-1"": {""1"": ""blocked"", ""2"": ""blocked""}, ""gw-3"": {""1"": ""blocked"", ""2"": ""blocked""}, ""gw-2"": {""1"": ""blocked"", ""2"": ""blocked""}}"
2025-03-29 16:16:56,"{""gw-1"": {""1"": ""blocked"", ""2"": ""blocked""}}"
2025-03-29 16:17:04,"{""gw-4"": {""1"": ""blocked"", ""2"": ""blocked""}}"
2025-03-29 16:17:07,"{""gw-4"": {""1"": ""blocked"", ""2"": ""blocked""}}"
2025-03-29 16:17:09,"{""gw-2"": {""1"": ""blocked"", ""2"": ""blocked""}}"
2025-03-29 16:17:10,"{""gw-1"": {""1"": ""blocked"", ""2"": ""blocked""}, ""gw-2"": {""1"": ""blocked"", ""2"": ""blocked""}, ""gw-3"": {""1"": ""blocked"", ""2"": ""blocked""}}"
2025-03-29 16:17:11,"{""gw-1"": {""1"": ""blocked"", ""2"": ""blocked""}, ""gw-2"": {""1"": ""blocked"", ""2"": ""blocked""}}"
2025-03-29 16:17:11,"{""gw-4"": {""1"": ""blocked"", ""2"": ""conflict""}, ""gw-1"": {""1"": ""blocked"", ""2"": ""blocked""}}"
2025-03-29 16:17:15,"{""gw-4"": {""1"": ""blocked"", ""2"": ""blocked""}, ""gw-1"": {""1"": ""blocked"", ""2"": ""blocked""}}"
2025-03-29 16:17:16,"{""gw-4"": {""1"": ""blocked"", ""2"": ""blocked""}}"
2025-03-29 16:17:18,"{""gw-1"": {""1"": ""conflict"", ""2"": ""blocked""}, ""gw-4"": {""1"": ""blocked"", ""2"": ""blocked""}, ""gw-3"": {""1"": ""conflict"", ""2"": ""blocked""}}"
2025-03-29 16:17:18,"{""gw-4"": {""1"": ""blocked"", ""2"": ""blocked""}}"
2025-03-29 16:17:22,"{""gw-4"": {""1"": ""blocked"", ""2"": ""blocked""}}"
2025-03-29 16:17:26,"{""gw-2"": {""1"": ""blocked"", ""2"": ""blocked""}, ""gw-3"": {""1"": ""blocked"", ""2"": ""blocked""}}"
2025-03-29 16:17:26,"{""gw-2"": {""1"": ""blocked"", ""2"": ""blocked""}}"
2025-03-29 16:17:26,"{""gw-3"": {""1"": ""blocked"", ""2"": ""blocked""}, ""gw-2"": {""1"": ""blocked"", ""2"": ""blocked""}}"
2025-03-29 16:17:28,"{""gw-3"": {""1"": ""blocked"", ""2"": ""blocked""}}"
2025-03-29 16:17:29,"{""gw-1"": {""1"": ""blocked"", ""2"": ""conflict""}}"
2025-03-29 16:17:30,"{""gw-4"": {""1"": ""blocked"", ""2"": ""blocked""}, ""gw-1"": {""1"": ""conflict"", ""2"": ""conflict""}}"
2025-03-29 16:17:32,"{""gw-4"": {""1"": ""blocked"", ""2"": ""blocked""}}"
2025-03-29 16:17:34,"{""gw-2"": {""1"": ""conflict"", ""2"": ""blocked""}, ""gw-4"": {""1"": ""blocked"", ""2"": ""blocked""}}"
2025-03-29 16:17:34,"{""gw-4"": {""1"": ""blocked"", ""2"": ""blocked""}}"
2025-03-29 16:17:34,"{""gw-1"": {""1"": ""blocked"", ""2"": ""blocked""}, ""gw-4"": {""1"": ""blocked"", ""2"": ""blocked""}}"
2025-03-29 16:17:36,"{""gw-3"": {""1"": ""blocked"", ""2"": ""blocked""}, ""gw-1"": {""1"": ""blocked"", ""2"": ""blocked""}}"
2025-03-29 16:17:36,"{""gw-3"": {""1"": ""blocked"", ""2"": ""blocked""}, ""gw-1"": {""1"": ""blocked"", ""2"": ""blocked""}, ""gw-4"": {""1"": ""blocked"", ""2"": ""blocked""}}"
2025-03-29 16:17:39,"{""gw-1"": {""1"": ""blocked"", ""2"": ""blocked""}, ""gw-3"": {""1"": ""blocked"", ""2"": ""blocked""}}"
2025-03-29 16:17:42,"{""gw-2"": {""1"": ""blocked"", ""2"": ""blocked""}, ""gw-4"": {""1"": ""blocked"", ""2"": ""blocked""}}"
2025-03-29 16:17:45,"{""gw-4"": {""1"": ""blocked"", ""2"": ""blocked""}, ""gw-1"": {""1"": ""blocked"", ""2"": ""blocked""}, ""gw-3"": {""1"": ""blocked"", ""2"": ""conflict""}}"
2025-03-29 16:17:46,"{""gw-2"": {""1"": ""blocked"", ""2"": ""conflict""}}"
2025-03-29 16:17:47,"{""gw-2"": {""1"": ""conflict"", ""2"": ""blocked""}}"
2025-03-29 16:17:47,"{""gw-1"": {""1"": ""blocked"", ""2"": ""blocked""}}"
2025-03-29 16:17:50,"{""gw-1"": {""1"": ""blocked"", ""2"": ""blocked""}, ""gw-4"": {""1"": ""blocked"", ""2"": ""blocked""}}"
2025-03-29 16:17:50,"{""gw-2"": {""1"": ""blocked"", ""2"": ""blocked""}, ""gw-3"": {""1"": ""blocked"", ""2"": ""blocked""}, ""gw-1"": {""1"": ""blocked"", ""2"": ""blocked""}}"
2025-03-29 16:17:50,"{""gw-1"": {""1"": ""blocked"", ""2"": ""blocked""}}"
2025-03-29 16:18:00,"{""gw-1"": {""1"": ""conflict"", ""2"": ""conflict""}}"
2025-03-29 16:18:00,"{""gw-2"": {""1"": ""conflict"", ""2"": ""blocked""}}"
2025-03-29 16:18:01,"{""gw-4"": {""1"": ""blocked"", ""2"": ""blocked""}}"
2025-03-29 16:18:02,"{""gw-4"": {""1"": ""blocked"", ""2"": ""blocked""}}"
2025-03-29 16:18:02,"{""gw-2"": {""1"": ""blocked"", ""2"": ""blocked""}, ""gw-4"": {""1"": ""blocked"", ""2"": ""blocked""}}"
2025-03-29 16:18:02,"{""gw-1"": {""1"": ""blocked"", ""2"": ""blocked""}}"
2025-03-29 16:18:04,"{""gw-3"": {""1"": ""blocked"", ""2"": ""blocked""}}"
2025-03-29 16:18:04,"{""gw-1"": {""1"": ""blocked"", ""2"": ""blocked""}}"
2025-03-29 16:18:07,"{""gw-2"": {""1"": ""blocked"", ""2"": ""blocked""}, ""gw-1"": {""1"": ""blocked"", ""2"": ""blocked""}}"
2025-03-29 16:18:08,"{""gw-3"": {""1"": ""blocked"", ""2"": ""blocked""}}"
2025-03-29 16:18:15,"{""gw-4"": {""1"": ""blocked"", ""2"": ""blocked""}}"
2025-03-29 16:18:15,"{""gw-1"": {""1"": ""conflict"", ""2"": ""blocked""}}"
2025-03-29 16:18:16,"{""gw-4"": {""1"": ""blocked"", ""2"": ""blocked""}, ""gw-2"": {""1"": ""blocked"", ""2"": ""blocked""}}"
2025-03-29 16:18:18,"{""gw-2"": {""1"": ""blocked"", ""2"": ""blocked""}}"
2025-03-29 16:18:25,"{""gw-2"": {""1"": ""conflict"", ""2"": ""blocked""}}"
2025-03-29 16:18:27,"{""gw-1"": {""1"": ""blocked"", ""2"": ""conflict""}}"
2025-03-29 16:18:27,"{""gw-3"": {""1"": ""blocked"", ""2"": ""blocked""}, ""gw-1"": {""1"": ""blocked"", ""2"": ""conflict""}}"
2025-03-29 16:18:27,"{""gw-1"": {""1"": ""blocked"", ""2"": ""conflict""}, ""gw-3"": {""1"": ""blocked"", ""2"": ""blocked""}}"
2025-03-29 16:18:28,"{""gw-1"": {""1"": ""conflict"", ""2"": ""blocked""}, ""gw-2"": {""1"": ""blocked"", ""2"": ""blocked""}}"
2025-03-29 16:18:29,"{""gw-4"": {""1"": ""blocked"", ""2"": ""blocked""}}"
2025-03-29 16:18:30,"{""gw-2"": {""1"": ""blocked"", ""2"": ""blocked""}}"
2025-03-29 16:18:32,"{""gw-3"": {""1"": ""blocked"", ""2"": ""blocked""}}"
2025-03-29 16:18:32,"{""gw-3"": {""1"": ""blocked"", ""2"": ""blocked""}}"
2025-03-29 16:18:34,"{""gw-2"": {""1"": ""blocked"", ""2"": ""blocked""}, ""gw-3"": {""1"": ""blocked"", ""2"": ""blocked""}}"
2025-03-29 16:18:35,"{""gw-3"": {""1"": ""blocked"", ""2"": ""conflict""}}"
2025-03-29 16:18:36,"{""gw-1"": {""1"": ""blocked"", ""2"": ""blocked""}, ""gw-3"": {""1"": ""conflict"", ""2"": ""blocked""}}"
2025-03-29 16:18:38,"{""gw-2"": {""1"": ""conflict"", ""2"": ""conflict""}}"
2025-03-29 16:18:41,"{""gw-3"": {""1"": ""blocked"", ""2"": ""blocked""}}"
2025-03-29 16:18:41,"{""gw-2"": {""1"": ""blocked"", ""2"": ""blocked""}}"
2025-03-29 16:18:42,"{""gw-4"": {""1"": ""blocked"", ""2"": ""conflict""}}"
2025-03-29 16:18:42,"{""gw-2"": {""1"": ""blocked"", ""2"": ""blocked""}, ""gw-4"": {""1"": ""blocked"", ""2"": ""conflict""}}"
2025-03-29 16:18:43,"{""gw-2"": {""1"": ""blocked"", ""2"": ""blocked""}, ""gw-3"": {""1"": ""blocked"", ""2"": ""blocked""}}"
2025-03-29 16:18:44,"{""gw-3"": {""1"": ""blocked"", ""2"": ""blocked""}, ""gw-2"": {""1"": ""blocked"", ""2"": ""blocked""}}"
2025-03-29 16:18:44,"{""gw-2"": {""1"": ""blocked"", ""2"": ""blocked""}}"
2025-03-29 16:18:45,"{""gw-2"": {""1"": ""blocked"", ""2"": ""blocked""}}"
2025-03-29 16:18:45,"{""gw-3"": {""1"": ""blocked"", ""2"": ""blocked""}}"
2025-03-29 16:18:45,"{""gw-2"": {""1"": ""blocked"", ""2"": ""blocked""}}"
2025-03-29 16:18:46,"{""gw-4"": {""1"": ""blocked"", ""2"": ""blocked""}, ""gw-3"": {""1"": ""blocked"", ""2"": ""blocked""}}"
2025-03-29 16:18:55,"{""gw-2"": {""1"": ""blocked"", ""2"": ""blocked""}}"
2025-03-29 16:18:57,"{""gw-1"": {""1"": ""conflict"", ""2"": ""conflict""}}"
2025-03-29 16:18:57,"{""gw-2"": {""1"": ""blocked"", ""2"": ""blocked""}}"
2025-03-29 16:18:59,"{""gw-2"": {""1"": ""blocked"", ""2"": ""blocked""}}"
2025-03-29 16:19:00,"{""gw-4"": {""1"": ""blocked"", ""2"": ""blocked""}, ""gw-3"": {""1"": ""blocked"", ""2"": ""blocked""}}"
2025-03-29 16:19:00,"{""gw-2"": {""1"": ""blocked"", ""2"": ""blocked""}}"
2025-03-29 16:19:01,"{""gw-2"": {""1"": ""blocked"", ""2"": ""blocked""}, ""gw-1"": {""1"": ""blocked"", ""2"": ""blocked""}}"
2025-03-29 16:19:01,"{""gw-4"": {""1"": ""blocked"", ""2"": ""blocked""}}"
2025-03-29 16:19:05,"{""gw-3"": {""1"": ""blocked"", ""2"": ""conflict""}}"
2025-03-29 16:19:08,"{""gw-4"": {""1"": ""blocked"", ""2"": ""conflict""}, ""gw-2"": {""1"": ""blocked"", ""2"": ""blocked""}}"
2025-03-29 16:19:10,"{""gw-1"": {""1"": ""blocked"", ""2"": ""conflict""}, ""gw-2"": {""1"": ""blocked"", ""2"": ""blocked""}}"
2025-03-29 16:19:11,"{""gw-1"": {""1"": ""conflict"", ""2"": ""blocked""}}"
2025-03-29 16:19:15,"{""gw-4"": {""1"": ""blocked"", ""2"": ""blocked""}}"
2025-03-29 16:19:16,"{""gw-1"": {""1"": ""blocked"", ""2"": ""blocked""}, ""gw-4"": {""1"": ""blocked"", ""2"": ""blocked""}, ""gw-3"": {""1"": ""blocked"", ""2"": ""blocked""}}"
2025-03-29 16:19:21,"{""gw-4"": {""1"": ""conflict"", ""2"": ""blocked""}}"
2025-03-29 16:19:21,"{""gw-2"": {""1"": ""blocked"", ""2"": ""blocked""}}"
2025-03-29 16:19:24,"{""gw-2"": {""1"": ""blocked"", ""2"": ""blocked""}}"
2025-03-29 16:19:32,"{""gw-1"": {""1"": ""blocked"", ""2"": ""blocked""}}"
2025-03-29 16:19:36,"{""gw-1"": {""1"": ""blocked"", ""2"": ""blocked""}}"
2025-03-29 16:19:37,"{""gw-1"": {""1"": ""blocked"", ""2"": ""blocked""}, ""gw-2"": {""1"": ""blocked"", ""2"": ""blocked""}}"
2025-03-29 16:19:38,"{""gw-1"": {""1"": ""blocked"", ""2"": ""conflict""}, ""gw-3"": {""1"": ""blocked"", ""2"": ""blocked""}}"
2025-03-29 16:19:39,"{""gw-1"": {""1"": ""conflict"", ""2"": ""blocked""}, ""gw-3"": {""1"": ""blocked"", ""2"": ""blocked""}}"
2025-03-29 16:19:40,"{""gw-4"": {""1"": ""blocked"", ""2"": ""blocked""}, ""gw-1"": {""1"": ""conflict"", ""2"": ""blocked""}, ""gw-2"": {""1"": ""blocked"", ""2"": ""blocked""}}"
2025-03-29 16:19:40,"{""gw-4"": {""1"": ""blocked"", ""2"": ""blocked""}, ""gw-1"": {""1"": ""conflict"", ""2"": ""blocked""}}"
2025-03-29 16:19:41,"{""gw-4"": {""1"": ""blocked"", ""2"": ""blocked""}}"
2025-03-29 16:19:43,"{""gw-3"": {""1"": ""blocked"", ""2"": ""blocked""}}"
2025-03-29 16:19:46,"{""gw-1"": {""1"": ""blocked"", ""2"": ""blocked""}, ""gw-3"": {""1"": ""conflict"", ""2"": ""conflict""}}"
2025-03-29 16:19:47,"{""gw-3"": {""1"": ""conflict"", ""2"": ""blocked""}}"
2025-03-29 16:19:47,"{""gw-1"": {""1"": ""blocked"", ""2"": ""blocked""}}"
2025-03-29 16:19:47,"{""gw-1"": {""1"": ""blocked"", ""2"": ""blocked""}}"
2025-03-29 16:19:56,"{""gw-4"": {""1"": ""blocked"", ""2"": ""blocked""}}"
2025-03-29 16:20:06,"{""gw-4"": {""1"": ""conflict"", ""2"": ""blocked""}}"
2025-03-29 16:20:07,"{""gw-1"": {""1"": ""conflict"", ""2"": ""conflict""}}"
2025-03-29 16:20:07,"{""gw-1"": {""1"": ""conflict"", ""2"": ""conflict""}, ""gw-3"": {""1"": ""blocked"", ""2"": ""blocked""}}"
2025-03-29 16:20:10,"{""gw-4"": {""1"": ""blocked"", ""2"": ""blocked""}, ""gw-3"": {""1"": ""blocked"", ""2"": ""blocked""}}"
2025-03-29 16:20:15,"{""gw-4"": {""1"": ""blocked"", ""2"": ""blocked""}, ""gw-2"": {""1"": ""blocked"", ""2"": ""blocked""}}"
2025-03-29 16:20:16,"{""gw-1"": {""1"": ""blocked"", ""2"": ""blocked""}}"
2025-03-29 16:20:19,"{""gw-3"": {""1"": ""conflict"", ""2"": ""blocked""}}"
2025-03-29 16:20:21,"{""gw-4"": {""1"": ""blocked"", ""2"": ""conflict""}}"
2025-03-29 16:20:25,"{""gw-2"": {""1"": ""blocked"", ""2"": ""blocked""}, ""gw-4"": {""1"": ""blocked"", ""2"": ""blocked""}}"
2025-03-29 16:20:28,"{""gw-3"": {""1"": ""blocked"", ""2"": ""blocked""}, ""gw-4"": {""1"": ""blocked"", ""2"": ""blocked""}}"
2025-03-29 16:20:29,"{""gw-4"": {""1"": ""blocked"", ""2"": ""blocked""}}"
2025-03-29 16:20:31,"{""gw-1"": {""1"": ""blocked"", ""2"": ""blocked""}}"
2025-03-29 16:20:33,"{""gw-1"": {""1"": ""blocked"", ""2"": ""blocked""}}"
2025-03-29 16:20:35,"{""gw-3"": {""1"": ""blocked"", ""2"": ""blocked""}}"
2025-03-29 16:20:35,"{""gw-2"": {""1"": ""blocked"", ""2"": ""blocked""}}"
2025-03-29 16:20:36,"{""gw-3"": {""1"": ""blocked"", ""2"": ""blocked""}}"
2025-03-29 16:20:36,"{""gw-2"": {""1"": ""blocked"", ""2"": ""blocked""}}"
2025-03-29 16:20:41,"{""gw-4"": {""1"": ""blocked"", ""2"": ""blocked""}}"
2025-03-29 16:20:43,"{""gw-1"": {""1"": ""conflict"", ""2"": ""blocked""}}"
