timestamp,results
2025-03-29 10:18:54,"{""gw-1"": {""1"": ""blocked"", ""2"": ""blocked""}}"
2025-03-29 10:18:57,"{""gw-1"": {""1"": ""blocked"", ""2"": ""blocked""}}"
2025-03-29 10:19:09,"{""gw-3"": {""1"": ""blocked"", ""2"": ""blocked""}}"
2025-03-29 10:19:09,"{""gw-1"": {""1"": ""blocked"", ""2"": ""blocked""}, ""gw-2"": {""1"": ""blocked"", ""2"": ""blocked""}, ""gw-3"": {""1"": ""blocked"", ""2"": ""blocked""}}"
2025-03-29 10:19:10,"{""gw-1"": {""1"": ""blocked"", ""2"": ""blocked""}}"
2025-03-29 10:19:11,"{""gw-1"": {""1"": ""blocked"", ""2"": ""blocked""}}"
2025-03-29 10:19:11,"{""gw-1"": {""1"": ""blocked"", ""2"": ""blocked""}, ""gw-2"": {""1"": ""blocked"", ""2"": ""blocked""}}"
2025-03-29 10:19:12,"{""gw-2"": {""1"": ""blocked"", ""2"": ""blocked""}, ""gw-3"": {""1"": ""conflict"", ""2"": ""conflict""}}"
2025-03-29 10:19:13,"{""gw-1"": {""1"": ""blocked"", ""2"": ""blocked""}, ""gw-3"": {""1"": ""conflict"", ""2"": ""blocked""}}"
2025-03-29 10:19:18,"{""gw-3"": {""1"": ""blocked"", ""2"": ""blocked""}}"
2025-03-29 10:19:19,"{""gw-3"": {""1"": ""blocked"", ""2"": ""blocked""}}"
2025-03-29 10:19:20,"{""gw-3"": {""1"": ""blocked"", ""2"": ""blocked""}}"
2025-03-29 10:19:26,"{""gw-1"": {""1"": ""blocked"", ""2"": ""blocked""}}"
2025-03-29 10:19:27,"{""gw-1"": {""1"": ""blocked"", ""2"": ""blocked""}}"
2025-03-29 10:19:30,"{""gw-2"": {""1"": ""blocked"", ""2"": ""blocked""}, ""gw-3"": {""1"": ""blocked"", ""2"": ""blocked""}}"
2025-03-29 10:19:31,"{""gw-3"": {""1"": ""blocked"", ""2"": ""blocked""}, ""gw-2"": {""1"": ""blocked"", ""2"": ""blocked""}}"
2025-03-29 10:19:32,"{""gw-3"": {""1"": ""blocked"", ""2"": ""blocked""}, ""gw-2"": {""1"": ""blocked"", ""2"": ""blocked""}}"
2025-03-29 10:19:38,"{""gw-1"": {""1"": ""blocked"", ""2"": ""blocked""}}"
2025-03-29 10:19:41,"{""gw-3"": {""1"": ""blocked"", ""2"": ""blocked""}}"
2025-03-29 10:19:46,"{""gw-3"": {""1"": ""blocked"", ""2"": ""blocked""}}"
2025-03-29 10:19:50,"{""gw-1"": {""1"": ""conflict"", ""2"": ""blocked""}}"
2025-03-29 10:19:56,"{""gw-2"": {""1"": ""blocked"", ""2"": ""blocked""}, ""gw-3"": {""1"": ""blocked"", ""2"": ""blocked""}}"
2025-03-29 10:19:57,"{""gw-2"": {""1"": ""blocked"", ""2"": ""blocked""}, ""gw-1"": {""1"": ""blocked"", ""2"": ""blocked""}}"
2025-03-29 10:19:58,"{""gw-3"": {""1"": ""blocked"", ""2"": ""blocked""}}"
2025-03-29 10:19:59,"{""gw-2"": {""1"": ""conflict"", ""2"": ""blocked""}}"
2025-03-29 10:19:59,"{""gw-2"": {""1"": ""conflict"", ""2"": ""blocked""}, ""gw-1"": {""1"": ""blocked"", ""2"": ""blocked""}}"
2025-03-29 10:20:03,"{""gw-2"": {""1"": ""conflict"", ""2"": ""blocked""}}"
2025-03-29 10:20:05,"{""gw-3"": {""1"": ""blocked"", ""2"": ""blocked""}}"
2025-03-29 10:20:06,"{""gw-1"": {""1"": ""conflict"", ""2"": ""blocked""}}"
2025-03-29 10:20:08,"{""gw-3"": {""1"": ""blocked"", ""2"": ""blocked""}}"
2025-03-29 10:20:12,"{""gw-1"": {""1"": ""blocked"", ""2"": ""blocked""}}"
2025-03-29 10:20:16,"{""gw-3"": {""1"": ""blocked"", ""2"": ""blocked""}}"
2025-03-29 10:20:23,"{""gw-1"": {""1"": ""blocked"", ""2"": ""blocked""}}"
2025-03-29 10:20:28,"{""gw-1"": {""1"": ""blocked"", ""2"": ""blocked""}, ""gw-2"": {""1"": ""blocked"", ""2"": ""blocked""}, ""gw-3"": {""1"": ""blocked"", ""2"": ""blocked""}}"
2025-03-29 10:20:34,"{""gw-1"": {""1"": ""conflict"", ""2"": ""blocked""}, ""gw-3"": {""1"": ""blocked"", ""2"": ""blocked""}}"
2025-03-29 10:20:38,"{""gw-1"": {""1"": ""blocked"", ""2"": ""blocked""}, ""gw-3"": {""1"": ""conflict"", ""2"": ""conflict""}}"
2025-03-29 10:20:38,"{""gw-3"": {""1"": ""conflict"", ""2"": ""conflict""}}"
2025-03-29 10:20:40,"{""gw-1"": {""1"": ""blocked"", ""2"": ""blocked""}, ""gw-2"": {""1"": ""blocked"", ""2"": ""blocked""}}"
2025-03-29 10:20:40,"{""gw-2"": {""1"": ""blocked"", ""2"": ""blocked""}}"
2025-03-29 10:20:41,"{""gw-2"": {""1"": ""blocked"", ""2"": ""blocked""}, ""gw-3"": {""1"": ""blocked"", ""2"": ""blocked""}}"
2025-03-29 10:20:42,"{""gw-1"": {""1"": ""blocked"", ""2"": ""blocked""}}"
2025-03-29 10:20:44,"{""gw-2"": {""1"": ""blocked"", ""2"": ""blocked""}}"
2025-03-29 10:20:44,"{""gw-1"": {""1"": ""blocked"", ""2"": ""conflict""}, ""gw-3"": {""1"": ""blocked"", ""2"": ""blocked""}, ""gw-2"": {""1"": ""blocked"", ""2"": ""blocked""}}"
2025-03-29 10:20:46,"{""gw-3"": {""1"": ""blocked"", ""2"": ""blocked""}}"
2025-03-29 10:21:02,"{""gw-2"": {""1"": ""blocked"", ""2"": ""blocked""}}"
2025-03-29 10:21:03,"{""gw-1"": {""1"": ""blocked"", ""2"": ""blocked""}, ""gw-3"": {""1"": ""conflict"", ""2"": ""blocked""}}"
2025-03-29 10:21:04,"{""gw-1"": {""1"": ""blocked"", ""2"": ""blocked""}}"
2025-03-29 10:21:05,"{""gw-2"": {""1"": ""blocked"", ""2"": ""blocked""}, ""gw-3"": {""1"": ""blocked"", ""2"": ""blocked""}}"
2025-03-29 10:21:06,"{""gw-2"": {""1"": ""blocked"", ""2"": ""blocked""}}"
2025-03-29 10:21:06,"{""gw-2"": {""1"": ""blocked"", ""2"": ""blocked""}}"
2025-03-29 10:21:09,"{""gw-1"": {""1"": ""blocked"", ""2"": ""blocked""}, ""gw-3"": {""1"": ""blocked"", ""2"": ""blocked""}}"
2025-03-29 10:21:10,"{""gw-3"": {""1"": ""blocked"", ""2"": ""blocked""}}"
2025-03-29 10:21:17,"{""gw-1"": {""1"": ""blocked"", ""2"": ""blocked""}}"
2025-03-29 10:21:17,"{""gw-2"": {""1"": ""conflict"", ""2"": ""blocked""}, ""gw-3"": {""1"": ""blocked"", ""2"": ""blocked""}, ""gw-1"": {""1"": ""blocked"", ""2"": ""blocked""}}"
2025-03-29 10:21:18,"{""gw-1"": {""1"": ""blocked"", ""2"": ""blocked""}, ""gw-3"": {""1"": ""blocked"", ""2"": ""blocked""}}"
2025-03-29 10:21:18,"{""gw-1"": {""1"": ""blocked"", ""2"": ""blocked""}}"
2025-03-29 10:21:20,"{""gw-1"": {""1"": ""blocked"", ""2"": ""blocked""}}"
2025-03-29 10:21:21,"{""gw-1"": {""1"": ""blocked"", ""2"": ""blocked""}, ""gw-3"": {""1"": ""blocked"", ""2"": ""blocked""}}"
2025-03-29 10:21:23,"{""gw-1"": {""1"": ""blocked"", ""2"": ""blocked""}}"
2025-03-29 10:21:24,"{""gw-3"": {""1"": ""blocked"", ""2"": ""blocked""}}"
2025-03-29 10:21:25,"{""gw-2"": {""1"": ""blocked"", ""2"": ""blocked""}}"
2025-03-29 10:21:27,"{""gw-2"": {""1"": ""blocked"", ""2"": ""blocked""}}"
2025-03-29 10:21:28,"{""gw-2"": {""1"": ""blocked"", ""2"": ""conflict""}}"
2025-03-29 10:21:30,"{""gw-1"": {""1"": ""blocked"", ""2"": ""blocked""}}"
2025-03-29 10:21:30,"{""gw-2"": {""1"": ""conflict"", ""2"": ""blocked""}}"
2025-03-29 10:21:33,"{""gw-2"": {""1"": ""blocked"", ""2"": ""blocked""}}"
2025-03-29 10:21:33,"{""gw-3"": {""1"": ""blocked"", ""2"": ""blocked""}}"
2025-03-29 10:21:33,"{""gw-3"": {""1"": ""blocked"", ""2"": ""blocked""}, ""gw-2"": {""1"": ""blocked"", ""2"": ""blocked""}}"
2025-03-29 10:21:34,"{""gw-2"": {""1"": ""blocked"", ""2"": ""blocked""}, ""gw-1"": {""1"": ""blocked"", ""2"": ""blocked""}, ""gw-3"": {""1"": ""blocked"", ""2"": ""blocked""}}"
2025-03-29 10:21:34,"{""gw-3"": {""1"": ""blocked"", ""2"": ""blocked""}}"
2025-03-29 10:21:35,"{""gw-1"": {""1"": ""blocked"", ""2"": ""blocked""}, ""gw-2"": {""1"": ""blocked"", ""2"": ""blocked""}, ""gw-3"": {""1"": ""blocked"", ""2"": ""blocked""}}"
2025-03-29 10:21:35,"{""gw-2"": {""1"": ""blocked"", ""2"": ""blocked""}, ""gw-3"": {""1"": ""blocked"", ""2"": ""blocked""}}"
2025-03-29 10:21:36,"{""gw-2"": {""1"": ""blocked"", ""2"": ""blocked""}, ""gw-3"": {""1"": ""blocked"", ""2"": ""blocked""}}"
2025-03-29 10:21:41,"{""gw-1"": {""1"": ""blocked"", ""2"": ""blocked""}}"
2025-03-29 10:21:42,"{""gw-1"": {""1"": ""blocked"", ""2"": ""blocked""}}"
2025-03-29 10:21:43,"{""gw-2"": {""1"": ""conflict"", ""2"": ""blocked""}}"
2025-03-29 10:21:43,"{""gw-1"": {""1"": ""blocked"", ""2"": ""blocked""}, ""gw-2"": {""1"": ""conflict"", ""2"": ""blocked""}}"
2025-03-29 10:21:43,"{""gw-2"": {""1"": ""conflict"", ""2"": ""blocked""}}"
2025-03-29 10:21:43,"{""gw-1"": {""1"": ""blocked"", ""2"": ""blocked""}}"
2025-03-29 10:21:43,"{""gw-3"": {""1"": ""conflict"", ""2"": ""blocked""}, ""gw-1"": {""1"": ""blocked"", ""2"": ""blocked""}}"
2025-03-29 10:21:44,"{""gw-3"": {""1"": ""conflict"", ""2"": ""blocked""}, ""gw-1"": {""1"": ""blocked"", ""2"": ""blocked""}}"
2025-03-29 10:21:44,"{""gw-1"": {""1"": ""blocked"", ""2"": ""blocked""}}"
2025-03-29 10:21:47,"{""gw-1"": {""1"": ""blocked"", ""2"": ""blocked""}}"
2025-03-29 10:21:47,"{""gw-2"": {""1"": ""blocked"", ""2"": ""blocked""}, ""gw-1"": {""1"": ""blocked"", ""2"": ""blocked""}}"
2025-03-29 10:21:50,"{""gw-1"": {""1"": ""blocked"", ""2"": ""conflict""}, ""gw-3"": {""1"": ""blocked"", ""2"": ""blocked""}, ""gw-2"": {""1"": ""blocked"", ""2"": ""blocked""}}"
2025-03-29 10:21:50,"{""gw-3"": {""1"": ""blocked"", ""2"": ""blocked""}}"
2025-03-29 10:21:50,"{""gw-2"": {""1"": ""blocked"", ""2"": ""blocked""}}"
2025-03-29 10:21:51,"{""gw-1"": {""1"": ""conflict"", ""2"": ""blocked""}}"
2025-03-29 10:21:51,"{""gw-2"": {""1"": ""blocked"", ""2"": ""blocked""}, ""gw-1"": {""1"": ""conflict"", ""2"": ""blocked""}}"
2025-03-29 10:21:55,"{""gw-1"": {""1"": ""blocked"", ""2"": ""blocked""}}"
2025-03-29 10:21:56,"{""gw-1"": {""1"": ""blocked"", ""2"": ""blocked""}}"
2025-03-29 10:21:56,"{""gw-3"": {""1"": ""blocked"", ""2"": ""conflict""}}"
2025-03-29 10:21:57,"{""gw-3"": {""1"": ""conflict"", ""2"": ""conflict""}, ""gw-1"": {""1"": ""blocked"", ""2"": ""blocked""}}"
2025-03-29 10:21:57,"{""gw-3"": {""1"": ""conflict"", ""2"": ""blocked""}}"
2025-03-29 10:21:57,"{""gw-1"": {""1"": ""blocked"", ""2"": ""blocked""}}"
2025-03-29 10:21:58,"{""gw-1"": {""1"": ""blocked"", ""2"": ""blocked""}}"
2025-03-29 10:21:59,"{""gw-2"": {""1"": ""blocked"", ""2"": ""blocked""}}"
2025-03-29 10:22:01,"{""gw-2"": {""1"": ""blocked"", ""2"": ""blocked""}}"
2025-03-29 10:22:01,"{""gw-2"": {""1"": ""blocked"", ""2"": ""blocked""}}"
2025-03-29 10:22:03,"{""gw-2"": {""1"": ""blocked"", ""2"": ""blocked""}}"
2025-03-29 10:22:03,"{""gw-3"": {""1"": ""conflict"", ""2"": ""conflict""}}"
2025-03-29 10:22:06,"{""gw-1"": {""1"": ""blocked"", ""2"": ""conflict""}, ""gw-2"": {""1"": ""blocked"", ""2"": ""blocked""}}"
2025-03-29 10:22:12,"{""gw-3"": {""1"": ""conflict"", ""2"": ""blocked""}}"
2025-03-29 10:22:12,"{""gw-1"": {""1"": ""blocked"", ""2"": ""blocked""}}"
2025-03-29 10:22:13,"{""gw-1"": {""1"": ""blocked"", ""2"": ""blocked""}}"
2025-03-29 10:22:16,"{""gw-1"": {""1"": ""blocked"", ""2"": ""blocked""}}"
2025-03-29 10:22:16,"{""gw-3"": {""1"": ""blocked"", ""2"": ""blocked""}, ""gw-1"": {""1"": ""blocked"", ""2"": ""blocked""}}"
2025-03-29 10:22:17,"{""gw-3"": {""1"": ""blocked"", ""2"": ""blocked""}, ""gw-2"": {""1"": ""blocked"", ""2"": ""blocked""}}"
2025-03-29 10:22:18,"{""gw-1"": {""1"": ""conflict"", ""2"": ""conflict""}, ""gw-2"": {""1"": ""blocked"", ""2"": ""blocked""}}"
2025-03-29 10:22:18,"{""gw-3"": {""1"": ""blocked"", ""2"": ""blocked""}}"
2025-03-29 10:22:22,"{""gw-2"": {""1"": ""conflict"", ""2"": ""blocked""}}"
2025-03-29 10:22:24,"{""gw-1"": {""1"": ""blocked"", ""2"": ""blocked""}}"
2025-03-29 10:22:25,"{""gw-2"": {""1"": ""blocked"", ""2"": ""blocked""}}"
2025-03-29 10:22:26,"{""gw-1"": {""1"": ""blocked"", ""2"": ""blocked""}}"
2025-03-29 10:22:27,"{""gw-3"": {""1"": ""blocked"", ""2"": ""blocked""}}"
2025-03-29 10:22:28,"{""gw-1"": {""1"": ""blocked"", ""2"": ""blocked""}, ""gw-3"": {""1"": ""blocked"", ""2"": ""blocked""}, ""gw-2"": {""1"": ""blocked"", ""2"": ""blocked""}}"
2025-03-29 10:22:28,"{""gw-1"": {""1"": ""blocked"", ""2"": ""blocked""}, ""gw-3"": {""1"": ""blocked"", ""2"": ""blocked""}}"
2025-03-29 10:22:31,"{""gw-2"": {""1"": ""blocked"", ""2"": ""blocked""}}"
2025-03-29 10:22:32,"{""gw-1"": {""1"": ""conflict"", ""2"": ""conflict""}}"
2025-03-29 10:22:35,"{""gw-1"": {""1"": ""blocked"", ""2"": ""blocked""}, ""gw-3"": {""1"": ""conflict"", ""2"": ""blocked""}}"
2025-03-29 10:22:36,"{""gw-2"": {""1"": ""conflict"", ""2"": ""conflict""}}"
2025-03-29 10:22:37,"{""gw-2"": {""1"": ""conflict"", ""2"": ""blocked""}, ""gw-1"": {""1"": ""blocked"", ""2"": ""blocked""}}"
2025-03-29 10:22:37,"{""gw-1"": {""1"": ""blocked"", ""2"": ""blocked""}, ""gw-3"": {""1"": ""blocked"", ""2"": ""blocked""}}"
2025-03-29 10:22:38,"{""gw-1"": {""1"": ""blocked"", ""2"": ""blocked""}}"
2025-03-29 10:22:38,"{""gw-2"": {""1"": ""blocked"", ""2"": ""blocked""}, ""gw-3"": {""1"": ""blocked"", ""2"": ""blocked""}, ""gw-1"": {""1"": ""blocked"", ""2"": ""blocked""}}"
2025-03-29 10:22:39,"{""gw-3"": {""1"": ""blocked"", ""2"": ""blocked""}, ""gw-1"": {""1"": ""blocked"", ""2"": ""blocked""}}"
2025-03-29 10:22:42,"{""gw-2"": {""1"": ""blocked"", ""2"": ""blocked""}, ""gw-1"": {""1"": ""blocked"", ""2"": ""blocked""}}"
2025-03-29 10:22:44,"{""gw-2"": {""1"": ""blocked"", ""2"": ""blocked""}}"
2025-03-29 10:22:45,"{""gw-3"": {""1"": ""blocked"", ""2"": ""blocked""}}"
2025-03-29 10:22:46,"{""gw-2"": {""1"": ""blocked"", ""2"": ""blocked""}, ""gw-3"": {""1"": ""blocked"", ""2"": ""conflict""}}"
2025-03-29 10:22:49,"{""gw-2"": {""1"": ""conflict"", ""2"": ""blocked""}, ""gw-1"": {""1"": ""blocked"", ""2"": ""blocked""}}"
2025-03-29 10:22:50,"{""gw-3"": {""1"": ""blocked"", ""2"": ""blocked""}, ""gw-1"": {""1"": ""blocked"", ""2"": ""blocked""}}"
2025-03-29 10:22:51,"{""gw-1"": {""1"": ""blocked"", ""2"": ""blocked""}}"
2025-03-29 10:22:51,"{""gw-1"": {""1"": ""blocked"", ""2"": ""blocked""}}"
2025-03-29 10:22:52,"{""gw-1"": {""1"": ""conflict"", ""2"": ""blocked""}}"
2025-03-29 10:22:53,"{""gw-1"": {""1"": ""blocked"", ""2"": ""blocked""}, ""gw-3"": {""1"": ""blocked"", ""2"": ""blocked""}}"
2025-03-29 10:22:55,"{""gw-3"": {""1"": ""blocked"", ""2"": ""blocked""}, ""gw-1"": {""1"": ""blocked"", ""2"": ""blocked""}, ""gw-2"": {""1"": ""blocked"", ""2"": ""blocked""}}"
2025-03-29 10:23:07,"{""gw-2"": {""1"": ""conflict"", ""2"": ""blocked""}}"
2025-03-29 10:23:08,"{""gw-1"": {""1"": ""blocked"", ""2"": ""blocked""}}"
2025-03-29 10:23:08,"{""gw-1"": {""1"": ""blocked"", ""2"": ""blocked""}}"
2025-03-29 10:23:09,"{""gw-3"": {""1"": ""blocked"", ""2"": ""blocked""}}"
2025-03-29 10:23:11,"{""gw-3"": {""1"": ""blocked"", ""2"": ""blocked""}, ""gw-1"": {""1"": ""blocked"", ""2"": ""blocked""}}"
2025-03-29 10:23:11,"{""gw-1"": {""1"": ""blocked"", ""2"": ""blocked""}}"
2025-03-29 10:23:15,"{""gw-2"": {""1"": ""blocked"", ""2"": ""blocked""}}"
2025-03-29 10:23:19,"{""gw-2"": {""1"": ""conflict"", ""2"": ""conflict""}}"
2025-03-29 10:23:20,"{""gw-3"": {""1"": ""conflict"", ""2"": ""blocked""}}"
2025-03-29 10:23:22,"{""gw-3"": {""1"": ""blocked"", ""2"": ""blocked""}, ""gw-1"": {""1"": ""blocked"", ""2"": ""blocked""}}"
2025-03-29 10:23:24,"{""gw-3"": {""1"": ""blocked"", ""2"": ""blocked""}, ""gw-2"": {""1"": ""blocked"", ""2"": ""blocked""}}"
2025-03-29 10:23:25,"{""gw-1"": {""1"": ""blocked"", ""2"": ""blocked""}}"
2025-03-29 10:23:25,"{""gw-3"": {""1"": ""blocked"", ""2"": ""blocked""}, ""gw-1"": {""1"": ""blocked"", ""2"": ""blocked""}, ""gw-2"": {""1"": ""blocked"", ""2"": ""blocked""}}"
2025-03-29 10:23:25,"{""gw-3"": {""1"": ""blocked"", ""2"": ""blocked""}, ""gw-2"": {""1"": ""blocked"", ""2"": ""blocked""}}"
2025-03-29 10:23:26,"{""gw-3"": {""1"": ""blocked"", ""2"": ""blocked""}}"
2025-03-29 10:23:26,"{""gw-2"": {""1"": ""blocked"", ""2"": ""blocked""}, ""gw-1"": {""1"": ""blocked"", ""2"": ""blocked""}}"
2025-03-29 10:23:26,"{""gw-3"": {""1"": ""blocked"", ""2"": ""blocked""}}"
2025-03-29 10:23:28,"{""gw-3"": {""1"": ""blocked"", ""2"": ""blocked""}}"
2025-03-29 10:23:32,"{""gw-2"": {""1"": ""blocked"", ""2"": ""conflict""}, ""gw-3"": {""1"": ""blocked"", ""2"": ""conflict""}}"
2025-03-29 10:23:33,"{""gw-1"": {""1"": ""blocked"", ""2"": ""blocked""}}"
2025-03-29 10:23:35,"{""gw-3"": {""1"": ""blocked"", ""2"": ""blocked""}}"
2025-03-29 10:23:36,"{""gw-1"": {""1"": ""blocked"", ""2"": ""blocked""}}"
2025-03-29 10:23:37,"{""gw-1"": {""1"": ""blocked"", ""2"": ""blocked""}, ""gw-2"": {""1"": ""blocked"", ""2"": ""blocked""}}"
2025-03-29 10:23:38,"{""gw-1"": {""1"": ""blocked"", ""2"": ""blocked""}, ""gw-2"": {""1"": ""blocked"", ""2"": ""blocked""}}"
2025-03-29 10:23:39,"{""gw-3"": {""1"": ""blocked"", ""2"": ""blocked""}, ""gw-1"": {""1"": ""blocked"", ""2"": ""blocked""}}"
2025-03-29 10:23:39,"{""gw-2"": {""1"": ""blocked"", ""2"": ""blocked""}, ""gw-1"": {""1"": ""blocked"", ""2"": ""blocked""}}"
2025-03-29 10:23:40,"{""gw-1"": {""1"": ""blocked"", ""2"": ""blocked""}, ""gw-2"": {""1"": ""blocked"", ""2"": ""blocked""}}"
2025-03-29 10:23:41,"{""gw-3"": {""1"": ""blocked"", ""2"": ""blocked""}}"
2025-03-29 10:23:44,"{""gw-2"": {""1"": ""conflict"", ""2"": ""blocked""}}"
2025-03-29 10:23:47,"{""gw-1"": {""1"": ""conflict"", ""2"": ""conflict""}}"
2025-03-29 10:23:47,"{""gw-2"": {""1"": ""blocked"", ""2"": ""blocked""}}"
2025-03-29 10:23:48,"{""gw-2"": {""1"": ""blocked"", ""2"": ""blocked""}}"
2025-03-29 10:23:49,"{""gw-3"": {""1"": ""blocked"", ""2"": ""blocked""}}"
2025-03-29 10:23:50,"{""gw-2"": {""1"": ""blocked"", ""2"": ""blocked""}}"
2025-03-29 10:23:50,"{""gw-1"": {""1"": ""blocked"", ""2"": ""blocked""}}"
2025-03-29 10:23:52,"{""gw-3"": {""1"": ""blocked"", ""2"": ""blocked""}, ""gw-1"": {""1"": ""blocked"", ""2"": ""blocked""}}"
2025-03-29 10:23:54,"{""gw-2"": {""1"": ""blocked"", ""2"": ""blocked""}}"
2025-03-29 10:23:54,"{""gw-1"": {""1"": ""blocked"", ""2"": ""blocked""}}"
2025-03-29 10:23:57,"{""gw-2"": {""1"": ""blocked"", ""2"": ""conflict""}}"
2025-03-29 10:23:57,"{""gw-2"": {""1"": ""conflict"", ""2"": ""conflict""}}"
2025-03-29 10:24:01,"{""gw-2"": {""1"": ""blocked"", ""2"": ""blocked""}}"
2025-03-29 10:24:01,"{""gw-2"": {""1"": ""blocked"", ""2"": ""blocked""}}"
2025-03-29 10:24:06,"{""gw-2"": {""1"": ""blocked"", ""2"": ""blocked""}}"
2025-03-29 10:24:09,"{""gw-1"": {""1"": ""blocked"", ""2"": ""blocked""}, ""gw-3"": {""1"": ""conflict"", ""2"": ""blocked""}}"
2025-03-29 10:24:12,"{""gw-1"": {""1"": ""blocked"", ""2"": ""blocked""}, ""gw-3"": {""1"": ""blocked"", ""2"": ""blocked""}}"
2025-03-29 10:24:12,"{""gw-1"": {""1"": ""blocked"", ""2"": ""blocked""}}"
2025-03-29 10:24:18,"{""gw-3"": {""1"": ""blocked"", ""2"": ""blocked""}}"
2025-03-29 10:24:22,"{""gw-1"": {""1"": ""blocked"", ""2"": ""blocked""}}"
2025-03-29 10:24:23,"{""gw-2"": {""1"": ""blocked"", ""2"": ""conflict""}}"
2025-03-29 10:24:24,"{""gw-2"": {""1"": ""conflict"", ""2"": ""blocked""}, ""gw-1"": {""1"": ""blocked"", ""2"": ""blocked""}}"
2025-03-29 10:24:24,"{""gw-3"": {""1"": ""blocked"", ""2"": ""blocked""}, ""gw-2"": {""1"": ""conflict"", ""2"": ""blocked""}}"
2025-03-29 10:24:24,"{""gw-1"": {""1"": ""blocked"", ""2"": ""blocked""}}"
2025-03-29 10:24:25,"{""gw-1"": {""1"": ""blocked"", ""2"": ""blocked""}, ""gw-3"": {""1"": ""blocked"", ""2"": ""blocked""}}"
2025-03-29 10:24:27,"{""gw-3"": {""1"": ""blocked"", ""2"": ""blocked""}, ""gw-1"": {""1"": ""blocked"", ""2"": ""blocked""}}"
2025-03-29 10:24:28,"{""gw-3"": {""1"": ""blocked"", ""2"": ""blocked""}, ""gw-2"": {""1"": ""blocked"", ""2"": ""blocked""}}"
2025-03-29 10:24:29,"{""gw-3"": {""1"": ""blocked"", ""2"": ""blocked""}}"
2025-03-29 10:24:30,"{""gw-3"": {""1"": ""blocked"", ""2"": ""blocked""}}"
2025-03-29 10:24:30,"{""gw-3"": {""1"": ""blocked"", ""2"": ""blocked""}}"
2025-03-29 10:24:30,"{""gw-1"": {""1"": ""blocked"", ""2"": ""conflict""}}"
2025-03-29 10:24:30,"{""gw-2"": {""1"": ""blocked"", ""2"": ""blocked""}, ""gw-1"": {""1"": ""blocked"", ""2"": ""conflict""}}"
2025-03-29 10:24:30,"{""gw-1"": {""1"": ""blocked"", ""2"": ""conflict""}, ""gw-3"": {""1"": ""blocked"", ""2"": ""blocked""}, ""gw-2"": {""1"": ""blocked"", ""2"": ""blocked""}}"
2025-03-29 10:24:32,"{""gw-3"": {""1"": ""blocked"", ""2"": ""blocked""}, ""gw-2"": {""1"": ""blocked"", ""2"": ""blocked""}, ""gw-1"": {""1"": ""conflict"", ""2"": ""blocked""}}"
2025-03-29 10:24:34,"{""gw-2"": {""1"": ""blocked"", ""2"": ""blocked""}, ""gw-3"": {""1"": ""conflict"", ""2"": ""blocked""}, ""gw-1"": {""1"": ""blocked"", ""2"": ""blocked""}}"
2025-03-29 10:24:35,"{""gw-2"": {""1"": ""blocked"", ""2"": ""conflict""}}"
2025-03-29 10:24:35,"{""gw-1"": {""1"": ""blocked"", ""2"": ""blocked""}}"
2025-03-29 10:24:35,"{""gw-1"": {""1"": ""blocked"", ""2"": ""blocked""}}"
2025-03-29 10:24:37,"{""gw-3"": {""1"": ""blocked"", ""2"": ""blocked""}}"
2025-03-29 10:24:37,"{""gw-3"": {""1"": ""blocked"", ""2"": ""blocked""}}"
2025-03-29 10:24:40,"{""gw-1"": {""1"": ""blocked"", ""2"": ""blocked""}}"
2025-03-29 10:24:40,"{""gw-1"": {""1"": ""blocked"", ""2"": ""blocked""}, ""gw-3"": {""1"": ""blocked"", ""2"": ""blocked""}}"
2025-03-29 10:24:41,"{""gw-3"": {""1"": ""blocked"", ""2"": ""blocked""}}"
2025-03-29 10:24:42,"{""gw-2"": {""1"": ""blocked"", ""2"": ""blocked""}, ""gw-3"": {""1"": ""blocked"", ""2"": ""blocked""}}"
2025-03-29 10:24:45,"{""gw-2"": {""1"": ""blocked"", ""2"": ""blocked""}, ""gw-1"": {""1"": ""blocked"", ""2"": ""conflict""}}"
2025-03-29 10:24:47,"{""gw-3"": {""1"": ""blocked"", ""2"": ""conflict""}}"
2025-03-29 10:24:47,"{""gw-2"": {""1"": ""conflict"", ""2"": ""conflict""}, ""gw-3"": {""1"": ""conflict"", ""2"": ""blocked""}}"
2025-03-29 10:24:48,"{""gw-2"": {""1"": ""conflict"", ""2"": ""blocked""}}"
2025-03-29 10:24:51,"{""gw-1"": {""1"": ""blocked"", ""2"": ""blocked""}}"
2025-03-29 10:24:55,"{""gw-1"": {""1"": ""blocked"", ""2"": ""blocked""}}"
2025-03-29 10:24:57,"{""gw-3"": {""1"": ""blocked"", ""2"": ""blocked""}}"
2025-03-29 10:25:04,"{""gw-2"": {""1"": ""conflict"", ""2"": ""conflict""}}"
2025-03-29 10:25:07,"{""gw-3"": {""1"": ""blocked"", ""2"": ""blocked""}}"
2025-03-29 10:25:11,"{""gw-2"": {""1"": ""blocked"", ""2"": ""blocked""}}"
2025-03-29 10:25:14,"{""gw-2"": {""1"": ""blocked"", ""2"": ""blocked""}}"
2025-03-29 10:25:18,"{""gw-2"": {""1"": ""conflict"", ""2"": ""blocked""}}"
2025-03-29 10:25:22,"{""gw-1"": {""1"": ""blocked"", ""2"": ""blocked""}, ""gw-2"": {""1"": ""blocked"", ""2"": ""blocked""}, ""gw-3"": {""1"": ""blocked"", ""2"": ""blocked""}}"
2025-03-29 10:25:22,"{""gw-3"": {""1"": ""blocked"", ""2"": ""blocked""}}"
2025-03-29 10:25:23,"{""gw-2"": {""1"": ""blocked"", ""2"": ""blocked""}, ""gw-1"": {""1"": ""blocked"", ""2"": ""blocked""}, ""gw-3"": {""1"": ""blocked"", ""2"": ""blocked""}}"
2025-03-29 10:25:24,"{""gw-3"": {""1"": ""blocked"", ""2"": ""blocked""}}"
2025-03-29 10:25:25,"{""gw-3"": {""1"": ""blocked"", ""2"": ""blocked""}}"
2025-03-29 10:25:27,"{""gw-2"": {""1"": ""blocked"", ""2"": ""blocked""}}"
2025-03-29 10:25:31,"{""gw-3"": {""1"": ""blocked"", ""2"": ""blocked""}, ""gw-1"": {""1"": ""blocked"", ""2"": ""blocked""}}"
2025-03-29 10:25:32,"{""gw-3"": {""1"": ""blocked"", ""2"": ""blocked""}, ""gw-1"": {""1"": ""blocked"", ""2"": ""blocked""}}"
2025-03-29 10:25:37,"{""gw-3"": {""1"": ""blocked"", ""2"": ""blocked""}, ""gw-1"": {""1"": ""blocked"", ""2"": ""blocked""}}"
2025-03-29 10:25:37,"{""gw-2"": {""1"": ""blocked"", ""2"": ""blocked""}}"
2025-03-29 10:25:39,"{""gw-3"": {""1"": ""conflict"", ""2"": ""conflict""}, ""gw-1"": {""1"": ""blocked"", ""2"": ""conflict""}}"
2025-03-29 10:25:40,"{""gw-3"": {""1"": ""conflict"", ""2"": ""conflict""}, ""gw-2"": {""1"": ""blocked"", ""2"": ""blocked""}, ""gw-1"": {""1"": ""conflict"", ""2"": ""blocked""}}"
2025-03-29 10:25:40,"{""gw-1"": {""1"": ""conflict"", ""2"": ""blocked""}, ""gw-2"": {""1"": ""blocked"", ""2"": ""blocked""}}"
2025-03-29 10:25:44,"{""gw-3"": {""1"": ""blocked"", ""2"": ""blocked""}, ""gw-1"": {""1"": ""blocked"", ""2"": ""blocked""}}"
2025-03-29 10:25:47,"{""gw-1"": {""1"": ""blocked"", ""2"": ""blocked""}, ""gw-2"": {""1"": ""conflict"", ""2"": ""blocked""}}"
2025-03-29 10:25:47,"{""gw-2"": {""1"": ""conflict"", ""2"": ""blocked""}, ""gw-3"": {""1"": ""blocked"", ""2"": ""blocked""}}"
2025-03-29 10:25:47,"{""gw-1"": {""1"": ""blocked"", ""2"": ""blocked""}}"
2025-03-29 10:25:49,"{""gw-1"": {""1"": ""blocked"", ""2"": ""blocked""}, ""gw-3"": {""1"": ""blocked"", ""2"": ""blocked""}, ""gw-2"": {""1"": ""blocked"", ""2"": ""blocked""}}"
2025-03-29 10:25:50,"{""gw-1"": {""1"": ""blocked"", ""2"": ""blocked""}, ""gw-2"": {""1"": ""blocked"", ""2"": ""blocked""}}"
2025-03-29 10:25:52,"{""gw-3"": {""1"": ""blocked"", ""2"": ""conflict""}, ""gw-1"": {""1"": ""conflict"", ""2"": ""blocked""}}"
2025-03-29 10:25:53,"{""gw-2"": {""1"": ""blocked"", ""2"": ""blocked""}}"
2025-03-29 10:25:53,"{""gw-3"": {""1"": ""conflict"", ""2"": ""conflict""}}"
2025-03-29 10:25:54,"{""gw-1"": {""1"": ""blocked"", ""2"": ""blocked""}}"
2025-03-29 10:25:55,"{""gw-1"": {""1"": ""blocked"", ""2"": ""blocked""}}"
2025-03-29 10:25:55,"{""gw-1"": {""1"": ""blocked"", ""2"": ""blocked""}, ""gw-2"": {""1"": ""blocked"", ""2"": ""blocked""}}"
2025-03-29 10:26:00,"{""gw-1"": {""1"": ""blocked"", ""2"": ""blocked""}, ""gw-3"": {""1"": ""blocked"", ""2"": ""blocked""}}"
2025-03-29 10:26:01,"{""gw-2"": {""1"": ""conflict"", ""2"": ""blocked""}, ""gw-3"": {""1"": ""blocked"", ""2"": ""blocked""}}"
2025-03-29 10:26:02,"{""gw-3"": {""1"": ""blocked"", ""2"": ""blocked""}}"
2025-03-29 10:26:03,"{""gw-2"": {""1"": ""blocked"", ""2"": ""blocked""}}"
2025-03-29 10:26:03,"{""gw-3"": {""1"": ""blocked"", ""2"": ""blocked""}, ""gw-1"": {""1"": ""blocked"", ""2"": ""conflict""}}"
2025-03-29 10:26:11,"{""gw-3"": {""1"": ""blocked"", ""2"": ""blocked""}, ""gw-1"": {""1"": ""blocked"", ""2"": ""blocked""}}"
2025-03-29 10:26:13,"{""gw-1"": {""1"": ""blocked"", ""2"": ""blocked""}}"
2025-03-29 10:26:17,"{""gw-2"": {""1"": ""conflict"", ""2"": ""blocked""}}"
2025-03-29 10:26:17,"{""gw-2"": {""1"": ""conflict"", ""2"": ""blocked""}, ""gw-3"": {""1"": ""blocked"", ""2"": ""conflict""}}"
2025-03-29 10:26:19,"{""gw-1"": {""1"": ""blocked"", ""2"": ""blocked""}}"
2025-03-29 10:26:23,"{""gw-3"": {""1"": ""blocked"", ""2"": ""blocked""}}"
2025-03-29 10:26:26,"{""gw-3"": {""1"": ""blocked"", ""2"": ""blocked""}}"
2025-03-29 10:26:26,"{""gw-3"": {""1"": ""blocked"", ""2"": ""blocked""}}"
2025-03-29 10:26:31,"{""gw-3"": {""1"": ""conflict"", ""2"": ""blocked""}}"
2025-03-29 10:26:33,"{""gw-2"": {""1"": ""blocked"", ""2"": ""blocked""}}"
2025-03-29 10:26:38,"{""gw-2"": {""1"": ""blocked"", ""2"": ""blocked""}}"
2025-03-29 10:26:39,"{""gw-1"": {""1"": ""blocked"", ""2"": ""blocked""}, ""gw-3"": {""1"": ""blocked"", ""2"": ""blocked""}}"
2025-03-29 10:26:39,"{""gw-1"": {""1"": ""blocked"", ""2"": ""blocked""}}"
2025-03-29 10:26:46,"{""gw-2"": {""1"": ""blocked"", ""2"": ""blocked""}}"
2025-03-29 10:26:46,"{""gw-1"": {""1"": ""blocked"", ""2"": ""blocked""}, ""gw-2"": {""1"": ""blocked"", ""2"": ""blocked""}}"
2025-03-29 10:26:51,"{""gw-2"": {""1"": ""blocked"", ""2"": ""blocked""}, ""gw-3"": {""1"": ""blocked"", ""2"": ""blocked""}}"
2025-03-29 10:26:51,"{""gw-2"": {""1"": ""blocked"", ""2"": ""blocked""}, ""gw-3"": {""1"": ""blocked"", ""2"": ""blocked""}}"
2025-03-29 10:27:05,"{""gw-2"": {""1"": ""conflict"", ""2"": ""blocked""}}"
2025-03-29 10:27:07,"{""gw-3"": {""1"": ""conflict"", ""2"": ""conflict""}, ""gw-1"": {""1"": ""blocked"", ""2"": ""blocked""}}"
2025-03-29 10:27:07,"{""gw-2"": {""1"": ""blocked"", ""2"": ""blocked""}, ""gw-3"": {""1"": ""conflict"", ""2"": ""blocked""}}"
2025-03-29 10:27:10,"{""gw-2"": {""1"": ""blocked"", ""2"": ""blocked""}}"
2025-03-29 10:27:11,"{""gw-3"": {""1"": ""blocked"", ""2"": ""blocked""}}"
2025-03-29 10:27:12,"{""gw-2"": {""1"": ""blocked"", ""2"": ""blocked""}}"
2025-03-29 10:27:12,"{""gw-2"": {""1"": ""blocked"", ""2"": ""blocked""}}"
2025-03-29 10:27:13,"{""gw-2"": {""1"": ""blocked"", ""2"": ""blocked""}}"
2025-03-29 10:27:16,"{""gw-1"": {""1"": ""blocked"", ""2"": ""blocked""}}"
2025-03-29 10:27:18,"{""gw-1"": {""1"": ""blocked"", ""2"": ""blocked""}, ""gw-2"": {""1"": ""blocked"", ""2"": ""conflict""}}"
2025-03-29 10:27:20,"{""gw-2"": {""1"": ""blocked"", ""2"": ""blocked""}}"
2025-03-29 10:27:21,"{""gw-2"": {""1"": ""blocked"", ""2"": ""blocked""}}"
2025-03-29 10:27:22,"{""gw-1"": {""1"": ""blocked"", ""2"": ""blocked""}}"
2025-03-29 10:27:28,"{""gw-3"": {""1"": ""blocked"", ""2"": ""blocked""}}"
2025-03-29 10:27:29,"{""gw-3"": {""1"": ""blocked"", ""2"": ""blocked""}, ""gw-1"": {""1"": ""conflict"", ""2"": ""blocked""}}"
2025-03-29 10:27:36,"{""gw-3"": {""1"": ""blocked"", ""2"": ""blocked""}}"
2025-03-29 10:27:37,"{""gw-3"": {""1"": ""blocked"", ""2"": ""blocked""}, ""gw-1"": {""1"": ""blocked"", ""2"": ""blocked""}}"
2025-03-29 10:27:44,"{""gw-1"": {""1"": ""blocked"", ""2"": ""conflict""}, ""gw-2"": {""1"": ""blocked"", ""2"": ""blocked""}}"
2025-03-29 10:27:45,"{""gw-1"": {""1"": ""conflict"", ""2"": ""blocked""}}"
2025-03-29 10:27:52,"{""gw-3"": {""1"": ""blocked"", ""2"": ""blocked""}}"
2025-03-29 10:27:54,"{""gw-3"": {""1"": ""blocked"", ""2"": ""blocked""}, ""gw-2"": {""1"": ""blocked"", ""2"": ""blocked""}}"
2025-03-29 10:27:56,"{""gw-3"": {""1"": ""blocked"", ""2"": ""blocked""}}"
2025-03-29 10:27:57,"{""gw-1"": {""1"": ""conflict"", ""2"": ""blocked""}, ""gw-3"": {""1"": ""blocked"", ""2"": ""blocked""}}"
2025-03-29 10:27:58,"{""gw-3"": {""1"": ""blocked"", ""2"": ""blocked""}, ""gw-1"": {""1"": ""conflict"", ""2"": ""blocked""}, ""gw-2"": {""1"": ""blocked"", ""2"": ""blocked""}}"
2025-03-29 10:28:12,"{""gw-3"": {""1"": ""blocked"", ""2"": ""blocked""}}"
2025-03-29 10:28:13,"{""gw-1"": {""1"": ""blocked"", ""2"": ""blocked""}}"
2025-03-29 10:28:15,"{""gw-1"": {""1"": ""blocked"", ""2"": ""blocked""}}"
2025-03-29 10:28:16,"{""gw-1"": {""1"": ""blocked"", ""2"": ""blocked""}}"
2025-03-29 10:28:16,"{""gw-3"": {""1"": ""blocked"", ""2"": ""blocked""}}"
2025-03-29 10:28:29,"{""gw-2"": {""1"": ""blocked"", ""2"": ""blocked""}}"
2025-03-29 10:28:31,"{""gw-1"": {""1"": ""blocked"", ""2"": ""blocked""}}"
2025-03-29 10:28:32,"{""gw-1"": {""1"": ""blocked"", ""2"": ""blocked""}}"
2025-03-29 10:28:34,"{""gw-2"": {""1"": ""blocked"", ""2"": ""blocked""}, ""gw-3"": {""1"": ""blocked"", ""2"": ""blocked""}}"
2025-03-29 10:28:36,"{""gw-3"": {""1"": ""blocked"", ""2"": ""blocked""}}"
2025-03-29 10:28:38,"{""gw-1"": {""1"": ""blocked"", ""2"": ""blocked""}, ""gw-2"": {""1"": ""blocked"", ""2"": ""blocked""}, ""gw-3"": {""1"": ""blocked"", ""2"": ""blocked""}}"
2025-03-29 10:28:38,"{""gw-3"": {""1"": ""blocked"", ""2"": ""blocked""}, ""gw-2"": {""1"": ""blocked"", ""2"": ""blocked""}, ""gw-1"": {""1"": ""blocked"", ""2"": ""blocked""}}"
2025-03-29 10:28:48,"{""gw-3"": {""1"": ""blocked"", ""2"": ""blocked""}}"
2025-03-29 10:28:55,"{""gw-2"": {""1"": ""conflict"", ""2"": ""conflict""}}"
2025-03-29 10:28:55,"{""gw-2"": {""1"": ""conflict"", ""2"": ""blocked""}}"
2025-03-29 10:28:55,"{""gw-1"": {""1"": ""conflict"", ""2"": ""blocked""}}"
2025-03-29 10:28:59,"{""gw-2"": {""1"": ""blocked"", ""2"": ""blocked""}}"
2025-03-29 10:29:01,"{""gw-1"": {""1"": ""blocked"", ""2"": ""blocked""}, ""gw-2"": {""1"": ""blocked"", ""2"": ""blocked""}}"
2025-03-29 10:29:02,"{""gw-1"": {""1"": ""blocked"", ""2"": ""blocked""}, ""gw-2"": {""1"": ""blocked"", ""2"": ""blocked""}}"
2025-03-29 10:29:03,"{""gw-2"": {""1"": ""blocked"", ""2"": ""blocked""}}"
2025-03-29 10:29:03,"{""gw-2"": {""1"": ""blocked"", ""2"": ""blocked""}}"
2025-03-29 10:29:04,"{""gw-3"": {""1"": ""blocked"", ""2"": ""blocked""}}"
2025-03-29 10:29:07,"{""gw-3"": {""1"": ""blocked"", ""2"": ""blocked""}, ""gw-2"": {""1"": ""blocked"", ""2"": ""conflict""}}"
2025-03-29 10:29:11,"{""gw-2"": {""1"": ""blocked"", ""2"": ""blocked""}}"
2025-03-29 10:29:12,"{""gw-1"": {""1"": ""blocked"", ""2"": ""blocked""}, ""gw-2"": {""1"": ""blocked"", ""2"": ""blocked""}}"
2025-03-29 10:29:13,"{""gw-1"": {""1"": ""blocked"", ""2"": ""blocked""}}"
2025-03-29 10:29:13,"{""gw-2"": {""1"": ""blocked"", ""2"": ""blocked""}, ""gw-3"": {""1"": ""conflict"", ""2"": ""conflict""}}"
2025-03-29 10:29:14,"{""gw-1"": {""1"": ""blocked"", ""2"": ""blocked""}}"
2025-03-29 10:29:15,"{""gw-2"": {""1"": ""blocked"", ""2"": ""blocked""}, ""gw-1"": {""1"": ""blocked"", ""2"": ""blocked""}}"
2025-03-29 10:29:20,"{""gw-3"": {""1"": ""blocked"", ""2"": ""blocked""}}"
2025-03-29 10:29:21,"{""gw-1"": {""1"": ""conflict"", ""2"": ""conflict""}}"
2025-03-29 10:29:22,"{""gw-3"": {""1"": ""blocked"", ""2"": ""blocked""}}"
2025-03-29 10:29:25,"{""gw-1"": {""1"": ""blocked"", ""2"": ""blocked""}}"
2025-03-29 10:29:25,"{""gw-1"": {""1"": ""blocked"", ""2"": ""blocked""}}"
2025-03-29 10:29:27,"{""gw-1"": {""1"": ""blocked"", ""2"": ""blocked""}}"
2025-03-29 10:29:30,"{""gw-1"": {""1"": ""blocked"", ""2"": ""blocked""}}"
2025-03-29 10:29:31,"{""gw-2"": {""1"": ""blocked"", ""2"": ""blocked""}}"
2025-03-29 10:29:33,"{""gw-2"": {""1"": ""blocked"", ""2"": ""blocked""}}"
2025-03-29 10:29:33,"{""gw-2"": {""1"": ""blocked"", ""2"": ""blocked""}, ""gw-1"": {""1"": ""blocked"", ""2"": ""conflict""}}"
2025-03-29 10:29:34,"{""gw-3"": {""1"": ""blocked"", ""2"": ""blocked""}, ""gw-1"": {""1"": ""conflict"", ""2"": ""blocked""}}"
2025-03-29 10:29:36,"{""gw-3"": {""1"": ""blocked"", ""2"": ""blocked""}}"
2025-03-29 10:29:41,"{""gw-2"": {""1"": ""blocked"", ""2"": ""blocked""}}"
2025-03-29 10:29:42,"{""gw-3"": {""1"": ""blocked"", ""2"": ""blocked""}, ""gw-1"": {""1"": ""blocked"", ""2"": ""blocked""}, ""gw-2"": {""1"": ""blocked"", ""2"": ""blocked""}}"
2025-03-29 10:29:43,"{""gw-2"": {""1"": ""blocked"", ""2"": ""blocked""}, ""gw-3"": {""1"": ""blocked"", ""2"": ""blocked""}}"
2025-03-29 10:29:44,"{""gw-2"": {""1"": ""blocked"", ""2"": ""blocked""}, ""gw-3"": {""1"": ""blocked"", ""2"": ""blocked""}}"
2025-03-29 10:29:48,"{""gw-1"": {""1"": ""blocked"", ""2"": ""blocked""}}"
2025-03-29 10:29:49,"{""gw-2"": {""1"": ""conflict"", ""2"": ""conflict""}}"
2025-03-29 10:29:50,"{""gw-1"": {""1"": ""blocked"", ""2"": ""blocked""}}"
2025-03-29 10:29:52,"{""gw-1"": {""1"": ""blocked"", ""2"": ""blocked""}}"
2025-03-29 10:29:52,"{""gw-2"": {""1"": ""blocked"", ""2"": ""blocked""}, ""gw-1"": {""1"": ""blocked"", ""2"": ""blocked""}}"
2025-03-29 10:29:52,"{""gw-2"": {""1"": ""blocked"", ""2"": ""blocked""}}"
2025-03-29 10:29:53,"{""gw-1"": {""1"": ""blocked"", ""2"": ""blocked""}, ""gw-3"": {""1"": ""blocked"", ""2"": ""conflict""}}"
2025-03-29 10:29:54,"{""gw-1"": {""1"": ""blocked"", ""2"": ""blocked""}}"
2025-03-29 10:29:55,"{""gw-2"": {""1"": ""blocked"", ""2"": ""blocked""}, ""gw-1"": {""1"": ""blocked"", ""2"": ""blocked""}}"
2025-03-29 10:29:57,"{""gw-2"": {""1"": ""blocked"", ""2"": ""blocked""}}"
2025-03-29 10:30:04,"{""gw-3"": {""1"": ""blocked"", ""2"": ""blocked""}}"
2025-03-29 10:30:04,"{""gw-3"": {""1"": ""blocked"", ""2"": ""blocked""}}"
2025-03-29 10:30:11,"{""gw-1"": {""1"": ""blocked"", ""2"": ""blocked""}}"
2025-03-29 10:30:13,"{""gw-3"": {""1"": ""blocked"", ""2"": ""blocked""}, ""gw-2"": {""1"": ""blocked"", ""2"": ""blocked""}}"
2025-03-29 10:30:15,"{""gw-1"": {""1"": ""blocked"", ""2"": ""conflict""}}"
2025-03-29 10:30:16,"{""gw-1"": {""1"": ""conflict"", ""2"": ""blocked""}}"
2025-03-29 10:30:20,"{""gw-3"": {""1"": ""conflict"", ""2"": ""conflict""}}"
2025-03-29 10:30:20,"{""gw-2"": {""1"": ""blocked"", ""2"": ""blocked""}, ""gw-3"": {""1"": ""conflict"", ""2"": ""blocked""}}"
2025-03-29 10:30:23,"{""gw-2"": {""1"": ""blocked"", ""2"": ""blocked""}, ""gw-1"": {""1"": ""blocked"", ""2"": ""blocked""}}"
2025-03-29 10:30:24,"{""gw-2"": {""1"": ""blocked"", ""2"": ""blocked""}}"
2025-03-29 10:30:24,"{""gw-2"": {""1"": ""blocked"", ""2"": ""blocked""}, ""gw-1"": {""1"": ""blocked"", ""2"": ""blocked""}}"
2025-03-29 10:30:24,"{""gw-1"": {""1"": ""blocked"", ""2"": ""blocked""}, ""gw-3"": {""1"": ""blocked"", ""2"": ""blocked""}}"
2025-03-29 10:30:25,"{""gw-1"": {""1"": ""blocked"", ""2"": ""blocked""}, ""gw-3"": {""1"": ""blocked"", ""2"": ""blocked""}}"
2025-03-29 10:30:31,"{""gw-3"": {""1"": ""blocked"", ""2"": ""blocked""}, ""gw-2"": {""1"": ""conflict"", ""2"": ""conflict""}}"
2025-03-29 10:30:34,"{""gw-2"": {""1"": ""blocked"", ""2"": ""blocked""}}"
2025-03-29 10:30:36,"{""gw-1"": {""1"": ""conflict"", ""2"": ""blocked""}}"
2025-03-29 10:30:36,"{""gw-3"": {""1"": ""blocked"", ""2"": ""blocked""}, ""gw-2"": {""1"": ""blocked"", ""2"": ""blocked""}}"
2025-03-29 10:30:36,"{""gw-2"": {""1"": ""blocked"", ""2"": ""blocked""}}"
2025-03-29 10:30:36,"{""gw-2"": {""1"": ""blocked"", ""2"": ""blocked""}, ""gw-3"": {""1"": ""blocked"", ""2"": ""blocked""}}"
2025-03-29 10:30:37,"{""gw-3"": {""1"": ""blocked"", ""2"": ""blocked""}, ""gw-2"": {""1"": ""blocked"", ""2"": ""blocked""}}"
2025-03-29 10:30:38,"{""gw-2"": {""1"": ""blocked"", ""2"": ""blocked""}, ""gw-1"": {""1"": ""blocked"", ""2"": ""blocked""}}"
2025-03-29 10:30:39,"{""gw-1"": {""1"": ""blocked"", ""2"": ""blocked""}, ""gw-3"": {""1"": ""blocked"", ""2"": ""blocked""}}"
2025-03-29 10:30:42,"{""gw-1"": {""1"": ""blocked"", ""2"": ""blocked""}}"
2025-03-29 10:30:44,"{""gw-1"": {""1"": ""blocked"", ""2"": ""blocked""}}"
2025-03-29 10:30:53,"{""gw-3"": {""1"": ""conflict"", ""2"": ""blocked""}}"
2025-03-29 10:30:54,"{""gw-2"": {""1"": ""conflict"", ""2"": ""conflict""}}"
2025-03-29 10:30:55,"{""gw-2"": {""1"": ""conflict"", ""2"": ""conflict""}}"
2025-03-29 10:31:05,"{""gw-1"": {""1"": ""blocked"", ""2"": ""blocked""}}"
2025-03-29 10:31:05,"{""gw-1"": {""1"": ""blocked"", ""2"": ""blocked""}}"
2025-03-29 10:31:06,"{""gw-1"": {""1"": ""blocked"", ""2"": ""blocked""}}"
2025-03-29 10:31:12,"{""gw-1"": {""1"": ""blocked"", ""2"": ""blocked""}}"
2025-03-29 10:31:13,"{""gw-1"": {""1"": ""conflict"", ""2"": ""conflict""}, ""gw-2"": {""1"": ""blocked"", ""2"": ""blocked""}}"
2025-03-29 10:31:15,"{""gw-2"": {""1"": ""blocked"", ""2"": ""blocked""}}"
2025-03-29 10:31:19,"{""gw-1"": {""1"": ""blocked"", ""2"": ""blocked""}}"
2025-03-29 10:31:20,"{""gw-3"": {""1"": ""blocked"", ""2"": ""blocked""}}"
2025-03-29 10:31:21,"{""gw-1"": {""1"": ""blocked"", ""2"": ""blocked""}, ""gw-3"": {""1"": ""blocked"", ""2"": ""blocked""}}"
2025-03-29 10:31:24,"{""gw-3"": {""1"": ""blocked"", ""2"": ""blocked""}, ""gw-2"": {""1"": ""blocked"", ""2"": ""blocked""}}"
2025-03-29 10:31:25,"{""gw-2"": {""1"": ""blocked"", ""2"": ""blocked""}}"
2025-03-29 10:31:38,"{""gw-2"": {""1"": ""blocked"", ""2"": ""blocked""}, ""gw-3"": {""1"": ""blocked"", ""2"": ""blocked""}}"
2025-03-29 10:31:39,"{""gw-2"": {""1"": ""blocked"", ""2"": ""blocked""}, ""gw-3"": {""1"": ""blocked"", ""2"": ""blocked""}}"
2025-03-29 10:31:42,"{""gw-3"": {""1"": ""blocked"", ""2"": ""conflict""}, ""gw-1"": {""1"": ""blocked"", ""2"": ""blocked""}}"
2025-03-29 10:31:42,"{""gw-3"": {""1"": ""blocked"", ""2"": ""conflict""}}"
2025-03-29 10:31:44,"{""gw-1"": {""1"": ""blocked"", ""2"": ""blocked""}}"
2025-03-29 10:31:45,"{""gw-1"": {""1"": ""blocked"", ""2"": ""blocked""}}"
2025-03-29 10:31:50,"{""gw-2"": {""1"": ""blocked"", ""2"": ""blocked""}, ""gw-3"": {""1"": ""blocked"", ""2"": ""blocked""}}"
2025-03-29 10:32:00,"{""gw-3"": {""1"": ""blocked"", ""2"": ""blocked""}}"
2025-03-29 10:32:01,"{""gw-3"": {""1"": ""blocked"", ""2"": ""blocked""}}"
2025-03-29 10:32:03,"{""gw-2"": {""1"": ""blocked"", ""2"": ""blocked""}}"
2025-03-29 10:32:05,"{""gw-3"": {""1"": ""blocked"", ""2"": ""blocked""}}"
2025-03-29 10:32:09,"{""gw-1"": {""1"": ""blocked"", ""2"": ""blocked""}}"
2025-03-29 10:32:16,"{""gw-1"": {""1"": ""blocked"", ""2"": ""conflict""}}"
2025-03-29 10:32:17,"{""gw-2"": {""1"": ""blocked"", ""2"": ""blocked""}}"
2025-03-29 10:32:22,"{""gw-3"": {""1"": ""blocked"", ""2"": ""blocked""}}"
2025-03-29 10:32:26,"{""gw-1"": {""1"": ""blocked"", ""2"": ""blocked""}}"
2025-03-29 10:32:27,"{""gw-1"": {""1"": ""blocked"", ""2"": ""conflict""}}"
2025-03-29 10:32:31,"{""gw-3"": {""1"": ""conflict"", ""2"": ""conflict""}}"
2025-03-29 10:32:32,"{""gw-2"": {""1"": ""blocked"", ""2"": ""blocked""}}"
2025-03-29 10:32:34,"{""gw-2"": {""1"": ""blocked"", ""2"": ""blocked""}}"
2025-03-29 10:32:36,"{""gw-1"": {""1"": ""blocked"", ""2"": ""blocked""}}"
2025-03-29 10:32:43,"{""gw-3"": {""1"": ""blocked"", ""2"": ""conflict""}}"
2025-03-29 10:32:45,"{""gw-1"": {""1"": ""blocked"", ""2"": ""blocked""}}"
2025-03-29 10:32:46,"{""gw-1"": {""1"": ""blocked"", ""2"": ""blocked""}}"
2025-03-29 10:32:46,"{""gw-1"": {""1"": ""blocked"", ""2"": ""blocked""}, ""gw-3"": {""1"": ""blocked"", ""2"": ""blocked""}}"
2025-03-29 10:32:47,"{""gw-2"": {""1"": ""blocked"", ""2"": ""blocked""}}"
2025-03-29 10:32:47,"{""gw-1"": {""1"": ""blocked"", ""2"": ""blocked""}}"
2025-03-29 10:32:51,"{""gw-3"": {""1"": ""blocked"", ""2"": ""blocked""}, ""gw-2"": {""1"": ""blocked"", ""2"": ""blocked""}}"
2025-03-29 10:33:08,"{""gw-1"": {""1"": ""blocked"", ""2"": ""blocked""}, ""gw-2"": {""1"": ""blocked"", ""2"": ""blocked""}}"
2025-03-29 10:33:08,"{""gw-3"": {""1"": ""blocked"", ""2"": ""blocked""}}"
2025-03-29 10:33:10,"{""gw-2"": {""1"": ""blocked"", ""2"": ""blocked""}}"
2025-03-29 10:33:18,"{""gw-1"": {""1"": ""conflict"", ""2"": ""blocked""}}"
2025-03-29 10:33:22,"{""gw-1"": {""1"": ""blocked"", ""2"": ""blocked""}}"
2025-03-29 10:33:27,"{""gw-3"": {""1"": ""blocked"", ""2"": ""blocked""}}"
2025-03-29 10:33:34,"{""gw-3"": {""1"": ""blocked"", ""2"": ""blocked""}}"
2025-03-29 10:33:37,"{""gw-2"": {""1"": ""conflict"", ""2"": ""blocked""}}"
2025-03-29 10:33:44,"{""gw-1"": {""1"": ""blocked"", ""2"": ""blocked""}}"
2025-03-29 10:33:46,"{""gw-3"": {""1"": ""blocked"", ""2"": ""blocked""}}"
2025-03-29 10:33:51,"{""gw-2"": {""1"": ""blocked"", ""2"": ""conflict""}}"
2025-03-29 10:33:51,"{""gw-1"": {""1"": ""blocked"", ""2"": ""conflict""}}"
2025-03-29 10:33:52,"{""gw-2"": {""1"": ""conflict"", ""2"": ""blocked""}}"
2025-03-29 10:33:53,"{""gw-3"": {""1"": ""blocked"", ""2"": ""blocked""}}"
2025-03-29 10:33:54,"{""gw-2"": {""1"": ""blocked"", ""2"": ""blocked""}}"
2025-03-29 10:33:56,"{""gw-1"": {""1"": ""blocked"", ""2"": ""blocked""}}"
2025-03-29 10:33:58,"{""gw-1"": {""1"": ""blocked"", ""2"": ""blocked""}}"
2025-03-29 10:33:58,"{""gw-1"": {""1"": ""blocked"", ""2"": ""blocked""}, ""gw-3"": {""1"": ""blocked"", ""2"": ""blocked""}, ""gw-2"": {""1"": ""blocked"", ""2"": ""blocked""}}"
2025-03-29 10:34:00,"{""gw-3"": {""1"": ""blocked"", ""2"": ""blocked""}}"
2025-03-29 10:34:02,"{""gw-1"": {""1"": ""blocked"", ""2"": ""blocked""}, ""gw-3"": {""1"": ""blocked"", ""2"": ""conflict""}}"
2025-03-29 10:34:04,"{""gw-1"": {""1"": ""conflict"", ""2"": ""blocked""}}"
2025-03-29 10:34:05,"{""gw-2"": {""1"": ""conflict"", ""2"": ""conflict""}}"
2025-03-29 10:34:08,"{""gw-2"": {""1"": ""blocked"", ""2"": ""blocked""}, ""gw-1"": {""1"": ""blocked"", ""2"": ""blocked""}}"
2025-03-29 10:34:09,"{""gw-3"": {""1"": ""blocked"", ""2"": ""blocked""}}"
2025-03-29 10:34:12,"{""gw-3"": {""1"": ""blocked"", ""2"": ""blocked""}, ""gw-1"": {""1"": ""blocked"", ""2"": ""blocked""}}"
2025-03-29 10:34:12,"{""gw-1"": {""1"": ""blocked"", ""2"": ""blocked""}}"
2025-03-29 10:34:14,"{""gw-2"": {""1"": ""blocked"", ""2"": ""blocked""}}"
2025-03-29 10:34:21,"{""gw-1"": {""1"": ""blocked"", ""2"": ""blocked""}}"
2025-03-29 10:34:23,"{""gw-1"": {""1"": ""blocked"", ""2"": ""blocked""}, ""gw-2"": {""1"": ""blocked"", ""2"": ""conflict""}}"
2025-03-29 10:34:23,"{""gw-1"": {""1"": ""blocked"", ""2"": ""blocked""}}"
2025-03-29 10:34:40,"{""gw-2"": {""1"": ""conflict"", ""2"": ""blocked""}}"
2025-03-29 10:34:45,"{""gw-2"": {""1"": ""blocked"", ""2"": ""blocked""}}"
2025-03-29 10:34:48,"{""gw-1"": {""1"": ""blocked"", ""2"": ""conflict""}}"
2025-03-29 10:34:53,"{""gw-2"": {""1"": ""conflict"", ""2"": ""conflict""}}"
2025-03-29 10:34:57,"{""gw-1"": {""1"": ""blocked"", ""2"": ""blocked""}}"
2025-03-29 10:34:58,"{""gw-2"": {""1"": ""blocked"", ""2"": ""blocked""}, ""gw-1"": {""1"": ""blocked"", ""2"": ""blocked""}}"
2025-03-29 10:34:59,"{""gw-2"": {""1"": ""blocked"", ""2"": ""blocked""}, ""gw-3"": {""1"": ""blocked"", ""2"": ""blocked""}}"
2025-03-29 10:34:59,"{""gw-1"": {""1"": ""blocked"", ""2"": ""blocked""}}"
2025-03-29 10:35:05,"{""gw-1"": {""1"": ""blocked"", ""2"": ""blocked""}}"
2025-03-29 10:35:07,"{""gw-3"": {""1"": ""conflict"", ""2"": ""conflict""}}"
2025-03-29 10:35:08,"{""gw-1"": {""1"": ""blocked"", ""2"": ""blocked""}, ""gw-3"": {""1"": ""conflict"", ""2"": ""conflict""}}"
2025-03-29 10:35:08,"{""gw-3"": {""1"": ""conflict"", ""2"": ""blocked""}, ""gw-1"": {""1"": ""blocked"", ""2"": ""blocked""}}"
2025-03-29 10:35:09,"{""gw-1"": {""1"": ""blocked"", ""2"": ""blocked""}}"
2025-03-29 10:35:13,"{""gw-1"": {""1"": ""blocked"", ""2"": ""conflict""}}"
2025-03-29 10:35:13,"{""gw-1"": {""1"": ""conflict"", ""2"": ""conflict""}}"
2025-03-29 10:35:13,"{""gw-2"": {""1"": ""blocked"", ""2"": ""blocked""}, ""gw-3"": {""1"": ""blocked"", ""2"": ""blocked""}}"
2025-03-29 10:35:14,"{""gw-3"": {""1"": ""blocked"", ""2"": ""blocked""}, ""gw-1"": {""1"": ""conflict"", ""2"": ""blocked""}}"
2025-03-29 10:35:14,"{""gw-1"": {""1"": ""conflict"", ""2"": ""blocked""}}"
2025-03-29 10:35:23,"{""gw-1"": {""1"": ""blocked"", ""2"": ""blocked""}, ""gw-2"": {""1"": ""conflict"", ""2"": ""conflict""}}"
2025-03-29 10:35:26,"{""gw-2"": {""1"": ""blocked"", ""2"": ""blocked""}, ""gw-1"": {""1"": ""blocked"", ""2"": ""conflict""}}"
2025-03-29 10:35:27,"{""gw-1"": {""1"": ""conflict"", ""2"": ""blocked""}}"
2025-03-29 10:35:27,"{""gw-1"": {""1"": ""conflict"", ""2"": ""blocked""}}"
2025-03-29 10:35:28,"{""gw-1"": {""1"": ""conflict"", ""2"": ""blocked""}}"
2025-03-29 10:35:29,"{""gw-2"": {""1"": ""blocked"", ""2"": ""blocked""}}"
2025-03-29 10:35:29,"{""gw-2"": {""1"": ""blocked"", ""2"": ""blocked""}}"
2025-03-29 10:35:29,"{""gw-2"": {""1"": ""blocked"", ""2"": ""blocked""}, ""gw-3"": {""1"": ""conflict"", ""2"": ""conflict""}}"
2025-03-29 10:35:33,"{""gw-2"": {""1"": ""blocked"", ""2"": ""blocked""}}"
2025-03-29 10:35:36,"{""gw-3"": {""1"": ""blocked"", ""2"": ""blocked""}, ""gw-1"": {""1"": ""blocked"", ""2"": ""blocked""}, ""gw-2"": {""1"": ""conflict"", ""2"": ""blocked""}}"
2025-03-29 10:35:44,"{""gw-2"": {""1"": ""blocked"", ""2"": ""blocked""}}"
2025-03-29 10:35:45,"{""gw-1"": {""1"": ""blocked"", ""2"": ""blocked""}}"
2025-03-29 10:35:45,"{""gw-2"": {""1"": ""blocked"", ""2"": ""blocked""}, ""gw-1"": {""1"": ""blocked"", ""2"": ""blocked""}}"
2025-03-29 10:35:46,"{""gw-1"": {""1"": ""blocked"", ""2"": ""blocked""}}"
2025-03-29 10:35:49,"{""gw-1"": {""1"": ""blocked"", ""2"": ""blocked""}}"
2025-03-29 10:35:49,"{""gw-1"": {""1"": ""blocked"", ""2"": ""blocked""}}"
2025-03-29 10:35:50,"{""gw-1"": {""1"": ""blocked"", ""2"": ""blocked""}}"
2025-03-29 10:35:55,"{""gw-1"": {""1"": ""conflict"", ""2"": ""blocked""}}"
2025-03-29 10:35:56,"{""gw-3"": {""1"": ""blocked"", ""2"": ""blocked""}}"
2025-03-29 10:35:59,"{""gw-1"": {""1"": ""blocked"", ""2"": ""blocked""}, ""gw-3"": {""1"": ""blocked"", ""2"": ""blocked""}}"
2025-03-29 10:36:00,"{""gw-2"": {""1"": ""blocked"", ""2"": ""conflict""}}"
2025-03-29 10:36:13,"{""gw-2"": {""1"": ""conflict"", ""2"": ""blocked""}}"
2025-03-29 10:36:32,"{""gw-1"": {""1"": ""blocked"", ""2"": ""blocked""}}"
2025-03-29 10:36:37,"{""gw-3"": {""1"": ""blocked"", ""2"": ""blocked""}, ""gw-1"": {""1"": ""blocked"", ""2"": ""blocked""}}"
2025-03-29 10:36:37,"{""gw-2"": {""1"": ""blocked"", ""2"": ""blocked""}, ""gw-1"": {""1"": ""blocked"", ""2"": ""blocked""}}"
2025-03-29 10:36:38,"{""gw-3"": {""1"": ""blocked"", ""2"": ""blocked""}, ""gw-2"": {""1"": ""blocked"", ""2"": ""blocked""}}"
2025-03-29 10:36:38,"{""gw-3"": {""1"": ""blocked"", ""2"": ""blocked""}}"
2025-03-29 10:36:47,"{""gw-2"": {""1"": ""blocked"", ""2"": ""blocked""}}"
2025-03-29 10:36:49,"{""gw-2"": {""1"": ""blocked"", ""2"": ""blocked""}}"
2025-03-29 10:36:51,"{""gw-2"": {""1"": ""blocked"", ""2"": ""blocked""}, ""gw-3"": {""1"": ""blocked"", ""2"": ""blocked""}}"
2025-03-29 10:36:52,"{""gw-2"": {""1"": ""blocked"", ""2"": ""blocked""}}"
2025-03-29 10:36:52,"{""gw-3"": {""1"": ""blocked"", ""2"": ""blocked""}, ""gw-2"": {""1"": ""blocked"", ""2"": ""blocked""}}"
2025-03-29 10:36:53,"{""gw-2"": {""1"": ""blocked"", ""2"": ""blocked""}}"
2025-03-29 10:37:02,"{""gw-1"": {""1"": ""blocked"", ""2"": ""blocked""}, ""gw-3"": {""1"": ""blocked"", ""2"": ""blocked""}}"
2025-03-29 10:37:03,"{""gw-1"": {""1"": ""blocked"", ""2"": ""blocked""}}"
2025-03-29 10:37:03,"{""gw-2"": {""1"": ""blocked"", ""2"": ""blocked""}, ""gw-3"": {""1"": ""blocked"", ""2"": ""blocked""}}"
2025-03-29 10:37:04,"{""gw-2"": {""1"": ""blocked"", ""2"": ""blocked""}}"
2025-03-29 10:37:06,"{""gw-3"": {""1"": ""blocked"", ""2"": ""blocked""}}"
2025-03-29 10:37:06,"{""gw-3"": {""1"": ""blocked"", ""2"": ""blocked""}, ""gw-2"": {""1"": ""blocked"", ""2"": ""blocked""}}"
2025-03-29 10:37:06,"{""gw-2"": {""1"": ""blocked"", ""2"": ""blocked""}}"
2025-03-29 10:37:08,"{""gw-2"": {""1"": ""blocked"", ""2"": ""blocked""}, ""gw-3"": {""1"": ""blocked"", ""2"": ""conflict""}}"
2025-03-29 10:37:12,"{""gw-3"": {""1"": ""blocked"", ""2"": ""blocked""}}"
2025-03-29 10:37:14,"{""gw-3"": {""1"": ""blocked"", ""2"": ""blocked""}}"
2025-03-29 10:37:17,"{""gw-3"": {""1"": ""blocked"", ""2"": ""blocked""}, ""gw-2"": {""1"": ""blocked"", ""2"": ""blocked""}}"
2025-03-29 10:37:18,"{""gw-1"": {""1"": ""conflict"", ""2"": ""conflict""}}"
2025-03-29 10:37:19,"{""gw-3"": {""1"": ""blocked"", ""2"": ""blocked""}}"
2025-03-29 10:37:19,"{""gw-2"": {""1"": ""blocked"", ""2"": ""blocked""}}"
2025-03-29 10:37:28,"{""gw-3"": {""1"": ""blocked"", ""2"": ""conflict""}}"
2025-03-29 10:37:28,"{""gw-1"": {""1"": ""blocked"", ""2"": ""blocked""}, ""gw-2"": {""1"": ""blocked"", ""2"": ""conflict""}, ""gw-3"": {""1"": ""blocked"", ""2"": ""conflict""}}"
2025-03-29 10:37:36,"{""gw-2"": {""1"": ""blocked"", ""2"": ""blocked""}, ""gw-1"": {""1"": ""blocked"", ""2"": ""blocked""}}"
2025-03-29 10:37:38,"{""gw-1"": {""1"": ""blocked"", ""2"": ""blocked""}}"
2025-03-29 10:37:39,"{""gw-2"": {""1"": ""blocked"", ""2"": ""blocked""}}"
2025-03-29 10:37:43,"{""gw-3"": {""1"": ""conflict"", ""2"": ""blocked""}, ""gw-1"": {""1"": ""conflict"", ""2"": ""conflict""}}"
2025-03-29 10:37:44,"{""gw-1"": {""1"": ""conflict"", ""2"": ""blocked""}}"
2025-03-29 10:37:46,"{""gw-3"": {""1"": ""blocked"", ""2"": ""blocked""}}"
2025-03-29 10:37:47,"{""gw-2"": {""1"": ""blocked"", ""2"": ""blocked""}, ""gw-3"": {""1"": ""blocked"", ""2"": ""blocked""}}"
2025-03-29 10:37:50,"{""gw-2"": {""1"": ""blocked"", ""2"": ""blocked""}, ""gw-3"": {""1"": ""blocked"", ""2"": ""blocked""}}"
2025-03-29 10:37:50,"{""gw-1"": {""1"": ""blocked"", ""2"": ""blocked""}}"
2025-03-29 10:37:51,"{""gw-1"": {""1"": ""blocked"", ""2"": ""blocked""}, ""gw-2"": {""1"": ""blocked"", ""2"": ""blocked""}, ""gw-3"": {""1"": ""blocked"", ""2"": ""blocked""}}"
2025-03-29 10:38:03,"{""gw-3"": {""1"": ""blocked"", ""2"": ""blocked""}, ""gw-1"": {""1"": ""conflict"", ""2"": ""conflict""}}"
2025-03-29 10:38:04,"{""gw-1"": {""1"": ""conflict"", ""2"": ""blocked""}, ""gw-3"": {""1"": ""blocked"", ""2"": ""blocked""}}"
2025-03-29 10:38:08,"{""gw-3"": {""1"": ""blocked"", ""2"": ""blocked""}, ""gw-1"": {""1"": ""blocked"", ""2"": ""blocked""}}"
2025-03-29 10:38:09,"{""gw-3"": {""1"": ""blocked"", ""2"": ""conflict""}}"
2025-03-29 10:38:11,"{""gw-2"": {""1"": ""blocked"", ""2"": ""conflict""}, ""gw-1"": {""1"": ""blocked"", ""2"": ""blocked""}}"
2025-03-29 10:38:11,"{""gw-1"": {""1"": ""blocked"", ""2"": ""blocked""}, ""gw-2"": {""1"": ""conflict"", ""2"": ""blocked""}}"
2025-03-29 10:38:13,"{""gw-1"": {""1"": ""blocked"", ""2"": ""blocked""}}"
2025-03-29 10:38:13,"{""gw-1"": {""1"": ""blocked"", ""2"": ""blocked""}}"
2025-03-29 10:38:15,"{""gw-2"": {""1"": ""blocked"", ""2"": ""blocked""}}"
2025-03-29 10:38:16,"{""gw-2"": {""1"": ""blocked"", ""2"": ""blocked""}}"
2025-03-29 10:38:28,"{""gw-1"": {""1"": ""conflict"", ""2"": ""blocked""}}"
2025-03-29 10:38:29,"{""gw-3"": {""1"": ""blocked"", ""2"": ""blocked""}}"
2025-03-29 10:38:35,"{""gw-1"": {""1"": ""conflict"", ""2"": ""blocked""}, ""gw-2"": {""1"": ""blocked"", ""2"": ""blocked""}}"
2025-03-29 10:38:39,"{""gw-1"": {""1"": ""blocked"", ""2"": ""blocked""}}"
2025-03-29 10:38:40,"{""gw-3"": {""1"": ""conflict"", ""2"": ""blocked""}, ""gw-1"": {""1"": ""blocked"", ""2"": ""blocked""}}"
2025-03-29 10:38:42,"{""gw-2"": {""1"": ""blocked"", ""2"": ""blocked""}, ""gw-1"": {""1"": ""blocked"", ""2"": ""blocked""}}"
2025-03-29 10:38:45,"{""gw-2"": {""1"": ""blocked"", ""2"": ""blocked""}}"
2025-03-29 10:38:46,"{""gw-2"": {""1"": ""blocked"", ""2"": ""blocked""}, ""gw-1"": {""1"": ""conflict"", ""2"": ""conflict""}}"
2025-03-29 10:38:51,"{""gw-1"": {""1"": ""blocked"", ""2"": ""blocked""}}"
2025-03-29 10:38:54,"{""gw-1"": {""1"": ""blocked"", ""2"": ""blocked""}}"
2025-03-29 10:38:55,"{""gw-1"": {""1"": ""blocked"", ""2"": ""blocked""}}"
2025-03-29 10:39:03,"{""gw-1"": {""1"": ""blocked"", ""2"": ""conflict""}}"
2025-03-29 10:39:04,"{""gw-3"": {""1"": ""blocked"", ""2"": ""blocked""}}"
2025-03-29 10:39:05,"{""gw-3"": {""1"": ""blocked"", ""2"": ""blocked""}}"
2025-03-29 10:39:06,"{""gw-3"": {""1"": ""blocked"", ""2"": ""blocked""}}"
2025-03-29 10:39:07,"{""gw-3"": {""1"": ""blocked"", ""2"": ""blocked""}}"
2025-03-29 10:39:11,"{""gw-2"": {""1"": ""conflict"", ""2"": ""blocked""}, ""gw-1"": {""1"": ""blocked"", ""2"": ""blocked""}}"
2025-03-29 10:39:11,"{""gw-1"": {""1"": ""blocked"", ""2"": ""blocked""}}"
2025-03-29 10:39:12,"{""gw-1"": {""1"": ""blocked"", ""2"": ""blocked""}}"
2025-03-29 10:39:14,"{""gw-3"": {""1"": ""conflict"", ""2"": ""conflict""}}"
2025-03-29 10:39:15,"{""gw-2"": {""1"": ""blocked"", ""2"": ""blocked""}}"
2025-03-29 10:39:18,"{""gw-1"": {""1"": ""blocked"", ""2"": ""conflict""}}"
2025-03-29 10:39:21,"{""gw-3"": {""1"": ""blocked"", ""2"": ""blocked""}}"
2025-03-29 10:39:23,"{""gw-3"": {""1"": ""blocked"", ""2"": ""blocked""}}"
2025-03-29 10:39:32,"{""gw-2"": {""1"": ""blocked"", ""2"": ""blocked""}, ""gw-3"": {""1"": ""conflict"", ""2"": ""conflict""}}"
2025-03-29 10:39:35,"{""gw-1"": {""1"": ""blocked"", ""2"": ""conflict""}}"
2025-03-29 10:39:35,"{""gw-1"": {""1"": ""blocked"", ""2"": ""conflict""}, ""gw-3"": {""1"": ""blocked"", ""2"": ""blocked""}}"
2025-03-29 10:39:39,"{""gw-2"": {""1"": ""conflict"", ""2"": ""conflict""}, ""gw-3"": {""1"": ""blocked"", ""2"": ""blocked""}}"
2025-03-29 10:39:39,"{""gw-1"": {""1"": ""blocked"", ""2"": ""blocked""}}"
2025-03-29 10:39:39,"{""gw-1"": {""1"": ""blocked"", ""2"": ""blocked""}}"
2025-03-29 10:39:43,"{""gw-2"": {""1"": ""blocked"", ""2"": ""blocked""}, ""gw-1"": {""1"": ""blocked"", ""2"": ""blocked""}}"
2025-03-29 10:39:45,"{""gw-2"": {""1"": ""blocked"", ""2"": ""blocked""}}"
2025-03-29 10:39:45,"{""gw-1"": {""1"": ""blocked"", ""2"": ""blocked""}}"
2025-03-29 10:39:46,"{""gw-1"": {""1"": ""blocked"", ""2"": ""blocked""}}"
2025-03-29 10:39:46,"{""gw-3"": {""1"": ""conflict"", ""2"": ""conflict""}}"
2025-03-29 10:39:47,"{""gw-3"": {""1"": ""conflict"", ""2"": ""blocked""}, ""gw-2"": {""1"": ""blocked"", ""2"": ""blocked""}}"
2025-03-29 10:39:52,"{""gw-3"": {""1"": ""blocked"", ""2"": ""blocked""}}"
2025-03-29 10:39:53,"{""gw-2"": {""1"": ""blocked"", ""2"": ""conflict""}, ""gw-3"": {""1"": ""blocked"", ""2"": ""blocked""}}"
2025-03-29 10:39:54,"{""gw-1"": {""1"": ""conflict"", ""2"": ""blocked""}}"
2025-03-29 10:39:55,"{""gw-2"": {""1"": ""conflict"", ""2"": ""blocked""}}"
2025-03-29 10:39:56,"{""gw-2"": {""1"": ""blocked"", ""2"": ""blocked""}}"
2025-03-29 10:39:58,"{""gw-2"": {""1"": ""blocked"", ""2"": ""blocked""}}"
2025-03-29 10:39:59,"{""gw-1"": {""1"": ""blocked"", ""2"": ""blocked""}}"
2025-03-29 10:40:02,"{""gw-1"": {""1"": ""blocked"", ""2"": ""blocked""}, ""gw-3"": {""1"": ""blocked"", ""2"": ""conflict""}}"
2025-03-29 10:40:03,"{""gw-3"": {""1"": ""conflict"", ""2"": ""blocked""}}"
2025-03-29 10:40:06,"{""gw-3"": {""1"": ""blocked"", ""2"": ""blocked""}}"
2025-03-29 10:40:07,"{""gw-3"": {""1"": ""blocked"", ""2"": ""blocked""}, ""gw-2"": {""1"": ""conflict"", ""2"": ""conflict""}}"
2025-03-29 10:40:08,"{""gw-3"": {""1"": ""blocked"", ""2"": ""blocked""}, ""gw-1"": {""1"": ""conflict"", ""2"": ""conflict""}}"
2025-03-29 10:40:08,"{""gw-3"": {""1"": ""blocked"", ""2"": ""blocked""}}"
2025-03-29 10:40:09,"{""gw-3"": {""1"": ""blocked"", ""2"": ""blocked""}}"
2025-03-29 10:40:09,"{""gw-1"": {""1"": ""conflict"", ""2"": ""blocked""}}"
2025-03-29 10:40:09,"{""gw-1"": {""1"": ""conflict"", ""2"": ""blocked""}}"
2025-03-29 10:40:13,"{""gw-1"": {""1"": ""blocked"", ""2"": ""blocked""}}"
2025-03-29 10:40:13,"{""gw-1"": {""1"": ""blocked"", ""2"": ""blocked""}, ""gw-2"": {""1"": ""blocked"", ""2"": ""blocked""}}"
2025-03-29 10:40:13,"{""gw-2"": {""1"": ""blocked"", ""2"": ""blocked""}}"
2025-03-29 10:40:15,"{""gw-1"": {""1"": ""blocked"", ""2"": ""blocked""}}"
2025-03-29 10:40:18,"{""gw-2"": {""1"": ""blocked"", ""2"": ""blocked""}}"
2025-03-29 10:40:24,"{""gw-1"": {""1"": ""conflict"", ""2"": ""blocked""}}"
2025-03-29 10:40:28,"{""gw-3"": {""1"": ""blocked"", ""2"": ""blocked""}, ""gw-1"": {""1"": ""blocked"", ""2"": ""blocked""}}"
2025-03-29 10:40:29,"{""gw-1"": {""1"": ""blocked"", ""2"": ""blocked""}}"
2025-03-29 10:40:29,"{""gw-1"": {""1"": ""blocked"", ""2"": ""blocked""}}"
2025-03-29 10:40:31,"{""gw-1"": {""1"": ""blocked"", ""2"": ""blocked""}, ""gw-3"": {""1"": ""blocked"", ""2"": ""conflict""}}"
2025-03-29 10:40:32,"{""gw-3"": {""1"": ""conflict"", ""2"": ""conflict""}}"
2025-03-29 10:40:32,"{""gw-3"": {""1"": ""conflict"", ""2"": ""blocked""}, ""gw-1"": {""1"": ""blocked"", ""2"": ""blocked""}}"
2025-03-29 10:40:32,"{""gw-2"": {""1"": ""blocked"", ""2"": ""blocked""}, ""gw-3"": {""1"": ""conflict"", ""2"": ""blocked""}}"
2025-03-29 10:40:34,"{""gw-1"": {""1"": ""blocked"", ""2"": ""blocked""}}"
2025-03-29 10:40:35,"{""gw-3"": {""1"": ""blocked"", ""2"": ""blocked""}}"
2025-03-29 10:40:36,"{""gw-2"": {""1"": ""blocked"", ""2"": ""conflict""}, ""gw-1"": {""1"": ""conflict"", ""2"": ""blocked""}}"
2025-03-29 10:40:38,"{""gw-2"": {""1"": ""conflict"", ""2"": ""blocked""}}"
2025-03-29 10:40:38,"{""gw-2"": {""1"": ""conflict"", ""2"": ""blocked""}}"
2025-03-29 10:40:42,"{""gw-1"": {""1"": ""blocked"", ""2"": ""blocked""}}"
2025-03-29 10:40:46,"{""gw-1"": {""1"": ""blocked"", ""2"": ""blocked""}}"
2025-03-29 10:40:48,"{""gw-1"": {""1"": ""blocked"", ""2"": ""conflict""}, ""gw-3"": {""1"": ""blocked"", ""2"": ""blocked""}}"
2025-03-29 10:40:50,"{""gw-3"": {""1"": ""blocked"", ""2"": ""blocked""}}"
2025-03-29 10:40:50,"{""gw-3"": {""1"": ""blocked"", ""2"": ""blocked""}}"
2025-03-29 10:40:50,"{""gw-1"": {""1"": ""conflict"", ""2"": ""blocked""}}"
2025-03-29 10:40:55,"{""gw-1"": {""1"": ""blocked"", ""2"": ""blocked""}}"
2025-03-29 10:41:03,"{""gw-2"": {""1"": ""blocked"", ""2"": ""blocked""}}"
2025-03-29 10:41:08,"{""gw-3"": {""1"": ""blocked"", ""2"": ""blocked""}}"
2025-03-29 10:41:09,"{""gw-1"": {""1"": ""blocked"", ""2"": ""blocked""}}"
2025-03-29 10:41:09,"{""gw-1"": {""1"": ""blocked"", ""2"": ""blocked""}}"
2025-03-29 10:41:13,"{""gw-1"": {""2"": ""blocked""}, ""gw-2"": {""2"": ""blocked""}}"
2025-03-29 10:41:13,"{""gw-2"": {""2"": ""blocked""}}"
2025-03-29 10:41:14,"{""gw-2"": {""1"": ""blocked"", ""2"": ""blocked""}}"
2025-03-29 10:41:15,"{""gw-2"": {""1"": ""blocked"", ""2"": ""blocked""}}"
2025-03-29 10:41:16,"{""gw-3"": {""1"": ""blocked"", ""2"": ""blocked""}}"
2025-03-29 10:41:19,"{""gw-1"": {""1"": ""blocked"", ""2"": ""blocked""}}"
2025-03-29 10:41:20,"{""gw-3"": {""1"": ""blocked"", ""2"": ""blocked""}}"
2025-03-29 10:41:21,"{""gw-1"": {""1"": ""blocked"", ""2"": ""blocked""}}"
2025-03-29 10:41:23,"{""gw-1"": {""1"": ""blocked"", ""2"": ""blocked""}}"
2025-03-29 10:41:29,"{""gw-3"": {""1"": ""conflict"", ""2"": ""blocked""}}"
2025-03-29 10:41:29,"{""gw-3"": {""1"": ""conflict"", ""2"": ""blocked""}}"
2025-03-29 10:41:29,"{""gw-3"": {""1"": ""conflict"", ""2"": ""blocked""}}"
2025-03-29 10:41:33,"{""gw-2"": {""1"": ""blocked"", ""2"": ""blocked""}}"
2025-03-29 10:41:33,"{""gw-3"": {""1"": ""blocked"", ""2"": ""blocked""}}"
2025-03-29 10:41:34,"{""gw-1"": {""1"": ""blocked"", ""2"": ""blocked""}}"
2025-03-29 10:41:34,"{""gw-2"": {""1"": ""blocked"", ""2"": ""blocked""}}"
2025-03-29 10:41:35,"{""gw-3"": {""1"": ""blocked"", ""2"": ""blocked""}}"
2025-03-29 10:41:36,"{""gw-2"": {""1"": ""blocked"", ""2"": ""blocked""}, ""gw-3"": {""1"": ""blocked"", ""2"": ""blocked""}}"
2025-03-29 10:41:37,"{""gw-1"": {""1"": ""blocked"", ""2"": ""blocked""}}"
2025-03-29 10:41:37,"{""gw-3"": {""1"": ""blocked"", ""2"": ""blocked""}}"
2025-03-29 10:41:37,"{""gw-2"": {""1"": ""blocked"", ""2"": ""blocked""}}"
2025-03-29 10:41:46,"{""gw-1"": {""1"": ""blocked"", ""2"": ""blocked""}, ""gw-2"": {""1"": ""blocked"", ""2"": ""blocked""}}"
2025-03-29 10:41:47,"{""gw-1"": {""1"": ""blocked"", ""2"": ""blocked""}, ""gw-2"": {""1"": ""blocked"", ""2"": ""blocked""}}"
2025-03-29 10:41:47,"{""gw-2"": {""1"": ""blocked"", ""2"": ""blocked""}, ""gw-3"": {""1"": ""blocked"", ""2"": ""blocked""}}"
2025-03-29 10:41:48,"{""gw-1"": {""1"": ""blocked"", ""2"": ""blocked""}}"
2025-03-29 10:41:49,"{""gw-1"": {""1"": ""blocked"", ""2"": ""blocked""}}"
2025-03-29 10:41:49,"{""gw-1"": {""1"": ""blocked"", ""2"": ""blocked""}}"
2025-03-29 10:41:56,"{""gw-1"": {""1"": ""blocked"", ""2"": ""blocked""}}"
2025-03-29 10:41:58,"{""gw-3"": {""1"": ""conflict"", ""2"": ""conflict""}}"
2025-03-29 10:41:59,"{""gw-1"": {""1"": ""blocked"", ""2"": ""blocked""}}"
2025-03-29 10:42:04,"{""gw-3"": {""1"": ""blocked"", ""2"": ""blocked""}, ""gw-2"": {""1"": ""blocked"", ""2"": ""blocked""}}"
2025-03-29 10:42:08,"{""gw-3"": {""1"": ""blocked"", ""2"": ""blocked""}}"
2025-03-29 10:42:09,"{""gw-2"": {""1"": ""blocked"", ""2"": ""blocked""}}"
2025-03-29 10:42:12,"{""gw-2"": {""1"": ""blocked"", ""2"": ""conflict""}, ""gw-1"": {""1"": ""blocked"", ""2"": ""blocked""}}"
2025-03-29 10:42:13,"{""gw-1"": {""1"": ""blocked"", ""2"": ""blocked""}}"
2025-03-29 10:42:13,"{""gw-1"": {""1"": ""blocked"", ""2"": ""blocked""}}"
2025-03-29 10:42:15,"{""gw-1"": {""1"": ""blocked"", ""2"": ""blocked""}}"
2025-03-29 10:42:18,"{""gw-1"": {""1"": ""blocked"", ""2"": ""blocked""}}"
2025-03-29 10:42:20,"{""gw-3"": {""1"": ""blocked"", ""2"": ""blocked""}}"
2025-03-29 10:42:31,"{""gw-3"": {""1"": ""blocked"", ""2"": ""blocked""}}"
2025-03-29 10:42:33,"{""gw-3"": {""1"": ""blocked"", ""2"": ""blocked""}}"
2025-03-29 10:42:34,"{""gw-1"": {""1"": ""blocked"", ""2"": ""blocked""}}"
2025-03-29 10:42:46,"{""gw-1"": {""1"": ""blocked"", ""2"": ""blocked""}, ""gw-3"": {""1"": ""conflict"", ""2"": ""blocked""}}"
2025-03-29 10:42:49,"{""gw-1"": {""1"": ""blocked"", ""2"": ""blocked""}}"
2025-03-29 10:42:51,"{""gw-1"": {""1"": ""blocked"", ""2"": ""blocked""}}"
2025-03-29 10:42:54,"{""gw-2"": {""1"": ""blocked"", ""2"": ""blocked""}}"
2025-03-29 10:42:54,"{""gw-2"": {""1"": ""blocked"", ""2"": ""blocked""}, ""gw-3"": {""1"": ""blocked"", ""2"": ""blocked""}}"
2025-03-29 10:42:56,"{""gw-2"": {""1"": ""blocked"", ""2"": ""blocked""}}"
2025-03-29 10:42:58,"{""gw-2"": {""1"": ""blocked"", ""2"": ""blocked""}}"
2025-03-29 10:43:08,"{""gw-1"": {""1"": ""blocked"", ""2"": ""conflict""}}"
2025-03-29 10:43:09,"{""gw-2"": {""1"": ""blocked"", ""2"": ""blocked""}}"
2025-03-29 10:43:09,"{""gw-1"": {""1"": ""conflict"", ""2"": ""conflict""}}"
2025-03-29 10:43:12,"{""gw-2"": {""1"": ""blocked"", ""2"": ""blocked""}}"
2025-03-29 10:43:15,"{""gw-2"": {""1"": ""conflict"", ""2"": ""blocked""}}"
2025-03-29 10:43:16,"{""gw-1"": {""1"": ""blocked"", ""2"": ""blocked""}}"
2025-03-29 10:43:17,"{""gw-2"": {""1"": ""blocked"", ""2"": ""blocked""}}"
2025-03-29 10:43:17,"{""gw-1"": {""1"": ""blocked"", ""2"": ""blocked""}, ""gw-3"": {""1"": ""blocked"", ""2"": ""blocked""}}"
2025-03-29 10:43:19,"{""gw-1"": {""1"": ""blocked"", ""2"": ""blocked""}, ""gw-2"": {""1"": ""blocked"", ""2"": ""blocked""}, ""gw-3"": {""1"": ""conflict"", ""2"": ""blocked""}}"
2025-03-29 10:43:22,"{""gw-2"": {""1"": ""blocked"", ""2"": ""blocked""}}"
2025-03-29 10:43:22,"{""gw-3"": {""1"": ""blocked"", ""2"": ""blocked""}}"
2025-03-29 10:43:23,"{""gw-3"": {""1"": ""blocked"", ""2"": ""blocked""}}"
2025-03-29 10:43:26,"{""gw-3"": {""1"": ""blocked"", ""2"": ""blocked""}, ""gw-1"": {""1"": ""blocked"", ""2"": ""conflict""}}"
2025-03-29 10:43:29,"{""gw-1"": {""1"": ""blocked"", ""2"": ""blocked""}}"
2025-03-29 10:43:31,"{""gw-1"": {""1"": ""blocked"", ""2"": ""blocked""}}"
2025-03-29 10:43:35,"{""gw-2"": {""1"": ""blocked"", ""2"": ""conflict""}}"
2025-03-29 10:43:39,"{""gw-1"": {""1"": ""blocked"", ""2"": ""conflict""}}"
2025-03-29 10:43:39,"{""gw-3"": {""1"": ""blocked"", ""2"": ""blocked""}}"
2025-03-29 10:43:40,"{""gw-2"": {""1"": ""blocked"", ""2"": ""blocked""}}"
2025-03-29 10:43:40,"{""gw-3"": {""1"": ""blocked"", ""2"": ""blocked""}, ""gw-2"": {""1"": ""blocked"", ""2"": ""blocked""}}"
2025-03-29 10:43:42,"{""gw-3"": {""1"": ""blocked"", ""2"": ""blocked""}}"
2025-03-29 10:43:42,"{""gw-1"": {""1"": ""blocked"", ""2"": ""blocked""}, ""gw-2"": {""1"": ""blocked"", ""2"": ""blocked""}, ""gw-3"": {""1"": ""blocked"", ""2"": ""blocked""}}"
2025-03-29 10:43:44,"{""gw-2"": {""1"": ""blocked"", ""2"": ""blocked""}, ""gw-3"": {""1"": ""blocked"", ""2"": ""blocked""}}"
2025-03-29 10:43:44,"{""gw-3"": {""1"": ""blocked"", ""2"": ""blocked""}}"
2025-03-29 10:43:46,"{""gw-1"": {""1"": ""blocked"", ""2"": ""blocked""}, ""gw-2"": {""1"": ""blocked"", ""2"": ""blocked""}}"
2025-03-29 10:43:46,"{""gw-1"": {""1"": ""blocked"", ""2"": ""blocked""}}"
2025-03-29 10:43:49,"{""gw-1"": {""1"": ""blocked"", ""2"": ""blocked""}}"
2025-03-29 10:43:54,"{""gw-2"": {""1"": ""blocked"", ""2"": ""blocked""}}"
2025-03-29 10:43:54,"{""gw-2"": {""1"": ""blocked"", ""2"": ""blocked""}}"
2025-03-29 10:43:56,"{""gw-1"": {""1"": ""blocked"", ""2"": ""conflict""}}"
2025-03-29 10:43:57,"{""gw-2"": {""1"": ""blocked"", ""2"": ""blocked""}}"
2025-03-29 10:43:59,"{""gw-3"": {""1"": ""blocked"", ""2"": ""blocked""}}"
2025-03-29 10:44:15,"{""gw-1"": {""1"": ""blocked"", ""2"": ""blocked""}}"
2025-03-29 10:44:16,"{""gw-3"": {""1"": ""blocked"", ""2"": ""blocked""}}"
2025-03-29 10:44:16,"{""gw-2"": {""1"": ""blocked"", ""2"": ""blocked""}}"
2025-03-29 10:44:16,"{""gw-1"": {""1"": ""blocked"", ""2"": ""blocked""}}"
2025-03-29 10:44:18,"{""gw-3"": {""1"": ""blocked"", ""2"": ""blocked""}}"
2025-03-29 10:44:18,"{""gw-2"": {""1"": ""blocked"", ""2"": ""blocked""}}"
2025-03-29 10:44:25,"{""gw-2"": {""1"": ""blocked"", ""2"": ""blocked""}}"
2025-03-29 10:44:30,"{""gw-3"": {""1"": ""blocked"", ""2"": ""blocked""}}"
2025-03-29 10:44:32,"{""gw-3"": {""1"": ""blocked"", ""2"": ""blocked""}}"
2025-03-29 10:44:35,"{""gw-1"": {""1"": ""blocked"", ""2"": ""conflict""}}"
2025-03-29 10:44:36,"{""gw-1"": {""1"": ""conflict"", ""2"": ""blocked""}}"
2025-03-29 10:44:38,"{""gw-3"": {""1"": ""blocked"", ""2"": ""blocked""}}"
2025-03-29 10:44:39,"{""gw-3"": {""1"": ""blocked"", ""2"": ""blocked""}}"
2025-03-29 10:44:46,"{""gw-2"": {""1"": ""blocked"", ""2"": ""conflict""}}"
2025-03-29 10:44:52,"{""gw-1"": {""1"": ""blocked"", ""2"": ""blocked""}}"
2025-03-29 10:44:53,"{""gw-2"": {""1"": ""blocked"", ""2"": ""blocked""}, ""gw-1"": {""1"": ""blocked"", ""2"": ""blocked""}}"
2025-03-29 10:44:54,"{""gw-2"": {""1"": ""blocked"", ""2"": ""blocked""}, ""gw-3"": {""1"": ""blocked"", ""2"": ""blocked""}}"
2025-03-29 10:44:54,"{""gw-2"": {""1"": ""blocked"", ""2"": ""blocked""}, ""gw-1"": {""1"": ""blocked"", ""2"": ""blocked""}}"
2025-03-29 10:44:54,"{""gw-2"": {""1"": ""blocked"", ""2"": ""blocked""}, ""gw-1"": {""1"": ""blocked"", ""2"": ""blocked""}, ""gw-3"": {""1"": ""blocked"", ""2"": ""blocked""}}"
2025-03-29 10:44:54,"{""gw-3"": {""1"": ""blocked"", ""2"": ""blocked""}}"
2025-03-29 10:44:56,"{""gw-1"": {""1"": ""blocked"", ""2"": ""blocked""}}"
2025-03-29 10:44:56,"{""gw-2"": {""1"": ""blocked"", ""2"": ""blocked""}}"
2025-03-29 10:45:01,"{""gw-1"": {""1"": ""conflict"", ""2"": ""blocked""}}"
2025-03-29 10:45:02,"{""gw-3"": {""1"": ""blocked"", ""2"": ""conflict""}}"
2025-03-29 10:45:02,"{""gw-3"": {""1"": ""conflict"", ""2"": ""conflict""}}"
2025-03-29 10:45:03,"{""gw-3"": {""1"": ""conflict"", ""2"": ""blocked""}}"
2025-03-29 10:45:05,"{""gw-1"": {""1"": ""blocked"", ""2"": ""blocked""}, ""gw-2"": {""1"": ""blocked"", ""2"": ""blocked""}}"
2025-03-29 10:45:05,"{""gw-2"": {""1"": ""blocked"", ""2"": ""blocked""}, ""gw-3"": {""1"": ""blocked"", ""2"": ""blocked""}}"
2025-03-29 10:45:06,"{""gw-3"": {""1"": ""blocked"", ""2"": ""blocked""}}"
2025-03-29 10:45:07,"{""gw-1"": {""1"": ""blocked"", ""2"": ""blocked""}}"
2025-03-29 10:45:10,"{""gw-1"": {""1"": ""blocked"", ""2"": ""blocked""}, ""gw-3"": {""1"": ""blocked"", ""2"": ""blocked""}}"
2025-03-29 10:45:11,"{""gw-3"": {""1"": ""blocked"", ""2"": ""blocked""}}"
2025-03-29 10:45:13,"{""gw-1"": {""1"": ""conflict"", ""2"": ""blocked""}}"
2025-03-29 10:45:15,"{""gw-3"": {""1"": ""blocked"", ""2"": ""conflict""}, ""gw-1"": {""1"": ""blocked"", ""2"": ""blocked""}}"
2025-03-29 10:45:16,"{""gw-3"": {""1"": ""conflict"", ""2"": ""blocked""}}"
2025-03-29 10:45:18,"{""gw-2"": {""1"": ""conflict"", ""2"": ""blocked""}, ""gw-1"": {""1"": ""blocked"", ""2"": ""blocked""}}"
2025-03-29 10:45:20,"{""gw-1"": {""1"": ""blocked"", ""2"": ""blocked""}}"
2025-03-29 10:45:20,"{""gw-3"": {""1"": ""blocked"", ""2"": ""blocked""}, ""gw-2"": {""1"": ""blocked"", ""2"": ""blocked""}, ""gw-1"": {""1"": ""blocked"", ""2"": ""blocked""}}"
2025-03-29 10:45:21,"{""gw-1"": {""1"": ""blocked"", ""2"": ""blocked""}}"
2025-03-29 10:45:22,"{""gw-3"": {""1"": ""blocked"", ""2"": ""blocked""}, ""gw-1"": {""1"": ""blocked"", ""2"": ""blocked""}}"
2025-03-29 10:45:22,"{""gw-1"": {""1"": ""blocked"", ""2"": ""blocked""}}"
2025-03-29 10:45:26,"{""gw-1"": {""1"": ""conflict"", ""2"": ""blocked""}}"
2025-03-29 10:45:27,"{""gw-2"": {""1"": ""blocked"", ""2"": ""blocked""}, ""gw-3"": {""1"": ""blocked"", ""2"": ""conflict""}}"
2025-03-29 10:45:27,"{""gw-2"": {""1"": ""blocked"", ""2"": ""blocked""}}"
2025-03-29 10:45:27,"{""gw-3"": {""1"": ""blocked"", ""2"": ""conflict""}}"
2025-03-29 10:45:27,"{""gw-3"": {""1"": ""blocked"", ""2"": ""conflict""}, ""gw-2"": {""1"": ""blocked"", ""2"": ""blocked""}}"
2025-03-29 10:45:27,"{""gw-2"": {""1"": ""blocked"", ""2"": ""blocked""}, ""gw-3"": {""1"": ""conflict"", ""2"": ""conflict""}}"
2025-03-29 10:45:28,"{""gw-2"": {""1"": ""blocked"", ""2"": ""blocked""}}"
2025-03-29 10:45:28,"{""gw-2"": {""1"": ""blocked"", ""2"": ""blocked""}}"
2025-03-29 10:45:33,"{""gw-3"": {""1"": ""blocked"", ""2"": ""blocked""}, ""gw-1"": {""1"": ""blocked"", ""2"": ""blocked""}}"
2025-03-29 10:45:36,"{""gw-3"": {""1"": ""blocked"", ""2"": ""blocked""}, ""gw-2"": {""1"": ""blocked"", ""2"": ""blocked""}}"
2025-03-29 10:45:40,"{""gw-2"": {""1"": ""blocked"", ""2"": ""blocked""}, ""gw-3"": {""1"": ""conflict"", ""2"": ""blocked""}}"
2025-03-29 10:45:43,"{""gw-3"": {""1"": ""blocked"", ""2"": ""blocked""}}"
2025-03-29 10:45:43,"{""gw-3"": {""1"": ""blocked"", ""2"": ""blocked""}}"
2025-03-29 10:45:45,"{""gw-3"": {""1"": ""blocked"", ""2"": ""blocked""}}"
2025-03-29 10:45:49,"{""gw-3"": {""1"": ""blocked"", ""2"": ""blocked""}, ""gw-2"": {""1"": ""blocked"", ""2"": ""blocked""}}"
2025-03-29 10:45:49,"{""gw-2"": {""1"": ""blocked"", ""2"": ""blocked""}}"
2025-03-29 10:45:55,"{""gw-1"": {""1"": ""blocked"", ""2"": ""blocked""}}"
2025-03-29 10:45:55,"{""gw-1"": {""1"": ""blocked"", ""2"": ""blocked""}}"
2025-03-29 10:45:56,"{""gw-1"": {""1"": ""blocked"", ""2"": ""conflict""}}"
2025-03-29 10:45:57,"{""gw-3"": {""1"": ""blocked"", ""2"": ""blocked""}}"
2025-03-29 10:45:57,"{""gw-1"": {""1"": ""conflict"", ""2"": ""blocked""}}"
2025-03-29 10:45:59,"{""gw-3"": {""1"": ""blocked"", ""2"": ""blocked""}}"
2025-03-29 10:46:02,"{""gw-1"": {""1"": ""blocked"", ""2"": ""blocked""}}"
2025-03-29 10:46:06,"{""gw-1"": {""1"": ""blocked"", ""2"": ""blocked""}}"
2025-03-29 10:46:07,"{""gw-1"": {""1"": ""blocked"", ""2"": ""blocked""}, ""gw-2"": {""1"": ""blocked"", ""2"": ""blocked""}, ""gw-3"": {""1"": ""conflict"", ""2"": ""conflict""}}"
2025-03-29 10:46:09,"{""gw-1"": {""1"": ""blocked"", ""2"": ""conflict""}}"
2025-03-29 10:46:09,"{""gw-1"": {""1"": ""blocked"", ""2"": ""conflict""}}"
2025-03-29 10:46:11,"{""gw-1"": {""1"": ""conflict"", ""2"": ""blocked""}}"
2025-03-29 10:46:14,"{""gw-1"": {""1"": ""blocked"", ""2"": ""blocked""}}"
2025-03-29 10:46:20,"{""gw-3"": {""1"": ""blocked"", ""2"": ""conflict""}}"
2025-03-29 10:46:23,"{""gw-2"": {""1"": ""conflict"", ""2"": ""blocked""}}"
2025-03-29 10:46:25,"{""gw-2"": {""1"": ""blocked"", ""2"": ""blocked""}, ""gw-3"": {""1"": ""blocked"", ""2"": ""blocked""}}"
2025-03-29 10:46:26,"{""gw-1"": {""1"": ""blocked"", ""2"": ""blocked""}, ""gw-3"": {""1"": ""blocked"", ""2"": ""blocked""}}"
2025-03-29 10:46:26,"{""gw-1"": {""1"": ""blocked"", ""2"": ""blocked""}}"
2025-03-29 10:46:27,"{""gw-1"": {""1"": ""blocked"", ""2"": ""blocked""}}"
2025-03-29 10:46:28,"{""gw-1"": {""1"": ""blocked"", ""2"": ""blocked""}, ""gw-2"": {""1"": ""blocked"", ""2"": ""blocked""}, ""gw-3"": {""1"": ""blocked"", ""2"": ""blocked""}}"
2025-03-29 10:46:32,"{""gw-1"": {""1"": ""blocked"", ""2"": ""blocked""}}"
2025-03-29 10:46:32,"{""gw-2"": {""1"": ""blocked"", ""2"": ""blocked""}}"
2025-03-29 10:46:36,"{""gw-2"": {""1"": ""blocked"", ""2"": ""blocked""}}"
2025-03-29 10:46:38,"{""gw-2"": {""1"": ""blocked"", ""2"": ""blocked""}}"
2025-03-29 10:46:41,"{""gw-1"": {""1"": ""conflict"", ""2"": ""conflict""}}"
2025-03-29 10:46:46,"{""gw-1"": {""1"": ""blocked"", ""2"": ""blocked""}}"
2025-03-29 10:46:46,"{""gw-1"": {""1"": ""blocked"", ""2"": ""blocked""}}"
2025-03-29 10:46:48,"{""gw-1"": {""1"": ""blocked"", ""2"": ""blocked""}, ""gw-2"": {""1"": ""blocked"", ""2"": ""blocked""}}"
2025-03-29 10:46:50,"{""gw-2"": {""1"": ""blocked"", ""2"": ""blocked""}}"
2025-03-29 10:46:50,"{""gw-3"": {""1"": ""blocked"", ""2"": ""blocked""}, ""gw-1"": {""1"": ""blocked"", ""2"": ""blocked""}}"
2025-03-29 10:46:51,"{""gw-2"": {""1"": ""blocked"", ""2"": ""blocked""}, ""gw-3"": {""1"": ""blocked"", ""2"": ""blocked""}}"
2025-03-29 10:46:53,"{""gw-2"": {""1"": ""blocked"", ""2"": ""blocked""}}"
2025-03-29 10:46:55,"{""gw-3"": {""1"": ""blocked"", ""2"": ""blocked""}}"
2025-03-29 10:46:58,"{""gw-1"": {""1"": ""blocked"", ""2"": ""blocked""}}"
2025-03-29 10:46:58,"{""gw-3"": {""1"": ""blocked"", ""2"": ""conflict""}}"
2025-03-29 10:46:59,"{""gw-1"": {""1"": ""blocked"", ""2"": ""blocked""}, ""gw-3"": {""1"": ""conflict"", ""2"": ""blocked""}}"
2025-03-29 10:46:59,"{""gw-2"": {""1"": ""conflict"", ""2"": ""blocked""}}"
2025-03-29 10:46:59,"{""gw-3"": {""1"": ""conflict"", ""2"": ""blocked""}}"
2025-03-29 10:47:01,"{""gw-1"": {""1"": ""blocked"", ""2"": ""blocked""}, ""gw-3"": {""1"": ""blocked"", ""2"": ""blocked""}}"
2025-03-29 10:47:03,"{""gw-1"": {""1"": ""blocked"", ""2"": ""blocked""}}"
2025-03-29 10:47:05,"{""gw-2"": {""1"": ""blocked"", ""2"": ""blocked""}}"
2025-03-29 10:47:06,"{""gw-2"": {""1"": ""blocked"", ""2"": ""blocked""}, ""gw-3"": {""1"": ""blocked"", ""2"": ""blocked""}}"
2025-03-29 10:47:06,"{""gw-3"": {""1"": ""blocked"", ""2"": ""blocked""}}"
2025-03-29 10:47:08,"{""gw-1"": {""1"": ""blocked"", ""2"": ""blocked""}}"
2025-03-29 10:47:08,"{""gw-3"": {""1"": ""blocked"", ""2"": ""blocked""}, ""gw-2"": {""1"": ""blocked"", ""2"": ""blocked""}, ""gw-1"": {""1"": ""blocked"", ""2"": ""blocked""}}"
2025-03-29 10:47:14,"{""gw-1"": {""1"": ""blocked"", ""2"": ""blocked""}}"
2025-03-29 10:47:14,"{""gw-2"": {""1"": ""blocked"", ""2"": ""conflict""}, ""gw-1"": {""1"": ""blocked"", ""2"": ""blocked""}}"
2025-03-29 10:47:32,"{""gw-2"": {""1"": ""blocked"", ""2"": ""blocked""}}"
2025-03-29 10:47:33,"{""gw-2"": {""1"": ""blocked"", ""2"": ""blocked""}, ""gw-1"": {""1"": ""blocked"", ""2"": ""blocked""}}"
2025-03-29 10:47:36,"{""gw-2"": {""1"": ""blocked"", ""2"": ""blocked""}}"
2025-03-29 10:47:49,"{""gw-2"": {""1"": ""blocked"", ""2"": ""blocked""}}"
2025-03-29 10:48:00,"{""gw-3"": {""1"": ""blocked"", ""2"": ""blocked""}}"
2025-03-29 10:48:01,"{""gw-3"": {""1"": ""blocked"", ""2"": ""blocked""}}"
2025-03-29 10:48:04,"{""gw-3"": {""1"": ""conflict"", ""2"": ""conflict""}}"
2025-03-29 10:48:07,"{""gw-2"": {""1"": ""conflict"", ""2"": ""blocked""}}"
2025-03-29 10:48:07,"{""gw-1"": {""1"": ""blocked"", ""2"": ""conflict""}}"
2025-03-29 10:48:12,"{""gw-2"": {""1"": ""blocked"", ""2"": ""blocked""}}"
2025-03-29 10:48:12,"{""gw-2"": {""1"": ""blocked"", ""2"": ""blocked""}}"
2025-03-29 10:48:13,"{""gw-2"": {""1"": ""blocked"", ""2"": ""blocked""}}"
2025-03-29 10:48:14,"{""gw-2"": {""1"": ""blocked"", ""2"": ""blocked""}}"
2025-03-29 10:48:14,"{""gw-1"": {""1"": ""blocked"", ""2"": ""blocked""}}"
2025-03-29 10:48:16,"{""gw-2"": {""1"": ""blocked"", ""2"": ""blocked""}}"
2025-03-29 10:48:16,"{""gw-1"": {""1"": ""blocked"", ""2"": ""blocked""}}"
2025-03-29 10:48:21,"{""gw-2"": {""1"": ""conflict"", ""2"": ""blocked""}}"
2025-03-29 10:48:24,"{""gw-3"": {""1"": ""blocked"", ""2"": ""blocked""}}"
2025-03-29 10:48:25,"{""gw-1"": {""1"": ""blocked"", ""2"": ""blocked""}, ""gw-3"": {""1"": ""blocked"", ""2"": ""blocked""}}"
2025-03-29 10:48:25,"{""gw-3"": {""1"": ""blocked"", ""2"": ""blocked""}, ""gw-1"": {""1"": ""blocked"", ""2"": ""blocked""}}"
2025-03-29 10:48:26,"{""gw-3"": {""1"": ""blocked"", ""2"": ""blocked""}}"
2025-03-29 10:48:36,"{""gw-1"": {""1"": ""blocked"", ""2"": ""blocked""}}"
2025-03-29 10:48:37,"{""gw-1"": {""1"": ""blocked"", ""2"": ""blocked""}}"
2025-03-29 10:48:38,"{""gw-1"": {""1"": ""blocked"", ""2"": ""blocked""}, ""gw-3"": {""1"": ""blocked"", ""2"": ""blocked""}}"
2025-03-29 10:48:40,"{""gw-1"": {""1"": ""blocked"", ""2"": ""blocked""}, ""gw-3"": {""1"": ""blocked"", ""2"": ""blocked""}}"
2025-03-29 10:48:41,"{""gw-1"": {""1"": ""blocked"", ""2"": ""blocked""}}"
2025-03-29 10:48:42,"{""gw-3"": {""1"": ""blocked"", ""2"": ""blocked""}}"
2025-03-29 10:48:43,"{""gw-1"": {""1"": ""blocked"", ""2"": ""blocked""}}"
2025-03-29 10:48:45,"{""gw-1"": {""1"": ""conflict"", ""2"": ""blocked""}, ""gw-3"": {""1"": ""blocked"", ""2"": ""conflict""}}"
2025-03-29 10:48:51,"{""gw-3"": {""1"": ""blocked"", ""2"": ""blocked""}, ""gw-2"": {""1"": ""blocked"", ""2"": ""conflict""}}"
2025-03-29 10:48:52,"{""gw-1"": {""1"": ""blocked"", ""2"": ""blocked""}}"
2025-03-29 10:48:54,"{""gw-2"": {""1"": ""blocked"", ""2"": ""blocked""}}"
2025-03-29 10:49:05,"{""gw-1"": {""1"": ""blocked"", ""2"": ""blocked""}, ""gw-3"": {""1"": ""blocked"", ""2"": ""blocked""}}"
2025-03-29 10:49:06,"{""gw-1"": {""1"": ""blocked"", ""2"": ""blocked""}}"
2025-03-29 10:49:08,"{""gw-2"": {""1"": ""blocked"", ""2"": ""blocked""}}"
2025-03-29 10:49:08,"{""gw-2"": {""1"": ""blocked"", ""2"": ""blocked""}}"
2025-03-29 10:49:21,"{""gw-3"": {""1"": ""blocked"", ""2"": ""blocked""}}"
2025-03-29 10:49:23,"{""gw-3"": {""1"": ""blocked"", ""2"": ""blocked""}, ""gw-2"": {""1"": ""blocked"", ""2"": ""blocked""}}"
2025-03-29 10:49:23,"{""gw-2"": {""1"": ""blocked"", ""2"": ""blocked""}, ""gw-3"": {""1"": ""blocked"", ""2"": ""blocked""}}"
2025-03-29 10:49:25,"{""gw-3"": {""1"": ""blocked"", ""2"": ""blocked""}}"
2025-03-29 10:49:25,"{""gw-1"": {""1"": ""conflict"", ""2"": ""blocked""}}"
2025-03-29 10:49:26,"{""gw-2"": {""1"": ""blocked"", ""2"": ""blocked""}, ""gw-1"": {""1"": ""conflict"", ""2"": ""blocked""}, ""gw-3"": {""1"": ""blocked"", ""2"": ""blocked""}}"
2025-03-29 10:49:29,"{""gw-1"": {""1"": ""blocked"", ""2"": ""blocked""}}"
2025-03-29 10:49:34,"{""gw-3"": {""1"": ""conflict"", ""2"": ""conflict""}, ""gw-1"": {""1"": ""conflict"", ""2"": ""conflict""}}"
2025-03-29 10:49:35,"{""gw-2"": {""1"": ""blocked"", ""2"": ""blocked""}}"
2025-03-29 10:49:38,"{""gw-2"": {""1"": ""blocked"", ""2"": ""blocked""}, ""gw-3"": {""1"": ""blocked"", ""2"": ""blocked""}}"
2025-03-29 10:49:43,"{""gw-3"": {""1"": ""blocked"", ""2"": ""blocked""}}"
2025-03-29 10:49:48,"{""gw-2"": {""1"": ""blocked"", ""2"": ""conflict""}}"
2025-03-29 10:49:50,"{""gw-1"": {""1"": ""blocked"", ""2"": ""conflict""}, ""gw-3"": {""1"": ""blocked"", ""2"": ""blocked""}}"
2025-03-29 10:49:53,"{""gw-1"": {""1"": ""blocked"", ""2"": ""blocked""}, ""gw-3"": {""1"": ""blocked"", ""2"": ""blocked""}}"
2025-03-29 10:49:55,"{""gw-2"": {""1"": ""blocked"", ""2"": ""blocked""}, ""gw-1"": {""1"": ""blocked"", ""2"": ""blocked""}}"
2025-03-29 10:49:56,"{""gw-2"": {""1"": ""blocked"", ""2"": ""blocked""}, ""gw-3"": {""1"": ""blocked"", ""2"": ""blocked""}}"
2025-03-29 10:49:56,"{""gw-1"": {""1"": ""blocked"", ""2"": ""blocked""}}"
2025-03-29 10:49:57,"{""gw-1"": {""1"": ""blocked"", ""2"": ""blocked""}}"
2025-03-29 10:49:58,"{""gw-2"": {""1"": ""blocked"", ""2"": ""blocked""}}"
2025-03-29 10:49:58,"{""gw-3"": {""1"": ""conflict"", ""2"": ""conflict""}, ""gw-2"": {""1"": ""blocked"", ""2"": ""blocked""}, ""gw-1"": {""1"": ""blocked"", ""2"": ""blocked""}}"
2025-03-29 10:49:58,"{""gw-2"": {""1"": ""blocked"", ""2"": ""blocked""}}"
2025-03-29 10:50:01,"{""gw-1"": {""1"": ""blocked"", ""2"": ""blocked""}}"
2025-03-29 10:50:02,"{""gw-3"": {""1"": ""blocked"", ""2"": ""blocked""}, ""gw-1"": {""1"": ""blocked"", ""2"": ""conflict""}}"
2025-03-29 10:50:07,"{""gw-1"": {""1"": ""blocked"", ""2"": ""blocked""}}"
2025-03-29 10:50:13,"{""gw-1"": {""1"": ""blocked"", ""2"": ""blocked""}}"
2025-03-29 10:50:21,"{""gw-2"": {""1"": ""blocked"", ""2"": ""blocked""}}"
2025-03-29 10:50:22,"{""gw-2"": {""1"": ""blocked"", ""2"": ""blocked""}}"
2025-03-29 10:50:23,"{""gw-3"": {""1"": ""blocked"", ""2"": ""blocked""}}"
2025-03-29 10:50:26,"{""gw-1"": {""1"": ""blocked"", ""2"": ""blocked""}}"
2025-03-29 10:50:27,"{""gw-3"": {""1"": ""blocked"", ""2"": ""blocked""}, ""gw-2"": {""1"": ""conflict"", ""2"": ""conflict""}}"
2025-03-29 10:50:27,"{""gw-2"": {""1"": ""blocked"", ""2"": ""conflict""}}"
2025-03-29 10:50:31,"{""gw-1"": {""1"": ""blocked"", ""2"": ""blocked""}, ""gw-3"": {""1"": ""conflict"", ""2"": ""conflict""}}"
2025-03-29 10:50:32,"{""gw-2"": {""1"": ""blocked"", ""2"": ""blocked""}}"
2025-03-29 10:50:32,"{""gw-1"": {""1"": ""blocked"", ""2"": ""blocked""}, ""gw-3"": {""1"": ""conflict"", ""2"": ""conflict""}}"
2025-03-29 10:50:34,"{""gw-2"": {""1"": ""blocked"", ""2"": ""blocked""}}"
2025-03-29 10:50:35,"{""gw-3"": {""1"": ""blocked"", ""2"": ""blocked""}, ""gw-1"": {""1"": ""blocked"", ""2"": ""conflict""}}"
2025-03-29 10:50:37,"{""gw-3"": {""1"": ""blocked"", ""2"": ""blocked""}}"
2025-03-29 10:50:43,"{""gw-1"": {""1"": ""blocked"", ""2"": ""blocked""}}"
2025-03-29 10:50:45,"{""gw-3"": {""1"": ""blocked"", ""2"": ""conflict""}, ""gw-2"": {""1"": ""blocked"", ""2"": ""blocked""}}"
2025-03-29 10:50:45,"{""gw-3"": {""1"": ""conflict"", ""2"": ""conflict""}}"
2025-03-29 10:50:49,"{""gw-3"": {""1"": ""blocked"", ""2"": ""blocked""}, ""gw-2"": {""1"": ""blocked"", ""2"": ""blocked""}}"
2025-03-29 10:50:51,"{""gw-2"": {""1"": ""blocked"", ""2"": ""blocked""}, ""gw-3"": {""1"": ""blocked"", ""2"": ""blocked""}, ""gw-1"": {""1"": ""conflict"", ""2"": ""conflict""}}"
2025-03-29 10:50:52,"{""gw-3"": {""1"": ""blocked"", ""2"": ""blocked""}, ""gw-2"": {""1"": ""blocked"", ""2"": ""blocked""}}"
2025-03-29 10:50:55,"{""gw-3"": {""1"": ""blocked"", ""2"": ""blocked""}, ""gw-1"": {""1"": ""blocked"", ""2"": ""blocked""}}"
2025-03-29 10:50:56,"{""gw-1"": {""1"": ""blocked"", ""2"": ""blocked""}}"
2025-03-29 10:50:58,"{""gw-2"": {""1"": ""conflict"", ""2"": ""blocked""}}"
2025-03-29 10:51:02,"{""gw-2"": {""1"": ""blocked"", ""2"": ""blocked""}}"
2025-03-29 10:51:07,"{""gw-2"": {""1"": ""blocked"", ""2"": ""blocked""}, ""gw-1"": {""1"": ""blocked"", ""2"": ""blocked""}}"
2025-03-29 10:51:14,"{""gw-2"": {""1"": ""conflict"", ""2"": ""conflict""}}"
2025-03-29 10:51:21,"{""gw-3"": {""1"": ""blocked"", ""2"": ""blocked""}}"
2025-03-29 10:51:24,"{""gw-2"": {""1"": ""blocked"", ""2"": ""blocked""}}"
2025-03-29 10:51:24,"{""gw-3"": {""1"": ""blocked"", ""2"": ""blocked""}, ""gw-1"": {""1"": ""blocked"", ""2"": ""blocked""}}"
2025-03-29 10:51:25,"{""gw-3"": {""1"": ""blocked"", ""2"": ""blocked""}}"
2025-03-29 10:51:26,"{""gw-2"": {""1"": ""conflict"", ""2"": ""conflict""}}"
2025-03-29 10:51:28,"{""gw-3"": {""1"": ""blocked"", ""2"": ""conflict""}, ""gw-1"": {""1"": ""conflict"", ""2"": ""blocked""}}"
2025-03-29 10:51:31,"{""gw-2"": {""1"": ""blocked"", ""2"": ""blocked""}}"
2025-03-29 10:51:31,"{""gw-2"": {""1"": ""blocked"", ""2"": ""blocked""}}"
2025-03-29 10:51:33,"{""gw-3"": {""1"": ""blocked"", ""2"": ""blocked""}, ""gw-2"": {""1"": ""blocked"", ""2"": ""blocked""}}"
2025-03-29 10:51:36,"{""gw-2"": {""1"": ""blocked"", ""2"": ""blocked""}, ""gw-3"": {""1"": ""blocked"", ""2"": ""blocked""}}"
2025-03-29 10:51:42,"{""gw-2"": {""1"": ""blocked"", ""2"": ""conflict""}}"
2025-03-29 10:51:44,"{""gw-1"": {""1"": ""blocked"", ""2"": ""conflict""}}"
2025-03-29 10:51:45,"{""gw-2"": {""1"": ""blocked"", ""2"": ""blocked""}}"
2025-03-29 10:51:45,"{""gw-3"": {""1"": ""conflict"", ""2"": ""conflict""}}"
2025-03-29 10:51:46,"{""gw-2"": {""1"": ""blocked"", ""2"": ""blocked""}}"
2025-03-29 10:51:52,"{""gw-1"": {""1"": ""blocked"", ""2"": ""blocked""}}"
2025-03-29 10:52:08,"{""gw-1"": {""1"": ""conflict"", ""2"": ""blocked""}}"
2025-03-29 10:52:09,"{""gw-2"": {""1"": ""blocked"", ""2"": ""blocked""}}"
2025-03-29 10:52:10,"{""gw-2"": {""1"": ""blocked"", ""2"": ""blocked""}}"
2025-03-29 10:52:12,"{""gw-2"": {""1"": ""conflict"", ""2"": ""conflict""}}"
2025-03-29 10:52:14,"{""gw-1"": {""1"": ""blocked"", ""2"": ""blocked""}}"
2025-03-29 10:52:15,"{""gw-1"": {""1"": ""blocked"", ""2"": ""blocked""}}"
2025-03-29 10:52:16,"{""gw-3"": {""1"": ""blocked"", ""2"": ""blocked""}, ""gw-2"": {""1"": ""blocked"", ""2"": ""blocked""}}"
2025-03-29 10:52:16,"{""gw-3"": {""1"": ""blocked"", ""2"": ""blocked""}}"
2025-03-29 10:52:17,"{""gw-1"": {""1"": ""blocked"", ""2"": ""blocked""}}"
2025-03-29 10:52:17,"{""gw-3"": {""1"": ""blocked"", ""2"": ""blocked""}, ""gw-1"": {""1"": ""blocked"", ""2"": ""blocked""}}"
2025-03-29 10:52:18,"{""gw-2"": {""1"": ""blocked"", ""2"": ""blocked""}, ""gw-3"": {""1"": ""blocked"", ""2"": ""blocked""}}"
2025-03-29 10:52:18,"{""gw-1"": {""1"": ""blocked"", ""2"": ""blocked""}}"
2025-03-29 10:52:21,"{""gw-2"": {""1"": ""blocked"", ""2"": ""blocked""}}"
2025-03-29 10:52:23,"{""gw-3"": {""1"": ""blocked"", ""2"": ""blocked""}, ""gw-1"": {""1"": ""conflict"", ""2"": ""blocked""}}"
2025-03-29 10:52:25,"{""gw-3"": {""1"": ""blocked"", ""2"": ""blocked""}}"
2025-03-29 10:52:27,"{""gw-3"": {""1"": ""blocked"", ""2"": ""blocked""}}"
2025-03-29 10:52:28,"{""gw-3"": {""1"": ""blocked"", ""2"": ""blocked""}}"
2025-03-29 10:52:29,"{""gw-3"": {""1"": ""blocked"", ""2"": ""blocked""}}"
2025-03-29 10:52:29,"{""gw-1"": {""1"": ""blocked"", ""2"": ""blocked""}, ""gw-3"": {""1"": ""blocked"", ""2"": ""blocked""}}"
2025-03-29 10:52:35,"{""gw-2"": {""1"": ""blocked"", ""2"": ""blocked""}, ""gw-1"": {""1"": ""conflict"", ""2"": ""conflict""}}"
2025-03-29 10:52:42,"{""gw-2"": {""1"": ""conflict"", ""2"": ""conflict""}}"
2025-03-29 10:52:43,"{""gw-1"": {""1"": ""blocked"", ""2"": ""blocked""}, ""gw-2"": {""1"": ""conflict"", ""2"": ""conflict""}, ""gw-3"": {""1"": ""blocked"", ""2"": ""blocked""}}"
2025-03-29 10:52:46,"{""gw-3"": {""1"": ""blocked"", ""2"": ""blocked""}, ""gw-1"": {""1"": ""blocked"", ""2"": ""blocked""}, ""gw-2"": {""1"": ""blocked"", ""2"": ""blocked""}}"
2025-03-29 10:52:47,"{""gw-1"": {""1"": ""conflict"", ""2"": ""conflict""}}"
2025-03-29 10:52:52,"{""gw-2"": {""1"": ""blocked"", ""2"": ""blocked""}}"
2025-03-29 10:52:54,"{""gw-1"": {""1"": ""blocked"", ""2"": ""blocked""}}"
2025-03-29 10:52:56,"{""gw-3"": {""1"": ""conflict"", ""2"": ""blocked""}, ""gw-1"": {""1"": ""blocked"", ""2"": ""blocked""}}"
2025-03-29 10:53:00,"{""gw-3"": {""1"": ""blocked"", ""2"": ""blocked""}}"
2025-03-29 10:53:02,"{""gw-1"": {""1"": ""blocked"", ""2"": ""blocked""}, ""gw-3"": {""1"": ""blocked"", ""2"": ""blocked""}}"
2025-03-29 10:53:03,"{""gw-3"": {""1"": ""blocked"", ""2"": ""blocked""}}"
2025-03-29 10:53:03,"{""gw-1"": {""1"": ""blocked"", ""2"": ""blocked""}}"
2025-03-29 10:53:06,"{""gw-2"": {""1"": ""conflict"", ""2"": ""blocked""}}"
2025-03-29 10:53:06,"{""gw-3"": {""1"": ""blocked"", ""2"": ""blocked""}}"
2025-03-29 10:53:12,"{""gw-2"": {""1"": ""blocked"", ""2"": ""blocked""}, ""gw-3"": {""1"": ""blocked"", ""2"": ""blocked""}}"
2025-03-29 10:53:15,"{""gw-3"": {""1"": ""blocked"", ""2"": ""blocked""}}"
2025-03-29 10:53:20,"{""gw-1"": {""1"": ""blocked"", ""2"": ""blocked""}}"
2025-03-29 10:53:20,"{""gw-1"": {""1"": ""blocked"", ""2"": ""blocked""}}"
2025-03-29 10:53:22,"{""gw-2"": {""1"": ""blocked"", ""2"": ""blocked""}}"
2025-03-29 10:53:23,"{""gw-2"": {""1"": ""blocked"", ""2"": ""blocked""}}"
2025-03-29 10:53:24,"{""gw-2"": {""1"": ""blocked"", ""2"": ""blocked""}}"
2025-03-29 10:53:25,"{""gw-3"": {""1"": ""blocked"", ""2"": ""blocked""}}"
2025-03-29 10:53:26,"{""gw-2"": {""1"": ""blocked"", ""2"": ""blocked""}, ""gw-1"": {""1"": ""conflict"", ""2"": ""blocked""}}"
2025-03-29 10:53:27,"{""gw-2"": {""1"": ""blocked"", ""2"": ""blocked""}}"
2025-03-29 10:53:29,"{""gw-1"": {""1"": ""blocked"", ""2"": ""blocked""}, ""gw-3"": {""1"": ""blocked"", ""2"": ""blocked""}}"
2025-03-29 10:53:35,"{""gw-1"": {""1"": ""blocked"", ""2"": ""blocked""}}"
2025-03-29 10:53:38,"{""gw-2"": {""1"": ""blocked"", ""2"": ""blocked""}, ""gw-3"": {""1"": ""blocked"", ""2"": ""blocked""}}"
2025-03-29 10:53:41,"{""gw-3"": {""1"": ""blocked"", ""2"": ""blocked""}}"
2025-03-29 10:53:41,"{""gw-3"": {""1"": ""blocked"", ""2"": ""blocked""}}"
2025-03-29 10:53:43,"{""gw-3"": {""1"": ""blocked"", ""2"": ""blocked""}}"
2025-03-29 10:53:44,"{""gw-1"": {""1"": ""blocked"", ""2"": ""blocked""}}"
2025-03-29 10:53:54,"{""gw-3"": {""1"": ""blocked"", ""2"": ""blocked""}, ""gw-2"": {""1"": ""blocked"", ""2"": ""blocked""}, ""gw-1"": {""1"": ""conflict"", ""2"": ""conflict""}}"
2025-03-29 10:53:54,"{""gw-1"": {""1"": ""conflict"", ""2"": ""conflict""}}"
2025-03-29 10:53:55,"{""gw-2"": {""1"": ""blocked"", ""2"": ""blocked""}}"
2025-03-29 10:53:56,"{""gw-3"": {""1"": ""blocked"", ""2"": ""blocked""}}"
2025-03-29 10:54:01,"{""gw-2"": {""1"": ""blocked"", ""2"": ""conflict""}}"
2025-03-29 10:54:01,"{""gw-2"": {""1"": ""conflict"", ""2"": ""blocked""}, ""gw-1"": {""1"": ""blocked"", ""2"": ""blocked""}}"
2025-03-29 10:54:09,"{""gw-2"": {""1"": ""blocked"", ""2"": ""blocked""}}"
2025-03-29 10:54:10,"{""gw-2"": {""1"": ""blocked"", ""2"": ""blocked""}, ""gw-3"": {""1"": ""blocked"", ""2"": ""blocked""}}"
2025-03-29 10:54:19,"{""gw-1"": {""1"": ""conflict"", ""2"": ""conflict""}, ""gw-3"": {""1"": ""blocked"", ""2"": ""blocked""}}"
2025-03-29 10:54:21,"{""gw-1"": {""1"": ""conflict"", ""2"": ""blocked""}}"
2025-03-29 10:54:21,"{""gw-2"": {""1"": ""blocked"", ""2"": ""blocked""}, ""gw-3"": {""1"": ""blocked"", ""2"": ""blocked""}}"
2025-03-29 10:54:21,"{""gw-3"": {""1"": ""blocked"", ""2"": ""blocked""}}"
2025-03-29 10:54:26,"{""gw-1"": {""1"": ""blocked"", ""2"": ""blocked""}}"
2025-03-29 10:54:28,"{""gw-1"": {""1"": ""blocked"", ""2"": ""blocked""}}"
2025-03-29 10:54:32,"{""gw-3"": {""1"": ""blocked"", ""2"": ""blocked""}, ""gw-1"": {""1"": ""conflict"", ""2"": ""conflict""}}"
2025-03-29 10:54:33,"{""gw-1"": {""1"": ""conflict"", ""2"": ""blocked""}}"
2025-03-29 10:54:33,"{""gw-2"": {""1"": ""blocked"", ""2"": ""blocked""}}"
2025-03-29 10:54:34,"{""gw-3"": {""1"": ""blocked"", ""2"": ""blocked""}}"
2025-03-29 10:54:36,"{""gw-1"": {""1"": ""blocked"", ""2"": ""blocked""}}"
2025-03-29 10:54:36,"{""gw-3"": {""1"": ""blocked"", ""2"": ""blocked""}}"
2025-03-29 10:54:38,"{""gw-1"": {""1"": ""blocked"", ""2"": ""blocked""}}"
2025-03-29 10:54:41,"{""gw-2"": {""1"": ""blocked"", ""2"": ""blocked""}}"
2025-03-29 10:54:42,"{""gw-1"": {""1"": ""blocked"", ""2"": ""blocked""}}"
2025-03-29 10:54:44,"{""gw-2"": {""1"": ""blocked"", ""2"": ""conflict""}}"
2025-03-29 10:54:44,"{""gw-3"": {""1"": ""blocked"", ""2"": ""blocked""}}"
2025-03-29 10:54:45,"{""gw-1"": {""1"": ""blocked"", ""2"": ""conflict""}}"
2025-03-29 10:54:46,"{""gw-1"": {""1"": ""blocked"", ""2"": ""conflict""}}"
2025-03-29 10:54:46,"{""gw-3"": {""1"": ""blocked"", ""2"": ""blocked""}, ""gw-1"": {""1"": ""conflict"", ""2"": ""blocked""}}"
2025-03-29 10:54:47,"{""gw-2"": {""1"": ""blocked"", ""2"": ""blocked""}}"
2025-03-29 10:54:47,"{""gw-1"": {""1"": ""conflict"", ""2"": ""blocked""}}"
2025-03-29 10:54:52,"{""gw-2"": {""1"": ""blocked"", ""2"": ""blocked""}}"
2025-03-29 10:54:54,"{""gw-3"": {""1"": ""conflict"", ""2"": ""blocked""}, ""gw-2"": {""1"": ""blocked"", ""2"": ""blocked""}, ""gw-1"": {""1"": ""blocked"", ""2"": ""blocked""}}"
2025-03-29 10:54:54,"{""gw-2"": {""1"": ""blocked"", ""2"": ""blocked""}, ""gw-3"": {""1"": ""conflict"", ""2"": ""blocked""}}"
2025-03-29 10:55:00,"{""gw-3"": {""1"": ""blocked"", ""2"": ""blocked""}}"
2025-03-29 10:55:00,"{""gw-3"": {""1"": ""blocked"", ""2"": ""blocked""}}"
2025-03-29 10:55:01,"{""gw-3"": {""1"": ""blocked"", ""2"": ""blocked""}}"
2025-03-29 10:55:04,"{""gw-1"": {""1"": ""blocked"", ""2"": ""blocked""}}"
2025-03-29 10:55:08,"{""gw-1"": {""1"": ""blocked"", ""2"": ""blocked""}}"
2025-03-29 10:55:09,"{""gw-3"": {""1"": ""conflict"", ""2"": ""conflict""}}"
2025-03-29 10:55:11,"{""gw-2"": {""1"": ""blocked"", ""2"": ""blocked""}}"
2025-03-29 10:55:27,"{""gw-2"": {""1"": ""blocked"", ""2"": ""blocked""}}"
2025-03-29 10:55:38,"{""gw-1"": {""1"": ""conflict"", ""2"": ""blocked""}}"
2025-03-29 10:55:39,"{""gw-3"": {""1"": ""blocked"", ""2"": ""blocked""}, ""gw-2"": {""1"": ""blocked"", ""2"": ""conflict""}}"
2025-03-29 10:55:40,"{""gw-2"": {""1"": ""conflict"", ""2"": ""blocked""}}"
2025-03-29 10:55:40,"{""gw-1"": {""1"": ""blocked"", ""2"": ""blocked""}}"
2025-03-29 10:55:40,"{""gw-2"": {""1"": ""conflict"", ""2"": ""blocked""}, ""gw-3"": {""1"": ""blocked"", ""2"": ""blocked""}}"
2025-03-29 10:55:40,"{""gw-1"": {""1"": ""blocked"", ""2"": ""blocked""}}"
2025-03-29 10:55:42,"{""gw-1"": {""1"": ""blocked"", ""2"": ""blocked""}}"
2025-03-29 10:55:42,"{""gw-2"": {""1"": ""blocked"", ""2"": ""blocked""}, ""gw-1"": {""1"": ""blocked"", ""2"": ""blocked""}}"
2025-03-29 10:55:48,"{""gw-1"": {""1"": ""blocked"", ""2"": ""blocked""}, ""gw-2"": {""1"": ""blocked"", ""2"": ""blocked""}, ""gw-3"": {""1"": ""blocked"", ""2"": ""conflict""}}"
2025-03-29 10:55:54,"{""gw-2"": {""1"": ""blocked"", ""2"": ""conflict""}, ""gw-3"": {""1"": ""blocked"", ""2"": ""blocked""}}"
2025-03-29 10:55:56,"{""gw-1"": {""1"": ""blocked"", ""2"": ""blocked""}}"
2025-03-29 10:55:57,"{""gw-3"": {""1"": ""blocked"", ""2"": ""blocked""}, ""gw-1"": {""1"": ""blocked"", ""2"": ""blocked""}}"
2025-03-29 10:55:58,"{""gw-3"": {""1"": ""blocked"", ""2"": ""blocked""}, ""gw-1"": {""1"": ""blocked"", ""2"": ""blocked""}}"
2025-03-29 10:56:01,"{""gw-1"": {""1"": ""blocked"", ""2"": ""blocked""}}"
2025-03-29 10:56:01,"{""gw-1"": {""1"": ""blocked"", ""2"": ""blocked""}}"
2025-03-29 10:56:01,"{""gw-3"": {""1"": ""conflict"", ""2"": ""blocked""}}"
2025-03-29 10:56:02,"{""gw-1"": {""1"": ""blocked"", ""2"": ""blocked""}}"
2025-03-29 10:56:02,"{""gw-1"": {""1"": ""blocked"", ""2"": ""blocked""}}"
2025-03-29 10:56:03,"{""gw-1"": {""1"": ""blocked"", ""2"": ""blocked""}}"
2025-03-29 10:56:04,"{""gw-1"": {""1"": ""conflict"", ""2"": ""conflict""}, ""gw-2"": {""1"": ""blocked"", ""2"": ""blocked""}}"
2025-03-29 10:56:05,"{""gw-2"": {""1"": ""blocked"", ""2"": ""blocked""}}"
2025-03-29 10:56:05,"{""gw-2"": {""1"": ""blocked"", ""2"": ""blocked""}, ""gw-3"": {""1"": ""blocked"", ""2"": ""blocked""}}"
2025-03-29 10:56:06,"{""gw-3"": {""1"": ""blocked"", ""2"": ""blocked""}}"
2025-03-29 10:56:08,"{""gw-3"": {""1"": ""blocked"", ""2"": ""blocked""}}"
2025-03-29 10:56:09,"{""gw-1"": {""1"": ""blocked"", ""2"": ""blocked""}}"
2025-03-29 10:56:14,"{""gw-2"": {""1"": ""blocked"", ""2"": ""blocked""}, ""gw-3"": {""1"": ""conflict"", ""2"": ""conflict""}}"
2025-03-29 10:56:15,"{""gw-2"": {""1"": ""blocked"", ""2"": ""blocked""}, ""gw-1"": {""1"": ""blocked"", ""2"": ""blocked""}}"
2025-03-29 10:56:15,"{""gw-3"": {""1"": ""conflict"", ""2"": ""blocked""}}"
2025-03-29 10:56:15,"{""gw-1"": {""1"": ""blocked"", ""2"": ""blocked""}}"
2025-03-29 10:56:15,"{""gw-1"": {""1"": ""blocked"", ""2"": ""blocked""}, ""gw-2"": {""1"": ""blocked"", ""2"": ""blocked""}}"
2025-03-29 10:56:16,"{""gw-1"": {""1"": ""blocked"", ""2"": ""blocked""}, ""gw-2"": {""1"": ""blocked"", ""2"": ""blocked""}}"
2025-03-29 10:56:17,"{""gw-3"": {""1"": ""blocked"", ""2"": ""blocked""}}"
2025-03-29 10:56:24,"{""gw-2"": {""1"": ""blocked"", ""2"": ""blocked""}}"
2025-03-29 10:56:24,"{""gw-1"": {""1"": ""blocked"", ""2"": ""blocked""}}"
2025-03-29 10:56:25,"{""gw-1"": {""1"": ""blocked"", ""2"": ""blocked""}}"
2025-03-29 10:56:26,"{""gw-2"": {""1"": ""blocked"", ""2"": ""blocked""}}"
2025-03-29 10:56:28,"{""gw-2"": {""1"": ""blocked"", ""2"": ""blocked""}}"
2025-03-29 10:56:29,"{""gw-3"": {""1"": ""conflict"", ""2"": ""blocked""}}"
2025-03-29 10:56:32,"{""gw-3"": {""1"": ""blocked"", ""2"": ""blocked""}}"
2025-03-29 10:56:36,"{""gw-3"": {""1"": ""blocked"", ""2"": ""blocked""}}"
2025-03-29 10:56:38,"{""gw-2"": {""1"": ""blocked"", ""2"": ""blocked""}}"
2025-03-29 10:56:41,"{""gw-1"": {""1"": ""blocked"", ""2"": ""blocked""}}"
2025-03-29 10:56:49,"{""gw-3"": {""1"": ""blocked"", ""2"": ""blocked""}, ""gw-2"": {""1"": ""blocked"", ""2"": ""blocked""}, ""gw-1"": {""1"": ""conflict"", ""2"": ""blocked""}}"
2025-03-29 10:56:51,"{""gw-3"": {""1"": ""blocked"", ""2"": ""blocked""}}"
2025-03-29 10:56:52,"{""gw-1"": {""1"": ""blocked"", ""2"": ""blocked""}, ""gw-2"": {""1"": ""blocked"", ""2"": ""blocked""}}"
2025-03-29 10:56:57,"{""gw-2"": {""1"": ""blocked"", ""2"": ""blocked""}, ""gw-1"": {""1"": ""blocked"", ""2"": ""blocked""}}"
2025-03-29 10:57:02,"{""gw-2"": {""1"": ""conflict"", ""2"": ""conflict""}}"
2025-03-29 10:57:04,"{""gw-3"": {""1"": ""blocked"", ""2"": ""conflict""}}"
2025-03-29 10:57:05,"{""gw-2"": {""1"": ""blocked"", ""2"": ""blocked""}}"
2025-03-29 10:57:05,"{""gw-1"": {""1"": ""blocked"", ""2"": ""conflict""}}"
2025-03-29 10:57:09,"{""gw-3"": {""1"": ""blocked"", ""2"": ""blocked""}}"
2025-03-29 10:57:12,"{""gw-1"": {""1"": ""blocked"", ""2"": ""blocked""}, ""gw-3"": {""1"": ""blocked"", ""2"": ""blocked""}}"
2025-03-29 10:57:15,"{""gw-1"": {""1"": ""blocked"", ""2"": ""blocked""}}"
2025-03-29 10:57:19,"{""gw-3"": {""1"": ""blocked"", ""2"": ""conflict""}}"
2025-03-29 10:57:22,"{""gw-1"": {""1"": ""blocked"", ""2"": ""blocked""}}"
2025-03-29 10:57:24,"{""gw-1"": {""1"": ""blocked"", ""2"": ""blocked""}, ""gw-2"": {""1"": ""blocked"", ""2"": ""blocked""}}"
2025-03-29 10:57:26,"{""gw-1"": {""1"": ""blocked"", ""2"": ""blocked""}}"
2025-03-29 10:57:28,"{""gw-3"": {""1"": ""blocked"", ""2"": ""blocked""}}"
2025-03-29 10:57:28,"{""gw-3"": {""1"": ""blocked"", ""2"": ""blocked""}}"
2025-03-29 10:57:29,"{""gw-1"": {""1"": ""blocked"", ""2"": ""conflict""}}"
2025-03-29 10:57:36,"{""gw-1"": {""1"": ""blocked"", ""2"": ""blocked""}}"
2025-03-29 10:57:36,"{""gw-2"": {""1"": ""blocked"", ""2"": ""blocked""}, ""gw-1"": {""1"": ""blocked"", ""2"": ""blocked""}}"
2025-03-29 10:57:36,"{""gw-2"": {""1"": ""blocked"", ""2"": ""blocked""}, ""gw-1"": {""1"": ""blocked"", ""2"": ""blocked""}}"
2025-03-29 10:57:42,"{""gw-1"": {""1"": ""blocked"", ""2"": ""conflict""}}"
2025-03-29 10:57:42,"{""gw-3"": {""1"": ""conflict"", ""2"": ""blocked""}}"
2025-03-29 10:57:45,"{""gw-2"": {""1"": ""blocked"", ""2"": ""blocked""}, ""gw-1"": {""1"": ""blocked"", ""2"": ""blocked""}, ""gw-3"": {""1"": ""blocked"", ""2"": ""blocked""}}"
2025-03-29 10:57:45,"{""gw-1"": {""1"": ""blocked"", ""2"": ""blocked""}, ""gw-3"": {""1"": ""blocked"", ""2"": ""blocked""}}"
2025-03-29 10:57:46,"{""gw-2"": {""1"": ""blocked"", ""2"": ""blocked""}, ""gw-3"": {""1"": ""blocked"", ""2"": ""blocked""}}"
2025-03-29 10:57:47,"{""gw-3"": {""1"": ""blocked"", ""2"": ""blocked""}}"
2025-03-29 10:57:53,"{""gw-3"": {""1"": ""blocked"", ""2"": ""conflict""}, ""gw-2"": {""1"": ""blocked"", ""2"": ""conflict""}}"
2025-03-29 10:57:54,"{""gw-2"": {""1"": ""conflict"", ""2"": ""conflict""}, ""gw-3"": {""1"": ""conflict"", ""2"": ""conflict""}}"
2025-03-29 10:58:03,"{""gw-2"": {""1"": ""blocked"", ""2"": ""blocked""}, ""gw-1"": {""1"": ""conflict"", ""2"": ""blocked""}}"
2025-03-29 10:58:05,"{""gw-3"": {""1"": ""blocked"", ""2"": ""conflict""}}"
2025-03-29 10:58:10,"{""gw-1"": {""1"": ""conflict"", ""2"": ""blocked""}}"
2025-03-29 10:58:11,"{""gw-1"": {""1"": ""blocked"", ""2"": ""blocked""}}"
2025-03-29 10:58:11,"{""gw-1"": {""1"": ""blocked"", ""2"": ""blocked""}}"
2025-03-29 10:58:15,"{""gw-1"": {""1"": ""blocked"", ""2"": ""conflict""}}"
2025-03-29 10:58:15,"{""gw-1"": {""1"": ""conflict"", ""2"": ""conflict""}, ""gw-3"": {""1"": ""conflict"", ""2"": ""blocked""}}"
2025-03-29 10:58:21,"{""gw-3"": {""1"": ""blocked"", ""2"": ""conflict""}, ""gw-2"": {""1"": ""blocked"", ""2"": ""blocked""}}"
2025-03-29 10:58:24,"{""gw-1"": {""1"": ""blocked"", ""2"": ""blocked""}}"
2025-03-29 10:58:24,"{""gw-2"": {""1"": ""blocked"", ""2"": ""blocked""}}"
2025-03-29 10:58:26,"{""gw-1"": {""1"": ""blocked"", ""2"": ""blocked""}}"
2025-03-29 10:58:26,"{""gw-1"": {""1"": ""blocked"", ""2"": ""blocked""}}"
2025-03-29 10:58:29,"{""gw-3"": {""1"": ""blocked"", ""2"": ""blocked""}}"
2025-03-29 10:58:29,"{""gw-1"": {""1"": ""conflict"", ""2"": ""blocked""}, ""gw-3"": {""1"": ""blocked"", ""2"": ""blocked""}}"
2025-03-29 10:58:31,"{""gw-3"": {""1"": ""blocked"", ""2"": ""blocked""}, ""gw-2"": {""1"": ""blocked"", ""2"": ""blocked""}}"
2025-03-29 10:58:32,"{""gw-2"": {""1"": ""blocked"", ""2"": ""blocked""}, ""gw-3"": {""1"": ""blocked"", ""2"": ""blocked""}}"
2025-03-29 10:58:32,"{""gw-1"": {""1"": ""blocked"", ""2"": ""blocked""}}"
2025-03-29 10:58:33,"{""gw-2"": {""1"": ""blocked"", ""2"": ""blocked""}}"
2025-03-29 10:58:33,"{""gw-2"": {""1"": ""blocked"", ""2"": ""blocked""}}"
2025-03-29 10:58:37,"{""gw-2"": {""1"": ""blocked"", ""2"": ""blocked""}}"
2025-03-29 10:58:39,"{""gw-3"": {""1"": ""blocked"", ""2"": ""blocked""}, ""gw-1"": {""1"": ""blocked"", ""2"": ""blocked""}}"
2025-03-29 10:58:48,"{""gw-2"": {""1"": ""blocked"", ""2"": ""blocked""}}"
2025-03-29 10:58:48,"{""gw-2"": {""1"": ""blocked"", ""2"": ""blocked""}}"
2025-03-29 10:58:50,"{""gw-1"": {""1"": ""blocked"", ""2"": ""blocked""}}"
2025-03-29 10:58:55,"{""gw-2"": {""1"": ""conflict"", ""2"": ""blocked""}}"
2025-03-29 10:58:58,"{""gw-2"": {""1"": ""blocked"", ""2"": ""blocked""}}"
2025-03-29 10:58:59,"{""gw-2"": {""1"": ""blocked"", ""2"": ""blocked""}}"
2025-03-29 10:58:59,"{""gw-2"": {""1"": ""blocked"", ""2"": ""blocked""}}"
2025-03-29 10:59:03,"{""gw-1"": {""1"": ""conflict"", ""2"": ""blocked""}}"
2025-03-29 10:59:05,"{""gw-2"": {""1"": ""blocked"", ""2"": ""blocked""}}"
2025-03-29 10:59:06,"{""gw-2"": {""1"": ""conflict"", ""2"": ""conflict""}}"
2025-03-29 10:59:11,"{""gw-2"": {""1"": ""blocked"", ""2"": ""blocked""}, ""gw-1"": {""1"": ""blocked"", ""2"": ""blocked""}}"
2025-03-29 10:59:12,"{""gw-2"": {""1"": ""blocked"", ""2"": ""blocked""}}"
2025-03-29 10:59:18,"{""gw-2"": {""1"": ""conflict"", ""2"": ""conflict""}}"
2025-03-29 10:59:25,"{""gw-2"": {""1"": ""blocked"", ""2"": ""blocked""}}"
2025-03-29 10:59:27,"{""gw-2"": {""1"": ""blocked"", ""2"": ""blocked""}}"
2025-03-29 10:59:37,"{""gw-3"": {""1"": ""blocked"", ""2"": ""conflict""}}"
2025-03-29 10:59:37,"{""gw-2"": {""1"": ""blocked"", ""2"": ""blocked""}}"
2025-03-29 10:59:38,"{""gw-1"": {""1"": ""conflict"", ""2"": ""conflict""}}"
2025-03-29 10:59:38,"{""gw-2"": {""1"": ""blocked"", ""2"": ""blocked""}}"
2025-03-29 10:59:38,"{""gw-1"": {""1"": ""conflict"", ""2"": ""conflict""}, ""gw-2"": {""1"": ""blocked"", ""2"": ""blocked""}, ""gw-3"": {""1"": ""conflict"", ""2"": ""blocked""}}"
2025-03-29 10:59:39,"{""gw-2"": {""1"": ""blocked"", ""2"": ""blocked""}}"
2025-03-29 10:59:39,"{""gw-2"": {""1"": ""blocked"", ""2"": ""blocked""}}"
2025-03-29 10:59:41,"{""gw-2"": {""1"": ""blocked"", ""2"": ""blocked""}}"
2025-03-29 10:59:41,"{""gw-2"": {""1"": ""blocked"", ""2"": ""blocked""}, ""gw-3"": {""1"": ""blocked"", ""2"": ""blocked""}}"
2025-03-29 10:59:43,"{""gw-2"": {""1"": ""blocked"", ""2"": ""blocked""}, ""gw-3"": {""1"": ""blocked"", ""2"": ""blocked""}}"
2025-03-29 10:59:47,"{""gw-3"": {""1"": ""blocked"", ""2"": ""blocked""}}"
2025-03-29 10:59:48,"{""gw-1"": {""1"": ""blocked"", ""2"": ""blocked""}}"
2025-03-29 10:59:48,"{""gw-3"": {""1"": ""blocked"", ""2"": ""conflict""}, ""gw-2"": {""1"": ""blocked"", ""2"": ""blocked""}}"
2025-03-29 10:59:49,"{""gw-2"": {""1"": ""blocked"", ""2"": ""blocked""}}"
2025-03-29 10:59:49,"{""gw-3"": {""1"": ""blocked"", ""2"": ""conflict""}, ""gw-2"": {""1"": ""blocked"", ""2"": ""blocked""}}"
2025-03-29 10:59:52,"{""gw-1"": {""1"": ""blocked"", ""2"": ""blocked""}, ""gw-3"": {""1"": ""blocked"", ""2"": ""blocked""}}"
2025-03-29 10:59:54,"{""gw-2"": {""1"": ""blocked"", ""2"": ""blocked""}}"
2025-03-29 10:59:55,"{""gw-2"": {""1"": ""blocked"", ""2"": ""blocked""}, ""gw-1"": {""1"": ""blocked"", ""2"": ""blocked""}}"
2025-03-29 10:59:55,"{""gw-3"": {""1"": ""blocked"", ""2"": ""blocked""}, ""gw-1"": {""1"": ""blocked"", ""2"": ""blocked""}}"
2025-03-29 10:59:57,"{""gw-1"": {""1"": ""blocked"", ""2"": ""blocked""}, ""gw-3"": {""1"": ""blocked"", ""2"": ""blocked""}}"
2025-03-29 10:59:57,"{""gw-1"": {""1"": ""blocked"", ""2"": ""blocked""}}"
2025-03-29 10:59:57,"{""gw-3"": {""1"": ""blocked"", ""2"": ""blocked""}}"
2025-03-29 10:59:59,"{""gw-3"": {""1"": ""blocked"", ""2"": ""blocked""}, ""gw-1"": {""1"": ""blocked"", ""2"": ""blocked""}}"
2025-03-29 11:00:01,"{""gw-2"": {""1"": ""blocked"", ""2"": ""blocked""}, ""gw-3"": {""1"": ""blocked"", ""2"": ""conflict""}}"
2025-03-29 11:00:02,"{""gw-3"": {""1"": ""conflict"", ""2"": ""blocked""}}"
2025-03-29 11:00:05,"{""gw-1"": {""1"": ""conflict"", ""2"": ""blocked""}}"
2025-03-29 11:00:05,"{""gw-2"": {""1"": ""blocked"", ""2"": ""blocked""}, ""gw-1"": {""1"": ""conflict"", ""2"": ""blocked""}}"
2025-03-29 11:00:11,"{""gw-1"": {""1"": ""blocked"", ""2"": ""blocked""}, ""gw-3"": {""1"": ""blocked"", ""2"": ""blocked""}}"
2025-03-29 11:00:14,"{""gw-2"": {""1"": ""blocked"", ""2"": ""blocked""}, ""gw-1"": {""1"": ""blocked"", ""2"": ""blocked""}}"
2025-03-29 11:00:18,"{""gw-2"": {""1"": ""blocked"", ""2"": ""blocked""}}"
2025-03-29 11:00:19,"{""gw-2"": {""1"": ""blocked"", ""2"": ""blocked""}}"
2025-03-29 11:00:19,"{""gw-2"": {""1"": ""blocked"", ""2"": ""blocked""}}"
2025-03-29 11:00:20,"{""gw-2"": {""1"": ""blocked"", ""2"": ""blocked""}}"
2025-03-29 11:00:22,"{""gw-3"": {""1"": ""conflict"", ""2"": ""blocked""}}"
2025-03-29 11:00:25,"{""gw-3"": {""1"": ""blocked"", ""2"": ""blocked""}}"
2025-03-29 11:00:27,"{""gw-1"": {""1"": ""blocked"", ""2"": ""blocked""}, ""gw-3"": {""1"": ""blocked"", ""2"": ""blocked""}, ""gw-2"": {""1"": ""blocked"", ""2"": ""blocked""}}"
2025-03-29 11:00:27,"{""gw-3"": {""1"": ""blocked"", ""2"": ""blocked""}}"
2025-03-29 11:00:28,"{""gw-3"": {""1"": ""blocked"", ""2"": ""blocked""}, ""gw-2"": {""1"": ""blocked"", ""2"": ""blocked""}}"
2025-03-29 11:00:29,"{""gw-1"": {""1"": ""blocked"", ""2"": ""blocked""}}"
2025-03-29 11:00:31,"{""gw-3"": {""1"": ""conflict"", ""2"": ""blocked""}}"
2025-03-29 11:00:32,"{""gw-3"": {""1"": ""conflict"", ""2"": ""blocked""}, ""gw-1"": {""1"": ""blocked"", ""2"": ""blocked""}}"
2025-03-29 11:00:32,"{""gw-1"": {""1"": ""blocked"", ""2"": ""blocked""}, ""gw-3"": {""1"": ""conflict"", ""2"": ""blocked""}}"
2025-03-29 11:00:40,"{""gw-1"": {""1"": ""blocked"", ""2"": ""blocked""}, ""gw-3"": {""1"": ""blocked"", ""2"": ""blocked""}}"
2025-03-29 11:00:44,"{""gw-1"": {""1"": ""blocked"", ""2"": ""blocked""}, ""gw-3"": {""1"": ""blocked"", ""2"": ""blocked""}}"
2025-03-29 11:00:44,"{""gw-2"": {""1"": ""blocked"", ""2"": ""blocked""}, ""gw-3"": {""1"": ""blocked"", ""2"": ""blocked""}}"
2025-03-29 11:00:45,"{""gw-2"": {""1"": ""blocked"", ""2"": ""blocked""}, ""gw-1"": {""1"": ""blocked"", ""2"": ""conflict""}, ""gw-3"": {""1"": ""blocked"", ""2"": ""blocked""}}"
2025-03-29 11:00:46,"{""gw-2"": {""1"": ""blocked"", ""2"": ""blocked""}}"
2025-03-29 11:00:46,"{""gw-2"": {""1"": ""blocked"", ""2"": ""blocked""}, ""gw-1"": {""1"": ""conflict"", ""2"": ""conflict""}}"
2025-03-29 11:00:51,"{""gw-2"": {""1"": ""conflict"", ""2"": ""blocked""}}"
2025-03-29 11:00:55,"{""gw-1"": {""1"": ""blocked"", ""2"": ""blocked""}}"
2025-03-29 11:00:58,"{""gw-3"": {""1"": ""blocked"", ""2"": ""blocked""}}"
2025-03-29 11:01:07,"{""gw-2"": {""1"": ""blocked"", ""2"": ""conflict""}}"
2025-03-29 11:01:14,"{""gw-3"": {""1"": ""blocked"", ""2"": ""blocked""}, ""gw-1"": {""1"": ""blocked"", ""2"": ""blocked""}}"
2025-03-29 11:01:15,"{""gw-1"": {""1"": ""blocked"", ""2"": ""blocked""}}"
2025-03-29 11:01:16,"{""gw-3"": {""1"": ""blocked"", ""2"": ""blocked""}, ""gw-2"": {""1"": ""blocked"", ""2"": ""blocked""}}"
2025-03-29 11:01:17,"{""gw-1"": {""1"": ""blocked"", ""2"": ""blocked""}, ""gw-2"": {""1"": ""blocked"", ""2"": ""blocked""}, ""gw-3"": {""1"": ""blocked"", ""2"": ""blocked""}}"
2025-03-29 11:01:21,"{""gw-1"": {""1"": ""blocked"", ""2"": ""blocked""}}"
2025-03-29 11:01:21,"{""gw-3"": {""1"": ""blocked"", ""2"": ""blocked""}}"
2025-03-29 11:01:26,"{""gw-2"": {""1"": ""blocked"", ""2"": ""blocked""}}"
2025-03-29 11:01:32,"{""gw-2"": {""1"": ""blocked"", ""2"": ""blocked""}}"
2025-03-29 11:01:33,"{""gw-2"": {""1"": ""blocked"", ""2"": ""blocked""}}"
2025-03-29 11:01:39,"{""gw-2"": {""1"": ""conflict"", ""2"": ""conflict""}}"
2025-03-29 11:01:45,"{""gw-2"": {""1"": ""blocked"", ""2"": ""blocked""}}"
2025-03-29 11:01:46,"{""gw-1"": {""1"": ""blocked"", ""2"": ""blocked""}, ""gw-3"": {""1"": ""conflict"", ""2"": ""blocked""}, ""gw-2"": {""1"": ""blocked"", ""2"": ""blocked""}}"
2025-03-29 11:01:47,"{""gw-2"": {""1"": ""blocked"", ""2"": ""blocked""}, ""gw-1"": {""1"": ""blocked"", ""2"": ""blocked""}}"
2025-03-29 11:01:51,"{""gw-1"": {""1"": ""blocked"", ""2"": ""blocked""}}"
2025-03-29 11:01:51,"{""gw-3"": {""1"": ""blocked"", ""2"": ""blocked""}}"
2025-03-29 11:01:54,"{""gw-3"": {""1"": ""blocked"", ""2"": ""blocked""}}"
2025-03-29 11:01:58,"{""gw-2"": {""1"": ""blocked"", ""2"": ""blocked""}}"
2025-03-29 11:01:59,"{""gw-2"": {""1"": ""blocked"", ""2"": ""blocked""}}"
2025-03-29 11:02:00,"{""gw-2"": {""1"": ""blocked"", ""2"": ""blocked""}}"
2025-03-29 11:02:02,"{""gw-2"": {""1"": ""blocked"", ""2"": ""blocked""}}"
2025-03-29 11:02:04,"{""gw-3"": {""1"": ""blocked"", ""2"": ""blocked""}}"
2025-03-29 11:02:07,"{""gw-3"": {""1"": ""blocked"", ""2"": ""conflict""}, ""gw-2"": {""1"": ""conflict"", ""2"": ""conflict""}}"
2025-03-29 11:02:08,"{""gw-3"": {""1"": ""conflict"", ""2"": ""conflict""}, ""gw-1"": {""1"": ""blocked"", ""2"": ""blocked""}}"
2025-03-29 11:02:08,"{""gw-1"": {""1"": ""blocked"", ""2"": ""blocked""}}"
2025-03-29 11:02:10,"{""gw-1"": {""1"": ""blocked"", ""2"": ""blocked""}}"
2025-03-29 11:02:12,"{""gw-3"": {""1"": ""blocked"", ""2"": ""blocked""}}"
2025-03-29 11:02:15,"{""gw-2"": {""1"": ""blocked"", ""2"": ""blocked""}}"
2025-03-29 11:02:16,"{""gw-1"": {""1"": ""conflict"", ""2"": ""blocked""}}"
2025-03-29 11:02:16,"{""gw-1"": {""1"": ""conflict"", ""2"": ""blocked""}}"
2025-03-29 11:02:16,"{""gw-2"": {""1"": ""blocked"", ""2"": ""blocked""}, ""gw-3"": {""1"": ""blocked"", ""2"": ""blocked""}}"
2025-03-29 11:02:17,"{""gw-2"": {""1"": ""blocked"", ""2"": ""blocked""}, ""gw-3"": {""1"": ""blocked"", ""2"": ""blocked""}}"
2025-03-29 11:02:17,"{""gw-2"": {""1"": ""blocked"", ""2"": ""blocked""}}"
2025-03-29 11:02:26,"{""gw-2"": {""1"": ""blocked"", ""2"": ""blocked""}}"
2025-03-29 11:02:27,"{""gw-3"": {""1"": ""conflict"", ""2"": ""blocked""}}"
2025-03-29 11:02:42,"{""gw-1"": {""1"": ""blocked"", ""2"": ""conflict""}}"
2025-03-29 11:02:43,"{""gw-3"": {""1"": ""blocked"", ""2"": ""blocked""}, ""gw-1"": {""1"": ""blocked"", ""2"": ""conflict""}}"
2025-03-29 11:02:43,"{""gw-1"": {""1"": ""blocked"", ""2"": ""conflict""}}"
2025-03-29 11:02:43,"{""gw-1"": {""1"": ""blocked"", ""2"": ""conflict""}, ""gw-3"": {""1"": ""blocked"", ""2"": ""blocked""}, ""gw-2"": {""1"": ""blocked"", ""2"": ""blocked""}}"
2025-03-29 11:02:43,"{""gw-3"": {""1"": ""blocked"", ""2"": ""blocked""}}"
2025-03-29 11:02:44,"{""gw-3"": {""1"": ""blocked"", ""2"": ""blocked""}}"
2025-03-29 11:02:46,"{""gw-3"": {""1"": ""blocked"", ""2"": ""blocked""}, ""gw-2"": {""1"": ""blocked"", ""2"": ""blocked""}}"
2025-03-29 11:02:49,"{""gw-2"": {""1"": ""blocked"", ""2"": ""blocked""}}"
2025-03-29 11:02:52,"{""gw-3"": {""1"": ""blocked"", ""2"": ""conflict""}, ""gw-1"": {""1"": ""blocked"", ""2"": ""blocked""}}"
2025-03-29 11:02:52,"{""gw-3"": {""1"": ""blocked"", ""2"": ""conflict""}}"
2025-03-29 11:02:59,"{""gw-3"": {""1"": ""blocked"", ""2"": ""blocked""}}"
2025-03-29 11:03:00,"{""gw-2"": {""1"": ""conflict"", ""2"": ""blocked""}}"
2025-03-29 11:03:00,"{""gw-1"": {""1"": ""conflict"", ""2"": ""blocked""}}"
2025-03-29 11:03:00,"{""gw-3"": {""1"": ""blocked"", ""2"": ""blocked""}, ""gw-2"": {""1"": ""conflict"", ""2"": ""blocked""}}"
2025-03-29 11:03:07,"{""gw-1"": {""1"": ""blocked"", ""2"": ""blocked""}}"
2025-03-29 11:03:08,"{""gw-2"": {""1"": ""blocked"", ""2"": ""blocked""}, ""gw-1"": {""1"": ""blocked"", ""2"": ""blocked""}}"
2025-03-29 11:03:09,"{""gw-3"": {""1"": ""blocked"", ""2"": ""blocked""}}"
2025-03-29 11:03:09,"{""gw-2"": {""1"": ""blocked"", ""2"": ""blocked""}}"
2025-03-29 11:03:10,"{""gw-2"": {""1"": ""blocked"", ""2"": ""blocked""}, ""gw-1"": {""1"": ""blocked"", ""2"": ""blocked""}}"
2025-03-29 11:03:19,"{""gw-1"": {""1"": ""blocked"", ""2"": ""blocked""}}"
2025-03-29 11:03:22,"{""gw-2"": {""1"": ""blocked"", ""2"": ""blocked""}, ""gw-1"": {""1"": ""blocked"", ""2"": ""blocked""}}"
2025-03-29 11:03:27,"{""gw-1"": {""1"": ""blocked"", ""2"": ""blocked""}, ""gw-3"": {""1"": ""blocked"", ""2"": ""blocked""}}"
2025-03-29 11:03:28,"{""gw-3"": {""1"": ""blocked"", ""2"": ""blocked""}, ""gw-1"": {""1"": ""blocked"", ""2"": ""blocked""}, ""gw-2"": {""1"": ""blocked"", ""2"": ""blocked""}}"
2025-03-29 11:03:28,"{""gw-3"": {""1"": ""blocked"", ""2"": ""blocked""}}"
2025-03-29 11:03:30,"{""gw-1"": {""1"": ""blocked"", ""2"": ""blocked""}}"
2025-03-29 11:03:33,"{""gw-3"": {""1"": ""blocked"", ""2"": ""blocked""}, ""gw-1"": {""1"": ""blocked"", ""2"": ""blocked""}}"
2025-03-29 11:03:39,"{""gw-2"": {""1"": ""blocked"", ""2"": ""blocked""}}"
2025-03-29 11:03:39,"{""gw-2"": {""1"": ""blocked"", ""2"": ""blocked""}}"
2025-03-29 11:03:50,"{""gw-2"": {""1"": ""blocked"", ""2"": ""blocked""}}"
2025-03-29 11:03:52,"{""gw-1"": {""1"": ""conflict"", ""2"": ""blocked""}, ""gw-3"": {""1"": ""blocked"", ""2"": ""blocked""}, ""gw-2"": {""1"": ""blocked"", ""2"": ""blocked""}}"
2025-03-29 11:03:52,"{""gw-2"": {""1"": ""blocked"", ""2"": ""blocked""}, ""gw-1"": {""1"": ""conflict"", ""2"": ""blocked""}}"
2025-03-29 11:03:52,"{""gw-1"": {""1"": ""conflict"", ""2"": ""blocked""}}"
2025-03-29 11:03:52,"{""gw-2"": {""1"": ""blocked"", ""2"": ""blocked""}, ""gw-1"": {""1"": ""conflict"", ""2"": ""blocked""}}"
2025-03-29 11:03:54,"{""gw-2"": {""1"": ""blocked"", ""2"": ""blocked""}}"
2025-03-29 11:04:01,"{""gw-2"": {""1"": ""blocked"", ""2"": ""blocked""}}"
2025-03-29 11:04:08,"{""gw-1"": {""1"": ""blocked"", ""2"": ""conflict""}}"
2025-03-29 11:04:09,"{""gw-2"": {""1"": ""conflict"", ""2"": ""blocked""}}"
2025-03-29 11:04:10,"{""gw-3"": {""1"": ""blocked"", ""2"": ""blocked""}}"
2025-03-29 11:04:10,"{""gw-3"": {""1"": ""blocked"", ""2"": ""blocked""}}"
2025-03-29 11:04:11,"{""gw-3"": {""1"": ""blocked"", ""2"": ""blocked""}}"
2025-03-29 11:04:12,"{""gw-1"": {""1"": ""blocked"", ""2"": ""blocked""}, ""gw-3"": {""1"": ""blocked"", ""2"": ""blocked""}}"
2025-03-29 11:04:12,"{""gw-2"": {""1"": ""blocked"", ""2"": ""blocked""}}"
2025-03-29 11:04:13,"{""gw-1"": {""1"": ""blocked"", ""2"": ""blocked""}, ""gw-2"": {""1"": ""blocked"", ""2"": ""blocked""}}"
2025-03-29 11:04:13,"{""gw-3"": {""1"": ""blocked"", ""2"": ""blocked""}, ""gw-2"": {""1"": ""blocked"", ""2"": ""blocked""}}"
2025-03-29 11:04:13,"{""gw-2"": {""1"": ""blocked"", ""2"": ""blocked""}}"
2025-03-29 11:04:17,"{""gw-3"": {""1"": ""blocked"", ""2"": ""conflict""}, ""gw-1"": {""1"": ""blocked"", ""2"": ""blocked""}}"
2025-03-29 11:04:18,"{""gw-2"": {""1"": ""blocked"", ""2"": ""blocked""}, ""gw-3"": {""1"": ""conflict"", ""2"": ""conflict""}}"
2025-03-29 11:04:19,"{""gw-3"": {""1"": ""conflict"", ""2"": ""blocked""}, ""gw-2"": {""1"": ""blocked"", ""2"": ""blocked""}}"
2025-03-29 11:04:22,"{""gw-3"": {""1"": ""blocked"", ""2"": ""blocked""}}"
2025-03-29 11:04:24,"{""gw-3"": {""1"": ""blocked"", ""2"": ""blocked""}}"
2025-03-29 11:04:26,"{""gw-1"": {""1"": ""conflict"", ""2"": ""blocked""}}"
2025-03-29 11:04:27,"{""gw-2"": {""1"": ""blocked"", ""2"": ""blocked""}}"
2025-03-29 11:04:27,"{""gw-1"": {""1"": ""blocked"", ""2"": ""blocked""}}"
2025-03-29 11:04:28,"{""gw-1"": {""1"": ""blocked"", ""2"": ""blocked""}, ""gw-3"": {""1"": ""blocked"", ""2"": ""blocked""}}"
2025-03-29 11:04:30,"{""gw-3"": {""1"": ""blocked"", ""2"": ""conflict""}}"
2025-03-29 11:04:30,"{""gw-3"": {""1"": ""blocked"", ""2"": ""conflict""}, ""gw-1"": {""1"": ""blocked"", ""2"": ""blocked""}}"
2025-03-29 11:04:34,"{""gw-3"": {""1"": ""blocked"", ""2"": ""blocked""}}"
2025-03-29 11:04:35,"{""gw-1"": {""1"": ""blocked"", ""2"": ""blocked""}}"
2025-03-29 11:04:35,"{""gw-3"": {""1"": ""blocked"", ""2"": ""blocked""}}"
2025-03-29 11:04:39,"{""gw-3"": {""1"": ""blocked"", ""2"": ""blocked""}}"
2025-03-29 11:04:42,"{""gw-2"": {""1"": ""blocked"", ""2"": ""blocked""}, ""gw-1"": {""1"": ""blocked"", ""2"": ""blocked""}}"
2025-03-29 11:04:46,"{""gw-2"": {""1"": ""blocked"", ""2"": ""blocked""}}"
2025-03-29 11:04:46,"{""gw-2"": {""1"": ""blocked"", ""2"": ""blocked""}}"
2025-03-29 11:04:47,"{""gw-1"": {""1"": ""blocked"", ""2"": ""blocked""}}"
2025-03-29 11:04:49,"{""gw-3"": {""1"": ""blocked"", ""2"": ""blocked""}}"
2025-03-29 11:04:53,"{""gw-2"": {""1"": ""blocked"", ""2"": ""conflict""}, ""gw-3"": {""1"": ""blocked"", ""2"": ""blocked""}}"
2025-03-29 11:04:55,"{""gw-3"": {""1"": ""blocked"", ""2"": ""blocked""}}"
2025-03-29 11:04:57,"{""gw-1"": {""1"": ""conflict"", ""2"": ""blocked""}}"
2025-03-29 11:04:58,"{""gw-2"": {""1"": ""blocked"", ""2"": ""blocked""}}"
2025-03-29 11:05:08,"{""gw-3"": {""1"": ""blocked"", ""2"": ""blocked""}}"
2025-03-29 11:05:12,"{""gw-2"": {""1"": ""blocked"", ""2"": ""conflict""}}"
2025-03-29 11:05:18,"{""gw-2"": {""1"": ""blocked"", ""2"": ""blocked""}, ""gw-1"": {""1"": ""blocked"", ""2"": ""blocked""}}"
2025-03-29 11:05:18,"{""gw-2"": {""1"": ""blocked"", ""2"": ""blocked""}}"
2025-03-29 11:05:22,"{""gw-2"": {""1"": ""blocked"", ""2"": ""blocked""}}"
2025-03-29 11:05:28,"{""gw-1"": {""1"": ""conflict"", ""2"": ""blocked""}}"
2025-03-29 11:05:35,"{""gw-2"": {""1"": ""blocked"", ""2"": ""blocked""}, ""gw-3"": {""1"": ""blocked"", ""2"": ""blocked""}}"
2025-03-29 11:05:35,"{""gw-3"": {""1"": ""blocked"", ""2"": ""blocked""}}"
2025-03-29 11:05:35,"{""gw-2"": {""1"": ""blocked"", ""2"": ""blocked""}}"
2025-03-29 11:05:42,"{""gw-1"": {""1"": ""conflict"", ""2"": ""blocked""}}"
2025-03-29 11:05:47,"{""gw-1"": {""1"": ""blocked"", ""2"": ""blocked""}}"
2025-03-29 11:05:53,"{""gw-1"": {""1"": ""blocked"", ""2"": ""conflict""}}"
2025-03-29 11:05:58,"{""gw-1"": {""1"": ""blocked"", ""2"": ""blocked""}}"
2025-03-29 11:05:59,"{""gw-1"": {""1"": ""blocked"", ""2"": ""blocked""}}"
2025-03-29 11:06:00,"{""gw-1"": {""1"": ""blocked"", ""2"": ""blocked""}}"
2025-03-29 11:06:01,"{""gw-1"": {""1"": ""blocked"", ""2"": ""blocked""}}"
2025-03-29 11:06:01,"{""gw-2"": {""1"": ""conflict"", ""2"": ""blocked""}}"
2025-03-29 11:06:05,"{""gw-2"": {""1"": ""blocked"", ""2"": ""blocked""}, ""gw-1"": {""1"": ""blocked"", ""2"": ""conflict""}}"
2025-03-29 11:06:05,"{""gw-1"": {""1"": ""blocked"", ""2"": ""conflict""}, ""gw-2"": {""1"": ""blocked"", ""2"": ""blocked""}, ""gw-3"": {""1"": ""blocked"", ""2"": ""blocked""}}"
2025-03-29 11:06:06,"{""gw-1"": {""1"": ""conflict"", ""2"": ""blocked""}}"
2025-03-29 11:06:08,"{""gw-1"": {""1"": ""blocked"", ""2"": ""blocked""}, ""gw-3"": {""1"": ""blocked"", ""2"": ""blocked""}}"
2025-03-29 11:06:08,"{""gw-2"": {""1"": ""blocked"", ""2"": ""blocked""}}"
2025-03-29 11:06:09,"{""gw-3"": {""1"": ""blocked"", ""2"": ""blocked""}, ""gw-2"": {""1"": ""blocked"", ""2"": ""blocked""}}"
2025-03-29 11:06:10,"{""gw-1"": {""1"": ""blocked"", ""2"": ""blocked""}}"
2025-03-29 11:06:13,"{""gw-3"": {""1"": ""blocked"", ""2"": ""conflict""}}"
2025-03-29 11:06:18,"{""gw-1"": {""1"": ""conflict"", ""2"": ""blocked""}, ""gw-3"": {""1"": ""blocked"", ""2"": ""blocked""}}"
2025-03-29 11:06:33,"{""gw-2"": {""1"": ""conflict"", ""2"": ""blocked""}}"
2025-03-29 11:06:34,"{""gw-1"": {""1"": ""blocked"", ""2"": ""blocked""}}"
2025-03-29 11:06:34,"{""gw-1"": {""1"": ""blocked"", ""2"": ""blocked""}}"
2025-03-29 11:06:40,"{""gw-1"": {""1"": ""blocked"", ""2"": ""blocked""}}"
2025-03-29 11:06:40,"{""gw-3"": {""1"": ""blocked"", ""2"": ""blocked""}}"
2025-03-29 11:06:48,"{""gw-1"": {""1"": ""blocked"", ""2"": ""conflict""}}"
2025-03-29 11:06:50,"{""gw-1"": {""1"": ""conflict"", ""2"": ""blocked""}}"
2025-03-29 11:06:52,"{""gw-1"": {""1"": ""blocked"", ""2"": ""blocked""}}"
2025-03-29 11:06:53,"{""gw-1"": {""1"": ""blocked"", ""2"": ""blocked""}, ""gw-2"": {""1"": ""conflict"", ""2"": ""conflict""}}"
2025-03-29 11:06:54,"{""gw-3"": {""1"": ""conflict"", ""2"": ""blocked""}, ""gw-1"": {""1"": ""blocked"", ""2"": ""blocked""}}"
2025-03-29 11:06:57,"{""gw-1"": {""1"": ""blocked"", ""2"": ""blocked""}}"
2025-03-29 11:06:57,"{""gw-2"": {""1"": ""blocked"", ""2"": ""blocked""}}"
2025-03-29 11:07:05,"{""gw-2"": {""1"": ""blocked"", ""2"": ""blocked""}}"
2025-03-29 11:07:09,"{""gw-1"": {""1"": ""blocked"", ""2"": ""blocked""}}"
2025-03-29 11:07:09,"{""gw-2"": {""1"": ""blocked"", ""2"": ""conflict""}}"
2025-03-29 11:07:10,"{""gw-1"": {""1"": ""blocked"", ""2"": ""blocked""}}"
2025-03-29 11:07:11,"{""gw-3"": {""1"": ""blocked"", ""2"": ""blocked""}, ""gw-1"": {""1"": ""blocked"", ""2"": ""blocked""}}"
2025-03-29 11:07:12,"{""gw-3"": {""1"": ""blocked"", ""2"": ""blocked""}}"
2025-03-29 11:07:13,"{""gw-1"": {""1"": ""blocked"", ""2"": ""blocked""}, ""gw-3"": {""1"": ""blocked"", ""2"": ""blocked""}, ""gw-2"": {""1"": ""blocked"", ""2"": ""blocked""}}"
2025-03-29 11:07:13,"{""gw-1"": {""1"": ""blocked"", ""2"": ""blocked""}, ""gw-3"": {""1"": ""blocked"", ""2"": ""blocked""}}"
2025-03-29 11:07:20,"{""gw-2"": {""1"": ""blocked"", ""2"": ""blocked""}}"
2025-03-29 11:07:36,"{""gw-1"": {""1"": ""blocked"", ""2"": ""blocked""}}"
2025-03-29 11:07:38,"{""gw-3"": {""1"": ""blocked"", ""2"": ""blocked""}}"
2025-03-29 11:07:41,"{""gw-3"": {""1"": ""blocked"", ""2"": ""blocked""}}"
2025-03-29 11:07:41,"{""gw-1"": {""1"": ""blocked"", ""2"": ""blocked""}}"
2025-03-29 11:07:42,"{""gw-2"": {""1"": ""conflict"", ""2"": ""conflict""}}"
2025-03-29 11:07:45,"{""gw-1"": {""1"": ""conflict"", ""2"": ""blocked""}}"
2025-03-29 11:07:46,"{""gw-3"": {""1"": ""conflict"", ""2"": ""conflict""}, ""gw-2"": {""1"": ""blocked"", ""2"": ""blocked""}}"
2025-03-29 11:07:46,"{""gw-2"": {""1"": ""blocked"", ""2"": ""blocked""}}"
2025-03-29 11:07:50,"{""gw-2"": {""1"": ""blocked"", ""2"": ""blocked""}}"
2025-03-29 11:07:50,"{""gw-2"": {""1"": ""blocked"", ""2"": ""blocked""}}"
2025-03-29 11:07:50,"{""gw-2"": {""1"": ""blocked"", ""2"": ""blocked""}, ""gw-3"": {""1"": ""blocked"", ""2"": ""blocked""}}"
2025-03-29 11:07:52,"{""gw-3"": {""1"": ""blocked"", ""2"": ""blocked""}}"
2025-03-29 11:07:53,"{""gw-1"": {""1"": ""blocked"", ""2"": ""blocked""}}"
2025-03-29 11:07:54,"{""gw-3"": {""1"": ""blocked"", ""2"": ""blocked""}}"
2025-03-29 11:08:04,"{""gw-2"": {""1"": ""blocked"", ""2"": ""blocked""}}"
2025-03-29 11:08:04,"{""gw-2"": {""1"": ""blocked"", ""2"": ""blocked""}, ""gw-1"": {""1"": ""blocked"", ""2"": ""blocked""}}"
2025-03-29 11:08:06,"{""gw-2"": {""1"": ""blocked"", ""2"": ""blocked""}, ""gw-3"": {""1"": ""blocked"", ""2"": ""blocked""}}"
2025-03-29 11:08:16,"{""gw-2"": {""1"": ""conflict"", ""2"": ""blocked""}}"
2025-03-29 11:08:24,"{""gw-2"": {""1"": ""blocked"", ""2"": ""blocked""}}"
2025-03-29 11:08:24,"{""gw-1"": {""1"": ""blocked"", ""2"": ""conflict""}, ""gw-2"": {""1"": ""blocked"", ""2"": ""blocked""}}"
2025-03-29 11:08:26,"{""gw-3"": {""1"": ""blocked"", ""2"": ""conflict""}, ""gw-2"": {""1"": ""blocked"", ""2"": ""blocked""}}"
2025-03-29 11:08:32,"{""gw-1"": {""1"": ""blocked"", ""2"": ""blocked""}}"
2025-03-29 11:08:38,"{""gw-3"": {""1"": ""blocked"", ""2"": ""conflict""}}"
2025-03-29 11:08:43,"{""gw-2"": {""1"": ""conflict"", ""2"": ""blocked""}, ""gw-3"": {""1"": ""blocked"", ""2"": ""blocked""}, ""gw-1"": {""1"": ""blocked"", ""2"": ""blocked""}}"
2025-03-29 11:08:46,"{""gw-1"": {""1"": ""blocked"", ""2"": ""blocked""}}"
2025-03-29 11:08:57,"{""gw-1"": {""1"": ""blocked"", ""2"": ""blocked""}, ""gw-3"": {""1"": ""blocked"", ""2"": ""blocked""}}"
2025-03-29 11:08:57,"{""gw-3"": {""1"": ""blocked"", ""2"": ""blocked""}}"
2025-03-29 11:08:59,"{""gw-2"": {""1"": ""blocked"", ""2"": ""blocked""}, ""gw-1"": {""1"": ""blocked"", ""2"": ""blocked""}}"
2025-03-29 11:09:01,"{""gw-3"": {""1"": ""blocked"", ""2"": ""blocked""}}"
2025-03-29 11:09:03,"{""gw-2"": {""1"": ""blocked"", ""2"": ""blocked""}, ""gw-1"": {""1"": ""blocked"", ""2"": ""blocked""}}"
2025-03-29 11:09:03,"{""gw-3"": {""1"": ""blocked"", ""2"": ""blocked""}, ""gw-2"": {""1"": ""blocked"", ""2"": ""blocked""}}"
2025-03-29 11:09:04,"{""gw-1"": {""1"": ""blocked"", ""2"": ""blocked""}, ""gw-2"": {""1"": ""blocked"", ""2"": ""blocked""}}"
2025-03-29 11:09:13,"{""gw-3"": {""1"": ""blocked"", ""2"": ""blocked""}}"
2025-03-29 11:09:15,"{""gw-3"": {""1"": ""blocked"", ""2"": ""blocked""}}"
2025-03-29 11:09:15,"{""gw-3"": {""1"": ""blocked"", ""2"": ""blocked""}, ""gw-2"": {""1"": ""blocked"", ""2"": ""blocked""}, ""gw-1"": {""1"": ""blocked"", ""2"": ""blocked""}}"
2025-03-29 11:09:15,"{""gw-1"": {""1"": ""blocked"", ""2"": ""blocked""}}"
2025-03-29 11:09:17,"{""gw-2"": {""1"": ""blocked"", ""2"": ""blocked""}}"
2025-03-29 11:09:18,"{""gw-1"": {""1"": ""conflict"", ""2"": ""conflict""}}"
2025-03-29 11:09:26,"{""gw-3"": {""1"": ""blocked"", ""2"": ""blocked""}}"
2025-03-29 11:09:33,"{""gw-2"": {""1"": ""blocked"", ""2"": ""blocked""}}"
2025-03-29 11:09:34,"{""gw-1"": {""1"": ""blocked"", ""2"": ""conflict""}}"
2025-03-29 11:09:36,"{""gw-2"": {""1"": ""blocked"", ""2"": ""blocked""}}"
2025-03-29 11:09:39,"{""gw-1"": {""1"": ""blocked"", ""2"": ""blocked""}}"
2025-03-29 11:09:41,"{""gw-1"": {""1"": ""blocked"", ""2"": ""blocked""}}"
2025-03-29 11:09:48,"{""gw-3"": {""1"": ""conflict"", ""2"": ""blocked""}, ""gw-2"": {""1"": ""conflict"", ""2"": ""blocked""}}"
2025-03-29 11:09:51,"{""gw-1"": {""1"": ""blocked"", ""2"": ""blocked""}, ""gw-2"": {""1"": ""blocked"", ""2"": ""blocked""}}"
2025-03-29 11:09:52,"{""gw-1"": {""1"": ""blocked"", ""2"": ""blocked""}, ""gw-3"": {""1"": ""blocked"", ""2"": ""blocked""}, ""gw-2"": {""1"": ""blocked"", ""2"": ""blocked""}}"
2025-03-29 11:09:52,"{""gw-2"": {""1"": ""blocked"", ""2"": ""blocked""}, ""gw-3"": {""1"": ""blocked"", ""2"": ""blocked""}}"
2025-03-29 11:10:04,"{""gw-3"": {""1"": ""blocked"", ""2"": ""conflict""}, ""gw-2"": {""1"": ""conflict"", ""2"": ""blocked""}}"
2025-03-29 11:10:06,"{""gw-2"": {""1"": ""blocked"", ""2"": ""blocked""}}"
2025-03-29 11:10:08,"{""gw-3"": {""1"": ""blocked"", ""2"": ""blocked""}, ""gw-1"": {""1"": ""conflict"", ""2"": ""blocked""}}"
2025-03-29 11:10:13,"{""gw-2"": {""1"": ""blocked"", ""2"": ""blocked""}}"
2025-03-29 11:10:19,"{""gw-2"": {""1"": ""blocked"", ""2"": ""blocked""}, ""gw-1"": {""1"": ""blocked"", ""2"": ""blocked""}}"
2025-03-29 11:10:22,"{""gw-3"": {""1"": ""blocked"", ""2"": ""conflict""}, ""gw-1"": {""1"": ""blocked"", ""2"": ""blocked""}, ""gw-2"": {""1"": ""blocked"", ""2"": ""blocked""}}"
2025-03-29 11:10:24,"{""gw-2"": {""1"": ""blocked"", ""2"": ""blocked""}}"
2025-03-29 11:10:27,"{""gw-3"": {""1"": ""blocked"", ""2"": ""blocked""}}"
2025-03-29 11:10:30,"{""gw-1"": {""1"": ""blocked"", ""2"": ""blocked""}}"
2025-03-29 11:10:31,"{""gw-1"": {""1"": ""blocked"", ""2"": ""blocked""}}"
2025-03-29 11:10:31,"{""gw-1"": {""1"": ""blocked"", ""2"": ""blocked""}}"
2025-03-29 11:10:31,"{""gw-3"": {""1"": ""blocked"", ""2"": ""blocked""}, ""gw-1"": {""1"": ""blocked"", ""2"": ""blocked""}}"
2025-03-29 11:10:33,"{""gw-2"": {""1"": ""conflict"", ""2"": ""blocked""}}"
2025-03-29 11:10:35,"{""gw-2"": {""1"": ""blocked"", ""2"": ""blocked""}}"
2025-03-29 11:10:41,"{""gw-3"": {""1"": ""conflict"", ""2"": ""conflict""}}"
2025-03-29 11:10:41,"{""gw-3"": {""1"": ""conflict"", ""2"": ""blocked""}}"
2025-03-29 11:10:41,"{""gw-3"": {""1"": ""conflict"", ""2"": ""blocked""}}"
2025-03-29 11:10:42,"{""gw-2"": {""1"": ""blocked"", ""2"": ""blocked""}}"
2025-03-29 11:10:44,"{""gw-1"": {""1"": ""blocked"", ""2"": ""blocked""}}"
2025-03-29 11:10:45,"{""gw-3"": {""1"": ""blocked"", ""2"": ""blocked""}}"
2025-03-29 11:10:49,"{""gw-1"": {""1"": ""blocked"", ""2"": ""blocked""}}"
2025-03-29 11:10:59,"{""gw-3"": {""1"": ""conflict"", ""2"": ""conflict""}}"
2025-03-29 11:10:59,"{""gw-1"": {""1"": ""conflict"", ""2"": ""conflict""}, ""gw-2"": {""1"": ""conflict"", ""2"": ""blocked""}, ""gw-3"": {""1"": ""conflict"", ""2"": ""blocked""}}"
2025-03-29 11:11:02,"{""gw-2"": {""1"": ""blocked"", ""2"": ""blocked""}}"
2025-03-29 11:11:03,"{""gw-1"": {""1"": ""blocked"", ""2"": ""blocked""}}"
2025-03-29 11:11:03,"{""gw-3"": {""1"": ""blocked"", ""2"": ""blocked""}, ""gw-2"": {""1"": ""blocked"", ""2"": ""blocked""}}"
2025-03-29 11:11:03,"{""gw-3"": {""1"": ""blocked"", ""2"": ""blocked""}}"
2025-03-29 11:11:04,"{""gw-3"": {""1"": ""blocked"", ""2"": ""blocked""}}"
2025-03-29 11:11:05,"{""gw-3"": {""1"": ""blocked"", ""2"": ""blocked""}}"
2025-03-29 11:11:06,"{""gw-3"": {""1"": ""blocked"", ""2"": ""blocked""}, ""gw-2"": {""1"": ""blocked"", ""2"": ""blocked""}}"
2025-03-29 11:11:07,"{""gw-2"": {""1"": ""blocked"", ""2"": ""blocked""}, ""gw-1"": {""1"": ""blocked"", ""2"": ""blocked""}}"
2025-03-29 11:11:08,"{""gw-2"": {""1"": ""blocked"", ""2"": ""blocked""}}"
2025-03-29 11:11:08,"{""gw-3"": {""1"": ""blocked"", ""2"": ""blocked""}, ""gw-1"": {""1"": ""blocked"", ""2"": ""blocked""}}"
2025-03-29 11:11:18,"{""gw-1"": {""1"": ""blocked"", ""2"": ""blocked""}}"
2025-03-29 11:11:19,"{""gw-1"": {""1"": ""blocked"", ""2"": ""blocked""}}"
2025-03-29 11:11:20,"{""gw-3"": {""1"": ""blocked"", ""2"": ""blocked""}, ""gw-1"": {""1"": ""blocked"", ""2"": ""blocked""}, ""gw-2"": {""1"": ""blocked"", ""2"": ""blocked""}}"
2025-03-29 11:11:32,"{""gw-1"": {""1"": ""blocked"", ""2"": ""blocked""}, ""gw-2"": {""1"": ""blocked"", ""2"": ""blocked""}}"
2025-03-29 11:11:37,"{""gw-3"": {""1"": ""conflict"", ""2"": ""blocked""}}"
2025-03-29 11:11:39,"{""gw-2"": {""1"": ""blocked"", ""2"": ""blocked""}}"
2025-03-29 11:11:40,"{""gw-3"": {""1"": ""blocked"", ""2"": ""blocked""}}"
2025-03-29 11:11:42,"{""gw-1"": {""1"": ""conflict"", ""2"": ""conflict""}, ""gw-2"": {""1"": ""blocked"", ""2"": ""conflict""}}"
2025-03-29 11:11:50,"{""gw-1"": {""1"": ""blocked"", ""2"": ""blocked""}}"
2025-03-29 11:11:56,"{""gw-2"": {""1"": ""conflict"", ""2"": ""blocked""}}"
2025-03-29 11:11:57,"{""gw-3"": {""1"": ""blocked"", ""2"": ""blocked""}}"
2025-03-29 11:12:05,"{""gw-2"": {""1"": ""blocked"", ""2"": ""blocked""}}"
2025-03-29 11:12:06,"{""gw-2"": {""1"": ""blocked"", ""2"": ""conflict""}}"
2025-03-29 11:12:15,"{""gw-2"": {""1"": ""conflict"", ""2"": ""blocked""}}"
2025-03-29 11:12:15,"{""gw-2"": {""1"": ""conflict"", ""2"": ""blocked""}}"
2025-03-29 11:12:17,"{""gw-1"": {""1"": ""blocked"", ""2"": ""blocked""}}"
2025-03-29 11:12:19,"{""gw-2"": {""1"": ""blocked"", ""2"": ""conflict""}, ""gw-1"": {""1"": ""blocked"", ""2"": ""blocked""}}"
2025-03-29 11:12:21,"{""gw-3"": {""1"": ""blocked"", ""2"": ""blocked""}}"
2025-03-29 11:12:22,"{""gw-2"": {""1"": ""blocked"", ""2"": ""blocked""}, ""gw-3"": {""1"": ""blocked"", ""2"": ""blocked""}}"
2025-03-29 11:12:26,"{""gw-3"": {""1"": ""blocked"", ""2"": ""blocked""}}"
2025-03-29 11:12:30,"{""gw-1"": {""1"": ""blocked"", ""2"": ""blocked""}}"
2025-03-29 11:12:31,"{""gw-1"": {""1"": ""blocked"", ""2"": ""blocked""}}"
2025-03-29 11:12:31,"{""gw-3"": {""1"": ""conflict"", ""2"": ""conflict""}}"
2025-03-29 11:12:33,"{""gw-1"": {""1"": ""blocked"", ""2"": ""blocked""}}"
2025-03-29 11:12:40,"{""gw-2"": {""1"": ""blocked"", ""2"": ""blocked""}}"
2025-03-29 11:12:40,"{""gw-3"": {""1"": ""blocked"", ""2"": ""blocked""}}"
2025-03-29 11:12:49,"{""gw-3"": {""1"": ""blocked"", ""2"": ""blocked""}, ""gw-1"": {""1"": ""conflict"", ""2"": ""blocked""}}"
2025-03-29 11:12:55,"{""gw-1"": {""1"": ""blocked"", ""2"": ""blocked""}, ""gw-2"": {""1"": ""conflict"", ""2"": ""blocked""}, ""gw-3"": {""1"": ""blocked"", ""2"": ""blocked""}}"
2025-03-29 11:12:56,"{""gw-1"": {""1"": ""blocked"", ""2"": ""blocked""}, ""gw-3"": {""1"": ""blocked"", ""2"": ""blocked""}}"
2025-03-29 11:13:06,"{""gw-1"": {""1"": ""blocked"", ""2"": ""blocked""}, ""gw-3"": {""1"": ""blocked"", ""2"": ""blocked""}}"
2025-03-29 11:13:08,"{""gw-1"": {""1"": ""blocked"", ""2"": ""blocked""}, ""gw-3"": {""1"": ""blocked"", ""2"": ""blocked""}}"
2025-03-29 11:13:08,"{""gw-3"": {""1"": ""blocked"", ""2"": ""blocked""}}"
2025-03-29 11:13:10,"{""gw-1"": {""1"": ""blocked"", ""2"": ""blocked""}}"
2025-03-29 11:13:11,"{""gw-1"": {""1"": ""blocked"", ""2"": ""blocked""}}"
2025-03-29 11:13:19,"{""gw-2"": {""1"": ""blocked"", ""2"": ""blocked""}}"
2025-03-29 11:13:22,"{""gw-2"": {""1"": ""blocked"", ""2"": ""blocked""}, ""gw-3"": {""1"": ""blocked"", ""2"": ""blocked""}}"
2025-03-29 11:13:23,"{""gw-3"": {""1"": ""blocked"", ""2"": ""blocked""}}"
2025-03-29 11:13:24,"{""gw-1"": {""1"": ""blocked"", ""2"": ""blocked""}}"
2025-03-29 11:13:25,"{""gw-1"": {""1"": ""blocked"", ""2"": ""blocked""}, ""gw-2"": {""1"": ""blocked"", ""2"": ""blocked""}}"
2025-03-29 11:13:25,"{""gw-3"": {""1"": ""blocked"", ""2"": ""blocked""}, ""gw-1"": {""1"": ""blocked"", ""2"": ""blocked""}, ""gw-2"": {""1"": ""blocked"", ""2"": ""blocked""}}"
2025-03-29 11:13:25,"{""gw-3"": {""1"": ""blocked"", ""2"": ""blocked""}, ""gw-2"": {""1"": ""blocked"", ""2"": ""blocked""}}"
2025-03-29 11:13:33,"{""gw-2"": {""1"": ""blocked"", ""2"": ""blocked""}}"
2025-03-29 11:13:34,"{""gw-1"": {""1"": ""blocked"", ""2"": ""blocked""}, ""gw-3"": {""1"": ""blocked"", ""2"": ""blocked""}, ""gw-2"": {""1"": ""blocked"", ""2"": ""blocked""}}"
2025-03-29 11:13:36,"{""gw-2"": {""1"": ""blocked"", ""2"": ""blocked""}}"
2025-03-29 11:13:38,"{""gw-1"": {""1"": ""blocked"", ""2"": ""blocked""}, ""gw-2"": {""1"": ""blocked"", ""2"": ""blocked""}, ""gw-3"": {""1"": ""blocked"", ""2"": ""blocked""}}"
2025-03-29 11:13:54,"{""gw-2"": {""1"": ""blocked"", ""2"": ""blocked""}}"
2025-03-29 11:14:02,"{""gw-3"": {""1"": ""blocked"", ""2"": ""blocked""}}"
2025-03-29 11:14:03,"{""gw-1"": {""1"": ""conflict"", ""2"": ""conflict""}}"
2025-03-29 11:14:04,"{""gw-1"": {""1"": ""conflict"", ""2"": ""blocked""}}"
2025-03-29 11:14:05,"{""gw-1"": {""1"": ""blocked"", ""2"": ""blocked""}}"
2025-03-29 11:14:06,"{""gw-1"": {""1"": ""blocked"", ""2"": ""blocked""}, ""gw-2"": {""1"": ""blocked"", ""2"": ""blocked""}}"
2025-03-29 11:14:08,"{""gw-2"": {""1"": ""blocked"", ""2"": ""blocked""}, ""gw-1"": {""1"": ""blocked"", ""2"": ""blocked""}}"
2025-03-29 11:14:09,"{""gw-1"": {""1"": ""blocked"", ""2"": ""blocked""}, ""gw-2"": {""1"": ""blocked"", ""2"": ""blocked""}}"
2025-03-29 11:14:16,"{""gw-1"": {""1"": ""blocked"", ""2"": ""blocked""}}"
2025-03-29 11:14:16,"{""gw-1"": {""1"": ""blocked"", ""2"": ""blocked""}}"
2025-03-29 11:14:18,"{""gw-1"": {""1"": ""blocked"", ""2"": ""blocked""}}"
2025-03-29 11:14:19,"{""gw-1"": {""1"": ""blocked"", ""2"": ""blocked""}}"
2025-03-29 11:14:19,"{""gw-1"": {""1"": ""blocked"", ""2"": ""blocked""}}"
2025-03-29 11:14:19,"{""gw-3"": {""1"": ""blocked"", ""2"": ""conflict""}}"
2025-03-29 11:14:20,"{""gw-2"": {""1"": ""blocked"", ""2"": ""blocked""}}"
2025-03-29 11:14:21,"{""gw-3"": {""1"": ""conflict"", ""2"": ""blocked""}, ""gw-2"": {""1"": ""blocked"", ""2"": ""blocked""}}"
2025-03-29 11:14:24,"{""gw-2"": {""1"": ""blocked"", ""2"": ""blocked""}, ""gw-1"": {""1"": ""conflict"", ""2"": ""blocked""}}"
2025-03-29 11:14:25,"{""gw-2"": {""1"": ""blocked"", ""2"": ""blocked""}, ""gw-3"": {""1"": ""blocked"", ""2"": ""blocked""}}"
2025-03-29 11:14:25,"{""gw-3"": {""1"": ""blocked"", ""2"": ""blocked""}, ""gw-2"": {""1"": ""blocked"", ""2"": ""blocked""}}"
2025-03-29 11:14:28,"{""gw-3"": {""1"": ""blocked"", ""2"": ""blocked""}}"
2025-03-29 11:14:29,"{""gw-3"": {""1"": ""blocked"", ""2"": ""blocked""}, ""gw-1"": {""1"": ""blocked"", ""2"": ""blocked""}}"
2025-03-29 11:14:29,"{""gw-3"": {""1"": ""blocked"", ""2"": ""blocked""}, ""gw-1"": {""1"": ""blocked"", ""2"": ""blocked""}}"
2025-03-29 11:14:31,"{""gw-3"": {""1"": ""blocked"", ""2"": ""blocked""}}"
2025-03-29 11:14:32,"{""gw-2"": {""1"": ""blocked"", ""2"": ""blocked""}}"
2025-03-29 11:14:33,"{""gw-2"": {""1"": ""blocked"", ""2"": ""blocked""}}"
2025-03-29 11:14:33,"{""gw-2"": {""1"": ""blocked"", ""2"": ""blocked""}}"
2025-03-29 11:14:33,"{""gw-2"": {""1"": ""blocked"", ""2"": ""blocked""}}"
2025-03-29 11:14:34,"{""gw-2"": {""1"": ""blocked"", ""2"": ""blocked""}}"
2025-03-29 11:14:39,"{""gw-1"": {""1"": ""blocked"", ""2"": ""blocked""}}"
2025-03-29 11:14:39,"{""gw-1"": {""1"": ""blocked"", ""2"": ""blocked""}}"
2025-03-29 11:14:45,"{""gw-3"": {""1"": ""blocked"", ""2"": ""blocked""}, ""gw-1"": {""1"": ""blocked"", ""2"": ""blocked""}}"
2025-03-29 11:14:48,"{""gw-3"": {""1"": ""blocked"", ""2"": ""blocked""}}"
2025-03-29 11:14:57,"{""gw-1"": {""1"": ""blocked"", ""2"": ""blocked""}}"
2025-03-29 11:14:58,"{""gw-1"": {""1"": ""blocked"", ""2"": ""blocked""}}"
2025-03-29 11:14:58,"{""gw-1"": {""1"": ""blocked"", ""2"": ""blocked""}}"
2025-03-29 11:14:58,"{""gw-2"": {""1"": ""blocked"", ""2"": ""blocked""}}"
2025-03-29 11:15:00,"{""gw-2"": {""1"": ""blocked"", ""2"": ""blocked""}, ""gw-1"": {""1"": ""conflict"", ""2"": ""conflict""}}"
2025-03-29 11:15:06,"{""gw-1"": {""1"": ""blocked"", ""2"": ""blocked""}, ""gw-3"": {""1"": ""blocked"", ""2"": ""blocked""}}"
2025-03-29 11:15:09,"{""gw-1"": {""1"": ""blocked"", ""2"": ""blocked""}}"
2025-03-29 11:15:15,"{""gw-1"": {""1"": ""blocked"", ""2"": ""conflict""}, ""gw-3"": {""1"": ""blocked"", ""2"": ""blocked""}}"
2025-03-29 11:15:22,"{""gw-1"": {""1"": ""blocked"", ""2"": ""blocked""}}"
2025-03-29 11:15:29,"{""gw-2"": {""1"": ""blocked"", ""2"": ""blocked""}}"
2025-03-29 11:15:30,"{""gw-2"": {""1"": ""blocked"", ""2"": ""blocked""}, ""gw-3"": {""1"": ""conflict"", ""2"": ""blocked""}}"
2025-03-29 11:15:32,"{""gw-2"": {""1"": ""blocked"", ""2"": ""blocked""}}"
2025-03-29 11:15:35,"{""gw-3"": {""1"": ""blocked"", ""2"": ""blocked""}, ""gw-1"": {""1"": ""blocked"", ""2"": ""blocked""}}"
2025-03-29 11:15:35,"{""gw-2"": {""1"": ""blocked"", ""2"": ""blocked""}, ""gw-3"": {""1"": ""blocked"", ""2"": ""blocked""}}"
2025-03-29 11:15:37,"{""gw-1"": {""1"": ""blocked"", ""2"": ""blocked""}}"
2025-03-29 11:15:38,"{""gw-1"": {""1"": ""blocked"", ""2"": ""blocked""}, ""gw-3"": {""1"": ""blocked"", ""2"": ""blocked""}}"
2025-03-29 11:15:45,"{""gw-1"": {""1"": ""blocked"", ""2"": ""blocked""}}"
2025-03-29 11:15:46,"{""gw-2"": {""1"": ""blocked"", ""2"": ""blocked""}}"
2025-03-29 11:15:48,"{""gw-3"": {""1"": ""blocked"", ""2"": ""blocked""}}"
2025-03-29 11:15:48,"{""gw-3"": {""1"": ""blocked"", ""2"": ""blocked""}}"
2025-03-29 11:15:51,"{""gw-2"": {""1"": ""conflict"", ""2"": ""conflict""}, ""gw-1"": {""1"": ""blocked"", ""2"": ""blocked""}, ""gw-3"": {""1"": ""blocked"", ""2"": ""blocked""}}"
2025-03-29 11:15:51,"{""gw-1"": {""1"": ""blocked"", ""2"": ""blocked""}}"
2025-03-29 11:15:52,"{""gw-1"": {""1"": ""blocked"", ""2"": ""blocked""}}"
2025-03-29 11:15:55,"{""gw-1"": {""1"": ""conflict"", ""2"": ""blocked""}}"
2025-03-29 11:15:57,"{""gw-1"": {""1"": ""blocked"", ""2"": ""blocked""}}"
2025-03-29 11:15:58,"{""gw-2"": {""1"": ""blocked"", ""2"": ""blocked""}}"
2025-03-29 11:16:04,"{""gw-1"": {""1"": ""blocked"", ""2"": ""blocked""}, ""gw-3"": {""1"": ""blocked"", ""2"": ""blocked""}}"
2025-03-29 11:16:09,"{""gw-2"": {""1"": ""blocked"", ""2"": ""blocked""}}"
2025-03-29 11:16:09,"{""gw-2"": {""1"": ""blocked"", ""2"": ""blocked""}}"
2025-03-29 11:16:10,"{""gw-1"": {""1"": ""conflict"", ""2"": ""conflict""}}"
2025-03-29 11:16:16,"{""gw-2"": {""1"": ""blocked"", ""2"": ""blocked""}}"
2025-03-29 11:16:17,"{""gw-3"": {""1"": ""blocked"", ""2"": ""blocked""}}"
2025-03-29 11:16:40,"{""gw-3"": {""1"": ""blocked"", ""2"": ""blocked""}, ""gw-2"": {""1"": ""blocked"", ""2"": ""blocked""}}"
2025-03-29 11:16:48,"{""gw-2"": {""1"": ""conflict"", ""2"": ""conflict""}, ""gw-1"": {""1"": ""blocked"", ""2"": ""blocked""}}"
2025-03-29 11:16:51,"{""gw-2"": {""1"": ""blocked"", ""2"": ""blocked""}, ""gw-3"": {""1"": ""blocked"", ""2"": ""blocked""}}"
2025-03-29 11:16:52,"{""gw-1"": {""1"": ""blocked"", ""2"": ""conflict""}, ""gw-2"": {""1"": ""blocked"", ""2"": ""blocked""}}"
2025-03-29 11:16:52,"{""gw-2"": {""1"": ""blocked"", ""2"": ""blocked""}, ""gw-3"": {""1"": ""blocked"", ""2"": ""blocked""}, ""gw-1"": {""1"": ""blocked"", ""2"": ""conflict""}}"
2025-03-29 11:16:53,"{""gw-1"": {""1"": ""conflict"", ""2"": ""blocked""}}"
2025-03-29 11:16:54,"{""gw-3"": {""1"": ""blocked"", ""2"": ""blocked""}}"
2025-03-29 11:16:55,"{""gw-1"": {""1"": ""blocked"", ""2"": ""blocked""}, ""gw-3"": {""1"": ""blocked"", ""2"": ""blocked""}}"
2025-03-29 11:16:55,"{""gw-3"": {""1"": ""blocked"", ""2"": ""blocked""}}"
2025-03-29 11:16:56,"{""gw-2"": {""1"": ""blocked"", ""2"": ""blocked""}, ""gw-3"": {""1"": ""blocked"", ""2"": ""blocked""}, ""gw-1"": {""1"": ""blocked"", ""2"": ""blocked""}}"
2025-03-29 11:16:57,"{""gw-1"": {""1"": ""blocked"", ""2"": ""blocked""}}"
2025-03-29 11:16:58,"{""gw-2"": {""1"": ""blocked"", ""2"": ""blocked""}, ""gw-3"": {""1"": ""blocked"", ""2"": ""blocked""}, ""gw-1"": {""1"": ""blocked"", ""2"": ""blocked""}}"
2025-03-29 11:17:00,"{""gw-3"": {""1"": ""conflict"", ""2"": ""conflict""}, ""gw-1"": {""1"": ""blocked"", ""2"": ""blocked""}}"
2025-03-29 11:17:00,"{""gw-1"": {""1"": ""blocked"", ""2"": ""blocked""}}"
2025-03-29 11:17:03,"{""gw-2"": {""1"": ""blocked"", ""2"": ""blocked""}}"
2025-03-29 11:17:05,"{""gw-3"": {""1"": ""blocked"", ""2"": ""blocked""}, ""gw-1"": {""1"": ""conflict"", ""2"": ""conflict""}}"
2025-03-29 11:17:07,"{""gw-3"": {""1"": ""blocked"", ""2"": ""blocked""}, ""gw-2"": {""1"": ""blocked"", ""2"": ""blocked""}}"
2025-03-29 11:17:08,"{""gw-3"": {""1"": ""blocked"", ""2"": ""blocked""}}"
2025-03-29 11:17:09,"{""gw-2"": {""1"": ""blocked"", ""2"": ""blocked""}}"
2025-03-29 11:17:17,"{""gw-1"": {""1"": ""blocked"", ""2"": ""conflict""}, ""gw-3"": {""1"": ""blocked"", ""2"": ""blocked""}}"
2025-03-29 11:17:19,"{""gw-2"": {""1"": ""conflict"", ""2"": ""blocked""}}"
2025-03-29 11:17:19,"{""gw-2"": {""1"": ""blocked"", ""2"": ""blocked""}}"
2025-03-29 11:17:20,"{""gw-3"": {""1"": ""blocked"", ""2"": ""blocked""}}"
2025-03-29 11:17:21,"{""gw-1"": {""1"": ""blocked"", ""2"": ""blocked""}}"
2025-03-29 11:17:21,"{""gw-2"": {""1"": ""blocked"", ""2"": ""blocked""}, ""gw-1"": {""1"": ""blocked"", ""2"": ""blocked""}}"
2025-03-29 11:17:24,"{""gw-1"": {""1"": ""blocked"", ""2"": ""blocked""}, ""gw-2"": {""1"": ""conflict"", ""2"": ""conflict""}}"
2025-03-29 11:17:24,"{""gw-1"": {""1"": ""blocked"", ""2"": ""blocked""}}"
2025-03-29 11:17:25,"{""gw-2"": {""1"": ""conflict"", ""2"": ""blocked""}}"
2025-03-29 11:17:25,"{""gw-1"": {""1"": ""blocked"", ""2"": ""blocked""}}"
2025-03-29 11:17:25,"{""gw-1"": {""1"": ""blocked"", ""2"": ""blocked""}}"
2025-03-29 11:17:30,"{""gw-2"": {""1"": ""blocked"", ""2"": ""blocked""}, ""gw-3"": {""1"": ""blocked"", ""2"": ""blocked""}}"
2025-03-29 11:17:32,"{""gw-3"": {""1"": ""blocked"", ""2"": ""blocked""}}"
2025-03-29 11:17:33,"{""gw-3"": {""1"": ""blocked"", ""2"": ""blocked""}, ""gw-1"": {""1"": ""blocked"", ""2"": ""blocked""}, ""gw-2"": {""1"": ""conflict"", ""2"": ""blocked""}}"
2025-03-29 11:17:33,"{""gw-3"": {""1"": ""blocked"", ""2"": ""blocked""}, ""gw-2"": {""1"": ""conflict"", ""2"": ""blocked""}}"
2025-03-29 11:17:34,"{""gw-2"": {""1"": ""conflict"", ""2"": ""blocked""}, ""gw-3"": {""1"": ""blocked"", ""2"": ""blocked""}}"
2025-03-29 11:17:34,"{""gw-1"": {""1"": ""blocked"", ""2"": ""blocked""}}"
2025-03-29 11:17:36,"{""gw-1"": {""1"": ""blocked"", ""2"": ""blocked""}, ""gw-2"": {""1"": ""conflict"", ""2"": ""conflict""}}"
2025-03-29 11:17:38,"{""gw-1"": {""1"": ""blocked"", ""2"": ""blocked""}}"
2025-03-29 11:17:38,"{""gw-1"": {""1"": ""blocked"", ""2"": ""blocked""}, ""gw-3"": {""1"": ""conflict"", ""2"": ""blocked""}}"
2025-03-29 11:17:39,"{""gw-2"": {""1"": ""blocked"", ""2"": ""blocked""}}"
2025-03-29 11:17:40,"{""gw-1"": {""1"": ""blocked"", ""2"": ""blocked""}, ""gw-2"": {""1"": ""blocked"", ""2"": ""blocked""}}"
2025-03-29 11:17:44,"{""gw-2"": {""1"": ""blocked"", ""2"": ""blocked""}, ""gw-3"": {""1"": ""blocked"", ""2"": ""blocked""}}"
2025-03-29 11:17:45,"{""gw-2"": {""1"": ""blocked"", ""2"": ""blocked""}}"
2025-03-29 11:17:46,"{""gw-2"": {""1"": ""blocked"", ""2"": ""blocked""}}"
2025-03-29 11:17:48,"{""gw-3"": {""1"": ""blocked"", ""2"": ""blocked""}, ""gw-1"": {""1"": ""blocked"", ""2"": ""blocked""}}"
2025-03-29 11:17:54,"{""gw-3"": {""1"": ""blocked"", ""2"": ""blocked""}}"
2025-03-29 11:17:56,"{""gw-1"": {""1"": ""conflict"", ""2"": ""conflict""}}"
2025-03-29 11:17:56,"{""gw-3"": {""1"": ""blocked"", ""2"": ""blocked""}, ""gw-2"": {""1"": ""blocked"", ""2"": ""blocked""}}"
2025-03-29 11:17:57,"{""gw-2"": {""1"": ""blocked"", ""2"": ""blocked""}, ""gw-3"": {""1"": ""blocked"", ""2"": ""blocked""}}"
2025-03-29 11:17:57,"{""gw-3"": {""1"": ""blocked"", ""2"": ""blocked""}}"
2025-03-29 11:18:04,"{""gw-3"": {""1"": ""conflict"", ""2"": ""conflict""}, ""gw-1"": {""1"": ""blocked"", ""2"": ""blocked""}}"
2025-03-29 11:18:05,"{""gw-2"": {""1"": ""blocked"", ""2"": ""blocked""}}"
2025-03-29 11:18:08,"{""gw-1"": {""1"": ""blocked"", ""2"": ""conflict""}}"
2025-03-29 11:18:12,"{""gw-2"": {""1"": ""blocked"", ""2"": ""blocked""}}"
2025-03-29 11:18:14,"{""gw-1"": {""1"": ""blocked"", ""2"": ""blocked""}, ""gw-3"": {""1"": ""blocked"", ""2"": ""blocked""}}"
2025-03-29 11:18:18,"{""gw-1"": {""1"": ""blocked"", ""2"": ""blocked""}}"
2025-03-29 11:18:19,"{""gw-1"": {""1"": ""blocked"", ""2"": ""blocked""}}"
2025-03-29 11:18:24,"{""gw-2"": {""1"": ""blocked"", ""2"": ""blocked""}}"
2025-03-29 11:18:26,"{""gw-3"": {""1"": ""blocked"", ""2"": ""blocked""}, ""gw-1"": {""1"": ""blocked"", ""2"": ""blocked""}}"
2025-03-29 11:18:26,"{""gw-2"": {""1"": ""blocked"", ""2"": ""blocked""}}"
2025-03-29 11:18:30,"{""gw-1"": {""1"": ""blocked"", ""2"": ""blocked""}}"
2025-03-29 11:18:32,"{""gw-3"": {""1"": ""blocked"", ""2"": ""blocked""}, ""gw-2"": {""1"": ""conflict"", ""2"": ""blocked""}}"
2025-03-29 11:18:36,"{""gw-3"": {""1"": ""blocked"", ""2"": ""blocked""}}"
2025-03-29 11:18:37,"{""gw-2"": {""1"": ""blocked"", ""2"": ""blocked""}}"
2025-03-29 11:18:37,"{""gw-2"": {""1"": ""blocked"", ""2"": ""blocked""}}"
2025-03-29 11:18:39,"{""gw-3"": {""1"": ""blocked"", ""2"": ""blocked""}}"
2025-03-29 11:18:42,"{""gw-1"": {""1"": ""blocked"", ""2"": ""blocked""}}"
2025-03-29 11:18:45,"{""gw-3"": {""1"": ""blocked"", ""2"": ""blocked""}}"
2025-03-29 11:18:45,"{""gw-1"": {""1"": ""blocked"", ""2"": ""blocked""}}"
