gatewayID,Received,Interfered,No Receivers, Under, GW busy, unset
1,3994,1950,280,0,342,1422
EndDeviceID,X,Y,Z,SF
2,-79.7291,367.992,1,12,
3,268.802,463.394,1,12,
4,-127.972,321.255,1,11,
5,-45.7616,131.434,1,7,
6,173.29,-332.018,1,12,
7,60.3002,498.083,1,12,
8,321.264,268.561,1,12,
9,-201.182,-363.003,1,12,
10,-235.014,-196.458,1,11,
11,286.817,-4.68201,1,10,
12,-156.345,120.631,1,8,
13,-137.28,440.281,1,12,
14,212.075,496.261,1,12,
15,-9.62559,-488.531,1,12,
16,404.599,-172.352,1,12,
17,-315.654,384.095,1,12,
18,-395.717,231.97,1,10,
19,89.8786,-116.753,1,9,
20,312.639,-402.273,1,12,
21,-450.251,-283.655,1,11,
22,-174.662,27.5551,1,8,
23,449.393,235.607,1,12,
24,-325.344,-195.612,1,12,
25,-42.2926,442.989,1,10,
26,-278.027,-399.261,1,12,
27,-157.144,-386.747,1,11,
28,194.313,-411.455,1,12,
29,-336.364,93.8163,1,9,
30,175.888,-332.912,1,10,
31,-325.267,-296.005,1,11,
32,236.575,-468.976,1,12,
33,-41.8074,-12.1125,1,7,
34,-162.196,275.193,1,10,
35,184.142,-256.168,1,10,
36,-271.398,53.2112,1,10,
37,-290.275,457.16,1,12,
38,35.8639,199.744,1,9,
39,-340.735,-53.8723,1,12,
40,-136.225,-33.1736,1,7,
41,482.234,-329.973,1,12,
42,-47.513,137.822,1,7,
43,-140.918,334.306,1,10,
44,286.843,-32.3899,1,9,
45,472.366,-82.2672,1,12,
46,-170.907,-249.467,1,10,
47,-207.34,-160.922,1,9,
48,497.998,-25.7286,1,12,
49,-460.015,-325.54,1,12,
50,-90.001,-457.422,1,12,
51,2.00649,86.6869,1,7,
52,-450.127,-167.424,1,12,
53,417.246,-318.219,1,12,
54,-203.354,480.529,1,11,
55,-250.456,125.81,1,10,
56,-206.736,-221.63,1,10,
57,140.547,-461.619,1,12,
58,282.116,171.071,1,10,
59,-306.753,-171.002,1,12,
60,181.223,234.501,1,9,
61,-59.3661,-13.9898,1,7,
62,148.54,-195.073,1,11,
63,-275.084,102.317,1,9,
64,-229.519,220.613,1,8,
65,-212.07,360.856,1,12,
66,-383.422,-231.252,1,12,
67,-399.662,-245.491,1,12,
68,-370.65,-130.311,1,10,
69,356.094,-7.53393,1,12,
70,300.15,451.889,1,12,
71,98.8464,-143.336,1,8,
72,-242.372,-102.471,1,9,
73,57.6498,-155.28,1,7,
74,135.935,94.5712,1,8,
75,171.485,-295.444,1,12,
76,-90.972,-149.528,1,8,
77,262.623,29.6068,1,9,
78,305.482,203.856,1,11,
79,79.4735,243.782,1,10,
80,268.665,121.152,1,12,
81,-206.751,-351.725,1,11,
82,-284.203,59.3585,1,9,
83,-272.751,-275.038,1,10,
84,157.453,475.472,1,12,
85,-19.0141,173.008,1,9,
86,-446.919,-454.69,1,12,
87,-343.67,-294.065,1,12,
88,-203.908,486.869,1,12,
89,241.228,-117.142,1,9,
90,291.841,-117.59,1,10,
91,-443.271,-193.083,1,12,
92,249.82,-347.784,1,12,
93,11.3127,362.172,1,10,
94,157.506,329.602,1,12,
95,393.973,-60.5038,1,12,
96,-295.868,40.8278,1,9,
97,388.345,-309.315,1,11,
98,485.37,149.972,1,12,
99,-151.402,296.664,1,10,
100,335.289,-281.674,1,11,
101,306.559,-58.2475,1,11,
102,199.267,154.243,1,10,
103,-343.292,-23.2839,1,10,
104,-217.904,-329.265,1,12,
105,-254.862,250.019,1,12,
106,133.34,81.9858,1,8,
107,-315.049,-15.2428,1,10,
108,68.5699,-217.105,1,9,
109,-447.931,403.457,1,12,
110,5.90548,299.649,1,10,
111,108.65,345.827,1,12,
112,-19.8254,256.279,1,10,
113,-99.3995,-243.486,1,9,
114,-132.996,-230.691,1,9,
115,-171.989,-19.7258,1,9,
116,133.11,-295.526,1,10,
117,463.851,-34.8679,1,12,
118,-302.697,-146.551,1,10,
119,381.272,327.234,1,12,
120,124.351,-80.3346,1,8,
121,30.14,-116.043,1,7,
122,183.922,-52.5942,1,8,
123,178.34,194.36,1,9,
124,338.687,-282.879,1,12,
125,11.3655,11.0149,1,7,
126,484.345,363.369,1,12,
127,161.706,117.093,1,9,
128,-470.905,-447.649,1,12,
129,-61.7684,126.531,1,7,
130,-253.272,75.7233,1,11,
131,193.045,0.800744,1,9,
132,375.944,-217.616,1,12,
133,-354.475,-240.306,1,12,
134,193.263,476.323,1,12,
135,-172.698,287.245,1,11,
136,334.676,-493.417,1,12,
137,-374.229,-134.571,1,12,
138,-495.984,117.111,1,12,
139,127.171,-80.4151,1,8,
140,409.011,277.635,1,12,
141,459.723,-349.816,1,11,
142,-47.5869,449.489,1,12,
143,-494.208,-328.989,1,12,
144,-165.432,343.713,1,12,
145,384.087,-399.464,1,12,
146,371.064,-411.183,1,12,
147,365.957,-247.83,1,10,
148,-154.984,300.932,1,11,
149,-323.877,114.023,1,11,
150,-288.596,-261.225,1,11,
151,476.491,0.359894,1,12,
152,84.975,-107.791,1,7,
153,-187.328,-494.929,1,12,
154,-259.873,-292.338,1,11,
155,123.356,-214.629,1,9,
156,-75.7934,-83.4259,1,7,
157,115.341,8.67686,1,8,
158,26.932,101.004,1,7,
159,348.388,-311.108,1,12,
160,-356.603,389.007,1,12,
161,-456.505,337.83,1,12,
162,487.528,-11.2661,1,12,
163,257.772,-138.156,1,11,
164,-97.9042,181.89,1,10,
165,175.54,-295.356,1,12,
166,198.215,-101.171,1,9,
167,-398.847,-130.63,1,11,
168,-317.291,262.543,1,12,
169,-410.279,438.61,1,12,
170,-379.65,-375.13,1,12,
171,-490.931,-426.789,1,12,
172,6.79563,60.2715,1,7,
173,-294.61,-322.176,1,12,
174,21.4833,-146.107,1,8,
175,26.8462,303.591,1,10,
176,139.149,149.637,1,11,
177,414.53,356.696,1,12,
178,105.329,-220.609,1,9,
179,27.562,140.117,1,8,
180,-499.162,401.107,1,12,
181,407.2,-172.467,1,12,
182,454.768,-190.26,1,12,
183,-168.73,-136.186,1,8,
184,466.5,-346.811,1,12,
185,-373.875,-293.411,1,12,
186,-318.672,-342.111,1,12,
187,166.894,116.075,1,9,
188,-324.114,295.398,1,12,
189,-373.365,252.864,1,12,
190,9.94556,-11.4942,1,7,
191,402.463,-145.207,1,12,
192,305.396,453.914,1,12,
193,366.464,-49.882,1,10,
194,382.306,-429.615,1,12,
195,238.486,472.522,1,12,
196,188.166,-272.567,1,10,
197,336.197,-7.53396,1,10,
198,-358.447,-20.951,1,10,
199,-493.942,-35.2598,1,12,
200,-409.217,-421.24,1,12,
201,-141.666,264.091,1,10,
202,258.187,28.5043,1,9,
203,421.156,113.988,1,12,
204,38.5112,-427.329,1,12,
205,-334.435,439.544,1,12,
206,-239.367,-244.895,1,10,
207,61.0362,-179.126,1,7,
208,92.9576,-126.037,1,7,
209,-383.559,380.379,1,12,
210,-167.46,-359.563,1,12,
211,-434.857,16.8284,1,11,
212,6.43227,234.172,1,10,
213,-334.259,-13.6216,1,10,
214,-411.224,327.157,1,12,
215,-28.6666,-196.453,1,8,
216,384.621,159.892,1,12,
217,168.009,291.705,1,12,
218,202.156,-423.537,1,12,
219,253.519,-52.8066,1,10,
220,465.858,-415.97,1,12,
221,143.935,-352.892,1,11,
222,416.2,148.752,1,11,
223,245.035,67.8943,1,9,
224,-298.803,97.4807,1,11,
225,-281.657,-147.817,1,12,
226,-466.157,-286.675,1,12,
227,-259.261,-1.25514,1,9,
228,325.578,-499.293,1,12,
229,378.831,-245.589,1,12,
230,168.269,351.467,1,12,
231,-446.854,338.78,1,12,
232,-271.46,-162.595,1,11,
233,-391.108,212.22,1,12,
234,267.667,-116.903,1,11,
235,354.37,175.097,1,12,
236,-50.5942,-10.3087,1,7,
237,304.686,7.38304,1,11,
238,-70.6419,-369.708,1,11,
239,36.6815,-361.069,1,10,
240,445.718,-264.965,1,12,
241,351.875,-83.5035,1,12,
242,-321.345,-499.445,1,12,
243,-398.456,-114.915,1,10,
244,-415.719,-381.938,1,12,
245,-354.671,-231.955,1,12,
246,-355.825,144.092,1,12,
247,-129.068,129.954,1,8,
248,283.198,117.54,1,10,
249,375.42,373.629,1,12,
250,-405.851,-59.7165,1,10,
251,243.864,-334.081,1,12,
252,90.0105,-443.695,1,12,
253,-174.534,-72.7492,1,9,
254,166.277,254.37,1,12,
255,-238.602,-70.6024,1,9,
256,275.319,-462.911,1,12,
257,-305.289,-434.52,1,12,
258,-357.858,113.75,1,12,
259,-353.475,7.62808,1,10,
260,-318.073,-468.303,1,12,
261,-119.4,60.4748,1,7,
262,276.165,-100.084,1,10,
263,162.595,138.702,1,10,
264,188.784,1.19405,1,7,
265,55.6534,-312.675,1,10,
266,-417.229,-297.579,1,12,
267,-191.441,-32.6218,1,8,
268,283.337,284.347,1,12,
269,105.81,-491.4,1,12,
270,337.184,-54.7886,1,9,
271,349.9,-428.311,1,12,
272,120.683,110.919,1,8,
273,212.502,-129.27,1,9,
274,434.085,-7.03285,1,11,
275,80.1013,-369.761,1,12,
276,56.3968,60.6607,1,7,
277,148.194,-492.583,1,12,
278,-361.48,-395.335,1,12,
279,-403.534,-307.741,1,12,
280,224.008,-150.952,1,10,
281,26.6071,85.612,1,7,
282,-448.839,316.941,1,12,
283,-487.215,87.6933,1,12,
284,-225.707,179.36,1,11,
285,-326.48,-331.113,1,11,
286,424.352,213.812,1,11,
287,-357.826,-232.901,1,12,
288,19.2379,268.383,1,10,
289,-410.265,295.578,1,11,
290,-382.912,159.612,1,10,
291,63.8688,-429.84,1,11,
292,-128.004,145.301,1,9,
293,-405.161,-251.3,1,12,
294,73.0964,-419.19,1,11,
295,338.826,57.634,1,11,
296,-375.217,103.521,1,12,
297,312.632,-206.91,1,12,
298,-357.921,-384.896,1,12,
299,445.29,-30.3004,1,11,
300,366.592,67.1381,1,11,
301,28.5255,-201.493,1,10,
302,-392.344,-278.858,1,12,
303,330.403,-245.684,1,12,
304,153.72,27.2296,1,7,
305,-229.237,-40.1704,1,9,
306,84.1407,444.921,1,11,
307,135.031,269.433,1,11,
308,-269.11,-390.661,1,12,
309,-310.263,-359.746,1,12,
310,477.714,-431.374,1,12,
311,239.701,-141.549,1,9,
312,165.163,374.646,1,11,
313,-75.5955,-388.469,1,12,
314,-3.25269,-1.86571,1,7,
315,-329.749,54.5493,1,12,
316,-488.31,-302.174,1,12,
317,-290,-485.358,1,12,
318,467.512,-117.26,1,12,
319,35.5421,416.027,1,11,
320,168.062,135.251,1,8,
321,290.584,-470.609,1,12,
322,225.748,-494.348,1,12,
323,-98.2812,17.3195,1,7,
324,-46.6191,140.591,1,7,
325,476.653,242.339,1,12,
326,-349.578,369.074,1,12,
327,224.705,-30.4488,1,8,
328,-381.88,123.021,1,12,
329,-217.032,251.588,1,9,
330,482.707,432.523,1,12,
331,210.47,325.936,1,11,
332,-358.449,-19.0184,1,12,
333,-96.1134,116.117,1,7,
334,-365.62,-490.869,1,12,
335,-214.701,386.488,1,12,
336,441.803,130.103,1,12,
337,359.154,-49.4692,1,12,
338,163.933,272.531,1,9,
339,-76.8851,-69.5622,1,7,
340,73.5659,-274.437,1,10,
341,-43.9437,24.7212,1,7,
342,282.766,-355.243,1,12,
343,-267.744,-378.598,1,12,
344,309.55,-64.8141,1,10,
345,305.286,-492.817,1,12,
346,372.924,-226.723,1,11,
347,372.582,312.547,1,12,
348,301.248,-251.538,1,10,
349,-271.828,496.02,1,12,
350,-275.468,209.139,1,12,
351,-17.6963,28.26,1,7,
352,-377.278,-323.044,1,12,
353,43.6707,321.384,1,11,
354,-339.021,-442.759,1,12,
355,3.07282,144.955,1,7,
356,136.605,223.532,1,10,
357,89.1996,35.382,1,7,
358,-275.496,-51.8747,1,9,
359,-356.466,229.118,1,12,
360,-147.991,-211.512,1,10,
361,471.659,-3.66729,1,12,
362,235.248,-58.4327,1,8,
363,263.172,-419.144,1,12,
364,-231.091,155.661,1,10,
365,237.17,381.485,1,12,
366,-78.5284,13.9129,1,7,
367,471.462,-416.527,1,12,
368,295.767,-211.636,1,12,
369,252.853,394.057,1,11,
370,176.452,478.104,1,12,
371,358.474,409.394,1,12,
372,-11.1981,212.172,1,8,
373,-422.387,296.641,1,12,
374,-103.455,434.503,1,12,
375,60.4357,191.875,1,8,
376,-113,430.043,1,12,
377,-459.621,383.479,1,12,
378,51.6548,73.6749,1,7,
379,48.107,-206.688,1,10,
380,327.523,108.944,1,11,
381,287.454,-468.404,1,12,
382,281.242,-167.991,1,11,
383,-317.461,-219.086,1,12,
384,-297.422,26.2064,1,10,
385,442.072,-82.3305,1,10,
386,211.591,454.025,1,12,
387,-272,300.986,1,12,
388,35.1963,228.594,1,10,
389,128.121,213.457,1,9,
390,92.3066,-12.2129,1,7,
391,-345.356,251.211,1,12,
392,-268.827,332.158,1,10,
393,278.585,220.059,1,10,
394,153.821,-78.774,1,7,
395,394.699,-191.855,1,12,
396,448.347,-420.28,1,12,
397,-212.187,68.3562,1,9,
398,-213.032,-382.77,1,12,
399,332.364,137.548,1,11,
400,-339.932,-147.606,1,12,
401,-180.43,-74.3768,1,9,
senderId,receiverID, sendTime, receivedTime,SF,SNR,Ftype, Freq,received, code
114,1,8951383182,9198168070,9,-4.62292,2,8.685e+08,1,0,
394,1,13534329612,13606266188,7,1.25363,2,8.685e+08,1,0,
93,1,95837395949,96290005158,10,-2.09483,2,8.685e+08,1,0,
367,1,98635284667,100445718765,12,-3.60345,2,8.685e+08,1,0,
385,1,54217538293,54670147793,10,-13.0263,2,8.685e+08,1,0,
58,1,55162085871,55614694972,10,-8.31952,4,8.685e+08,1,0,
81,1,3147113642695,3148100780056,11,-3.26634,2,8.683e+08,1,0,
127,1,91703148241,91949932907,9,-1.37686,4,8.685e+08,1,0,
245,1,96622077156,98432510570,12,0.962602,2,8.685e+08,1,0,
16,1,94340718804,96151152271,12,0,2,8.685e+08,0,1,
344,1,120789888982,121242498037,10,-3.87691,4,8.681e+08,1,0,
154,1,93751640380,94738777685,11,0,2,8.685e+08,0,1,
21,1,88327879387,89315017162,11,0,2,8.685e+08,0,1,
33,1,1844738193386,1844810129531,7,18.2195,4,8.685e+08,1,0,
375,1,77362850069,77496482740,8,-4.48144,4,8.685e+08,1,0,
388,1,264182917175,264635525946,10,-7.27277,2,8.685e+08,1,0,
336,1,3087506765954,3089317199490,12,-18.988,2,8.683e+08,1,0,
295,1,3152515396244,3153502533390,11,-7.50688,2,8.685e+08,1,0,
262,1,2993293280903,2993745889883,10,-13.3504,2,8.683e+08,1,0,
11,1,3079476792095,3079929401052,10,-10.1109,4,8.683e+08,1,0,
157,1,1865001075603,1865134707989,8,2.11916,4,8.681e+08,1,0,
182,1,1919447580472,1921258014116,12,0,2,8.683e+08,0,1,
201,1,3110488104886,3110940713886,10,-8.66424,2,8.683e+08,1,0,
141,1,1864647090906,1865634228833,11,-11.4106,2,8.683e+08,1,0,
400,1,3053619008220,3055429441456,12,0,4,8.683e+08,0,1,
349,1,3101657883935,3103468317822,12,-0.0102836,4,8.681e+08,1,0,
336,1,3268549965964,3270360399500,12,-22.4144,2,8.683e+08,1,0,
188,1,1984495617387,1986306050850,12,-8.16389,4,8.685e+08,1,0,
162,1,51504055260,53314488887,12,-10.9411,2,8.685e+08,1,0,
183,1,49622072736,49755705459,8,0,2,8.685e+08,0,1,
118,1,53058828049,53511437171,10,-0.616943,2,8.685e+08,1,0,
275,1,47809201857,49619635119,12,0,2,8.685e+08,0,1,
172,1,1766127807612,1766199743814,7,21.6896,2,8.683e+08,1,0,
310,1,42661072890,44471507037,12,-1.06679,4,8.685e+08,1,0,
391,1,1714938427142,1716748860567,12,-8.4931,4,8.685e+08,1,0,
32,1,22547169162,24357602914,12,0,2,8.685e+08,0,1,
197,1,14468782192,14921391314,10,5.05636,2,8.685e+08,1,0,
84,1,3087593237747,3089403671418,12,-13.496,4,8.681e+08,1,0,
331,1,3124928977022,3125916114316,11,0,2,8.683e+08,0,1,
376,1,3126039602755,3127850036238,12,0,4,8.685e+08,0,1,
186,1,3008521448508,3010331882068,12,-12.4756,2,8.683e+08,1,0,
196,1,3092728201630,3093180810735,10,-14.0427,2,8.683e+08,1,0,
239,1,5396916522,5849525733,10,-14.1711,2,8.685e+08,1,0,
315,1,60102916533,61913349648,12,-8.27736,2,8.685e+08,1,0,
348,1,20419685377,20872294686,10,-14.7338,2,8.685e+08,1,0,
265,1,23293186241,23745795300,10,0,2,8.685e+08,0,1,
355,1,21396187453,21468123937,7,-7.09334,4,8.685e+08,1,0,
204,1,32271471478,34081904909,12,-3.0943,4,8.685e+08,1,0,
30,1,34648408510,35101017766,10,-10.4003,2,8.685e+08,1,0,
173,1,53890970193,55701403649,12,-20.2214,4,8.685e+08,1,0,
257,1,36321778529,38132212300,12,0,2,8.685e+08,0,1,
147,1,37129504439,37582113913,10,0,2,8.685e+08,0,1,
393,1,40970915761,41423524945,10,4.58869,2,8.685e+08,1,0,
366,1,46747442578,46819378844,7,15.0002,4,8.685e+08,1,0,
314,1,325174441,397110454,7,57.0271,2,8.685e+08,1,0,
23,1,6954808302,8765241995,12,1.36524,2,8.685e+08,1,0,
272,1,8859115774,8992748321,8,-9.59074,2,8.685e+08,1,0,
292,1,19899508296,20146292942,9,13.9394,2,8.685e+08,1,0,
195,1,55786904228,57597337994,12,0,4,8.685e+08,0,1,
287,1,57126695943,58937129367,12,-14.1708,2,8.685e+08,1,0,
156,1,57391737853,57463674229,7,13.4465,2,8.685e+08,1,0,
2,1,67919250915,69729684171,12,-12.3849,2,8.685e+08,1,0,
44,1,65220578286,65467363249,9,-11.4125,2,8.685e+08,1,0,
342,1,86078189710,87888623225,12,-20.1232,2,8.685e+08,1,0,
201,1,3220031022197,3220483631197,10,-11.3756,2,8.685e+08,1,0,
101,1,3452871499486,3453858636527,11,-4.51068,2,8.683e+08,1,0,
78,1,2130259936905,2131247074130,11,-11.9732,4,8.681e+08,1,0,
168,1,2108867722243,2110678155617,12,-9.69769,4,8.685e+08,1,0,
172,1,3150065555417,3150137491619,7,5.90826,2,8.683e+08,1,0,
345,1,3503674318965,3505484752899,12,0,4,8.681e+08,0,1,
182,1,3433334478056,3435144911700,12,0,2,8.685e+08,0,1,
116,1,68815381768,69267990849,10,-13.3744,2,8.685e+08,1,0,
247,1,74401325554,74534958165,8,-4.73289,2,8.685e+08,1,0,
221,1,69306880081,70294017352,11,-6.8811,2,8.685e+08,1,0,
164,1,69907741365,70360350054,10,7.80714,4,8.685e+08,1,0,
237,1,158367426722,159354563739,11,-16.0499,2,8.681e+08,1,0,
75,1,80094417059,81904850198,12,-10.8847,2,8.685e+08,1,0,
104,1,72426968754,74237402071,12,0,2,8.685e+08,0,1,
401,1,74011407279,74258191930,9,-13.2386,2,8.685e+08,1,0,
230,1,73883127358,75693560658,12,-19.1148,2,8.685e+08,1,0,
223,1,74955151368,75201936216,9,1.05344,2,8.685e+08,1,0,
291,1,186743325196,187730462646,11,-16.9513,2,8.681e+08,1,0,
25,1,87447451192,87900060676,10,-12.4488,4,8.685e+08,1,0,
79,1,3024249608171,3024702217026,10,-7.69784,4,8.683e+08,1,0,
250,1,2030986042247,2031438651615,10,-11.2026,4,8.681e+08,1,0,
286,1,2029976145810,2030963283395,11,0,2,8.681e+08,0,1,
32,1,1915413357869,1917223791621,12,-9.41066,2,8.683e+08,1,0,
124,1,1802177884616,1803988318088,12,0,2,8.685e+08,0,1,
51,1,123282173733,123354110022,7,0,4,8.685e+08,0,1,
351,1,3038978044009,3039049980120,7,37.0895,2,8.683e+08,1,0,
83,1,3074407482887,3074860092179,10,-3.71966,2,8.683e+08,1,0,
240,1,1769086250426,1770896684156,12,-13.5662,2,8.685e+08,1,0,
144,1,1965450544782,1967260978054,12,0,2,8.685e+08,0,1,
330,1,1958693100200,1960503534362,12,-21.0837,2,8.685e+08,1,0,
4,1,102962140221,103949277374,11,-17.7153,2,8.685e+08,1,0,
31,1,101014109219,102001246686,11,-16.1026,4,8.685e+08,1,0,
176,1,106643698919,107630835601,11,4.47329,2,8.685e+08,1,0,
137,1,100816760401,102627193728,12,-16.6945,4,8.685e+08,1,0,
74,1,109014474329,109148106881,8,1.59428,4,8.685e+08,1,0,
290,1,103992135439,104444744823,10,-13.1332,2,8.685e+08,1,0,
211,1,116975510877,117962648329,11,-18.9015,4,8.685e+08,1,0,
298,1,108476088821,110286522574,12,-18.7534,2,8.685e+08,1,0,
163,1,110252252662,111239389638,11,0,4,8.685e+08,0,1,
42,1,111459249711,111531186197,7,0,2,8.685e+08,0,1,
236,1,113549623540,113621559712,7,9.01907,4,8.685e+08,1,0,
287,1,238169895953,239980329377,12,-22.0262,2,8.681e+08,1,0,
348,1,2189021584357,2189474193666,10,2.13965,2,8.681e+08,1,0,
350,1,2306415038287,2308225471441,12,-10.7949,2,8.685e+08,1,0,
157,1,3541249369576,3541383001962,8,2.87421,2,8.681e+08,1,0,
380,1,3539035462647,3540022599798,11,5.2786,2,8.683e+08,1,0,
324,1,125286578233,125358514727,7,13.2855,2,8.685e+08,1,0,
368,1,2430759065882,2432569499095,12,-4.02861,2,8.683e+08,1,0,
150,1,2442358319534,2443345456832,11,-0.890899,4,8.683e+08,1,0,
168,1,117199219274,119009652648,12,0,4,8.685e+08,0,1,
234,1,118778544587,119765681561,11,0,2,8.685e+08,0,1,
254,1,126607589706,128418022720,12,-22.1624,4,8.685e+08,1,0,
46,1,267970557259,268423166268,10,7.225,2,8.681e+08,1,0,
50,1,121063778564,122874212119,12,-21.2397,2,8.685e+08,1,0,
106,1,3383969861047,3384103493569,8,-1.44694,2,8.685e+08,1,0,
243,1,3398282312785,3398734922168,10,-10.4818,2,8.683e+08,1,0,
159,1,3073830776365,3075641209923,12,-20.4959,2,8.683e+08,1,0,
247,1,2064652345872,2064785978483,8,-2.18701,2,8.685e+08,1,0,
35,1,2278834701341,2279287310393,10,-5.76034,2,8.685e+08,1,0,
304,1,2281592804565,2281664741086,7,-6.68915,2,8.683e+08,1,0,
180,1,2374998132740,2376808566876,12,0,2,8.683e+08,0,1,
366,1,3242927167505,3242999103771,7,1.04758,4,8.685e+08,1,0,
337,1,124168597671,125979030880,12,0,2,8.685e+08,0,1,
30,1,3534457739271,3534910348527,10,2.72546,2,8.683e+08,1,0,
323,1,3502007400368,3502079336701,7,2.34168,2,8.683e+08,1,0,
202,1,3260715277359,3260962062225,9,-13.3397,4,8.685e+08,1,0,
61,1,128585189298,128657125501,7,12.8688,2,8.685e+08,1,0,
346,1,127847831648,128834969104,11,-18.4037,2,8.685e+08,1,0,
270,1,128290473019,128537258158,9,0.0750435,2,8.685e+08,1,0,
33,1,129836558217,129908494362,7,41.956,4,8.685e+08,1,0,
40,1,134226690037,134298626505,7,3.58415,2,8.681e+08,1,0,
172,1,130027944484,130099880686,7,30.0456,2,8.685e+08,1,0,
229,1,187262165858,189072599364,12,-14.4138,2,8.681e+08,1,0,
129,1,132517308491,132589244961,7,1.42294,2,8.685e+08,1,0,
225,1,132810541090,134620974151,12,20.0876,2,8.685e+08,1,0,
305,1,139005695040,139252479816,9,-14.3863,2,8.685e+08,1,0,
7,1,136875019257,138685452931,12,1.92906,4,8.685e+08,1,0,
113,1,142389998077,142636782954,9,-7.63034,2,8.685e+08,1,0,
114,1,140596972784,140843757672,9,0,2,8.681e+08,0,1,
193,1,140667820652,141120429886,10,0,4,8.685e+08,0,1,
270,1,2126388400918,2126635186057,9,0.0468911,2,8.685e+08,1,0,
62,1,141497203054,142484339872,11,0,4,8.685e+08,0,1,
14,1,141588526156,143398959956,12,0,2,8.685e+08,0,1,
58,1,3406816289648,3407268898749,10,-2.15849,4,8.683e+08,1,0,
243,1,2991803759708,2992256369091,10,-2.12675,2,8.685e+08,1,0,
142,1,1953839154605,1955649588113,12,0,2,8.683e+08,0,1,
97,1,1946046540963,1947033678619,11,1.7986,2,8.683e+08,1,0,
269,1,3068967020457,3070777454134,12,-12.7466,2,8.683e+08,1,0,
107,1,3172476724669,3172929333721,10,4.12006,2,8.685e+08,1,0,
20,1,2285859805599,2287670239298,12,-13.071,2,8.683e+08,1,0,
224,1,2230645462736,2231632599784,11,-12.9395,2,8.685e+08,1,0,
400,1,3554979109281,3556789542517,12,-16.2615,4,8.683e+08,1,0,
9,1,3554964440146,3556774873530,12,-17.4953,4,8.681e+08,1,0,
307,1,3554832747465,3555819884470,11,0,2,8.683e+08,0,1,
339,1,3555470955859,3555542892205,7,7.88214,2,8.683e+08,1,0,
177,1,3559349266509,3561159700333,12,-3.01521,4,8.683e+08,1,0,
82,1,2294536816063,2294783601031,9,-0.828246,4,8.681e+08,1,0,
222,1,2329452353131,2330439490605,11,0.715318,4,8.683e+08,1,0,
130,1,2440997285814,2441984422696,11,0,2,8.685e+08,0,1,
207,1,2080858564520,2080930501151,7,-5.87013,2,8.683e+08,1,0,
76,1,3016354911868,3016488544452,8,-1.25769,4,8.681e+08,1,0,
373,1,2322719382298,2324529816020,12,-1.64098,2,8.683e+08,1,0,
50,1,302106978574,303917412129,12,0,2,8.681e+08,0,1,
275,1,228852401867,230662835129,12,-17.3852,2,8.681e+08,1,0,
280,1,147844482602,148297091503,10,-3.5007,2,8.685e+08,1,0,
266,1,149014145898,150824579607,12,-14.8051,2,8.685e+08,1,0,
378,1,154411075748,154483012048,7,23.7061,4,8.685e+08,1,0,
333,1,151311144883,151383081386,7,6.66065,2,8.685e+08,1,0,
8,1,152713189415,154523622812,12,-10.8295,2,8.685e+08,1,0,
162,1,232547255270,234357688897,12,-2.4844,2,8.681e+08,1,0,
33,1,1719519815534,1719591751679,7,0,4,8.685e+08,0,1,
125,1,1717475378470,1717547314523,7,23.0809,4,8.683e+08,1,0,
352,1,156834407538,158644841195,12,0,2,8.685e+08,0,1,
64,1,159112607840,159246240902,8,-3.23762,2,8.685e+08,1,0,
327,1,163717074891,163850707647,8,-11.0591,2,8.685e+08,1,0,
157,1,1819326763314,1819460395700,8,18.1942,2,8.683e+08,1,0,
192,1,1781875009498,1783685443323,12,0,2,8.685e+08,0,1,
358,1,1758472253425,1758719038360,9,-10.9795,2,8.685e+08,1,0,
60,1,3132358920855,3132605705844,9,-13.4454,2,8.683e+08,1,0,
325,1,1739266179088,1741076612872,12,-18.7195,4,8.681e+08,1,0,
75,1,1762613084454,1764423517593,12,-20.3836,2,8.685e+08,1,0,
237,1,3107912277279,3108899414296,11,-10.4556,2,8.681e+08,1,0,
367,1,2475960446583,2477770880681,12,-14.3921,4,8.681e+08,1,0,
231,1,2576275006315,2578085440185,12,0,2,8.683e+08,0,1,
144,1,2474875704647,2476686137919,12,0,2,8.683e+08,0,1,
79,1,2479734617813,2480187226668,10,-8.07423,4,8.683e+08,1,0,
345,1,163399752031,165210185965,12,-8.96356,4,8.685e+08,1,0,
196,1,163814206317,164266815422,10,-11.0981,2,8.685e+08,1,0,
342,1,267121389720,268931823235,12,-1.52292,2,8.681e+08,1,0,
164,1,171473174936,171925783625,10,0,4,8.681e+08,0,1,
174,1,169660830658,169794463151,8,8.52844,4,8.685e+08,1,0,
252,1,264145433470,265955866980,12,-20.3568,2,8.685e+08,1,0,
260,1,181939117350,183749551238,12,0,2,8.685e+08,0,1,
351,1,180160687043,180232623154,7,1.03873,2,8.685e+08,1,0,
176,1,205357298929,206344435611,11,-16.0915,2,8.681e+08,1,0,
355,1,172675797154,172747733638,7,0,4,8.681e+08,0,1,
200,1,208487143795,210297577754,12,-22.0553,2,8.681e+08,1,0,
84,1,175500291154,177310724825,12,-6.21808,4,8.685e+08,1,0,
74,1,3507720432612,3507854065164,8,-7.92107,4,8.683e+08,1,0,
64,1,2046966392236,2047100025298,8,-8.41701,2,8.683e+08,1,0,
61,1,1958854360535,1958926296738,7,-8.983,2,8.683e+08,1,0,
107,1,1776626501485,1777079110537,10,-8.33028,2,8.683e+08,1,0,
219,1,3251327546616,3251780155480,10,15.5996,2,8.683e+08,1,0,
81,1,3344540842715,3345527980076,11,-6.6136,2,8.683e+08,1,0,
315,1,1833603347385,1835413780500,12,-16.9605,2,8.685e+08,1,0,
186,1,2616302740882,2618113174442,12,-19.0964,2,8.685e+08,1,0,
382,1,2557611820270,2558598957363,11,-1.88798,2,8.685e+08,1,0,
304,1,2525827986346,2525899922867,7,0,2,8.683e+08,0,1,
113,1,2527909579667,2528156364544,9,-9.12253,2,8.683e+08,1,0,
322,1,2532702594422,2534513028235,12,-1.88306,4,8.685e+08,1,0,
253,1,2528739469517,2528986254148,9,-11.7487,4,8.681e+08,1,0,
164,1,3242520507013,3242973115702,10,-9.28639,4,8.683e+08,1,0,
20,1,178888433522,180698867221,12,0,2,8.685e+08,0,1,
71,1,179260207239,179393839820,8,0,4,8.685e+08,0,1,
178,1,276750533194,276997318009,9,0,2,8.681e+08,0,1,
190,1,181280402743,181352338794,7,10.3106,4,8.685e+08,1,0,
77,1,190838660473,191085445355,9,-10.2219,4,8.681e+08,1,0,
172,1,3389705402796,3389777338998,7,7.11385,2,8.681e+08,1,0,
194,1,2253731128654,2255541562572,12,-19.3491,4,8.683e+08,1,0,
290,1,2154324898942,2154777508326,10,5.15421,2,8.683e+08,1,0,
48,1,2216380003505,2218190437168,12,0,2,8.683e+08,0,1,
276,1,2976322086789,2976394023065,7,25.2499,4,8.683e+08,1,0,
270,1,2236940485895,2237187271034,9,-9.56029,2,8.683e+08,1,0,
196,1,2230046106845,2230498715950,10,-12.2221,2,8.683e+08,1,0,
198,1,3181819074141,3182271683339,10,0,2,8.683e+08,0,1,
60,1,3164760886302,3165007671291,9,-8.27846,2,8.683e+08,1,0,
382,1,2458898220260,2459885357353,11,0,2,8.683e+08,0,1,
41,1,2458338133728,2460148567677,12,0,2,8.685e+08,0,1,
219,1,2494626739146,2495079348010,10,0,2,8.685e+08,0,1,
359,1,3508434206934,3510244640347,12,-0.404845,4,8.683e+08,1,0,
184,1,185534125350,187344559289,12,-5.19208,2,8.685e+08,1,0,
113,1,185539734135,185786519012,9,-6.21362,2,8.681e+08,1,0,
110,1,183755776263,184208385263,10,0,2,8.685e+08,0,1,
341,1,215243802697,215315738865,7,7.2742,2,8.685e+08,1,0,
138,1,1739118143170,1740928576870,12,-3.84297,2,8.685e+08,1,0,
80,1,3003554099805,3005364532788,12,0,2,8.685e+08,0,1,
120,1,221766243243,221899875737,8,-2.54195,2,8.685e+08,1,0,
258,1,214460295794,216270729047,12,-8.56236,2,8.685e+08,1,0,
56,1,186597529159,187050138170,10,-10.3657,4,8.685e+08,1,0,
58,1,188458058575,188910667676,10,-9.74626,4,8.681e+08,1,0,
257,1,217364978539,219175412310,12,-7.39194,2,8.681e+08,1,0,
207,1,187121823347,187193759978,7,-5.70019,2,8.685e+08,1,0,
47,1,199393821775,199640606650,9,-4.4976,2,8.681e+08,1,0,
159,1,194879136974,196689570532,12,-20.3868,2,8.685e+08,1,0,
129,1,195189236129,195261172599,7,7.61372,2,8.681e+08,1,0,
128,1,314556090808,316366524975,12,-8.96638,2,8.681e+08,1,0,
163,1,208965852672,209952989648,11,-10.1835,4,8.681e+08,1,0,
144,1,198291742263,200102175535,12,-2.94694,2,8.685e+08,1,0,
125,1,203463460757,203535396810,7,27.3748,4,8.685e+08,1,0,
18,1,208275396517,208728006047,10,-11.0271,2,8.685e+08,1,0,
284,1,199678105091,200665242053,11,-2.1971,2,8.685e+08,1,0,
3,1,200379776200,202190209987,12,0.414735,4,8.685e+08,1,0,
286,1,201550399475,202537537060,11,-18.9861,2,8.685e+08,1,0,
386,1,204917117530,206727551201,12,0,4,8.685e+08,0,1,
26,1,208673494943,210483928566,12,2.34404,4,8.685e+08,1,0,
148,1,203561668503,204548805632,11,0,2,8.685e+08,0,1,
308,1,368125344289,369935777871,12,-14.3686,2,8.681e+08,1,0,
135,1,2052417134737,2053404271855,11,6.28816,2,8.683e+08,1,0,
386,1,1901867805369,1903678239040,12,-13.6165,4,8.685e+08,1,0,
107,1,3217737524679,3218190133731,10,5.87426,2,8.683e+08,1,0,
127,1,2071979438631,2072226223297,9,-2.92187,4,8.685e+08,1,0,
20,1,2069065296985,2070875730684,12,0,2,8.685e+08,0,1,
29,1,2021753557731,2022000342896,9,-14.005,4,8.681e+08,1,0,
336,1,248434839683,250245273219,12,-20.7294,2,8.681e+08,1,0,
380,1,218051582564,219038719715,11,-5.12062,2,8.685e+08,1,0,
237,1,257081026732,258068163749,11,-7.22275,2,8.681e+08,1,0,
57,1,212167563115,213977996725,12,-12.0388,2,8.685e+08,1,0,
392,1,218613514852,219066124277,10,-6.42071,2,8.685e+08,1,0,
19,1,219257319226,219504103717,9,-7.10812,2,8.685e+08,1,0,
148,1,302275268513,303262405642,11,-16.0034,2,8.681e+08,1,0,
125,1,393467426087,393539362140,7,25.3494,4,8.681e+08,1,0,
46,1,222709757249,223162366258,10,-6.02873,2,8.685e+08,1,0,
185,1,221680950501,223491384086,12,-7.5079,2,8.685e+08,1,0,
159,1,375922336984,377732770542,12,0,2,8.681e+08,0,1,
43,1,221980982919,222433592129,10,-7.79614,2,8.685e+08,1,0,
276,1,222827329456,222899265732,7,6.61445,4,8.685e+08,1,0,
230,1,254926327368,256736760668,12,-3.59573,2,8.681e+08,1,0,
353,1,225895783758,226882920840,11,0,2,8.685e+08,0,1,
267,1,227948768934,228082401582,8,4.95373,2,8.685e+08,1,0,
358,1,233309569258,233556354193,9,-7.01326,2,8.685e+08,1,0,
365,1,225347492935,227157926433,12,0,2,8.685e+08,0,1,
314,1,227800208279,227872144292,7,56.3843,2,8.681e+08,1,0,
35,1,227465207612,227917816664,10,-4.26504,2,8.685e+08,1,0,
316,1,2073540999496,2075351433411,12,0,2,8.683e+08,0,1,
191,1,1936062709139,1937873142566,12,0,2,8.681e+08,0,1,
251,1,3163596031517,3165406464897,12,-10.7385,2,8.685e+08,1,0,
169,1,1847159979283,1848970413286,12,-20.686,4,8.683e+08,1,0,
67,1,1756378152906,1758188586471,12,-1.48267,2,8.681e+08,1,0,
148,1,3284254523150,3285241660279,11,-14.0491,4,8.681e+08,1,0,
398,1,232326492584,234136926045,12,-14.5138,4,8.685e+08,1,0,
183,1,235092265628,235225898351,8,-3.96327,2,8.681e+08,1,0,
329,1,233612731898,233859517006,9,-0.260238,2,8.685e+08,1,0,
270,1,239486796028,239733581167,9,-11.8452,2,8.681e+08,1,0,
262,1,239632551010,240085159990,10,5.286,2,8.685e+08,1,0,
377,1,420080051563,421890485560,12,11.1062,2,8.681e+08,1,0,
151,1,240176768898,241987202487,12,-8.30933,2,8.685e+08,1,0,
298,1,289519288831,291329722584,12,-22.417,2,8.681e+08,1,0,
97,1,243432153481,244419291137,11,-16.4117,2,8.685e+08,1,0,
92,1,242557834185,244368267613,12,-16.4216,2,8.685e+08,1,0,
251,1,245383633384,247194066764,12,-10.9051,2,8.685e+08,1,0,
192,1,247880045064,249690478889,12,4.75034,2,8.685e+08,1,0,
136,1,245457578802,247268012791,12,-13.1697,2,8.681e+08,1,0,
346,1,325275031668,326262169124,11,14.7152,2,8.681e+08,1,0,
281,1,247252118194,247324054493,7,-4.68257,2,8.685e+08,1,0,
384,1,250033139923,250485748919,10,-8.56197,2,8.685e+08,1,0,
152,1,250746259539,250818195997,7,13.927,4,8.685e+08,1,0,
60,1,249863355498,250110140487,9,2.66393,2,8.685e+08,1,0,
157,1,249969659577,250103291963,8,1.62671,2,8.685e+08,1,0,
301,1,249755542928,250208151607,10,-8.46728,4,8.685e+08,1,0,
187,1,253399975241,253646759919,9,-7.20746,4,8.685e+08,1,0,
293,1,250202611033,252013044623,12,3.13577,4,8.685e+08,1,0,
236,1,252763369394,252835305566,7,0,4,8.681e+08,0,1,
8,1,333756389425,335566822822,12,-1.51511,2,8.681e+08,1,0,
71,1,250938448453,251072081034,8,4.31537,4,8.681e+08,1,0,
142,1,252991760695,254802194203,12,0,2,8.685e+08,0,1,
208,1,251310033520,251381970042,7,-4.03053,2,8.681e+08,1,0,
83,1,260967460629,261420069921,10,-12.5361,2,8.685e+08,1,0,
203,1,3307992709178,3309803142633,12,-21.5565,4,8.681e+08,1,0,
225,1,3308126407791,3309936840852,12,-21.169,2,8.683e+08,1,0,
111,1,3292106668886,3293917102095,12,10.7379,2,8.685e+08,1,0,
25,1,3295552180910,3296004790394,10,-1.23088,4,8.683e+08,1,0,
65,1,3341556795532,3343367228928,12,-7.13057,4,8.683e+08,1,0,
326,1,3139152346880,3140962780576,12,-10.4447,2,8.685e+08,1,0,
75,1,1943656284464,1945466717603,12,-7.479,2,8.685e+08,1,0,
46,1,3006639465180,3007092074189,10,-13.0401,2,8.683e+08,1,0,
11,1,256091004579,256543613536,10,-0.511855,4,8.685e+08,1,0,
256,1,273429524497,275239958294,12,-16.1332,2,8.685e+08,1,0,
264,1,261097628658,261169565288,7,13.1048,2,8.685e+08,1,0,
179,1,257101077772,257234710248,8,-9.79018,2,8.685e+08,1,0,
400,1,258047125208,259857558444,12,-18.1534,4,8.685e+08,1,0,
392,1,263874314862,264326924287,10,-14.7318,2,8.681e+08,1,0,
257,1,398408178549,400218612320,12,-19.1829,2,8.681e+08,1,0,
144,1,379334942273,381145375545,12,-13.8147,2,8.681e+08,1,0,
197,1,261378773671,261831382793,10,-14.4603,2,8.681e+08,1,0,
94,1,266938710549,268749143768,12,-13.2519,2,8.685e+08,1,0,
55,1,267570485970,268023094905,10,4.98666,2,8.685e+08,1,0,
259,1,266422967244,266875576423,10,-12.4038,2,8.685e+08,1,0,
278,1,269469551567,271279985354,12,-8.8408,2,8.685e+08,1,0,
324,1,269447578997,269519515491,7,-4.26552,2,8.681e+08,1,0,
216,1,281338682032,283149115421,12,-6.52034,2,8.681e+08,1,0,
89,1,272440504718,272687289613,9,-6.31564,2,8.685e+08,1,0,
90,1,273535406469,273988015519,10,-13.2551,4,8.681e+08,1,0,
149,1,418367398432,419354535577,11,-8.28293,2,8.681e+08,1,0,
123,1,277083919121,277330704001,9,0,2,8.685e+08,0,1,
352,1,3536462902324,3538273335981,12,0,2,8.683e+08,0,1,
166,1,3444989973562,3445236758304,9,7.93245,2,8.685e+08,1,0,
85,1,277445907385,277692691966,9,-9.7392,2,8.685e+08,1,0,
133,1,275443799275,277254232703,12,0,2,8.685e+08,0,1,
271,1,296233822071,298044255916,12,-15.3531,2,8.681e+08,1,0,
270,1,3052415270803,3052662055942,9,-5.35153,4,8.681e+08,1,0,
188,1,1803452417377,1805262850840,12,0,4,8.681e+08,0,1,
232,1,1783275957709,1784263094764,11,-7.40808,2,8.685e+08,1,0,
92,1,1793853658682,1795664092110,12,-20.1719,2,8.683e+08,1,0,
69,1,2086386751339,2088197184527,12,0,2,8.683e+08,0,1,
153,1,2009642975909,2011453409674,12,-21.9891,2,8.683e+08,1,0,
139,1,1997948097877,1998081730379,8,3.63727,4,8.681e+08,1,0,
30,1,3034596325086,3035048934342,10,0,2,8.683e+08,0,1,
289,1,279214111820,280201249507,11,-9.31656,2,8.681e+08,1,0,
364,1,278834019852,279286628781,10,-4.27159,2,8.685e+08,1,0,
216,1,462381882042,464192315431,12,-14.5733,2,8.681e+08,1,0,
183,1,283016921483,283150554206,8,-7.90388,2,8.685e+08,1,0,
269,1,279719549860,281529983537,12,-19.8656,2,8.685e+08,1,0,
374,1,282480845199,284291278689,12,-7.72104,2,8.685e+08,1,0,
39,1,284720420181,286530853332,12,-20.0696,2,8.685e+08,1,0,
22,1,285291316328,285424948918,8,2.58522,4,8.685e+08,1,0,
284,1,298391705101,299378842063,11,0,2,8.681e+08,0,1,
75,1,286828490519,288638923658,12,-7.96275,2,8.681e+08,1,0,
122,1,283683088367,283816721005,8,-1.06541,2,8.685e+08,1,0,
115,1,288759823046,289006607623,9,-7.53746,2,8.685e+08,1,0,
55,1,312831285980,313283894915,10,-6.51524,2,8.681e+08,1,0,
206,1,290980463057,291433072199,10,-1.28516,2,8.685e+08,1,0,
199,1,291420115692,293230549344,12,-13.4673,2,8.685e+08,1,0,
273,1,291475617892,291722402722,9,-5.90868,2,8.685e+08,1,0,
189,1,298586008154,300396441658,12,0,4,8.685e+08,0,1,
265,1,298920022439,299372631498,10,0,2,8.681e+08,0,1,
131,1,300205059834,300451844478,9,-1.354,2,8.685e+08,1,0,
378,1,298157046027,298228982327,7,-7.64781,4,8.681e+08,1,0,
89,1,496929009136,497175794031,9,20.1928,2,8.681e+08,1,0,
295,1,299518353944,300505491090,11,3.38496,2,8.685e+08,1,0,
173,1,300617845483,302428278939,12,-9.72952,4,8.681e+08,1,0,
169,1,475534194219,477344628222,12,-14.2845,4,8.681e+08,1,0,
240,1,301728453208,303538886938,12,0,2,8.685e+08,0,1,
149,1,301060793600,302047930745,11,-9.01089,2,8.685e+08,1,0,
322,1,313702546705,315512980518,12,-7.29304,4,8.685e+08,1,0,
207,1,310500749975,310572686606,7,-6.06447,2,8.681e+08,1,0,
247,1,2984326038381,2984459670992,8,-9.89082,4,8.681e+08,1,0,
381,1,1967165786694,1968976220527,12,-18.0753,2,8.683e+08,1,0,
297,1,1850680490790,1852490924041,12,-12.4382,4,8.683e+08,1,0,
34,1,311227154923,311679763989,10,-3.86603,2,8.681e+08,1,0,
340,1,315447281932,315899890880,10,-13.1812,2,8.681e+08,1,0,
108,1,305109900446,305356685205,9,-5.09329,2,8.685e+08,1,0,
306,1,303195781034,304182918544,11,0,2,8.685e+08,0,1,
202,1,304537508214,304784293080,9,0,4,8.685e+08,0,1,
387,1,303529987897,305340421250,12,0,4,8.685e+08,0,1,
115,1,313438223056,313685007633,9,-6.02026,2,8.681e+08,1,0,
130,1,3240528755012,3241515891894,11,-7.75366,2,8.683e+08,1,0,
368,1,2128350320681,2130160753894,12,0,2,8.685e+08,0,1,
350,1,3217450809051,3219261242205,12,-20.116,2,8.683e+08,1,0,
340,1,2278078428693,2278531037641,10,0,2,8.683e+08,0,1,
236,1,2089531372756,2089603308928,7,15.8523,4,8.685e+08,1,0,
157,1,2076540325299,2076673957685,8,-2.37613,2,8.683e+08,1,0,
264,1,2076877564623,2076949501253,7,-7.94049,2,8.683e+08,1,0,
213,1,2986203417494,2986656026610,10,-13.5603,2,8.685e+08,1,0,
83,1,3119668282897,3120120892189,10,-10.951,2,8.683e+08,1,0,
245,1,3131396626174,3133207059588,12,-19.8936,2,8.685e+08,1,0,
344,1,1822166463723,1822619072778,10,-14.8612,4,8.681e+08,1,0,
274,1,2149179006485,2150166143933,11,-17.7703,2,8.683e+08,1,0,
152,1,2043293476965,2043365413423,7,0,4,8.685e+08,0,1,
224,1,2033218262716,2034205399764,11,-12.8652,2,8.685e+08,1,0,
18,1,3145727751905,3146180361435,10,-7.26292,2,8.683e+08,1,0,
306,1,3167073825677,3168060963187,11,-17.0749,2,8.683e+08,1,0,
179,1,2361091559964,2361225192440,8,-4.5377,2,8.685e+08,1,0,
290,1,2361146631702,2361599241086,10,-10.5981,4,8.681e+08,1,0,
85,1,3083458492448,3083705277029,9,-10.6918,2,8.683e+08,1,0,
266,1,3159186157077,3160996590786,12,-14.257,2,8.685e+08,1,0,
153,1,305872821645,307683255410,12,-19.5683,2,8.685e+08,1,0,
394,1,305906417212,305978353788,7,21.4667,2,8.681e+08,1,0,
243,1,313273799010,313726408393,10,-14.4286,2,8.685e+08,1,0,
107,1,315339581089,315792190141,10,6.82078,2,8.685e+08,1,0,
226,1,318765406593,320575840418,12,-3.74548,4,8.681e+08,1,0,
261,1,318769887603,318841824049,7,-0.278319,2,8.681e+08,1,0,
94,1,447981910559,449792343778,12,7.10226,2,8.681e+08,1,0,
219,1,315999965791,316452574655,10,-7.11288,2,8.685e+08,1,0,
401,1,315981881493,316228666144,9,-6.52508,2,8.681e+08,1,0,
17,1,316876878280,318687311938,12,0,4,8.685e+08,0,1,
267,1,317730135506,317863768154,8,0,2,8.681e+08,0,1,
23,1,2085875953056,2087686386749,12,0,2,8.683e+08,0,1,
401,1,2088748728649,2088995513300,9,-7.92488,2,8.683e+08,1,0,
378,1,2013732970485,2013804906785,7,0,4,8.683e+08,0,1,
216,1,2183365514830,2185175948219,12,0,2,8.683e+08,0,1,
349,1,321406095534,323216529421,12,6.87311,2,8.685e+08,1,0,
297,1,320785882020,322596315271,12,-13.0265,4,8.681e+08,1,0,
335,1,322296421708,324106855183,12,-11.5704,2,8.681e+08,1,0,
25,1,329541445802,329994055286,10,-6.27527,4,8.681e+08,1,0,
332,1,330140579971,331951013168,12,0,2,8.681e+08,0,1,
53,1,325192970168,327003403918,12,-12.3066,4,8.685e+08,1,0,
372,1,325767144309,325900777018,8,-6.65364,2,8.685e+08,1,0,
139,1,327897769381,328031401883,8,1.32027,4,8.685e+08,1,0,
233,1,437403308453,439213741937,12,14.3011,2,8.681e+08,1,0,
357,1,326248343359,326320279679,7,1.79094,4,8.685e+08,1,0,
362,1,332335861094,332469493903,8,-2.42741,2,8.685e+08,1,0,
232,1,327695077770,328682214825,11,-17.164,2,8.685e+08,1,0,
157,1,333087963231,333221595617,8,-6.71541,2,8.681e+08,1,0,
234,1,328088666141,329075803115,11,1.89833,2,8.681e+08,1,0,
313,1,336879536545,338689969865,12,-20.6887,2,8.685e+08,1,0,
312,1,331243612892,332230750258,11,-8.1593,2,8.685e+08,1,0,
38,1,328931910959,329178695636,9,-14.0318,4,8.685e+08,1,0,
368,1,339045230411,340855663624,12,-13.3933,2,8.685e+08,1,0,
228,1,330324539595,332134973583,12,0,2,8.685e+08,0,1,
82,1,335862116446,336108901414,9,-2.7449,4,8.685e+08,1,0,
199,1,3333217058068,3335027491720,12,-3.25461,4,8.681e+08,1,0,
247,1,1896320154761,1896453787372,8,-3.24951,2,8.683e+08,1,0,
217,1,3033366466238,3035176899361,12,0,4,8.685e+08,0,1,
181,1,1787023814595,1788834248070,12,8.6304,2,8.685e+08,1,0,
247,1,3550830265519,3550963898130,8,7.64174,2,8.681e+08,1,0,
265,1,3555815242851,3556267851910,10,-7.99544,2,8.683e+08,1,0,
72,1,3529358207923,3529604992801,9,15.5342,2,8.685e+08,1,0,
18,1,1976004804267,1976457413797,10,2.53954,4,8.681e+08,1,0,
392,1,1912398360869,1912850970294,10,-12.96,2,8.683e+08,1,0,
66,1,1910845664539,1912656098033,12,-8.42049,2,8.685e+08,1,0,
9,1,2099522193610,2101332626994,12,0,4,8.683e+08,0,1,
134,1,2017973845273,2019784278988,12,-11.4289,2,8.685e+08,1,0,
356,1,1979649468965,1980102077839,10,0.226151,2,8.685e+08,1,0,
17,1,2087828218193,2089638651851,12,0,4,8.685e+08,0,1,
211,1,3310534276556,3311521414008,11,0,4,8.685e+08,0,1,
253,1,3085443592819,3085690377450,9,12.327,2,8.683e+08,1,0,
106,1,3087029655203,3087163287725,8,14.6091,2,8.683e+08,1,0,
64,1,338628119536,338761752598,8,-10.8147,2,8.681e+08,1,0,
236,1,333545763691,333617699863,7,14.7034,4,8.681e+08,1,0,
389,1,334696051166,334942835996,9,3.70921,4,8.685e+08,1,0,
7,1,338642013784,340452447458,12,-6.58853,4,8.681e+08,1,0,
387,1,484573187907,486383621260,12,-18.0305,4,8.681e+08,1,0,
44,1,344604527573,344851312536,9,-8.39184,2,8.681e+08,1,0,
41,1,343929871390,345740305339,12,-10.326,2,8.685e+08,1,0,
215,1,342497792151,342631424813,8,0,2,8.685e+08,0,1,
175,1,342703367724,343155976741,10,0,2,8.685e+08,0,1,
309,1,350900268608,352710702193,12,-19.1569,2,8.685e+08,1,0,
336,1,511080472266,512890905802,12,-12.25,2,8.681e+08,1,0,
109,1,3132028502447,3133838936458,12,-19.0045,2,8.683e+08,1,0,
286,1,3136838879450,3137826017035,11,-17.9971,2,8.685e+08,1,0,
268,1,1846351848002,1848162281341,12,-11.536,2,8.685e+08,1,0,
356,1,3383985985902,3384438594776,10,-14.0684,2,8.683e+08,1,0,
32,1,3166832279681,3168642713433,12,-10.0057,2,8.683e+08,1,0,
66,1,3157884879481,3159695312975,12,0,4,8.681e+08,0,1,
212,1,351238711685,351691320466,10,-11.3931,4,8.685e+08,1,0,
124,1,525714260251,527524693723,12,-14.0688,2,8.681e+08,1,0,
237,1,355794626742,356781763759,11,-9.53091,2,8.685e+08,1,0,
255,1,346772857180,347019642010,9,1.77953,2,8.685e+08,1,0,
319,1,347879354367,348866491760,11,-17.3594,2,8.685e+08,1,0,
100,1,350641787465,351628924926,11,-5.42049,2,8.685e+08,1,0,
158,1,350199909434,350271845783,7,22.6561,2,8.685e+08,1,0,
327,1,350548471195,350682103951,8,-2.34119,2,8.681e+08,1,0,
291,1,662016794329,663003931779,11,-9.60144,2,8.681e+08,1,0,
391,1,356234861234,358045294659,12,-7.93542,4,8.685e+08,1,0,
99,1,354389858077,354842467188,10,-2.50207,2,8.685e+08,1,0,
398,1,413369692594,415180126055,12,-10.9434,4,8.681e+08,1,0,
19,1,355079801375,355326585866,9,-3.81871,2,8.681e+08,1,0,
150,1,361159633208,362146770506,11,0,4,8.681e+08,0,1,
175,1,387964167734,388416776751,10,0,2,8.681e+08,0,1,
399,1,380631825186,381618962386,11,-7.34137,2,8.681e+08,1,0,
339,1,358254008330,358325944676,7,-6.72195,2,8.685e+08,1,0,
181,1,503717890305,505528323780,12,-2.97238,2,8.681e+08,1,0,
326,1,359908153448,361718587144,12,0,2,8.685e+08,0,1,
329,1,361872979146,362119764254,9,-5.19878,2,8.681e+08,1,0,
41,1,3318652220071,3320462654020,12,-8.8622,2,8.683e+08,1,0,
199,1,2419973516598,2421783950250,12,-14.2819,2,8.683e+08,1,0,
341,1,3185627384332,3185699320500,7,9.03099,2,8.685e+08,1,0,
157,1,3185826512073,3185960144459,8,10.1259,2,8.685e+08,1,0,
114,1,1790203884657,1790450669545,9,-9.19345,2,8.685e+08,1,0,
353,1,2054314660130,2055301797212,11,-9.33757,4,8.681e+08,1,0,
144,1,3462911558874,3464721992146,12,-3.90201,2,8.683e+08,1,0,
328,1,3069514021685,3071324455023,12,-8.38315,4,8.681e+08,1,0,
2,1,1998029145809,1999839579065,12,-5.9305,2,8.685e+08,1,0,
239,1,3453534151539,3453986760750,10,-11.5332,2,8.683e+08,1,0,
73,1,3584339458782,3584411395335,7,-8.04303,4,8.681e+08,1,0,
120,1,362836063631,362969696125,8,6.31574,2,8.681e+08,1,0,
138,1,364189925833,366000359533,12,-8.22159,2,8.681e+08,1,0,
357,1,366266062459,366337998779,7,15.4109,4,8.681e+08,1,0,
30,1,370918053505,371370662761,10,-15.9519,2,8.681e+08,1,0,
276,1,378933715231,379005651507,7,0.500352,4,8.681e+08,1,0,
251,1,426426833394,428237266774,12,-18.0265,2,8.681e+08,1,0,
125,1,373059045909,373130981962,7,30.9053,4,8.681e+08,1,0,
390,1,374392563682,374464499993,7,3.71861,2,8.681e+08,1,0,
22,1,378926983174,379060615764,8,-2.27902,4,8.681e+08,1,0,
33,1,376748699806,376820635951,7,-0.961181,4,8.681e+08,1,0,
305,1,380541811906,380788596682,9,1.26825,2,8.681e+08,1,0,
156,1,380697798618,380769734994,7,2.69414,2,8.681e+08,1,0,
314,1,403596182967,403668118980,7,53.9652,2,8.681e+08,1,0,
193,1,1729710417851,1730163027085,10,-10.1962,4,8.683e+08,1,0,
374,1,463524045209,465334478699,12,-14.1364,2,8.681e+08,1,0,
139,1,384807141622,384940774124,8,-1.48253,4,8.681e+08,1,0,
35,1,528954711201,529407320253,10,-13.7454,2,8.681e+08,1,0,
172,1,397968312138,398040248340,7,-4.17596,2,8.681e+08,1,0,
193,1,405165171128,405617780362,10,-16.8712,4,8.681e+08,1,0,
7,1,519685213794,521495647468,12,1.77388,4,8.681e+08,1,0,
85,1,2040241687065,2040488471646,9,-5.02667,2,8.685e+08,1,0,
161,1,2344580173431,2346390607325,12,-14.9297,2,8.683e+08,1,0,
234,1,2389327367406,2390314504380,11,3.60404,2,8.685e+08,1,0,
376,1,2406530343076,2408340776559,12,-5.51169,4,8.685e+08,1,0,
279,1,2342717764237,2344528197930,12,0,2,8.685e+08,0,1,
282,1,2378672687705,2380483121538,12,-20.1801,4,8.683e+08,1,0,
248,1,2250123259600,2250575868623,10,5.20391,2,8.681e+08,1,0,
136,1,3468137100487,3469947534476,12,-21.218,2,8.683e+08,1,0,
29,1,1919996429035,1920243214200,9,-14.1445,4,8.683e+08,1,0,
376,1,2225487143066,2227297576549,12,-8.6626,4,8.681e+08,1,0,
101,1,1984824360673,1985811497714,11,3.54495,2,8.685e+08,1,0,
43,1,3488089816099,3488542425309,10,-11.8515,4,8.681e+08,1,0,
158,1,3240921029717,3240992966066,7,18.2314,2,8.683e+08,1,0,
18,1,3437566444094,3438019053624,10,-7.43866,2,8.683e+08,1,0,
230,1,3537959856324,3539770289624,12,1.31149,2,8.683e+08,1,0,
281,1,393557774246,393629710545,7,-1.89661,2,8.681e+08,1,0,
182,1,538529255705,540339689349,12,-16.7028,2,8.681e+08,1,0,
80,1,449955701833,451766134816,12,0,2,8.681e+08,0,1,
85,1,404020868550,404267653131,9,-12.6894,2,8.681e+08,1,0,
105,1,404526121217,406336554408,12,-12.0264,4,8.681e+08,1,0,
318,1,408805582137,410616015745,12,-7.35022,2,8.681e+08,1,0,
279,1,543861689293,545672122986,12,-14.3415,2,8.681e+08,1,0,
273,1,406754772024,407001556854,9,-7.71731,2,8.681e+08,1,0,
18,1,408924777599,409377387129,10,2.53471,2,8.681e+08,1,0,
276,1,3073082844281,3073154780557,7,0,4,8.685e+08,0,1,
391,1,3230808237376,3232618670801,12,-21.0004,4,8.685e+08,1,0,
67,1,3244048512758,3245858946323,12,-6.24354,2,8.685e+08,1,0,
200,1,3402177045129,3403987479088,12,-13.5302,2,8.683e+08,1,0,
372,1,3415782629533,3415916262242,8,-8.54324,2,8.683e+08,1,0,
27,1,410250492600,411237629992,11,-12.5922,4,8.681e+08,1,0,
275,1,415308471226,417118904488,12,0.458176,2,8.681e+08,1,0,
60,1,424287287699,424534072688,9,-8.64525,2,8.681e+08,1,0,
247,1,544628808728,544762441339,8,6.9411,2,8.681e+08,1,0,
106,1,431232718845,431366351367,8,11.7599,2,8.681e+08,1,0,
131,1,425775059788,426021844432,9,-2.88019,2,8.681e+08,1,0,
263,1,434583235796,435035844509,10,-14.4149,4,8.681e+08,1,0,
79,1,424664326864,425116935719,10,-10.6475,4,8.681e+08,1,0,
250,1,425472786340,425925395708,10,-12.286,2,8.681e+08,1,0,
36,1,430294777725,430747386648,10,-4.00522,4,8.681e+08,1,0,
61,1,427840385553,427912321756,7,13.173,2,8.681e+08,1,0,
211,1,485488866341,486476003793,11,-5.95883,4,8.681e+08,1,0,
76,1,430665374058,430799006642,8,-7.43135,2,8.681e+08,1,0,
389,1,1848953334354,1849200119184,9,-10.9792,4,8.683e+08,1,0,
61,1,2052765159856,2052837096059,7,-5.96385,2,8.685e+08,1,0,
289,1,1925062642214,1926049779901,11,-2.61584,2,8.685e+08,1,0,
3,1,1945734615345,1947545049132,12,-21.7841,4,8.683e+08,1,0,
260,1,3362582407779,3364392841667,12,0,2,8.683e+08,0,1,
133,1,3056811653002,3058622086430,12,-8.55934,2,8.683e+08,1,0,
378,1,2027523521341,2027595457641,7,-5.18588,4,8.685e+08,1,0,
400,1,2107160760848,2108971194084,12,-21.4116,4,8.683e+08,1,0,
43,1,2063079262883,2063531872093,10,-13.3748,2,8.685e+08,1,0,
81,1,2203279883940,2204267021301,11,-18.8903,2,8.683e+08,1,0,
127,1,439515950623,439762735289,9,-6.51068,4,8.681e+08,1,0,
153,1,486916021655,488726455420,12,-9.03894,2,8.681e+08,1,0,
339,1,433500468550,433572404896,7,0,2,8.681e+08,0,1,
198,1,433705167210,434157776408,10,0,2,8.681e+08,0,1,
162,1,594633655290,596444088917,12,-18.0496,2,8.685e+08,1,0,
169,1,2273399605719,2275210039722,12,-10.7764,4,8.681e+08,1,0,
193,1,2126786825180,2127239434414,10,-16.4219,4,8.685e+08,1,0,
35,1,2092963696710,2093416305762,10,-4.32645,2,8.683e+08,1,0,
328,1,2331687598905,2333498032243,12,-18.2567,2,8.683e+08,1,0,
397,1,3359223836974,3359470621718,9,-12.3033,4,8.685e+08,1,0,
230,1,3356916656314,3358727089614,12,-6.41867,2,8.685e+08,1,0,
38,1,3154790847839,3155037632516,9,2.8131,4,8.683e+08,1,0,
372,1,435775625875,435909258584,8,-10.826,2,8.681e+08,1,0,
203,1,446117556855,447927990310,12,-4.19963,4,8.681e+08,1,0,
125,1,439777391689,439849327742,7,24.2877,4,8.685e+08,1,0,
227,1,443336198420,443582983285,9,0.644532,2,8.681e+08,1,0,
147,1,443803953089,444256562563,10,-13.4723,2,8.681e+08,1,0,
210,1,469878587426,471689020749,12,-10.1681,2,8.681e+08,1,0,
308,1,549168544299,550978977881,12,0,2,8.685e+08,0,1,
264,1,452912127378,452984064008,7,13.4383,2,8.681e+08,1,0,
223,1,450925328673,451172113521,9,0,2,8.681e+08,0,1,
55,1,451062602779,451515211714,10,0,2,8.681e+08,0,1,
161,1,455026514031,456836947925,12,0.316743,2,8.681e+08,1,0,
144,1,560378142283,562188575555,12,-10.7307,2,8.681e+08,1,0,
92,1,452653956466,454464389894,12,-7.27739,2,8.681e+08,1,0,
60,1,1883712401691,1883959186680,9,-13.2949,2,8.685e+08,1,0,
302,1,1886221804785,1888032238391,12,0,2,8.685e+08,0,1,
227,1,3142523545237,3142770330102,9,0,2,8.683e+08,0,1,
6,1,1964215864408,1966026297657,12,0,2,8.683e+08,0,1,
99,1,1770304464452,1770757073563,10,-0.878921,2,8.681e+08,1,0,
103,1,2363620104564,2364072713712,10,23.0361,2,8.683e+08,1,0,
95,1,457176368147,458986801477,12,-8.50825,2,8.681e+08,1,0,
202,1,466475884188,466722669054,9,4.15714,4,8.681e+08,1,0,
45,1,472597957754,474408391353,12,-13.0193,2,8.681e+08,1,0,
265,1,472528522991,472981132050,10,-2.53178,2,8.681e+08,1,0,
166,1,474894459562,475141244304,9,-2.63017,2,8.681e+08,1,0,
156,1,2164627450169,2164699386545,7,-6.36218,2,8.683e+08,1,0,
121,1,2164863860433,2164935796833,7,-4.36462,4,8.683e+08,1,0,
321,1,2178417807274,2180228241119,12,-13.2421,4,8.685e+08,1,0,
129,1,1927610951874,1927682888344,7,-4.38896,2,8.683e+08,1,0,
40,1,3186466614306,3186538550774,7,-1.66478,4,8.681e+08,1,0,
236,1,3184189743594,3184261679766,7,-5.87088,4,8.683e+08,1,0,
346,1,3186749023168,3187736160624,11,-16.4328,2,8.683e+08,1,0,
17,1,3442826000652,3444636434310,12,-19.516,4,8.683e+08,1,0,
386,1,2082911005379,2084721439050,12,-0.109985,4,8.685e+08,1,0,
341,1,1997274487810,1997346423978,7,20.0658,2,8.685e+08,1,0,
121,1,1824533695609,1824605632009,7,-8.3463,4,8.685e+08,1,0,
401,1,1944421583976,1944668368627,9,4.77927,2,8.685e+08,1,0,
248,1,3114329328841,3114781937864,10,-2.35355,2,8.685e+08,1,0,
57,1,574253963135,576064396745,12,-8.49689,2,8.681e+08,1,0,
56,1,481799544867,482252153878,10,-11.3594,4,8.681e+08,1,0,
388,1,480660306575,481112915346,10,-11.0268,2,8.681e+08,1,0,
152,1,489265795589,489337732047,7,28.1793,4,8.681e+08,1,0,
190,1,482800828636,482872764687,7,16.8692,4,8.681e+08,1,0,
25,1,3408552923873,3409005533357,10,0,4,8.683e+08,0,1,
264,1,2649137074202,2649209010832,7,26.3965,2,8.685e+08,1,0,
376,1,3476027867166,3477838300649,12,0,4,8.683e+08,0,1,
362,1,3487514701974,3487648334783,8,10.9812,2,8.683e+08,1,0,
346,1,3485542807792,3486529945248,11,-12.913,2,8.683e+08,1,0,
260,1,482666563747,484476997635,12,0,2,8.681e+08,0,1,
354,1,547318008961,549128442821,12,1.34885,2,8.681e+08,1,0,
100,1,502496177382,503483314843,11,-9.80682,2,8.681e+08,1,0,
84,1,494082655867,495893089538,12,-6.04175,4,8.681e+08,1,0,
377,1,2146691219320,2148501653317,12,-19.708,2,8.683e+08,1,0,
5,1,3405400986078,3405472922542,7,9.98699,2,8.683e+08,1,0,
252,1,3012193334056,3014003767566,12,-5.56776,2,8.683e+08,1,0,
280,1,2299283002349,2299735611250,10,-9.25261,2,8.683e+08,1,0,
59,1,2307147104356,2308957537527,12,-16.2701,2,8.683e+08,1,0,
222,1,3329552897081,3330540034555,11,-17.0979,4,8.683e+08,1,0,
94,1,3383043214756,3384853647975,12,-11.2881,4,8.681e+08,1,0,
173,1,2113022805414,2114833238870,12,-0.444823,4,8.681e+08,1,0,
247,1,3048637748146,3048771380757,8,-7.86507,2,8.681e+08,1,0,
392,1,3594000219001,3594452828426,10,-12.2931,2,8.685e+08,1,0,
108,1,2115785736046,2116032520805,9,-3.28567,2,8.685e+08,1,0,
387,1,665616387917,667426821270,12,0,4,8.681e+08,0,1,
255,1,500841800599,501088585429,9,-6.27187,2,8.681e+08,1,0,
255,1,1917732328410,1917979113240,9,-7.22452,2,8.683e+08,1,0,
70,1,3421596351325,3423406785135,12,-1.22494,2,8.683e+08,1,0,
172,1,2190644241175,2190716177377,7,6.6065,2,8.683e+08,1,0,
337,1,2195004325084,2196814758293,12,-17.2879,2,8.685e+08,1,0,
14,1,1849055877394,1850866311194,12,-15.748,2,8.683e+08,1,0,
40,1,3432819068041,3432891004509,7,3.32688,2,8.685e+08,1,0,
165,1,2043743550745,2045553983891,12,0,4,8.683e+08,0,1,
236,1,3219633852574,3219705788746,7,21.4396,4,8.681e+08,1,0,
228,1,1740829324491,1742639758479,12,-17.9211,2,8.683e+08,1,0,
6,1,1754683216142,1756493649391,12,0,2,8.685e+08,0,1,
193,1,516032225053,516484834287,10,-9.42598,4,8.681e+08,1,0,
340,1,523221734840,523674343788,10,0,2,8.681e+08,0,1,
128,1,676642490828,678452924995,12,-12.3425,2,8.685e+08,1,0,
35,1,580398088770,580850697822,10,-11.4642,2,8.681e+08,1,0,
324,1,599391333498,599463269992,7,-3.7493,2,8.685e+08,1,0,
44,1,518163422349,518410207312,9,15.7676,2,8.681e+08,1,0,
46,1,529502453817,529955062826,10,-4.27818,2,8.681e+08,1,0,
124,1,706757460261,708567893733,12,0,2,8.681e+08,0,1,
126,1,1836426033619,1838236467639,12,-5.61766,2,8.685e+08,1,0,
120,1,3050028288957,3050161921451,8,8.05181,4,8.681e+08,1,0,
76,1,3323420626501,3323554259085,8,-1.74196,2,8.683e+08,1,0,
114,1,3311363101352,3311609886240,9,0,2,8.683e+08,0,1,
56,1,2342638116517,2343090725528,10,-12.3638,4,8.685e+08,1,0,
42,1,2337214696817,2337286633303,7,8.25971,2,8.683e+08,1,0,
38,1,2337727614793,2337974399470,9,-1.9192,4,8.685e+08,1,0,
175,1,2109163829215,2109616438232,10,-6.45232,2,8.685e+08,1,0,
281,1,2115340271721,2115412208020,7,16.1428,4,8.681e+08,1,0,
254,1,1837665863187,1839476296201,12,-4.0368,4,8.685e+08,1,0,
359,1,1898515875324,1900326308737,12,0,4,8.683e+08,0,1,
156,1,2068031445241,2068103381617,7,4.96772,2,8.683e+08,1,0,
225,1,2363322358841,2365132791902,12,-22.3651,2,8.685e+08,1,0,
352,1,527844139806,529654573463,12,-18.695,2,8.681e+08,1,0,
283,1,664430608914,666241042565,12,5.03587,4,8.685e+08,1,0,
125,1,529446411607,529518347660,7,40.4705,4,8.685e+08,1,0,
226,1,533069556610,534879990435,12,-16.9015,4,8.681e+08,1,0,
227,1,547117701619,547364486484,9,-10.2579,2,8.681e+08,1,0,
108,1,539007088565,539253873324,9,-10.1035,2,8.681e+08,1,0,
329,1,544954424904,545201210012,9,1.97131,2,8.681e+08,1,0,
208,1,3079556473105,3079628409627,7,-6.53299,2,8.685e+08,1,0,
371,1,3549301756678,3551112190493,12,-9.87549,2,8.683e+08,1,0,
4,1,549111299249,550098436402,11,-8.54935,2,8.681e+08,1,0,
25,1,548676729211,549129338695,10,-13.3969,4,8.681e+08,1,0,
352,1,708887339816,710697773473,12,0,2,8.681e+08,0,1,
36,1,553705053776,554157662699,10,-1.07535,4,8.681e+08,1,0,
70,1,553971160666,555781594476,12,-16.0861,2,8.681e+08,1,0,
106,1,549880273358,550013905880,8,3.9684,2,8.681e+08,1,0,
149,1,550220911951,551208049096,11,0,2,8.681e+08,0,1,
361,1,646399810386,648210243959,12,-16.4781,4,8.681e+08,1,0,
357,1,1981683143965,1981755080285,7,3.28346,4,8.685e+08,1,0,
301,1,1977283998801,1977736607480,10,-8.19257,4,8.681e+08,1,0,
356,1,2976129545282,2976582154156,10,21.7305,2,8.683e+08,1,0,
99,1,1838776708570,1839229317681,10,-14.5774,2,8.681e+08,1,0,
212,1,1885530496322,1885983105103,10,-8.03862,4,8.685e+08,1,0,
13,1,2354433659647,2356244093185,12,0,2,8.683e+08,0,1,
204,1,2359759023277,2361569456708,12,0.35846,4,8.685e+08,1,0,
40,1,3155889387107,3155961323575,7,-7.64648,2,8.683e+08,1,0,
202,1,565643166503,565889951369,9,3.94804,4,8.681e+08,1,0,
51,1,559867644348,559939580637,7,5.37816,4,8.681e+08,1,0,
7,1,2167634097706,2169444531380,12,0,4,8.681e+08,0,1,
206,1,555856420626,556309029768,10,0,2,8.681e+08,0,1,
237,1,558147490794,559134627811,11,-6.12277,2,8.685e+08,1,0,
230,1,556513547755,558323981055,12,0,2,8.681e+08,0,1,
263,1,558330682540,558783291253,10,-16.1202,4,8.681e+08,1,0,
343,1,2485038505718,2486848939265,12,-19.9222,2,8.683e+08,1,0,
387,1,2440900486351,2442710919704,12,0,4,8.683e+08,0,1,
243,1,2329969911488,2330422520871,10,-13.5484,2,8.683e+08,1,0,
334,1,2438702388717,2440512822759,12,-17.9583,4,8.681e+08,1,0,
351,1,1909944434194,1910016370305,7,14.4858,2,8.685e+08,1,0,
360,1,1987945764983,1988398373844,10,5.06371,2,8.683e+08,1,0,
294,1,3057194712981,3058181850400,11,1.24754,2,8.683e+08,1,0,
300,1,2201080428322,2202067565565,11,-6.27612,2,8.683e+08,1,0,
310,1,2094954392981,2096764827128,12,-16.5175,4,8.685e+08,1,0,
247,1,2294951947340,2295085579951,8,3.81653,2,8.681e+08,1,0,
48,1,2397423203515,2399233637178,12,-5.38972,4,8.681e+08,1,0,
312,1,2293625133620,2294612270986,11,-6.14802,2,8.685e+08,1,0,
272,1,2210938413476,2211072046023,8,-5.17673,2,8.683e+08,1,0,
190,1,2228754239027,2228826175078,7,0,4,8.683e+08,0,1,
366,1,2214629683355,2214701619621,7,1.70287,4,8.683e+08,1,0,
283,1,1868824505011,1870634938662,12,10.7601,4,8.683e+08,1,0,
253,1,3437048537157,3437295321788,9,9.66908,2,8.681e+08,1,0,
3,1,3430772301270,3432582735057,12,-15.9075,4,8.685e+08,1,0,
276,1,3496233358009,3496305294285,7,35.0115,4,8.683e+08,1,0,
259,1,559083855527,559536464706,10,-11.4825,2,8.681e+08,1,0,
275,1,596351671236,598162104498,12,-18.5012,2,8.685e+08,1,0,
261,1,562328687921,562400624367,7,6.40526,2,8.685e+08,1,0,
350,1,562774129328,564584562482,12,-18.2869,2,8.681e+08,1,0,
58,1,565667156884,566119765985,10,-14.945,4,8.685e+08,1,0,
274,1,665630068169,666617205617,11,-19.2789,2,8.681e+08,1,0,
274,1,566916468159,567903605607,11,0,2,8.681e+08,0,1,
304,1,567427488080,567499424601,7,3.38339,2,8.681e+08,1,0,
354,1,728361208971,730171642831,12,0.571931,2,8.685e+08,1,0,
83,1,571427860121,571880469413,10,-15.0166,2,8.681e+08,1,0,
207,1,572956153428,573028090059,7,-5.82388,2,8.685e+08,1,0,
272,1,3223034546904,3223168179451,8,-5.20969,2,8.683e+08,1,0,
40,1,2247929225580,2248001162048,7,5.59626,2,8.685e+08,1,0,
296,1,2282525878595,2284336311893,12,-18.3803,2,8.685e+08,1,0,
168,1,570058222744,571868656118,12,-4.01614,4,8.681e+08,1,0,
3,1,581588659191,583399092978,12,-15.4957,4,8.681e+08,1,0,
68,1,573948834334,574401443645,10,-14.183,2,8.681e+08,1,0,
78,1,573619228403,574606365628,11,-10.869,2,8.681e+08,1,0,
353,1,583406089950,584393227032,11,-14.2163,2,8.681e+08,1,0,
159,1,590016559850,591826993408,12,2.49982,2,8.681e+08,1,0,
202,1,590321566513,590568351379,9,1.04555,4,8.685e+08,1,0,
106,1,584849556591,584983189113,8,0,2,8.685e+08,0,1,
341,1,811109417907,811181354075,7,3.09369,2,8.681e+08,1,0,
314,1,586485571865,586557507878,7,53.5694,2,8.685e+08,1,0,
171,1,587296962329,589107396499,12,-16.0227,2,8.681e+08,1,0,
284,1,3274511686317,3275498823279,11,-15.4601,4,8.681e+08,1,0,
19,1,3280105330492,3280352114983,9,1.12848,2,8.685e+08,1,0,
345,1,2291765239083,2293575673017,12,0,4,8.683e+08,0,1,
381,1,3293860606973,3295671040806,12,-19.4099,2,8.683e+08,1,0,
356,1,2070171068985,2070623677859,10,-2.98433,2,8.683e+08,1,0,
112,1,3350072451989,3350525060846,10,0,2,8.685e+08,0,1,
158,1,3332042682500,3332114618849,7,-8.31454,4,8.681e+08,1,0,
235,1,2263754088810,2265564522128,12,0,2,8.683e+08,0,1,
38,1,2275130483118,2275377267795,9,-12.8774,4,8.685e+08,1,0,
232,1,2265586141875,2266573278930,11,-16.5622,2,8.683e+08,1,0,
390,1,2045156069244,2045228005555,7,17.2445,2,8.683e+08,1,0,
40,1,3559928904673,3560000841141,7,13.5933,2,8.681e+08,1,0,
388,1,605992522690,606445131461,10,2.60831,2,8.681e+08,1,0,
253,1,601343248349,601590032980,9,-5.66301,2,8.681e+08,1,0,
165,1,594005279099,595815712245,12,-18.146,4,8.681e+08,1,0,
186,1,724502986773,726313420333,12,14.9675,2,8.685e+08,1,0,
77,1,2338008536813,2338255321695,9,0,4,8.683e+08,0,1,
303,1,2322298859023,2324109292396,12,12.9274,4,8.681e+08,1,0,
345,1,2472808439093,2474618873027,12,-13.0355,4,8.685e+08,1,0,
247,1,2324257939355,2324391571966,8,9.14782,2,8.683e+08,1,0,
229,1,3562360257022,3564170690528,12,0,2,8.683e+08,0,1,
47,1,3563381672335,3563628457210,9,2.0511,2,8.685e+08,1,0,
61,1,3564810364880,3564882301083,7,3.04371,2,8.683e+08,1,0,
48,1,3566717480734,3568527914397,12,7.31847,2,8.685e+08,1,0,
22,1,2040803397381,2040937029971,8,-6.44421,4,8.683e+08,1,0,
298,1,3353877513354,3355687947107,12,-2.43239,2,8.685e+08,1,0,
265,1,602508495979,602961105038,10,-12.2786,2,8.685e+08,1,0,
146,1,608916192977,610726626824,12,-13.5383,2,8.681e+08,1,0,
20,1,602446304939,604256738638,12,-15.796,2,8.681e+08,1,0,
182,1,719572455715,721382889359,12,-19.14,2,8.685e+08,1,0,
270,1,603188628010,603435413149,9,-3.86288,2,8.681e+08,1,0,
181,1,684761090315,686571523790,12,-11.844,2,8.685e+08,1,0,
52,1,615168800095,616979233697,12,-22.2597,4,8.681e+08,1,0,
30,1,616047846058,616500455314,10,-9.58473,2,8.681e+08,1,0,
6,1,659330989870,661141423119,12,-17.959,2,8.681e+08,1,0,
337,1,618458581600,620269014809,12,0,2,8.681e+08,0,1,
375,1,618640173187,618773805858,8,4.85133,4,8.681e+08,1,0,
197,1,619211971214,619664580336,10,0,2,8.685e+08,0,1,
231,1,681445015277,683255449147,12,-13.6744,2,8.681e+08,1,0,
139,1,633205522278,633339154780,8,2.72803,4,8.681e+08,1,0,
296,1,3205568901273,3207379334571,12,0,2,8.683e+08,0,1,
391,1,2327795624427,2329606057852,12,11.2474,4,8.685e+08,1,0,
104,1,2327242404582,2329052837899,12,0,2,8.683e+08,0,1,
339,1,2332158593430,2332230529776,7,8.39644,2,8.685e+08,1,0,
313,1,698965936565,700776369885,12,-12.4791,2,8.681e+08,1,0,
152,1,627786060128,627857996586,7,-5.01819,4,8.681e+08,1,0,
10,1,634663669120,635650806142,11,0,2,8.681e+08,0,1,
24,1,677547073212,679357506478,12,-5.49211,2,8.681e+08,1,0,
349,1,629645609536,631456043423,12,3.71907,2,8.681e+08,1,0,
9,1,633008990319,634819423703,12,-7.41415,4,8.681e+08,1,0,
59,1,685085060167,686895493338,12,11.6777,2,8.681e+08,1,0,
108,1,2165142536066,2165389320825,9,-0.807311,2,8.683e+08,1,0,
102,1,635596466351,636049075192,10,0,2,8.681e+08,0,1,
332,1,641119132109,642929565306,12,-19.7507,2,8.681e+08,1,0,
378,1,638084229575,638156165875,7,6.24453,4,8.681e+08,1,0,
296,1,639191874684,641002307982,12,-6.50256,2,8.681e+08,1,0,
336,1,3557375517967,3559185951503,12,-22.0053,4,8.681e+08,1,0,
33,1,1951243424506,1951315360651,7,-6.41621,4,8.683e+08,1,0,
175,1,3378341973157,3378794582174,10,-15.0566,4,8.681e+08,1,0,
314,1,3505534121115,3505606057128,7,47.6794,2,8.685e+08,1,0,
177,1,3250032496440,3251842930264,12,-8.96982,4,8.685e+08,1,0,
238,1,3153505530043,3154492667299,11,-11.557,2,8.685e+08,1,0,
363,1,2092569989179,2094380422830,12,-10.5421,4,8.685e+08,1,0,
213,1,2124902705000,2125355314116,10,0,2,8.685e+08,0,1,
222,1,2230738753121,2231725890595,11,-15.2845,4,8.683e+08,1,0,
366,1,2180749809528,2180821745794,7,1.74349,4,8.685e+08,1,0,
258,1,2188519378390,2190329811643,12,-7.34186,2,8.685e+08,1,0,
225,1,2182279158831,2184089591892,12,0,2,8.685e+08,0,1,
392,1,3377179436317,3377632045742,10,3.98447,2,8.683e+08,1,0,
51,1,3378235220194,3378307156483,7,1.20186,4,8.683e+08,1,0,
388,1,652091871361,652544480132,10,-5.71284,2,8.685e+08,1,0,
3,1,762631859201,764442292988,12,-8.29533,4,8.681e+08,1,0,
10,1,733377269130,734364406152,11,-9.27756,2,8.681e+08,1,0,
108,1,643762115723,644008900482,9,0.831406,2,8.681e+08,1,0,
76,1,642946914516,643080547100,8,-4.85744,2,8.681e+08,1,0,
147,1,646739222569,647191832043,10,-13.2062,2,8.685e+08,1,0,
166,1,652236816809,652483601551,9,-9.44459,2,8.681e+08,1,0,
110,1,648497830206,648950439206,10,-14.6168,2,8.681e+08,1,0,
300,1,702168615476,703155752719,11,-9.83296,2,8.685e+08,1,0,
157,1,648956571652,649090204038,8,10.2141,2,8.681e+08,1,0,
360,1,649463255369,649915864230,10,-9.74727,2,8.681e+08,1,0,
222,1,649170408756,650157546230,11,-14.461,4,8.685e+08,1,0,
145,1,649663233281,651473667129,12,0,2,8.681e+08,0,1,
222,1,747884008766,748871146240,11,-11.4655,4,8.685e+08,1,0,
78,1,2031546336895,2032533474120,11,-5.79515,2,8.683e+08,1,0,
37,1,3028257348962,3030067782768,12,-1.26753,2,8.683e+08,1,0,
195,1,3147118550581,3148928984347,12,-13.4526,4,8.683e+08,1,0,
346,1,3088035423158,3089022560614,11,4.00843,2,8.681e+08,1,0,
334,1,2025711393100,2027521827142,12,-5.71736,4,8.683e+08,1,0,
193,1,2443210569860,2443663179094,10,-13.7856,4,8.683e+08,1,0,
302,1,2443358090886,2445168524492,12,-8.45584,2,8.683e+08,1,0,
260,1,663709763757,665520197645,12,-22.0342,2,8.681e+08,1,0,
334,1,655129476455,656939910497,12,-12.9951,4,8.681e+08,1,0,
58,1,664272209313,664724818414,10,-11.6125,4,8.685e+08,1,0,
271,1,839363422101,841173855946,12,0,2,8.685e+08,0,1,
98,1,671443117483,673253551178,12,-15.5759,2,8.681e+08,1,0,
83,1,677456967239,677909576531,10,-10.6007,2,8.685e+08,1,0,
90,1,1851533492537,1851986101587,10,-6.9713,4,8.685e+08,1,0,
5,1,1825837693298,1825909629762,7,13.4074,2,8.685e+08,1,0,
17,1,3261782800642,3263593234300,12,-16.5089,4,8.683e+08,1,0,
104,1,3259361647965,3261172081282,12,-18.9192,2,8.685e+08,1,0,
68,1,3248945518082,3249398127393,10,-6.37887,2,8.683e+08,1,0,
56,1,2256615463098,2257068072109,10,-13.9258,4,8.685e+08,1,0,
270,1,2261618885905,2261865671044,9,2.06702,2,8.683e+08,1,0,
158,1,677698251346,677770187695,7,7.7507,2,8.681e+08,1,0,
158,1,684891851356,684963787705,7,19.4423,2,8.681e+08,1,0,
44,1,678565510046,678812295009,9,-1.32167,2,8.685e+08,1,0,
276,1,716018222727,716090159003,7,7.39941,4,8.685e+08,1,0,
287,1,823394482218,825204915642,12,-6.00973,2,8.685e+08,1,0,
254,1,679563483650,681373916664,12,-11.0984,4,8.681e+08,1,0,
120,1,790283079095,790416711589,8,-6.99519,2,8.681e+08,1,0,
392,1,684144969906,684597579331,10,0,2,8.681e+08,0,1,
64,1,858505686190,858639319252,8,-3.96731,2,8.683e+08,1,0,
371,1,687493939313,689304373128,12,-3.6584,2,8.681e+08,1,0,
360,1,694724055379,695176664240,10,-14.1752,2,8.685e+08,1,0,
167,1,1779101147852,1780088285252,11,-18.9528,2,8.685e+08,1,0,
5,1,3467019931255,3467091867719,7,18.9023,2,8.683e+08,1,0,
123,1,2089688203755,2089934988635,9,-10.8556,2,8.683e+08,1,0,
293,1,793332211063,795142644653,12,-1.85937,4,8.685e+08,1,0,
160,1,690335376139,692145809899,12,-6.87442,2,8.681e+08,1,0,
360,1,739984855389,740437464250,10,-15.7193,2,8.685e+08,1,0,
23,1,868060950941,869871384634,12,-14.7821,2,8.681e+08,1,0,
5,1,704366382844,704438319308,7,-4.78322,2,8.681e+08,1,0,
69,1,695287764681,697098197869,12,-10.7154,2,8.685e+08,1,0,
324,1,703504733110,703576669604,7,-1.71626,2,8.685e+08,1,0,
28,1,807605745320,809416178838,12,-9.84657,2,8.681e+08,1,0,
254,1,860606683660,862417116674,12,-6.62935,4,8.681e+08,1,0,
169,1,856729902804,858540336807,12,-15.3445,4,8.685e+08,1,0,
204,1,704935600756,706746034187,12,-10.2062,4,8.681e+08,1,0,
329,1,801324535801,801571320909,9,-3.30934,2,8.683e+08,1,0,
139,1,719160785334,719294417836,8,0,4,8.685e+08,0,1,
331,1,736408726287,737395863581,11,-19.328,2,8.681e+08,1,0,
379,1,1884442345276,1884894953984,10,-5.29167,2,8.685e+08,1,0,
311,1,3207817771233,3208064556162,9,0,2,8.683e+08,0,1,
395,1,733135436757,734945870221,12,-8.83481,2,8.681e+08,1,0,
155,1,3017612067775,3017858852601,9,6.51562,2,8.683e+08,1,0,
90,1,1896794292547,1897246901597,10,0.33751,4,8.683e+08,1,0,
142,1,715528178677,717338612185,12,-8.20283,2,8.681e+08,1,0,
233,1,799489708473,801300141957,12,-17.8752,2,8.685e+08,1,0,
29,1,716822539210,717069324375,9,1.05539,4,8.681e+08,1,0,
129,1,718520567077,718592503547,7,0,2,8.685e+08,0,1,
195,1,718256025022,720066458788,12,0,4,8.681e+08,0,1,
198,1,718009953545,718462562743,10,0,2,8.685e+08,0,1,
247,1,722026764721,722160397332,8,1.39845,2,8.685e+08,1,0,
6,1,3254631114156,3256441547405,12,-0.41896,2,8.683e+08,1,0,
312,1,3331092168923,3332079306289,11,-14.3266,2,8.683e+08,1,0,
285,1,2049246139074,2050233276625,11,-3.64323,2,8.685e+08,1,0,
34,1,3315115333644,3315567942710,10,-9.54422,2,8.683e+08,1,0,
219,1,1799276498870,1799729107734,10,-11.6194,2,8.685e+08,1,0,
285,1,3016234973214,3017222110765,11,-14.3353,2,8.683e+08,1,0,
281,1,3038059901146,3038131837445,7,25.2272,2,8.685e+08,1,0,
394,1,2085308570204,2085380506780,7,-2.20268,2,8.683e+08,1,0,
113,1,2088367512410,2088614297287,9,-13.0121,2,8.685e+08,1,0,
146,1,3071725275116,3073535708963,12,0,2,8.685e+08,0,1,
308,1,3377796622866,3379607056448,12,0,2,8.685e+08,0,1,
224,1,1824187135228,1825174272276,11,-14.9827,2,8.681e+08,1,0,
107,1,2975591486352,2976044095404,10,-7.8091,4,8.681e+08,1,0,
199,1,1881583299748,1883393733400,12,-2.40375,2,8.683e+08,1,0,
345,1,2110722039073,2112532473007,12,0,4,8.681e+08,0,1,
83,1,3029146682877,3029599292169,10,0.350739,2,8.685e+08,1,0,
327,1,2099346161056,2099479793812,8,0,2,8.685e+08,0,1,
296,1,2101482678585,2103293111883,12,-17.6637,2,8.681e+08,1,0,
13,1,2100341689289,2102152122827,12,-18.071,2,8.685e+08,1,0,
30,1,2545607448767,2546060058023,10,0,2,8.683e+08,0,1,
314,1,2555312876436,2555384812449,7,52.9303,2,8.683e+08,1,0,
353,1,2545284501698,2546271638780,11,0,2,8.685e+08,0,1,
179,1,725323019730,725456652206,8,7.50192,2,8.681e+08,1,0,
234,1,720701599292,721688736266,11,-5.49513,2,8.681e+08,1,0,
158,1,720943614427,721015550776,7,6.2584,2,8.685e+08,1,0,
353,1,729089769419,730076906501,11,4.40842,2,8.685e+08,1,0,
337,1,799501781610,801312214819,12,-2.9485,2,8.681e+08,1,0,
294,1,729394320815,730381458234,11,-8.00598,2,8.681e+08,1,0,
399,1,724121748817,725108886017,11,-9.59614,2,8.681e+08,1,0,
160,1,871378576149,873189009909,12,0,2,8.681e+08,0,1,
238,1,740394307085,741381444341,11,-12.3029,2,8.681e+08,1,0,
105,1,738016279389,739826712580,12,-4.5697,4,8.681e+08,1,0,
94,1,810068310579,811878743798,12,-11.011,2,8.685e+08,1,0,
72,1,743520651639,743767436517,9,2.84638,2,8.685e+08,1,0,
387,1,846659587927,848470021280,12,-15.3894,4,8.685e+08,1,0,
389,1,743481260010,743728044840,9,-1.60574,4,8.681e+08,1,0,
7,1,739942600529,741753034203,12,0.590394,4,8.685e+08,1,0,
122,1,836178701134,836312333772,8,-7.59961,2,8.681e+08,1,0,
125,1,742863762024,742935698077,7,0,4,8.683e+08,0,1,
320,1,742568819780,742702452500,8,0,4,8.681e+08,0,1,
308,1,742205783550,744016217132,12,0,2,8.685e+08,0,1,
60,1,785598199780,785844984769,9,-6.93532,2,8.681e+08,1,0,
369,1,1841565445355,1842552582917,11,0,2,8.685e+08,0,1,
38,1,1060288835433,1060535620110,9,-6.53857,4,8.681e+08,1,0,
356,1,3044851281994,3045303890868,10,-16.8048,2,8.681e+08,1,0,
338,1,799491306159,799738091220,9,-12.6392,4,8.681e+08,1,0,
233,1,2491130618809,2492941052293,12,-11.236,2,8.683e+08,1,0,
86,1,2654234838501,2656045272628,12,-5.13606,2,8.681e+08,1,0,
97,1,2515754464199,2516741601855,11,-18.679,2,8.683e+08,1,0,
209,1,2492898295252,2494708729054,12,-13.2348,2,8.685e+08,1,0,
189,1,2509454453475,2511264886979,12,-21.1284,4,8.685e+08,1,0,
344,1,2503737294020,2504189903075,10,-11.9682,4,8.681e+08,1,0,
156,1,2492957570088,2493029506464,7,1.49704,4,8.681e+08,1,0,
224,1,2566148683263,2567135820311,11,-18.3267,2,8.683e+08,1,0,
364,1,2496263965594,2496716574523,10,-5.04278,2,8.683e+08,1,0,
255,1,2499328337714,2499575122544,9,5.28416,2,8.685e+08,1,0,
79,1,2524995417823,2525448026678,10,0,4,8.685e+08,0,1,
235,1,744833690760,746644124078,12,-10.0067,2,8.681e+08,1,0,
66,1,746585558249,748395991743,12,-2.60179,2,8.681e+08,1,0,
150,1,745427463955,746414601253,11,-12.8637,4,8.681e+08,1,0,
302,1,765226108921,767036542527,12,0,2,8.681e+08,0,1,
49,1,857882035286,859692469166,12,-16.4028,2,8.681e+08,1,0,
361,1,827443010396,829253443969,12,7.41186,4,8.685e+08,1,0,
244,1,789694006372,791504440255,12,-16.4826,2,8.681e+08,1,0,
351,1,794178087286,794250023397,7,2.36762,2,8.681e+08,1,0,
48,1,758088121797,759898555460,12,-4.69347,2,8.681e+08,1,0,
260,1,844752963767,846563397655,12,-9.89416,2,8.685e+08,1,0,
323,1,760074762914,760146699247,7,11.6418,2,8.681e+08,1,0,
68,1,762202548413,762655157724,10,-8.26305,2,8.681e+08,1,0,
252,1,807275033500,809085467010,12,-7.54745,2,8.685e+08,1,0,
304,1,763288309891,763360246412,7,-3.66017,2,8.681e+08,1,0,
364,1,769792589374,770245198303,10,-12.1702,2,8.681e+08,1,0,
176,1,768850801394,769837938076,11,7.8626,2,8.685e+08,1,0,
42,1,773116653248,773188589734,7,6.6348,2,8.681e+08,1,0,
172,1,1872618872602,1872690808804,7,-2.70592,2,8.683e+08,1,0,
274,1,3535062565580,3536049703028,11,0,4,8.681e+08,0,1,
3,1,2307821015365,2309631449152,12,-15.5037,4,8.683e+08,1,0,
357,1,3252528788674,3252600724994,7,0,4,8.685e+08,0,1,
264,1,3320560752941,3320632689571,7,-2.61177,2,8.681e+08,1,0,
389,1,1805481996385,1805728781215,9,-12.773,4,8.685e+08,1,0,
79,1,2050682255281,2051134864136,10,-9.02112,4,8.685e+08,1,0,
355,1,2047429726961,2047501663445,7,-8.60596,4,8.685e+08,1,0,
124,1,3305095203137,3306905636609,12,0,4,8.681e+08,0,1,
105,1,2437279316896,2439089750087,12,-22.1289,4,8.683e+08,1,0,
247,1,2447068560393,2447202193004,8,-5.26822,2,8.683e+08,1,0,
325,1,2445611357789,2447421791573,12,-17.3625,4,8.685e+08,1,0,
128,1,2562657185905,2564467620072,12,-0.211776,2,8.683e+08,1,0,
341,1,2446528603671,2446600539839,7,10.8614,2,8.683e+08,1,0,
301,1,2441908221796,2442360830475,10,0,4,8.685e+08,0,1,
172,1,2442774525877,2442846462079,7,4.08018,2,8.685e+08,1,0,
122,1,779493536358,779627168996,8,8.82794,2,8.681e+08,1,0,
329,1,773207035432,773453820540,9,1.67748,2,8.685e+08,1,0,
138,1,774223396613,776033830313,12,-18.0924,2,8.681e+08,1,0,
59,1,866128260177,867938693348,12,-14.3142,2,8.685e+08,1,0,
55,1,780815722118,781268331053,10,-8.51335,2,8.685e+08,1,0,
397,1,785483326347,785730111091,9,-7.23677,4,8.681e+08,1,0,
137,1,802088247336,803898680663,12,0,4,8.681e+08,0,1,
219,1,800044579290,800497188154,10,-11.3924,2,8.681e+08,1,0,
335,1,791514760961,793325194436,12,-13.3153,2,8.685e+08,1,0,
115,1,1831727957128,1831974741705,9,-11.282,2,8.683e+08,1,0,
316,1,3373310743761,3375121177676,12,-0.860213,2,8.683e+08,1,0,
301,1,3381917608838,3382370217517,10,5.4288,4,8.683e+08,1,0,
388,1,2239553327568,2240005936339,10,10.5925,2,8.685e+08,1,0,
230,1,2295680132647,2297490565947,12,-21.7796,4,8.681e+08,1,0,
183,1,2240207335430,2240340968153,8,-4.55635,4,8.681e+08,1,0,
344,1,3179208843529,3179661452584,10,-0.22145,4,8.683e+08,1,0,
227,1,806189740626,806436525491,9,6.82343,2,8.685e+08,1,0,
165,1,956091679119,957902112265,12,-12.9048,4,8.685e+08,1,0,
135,1,801670726340,802657863458,11,0,2,8.681e+08,0,1,
66,1,2453975264569,2455785698063,12,-14.7591,2,8.685e+08,1,0,
360,1,2246843792793,2247296401654,10,-5.27586,2,8.683e+08,1,0,
314,1,2289024210835,2289096146848,7,35.9778,2,8.685e+08,1,0,
234,1,2290613767396,2291600904370,11,0,2,8.683e+08,0,1,
378,1,2296588290631,2296660226931,7,1.4194,4,8.683e+08,1,0,
194,1,3221401427315,3223211861233,12,0,4,8.681e+08,0,1,
178,1,3353580045218,3353826830033,9,-11.5717,2,8.683e+08,1,0,
10,1,3076434806969,3077421943991,11,0,2,8.685e+08,0,1,
390,1,3573814365636,3573886301947,7,-0.823562,4,8.681e+08,1,0,
108,1,2189820936076,2190067720835,9,6.13572,4,8.681e+08,1,0,
61,1,1833242173462,1833314109665,7,17.1922,2,8.685e+08,1,0,
196,1,2009383608584,2009836217689,10,-3.34488,2,8.685e+08,1,0,
230,1,2114636932637,2116447365937,12,-18.2071,2,8.683e+08,1,0,
158,1,3342362967868,3342434904217,7,9.85231,2,8.683e+08,1,0,
295,1,3340154624328,3341141761474,11,-10.1983,2,8.683e+08,1,0,
10,1,3342363615851,3343350752873,11,-4.99789,2,8.683e+08,1,0,
10,1,2413814498192,2414801635214,11,-10.8145,2,8.683e+08,1,0,
131,1,2394010845651,2394257630295,9,6.20938,2,8.685e+08,1,0,
56,1,2395007854527,2395460463538,10,-12.3719,4,8.683e+08,1,0,
81,1,820760024671,821747162032,11,-6.49138,2,8.681e+08,1,0,
178,1,813318647269,813565432084,9,-3.98785,2,8.685e+08,1,0,
135,1,900384326350,901371463468,11,-15.1384,2,8.681e+08,1,0,
339,1,835674714069,835746650415,7,-4.71678,2,8.685e+08,1,0,
151,1,819182153388,820992586977,12,-15.4569,2,8.681e+08,1,0,
64,1,826486600532,826620233594,8,7.06911,2,8.685e+08,1,0,
247,1,824034056320,824167688931,8,5.28742,2,8.685e+08,1,0,
365,1,835267575219,837078008717,12,-6.89835,2,8.685e+08,1,0,
71,1,1727070706550,1727204339131,8,-4.89212,4,8.685e+08,1,0,
349,1,991732009556,993542443443,12,0,2,8.685e+08,0,1,
173,1,1750936405394,1752746838850,12,-4.67287,4,8.683e+08,1,0,
133,1,829341709429,831152142857,12,0,2,8.681e+08,0,1,
256,1,833892057255,835702491052,12,5.52966,2,8.681e+08,1,0,
290,1,833472994886,833925604270,10,2.58864,2,8.685e+08,1,0,
261,1,848106663030,848178599476,7,-4.0813,2,8.685e+08,1,0,
277,1,836541888020,838352321736,12,-12.2262,4,8.681e+08,1,0,
385,1,835694586436,836147195936,10,-8.04042,2,8.685e+08,1,0,
129,1,3325544680475,3325616616945,7,7.39623,2,8.683e+08,1,0,
269,1,1895023733595,1896834167272,12,8.55688,2,8.685e+08,1,0,
347,1,1833504050036,1835314483658,12,-5.41429,2,8.683e+08,1,0,
9,1,2334461801387,2336272234771,12,-8.25691,4,8.685e+08,1,0,
36,1,2335759965462,2336212574385,10,-0.1575,4,8.683e+08,1,0,
265,1,2340992129631,2341444738690,10,-11.1159,4,8.681e+08,1,0,
88,1,876185775784,877996209545,12,-6.16507,4,8.681e+08,1,0,
172,1,839133515317,839205451519,7,10.4634,2,8.685e+08,1,0,
278,1,846085777254,847896211041,12,-20.4499,2,8.681e+08,1,0,
72,1,870107780743,870354565621,9,-7.40901,2,8.685e+08,1,0,
70,1,916057560686,917867994496,12,-18.2864,2,8.685e+08,1,0,
22,1,846119837582,846253470172,8,-5.60002,4,8.685e+08,1,0,
326,1,3501238746900,3503049180596,12,-8.05046,2,8.683e+08,1,0,
121,1,3359908207632,3359980144032,7,0.416337,4,8.683e+08,1,0,
60,1,2173096352164,2173343137153,9,-5.55171,2,8.685e+08,1,0,
48,1,2035336803495,2037147237158,12,-14.6051,2,8.683e+08,1,0,
331,1,1784758115767,1785745253061,11,-13.7754,2,8.685e+08,1,0,
82,1,3249686154301,3249932939269,9,2.40064,4,8.683e+08,1,0,
174,1,3250224670370,3250358302863,8,3.94463,4,8.681e+08,1,0,
18,1,3041078568889,3041531178419,10,-8.98514,2,8.681e+08,1,0,
283,1,851511944852,853322378503,12,-17.0472,4,8.685e+08,1,0,
393,1,854790731711,855243340895,10,-2.36909,2,8.685e+08,1,0,
333,1,864786601671,864858538174,7,3.34903,2,8.685e+08,1,0,
382,1,853850484314,854837621407,11,-3.20622,2,8.681e+08,1,0,
333,1,857593001661,857664938164,7,2.86104,2,8.681e+08,1,0,
396,1,2147204994245,2149015428295,12,-19.9,2,8.683e+08,1,0,
343,1,919687577498,921498011045,12,0,2,8.681e+08,0,1,
206,1,856383206915,856835816057,10,0,2,8.685e+08,0,1,
235,1,3400957357837,3402767791155,12,3.43501,2,8.685e+08,1,0,
357,1,3399884013096,3399955949416,7,16.1286,4,8.683e+08,1,0,
26,1,3321842087732,3323652521355,12,-7.93118,4,8.681e+08,1,0,
158,1,2155101556355,2155173492704,7,19.2676,2,8.685e+08,1,0,
18,1,2075485294819,2075937904349,10,-11.0652,2,8.683e+08,1,0,
213,1,2079641904990,2080094514106,10,-2.5582,2,8.685e+08,1,0,
276,1,2391075291737,2391147228013,7,-6.24313,4,8.683e+08,1,0,
127,1,2386024282287,2386271066953,9,5.37705,4,8.683e+08,1,0,
333,1,2390166795923,2390238732426,7,2.60811,4,8.681e+08,1,0,
73,1,859705424596,859777361149,7,-3.26326,2,8.681e+08,1,0,
261,1,869202546239,869274482685,7,7.68094,2,8.683e+08,1,0,
164,1,869370158366,869822767055,10,-5.40916,4,8.685e+08,1,0,
301,1,876473544493,876926153172,10,10.2312,4,8.681e+08,1,0,
365,1,1016310775229,1018121208727,12,0,2,8.685e+08,0,1,
303,1,878405798970,880216232343,12,-19.7676,2,8.685e+08,1,0,
28,1,988648945330,990459378848,12,-12.936,2,8.681e+08,1,0,
120,1,871992601739,872126234233,8,0,2,8.685e+08,0,1,
136,1,871957616099,873768050088,12,0,2,8.685e+08,0,1,
288,1,872681361034,873133969932,10,0,2,8.681e+08,0,1,
257,1,3140430704577,3142241138348,12,0,4,8.681e+08,0,1,
44,1,3122344184091,3122590969054,9,-4.54193,2,8.685e+08,1,0,
80,1,2048079842078,2049890275061,12,-6.2922,2,8.685e+08,1,0,
342,1,1783897306534,1785707740049,12,-7.34556,2,8.685e+08,1,0,
175,1,903809916147,904262525164,10,-15.2228,2,8.685e+08,1,0,
328,1,3250557221695,3252367655033,12,0,2,8.683e+08,0,1,
33,1,3208649211671,3208721147816,7,14.4686,4,8.683e+08,1,0,
67,1,2474501162698,2476311596263,12,0,2,8.685e+08,0,1,
114,1,2465159651877,2465406436765,9,-5.28206,2,8.683e+08,1,0,
207,1,881536355863,881608292494,7,-6.79454,2,8.685e+08,1,0,
294,1,886533292955,887520430374,11,-3.28769,2,8.685e+08,1,0,
264,1,954935448271,955007384901,7,0,2,8.681e+08,0,1,
147,1,882508090898,882960700372,10,-8.3297,2,8.685e+08,1,0,
164,1,1093387929713,1093840538402,10,10.0889,4,8.683e+08,1,0,
177,1,1039078608080,1040889041904,12,-5.5119,4,8.681e+08,1,0,
198,1,888003122661,888455731859,10,-10.875,2,8.683e+08,1,0,
366,1,889463703363,889535639629,7,9.40717,4,8.681e+08,1,0,
179,1,889726109163,889859741639,8,-0.354949,2,8.681e+08,1,0,
145,1,2148418682578,2150229116426,12,-9.92482,2,8.685e+08,1,0,
15,1,2252291363500,2254101797130,12,0,4,8.685e+08,0,1,
69,1,2267429951349,2269240384537,12,0.0934304,4,8.681e+08,1,0,
172,1,1957487703433,1957559639635,7,-1.43776,4,8.681e+08,1,0,
8,1,1950282856667,1952093290064,12,-9.3249,2,8.685e+08,1,0,
5,1,3572131246201,3572203182665,7,6.13345,4,8.681e+08,1,0,
65,1,3522599995542,3524410428938,12,-7.98344,4,8.685e+08,1,0,
74,1,2084921668759,2085055301311,8,15.6032,4,8.685e+08,1,0,
288,1,3481098938387,3481551547285,10,-10.6928,2,8.685e+08,1,0,
280,1,900091208585,900543817486,10,-0.22,2,8.685e+08,1,0,
194,1,910489060147,912299494065,12,-17.0191,4,8.685e+08,1,0,
226,1,895339138569,897149572394,12,-5.50252,4,8.685e+08,1,0,
305,1,897019715783,897266500559,9,-10.121,2,8.685e+08,1,0,
250,1,899985077801,900437687169,10,-14.863,2,8.681e+08,1,0,
187,1,899814887032,900061671710,9,-7.82809,4,8.681e+08,1,0,
48,1,939131321807,940941755470,12,0,2,8.685e+08,0,1,
292,1,900534144235,900780928881,9,-8.12558,2,8.681e+08,1,0,
187,1,924493287042,924740071720,9,-11.7512,4,8.681e+08,1,0,
281,1,909604410190,909676346489,7,-3.30759,2,8.685e+08,1,0,
125,1,903003865448,903075801501,7,44.8631,4,8.685e+08,1,0,
368,1,933937652885,935748086098,12,5.12418,2,8.685e+08,1,0,
67,1,912972734134,914783167699,12,-13.4305,2,8.681e+08,1,0,
259,1,904436082616,904888691795,10,-8.00095,2,8.681e+08,1,0,
106,1,906533942686,906667575208,8,6.73489,2,8.685e+08,1,0,
125,1,1888604753814,1888676689867,7,24.1924,4,8.683e+08,1,0,
30,1,3079857125096,3080309734352,10,-12.6682,2,8.685e+08,1,0,
100,1,1806620686977,1807607824438,11,-13.8103,2,8.685e+08,1,0,
121,1,911763899882,911835836282,7,9.42545,4,8.681e+08,1,0,
366,1,918779741675,918851677941,7,25.0269,4,8.681e+08,1,0,
297,1,928252500660,930062933911,12,-16.14,4,8.685e+08,1,0,
393,1,917877754488,918330363672,10,-15.6625,2,8.685e+08,1,0,
322,1,926368423201,928178857014,12,-12.5889,4,8.681e+08,1,0,
257,1,929908558155,931718991926,12,-18.4492,2,8.685e+08,1,0,
205,1,917988376807,919798810649,12,-7.56876,2,8.681e+08,1,0,
344,1,919641381793,920093990848,10,1.77721,4,8.685e+08,1,0,
122,1,921373371927,921507004565,8,0,2,8.685e+08,0,1,
362,1,925678973017,925812605826,8,-6.43017,2,8.681e+08,1,0,
60,1,3507240637804,3507487422793,9,-6.30298,2,8.683e+08,1,0,
360,1,3507679176808,3508131785669,10,-11.7759,2,8.681e+08,1,0,
156,1,3557349574012,3557421510388,7,2.17372,2,8.683e+08,1,0,
189,1,3141165799692,3142976233196,12,0,4,8.683e+08,0,1,
311,1,3142097002225,3142343787154,9,0,2,8.685e+08,0,1,
241,1,2250760529954,2252570963160,12,0,2,8.685e+08,0,1,
278,1,2252578181901,2254388615688,12,0,2,8.681e+08,0,1,
130,1,3339242355022,3340229491904,11,-2.43069,4,8.681e+08,1,0,
58,1,2102994129730,2103446738831,10,-1.84364,4,8.685e+08,1,0,
307,1,3050668121805,3051655258810,11,-16.4339,2,8.683e+08,1,0,
100,1,2210717345909,2211704483370,11,-12.0045,2,8.685e+08,1,0,
298,1,3534920713364,3536731147117,12,0,2,8.683e+08,0,1,
224,1,2131931862726,2132918999774,11,-6.5345,2,8.683e+08,1,0,
401,1,2064070328639,2064317113290,9,-11.5145,2,8.683e+08,1,0,
125,1,3590724829066,3590796765119,7,14.1687,4,8.681e+08,1,0,
100,1,2542059620384,2543046757845,11,-11.9336,2,8.683e+08,1,0,
4,1,2582582043609,2583569180762,11,-13.987,2,8.685e+08,1,0,
38,1,2542652872971,2542899657648,9,-5.81013,4,8.683e+08,1,0,
179,1,2542440647437,2542574279913,8,-8.03046,2,8.683e+08,1,0,
383,1,2791994924130,2793805357417,12,0.498551,2,8.683e+08,1,0,
110,1,2550951282995,2551403891995,10,1.96721,2,8.683e+08,1,0,
228,1,2542925140337,2544735574325,12,0,2,8.683e+08,0,1,
219,1,2546820056060,2547272664924,10,-9.95712,2,8.683e+08,1,0,
294,1,2543393093192,2544380230611,11,0,2,8.685e+08,0,1,
356,1,934623485882,935076094756,10,-12.2909,2,8.681e+08,1,0,
281,1,936915187355,936987123654,7,4.39208,2,8.683e+08,1,0,
127,1,935967273826,936214058492,9,-11.9647,4,8.681e+08,1,0,
118,1,1109038605672,1109491214794,10,-12.3668,2,8.685e+08,1,0,
187,1,949171687052,949418471730,9,-6.08552,4,8.685e+08,1,0,
274,1,968917523130,969904660578,11,-2.21211,2,8.685e+08,1,0,
246,1,942125272742,943935706023,12,1.90541,2,8.681e+08,1,0,
312,1,942836526335,943823663701,11,-14.7923,2,8.681e+08,1,0,
210,1,946049464237,947859897560,12,-3.04869,2,8.685e+08,1,0,
236,1,952938985826,953010921998,7,20.9971,4,8.685e+08,1,0,
119,1,949639698672,951450132348,12,0,2,8.685e+08,0,1,
2,1,949032975267,950843408523,12,0,2,8.681e+08,0,1,
299,1,951005719690,951992857179,11,-8.99708,2,8.681e+08,1,0,
150,1,951080807419,952067944717,11,-15.2092,4,8.685e+08,1,0,
159,1,951781942342,953592375900,12,-12.1581,2,8.685e+08,1,0,
173,1,1026763605354,1028574038810,12,-3.41087,4,8.685e+08,1,0,
330,1,979148844401,980959278563,12,-18.373,2,8.685e+08,1,0,
272,1,1714993271978,1715126904525,8,-3.65076,2,8.683e+08,1,0,
399,1,3231311781342,3232298918542,11,-3.57262,2,8.683e+08,1,0,
58,1,3288858595204,3289311204305,10,0.166459,4,8.681e+08,1,0,
270,1,3281495615549,3281742400688,9,-12.4132,2,8.683e+08,1,0,
379,1,3272906138389,3273358747097,10,-7.73259,2,8.683e+08,1,0,
19,1,3224938958804,3225185743295,9,-3.38524,2,8.683e+08,1,0,
209,1,3496657720961,3498468154763,12,-1.54259,2,8.683e+08,1,0,
234,1,3507722223473,3508709360447,11,-13.6602,2,8.683e+08,1,0,
239,1,3507146957444,3507599566655,10,-10.0576,2,8.685e+08,1,0,
351,1,2311702722995,2311774659106,7,14.1884,2,8.685e+08,1,0,
44,1,2320018936380,2320265721343,9,-13.7579,2,8.683e+08,1,0,
335,1,2332143256182,2333953689657,12,2.6097,4,8.681e+08,1,0,
121,1,2329103155277,2329175091677,7,23.0024,4,8.685e+08,1,0,
162,1,3111310997328,3113121430955,12,-20.3839,2,8.685e+08,1,0,
306,1,3265787425687,3266774563197,11,0,2,8.685e+08,0,1,
111,1,955884092423,957694525632,12,-4.40509,2,8.681e+08,1,0,
32,1,965621955725,967432389477,12,0,2,8.681e+08,0,1,
366,1,966238510843,966310447109,7,24.6432,4,8.685e+08,1,0,
35,1,3204630053254,3205082662306,10,7.357,4,8.681e+08,1,0,
229,1,1790200617711,1792011051217,12,-16.8136,2,8.685e+08,1,0,
139,1,2098144890326,2098278522828,8,8.63495,4,8.683e+08,1,0,
243,1,2107469818070,2107922427453,10,5.0531,2,8.685e+08,1,0,
41,1,3137609020061,3139419454010,12,-14.4549,4,8.681e+08,1,0,
16,1,974355752127,976166185594,12,-8.17895,2,8.681e+08,1,0,
294,1,985246892965,986234030384,11,-4.1597,2,8.685e+08,1,0,
104,1,969894050401,971704483718,12,-16.7908,2,8.681e+08,1,0,
399,1,1920881692851,1921868830051,11,0,2,8.683e+08,0,1,
13,1,3346201275903,3348011709441,12,2.97244,2,8.683e+08,1,0,
181,1,2130359916296,2132170349771,12,-17.0075,2,8.683e+08,1,0,
27,1,2111190733595,2112177870987,11,0,4,8.685e+08,0,1,
54,1,2119690367653,2120677505393,11,-9.05196,2,8.685e+08,1,0,
59,1,3245770254662,3247580687833,12,-4.88177,2,8.683e+08,1,0,
306,1,2000509702771,2001496840281,11,0,2,8.681e+08,0,1,
242,1,986604151729,988414585710,12,-17.2228,2,8.681e+08,1,0,
255,1,987031827010,987278611840,9,5.89657,2,8.681e+08,1,0,
303,1,1059448998980,1061259432353,12,-6.20833,2,8.685e+08,1,0,
164,1,991434018773,991886627462,10,-2.69327,4,8.683e+08,1,0,
195,1,994224701874,996035135640,12,-19.8108,4,8.681e+08,1,0,
332,1,1003205532129,1005015965326,12,-19.2932,2,8.685e+08,1,0,
79,1,997656054106,998108662961,10,0,4,8.681e+08,0,1,
72,1,995164541060,995411325938,9,-5.16504,2,8.683e+08,1,0,
19,1,1000272689351,1000519473842,9,-12.6234,2,8.685e+08,1,0,
395,1,1923086630780,1924897064244,12,0,2,8.685e+08,0,1,
115,1,3385826916061,3386073700638,9,-4.4938,2,8.681e+08,1,0,
139,1,1963502643947,1963636276449,8,-10.7681,4,8.683e+08,1,0,
346,1,1965260183456,1966247320912,11,0,2,8.683e+08,0,1,
396,1,1018826298467,1020636732517,12,-14.0884,2,8.681e+08,1,0,
326,1,1016118281077,1017928714773,12,0,2,8.681e+08,0,1,
115,1,1013452245399,1013699029976,9,-12.1036,2,8.685e+08,1,0,
28,1,3000487669412,3002298102930,12,-19.0133,4,8.681e+08,1,0,
307,1,1883923908380,1884911045385,11,-9.96558,2,8.685e+08,1,0,
71,1,1013973249934,1014106882515,8,1.17325,4,8.681e+08,1,0,
50,1,3112771408494,3114581842049,12,-10.7188,4,8.681e+08,1,0,
99,1,2125090352153,2125542961264,10,0,2,8.685e+08,0,1,
292,1,999245597033,999492381679,9,-1.33871,2,8.681e+08,1,0,
198,1,1301876175365,1302328784563,10,1.07144,2,8.685e+08,1,0,
228,1,1001088048881,1002898482869,12,-3.44707,2,8.681e+08,1,0,
312,1,1041550126345,1042537263711,11,9.47852,2,8.681e+08,1,0,
140,1,3030189600350,3032000033999,12,-15.3892,4,8.683e+08,1,0,
384,1,3544702404239,3545155013235,10,-11.4671,4,8.681e+08,1,0,
74,1,3544071632089,3544205264641,8,2.48369,4,8.685e+08,1,0,
361,1,3549973750556,3551784184129,12,-18.8346,4,8.681e+08,1,0,
323,1,1763390275942,1763462212275,7,8.2863,2,8.685e+08,1,0,
173,1,1931979605404,1933790038860,12,-0.947738,4,8.683e+08,1,0,
215,1,2323033624903,2323167257565,8,-2.97427,2,8.683e+08,1,0,
185,1,3584048664440,3585859098025,12,-17.2889,2,8.685e+08,1,0,
304,1,2288786404575,2288858341096,7,0.416169,4,8.681e+08,1,0,
168,1,2289910922253,2291721355627,12,0,4,8.683e+08,0,1,
116,1,2027826326888,2028278935969,10,-16.6658,2,8.683e+08,1,0,
21,1,2066861338249,2067848476024,11,-9.79661,2,8.685e+08,1,0,
196,1,2065598103606,2066050712711,10,-15.2993,2,8.685e+08,1,0,
6,1,2233799175880,2235609609129,12,0,2,8.685e+08,0,1,
89,1,2241964229089,2242211013984,9,1.60092,2,8.683e+08,1,0,
77,1,2313330136803,2313576921685,9,13.804,4,8.685e+08,1,0,
387,1,2259857286341,2261667719694,12,-12.7603,4,8.685e+08,1,0,
89,1,2266642629099,2266889413994,9,-13.5715,2,8.685e+08,1,0,
25,1,3363292123863,3363744733347,10,-6.61055,4,8.681e+08,1,0,
78,1,2506752598013,2507739735238,11,0,2,8.683e+08,0,1,
215,1,2504823882694,2504957515356,8,6.34118,2,8.683e+08,1,0,
357,1,2505601311484,2505673247804,7,-6.14032,4,8.683e+08,1,0,
190,1,2511541385267,2511613321318,7,15.3421,4,8.683e+08,1,0,
229,1,2507466226403,2509276659909,12,0,2,8.683e+08,0,1,
204,1,2540802223287,2542612656718,12,-6.08101,4,8.683e+08,1,0,
327,1,2517023840202,2517157472958,8,0.792252,2,8.685e+08,1,0,
298,1,1009877986827,1011688420580,12,-14.1086,2,8.685e+08,1,0,
60,1,1021326875092,1021573660081,9,0.0456246,2,8.685e+08,1,0,
253,1,1945408895840,1945655680471,9,-5.38856,2,8.683e+08,1,0,
366,1,2961611728047,2961683664313,7,34.6538,4,8.683e+08,1,0,
106,1,1882627804316,1882761436838,8,-2.66368,2,8.683e+08,1,0,
147,1,1884106490833,1884559100307,10,-4.15477,4,8.681e+08,1,0,
122,1,3343255720769,3343389353407,8,-4.78133,2,8.683e+08,1,0,
148,1,3382968123160,3383955260289,11,-10.2113,2,8.683e+08,1,0,
332,1,1892978980999,1894789414196,12,-3.45126,2,8.685e+08,1,0,
45,1,2012710585470,2014521019069,12,0,2,8.683e+08,0,1,
13,1,1850799016688,1852609450226,12,-20.0426,2,8.685e+08,1,0,
39,1,1022664894912,1024475328063,12,-17.1036,2,8.681e+08,1,0,
399,1,1022793396500,1023780533700,11,-6.53551,2,8.685e+08,1,0,
53,1,1041440533891,1043250967641,12,-4.18754,4,8.685e+08,1,0,
319,1,1024510073721,1025497211114,11,-13.6344,2,8.681e+08,1,0,
272,1,1035342447207,1035476079754,8,0,2,8.685e+08,0,1,
157,1,1026779437050,1026913069436,8,3.32146,2,8.685e+08,1,0,
207,1,1025772409859,1025844346490,7,0.360993,2,8.683e+08,1,0,
265,1,1026716264636,1027168873695,10,-7.10864,2,8.685e+08,1,0,
143,1,1028200868300,1030011302280,12,0,2,8.685e+08,0,1,
265,1,2118850387869,2119302996928,10,-1.96828,2,8.683e+08,1,0,
358,1,1031810422096,1032057207031,9,-9.63147,2,8.681e+08,1,0,
283,1,1034806774094,1036617207745,12,0,4,8.683e+08,0,1,
189,1,1031601358417,1033411791921,12,-19.3827,4,8.681e+08,1,0,
233,1,1893053938506,1894864371990,12,-14.9813,2,8.683e+08,1,0,
178,1,2110589621797,2110836406612,9,-3.16345,2,8.683e+08,1,0,
280,1,2029910806616,2030363415517,10,0,2,8.685e+08,0,1,
302,1,3377412368257,3379222801863,12,0,4,8.681e+08,0,1,
355,1,3379995192227,3380067128711,7,0,4,8.683e+08,0,1,
269,1,2370748819984,2372559253661,12,0,2,8.685e+08,0,1,
306,1,1712450896993,1713438034503,11,-16.0094,2,8.681e+08,1,0,
401,1,1035381639530,1035628424181,9,0,2,8.685e+08,0,1,
3,1,1035864827890,1037675261677,12,0,4,8.685e+08,0,1,
291,1,1035942450435,1036929587885,11,0,2,8.685e+08,0,1,
223,1,1063284000338,1063530785186,9,0,2,8.681e+08,0,1,
281,1,1036138976771,1036210913070,7,0,2,8.685e+08,0,1,
393,1,3080295692877,3080748302061,10,-6.11119,2,8.683e+08,1,0,
85,1,3536718981605,3536965766186,9,0,2,8.685e+08,0,1,
304,1,2058369696612,2058441633133,7,0,2,8.685e+08,0,1,
335,1,1045028071828,1046838505303,12,-0.997176,2,8.685e+08,1,0,
164,1,1048127129703,1048579738392,10,-8.55162,4,8.685e+08,1,0,
110,1,1041538472163,1041991081163,10,-6.20967,2,8.681e+08,1,0,
148,1,1043210885043,1044198022172,11,8.99278,2,8.685e+08,1,0,
255,1,1043295481381,1043542266211,9,-4.32399,2,8.685e+08,1,0,
339,1,1069355598150,1069427534496,7,-1.40657,2,8.685e+08,1,0,
263,1,1047718107585,1048170716298,10,-1.63393,4,8.685e+08,1,0,
314,1,1064666483032,1064738419045,7,47.7222,2,8.685e+08,1,0,
201,1,1048372391319,1048825000319,10,-15.6216,2,8.681e+08,1,0,
46,1,1054062570199,1054515179208,10,-3.75279,2,8.685e+08,1,0,
302,1,1127312508941,1129122942547,12,-21.9037,2,8.685e+08,1,0,
398,1,1054550773298,1056361206759,12,-21.0124,4,8.685e+08,1,0,
343,1,2303995305708,2305805739255,12,0,2,8.685e+08,0,1,
169,1,2454442805729,2456253239732,12,-7.18724,4,8.683e+08,1,0,
393,1,3330789972633,3331242581817,10,-6.31766,4,8.681e+08,1,0,
271,1,1829947613619,1831758047464,12,-1.03519,2,8.683e+08,1,0,
77,1,1770902771088,1771149555970,9,-0.529723,4,8.685e+08,1,0,
205,1,3491069589565,3492880023407,12,0,4,8.681e+08,0,1,
161,1,2525623373441,2527433807335,12,0,2,8.685e+08,0,1,
271,1,2449420925895,2451231359740,12,-22.1386,2,8.683e+08,1,0,
94,1,2578500304943,2580310738162,12,-14.6744,2,8.683e+08,1,0,
246,1,2462230501970,2464040935251,12,-11.2357,2,8.683e+08,1,0,
225,1,2544365558851,2546175991912,12,0,2,8.683e+08,0,1,
386,1,2626040605409,2627851039080,12,0,4,8.683e+08,0,1,
180,1,2556041332750,2557851766886,12,23.0253,2,8.683e+08,1,0,
384,1,2454447189152,2454899798148,10,4.57394,2,8.685e+08,1,0,
130,1,2539710885824,2540698022706,11,-8.34094,2,8.683e+08,1,0,
69,1,1061915706270,1063726139458,12,0,2,8.685e+08,0,1,
77,1,1061350320910,1061597105792,9,-7.62329,4,8.685e+08,1,0,
245,1,1063449190840,1065259624254,12,0,2,8.681e+08,0,1,
328,1,1073547309830,1075357743168,12,-22.3111,2,8.681e+08,1,0,
162,1,1821759203741,1823569637368,12,-12.1862,2,8.683e+08,1,0,
265,1,1791052457828,1791505066887,10,-2.44336,2,8.683e+08,1,0,
333,1,2198908016806,2198979953309,7,-8.78453,2,8.683e+08,1,0,
51,1,1900986268899,1901058205188,7,6.9977,4,8.685e+08,1,0,
303,1,1900779205425,1902589638798,12,-0.829314,2,8.683e+08,1,0,
382,1,2152880920145,2153868057238,11,0,2,8.685e+08,0,1,
357,1,1825947428675,1826019364995,7,-1.91293,4,8.685e+08,1,0,
150,1,2066615812467,2067602949765,11,-11.4024,4,8.683e+08,1,0,
292,1,3476938117847,3477184902493,9,0,2,8.685e+08,0,1,
212,1,1930791296332,1931243905113,10,-11.1574,4,8.685e+08,1,0,
390,1,1066397252989,1066469189300,7,9.09125,2,8.685e+08,1,0,
110,1,1086799272173,1087251881173,10,-1.32358,2,8.685e+08,1,0,
72,1,1067576757439,1067823542317,9,-14.2834,2,8.685e+08,1,0,
154,1,1120420321734,1121407459039,11,-0.0185386,2,8.681e+08,1,0,
362,1,1071761808002,1071895440811,8,2.04108,2,8.681e+08,1,0,
227,1,1071265343346,1071512128211,9,-7.05334,2,8.685e+08,1,0,
375,1,1213360534227,1213494166898,8,4.23134,4,8.685e+08,1,0,
349,1,1172775209566,1174585643453,12,11.9838,2,8.685e+08,1,0,
159,1,1132825142352,1134635575910,12,-6.73761,2,8.685e+08,1,0,
234,1,1178889051895,1179876188869,11,1.37741,2,8.685e+08,1,0,
256,1,1195978457275,1197788891072,12,-18.9725,2,8.685e+08,1,0,
66,1,1078122983684,1079933417178,12,9.82294,2,8.681e+08,1,0,
401,1,1078976554231,1079223338882,9,-8.28384,2,8.685e+08,1,0,
133,1,1080080993449,1081891426877,12,-17.0989,2,8.681e+08,1,0,
234,1,1080175451885,1081162588859,11,0.416398,2,8.685e+08,1,0,
250,1,1083747101212,1084199710580,10,0.792619,2,8.685e+08,1,0,
337,1,1099544458929,1101354892138,12,-17.519,2,8.685e+08,1,0,
76,1,1087890010569,1088023643153,8,12.5562,2,8.685e+08,1,0,
104,1,1150937250411,1152747683728,12,-15.3439,2,8.681e+08,1,0,
160,1,1233464976169,1235275409929,12,0,2,8.685e+08,0,1,
136,1,1095368976841,1097179410830,12,0,2,8.685e+08,0,1,
72,1,1096170698261,1096417483139,9,0,2,8.683e+08,0,1,
44,1,1095950240823,1096197025786,9,0,2,8.685e+08,0,1,
284,1,1097925797173,1098912934135,11,-0.513763,2,8.681e+08,1,0,
4,1,1100064842072,1101051979225,11,-9.56688,2,8.685e+08,1,0,
181,1,1102160243179,1103970676654,12,-15.2157,2,8.683e+08,1,0,
282,1,1220919394547,1222729828380,12,0,4,8.685e+08,0,1,
213,1,1843817826973,1844270436089,10,-15.6334,2,8.681e+08,1,0,
323,1,1133658089917,1133730026250,7,-6.86706,2,8.681e+08,1,0,
372,1,1134614910253,1134748542962,8,-3.81834,2,8.685e+08,1,0,
172,1,1135510339963,1135582276165,7,29.4758,2,8.683e+08,1,0,
354,1,2012795923931,2014606357791,12,0,4,8.681e+08,0,1,
269,1,1144204267736,1146014701413,12,-18.1939,2,8.681e+08,1,0,
44,1,1135120109005,1135366893968,9,0.886598,2,8.683e+08,1,0,
265,1,1741788933789,1742241542848,10,-3.07393,2,8.685e+08,1,0,
16,1,1155398952137,1157209385604,12,13.6876,2,8.685e+08,1,0,
176,1,3043839312962,3044826449644,11,-6.63049,4,8.681e+08,1,0,
90,1,3591803564909,3592256173959,10,2.60834,4,8.681e+08,1,0,
153,1,1240683612311,1242494046076,12,0,2,8.685e+08,0,1,
371,1,1198497658057,1200308091872,12,-17.0231,2,8.685e+08,1,0,
57,1,1105071191190,1106881624800,12,-8.45743,2,8.685e+08,1,0,
101,1,1109305926377,1110293063418,11,-16.9276,2,8.681e+08,1,0,
23,1,1110105076462,1111915510155,12,-6.72638,2,8.685e+08,1,0,
242,1,1203263579053,1205074013034,12,-21.2685,2,8.685e+08,1,0,
394,1,1115868249801,1115940186377,7,-9.2982,2,8.685e+08,1,0,
174,1,1109923702654,1110057335147,8,-6.89461,4,8.681e+08,1,0,
12,1,1110742838054,1110876470713,8,6.06177,2,8.681e+08,1,0,
260,1,1115634222585,1117444656473,12,-12.342,2,8.685e+08,1,0,
10,1,1118940251324,1119927388346,11,-3.31152,2,8.685e+08,1,0,
379,1,1119046935501,1119499544209,10,2.76712,2,8.681e+08,1,0,
52,1,1110987004065,1112797437667,12,0,4,8.681e+08,0,1,
131,1,1111972922921,1112219707565,9,0,2,8.681e+08,0,1,
176,1,1792163454216,1793150590898,11,-10.5345,2,8.683e+08,1,0,
9,1,1918478993600,1920289426984,12,-7.42456,4,8.685e+08,1,0,
392,1,2249500384636,2249952994061,10,-3.40951,4,8.681e+08,1,0,
397,1,2208173552037,2208420336781,9,-10.7095,4,8.683e+08,1,0,
314,1,2204502813234,2204574749247,7,29.1315,2,8.683e+08,1,0,
155,1,3504525584918,3504772369744,9,0,2,8.683e+08,0,1,
184,1,1955242657420,1957053091359,12,-22.0309,2,8.681e+08,1,0,
187,1,2675828442684,2676075227362,9,1.44032,4,8.685e+08,1,0,
52,1,2521610323742,2523420757344,12,-3.68239,4,8.685e+08,1,0,
133,1,2519402833174,2521213266602,12,-15.7687,2,8.685e+08,1,0,
372,1,2521088993359,2521222626068,8,-8.51692,2,8.683e+08,1,0,
116,1,2520295044251,2520747653332,10,-5.23236,2,8.685e+08,1,0,
343,1,3079827781620,3081638215167,12,-22.4033,2,8.685e+08,1,0,
329,1,1119091902555,1119338687663,9,-7.40404,2,8.685e+08,1,0,
290,1,1119940513962,1120393123346,10,-12.4749,2,8.685e+08,1,0,
333,1,1131666723122,1131738659625,7,7.29213,2,8.683e+08,1,0,
141,1,1121725905221,1122713043148,11,-12.3048,2,8.681e+08,1,0,
394,1,1123061849811,1123133786387,7,-3.11745,2,8.685e+08,1,0,
185,1,1126267414824,1128077848409,12,-1.07281,2,8.681e+08,1,0,
286,1,1129033020262,1130020157847,11,2.97832,2,8.681e+08,1,0,
321,1,1135885980107,1137696413952,12,-10.8336,4,8.681e+08,1,0,
112,1,1138084916820,1138537525677,10,4.77357,2,8.681e+08,1,0,
270,1,1142583971638,1142830756777,9,-3.51231,2,8.685e+08,1,0,
309,1,1140969706251,1142780139836,12,-19.2448,2,8.685e+08,1,0,
313,1,3089246379262,3091056812582,12,-11.4835,2,8.683e+08,1,0,
276,1,1725856531717,1725928467993,7,-9.3912,4,8.685e+08,1,0,
65,1,2476939675213,2478750108609,12,-1.47487,4,8.685e+08,1,0,
4,1,2483868443599,2484855580752,11,-17.2841,2,8.683e+08,1,0,
156,1,1144644150746,1144716087122,7,8.54644,2,8.685e+08,1,0,
233,1,1146551179344,1148361612828,12,-22.0158,2,8.685e+08,1,0,
302,1,1308355708951,1310166142557,12,-22.3049,2,8.683e+08,1,0,
392,1,1175615041147,1176067650572,10,-8.49504,2,8.683e+08,1,0,
156,1,1152422087427,1152494023803,7,-8.01633,2,8.685e+08,1,0,
396,1,1199869498477,1201679932527,12,-12.4638,2,8.681e+08,1,0,
31,1,1219487998684,1220475136151,11,-12.0051,4,8.685e+08,1,0,
273,1,1160854989846,1161101774676,9,2.60806,2,8.681e+08,1,0,
316,1,1165883868452,1167694302367,12,-11.0707,2,8.685e+08,1,0,
241,1,1313726254582,1315536687788,12,1.20194,2,8.681e+08,1,0,
197,1,1166119715356,1166572324478,10,-6.82031,2,8.683e+08,1,0,
250,1,1169458124942,1169910734310,10,-7.90315,2,8.685e+08,1,0,
283,1,1215849974104,1217660407755,12,1.83763,4,8.685e+08,1,0,
120,1,1171992899724,1172126532218,8,16.6647,2,8.685e+08,1,0,
272,1,1169985544796,1170119177343,8,-0.0648795,2,8.685e+08,1,0,
26,1,1266414246041,1268224679664,12,-5.50783,4,8.685e+08,1,0,
180,1,1175889382689,1177699816825,12,0.0264596,2,8.681e+08,1,0,
135,1,1182895566836,1183882703954,11,-13.2102,2,8.685e+08,1,0,
32,1,1327708355745,1329518789497,12,0,2,8.685e+08,0,1,
148,1,1185517143462,1186504280591,11,-13.5246,2,8.685e+08,1,0,
173,1,1207806805364,1209617238820,12,0,4,8.685e+08,0,1,
380,1,1190401340603,1191388477754,11,-17.4257,2,8.681e+08,1,0,
115,1,1194535673446,1194782458023,9,25.3267,2,8.683e+08,1,0,
215,1,1195306211998,1195439844660,8,2.41875,2,8.685e+08,1,0,
287,1,1194809508294,1196619941718,12,-19.4894,2,8.685e+08,1,0,
11,1,1203936255009,1204388863966,10,-13.2762,4,8.681e+08,1,0,
227,1,1201765886254,1202012671119,9,-9.98663,2,8.683e+08,1,0,
69,1,1724300351319,1726110784507,12,-2.80348,2,8.685e+08,1,0,
221,1,1204722965301,1205710102572,11,0,2,8.681e+08,0,1,
247,1,1218002514851,1218136147462,8,-4.0282,2,8.683e+08,1,0,
82,1,1206038759506,1206285544474,9,-9.51953,4,8.685e+08,1,0,
361,1,1213114778639,1214925212212,12,-16.474,4,8.685e+08,1,0,
65,1,1206467215749,1208277649145,12,-8.72436,4,8.681e+08,1,0,
375,1,1226723734237,1226857366908,8,2.65299,4,8.683e+08,1,0,
237,1,2332974801676,2333961938693,11,-3.79309,2,8.683e+08,1,0,
192,1,2333406942458,2335217376283,12,-8.61626,2,8.685e+08,1,0,
196,1,2353484794322,2353937403427,10,0,2,8.683e+08,0,1,
158,1,2334264951312,2334336887661,7,5.42321,2,8.683e+08,1,0,
263,1,2336718514818,2337171123531,10,-3.63875,4,8.683e+08,1,0,
288,1,3301844481667,3302297090565,10,-6.2877,2,8.683e+08,1,0,
310,1,1210506863913,1212317298060,12,-19.7411,4,8.685e+08,1,0,
179,1,1213637352002,1213770984478,8,2.12953,2,8.685e+08,1,0,
48,1,1206901010710,1208711444373,12,0,2,8.685e+08,0,1,
108,1,2982754243293,2983001028052,9,-5.35127,2,8.685e+08,1,0,
33,1,3369850219447,3369922155592,7,23.5782,4,8.681e+08,1,0,
344,1,1216975904744,1217428513799,10,-15.1775,4,8.683e+08,1,0,
390,1,1218145787877,1218217724188,7,11.7225,2,8.685e+08,1,0,
61,1,1221311436640,1221383372843,7,16.027,2,8.681e+08,1,0,
62,1,1234028272381,1235015409199,11,0,4,8.681e+08,0,1,
10,1,1220719983425,1221707120447,11,-5.35657,2,8.685e+08,1,0,
230,1,1380162065591,1381972498891,12,-3.64542,2,8.683e+08,1,0,
340,1,1222842766642,1223295375590,10,0,2,8.685e+08,0,1,
205,1,1226266079680,1228076513522,12,-14.3008,2,8.681e+08,1,0,
202,1,1226859250720,1227106035586,9,-10.0993,4,8.685e+08,1,0,
218,1,3573675172593,3575485606158,12,0,4,8.681e+08,0,1,
172,1,3578009437581,3578081373783,7,10.4581,2,8.685e+08,1,0,
236,1,2233640175142,2233712111314,7,-6.17194,4,8.683e+08,1,0,
398,1,2237232215038,2239042648499,12,-11.4013,4,8.685e+08,1,0,
378,1,3303474222928,3303546159228,7,14.2108,4,8.681e+08,1,0,
226,1,1302492891411,1304303325236,12,-7.74152,4,8.683e+08,1,0,
236,1,1232911564336,1232983500508,7,3.36186,4,8.685e+08,1,0,
242,1,1384306779063,1386117213044,12,-21.7596,2,8.685e+08,1,0,
13,1,1237049423751,1238859857289,12,-18.2973,2,8.681e+08,1,0,
249,1,3482561111167,3484371544934,12,3.51388,2,8.683e+08,1,0,
253,1,2192323658253,2192570442884,9,6.92554,2,8.683e+08,1,0,
153,1,2199217050740,2201027484505,12,-2.22085,2,8.685e+08,1,0,
105,1,3434452436864,3436262870055,12,0,4,8.683e+08,0,1,
96,1,3366686672995,3366933457991,9,-13.6391,2,8.685e+08,1,0,
120,1,3363929939009,3364063571503,8,3.97357,2,8.683e+08,1,0,
247,1,1237572745593,1237706378204,8,-4.92822,2,8.683e+08,1,0,
373,1,1238739112979,1240549546701,12,-11.5609,2,8.685e+08,1,0,
114,1,1250353359546,1250600144434,9,10.9183,2,8.685e+08,1,0,
22,1,1240881254097,1241014886687,8,-2.27461,4,8.685e+08,1,0,
110,1,1244809070141,1245261679141,10,-10.4987,2,8.685e+08,1,0,
118,1,1242339805404,1242792414526,10,-11.8015,2,8.685e+08,1,0,
238,1,1244487563424,1245474700680,11,-0.788314,2,8.685e+08,1,0,
16,1,1336442152147,1338252585614,12,4.33517,2,8.685e+08,1,0,
171,1,1897640605507,1899451039677,12,0,2,8.685e+08,0,1,
325,1,3121361589366,3123172023150,12,-11.9366,4,8.683e+08,1,0,
83,1,1905568471419,1906021080711,10,-5.14828,2,8.685e+08,1,0,
75,1,3045757251231,3047567684370,12,0,2,8.683e+08,0,1,
23,1,2515064980071,2516875413764,12,0.96927,2,8.683e+08,1,0,
202,1,2346451591708,2346698376574,9,-0.795623,4,8.683e+08,1,0,
193,1,2351337948209,2351790557443,10,-14.8985,4,8.683e+08,1,0,
323,1,2346715429165,2346787365498,7,-6.20326,2,8.683e+08,1,0,
81,1,2996960396779,2997947534140,11,-18.1517,2,8.683e+08,1,0,
149,1,3570116729706,3571103866851,11,-10.0594,2,8.683e+08,1,0,
353,1,1246431556407,1247418693489,11,-19.2025,2,8.683e+08,1,0,
18,1,1754158940474,1754611550004,10,-12.1184,2,8.683e+08,1,0,
275,1,1402600600722,1404411033984,12,4.90077,2,8.685e+08,1,0,
11,1,1249197055019,1249649663976,10,-10.8105,4,8.681e+08,1,0,
174,1,1368199086904,1368332719397,8,-10.3792,4,8.685e+08,1,0,
40,1,1254192903307,1254264839775,7,5.30491,2,8.685e+08,1,0,
17,1,1254807489619,1256617923277,12,-13.3667,4,8.681e+08,1,0,
186,1,2004893157092,2006703590652,12,-20.3033,2,8.683e+08,1,0,
190,1,1897722800403,1897794736454,7,12.2068,4,8.685e+08,1,0,
276,1,2284767789665,2284839725941,7,11.6892,4,8.683e+08,1,0,
38,1,2299808883128,2300055667805,9,7.45238,4,8.683e+08,1,0,
85,1,2129642565506,2129889350087,9,6.69598,2,8.685e+08,1,0,
21,1,2165574938259,2166562076034,11,8.7095,2,8.685e+08,1,0,
361,1,1800668525145,1802478958718,12,-16.4698,4,8.683e+08,1,0,
303,1,3009865863474,3011676296847,12,-5.06039,2,8.685e+08,1,0,
139,1,3392560374028,3392694006530,8,1.39522,4,8.683e+08,1,0,
340,1,3394544061221,3394996670169,10,0,2,8.683e+08,0,1,
6,1,1362773511589,1364583944838,12,-0.722884,2,8.685e+08,1,0,
195,1,1264229436755,1266039870521,12,-15.691,4,8.685e+08,1,0,
84,1,1998733949191,2000544382862,12,0,4,8.683e+08,0,1,
353,1,1955601060120,1956588197202,11,-16.3406,2,8.683e+08,1,0,
155,1,1932220441960,1932467226786,9,-9.39856,2,8.683e+08,1,0,
43,1,3121869612443,3122322221653,10,-11.9566,2,8.683e+08,1,0,
212,1,2010179072361,2010631681142,10,-5.47005,4,8.683e+08,1,0,
52,1,1934527939754,1936338373356,12,0,4,8.683e+08,0,1,
19,1,2424925399581,2425172184072,9,9.90134,2,8.685e+08,1,0,
13,1,2535476859657,2537287293195,12,-19.2635,2,8.685e+08,1,0,
290,1,2428808463821,2429261073205,10,-13.263,2,8.683e+08,1,0,
214,1,2430375515006,2432185948759,12,-20.8689,2,8.685e+08,1,0,
147,1,2452277893171,2452730502645,10,-9.43651,2,8.683e+08,1,0,
324,1,2428264039745,2428335976239,7,9.32471,2,8.683e+08,1,0,
130,1,3074266016818,3075253153700,11,-12.1862,2,8.683e+08,1,0,
10,1,1319433583435,1320420720457,11,7.59135,2,8.683e+08,1,0,
397,1,1265640821616,1265887606360,9,4.57697,4,8.683e+08,1,0,
285,1,1267083094142,1268070231693,11,-17.8331,2,8.681e+08,1,0,
246,1,1355585661935,1357396095216,12,-17.586,2,8.685e+08,1,0,
139,1,1268610823777,1268744456279,8,7.91028,4,8.683e+08,1,0,
158,1,1381886105025,1381958041374,7,9.27573,2,8.683e+08,1,0,
365,1,1277892375949,1279702809447,12,0.37053,2,8.683e+08,1,0,
68,1,1278712783133,1279165392444,10,-0.424438,2,8.685e+08,1,0,
78,1,1277492516339,1278479653564,11,-9.49408,2,8.685e+08,1,0,
292,1,1277692257679,1277939042325,9,-12.7538,2,8.685e+08,1,0,
232,1,1272835290065,1273822427120,11,-12.4869,2,8.681e+08,1,0,
154,1,1269864150371,1270851287676,11,0,2,8.685e+08,0,1,
392,1,1271393883162,1271846492587,10,-5.13692,2,8.685e+08,1,0,
377,1,3257189809364,3259000243361,12,-11.2173,2,8.683e+08,1,0,
315,1,2014646547395,2016456980510,12,-5.4561,2,8.683e+08,1,0,
30,1,2187029936812,2187482546068,10,-16.6461,2,8.685e+08,1,0,
250,1,2187352243874,2187804853242,10,-10.5377,2,8.683e+08,1,0,
39,1,3061251298007,3063061731158,12,0,2,8.683e+08,0,1,
214,1,3190613057462,3192423491215,12,-21.4081,2,8.683e+08,1,0,
134,1,2414234215191,2416044648906,12,3.3135,2,8.685e+08,1,0,
44,1,2424495194693,2424741979656,9,-11.6249,2,8.685e+08,1,0,
91,1,2424739202351,2426549635964,12,0,4,8.685e+08,0,1,
279,1,2523760964247,2525571397940,12,0,2,8.683e+08,0,1,
176,1,2420086059288,2421073195970,11,-6.00272,2,8.683e+08,1,0,
195,1,2422945750541,2424756184307,12,-0.608031,4,8.685e+08,1,0,
261,1,1278997008724,1279068945170,7,-1.83261,2,8.683e+08,1,0,
260,1,1296677422595,1298487856483,12,-5.73929,2,8.683e+08,1,0,
172,1,1280842887205,1280914823407,7,18.856,2,8.685e+08,1,0,
147,1,1291036132395,1291488741869,10,-12.0621,2,8.683e+08,1,0,
91,1,1281016867741,1282827301354,12,-4.80981,4,8.681e+08,1,0,
107,1,1731365701475,1731818310527,10,-16.0039,2,8.685e+08,1,0,
72,1,1714043298337,1714290083215,9,2.41731,4,8.681e+08,1,0,
347,1,1283349126415,1285159560037,12,0,2,8.685e+08,0,1,
108,1,1714175735644,1714422520403,9,-7.89386,2,8.685e+08,1,0,
303,1,1284668140595,1286478573968,12,0,2,8.683e+08,0,1,
151,1,2150256352233,2152066785822,12,-13.1691,2,8.685e+08,1,0,
341,1,2177097793384,2177169729552,7,27.3687,2,8.683e+08,1,0,
301,1,2149700974698,2150153583377,10,-8.36059,4,8.685e+08,1,0,
335,1,2151100056172,2152910489647,12,0,2,8.683e+08,0,1,
223,1,1793007793051,1793254577899,9,-6.67647,2,8.683e+08,1,0,
225,1,1860214828739,1862025261800,12,-0.0213004,2,8.681e+08,1,0,
293,1,3333572735251,3335383168841,12,-12.5535,4,8.683e+08,1,0,
253,1,3321364499288,3321611283919,9,-2.54796,2,8.685e+08,1,0,
324,1,1291982496389,1292054432883,7,0.051011,2,8.685e+08,1,0,
315,1,1290473747355,1292284180470,12,4.39436,2,8.681e+08,1,0,
109,1,1294398517618,1296208951629,12,-15.0063,2,8.685e+08,1,0,
287,1,1375852708304,1377663141728,12,0,2,8.683e+08,0,1,
341,1,1296464767779,1296536703947,7,-1.2439,2,8.681e+08,1,0,
112,1,1298994730849,1299447339706,10,2.36958,2,8.685e+08,1,0,
146,1,1333088993017,1334899426864,12,-16.9068,2,8.683e+08,1,0,
166,1,1309427679130,1309674463872,9,-9.69038,2,8.685e+08,1,0,
25,1,1454148277494,1454600886978,10,-16.3066,4,8.683e+08,1,0,
10,1,1418147183445,1419134320467,11,1.1488,2,8.685e+08,1,0,
160,1,3072098394458,3073908828218,12,0,2,8.683e+08,0,1,
173,1,1388850005374,1390660438830,12,16.552,4,8.683e+08,1,0,
118,1,3118957170163,3119409779285,10,-10.8144,2,8.683e+08,1,0,
180,1,1356932582699,1358743016835,12,-17.0653,2,8.685e+08,1,0,
73,1,1934327724568,1934399661121,7,3.31194,2,8.683e+08,1,0,
324,1,1335859379622,1335931316116,7,-7.51092,2,8.683e+08,1,0,
217,1,1454128053464,1455938486587,12,-20.3603,4,8.681e+08,1,0,
366,1,1313709105516,1313781041782,7,3.68297,4,8.685e+08,1,0,
328,1,1313095535514,1314905968852,12,-16.6347,2,8.685e+08,1,0,
316,1,1346927068462,1348737502377,12,-18.637,2,8.683e+08,1,0,
47,1,1315262979931,1315509764806,9,-3.33398,2,8.685e+08,1,0,
272,1,1320922421318,1321056053865,8,15.5796,2,8.683e+08,1,0,
104,1,1331980450421,1333790883738,12,-18.3342,2,8.685e+08,1,0,
96,1,1331073034924,1331319819920,9,-6.30913,2,8.681e+08,1,0,
82,1,1325668229371,1325915014339,9,-2.5273,4,8.683e+08,1,0,
262,1,1321959577397,1322412186377,10,-7.89511,2,8.681e+08,1,0,
39,1,1466675663256,1468486096407,12,-12.6889,2,8.685e+08,1,0,
215,1,1325963082494,1326096715156,8,1.35802,2,8.685e+08,1,0,
72,1,1326319408086,1326566192964,9,1.9458,2,8.683e+08,1,0,
236,1,1327337459827,1327409395999,7,1.62502,4,8.683e+08,1,0,
241,1,1494769454592,1496579887798,12,0,2,8.685e+08,0,1,
351,1,1823390873366,1823462809477,7,30.7275,2,8.681e+08,1,0,
308,1,3172224328646,3174034762228,12,-15.748,2,8.683e+08,1,0,
144,1,3090013997229,3091824430501,12,0,2,8.683e+08,0,1,
117,1,3083259589529,3085070023081,12,-8.63029,2,8.685e+08,1,0,
131,1,3092732817514,3092979602158,9,-4.01533,2,8.683e+08,1,0,
166,1,3106738552401,3106985337143,9,-8.28485,2,8.683e+08,1,0,
80,1,3184597299815,3186407732798,12,-8.48488,2,8.683e+08,1,0,
129,1,2552850840873,2552922777343,7,3.42706,4,8.681e+08,1,0,
207,1,2410699745838,2410771682469,7,-2.94751,2,8.683e+08,1,0,
185,1,2400349415005,2402159848590,12,0,2,8.685e+08,0,1,
168,1,2470954122263,2472764555637,12,-15.3037,4,8.685e+08,1,0,
187,1,3184692311775,3184939096453,9,2.20268,4,8.683e+08,1,0,
378,1,1338371129036,1338443065336,7,3.13738,4,8.685e+08,1,0,
190,1,1345060225256,1345132161307,7,27.5627,4,8.681e+08,1,0,
267,1,1357402073954,1357535706602,8,-10.5065,2,8.685e+08,1,0,
140,1,1348516185653,1350326619302,12,-12.7261,4,8.681e+08,1,0,
115,1,1977976568366,1978223352943,9,6.33646,4,8.681e+08,1,0,
71,1,1981414163093,1981547795674,8,4.1305,4,8.685e+08,1,0,
107,1,1932162149388,1932614758440,10,-8.80324,2,8.685e+08,1,0,
326,1,1882203975163,1884014408859,12,-13.02,2,8.685e+08,1,0,
176,1,1943879786765,1944866923447,11,0.397874,2,8.685e+08,1,0,
50,1,2405208592376,2407019025931,12,-8.19916,2,8.685e+08,1,0,
92,1,2396400759898,2398211193326,12,0,2,8.685e+08,0,1,
89,1,3038614608122,3038861393017,9,-6.75595,2,8.683e+08,1,0,
94,1,2397457104933,2399267538152,12,-13.6714,2,8.683e+08,1,0,
21,1,2462051903337,2463039041112,11,-12.3825,2,8.685e+08,1,0,
120,1,2399714441751,2399848074245,8,-10.0101,2,8.683e+08,1,0,
366,1,2407865294949,2407937231215,7,25.9578,4,8.683e+08,1,0,
314,1,3587052654790,3587124590803,7,0,2,8.683e+08,0,1,
77,1,3460412329634,3460659114516,9,-8.5511,4,8.683e+08,1,0,
344,1,1356441286487,1356893895542,10,-10.8844,4,8.685e+08,1,0,
232,1,1371548890075,1372536027130,11,-5.66884,2,8.685e+08,1,0,
394,1,1352590288712,1352662225288,7,0,2,8.683e+08,0,1,
36,1,2158194304959,2158646913882,10,-14.8975,4,8.685e+08,1,0,
152,1,2123313912090,2123385848548,7,-0.240691,4,8.685e+08,1,0,
65,1,2125901395991,2127711829387,12,-20.9669,4,8.685e+08,1,0,
2,1,2179072345819,2180882779075,12,5.22442,2,8.683e+08,1,0,
373,1,1419782312989,1421592746711,12,-3.50171,2,8.683e+08,1,0,
91,1,1462060067751,1463870501364,12,-15.595,4,8.685e+08,1,0,
25,1,1355688616083,1356141225567,10,-13.586,4,8.685e+08,1,0,
385,1,1973789841711,1974242451211,10,0.424668,2,8.685e+08,1,0,
149,1,2340632409594,2341619546739,11,-12.716,2,8.685e+08,1,0,
196,1,2282081166310,2282533775415,10,-0.612289,2,8.685e+08,1,0,
8,1,2312369256687,2314179690084,12,-6.96144,2,8.685e+08,1,0,
390,1,2184852760041,2184924696352,7,-8.67432,2,8.683e+08,1,0,
53,1,3181599654604,3183410088354,12,0,4,8.683e+08,0,1,
55,1,3254700793104,3255153402039,10,-16.4941,2,8.683e+08,1,0,
19,1,3414676019007,3414922803498,9,19.8613,2,8.683e+08,1,0,
259,1,1358094705027,1358547314206,10,-13.6284,2,8.685e+08,1,0,
218,1,1358787701173,1360598134738,12,-0.346847,2,8.681e+08,1,0,
96,1,1357855984990,1358102769986,9,9.90081,2,8.681e+08,1,0,
101,1,1404549337246,1405536474287,11,-12.9169,2,8.685e+08,1,0,
177,1,1360967533532,1362777967356,12,-13.3448,4,8.685e+08,1,0,
349,1,1534861609586,1536672043473,12,-21.655,2,8.685e+08,1,0,
288,1,1364777798433,1365230407331,10,0,2,8.681e+08,0,1,
380,1,1368731463442,1369718600593,11,6.62229,2,8.681e+08,1,0,
202,1,3236036877349,3236283662215,9,3.08408,4,8.683e+08,1,0,
32,1,3347875479691,3349685913443,12,-11.5222,2,8.681e+08,1,0,
365,1,3292388230929,3294198664427,12,-17.7404,2,8.683e+08,1,0,
383,1,3514350718757,3516161152044,12,-12.6389,2,8.683e+08,1,0,
190,1,3517584099884,3517656035935,7,25.3803,4,8.681e+08,1,0,
46,1,2250176889115,2250629498124,10,-0.0152732,2,8.683e+08,1,0,
308,1,1375968958287,1377779391869,12,0,2,8.685e+08,0,1,
385,1,1367823466969,1368276076469,10,-14.3365,2,8.683e+08,1,0,
315,1,1471516947365,1473327380480,12,-9.14332,2,8.681e+08,1,0,
218,1,1539830901183,1541641334748,12,-13.1322,2,8.685e+08,1,0,
46,1,1372256881911,1372709490920,10,-10.0004,2,8.683e+08,1,0,
73,1,1374681753999,1374753690552,7,3.97226,2,8.685e+08,1,0,
92,1,1380751909729,1382562343157,12,-15.6608,2,8.685e+08,1,0,
223,1,1381734092021,1381980876869,9,-9.85574,2,8.685e+08,1,0,
304,1,1375974329420,1376046265941,7,7.38538,2,8.685e+08,1,0,
29,1,1375168092187,1375414877352,9,-9.03545,4,8.685e+08,1,0,
254,1,1475579463167,1477389896181,12,9.1635,4,8.685e+08,1,0,
261,1,1376084077949,1376156014395,7,-0.169646,2,8.683e+08,1,0,
149,1,1379295312714,1380282449859,11,-12.0002,2,8.685e+08,1,0,
388,1,3404391049219,3404843657990,10,8.60025,2,8.683e+08,1,0,
60,1,3426743908180,3426990693169,9,-7.73457,4,8.681e+08,1,0,
380,1,2986634743491,2987621880642,11,-18.7774,2,8.683e+08,1,0,
43,1,3048302698567,3048755307777,10,3.2348,2,8.683e+08,1,0,
206,1,3063525446958,3063978056100,10,-7.1747,2,8.683e+08,1,0,
356,1,2024910268975,2025362877849,10,-7.54835,2,8.683e+08,1,0,
174,1,1381943340438,1382076972931,8,-2.1024,4,8.685e+08,1,0,
309,1,1584179285304,1585989718889,12,-5.66122,2,8.685e+08,1,0,
68,1,1383502751367,1383955360678,10,-11.7817,2,8.685e+08,1,0,
84,1,1398223556327,1400033989998,12,-19.8903,4,8.683e+08,1,0,
354,1,1386768066816,1388578500676,12,-3.83679,2,8.685e+08,1,0,
319,1,1398079423903,1399066561296,11,-14.2674,2,8.685e+08,1,0,
49,1,1392194894078,1394005327958,12,0,2,8.685e+08,0,1,
260,1,1477720622605,1479531056493,12,0,2,8.685e+08,0,1,
12,1,1392950018949,1393083651608,8,0,2,8.685e+08,0,1,
353,1,1396348905710,1397336042792,11,-19.2203,2,8.685e+08,1,0,
369,1,1397738926346,1398726063908,11,9.86894,2,8.681e+08,1,0,
270,1,1396611098725,1396857883864,9,-10.6776,2,8.685e+08,1,0,
262,1,1805231923422,1805684532402,10,-14.6499,2,8.683e+08,1,0,
190,1,3589768915063,3589840851114,7,48.8568,4,8.683e+08,1,0,
28,1,2019756163039,2021566596557,12,0.574708,2,8.683e+08,1,0,
389,1,2368291017128,2368537801958,9,-10.2888,4,8.683e+08,1,0,
87,1,2367636955814,2369447389323,12,-16.2427,4,8.683e+08,1,0,
149,1,2439346009604,2440333146749,11,-16.5812,2,8.683e+08,1,0,
284,1,2369140388907,2370127525869,11,-13.6554,2,8.685e+08,1,0,
173,1,1569893205384,1571703638840,12,-14.5819,4,8.685e+08,1,0,
183,1,1561620674675,1561754307398,8,0.212815,2,8.683e+08,1,0,
54,1,1412251373859,1413238511599,11,-1.65813,2,8.681e+08,1,0,
192,1,1402714450975,1404524884800,12,-22.1082,2,8.681e+08,1,0,
157,1,1404679659567,1404813291953,8,-3.07835,2,8.685e+08,1,0,
142,1,1410709554575,1412519988083,12,-9.01608,2,8.681e+08,1,0,
263,1,2015033732563,2015486341276,10,-4.8464,4,8.685e+08,1,0,
264,1,1437785402804,1437857339434,7,0.529328,2,8.685e+08,1,0,
382,1,1442891788562,1443878925655,11,-10.3254,2,8.681e+08,1,0,
281,1,1437935568127,1438007504426,7,2.11517,2,8.683e+08,1,0,
51,1,3074092762530,3074164698819,7,11.6202,4,8.685e+08,1,0,
388,1,1586708261819,1587160870590,10,3.16556,2,8.683e+08,1,0,
148,1,1419882599912,1420869737041,11,-17.6058,2,8.683e+08,1,0,
333,1,1416955953170,1417027889673,7,-9.45399,2,8.685e+08,1,0,
44,1,1419828666617,1420075451580,9,-5.79193,2,8.683e+08,1,0,
157,1,1418137725747,1418271358133,8,-2.7569,2,8.683e+08,1,0,
340,1,1423431275997,1423883884945,10,-2.31113,2,8.685e+08,1,0,
352,1,1422492783022,1424303216679,12,-14.8958,2,8.685e+08,1,0,
298,1,1453383687967,1455194121720,12,-19.838,2,8.685e+08,1,0,
74,1,1429794643009,1429928275561,8,25.5953,4,8.685e+08,1,0,
185,1,1488353814844,1490164248429,12,-14.0809,2,8.685e+08,1,0,
320,1,1424180782734,1424314415454,8,-8.14175,4,8.685e+08,1,0,
386,1,1428790926375,1430601360046,12,-10.8612,4,8.681e+08,1,0,
22,1,1424049191595,1424182824185,8,-6.00647,4,8.683e+08,1,0,
365,1,1458935575959,1460746009457,12,-16.7492,2,8.685e+08,1,0,
338,1,1425393402952,1425640188013,9,-11.9479,4,8.685e+08,1,0,
18,1,1431605681298,1432058290828,10,-4.21228,2,8.683e+08,1,0,
332,1,1426085897281,1427896330478,12,0,2,8.683e+08,0,1,
194,1,1426720418318,1428530852236,12,0,4,8.685e+08,0,1,
159,1,3254873976375,3256684409933,12,0.344239,2,8.685e+08,1,0,
24,1,2998947466560,3000757899826,12,2.72252,2,8.683e+08,1,0,
40,1,2969037577621,2969109514089,7,-5.98382,2,8.683e+08,1,0,
104,1,3544677477240,3546487910557,12,-11.4198,2,8.683e+08,1,0,
77,1,3542256256402,3542503041284,9,6.07736,4,8.681e+08,1,0,
84,1,2408151474103,2409961907774,12,-13.0016,4,8.683e+08,1,0,
328,1,2512730798915,2514541232253,12,-16.768,2,8.685e+08,1,0,
74,1,2409736550307,2409870182859,8,-6.80145,4,8.683e+08,1,0,
320,1,2414742802480,2414876435200,8,-7.23892,4,8.683e+08,1,0,
141,1,1434857765898,1435844903825,11,-13.1534,2,8.685e+08,1,0,
23,1,1433191212077,1435001645770,12,-7.3681,2,8.685e+08,1,0,
242,1,1565349979073,1567160413054,12,0,2,8.683e+08,0,1,
400,1,1560767422498,1562577855734,12,-21.5035,4,8.685e+08,1,0,
90,1,1437319280079,1437771889129,10,-5.93448,4,8.683e+08,1,0,
292,1,1451723132081,1451969916727,9,7.88945,2,8.685e+08,1,0,
347,1,1464392326425,1466202760047,12,-17.682,2,8.685e+08,1,0,
124,1,1440091484596,1441901918068,12,0,2,8.685e+08,0,1,
29,1,3347547195326,3347793980491,9,-6.69801,4,8.685e+08,1,0,
212,1,2055439872371,2055892481152,10,-5.92168,4,8.685e+08,1,0,
299,1,1452303708500,1453290845989,11,-19.3184,2,8.681e+08,1,0,
362,1,1444464297640,1444597930449,8,-0.635192,2,8.685e+08,1,0,
113,1,1445599032513,1445845817390,9,-6.12241,2,8.685e+08,1,0,
220,1,1536069544761,1537879978844,12,-19.6985,4,8.683e+08,1,0,
87,1,1457258957007,1459069390516,12,0,4,8.681e+08,0,1,
171,1,1462327465319,1464137899489,12,-11.6884,2,8.681e+08,1,0,
129,1,1455488851744,1455560788214,7,7.53336,2,8.683e+08,1,0,
267,1,1456859174146,1456992806794,8,0,2,8.683e+08,0,1,
155,1,2305727036475,2305973821301,9,0,2,8.685e+08,0,1,
233,1,3131285123282,3133095556766,12,3.47197,4,8.681e+08,1,0,
87,1,2000388557037,2002198990546,12,0,4,8.685e+08,0,1,
148,1,2106316528317,2107303665446,11,-12.4406,2,8.683e+08,1,0,
53,1,1868661645242,1870472078992,12,-7.53169,4,8.685e+08,1,0,
237,1,1866181172749,1867168309766,11,0,4,8.681e+08,0,1,
367,1,1811162214189,1812972648287,12,-8.23988,2,8.685e+08,1,0,
212,1,1462563602731,1463016211512,10,-8.65037,4,8.681e+08,1,0,
116,1,1470199576443,1470652185524,10,-15.4727,2,8.681e+08,1,0,
129,1,1467289408499,1467361344969,7,-6.18689,2,8.685e+08,1,0,
215,1,1469947107084,1470080739746,8,-10.133,2,8.683e+08,1,0,
380,1,1600970328534,1601957465685,11,-2.33963,2,8.685e+08,1,0,
245,1,1468744289870,1470554723284,12,-18.8518,2,8.681e+08,1,0,
284,1,1474314883962,1475302020924,11,-9.68434,2,8.685e+08,1,0,
356,1,1470713343576,1471165952450,10,-8.5367,2,8.685e+08,1,0,
335,1,1471323472089,1473133905564,12,-4.86627,2,8.683e+08,1,0,
81,1,1481431490320,1482418627681,11,-17.3453,2,8.685e+08,1,0,
206,1,1650844671488,1651297280630,10,-16.8727,2,8.683e+08,1,0,
52,1,1482396250744,1484206684346,12,-15.9225,4,8.685e+08,1,0,
24,1,2249287351475,2251097784741,12,9.40698,2,8.683e+08,1,0,
285,1,3454177962092,3455165099643,11,-17.3267,4,8.681e+08,1,0,
197,1,1482757981833,1483210590955,10,-16.3108,2,8.685e+08,1,0,
32,1,1508751555755,1510561989507,12,-21.9017,2,8.683e+08,1,0,
368,1,1647664276639,1649474709852,12,0,2,8.683e+08,0,1,
210,1,1486652357053,1488462790376,12,-7.37385,2,8.683e+08,1,0,
124,1,1621134684606,1622945118078,12,-4.86299,2,8.683e+08,1,0,
273,1,1507425313520,1507672098350,9,-0.782684,2,8.685e+08,1,0,
62,1,1491123799371,1492110936189,11,-11.6302,4,8.681e+08,1,0,
187,1,1492484168025,1492730952703,9,-3.71568,4,8.685e+08,1,0,
344,1,2121698230561,2122150839616,10,9.92637,4,8.683e+08,1,0,
231,1,1493452534551,1495262968421,12,0,2,8.685e+08,0,1,
156,1,1496433059614,1496504995990,7,-7.49808,2,8.683e+08,1,0,
254,1,1656622663177,1658433096191,12,4.80118,4,8.683e+08,1,0,
170,1,1498116631122,1499927064902,12,-8.20808,2,8.685e+08,1,0,
178,1,1972947407367,1973194192182,9,-10.6117,2,8.683e+08,1,0,
130,1,2117738416636,2118725553518,11,-8.40163,2,8.681e+08,1,0,
399,1,2019595292861,2020582430061,11,-2.03885,2,8.685e+08,1,0,
325,1,2036241935233,2038052369017,12,-3.59447,4,8.685e+08,1,0,
276,1,1816092409552,1816164345828,7,25.1076,4,8.683e+08,1,0,
146,1,2303106966348,2304917400195,12,-16.2409,4,8.681e+08,1,0,
164,1,2302793929312,2303246538001,10,10.0329,4,8.683e+08,1,0,
190,1,1820089582681,1820161518732,7,0,4,8.685e+08,0,1,
367,1,3092011613359,3093822047457,12,0,2,8.685e+08,0,1,
108,1,3097971804385,3098218589144,9,6.89784,2,8.683e+08,1,0,
2,1,3464960890949,3466771324205,12,-22.44,2,8.683e+08,1,0,
196,1,3466398215956,3466850825061,10,-5.44946,2,8.685e+08,1,0,
41,1,3499695420081,3501505854030,12,-17.6977,2,8.685e+08,1,0,
253,1,3492850295818,3493097080449,9,-6.58746,2,8.683e+08,1,0,
166,1,1507030241899,1507277026641,9,-7.08012,2,8.685e+08,1,0,
346,1,1508570406977,1509557544433,11,-12.7861,2,8.685e+08,1,0,
176,1,1636253630677,1637240767359,11,-0.508849,2,8.685e+08,1,0,
307,1,1507350452179,1508337589184,11,-14.4074,2,8.681e+08,1,0,
179,1,1515800626882,1515934259358,8,13.7713,2,8.685e+08,1,0,
326,1,1520117575143,1521928008839,12,-9.85689,2,8.681e+08,1,0,
265,1,1510555644202,1511008253261,10,-2.15944,2,8.683e+08,1,0,
205,1,1518058746886,1519869180728,12,-0.0486595,2,8.685e+08,1,0,
24,1,1579037193704,1580847626970,12,0,2,8.685e+08,0,1,
108,1,1518496771561,1518743556320,9,-2.01001,2,8.685e+08,1,0,
96,1,1519008461798,1519255246794,9,-13.3151,2,8.685e+08,1,0,
226,1,1521896471512,1523706905337,12,-12.5117,4,8.685e+08,1,0,
264,1,1522553010461,1522624947091,7,-7.29425,2,8.683e+08,1,0,
251,1,1528190096565,1530000529945,12,-1.84705,2,8.685e+08,1,0,
149,1,1525136063810,1526123200955,11,0,2,8.685e+08,0,1,
347,1,2123360627206,2125171060828,12,0,2,8.685e+08,0,1,
131,1,1539991755715,1540238540359,9,5.02772,2,8.685e+08,1,0,
115,1,1526986049345,1527232833922,9,-6.90825,2,8.685e+08,1,0,
98,1,1539992670129,1541803103824,12,-21.1947,2,8.681e+08,1,0,
301,1,3254024524372,3254477133051,10,-5.79819,4,8.683e+08,1,0,
165,1,3228263586537,3230074019683,12,-14.7231,4,8.683e+08,1,0,
275,1,1583643800732,1585454233994,12,-12.1148,2,8.683e+08,1,0,
373,1,1600825512999,1602635946721,12,-6.57416,2,8.685e+08,1,0,
74,1,1530036231011,1530169863563,8,15.8954,4,8.683e+08,1,0,
299,1,1551017308510,1552004445999,11,-12.9972,2,8.685e+08,1,0,
133,1,1566527711934,1568338145362,12,-13.7407,2,8.685e+08,1,0,
227,1,1566372393249,1566619178114,9,-6.36037,2,8.685e+08,1,0,
237,1,1565906833376,1566893970393,11,-16.6824,2,8.685e+08,1,0,
253,1,1570423986462,1570670771093,9,-8.17821,2,8.685e+08,1,0,
123,1,2374514912872,2374761697752,9,-1.35676,4,8.681e+08,1,0,
190,1,2377028840065,2377100776116,7,39.0561,4,8.685e+08,1,0,
120,1,2385135120825,2385268753319,8,-1.02951,2,8.683e+08,1,0,
273,1,2389202646059,2389449430889,9,-6.97621,2,8.685e+08,1,0,
266,1,2401014551074,2402824984783,12,0,2,8.683e+08,0,1,
137,1,2377781585895,2379592019222,12,-15.7101,4,8.685e+08,1,0,
307,1,2386326032536,2387313169541,11,4.46466,2,8.683e+08,1,0,
250,1,2380992772827,2381445382195,10,-5.98703,2,8.685e+08,1,0,
70,1,3015990256664,3017800690474,12,-19.4327,2,8.683e+08,1,0,
132,1,1557475671428,1559286104877,12,-6.49011,2,8.685e+08,1,0,
330,1,1543163941143,1544974375305,12,-13.4108,2,8.685e+08,1,0,
263,1,1550373481810,1550826090523,10,2.47095,4,8.685e+08,1,0,
262,1,1548976618895,1549429227875,10,-7.43776,2,8.681e+08,1,0,
253,1,1545745586452,1545992371083,9,-10.6658,2,8.683e+08,1,0,
143,1,1550828077528,1552638511508,12,-15.6618,2,8.685e+08,1,0,
239,1,1550480653579,1550933262790,10,2.66904,2,8.681e+08,1,0,
341,1,1551984099987,1552056036155,7,3.40691,2,8.685e+08,1,0,
142,1,1591752754585,1593563188093,12,-14.542,2,8.685e+08,1,0,
162,1,1552282229913,1554092663540,12,0,2,8.685e+08,0,1,
211,1,1554172447256,1555159584708,11,-9.43277,4,8.685e+08,1,0,
81,1,3443254442725,3444241580086,11,5.09532,2,8.685e+08,1,0,
193,1,3579400861384,3579853470618,10,-9.69028,4,8.685e+08,1,0,
264,1,3304526567746,3304598504376,7,3.3506,2,8.683e+08,1,0,
175,1,3269634298278,3270086907295,10,-1.19272,2,8.683e+08,1,0,
103,1,3266533334784,3266985943932,10,0,2,8.683e+08,0,1,
164,1,3406235504548,3406688113237,10,-6.04811,4,8.685e+08,1,0,
358,1,1557962372424,1558209157359,9,11.3809,2,8.681e+08,1,0,
344,1,1560570046150,1561022655205,10,-14.0657,4,8.683e+08,1,0,
356,1,1558808341367,1559260950241,10,-12.8749,2,8.683e+08,1,0,
300,1,1562459127828,1563446265071,11,-7.60565,2,8.685e+08,1,0,
352,1,1603535983032,1605346416689,12,-11.7169,2,8.685e+08,1,0,
38,1,1569923120210,1570169904887,9,-3.52254,4,8.685e+08,1,0,
250,1,1564393181607,1564845790975,10,0,2,8.683e+08,0,1,
116,1,1567087245429,1567539854510,10,-8.91699,2,8.681e+08,1,0,
29,1,3414148741283,3414395526448,9,-10.4992,4,8.683e+08,1,0,
89,1,3414639243131,3414886028026,9,6.26556,4,8.681e+08,1,0,
400,1,1926117560838,1927927994074,12,15.2553,4,8.685e+08,1,0,
190,1,3055620717968,3055692654019,7,32.9765,4,8.683e+08,1,0,
342,1,1572295273325,1574105706840,12,-8.87094,2,8.683e+08,1,0,
89,1,1577011254654,1577258039549,9,-1.85721,2,8.685e+08,1,0,
303,1,1646754540615,1648564973988,12,0,2,8.683e+08,0,1,
177,1,1576002184700,1577812618524,12,-22.279,4,8.685e+08,1,0,
389,1,1584571419640,1584818204470,9,-11.7493,4,8.683e+08,1,0,
165,1,1581283678789,1583094111935,12,-0.610747,4,8.685e+08,1,0,
307,1,1606064052189,1607051189194,11,-13.8058,2,8.681e+08,1,0,
350,1,1586553533418,1588363966572,12,-9.93092,2,8.681e+08,1,0,
263,1,1595634281820,1596086890533,10,-16.1601,4,8.683e+08,1,0,
340,1,1591846232491,1592298841439,10,-1.86133,2,8.683e+08,1,0,
212,1,1594764433102,1595217041883,10,-16.4573,4,8.681e+08,1,0,
291,1,1624652087691,1625639225141,11,0.58841,2,8.683e+08,1,0,
98,1,1721035870139,1722846303834,12,-7.28729,2,8.685e+08,1,0,
202,1,1613131761852,1613378546718,9,1.13707,4,8.683e+08,1,0,
200,1,1595969041624,1597779475583,12,0,2,8.683e+08,0,1,
235,1,1607142152823,1608952586141,12,-1.54085,2,8.683e+08,1,0,
326,1,1701160775153,1702971208849,12,-5.16745,2,8.685e+08,1,0,
201,1,1607164476526,1607617085526,10,-6.90881,2,8.685e+08,1,0,
175,1,1606463029580,1606915638597,10,-8.67174,2,8.685e+08,1,0,
33,1,1611547666401,1611619602546,7,24.3755,4,8.681e+08,1,0,
262,1,1620260207020,1620712816000,10,-13.8755,2,8.685e+08,1,0,
78,1,1609609064100,1610596201325,11,2.24042,2,8.683e+08,1,0,
367,1,1630119014179,1631929448277,12,0,2,8.683e+08,0,1,
61,1,1619843892193,1619915828396,7,-3.33505,2,8.685e+08,1,0,
157,1,1752049290088,1752182922474,8,-8.06897,2,8.683e+08,1,0,
178,1,1618041699041,1618288483856,9,2.29346,2,8.685e+08,1,0,
337,1,1618975435285,1620785868494,12,-9.10916,2,8.685e+08,1,0,
73,1,1622804131223,1622876067776,7,11.4339,2,8.685e+08,1,0,
397,1,1628793496431,1629040281175,9,-11.4833,4,8.685e+08,1,0,
264,1,1623428829968,1623500766598,7,-5.412,2,8.685e+08,1,0,
272,1,1626662497461,1626796130008,8,-8.84967,2,8.683e+08,1,0,
217,1,1816214453484,1818024886607,12,4.50564,4,8.685e+08,1,0,
246,1,1625954446982,1627764880263,12,0.423753,2,8.685e+08,1,0,
201,1,1679659831262,1680112440262,10,6.66685,2,8.683e+08,1,0,
277,1,1636325803082,1638136236798,12,-13.1117,4,8.685e+08,1,0,
175,1,1651723829590,1652176438607,10,-2.10921,2,8.683e+08,1,0,
380,1,1699683928544,1700671065695,11,-9.53105,2,8.685e+08,1,0,
47,1,1638144203937,1638390988812,9,-4.86275,2,8.685e+08,1,0,
114,1,1641577220987,1641824005875,9,5.42434,2,8.683e+08,1,0,
55,1,1638474726557,1638927335492,10,-14.0945,2,8.685e+08,1,0,
5,1,1640037864395,1640109800859,7,-5.46918,2,8.685e+08,1,0,
103,1,1641287090831,1641739699979,10,-4.31757,2,8.685e+08,1,0,
216,1,1640235914800,1642046348189,12,-3.81847,2,8.685e+08,1,0,
237,1,1664620433386,1665607570403,11,1.40558,2,8.683e+08,1,0,
245,1,1830830689890,1832641123304,12,-14.9805,2,8.685e+08,1,0,
14,1,1646488177905,1648298611705,12,0,2,8.685e+08,0,1,
26,1,1644220473424,1646030907047,12,-4.83597,4,8.685e+08,1,0,
118,1,1646154614544,1646607223666,10,-12.5977,2,8.683e+08,1,0,
89,1,1870967748854,1871214533749,9,-11.1977,2,8.685e+08,1,0,
135,1,1854989934717,1855977071835,11,0,2,8.685e+08,0,1,
363,1,1648574809879,1650385243530,12,-8.92308,4,8.681e+08,1,0,
170,1,1679159831132,1680970264912,12,-14.7345,2,8.685e+08,1,0,
390,1,1655615915325,1655687851636,7,-9.1539,2,8.685e+08,1,0,
316,1,1652553970162,1654364404077,12,0,2,8.685e+08,0,1,
91,1,1671900388726,1673710822339,12,-10.8549,4,8.685e+08,1,0,
169,1,1666116779273,1667927213276,12,0,4,8.685e+08,0,1,
262,1,1665521007030,1665973616010,10,0,2,8.685e+08,0,1,
44,1,1659901955112,1660148740075,9,-3.51483,4,8.681e+08,1,0,
3,1,1662018798669,1663829232456,12,-20.871,4,8.685e+08,1,0,
34,1,1708720625631,1709173234697,10,-9.58484,2,8.685e+08,1,0,
334,1,1777265144583,1779075578625,12,-5.82411,4,8.685e+08,1,0,
174,1,1673599821192,1673733453685,8,1.2648,4,8.685e+08,1,0,
376,1,1669121107776,1670931541259,12,13.8209,4,8.681e+08,1,0,
354,1,1748854466836,1750664900696,12,-22.3756,2,8.683e+08,1,0,
399,1,1675431506261,1676418643461,11,-11.9764,2,8.685e+08,1,0,
250,1,1674767475845,1675220085213,10,-16.2083,2,8.683e+08,1,0,
119,1,1745472875982,1747283309658,12,-18.2593,2,8.683e+08,1,0,
341,1,1676331081317,1676403017485,7,-2.2585,2,8.683e+08,1,0,
136,1,1694298531459,1696108965448,12,-20.6542,2,8.683e+08,1,0,
313,1,1681960351853,1683770785173,12,8.30295,2,8.685e+08,1,0,
187,1,1682531039488,1682777824166,9,-13.9612,4,8.683e+08,1,0,
284,1,1696919522534,1697906659496,11,0.335206,2,8.683e+08,1,0,
21,1,1695658999678,1696646137453,11,-18.3493,2,8.681e+08,1,0,
140,1,1687026267427,1688836701076,12,-9.14575,4,8.681e+08,1,0,
104,1,1703154978848,1704965412165,12,-3.50105,2,8.685e+08,1,0,
384,1,1696426507895,1696879116891,10,-3.39447,2,8.681e+08,1,0,
279,1,1698095120482,1699905554175,12,10.9494,2,8.683e+08,1,0,
40,1,1701401409011,1701473345479,7,9.4334,2,8.683e+08,1,0,
64,1,1704954911056,1705088544118,8,-9.07707,4,8.681e+08,1,0,
382,1,1714714881510,1715702018603,11,-10.5358,2,8.685e+08,1,0,
32,1,1734370157859,1736180591611,12,-20.9219,2,8.685e+08,1,0,
120,1,1736484271934,1736617904428,8,1.77672,2,8.683e+08,1,0,
394,1,1738638016455,1738709953031,7,10.6738,2,8.685e+08,1,0,
113,1,2556549797018,2556796581895,9,-4.24666,2,8.685e+08,1,0,
140,1,2668103200330,2669913633979,12,-2.12756,4,8.683e+08,1,0,
337,1,2570129244690,2571939677899,12,-4.16576,2,8.683e+08,1,0,
127,1,2558266433053,2558513217719,9,-7.08786,4,8.683e+08,1,0,
50,1,2586251792386,2588062225941,12,-15.2088,2,8.683e+08,1,0,
272,1,2559159051696,2559292684243,8,7.29372,2,8.685e+08,1,0,
134,1,2595277415201,2597087848916,12,-12.0666,2,8.683e+08,1,0,
372,1,3359607375938,3359741008647,8,-8.50227,2,8.683e+08,1,0,
7,1,2559574673433,2561385107107,12,0,4,8.683e+08,0,1,
33,1,2641030692576,2641102628721,7,7.10961,4,8.685e+08,1,0,
369,1,3597947794227,3598934931789,11,-11.2468,2,8.683e+08,1,0,
334,1,3190969168705,3192779602747,12,-19.9375,4,8.685e+08,1,0,
145,1,2566094326994,2567904760842,12,-18.8088,2,8.685e+08,1,0,
235,1,2621484871483,2623295304801,12,-8.42515,4,8.681e+08,1,0,
264,1,2574533286195,2574605222825,7,1.44736,4,8.681e+08,1,0,
100,1,2640773220394,2641760357855,11,-12.9379,4,8.681e+08,1,0,
194,1,2574320720946,2576131154864,12,-11.948,4,8.685e+08,1,0,
39,1,2627773350212,2629583783363,12,-15.6897,2,8.685e+08,1,0,
127,1,2582944833063,2583191617729,9,1.43936,4,8.681e+08,1,0,
57,1,2649240857313,2651051290923,12,-17.888,2,8.685e+08,1,0,
55,1,2600325117549,2600777726484,10,2.8658,2,8.685e+08,1,0,
386,1,3375298526440,3377108960111,12,3.51476,4,8.681e+08,1,0,
182,1,3252291278046,3254101711690,12,0,2,8.683e+08,0,1,
180,1,3255610102546,3257420536682,12,-22.1148,4,8.681e+08,1,0,
257,1,2584192828791,2586003262562,12,-8.91923,2,8.683e+08,1,0,
116,1,2584018117521,2584470726602,10,-10.801,2,8.683e+08,1,0,
266,1,2763100951094,2764911384803,12,-9.51935,2,8.683e+08,1,0,
73,1,2584794407199,2584866343752,7,12.0746,2,8.685e+08,1,0,
285,1,2585422363211,2586409500762,11,-13.9374,2,8.683e+08,1,0,
56,1,2588556634849,2589009243860,10,-13.9496,4,8.685e+08,1,0,
393,1,2988375888185,2988828497369,10,1.21065,2,8.683e+08,1,0,
97,1,2614468064209,2615455201865,11,-4.5825,2,8.683e+08,1,0,
345,1,2653851639103,2655662073037,12,-18.9735,4,8.683e+08,1,0,
161,1,3128973061544,3130783495438,12,-15.348,2,8.683e+08,1,0,
301,1,3208763724362,3209216333041,10,-11.601,4,8.685e+08,1,0,
168,1,2651997322273,2653807755647,12,0,4,8.683e+08,0,1,
25,1,2603155300558,2603607910042,10,-13.3994,4,8.683e+08,1,0,
196,1,2612081863505,2612534472610,10,7.19385,2,8.683e+08,1,0,
232,1,2608408960193,2609396097248,11,-14.8229,2,8.685e+08,1,0,
126,1,2702136195125,2703946629145,12,-11.1082,2,8.683e+08,1,0,
335,1,2614393226627,2616203660102,12,-8.47246,2,8.683e+08,1,0,
373,1,2607669306150,2609479739872,12,-4.99022,4,8.681e+08,1,0,
228,1,2723968340347,2725778774335,12,-10.3603,2,8.683e+08,1,0,
371,1,3187215356658,3189025790473,12,-13.4104,2,8.683e+08,1,0,
263,1,3435045480228,3435498088941,10,0,4,8.681e+08,0,1,
139,1,3181765003961,3181898636463,8,0,4,8.683e+08,0,1,
271,1,3181900681628,3183711115473,12,0,2,8.685e+08,0,1,
4,1,3106649764874,3107636902027,11,-12.1077,2,8.683e+08,1,0,
323,1,2620388241583,2620460177916,7,-2.63595,2,8.685e+08,1,0,
163,1,2663597548251,2664584685227,11,-12.6591,4,8.683e+08,1,0,
377,1,2645413194796,2647223628793,12,-20.4625,2,8.683e+08,1,0,
279,1,2704804164257,2706614597950,12,-8.00949,2,8.683e+08,1,0,
300,1,2795717409548,2796704546791,11,0,2,8.683e+08,0,1,
110,1,2633958621518,2634411230518,10,7.90052,2,8.683e+08,1,0,
129,1,2624890863971,2624962800441,7,2.79645,2,8.683e+08,1,0,
362,1,2625287833795,2625421466604,8,0,2,8.685e+08,0,1,
193,1,2625051391582,2625504000816,10,0,4,8.681e+08,0,1,
74,1,3474962464414,3475096096966,8,-7.23256,4,8.681e+08,1,0,
360,1,3581906012202,3582358621063,10,2.03311,2,8.683e+08,1,0,
102,1,3538487417000,3538940025841,10,-9.18523,2,8.685e+08,1,0,
139,1,2732176404019,2732310036521,8,-8.82286,4,8.681e+08,1,0,
273,1,2633535595854,2633782380684,9,-7.26732,2,8.685e+08,1,0,
36,1,2636958790009,2637411398932,10,-3.63486,4,8.681e+08,1,0,
105,1,2642760690796,2644571123987,12,0.709962,4,8.685e+08,1,0,
301,1,2635592260902,2636044869581,10,-5.27673,4,8.683e+08,1,0,
145,1,2747137527004,2748947960852,12,-4.66583,2,8.683e+08,1,0,
264,1,2639496019945,2639567956575,7,-5.19635,2,8.683e+08,1,0,
201,1,2660341550382,2660794159382,10,-1.22078,2,8.683e+08,1,0,
69,1,2645710970767,2647521403955,12,-13.4798,2,8.685e+08,1,0,
150,1,2660135014100,2661122151398,11,3.07586,4,8.685e+08,1,0,
64,1,2654399748730,2654533381792,8,-10.1473,2,8.683e+08,1,0,
106,1,2650256265300,2650389897822,8,-9.18726,2,8.683e+08,1,0,
324,1,2650447472048,2650519408542,7,-8.75767,4,8.681e+08,1,0,
358,1,2656697628754,2656944413689,9,-7.35478,2,8.683e+08,1,0,
386,1,3107115212413,3108925646084,12,-11.2677,4,8.683e+08,1,0,
344,1,3416066044448,3416518653503,10,6.48826,4,8.681e+08,1,0,
106,1,2663619465310,2663753097832,8,-9.2359,2,8.683e+08,1,0,
17,1,2662345843400,2664156277058,12,0,4,8.683e+08,0,1,
255,1,2663535049364,2663781834194,9,-13.1457,2,8.683e+08,1,0,
33,1,2664446050222,2664517986367,7,-2.8279,4,8.683e+08,1,0,
263,1,3047524070580,3047976679293,10,0,4,8.683e+08,0,1,
42,1,3337682196711,3337754133197,7,0,2,8.683e+08,0,1,
318,1,3334886255968,3336696689576,12,-9.96304,2,8.685e+08,1,0,
131,1,3251880254794,3252127039438,9,0,4,8.681e+08,0,1,
71,1,3439571504913,3439705137494,8,12.0806,4,8.683e+08,1,0,
319,1,2669826126712,2670813264105,11,-15.396,2,8.685e+08,1,0,
107,1,2685759419220,2686212028272,10,-13.1676,2,8.683e+08,1,0,
351,1,2673141591844,2673213527955,7,11.1285,2,8.683e+08,1,0,
248,1,2669306345749,2669758954772,10,-9.22081,2,8.685e+08,1,0,
320,1,2677370065984,2677503698704,8,-2.46699,4,8.685e+08,1,0,
49,1,2687787944058,2689598377938,12,-20.628,2,8.683e+08,1,0,
97,1,2713181664219,2714168801875,11,-9.27483,4,8.681e+08,1,0,
284,1,2686910758952,2687897895914,11,-11.3663,2,8.683e+08,1,0,
172,1,2792165844185,2792237780387,7,-5.86688,2,8.683e+08,1,0,
51,1,2687479230947,2687551167236,7,5.55355,4,8.683e+08,1,0,
288,1,3019491403557,3019944012455,10,0,2,8.685e+08,0,1,
360,1,2999003004681,2999455613542,10,1.68536,2,8.683e+08,1,0,
273,1,2681378661358,2681625446188,9,-9.73221,2,8.683e+08,1,0,
173,1,3549972131872,3551782565328,12,-17.605,4,8.685e+08,1,0,
293,1,3514615935261,3516426368851,12,-14.6852,4,8.685e+08,1,0,
350,1,2855364409031,2857174842185,12,-20.2298,2,8.685e+08,1,0,
356,1,2817307516986,2817760125860,10,4.17294,2,8.683e+08,1,0,
380,1,2681126693360,2682113830511,11,-19.2333,2,8.685e+08,1,0,
341,1,3388005100871,3388077037039,7,3.71689,2,8.683e+08,1,0,
258,1,2697728839664,2699539272917,12,-3.11307,2,8.685e+08,1,0,
113,1,2757943479056,2758190263933,9,-3.60353,2,8.683e+08,1,0,
218,1,2686081426336,2687891859901,12,-1.96538,2,8.685e+08,1,0,
91,1,2691003259344,2692813692957,12,-13.751,4,8.683e+08,1,0,
313,1,2714976608081,2716787041401,12,0,2,8.683e+08,0,1,
224,1,2690184814150,2691171951198,11,-10.6047,4,8.681e+08,1,0,
111,1,2703283398833,2705093832042,12,-12.8886,2,8.685e+08,1,0,
61,1,2695481138288,2695553074491,7,18.3542,2,8.683e+08,1,0,
93,1,2697488107276,2697940716485,10,-10.7876,2,8.685e+08,1,0,
130,1,2693060674519,2694047811401,11,0,2,8.685e+08,0,1,
132,1,2697856863665,2699667297114,12,-21.4182,2,8.683e+08,1,0,
204,1,2898865401495,2900675834926,12,-7.85924,4,8.683e+08,1,0,
172,1,2708933624116,2709005560318,7,10.325,2,8.683e+08,1,0,
12,1,2712984571772,2713118204431,8,12.856,2,8.683e+08,1,0,
178,1,2711053053408,2711299838223,9,-8.54587,2,8.683e+08,1,0,
338,1,2715502700729,2715749485790,9,-13.7402,4,8.683e+08,1,0,
230,1,2711619137168,2713429570468,12,3.16878,2,8.683e+08,1,0,
192,1,2729147430529,2730957864354,12,0,2,8.685e+08,0,1,
201,1,2724230553061,2724683162061,10,7.81428,2,8.683e+08,1,0,
139,1,2718813204009,2718946836511,8,-4.72481,4,8.683e+08,1,0,
274,1,3402366029604,3403353167052,11,-18.857,2,8.683e+08,1,0,
385,1,3500990257953,3501442867453,10,-5.86192,4,8.681e+08,1,0,
366,1,2721788504799,2721860441065,7,1.9158,4,8.681e+08,1,0,
314,1,2722087304737,2722159240750,7,26.2215,2,8.683e+08,1,0,
172,1,2725765931195,2725837867397,7,22.5244,2,8.681e+08,1,0,
320,1,2725185367844,2725319000564,8,1.57918,4,8.683e+08,1,0,
194,1,2755363920956,2757174354874,12,-4.85416,4,8.683e+08,1,0,
96,1,2729425746497,2729672531493,9,-13.9006,2,8.685e+08,1,0,
314,1,2729503736967,2729575672980,7,43.136,4,8.681e+08,1,0,
28,1,2735420666719,2737231100237,12,-8.6707,2,8.683e+08,1,0,
173,1,2730933763137,2732744196593,12,0,4,8.683e+08,0,1,
229,1,2737195499662,2739005933168,12,-11.2291,2,8.685e+08,1,0,
131,1,2734331250608,2734578035252,9,-0.012252,2,8.683e+08,1,0,
292,1,2730120987163,2730367771809,9,-7.40678,4,8.681e+08,1,0,
333,1,2731279778928,2731351715431,7,-7.26919,2,8.685e+08,1,0,
290,1,2741604640420,2742057249804,10,-15.4366,2,8.685e+08,1,0,
284,1,2785624358962,2786611495924,11,-6.98405,2,8.683e+08,1,0,
328,1,3520503981015,3522314414353,12,10.1567,2,8.685e+08,1,0,
108,1,2739041381276,2739288166035,9,4.45478,2,8.683e+08,1,0,
312,1,3232378568913,3233365706279,11,-15.1433,2,8.683e+08,1,0,
164,1,2741455137335,2741907746024,10,-13.5454,4,8.681e+08,1,0,
328,1,2874817198935,2876627632273,12,-14.3331,2,8.683e+08,1,0,
129,1,2742393095525,2742465031995,7,-6.58095,2,8.685e+08,1,0,
33,1,2743037044099,2743108980244,7,0,4,8.683e+08,0,1,
33,1,2750230644109,2750302580254,7,22.7107,4,8.681e+08,1,0,
39,1,2808816550222,2810626983373,12,1.40106,2,8.683e+08,1,0,
290,1,2786865440430,2787318049814,10,-14.7639,2,8.683e+08,1,0,
7,1,3400826167935,3402636601609,12,-11.2688,4,8.681e+08,1,0,
92,1,3415845425691,3417655859119,12,-7.77655,2,8.683e+08,1,0,
81,1,2747451119043,2748438256404,11,-13.8928,2,8.685e+08,1,0,
162,1,2749224597308,2751035030935,12,-12.6847,4,8.681e+08,1,0,
4,1,2755513993691,2756501130844,11,-11.0249,2,8.683e+08,1,0,
303,1,2749460143101,2751270576474,12,-4.56549,2,8.683e+08,1,0,
115,1,2748761955280,2749008739857,9,1.22334,2,8.685e+08,1,0,
5,1,2759177621695,2759249558159,7,4.01757,2,8.683e+08,1,0,
341,1,2750517091293,2750589027461,7,15.9717,4,8.681e+08,1,0,
224,1,2788898414160,2789885551208,11,-2.33156,2,8.683e+08,1,0,
280,1,2770673128384,2771125737285,10,-5.09172,4,8.681e+08,1,0,
222,1,2754383130971,2755370268445,11,-9.08847,4,8.681e+08,1,0,
290,1,3216210561521,3216663170905,10,-9.72398,2,8.683e+08,1,0,
247,1,2780780016205,2780913648816,8,8.8577,2,8.681e+08,1,0,
79,1,2784335843731,2784788452586,10,2.82721,4,8.683e+08,1,0,
327,1,2771926575120,2772060207876,8,-4.34508,2,8.683e+08,1,0,
341,1,2758621294223,2758693230391,7,22.4241,2,8.683e+08,1,0,
44,1,2775984986622,2776231771585,9,-10.6672,2,8.683e+08,1,0,
109,1,2776279939459,2778090373470,12,0,2,8.685e+08,0,1,
195,1,2785032150561,2786842584327,12,0.186616,4,8.683e+08,1,0,
17,1,2843389043410,2845199477068,12,-22.1732,4,8.685e+08,1,0,
140,1,2849146400340,2850956833989,12,-21.6761,4,8.685e+08,1,0,
338,1,2775557609996,2775804395057,9,-10.3515,4,8.683e+08,1,0,
204,1,3079908601505,3081719034936,12,-17.2097,4,8.681e+08,1,0,
163,1,3445279410180,3446266547156,11,0,4,8.683e+08,0,1,
142,1,3448466838633,3450277272141,12,-10.5929,4,8.681e+08,1,0,
121,1,3449233176567,3449305112967,7,5.2946,4,8.681e+08,1,0,
171,1,3200434303469,3202244737639,12,-17.6734,2,8.683e+08,1,0,
360,1,2775683032617,2776135641478,10,-6.28451,2,8.685e+08,1,0,
304,1,2777586590933,2777658527454,7,-8.54301,2,8.683e+08,1,0,
14,1,3213682186354,3215492620154,12,-2.522,2,8.683e+08,1,0,
55,1,3209439993094,3209892602029,10,-7.84618,2,8.683e+08,1,0,
155,1,2782466083153,2782712867979,9,1.50708,2,8.683e+08,1,0,
49,1,2868831144068,2870641577948,12,-20.3376,4,8.681e+08,1,0,
330,1,2798123415790,2799933849952,12,-10.6861,2,8.683e+08,1,0,
248,1,2799420024198,2799872633221,10,2.71663,2,8.683e+08,1,0,
33,1,2792869924140,2792941860285,7,4.71847,4,8.683e+08,1,0,
176,1,2792504718628,2793491855310,11,9.49653,2,8.683e+08,1,0,
398,1,2795663963569,2797474397030,12,0,4,8.683e+08,0,1,
42,1,2796926023536,2796997960022,7,12.8242,2,8.685e+08,1,0,
383,1,2973038124140,2974848557427,12,-18.5055,2,8.685e+08,1,0,
259,1,2808154233852,2808606843031,10,0,2,8.683e+08,0,1,
176,1,3142552912972,3143540049654,11,0,2,8.683e+08,0,1,
299,1,3532958228646,3533945366135,11,-17.6688,2,8.683e+08,1,0,
6,1,3532165911863,3533976345112,12,-19.8439,4,8.681e+08,1,0,
19,1,3541178494899,3541425279390,9,-10.3738,2,8.683e+08,1,0,
351,1,3140978892238,3141050828349,7,21.7728,2,8.683e+08,1,0,
265,1,2801972658186,2802425267245,10,-14.5243,2,8.683e+08,1,0,
59,1,2803508716722,2805319149893,12,2.41525,2,8.685e+08,1,0,
246,1,2805426245129,2807236678410,12,-13.8169,2,8.683e+08,1,0,
33,1,2807312954725,2807384890870,7,24.3896,4,8.685e+08,1,0,
196,1,2808676259688,2809128868793,10,-2.83122,4,8.681e+08,1,0,
363,1,2809673810834,2811484244485,12,0,4,8.685e+08,0,1,
117,1,3567583819683,3569394253235,12,-15.835,2,8.683e+08,1,0,
111,1,2884326598843,2886137032052,12,-5.64117,2,8.683e+08,1,0,
398,1,2976707163579,2978517597040,12,0,4,8.681e+08,0,1,
332,1,2853400576016,2855211009213,12,-21.0808,2,8.683e+08,1,0,
348,1,2858811321346,2859263930655,10,-14.7774,2,8.685e+08,1,0,
224,1,2887612014170,2888599151218,11,-16.0783,2,8.685e+08,1,0,
321,1,2831719874095,2833530307940,12,-6.51199,4,8.683e+08,1,0,
6,1,2821284352590,2823094785839,12,0,2,8.683e+08,0,1,
27,1,2820980052427,2821967189819,11,-14.0377,4,8.683e+08,1,0,
118,1,2830924736266,2831377345388,10,-3.21664,2,8.683e+08,1,0,
76,1,2834048965676,2834182598260,8,-4.76276,2,8.683e+08,1,0,
3,1,2850728721962,2852539155749,12,-9.52872,4,8.681e+08,1,0,
39,1,3437219138014,3439029571165,12,-10.5039,2,8.683e+08,1,0,
86,1,3263273908795,3265084342922,12,-13.2146,2,8.685e+08,1,0,
70,1,2834947056654,2836757490464,12,0,2,8.685e+08,0,1,
340,1,2834678351883,2835130960831,10,-0.910308,2,8.683e+08,1,0,
112,1,2838943310656,2839395919513,10,-13.2047,2,8.685e+08,1,0,
368,1,2934647411520,2936457844733,12,-14.1013,4,8.681e+08,1,0,
69,1,2841285823505,2843096256693,12,-10.9733,2,8.683e+08,1,0,
219,1,3023586593810,3024039202674,10,-16.7874,4,8.681e+08,1,0,
152,1,2839646825867,2839718762325,7,12.2173,4,8.685e+08,1,0,
78,1,2843725625271,2844712762496,11,-16.2292,2,8.685e+08,1,0,
88,1,2843311230178,2845121663939,12,-9.00734,4,8.681e+08,1,0,
14,1,2846217236270,2848027670070,12,0,2,8.683e+08,0,1,
315,1,2853143930796,2854954363911,12,-17.0371,2,8.685e+08,1,0,
220,1,3216788308963,3218598743046,12,-20.676,4,8.681e+08,1,0,
136,1,3287093900477,3288904334466,12,-21.92,4,8.681e+08,1,0,
327,1,3212241163821,3212374796577,8,0.0375069,2,8.683e+08,1,0,
203,1,2855813842526,2857624275981,12,-11.6491,4,8.683e+08,1,0,
334,1,2864571061551,2866381495593,12,-7.60251,4,8.683e+08,1,0,
35,1,2865310446310,2865763055362,10,-9.15033,2,8.683e+08,1,0,
213,1,2857548772571,2858001381687,10,-9.31923,2,8.683e+08,1,0,
340,1,2879939151893,2880391760841,10,12.4798,4,8.681e+08,1,0,
10,1,2860894050665,2861881187687,11,-3.61767,2,8.683e+08,1,0,
71,1,2868311853109,2868445485690,8,-0.760558,4,8.683e+08,1,0,
71,1,2881675053119,2881808685700,8,0,4,8.685e+08,0,1,
225,1,2878871831845,2880682264906,12,-10.4918,2,8.685e+08,1,0,
292,1,2878175248091,2878422032737,9,-6.93599,2,8.683e+08,1,0,
161,1,2947929861534,2949740295428,12,-10.4033,2,8.683e+08,1,0,
331,1,2937969781223,2938956918517,11,0,2,8.685e+08,0,1,
181,1,2924740344118,2926550777593,12,0,2,8.685e+08,0,1,
47,1,2890207795429,2890454580304,9,17.0683,2,8.683e+08,1,0,
49,1,3049874344078,3051684777958,12,-19.306,2,8.683e+08,1,0,
182,1,2889322779738,2891133213382,12,-16.3381,2,8.683e+08,1,0,
129,1,2881360659644,2881432596114,7,0,2,8.683e+08,0,1,
215,1,2883575803584,2883709436246,8,-6.48332,2,8.685e+08,1,0,
4,1,2959848686418,2960835823571,11,-6.50966,4,8.681e+08,1,0,
191,1,2950750522397,2952560955824,12,-4.06683,2,8.685e+08,1,0,
119,1,3056611332550,3058421766226,12,-14.4729,4,8.681e+08,1,0,
259,1,2917395345535,2917847954714,10,-11.2531,2,8.683e+08,1,0,
146,1,2890682075106,2892492508953,12,-19.7076,2,8.683e+08,1,0,
372,1,2896726366746,2896859999455,8,-9.36311,2,8.685e+08,1,0,
231,1,2891877075504,2893687509374,12,-15.3544,2,8.685e+08,1,0,
350,1,3036407609041,3038218042195,12,-13.5717,2,8.683e+08,1,0,
268,1,2894659299358,2896469732697,12,-18.0672,2,8.685e+08,1,0,
46,1,2899539013814,2899991622823,10,-9.33923,2,8.683e+08,1,0,
258,1,2901465494931,2903275928184,12,0,2,8.683e+08,0,1,
312,1,2901424014259,2902411151625,11,-2.99757,2,8.683e+08,1,0,
228,1,2905011540357,2906821974345,12,-3.34091,4,8.681e+08,1,0,
194,1,2936407120966,2938217554884,12,0,4,8.683e+08,0,1,
383,1,3154081324150,3155891757437,12,2.98323,2,8.683e+08,1,0,
44,1,2908143796063,2908390581026,9,-6.24829,2,8.681e+08,1,0,
43,1,2909098029374,2909550638584,10,-8.5638,2,8.685e+08,1,0,
401,1,2915476353963,2915723138614,9,-0.0400993,4,8.681e+08,1,0,
312,1,3000137614269,3001124751635,11,-1.97815,2,8.685e+08,1,0,
293,1,2921816786266,2923627219856,12,-5.90105,4,8.683e+08,1,0,
358,1,2919218089282,2919464874217,9,-4.65774,2,8.683e+08,1,0,
50,1,2931728208484,2933538642039,12,-18.9955,2,8.683e+08,1,0,
151,1,2922129581015,2923940014604,12,3.74988,2,8.685e+08,1,0,
69,1,3022329023515,3024139456703,12,-11.0682,2,8.681e+08,1,0,
351,1,2927999993477,2928071929588,7,17.4406,2,8.685e+08,1,0,
274,1,2924198302101,2925185439549,11,-1.36011,2,8.685e+08,1,0,
293,1,3102859986276,3104670419866,12,0.231828,4,8.681e+08,1,0,
106,1,2924876084274,2925009716796,8,4.53195,4,8.681e+08,1,0,
262,1,2932536447927,2932989056907,10,3.66241,2,8.685e+08,1,0,
88,1,3024354430188,3026164863949,12,-14.742,4,8.683e+08,1,0,
290,1,2933503249419,2933955858803,10,13.2066,2,8.681e+08,1,0,
247,1,2943413313571,2943546946182,8,-2.43994,2,8.685e+08,1,0,
38,1,2941802293747,2942049078424,9,1.41513,4,8.681e+08,1,0,
387,1,2940546678019,2942357111372,12,-8.07815,4,8.685e+08,1,0,
395,1,3016602467233,3018412900697,12,-17.0251,2,8.685e+08,1,0,
183,1,2947822432707,2947956065430,8,-6.82936,2,8.685e+08,1,0,
245,1,2950353426164,2952163859578,12,-6.85507,2,8.683e+08,1,0,
307,1,2951954521795,2952941658800,11,-3.58971,2,8.685e+08,1,0,
197,1,3003449570625,3003902179747,10,-8.0869,2,8.683e+08,1,0,
327,1,2954451360793,2954584993549,8,-8.41199,2,8.683e+08,1,0,
149,1,2965698114820,2966685251965,11,-0.0215293,4,8.681e+08,1,0,
63,1,2956574872932,2956821657911,9,1.02263,2,8.683e+08,1,0,
295,1,2955088196224,2956075333370,11,-8.98228,2,8.681e+08,1,0,
276,1,2965619962312,2965691898588,7,13.8347,4,8.681e+08,1,0,
314,1,2958505800516,2958577736529,7,19.2604,2,8.683e+08,1,0,
senderId,receiverID, sendTime, receivedTime,SF,SNR,Ftype, Freq,RX
1,25,88910000000,89198768000,10,0,3,8.685e+08,1
1,58,56620000000,56908769101,10,0.921738,3,8.685e+08,1
1,127,93960000000,95115072666,12,-1.87901,3,8.69525e+08,2
1,254,1841480000000,1842635073014,12,12.7316,3,8.69525e+08,2
1,140,3034010000000,3035165073649,12,6.71837,3,8.69525e+08,2
1,366,48820000000,49975072266,12,14.0249,3,8.69525e+08,2
1,355,23470000000,24625072484,12,34.249,3,8.69525e+08,2
1,204,36090000000,37245073431,12,-14.5677,3,8.69525e+08,2
1,385,3503450000000,3504605073500,12,15.7137,3,8.69525e+08,2
1,164,72370000000,73525072689,12,4.70183,3,8.69525e+08,2
1,74,111150000000,112305072552,12,7.70392,3,8.69525e+08,2
1,211,118970000000,119547536000,11,0,3,8.685e+08,1
1,344,123250000000,124405073055,12,-1.93414,3,8.69525e+08,2
1,82,3251940000000,3253095072968,12,7.65547,3,8.69525e+08,2
1,7,140690000000,141845073674,12,-12.4512,3,8.69525e+08,2
1,28,3004300000000,3005455073518,12,9.8586,3,8.69525e+08,2
1,378,156490000000,157645072300,12,9.47093,3,8.69525e+08,2
1,35,3207090000000,3208245073052,12,0.452363,3,8.69525e+08,2
1,325,3125180000000,3126335073784,12,-17.4631,3,8.69525e+08,2
1,173,1754750000000,1755905073456,12,-10.3644,3,8.69525e+08,2
1,168,2474770000000,2475925073374,12,-6.43245,3,8.69525e+08,2
1,174,171800000000,172955072493,12,16.6074,3,8.69525e+08,2
1,90,1853990000000,1855145073050,12,-1.1369,3,8.69525e+08,2
1,84,178320000000,179475072000,12,0,3,8.685e+08,1
1,301,2152160000000,2153315072679,12,-15.9047,3,8.69525e+08,2
1,36,2159650000000,2159938768000,10,0,3,8.685e+08,1
1,344,3181670000000,3182825073055,12,-1.27591,3,8.69525e+08,2
1,190,183360000000,184515072051,12,12.4881,3,8.69525e+08,2
1,176,3046830000000,3047985072682,12,2.51476,3,8.69525e+08,2
1,3,204200000000,205355073787,12,-8.28764,3,8.69525e+08,2
1,389,1807730000000,1808885072830,12,-1.422,3,8.69525e+08,2
1,276,224900000000,226055072276,12,32.3377,3,8.69525e+08,2
1,38,3157040000000,3158195072677,12,5.90709,3,8.69525e+08,2
1,119,3060430000000,3061585073676,12,18.2871,3,8.69525e+08,2
1,301,252210000000,253365072679,12,-4.5323,3,8.69525e+08,2
1,77,1772150000000,1772294384882,9,-10.7228,3,8.685e+08,1
1,90,275990000000,277145073050,12,6.65616,3,8.69525e+08,2
1,391,3234620000000,3235775073425,12,-11.9789,3,8.69525e+08,2
1,378,299230000000,299271216300,7,20.5283,3,8.681e+08,1
1,173,303430000000,304585073456,12,-2.35644,3,8.681e+08,1
1,17,3445640000000,3446795072000,12,0,3,8.683e+08,1
1,322,317520000000,318675072000,12,0,3,8.69525e+08,2
1,212,2012640000000,2013795072781,12,14.3388,3,8.69525e+08,2
1,203,3310810000000,3311965072000,12,0,3,8.681e+08,1
1,139,330040000000,331195072502,12,-2.77402,3,8.69525e+08,2
1,29,1921250000000,1921394385165,9,-7.47359,3,8.683e+08,1
1,177,3562160000000,3563315073824,12,-18.0388,3,8.683e+08,1
1,7,342460000000,343615073674,12,-6.44389,3,8.69525e+08,2
1,391,360050000000,361205073425,12,-10.1405,3,8.69525e+08,2
1,107,2978050000000,2979205073052,12,-2.07855,3,8.69525e+08,2
1,3,1948550000000,1949705073787,12,-16.0568,3,8.683e+08,1
1,125,375140000000,376295072053,12,36.2033,3,8.69525e+08,2
1,139,386950000000,388105072502,12,5.57141,3,8.69525e+08,2
1,51,3076170000000,3077325072289,12,10.1076,3,8.69525e+08,2
1,334,2029530000000,2030685074042,12,-4.18156,3,8.69525e+08,2
1,193,407620000000,408775073234,12,5.63629,3,8.69525e+08,2
1,79,426120000000,426408768855,10,-9.6427,3,8.681e+08,1
1,36,432750000000,433905072923,12,14.8851,3,8.69525e+08,2
1,349,3105470000000,3106625073887,12,-10.3964,3,8.69525e+08,2
1,193,517490000000,517778769234,10,0.722627,3,8.681e+08,1
1,203,449930000000,451085073455,12,19.8959,3,8.69525e+08,2
1,202,467730000000,467874384000,9,0,3,8.681e+08,1
1,217,1820030000000,1821185073123,12,2.0125,3,8.69525e+08,2
1,9,1922290000000,1923445073384,12,-19.9185,3,8.69525e+08,2
1,26,3325660000000,3326815072000,12,0,3,8.69525e+08,2
1,169,479350000000,480505074003,12,-11.6712,3,8.69525e+08,2
1,60,3428000000000,3428144384000,9,0,3,8.681e+08,1
1,74,3477100000000,3478255072552,12,22.7066,3,8.69525e+08,2
1,56,483260000000,483548768000,10,0,3,8.681e+08,1
1,152,491340000000,492495072458,12,29.3494,3,8.69525e+08,2
1,193,2128240000000,2128528769234,10,-6.28509,3,8.685e+08,1
1,284,3277500000000,3278655072962,12,3.64423,3,8.69525e+08,2
1,7,523500000000,524655073674,12,-2.72916,3,8.69525e+08,2
1,353,2057310000000,2058465073082,12,9.1461,3,8.69525e+08,2
1,226,536890000000,538045073825,12,-2.70935,3,8.69525e+08,2
1,310,2098770000000,2099925074147,12,-4.60234,3,8.69525e+08,2
1,36,556160000000,557315072923,12,8.76363,3,8.69525e+08,2
1,25,550130000000,550418768000,10,0,3,8.681e+08,1
1,157,1867140000000,1868295072386,12,30.1604,3,8.69525e+08,2
1,202,567900000000,569055072866,12,21.5768,3,8.69525e+08,2
1,3,584400000000,585555073787,12,-10.8095,3,8.681e+08,1
1,33,1953320000000,1954475072145,12,25.5676,3,8.69525e+08,2
1,387,2263670000000,2264825073353,12,-13.2724,3,8.69525e+08,2
1,202,592570000000,593725072866,12,-10.827,3,8.69525e+08,2
1,52,618980000000,620135073602,12,-9.61517,3,8.69525e+08,2
1,139,635340000000,636495072502,12,1.23747,3,8.69525e+08,2
1,334,1781080000000,1782235074042,12,11.3815,3,8.69525e+08,2
1,173,3553790000000,3554945072000,12,0,3,8.69525e+08,2
1,386,3379110000000,3380265073671,12,-8.10579,3,8.69525e+08,2
1,376,2228300000000,2229455072000,12,0,3,8.681e+08,1
1,361,650220000000,651375073573,12,5.11739,3,8.69525e+08,2
1,58,666730000000,667885073101,12,6.45207,3,8.69525e+08,2
1,254,683380000000,684535073014,12,-13.5562,3,8.69525e+08,2
1,90,1899250000000,1900405073050,12,-10.7514,3,8.69525e+08,2
1,204,707750000000,708905073431,12,-14.9422,3,8.681e+08,1
1,73,3586420000000,3587575072553,12,-15.0043,3,8.69525e+08,2
1,276,718100000000,719255072276,12,9.55931,3,8.69525e+08,2
1,204,2543620000000,2544775073431,12,-17.0004,3,8.683e+08,1
1,105,741830000000,742985073191,12,3.98673,3,8.69525e+08,2
1,397,787740000000,788895072744,12,-12.1534,3,8.69525e+08,2
1,156,2495030000000,2496185072376,12,30.7723,3,8.69525e+08,2
1,3,766450000000,767605073787,12,-18.685,3,8.69525e+08,2
1,105,2441090000000,2442245073191,12,-10.4446,3,8.69525e+08,2
1,338,801740000000,802895073061,12,0.459565,3,8.69525e+08,2
1,392,2251960000000,2253115073425,12,4.36078,3,8.69525e+08,2
1,304,2290860000000,2292015072521,12,6.05223,3,8.69525e+08,2
1,333,2391240000000,2391281216503,7,24.9237,3,8.681e+08,1
1,195,998040000000,999195073766,12,1.69603,3,8.69525e+08,2
1,361,830260000000,831415073573,12,-13.2517,3,8.685e+08,1
1,36,2338220000000,2339375072923,12,4.47653,3,8.69525e+08,2
1,277,840360000000,841515073716,12,12.0332,3,8.69525e+08,2
1,397,3361480000000,3362635072744,12,-4.51106,3,8.69525e+08,2
1,121,2166940000000,2168095072400,12,-5.04752,3,8.69525e+08,2
1,283,855330000000,856485073651,12,3.35603,3,8.69525e+08,2
1,150,2068610000000,2069187536000,11,0,3,8.683e+08,1
1,164,871830000000,872985072689,12,17.096,3,8.69525e+08,2
1,366,891540000000,892695072266,12,25.7898,3,8.69525e+08,2
1,125,905080000000,906235072053,12,42.3393,3,8.69525e+08,2
1,366,920860000000,922015072266,12,19.3296,3,8.69525e+08,2
1,397,2209430000000,2209574384744,9,-6.37277,3,8.683e+08,1
1,366,2216710000000,2217865072266,12,14.9257,3,8.69525e+08,2
1,127,2074230000000,2075385072666,12,10.2787,3,8.69525e+08,2
1,127,938220000000,939375072666,12,-6.69873,3,8.69525e+08,2
1,366,967320000000,967361216266,7,34.611,3,8.685e+08,1
1,187,950420000000,950564384678,9,-9.66284,3,8.685e+08,1
1,136,3290910000000,3292065073989,12,-15.9262,3,8.69525e+08,2
1,220,3220600000000,3221755072000,12,0,3,8.69525e+08,2
1,150,954070000000,955225073298,12,1.48477,3,8.69525e+08,2
1,193,2353800000000,2354955073234,12,2.33737,3,8.69525e+08,2
1,293,3337390000000,3338545072000,12,0,3,8.69525e+08,2
1,164,992890000000,993178768689,10,-6.0861,3,8.683e+08,1
1,147,1886560000000,1887715073474,12,-2.48186,3,8.69525e+08,2
1,344,2124160000000,2125315073055,12,12.5178,3,8.69525e+08,2
1,303,2326110000000,2327265073373,12,-2.81848,3,8.69525e+08,2
1,282,2382490000000,2383645072000,12,0,3,8.69525e+08,2
1,222,2233730000000,2234885073474,12,-3.05455,3,8.69525e+08,2
1,334,3193780000000,3194935072000,12,0,3,8.685e+08,1
1,357,2507680000000,2508835072320,12,7.26621,3,8.69525e+08,2
1,71,1016110000000,1017265072581,12,-1.79727,3,8.69525e+08,2
1,173,1029580000000,1030735073456,12,-6.05359,3,8.685e+08,1
1,389,2370540000000,2371695072830,12,14.1295,3,8.69525e+08,2
1,123,2375770000000,2375914384000,9,0,3,8.681e+08,1
1,189,1035420000000,1036575073504,12,-11.2939,3,8.69525e+08,2
1,6,3535980000000,3537135073249,12,11.3248,3,8.69525e+08,2
1,263,1050180000000,1051335072713,12,18.3425,3,8.69525e+08,2
1,169,2458260000000,2459415074003,12,-8.53032,3,8.69525e+08,2
1,38,1062540000000,1063695072677,12,-4.75775,3,8.69525e+08,2
1,400,2110980000000,2112135073236,12,2.55441,3,8.69525e+08,2
1,164,1095850000000,1097005072689,12,0.45369,3,8.69525e+08,2
1,174,1112060000000,1113215072493,12,24.3856,3,8.69525e+08,2
1,29,3349800000000,3350955073165,12,0.32628,3,8.69525e+08,2
1,52,2525430000000,2526585073602,12,-8.23135,3,8.69525e+08,2
1,321,1139700000000,1140855073845,12,-14.879,3,8.69525e+08,2
1,150,2662130000000,2662707536000,11,0,3,8.685e+08,1
1,11,1205390000000,1205678768957,10,-3.72356,3,8.681e+08,1
1,361,1803480000000,1804635073573,12,-13.5276,3,8.683e+08,1
1,4,2962840000000,2963995073153,12,10.0176,3,8.69525e+08,2
1,82,1208290000000,1209445072968,12,-6.23271,3,8.69525e+08,2
1,108,2191070000000,2191214384000,9,0,3,8.681e+08,1
1,31,1222480000000,1223635073467,12,-4.96992,3,8.69525e+08,2
1,236,1234990000000,1236145072172,12,11.4097,3,8.69525e+08,2
1,139,3394700000000,3395855072502,12,-1.29089,3,8.69525e+08,2
1,22,1242020000000,1242102432000,8,0,3,8.685e+08,1
1,56,2344100000000,2344388768000,10,0,3,8.685e+08,1
1,11,1250650000000,1250938768000,10,0,3,8.681e+08,1
1,17,1258620000000,1259775073658,12,-12.06,3,8.69525e+08,2
1,173,1935800000000,1936955073456,12,6.34728,3,8.69525e+08,2
1,195,2425760000000,2426915072000,12,0,3,8.685e+08,1
1,26,1270230000000,1271385073623,12,-5.42203,3,8.69525e+08,2
1,320,2416880000000,2418035072720,12,5.87613,3,8.69525e+08,2
1,91,1283830000000,1284985073613,12,-18.026,3,8.681e+08,1
1,139,1965640000000,1966795072502,12,10.8541,3,8.69525e+08,2
1,226,1306310000000,1307465072000,12,0,3,8.69525e+08,2
1,378,1340450000000,1341605072300,12,18.9421,3,8.69525e+08,2
1,82,1327920000000,1329075072968,12,-5.83177,3,8.69525e+08,2
1,140,1352330000000,1353485073649,12,-8.73012,3,8.69525e+08,2
1,84,3091410000000,3092565073671,12,4.65205,3,8.69525e+08,2
1,386,2086730000000,2087885073671,12,10.8318,3,8.69525e+08,2
1,48,2401240000000,2402395073663,12,-4.68956,3,8.69525e+08,2
1,18,1978460000000,1979615073530,12,-12.5708,3,8.69525e+08,2
1,121,3451310000000,3452465072400,12,13.0293,3,8.69525e+08,2
1,38,2544900000000,2546055072677,12,-10.9794,3,8.69525e+08,2
1,56,2396470000000,2396758769011,10,0.957108,3,8.683e+08,1
1,321,2182230000000,2183385072000,12,0,3,8.69525e+08,2
1,378,3305550000000,3306705072300,12,27.8985,3,8.69525e+08,2
1,177,1364780000000,1365935073824,12,9.83179,3,8.69525e+08,2
1,391,1718750000000,1719905073425,12,-11.5267,3,8.69525e+08,2
1,29,1377420000000,1378575073165,12,-9.64944,3,8.69525e+08,2
1,173,1392670000000,1393825073456,12,-8.05881,3,8.69525e+08,2
1,139,2000090000000,2001245072502,12,5.62999,3,8.69525e+08,2
1,22,2042940000000,2044095072590,12,24.546,3,8.69525e+08,2
1,84,1401040000000,1402195073671,12,-17.5662,3,8.683e+08,1
1,22,1426190000000,1427345072590,12,10.9842,3,8.69525e+08,2
1,90,1439780000000,1440935073050,12,-12.6885,3,8.69525e+08,2
1,25,1456610000000,1457765073484,12,7.66669,3,8.69525e+08,2
1,164,2305250000000,2306405072689,12,5.74623,3,8.69525e+08,2
1,270,3053670000000,3053814384000,9,0,3,8.681e+08,1
1,254,1479400000000,1480555073014,12,-17.3179,3,8.69525e+08,2
1,62,1494120000000,1495275072818,12,-3.55542,3,8.69525e+08,2
1,226,1524710000000,1525865072000,12,0,3,8.685e+08,1
1,74,1532180000000,1533335072552,12,10.2981,3,8.69525e+08,2
1,193,1732170000000,1733325073234,12,-2.13064,3,8.69525e+08,2
1,400,1564580000000,1565735073236,12,10.1103,3,8.69525e+08,2
1,263,1552830000000,1553985072713,12,9.92011,3,8.69525e+08,2
1,17,3265600000000,3266755073658,12,-5.64256,3,8.69525e+08,2
1,164,3408690000000,3409845072689,12,8.00975,3,8.69525e+08,2
1,177,1579820000000,1580975073824,12,-9.88409,3,8.69525e+08,2
1,212,1597220000000,1598375072781,12,-11.3961,3,8.69525e+08,2
1,33,1613620000000,1614775072145,12,25.0661,3,8.69525e+08,2
1,397,1631050000000,1632205072744,12,-0.416747,3,8.69525e+08,2
1,26,1647040000000,1648195073623,12,-10.2388,3,8.685e+08,1
1,363,1652390000000,1653545073651,12,22.3389,3,8.69525e+08,2
1,3,1665830000000,1666985073787,12,-4.98668,3,8.69525e+08,2
1,187,1684780000000,1685935072678,12,-1.0809,3,8.69525e+08,2
1,64,1707090000000,1708245072000,12,0,3,8.69525e+08,2
1,127,2560520000000,2561675072666,12,35.5918,3,8.69525e+08,2
1,264,2576610000000,2577765072630,12,3.98535,3,8.69525e+08,2
1,56,2591010000000,2592165073011,12,-11.8569,3,8.69525e+08,2
1,25,2605610000000,2606765073484,12,-2.11441,3,8.69525e+08,2
1,3,3434590000000,3435745073787,12,1.44962,3,8.69525e+08,2
1,235,2625300000000,2626455073318,12,8.4091,3,8.69525e+08,2
1,301,2638050000000,2639205072679,12,4.23857,3,8.69525e+08,2
1,324,2652520000000,2653675072494,12,17.1021,3,8.69525e+08,2
1,33,2666520000000,2667675072145,12,39.9274,3,8.69525e+08,2
1,43,3490550000000,3491705073210,12,-0.872771,3,8.69525e+08,2
1,224,2693180000000,2694335073048,12,4.22948,3,8.69525e+08,2
1,187,2678080000000,2679235072678,12,-17.1486,3,8.69525e+08,2
1,97,2716170000000,2717325073656,12,-3.1263,3,8.69525e+08,2
1,139,2719950000000,2720032432502,8,-5.67166,3,8.683e+08,1
1,5,3574210000000,3575365072464,12,10.7047,3,8.69525e+08,2
1,314,2730580000000,2730621216013,7,43.0323,3,8.681e+08,1
1,293,3518430000000,3519585073590,12,-15.4875,3,8.69525e+08,2
1,292,2732370000000,2733525072646,12,11.0033,3,8.69525e+08,2
1,164,2742910000000,2743198768689,10,-10.1942,3,8.681e+08,1
1,33,2752310000000,2753465072145,12,24.7178,3,8.69525e+08,2
1,328,3072330000000,3073485073338,12,-2.61168,3,8.681e+08,1
1,338,2777810000000,2778965073061,12,6.21959,3,8.69525e+08,2
1,280,2772130000000,2772418768901,10,-12.2098,3,8.681e+08,1
1,33,2794950000000,2796105072145,12,7.74239,3,8.69525e+08,2
1,76,3018490000000,3019645072584,12,5.23531,3,8.69525e+08,2
1,41,3141420000000,3142575073949,12,-17.2033,3,8.69525e+08,2
1,33,2808390000000,2808431216000,7,0,3,8.685e+08,1
1,196,2811130000000,2812285073105,12,13.0412,3,8.69525e+08,2
1,27,2822970000000,2823547536000,11,0,3,8.683e+08,1
1,321,2835540000000,2836695073845,12,-5.11348,3,8.69525e+08,2
1,88,2847130000000,2848285073761,12,-14.0415,3,8.69525e+08,2
1,203,2859630000000,2860785073455,12,10.1748,3,8.69525e+08,2
1,49,2872650000000,2873805073880,12,4.63541,3,8.69525e+08,2
1,340,2881400000000,2881688768000,10,0,3,8.681e+08,1
1,204,2902680000000,2903835073431,12,3.28977,3,8.69525e+08,2
1,401,2916730000000,2916874384651,9,-5.26947,3,8.681e+08,1
1,368,2937460000000,2938615072000,12,0,3,8.681e+08,1
1,293,2925630000000,2926785072000,12,0,3,8.69525e+08,2
1,38,2944050000000,2945205072677,12,8.68915,3,8.69525e+08,2
