timestamp,results
2025-04-08 16:14:36,"{""gw-1"": {""1"": ""rx_and_data_rate"", ""2"": ""blocked""}}"
2025-04-08 16:14:36,"{""gw-1"": {""1"": ""blocked"", ""2"": ""rx_and_data_rate""}}"
2025-04-08 16:14:40,"{""gw-1"": {""1"": ""rx_and_data_rate"", ""2"": ""conflict""}}"
2025-04-08 16:14:46,"{""gw-1"": {""1"": ""blocked"", ""2"": ""blocked""}}"
2025-04-08 16:14:53,"{""gw-1"": {""1"": ""blocked"", ""2"": ""conflict""}}"
2025-04-08 16:14:59,"{""gw-1"": {""1"": ""rx_and_data_rate"", ""2"": ""blocked""}}"
2025-04-08 16:15:00,"{""gw-1"": {""1"": ""rx_and_data_rate"", ""2"": ""blocked""}}"
2025-04-08 16:15:01,"{""gw-1"": {""1"": ""rx_and_data_rate"", ""2"": ""blocked""}}"
2025-04-08 16:15:14,"{""gw-1"": {""1"": ""rx_and_data_rate"", ""2"": ""conflict""}}"
2025-04-08 16:15:15,"{""gw-1"": {""1"": ""conflict"", ""2"": ""conflict""}}"
2025-04-08 16:15:17,"{""gw-1"": {""1"": ""rx_and_data_rate"", ""2"": ""blocked""}}"
2025-04-08 16:15:21,"{""gw-1"": {""1"": ""rx_and_data_rate"", ""2"": ""blocked""}}"
2025-04-08 16:15:22,"{""gw-1"": {""1"": ""blocked"", ""2"": ""rx_and_data_rate""}}"
2025-04-08 16:15:23,"{""gw-1"": {""1"": ""rx_and_data_rate"", ""2"": ""blocked""}}"
2025-04-08 16:15:24,"{""gw-1"": {""1"": ""rx_and_data_rate"", ""2"": ""blocked""}}"
2025-04-08 16:15:32,"{""gw-1"": {""1"": ""blocked"", ""2"": ""rx_and_data_rate""}}"
2025-04-08 16:15:34,"{""gw-1"": {""1"": ""rx_and_data_rate"", ""2"": ""blocked""}}"
2025-04-08 16:15:35,"{""gw-1"": {""1"": ""rx_and_data_rate"", ""2"": ""blocked""}}"
2025-04-08 16:15:35,"{""gw-1"": {""1"": ""blocked"", ""2"": ""blocked""}}"
2025-04-08 16:15:35,"{""gw-1"": {""1"": ""rx_and_data_rate"", ""2"": ""blocked""}}"
2025-04-08 16:15:35,"{""gw-1"": {""1"": ""rx_and_data_rate"", ""2"": ""blocked""}}"
2025-04-08 16:15:35,"{""gw-1"": {""1"": ""blocked"", ""2"": ""rx_and_data_rate""}}"
2025-04-08 16:15:36,"{""gw-1"": {""1"": ""blocked"", ""2"": ""rx_and_data_rate""}}"
2025-04-08 16:15:36,"{""gw-1"": {""1"": ""rx_and_data_rate"", ""2"": ""blocked""}}"
2025-04-08 16:15:48,"{""gw-1"": {""1"": ""rx_and_data_rate"", ""2"": ""blocked""}}"
2025-04-08 16:15:53,"{""gw-1"": {""1"": ""blocked"", ""2"": ""rx_and_data_rate""}}"
2025-04-08 16:15:54,"{""gw-1"": {""1"": ""rx_and_data_rate"", ""2"": ""blocked""}}"
2025-04-08 16:15:54,"{""gw-1"": {""1"": ""rx_and_data_rate"", ""2"": ""blocked""}}"
2025-04-08 16:15:56,"{""gw-1"": {""1"": ""blocked"", ""2"": ""rx_and_data_rate""}}"
2025-04-08 16:15:57,"{""gw-1"": {""1"": ""rx_and_data_rate"", ""2"": ""blocked""}}"
2025-04-08 16:16:00,"{""gw-1"": {""1"": ""rx_and_data_rate"", ""2"": ""blocked""}}"
2025-04-08 16:16:01,"{""gw-1"": {""1"": ""blocked"", ""2"": ""rx_and_data_rate""}}"
2025-04-08 16:16:04,"{""gw-1"": {""1"": ""rx_and_data_rate"", ""2"": ""blocked""}}"
2025-04-08 16:16:06,"{""gw-1"": {""1"": ""rx_and_data_rate"", ""2"": ""blocked""}}"
2025-04-08 16:16:06,"{""gw-1"": {""1"": ""rx_and_data_rate"", ""2"": ""blocked""}}"
2025-04-08 16:16:06,"{""gw-1"": {""1"": ""rx_and_data_rate"", ""2"": ""blocked""}}"
2025-04-08 16:16:07,"{""gw-1"": {""1"": ""rx_and_data_rate"", ""2"": ""blocked""}}"
2025-04-08 16:16:11,"{""gw-1"": {""1"": ""rx_and_data_rate"", ""2"": ""blocked""}}"
2025-04-08 16:16:11,"{""gw-1"": {""1"": ""conflict"", ""2"": ""blocked""}}"
2025-04-08 16:16:15,"{""gw-1"": {""1"": ""rx_and_data_rate"", ""2"": ""blocked""}}"
2025-04-08 16:16:18,"{""gw-1"": {""1"": ""blocked"", ""2"": ""rx_and_data_rate""}}"
2025-04-08 16:16:20,"{""gw-1"": {""1"": ""blocked"", ""2"": ""blocked""}}"
2025-04-08 16:16:23,"{""gw-1"": {""1"": ""rx_and_data_rate"", ""2"": ""conflict""}}"
2025-04-08 16:16:25,"{""gw-1"": {""1"": ""rx_and_data_rate"", ""2"": ""blocked""}}"
2025-04-08 16:16:28,"{""gw-1"": {""1"": ""rx_and_data_rate"", ""2"": ""blocked""}}"
2025-04-08 16:16:29,"{""gw-1"": {""1"": ""rx_and_data_rate"", ""2"": ""blocked""}}"
2025-04-08 16:16:36,"{""gw-1"": {""1"": ""rx_and_data_rate"", ""2"": ""blocked""}}"
2025-04-08 16:16:41,"{""gw-1"": {""1"": ""rx_and_data_rate"", ""2"": ""blocked""}}"
2025-04-08 16:16:44,"{""gw-1"": {""1"": ""rx_and_data_rate"", ""2"": ""blocked""}}"
2025-04-08 16:16:47,"{""gw-1"": {""1"": ""blocked"", ""2"": ""rx_and_data_rate""}}"
2025-04-08 16:16:53,"{""gw-1"": {""1"": ""blocked"", ""2"": ""rx_and_data_rate""}}"
2025-04-08 16:16:54,"{""gw-1"": {""1"": ""rx_and_data_rate"", ""2"": ""blocked""}}"
2025-04-08 16:16:55,"{""gw-1"": {""1"": ""blocked"", ""2"": ""rx_and_data_rate""}}"
2025-04-08 16:16:56,"{""gw-1"": {""1"": ""rx_and_data_rate"", ""2"": ""blocked""}}"
2025-04-08 16:16:56,"{""gw-1"": {""1"": ""rx_and_data_rate"", ""2"": ""blocked""}}"
2025-04-08 16:16:57,"{""gw-1"": {""1"": ""rx_and_data_rate"", ""2"": ""blocked""}}"
2025-04-08 16:17:03,"{""gw-1"": {""1"": ""blocked"", ""2"": ""rx_and_data_rate""}}"
2025-04-08 16:17:05,"{""gw-1"": {""1"": ""rx_and_data_rate"", ""2"": ""blocked""}}"
2025-04-08 16:17:06,"{""gw-1"": {""1"": ""rx_and_data_rate"", ""2"": ""blocked""}}"
2025-04-08 16:17:10,"{""gw-1"": {""1"": ""rx_and_data_rate"", ""2"": ""blocked""}}"
2025-04-08 16:17:17,"{""gw-1"": {""1"": ""rx_and_data_rate"", ""2"": ""blocked""}}"
2025-04-08 16:17:17,"{""gw-1"": {""1"": ""rx_and_data_rate"", ""2"": ""blocked""}}"
2025-04-08 16:17:18,"{""gw-1"": {""1"": ""rx_and_data_rate"", ""2"": ""blocked""}}"
2025-04-08 16:17:22,"{""gw-1"": {""1"": ""rx_and_data_rate"", ""2"": ""blocked""}}"
2025-04-08 16:17:33,"{""gw-1"": {""1"": ""rx_and_data_rate"", ""2"": ""blocked""}}"
2025-04-08 16:17:34,"{""gw-1"": {""1"": ""blocked"", ""2"": ""blocked""}}"
2025-04-08 16:17:38,"{""gw-1"": {""1"": ""conflict"", ""2"": ""rx_and_data_rate""}}"
2025-04-08 16:17:38,"{""gw-1"": {""1"": ""rx_and_data_rate"", ""2"": ""blocked""}}"
2025-04-08 16:17:44,"{""gw-1"": {""1"": ""rx_and_data_rate"", ""2"": ""blocked""}}"
2025-04-08 16:17:45,"{""gw-1"": {""1"": ""rx_and_data_rate"", ""2"": ""blocked""}}"
2025-04-08 16:17:46,"{""gw-1"": {""1"": ""rx_and_data_rate"", ""2"": ""blocked""}}"
2025-04-08 16:17:50,"{""gw-1"": {""1"": ""rx_and_data_rate"", ""2"": ""conflict""}}"
2025-04-08 16:17:50,"{""gw-1"": {""1"": ""rx_and_data_rate"", ""2"": ""conflict""}}"
2025-04-08 16:17:53,"{""gw-1"": {""1"": ""rx_and_data_rate"", ""2"": ""blocked""}}"
2025-04-08 16:17:54,"{""gw-1"": {""1"": ""conflict"", ""2"": ""blocked""}}"
2025-04-08 16:17:54,"{""gw-1"": {""1"": ""rx_and_data_rate"", ""2"": ""blocked""}}"
2025-04-08 16:17:54,"{""gw-1"": {""1"": ""rx_and_data_rate"", ""2"": ""blocked""}}"
2025-04-08 16:17:58,"{""gw-1"": {""1"": ""rx_and_data_rate"", ""2"": ""blocked""}}"
2025-04-08 16:17:58,"{""gw-1"": {""1"": ""rx_and_data_rate"", ""2"": ""blocked""}}"
2025-04-08 16:17:59,"{""gw-1"": {""1"": ""rx_and_data_rate"", ""2"": ""blocked""}}"
2025-04-08 16:18:00,"{""gw-1"": {""1"": ""blocked"", ""2"": ""blocked""}}"
2025-04-08 16:18:02,"{""gw-1"": {""1"": ""conflict"", ""2"": ""blocked""}}"
2025-04-08 16:18:05,"{""gw-1"": {""1"": ""rx_and_data_rate"", ""2"": ""blocked""}}"
2025-04-08 16:18:08,"{""gw-1"": {""1"": ""blocked"", ""2"": ""rx_and_data_rate""}}"
2025-04-08 16:18:11,"{""gw-1"": {""1"": ""rx_and_data_rate"", ""2"": ""blocked""}}"
2025-04-08 16:18:12,"{""gw-1"": {""1"": ""rx_and_data_rate"", ""2"": ""blocked""}}"
2025-04-08 16:18:14,"{""gw-1"": {""1"": ""rx_and_data_rate"", ""2"": ""conflict""}}"
2025-04-08 16:18:19,"{""gw-1"": {""1"": ""rx_and_data_rate"", ""2"": ""blocked""}}"
2025-04-08 16:18:19,"{""gw-1"": {""1"": ""rx_and_data_rate"", ""2"": ""blocked""}}"
2025-04-08 16:18:22,"{""gw-1"": {""1"": ""rx_and_data_rate"", ""2"": ""blocked""}}"
2025-04-08 16:18:23,"{""gw-1"": {""1"": ""blocked"", ""2"": ""rx_and_data_rate""}}"
2025-04-08 16:18:24,"{""gw-1"": {""1"": ""rx_and_data_rate"", ""2"": ""blocked""}}"
2025-04-08 16:18:27,"{""gw-1"": {""1"": ""rx_and_data_rate"", ""2"": ""conflict""}}"
2025-04-08 16:18:31,"{""gw-1"": {""1"": ""rx_and_data_rate"", ""2"": ""blocked""}}"
2025-04-08 16:18:33,"{""gw-1"": {""1"": ""rx_and_data_rate"", ""2"": ""blocked""}}"
2025-04-08 16:18:34,"{""gw-1"": {""1"": ""rx_and_data_rate"", ""2"": ""blocked""}}"
2025-04-08 16:18:34,"{""gw-1"": {""1"": ""rx_and_data_rate"", ""2"": ""blocked""}}"
2025-04-08 16:18:36,"{""gw-1"": {""1"": ""rx_and_data_rate"", ""2"": ""blocked""}}"
2025-04-08 16:18:38,"{""gw-1"": {""1"": ""rx_and_data_rate"", ""2"": ""blocked""}}"
2025-04-08 16:18:43,"{""gw-1"": {""1"": ""blocked"", ""2"": ""rx_and_data_rate""}}"
2025-04-08 16:18:43,"{""gw-1"": {""1"": ""rx_and_data_rate"", ""2"": ""conflict""}}"
2025-04-08 16:18:43,"{""gw-1"": {""1"": ""blocked"", ""2"": ""conflict""}}"
2025-04-08 16:18:50,"{""gw-1"": {""1"": ""rx_and_data_rate"", ""2"": ""blocked""}}"
2025-04-08 16:18:51,"{""gw-1"": {""1"": ""rx_and_data_rate"", ""2"": ""blocked""}}"
2025-04-08 16:18:51,"{""gw-1"": {""1"": ""blocked"", ""2"": ""rx_and_data_rate""}}"
2025-04-08 16:18:51,"{""gw-1"": {""1"": ""blocked"", ""2"": ""rx_and_data_rate""}}"
2025-04-08 16:18:52,"{""gw-1"": {""1"": ""rx_and_data_rate"", ""2"": ""blocked""}}"
2025-04-08 16:18:52,"{""gw-1"": {""1"": ""blocked"", ""2"": ""rx_and_data_rate""}}"
2025-04-08 16:18:52,"{""gw-1"": {""1"": ""rx_and_data_rate"", ""2"": ""blocked""}}"
2025-04-08 16:18:53,"{""gw-1"": {""1"": ""blocked"", ""2"": ""rx_and_data_rate""}}"
2025-04-08 16:18:58,"{""gw-1"": {""1"": ""blocked"", ""2"": ""rx_and_data_rate""}}"
2025-04-08 16:19:02,"{""gw-1"": {""1"": ""rx_and_data_rate"", ""2"": ""blocked""}}"
2025-04-08 16:19:03,"{""gw-1"": {""1"": ""blocked"", ""2"": ""rx_and_data_rate""}}"
2025-04-08 16:19:03,"{""gw-1"": {""1"": ""blocked"", ""2"": ""rx_and_data_rate""}}"
2025-04-08 16:19:04,"{""gw-1"": {""1"": ""rx_and_data_rate"", ""2"": ""blocked""}}"
2025-04-08 16:19:05,"{""gw-1"": {""1"": ""blocked"", ""2"": ""blocked""}}"
2025-04-08 16:19:06,"{""gw-1"": {""1"": ""blocked"", ""2"": ""rx_and_data_rate""}}"
2025-04-08 16:19:06,"{""gw-1"": {""1"": ""blocked"", ""2"": ""rx_and_data_rate""}}"
2025-04-08 16:19:07,"{""gw-1"": {""1"": ""rx_and_data_rate"", ""2"": ""blocked""}}"
2025-04-08 16:19:08,"{""gw-1"": {""1"": ""rx_and_data_rate"", ""2"": ""blocked""}}"
2025-04-08 16:19:09,"{""gw-1"": {""1"": ""rx_and_data_rate"", ""2"": ""blocked""}}"
2025-04-08 16:19:12,"{""gw-1"": {""1"": ""rx_and_data_rate"", ""2"": ""blocked""}}"
2025-04-08 16:19:14,"{""gw-1"": {""1"": ""conflict"", ""2"": ""rx_and_data_rate""}}"
2025-04-08 16:19:17,"{""gw-1"": {""1"": ""blocked"", ""2"": ""rx_and_data_rate""}}"
2025-04-08 16:19:18,"{""gw-1"": {""1"": ""rx_and_data_rate"", ""2"": ""blocked""}}"
2025-04-08 16:19:18,"{""gw-1"": {""1"": ""blocked"", ""2"": ""rx_and_data_rate""}}"
2025-04-08 16:19:19,"{""gw-1"": {""1"": ""rx_and_data_rate"", ""2"": ""blocked""}}"
2025-04-08 16:19:20,"{""gw-1"": {""1"": ""rx_and_data_rate"", ""2"": ""blocked""}}"
2025-04-08 16:19:21,"{""gw-1"": {""1"": ""rx_and_data_rate"", ""2"": ""blocked""}}"
2025-04-08 16:19:23,"{""gw-1"": {""1"": ""blocked"", ""2"": ""rx_and_data_rate""}}"
2025-04-08 16:19:28,"{""gw-1"": {""1"": ""blocked"", ""2"": ""rx_and_data_rate""}}"
2025-04-08 16:19:28,"{""gw-1"": {""1"": ""blocked"", ""2"": ""rx_and_data_rate""}}"
2025-04-08 16:19:28,"{""gw-1"": {""1"": ""rx_and_data_rate"", ""2"": ""blocked""}}"
2025-04-08 16:19:31,"{""gw-1"": {""1"": ""rx_and_data_rate"", ""2"": ""blocked""}}"
2025-04-08 16:19:33,"{""gw-1"": {""1"": ""rx_and_data_rate"", ""2"": ""blocked""}}"
2025-04-08 16:19:34,"{""gw-1"": {""1"": ""rx_and_data_rate"", ""2"": ""blocked""}}"
2025-04-08 16:19:34,"{""gw-1"": {""1"": ""blocked"", ""2"": ""blocked""}}"
2025-04-08 16:19:34,"{""gw-1"": {""1"": ""rx_and_data_rate"", ""2"": ""blocked""}}"
2025-04-08 16:19:36,"{""gw-1"": {""1"": ""rx_and_data_rate"", ""2"": ""conflict""}}"
2025-04-08 16:19:37,"{""gw-1"": {""1"": ""rx_and_data_rate"", ""2"": ""blocked""}}"
2025-04-08 16:19:40,"{""gw-1"": {""1"": ""rx_and_data_rate"", ""2"": ""blocked""}}"
2025-04-08 16:19:44,"{""gw-1"": {""1"": ""blocked"", ""2"": ""rx_and_data_rate""}}"
2025-04-08 16:19:45,"{""gw-1"": {""1"": ""rx_and_data_rate"", ""2"": ""blocked""}}"
2025-04-08 16:19:49,"{""gw-1"": {""1"": ""blocked"", ""2"": ""conflict""}}"
2025-04-08 16:19:49,"{""gw-1"": {""1"": ""rx_and_data_rate"", ""2"": ""conflict""}}"
2025-04-08 16:19:55,"{""gw-1"": {""1"": ""rx_and_data_rate"", ""2"": ""blocked""}}"
2025-04-08 16:19:56,"{""gw-1"": {""1"": ""blocked"", ""2"": ""rx_and_data_rate""}}"
2025-04-08 16:19:59,"{""gw-1"": {""1"": ""rx_and_data_rate"", ""2"": ""blocked""}}"
2025-04-08 16:20:00,"{""gw-1"": {""1"": ""rx_and_data_rate"", ""2"": ""blocked""}}"
2025-04-08 16:20:03,"{""gw-1"": {""1"": ""rx_and_data_rate"", ""2"": ""blocked""}}"
2025-04-08 16:20:03,"{""gw-1"": {""1"": ""conflict"", ""2"": ""rx_and_data_rate""}}"
2025-04-08 16:20:08,"{""gw-1"": {""1"": ""blocked"", ""2"": ""rx_and_data_rate""}}"
2025-04-08 16:20:09,"{""gw-1"": {""1"": ""rx_and_data_rate"", ""2"": ""blocked""}}"
2025-04-08 16:20:10,"{""gw-1"": {""1"": ""rx_and_data_rate"", ""2"": ""blocked""}}"
2025-04-08 16:20:10,"{""gw-1"": {""1"": ""rx_and_data_rate"", ""2"": ""blocked""}}"
2025-04-08 16:20:10,"{""gw-1"": {""1"": ""rx_and_data_rate"", ""2"": ""blocked""}}"
2025-04-08 16:20:11,"{""gw-1"": {""1"": ""rx_and_data_rate"", ""2"": ""blocked""}}"
2025-04-08 16:20:11,"{""gw-1"": {""1"": ""blocked"", ""2"": ""rx_and_data_rate""}}"
2025-04-08 16:20:15,"{""gw-1"": {""1"": ""rx_and_data_rate"", ""2"": ""conflict""}}"
2025-04-08 16:20:17,"{""gw-1"": {""1"": ""blocked"", ""2"": ""rx_and_data_rate""}}"
2025-04-08 16:20:18,"{""gw-1"": {""1"": ""blocked"", ""2"": ""rx_and_data_rate""}}"
2025-04-08 16:20:19,"{""gw-1"": {""1"": ""blocked"", ""2"": ""blocked""}}"
2025-04-08 16:20:20,"{""gw-1"": {""1"": ""rx_and_data_rate"", ""2"": ""blocked""}}"
2025-04-08 16:20:21,"{""gw-1"": {""1"": ""rx_and_data_rate"", ""2"": ""blocked""}}"
2025-04-08 16:20:21,"{""gw-1"": {""1"": ""rx_and_data_rate"", ""2"": ""blocked""}}"
2025-04-08 16:20:21,"{""gw-1"": {""1"": ""rx_and_data_rate"", ""2"": ""blocked""}}"
2025-04-08 16:20:22,"{""gw-1"": {""1"": ""rx_and_data_rate"", ""2"": ""blocked""}}"
2025-04-08 16:20:23,"{""gw-1"": {""1"": ""blocked"", ""2"": ""rx_and_data_rate""}}"
2025-04-08 16:20:25,"{""gw-1"": {""1"": ""rx_and_data_rate"", ""2"": ""blocked""}}"
2025-04-08 16:20:25,"{""gw-1"": {""1"": ""rx_and_data_rate"", ""2"": ""blocked""}}"
2025-04-08 16:20:35,"{""gw-1"": {""1"": ""rx_and_data_rate"", ""2"": ""blocked""}}"
2025-04-08 16:20:52,"{""gw-1"": {""1"": ""rx_and_data_rate"", ""2"": ""blocked""}}"
2025-04-08 16:20:58,"{""gw-1"": {""1"": ""blocked"", ""2"": ""rx_and_data_rate""}}"
2025-04-08 16:21:01,"{""gw-1"": {""1"": ""blocked"", ""2"": ""rx_and_data_rate""}}"
2025-04-08 16:21:03,"{""gw-1"": {""1"": ""rx_and_data_rate"", ""2"": ""blocked""}}"
2025-04-08 16:21:11,"{""gw-1"": {""1"": ""rx_and_data_rate"", ""2"": ""blocked""}}"
2025-04-08 16:21:16,"{""gw-1"": {""1"": ""conflict"", ""2"": ""rx_and_data_rate""}}"
2025-04-08 16:21:19,"{""gw-1"": {""1"": ""blocked"", ""2"": ""rx_and_data_rate""}}"
2025-04-08 16:21:20,"{""gw-1"": {""1"": ""rx_and_data_rate"", ""2"": ""blocked""}}"
2025-04-08 16:21:22,"{""gw-1"": {""1"": ""rx_and_data_rate"", ""2"": ""blocked""}}"
2025-04-08 16:21:22,"{""gw-1"": {""1"": ""rx_and_data_rate"", ""2"": ""blocked""}}"
2025-04-08 16:21:31,"{""gw-1"": {""1"": ""blocked"", ""2"": ""rx_and_data_rate""}}"
2025-04-08 16:21:34,"{""gw-1"": {""1"": ""blocked"", ""2"": ""rx_and_data_rate""}}"
2025-04-08 16:21:36,"{""gw-1"": {""1"": ""rx_and_data_rate"", ""2"": ""blocked""}}"
2025-04-08 16:21:36,"{""gw-1"": {""1"": ""rx_and_data_rate"", ""2"": ""blocked""}}"
2025-04-08 16:21:50,"{""gw-1"": {""1"": ""rx_and_data_rate"", ""2"": ""blocked""}}"
2025-04-08 16:21:50,"{""gw-1"": {""1"": ""rx_and_data_rate"", ""2"": ""blocked""}}"
2025-04-08 16:21:53,"{""gw-1"": {""1"": ""rx_and_data_rate"", ""2"": ""blocked""}}"
2025-04-08 16:21:54,"{""gw-1"": {""1"": ""blocked"", ""2"": ""rx_and_data_rate""}}"
2025-04-08 16:22:03,"{""gw-1"": {""1"": ""rx_and_data_rate"", ""2"": ""blocked""}}"
2025-04-08 16:22:04,"{""gw-1"": {""1"": ""rx_and_data_rate"", ""2"": ""blocked""}}"
2025-04-08 16:22:10,"{""gw-1"": {""1"": ""rx_and_data_rate"", ""2"": ""blocked""}}"
2025-04-08 16:22:11,"{""gw-1"": {""1"": ""blocked"", ""2"": ""rx_and_data_rate""}}"
2025-04-08 16:22:12,"{""gw-1"": {""1"": ""rx_and_data_rate"", ""2"": ""blocked""}}"
2025-04-08 16:22:15,"{""gw-1"": {""1"": ""rx_and_data_rate"", ""2"": ""blocked""}}"
2025-04-08 16:22:16,"{""gw-1"": {""1"": ""rx_and_data_rate"", ""2"": ""blocked""}}"
2025-04-08 16:22:20,"{""gw-1"": {""1"": ""blocked"", ""2"": ""rx_and_data_rate""}}"
2025-04-08 16:22:26,"{""gw-1"": {""1"": ""rx_and_data_rate"", ""2"": ""blocked""}}"
2025-04-08 16:22:34,"{""gw-1"": {""1"": ""rx_and_data_rate"", ""2"": ""blocked""}}"
2025-04-08 16:22:36,"{""gw-1"": {""1"": ""blocked"", ""2"": ""rx_and_data_rate""}}"
2025-04-08 16:22:39,"{""gw-1"": {""1"": ""rx_and_data_rate"", ""2"": ""blocked""}}"
2025-04-08 16:22:42,"{""gw-1"": {""1"": ""rx_and_data_rate"", ""2"": ""blocked""}}"
2025-04-08 16:22:46,"{""gw-1"": {""1"": ""rx_and_data_rate"", ""2"": ""conflict""}}"
2025-04-08 16:22:47,"{""gw-1"": {""1"": ""conflict"", ""2"": ""rx_and_data_rate""}}"
2025-04-08 16:22:48,"{""gw-1"": {""1"": ""rx_and_data_rate"", ""2"": ""blocked""}}"
2025-04-08 16:22:50,"{""gw-1"": {""1"": ""rx_and_data_rate"", ""2"": ""blocked""}}"
2025-04-08 16:22:51,"{""gw-1"": {""1"": ""rx_and_data_rate"", ""2"": ""blocked""}}"
2025-04-08 16:22:53,"{""gw-1"": {""1"": ""rx_and_data_rate"", ""2"": ""blocked""}}"
2025-04-08 16:22:55,"{""gw-1"": {""1"": ""rx_and_data_rate"", ""2"": ""blocked""}}"
2025-04-08 16:22:57,"{""gw-1"": {""1"": ""blocked"", ""2"": ""blocked""}}"
2025-04-08 16:23:08,"{""gw-1"": {""1"": ""rx_and_data_rate"", ""2"": ""blocked""}}"
2025-04-08 16:23:20,"{""gw-1"": {""1"": ""rx_and_data_rate"", ""2"": ""blocked""}}"
2025-04-08 16:23:20,"{""gw-1"": {""1"": ""rx_and_data_rate"", ""2"": ""blocked""}}"
2025-04-08 16:23:21,"{""gw-1"": {""1"": ""blocked"", ""2"": ""rx_and_data_rate""}}"
2025-04-08 16:23:22,"{""gw-1"": {""1"": ""rx_and_data_rate"", ""2"": ""blocked""}}"
2025-04-08 16:23:23,"{""gw-1"": {""1"": ""rx_and_data_rate"", ""2"": ""blocked""}}"
2025-04-08 16:23:24,"{""gw-1"": {""1"": ""rx_and_data_rate"", ""2"": ""blocked""}}"
2025-04-08 16:23:31,"{""gw-1"": {""1"": ""rx_and_data_rate"", ""2"": ""blocked""}}"
2025-04-08 16:23:32,"{""gw-1"": {""1"": ""rx_and_data_rate"", ""2"": ""blocked""}}"
2025-04-08 16:23:35,"{""gw-1"": {""1"": ""rx_and_data_rate"", ""2"": ""blocked""}}"
2025-04-08 16:23:56,"{""gw-1"": {""1"": ""conflict"", ""2"": ""rx_and_data_rate""}}"
2025-04-08 16:23:59,"{""gw-1"": {""1"": ""blocked"", ""2"": ""rx_and_data_rate""}}"
2025-04-08 16:24:04,"{""gw-1"": {""1"": ""rx_and_data_rate"", ""2"": ""blocked""}}"
2025-04-08 16:24:09,"{""gw-1"": {""1"": ""blocked"", ""2"": ""rx_and_data_rate""}}"
2025-04-08 16:24:10,"{""gw-1"": {""1"": ""conflict"", ""2"": ""rx_and_data_rate""}}"
2025-04-08 16:24:13,"{""gw-1"": {""1"": ""rx_and_data_rate"", ""2"": ""blocked""}}"
2025-04-08 16:24:15,"{""gw-1"": {""1"": ""rx_and_data_rate"", ""2"": ""blocked""}}"
2025-04-08 16:24:16,"{""gw-1"": {""1"": ""rx_and_data_rate"", ""2"": ""blocked""}}"
2025-04-08 16:24:16,"{""gw-1"": {""1"": ""rx_and_data_rate"", ""2"": ""blocked""}}"
2025-04-08 16:24:18,"{""gw-1"": {""1"": ""rx_and_data_rate"", ""2"": ""blocked""}}"
2025-04-08 16:24:22,"{""gw-1"": {""1"": ""rx_and_data_rate"", ""2"": ""conflict""}}"
2025-04-08 16:24:25,"{""gw-1"": {""1"": ""rx_and_data_rate"", ""2"": ""blocked""}}"
2025-04-08 16:24:28,"{""gw-1"": {""1"": ""rx_and_data_rate"", ""2"": ""blocked""}}"
2025-04-08 16:24:29,"{""gw-1"": {""1"": ""blocked"", ""2"": ""rx_and_data_rate""}}"
2025-04-08 16:24:29,"{""gw-1"": {""1"": ""rx_and_data_rate"", ""2"": ""blocked""}}"
2025-04-08 16:24:30,"{""gw-1"": {""1"": ""rx_and_data_rate"", ""2"": ""blocked""}}"
2025-04-08 16:24:31,"{""gw-1"": {""1"": ""rx_and_data_rate"", ""2"": ""blocked""}}"
2025-04-08 16:24:35,"{""gw-1"": {""1"": ""conflict"", ""2"": ""rx_and_data_rate""}}"
2025-04-08 16:24:40,"{""gw-1"": {""1"": ""rx_and_data_rate"", ""2"": ""blocked""}}"
2025-04-08 16:24:49,"{""gw-1"": {""1"": ""rx_and_data_rate"", ""2"": ""blocked""}}"
2025-04-08 16:24:49,"{""gw-1"": {""1"": ""conflict"", ""2"": ""rx_and_data_rate""}}"
2025-04-08 16:24:53,"{""gw-1"": {""1"": ""rx_and_data_rate"", ""2"": ""blocked""}}"
2025-04-08 16:24:54,"{""gw-1"": {""1"": ""rx_and_data_rate"", ""2"": ""blocked""}}"
2025-04-08 16:24:55,"{""gw-1"": {""1"": ""rx_and_data_rate"", ""2"": ""blocked""}}"
2025-04-08 16:24:56,"{""gw-1"": {""1"": ""rx_and_data_rate"", ""2"": ""blocked""}}"
2025-04-08 16:24:58,"{""gw-1"": {""1"": ""rx_and_data_rate"", ""2"": ""blocked""}}"
2025-04-08 16:25:03,"{""gw-1"": {""1"": ""rx_and_data_rate"", ""2"": ""conflict""}}"
2025-04-08 16:25:03,"{""gw-1"": {""1"": ""rx_and_data_rate"", ""2"": ""blocked""}}"
2025-04-08 16:25:07,"{""gw-1"": {""1"": ""rx_and_data_rate"", ""2"": ""blocked""}}"
2025-04-08 16:25:09,"{""gw-1"": {""1"": ""rx_and_data_rate"", ""2"": ""blocked""}}"
2025-04-08 16:25:09,"{""gw-1"": {""1"": ""rx_and_data_rate"", ""2"": ""blocked""}}"
2025-04-08 16:25:11,"{""gw-1"": {""1"": ""rx_and_data_rate"", ""2"": ""blocked""}}"
2025-04-08 16:25:11,"{""gw-1"": {""1"": ""rx_and_data_rate"", ""2"": ""blocked""}}"
2025-04-08 16:25:21,"{""gw-1"": {""1"": ""rx_and_data_rate"", ""2"": ""blocked""}}"
2025-04-08 16:25:22,"{""gw-1"": {""1"": ""rx_and_data_rate"", ""2"": ""blocked""}}"
2025-04-08 16:25:23,"{""gw-1"": {""1"": ""rx_and_data_rate"", ""2"": ""blocked""}}"
2025-04-08 16:25:23,"{""gw-1"": {""1"": ""rx_and_data_rate"", ""2"": ""blocked""}}"
2025-04-08 16:25:25,"{""gw-1"": {""1"": ""rx_and_data_rate"", ""2"": ""blocked""}}"
2025-04-08 16:25:28,"{""gw-1"": {""1"": ""rx_and_data_rate"", ""2"": ""blocked""}}"
2025-04-08 16:25:29,"{""gw-1"": {""1"": ""rx_and_data_rate"", ""2"": ""conflict""}}"
2025-04-08 16:25:30,"{""gw-1"": {""1"": ""rx_and_data_rate"", ""2"": ""blocked""}}"
2025-04-08 16:25:30,"{""gw-1"": {""1"": ""rx_and_data_rate"", ""2"": ""blocked""}}"
2025-04-08 16:25:35,"{""gw-1"": {""1"": ""blocked"", ""2"": ""rx_and_data_rate""}}"
2025-04-08 16:25:35,"{""gw-1"": {""1"": ""blocked"", ""2"": ""rx_and_data_rate""}}"
2025-04-08 16:25:36,"{""gw-1"": {""1"": ""rx_and_data_rate"", ""2"": ""blocked""}}"
2025-04-08 16:25:38,"{""gw-1"": {""1"": ""blocked"", ""2"": ""blocked""}}"
2025-04-08 16:25:39,"{""gw-1"": {""1"": ""blocked"", ""2"": ""blocked""}}"
2025-04-08 16:25:39,"{""gw-1"": {""1"": ""rx_and_data_rate"", ""2"": ""blocked""}}"
2025-04-08 16:25:47,"{""gw-1"": {""1"": ""rx_and_data_rate"", ""2"": ""blocked""}}"
2025-04-08 16:25:49,"{""gw-1"": {""1"": ""rx_and_data_rate"", ""2"": ""blocked""}}"
2025-04-08 16:25:51,"{""gw-1"": {""1"": ""blocked"", ""2"": ""rx_and_data_rate""}}"
2025-04-08 16:25:52,"{""gw-1"": {""1"": ""rx_and_data_rate"", ""2"": ""blocked""}}"
2025-04-08 16:25:52,"{""gw-1"": {""1"": ""rx_and_data_rate"", ""2"": ""blocked""}}"
2025-04-08 16:25:53,"{""gw-1"": {""1"": ""blocked"", ""2"": ""rx_and_data_rate""}}"
2025-04-08 16:26:02,"{""gw-1"": {""1"": ""rx_and_data_rate"", ""2"": ""blocked""}}"
2025-04-08 16:26:04,"{""gw-1"": {""1"": ""rx_and_data_rate"", ""2"": ""blocked""}}"
2025-04-08 16:26:05,"{""gw-1"": {""1"": ""rx_and_data_rate"", ""2"": ""blocked""}}"
2025-04-08 16:26:09,"{""gw-1"": {""1"": ""rx_and_data_rate"", ""2"": ""conflict""}}"
2025-04-08 16:26:14,"{""gw-1"": {""1"": ""rx_and_data_rate"", ""2"": ""blocked""}}"
2025-04-08 16:26:15,"{""gw-1"": {""1"": ""blocked"", ""2"": ""rx_and_data_rate""}}"
2025-04-08 16:26:17,"{""gw-1"": {""1"": ""rx_and_data_rate"", ""2"": ""blocked""}}"
2025-04-08 16:26:24,"{""gw-1"": {""1"": ""rx_and_data_rate"", ""2"": ""blocked""}}"
2025-04-08 16:26:31,"{""gw-1"": {""1"": ""rx_and_data_rate"", ""2"": ""blocked""}}"
2025-04-08 16:26:34,"{""gw-1"": {""1"": ""blocked"", ""2"": ""rx_and_data_rate""}}"
2025-04-08 16:26:35,"{""gw-1"": {""1"": ""rx_and_data_rate"", ""2"": ""conflict""}}"
2025-04-08 16:26:40,"{""gw-1"": {""1"": ""rx_and_data_rate"", ""2"": ""blocked""}}"
2025-04-08 16:26:42,"{""gw-1"": {""1"": ""blocked"", ""2"": ""rx_and_data_rate""}}"
2025-04-08 16:26:42,"{""gw-1"": {""1"": ""blocked"", ""2"": ""rx_and_data_rate""}}"
2025-04-08 16:26:44,"{""gw-1"": {""1"": ""rx_and_data_rate"", ""2"": ""blocked""}}"
2025-04-08 16:26:54,"{""gw-1"": {""1"": ""blocked"", ""2"": ""rx_and_data_rate""}}"
2025-04-08 16:26:58,"{""gw-1"": {""1"": ""rx_and_data_rate"", ""2"": ""blocked""}}"
2025-04-08 16:27:05,"{""gw-1"": {""1"": ""rx_and_data_rate"", ""2"": ""blocked""}}"
2025-04-08 16:27:07,"{""gw-1"": {""1"": ""rx_and_data_rate"", ""2"": ""blocked""}}"
2025-04-08 16:27:10,"{""gw-1"": {""1"": ""rx_and_data_rate"", ""2"": ""blocked""}}"
2025-04-08 16:27:19,"{""gw-1"": {""1"": ""rx_and_data_rate"", ""2"": ""blocked""}}"
2025-04-08 16:27:22,"{""gw-1"": {""1"": ""rx_and_data_rate"", ""2"": ""blocked""}}"
2025-04-08 16:27:29,"{""gw-1"": {""1"": ""rx_and_data_rate"", ""2"": ""blocked""}}"
2025-04-08 16:27:35,"{""gw-1"": {""1"": ""blocked"", ""2"": ""rx_and_data_rate""}}"
2025-04-08 16:27:36,"{""gw-1"": {""1"": ""rx_and_data_rate"", ""2"": ""blocked""}}"
2025-04-08 16:27:37,"{""gw-1"": {""1"": ""blocked"", ""2"": ""rx_and_data_rate""}}"
2025-04-08 16:27:38,"{""gw-1"": {""1"": ""rx_and_data_rate"", ""2"": ""blocked""}}"
2025-04-08 16:27:40,"{""gw-1"": {""1"": ""blocked"", ""2"": ""rx_and_data_rate""}}"
2025-04-08 16:27:40,"{""gw-1"": {""1"": ""rx_and_data_rate"", ""2"": ""blocked""}}"
2025-04-08 16:27:41,"{""gw-1"": {""1"": ""rx_and_data_rate"", ""2"": ""blocked""}}"
2025-04-08 16:27:41,"{""gw-1"": {""1"": ""rx_and_data_rate"", ""2"": ""blocked""}}"
2025-04-08 16:27:43,"{""gw-1"": {""1"": ""conflict"", ""2"": ""rx_and_data_rate""}}"
2025-04-08 16:27:47,"{""gw-1"": {""1"": ""blocked"", ""2"": ""blocked""}}"
2025-04-08 16:27:48,"{""gw-1"": {""1"": ""blocked"", ""2"": ""blocked""}}"
2025-04-08 16:27:48,"{""gw-1"": {""1"": ""blocked"", ""2"": ""rx_and_data_rate""}}"
2025-04-08 16:27:49,"{""gw-1"": {""1"": ""rx_and_data_rate"", ""2"": ""blocked""}}"
2025-04-08 16:27:51,"{""gw-1"": {""1"": ""rx_and_data_rate"", ""2"": ""blocked""}}"
2025-04-08 16:27:52,"{""gw-1"": {""1"": ""blocked"", ""2"": ""rx_and_data_rate""}}"
2025-04-08 16:27:53,"{""gw-1"": {""1"": ""rx_and_data_rate"", ""2"": ""blocked""}}"
2025-04-08 16:28:12,"{""gw-1"": {""1"": ""rx_and_data_rate"", ""2"": ""blocked""}}"
2025-04-08 16:28:12,"{""gw-1"": {""1"": ""rx_and_data_rate"", ""2"": ""blocked""}}"
2025-04-08 16:28:17,"{""gw-1"": {""1"": ""rx_and_data_rate"", ""2"": ""blocked""}}"
2025-04-08 16:28:21,"{""gw-1"": {""1"": ""conflict"", ""2"": ""rx_and_data_rate""}}"
2025-04-08 16:28:22,"{""gw-1"": {""1"": ""rx_and_data_rate"", ""2"": ""blocked""}}"
2025-04-08 16:28:26,"{""gw-1"": {""1"": ""rx_and_data_rate"", ""2"": ""blocked""}}"
2025-04-08 16:28:31,"{""gw-1"": {""1"": ""rx_and_data_rate"", ""2"": ""blocked""}}"
2025-04-08 16:28:40,"{""gw-1"": {""1"": ""rx_and_data_rate"", ""2"": ""blocked""}}"
2025-04-08 16:28:41,"{""gw-1"": {""1"": ""blocked"", ""2"": ""blocked""}}"
2025-04-08 16:28:43,"{""gw-1"": {""1"": ""rx_and_data_rate"", ""2"": ""blocked""}}"
2025-04-08 16:28:46,"{""gw-1"": {""1"": ""rx_and_data_rate"", ""2"": ""blocked""}}"
2025-04-08 16:28:47,"{""gw-1"": {""1"": ""blocked"", ""2"": ""rx_and_data_rate""}}"
2025-04-08 16:28:49,"{""gw-1"": {""1"": ""rx_and_data_rate"", ""2"": ""blocked""}}"
2025-04-08 16:28:53,"{""gw-1"": {""1"": ""rx_and_data_rate"", ""2"": ""blocked""}}"
2025-04-08 16:28:58,"{""gw-1"": {""1"": ""rx_and_data_rate"", ""2"": ""blocked""}}"
2025-04-08 16:29:01,"{""gw-1"": {""1"": ""rx_and_data_rate"", ""2"": ""conflict""}}"
2025-04-08 16:29:06,"{""gw-1"": {""1"": ""rx_and_data_rate"", ""2"": ""blocked""}}"
2025-04-08 16:29:06,"{""gw-1"": {""1"": ""blocked"", ""2"": ""rx_and_data_rate""}}"
2025-04-08 16:29:06,"{""gw-1"": {""1"": ""rx_and_data_rate"", ""2"": ""blocked""}}"
2025-04-08 16:29:09,"{""gw-1"": {""1"": ""blocked"", ""2"": ""rx_and_data_rate""}}"
2025-04-08 16:29:17,"{""gw-1"": {""1"": ""blocked"", ""2"": ""rx_and_data_rate""}}"
2025-04-08 16:29:19,"{""gw-1"": {""1"": ""rx_and_data_rate"", ""2"": ""conflict""}}"
2025-04-08 16:29:19,"{""gw-1"": {""1"": ""blocked"", ""2"": ""rx_and_data_rate""}}"
2025-04-08 16:29:25,"{""gw-1"": {""1"": ""blocked"", ""2"": ""rx_and_data_rate""}}"
2025-04-08 16:29:35,"{""gw-1"": {""1"": ""conflict"", ""2"": ""conflict""}}"
2025-04-08 16:29:38,"{""gw-1"": {""1"": ""rx_and_data_rate"", ""2"": ""blocked""}}"
2025-04-08 16:29:40,"{""gw-1"": {""1"": ""rx_and_data_rate"", ""2"": ""blocked""}}"
2025-04-08 16:29:43,"{""gw-1"": {""1"": ""rx_and_data_rate"", ""2"": ""blocked""}}"
2025-04-08 16:29:45,"{""gw-1"": {""1"": ""rx_and_data_rate"", ""2"": ""blocked""}}"
2025-04-08 16:29:48,"{""gw-1"": {""1"": ""blocked"", ""2"": ""rx_and_data_rate""}}"
2025-04-08 16:29:49,"{""gw-1"": {""1"": ""rx_and_data_rate"", ""2"": ""blocked""}}"
2025-04-08 16:29:52,"{""gw-1"": {""1"": ""blocked"", ""2"": ""rx_and_data_rate""}}"
2025-04-08 16:29:53,"{""gw-1"": {""1"": ""rx_and_data_rate"", ""2"": ""blocked""}}"
2025-04-08 16:29:58,"{""gw-1"": {""1"": ""rx_and_data_rate"", ""2"": ""blocked""}}"
2025-04-08 16:29:59,"{""gw-1"": {""1"": ""rx_and_data_rate"", ""2"": ""conflict""}}"
2025-04-08 16:30:00,"{""gw-1"": {""1"": ""rx_and_data_rate"", ""2"": ""conflict""}}"
2025-04-08 16:30:06,"{""gw-1"": {""1"": ""rx_and_data_rate"", ""2"": ""blocked""}}"
2025-04-08 16:30:06,"{""gw-1"": {""1"": ""blocked"", ""2"": ""rx_and_data_rate""}}"
2025-04-08 16:30:08,"{""gw-1"": {""1"": ""rx_and_data_rate"", ""2"": ""blocked""}}"
2025-04-08 16:30:09,"{""gw-1"": {""1"": ""rx_and_data_rate"", ""2"": ""blocked""}}"
2025-04-08 16:30:13,"{""gw-1"": {""1"": ""conflict"", ""2"": ""rx_and_data_rate""}}"
2025-04-08 16:30:16,"{""gw-1"": {""1"": ""blocked"", ""2"": ""rx_and_data_rate""}}"
2025-04-08 16:30:25,"{""gw-1"": {""1"": ""rx_and_data_rate"", ""2"": ""conflict""}}"
2025-04-08 16:30:26,"{""gw-1"": {""1"": ""rx_and_data_rate"", ""2"": ""blocked""}}"
2025-04-08 16:30:31,"{""gw-1"": {""1"": ""rx_and_data_rate"", ""2"": ""blocked""}}"
2025-04-08 16:30:31,"{""gw-1"": {""1"": ""rx_and_data_rate"", ""2"": ""blocked""}}"
2025-04-08 16:30:31,"{""gw-1"": {""1"": ""rx_and_data_rate"", ""2"": ""blocked""}}"
2025-04-08 16:30:36,"{""gw-1"": {""1"": ""rx_and_data_rate"", ""2"": ""blocked""}}"
2025-04-08 16:30:42,"{""gw-1"": {""1"": ""rx_and_data_rate"", ""2"": ""blocked""}}"
2025-04-08 16:30:43,"{""gw-1"": {""1"": ""rx_and_data_rate"", ""2"": ""blocked""}}"
2025-04-08 16:30:49,"{""gw-1"": {""1"": ""rx_and_data_rate"", ""2"": ""conflict""}}"
2025-04-08 16:30:50,"{""gw-1"": {""1"": ""rx_and_data_rate"", ""2"": ""blocked""}}"
2025-04-08 16:30:50,"{""gw-1"": {""1"": ""rx_and_data_rate"", ""2"": ""blocked""}}"
2025-04-08 16:30:55,"{""gw-1"": {""1"": ""rx_and_data_rate"", ""2"": ""blocked""}}"
2025-04-08 16:30:55,"{""gw-1"": {""1"": ""rx_and_data_rate"", ""2"": ""blocked""}}"
2025-04-08 16:30:59,"{""gw-1"": {""1"": ""rx_and_data_rate"", ""2"": ""blocked""}}"
2025-04-08 16:31:02,"{""gw-1"": {""1"": ""blocked"", ""2"": ""rx_and_data_rate""}}"
2025-04-08 16:31:12,"{""gw-1"": {""1"": ""rx_and_data_rate"", ""2"": ""blocked""}}"
2025-04-08 16:31:21,"{""gw-1"": {""1"": ""rx_and_data_rate"", ""2"": ""blocked""}}"
2025-04-08 16:31:23,"{""gw-1"": {""1"": ""blocked"", ""2"": ""blocked""}}"
2025-04-08 16:31:23,"{""gw-1"": {""1"": ""rx_and_data_rate"", ""2"": ""blocked""}}"
2025-04-08 16:31:24,"{""gw-1"": {""1"": ""rx_and_data_rate"", ""2"": ""blocked""}}"
2025-04-08 16:31:25,"{""gw-1"": {""1"": ""rx_and_data_rate"", ""2"": ""blocked""}}"
2025-04-08 16:31:26,"{""gw-1"": {""1"": ""rx_and_data_rate"", ""2"": ""blocked""}}"
2025-04-08 16:31:37,"{""gw-1"": {""1"": ""rx_and_data_rate"", ""2"": ""blocked""}}"
2025-04-08 16:31:39,"{""gw-1"": {""1"": ""rx_and_data_rate"", ""2"": ""blocked""}}"
2025-04-08 16:31:40,"{""gw-1"": {""1"": ""rx_and_data_rate"", ""2"": ""blocked""}}"
2025-04-08 16:31:41,"{""gw-1"": {""1"": ""rx_and_data_rate"", ""2"": ""blocked""}}"
2025-04-08 16:31:55,"{""gw-1"": {""1"": ""rx_and_data_rate"", ""2"": ""blocked""}}"
2025-04-08 16:31:57,"{""gw-1"": {""1"": ""rx_and_data_rate"", ""2"": ""blocked""}}"
2025-04-08 16:32:00,"{""gw-1"": {""1"": ""rx_and_data_rate"", ""2"": ""blocked""}}"
2025-04-08 16:32:00,"{""gw-1"": {""1"": ""conflict"", ""2"": ""rx_and_data_rate""}}"
2025-04-08 16:32:01,"{""gw-1"": {""1"": ""conflict"", ""2"": ""rx_and_data_rate""}}"
2025-04-08 16:32:06,"{""gw-1"": {""1"": ""rx_and_data_rate"", ""2"": ""blocked""}}"
2025-04-08 16:32:06,"{""gw-1"": {""1"": ""blocked"", ""2"": ""rx_and_data_rate""}}"
2025-04-08 16:32:06,"{""gw-1"": {""1"": ""blocked"", ""2"": ""rx_and_data_rate""}}"
2025-04-08 16:32:06,"{""gw-1"": {""1"": ""blocked"", ""2"": ""rx_and_data_rate""}}"
2025-04-08 16:32:12,"{""gw-1"": {""1"": ""conflict"", ""2"": ""rx_and_data_rate""}}"
2025-04-08 16:32:16,"{""gw-1"": {""1"": ""rx_and_data_rate"", ""2"": ""blocked""}}"
2025-04-08 16:32:17,"{""gw-1"": {""1"": ""rx_and_data_rate"", ""2"": ""blocked""}}"
2025-04-08 16:32:20,"{""gw-1"": {""1"": ""rx_and_data_rate"", ""2"": ""blocked""}}"
2025-04-08 16:32:21,"{""gw-1"": {""1"": ""rx_and_data_rate"", ""2"": ""blocked""}}"
2025-04-08 16:32:29,"{""gw-1"": {""1"": ""blocked"", ""2"": ""rx_and_data_rate""}}"
2025-04-08 16:32:29,"{""gw-1"": {""1"": ""rx_and_data_rate"", ""2"": ""blocked""}}"
2025-04-08 16:32:30,"{""gw-1"": {""1"": ""blocked"", ""2"": ""rx_and_data_rate""}}"
2025-04-08 16:32:34,"{""gw-1"": {""1"": ""rx_and_data_rate"", ""2"": ""blocked""}}"
2025-04-08 16:32:36,"{""gw-1"": {""1"": ""rx_and_data_rate"", ""2"": ""conflict""}}"
2025-04-08 16:32:40,"{""gw-1"": {""1"": ""blocked"", ""2"": ""rx_and_data_rate""}}"
2025-04-08 16:32:40,"{""gw-1"": {""1"": ""rx_and_data_rate"", ""2"": ""blocked""}}"
2025-04-08 16:32:42,"{""gw-1"": {""1"": ""rx_and_data_rate"", ""2"": ""blocked""}}"
2025-04-08 16:32:46,"{""gw-1"": {""1"": ""rx_and_data_rate"", ""2"": ""blocked""}}"
2025-04-08 16:32:50,"{""gw-1"": {""1"": ""rx_and_data_rate"", ""2"": ""blocked""}}"
2025-04-08 16:32:56,"{""gw-1"": {""1"": ""rx_and_data_rate"", ""2"": ""blocked""}}"
2025-04-08 16:33:00,"{""gw-1"": {""1"": ""rx_and_data_rate"", ""2"": ""blocked""}}"
2025-04-08 16:33:00,"{""gw-1"": {""1"": ""blocked"", ""2"": ""rx_and_data_rate""}}"
2025-04-08 16:33:01,"{""gw-1"": {""1"": ""rx_and_data_rate"", ""2"": ""conflict""}}"
2025-04-08 16:33:06,"{""gw-1"": {""1"": ""rx_and_data_rate"", ""2"": ""blocked""}}"
2025-04-08 16:33:08,"{""gw-1"": {""1"": ""rx_and_data_rate"", ""2"": ""blocked""}}"
2025-04-08 16:33:08,"{""gw-1"": {""1"": ""rx_and_data_rate"", ""2"": ""blocked""}}"
2025-04-08 16:33:08,"{""gw-1"": {""1"": ""rx_and_data_rate"", ""2"": ""blocked""}}"
2025-04-08 16:33:09,"{""gw-1"": {""1"": ""rx_and_data_rate"", ""2"": ""blocked""}}"
2025-04-08 16:33:10,"{""gw-1"": {""1"": ""rx_and_data_rate"", ""2"": ""blocked""}}"
2025-04-08 16:33:17,"{""gw-1"": {""1"": ""rx_and_data_rate"", ""2"": ""blocked""}}"
2025-04-08 16:33:21,"{""gw-1"": {""1"": ""rx_and_data_rate"", ""2"": ""blocked""}}"
2025-04-08 16:33:25,"{""gw-1"": {""1"": ""rx_and_data_rate"", ""2"": ""blocked""}}"
2025-04-08 16:33:27,"{""gw-1"": {""1"": ""rx_and_data_rate"", ""2"": ""blocked""}}"
2025-04-08 16:33:31,"{""gw-1"": {""1"": ""blocked"", ""2"": ""rx_and_data_rate""}}"
2025-04-08 16:33:31,"{""gw-1"": {""1"": ""blocked"", ""2"": ""rx_and_data_rate""}}"
2025-04-08 16:33:31,"{""gw-1"": {""1"": ""blocked"", ""2"": ""rx_and_data_rate""}}"
2025-04-08 16:33:33,"{""gw-1"": {""1"": ""rx_and_data_rate"", ""2"": ""conflict""}}"
2025-04-08 16:33:37,"{""gw-1"": {""1"": ""rx_and_data_rate"", ""2"": ""blocked""}}"
2025-04-08 16:33:39,"{""gw-1"": {""1"": ""rx_and_data_rate"", ""2"": ""blocked""}}"
2025-04-08 16:33:40,"{""gw-1"": {""1"": ""rx_and_data_rate"", ""2"": ""blocked""}}"
2025-04-08 16:33:50,"{""gw-1"": {""1"": ""conflict"", ""2"": ""rx_and_data_rate""}}"
2025-04-08 16:33:53,"{""gw-1"": {""1"": ""rx_and_data_rate"", ""2"": ""blocked""}}"
2025-04-08 16:33:54,"{""gw-1"": {""1"": ""rx_and_data_rate"", ""2"": ""blocked""}}"
2025-04-08 16:33:55,"{""gw-1"": {""1"": ""rx_and_data_rate"", ""2"": ""blocked""}}"
2025-04-08 16:33:56,"{""gw-1"": {""1"": ""rx_and_data_rate"", ""2"": ""blocked""}}"
2025-04-08 16:33:57,"{""gw-1"": {""1"": ""rx_and_data_rate"", ""2"": ""blocked""}}"
2025-04-08 16:34:01,"{""gw-1"": {""1"": ""blocked"", ""2"": ""rx_and_data_rate""}}"
2025-04-08 16:34:04,"{""gw-1"": {""1"": ""rx_and_data_rate"", ""2"": ""conflict""}}"
2025-04-08 16:34:05,"{""gw-1"": {""1"": ""rx_and_data_rate"", ""2"": ""conflict""}}"
2025-04-08 16:34:09,"{""gw-1"": {""1"": ""blocked"", ""2"": ""rx_and_data_rate""}}"
2025-04-08 16:34:10,"{""gw-1"": {""1"": ""blocked"", ""2"": ""rx_and_data_rate""}}"
2025-04-08 16:34:10,"{""gw-1"": {""1"": ""rx_and_data_rate"", ""2"": ""blocked""}}"
2025-04-08 16:34:13,"{""gw-1"": {""1"": ""rx_and_data_rate"", ""2"": ""blocked""}}"
2025-04-08 16:34:14,"{""gw-1"": {""1"": ""blocked"", ""2"": ""blocked""}}"
2025-04-08 16:34:14,"{""gw-1"": {""1"": ""rx_and_data_rate"", ""2"": ""blocked""}}"
2025-04-08 16:34:14,"{""gw-1"": {""1"": ""blocked"", ""2"": ""rx_and_data_rate""}}"
2025-04-08 16:34:18,"{""gw-1"": {""1"": ""rx_and_data_rate"", ""2"": ""blocked""}}"
2025-04-08 16:34:23,"{""gw-1"": {""1"": ""blocked"", ""2"": ""rx_and_data_rate""}}"
2025-04-08 16:34:24,"{""gw-1"": {""1"": ""blocked"", ""2"": ""rx_and_data_rate""}}"
2025-04-08 16:34:24,"{""gw-1"": {""1"": ""rx_and_data_rate"", ""2"": ""blocked""}}"
2025-04-08 16:34:25,"{""gw-1"": {""1"": ""rx_and_data_rate"", ""2"": ""blocked""}}"
2025-04-08 16:34:26,"{""gw-1"": {""1"": ""rx_and_data_rate"", ""2"": ""blocked""}}"
2025-04-08 16:34:39,"{""gw-1"": {""1"": ""rx_and_data_rate"", ""2"": ""blocked""}}"
2025-04-08 16:34:40,"{""gw-1"": {""1"": ""rx_and_data_rate"", ""2"": ""blocked""}}"
2025-04-08 16:34:41,"{""gw-1"": {""1"": ""rx_and_data_rate"", ""2"": ""conflict""}}"
2025-04-08 16:34:48,"{""gw-1"": {""1"": ""blocked"", ""2"": ""rx_and_data_rate""}}"
2025-04-08 16:34:50,"{""gw-1"": {""1"": ""blocked"", ""2"": ""rx_and_data_rate""}}"
2025-04-08 16:34:50,"{""gw-1"": {""1"": ""rx_and_data_rate"", ""2"": ""blocked""}}"
2025-04-08 16:34:51,"{""gw-1"": {""1"": ""rx_and_data_rate"", ""2"": ""blocked""}}"
2025-04-08 16:34:52,"{""gw-1"": {""1"": ""rx_and_data_rate"", ""2"": ""blocked""}}"
2025-04-08 16:34:55,"{""gw-1"": {""1"": ""rx_and_data_rate"", ""2"": ""conflict""}}"
2025-04-08 16:35:01,"{""gw-1"": {""1"": ""rx_and_data_rate"", ""2"": ""blocked""}}"
2025-04-08 16:35:09,"{""gw-1"": {""1"": ""rx_and_data_rate"", ""2"": ""conflict""}}"
2025-04-08 16:35:11,"{""gw-1"": {""1"": ""rx_and_data_rate"", ""2"": ""blocked""}}"
2025-04-08 16:35:15,"{""gw-1"": {""1"": ""rx_and_data_rate"", ""2"": ""blocked""}}"
2025-04-08 16:35:15,"{""gw-1"": {""1"": ""rx_and_data_rate"", ""2"": ""blocked""}}"
2025-04-08 16:35:15,"{""gw-1"": {""1"": ""rx_and_data_rate"", ""2"": ""blocked""}}"
2025-04-08 16:35:17,"{""gw-1"": {""1"": ""rx_and_data_rate"", ""2"": ""blocked""}}"
2025-04-08 16:35:17,"{""gw-1"": {""1"": ""rx_and_data_rate"", ""2"": ""blocked""}}"
2025-04-08 16:35:20,"{""gw-1"": {""1"": ""blocked"", ""2"": ""rx_and_data_rate""}}"
2025-04-08 16:35:34,"{""gw-1"": {""1"": ""rx_and_data_rate"", ""2"": ""blocked""}}"
2025-04-08 16:35:35,"{""gw-1"": {""1"": ""rx_and_data_rate"", ""2"": ""blocked""}}"
2025-04-08 16:35:35,"{""gw-1"": {""1"": ""blocked"", ""2"": ""rx_and_data_rate""}}"
2025-04-08 16:35:37,"{""gw-1"": {""1"": ""rx_and_data_rate"", ""2"": ""blocked""}}"
2025-04-08 16:35:41,"{""gw-1"": {""1"": ""rx_and_data_rate"", ""2"": ""conflict""}}"
2025-04-08 16:35:47,"{""gw-1"": {""1"": ""rx_and_data_rate"", ""2"": ""blocked""}}"
2025-04-08 16:35:48,"{""gw-1"": {""1"": ""rx_and_data_rate"", ""2"": ""blocked""}}"
2025-04-08 16:35:51,"{""gw-1"": {""1"": ""rx_and_data_rate"", ""2"": ""blocked""}}"
2025-04-08 16:35:51,"{""gw-1"": {""1"": ""rx_and_data_rate"", ""2"": ""blocked""}}"
2025-04-08 16:35:59,"{""gw-1"": {""1"": ""rx_and_data_rate"", ""2"": ""blocked""}}"
2025-04-08 16:36:00,"{""gw-1"": {""1"": ""rx_and_data_rate"", ""2"": ""blocked""}}"
2025-04-08 16:36:01,"{""gw-1"": {""1"": ""rx_and_data_rate"", ""2"": ""blocked""}}"
2025-04-08 16:36:09,"{""gw-1"": {""1"": ""rx_and_data_rate"", ""2"": ""blocked""}}"
2025-04-08 16:36:13,"{""gw-1"": {""1"": ""rx_and_data_rate"", ""2"": ""blocked""}}"
2025-04-08 16:36:18,"{""gw-1"": {""1"": ""rx_and_data_rate"", ""2"": ""blocked""}}"
2025-04-08 16:36:24,"{""gw-1"": {""1"": ""blocked"", ""2"": ""rx_and_data_rate""}}"
2025-04-08 16:36:25,"{""gw-1"": {""1"": ""blocked"", ""2"": ""rx_and_data_rate""}}"
2025-04-08 16:36:28,"{""gw-1"": {""1"": ""blocked"", ""2"": ""rx_and_data_rate""}}"
2025-04-08 16:36:29,"{""gw-1"": {""1"": ""rx_and_data_rate"", ""2"": ""blocked""}}"
2025-04-08 16:36:33,"{""gw-1"": {""1"": ""rx_and_data_rate"", ""2"": ""blocked""}}"
2025-04-08 16:36:33,"{""gw-1"": {""1"": ""rx_and_data_rate"", ""2"": ""blocked""}}"
2025-04-08 16:36:36,"{""gw-1"": {""1"": ""rx_and_data_rate"", ""2"": ""blocked""}}"
2025-04-08 16:36:36,"{""gw-1"": {""1"": ""blocked"", ""2"": ""rx_and_data_rate""}}"
2025-04-08 16:36:37,"{""gw-1"": {""1"": ""rx_and_data_rate"", ""2"": ""blocked""}}"
2025-04-08 16:36:38,"{""gw-1"": {""1"": ""rx_and_data_rate"", ""2"": ""blocked""}}"
2025-04-08 16:36:42,"{""gw-1"": {""1"": ""rx_and_data_rate"", ""2"": ""blocked""}}"
2025-04-08 16:36:48,"{""gw-1"": {""1"": ""rx_and_data_rate"", ""2"": ""blocked""}}"
2025-04-08 16:36:49,"{""gw-1"": {""1"": ""rx_and_data_rate"", ""2"": ""blocked""}}"
2025-04-08 16:36:51,"{""gw-1"": {""1"": ""blocked"", ""2"": ""rx_and_data_rate""}}"
2025-04-08 16:36:52,"{""gw-1"": {""1"": ""rx_and_data_rate"", ""2"": ""conflict""}}"
2025-04-08 16:36:52,"{""gw-1"": {""1"": ""rx_and_data_rate"", ""2"": ""conflict""}}"
2025-04-08 16:36:57,"{""gw-1"": {""1"": ""blocked"", ""2"": ""rx_and_data_rate""}}"
2025-04-08 16:36:57,"{""gw-1"": {""1"": ""rx_and_data_rate"", ""2"": ""blocked""}}"
2025-04-08 16:37:09,"{""gw-1"": {""1"": ""rx_and_data_rate"", ""2"": ""conflict""}}"
2025-04-08 16:37:09,"{""gw-1"": {""1"": ""rx_and_data_rate"", ""2"": ""blocked""}}"
2025-04-08 16:37:13,"{""gw-1"": {""1"": ""rx_and_data_rate"", ""2"": ""blocked""}}"
2025-04-08 16:37:15,"{""gw-1"": {""1"": ""rx_and_data_rate"", ""2"": ""blocked""}}"
2025-04-08 16:37:16,"{""gw-1"": {""1"": ""rx_and_data_rate"", ""2"": ""blocked""}}"
2025-04-08 16:37:23,"{""gw-1"": {""1"": ""blocked"", ""2"": ""rx_and_data_rate""}}"
2025-04-08 16:37:30,"{""gw-1"": {""1"": ""blocked"", ""2"": ""rx_and_data_rate""}}"
2025-04-08 16:37:34,"{""gw-1"": {""1"": ""blocked"", ""2"": ""rx_and_data_rate""}}"
2025-04-08 16:37:38,"{""gw-1"": {""1"": ""rx_and_data_rate"", ""2"": ""conflict""}}"
2025-04-08 16:37:47,"{""gw-1"": {""1"": ""blocked"", ""2"": ""rx_and_data_rate""}}"
2025-04-08 16:37:49,"{""gw-1"": {""1"": ""blocked"", ""2"": ""rx_and_data_rate""}}"
2025-04-08 16:37:59,"{""gw-1"": {""1"": ""rx_and_data_rate"", ""2"": ""blocked""}}"
2025-04-08 16:38:00,"{""gw-1"": {""1"": ""rx_and_data_rate"", ""2"": ""blocked""}}"
2025-04-08 16:38:03,"{""gw-1"": {""1"": ""blocked"", ""2"": ""rx_and_data_rate""}}"
2025-04-08 16:38:09,"{""gw-1"": {""1"": ""rx_and_data_rate"", ""2"": ""blocked""}}"
2025-04-08 16:38:10,"{""gw-1"": {""1"": ""rx_and_data_rate"", ""2"": ""blocked""}}"
2025-04-08 16:38:16,"{""gw-1"": {""1"": ""blocked"", ""2"": ""rx_and_data_rate""}}"
2025-04-08 16:38:19,"{""gw-1"": {""1"": ""rx_and_data_rate"", ""2"": ""conflict""}}"
2025-04-08 16:38:24,"{""gw-1"": {""1"": ""blocked"", ""2"": ""blocked""}}"
2025-04-08 16:38:29,"{""gw-1"": {""1"": ""blocked"", ""2"": ""blocked""}}"
2025-04-08 16:38:32,"{""gw-1"": {""1"": ""rx_and_data_rate"", ""2"": ""blocked""}}"
2025-04-08 16:38:33,"{""gw-1"": {""1"": ""conflict"", ""2"": ""rx_and_data_rate""}}"
2025-04-08 16:38:35,"{""gw-1"": {""1"": ""blocked"", ""2"": ""blocked""}}"
2025-04-08 16:38:35,"{""gw-1"": {""1"": ""blocked"", ""2"": ""rx_and_data_rate""}}"
2025-04-08 16:38:35,"{""gw-1"": {""1"": ""blocked"", ""2"": ""blocked""}}"
2025-04-08 16:38:36,"{""gw-1"": {""1"": ""blocked"", ""2"": ""rx_and_data_rate""}}"
2025-04-08 16:38:38,"{""gw-1"": {""1"": ""rx_and_data_rate"", ""2"": ""blocked""}}"
2025-04-08 16:38:40,"{""gw-1"": {""1"": ""blocked"", ""2"": ""blocked""}}"
2025-04-08 16:38:41,"{""gw-1"": {""1"": ""rx_and_data_rate"", ""2"": ""blocked""}}"
2025-04-08 16:38:55,"{""gw-1"": {""1"": ""rx_and_data_rate"", ""2"": ""blocked""}}"
2025-04-08 16:38:57,"{""gw-1"": {""1"": ""rx_and_data_rate"", ""2"": ""blocked""}}"
2025-04-08 16:38:57,"{""gw-1"": {""1"": ""blocked"", ""2"": ""rx_and_data_rate""}}"
2025-04-08 16:38:58,"{""gw-1"": {""1"": ""rx_and_data_rate"", ""2"": ""blocked""}}"
2025-04-08 16:38:58,"{""gw-1"": {""1"": ""rx_and_data_rate"", ""2"": ""blocked""}}"
2025-04-08 16:39:02,"{""gw-1"": {""1"": ""rx_and_data_rate"", ""2"": ""conflict""}}"
2025-04-08 16:39:06,"{""gw-1"": {""1"": ""rx_and_data_rate"", ""2"": ""blocked""}}"
2025-04-08 16:39:08,"{""gw-1"": {""1"": ""rx_and_data_rate"", ""2"": ""blocked""}}"
2025-04-08 16:39:10,"{""gw-1"": {""1"": ""rx_and_data_rate"", ""2"": ""blocked""}}"
2025-04-08 16:39:11,"{""gw-1"": {""1"": ""rx_and_data_rate"", ""2"": ""blocked""}}"
2025-04-08 16:39:22,"{""gw-1"": {""1"": ""rx_and_data_rate"", ""2"": ""blocked""}}"
2025-04-08 16:39:22,"{""gw-1"": {""1"": ""blocked"", ""2"": ""rx_and_data_rate""}}"
2025-04-08 16:39:26,"{""gw-1"": {""1"": ""blocked"", ""2"": ""rx_and_data_rate""}}"
2025-04-08 16:39:29,"{""gw-1"": {""1"": ""rx_and_data_rate"", ""2"": ""blocked""}}"
2025-04-08 16:39:36,"{""gw-1"": {""1"": ""rx_and_data_rate"", ""2"": ""blocked""}}"
2025-04-08 16:39:36,"{""gw-1"": {""1"": ""rx_and_data_rate"", ""2"": ""blocked""}}"
2025-04-08 16:39:39,"{""gw-1"": {""1"": ""rx_and_data_rate"", ""2"": ""blocked""}}"
2025-04-08 16:39:46,"{""gw-1"": {""1"": ""rx_and_data_rate"", ""2"": ""blocked""}}"
2025-04-08 16:39:46,"{""gw-1"": {""1"": ""rx_and_data_rate"", ""2"": ""blocked""}}"
2025-04-08 16:39:48,"{""gw-1"": {""1"": ""blocked"", ""2"": ""rx_and_data_rate""}}"
2025-04-08 16:39:50,"{""gw-1"": {""1"": ""blocked"", ""2"": ""rx_and_data_rate""}}"
2025-04-08 16:39:51,"{""gw-1"": {""1"": ""rx_and_data_rate"", ""2"": ""blocked""}}"
2025-04-08 16:40:03,"{""gw-1"": {""1"": ""blocked"", ""2"": ""blocked""}}"
2025-04-08 16:40:04,"{""gw-1"": {""1"": ""rx_and_data_rate"", ""2"": ""blocked""}}"
2025-04-08 16:40:04,"{""gw-1"": {""1"": ""rx_and_data_rate"", ""2"": ""blocked""}}"
2025-04-08 16:40:06,"{""gw-1"": {""1"": ""rx_and_data_rate"", ""2"": ""conflict""}}"
2025-04-08 16:40:07,"{""gw-1"": {""1"": ""conflict"", ""2"": ""rx_and_data_rate""}}"
2025-04-08 16:40:12,"{""gw-1"": {""1"": ""rx_and_data_rate"", ""2"": ""blocked""}}"
2025-04-08 16:40:14,"{""gw-1"": {""1"": ""rx_and_data_rate"", ""2"": ""blocked""}}"
2025-04-08 16:40:16,"{""gw-1"": {""1"": ""rx_and_data_rate"", ""2"": ""blocked""}}"
2025-04-08 16:40:21,"{""gw-1"": {""1"": ""rx_and_data_rate"", ""2"": ""conflict""}}"
2025-04-08 16:40:26,"{""gw-1"": {""1"": ""rx_and_data_rate"", ""2"": ""blocked""}}"
2025-04-08 16:40:28,"{""gw-1"": {""1"": ""rx_and_data_rate"", ""2"": ""blocked""}}"
2025-04-08 16:40:29,"{""gw-1"": {""1"": ""rx_and_data_rate"", ""2"": ""blocked""}}"
2025-04-08 16:40:29,"{""gw-1"": {""1"": ""rx_and_data_rate"", ""2"": ""blocked""}}"
2025-04-08 16:40:42,"{""gw-1"": {""1"": ""rx_and_data_rate"", ""2"": ""blocked""}}"
2025-04-08 16:40:43,"{""gw-1"": {""1"": ""rx_and_data_rate"", ""2"": ""blocked""}}"
2025-04-08 16:40:43,"{""gw-1"": {""1"": ""rx_and_data_rate"", ""2"": ""blocked""}}"
2025-04-08 16:40:45,"{""gw-1"": {""1"": ""rx_and_data_rate"", ""2"": ""conflict""}}"
2025-04-08 16:40:49,"{""gw-1"": {""1"": ""rx_and_data_rate"", ""2"": ""blocked""}}"
2025-04-08 16:40:49,"{""gw-1"": {""1"": ""rx_and_data_rate"", ""2"": ""blocked""}}"
2025-04-08 16:40:49,"{""gw-1"": {""1"": ""rx_and_data_rate"", ""2"": ""blocked""}}"
2025-04-08 16:40:53,"{""gw-1"": {""1"": ""rx_and_data_rate"", ""2"": ""blocked""}}"
2025-04-08 16:40:53,"{""gw-1"": {""1"": ""rx_and_data_rate"", ""2"": ""blocked""}}"
2025-04-08 16:40:55,"{""gw-1"": {""1"": ""rx_and_data_rate"", ""2"": ""blocked""}}"
2025-04-08 16:40:57,"{""gw-1"": {""1"": ""rx_and_data_rate"", ""2"": ""conflict""}}"
2025-04-08 16:40:58,"{""gw-1"": {""1"": ""rx_and_data_rate"", ""2"": ""conflict""}}"
2025-04-08 16:41:01,"{""gw-1"": {""1"": ""rx_and_data_rate"", ""2"": ""blocked""}}"
2025-04-08 16:41:02,"{""gw-1"": {""1"": ""rx_and_data_rate"", ""2"": ""blocked""}}"
2025-04-08 16:41:03,"{""gw-1"": {""1"": ""rx_and_data_rate"", ""2"": ""blocked""}}"
2025-04-08 16:41:09,"{""gw-1"": {""1"": ""rx_and_data_rate"", ""2"": ""conflict""}}"
2025-04-08 16:41:10,"{""gw-1"": {""1"": ""rx_and_data_rate"", ""2"": ""blocked""}}"
2025-04-08 16:41:15,"{""gw-1"": {""1"": ""rx_and_data_rate"", ""2"": ""blocked""}}"
2025-04-08 16:41:16,"{""gw-1"": {""1"": ""rx_and_data_rate"", ""2"": ""blocked""}}"
2025-04-08 16:41:19,"{""gw-1"": {""1"": ""rx_and_data_rate"", ""2"": ""blocked""}}"
2025-04-08 16:41:19,"{""gw-1"": {""1"": ""rx_and_data_rate"", ""2"": ""blocked""}}"
2025-04-08 16:41:23,"{""gw-1"": {""1"": ""rx_and_data_rate"", ""2"": ""conflict""}}"
2025-04-08 16:41:23,"{""gw-1"": {""1"": ""rx_and_data_rate"", ""2"": ""conflict""}}"
2025-04-08 16:41:26,"{""gw-1"": {""1"": ""rx_and_data_rate"", ""2"": ""blocked""}}"
2025-04-08 16:41:27,"{""gw-1"": {""1"": ""rx_and_data_rate"", ""2"": ""blocked""}}"
2025-04-08 16:41:29,"{""gw-1"": {""1"": ""rx_and_data_rate"", ""2"": ""blocked""}}"
2025-04-08 16:41:32,"{""gw-1"": {""1"": ""rx_and_data_rate"", ""2"": ""blocked""}}"
2025-04-08 16:41:36,"{""gw-1"": {""1"": ""rx_and_data_rate"", ""2"": ""blocked""}}"
2025-04-08 16:41:43,"{""gw-1"": {""1"": ""blocked"", ""2"": ""rx_and_data_rate""}}"
2025-04-08 16:41:44,"{""gw-1"": {""1"": ""blocked"", ""2"": ""rx_and_data_rate""}}"
2025-04-08 16:41:52,"{""gw-1"": {""1"": ""blocked"", ""2"": ""rx_and_data_rate""}}"
2025-04-08 16:41:55,"{""gw-1"": {""1"": ""rx_and_data_rate"", ""2"": ""blocked""}}"
2025-04-08 16:41:57,"{""gw-1"": {""1"": ""rx_and_data_rate"", ""2"": ""blocked""}}"
2025-04-08 16:41:57,"{""gw-1"": {""1"": ""rx_and_data_rate"", ""2"": ""blocked""}}"
2025-04-08 16:42:00,"{""gw-1"": {""1"": ""rx_and_data_rate"", ""2"": ""conflict""}}"
2025-04-08 16:42:07,"{""gw-1"": {""1"": ""rx_and_data_rate"", ""2"": ""blocked""}}"
2025-04-08 16:42:16,"{""gw-1"": {""1"": ""rx_and_data_rate"", ""2"": ""blocked""}}"
2025-04-08 16:42:19,"{""gw-1"": {""1"": ""blocked"", ""2"": ""blocked""}}"
2025-04-08 16:42:25,"{""gw-1"": {""1"": ""rx_and_data_rate"", ""2"": ""blocked""}}"
2025-04-08 16:42:34,"{""gw-1"": {""1"": ""rx_and_data_rate"", ""2"": ""blocked""}}"
2025-04-08 16:42:34,"{""gw-1"": {""1"": ""rx_and_data_rate"", ""2"": ""blocked""}}"
2025-04-08 16:42:35,"{""gw-1"": {""1"": ""rx_and_data_rate"", ""2"": ""blocked""}}"
2025-04-08 16:42:35,"{""gw-1"": {""1"": ""rx_and_data_rate"", ""2"": ""blocked""}}"
2025-04-08 16:42:37,"{""gw-1"": {""1"": ""rx_and_data_rate"", ""2"": ""blocked""}}"
2025-04-08 16:42:39,"{""gw-1"": {""1"": ""rx_and_data_rate"", ""2"": ""blocked""}}"
2025-04-08 16:42:40,"{""gw-1"": {""1"": ""rx_and_data_rate"", ""2"": ""blocked""}}"
2025-04-08 16:42:48,"{""gw-1"": {""1"": ""rx_and_data_rate"", ""2"": ""blocked""}}"
2025-04-08 16:42:50,"{""gw-1"": {""1"": ""rx_and_data_rate"", ""2"": ""blocked""}}"
2025-04-08 16:42:54,"{""gw-1"": {""1"": ""blocked"", ""2"": ""rx_and_data_rate""}}"
2025-04-08 16:42:58,"{""gw-1"": {""1"": ""rx_and_data_rate"", ""2"": ""blocked""}}"
2025-04-08 16:42:58,"{""gw-1"": {""1"": ""blocked"", ""2"": ""rx_and_data_rate""}}"
2025-04-08 16:42:58,"{""gw-1"": {""1"": ""blocked"", ""2"": ""blocked""}}"
2025-04-08 16:42:59,"{""gw-1"": {""1"": ""rx_and_data_rate"", ""2"": ""blocked""}}"
2025-04-08 16:43:03,"{""gw-1"": {""1"": ""rx_and_data_rate"", ""2"": ""blocked""}}"
2025-04-08 16:43:09,"{""gw-1"": {""1"": ""conflict"", ""2"": ""blocked""}}"
2025-04-08 16:43:13,"{""gw-1"": {""1"": ""rx_and_data_rate"", ""2"": ""blocked""}}"
2025-04-08 16:43:14,"{""gw-1"": {""1"": ""rx_and_data_rate"", ""2"": ""blocked""}}"
2025-04-08 16:43:15,"{""gw-1"": {""1"": ""rx_and_data_rate"", ""2"": ""blocked""}}"
2025-04-08 16:43:18,"{""gw-1"": {""1"": ""rx_and_data_rate"", ""2"": ""blocked""}}"
2025-04-08 16:43:20,"{""gw-1"": {""1"": ""rx_and_data_rate"", ""2"": ""conflict""}}"
2025-04-08 16:43:21,"{""gw-1"": {""1"": ""rx_and_data_rate"", ""2"": ""blocked""}}"
2025-04-08 16:43:26,"{""gw-1"": {""1"": ""rx_and_data_rate"", ""2"": ""blocked""}}"
2025-04-08 16:43:27,"{""gw-1"": {""1"": ""rx_and_data_rate"", ""2"": ""blocked""}}"
2025-04-08 16:43:29,"{""gw-1"": {""1"": ""rx_and_data_rate"", ""2"": ""blocked""}}"
2025-04-08 16:43:30,"{""gw-1"": {""1"": ""rx_and_data_rate"", ""2"": ""blocked""}}"
2025-04-08 16:43:31,"{""gw-1"": {""1"": ""conflict"", ""2"": ""rx_and_data_rate""}}"
2025-04-08 16:43:38,"{""gw-1"": {""1"": ""blocked"", ""2"": ""blocked""}}"
2025-04-08 16:43:39,"{""gw-1"": {""1"": ""blocked"", ""2"": ""rx_and_data_rate""}}"
2025-04-08 16:43:40,"{""gw-1"": {""1"": ""blocked"", ""2"": ""rx_and_data_rate""}}"
2025-04-08 16:43:42,"{""gw-1"": {""1"": ""rx_and_data_rate"", ""2"": ""blocked""}}"
2025-04-08 16:43:43,"{""gw-1"": {""1"": ""rx_and_data_rate"", ""2"": ""blocked""}}"
2025-04-08 16:43:43,"{""gw-1"": {""1"": ""blocked"", ""2"": ""rx_and_data_rate""}}"
2025-04-08 16:43:46,"{""gw-1"": {""1"": ""rx_and_data_rate"", ""2"": ""conflict""}}"
2025-04-08 16:43:46,"{""gw-1"": {""1"": ""rx_and_data_rate"", ""2"": ""conflict""}}"
2025-04-08 16:43:51,"{""gw-1"": {""1"": ""rx_and_data_rate"", ""2"": ""blocked""}}"
2025-04-08 16:43:53,"{""gw-1"": {""1"": ""rx_and_data_rate"", ""2"": ""blocked""}}"
2025-04-08 16:43:53,"{""gw-1"": {""1"": ""rx_and_data_rate"", ""2"": ""blocked""}}"
2025-04-08 16:43:54,"{""gw-1"": {""1"": ""blocked"", ""2"": ""rx_and_data_rate""}}"
2025-04-08 16:43:54,"{""gw-1"": {""1"": ""blocked"", ""2"": ""rx_and_data_rate""}}"
2025-04-08 16:43:56,"{""gw-1"": {""1"": ""rx_and_data_rate"", ""2"": ""blocked""}}"
2025-04-08 16:44:02,"{""gw-1"": {""1"": ""rx_and_data_rate"", ""2"": ""blocked""}}"
2025-04-08 16:44:04,"{""gw-1"": {""1"": ""rx_and_data_rate"", ""2"": ""blocked""}}"
2025-04-08 16:44:04,"{""gw-1"": {""1"": ""rx_and_data_rate"", ""2"": ""blocked""}}"
2025-04-08 16:44:04,"{""gw-1"": {""1"": ""rx_and_data_rate"", ""2"": ""blocked""}}"
2025-04-08 16:44:07,"{""gw-1"": {""1"": ""rx_and_data_rate"", ""2"": ""blocked""}}"
2025-04-08 16:44:07,"{""gw-1"": {""1"": ""rx_and_data_rate"", ""2"": ""blocked""}}"
2025-04-08 16:44:14,"{""gw-1"": {""1"": ""rx_and_data_rate"", ""2"": ""conflict""}}"
2025-04-08 16:44:14,"{""gw-1"": {""1"": ""rx_and_data_rate"", ""2"": ""conflict""}}"
2025-04-08 16:44:14,"{""gw-1"": {""1"": ""rx_and_data_rate"", ""2"": ""blocked""}}"
2025-04-08 16:44:20,"{""gw-1"": {""1"": ""rx_and_data_rate"", ""2"": ""blocked""}}"
2025-04-08 16:44:23,"{""gw-1"": {""1"": ""rx_and_data_rate"", ""2"": ""blocked""}}"
2025-04-08 16:44:27,"{""gw-1"": {""1"": ""rx_and_data_rate"", ""2"": ""blocked""}}"
2025-04-08 16:44:33,"{""gw-1"": {""1"": ""rx_and_data_rate"", ""2"": ""blocked""}}"
2025-04-08 16:44:34,"{""gw-1"": {""1"": ""rx_and_data_rate"", ""2"": ""blocked""}}"
2025-04-08 16:44:41,"{""gw-1"": {""1"": ""conflict"", ""2"": ""conflict""}}"
2025-04-08 16:44:48,"{""gw-1"": {""1"": ""rx_and_data_rate"", ""2"": ""blocked""}}"
2025-04-08 16:44:49,"{""gw-1"": {""1"": ""rx_and_data_rate"", ""2"": ""blocked""}}"
2025-04-08 16:44:51,"{""gw-1"": {""1"": ""rx_and_data_rate"", ""2"": ""blocked""}}"
2025-04-08 16:45:00,"{""gw-1"": {""1"": ""rx_and_data_rate"", ""2"": ""conflict""}}"
2025-04-08 16:45:00,"{""gw-1"": {""1"": ""rx_and_data_rate"", ""2"": ""conflict""}}"
2025-04-08 16:45:06,"{""gw-1"": {""1"": ""blocked"", ""2"": ""blocked""}}"
2025-04-08 16:45:09,"{""gw-1"": {""1"": ""rx_and_data_rate"", ""2"": ""blocked""}}"
2025-04-08 16:45:15,"{""gw-1"": {""1"": ""blocked"", ""2"": ""rx_and_data_rate""}}"
2025-04-08 16:45:20,"{""gw-1"": {""1"": ""rx_and_data_rate"", ""2"": ""blocked""}}"
2025-04-08 16:45:21,"{""gw-1"": {""1"": ""rx_and_data_rate"", ""2"": ""blocked""}}"
2025-04-08 16:45:29,"{""gw-1"": {""1"": ""rx_and_data_rate"", ""2"": ""conflict""}}"
2025-04-08 16:45:34,"{""gw-1"": {""1"": ""rx_and_data_rate"", ""2"": ""blocked""}}"
2025-04-08 16:45:34,"{""gw-1"": {""1"": ""rx_and_data_rate"", ""2"": ""blocked""}}"
2025-04-08 16:45:35,"{""gw-1"": {""1"": ""rx_and_data_rate"", ""2"": ""blocked""}}"
2025-04-08 16:45:36,"{""gw-1"": {""1"": ""rx_and_data_rate"", ""2"": ""blocked""}}"
2025-04-08 16:45:42,"{""gw-1"": {""1"": ""conflict"", ""2"": ""rx_and_data_rate""}}"
2025-04-08 16:45:46,"{""gw-1"": {""1"": ""blocked"", ""2"": ""blocked""}}"
2025-04-08 16:45:48,"{""gw-1"": {""1"": ""blocked"", ""2"": ""rx_and_data_rate""}}"
2025-04-08 16:45:48,"{""gw-1"": {""1"": ""rx_and_data_rate"", ""2"": ""blocked""}}"
2025-04-08 16:45:49,"{""gw-1"": {""1"": ""blocked"", ""2"": ""rx_and_data_rate""}}"
2025-04-08 16:45:51,"{""gw-1"": {""1"": ""rx_and_data_rate"", ""2"": ""blocked""}}"
2025-04-08 16:45:58,"{""gw-1"": {""1"": ""rx_and_data_rate"", ""2"": ""blocked""}}"
2025-04-08 16:46:02,"{""gw-1"": {""1"": ""rx_and_data_rate"", ""2"": ""blocked""}}"
2025-04-08 16:46:08,"{""gw-1"": {""1"": ""rx_and_data_rate"", ""2"": ""blocked""}}"
2025-04-08 16:46:11,"{""gw-1"": {""1"": ""blocked"", ""2"": ""rx_and_data_rate""}}"
2025-04-08 16:46:12,"{""gw-1"": {""1"": ""rx_and_data_rate"", ""2"": ""blocked""}}"
2025-04-08 16:46:16,"{""gw-1"": {""1"": ""rx_and_data_rate"", ""2"": ""conflict""}}"
2025-04-08 16:46:18,"{""gw-1"": {""1"": ""rx_and_data_rate"", ""2"": ""blocked""}}"
2025-04-08 16:46:18,"{""gw-1"": {""1"": ""rx_and_data_rate"", ""2"": ""blocked""}}"
2025-04-08 16:46:23,"{""gw-1"": {""1"": ""rx_and_data_rate"", ""2"": ""blocked""}}"
2025-04-08 16:46:26,"{""gw-1"": {""1"": ""rx_and_data_rate"", ""2"": ""blocked""}}"
2025-04-08 16:46:26,"{""gw-1"": {""1"": ""rx_and_data_rate"", ""2"": ""blocked""}}"
2025-04-08 16:46:27,"{""gw-1"": {""1"": ""rx_and_data_rate"", ""2"": ""blocked""}}"
2025-04-08 16:46:29,"{""gw-1"": {""1"": ""rx_and_data_rate"", ""2"": ""conflict""}}"
2025-04-08 16:46:33,"{""gw-1"": {""1"": ""rx_and_data_rate"", ""2"": ""blocked""}}"
2025-04-08 16:46:35,"{""gw-1"": {""1"": ""rx_and_data_rate"", ""2"": ""blocked""}}"
2025-04-08 16:46:37,"{""gw-1"": {""1"": ""rx_and_data_rate"", ""2"": ""blocked""}}"
2025-04-08 16:46:38,"{""gw-1"": {""1"": ""rx_and_data_rate"", ""2"": ""blocked""}}"
2025-04-08 16:46:45,"{""gw-1"": {""1"": ""conflict"", ""2"": ""rx_and_data_rate""}}"
2025-04-08 16:46:49,"{""gw-1"": {""1"": ""rx_and_data_rate"", ""2"": ""blocked""}}"
2025-04-08 16:46:51,"{""gw-1"": {""1"": ""rx_and_data_rate"", ""2"": ""blocked""}}"
2025-04-08 16:46:53,"{""gw-1"": {""1"": ""rx_and_data_rate"", ""2"": ""blocked""}}"
2025-04-08 16:47:02,"{""gw-1"": {""1"": ""blocked"", ""2"": ""rx_and_data_rate""}}"
2025-04-08 16:47:06,"{""gw-1"": {""1"": ""rx_and_data_rate"", ""2"": ""blocked""}}"
2025-04-08 16:47:08,"{""gw-1"": {""1"": ""rx_and_data_rate"", ""2"": ""blocked""}}"
2025-04-08 16:47:11,"{""gw-1"": {""1"": ""rx_and_data_rate"", ""2"": ""blocked""}}"
2025-04-08 16:47:11,"{""gw-1"": {""1"": ""rx_and_data_rate"", ""2"": ""blocked""}}"
2025-04-08 16:47:13,"{""gw-1"": {""1"": ""rx_and_data_rate"", ""2"": ""blocked""}}"
2025-04-08 16:47:25,"{""gw-1"": {""1"": ""rx_and_data_rate"", ""2"": ""blocked""}}"
2025-04-08 16:47:25,"{""gw-1"": {""1"": ""rx_and_data_rate"", ""2"": ""blocked""}}"
2025-04-08 16:47:25,"{""gw-1"": {""1"": ""blocked"", ""2"": ""rx_and_data_rate""}}"
2025-04-08 16:47:27,"{""gw-1"": {""1"": ""rx_and_data_rate"", ""2"": ""blocked""}}"
2025-04-08 16:47:28,"{""gw-1"": {""1"": ""rx_and_data_rate"", ""2"": ""blocked""}}"
2025-04-08 16:47:31,"{""gw-1"": {""1"": ""blocked"", ""2"": ""rx_and_data_rate""}}"
2025-04-08 16:47:33,"{""gw-1"": {""1"": ""rx_and_data_rate"", ""2"": ""blocked""}}"
2025-04-08 16:47:37,"{""gw-1"": {""1"": ""rx_and_data_rate"", ""2"": ""blocked""}}"
2025-04-08 16:47:39,"{""gw-1"": {""1"": ""rx_and_data_rate"", ""2"": ""blocked""}}"
2025-04-08 16:47:41,"{""gw-1"": {""1"": ""rx_and_data_rate"", ""2"": ""blocked""}}"
2025-04-08 16:47:41,"{""gw-1"": {""1"": ""rx_and_data_rate"", ""2"": ""blocked""}}"
2025-04-08 16:47:43,"{""gw-1"": {""1"": ""rx_and_data_rate"", ""2"": ""blocked""}}"
2025-04-08 16:47:56,"{""gw-1"": {""1"": ""blocked"", ""2"": ""rx_and_data_rate""}}"
2025-04-08 16:48:10,"{""gw-1"": {""1"": ""rx_and_data_rate"", ""2"": ""blocked""}}"
2025-04-08 16:48:12,"{""gw-1"": {""1"": ""rx_and_data_rate"", ""2"": ""blocked""}}"
2025-04-08 16:48:24,"{""gw-1"": {""1"": ""rx_and_data_rate"", ""2"": ""blocked""}}"
2025-04-08 16:48:25,"{""gw-1"": {""1"": ""rx_and_data_rate"", ""2"": ""blocked""}}"
2025-04-08 16:48:25,"{""gw-1"": {""1"": ""rx_and_data_rate"", ""2"": ""blocked""}}"
2025-04-08 16:48:28,"{""gw-1"": {""1"": ""rx_and_data_rate"", ""2"": ""blocked""}}"
2025-04-08 16:48:31,"{""gw-1"": {""1"": ""blocked"", ""2"": ""rx_and_data_rate""}}"
2025-04-08 16:48:32,"{""gw-1"": {""1"": ""rx_and_data_rate"", ""2"": ""conflict""}}"
2025-04-08 16:48:33,"{""gw-1"": {""1"": ""rx_and_data_rate"", ""2"": ""blocked""}}"
2025-04-08 16:48:33,"{""gw-1"": {""1"": ""rx_and_data_rate"", ""2"": ""blocked""}}"
2025-04-08 16:48:37,"{""gw-1"": {""1"": ""rx_and_data_rate"", ""2"": ""blocked""}}"
2025-04-08 16:48:37,"{""gw-1"": {""1"": ""rx_and_data_rate"", ""2"": ""blocked""}}"
2025-04-08 16:48:41,"{""gw-1"": {""1"": ""rx_and_data_rate"", ""2"": ""blocked""}}"
2025-04-08 16:48:41,"{""gw-1"": {""1"": ""rx_and_data_rate"", ""2"": ""blocked""}}"
2025-04-08 16:48:45,"{""gw-1"": {""1"": ""rx_and_data_rate"", ""2"": ""conflict""}}"
2025-04-08 16:48:49,"{""gw-1"": {""1"": ""rx_and_data_rate"", ""2"": ""blocked""}}"
2025-04-08 16:48:50,"{""gw-1"": {""1"": ""rx_and_data_rate"", ""2"": ""blocked""}}"
2025-04-08 16:48:51,"{""gw-1"": {""1"": ""rx_and_data_rate"", ""2"": ""blocked""}}"
2025-04-08 16:48:54,"{""gw-1"": {""1"": ""rx_and_data_rate"", ""2"": ""blocked""}}"
2025-04-08 16:48:54,"{""gw-1"": {""1"": ""rx_and_data_rate"", ""2"": ""blocked""}}"
2025-04-08 16:48:55,"{""gw-1"": {""1"": ""blocked"", ""2"": ""rx_and_data_rate""}}"
2025-04-08 16:49:02,"{""gw-1"": {""1"": ""rx_and_data_rate"", ""2"": ""blocked""}}"
2025-04-08 16:49:03,"{""gw-1"": {""1"": ""rx_and_data_rate"", ""2"": ""blocked""}}"
2025-04-08 16:49:04,"{""gw-1"": {""1"": ""rx_and_data_rate"", ""2"": ""blocked""}}"
2025-04-08 16:49:05,"{""gw-1"": {""1"": ""rx_and_data_rate"", ""2"": ""blocked""}}"
2025-04-08 16:49:08,"{""gw-1"": {""1"": ""rx_and_data_rate"", ""2"": ""blocked""}}"
2025-04-08 16:49:11,"{""gw-1"": {""1"": ""conflict"", ""2"": ""rx_and_data_rate""}}"
2025-04-08 16:49:15,"{""gw-1"": {""1"": ""rx_and_data_rate"", ""2"": ""blocked""}}"
2025-04-08 16:49:17,"{""gw-1"": {""1"": ""rx_and_data_rate"", ""2"": ""blocked""}}"
2025-04-08 16:49:18,"{""gw-1"": {""1"": ""rx_and_data_rate"", ""2"": ""blocked""}}"
2025-04-08 16:49:19,"{""gw-1"": {""1"": ""blocked"", ""2"": ""blocked""}}"
2025-04-08 16:49:20,"{""gw-1"": {""1"": ""rx_and_data_rate"", ""2"": ""blocked""}}"
2025-04-08 16:49:20,"{""gw-1"": {""1"": ""rx_and_data_rate"", ""2"": ""blocked""}}"
2025-04-08 16:49:25,"{""gw-1"": {""1"": ""blocked"", ""2"": ""rx_and_data_rate""}}"
2025-04-08 16:49:32,"{""gw-1"": {""1"": ""rx_and_data_rate"", ""2"": ""blocked""}}"
2025-04-08 16:49:39,"{""gw-1"": {""1"": ""rx_and_data_rate"", ""2"": ""blocked""}}"
2025-04-08 16:49:40,"{""gw-1"": {""1"": ""blocked"", ""2"": ""rx_and_data_rate""}}"
2025-04-08 16:49:42,"{""gw-1"": {""1"": ""rx_and_data_rate"", ""2"": ""blocked""}}"
2025-04-08 16:49:49,"{""gw-1"": {""1"": ""rx_and_data_rate"", ""2"": ""blocked""}}"
2025-04-08 16:49:53,"{""gw-1"": {""1"": ""blocked"", ""2"": ""rx_and_data_rate""}}"
2025-04-08 16:50:04,"{""gw-1"": {""1"": ""rx_and_data_rate"", ""2"": ""blocked""}}"
2025-04-08 16:50:05,"{""gw-1"": {""1"": ""blocked"", ""2"": ""rx_and_data_rate""}}"
2025-04-08 16:50:06,"{""gw-1"": {""1"": ""rx_and_data_rate"", ""2"": ""blocked""}}"
2025-04-08 16:50:09,"{""gw-1"": {""1"": ""rx_and_data_rate"", ""2"": ""blocked""}}"
2025-04-08 16:50:11,"{""gw-1"": {""1"": ""rx_and_data_rate"", ""2"": ""conflict""}}"
2025-04-08 16:50:16,"{""gw-1"": {""1"": ""rx_and_data_rate"", ""2"": ""blocked""}}"
2025-04-08 16:50:19,"{""gw-1"": {""1"": ""rx_and_data_rate"", ""2"": ""blocked""}}"
2025-04-08 16:50:20,"{""gw-1"": {""1"": ""rx_and_data_rate"", ""2"": ""blocked""}}"
2025-04-08 16:50:22,"{""gw-1"": {""1"": ""rx_and_data_rate"", ""2"": ""blocked""}}"
2025-04-08 16:50:22,"{""gw-1"": {""1"": ""rx_and_data_rate"", ""2"": ""blocked""}}"
2025-04-08 16:50:27,"{""gw-1"": {""1"": ""rx_and_data_rate"", ""2"": ""blocked""}}"
2025-04-08 16:50:31,"{""gw-1"": {""1"": ""rx_and_data_rate"", ""2"": ""blocked""}}"
2025-04-08 16:50:32,"{""gw-1"": {""1"": ""rx_and_data_rate"", ""2"": ""blocked""}}"
2025-04-08 16:50:34,"{""gw-1"": {""1"": ""rx_and_data_rate"", ""2"": ""blocked""}}"
2025-04-08 16:50:36,"{""gw-1"": {""1"": ""rx_and_data_rate"", ""2"": ""blocked""}}"
2025-04-08 16:50:36,"{""gw-1"": {""1"": ""rx_and_data_rate"", ""2"": ""blocked""}}"
2025-04-08 16:50:39,"{""gw-1"": {""1"": ""blocked"", ""2"": ""rx_and_data_rate""}}"
2025-04-08 16:50:41,"{""gw-1"": {""1"": ""rx_and_data_rate"", ""2"": ""blocked""}}"
2025-04-08 16:50:47,"{""gw-1"": {""1"": ""rx_and_data_rate"", ""2"": ""blocked""}}"
2025-04-08 16:50:55,"{""gw-1"": {""1"": ""rx_and_data_rate"", ""2"": ""conflict""}}"
2025-04-08 16:50:56,"{""gw-1"": {""1"": ""rx_and_data_rate"", ""2"": ""blocked""}}"
2025-04-08 16:51:00,"{""gw-1"": {""1"": ""rx_and_data_rate"", ""2"": ""blocked""}}"
2025-04-08 16:51:00,"{""gw-1"": {""1"": ""rx_and_data_rate"", ""2"": ""blocked""}}"
2025-04-08 16:51:01,"{""gw-1"": {""1"": ""rx_and_data_rate"", ""2"": ""blocked""}}"
2025-04-08 16:51:03,"{""gw-1"": {""1"": ""rx_and_data_rate"", ""2"": ""blocked""}}"
2025-04-08 16:51:05,"{""gw-1"": {""1"": ""blocked"", ""2"": ""blocked""}}"
2025-04-08 16:51:08,"{""gw-1"": {""1"": ""rx_and_data_rate"", ""2"": ""blocked""}}"
2025-04-08 16:51:15,"{""gw-1"": {""1"": ""blocked"", ""2"": ""rx_and_data_rate""}}"
2025-04-08 16:51:27,"{""gw-1"": {""1"": ""rx_and_data_rate"", ""2"": ""blocked""}}"
2025-04-08 16:51:30,"{""gw-1"": {""1"": ""rx_and_data_rate"", ""2"": ""blocked""}}"
2025-04-08 16:51:38,"{""gw-1"": {""1"": ""rx_and_data_rate"", ""2"": ""blocked""}}"
2025-04-08 16:51:39,"{""gw-1"": {""1"": ""rx_and_data_rate"", ""2"": ""blocked""}}"
2025-04-08 16:51:40,"{""gw-1"": {""1"": ""rx_and_data_rate"", ""2"": ""blocked""}}"
2025-04-08 16:51:42,"{""gw-1"": {""1"": ""rx_and_data_rate"", ""2"": ""blocked""}}"
2025-04-08 16:51:43,"{""gw-1"": {""1"": ""conflict"", ""2"": ""rx_and_data_rate""}}"
2025-04-08 16:51:49,"{""gw-1"": {""1"": ""blocked"", ""2"": ""rx_and_data_rate""}}"
2025-04-08 16:51:50,"{""gw-1"": {""1"": ""rx_and_data_rate"", ""2"": ""blocked""}}"
2025-04-08 16:51:51,"{""gw-1"": {""1"": ""rx_and_data_rate"", ""2"": ""blocked""}}"
2025-04-08 16:51:52,"{""gw-1"": {""1"": ""rx_and_data_rate"", ""2"": ""blocked""}}"
2025-04-08 16:51:52,"{""gw-1"": {""1"": ""blocked"", ""2"": ""blocked""}}"
2025-04-08 16:51:55,"{""gw-1"": {""1"": ""rx_and_data_rate"", ""2"": ""conflict""}}"
2025-04-08 16:52:00,"{""gw-1"": {""1"": ""rx_and_data_rate"", ""2"": ""blocked""}}"
2025-04-08 16:52:04,"{""gw-1"": {""1"": ""rx_and_data_rate"", ""2"": ""blocked""}}"
2025-04-08 16:52:05,"{""gw-1"": {""1"": ""rx_and_data_rate"", ""2"": ""blocked""}}"
2025-04-08 16:52:05,"{""gw-1"": {""1"": ""rx_and_data_rate"", ""2"": ""blocked""}}"
2025-04-08 16:52:11,"{""gw-1"": {""1"": ""rx_and_data_rate"", ""2"": ""conflict""}}"
2025-04-08 16:52:17,"{""gw-1"": {""1"": ""rx_and_data_rate"", ""2"": ""blocked""}}"
2025-04-08 16:52:18,"{""gw-1"": {""1"": ""rx_and_data_rate"", ""2"": ""blocked""}}"
2025-04-08 16:52:18,"{""gw-1"": {""1"": ""blocked"", ""2"": ""blocked""}}"
2025-04-08 16:52:19,"{""gw-1"": {""1"": ""rx_and_data_rate"", ""2"": ""blocked""}}"
2025-04-08 16:52:23,"{""gw-1"": {""1"": ""rx_and_data_rate"", ""2"": ""conflict""}}"
2025-04-08 16:52:28,"{""gw-1"": {""1"": ""rx_and_data_rate"", ""2"": ""blocked""}}"
2025-04-08 16:52:29,"{""gw-1"": {""1"": ""rx_and_data_rate"", ""2"": ""blocked""}}"
2025-04-08 16:52:31,"{""gw-1"": {""1"": ""blocked"", ""2"": ""blocked""}}"
2025-04-08 16:52:32,"{""gw-1"": {""1"": ""blocked"", ""2"": ""rx_and_data_rate""}}"
2025-04-08 16:52:39,"{""gw-1"": {""1"": ""rx_and_data_rate"", ""2"": ""blocked""}}"
2025-04-08 16:52:40,"{""gw-1"": {""1"": ""rx_and_data_rate"", ""2"": ""blocked""}}"
2025-04-08 16:52:40,"{""gw-1"": {""1"": ""rx_and_data_rate"", ""2"": ""blocked""}}"
2025-04-08 16:52:43,"{""gw-1"": {""1"": ""rx_and_data_rate"", ""2"": ""blocked""}}"
2025-04-08 16:52:44,"{""gw-1"": {""1"": ""rx_and_data_rate"", ""2"": ""blocked""}}"
2025-04-08 16:52:45,"{""gw-1"": {""1"": ""rx_and_data_rate"", ""2"": ""blocked""}}"
2025-04-08 16:52:46,"{""gw-1"": {""1"": ""blocked"", ""2"": ""rx_and_data_rate""}}"
2025-04-08 16:52:47,"{""gw-1"": {""1"": ""blocked"", ""2"": ""rx_and_data_rate""}}"
2025-04-08 16:52:49,"{""gw-1"": {""1"": ""rx_and_data_rate"", ""2"": ""conflict""}}"
2025-04-08 16:52:53,"{""gw-1"": {""1"": ""rx_and_data_rate"", ""2"": ""blocked""}}"
2025-04-08 16:52:59,"{""gw-1"": {""1"": ""blocked"", ""2"": ""rx_and_data_rate""}}"
2025-04-08 16:53:01,"{""gw-1"": {""1"": ""conflict"", ""2"": ""conflict""}}"
2025-04-08 16:53:05,"{""gw-1"": {""1"": ""blocked"", ""2"": ""rx_and_data_rate""}}"
2025-04-08 16:53:05,"{""gw-1"": {""1"": ""rx_and_data_rate"", ""2"": ""blocked""}}"
2025-04-08 16:53:10,"{""gw-1"": {""1"": ""rx_and_data_rate"", ""2"": ""blocked""}}"
2025-04-08 16:53:10,"{""gw-1"": {""1"": ""rx_and_data_rate"", ""2"": ""blocked""}}"
2025-04-08 16:53:11,"{""gw-1"": {""1"": ""rx_and_data_rate"", ""2"": ""blocked""}}"
2025-04-08 16:53:12,"{""gw-1"": {""1"": ""rx_and_data_rate"", ""2"": ""blocked""}}"
2025-04-08 16:53:17,"{""gw-1"": {""1"": ""rx_and_data_rate"", ""2"": ""blocked""}}"
2025-04-08 16:53:19,"{""gw-1"": {""1"": ""blocked"", ""2"": ""rx_and_data_rate""}}"
2025-04-08 16:53:19,"{""gw-1"": {""1"": ""rx_and_data_rate"", ""2"": ""blocked""}}"
2025-04-08 16:53:20,"{""gw-1"": {""1"": ""blocked"", ""2"": ""rx_and_data_rate""}}"
2025-04-08 16:53:23,"{""gw-1"": {""1"": ""rx_and_data_rate"", ""2"": ""blocked""}}"
2025-04-08 16:53:25,"{""gw-1"": {""1"": ""blocked"", ""2"": ""rx_and_data_rate""}}"
2025-04-08 16:53:27,"{""gw-1"": {""1"": ""rx_and_data_rate"", ""2"": ""conflict""}}"
2025-04-08 16:53:27,"{""gw-1"": {""1"": ""rx_and_data_rate"", ""2"": ""conflict""}}"
2025-04-08 16:53:28,"{""gw-1"": {""1"": ""rx_and_data_rate"", ""2"": ""conflict""}}"
2025-04-08 16:53:34,"{""gw-1"": {""1"": ""rx_and_data_rate"", ""2"": ""blocked""}}"
2025-04-08 16:53:34,"{""gw-1"": {""1"": ""rx_and_data_rate"", ""2"": ""blocked""}}"
2025-04-08 16:53:35,"{""gw-1"": {""1"": ""rx_and_data_rate"", ""2"": ""blocked""}}"
2025-04-08 16:53:38,"{""gw-1"": {""1"": ""rx_and_data_rate"", ""2"": ""blocked""}}"
2025-04-08 16:53:39,"{""gw-1"": {""1"": ""rx_and_data_rate"", ""2"": ""conflict""}}"
2025-04-08 16:53:40,"{""gw-1"": {""1"": ""conflict"", ""2"": ""rx_and_data_rate""}}"
2025-04-08 16:53:45,"{""gw-1"": {""1"": ""rx_and_data_rate"", ""2"": ""blocked""}}"
2025-04-08 16:53:45,"{""gw-1"": {""1"": ""rx_and_data_rate"", ""2"": ""blocked""}}"
2025-04-08 16:53:46,"{""gw-1"": {""1"": ""rx_and_data_rate"", ""2"": ""blocked""}}"
2025-04-08 16:53:57,"{""gw-1"": {""1"": ""blocked"", ""2"": ""rx_and_data_rate""}}"
2025-04-08 16:53:57,"{""gw-1"": {""1"": ""blocked"", ""2"": ""rx_and_data_rate""}}"
2025-04-08 16:54:02,"{""gw-1"": {""1"": ""rx_and_data_rate"", ""2"": ""blocked""}}"
2025-04-08 16:54:06,"{""gw-1"": {""1"": ""rx_and_data_rate"", ""2"": ""blocked""}}"
2025-04-08 16:54:15,"{""gw-1"": {""1"": ""rx_and_data_rate"", ""2"": ""blocked""}}"
2025-04-08 16:54:15,"{""gw-1"": {""1"": ""rx_and_data_rate"", ""2"": ""blocked""}}"
2025-04-08 16:54:18,"{""gw-1"": {""1"": ""rx_and_data_rate"", ""2"": ""conflict""}}"
2025-04-08 16:54:24,"{""gw-1"": {""1"": ""rx_and_data_rate"", ""2"": ""blocked""}}"
2025-04-08 16:54:26,"{""gw-1"": {""1"": ""blocked"", ""2"": ""rx_and_data_rate""}}"
2025-04-08 16:54:27,"{""gw-1"": {""1"": ""rx_and_data_rate"", ""2"": ""blocked""}}"
2025-04-08 16:54:27,"{""gw-1"": {""1"": ""rx_and_data_rate"", ""2"": ""blocked""}}"
2025-04-08 16:54:29,"{""gw-1"": {""1"": ""rx_and_data_rate"", ""2"": ""blocked""}}"
2025-04-08 16:54:32,"{""gw-1"": {""1"": ""conflict"", ""2"": ""rx_and_data_rate""}}"
2025-04-08 16:54:34,"{""gw-1"": {""1"": ""blocked"", ""2"": ""rx_and_data_rate""}}"
2025-04-08 16:54:37,"{""gw-1"": {""1"": ""rx_and_data_rate"", ""2"": ""blocked""}}"
2025-04-08 16:54:40,"{""gw-1"": {""1"": ""rx_and_data_rate"", ""2"": ""blocked""}}"
2025-04-08 16:54:41,"{""gw-1"": {""1"": ""rx_and_data_rate"", ""2"": ""blocked""}}"
2025-04-08 16:54:42,"{""gw-1"": {""1"": ""rx_and_data_rate"", ""2"": ""blocked""}}"
2025-04-08 16:54:42,"{""gw-1"": {""1"": ""rx_and_data_rate"", ""2"": ""blocked""}}"
2025-04-08 16:54:46,"{""gw-1"": {""1"": ""blocked"", ""2"": ""rx_and_data_rate""}}"
2025-04-08 16:54:47,"{""gw-1"": {""1"": ""blocked"", ""2"": ""rx_and_data_rate""}}"
2025-04-08 16:54:48,"{""gw-1"": {""1"": ""rx_and_data_rate"", ""2"": ""blocked""}}"
2025-04-08 16:54:52,"{""gw-1"": {""1"": ""rx_and_data_rate"", ""2"": ""blocked""}}"
2025-04-08 16:54:53,"{""gw-1"": {""1"": ""rx_and_data_rate"", ""2"": ""blocked""}}"
2025-04-08 16:54:53,"{""gw-1"": {""1"": ""rx_and_data_rate"", ""2"": ""blocked""}}"
2025-04-08 16:54:59,"{""gw-1"": {""1"": ""rx_and_data_rate"", ""2"": ""conflict""}}"
2025-04-08 16:55:03,"{""gw-1"": {""1"": ""rx_and_data_rate"", ""2"": ""blocked""}}"
2025-04-08 16:55:08,"{""gw-1"": {""1"": ""rx_and_data_rate"", ""2"": ""blocked""}}"
2025-04-08 16:55:08,"{""gw-1"": {""1"": ""rx_and_data_rate"", ""2"": ""blocked""}}"
2025-04-08 16:55:09,"{""gw-1"": {""1"": ""rx_and_data_rate"", ""2"": ""blocked""}}"
2025-04-08 16:55:10,"{""gw-1"": {""1"": ""rx_and_data_rate"", ""2"": ""blocked""}}"
2025-04-08 16:55:17,"{""gw-1"": {""1"": ""rx_and_data_rate"", ""2"": ""blocked""}}"
2025-04-08 16:55:18,"{""gw-1"": {""1"": ""rx_and_data_rate"", ""2"": ""blocked""}}"
2025-04-08 16:55:20,"{""gw-1"": {""1"": ""blocked"", ""2"": ""blocked""}}"
2025-04-08 16:55:21,"{""gw-1"": {""1"": ""blocked"", ""2"": ""rx_and_data_rate""}}"
2025-04-08 16:55:26,"{""gw-1"": {""1"": ""rx_and_data_rate"", ""2"": ""conflict""}}"
2025-04-08 16:55:31,"{""gw-1"": {""1"": ""rx_and_data_rate"", ""2"": ""blocked""}}"
2025-04-08 16:55:32,"{""gw-1"": {""1"": ""rx_and_data_rate"", ""2"": ""blocked""}}"
2025-04-08 16:55:32,"{""gw-1"": {""1"": ""rx_and_data_rate"", ""2"": ""blocked""}}"
2025-04-08 16:55:33,"{""gw-1"": {""1"": ""rx_and_data_rate"", ""2"": ""blocked""}}"
2025-04-08 16:55:35,"{""gw-1"": {""1"": ""rx_and_data_rate"", ""2"": ""blocked""}}"
2025-04-08 16:55:38,"{""gw-1"": {""1"": ""blocked"", ""2"": ""rx_and_data_rate""}}"
2025-04-08 16:55:44,"{""gw-1"": {""1"": ""rx_and_data_rate"", ""2"": ""blocked""}}"
2025-04-08 16:55:44,"{""gw-1"": {""1"": ""rx_and_data_rate"", ""2"": ""blocked""}}"
2025-04-08 16:55:48,"{""gw-1"": {""1"": ""rx_and_data_rate"", ""2"": ""blocked""}}"
2025-04-08 16:55:50,"{""gw-1"": {""1"": ""blocked"", ""2"": ""rx_and_data_rate""}}"
2025-04-08 16:55:52,"{""gw-1"": {""1"": ""rx_and_data_rate"", ""2"": ""conflict""}}"
2025-04-08 16:55:52,"{""gw-1"": {""1"": ""rx_and_data_rate"", ""2"": ""blocked""}}"
2025-04-08 16:55:57,"{""gw-1"": {""1"": ""rx_and_data_rate"", ""2"": ""blocked""}}"
2025-04-08 16:55:58,"{""gw-1"": {""1"": ""blocked"", ""2"": ""blocked""}}"
2025-04-08 16:56:02,"{""gw-1"": {""1"": ""rx_and_data_rate"", ""2"": ""blocked""}}"
2025-04-08 16:56:02,"{""gw-1"": {""1"": ""rx_and_data_rate"", ""2"": ""blocked""}}"
2025-04-08 16:56:06,"{""gw-1"": {""1"": ""rx_and_data_rate"", ""2"": ""conflict""}}"
2025-04-08 16:56:07,"{""gw-1"": {""1"": ""rx_and_data_rate"", ""2"": ""blocked""}}"
2025-04-08 16:56:10,"{""gw-1"": {""1"": ""rx_and_data_rate"", ""2"": ""blocked""}}"
2025-04-08 16:56:10,"{""gw-1"": {""1"": ""rx_and_data_rate"", ""2"": ""blocked""}}"
2025-04-08 16:56:15,"{""gw-1"": {""1"": ""blocked"", ""2"": ""rx_and_data_rate""}}"
2025-04-08 16:56:20,"{""gw-1"": {""1"": ""blocked"", ""2"": ""rx_and_data_rate""}}"
2025-04-08 16:56:20,"{""gw-1"": {""1"": ""rx_and_data_rate"", ""2"": ""conflict""}}"
2025-04-08 16:56:25,"{""gw-1"": {""1"": ""rx_and_data_rate"", ""2"": ""blocked""}}"
2025-04-08 16:56:26,"{""gw-1"": {""1"": ""rx_and_data_rate"", ""2"": ""blocked""}}"
2025-04-08 16:56:30,"{""gw-1"": {""1"": ""rx_and_data_rate"", ""2"": ""blocked""}}"
2025-04-08 16:56:32,"{""gw-1"": {""1"": ""rx_and_data_rate"", ""2"": ""conflict""}}"
2025-04-08 16:56:35,"{""gw-1"": {""1"": ""rx_and_data_rate"", ""2"": ""blocked""}}"
2025-04-08 16:56:37,"{""gw-1"": {""1"": ""rx_and_data_rate"", ""2"": ""blocked""}}"
2025-04-08 16:56:37,"{""gw-1"": {""1"": ""rx_and_data_rate"", ""2"": ""blocked""}}"
2025-04-08 16:56:41,"{""gw-1"": {""1"": ""rx_and_data_rate"", ""2"": ""blocked""}}"
2025-04-08 16:56:42,"{""gw-1"": {""1"": ""rx_and_data_rate"", ""2"": ""blocked""}}"
2025-04-08 16:56:49,"{""gw-1"": {""1"": ""rx_and_data_rate"", ""2"": ""conflict""}}"
2025-04-08 16:56:50,"{""gw-1"": {""1"": ""rx_and_data_rate"", ""2"": ""blocked""}}"
2025-04-08 16:56:56,"{""gw-1"": {""1"": ""rx_and_data_rate"", ""2"": ""blocked""}}"
2025-04-08 16:57:02,"{""gw-1"": {""1"": ""rx_and_data_rate"", ""2"": ""conflict""}}"
2025-04-08 16:57:10,"{""gw-1"": {""1"": ""rx_and_data_rate"", ""2"": ""blocked""}}"
2025-04-08 16:57:10,"{""gw-1"": {""1"": ""rx_and_data_rate"", ""2"": ""blocked""}}"
2025-04-08 16:57:13,"{""gw-1"": {""1"": ""rx_and_data_rate"", ""2"": ""blocked""}}"
2025-04-08 16:57:23,"{""gw-1"": {""1"": ""blocked"", ""2"": ""rx_and_data_rate""}}"
2025-04-08 16:57:24,"{""gw-1"": {""1"": ""rx_and_data_rate"", ""2"": ""blocked""}}"
2025-04-08 16:57:25,"{""gw-1"": {""1"": ""rx_and_data_rate"", ""2"": ""blocked""}}"
2025-04-08 16:57:27,"{""gw-1"": {""1"": ""rx_and_data_rate"", ""2"": ""blocked""}}"
2025-04-08 16:57:29,"{""gw-1"": {""1"": ""conflict"", ""2"": ""rx_and_data_rate""}}"
2025-04-08 16:57:30,"{""gw-1"": {""1"": ""rx_and_data_rate"", ""2"": ""blocked""}}"
2025-04-08 16:57:33,"{""gw-1"": {""1"": ""rx_and_data_rate"", ""2"": ""blocked""}}"
2025-04-08 16:57:33,"{""gw-1"": {""1"": ""rx_and_data_rate"", ""2"": ""blocked""}}"
2025-04-08 16:57:34,"{""gw-1"": {""1"": ""rx_and_data_rate"", ""2"": ""blocked""}}"
2025-04-08 16:57:43,"{""gw-1"": {""1"": ""rx_and_data_rate"", ""2"": ""blocked""}}"
2025-04-08 16:57:49,"{""gw-1"": {""1"": ""rx_and_data_rate"", ""2"": ""blocked""}}"
2025-04-08 16:57:51,"{""gw-1"": {""2"": ""blocked""}}"
2025-04-08 16:57:56,"{""gw-1"": {""1"": ""rx_and_data_rate"", ""2"": ""blocked""}}"
2025-04-08 16:58:00,"{""gw-1"": {""1"": ""rx_and_data_rate"", ""2"": ""blocked""}}"
2025-04-08 16:58:00,"{""gw-1"": {""1"": ""rx_and_data_rate"", ""2"": ""blocked""}}"
2025-04-08 16:58:04,"{""gw-1"": {""1"": ""rx_and_data_rate"", ""2"": ""blocked""}}"
2025-04-08 16:58:06,"{""gw-1"": {""1"": ""rx_and_data_rate"", ""2"": ""conflict""}}"
2025-04-08 16:58:06,"{""gw-1"": {""1"": ""rx_and_data_rate"", ""2"": ""conflict""}}"
2025-04-08 16:58:12,"{""gw-1"": {""1"": ""blocked"", ""2"": ""rx_and_data_rate""}}"
2025-04-08 16:58:13,"{""gw-1"": {""1"": ""rx_and_data_rate"", ""2"": ""blocked""}}"
2025-04-08 16:58:14,"{""gw-1"": {""1"": ""rx_and_data_rate"", ""2"": ""blocked""}}"
2025-04-08 16:58:23,"{""gw-1"": {""1"": ""rx_and_data_rate"", ""2"": ""conflict""}}"
2025-04-08 16:58:41,"{""gw-1"": {""1"": ""rx_and_data_rate"", ""2"": ""blocked""}}"
2025-04-08 16:58:44,"{""gw-1"": {""1"": ""blocked"", ""2"": ""rx_and_data_rate""}}"
2025-04-08 16:58:44,"{""gw-1"": {""1"": ""rx_and_data_rate"", ""2"": ""blocked""}}"
2025-04-08 16:58:46,"{""gw-1"": {""1"": ""rx_and_data_rate"", ""2"": ""blocked""}}"
2025-04-08 16:58:46,"{""gw-1"": {""1"": ""blocked"", ""2"": ""rx_and_data_rate""}}"
2025-04-08 16:58:46,"{""gw-1"": {""1"": ""rx_and_data_rate"", ""2"": ""blocked""}}"
2025-04-08 16:58:52,"{""gw-1"": {""1"": ""blocked"", ""2"": ""rx_and_data_rate""}}"
2025-04-08 16:58:56,"{""gw-1"": {""1"": ""rx_and_data_rate"", ""2"": ""blocked""}}"
2025-04-08 16:58:56,"{""gw-1"": {""1"": ""rx_and_data_rate"", ""2"": ""blocked""}}"
2025-04-08 16:59:01,"{""gw-1"": {""1"": ""rx_and_data_rate"", ""2"": ""blocked""}}"
2025-04-08 16:59:03,"{""gw-1"": {""1"": ""rx_and_data_rate"", ""2"": ""blocked""}}"
2025-04-08 16:59:08,"{""gw-1"": {""1"": ""rx_and_data_rate"", ""2"": ""blocked""}}"
2025-04-08 16:59:10,"{""gw-1"": {""1"": ""rx_and_data_rate"", ""2"": ""blocked""}}"
2025-04-08 16:59:16,"{""gw-1"": {""1"": ""rx_and_data_rate"", ""2"": ""blocked""}}"
2025-04-08 16:59:29,"{""gw-1"": {""1"": ""rx_and_data_rate"", ""2"": ""conflict""}}"
2025-04-08 16:59:29,"{""gw-1"": {""1"": ""rx_and_data_rate"", ""2"": ""conflict""}}"
2025-04-08 16:59:36,"{""gw-1"": {""1"": ""rx_and_data_rate"", ""2"": ""blocked""}}"
2025-04-08 16:59:37,"{""gw-1"": {""1"": ""rx_and_data_rate"", ""2"": ""blocked""}}"
2025-04-08 16:59:37,"{""gw-1"": {""1"": ""blocked"", ""2"": ""rx_and_data_rate""}}"
2025-04-08 16:59:38,"{""gw-1"": {""1"": ""rx_and_data_rate"", ""2"": ""blocked""}}"
2025-04-08 16:59:52,"{""gw-1"": {""1"": ""rx_and_data_rate"", ""2"": ""conflict""}}"
2025-04-08 16:59:52,"{""gw-1"": {""1"": ""conflict"", ""2"": ""rx_and_data_rate""}}"
2025-04-08 16:59:53,"{""gw-1"": {""1"": ""rx_and_data_rate"", ""2"": ""blocked""}}"
2025-04-08 16:59:59,"{""gw-1"": {""1"": ""blocked"", ""2"": ""rx_and_data_rate""}}"
2025-04-08 17:00:06,"{""gw-1"": {""1"": ""rx_and_data_rate"", ""2"": ""blocked""}}"
2025-04-08 17:00:12,"{""gw-1"": {""1"": ""rx_and_data_rate"", ""2"": ""blocked""}}"
2025-04-08 17:00:13,"{""gw-1"": {""1"": ""rx_and_data_rate"", ""2"": ""blocked""}}"
2025-04-08 17:00:13,"{""gw-1"": {""1"": ""blocked"", ""2"": ""rx_and_data_rate""}}"
2025-04-08 17:00:21,"{""gw-1"": {""1"": ""rx_and_data_rate"", ""2"": ""blocked""}}"
2025-04-08 17:00:22,"{""gw-1"": {""1"": ""rx_and_data_rate"", ""2"": ""blocked""}}"
2025-04-08 17:00:26,"{""gw-1"": {""1"": ""rx_and_data_rate"", ""2"": ""blocked""}}"
2025-04-08 17:00:27,"{""gw-1"": {""1"": ""rx_and_data_rate"", ""2"": ""blocked""}}"
2025-04-08 17:00:33,"{""gw-1"": {""1"": ""conflict"", ""2"": ""blocked""}}"
2025-04-08 17:00:34,"{""gw-1"": {""1"": ""rx_and_data_rate"", ""2"": ""blocked""}}"
2025-04-08 17:00:38,"{""gw-1"": {""1"": ""blocked"", ""2"": ""rx_and_data_rate""}}"
2025-04-08 17:00:38,"{""gw-1"": {""1"": ""blocked"", ""2"": ""rx_and_data_rate""}}"
2025-04-08 17:00:39,"{""gw-1"": {""1"": ""blocked"", ""2"": ""rx_and_data_rate""}}"
2025-04-08 17:00:42,"{""gw-1"": {""1"": ""rx_and_data_rate"", ""2"": ""blocked""}}"
2025-04-08 17:00:45,"{""gw-1"": {""1"": ""blocked"", ""2"": ""rx_and_data_rate""}}"
2025-04-08 17:00:45,"{""gw-1"": {""1"": ""blocked"", ""2"": ""rx_and_data_rate""}}"
2025-04-08 17:00:52,"{""gw-1"": {""1"": ""rx_and_data_rate"", ""2"": ""blocked""}}"
2025-04-08 17:00:52,"{""gw-1"": {""1"": ""rx_and_data_rate"", ""2"": ""blocked""}}"
2025-04-08 17:00:55,"{""gw-1"": {""1"": ""rx_and_data_rate"", ""2"": ""blocked""}}"
2025-04-08 17:00:55,"{""gw-1"": {""1"": ""blocked"", ""2"": ""rx_and_data_rate""}}"
2025-04-08 17:01:03,"{""gw-1"": {""1"": ""blocked"", ""2"": ""rx_and_data_rate""}}"
2025-04-08 17:01:10,"{""gw-1"": {""1"": ""rx_and_data_rate"", ""2"": ""blocked""}}"
2025-04-08 17:01:14,"{""gw-1"": {""1"": ""rx_and_data_rate"", ""2"": ""blocked""}}"
2025-04-08 17:01:14,"{""gw-1"": {""1"": ""rx_and_data_rate"", ""2"": ""blocked""}}"
2025-04-08 17:01:18,"{""gw-1"": {""1"": ""rx_and_data_rate"", ""2"": ""blocked""}}"
2025-04-08 17:01:19,"{""gw-1"": {""1"": ""blocked"", ""2"": ""blocked""}}"
2025-04-08 17:01:20,"{""gw-1"": {""1"": ""blocked"", ""2"": ""blocked""}}"
2025-04-08 17:01:21,"{""gw-1"": {""1"": ""blocked"", ""2"": ""rx_and_data_rate""}}"
2025-04-08 17:01:21,"{""gw-1"": {""1"": ""conflict"", ""2"": ""conflict""}}"
2025-04-08 17:01:22,"{""gw-1"": {""1"": ""rx_and_data_rate"", ""2"": ""blocked""}}"
2025-04-08 17:01:25,"{""gw-1"": {""1"": ""rx_and_data_rate"", ""2"": ""blocked""}}"
2025-04-08 17:01:27,"{""gw-1"": {""1"": ""rx_and_data_rate"", ""2"": ""blocked""}}"
2025-04-08 17:01:27,"{""gw-1"": {""1"": ""rx_and_data_rate"", ""2"": ""blocked""}}"
2025-04-08 17:01:30,"{""gw-1"": {""1"": ""rx_and_data_rate"", ""2"": ""blocked""}}"
2025-04-08 17:01:30,"{""gw-1"": {""1"": ""rx_and_data_rate"", ""2"": ""blocked""}}"
2025-04-08 17:01:31,"{""gw-1"": {""1"": ""rx_and_data_rate"", ""2"": ""blocked""}}"
2025-04-08 17:01:31,"{""gw-1"": {""1"": ""rx_and_data_rate"", ""2"": ""blocked""}}"
2025-04-08 17:01:32,"{""gw-1"": {""1"": ""rx_and_data_rate"", ""2"": ""blocked""}}"
2025-04-08 17:01:36,"{""gw-1"": {""1"": ""rx_and_data_rate"", ""2"": ""blocked""}}"
2025-04-08 17:01:39,"{""gw-1"": {""1"": ""rx_and_data_rate"", ""2"": ""blocked""}}"
2025-04-08 17:01:41,"{""gw-1"": {""1"": ""rx_and_data_rate"", ""2"": ""blocked""}}"
2025-04-08 17:01:43,"{""gw-1"": {""1"": ""rx_and_data_rate"", ""2"": ""blocked""}}"
2025-04-08 17:01:43,"{""gw-1"": {""1"": ""rx_and_data_rate"", ""2"": ""blocked""}}"
2025-04-08 17:01:43,"{""gw-1"": {""1"": ""rx_and_data_rate"", ""2"": ""blocked""}}"
2025-04-08 17:01:54,"{""gw-1"": {""1"": ""rx_and_data_rate"", ""2"": ""blocked""}}"
2025-04-08 17:01:55,"{""gw-1"": {""1"": ""rx_and_data_rate"", ""2"": ""blocked""}}"
2025-04-08 17:01:55,"{""gw-1"": {""1"": ""rx_and_data_rate"", ""2"": ""blocked""}}"
2025-04-08 17:01:55,"{""gw-1"": {""1"": ""rx_and_data_rate"", ""2"": ""blocked""}}"
2025-04-08 17:02:08,"{""gw-1"": {""1"": ""rx_and_data_rate"", ""2"": ""blocked""}}"
2025-04-08 17:02:08,"{""gw-1"": {""1"": ""rx_and_data_rate"", ""2"": ""blocked""}}"
2025-04-08 17:02:10,"{""gw-1"": {""1"": ""rx_and_data_rate"", ""2"": ""blocked""}}"
2025-04-08 17:02:12,"{""gw-1"": {""1"": ""rx_and_data_rate"", ""2"": ""blocked""}}"
2025-04-08 17:02:18,"{""gw-1"": {""1"": ""rx_and_data_rate"", ""2"": ""conflict""}}"
2025-04-08 17:02:22,"{""gw-1"": {""1"": ""rx_and_data_rate"", ""2"": ""blocked""}}"
2025-04-08 17:02:24,"{""gw-1"": {""1"": ""rx_and_data_rate"", ""2"": ""blocked""}}"
2025-04-08 17:02:24,"{""gw-1"": {""1"": ""rx_and_data_rate"", ""2"": ""blocked""}}"
2025-04-08 17:02:25,"{""gw-1"": {""1"": ""rx_and_data_rate"", ""2"": ""blocked""}}"
2025-04-08 17:02:25,"{""gw-1"": {""1"": ""rx_and_data_rate"", ""2"": ""blocked""}}"
2025-04-08 17:02:26,"{""gw-1"": {""1"": ""rx_and_data_rate"", ""2"": ""blocked""}}"
2025-04-08 17:02:27,"{""gw-1"": {""1"": ""rx_and_data_rate"", ""2"": ""blocked""}}"
2025-04-08 17:02:28,"{""gw-1"": {""1"": ""blocked"", ""2"": ""rx_and_data_rate""}}"
2025-04-08 17:02:31,"{""gw-1"": {""1"": ""rx_and_data_rate"", ""2"": ""conflict""}}"
2025-04-08 17:02:32,"{""gw-1"": {""1"": ""conflict"", ""2"": ""rx_and_data_rate""}}"
2025-04-08 17:02:35,"{""gw-1"": {""1"": ""blocked"", ""2"": ""rx_and_data_rate""}}"
2025-04-08 17:02:35,"{""gw-1"": {""1"": ""blocked"", ""2"": ""rx_and_data_rate""}}"
2025-04-08 17:02:41,"{""gw-1"": {""1"": ""rx_and_data_rate"", ""2"": ""blocked""}}"
2025-04-08 17:02:42,"{""gw-1"": {""1"": ""rx_and_data_rate"", ""2"": ""blocked""}}"
2025-04-08 17:02:45,"{""gw-1"": {""1"": ""rx_and_data_rate"", ""2"": ""conflict""}}"
2025-04-08 17:02:45,"{""gw-1"": {""1"": ""conflict"", ""2"": ""rx_and_data_rate""}}"
2025-04-08 17:02:52,"{""gw-1"": {""1"": ""rx_and_data_rate"", ""2"": ""blocked""}}"
2025-04-08 17:03:02,"{""gw-1"": {""1"": ""rx_and_data_rate"", ""2"": ""blocked""}}"
2025-04-08 17:03:10,"{""gw-1"": {""1"": ""rx_and_data_rate"", ""2"": ""conflict""}}"
2025-04-08 17:03:10,"{""gw-1"": {""1"": ""blocked"", ""2"": ""rx_and_data_rate""}}"
2025-04-08 17:03:13,"{""gw-1"": {""1"": ""blocked"", ""2"": ""rx_and_data_rate""}}"
2025-04-08 17:03:16,"{""gw-1"": {""1"": ""rx_and_data_rate"", ""2"": ""blocked""}}"
2025-04-08 17:03:17,"{""gw-1"": {""1"": ""rx_and_data_rate"", ""2"": ""blocked""}}"
2025-04-08 17:03:19,"{""gw-1"": {""1"": ""blocked"", ""2"": ""blocked""}}"
2025-04-08 17:03:27,"{""gw-1"": {""1"": ""blocked"", ""2"": ""rx_and_data_rate""}}"
2025-04-08 17:03:28,"{""gw-1"": {""1"": ""rx_and_data_rate"", ""2"": ""blocked""}}"
2025-04-08 17:03:29,"{""gw-1"": {""1"": ""blocked"", ""2"": ""blocked""}}"
2025-04-08 17:03:33,"{""gw-1"": {""1"": ""rx_and_data_rate"", ""2"": ""blocked""}}"
2025-04-08 17:03:35,"{""gw-1"": {""1"": ""blocked"", ""2"": ""rx_and_data_rate""}}"
2025-04-08 17:03:37,"{""gw-1"": {""1"": ""conflict"", ""2"": ""rx_and_data_rate""}}"
2025-04-08 17:03:41,"{""gw-1"": {""1"": ""rx_and_data_rate"", ""2"": ""blocked""}}"
2025-04-08 17:03:41,"{""gw-1"": {""1"": ""rx_and_data_rate"", ""2"": ""blocked""}}"
2025-04-08 17:03:49,"{""gw-1"": {""1"": ""blocked"", ""2"": ""rx_and_data_rate""}}"
2025-04-08 17:03:51,"{""gw-1"": {""1"": ""blocked"", ""2"": ""rx_and_data_rate""}}"
2025-04-08 17:03:52,"{""gw-1"": {""1"": ""rx_and_data_rate"", ""2"": ""blocked""}}"
2025-04-08 17:03:56,"{""gw-1"": {""1"": ""rx_and_data_rate"", ""2"": ""blocked""}}"
2025-04-08 17:03:57,"{""gw-1"": {""1"": ""rx_and_data_rate"", ""2"": ""blocked""}}"
2025-04-08 17:03:59,"{""gw-1"": {""1"": ""rx_and_data_rate"", ""2"": ""blocked""}}"
2025-04-08 17:04:03,"{""gw-1"": {""1"": ""blocked"", ""2"": ""rx_and_data_rate""}}"
2025-04-08 17:04:06,"{""gw-1"": {""1"": ""blocked"", ""2"": ""rx_and_data_rate""}}"
2025-04-08 17:04:11,"{""gw-1"": {""1"": ""blocked"", ""2"": ""rx_and_data_rate""}}"
2025-04-08 17:04:23,"{""gw-1"": {""1"": ""rx_and_data_rate"", ""2"": ""blocked""}}"
2025-04-08 17:04:31,"{""gw-1"": {""1"": ""rx_and_data_rate"", ""2"": ""blocked""}}"
2025-04-08 17:04:33,"{""gw-1"": {""1"": ""blocked"", ""2"": ""rx_and_data_rate""}}"
2025-04-08 17:04:34,"{""gw-1"": {""1"": ""blocked"", ""2"": ""rx_and_data_rate""}}"
2025-04-08 17:04:34,"{""gw-1"": {""1"": ""rx_and_data_rate"", ""2"": ""blocked""}}"
2025-04-08 17:04:35,"{""gw-1"": {""1"": ""rx_and_data_rate"", ""2"": ""blocked""}}"
2025-04-08 17:04:36,"{""gw-1"": {""1"": ""rx_and_data_rate"", ""2"": ""blocked""}}"
2025-04-08 17:04:36,"{""gw-1"": {""1"": ""blocked"", ""2"": ""blocked""}}"
2025-04-08 17:04:36,"{""gw-1"": {""1"": ""rx_and_data_rate"", ""2"": ""blocked""}}"
2025-04-08 17:04:42,"{""gw-1"": {""1"": ""rx_and_data_rate"", ""2"": ""conflict""}}"
2025-04-08 17:04:42,"{""gw-1"": {""1"": ""rx_and_data_rate"", ""2"": ""conflict""}}"
2025-04-08 17:04:43,"{""gw-1"": {""1"": ""rx_and_data_rate"", ""2"": ""blocked""}}"
2025-04-08 17:04:44,"{""gw-1"": {""1"": ""rx_and_data_rate"", ""2"": ""blocked""}}"
2025-04-08 17:04:48,"{""gw-1"": {""1"": ""rx_and_data_rate"", ""2"": ""blocked""}}"
2025-04-08 17:04:49,"{""gw-1"": {""1"": ""blocked"", ""2"": ""rx_and_data_rate""}}"
2025-04-08 17:04:51,"{""gw-1"": {""1"": ""blocked"", ""2"": ""blocked""}}"
2025-04-08 17:04:51,"{""gw-1"": {""1"": ""rx_and_data_rate"", ""2"": ""blocked""}}"
2025-04-08 17:04:51,"{""gw-1"": {""1"": ""blocked"", ""2"": ""rx_and_data_rate""}}"
2025-04-08 17:04:52,"{""gw-1"": {""1"": ""rx_and_data_rate"", ""2"": ""blocked""}}"
2025-04-08 17:04:58,"{""gw-1"": {""1"": ""rx_and_data_rate"", ""2"": ""conflict""}}"
2025-04-08 17:04:59,"{""gw-1"": {""1"": ""rx_and_data_rate"", ""2"": ""blocked""}}"
2025-04-08 17:05:06,"{""gw-1"": {""1"": ""rx_and_data_rate"", ""2"": ""blocked""}}"
2025-04-08 17:05:07,"{""gw-1"": {""1"": ""rx_and_data_rate"", ""2"": ""blocked""}}"
2025-04-08 17:05:08,"{""gw-1"": {""1"": ""rx_and_data_rate"", ""2"": ""blocked""}}"
2025-04-08 17:05:17,"{""gw-1"": {""1"": ""blocked"", ""2"": ""rx_and_data_rate""}}"
2025-04-08 17:05:17,"{""gw-1"": {""1"": ""rx_and_data_rate"", ""2"": ""conflict""}}"
2025-04-08 17:05:22,"{""gw-1"": {""1"": ""rx_and_data_rate"", ""2"": ""blocked""}}"
2025-04-08 17:05:24,"{""gw-1"": {""1"": ""rx_and_data_rate"", ""2"": ""blocked""}}"
2025-04-08 17:05:25,"{""gw-1"": {""1"": ""rx_and_data_rate"", ""2"": ""blocked""}}"
2025-04-08 17:05:27,"{""gw-1"": {""1"": ""rx_and_data_rate"", ""2"": ""blocked""}}"
2025-04-08 17:05:31,"{""gw-1"": {""1"": ""rx_and_data_rate"", ""2"": ""conflict""}}"
2025-04-08 17:05:32,"{""gw-1"": {""1"": ""conflict"", ""2"": ""rx_and_data_rate""}}"
2025-04-08 17:05:38,"{""gw-1"": {""1"": ""blocked"", ""2"": ""blocked""}}"
2025-04-08 17:05:39,"{""gw-1"": {""1"": ""blocked"", ""2"": ""rx_and_data_rate""}}"
2025-04-08 17:05:39,"{""gw-1"": {""1"": ""rx_and_data_rate"", ""2"": ""blocked""}}"
2025-04-08 17:05:40,"{""gw-1"": {""1"": ""blocked"", ""2"": ""rx_and_data_rate""}}"
2025-04-08 17:05:43,"{""gw-1"": {""1"": ""rx_and_data_rate"", ""2"": ""conflict""}}"
2025-04-08 17:05:47,"{""gw-1"": {""1"": ""blocked"", ""2"": ""rx_and_data_rate""}}"
2025-04-08 17:05:52,"{""gw-1"": {""1"": ""rx_and_data_rate"", ""2"": ""blocked""}}"
2025-04-08 17:05:53,"{""gw-1"": {""1"": ""rx_and_data_rate"", ""2"": ""blocked""}}"
2025-04-08 17:06:04,"{""gw-1"": {""1"": ""blocked"", ""2"": ""blocked""}}"
2025-04-08 17:06:06,"{""gw-1"": {""1"": ""blocked"", ""2"": ""blocked""}}"
2025-04-08 17:06:08,"{""gw-1"": {""1"": ""rx_and_data_rate"", ""2"": ""blocked""}}"
2025-04-08 17:06:21,"{""gw-1"": {""1"": ""rx_and_data_rate"", ""2"": ""blocked""}}"
2025-04-08 17:06:22,"{""gw-1"": {""1"": ""blocked"", ""2"": ""rx_and_data_rate""}}"
2025-04-08 17:06:23,"{""gw-1"": {""1"": ""rx_and_data_rate"", ""2"": ""blocked""}}"
2025-04-08 17:06:25,"{""gw-1"": {""1"": ""rx_and_data_rate"", ""2"": ""blocked""}}"
2025-04-08 17:06:30,"{""gw-1"": {""1"": ""rx_and_data_rate"", ""2"": ""conflict""}}"
2025-04-08 17:06:31,"{""gw-1"": {""1"": ""rx_and_data_rate"", ""2"": ""conflict""}}"
2025-04-08 17:06:35,"{""gw-1"": {""1"": ""rx_and_data_rate"", ""2"": ""blocked""}}"
2025-04-08 17:06:40,"{""gw-1"": {""1"": ""rx_and_data_rate"", ""2"": ""blocked""}}"
2025-04-08 17:06:40,"{""gw-1"": {""1"": ""rx_and_data_rate"", ""2"": ""blocked""}}"
2025-04-08 17:06:41,"{""gw-1"": {""1"": ""rx_and_data_rate"", ""2"": ""blocked""}}"
2025-04-08 17:06:44,"{""gw-1"": {""1"": ""rx_and_data_rate"", ""2"": ""conflict""}}"
2025-04-08 17:06:45,"{""gw-1"": {""1"": ""rx_and_data_rate"", ""2"": ""blocked""}}"
2025-04-08 17:06:45,"{""gw-1"": {""1"": ""rx_and_data_rate"", ""2"": ""blocked""}}"
2025-04-08 17:06:45,"{""gw-1"": {""1"": ""conflict"", ""2"": ""rx_and_data_rate""}}"
2025-04-08 17:06:53,"{""gw-1"": {""1"": ""rx_and_data_rate"", ""2"": ""blocked""}}"
2025-04-08 17:06:59,"{""gw-1"": {""1"": ""rx_and_data_rate"", ""2"": ""blocked""}}"
2025-04-08 17:07:02,"{""gw-1"": {""1"": ""rx_and_data_rate"", ""2"": ""blocked""}}"
2025-04-08 17:07:16,"{""gw-1"": {""1"": ""rx_and_data_rate"", ""2"": ""blocked""}}"
2025-04-08 17:07:16,"{""gw-1"": {""1"": ""rx_and_data_rate"", ""2"": ""blocked""}}"
2025-04-08 17:07:18,"{""gw-1"": {""1"": ""rx_and_data_rate"", ""2"": ""blocked""}}"
2025-04-08 17:07:19,"{""gw-1"": {""1"": ""rx_and_data_rate"", ""2"": ""blocked""}}"
2025-04-08 17:07:20,"{""gw-1"": {""1"": ""rx_and_data_rate"", ""2"": ""blocked""}}"
2025-04-08 17:07:28,"{""gw-1"": {""1"": ""rx_and_data_rate"", ""2"": ""blocked""}}"
2025-04-08 17:07:29,"{""gw-1"": {""1"": ""rx_and_data_rate"", ""2"": ""blocked""}}"
2025-04-08 17:07:31,"{""gw-1"": {""1"": ""rx_and_data_rate"", ""2"": ""blocked""}}"
2025-04-08 17:07:31,"{""gw-1"": {""1"": ""rx_and_data_rate"", ""2"": ""blocked""}}"
2025-04-08 17:07:41,"{""gw-1"": {""1"": ""rx_and_data_rate"", ""2"": ""conflict""}}"
2025-04-08 17:07:45,"{""gw-1"": {""1"": ""rx_and_data_rate"", ""2"": ""blocked""}}"
2025-04-08 17:07:46,"{""gw-1"": {""1"": ""rx_and_data_rate"", ""2"": ""blocked""}}"
2025-04-08 17:07:48,"{""gw-1"": {""1"": ""rx_and_data_rate"", ""2"": ""blocked""}}"
2025-04-08 17:07:51,"{""gw-1"": {""1"": ""rx_and_data_rate"", ""2"": ""blocked""}}"
2025-04-08 17:07:54,"{""gw-1"": {""1"": ""rx_and_data_rate"", ""2"": ""conflict""}}"
2025-04-08 17:07:54,"{""gw-1"": {""1"": ""rx_and_data_rate"", ""2"": ""conflict""}}"
2025-04-08 17:07:59,"{""gw-1"": {""1"": ""rx_and_data_rate"", ""2"": ""blocked""}}"
2025-04-08 17:07:59,"{""gw-1"": {""1"": ""rx_and_data_rate"", ""2"": ""blocked""}}"
2025-04-08 17:08:03,"{""gw-1"": {""1"": ""rx_and_data_rate"", ""2"": ""blocked""}}"
2025-04-08 17:08:08,"{""gw-1"": {""1"": ""rx_and_data_rate"", ""2"": ""conflict""}}"
2025-04-08 17:08:08,"{""gw-1"": {""1"": ""rx_and_data_rate"", ""2"": ""conflict""}}"
2025-04-08 17:08:14,"{""gw-1"": {""1"": ""rx_and_data_rate"", ""2"": ""blocked""}}"
2025-04-08 17:08:15,"{""gw-1"": {""1"": ""rx_and_data_rate"", ""2"": ""blocked""}}"
2025-04-08 17:08:18,"{""gw-1"": {""1"": ""rx_and_data_rate"", ""2"": ""blocked""}}"
2025-04-08 17:08:26,"{""gw-1"": {""1"": ""rx_and_data_rate"", ""2"": ""blocked""}}"
2025-04-08 17:08:27,"{""gw-1"": {""1"": ""rx_and_data_rate"", ""2"": ""blocked""}}"
2025-04-08 17:08:27,"{""gw-1"": {""1"": ""blocked"", ""2"": ""rx_and_data_rate""}}"
2025-04-08 17:08:30,"{""gw-1"": {""1"": ""rx_and_data_rate"", ""2"": ""blocked""}}"
2025-04-08 17:08:33,"{""gw-1"": {""1"": ""rx_and_data_rate"", ""2"": ""conflict""}}"
2025-04-08 17:08:41,"{""gw-1"": {""1"": ""rx_and_data_rate"", ""2"": ""blocked""}}"
2025-04-08 17:08:45,"{""gw-1"": {""1"": ""rx_and_data_rate"", ""2"": ""conflict""}}"
2025-04-08 17:08:46,"{""gw-1"": {""1"": ""rx_and_data_rate"", ""2"": ""blocked""}}"
2025-04-08 17:08:59,"{""gw-1"": {""1"": ""rx_and_data_rate"", ""2"": ""blocked""}}"
2025-04-08 17:09:03,"{""gw-1"": {""1"": ""rx_and_data_rate"", ""2"": ""blocked""}}"
2025-04-08 17:09:03,"{""gw-1"": {""1"": ""blocked"", ""2"": ""rx_and_data_rate""}}"
2025-04-08 17:09:03,"{""gw-1"": {""1"": ""rx_and_data_rate"", ""2"": ""blocked""}}"
2025-04-08 17:09:06,"{""gw-1"": {""1"": ""rx_and_data_rate"", ""2"": ""blocked""}}"
2025-04-08 17:09:08,"{""gw-1"": {""1"": ""rx_and_data_rate"", ""2"": ""blocked""}}"
2025-04-08 17:09:10,"{""gw-1"": {""1"": ""rx_and_data_rate"", ""2"": ""conflict""}}"
2025-04-08 17:09:10,"{""gw-1"": {""1"": ""rx_and_data_rate"", ""2"": ""conflict""}}"
2025-04-08 17:09:11,"{""gw-1"": {""1"": ""conflict"", ""2"": ""blocked""}}"
2025-04-08 17:09:24,"{""gw-1"": {""1"": ""blocked"", ""2"": ""rx_and_data_rate""}}"
2025-04-08 17:09:25,"{""gw-1"": {""1"": ""rx_and_data_rate"", ""2"": ""conflict""}}"
2025-04-08 17:09:30,"{""gw-1"": {""1"": ""rx_and_data_rate"", ""2"": ""blocked""}}"
2025-04-08 17:09:32,"{""gw-1"": {""1"": ""blocked"", ""2"": ""rx_and_data_rate""}}"
2025-04-08 17:09:35,"{""gw-1"": {""1"": ""rx_and_data_rate"", ""2"": ""blocked""}}"
2025-04-08 17:09:35,"{""gw-1"": {""1"": ""rx_and_data_rate"", ""2"": ""blocked""}}"
2025-04-08 17:09:35,"{""gw-1"": {""1"": ""blocked"", ""2"": ""rx_and_data_rate""}}"
2025-04-08 17:09:36,"{""gw-1"": {""1"": ""rx_and_data_rate"", ""2"": ""blocked""}}"
2025-04-08 17:09:36,"{""gw-1"": {""1"": ""rx_and_data_rate"", ""2"": ""blocked""}}"
2025-04-08 17:09:39,"{""gw-1"": {""1"": ""rx_and_data_rate"", ""2"": ""blocked""}}"
2025-04-08 17:09:45,"{""gw-1"": {""1"": ""rx_and_data_rate"", ""2"": ""blocked""}}"
2025-04-08 17:09:47,"{""gw-1"": {""1"": ""blocked"", ""2"": ""rx_and_data_rate""}}"
2025-04-08 17:09:49,"{""gw-1"": {""1"": ""blocked"", ""2"": ""blocked""}}"
2025-04-08 17:09:57,"{""gw-1"": {""1"": ""rx_and_data_rate"", ""2"": ""blocked""}}"
2025-04-08 17:10:02,"{""gw-1"": {""1"": ""rx_and_data_rate"", ""2"": ""blocked""}}"
2025-04-08 17:10:10,"{""gw-1"": {""1"": ""blocked"", ""2"": ""rx_and_data_rate""}}"
2025-04-08 17:10:19,"{""gw-1"": {""1"": ""rx_and_data_rate"", ""2"": ""blocked""}}"
2025-04-08 17:10:20,"{""gw-1"": {""1"": ""rx_and_data_rate"", ""2"": ""blocked""}}"
2025-04-08 17:10:26,"{""gw-1"": {""1"": ""rx_and_data_rate"", ""2"": ""conflict""}}"
2025-04-08 17:10:31,"{""gw-1"": {""1"": ""blocked"", ""2"": ""rx_and_data_rate""}}"
2025-04-08 17:10:39,"{""gw-1"": {""1"": ""rx_and_data_rate"", ""2"": ""blocked""}}"
2025-04-08 17:10:42,"{""gw-1"": {""1"": ""blocked"", ""2"": ""blocked""}}"
2025-04-08 17:10:44,"{""gw-1"": {""1"": ""blocked"", ""2"": ""rx_and_data_rate""}}"
2025-04-08 17:10:49,"{""gw-1"": {""1"": ""blocked"", ""2"": ""rx_and_data_rate""}}"
2025-04-08 17:11:00,"{""gw-1"": {""1"": ""rx_and_data_rate"", ""2"": ""blocked""}}"
2025-04-08 17:11:00,"{""gw-1"": {""1"": ""rx_and_data_rate"", ""2"": ""blocked""}}"
2025-04-08 17:11:04,"{""gw-1"": {""1"": ""rx_and_data_rate"", ""2"": ""blocked""}}"
2025-04-08 17:11:09,"{""gw-1"": {""1"": ""rx_and_data_rate"", ""2"": ""blocked""}}"
2025-04-08 17:11:09,"{""gw-1"": {""1"": ""rx_and_data_rate"", ""2"": ""blocked""}}"
2025-04-08 17:11:11,"{""gw-1"": {""1"": ""rx_and_data_rate"", ""2"": ""blocked""}}"
2025-04-08 17:11:12,"{""gw-1"": {""1"": ""rx_and_data_rate"", ""2"": ""blocked""}}"
2025-04-08 17:11:15,"{""gw-1"": {""1"": ""blocked"", ""2"": ""rx_and_data_rate""}}"
2025-04-08 17:11:18,"{""gw-1"": {""1"": ""blocked"", ""2"": ""rx_and_data_rate""}}"
2025-04-08 17:11:19,"{""gw-1"": {""1"": ""rx_and_data_rate"", ""2"": ""conflict""}}"
2025-04-08 17:11:20,"{""gw-1"": {""1"": ""rx_and_data_rate"", ""2"": ""conflict""}}"
2025-04-08 17:11:20,"{""gw-1"": {""1"": ""conflict"", ""2"": ""rx_and_data_rate""}}"
2025-04-08 17:11:23,"{""gw-1"": {""1"": ""rx_and_data_rate"", ""2"": ""blocked""}}"
2025-04-08 17:11:24,"{""gw-1"": {""1"": ""rx_and_data_rate"", ""2"": ""blocked""}}"
2025-04-08 17:11:25,"{""gw-1"": {""1"": ""rx_and_data_rate"", ""2"": ""blocked""}}"
2025-04-08 17:11:26,"{""gw-1"": {""1"": ""rx_and_data_rate"", ""2"": ""blocked""}}"
2025-04-08 17:11:27,"{""gw-1"": {""1"": ""rx_and_data_rate"", ""2"": ""blocked""}}"
2025-04-08 17:11:28,"{""gw-1"": {""1"": ""rx_and_data_rate"", ""2"": ""blocked""}}"
2025-04-08 17:11:33,"{""gw-1"": {""1"": ""blocked"", ""2"": ""rx_and_data_rate""}}"
2025-04-08 17:11:38,"{""gw-1"": {""1"": ""rx_and_data_rate"", ""2"": ""blocked""}}"
2025-04-08 17:11:42,"{""gw-1"": {""1"": ""rx_and_data_rate"", ""2"": ""blocked""}}"
2025-04-08 17:11:43,"{""gw-1"": {""1"": ""rx_and_data_rate"", ""2"": ""blocked""}}"
2025-04-08 17:11:43,"{""gw-1"": {""1"": ""rx_and_data_rate"", ""2"": ""blocked""}}"
2025-04-08 17:11:45,"{""gw-1"": {""1"": ""rx_and_data_rate"", ""2"": ""blocked""}}"
2025-04-08 17:11:46,"{""gw-1"": {""1"": ""rx_and_data_rate"", ""2"": ""conflict""}}"
2025-04-08 17:11:47,"{""gw-1"": {""1"": ""rx_and_data_rate"", ""2"": ""blocked""}}"
2025-04-08 17:11:52,"{""gw-1"": {""1"": ""rx_and_data_rate"", ""2"": ""blocked""}}"
2025-04-08 17:11:56,"{""gw-1"": {""1"": ""rx_and_data_rate"", ""2"": ""blocked""}}"
2025-04-08 17:12:00,"{""gw-1"": {""1"": ""blocked"", ""2"": ""rx_and_data_rate""}}"
2025-04-08 17:12:01,"{""gw-1"": {""1"": ""blocked"", ""2"": ""rx_and_data_rate""}}"
2025-04-08 17:12:03,"{""gw-1"": {""1"": ""rx_and_data_rate"", ""2"": ""conflict""}}"
2025-04-08 17:12:03,"{""gw-1"": {""1"": ""rx_and_data_rate"", ""2"": ""conflict""}}"
2025-04-08 17:12:07,"{""gw-1"": {""1"": ""rx_and_data_rate"", ""2"": ""blocked""}}"
2025-04-08 17:12:08,"{""gw-1"": {""1"": ""rx_and_data_rate"", ""2"": ""blocked""}}"
2025-04-08 17:12:10,"{""gw-1"": {""1"": ""rx_and_data_rate"", ""2"": ""blocked""}}"
2025-04-08 17:12:12,"{""gw-1"": {""1"": ""rx_and_data_rate"", ""2"": ""blocked""}}"
2025-04-08 17:12:12,"{""gw-1"": {""1"": ""rx_and_data_rate"", ""2"": ""blocked""}}"
2025-04-08 17:12:16,"{""gw-1"": {""1"": ""rx_and_data_rate"", ""2"": ""conflict""}}"
2025-04-08 17:12:17,"{""gw-1"": {""1"": ""rx_and_data_rate"", ""2"": ""conflict""}}"
2025-04-08 17:12:17,"{""gw-1"": {""1"": ""rx_and_data_rate"", ""2"": ""conflict""}}"
2025-04-08 17:12:23,"{""gw-1"": {""1"": ""rx_and_data_rate"", ""2"": ""blocked""}}"
2025-04-08 17:12:27,"{""gw-1"": {""1"": ""rx_and_data_rate"", ""2"": ""blocked""}}"
2025-04-08 17:12:30,"{""gw-1"": {""1"": ""rx_and_data_rate"", ""2"": ""conflict""}}"
2025-04-08 17:12:30,"{""gw-1"": {""1"": ""conflict"", ""2"": ""conflict""}}"
2025-04-08 17:12:30,"{""gw-1"": {""1"": ""rx_and_data_rate"", ""2"": ""blocked""}}"
2025-04-08 17:12:34,"{""gw-1"": {""1"": ""blocked"", ""2"": ""rx_and_data_rate""}}"
2025-04-08 17:12:35,"{""gw-1"": {""1"": ""blocked"", ""2"": ""rx_and_data_rate""}}"
2025-04-08 17:12:36,"{""gw-1"": {""1"": ""rx_and_data_rate"", ""2"": ""blocked""}}"
2025-04-08 17:12:40,"{""gw-1"": {""1"": ""rx_and_data_rate"", ""2"": ""blocked""}}"
2025-04-08 17:12:43,"{""gw-1"": {""1"": ""rx_and_data_rate"", ""2"": ""blocked""}}"
2025-04-08 17:12:47,"{""gw-1"": {""1"": ""rx_and_data_rate"", ""2"": ""blocked""}}"
2025-04-08 17:12:54,"{""gw-1"": {""1"": ""rx_and_data_rate"", ""2"": ""conflict""}}"
2025-04-08 17:12:54,"{""gw-1"": {""1"": ""rx_and_data_rate"", ""2"": ""conflict""}}"
2025-04-08 17:12:54,"{""gw-1"": {""1"": ""blocked"", ""2"": ""rx_and_data_rate""}}"
2025-04-08 17:12:58,"{""gw-1"": {""1"": ""rx_and_data_rate"", ""2"": ""blocked""}}"
2025-04-08 17:12:58,"{""gw-1"": {""1"": ""rx_and_data_rate"", ""2"": ""blocked""}}"
2025-04-08 17:12:58,"{""gw-1"": {""1"": ""rx_and_data_rate"", ""2"": ""blocked""}}"
2025-04-08 17:12:59,"{""gw-1"": {""1"": ""rx_and_data_rate"", ""2"": ""blocked""}}"
2025-04-08 17:13:00,"{""gw-1"": {""1"": ""rx_and_data_rate"", ""2"": ""blocked""}}"
2025-04-08 17:13:01,"{""gw-1"": {""1"": ""blocked"", ""2"": ""blocked""}}"
2025-04-08 17:13:01,"{""gw-1"": {""1"": ""rx_and_data_rate"", ""2"": ""blocked""}}"
2025-04-08 17:13:01,"{""gw-1"": {""1"": ""blocked"", ""2"": ""rx_and_data_rate""}}"
2025-04-08 17:13:01,"{""gw-1"": {""1"": ""rx_and_data_rate"", ""2"": ""blocked""}}"
2025-04-08 17:13:02,"{""gw-1"": {""1"": ""blocked"", ""2"": ""rx_and_data_rate""}}"
2025-04-08 17:13:04,"{""gw-1"": {""1"": ""rx_and_data_rate"", ""2"": ""blocked""}}"
2025-04-08 17:13:06,"{""gw-1"": {""1"": ""rx_and_data_rate"", ""2"": ""conflict""}}"
2025-04-08 17:13:07,"{""gw-1"": {""1"": ""rx_and_data_rate"", ""2"": ""conflict""}}"
2025-04-08 17:13:07,"{""gw-1"": {""1"": ""rx_and_data_rate"", ""2"": ""blocked""}}"
2025-04-08 17:13:07,"{""gw-1"": {""1"": ""rx_and_data_rate"", ""2"": ""blocked""}}"
2025-04-08 17:13:17,"{""gw-1"": {""1"": ""rx_and_data_rate"", ""2"": ""blocked""}}"
2025-04-08 17:13:19,"{""gw-1"": {""1"": ""rx_and_data_rate"", ""2"": ""conflict""}}"
2025-04-08 17:13:19,"{""gw-1"": {""1"": ""rx_and_data_rate"", ""2"": ""blocked""}}"
2025-04-08 17:13:24,"{""gw-1"": {""1"": ""rx_and_data_rate"", ""2"": ""blocked""}}"
2025-04-08 17:13:26,"{""gw-1"": {""1"": ""rx_and_data_rate"", ""2"": ""blocked""}}"
2025-04-08 17:13:27,"{""gw-1"": {""1"": ""rx_and_data_rate"", ""2"": ""blocked""}}"
2025-04-08 17:13:28,"{""gw-1"": {""1"": ""rx_and_data_rate"", ""2"": ""blocked""}}"
2025-04-08 17:13:33,"{""gw-1"": {""1"": ""blocked"", ""2"": ""rx_and_data_rate""}}"
2025-04-08 17:13:38,"{""gw-1"": {""1"": ""rx_and_data_rate"", ""2"": ""conflict""}}"
2025-04-08 17:13:38,"{""gw-1"": {""1"": ""rx_and_data_rate"", ""2"": ""conflict""}}"
2025-04-08 17:13:46,"{""gw-1"": {""1"": ""rx_and_data_rate"", ""2"": ""blocked""}}"
2025-04-08 17:13:47,"{""gw-1"": {""1"": ""conflict"", ""2"": ""rx_and_data_rate""}}"
2025-04-08 17:13:47,"{""gw-1"": {""1"": ""rx_and_data_rate"", ""2"": ""blocked""}}"
2025-04-08 17:13:50,"{""gw-1"": {""1"": ""blocked"", ""2"": ""rx_and_data_rate""}}"
2025-04-08 17:13:52,"{""gw-1"": {""1"": ""rx_and_data_rate"", ""2"": ""conflict""}}"
2025-04-08 17:13:59,"{""gw-1"": {""1"": ""rx_and_data_rate"", ""2"": ""blocked""}}"
2025-04-08 17:14:00,"{""gw-1"": {""1"": ""rx_and_data_rate"", ""2"": ""blocked""}}"
2025-04-08 17:14:09,"{""gw-1"": {""1"": ""blocked"", ""2"": ""rx_and_data_rate""}}"
2025-04-08 17:14:15,"{""gw-1"": {""1"": ""rx_and_data_rate"", ""2"": ""conflict""}}"
2025-04-08 17:14:16,"{""gw-1"": {""1"": ""rx_and_data_rate"", ""2"": ""blocked""}}"
2025-04-08 17:14:18,"{""gw-1"": {""1"": ""rx_and_data_rate"", ""2"": ""blocked""}}"
2025-04-08 17:14:18,"{""gw-1"": {""1"": ""rx_and_data_rate"", ""2"": ""blocked""}}"
2025-04-08 17:14:20,"{""gw-1"": {""1"": ""rx_and_data_rate"", ""2"": ""blocked""}}"
2025-04-08 17:14:20,"{""gw-1"": {""1"": ""rx_and_data_rate"", ""2"": ""blocked""}}"
