timestamp,results
2025-04-10 01:28:02,"{""gw-2"": {""1"": ""blocked"", ""2"": ""rx_and_data_rate""}}"
2025-04-10 01:28:04,"{""gw-2"": {""1"": ""blocked"", ""2"": ""blocked""}}"
2025-04-10 01:28:05,"{""gw-2"": {""1"": ""rx_and_data_rate"", ""2"": ""blocked""}}"
2025-04-10 01:28:08,"{""gw-1"": {""1"": ""blocked"", ""2"": ""rx_and_data_rate""}}"
2025-04-10 01:28:11,"{""gw-2"": {""1"": ""rx_and_data_rate"", ""2"": ""blocked""}}"
2025-04-10 01:28:12,"{""gw-1"": {""1"": ""blocked"", ""2"": ""rx_and_data_rate""}}"
2025-04-10 01:28:13,"{""gw-2"": {""1"": ""blocked"", ""2"": ""rx_and_data_rate""}}"
2025-04-10 01:28:14,"{""gw-1"": {""1"": ""blocked"", ""2"": ""conflict""}}"
2025-04-10 01:28:15,"{""gw-2"": {""1"": ""blocked"", ""2"": ""blocked""}, ""gw-1"": {""1"": ""conflict"", ""2"": ""blocked""}}"
2025-04-10 01:28:17,"{""gw-2"": {""1"": ""blocked"", ""2"": ""rx_and_data_rate""}}"
2025-04-10 01:28:17,"{""gw-2"": {""1"": ""blocked"", ""2"": ""rx_and_data_rate""}}"
2025-04-10 01:28:19,"{""gw-2"": {""1"": ""blocked"", ""2"": ""rx_and_data_rate""}, ""gw-1"": {""1"": ""blocked"", ""2"": ""rx_and_data_rate""}}"
2025-04-10 01:28:29,"{""gw-1"": {""1"": ""rx_and_data_rate"", ""2"": ""blocked""}}"
2025-04-10 01:28:31,"{""gw-1"": {""1"": ""rx_and_data_rate"", ""2"": ""blocked""}}"
2025-04-10 01:28:31,"{""gw-1"": {""1"": ""rx_and_data_rate"", ""2"": ""blocked""}}"
2025-04-10 01:28:41,"{""gw-2"": {""1"": ""blocked"", ""2"": ""rx_and_data_rate""}}"
2025-04-10 01:28:43,"{""gw-2"": {""1"": ""rx_and_data_rate"", ""2"": ""blocked""}}"
2025-04-10 01:28:50,"{""gw-1"": {""1"": ""conflict"", ""2"": ""rx_and_data_rate""}, ""gw-2"": {""1"": ""blocked"", ""2"": ""rx_and_data_rate""}}"
2025-04-10 01:28:52,"{""gw-2"": {""1"": ""rx_and_data_rate"", ""2"": ""blocked""}}"
2025-04-10 01:28:52,"{""gw-1"": {""1"": ""rx_and_data_rate"", ""2"": ""blocked""}}"
2025-04-10 01:28:53,"{""gw-2"": {""1"": ""rx_and_data_rate"", ""2"": ""blocked""}}"
2025-04-10 01:28:54,"{""gw-2"": {""1"": ""rx_and_data_rate"", ""2"": ""conflict""}}"
2025-04-10 01:28:54,"{""gw-1"": {""1"": ""blocked"", ""2"": ""rx_and_data_rate""}}"
2025-04-10 01:28:55,"{""gw-1"": {""1"": ""blocked"", ""2"": ""rx_and_data_rate""}}"
2025-04-10 01:29:04,"{""gw-1"": {""1"": ""rx_and_data_rate"", ""2"": ""blocked""}, ""gw-2"": {""1"": ""rx_and_data_rate"", ""2"": ""blocked""}}"
2025-04-10 01:29:08,"{""gw-2"": {""1"": ""conflict"", ""2"": ""rx_and_data_rate""}, ""gw-1"": {""1"": ""blocked"", ""2"": ""rx_and_data_rate""}}"
2025-04-10 01:29:08,"{""gw-1"": {""1"": ""blocked"", ""2"": ""rx_and_data_rate""}}"
2025-04-10 01:29:08,"{""gw-2"": {""1"": ""conflict"", ""2"": ""rx_and_data_rate""}}"
2025-04-10 01:29:09,"{""gw-1"": {""1"": ""rx_and_data_rate"", ""2"": ""blocked""}}"
2025-04-10 01:29:15,"{""gw-2"": {""1"": ""blocked"", ""2"": ""rx_and_data_rate""}}"
2025-04-10 01:29:19,"{""gw-2"": {""1"": ""blocked"", ""2"": ""rx_and_data_rate""}}"
2025-04-10 01:29:20,"{""gw-2"": {""1"": ""blocked"", ""2"": ""rx_and_data_rate""}}"
2025-04-10 01:29:20,"{""gw-2"": {""1"": ""blocked"", ""2"": ""rx_and_data_rate""}}"
2025-04-10 01:29:26,"{""gw-2"": {""1"": ""rx_and_data_rate"", ""2"": ""blocked""}}"
2025-04-10 01:29:26,"{""gw-1"": {""1"": ""blocked"", ""2"": ""rx_and_data_rate""}}"
2025-04-10 01:29:27,"{""gw-1"": {""1"": ""blocked"", ""2"": ""blocked""}}"
2025-04-10 01:29:28,"{""gw-1"": {""1"": ""blocked"", ""2"": ""blocked""}}"
2025-04-10 01:29:30,"{""gw-2"": {""1"": ""rx_and_data_rate"", ""2"": ""blocked""}, ""gw-1"": {""1"": ""rx_and_data_rate"", ""2"": ""conflict""}}"
2025-04-10 01:29:34,"{""gw-2"": {""1"": ""blocked"", ""2"": ""blocked""}}"
2025-04-10 01:29:34,"{""gw-2"": {""1"": ""blocked"", ""2"": ""rx_and_data_rate""}}"
2025-04-10 01:29:36,"{""gw-2"": {""1"": ""blocked"", ""2"": ""rx_and_data_rate""}}"
2025-04-10 01:29:36,"{""gw-2"": {""1"": ""blocked"", ""2"": ""rx_and_data_rate""}}"
2025-04-10 01:29:38,"{""gw-1"": {""1"": ""blocked"", ""2"": ""blocked""}, ""gw-2"": {""1"": ""conflict"", ""2"": ""conflict""}}"
2025-04-10 01:29:39,"{""gw-2"": {""1"": ""conflict"", ""2"": ""rx_and_data_rate""}}"
2025-04-10 01:29:39,"{""gw-1"": {""1"": ""rx_and_data_rate"", ""2"": ""blocked""}}"
2025-04-10 01:29:42,"{""gw-2"": {""1"": ""blocked"", ""2"": ""rx_and_data_rate""}}"
2025-04-10 01:29:46,"{""gw-1"": {""1"": ""rx_and_data_rate"", ""2"": ""blocked""}}"
2025-04-10 01:29:48,"{""gw-2"": {""1"": ""rx_and_data_rate"", ""2"": ""blocked""}}"
2025-04-10 01:29:48,"{""gw-1"": {""1"": ""blocked"", ""2"": ""rx_and_data_rate""}}"
2025-04-10 01:29:55,"{""gw-2"": {""1"": ""rx_and_data_rate"", ""2"": ""conflict""}}"
2025-04-10 01:29:55,"{""gw-2"": {""1"": ""blocked"", ""2"": ""rx_and_data_rate""}}"
2025-04-10 01:29:59,"{""gw-1"": {""1"": ""blocked"", ""2"": ""rx_and_data_rate""}, ""gw-2"": {""1"": ""conflict"", ""2"": ""rx_and_data_rate""}}"
2025-04-10 01:29:59,"{""gw-2"": {""1"": ""blocked"", ""2"": ""rx_and_data_rate""}}"
2025-04-10 01:30:02,"{""gw-2"": {""1"": ""rx_and_data_rate"", ""2"": ""blocked""}}"
2025-04-10 01:30:03,"{""gw-1"": {""1"": ""rx_and_data_rate"", ""2"": ""conflict""}}"
2025-04-10 01:30:03,"{""gw-1"": {""1"": ""conflict"", ""2"": ""rx_and_data_rate""}}"
2025-04-10 01:30:06,"{""gw-2"": {""1"": ""blocked"", ""2"": ""rx_and_data_rate""}}"
2025-04-10 01:30:06,"{""gw-2"": {""1"": ""rx_and_data_rate"", ""2"": ""blocked""}}"
2025-04-10 01:30:10,"{""gw-1"": {""1"": ""rx_and_data_rate"", ""2"": ""blocked""}}"
2025-04-10 01:30:11,"{""gw-1"": {""1"": ""blocked"", ""2"": ""rx_and_data_rate""}}"
2025-04-10 01:30:12,"{""gw-1"": {""1"": ""blocked"", ""2"": ""blocked""}}"
2025-04-10 01:30:12,"{""gw-1"": {""1"": ""blocked"", ""2"": ""rx_and_data_rate""}}"
2025-04-10 01:30:15,"{""gw-2"": {""1"": ""blocked"", ""2"": ""rx_and_data_rate""}}"
2025-04-10 01:30:16,"{""gw-2"": {""1"": ""rx_and_data_rate"", ""2"": ""blocked""}}"
2025-04-10 01:30:20,"{""gw-1"": {""1"": ""blocked"", ""2"": ""rx_and_data_rate""}}"
2025-04-10 01:30:22,"{""gw-2"": {""1"": ""blocked"", ""2"": ""rx_and_data_rate""}, ""gw-1"": {""1"": ""blocked"", ""2"": ""rx_and_data_rate""}}"
2025-04-10 01:30:22,"{""gw-2"": {""1"": ""blocked"", ""2"": ""blocked""}}"
2025-04-10 01:30:23,"{""gw-1"": {""1"": ""rx_and_data_rate"", ""2"": ""conflict""}}"
2025-04-10 01:30:25,"{""gw-2"": {""1"": ""rx_and_data_rate"", ""2"": ""blocked""}, ""gw-1"": {""1"": ""rx_and_data_rate"", ""2"": ""blocked""}}"
2025-04-10 01:30:25,"{""gw-2"": {""1"": ""conflict"", ""2"": ""rx_and_data_rate""}}"
2025-04-10 01:30:28,"{""gw-1"": {""1"": ""blocked"", ""2"": ""rx_and_data_rate""}}"
2025-04-10 01:30:30,"{""gw-1"": {""1"": ""blocked"", ""2"": ""blocked""}, ""gw-2"": {""1"": ""blocked"", ""2"": ""blocked""}}"
2025-04-10 01:30:31,"{""gw-2"": {""1"": ""rx_and_data_rate"", ""2"": ""blocked""}}"
2025-04-10 01:30:33,"{""gw-1"": {""1"": ""rx_and_data_rate"", ""2"": ""blocked""}}"
2025-04-10 01:30:34,"{""gw-1"": {""1"": ""rx_and_data_rate"", ""2"": ""blocked""}}"
2025-04-10 01:30:34,"{""gw-1"": {""1"": ""rx_and_data_rate"", ""2"": ""blocked""}}"
2025-04-10 01:30:39,"{""gw-1"": {""1"": ""rx_and_data_rate"", ""2"": ""blocked""}}"
2025-04-10 01:30:41,"{""gw-2"": {""1"": ""blocked"", ""2"": ""rx_and_data_rate""}}"
2025-04-10 01:30:41,"{""gw-2"": {""1"": ""blocked"", ""2"": ""rx_and_data_rate""}}"
2025-04-10 01:30:44,"{""gw-1"": {""1"": ""rx_and_data_rate"", ""2"": ""blocked""}, ""gw-2"": {""1"": ""rx_and_data_rate"", ""2"": ""blocked""}}"
2025-04-10 01:30:45,"{""gw-2"": {""1"": ""blocked"", ""2"": ""rx_and_data_rate""}}"
2025-04-10 01:30:45,"{""gw-1"": {""1"": ""rx_and_data_rate"", ""2"": ""blocked""}, ""gw-2"": {""1"": ""rx_and_data_rate"", ""2"": ""blocked""}}"
2025-04-10 01:30:46,"{""gw-2"": {""1"": ""blocked"", ""2"": ""rx_and_data_rate""}}"
2025-04-10 01:30:46,"{""gw-2"": {""1"": ""rx_and_data_rate"", ""2"": ""blocked""}, ""gw-1"": {""1"": ""rx_and_data_rate"", ""2"": ""blocked""}}"
2025-04-10 01:30:47,"{""gw-1"": {""1"": ""blocked"", ""2"": ""rx_and_data_rate""}, ""gw-2"": {""1"": ""blocked"", ""2"": ""rx_and_data_rate""}}"
2025-04-10 01:30:48,"{""gw-1"": {""1"": ""blocked"", ""2"": ""blocked""}, ""gw-2"": {""1"": ""blocked"", ""2"": ""blocked""}}"
2025-04-10 01:30:50,"{""gw-1"": {""1"": ""rx_and_data_rate"", ""2"": ""conflict""}}"
2025-04-10 01:30:51,"{""gw-2"": {""1"": ""blocked"", ""2"": ""rx_and_data_rate""}}"
2025-04-10 01:30:51,"{""gw-1"": {""1"": ""conflict"", ""2"": ""rx_and_data_rate""}}"
2025-04-10 01:30:51,"{""gw-1"": {""1"": ""conflict"", ""2"": ""rx_and_data_rate""}}"
2025-04-10 01:30:53,"{""gw-2"": {""1"": ""blocked"", ""2"": ""rx_and_data_rate""}}"
2025-04-10 01:30:53,"{""gw-2"": {""1"": ""blocked"", ""2"": ""rx_and_data_rate""}, ""gw-1"": {""1"": ""blocked"", ""2"": ""rx_and_data_rate""}}"
2025-04-10 01:30:56,"{""gw-2"": {""1"": ""blocked"", ""2"": ""rx_and_data_rate""}}"
2025-04-10 01:30:57,"{""gw-1"": {""1"": ""rx_and_data_rate"", ""2"": ""blocked""}, ""gw-2"": {""1"": ""rx_and_data_rate"", ""2"": ""conflict""}}"
2025-04-10 01:30:57,"{""gw-2"": {""1"": ""rx_and_data_rate"", ""2"": ""blocked""}}"
2025-04-10 01:31:01,"{""gw-1"": {""1"": ""rx_and_data_rate"", ""2"": ""blocked""}}"
2025-04-10 01:31:04,"{""gw-2"": {""1"": ""blocked"", ""2"": ""rx_and_data_rate""}}"
2025-04-10 01:31:04,"{""gw-2"": {""1"": ""blocked"", ""2"": ""rx_and_data_rate""}}"
2025-04-10 01:31:05,"{""gw-1"": {""1"": ""blocked"", ""2"": ""rx_and_data_rate""}}"
2025-04-10 01:31:07,"{""gw-1"": {""1"": ""rx_and_data_rate"", ""2"": ""conflict""}}"
2025-04-10 01:31:08,"{""gw-1"": {""1"": ""conflict"", ""2"": ""rx_and_data_rate""}}"
2025-04-10 01:31:08,"{""gw-1"": {""1"": ""rx_and_data_rate"", ""2"": ""blocked""}}"
2025-04-10 01:31:11,"{""gw-1"": {""1"": ""rx_and_data_rate"", ""2"": ""blocked""}}"
2025-04-10 01:31:12,"{""gw-2"": {""1"": ""rx_and_data_rate"", ""2"": ""blocked""}}"
2025-04-10 01:31:13,"{""gw-1"": {""1"": ""rx_and_data_rate"", ""2"": ""blocked""}}"
2025-04-10 01:31:16,"{""gw-2"": {""1"": ""rx_and_data_rate"", ""2"": ""blocked""}, ""gw-1"": {""1"": ""rx_and_data_rate"", ""2"": ""blocked""}}"
2025-04-10 01:31:20,"{""gw-2"": {""1"": ""blocked"", ""2"": ""rx_and_data_rate""}}"
2025-04-10 01:31:23,"{""gw-2"": {""1"": ""blocked"", ""2"": ""rx_and_data_rate""}, ""gw-1"": {""1"": ""blocked"", ""2"": ""rx_and_data_rate""}}"
2025-04-10 01:31:24,"{""gw-2"": {""1"": ""rx_and_data_rate"", ""2"": ""conflict""}}"
2025-04-10 01:31:26,"{""gw-1"": {""1"": ""blocked"", ""2"": ""rx_and_data_rate""}}"
2025-04-10 01:31:26,"{""gw-1"": {""1"": ""rx_and_data_rate"", ""2"": ""conflict""}}"
2025-04-10 01:31:27,"{""gw-1"": {""1"": ""rx_and_data_rate"", ""2"": ""blocked""}}"
2025-04-10 01:31:28,"{""gw-2"": {""1"": ""rx_and_data_rate"", ""2"": ""blocked""}}"
2025-04-10 01:31:31,"{""gw-2"": {""1"": ""rx_and_data_rate"", ""2"": ""blocked""}, ""gw-1"": {""1"": ""rx_and_data_rate"", ""2"": ""blocked""}}"
2025-04-10 01:31:34,"{""gw-2"": {""1"": ""rx_and_data_rate"", ""2"": ""blocked""}}"
2025-04-10 01:31:34,"{""gw-2"": {""1"": ""blocked"", ""2"": ""rx_and_data_rate""}}"
2025-04-10 01:31:35,"{""gw-2"": {""1"": ""rx_and_data_rate"", ""2"": ""blocked""}}"
2025-04-10 01:31:35,"{""gw-1"": {""1"": ""blocked"", ""2"": ""rx_and_data_rate""}}"
2025-04-10 01:31:38,"{""gw-2"": {""1"": ""blocked"", ""2"": ""rx_and_data_rate""}}"
2025-04-10 01:31:38,"{""gw-1"": {""1"": ""rx_and_data_rate"", ""2"": ""conflict""}}"
2025-04-10 01:31:38,"{""gw-1"": {""1"": ""blocked"", ""2"": ""rx_and_data_rate""}}"
2025-04-10 01:31:39,"{""gw-2"": {""1"": ""conflict"", ""2"": ""conflict""}}"
2025-04-10 01:31:39,"{""gw-1"": {""1"": ""conflict"", ""2"": ""rx_and_data_rate""}}"
2025-04-10 01:31:43,"{""gw-1"": {""1"": ""rx_and_data_rate"", ""2"": ""blocked""}}"
2025-04-10 01:31:44,"{""gw-1"": {""1"": ""blocked"", ""2"": ""blocked""}}"
2025-04-10 01:31:45,"{""gw-1"": {""1"": ""blocked"", ""2"": ""blocked""}, ""gw-2"": {""1"": ""blocked"", ""2"": ""blocked""}}"
2025-04-10 01:31:46,"{""gw-2"": {""1"": ""rx_and_data_rate"", ""2"": ""blocked""}}"
2025-04-10 01:31:46,"{""gw-1"": {""1"": ""rx_and_data_rate"", ""2"": ""blocked""}}"
2025-04-10 01:31:46,"{""gw-1"": {""1"": ""blocked"", ""2"": ""blocked""}}"
2025-04-10 01:31:47,"{""gw-1"": {""1"": ""blocked"", ""2"": ""rx_and_data_rate""}}"
2025-04-10 01:31:48,"{""gw-2"": {""1"": ""rx_and_data_rate"", ""2"": ""blocked""}}"
2025-04-10 01:31:49,"{""gw-2"": {""1"": ""rx_and_data_rate"", ""2"": ""blocked""}, ""gw-1"": {""1"": ""rx_and_data_rate"", ""2"": ""blocked""}}"
2025-04-10 01:31:49,"{""gw-2"": {""1"": ""blocked"", ""2"": ""rx_and_data_rate""}, ""gw-1"": {""1"": ""blocked"", ""2"": ""rx_and_data_rate""}}"
2025-04-10 01:31:50,"{""gw-2"": {""1"": ""blocked"", ""2"": ""rx_and_data_rate""}}"
2025-04-10 01:31:51,"{""gw-2"": {""1"": ""rx_and_data_rate"", ""2"": ""conflict""}, ""gw-1"": {""1"": ""rx_and_data_rate"", ""2"": ""blocked""}}"
2025-04-10 01:31:51,"{""gw-2"": {""1"": ""rx_and_data_rate"", ""2"": ""blocked""}}"
2025-04-10 01:31:54,"{""gw-2"": {""1"": ""rx_and_data_rate"", ""2"": ""blocked""}}"
2025-04-10 01:31:56,"{""gw-2"": {""1"": ""blocked"", ""2"": ""rx_and_data_rate""}, ""gw-1"": {""1"": ""blocked"", ""2"": ""rx_and_data_rate""}}"
2025-04-10 01:31:56,"{""gw-1"": {""1"": ""blocked"", ""2"": ""rx_and_data_rate""}, ""gw-2"": {""1"": ""blocked"", ""2"": ""rx_and_data_rate""}}"
2025-04-10 01:31:56,"{""gw-2"": {""1"": ""blocked"", ""2"": ""blocked""}, ""gw-1"": {""1"": ""blocked"", ""2"": ""blocked""}}"
2025-04-10 01:31:57,"{""gw-1"": {""1"": ""rx_and_data_rate"", ""2"": ""blocked""}}"
2025-04-10 01:31:57,"{""gw-2"": {""1"": ""rx_and_data_rate"", ""2"": ""blocked""}}"
2025-04-10 01:31:57,"{""gw-2"": {""1"": ""rx_and_data_rate"", ""2"": ""blocked""}}"
2025-04-10 01:31:59,"{""gw-1"": {""1"": ""blocked"", ""2"": ""blocked""}}"
2025-04-10 01:31:59,"{""gw-2"": {""1"": ""rx_and_data_rate"", ""2"": ""blocked""}, ""gw-1"": {""1"": ""rx_and_data_rate"", ""2"": ""blocked""}}"
2025-04-10 01:32:06,"{""gw-1"": {""1"": ""blocked"", ""2"": ""rx_and_data_rate""}}"
2025-04-10 01:32:07,"{""gw-1"": {""1"": ""blocked"", ""2"": ""rx_and_data_rate""}}"
2025-04-10 01:32:10,"{""gw-1"": {""1"": ""blocked"", ""2"": ""rx_and_data_rate""}, ""gw-2"": {""1"": ""blocked"", ""2"": ""rx_and_data_rate""}}"
2025-04-10 01:32:12,"{""gw-2"": {""1"": ""rx_and_data_rate"", ""2"": ""blocked""}}"
2025-04-10 01:32:12,"{""gw-2"": {""1"": ""rx_and_data_rate"", ""2"": ""blocked""}}"
2025-04-10 01:32:12,"{""gw-2"": {""1"": ""rx_and_data_rate"", ""2"": ""blocked""}, ""gw-1"": {""1"": ""rx_and_data_rate"", ""2"": ""blocked""}}"
2025-04-10 01:32:13,"{""gw-2"": {""1"": ""rx_and_data_rate"", ""2"": ""blocked""}, ""gw-1"": {""1"": ""rx_and_data_rate"", ""2"": ""blocked""}}"
2025-04-10 01:32:17,"{""gw-2"": {""1"": ""rx_and_data_rate"", ""2"": ""conflict""}}"
2025-04-10 01:32:18,"{""gw-1"": {""1"": ""blocked"", ""2"": ""rx_and_data_rate""}}"
2025-04-10 01:32:18,"{""gw-2"": {""1"": ""rx_and_data_rate"", ""2"": ""blocked""}}"
2025-04-10 01:32:21,"{""gw-2"": {""1"": ""blocked"", ""2"": ""rx_and_data_rate""}}"
2025-04-10 01:32:23,"{""gw-2"": {""1"": ""rx_and_data_rate"", ""2"": ""blocked""}}"
2025-04-10 01:32:25,"{""gw-1"": {""1"": ""rx_and_data_rate"", ""2"": ""blocked""}, ""gw-2"": {""1"": ""rx_and_data_rate"", ""2"": ""blocked""}}"
2025-04-10 01:32:25,"{""gw-2"": {""1"": ""rx_and_data_rate"", ""2"": ""blocked""}}"
2025-04-10 01:32:25,"{""gw-1"": {""1"": ""rx_and_data_rate"", ""2"": ""blocked""}}"
2025-04-10 01:32:27,"{""gw-1"": {""1"": ""blocked"", ""2"": ""rx_and_data_rate""}}"
2025-04-10 01:32:27,"{""gw-1"": {""1"": ""blocked"", ""2"": ""blocked""}}"
2025-04-10 01:32:28,"{""gw-2"": {""1"": ""blocked"", ""2"": ""rx_and_data_rate""}}"
2025-04-10 01:32:29,"{""gw-1"": {""1"": ""rx_and_data_rate"", ""2"": ""blocked""}}"
2025-04-10 01:32:30,"{""gw-2"": {""1"": ""rx_and_data_rate"", ""2"": ""conflict""}, ""gw-1"": {""1"": ""rx_and_data_rate"", ""2"": ""blocked""}}"
2025-04-10 01:32:34,"{""gw-1"": {""1"": ""rx_and_data_rate"", ""2"": ""blocked""}}"
2025-04-10 01:32:38,"{""gw-2"": {""1"": ""rx_and_data_rate"", ""2"": ""blocked""}}"
2025-04-10 01:32:38,"{""gw-2"": {""1"": ""rx_and_data_rate"", ""2"": ""blocked""}}"
2025-04-10 01:32:38,"{""gw-2"": {""1"": ""blocked"", ""2"": ""rx_and_data_rate""}}"
2025-04-10 01:32:43,"{""gw-1"": {""1"": ""rx_and_data_rate"", ""2"": ""blocked""}}"
2025-04-10 01:32:45,"{""gw-1"": {""1"": ""blocked"", ""2"": ""rx_and_data_rate""}}"
2025-04-10 01:32:47,"{""gw-1"": {""1"": ""blocked"", ""2"": ""rx_and_data_rate""}, ""gw-2"": {""1"": ""blocked"", ""2"": ""rx_and_data_rate""}}"
2025-04-10 01:32:52,"{""gw-1"": {""1"": ""blocked"", ""2"": ""rx_and_data_rate""}}"
2025-04-10 01:32:53,"{""gw-1"": {""1"": ""rx_and_data_rate"", ""2"": ""blocked""}}"
2025-04-10 01:32:54,"{""gw-1"": {""1"": ""blocked"", ""2"": ""rx_and_data_rate""}}"
2025-04-10 01:32:55,"{""gw-2"": {""1"": ""blocked"", ""2"": ""rx_and_data_rate""}}"
2025-04-10 01:32:55,"{""gw-1"": {""1"": ""blocked"", ""2"": ""blocked""}, ""gw-2"": {""1"": ""blocked"", ""2"": ""blocked""}}"
2025-04-10 01:32:56,"{""gw-1"": {""1"": ""rx_and_data_rate"", ""2"": ""blocked""}, ""gw-2"": {""1"": ""rx_and_data_rate"", ""2"": ""blocked""}}"
2025-04-10 01:33:00,"{""gw-2"": {""1"": ""blocked"", ""2"": ""rx_and_data_rate""}}"
2025-04-10 01:33:01,"{""gw-2"": {""1"": ""rx_and_data_rate"", ""2"": ""conflict""}}"
2025-04-10 01:33:01,"{""gw-2"": {""1"": ""blocked"", ""2"": ""conflict""}}"
2025-04-10 01:33:01,"{""gw-2"": {""1"": ""conflict"", ""2"": ""rx_and_data_rate""}}"
2025-04-10 01:33:02,"{""gw-1"": {""1"": ""conflict"", ""2"": ""blocked""}}"
2025-04-10 01:33:02,"{""gw-1"": {""1"": ""rx_and_data_rate"", ""2"": ""blocked""}}"
2025-04-10 01:33:04,"{""gw-1"": {""1"": ""blocked"", ""2"": ""rx_and_data_rate""}}"
2025-04-10 01:33:04,"{""gw-2"": {""1"": ""blocked"", ""2"": ""rx_and_data_rate""}, ""gw-1"": {""1"": ""blocked"", ""2"": ""rx_and_data_rate""}}"
2025-04-10 01:33:04,"{""gw-2"": {""1"": ""blocked"", ""2"": ""rx_and_data_rate""}}"
2025-04-10 01:33:05,"{""gw-2"": {""1"": ""blocked"", ""2"": ""rx_and_data_rate""}}"
2025-04-10 01:33:05,"{""gw-1"": {""1"": ""blocked"", ""2"": ""blocked""}}"
2025-04-10 01:33:07,"{""gw-2"": {""1"": ""blocked"", ""2"": ""rx_and_data_rate""}}"
2025-04-10 01:33:07,"{""gw-1"": {""1"": ""rx_and_data_rate"", ""2"": ""blocked""}, ""gw-2"": {""1"": ""rx_and_data_rate"", ""2"": ""blocked""}}"
2025-04-10 01:33:07,"{""gw-1"": {""1"": ""blocked"", ""2"": ""rx_and_data_rate""}}"
2025-04-10 01:33:08,"{""gw-1"": {""1"": ""rx_and_data_rate"", ""2"": ""blocked""}}"
2025-04-10 01:33:09,"{""gw-2"": {""1"": ""blocked"", ""2"": ""blocked""}}"
2025-04-10 01:33:09,"{""gw-1"": {""1"": ""blocked"", ""2"": ""rx_and_data_rate""}}"
2025-04-10 01:33:11,"{""gw-2"": {""1"": ""blocked"", ""2"": ""rx_and_data_rate""}}"
2025-04-10 01:33:12,"{""gw-2"": {""1"": ""blocked"", ""2"": ""rx_and_data_rate""}}"
2025-04-10 01:33:16,"{""gw-1"": {""1"": ""blocked"", ""2"": ""blocked""}}"
2025-04-10 01:33:17,"{""gw-1"": {""1"": ""blocked"", ""2"": ""rx_and_data_rate""}}"
2025-04-10 01:33:17,"{""gw-2"": {""1"": ""rx_and_data_rate"", ""2"": ""blocked""}}"
2025-04-10 01:33:21,"{""gw-1"": {""1"": ""blocked"", ""2"": ""rx_and_data_rate""}}"
2025-04-10 01:33:21,"{""gw-1"": {""1"": ""rx_and_data_rate"", ""2"": ""blocked""}}"
2025-04-10 01:33:21,"{""gw-1"": {""1"": ""blocked"", ""2"": ""rx_and_data_rate""}, ""gw-2"": {""1"": ""blocked"", ""2"": ""rx_and_data_rate""}}"
2025-04-10 01:33:21,"{""gw-1"": {""1"": ""blocked"", ""2"": ""rx_and_data_rate""}}"
2025-04-10 01:33:22,"{""gw-2"": {""1"": ""blocked"", ""2"": ""rx_and_data_rate""}}"
2025-04-10 01:33:26,"{""gw-1"": {""1"": ""blocked"", ""2"": ""rx_and_data_rate""}}"
2025-04-10 01:33:27,"{""gw-1"": {""1"": ""blocked"", ""2"": ""rx_and_data_rate""}, ""gw-2"": {""1"": ""blocked"", ""2"": ""rx_and_data_rate""}}"
2025-04-10 01:33:29,"{""gw-1"": {""1"": ""rx_and_data_rate"", ""2"": ""conflict""}}"
2025-04-10 01:33:29,"{""gw-2"": {""1"": ""blocked"", ""2"": ""rx_and_data_rate""}}"
2025-04-10 01:33:30,"{""gw-2"": {""1"": ""blocked"", ""2"": ""rx_and_data_rate""}}"
2025-04-10 01:33:30,"{""gw-2"": {""1"": ""blocked"", ""2"": ""blocked""}}"
2025-04-10 01:33:30,"{""gw-2"": {""1"": ""rx_and_data_rate"", ""2"": ""blocked""}}"
2025-04-10 01:33:32,"{""gw-2"": {""1"": ""rx_and_data_rate"", ""2"": ""blocked""}}"
2025-04-10 01:33:33,"{""gw-2"": {""1"": ""rx_and_data_rate"", ""2"": ""blocked""}}"
2025-04-10 01:33:34,"{""gw-2"": {""1"": ""blocked"", ""2"": ""blocked""}}"
2025-04-10 01:33:34,"{""gw-2"": {""1"": ""blocked"", ""2"": ""rx_and_data_rate""}}"
2025-04-10 01:33:34,"{""gw-1"": {""1"": ""blocked"", ""2"": ""blocked""}}"
2025-04-10 01:33:35,"{""gw-2"": {""1"": ""rx_and_data_rate"", ""2"": ""blocked""}, ""gw-1"": {""1"": ""rx_and_data_rate"", ""2"": ""blocked""}}"
2025-04-10 01:33:35,"{""gw-2"": {""1"": ""blocked"", ""2"": ""rx_and_data_rate""}}"
2025-04-10 01:33:35,"{""gw-2"": {""1"": ""rx_and_data_rate"", ""2"": ""blocked""}}"
2025-04-10 01:33:35,"{""gw-1"": {""1"": ""blocked"", ""2"": ""rx_and_data_rate""}}"
2025-04-10 01:33:35,"{""gw-1"": {""1"": ""rx_and_data_rate"", ""2"": ""blocked""}}"
2025-04-10 01:33:37,"{""gw-2"": {""1"": ""rx_and_data_rate"", ""2"": ""blocked""}, ""gw-1"": {""1"": ""rx_and_data_rate"", ""2"": ""blocked""}}"
2025-04-10 01:33:38,"{""gw-1"": {""1"": ""rx_and_data_rate"", ""2"": ""blocked""}}"
2025-04-10 01:33:39,"{""gw-2"": {""1"": ""conflict"", ""2"": ""conflict""}}"
2025-04-10 01:33:40,"{""gw-2"": {""1"": ""rx_and_data_rate"", ""2"": ""blocked""}}"
2025-04-10 01:33:45,"{""gw-2"": {""1"": ""rx_and_data_rate"", ""2"": ""blocked""}}"
2025-04-10 01:33:48,"{""gw-2"": {""1"": ""blocked"", ""2"": ""rx_and_data_rate""}}"
2025-04-10 01:33:49,"{""gw-2"": {""1"": ""blocked"", ""2"": ""rx_and_data_rate""}}"
2025-04-10 01:33:51,"{""gw-2"": {""1"": ""blocked"", ""2"": ""rx_and_data_rate""}}"
2025-04-10 01:33:51,"{""gw-2"": {""1"": ""rx_and_data_rate"", ""2"": ""conflict""}, ""gw-1"": {""1"": ""rx_and_data_rate"", ""2"": ""blocked""}}"
2025-04-10 01:33:51,"{""gw-1"": {""1"": ""conflict"", ""2"": ""blocked""}, ""gw-2"": {""1"": ""blocked"", ""2"": ""conflict""}}"
2025-04-10 01:33:53,"{""gw-1"": {""1"": ""blocked"", ""2"": ""rx_and_data_rate""}}"
2025-04-10 01:33:55,"{""gw-2"": {""1"": ""rx_and_data_rate"", ""2"": ""blocked""}}"
2025-04-10 01:33:56,"{""gw-2"": {""1"": ""rx_and_data_rate"", ""2"": ""blocked""}}"
2025-04-10 01:33:57,"{""gw-2"": {""1"": ""rx_and_data_rate"", ""2"": ""blocked""}, ""gw-1"": {""1"": ""rx_and_data_rate"", ""2"": ""blocked""}}"
2025-04-10 01:33:58,"{""gw-1"": {""1"": ""rx_and_data_rate"", ""2"": ""blocked""}, ""gw-2"": {""1"": ""rx_and_data_rate"", ""2"": ""blocked""}}"
2025-04-10 01:34:02,"{""gw-2"": {""1"": ""rx_and_data_rate"", ""2"": ""blocked""}}"
2025-04-10 01:34:07,"{""gw-2"": {""1"": ""rx_and_data_rate"", ""2"": ""conflict""}, ""gw-1"": {""1"": ""rx_and_data_rate"", ""2"": ""blocked""}}"
2025-04-10 01:34:11,"{""gw-1"": {""1"": ""rx_and_data_rate"", ""2"": ""blocked""}}"
2025-04-10 01:34:12,"{""gw-2"": {""1"": ""rx_and_data_rate"", ""2"": ""blocked""}}"
2025-04-10 01:34:12,"{""gw-2"": {""1"": ""blocked"", ""2"": ""rx_and_data_rate""}}"
2025-04-10 01:34:13,"{""gw-2"": {""1"": ""rx_and_data_rate"", ""2"": ""blocked""}}"
2025-04-10 01:34:16,"{""gw-2"": {""1"": ""rx_and_data_rate"", ""2"": ""blocked""}}"
2025-04-10 01:34:18,"{""gw-2"": {""1"": ""rx_and_data_rate"", ""2"": ""blocked""}}"
2025-04-10 01:34:19,"{""gw-1"": {""1"": ""blocked"", ""2"": ""rx_and_data_rate""}}"
2025-04-10 01:34:21,"{""gw-2"": {""1"": ""conflict"", ""2"": ""rx_and_data_rate""}}"
2025-04-10 01:34:22,"{""gw-1"": {""1"": ""blocked"", ""2"": ""blocked""}}"
2025-04-10 01:34:25,"{""gw-2"": {""1"": ""rx_and_data_rate"", ""2"": ""blocked""}}"
2025-04-10 01:34:30,"{""gw-2"": {""1"": ""blocked"", ""2"": ""rx_and_data_rate""}, ""gw-1"": {""1"": ""blocked"", ""2"": ""rx_and_data_rate""}}"
2025-04-10 01:34:34,"{""gw-1"": {""1"": ""rx_and_data_rate"", ""2"": ""blocked""}}"
2025-04-10 01:34:34,"{""gw-2"": {""1"": ""blocked"", ""2"": ""rx_and_data_rate""}}"
2025-04-10 01:34:37,"{""gw-2"": {""1"": ""blocked"", ""2"": ""rx_and_data_rate""}}"
2025-04-10 01:34:38,"{""gw-1"": {""1"": ""blocked"", ""2"": ""rx_and_data_rate""}, ""gw-2"": {""1"": ""blocked"", ""2"": ""rx_and_data_rate""}}"
2025-04-10 01:34:41,"{""gw-2"": {""1"": ""rx_and_data_rate"", ""2"": ""blocked""}, ""gw-1"": {""1"": ""rx_and_data_rate"", ""2"": ""blocked""}}"
2025-04-10 01:34:43,"{""gw-2"": {""1"": ""blocked"", ""2"": ""rx_and_data_rate""}}"
2025-04-10 01:34:43,"{""gw-1"": {""1"": ""blocked"", ""2"": ""rx_and_data_rate""}}"
2025-04-10 01:34:48,"{""gw-2"": {""1"": ""conflict"", ""2"": ""blocked""}, ""gw-1"": {""1"": ""blocked"", ""2"": ""conflict""}}"
2025-04-10 01:34:51,"{""gw-2"": {""1"": ""rx_and_data_rate"", ""2"": ""blocked""}}"
2025-04-10 01:34:52,"{""gw-1"": {""1"": ""rx_and_data_rate"", ""2"": ""blocked""}}"
2025-04-10 01:34:53,"{""gw-2"": {""1"": ""blocked"", ""2"": ""rx_and_data_rate""}}"
2025-04-10 01:34:55,"{""gw-2"": {""1"": ""blocked"", ""2"": ""blocked""}}"
2025-04-10 01:35:07,"{""gw-2"": {""1"": ""rx_and_data_rate"", ""2"": ""blocked""}}"
2025-04-10 01:35:09,"{""gw-2"": {""1"": ""rx_and_data_rate"", ""2"": ""blocked""}}"
2025-04-10 01:35:10,"{""gw-2"": {""1"": ""blocked"", ""2"": ""rx_and_data_rate""}}"
2025-04-10 01:35:14,"{""gw-2"": {""1"": ""rx_and_data_rate"", ""2"": ""blocked""}}"
2025-04-10 01:35:15,"{""gw-1"": {""1"": ""blocked"", ""2"": ""rx_and_data_rate""}}"
2025-04-10 01:35:16,"{""gw-2"": {""1"": ""blocked"", ""2"": ""rx_and_data_rate""}}"
2025-04-10 01:35:17,"{""gw-1"": {""1"": ""rx_and_data_rate"", ""2"": ""blocked""}, ""gw-2"": {""1"": ""rx_and_data_rate"", ""2"": ""blocked""}}"
2025-04-10 01:35:21,"{""gw-1"": {""1"": ""rx_and_data_rate"", ""2"": ""blocked""}, ""gw-2"": {""1"": ""rx_and_data_rate"", ""2"": ""blocked""}}"
2025-04-10 01:35:23,"{""gw-2"": {""1"": ""blocked"", ""2"": ""rx_and_data_rate""}}"
2025-04-10 01:35:24,"{""gw-2"": {""1"": ""blocked"", ""2"": ""blocked""}}"
2025-04-10 01:35:25,"{""gw-2"": {""1"": ""blocked"", ""2"": ""rx_and_data_rate""}}"
2025-04-10 01:35:26,"{""gw-1"": {""1"": ""rx_and_data_rate"", ""2"": ""blocked""}}"
2025-04-10 01:35:26,"{""gw-1"": {""1"": ""conflict"", ""2"": ""rx_and_data_rate""}}"
2025-04-10 01:35:31,"{""gw-2"": {""1"": ""blocked"", ""2"": ""blocked""}}"
2025-04-10 01:35:33,"{""gw-1"": {""1"": ""rx_and_data_rate"", ""2"": ""blocked""}, ""gw-2"": {""1"": ""rx_and_data_rate"", ""2"": ""blocked""}}"
2025-04-10 01:35:34,"{""gw-1"": {""1"": ""rx_and_data_rate"", ""2"": ""blocked""}}"
2025-04-10 01:35:35,"{""gw-1"": {""1"": ""rx_and_data_rate"", ""2"": ""blocked""}}"
2025-04-10 01:35:35,"{""gw-1"": {""1"": ""rx_and_data_rate"", ""2"": ""blocked""}}"
2025-04-10 01:35:35,"{""gw-2"": {""1"": ""blocked"", ""2"": ""rx_and_data_rate""}}"
2025-04-10 01:35:37,"{""gw-1"": {""1"": ""rx_and_data_rate"", ""2"": ""conflict""}, ""gw-2"": {""1"": ""rx_and_data_rate"", ""2"": ""blocked""}}"
2025-04-10 01:35:38,"{""gw-1"": {""1"": ""conflict"", ""2"": ""rx_and_data_rate""}}"
2025-04-10 01:35:50,"{""gw-1"": {""1"": ""rx_and_data_rate"", ""2"": ""blocked""}}"
2025-04-10 01:35:53,"{""gw-2"": {""1"": ""blocked"", ""2"": ""rx_and_data_rate""}}"
2025-04-10 01:35:55,"{""gw-2"": {""1"": ""blocked"", ""2"": ""rx_and_data_rate""}}"
2025-04-10 01:35:57,"{""gw-1"": {""1"": ""rx_and_data_rate"", ""2"": ""blocked""}}"
2025-04-10 01:36:01,"{""gw-2"": {""1"": ""rx_and_data_rate"", ""2"": ""conflict""}}"
2025-04-10 01:36:04,"{""gw-1"": {""1"": ""blocked"", ""2"": ""rx_and_data_rate""}}"
2025-04-10 01:36:07,"{""gw-2"": {""1"": ""blocked"", ""2"": ""rx_and_data_rate""}}"
2025-04-10 01:36:07,"{""gw-2"": {""1"": ""blocked"", ""2"": ""rx_and_data_rate""}}"
2025-04-10 01:36:10,"{""gw-2"": {""1"": ""blocked"", ""2"": ""rx_and_data_rate""}, ""gw-1"": {""1"": ""blocked"", ""2"": ""rx_and_data_rate""}}"
2025-04-10 01:36:11,"{""gw-2"": {""1"": ""blocked"", ""2"": ""blocked""}}"
2025-04-10 01:36:11,"{""gw-1"": {""1"": ""rx_and_data_rate"", ""2"": ""blocked""}, ""gw-2"": {""1"": ""rx_and_data_rate"", ""2"": ""blocked""}}"
2025-04-10 01:36:12,"{""gw-1"": {""1"": ""blocked"", ""2"": ""rx_and_data_rate""}}"
2025-04-10 01:36:13,"{""gw-2"": {""1"": ""rx_and_data_rate"", ""2"": ""conflict""}}"
2025-04-10 01:36:13,"{""gw-1"": {""1"": ""blocked"", ""2"": ""rx_and_data_rate""}}"
2025-04-10 01:36:14,"{""gw-2"": {""1"": ""conflict"", ""2"": ""blocked""}}"
2025-04-10 01:36:14,"{""gw-1"": {""1"": ""rx_and_data_rate"", ""2"": ""blocked""}}"
2025-04-10 01:36:16,"{""gw-2"": {""1"": ""rx_and_data_rate"", ""2"": ""blocked""}}"
2025-04-10 01:36:18,"{""gw-2"": {""1"": ""rx_and_data_rate"", ""2"": ""blocked""}}"
2025-04-10 01:36:19,"{""gw-2"": {""1"": ""blocked"", ""2"": ""rx_and_data_rate""}}"
2025-04-10 01:36:21,"{""gw-1"": {""1"": ""blocked"", ""2"": ""rx_and_data_rate""}}"
2025-04-10 01:36:22,"{""gw-1"": {""1"": ""rx_and_data_rate"", ""2"": ""conflict""}, ""gw-2"": {""1"": ""rx_and_data_rate"", ""2"": ""blocked""}}"
2025-04-10 01:36:29,"{""gw-1"": {""1"": ""blocked"", ""2"": ""rx_and_data_rate""}}"
2025-04-10 01:36:37,"{""gw-1"": {""1"": ""rx_and_data_rate"", ""2"": ""blocked""}}"
2025-04-10 01:36:39,"{""gw-2"": {""1"": ""blocked"", ""2"": ""blocked""}}"
2025-04-10 01:36:40,"{""gw-2"": {""1"": ""blocked"", ""2"": ""blocked""}}"
2025-04-10 01:36:40,"{""gw-2"": {""1"": ""blocked"", ""2"": ""rx_and_data_rate""}}"
2025-04-10 01:36:41,"{""gw-2"": {""1"": ""rx_and_data_rate"", ""2"": ""blocked""}, ""gw-1"": {""1"": ""rx_and_data_rate"", ""2"": ""blocked""}}"
2025-04-10 01:36:47,"{""gw-1"": {""1"": ""rx_and_data_rate"", ""2"": ""blocked""}}"
2025-04-10 01:36:56,"{""gw-2"": {""1"": ""blocked"", ""2"": ""rx_and_data_rate""}}"
2025-04-10 01:36:57,"{""gw-1"": {""1"": ""rx_and_data_rate"", ""2"": ""blocked""}}"
2025-04-10 01:36:58,"{""gw-2"": {""1"": ""rx_and_data_rate"", ""2"": ""blocked""}}"
2025-04-10 01:36:59,"{""gw-2"": {""1"": ""rx_and_data_rate"", ""2"": ""blocked""}}"
2025-04-10 01:37:00,"{""gw-2"": {""1"": ""rx_and_data_rate"", ""2"": ""blocked""}}"
2025-04-10 01:37:03,"{""gw-1"": {""1"": ""blocked"", ""2"": ""blocked""}}"
2025-04-10 01:37:04,"{""gw-2"": {""1"": ""conflict"", ""2"": ""conflict""}}"
2025-04-10 01:37:05,"{""gw-1"": {""1"": ""rx_and_data_rate"", ""2"": ""blocked""}}"
2025-04-10 01:37:09,"{""gw-1"": {""1"": ""blocked"", ""2"": ""rx_and_data_rate""}}"
2025-04-10 01:37:10,"{""gw-2"": {""1"": ""blocked"", ""2"": ""rx_and_data_rate""}}"
2025-04-10 01:37:11,"{""gw-2"": {""1"": ""blocked"", ""2"": ""blocked""}}"
2025-04-10 01:37:11,"{""gw-2"": {""1"": ""blocked"", ""2"": ""blocked""}}"
2025-04-10 01:37:22,"{""gw-1"": {""1"": ""rx_and_data_rate"", ""2"": ""conflict""}}"
2025-04-10 01:37:25,"{""gw-2"": {""1"": ""blocked"", ""2"": ""rx_and_data_rate""}}"
2025-04-10 01:37:27,"{""gw-1"": {""1"": ""rx_and_data_rate"", ""2"": ""blocked""}}"
2025-04-10 01:37:30,"{""gw-1"": {""1"": ""rx_and_data_rate"", ""2"": ""blocked""}}"
2025-04-10 01:37:35,"{""gw-2"": {""1"": ""rx_and_data_rate"", ""2"": ""blocked""}}"
2025-04-10 01:37:36,"{""gw-2"": {""1"": ""blocked"", ""2"": ""blocked""}}"
2025-04-10 01:37:38,"{""gw-1"": {""1"": ""blocked"", ""2"": ""rx_and_data_rate""}}"
2025-04-10 01:37:40,"{""gw-1"": {""1"": ""rx_and_data_rate"", ""2"": ""blocked""}}"
2025-04-10 01:37:46,"{""gw-2"": {""1"": ""blocked"", ""2"": ""rx_and_data_rate""}}"
2025-04-10 01:37:46,"{""gw-1"": {""1"": ""rx_and_data_rate"", ""2"": ""blocked""}}"
2025-04-10 01:37:48,"{""gw-2"": {""1"": ""blocked"", ""2"": ""rx_and_data_rate""}, ""gw-1"": {""1"": ""blocked"", ""2"": ""rx_and_data_rate""}}"
2025-04-10 01:37:51,"{""gw-1"": {""1"": ""blocked"", ""2"": ""rx_and_data_rate""}}"
2025-04-10 01:37:51,"{""gw-1"": {""1"": ""blocked"", ""2"": ""rx_and_data_rate""}}"
2025-04-10 01:37:52,"{""gw-2"": {""1"": ""blocked"", ""2"": ""rx_and_data_rate""}}"
2025-04-10 01:37:53,"{""gw-1"": {""1"": ""rx_and_data_rate"", ""2"": ""blocked""}}"
2025-04-10 01:37:54,"{""gw-1"": {""1"": ""blocked"", ""2"": ""rx_and_data_rate""}}"
2025-04-10 01:37:56,"{""gw-1"": {""1"": ""rx_and_data_rate"", ""2"": ""blocked""}}"
2025-04-10 01:38:04,"{""gw-1"": {""1"": ""rx_and_data_rate"", ""2"": ""blocked""}}"
2025-04-10 01:38:04,"{""gw-1"": {""1"": ""rx_and_data_rate"", ""2"": ""blocked""}, ""gw-2"": {""1"": ""rx_and_data_rate"", ""2"": ""blocked""}}"
2025-04-10 01:38:08,"{""gw-2"": {""1"": ""blocked"", ""2"": ""blocked""}}"
2025-04-10 01:38:09,"{""gw-1"": {""1"": ""blocked"", ""2"": ""blocked""}, ""gw-2"": {""1"": ""blocked"", ""2"": ""blocked""}}"
2025-04-10 01:38:10,"{""gw-2"": {""1"": ""rx_and_data_rate"", ""2"": ""blocked""}}"
2025-04-10 01:38:12,"{""gw-2"": {""1"": ""blocked"", ""2"": ""rx_and_data_rate""}, ""gw-1"": {""1"": ""blocked"", ""2"": ""rx_and_data_rate""}}"
2025-04-10 01:38:16,"{""gw-1"": {""1"": ""conflict"", ""2"": ""rx_and_data_rate""}}"
2025-04-10 01:38:19,"{""gw-2"": {""1"": ""rx_and_data_rate"", ""2"": ""blocked""}, ""gw-1"": {""1"": ""rx_and_data_rate"", ""2"": ""blocked""}}"
2025-04-10 01:38:20,"{""gw-1"": {""1"": ""blocked"", ""2"": ""rx_and_data_rate""}, ""gw-2"": {""1"": ""blocked"", ""2"": ""rx_and_data_rate""}}"
2025-04-10 01:38:21,"{""gw-1"": {""1"": ""blocked"", ""2"": ""blocked""}}"
2025-04-10 01:38:23,"{""gw-1"": {""1"": ""blocked"", ""2"": ""rx_and_data_rate""}}"
2025-04-10 01:38:28,"{""gw-2"": {""1"": ""blocked"", ""2"": ""rx_and_data_rate""}, ""gw-1"": {""1"": ""blocked"", ""2"": ""rx_and_data_rate""}}"
2025-04-10 01:38:33,"{""gw-2"": {""1"": ""conflict"", ""2"": ""blocked""}}"
2025-04-10 01:38:36,"{""gw-2"": {""1"": ""rx_and_data_rate"", ""2"": ""blocked""}}"
2025-04-10 01:38:38,"{""gw-1"": {""1"": ""rx_and_data_rate"", ""2"": ""blocked""}, ""gw-2"": {""1"": ""rx_and_data_rate"", ""2"": ""blocked""}}"
2025-04-10 01:38:39,"{""gw-2"": {""1"": ""rx_and_data_rate"", ""2"": ""blocked""}}"
2025-04-10 01:38:43,"{""gw-1"": {""1"": ""rx_and_data_rate"", ""2"": ""conflict""}}"
2025-04-10 01:38:48,"{""gw-1"": {""1"": ""rx_and_data_rate"", ""2"": ""blocked""}}"
2025-04-10 01:38:50,"{""gw-2"": {""1"": ""rx_and_data_rate"", ""2"": ""blocked""}}"
2025-04-10 01:38:52,"{""gw-2"": {""1"": ""blocked"", ""2"": ""blocked""}}"
2025-04-10 01:38:53,"{""gw-1"": {""1"": ""rx_and_data_rate"", ""2"": ""blocked""}, ""gw-2"": {""1"": ""rx_and_data_rate"", ""2"": ""blocked""}}"
2025-04-10 01:38:54,"{""gw-2"": {""1"": ""blocked"", ""2"": ""rx_and_data_rate""}, ""gw-1"": {""1"": ""blocked"", ""2"": ""rx_and_data_rate""}}"
2025-04-10 01:38:56,"{""gw-2"": {""1"": ""rx_and_data_rate"", ""2"": ""blocked""}}"
2025-04-10 01:39:01,"{""gw-2"": {""1"": ""conflict"", ""2"": ""rx_and_data_rate""}}"
2025-04-10 01:39:04,"{""gw-1"": {""1"": ""blocked"", ""2"": ""rx_and_data_rate""}}"
2025-04-10 01:39:13,"{""gw-1"": {""1"": ""rx_and_data_rate"", ""2"": ""blocked""}}"
2025-04-10 01:39:16,"{""gw-1"": {""1"": ""rx_and_data_rate"", ""2"": ""blocked""}, ""gw-2"": {""1"": ""rx_and_data_rate"", ""2"": ""blocked""}}"
2025-04-10 01:39:16,"{""gw-1"": {""1"": ""blocked"", ""2"": ""rx_and_data_rate""}}"
2025-04-10 01:39:16,"{""gw-1"": {""1"": ""blocked"", ""2"": ""rx_and_data_rate""}}"
2025-04-10 01:39:18,"{""gw-2"": {""1"": ""blocked"", ""2"": ""rx_and_data_rate""}}"
2025-04-10 01:39:19,"{""gw-1"": {""1"": ""rx_and_data_rate"", ""2"": ""blocked""}}"
2025-04-10 01:39:20,"{""gw-2"": {""1"": ""rx_and_data_rate"", ""2"": ""blocked""}, ""gw-1"": {""1"": ""rx_and_data_rate"", ""2"": ""blocked""}}"
2025-04-10 01:39:20,"{""gw-1"": {""1"": ""blocked"", ""2"": ""blocked""}}"
2025-04-10 01:39:21,"{""gw-1"": {""1"": ""blocked"", ""2"": ""rx_and_data_rate""}}"
2025-04-10 01:39:21,"{""gw-2"": {""1"": ""blocked"", ""2"": ""blocked""}}"
2025-04-10 01:39:22,"{""gw-2"": {""1"": ""blocked"", ""2"": ""blocked""}, ""gw-1"": {""1"": ""blocked"", ""2"": ""blocked""}}"
2025-04-10 01:39:23,"{""gw-2"": {""1"": ""rx_and_data_rate"", ""2"": ""blocked""}}"
2025-04-10 01:39:26,"{""gw-2"": {""1"": ""conflict"", ""2"": ""rx_and_data_rate""}}"
2025-04-10 01:39:27,"{""gw-1"": {""1"": ""rx_and_data_rate"", ""2"": ""conflict""}}"
2025-04-10 01:39:30,"{""gw-2"": {""1"": ""blocked"", ""2"": ""rx_and_data_rate""}}"
2025-04-10 01:39:31,"{""gw-2"": {""1"": ""rx_and_data_rate"", ""2"": ""blocked""}}"
2025-04-10 01:39:31,"{""gw-2"": {""1"": ""rx_and_data_rate"", ""2"": ""blocked""}}"
2025-04-10 01:39:32,"{""gw-2"": {""1"": ""rx_and_data_rate"", ""2"": ""blocked""}, ""gw-1"": {""1"": ""rx_and_data_rate"", ""2"": ""blocked""}}"
2025-04-10 01:39:35,"{""gw-1"": {""1"": ""rx_and_data_rate"", ""2"": ""blocked""}}"
2025-04-10 01:39:36,"{""gw-2"": {""2"": ""blocked""}}"
2025-04-10 01:39:36,"{""gw-1"": {""1"": ""blocked"", ""2"": ""rx_and_data_rate""}}"
2025-04-10 01:39:40,"{""gw-1"": {""1"": ""rx_and_data_rate"", ""2"": ""blocked""}}"
2025-04-10 01:39:41,"{""gw-2"": {""1"": ""blocked"", ""2"": ""rx_and_data_rate""}}"
2025-04-10 01:39:50,"{""gw-1"": {""1"": ""rx_and_data_rate"", ""2"": ""blocked""}}"
2025-04-10 01:39:52,"{""gw-1"": {""1"": ""blocked"", ""2"": ""rx_and_data_rate""}}"
2025-04-10 01:39:53,"{""gw-1"": {""1"": ""conflict"", ""2"": ""rx_and_data_rate""}}"
2025-04-10 01:39:56,"{""gw-2"": {""1"": ""rx_and_data_rate"", ""2"": ""blocked""}, ""gw-1"": {""1"": ""rx_and_data_rate"", ""2"": ""blocked""}}"
2025-04-10 01:39:56,"{""gw-2"": {""1"": ""rx_and_data_rate"", ""2"": ""blocked""}}"
2025-04-10 01:39:57,"{""gw-2"": {""1"": ""rx_and_data_rate"", ""2"": ""blocked""}, ""gw-1"": {""1"": ""rx_and_data_rate"", ""2"": ""blocked""}}"
2025-04-10 01:39:59,"{""gw-2"": {""1"": ""blocked"", ""2"": ""rx_and_data_rate""}}"
2025-04-10 01:40:01,"{""gw-2"": {""1"": ""blocked"", ""2"": ""rx_and_data_rate""}}"
2025-04-10 01:40:02,"{""gw-2"": {""1"": ""blocked"", ""2"": ""blocked""}}"
2025-04-10 01:40:03,"{""gw-1"": {""1"": ""blocked"", ""2"": ""rx_and_data_rate""}}"
2025-04-10 01:40:03,"{""gw-2"": {""1"": ""blocked"", ""2"": ""rx_and_data_rate""}, ""gw-1"": {""1"": ""blocked"", ""2"": ""rx_and_data_rate""}}"
2025-04-10 01:40:04,"{""gw-2"": {""1"": ""blocked"", ""2"": ""rx_and_data_rate""}}"
2025-04-10 01:40:11,"{""gw-1"": {""1"": ""rx_and_data_rate"", ""2"": ""blocked""}}"
2025-04-10 01:40:15,"{""gw-2"": {""1"": ""blocked"", ""2"": ""rx_and_data_rate""}}"
2025-04-10 01:40:18,"{""gw-2"": {""1"": ""blocked"", ""2"": ""rx_and_data_rate""}}"
2025-04-10 01:40:23,"{""gw-2"": {""1"": ""blocked"", ""2"": ""blocked""}, ""gw-1"": {""1"": ""blocked"", ""2"": ""blocked""}}"
2025-04-10 01:40:24,"{""gw-1"": {""1"": ""blocked"", ""2"": ""rx_and_data_rate""}}"
2025-04-10 01:40:24,"{""gw-1"": {""1"": ""rx_and_data_rate"", ""2"": ""blocked""}, ""gw-2"": {""1"": ""rx_and_data_rate"", ""2"": ""blocked""}}"
2025-04-10 01:40:25,"{""gw-2"": {""1"": ""blocked"", ""2"": ""rx_and_data_rate""}, ""gw-1"": {""1"": ""blocked"", ""2"": ""rx_and_data_rate""}}"
2025-04-10 01:40:25,"{""gw-2"": {""1"": ""rx_and_data_rate"", ""2"": ""blocked""}}"
2025-04-10 01:40:27,"{""gw-1"": {""1"": ""rx_and_data_rate"", ""2"": ""blocked""}}"
2025-04-10 01:40:28,"{""gw-1"": {""1"": ""rx_and_data_rate"", ""2"": ""blocked""}}"
2025-04-10 01:40:43,"{""gw-2"": {""1"": ""rx_and_data_rate"", ""2"": ""blocked""}}"
2025-04-10 01:40:45,"{""gw-2"": {""1"": ""rx_and_data_rate"", ""2"": ""blocked""}}"
2025-04-10 01:40:47,"{""gw-1"": {""1"": ""rx_and_data_rate"", ""2"": ""blocked""}}"
2025-04-10 01:40:48,"{""gw-2"": {""1"": ""rx_and_data_rate"", ""2"": ""blocked""}}"
2025-04-10 01:40:53,"{""gw-1"": {""1"": ""rx_and_data_rate"", ""2"": ""conflict""}}"
2025-04-10 01:40:53,"{""gw-2"": {""1"": ""rx_and_data_rate"", ""2"": ""blocked""}, ""gw-1"": {""1"": ""rx_and_data_rate"", ""2"": ""conflict""}}"
2025-04-10 01:40:53,"{""gw-1"": {""1"": ""blocked"", ""2"": ""rx_and_data_rate""}}"
2025-04-10 01:40:54,"{""gw-1"": {""1"": ""rx_and_data_rate"", ""2"": ""blocked""}}"
2025-04-10 01:40:56,"{""gw-2"": {""1"": ""rx_and_data_rate"", ""2"": ""blocked""}}"
2025-04-10 01:40:56,"{""gw-1"": {""1"": ""blocked"", ""2"": ""rx_and_data_rate""}, ""gw-2"": {""1"": ""blocked"", ""2"": ""rx_and_data_rate""}}"
2025-04-10 01:40:56,"{""gw-2"": {""1"": ""blocked"", ""2"": ""rx_and_data_rate""}, ""gw-1"": {""1"": ""blocked"", ""2"": ""rx_and_data_rate""}}"
2025-04-10 01:40:57,"{""gw-2"": {""1"": ""blocked"", ""2"": ""rx_and_data_rate""}, ""gw-1"": {""1"": ""blocked"", ""2"": ""rx_and_data_rate""}}"
2025-04-10 01:40:59,"{""gw-1"": {""1"": ""blocked"", ""2"": ""rx_and_data_rate""}}"
2025-04-10 01:40:59,"{""gw-1"": {""1"": ""rx_and_data_rate"", ""2"": ""blocked""}}"
2025-04-10 01:40:59,"{""gw-1"": {""1"": ""blocked"", ""2"": ""rx_and_data_rate""}}"
2025-04-10 01:41:01,"{""gw-2"": {""1"": ""blocked"", ""2"": ""rx_and_data_rate""}}"
2025-04-10 01:41:03,"{""gw-1"": {""1"": ""blocked"", ""2"": ""rx_and_data_rate""}}"
2025-04-10 01:41:03,"{""gw-1"": {""1"": ""blocked"", ""2"": ""rx_and_data_rate""}}"
2025-04-10 01:41:03,"{""gw-2"": {""1"": ""rx_and_data_rate"", ""2"": ""conflict""}}"
2025-04-10 01:41:04,"{""gw-2"": {""1"": ""conflict"", ""2"": ""rx_and_data_rate""}}"
2025-04-10 01:41:05,"{""gw-2"": {""1"": ""rx_and_data_rate"", ""2"": ""blocked""}}"
2025-04-10 01:41:07,"{""gw-1"": {""1"": ""blocked"", ""2"": ""rx_and_data_rate""}}"
2025-04-10 01:41:08,"{""gw-1"": {""1"": ""rx_and_data_rate"", ""2"": ""blocked""}}"
2025-04-10 01:41:09,"{""gw-2"": {""1"": ""rx_and_data_rate"", ""2"": ""blocked""}}"
2025-04-10 01:41:13,"{""gw-1"": {""1"": ""rx_and_data_rate"", ""2"": ""blocked""}}"
2025-04-10 01:41:13,"{""gw-2"": {""1"": ""blocked"", ""2"": ""rx_and_data_rate""}}"
2025-04-10 01:41:20,"{""gw-2"": {""1"": ""rx_and_data_rate"", ""2"": ""blocked""}}"
2025-04-10 01:41:26,"{""gw-2"": {""1"": ""rx_and_data_rate"", ""2"": ""blocked""}}"
2025-04-10 01:41:28,"{""gw-1"": {""1"": ""blocked"", ""2"": ""rx_and_data_rate""}}"
2025-04-10 01:41:31,"{""gw-1"": {""1"": ""rx_and_data_rate"", ""2"": ""blocked""}}"
2025-04-10 01:41:32,"{""gw-1"": {""1"": ""rx_and_data_rate"", ""2"": ""blocked""}}"
2025-04-10 01:41:33,"{""gw-2"": {""1"": ""rx_and_data_rate"", ""2"": ""blocked""}}"
2025-04-10 01:41:34,"{""gw-2"": {""1"": ""rx_and_data_rate"", ""2"": ""blocked""}}"
2025-04-10 01:41:35,"{""gw-2"": {""1"": ""rx_and_data_rate"", ""2"": ""blocked""}}"
2025-04-10 01:41:36,"{""gw-2"": {""1"": ""blocked"", ""2"": ""rx_and_data_rate""}}"
2025-04-10 01:41:38,"{""gw-2"": {""1"": ""blocked"", ""2"": ""rx_and_data_rate""}}"
2025-04-10 01:41:38,"{""gw-2"": {""1"": ""blocked"", ""2"": ""rx_and_data_rate""}}"
2025-04-10 01:41:41,"{""gw-1"": {""1"": ""blocked"", ""2"": ""rx_and_data_rate""}}"
2025-04-10 01:41:41,"{""gw-2"": {""1"": ""conflict"", ""2"": ""conflict""}}"
2025-04-10 01:41:44,"{""gw-2"": {""1"": ""blocked"", ""2"": ""rx_and_data_rate""}}"
2025-04-10 01:41:44,"{""gw-1"": {""1"": ""blocked"", ""2"": ""blocked""}, ""gw-2"": {""1"": ""blocked"", ""2"": ""blocked""}}"
2025-04-10 01:41:44,"{""gw-1"": {""1"": ""rx_and_data_rate"", ""2"": ""blocked""}}"
2025-04-10 01:41:50,"{""gw-1"": {""1"": ""rx_and_data_rate"", ""2"": ""blocked""}}"
2025-04-10 01:41:51,"{""gw-2"": {""1"": ""rx_and_data_rate"", ""2"": ""blocked""}}"
2025-04-10 01:41:51,"{""gw-2"": {""1"": ""blocked"", ""2"": ""blocked""}}"
2025-04-10 01:41:57,"{""gw-2"": {""1"": ""rx_and_data_rate"", ""2"": ""conflict""}}"
2025-04-10 01:41:58,"{""gw-2"": {""1"": ""rx_and_data_rate"", ""2"": ""conflict""}, ""gw-1"": {""1"": ""rx_and_data_rate"", ""2"": ""blocked""}}"
2025-04-10 01:42:02,"{""gw-2"": {""1"": ""rx_and_data_rate"", ""2"": ""blocked""}, ""gw-1"": {""1"": ""rx_and_data_rate"", ""2"": ""conflict""}}"
2025-04-10 01:42:03,"{""gw-2"": {""1"": ""rx_and_data_rate"", ""2"": ""blocked""}}"
2025-04-10 01:42:07,"{""gw-1"": {""1"": ""rx_and_data_rate"", ""2"": ""blocked""}, ""gw-2"": {""1"": ""rx_and_data_rate"", ""2"": ""blocked""}}"
2025-04-10 01:42:07,"{""gw-1"": {""1"": ""rx_and_data_rate"", ""2"": ""blocked""}, ""gw-2"": {""1"": ""rx_and_data_rate"", ""2"": ""blocked""}}"
2025-04-10 01:42:09,"{""gw-2"": {""1"": ""blocked"", ""2"": ""rx_and_data_rate""}}"
2025-04-10 01:42:14,"{""gw-1"": {""1"": ""rx_and_data_rate"", ""2"": ""conflict""}}"
2025-04-10 01:42:15,"{""gw-1"": {""1"": ""conflict"", ""2"": ""blocked""}}"
2025-04-10 01:42:20,"{""gw-1"": {""1"": ""blocked"", ""2"": ""rx_and_data_rate""}}"
2025-04-10 01:42:23,"{""gw-2"": {""1"": ""blocked"", ""2"": ""blocked""}}"
2025-04-10 01:42:32,"{""gw-2"": {""1"": ""rx_and_data_rate"", ""2"": ""conflict""}}"
2025-04-10 01:42:32,"{""gw-1"": {""1"": ""blocked"", ""2"": ""rx_and_data_rate""}, ""gw-2"": {""1"": ""conflict"", ""2"": ""rx_and_data_rate""}}"
2025-04-10 01:42:33,"{""gw-2"": {""1"": ""conflict"", ""2"": ""rx_and_data_rate""}}"
2025-04-10 01:42:36,"{""gw-1"": {""1"": ""rx_and_data_rate"", ""2"": ""blocked""}, ""gw-2"": {""1"": ""rx_and_data_rate"", ""2"": ""blocked""}}"
2025-04-10 01:42:38,"{""gw-2"": {""1"": ""rx_and_data_rate"", ""2"": ""blocked""}, ""gw-1"": {""1"": ""rx_and_data_rate"", ""2"": ""blocked""}}"
2025-04-10 01:42:39,"{""gw-2"": {""1"": ""rx_and_data_rate"", ""2"": ""blocked""}}"
2025-04-10 01:42:41,"{""gw-2"": {""1"": ""rx_and_data_rate"", ""2"": ""blocked""}}"
2025-04-10 01:42:42,"{""gw-2"": {""1"": ""blocked"", ""2"": ""rx_and_data_rate""}}"
2025-04-10 01:42:42,"{""gw-2"": {""1"": ""rx_and_data_rate"", ""2"": ""blocked""}}"
2025-04-10 01:42:48,"{""gw-2"": {""1"": ""conflict"", ""2"": ""rx_and_data_rate""}}"
2025-04-10 01:42:52,"{""gw-1"": {""1"": ""blocked"", ""2"": ""rx_and_data_rate""}}"
2025-04-10 01:42:52,"{""gw-1"": {""1"": ""rx_and_data_rate"", ""2"": ""blocked""}}"
2025-04-10 01:42:53,"{""gw-2"": {""1"": ""rx_and_data_rate"", ""2"": ""blocked""}}"
2025-04-10 01:42:54,"{""gw-1"": {""1"": ""rx_and_data_rate"", ""2"": ""blocked""}}"
2025-04-10 01:42:55,"{""gw-2"": {""1"": ""blocked"", ""2"": ""blocked""}, ""gw-1"": {""1"": ""blocked"", ""2"": ""blocked""}}"
2025-04-10 01:42:55,"{""gw-1"": {""1"": ""blocked"", ""2"": ""rx_and_data_rate""}}"
2025-04-10 01:42:55,"{""gw-1"": {""1"": ""blocked"", ""2"": ""rx_and_data_rate""}}"
2025-04-10 01:42:55,"{""gw-2"": {""1"": ""blocked"", ""2"": ""rx_and_data_rate""}, ""gw-1"": {""1"": ""blocked"", ""2"": ""rx_and_data_rate""}}"
2025-04-10 01:42:57,"{""gw-2"": {""1"": ""rx_and_data_rate"", ""2"": ""blocked""}}"
2025-04-10 01:42:58,"{""gw-1"": {""1"": ""blocked"", ""2"": ""rx_and_data_rate""}}"
2025-04-10 01:43:03,"{""gw-1"": {""1"": ""blocked"", ""2"": ""rx_and_data_rate""}}"
2025-04-10 01:43:11,"{""gw-1"": {""1"": ""blocked"", ""2"": ""rx_and_data_rate""}}"
2025-04-10 01:43:11,"{""gw-2"": {""1"": ""rx_and_data_rate"", ""2"": ""blocked""}}"
2025-04-10 01:43:13,"{""gw-2"": {""1"": ""rx_and_data_rate"", ""2"": ""blocked""}}"
2025-04-10 01:43:14,"{""gw-2"": {""1"": ""blocked"", ""2"": ""rx_and_data_rate""}}"
2025-04-10 01:43:14,"{""gw-2"": {""1"": ""rx_and_data_rate"", ""2"": ""blocked""}}"
2025-04-10 01:43:18,"{""gw-2"": {""1"": ""blocked"", ""2"": ""rx_and_data_rate""}}"
2025-04-10 01:43:23,"{""gw-1"": {""1"": ""rx_and_data_rate"", ""2"": ""blocked""}}"
2025-04-10 01:43:25,"{""gw-1"": {""1"": ""rx_and_data_rate"", ""2"": ""blocked""}}"
2025-04-10 01:43:27,"{""gw-1"": {""1"": ""blocked"", ""2"": ""rx_and_data_rate""}}"
2025-04-10 01:43:29,"{""gw-1"": {""1"": ""blocked"", ""2"": ""rx_and_data_rate""}}"
2025-04-10 01:43:31,"{""gw-2"": {""1"": ""rx_and_data_rate"", ""2"": ""blocked""}}"
2025-04-10 01:43:31,"{""gw-1"": {""1"": ""blocked"", ""2"": ""rx_and_data_rate""}}"
2025-04-10 01:43:39,"{""gw-1"": {""1"": ""rx_and_data_rate"", ""2"": ""blocked""}}"
2025-04-10 01:43:39,"{""gw-2"": {""1"": ""rx_and_data_rate"", ""2"": ""blocked""}}"
2025-04-10 01:43:42,"{""gw-2"": {""1"": ""rx_and_data_rate"", ""2"": ""blocked""}}"
2025-04-10 01:43:45,"{""gw-1"": {""1"": ""blocked"", ""2"": ""rx_and_data_rate""}, ""gw-2"": {""1"": ""blocked"", ""2"": ""rx_and_data_rate""}}"
2025-04-10 01:43:47,"{""gw-2"": {""1"": ""blocked"", ""2"": ""rx_and_data_rate""}}"
2025-04-10 01:43:52,"{""gw-1"": {""1"": ""blocked"", ""2"": ""blocked""}}"
2025-04-10 01:43:54,"{""gw-1"": {""1"": ""rx_and_data_rate"", ""2"": ""blocked""}}"
2025-04-10 01:43:57,"{""gw-1"": {""1"": ""rx_and_data_rate"", ""2"": ""blocked""}}"
2025-04-10 01:43:58,"{""gw-2"": {""1"": ""blocked"", ""2"": ""rx_and_data_rate""}}"
2025-04-10 01:43:59,"{""gw-1"": {""1"": ""blocked"", ""2"": ""blocked""}}"
2025-04-10 01:44:01,"{""gw-1"": {""1"": ""blocked"", ""2"": ""rx_and_data_rate""}}"
2025-04-10 01:44:03,"{""gw-1"": {""1"": ""blocked"", ""2"": ""rx_and_data_rate""}, ""gw-2"": {""1"": ""blocked"", ""2"": ""rx_and_data_rate""}}"
2025-04-10 01:44:05,"{""gw-1"": {""1"": ""blocked"", ""2"": ""rx_and_data_rate""}}"
2025-04-10 01:44:09,"{""gw-2"": {""1"": ""rx_and_data_rate"", ""2"": ""blocked""}, ""gw-1"": {""1"": ""rx_and_data_rate"", ""2"": ""blocked""}}"
2025-04-10 01:44:09,"{""gw-2"": {""1"": ""rx_and_data_rate"", ""2"": ""blocked""}, ""gw-1"": {""1"": ""rx_and_data_rate"", ""2"": ""blocked""}}"
2025-04-10 01:44:10,"{""gw-1"": {""1"": ""rx_and_data_rate"", ""2"": ""blocked""}}"
2025-04-10 01:44:10,"{""gw-2"": {""1"": ""blocked"", ""2"": ""rx_and_data_rate""}}"
2025-04-10 01:44:11,"{""gw-2"": {""1"": ""blocked"", ""2"": ""rx_and_data_rate""}}"
2025-04-10 01:44:12,"{""gw-2"": {""1"": ""blocked"", ""2"": ""rx_and_data_rate""}}"
2025-04-10 01:44:14,"{""gw-2"": {""1"": ""rx_and_data_rate"", ""2"": ""blocked""}}"
2025-04-10 01:44:14,"{""gw-1"": {""1"": ""blocked"", ""2"": ""blocked""}}"
2025-04-10 01:44:17,"{""gw-2"": {""1"": ""rx_and_data_rate"", ""2"": ""conflict""}}"
2025-04-10 01:44:19,"{""gw-2"": {""1"": ""conflict"", ""2"": ""rx_and_data_rate""}}"
2025-04-10 01:44:23,"{""gw-1"": {""1"": ""blocked"", ""2"": ""rx_and_data_rate""}}"
2025-04-10 01:44:24,"{""gw-2"": {""1"": ""blocked"", ""2"": ""rx_and_data_rate""}}"
2025-04-10 01:44:27,"{""gw-2"": {""1"": ""blocked"", ""2"": ""rx_and_data_rate""}}"
2025-04-10 01:44:29,"{""gw-2"": {""1"": ""blocked"", ""2"": ""conflict""}}"
2025-04-10 01:44:29,"{""gw-1"": {""1"": ""rx_and_data_rate"", ""2"": ""blocked""}}"
2025-04-10 01:44:33,"{""gw-2"": {""1"": ""blocked"", ""2"": ""rx_and_data_rate""}}"
2025-04-10 01:44:37,"{""gw-1"": {""1"": ""blocked"", ""2"": ""rx_and_data_rate""}}"
2025-04-10 01:44:38,"{""gw-2"": {""1"": ""rx_and_data_rate"", ""2"": ""blocked""}}"
2025-04-10 01:44:39,"{""gw-2"": {""1"": ""blocked"", ""2"": ""blocked""}, ""gw-1"": {""1"": ""blocked"", ""2"": ""blocked""}}"
2025-04-10 01:44:40,"{""gw-1"": {""1"": ""blocked"", ""2"": ""blocked""}}"
2025-04-10 01:44:41,"{""gw-2"": {""1"": ""blocked"", ""2"": ""rx_and_data_rate""}}"
2025-04-10 01:44:41,"{""gw-1"": {""1"": ""blocked"", ""2"": ""rx_and_data_rate""}}"
2025-04-10 01:44:49,"{""gw-1"": {""1"": ""blocked"", ""2"": ""rx_and_data_rate""}}"
2025-04-10 01:44:51,"{""gw-2"": {""1"": ""rx_and_data_rate"", ""2"": ""blocked""}}"
2025-04-10 01:44:51,"{""gw-1"": {""1"": ""rx_and_data_rate"", ""2"": ""blocked""}}"
2025-04-10 01:44:54,"{""gw-2"": {""1"": ""blocked"", ""2"": ""rx_and_data_rate""}}"
2025-04-10 01:44:57,"{""gw-1"": {""1"": ""rx_and_data_rate"", ""2"": ""blocked""}, ""gw-2"": {""1"": ""rx_and_data_rate"", ""2"": ""blocked""}}"
2025-04-10 01:44:58,"{""gw-2"": {""1"": ""blocked"", ""2"": ""rx_and_data_rate""}}"
2025-04-10 01:45:00,"{""gw-1"": {""1"": ""blocked"", ""2"": ""rx_and_data_rate""}, ""gw-2"": {""1"": ""blocked"", ""2"": ""rx_and_data_rate""}}"
2025-04-10 01:45:00,"{""gw-1"": {""1"": ""blocked"", ""2"": ""blocked""}}"
2025-04-10 01:45:01,"{""gw-2"": {""1"": ""rx_and_data_rate"", ""2"": ""blocked""}}"
2025-04-10 01:45:02,"{""gw-1"": {""1"": ""blocked"", ""2"": ""rx_and_data_rate""}}"
2025-04-10 01:45:05,"{""gw-2"": {""1"": ""rx_and_data_rate"", ""2"": ""conflict""}}"
2025-04-10 01:45:08,"{""gw-1"": {""1"": ""blocked"", ""2"": ""rx_and_data_rate""}}"
2025-04-10 01:45:10,"{""gw-1"": {""1"": ""rx_and_data_rate"", ""2"": ""blocked""}}"
2025-04-10 01:45:10,"{""gw-1"": {""1"": ""rx_and_data_rate"", ""2"": ""blocked""}}"
2025-04-10 01:45:11,"{""gw-1"": {""1"": ""blocked"", ""2"": ""rx_and_data_rate""}}"
2025-04-10 01:45:13,"{""gw-1"": {""1"": ""blocked"", ""2"": ""rx_and_data_rate""}}"
2025-04-10 01:45:15,"{""gw-2"": {""1"": ""rx_and_data_rate"", ""2"": ""blocked""}}"
2025-04-10 01:45:16,"{""gw-1"": {""1"": ""blocked"", ""2"": ""rx_and_data_rate""}}"
2025-04-10 01:45:16,"{""gw-2"": {""1"": ""rx_and_data_rate"", ""2"": ""blocked""}, ""gw-1"": {""1"": ""rx_and_data_rate"", ""2"": ""conflict""}}"
2025-04-10 01:45:16,"{""gw-1"": {""1"": ""rx_and_data_rate"", ""2"": ""conflict""}}"
2025-04-10 01:45:16,"{""gw-1"": {""1"": ""rx_and_data_rate"", ""2"": ""conflict""}}"
2025-04-10 01:45:18,"{""gw-2"": {""1"": ""conflict"", ""2"": ""rx_and_data_rate""}}"
2025-04-10 01:45:20,"{""gw-1"": {""1"": ""rx_and_data_rate"", ""2"": ""blocked""}}"
2025-04-10 01:45:23,"{""gw-2"": {""1"": ""rx_and_data_rate"", ""2"": ""blocked""}}"
2025-04-10 01:45:23,"{""gw-1"": {""1"": ""rx_and_data_rate"", ""2"": ""blocked""}, ""gw-2"": {""1"": ""rx_and_data_rate"", ""2"": ""blocked""}}"
2025-04-10 01:45:24,"{""gw-2"": {""1"": ""rx_and_data_rate"", ""2"": ""blocked""}}"
2025-04-10 01:45:31,"{""gw-1"": {""1"": ""blocked"", ""2"": ""rx_and_data_rate""}}"
2025-04-10 01:45:34,"{""gw-1"": {""1"": ""rx_and_data_rate"", ""2"": ""blocked""}}"
2025-04-10 01:45:49,"{""gw-2"": {""1"": ""rx_and_data_rate"", ""2"": ""blocked""}}"
2025-04-10 01:45:50,"{""gw-1"": {""1"": ""rx_and_data_rate"", ""2"": ""blocked""}}"
2025-04-10 01:45:52,"{""gw-2"": {""1"": ""rx_and_data_rate"", ""2"": ""blocked""}, ""gw-1"": {""1"": ""rx_and_data_rate"", ""2"": ""blocked""}}"
2025-04-10 01:45:52,"{""gw-1"": {""1"": ""rx_and_data_rate"", ""2"": ""blocked""}}"
2025-04-10 01:45:57,"{""gw-1"": {""1"": ""rx_and_data_rate"", ""2"": ""conflict""}}"
2025-04-10 01:45:58,"{""gw-1"": {""1"": ""rx_and_data_rate"", ""2"": ""blocked""}, ""gw-2"": {""1"": ""rx_and_data_rate"", ""2"": ""blocked""}}"
2025-04-10 01:46:07,"{""gw-1"": {""1"": ""rx_and_data_rate"", ""2"": ""blocked""}, ""gw-2"": {""1"": ""rx_and_data_rate"", ""2"": ""blocked""}}"
2025-04-10 01:46:10,"{""gw-1"": {""1"": ""rx_and_data_rate"", ""2"": ""conflict""}}"
2025-04-10 01:46:14,"{""gw-2"": {""1"": ""rx_and_data_rate"", ""2"": ""blocked""}, ""gw-1"": {""1"": ""rx_and_data_rate"", ""2"": ""blocked""}}"
2025-04-10 01:46:18,"{""gw-1"": {""1"": ""blocked"", ""2"": ""rx_and_data_rate""}}"
2025-04-10 01:46:18,"{""gw-1"": {""1"": ""blocked"", ""2"": ""blocked""}}"
2025-04-10 01:46:19,"{""gw-1"": {""1"": ""rx_and_data_rate"", ""2"": ""blocked""}}"
2025-04-10 01:46:22,"{""gw-1"": {""1"": ""blocked"", ""2"": ""rx_and_data_rate""}}"
2025-04-10 01:46:26,"{""gw-2"": {""1"": ""conflict"", ""2"": ""conflict""}}"
2025-04-10 01:46:28,"{""gw-2"": {""1"": ""rx_and_data_rate"", ""2"": ""blocked""}}"
2025-04-10 01:46:30,"{""gw-1"": {""1"": ""rx_and_data_rate"", ""2"": ""blocked""}}"
2025-04-10 01:46:31,"{""gw-1"": {""1"": ""blocked"", ""2"": ""blocked""}}"
2025-04-10 01:46:34,"{""gw-2"": {""1"": ""rx_and_data_rate"", ""2"": ""blocked""}}"
2025-04-10 01:46:34,"{""gw-2"": {""1"": ""rx_and_data_rate"", ""2"": ""blocked""}, ""gw-1"": {""1"": ""rx_and_data_rate"", ""2"": ""blocked""}}"
2025-04-10 01:46:35,"{""gw-1"": {""1"": ""rx_and_data_rate"", ""2"": ""blocked""}}"
2025-04-10 01:46:37,"{""gw-2"": {""1"": ""blocked"", ""2"": ""rx_and_data_rate""}}"
2025-04-10 01:46:40,"{""gw-1"": {""1"": ""conflict"", ""2"": ""blocked""}}"
2025-04-10 01:46:42,"{""gw-2"": {""1"": ""blocked"", ""2"": ""rx_and_data_rate""}}"
2025-04-10 01:46:44,"{""gw-2"": {""1"": ""blocked"", ""2"": ""blocked""}, ""gw-1"": {""1"": ""blocked"", ""2"": ""blocked""}}"
2025-04-10 01:46:46,"{""gw-1"": {""1"": ""blocked"", ""2"": ""rx_and_data_rate""}}"
2025-04-10 01:46:46,"{""gw-1"": {""1"": ""rx_and_data_rate"", ""2"": ""blocked""}}"
2025-04-10 01:46:49,"{""gw-1"": {""1"": ""rx_and_data_rate"", ""2"": ""blocked""}}"
2025-04-10 01:46:55,"{""gw-2"": {""1"": ""rx_and_data_rate"", ""2"": ""blocked""}}"
2025-04-10 01:46:57,"{""gw-1"": {""1"": ""blocked"", ""2"": ""rx_and_data_rate""}}"
2025-04-10 01:46:59,"{""gw-1"": {""1"": ""rx_and_data_rate"", ""2"": ""blocked""}, ""gw-2"": {""1"": ""rx_and_data_rate"", ""2"": ""blocked""}}"
2025-04-10 01:47:00,"{""gw-2"": {""1"": ""rx_and_data_rate"", ""2"": ""blocked""}, ""gw-1"": {""1"": ""rx_and_data_rate"", ""2"": ""blocked""}}"
2025-04-10 01:47:00,"{""gw-2"": {""1"": ""rx_and_data_rate"", ""2"": ""blocked""}}"
2025-04-10 01:47:06,"{""gw-2"": {""1"": ""blocked"", ""2"": ""rx_and_data_rate""}}"
2025-04-10 01:47:06,"{""gw-1"": {""1"": ""conflict"", ""2"": ""rx_and_data_rate""}}"
2025-04-10 01:47:07,"{""gw-2"": {""1"": ""blocked"", ""2"": ""rx_and_data_rate""}}"
2025-04-10 01:47:07,"{""gw-1"": {""1"": ""conflict"", ""2"": ""blocked""}}"
2025-04-10 01:47:13,"{""gw-1"": {""1"": ""rx_and_data_rate"", ""2"": ""blocked""}}"
2025-04-10 01:47:16,"{""gw-2"": {""1"": ""rx_and_data_rate"", ""2"": ""blocked""}, ""gw-1"": {""1"": ""rx_and_data_rate"", ""2"": ""blocked""}}"
2025-04-10 01:47:16,"{""gw-2"": {""1"": ""blocked"", ""2"": ""rx_and_data_rate""}}"
2025-04-10 01:47:17,"{""gw-1"": {""1"": ""blocked"", ""2"": ""rx_and_data_rate""}}"
2025-04-10 01:47:18,"{""gw-2"": {""1"": ""rx_and_data_rate"", ""2"": ""blocked""}}"
2025-04-10 01:47:18,"{""gw-2"": {""1"": ""rx_and_data_rate"", ""2"": ""blocked""}}"
2025-04-10 01:47:19,"{""gw-2"": {""1"": ""blocked"", ""2"": ""rx_and_data_rate""}}"
2025-04-10 01:47:28,"{""gw-1"": {""1"": ""rx_and_data_rate"", ""2"": ""blocked""}, ""gw-2"": {""1"": ""rx_and_data_rate"", ""2"": ""blocked""}}"
2025-04-10 01:47:30,"{""gw-1"": {""1"": ""blocked"", ""2"": ""rx_and_data_rate""}}"
2025-04-10 01:47:31,"{""gw-2"": {""1"": ""blocked"", ""2"": ""rx_and_data_rate""}}"
2025-04-10 01:47:32,"{""gw-2"": {""1"": ""rx_and_data_rate"", ""2"": ""blocked""}}"
2025-04-10 01:47:36,"{""gw-2"": {""1"": ""rx_and_data_rate"", ""2"": ""blocked""}}"
2025-04-10 01:47:37,"{""gw-2"": {""1"": ""blocked"", ""2"": ""blocked""}}"
2025-04-10 01:47:38,"{""gw-1"": {""1"": ""conflict"", ""2"": ""rx_and_data_rate""}}"
2025-04-10 01:47:42,"{""gw-2"": {""1"": ""rx_and_data_rate"", ""2"": ""blocked""}}"
2025-04-10 01:47:44,"{""gw-1"": {""1"": ""rx_and_data_rate"", ""2"": ""blocked""}}"
2025-04-10 01:47:45,"{""gw-2"": {""1"": ""blocked"", ""2"": ""rx_and_data_rate""}}"
2025-04-10 01:47:47,"{""gw-1"": {""1"": ""rx_and_data_rate"", ""2"": ""blocked""}}"
2025-04-10 01:47:48,"{""gw-2"": {""1"": ""rx_and_data_rate"", ""2"": ""blocked""}}"
2025-04-10 01:47:51,"{""gw-2"": {""1"": ""rx_and_data_rate"", ""2"": ""conflict""}}"
2025-04-10 01:47:52,"{""gw-2"": {""1"": ""rx_and_data_rate"", ""2"": ""blocked""}}"
2025-04-10 01:47:59,"{""gw-1"": {""1"": ""blocked"", ""2"": ""rx_and_data_rate""}}"
2025-04-10 01:48:00,"{""gw-2"": {""1"": ""rx_and_data_rate"", ""2"": ""blocked""}}"
2025-04-10 01:48:01,"{""gw-2"": {""1"": ""blocked"", ""2"": ""rx_and_data_rate""}}"
2025-04-10 01:48:01,"{""gw-2"": {""1"": ""blocked"", ""2"": ""rx_and_data_rate""}, ""gw-1"": {""1"": ""blocked"", ""2"": ""rx_and_data_rate""}}"
2025-04-10 01:48:01,"{""gw-1"": {""1"": ""blocked"", ""2"": ""rx_and_data_rate""}}"
2025-04-10 01:48:02,"{""gw-2"": {""1"": ""blocked"", ""2"": ""rx_and_data_rate""}}"
2025-04-10 01:48:04,"{""gw-2"": {""1"": ""rx_and_data_rate"", ""2"": ""conflict""}}"
2025-04-10 01:48:06,"{""gw-2"": {""1"": ""conflict"", ""2"": ""rx_and_data_rate""}}"
2025-04-10 01:48:09,"{""gw-2"": {""1"": ""rx_and_data_rate"", ""2"": ""blocked""}}"
2025-04-10 01:48:14,"{""gw-1"": {""1"": ""rx_and_data_rate"", ""2"": ""blocked""}, ""gw-2"": {""1"": ""rx_and_data_rate"", ""2"": ""blocked""}}"
2025-04-10 01:48:17,"{""gw-1"": {""1"": ""blocked"", ""2"": ""rx_and_data_rate""}}"
2025-04-10 01:48:17,"{""gw-1"": {""1"": ""rx_and_data_rate"", ""2"": ""conflict""}}"
2025-04-10 01:48:18,"{""gw-2"": {""1"": ""rx_and_data_rate"", ""2"": ""blocked""}}"
2025-04-10 01:48:21,"{""gw-1"": {""1"": ""rx_and_data_rate"", ""2"": ""blocked""}}"
2025-04-10 01:48:25,"{""gw-1"": {""1"": ""blocked"", ""2"": ""rx_and_data_rate""}}"
2025-04-10 01:48:26,"{""gw-1"": {""1"": ""rx_and_data_rate"", ""2"": ""blocked""}}"
2025-04-10 01:48:26,"{""gw-1"": {""1"": ""blocked"", ""2"": ""blocked""}}"
2025-04-10 01:48:28,"{""gw-1"": {""1"": ""blocked"", ""2"": ""rx_and_data_rate""}}"
2025-04-10 01:48:28,"{""gw-2"": {""1"": ""rx_and_data_rate"", ""2"": ""blocked""}}"
2025-04-10 01:48:35,"{""gw-1"": {""1"": ""blocked"", ""2"": ""rx_and_data_rate""}}"
2025-04-10 01:48:35,"{""gw-1"": {""1"": ""rx_and_data_rate"", ""2"": ""blocked""}}"
2025-04-10 01:48:39,"{""gw-2"": {""1"": ""blocked"", ""2"": ""rx_and_data_rate""}}"
2025-04-10 01:48:39,"{""gw-2"": {""1"": ""rx_and_data_rate"", ""2"": ""blocked""}}"
2025-04-10 01:48:39,"{""gw-2"": {""1"": ""blocked"", ""2"": ""rx_and_data_rate""}, ""gw-1"": {""1"": ""blocked"", ""2"": ""rx_and_data_rate""}}"
2025-04-10 01:48:40,"{""gw-1"": {""1"": ""blocked"", ""2"": ""rx_and_data_rate""}}"
2025-04-10 01:48:40,"{""gw-2"": {""1"": ""rx_and_data_rate"", ""2"": ""blocked""}}"
2025-04-10 01:48:40,"{""gw-2"": {""1"": ""rx_and_data_rate"", ""2"": ""blocked""}, ""gw-1"": {""1"": ""rx_and_data_rate"", ""2"": ""blocked""}}"
2025-04-10 01:48:40,"{""gw-2"": {""1"": ""rx_and_data_rate"", ""2"": ""blocked""}}"
2025-04-10 01:48:40,"{""gw-2"": {""1"": ""rx_and_data_rate"", ""2"": ""blocked""}}"
2025-04-10 01:48:43,"{""gw-2"": {""1"": ""blocked"", ""2"": ""rx_and_data_rate""}}"
2025-04-10 01:48:44,"{""gw-2"": {""1"": ""blocked"", ""2"": ""rx_and_data_rate""}}"
2025-04-10 01:48:54,"{""gw-1"": {""1"": ""rx_and_data_rate"", ""2"": ""blocked""}, ""gw-2"": {""1"": ""rx_and_data_rate"", ""2"": ""blocked""}}"
2025-04-10 01:48:55,"{""gw-2"": {""1"": ""rx_and_data_rate"", ""2"": ""blocked""}, ""gw-1"": {""1"": ""rx_and_data_rate"", ""2"": ""blocked""}}"
2025-04-10 01:48:55,"{""gw-2"": {""1"": ""rx_and_data_rate"", ""2"": ""blocked""}}"
2025-04-10 01:48:58,"{""gw-2"": {""1"": ""rx_and_data_rate"", ""2"": ""conflict""}}"
2025-04-10 01:48:59,"{""gw-1"": {""1"": ""rx_and_data_rate"", ""2"": ""conflict""}}"
2025-04-10 01:49:04,"{""gw-2"": {""1"": ""rx_and_data_rate"", ""2"": ""blocked""}}"
2025-04-10 01:49:05,"{""gw-2"": {""1"": ""blocked"", ""2"": ""blocked""}}"
2025-04-10 01:49:05,"{""gw-1"": {""1"": ""rx_and_data_rate"", ""2"": ""blocked""}, ""gw-2"": {""1"": ""rx_and_data_rate"", ""2"": ""blocked""}}"
2025-04-10 01:49:06,"{""gw-2"": {""1"": ""blocked"", ""2"": ""rx_and_data_rate""}}"
2025-04-10 01:49:08,"{""gw-1"": {""1"": ""rx_and_data_rate"", ""2"": ""blocked""}}"
2025-04-10 01:49:10,"{""gw-1"": {""1"": ""blocked"", ""2"": ""rx_and_data_rate""}}"
2025-04-10 01:49:12,"{""gw-1"": {""1"": ""rx_and_data_rate"", ""2"": ""blocked""}}"
2025-04-10 01:49:15,"{""gw-2"": {""1"": ""rx_and_data_rate"", ""2"": ""blocked""}}"
2025-04-10 01:49:17,"{""gw-1"": {""1"": ""blocked"", ""2"": ""rx_and_data_rate""}}"
2025-04-10 01:49:23,"{""gw-2"": {""1"": ""conflict"", ""2"": ""conflict""}, ""gw-1"": {""1"": ""blocked"", ""2"": ""conflict""}}"
2025-04-10 01:49:25,"{""gw-1"": {""1"": ""rx_and_data_rate"", ""2"": ""blocked""}}"
2025-04-10 01:49:29,"{""gw-1"": {""1"": ""blocked"", ""2"": ""blocked""}}"
2025-04-10 01:49:30,"{""gw-1"": {""1"": ""blocked"", ""2"": ""blocked""}}"
2025-04-10 01:49:30,"{""gw-1"": {""1"": ""rx_and_data_rate"", ""2"": ""blocked""}}"
2025-04-10 01:49:31,"{""gw-2"": {""1"": ""blocked"", ""2"": ""blocked""}, ""gw-1"": {""1"": ""blocked"", ""2"": ""blocked""}}"
2025-04-10 01:49:33,"{""gw-1"": {""1"": ""blocked"", ""2"": ""rx_and_data_rate""}}"
2025-04-10 01:49:34,"{""gw-2"": {""1"": ""blocked"", ""2"": ""rx_and_data_rate""}, ""gw-1"": {""1"": ""blocked"", ""2"": ""rx_and_data_rate""}}"
2025-04-10 01:49:34,"{""gw-2"": {""1"": ""blocked"", ""2"": ""rx_and_data_rate""}, ""gw-1"": {""1"": ""blocked"", ""2"": ""rx_and_data_rate""}}"
2025-04-10 01:49:38,"{""gw-2"": {""1"": ""rx_and_data_rate"", ""2"": ""blocked""}, ""gw-1"": {""1"": ""rx_and_data_rate"", ""2"": ""conflict""}}"
2025-04-10 01:49:39,"{""gw-1"": {""1"": ""rx_and_data_rate"", ""2"": ""blocked""}}"
2025-04-10 01:49:43,"{""gw-1"": {""1"": ""rx_and_data_rate"", ""2"": ""blocked""}}"
2025-04-10 01:49:46,"{""gw-2"": {""1"": ""rx_and_data_rate"", ""2"": ""blocked""}, ""gw-1"": {""1"": ""rx_and_data_rate"", ""2"": ""blocked""}}"
2025-04-10 01:49:47,"{""gw-2"": {""1"": ""rx_and_data_rate"", ""2"": ""blocked""}, ""gw-1"": {""1"": ""rx_and_data_rate"", ""2"": ""blocked""}}"
2025-04-10 01:49:47,"{""gw-2"": {""1"": ""rx_and_data_rate"", ""2"": ""blocked""}}"
2025-04-10 01:49:48,"{""gw-2"": {""1"": ""rx_and_data_rate"", ""2"": ""blocked""}, ""gw-1"": {""1"": ""rx_and_data_rate"", ""2"": ""blocked""}}"
2025-04-10 01:49:52,"{""gw-2"": {""1"": ""rx_and_data_rate"", ""2"": ""conflict""}}"
2025-04-10 01:49:52,"{""gw-2"": {""1"": ""rx_and_data_rate"", ""2"": ""blocked""}}"
2025-04-10 01:49:53,"{""gw-2"": {""1"": ""rx_and_data_rate"", ""2"": ""blocked""}}"
2025-04-10 01:49:59,"{""gw-1"": {""1"": ""blocked"", ""2"": ""rx_and_data_rate""}, ""gw-2"": {""1"": ""blocked"", ""2"": ""rx_and_data_rate""}}"
2025-04-10 01:49:59,"{""gw-1"": {""1"": ""rx_and_data_rate"", ""2"": ""blocked""}, ""gw-2"": {""1"": ""rx_and_data_rate"", ""2"": ""blocked""}}"
2025-04-10 01:50:01,"{""gw-1"": {""1"": ""blocked"", ""2"": ""rx_and_data_rate""}}"
2025-04-10 01:50:05,"{""gw-1"": {""1"": ""blocked"", ""2"": ""rx_and_data_rate""}}"
2025-04-10 01:50:09,"{""gw-1"": {""1"": ""blocked"", ""2"": ""rx_and_data_rate""}, ""gw-2"": {""1"": ""blocked"", ""2"": ""rx_and_data_rate""}}"
2025-04-10 01:50:10,"{""gw-1"": {""1"": ""blocked"", ""2"": ""rx_and_data_rate""}}"
2025-04-10 01:50:10,"{""gw-1"": {""1"": ""rx_and_data_rate"", ""2"": ""conflict""}}"
2025-04-10 01:50:11,"{""gw-2"": {""1"": ""blocked"", ""2"": ""rx_and_data_rate""}}"
2025-04-10 01:50:19,"{""gw-2"": {""1"": ""blocked"", ""2"": ""blocked""}}"
2025-04-10 01:50:19,"{""gw-2"": {""1"": ""rx_and_data_rate"", ""2"": ""blocked""}}"
2025-04-10 01:50:20,"{""gw-2"": {""1"": ""rx_and_data_rate"", ""2"": ""blocked""}}"
2025-04-10 01:50:24,"{""gw-1"": {""1"": ""rx_and_data_rate"", ""2"": ""conflict""}, ""gw-2"": {""1"": ""rx_and_data_rate"", ""2"": ""blocked""}}"
2025-04-10 01:50:24,"{""gw-2"": {""1"": ""rx_and_data_rate"", ""2"": ""blocked""}, ""gw-1"": {""1"": ""rx_and_data_rate"", ""2"": ""blocked""}}"
2025-04-10 01:50:25,"{""gw-1"": {""1"": ""conflict"", ""2"": ""blocked""}}"
2025-04-10 01:50:27,"{""gw-2"": {""1"": ""blocked"", ""2"": ""rx_and_data_rate""}}"
2025-04-10 01:50:28,"{""gw-1"": {""1"": ""rx_and_data_rate"", ""2"": ""blocked""}}"
2025-04-10 01:50:29,"{""gw-1"": {""1"": ""blocked"", ""2"": ""rx_and_data_rate""}}"
2025-04-10 01:50:30,"{""gw-1"": {""1"": ""blocked"", ""2"": ""rx_and_data_rate""}}"
2025-04-10 01:50:31,"{""gw-2"": {""1"": ""blocked"", ""2"": ""rx_and_data_rate""}}"
2025-04-10 01:50:31,"{""gw-1"": {""1"": ""rx_and_data_rate"", ""2"": ""blocked""}}"
2025-04-10 01:50:35,"{""gw-1"": {""1"": ""blocked"", ""2"": ""rx_and_data_rate""}}"
2025-04-10 01:50:37,"{""gw-1"": {""1"": ""blocked"", ""2"": ""rx_and_data_rate""}}"
2025-04-10 01:50:39,"{""gw-2"": {""1"": ""conflict"", ""2"": ""rx_and_data_rate""}}"
2025-04-10 01:50:48,"{""gw-1"": {""1"": ""rx_and_data_rate"", ""2"": ""blocked""}}"
2025-04-10 01:50:54,"{""gw-2"": {""1"": ""conflict"", ""2"": ""blocked""}}"
2025-04-10 01:50:54,"{""gw-1"": {""1"": ""blocked"", ""2"": ""rx_and_data_rate""}}"
2025-04-10 01:50:58,"{""gw-2"": {""1"": ""blocked"", ""2"": ""rx_and_data_rate""}}"
2025-04-10 01:50:59,"{""gw-1"": {""1"": ""rx_and_data_rate"", ""2"": ""blocked""}, ""gw-2"": {""1"": ""rx_and_data_rate"", ""2"": ""blocked""}}"
2025-04-10 01:51:00,"{""gw-2"": {""1"": ""blocked"", ""2"": ""rx_and_data_rate""}}"
2025-04-10 01:51:00,"{""gw-2"": {""1"": ""blocked"", ""2"": ""rx_and_data_rate""}}"
2025-04-10 01:51:03,"{""gw-2"": {""1"": ""rx_and_data_rate"", ""2"": ""conflict""}}"
2025-04-10 01:51:09,"{""gw-2"": {""1"": ""rx_and_data_rate"", ""2"": ""blocked""}}"
2025-04-10 01:51:12,"{""gw-2"": {""1"": ""rx_and_data_rate"", ""2"": ""blocked""}}"
2025-04-10 01:51:12,"{""gw-2"": {""1"": ""rx_and_data_rate"", ""2"": ""blocked""}}"
2025-04-10 01:51:15,"{""gw-1"": {""1"": ""rx_and_data_rate"", ""2"": ""blocked""}}"
2025-04-10 01:51:16,"{""gw-1"": {""1"": ""blocked"", ""2"": ""rx_and_data_rate""}}"
2025-04-10 01:51:18,"{""gw-1"": {""1"": ""rx_and_data_rate"", ""2"": ""conflict""}}"
2025-04-10 01:51:19,"{""gw-2"": {""1"": ""blocked"", ""2"": ""rx_and_data_rate""}}"
2025-04-10 01:51:20,"{""gw-2"": {""1"": ""rx_and_data_rate"", ""2"": ""blocked""}}"
2025-04-10 01:51:22,"{""gw-2"": {""1"": ""rx_and_data_rate"", ""2"": ""blocked""}}"
2025-04-10 01:51:22,"{""gw-2"": {""1"": ""rx_and_data_rate"", ""2"": ""blocked""}, ""gw-1"": {""1"": ""rx_and_data_rate"", ""2"": ""blocked""}}"
2025-04-10 01:51:25,"{""gw-1"": {""1"": ""rx_and_data_rate"", ""2"": ""blocked""}}"
2025-04-10 01:51:36,"{""gw-2"": {""1"": ""rx_and_data_rate"", ""2"": ""blocked""}}"
2025-04-10 01:51:37,"{""gw-1"": {""1"": ""blocked"", ""2"": ""rx_and_data_rate""}, ""gw-2"": {""1"": ""blocked"", ""2"": ""rx_and_data_rate""}}"
2025-04-10 01:51:37,"{""gw-1"": {""1"": ""blocked"", ""2"": ""rx_and_data_rate""}}"
2025-04-10 01:51:38,"{""gw-1"": {""1"": ""rx_and_data_rate"", ""2"": ""blocked""}}"
2025-04-10 01:51:40,"{""gw-1"": {""1"": ""rx_and_data_rate"", ""2"": ""blocked""}, ""gw-2"": {""1"": ""rx_and_data_rate"", ""2"": ""blocked""}}"
2025-04-10 01:51:40,"{""gw-1"": {""1"": ""blocked"", ""2"": ""rx_and_data_rate""}}"
2025-04-10 01:51:43,"{""gw-1"": {""1"": ""blocked"", ""2"": ""rx_and_data_rate""}}"
2025-04-10 01:51:44,"{""gw-1"": {""1"": ""blocked"", ""2"": ""rx_and_data_rate""}}"
2025-04-10 01:51:49,"{""gw-2"": {""1"": ""rx_and_data_rate"", ""2"": ""blocked""}}"
2025-04-10 01:51:50,"{""gw-1"": {""1"": ""rx_and_data_rate"", ""2"": ""blocked""}, ""gw-2"": {""1"": ""rx_and_data_rate"", ""2"": ""blocked""}}"
2025-04-10 01:51:53,"{""gw-2"": {""1"": ""rx_and_data_rate"", ""2"": ""blocked""}}"
2025-04-10 01:51:54,"{""gw-2"": {""1"": ""blocked"", ""2"": ""rx_and_data_rate""}, ""gw-1"": {""1"": ""blocked"", ""2"": ""rx_and_data_rate""}}"
2025-04-10 01:51:55,"{""gw-2"": {""1"": ""blocked"", ""2"": ""rx_and_data_rate""}}"
2025-04-10 01:51:58,"{""gw-2"": {""1"": ""conflict"", ""2"": ""rx_and_data_rate""}}"
2025-04-10 01:51:58,"{""gw-1"": {""1"": ""conflict"", ""2"": ""blocked""}}"
2025-04-10 01:51:58,"{""gw-2"": {""1"": ""conflict"", ""2"": ""blocked""}}"
2025-04-10 01:52:01,"{""gw-2"": {""1"": ""blocked"", ""2"": ""blocked""}, ""gw-1"": {""1"": ""blocked"", ""2"": ""blocked""}}"
2025-04-10 01:52:02,"{""gw-1"": {""1"": ""rx_and_data_rate"", ""2"": ""blocked""}}"
2025-04-10 01:52:03,"{""gw-1"": {""1"": ""blocked"", ""2"": ""rx_and_data_rate""}, ""gw-2"": {""1"": ""blocked"", ""2"": ""rx_and_data_rate""}}"
2025-04-10 01:52:04,"{""gw-1"": {""1"": ""blocked"", ""2"": ""rx_and_data_rate""}}"
2025-04-10 01:52:05,"{""gw-2"": {""1"": ""rx_and_data_rate"", ""2"": ""blocked""}, ""gw-1"": {""1"": ""rx_and_data_rate"", ""2"": ""blocked""}}"
2025-04-10 01:52:08,"{""gw-2"": {""1"": ""blocked"", ""2"": ""rx_and_data_rate""}}"
2025-04-10 01:52:09,"{""gw-1"": {""1"": ""blocked"", ""2"": ""rx_and_data_rate""}}"
2025-04-10 01:52:10,"{""gw-2"": {""1"": ""blocked"", ""2"": ""rx_and_data_rate""}}"
2025-04-10 01:52:10,"{""gw-1"": {""1"": ""conflict"", ""2"": ""blocked""}}"
2025-04-10 01:52:12,"{""gw-2"": {""1"": ""rx_and_data_rate"", ""2"": ""blocked""}}"
2025-04-10 01:52:13,"{""gw-2"": {""1"": ""conflict"", ""2"": ""rx_and_data_rate""}}"
2025-04-10 01:52:14,"{""gw-1"": {""1"": ""rx_and_data_rate"", ""2"": ""blocked""}}"
2025-04-10 01:52:17,"{""gw-2"": {""1"": ""rx_and_data_rate"", ""2"": ""blocked""}}"
2025-04-10 01:52:17,"{""gw-2"": {""1"": ""rx_and_data_rate"", ""2"": ""blocked""}}"
2025-04-10 01:52:19,"{""gw-2"": {""1"": ""rx_and_data_rate"", ""2"": ""blocked""}}"
2025-04-10 01:52:20,"{""gw-1"": {""1"": ""rx_and_data_rate"", ""2"": ""blocked""}, ""gw-2"": {""1"": ""rx_and_data_rate"", ""2"": ""blocked""}}"
2025-04-10 01:52:20,"{""gw-2"": {""1"": ""rx_and_data_rate"", ""2"": ""blocked""}}"
2025-04-10 01:52:21,"{""gw-1"": {""1"": ""blocked"", ""2"": ""rx_and_data_rate""}}"
2025-04-10 01:52:27,"{""gw-1"": {""1"": ""blocked"", ""2"": ""blocked""}}"
2025-04-10 01:52:30,"{""gw-2"": {""1"": ""blocked"", ""2"": ""rx_and_data_rate""}}"
2025-04-10 01:52:30,"{""gw-1"": {""1"": ""rx_and_data_rate"", ""2"": ""blocked""}}"
2025-04-10 01:52:35,"{""gw-2"": {""1"": ""conflict"", ""2"": ""rx_and_data_rate""}}"
2025-04-10 01:52:38,"{""gw-1"": {""1"": ""blocked"", ""2"": ""conflict""}}"
2025-04-10 01:52:38,"{""gw-1"": {""1"": ""conflict"", ""2"": ""conflict""}}"
2025-04-10 01:52:39,"{""gw-1"": {""1"": ""rx_and_data_rate"", ""2"": ""conflict""}}"
2025-04-10 01:52:39,"{""gw-1"": {""1"": ""rx_and_data_rate"", ""2"": ""blocked""}}"
2025-04-10 01:52:39,"{""gw-1"": {""1"": ""rx_and_data_rate"", ""2"": ""blocked""}}"
2025-04-10 01:52:40,"{""gw-2"": {""1"": ""rx_and_data_rate"", ""2"": ""blocked""}}"
2025-04-10 01:52:40,"{""gw-2"": {""1"": ""rx_and_data_rate"", ""2"": ""blocked""}}"
2025-04-10 01:52:43,"{""gw-1"": {""1"": ""rx_and_data_rate"", ""2"": ""blocked""}}"
2025-04-10 01:52:43,"{""gw-1"": {""1"": ""rx_and_data_rate"", ""2"": ""blocked""}}"
2025-04-10 01:52:43,"{""gw-2"": {""1"": ""rx_and_data_rate"", ""2"": ""blocked""}}"
2025-04-10 01:52:44,"{""gw-1"": {""1"": ""blocked"", ""2"": ""rx_and_data_rate""}}"
2025-04-10 01:52:44,"{""gw-2"": {""1"": ""rx_and_data_rate"", ""2"": ""blocked""}}"
2025-04-10 01:52:44,"{""gw-2"": {""1"": ""rx_and_data_rate"", ""2"": ""blocked""}}"
2025-04-10 01:52:45,"{""gw-1"": {""1"": ""blocked"", ""2"": ""rx_and_data_rate""}}"
2025-04-10 01:52:46,"{""gw-2"": {""1"": ""rx_and_data_rate"", ""2"": ""blocked""}}"
2025-04-10 01:52:51,"{""gw-1"": {""1"": ""rx_and_data_rate"", ""2"": ""conflict""}}"
2025-04-10 01:52:52,"{""gw-1"": {""1"": ""conflict"", ""2"": ""rx_and_data_rate""}}"
2025-04-10 01:52:56,"{""gw-1"": {""1"": ""rx_and_data_rate"", ""2"": ""blocked""}}"
2025-04-10 01:52:56,"{""gw-2"": {""1"": ""blocked"", ""2"": ""rx_and_data_rate""}}"
2025-04-10 01:52:57,"{""gw-1"": {""1"": ""blocked"", ""2"": ""blocked""}}"
2025-04-10 01:52:59,"{""gw-1"": {""1"": ""rx_and_data_rate"", ""2"": ""blocked""}, ""gw-2"": {""1"": ""rx_and_data_rate"", ""2"": ""blocked""}}"
2025-04-10 01:52:59,"{""gw-2"": {""1"": ""rx_and_data_rate"", ""2"": ""blocked""}}"
2025-04-10 01:52:59,"{""gw-2"": {""1"": ""rx_and_data_rate"", ""2"": ""blocked""}, ""gw-1"": {""1"": ""rx_and_data_rate"", ""2"": ""blocked""}}"
2025-04-10 01:53:02,"{""gw-2"": {""1"": ""conflict"", ""2"": ""rx_and_data_rate""}}"
2025-04-10 01:53:06,"{""gw-2"": {""1"": ""rx_and_data_rate"", ""2"": ""blocked""}, ""gw-1"": {""1"": ""rx_and_data_rate"", ""2"": ""blocked""}}"
2025-04-10 01:53:09,"{""gw-1"": {""1"": ""rx_and_data_rate"", ""2"": ""blocked""}}"
2025-04-10 01:53:10,"{""gw-2"": {""1"": ""rx_and_data_rate"", ""2"": ""blocked""}, ""gw-1"": {""1"": ""rx_and_data_rate"", ""2"": ""blocked""}}"
2025-04-10 01:53:11,"{""gw-1"": {""1"": ""rx_and_data_rate"", ""2"": ""blocked""}}"
2025-04-10 01:53:12,"{""gw-1"": {""1"": ""rx_and_data_rate"", ""2"": ""blocked""}}"
2025-04-10 01:53:14,"{""gw-1"": {""1"": ""rx_and_data_rate"", ""2"": ""blocked""}}"
2025-04-10 01:53:15,"{""gw-1"": {""1"": ""blocked"", ""2"": ""rx_and_data_rate""}}"
2025-04-10 01:53:16,"{""gw-1"": {""1"": ""blocked"", ""2"": ""rx_and_data_rate""}}"
2025-04-10 01:53:20,"{""gw-1"": {""1"": ""blocked"", ""2"": ""rx_and_data_rate""}}"
2025-04-10 01:53:21,"{""gw-2"": {""1"": ""rx_and_data_rate"", ""2"": ""blocked""}}"
2025-04-10 01:53:27,"{""gw-1"": {""1"": ""rx_and_data_rate"", ""2"": ""blocked""}}"
2025-04-10 01:53:38,"{""gw-1"": {""1"": ""blocked"", ""2"": ""rx_and_data_rate""}}"
2025-04-10 01:53:40,"{""gw-1"": {""1"": ""rx_and_data_rate"", ""2"": ""blocked""}}"
2025-04-10 01:53:41,"{""gw-1"": {""1"": ""rx_and_data_rate"", ""2"": ""blocked""}}"
2025-04-10 01:53:41,"{""gw-1"": {""1"": ""blocked"", ""2"": ""rx_and_data_rate""}}"
2025-04-10 01:53:43,"{""gw-2"": {""1"": ""conflict"", ""2"": ""conflict""}}"
2025-04-10 01:53:45,"{""gw-1"": {""1"": ""blocked"", ""2"": ""blocked""}}"
2025-04-10 01:53:46,"{""gw-1"": {""1"": ""rx_and_data_rate"", ""2"": ""blocked""}}"
2025-04-10 01:53:49,"{""gw-1"": {""1"": ""rx_and_data_rate"", ""2"": ""blocked""}}"
2025-04-10 01:53:56,"{""gw-1"": {""1"": ""blocked"", ""2"": ""rx_and_data_rate""}}"
2025-04-10 01:53:59,"{""gw-1"": {""1"": ""rx_and_data_rate"", ""2"": ""blocked""}}"
2025-04-10 01:54:01,"{""gw-2"": {""1"": ""conflict"", ""2"": ""rx_and_data_rate""}, ""gw-1"": {""1"": ""blocked"", ""2"": ""rx_and_data_rate""}}"
2025-04-10 01:54:06,"{""gw-2"": {""1"": ""blocked"", ""2"": ""blocked""}, ""gw-1"": {""1"": ""blocked"", ""2"": ""blocked""}}"
2025-04-10 01:54:06,"{""gw-1"": {""1"": ""blocked"", ""2"": ""rx_and_data_rate""}, ""gw-2"": {""1"": ""blocked"", ""2"": ""rx_and_data_rate""}}"
2025-04-10 01:54:08,"{""gw-1"": {""1"": ""conflict"", ""2"": ""conflict""}}"
2025-04-10 01:54:08,"{""gw-1"": {""1"": ""rx_and_data_rate"", ""2"": ""conflict""}}"
2025-04-10 01:54:09,"{""gw-2"": {""1"": ""blocked"", ""2"": ""rx_and_data_rate""}}"
2025-04-10 01:54:10,"{""gw-2"": {""1"": ""rx_and_data_rate"", ""2"": ""blocked""}}"
2025-04-10 01:54:11,"{""gw-2"": {""1"": ""blocked"", ""2"": ""rx_and_data_rate""}}"
2025-04-10 01:54:14,"{""gw-1"": {""1"": ""rx_and_data_rate"", ""2"": ""blocked""}}"
2025-04-10 01:54:15,"{""gw-1"": {""1"": ""rx_and_data_rate"", ""2"": ""blocked""}}"
2025-04-10 01:54:16,"{""gw-1"": {""1"": ""rx_and_data_rate"", ""2"": ""blocked""}}"
2025-04-10 01:54:23,"{""gw-2"": {""1"": ""rx_and_data_rate"", ""2"": ""blocked""}}"
2025-04-10 01:54:23,"{""gw-1"": {""1"": ""blocked"", ""2"": ""rx_and_data_rate""}}"
2025-04-10 01:54:25,"{""gw-2"": {""1"": ""blocked"", ""2"": ""conflict""}}"
2025-04-10 01:54:29,"{""gw-1"": {""1"": ""rx_and_data_rate"", ""2"": ""blocked""}}"
2025-04-10 01:54:29,"{""gw-1"": {""1"": ""rx_and_data_rate"", ""2"": ""blocked""}}"
2025-04-10 01:54:29,"{""gw-1"": {""1"": ""conflict"", ""2"": ""rx_and_data_rate""}}"
2025-04-10 01:54:34,"{""gw-1"": {""1"": ""rx_and_data_rate"", ""2"": ""blocked""}}"
2025-04-10 01:54:35,"{""gw-2"": {""1"": ""blocked"", ""2"": ""rx_and_data_rate""}}"
2025-04-10 01:54:44,"{""gw-1"": {""1"": ""rx_and_data_rate"", ""2"": ""blocked""}, ""gw-2"": {""1"": ""rx_and_data_rate"", ""2"": ""blocked""}}"
2025-04-10 01:54:45,"{""gw-2"": {""1"": ""blocked"", ""2"": ""rx_and_data_rate""}}"
2025-04-10 01:54:46,"{""gw-1"": {""1"": ""rx_and_data_rate"", ""2"": ""blocked""}, ""gw-2"": {""1"": ""rx_and_data_rate"", ""2"": ""blocked""}}"
2025-04-10 01:54:46,"{""gw-1"": {""1"": ""blocked"", ""2"": ""rx_and_data_rate""}}"
2025-04-10 01:54:47,"{""gw-2"": {""1"": ""blocked"", ""2"": ""rx_and_data_rate""}, ""gw-1"": {""1"": ""blocked"", ""2"": ""rx_and_data_rate""}}"
2025-04-10 01:54:51,"{""gw-1"": {""1"": ""rx_and_data_rate"", ""2"": ""blocked""}}"
2025-04-10 01:54:55,"{""gw-1"": {""1"": ""rx_and_data_rate"", ""2"": ""blocked""}}"
2025-04-10 01:54:57,"{""gw-1"": {""1"": ""rx_and_data_rate"", ""2"": ""blocked""}, ""gw-2"": {""1"": ""rx_and_data_rate"", ""2"": ""blocked""}}"
2025-04-10 01:54:58,"{""gw-2"": {""1"": ""rx_and_data_rate"", ""2"": ""blocked""}, ""gw-1"": {""1"": ""rx_and_data_rate"", ""2"": ""blocked""}}"
2025-04-10 01:55:00,"{""gw-1"": {""1"": ""rx_and_data_rate"", ""2"": ""blocked""}}"
2025-04-10 01:55:00,"{""gw-1"": {""1"": ""blocked"", ""2"": ""rx_and_data_rate""}}"
2025-04-10 01:55:05,"{""gw-1"": {""1"": ""blocked"", ""2"": ""rx_and_data_rate""}}"
2025-04-10 01:55:05,"{""gw-1"": {""1"": ""rx_and_data_rate"", ""2"": ""conflict""}}"
2025-04-10 01:55:05,"{""gw-2"": {""1"": ""blocked"", ""2"": ""rx_and_data_rate""}}"
2025-04-10 01:55:07,"{""gw-2"": {""1"": ""blocked"", ""2"": ""rx_and_data_rate""}}"
2025-04-10 01:55:09,"{""gw-2"": {""1"": ""rx_and_data_rate"", ""2"": ""conflict""}}"
2025-04-10 01:55:09,"{""gw-2"": {""1"": ""conflict"", ""2"": ""blocked""}}"
2025-04-10 01:55:10,"{""gw-2"": {""1"": ""conflict"", ""2"": ""rx_and_data_rate""}}"
2025-04-10 01:55:10,"{""gw-1"": {""1"": ""blocked"", ""2"": ""rx_and_data_rate""}}"
2025-04-10 01:55:12,"{""gw-1"": {""1"": ""blocked"", ""2"": ""rx_and_data_rate""}}"
2025-04-10 01:55:13,"{""gw-1"": {""1"": ""blocked"", ""2"": ""rx_and_data_rate""}}"
2025-04-10 01:55:14,"{""gw-2"": {""1"": ""rx_and_data_rate"", ""2"": ""blocked""}, ""gw-1"": {""1"": ""rx_and_data_rate"", ""2"": ""blocked""}}"
2025-04-10 01:55:16,"{""gw-2"": {""1"": ""rx_and_data_rate"", ""2"": ""blocked""}}"
2025-04-10 01:55:16,"{""gw-1"": {""1"": ""conflict"", ""2"": ""rx_and_data_rate""}}"
2025-04-10 01:55:19,"{""gw-1"": {""1"": ""blocked"", ""2"": ""rx_and_data_rate""}}"
2025-04-10 01:55:19,"{""gw-1"": {""1"": ""blocked"", ""2"": ""rx_and_data_rate""}}"
2025-04-10 01:55:25,"{""gw-2"": {""1"": ""rx_and_data_rate"", ""2"": ""blocked""}, ""gw-1"": {""1"": ""rx_and_data_rate"", ""2"": ""blocked""}}"
2025-04-10 01:55:26,"{""gw-1"": {""1"": ""blocked"", ""2"": ""rx_and_data_rate""}}"
2025-04-10 01:55:26,"{""gw-1"": {""1"": ""blocked"", ""2"": ""rx_and_data_rate""}}"
2025-04-10 01:55:30,"{""gw-1"": {""1"": ""blocked"", ""2"": ""rx_and_data_rate""}}"
2025-04-10 01:55:32,"{""gw-2"": {""1"": ""blocked"", ""2"": ""rx_and_data_rate""}}"
2025-04-10 01:55:36,"{""gw-1"": {""1"": ""conflict"", ""2"": ""rx_and_data_rate""}}"
2025-04-10 01:55:36,"{""gw-1"": {""1"": ""conflict"", ""2"": ""blocked""}}"
2025-04-10 01:55:38,"{""gw-2"": {""1"": ""rx_and_data_rate"", ""2"": ""conflict""}}"
2025-04-10 01:55:39,"{""gw-2"": {""1"": ""rx_and_data_rate"", ""2"": ""blocked""}, ""gw-1"": {""1"": ""rx_and_data_rate"", ""2"": ""blocked""}}"
2025-04-10 01:55:40,"{""gw-1"": {""1"": ""rx_and_data_rate"", ""2"": ""blocked""}}"
2025-04-10 01:55:43,"{""gw-2"": {""1"": ""blocked"", ""2"": ""rx_and_data_rate""}, ""gw-1"": {""1"": ""blocked"", ""2"": ""rx_and_data_rate""}}"
2025-04-10 01:55:44,"{""gw-2"": {""1"": ""rx_and_data_rate"", ""2"": ""blocked""}}"
2025-04-10 01:55:44,"{""gw-2"": {""1"": ""rx_and_data_rate"", ""2"": ""blocked""}}"
2025-04-10 01:55:45,"{""gw-2"": {""1"": ""rx_and_data_rate"", ""2"": ""blocked""}}"
2025-04-10 01:55:46,"{""gw-1"": {""1"": ""rx_and_data_rate"", ""2"": ""blocked""}, ""gw-2"": {""1"": ""rx_and_data_rate"", ""2"": ""blocked""}}"
2025-04-10 01:55:52,"{""gw-1"": {""1"": ""blocked"", ""2"": ""conflict""}}"
2025-04-10 01:55:55,"{""gw-2"": {""1"": ""blocked"", ""2"": ""rx_and_data_rate""}}"
2025-04-10 01:55:58,"{""gw-2"": {""1"": ""rx_and_data_rate"", ""2"": ""conflict""}}"
2025-04-10 01:56:02,"{""gw-1"": {""1"": ""blocked"", ""2"": ""rx_and_data_rate""}}"
2025-04-10 01:56:02,"{""gw-1"": {""1"": ""rx_and_data_rate"", ""2"": ""blocked""}}"
2025-04-10 01:56:03,"{""gw-1"": {""1"": ""blocked"", ""2"": ""rx_and_data_rate""}}"
2025-04-10 01:56:03,"{""gw-2"": {""1"": ""blocked"", ""2"": ""blocked""}, ""gw-1"": {""1"": ""blocked"", ""2"": ""blocked""}}"
2025-04-10 01:56:06,"{""gw-2"": {""1"": ""rx_and_data_rate"", ""2"": ""blocked""}, ""gw-1"": {""1"": ""rx_and_data_rate"", ""2"": ""blocked""}}"
2025-04-10 01:56:06,"{""gw-1"": {""1"": ""conflict"", ""2"": ""blocked""}, ""gw-2"": {""1"": ""blocked"", ""2"": ""blocked""}}"
2025-04-10 01:56:08,"{""gw-2"": {""1"": ""blocked"", ""2"": ""rx_and_data_rate""}, ""gw-1"": {""1"": ""blocked"", ""2"": ""rx_and_data_rate""}}"
2025-04-10 01:56:10,"{""gw-2"": {""1"": ""rx_and_data_rate"", ""2"": ""conflict""}}"
2025-04-10 01:56:11,"{""gw-1"": {""1"": ""rx_and_data_rate"", ""2"": ""blocked""}, ""gw-2"": {""1"": ""rx_and_data_rate"", ""2"": ""blocked""}}"
2025-04-10 01:56:13,"{""gw-1"": {""1"": ""rx_and_data_rate"", ""2"": ""blocked""}}"
2025-04-10 01:56:17,"{""gw-1"": {""1"": ""conflict"", ""2"": ""blocked""}}"
2025-04-10 01:56:18,"{""gw-2"": {""1"": ""blocked"", ""2"": ""rx_and_data_rate""}}"
2025-04-10 01:56:20,"{""gw-1"": {""1"": ""rx_and_data_rate"", ""2"": ""blocked""}}"
2025-04-10 01:56:21,"{""gw-2"": {""1"": ""blocked"", ""2"": ""rx_and_data_rate""}, ""gw-1"": {""1"": ""blocked"", ""2"": ""rx_and_data_rate""}}"
2025-04-10 01:56:24,"{""gw-2"": {""1"": ""rx_and_data_rate"", ""2"": ""blocked""}}"
2025-04-10 01:56:24,"{""gw-2"": {""1"": ""rx_and_data_rate"", ""2"": ""blocked""}, ""gw-1"": {""1"": ""rx_and_data_rate"", ""2"": ""blocked""}}"
2025-04-10 01:56:25,"{""gw-1"": {""1"": ""blocked"", ""2"": ""rx_and_data_rate""}}"
2025-04-10 01:56:26,"{""gw-2"": {""1"": ""rx_and_data_rate"", ""2"": ""blocked""}, ""gw-1"": {""1"": ""rx_and_data_rate"", ""2"": ""blocked""}}"
2025-04-10 01:56:36,"{""gw-2"": {""1"": ""rx_and_data_rate"", ""2"": ""conflict""}}"
2025-04-10 01:56:38,"{""gw-1"": {""1"": ""blocked"", ""2"": ""rx_and_data_rate""}}"
2025-04-10 01:56:41,"{""gw-1"": {""1"": ""rx_and_data_rate"", ""2"": ""blocked""}}"
2025-04-10 01:56:42,"{""gw-1"": {""1"": ""rx_and_data_rate"", ""2"": ""blocked""}, ""gw-2"": {""1"": ""rx_and_data_rate"", ""2"": ""blocked""}}"
2025-04-10 01:56:43,"{""gw-2"": {""1"": ""blocked"", ""2"": ""rx_and_data_rate""}, ""gw-1"": {""1"": ""blocked"", ""2"": ""rx_and_data_rate""}}"
2025-04-10 01:56:44,"{""gw-1"": {""1"": ""blocked"", ""2"": ""blocked""}}"
2025-04-10 01:56:46,"{""gw-1"": {""1"": ""rx_and_data_rate"", ""2"": ""conflict""}, ""gw-2"": {""1"": ""rx_and_data_rate"", ""2"": ""blocked""}}"
2025-04-10 01:56:47,"{""gw-1"": {""1"": ""rx_and_data_rate"", ""2"": ""conflict""}}"
2025-04-10 01:56:48,"{""gw-2"": {""1"": ""blocked"", ""2"": ""rx_and_data_rate""}}"
2025-04-10 01:56:48,"{""gw-2"": {""1"": ""blocked"", ""2"": ""rx_and_data_rate""}}"
2025-04-10 01:56:50,"{""gw-2"": {""1"": ""conflict"", ""2"": ""blocked""}}"
2025-04-10 01:56:53,"{""gw-2"": {""1"": ""rx_and_data_rate"", ""2"": ""blocked""}}"
2025-04-10 01:56:56,"{""gw-2"": {""1"": ""rx_and_data_rate"", ""2"": ""blocked""}, ""gw-1"": {""1"": ""rx_and_data_rate"", ""2"": ""blocked""}}"
2025-04-10 01:56:56,"{""gw-1"": {""1"": ""rx_and_data_rate"", ""2"": ""blocked""}}"
2025-04-10 01:57:05,"{""gw-1"": {""1"": ""blocked"", ""2"": ""blocked""}}"
2025-04-10 01:57:05,"{""gw-1"": {""1"": ""blocked"", ""2"": ""rx_and_data_rate""}}"
2025-04-10 01:57:07,"{""gw-1"": {""1"": ""blocked"", ""2"": ""blocked""}}"
2025-04-10 01:57:09,"{""gw-2"": {""1"": ""rx_and_data_rate"", ""2"": ""blocked""}}"
2025-04-10 01:57:09,"{""gw-1"": {""1"": ""rx_and_data_rate"", ""2"": ""blocked""}}"
2025-04-10 01:57:10,"{""gw-1"": {""1"": ""rx_and_data_rate"", ""2"": ""blocked""}}"
2025-04-10 01:57:12,"{""gw-1"": {""1"": ""conflict"", ""2"": ""rx_and_data_rate""}, ""gw-2"": {""1"": ""blocked"", ""2"": ""rx_and_data_rate""}}"
2025-04-10 01:57:13,"{""gw-2"": {""1"": ""rx_and_data_rate"", ""2"": ""blocked""}}"
2025-04-10 01:57:15,"{""gw-1"": {""1"": ""blocked"", ""2"": ""blocked""}}"
2025-04-10 01:57:15,"{""gw-2"": {""1"": ""blocked"", ""2"": ""rx_and_data_rate""}}"
2025-04-10 01:57:17,"{""gw-1"": {""1"": ""rx_and_data_rate"", ""2"": ""blocked""}, ""gw-2"": {""1"": ""rx_and_data_rate"", ""2"": ""conflict""}}"
2025-04-10 01:57:19,"{""gw-1"": {""1"": ""blocked"", ""2"": ""rx_and_data_rate""}}"
2025-04-10 01:57:20,"{""gw-1"": {""1"": ""blocked"", ""2"": ""rx_and_data_rate""}}"
2025-04-10 01:57:27,"{""gw-2"": {""1"": ""blocked"", ""2"": ""rx_and_data_rate""}, ""gw-1"": {""1"": ""blocked"", ""2"": ""rx_and_data_rate""}}"
2025-04-10 01:57:34,"{""gw-2"": {""1"": ""blocked"", ""2"": ""rx_and_data_rate""}}"
2025-04-10 01:57:35,"{""gw-2"": {""1"": ""blocked"", ""2"": ""blocked""}}"
2025-04-10 01:57:37,"{""gw-2"": {""1"": ""rx_and_data_rate"", ""2"": ""blocked""}}"
2025-04-10 01:57:38,"{""gw-2"": {""1"": ""blocked"", ""2"": ""blocked""}, ""gw-1"": {""1"": ""blocked"", ""2"": ""blocked""}}"
2025-04-10 01:57:38,"{""gw-2"": {""1"": ""rx_and_data_rate"", ""2"": ""blocked""}}"
2025-04-10 01:57:40,"{""gw-1"": {""1"": ""blocked"", ""2"": ""blocked""}}"
2025-04-10 01:57:40,"{""gw-1"": {""1"": ""blocked"", ""2"": ""blocked""}}"
2025-04-10 01:57:41,"{""gw-2"": {""1"": ""blocked"", ""2"": ""rx_and_data_rate""}}"
2025-04-10 01:57:41,"{""gw-1"": {""1"": ""blocked"", ""2"": ""blocked""}}"
2025-04-10 01:57:43,"{""gw-1"": {""1"": ""blocked"", ""2"": ""rx_and_data_rate""}}"
2025-04-10 01:57:45,"{""gw-1"": {""1"": ""rx_and_data_rate"", ""2"": ""conflict""}}"
2025-04-10 01:57:47,"{""gw-1"": {""1"": ""rx_and_data_rate"", ""2"": ""blocked""}}"
2025-04-10 01:57:49,"{""gw-2"": {""1"": ""rx_and_data_rate"", ""2"": ""blocked""}}"
2025-04-10 01:57:51,"{""gw-2"": {""1"": ""rx_and_data_rate"", ""2"": ""blocked""}}"
2025-04-10 01:57:52,"{""gw-1"": {""1"": ""blocked"", ""2"": ""blocked""}}"
2025-04-10 01:57:52,"{""gw-1"": {""1"": ""rx_and_data_rate"", ""2"": ""blocked""}}"
2025-04-10 01:57:53,"{""gw-1"": {""1"": ""rx_and_data_rate"", ""2"": ""blocked""}}"
2025-04-10 01:57:55,"{""gw-2"": {""1"": ""rx_and_data_rate"", ""2"": ""conflict""}}"
2025-04-10 01:57:55,"{""gw-1"": {""1"": ""rx_and_data_rate"", ""2"": ""blocked""}}"
2025-04-10 01:57:56,"{""gw-1"": {""1"": ""rx_and_data_rate"", ""2"": ""blocked""}}"
2025-04-10 01:57:58,"{""gw-2"": {""1"": ""blocked"", ""2"": ""blocked""}, ""gw-1"": {""1"": ""conflict"", ""2"": ""conflict""}}"
2025-04-10 01:57:59,"{""gw-1"": {""1"": ""rx_and_data_rate"", ""2"": ""blocked""}}"
2025-04-10 01:58:02,"{""gw-1"": {""1"": ""blocked"", ""2"": ""rx_and_data_rate""}}"
2025-04-10 01:58:03,"{""gw-1"": {""1"": ""blocked"", ""2"": ""blocked""}}"
2025-04-10 01:58:04,"{""gw-2"": {""1"": ""rx_and_data_rate"", ""2"": ""blocked""}, ""gw-1"": {""1"": ""rx_and_data_rate"", ""2"": ""blocked""}}"
2025-04-10 01:58:05,"{""gw-2"": {""1"": ""blocked"", ""2"": ""rx_and_data_rate""}}"
2025-04-10 01:58:13,"{""gw-2"": {""1"": ""rx_and_data_rate"", ""2"": ""conflict""}}"
2025-04-10 01:58:13,"{""gw-1"": {""1"": ""blocked"", ""2"": ""rx_and_data_rate""}}"
2025-04-10 01:58:19,"{""gw-1"": {""1"": ""blocked"", ""2"": ""rx_and_data_rate""}}"
2025-04-10 01:58:19,"{""gw-1"": {""1"": ""blocked"", ""2"": ""rx_and_data_rate""}}"
2025-04-10 01:58:21,"{""gw-1"": {""1"": ""rx_and_data_rate"", ""2"": ""blocked""}, ""gw-2"": {""1"": ""rx_and_data_rate"", ""2"": ""blocked""}}"
2025-04-10 01:58:24,"{""gw-2"": {""1"": ""rx_and_data_rate"", ""2"": ""blocked""}}"
2025-04-10 01:58:30,"{""gw-1"": {""1"": ""blocked"", ""2"": ""conflict""}}"
2025-04-10 01:58:37,"{""gw-2"": {""1"": ""conflict"", ""2"": ""rx_and_data_rate""}}"
2025-04-10 01:58:42,"{""gw-1"": {""1"": ""blocked"", ""2"": ""rx_and_data_rate""}}"
2025-04-10 01:58:49,"{""gw-2"": {""1"": ""blocked"", ""2"": ""rx_and_data_rate""}}"
2025-04-10 01:58:51,"{""gw-1"": {""1"": ""blocked"", ""2"": ""rx_and_data_rate""}, ""gw-2"": {""1"": ""blocked"", ""2"": ""rx_and_data_rate""}}"
2025-04-10 01:58:56,"{""gw-1"": {""1"": ""rx_and_data_rate"", ""2"": ""blocked""}, ""gw-2"": {""1"": ""rx_and_data_rate"", ""2"": ""conflict""}}"
2025-04-10 01:58:57,"{""gw-1"": {""1"": ""blocked"", ""2"": ""blocked""}}"
2025-04-10 01:58:58,"{""gw-1"": {""1"": ""blocked"", ""2"": ""blocked""}}"
2025-04-10 01:59:00,"{""gw-1"": {""1"": ""rx_and_data_rate"", ""2"": ""conflict""}}"
2025-04-10 01:59:01,"{""gw-1"": {""1"": ""blocked"", ""2"": ""rx_and_data_rate""}}"
2025-04-10 01:59:05,"{""gw-1"": {""1"": ""rx_and_data_rate"", ""2"": ""blocked""}}"
2025-04-10 01:59:05,"{""gw-2"": {""1"": ""blocked"", ""2"": ""rx_and_data_rate""}}"
2025-04-10 01:59:05,"{""gw-1"": {""1"": ""rx_and_data_rate"", ""2"": ""blocked""}, ""gw-2"": {""1"": ""rx_and_data_rate"", ""2"": ""blocked""}}"
2025-04-10 01:59:09,"{""gw-1"": {""1"": ""blocked"", ""2"": ""blocked""}}"
2025-04-10 01:59:09,"{""gw-2"": {""1"": ""rx_and_data_rate"", ""2"": ""conflict""}}"
2025-04-10 01:59:10,"{""gw-1"": {""1"": ""blocked"", ""2"": ""rx_and_data_rate""}}"
2025-04-10 01:59:11,"{""gw-1"": {""1"": ""rx_and_data_rate"", ""2"": ""blocked""}}"
2025-04-10 01:59:13,"{""gw-1"": {""1"": ""blocked"", ""2"": ""rx_and_data_rate""}}"
2025-04-10 01:59:22,"{""gw-1"": {""1"": ""blocked"", ""2"": ""blocked""}}"
2025-04-10 01:59:23,"{""gw-1"": {""1"": ""rx_and_data_rate"", ""2"": ""blocked""}}"
2025-04-10 01:59:33,"{""gw-1"": {""1"": ""conflict"", ""2"": ""blocked""}}"
2025-04-10 01:59:33,"{""gw-1"": {""1"": ""conflict"", ""2"": ""rx_and_data_rate""}}"
2025-04-10 01:59:35,"{""gw-2"": {""1"": ""blocked"", ""2"": ""rx_and_data_rate""}}"
2025-04-10 01:59:37,"{""gw-2"": {""1"": ""rx_and_data_rate"", ""2"": ""blocked""}}"
2025-04-10 01:59:39,"{""gw-2"": {""1"": ""rx_and_data_rate"", ""2"": ""blocked""}}"
2025-04-10 01:59:40,"{""gw-1"": {""1"": ""rx_and_data_rate"", ""2"": ""blocked""}}"
2025-04-10 01:59:41,"{""gw-1"": {""1"": ""rx_and_data_rate"", ""2"": ""blocked""}, ""gw-2"": {""1"": ""rx_and_data_rate"", ""2"": ""conflict""}}"
2025-04-10 01:59:41,"{""gw-2"": {""1"": ""rx_and_data_rate"", ""2"": ""blocked""}}"
2025-04-10 01:59:41,"{""gw-1"": {""1"": ""rx_and_data_rate"", ""2"": ""blocked""}}"
2025-04-10 01:59:42,"{""gw-1"": {""1"": ""blocked"", ""2"": ""rx_and_data_rate""}}"
2025-04-10 01:59:53,"{""gw-2"": {""1"": ""rx_and_data_rate"", ""2"": ""blocked""}}"
2025-04-10 01:59:57,"{""gw-1"": {""1"": ""rx_and_data_rate"", ""2"": ""blocked""}}"
2025-04-10 01:59:58,"{""gw-1"": {""1"": ""blocked"", ""2"": ""rx_and_data_rate""}, ""gw-2"": {""1"": ""blocked"", ""2"": ""rx_and_data_rate""}}"
2025-04-10 02:00:00,"{""gw-1"": {""1"": ""blocked"", ""2"": ""rx_and_data_rate""}}"
2025-04-10 02:00:00,"{""gw-1"": {""1"": ""blocked"", ""2"": ""blocked""}}"
2025-04-10 02:00:00,"{""gw-2"": {""1"": ""rx_and_data_rate"", ""2"": ""blocked""}, ""gw-1"": {""1"": ""rx_and_data_rate"", ""2"": ""blocked""}}"
2025-04-10 02:00:01,"{""gw-2"": {""1"": ""blocked"", ""2"": ""rx_and_data_rate""}}"
2025-04-10 02:00:02,"{""gw-2"": {""1"": ""blocked"", ""2"": ""rx_and_data_rate""}}"
2025-04-10 02:00:02,"{""gw-2"": {""1"": ""blocked"", ""2"": ""blocked""}}"
2025-04-10 02:00:07,"{""gw-2"": {""1"": ""conflict"", ""2"": ""blocked""}}"
2025-04-10 02:00:07,"{""gw-2"": {""1"": ""conflict"", ""2"": ""rx_and_data_rate""}}"
2025-04-10 02:00:09,"{""gw-1"": {""1"": ""rx_and_data_rate"", ""2"": ""blocked""}}"
2025-04-10 02:00:09,"{""gw-1"": {""1"": ""blocked"", ""2"": ""rx_and_data_rate""}}"
2025-04-10 02:00:10,"{""gw-1"": {""1"": ""blocked"", ""2"": ""blocked""}}"
2025-04-10 02:00:10,"{""gw-1"": {""1"": ""rx_and_data_rate"", ""2"": ""blocked""}}"
2025-04-10 02:00:12,"{""gw-1"": {""1"": ""blocked"", ""2"": ""blocked""}}"
2025-04-10 02:00:14,"{""gw-1"": {""1"": ""blocked"", ""2"": ""blocked""}}"
2025-04-10 02:00:15,"{""gw-2"": {""1"": ""rx_and_data_rate"", ""2"": ""blocked""}}"
2025-04-10 02:00:15,"{""gw-1"": {""1"": ""rx_and_data_rate"", ""2"": ""blocked""}}"
2025-04-10 02:00:17,"{""gw-2"": {""1"": ""blocked"", ""2"": ""rx_and_data_rate""}, ""gw-1"": {""1"": ""blocked"", ""2"": ""rx_and_data_rate""}}"
2025-04-10 02:00:18,"{""gw-1"": {""2"": ""conflict""}}"
2025-04-10 02:00:19,"{""gw-2"": {""1"": ""blocked"", ""2"": ""rx_and_data_rate""}, ""gw-1"": {""1"": ""conflict"", ""2"": ""rx_and_data_rate""}}"
2025-04-10 02:00:26,"{""gw-1"": {""1"": ""blocked"", ""2"": ""rx_and_data_rate""}}"
2025-04-10 02:00:30,"{""gw-1"": {""1"": ""rx_and_data_rate"", ""2"": ""blocked""}, ""gw-2"": {""1"": ""rx_and_data_rate"", ""2"": ""conflict""}}"
2025-04-10 02:00:31,"{""gw-2"": {""1"": ""conflict"", ""2"": ""blocked""}, ""gw-1"": {""1"": ""conflict"", ""2"": ""blocked""}}"
2025-04-10 02:00:34,"{""gw-1"": {""1"": ""blocked"", ""2"": ""rx_and_data_rate""}}"
2025-04-10 02:00:37,"{""gw-1"": {""1"": ""blocked"", ""2"": ""rx_and_data_rate""}}"
2025-04-10 02:00:38,"{""gw-1"": {""1"": ""blocked"", ""2"": ""blocked""}}"
2025-04-10 02:00:38,"{""gw-1"": {""1"": ""blocked"", ""2"": ""rx_and_data_rate""}}"
2025-04-10 02:00:39,"{""gw-2"": {""1"": ""blocked"", ""2"": ""rx_and_data_rate""}}"
2025-04-10 02:00:39,"{""gw-1"": {""1"": ""blocked"", ""2"": ""blocked""}}"
2025-04-10 02:00:47,"{""gw-1"": {""1"": ""rx_and_data_rate"", ""2"": ""blocked""}}"
2025-04-10 02:00:47,"{""gw-1"": {""1"": ""rx_and_data_rate"", ""2"": ""blocked""}}"
2025-04-10 02:00:50,"{""gw-1"": {""1"": ""rx_and_data_rate"", ""2"": ""blocked""}}"
2025-04-10 02:00:52,"{""gw-2"": {""1"": ""blocked"", ""2"": ""rx_and_data_rate""}}"
2025-04-10 02:00:53,"{""gw-1"": {""1"": ""blocked"", ""2"": ""rx_and_data_rate""}}"
2025-04-10 02:00:54,"{""gw-1"": {""1"": ""blocked"", ""2"": ""rx_and_data_rate""}}"
2025-04-10 02:00:56,"{""gw-2"": {""1"": ""blocked"", ""2"": ""rx_and_data_rate""}}"
2025-04-10 02:00:58,"{""gw-2"": {""1"": ""blocked"", ""2"": ""rx_and_data_rate""}}"
2025-04-10 02:01:00,"{""gw-1"": {""1"": ""rx_and_data_rate"", ""2"": ""blocked""}}"
2025-04-10 02:01:00,"{""gw-1"": {""1"": ""blocked"", ""2"": ""rx_and_data_rate""}}"
2025-04-10 02:01:02,"{""gw-1"": {""1"": ""blocked"", ""2"": ""rx_and_data_rate""}}"
2025-04-10 02:01:02,"{""gw-1"": {""1"": ""rx_and_data_rate"", ""2"": ""blocked""}}"
2025-04-10 02:01:03,"{""gw-1"": {""1"": ""rx_and_data_rate"", ""2"": ""blocked""}, ""gw-2"": {""1"": ""rx_and_data_rate"", ""2"": ""blocked""}}"
2025-04-10 02:01:20,"{""gw-1"": {""1"": ""rx_and_data_rate"", ""2"": ""blocked""}}"
2025-04-10 02:01:21,"{""gw-1"": {""1"": ""rx_and_data_rate"", ""2"": ""blocked""}}"
2025-04-10 02:01:23,"{""gw-1"": {""1"": ""rx_and_data_rate"", ""2"": ""blocked""}, ""gw-2"": {""1"": ""rx_and_data_rate"", ""2"": ""blocked""}}"
2025-04-10 02:01:24,"{""gw-1"": {""1"": ""rx_and_data_rate"", ""2"": ""blocked""}, ""gw-2"": {""1"": ""rx_and_data_rate"", ""2"": ""blocked""}}"
2025-04-10 02:01:24,"{""gw-1"": {""1"": ""blocked"", ""2"": ""rx_and_data_rate""}}"
2025-04-10 02:01:25,"{""gw-2"": {""1"": ""blocked"", ""2"": ""rx_and_data_rate""}}"
2025-04-10 02:01:28,"{""gw-1"": {""1"": ""blocked"", ""2"": ""rx_and_data_rate""}}"
2025-04-10 02:01:28,"{""gw-2"": {""1"": ""rx_and_data_rate"", ""2"": ""blocked""}}"
2025-04-10 02:01:31,"{""gw-1"": {""1"": ""blocked"", ""2"": ""rx_and_data_rate""}}"
2025-04-10 02:01:34,"{""gw-2"": {""1"": ""rx_and_data_rate"", ""2"": ""blocked""}}"
2025-04-10 02:01:38,"{""gw-2"": {""1"": ""blocked"", ""2"": ""rx_and_data_rate""}}"
2025-04-10 02:01:39,"{""gw-1"": {""1"": ""rx_and_data_rate"", ""2"": ""blocked""}, ""gw-2"": {""1"": ""rx_and_data_rate"", ""2"": ""blocked""}}"
2025-04-10 02:01:44,"{""gw-2"": {""1"": ""conflict"", ""2"": ""blocked""}}"
2025-04-10 02:01:48,"{""gw-1"": {""1"": ""rx_and_data_rate"", ""2"": ""blocked""}}"
2025-04-10 02:01:49,"{""gw-1"": {""1"": ""blocked"", ""2"": ""rx_and_data_rate""}}"
2025-04-10 02:01:51,"{""gw-1"": {""1"": ""blocked"", ""2"": ""rx_and_data_rate""}}"
2025-04-10 02:01:54,"{""gw-1"": {""1"": ""rx_and_data_rate"", ""2"": ""blocked""}}"
2025-04-10 02:02:05,"{""gw-1"": {""1"": ""rx_and_data_rate"", ""2"": ""blocked""}}"
2025-04-10 02:02:05,"{""gw-1"": {""1"": ""rx_and_data_rate"", ""2"": ""blocked""}}"
2025-04-10 02:02:07,"{""gw-2"": {""1"": ""blocked"", ""2"": ""rx_and_data_rate""}}"
2025-04-10 02:02:10,"{""gw-1"": {""1"": ""rx_and_data_rate"", ""2"": ""blocked""}}"
2025-04-10 02:02:12,"{""gw-2"": {""1"": ""rx_and_data_rate"", ""2"": ""blocked""}}"
2025-04-10 02:02:16,"{""gw-2"": {""1"": ""rx_and_data_rate"", ""2"": ""conflict""}}"
2025-04-10 02:02:19,"{""gw-1"": {""1"": ""rx_and_data_rate"", ""2"": ""blocked""}}"
2025-04-10 02:02:20,"{""gw-2"": {""1"": ""blocked"", ""2"": ""rx_and_data_rate""}}"
2025-04-10 02:02:22,"{""gw-2"": {""1"": ""rx_and_data_rate"", ""2"": ""blocked""}}"
2025-04-10 02:02:23,"{""gw-2"": {""1"": ""rx_and_data_rate"", ""2"": ""blocked""}}"
2025-04-10 02:02:23,"{""gw-1"": {""1"": ""blocked"", ""2"": ""blocked""}}"
2025-04-10 02:02:23,"{""gw-2"": {""1"": ""rx_and_data_rate"", ""2"": ""blocked""}}"
2025-04-10 02:02:24,"{""gw-2"": {""1"": ""rx_and_data_rate"", ""2"": ""blocked""}, ""gw-1"": {""1"": ""rx_and_data_rate"", ""2"": ""blocked""}}"
2025-04-10 02:02:31,"{""gw-2"": {""1"": ""blocked"", ""2"": ""rx_and_data_rate""}}"
2025-04-10 02:02:34,"{""gw-2"": {""1"": ""rx_and_data_rate"", ""2"": ""conflict""}}"
2025-04-10 02:02:34,"{""gw-1"": {""1"": ""blocked"", ""2"": ""rx_and_data_rate""}}"
2025-04-10 02:02:35,"{""gw-2"": {""1"": ""conflict"", ""2"": ""rx_and_data_rate""}}"
2025-04-10 02:02:35,"{""gw-1"": {""1"": ""rx_and_data_rate"", ""2"": ""blocked""}}"
2025-04-10 02:02:38,"{""gw-2"": {""1"": ""rx_and_data_rate"", ""2"": ""blocked""}}"
2025-04-10 02:02:39,"{""gw-1"": {""1"": ""rx_and_data_rate"", ""2"": ""blocked""}}"
2025-04-10 02:02:40,"{""gw-2"": {""1"": ""rx_and_data_rate"", ""2"": ""blocked""}}"
2025-04-10 02:02:41,"{""gw-2"": {""1"": ""rx_and_data_rate"", ""2"": ""blocked""}, ""gw-1"": {""1"": ""rx_and_data_rate"", ""2"": ""blocked""}}"
2025-04-10 02:02:42,"{""gw-2"": {""1"": ""blocked"", ""2"": ""blocked""}}"
2025-04-10 02:02:47,"{""gw-2"": {""1"": ""blocked"", ""2"": ""rx_and_data_rate""}}"
2025-04-10 02:02:53,"{""gw-2"": {""1"": ""rx_and_data_rate"", ""2"": ""blocked""}, ""gw-1"": {""1"": ""rx_and_data_rate"", ""2"": ""conflict""}}"
2025-04-10 02:02:56,"{""gw-1"": {""1"": ""blocked"", ""2"": ""rx_and_data_rate""}}"
2025-04-10 02:02:58,"{""gw-2"": {""1"": ""rx_and_data_rate"", ""2"": ""blocked""}}"
2025-04-10 02:03:04,"{""gw-1"": {""1"": ""rx_and_data_rate"", ""2"": ""blocked""}}"
2025-04-10 02:03:05,"{""gw-2"": {""1"": ""blocked"", ""2"": ""blocked""}}"
2025-04-10 02:03:08,"{""gw-1"": {""1"": ""rx_and_data_rate"", ""2"": ""conflict""}, ""gw-2"": {""1"": ""rx_and_data_rate"", ""2"": ""blocked""}}"
2025-04-10 02:03:08,"{""gw-1"": {""1"": ""blocked"", ""2"": ""rx_and_data_rate""}}"
2025-04-10 02:03:08,"{""gw-2"": {""1"": ""rx_and_data_rate"", ""2"": ""blocked""}}"
2025-04-10 02:03:08,"{""gw-2"": {""1"": ""blocked"", ""2"": ""rx_and_data_rate""}}"
2025-04-10 02:03:09,"{""gw-2"": {""1"": ""blocked"", ""2"": ""blocked""}}"
2025-04-10 02:03:12,"{""gw-1"": {""1"": ""rx_and_data_rate"", ""2"": ""blocked""}}"
2025-04-10 02:03:13,"{""gw-1"": {""1"": ""blocked"", ""2"": ""rx_and_data_rate""}}"
2025-04-10 02:03:14,"{""gw-1"": {""1"": ""blocked"", ""2"": ""blocked""}}"
2025-04-10 02:03:15,"{""gw-2"": {""1"": ""rx_and_data_rate"", ""2"": ""conflict""}, ""gw-1"": {""1"": ""rx_and_data_rate"", ""2"": ""blocked""}}"
2025-04-10 02:03:18,"{""gw-1"": {""1"": ""rx_and_data_rate"", ""2"": ""blocked""}}"
2025-04-10 02:03:18,"{""gw-1"": {""1"": ""blocked"", ""2"": ""rx_and_data_rate""}}"
2025-04-10 02:03:19,"{""gw-2"": {""1"": ""blocked"", ""2"": ""blocked""}}"
2025-04-10 02:03:22,"{""gw-1"": {""1"": ""rx_and_data_rate"", ""2"": ""conflict""}, ""gw-2"": {""1"": ""rx_and_data_rate"", ""2"": ""blocked""}}"
2025-04-10 02:03:23,"{""gw-2"": {""1"": ""rx_and_data_rate"", ""2"": ""blocked""}, ""gw-1"": {""1"": ""rx_and_data_rate"", ""2"": ""blocked""}}"
2025-04-10 02:03:24,"{""gw-2"": {""1"": ""rx_and_data_rate"", ""2"": ""blocked""}}"
2025-04-10 02:03:28,"{""gw-2"": {""1"": ""conflict"", ""2"": ""rx_and_data_rate""}}"
2025-04-10 02:03:28,"{""gw-2"": {""1"": ""conflict"", ""2"": ""rx_and_data_rate""}}"
2025-04-10 02:03:29,"{""gw-1"": {""1"": ""rx_and_data_rate"", ""2"": ""blocked""}, ""gw-2"": {""1"": ""rx_and_data_rate"", ""2"": ""blocked""}}"
2025-04-10 02:03:37,"{""gw-2"": {""1"": ""rx_and_data_rate"", ""2"": ""blocked""}}"
2025-04-10 02:03:38,"{""gw-2"": {""1"": ""blocked"", ""2"": ""rx_and_data_rate""}}"
2025-04-10 02:03:39,"{""gw-2"": {""1"": ""blocked"", ""2"": ""rx_and_data_rate""}}"
2025-04-10 02:03:44,"{""gw-2"": {""1"": ""blocked"", ""2"": ""rx_and_data_rate""}}"
2025-04-10 02:03:47,"{""gw-1"": {""1"": ""rx_and_data_rate"", ""2"": ""blocked""}}"
2025-04-10 02:03:49,"{""gw-1"": {""1"": ""blocked"", ""2"": ""rx_and_data_rate""}}"
2025-04-10 02:03:50,"{""gw-2"": {""1"": ""rx_and_data_rate"", ""2"": ""blocked""}}"
2025-04-10 02:03:52,"{""gw-1"": {""1"": ""blocked"", ""2"": ""rx_and_data_rate""}}"
2025-04-10 02:03:53,"{""gw-2"": {""1"": ""rx_and_data_rate"", ""2"": ""blocked""}}"
2025-04-10 02:03:55,"{""gw-2"": {""1"": ""rx_and_data_rate"", ""2"": ""blocked""}, ""gw-1"": {""1"": ""rx_and_data_rate"", ""2"": ""blocked""}}"
2025-04-10 02:03:58,"{""gw-1"": {""1"": ""blocked"", ""2"": ""rx_and_data_rate""}}"
2025-04-10 02:03:58,"{""gw-1"": {""1"": ""rx_and_data_rate"", ""2"": ""blocked""}}"
2025-04-10 02:03:59,"{""gw-2"": {""1"": ""rx_and_data_rate"", ""2"": ""blocked""}}"
2025-04-10 02:04:04,"{""gw-2"": {""1"": ""rx_and_data_rate"", ""2"": ""blocked""}}"
2025-04-10 02:04:05,"{""gw-1"": {""1"": ""rx_and_data_rate"", ""2"": ""blocked""}}"
2025-04-10 02:04:06,"{""gw-1"": {""1"": ""rx_and_data_rate"", ""2"": ""blocked""}}"
2025-04-10 02:04:14,"{""gw-2"": {""1"": ""rx_and_data_rate"", ""2"": ""blocked""}}"
2025-04-10 02:04:16,"{""gw-1"": {""1"": ""blocked"", ""2"": ""rx_and_data_rate""}}"
2025-04-10 02:04:17,"{""gw-2"": {""1"": ""rx_and_data_rate"", ""2"": ""blocked""}}"
2025-04-10 02:04:20,"{""gw-2"": {""1"": ""rx_and_data_rate"", ""2"": ""blocked""}}"
2025-04-10 02:04:20,"{""gw-2"": {""1"": ""rx_and_data_rate"", ""2"": ""blocked""}}"
2025-04-10 02:04:20,"{""gw-2"": {""1"": ""rx_and_data_rate"", ""2"": ""blocked""}}"
2025-04-10 02:04:22,"{""gw-1"": {""1"": ""blocked"", ""2"": ""rx_and_data_rate""}}"
2025-04-10 02:04:31,"{""gw-2"": {""1"": ""blocked"", ""2"": ""rx_and_data_rate""}}"
2025-04-10 02:04:34,"{""gw-2"": {""1"": ""rx_and_data_rate"", ""2"": ""blocked""}, ""gw-1"": {""1"": ""rx_and_data_rate"", ""2"": ""blocked""}}"
2025-04-10 02:04:34,"{""gw-1"": {""1"": ""rx_and_data_rate"", ""2"": ""blocked""}}"
2025-04-10 02:04:35,"{""gw-2"": {""1"": ""blocked"", ""2"": ""rx_and_data_rate""}, ""gw-1"": {""1"": ""blocked"", ""2"": ""rx_and_data_rate""}}"
2025-04-10 02:04:37,"{""gw-2"": {""1"": ""rx_and_data_rate"", ""2"": ""blocked""}}"
2025-04-10 02:04:39,"{""gw-2"": {""1"": ""rx_and_data_rate"", ""2"": ""blocked""}}"
2025-04-10 02:04:43,"{""gw-1"": {""1"": ""blocked"", ""2"": ""rx_and_data_rate""}}"
2025-04-10 02:04:45,"{""gw-1"": {""1"": ""conflict"", ""2"": ""rx_and_data_rate""}}"
2025-04-10 02:04:49,"{""gw-1"": {""1"": ""rx_and_data_rate"", ""2"": ""blocked""}}"
2025-04-10 02:04:52,"{""gw-2"": {""1"": ""rx_and_data_rate"", ""2"": ""blocked""}}"
2025-04-10 02:04:53,"{""gw-1"": {""1"": ""rx_and_data_rate"", ""2"": ""blocked""}, ""gw-2"": {""1"": ""rx_and_data_rate"", ""2"": ""blocked""}}"
2025-04-10 02:04:56,"{""gw-2"": {""1"": ""rx_and_data_rate"", ""2"": ""blocked""}, ""gw-1"": {""1"": ""rx_and_data_rate"", ""2"": ""blocked""}}"
2025-04-10 02:04:57,"{""gw-2"": {""1"": ""blocked"", ""2"": ""rx_and_data_rate""}}"
2025-04-10 02:04:59,"{""gw-1"": {""1"": ""rx_and_data_rate"", ""2"": ""blocked""}}"
2025-04-10 02:05:02,"{""gw-2"": {""1"": ""conflict"", ""2"": ""rx_and_data_rate""}, ""gw-1"": {""1"": ""blocked"", ""2"": ""rx_and_data_rate""}}"
2025-04-10 02:05:02,"{""gw-2"": {""1"": ""rx_and_data_rate"", ""2"": ""blocked""}}"
2025-04-10 02:05:02,"{""gw-2"": {""1"": ""conflict"", ""2"": ""rx_and_data_rate""}}"
2025-04-10 02:05:06,"{""gw-2"": {""1"": ""blocked"", ""2"": ""rx_and_data_rate""}}"
2025-04-10 02:05:12,"{""gw-1"": {""1"": ""blocked"", ""2"": ""blocked""}}"
2025-04-10 02:05:15,"{""gw-1"": {""1"": ""rx_and_data_rate"", ""2"": ""blocked""}}"
2025-04-10 02:05:16,"{""gw-1"": {""1"": ""rx_and_data_rate"", ""2"": ""blocked""}}"
2025-04-10 02:05:17,"{""gw-1"": {""1"": ""rx_and_data_rate"", ""2"": ""blocked""}}"
2025-04-10 02:05:17,"{""gw-1"": {""1"": ""blocked"", ""2"": ""rx_and_data_rate""}}"
2025-04-10 02:05:20,"{""gw-1"": {""1"": ""blocked"", ""2"": ""rx_and_data_rate""}, ""gw-2"": {""1"": ""blocked"", ""2"": ""rx_and_data_rate""}}"
2025-04-10 02:05:21,"{""gw-1"": {""1"": ""rx_and_data_rate"", ""2"": ""conflict""}}"
2025-04-10 02:05:23,"{""gw-2"": {""1"": ""rx_and_data_rate"", ""2"": ""blocked""}}"
2025-04-10 02:05:26,"{""gw-1"": {""1"": ""rx_and_data_rate"", ""2"": ""blocked""}, ""gw-2"": {""1"": ""rx_and_data_rate"", ""2"": ""blocked""}}"
2025-04-10 02:05:31,"{""gw-1"": {""1"": ""blocked"", ""2"": ""rx_and_data_rate""}}"
2025-04-10 02:05:33,"{""gw-2"": {""1"": ""conflict"", ""2"": ""rx_and_data_rate""}}"
2025-04-10 02:05:35,"{""gw-1"": {""1"": ""rx_and_data_rate"", ""2"": ""conflict""}}"
2025-04-10 02:05:38,"{""gw-2"": {""1"": ""blocked"", ""2"": ""rx_and_data_rate""}}"
2025-04-10 02:05:38,"{""gw-2"": {""1"": ""rx_and_data_rate"", ""2"": ""blocked""}}"
2025-04-10 02:05:39,"{""gw-2"": {""1"": ""rx_and_data_rate"", ""2"": ""blocked""}}"
2025-04-10 02:05:41,"{""gw-2"": {""1"": ""rx_and_data_rate"", ""2"": ""blocked""}, ""gw-1"": {""1"": ""rx_and_data_rate"", ""2"": ""blocked""}}"
2025-04-10 02:05:41,"{""gw-2"": {""1"": ""blocked"", ""2"": ""rx_and_data_rate""}}"
2025-04-10 02:05:42,"{""gw-2"": {""1"": ""rx_and_data_rate"", ""2"": ""blocked""}, ""gw-1"": {""1"": ""rx_and_data_rate"", ""2"": ""blocked""}}"
2025-04-10 02:05:52,"{""gw-2"": {""1"": ""blocked"", ""2"": ""rx_and_data_rate""}}"
2025-04-10 02:05:53,"{""gw-1"": {""1"": ""rx_and_data_rate"", ""2"": ""blocked""}, ""gw-2"": {""1"": ""rx_and_data_rate"", ""2"": ""blocked""}}"
2025-04-10 02:05:55,"{""gw-1"": {""1"": ""rx_and_data_rate"", ""2"": ""blocked""}}"
2025-04-10 02:05:56,"{""gw-1"": {""1"": ""rx_and_data_rate"", ""2"": ""blocked""}}"
2025-04-10 02:06:04,"{""gw-1"": {""1"": ""conflict"", ""2"": ""rx_and_data_rate""}}"
2025-04-10 02:06:07,"{""gw-1"": {""1"": ""blocked"", ""2"": ""rx_and_data_rate""}}"
2025-04-10 02:06:07,"{""gw-2"": {""1"": ""rx_and_data_rate"", ""2"": ""blocked""}}"
2025-04-10 02:06:08,"{""gw-2"": {""1"": ""blocked"", ""2"": ""rx_and_data_rate""}}"
2025-04-10 02:06:08,"{""gw-1"": {""1"": ""rx_and_data_rate"", ""2"": ""blocked""}, ""gw-2"": {""1"": ""rx_and_data_rate"", ""2"": ""blocked""}}"
2025-04-10 02:06:10,"{""gw-1"": {""1"": ""blocked"", ""2"": ""rx_and_data_rate""}}"
2025-04-10 02:06:13,"{""gw-1"": {""1"": ""rx_and_data_rate"", ""2"": ""blocked""}}"
2025-04-10 02:06:15,"{""gw-1"": {""1"": ""blocked"", ""2"": ""rx_and_data_rate""}, ""gw-2"": {""1"": ""blocked"", ""2"": ""rx_and_data_rate""}}"
2025-04-10 02:06:15,"{""gw-1"": {""1"": ""blocked"", ""2"": ""rx_and_data_rate""}}"
2025-04-10 02:06:20,"{""gw-2"": {""1"": ""blocked"", ""2"": ""rx_and_data_rate""}}"
2025-04-10 02:06:24,"{""gw-2"": {""1"": ""conflict"", ""2"": ""rx_and_data_rate""}}"
2025-04-10 02:06:27,"{""gw-1"": {""1"": ""rx_and_data_rate"", ""2"": ""blocked""}}"
2025-04-10 02:06:27,"{""gw-2"": {""1"": ""rx_and_data_rate"", ""2"": ""blocked""}, ""gw-1"": {""1"": ""rx_and_data_rate"", ""2"": ""blocked""}}"
2025-04-10 02:06:27,"{""gw-1"": {""1"": ""blocked"", ""2"": ""rx_and_data_rate""}}"
2025-04-10 02:06:29,"{""gw-1"": {""1"": ""rx_and_data_rate"", ""2"": ""blocked""}}"
2025-04-10 02:06:30,"{""gw-2"": {""1"": ""rx_and_data_rate"", ""2"": ""blocked""}}"
2025-04-10 02:06:31,"{""gw-1"": {""1"": ""rx_and_data_rate"", ""2"": ""blocked""}}"
2025-04-10 02:06:32,"{""gw-1"": {""1"": ""rx_and_data_rate"", ""2"": ""blocked""}}"
2025-04-10 02:06:33,"{""gw-2"": {""1"": ""blocked"", ""2"": ""rx_and_data_rate""}}"
2025-04-10 02:06:33,"{""gw-2"": {""1"": ""rx_and_data_rate"", ""2"": ""blocked""}}"
2025-04-10 02:06:35,"{""gw-1"": {""1"": ""blocked"", ""2"": ""conflict""}}"
2025-04-10 02:06:37,"{""gw-2"": {""1"": ""rx_and_data_rate"", ""2"": ""blocked""}}"
2025-04-10 02:06:38,"{""gw-1"": {""1"": ""blocked"", ""2"": ""blocked""}}"
2025-04-10 02:06:39,"{""gw-1"": {""1"": ""blocked"", ""2"": ""rx_and_data_rate""}}"
2025-04-10 02:06:39,"{""gw-1"": {""1"": ""rx_and_data_rate"", ""2"": ""blocked""}}"
2025-04-10 02:06:41,"{""gw-1"": {""1"": ""blocked"", ""2"": ""blocked""}}"
2025-04-10 02:06:43,"{""gw-1"": {""1"": ""rx_and_data_rate"", ""2"": ""blocked""}}"
2025-04-10 02:06:44,"{""gw-2"": {""1"": ""rx_and_data_rate"", ""2"": ""blocked""}}"
2025-04-10 02:06:45,"{""gw-1"": {""1"": ""blocked"", ""2"": ""rx_and_data_rate""}}"
2025-04-10 02:06:51,"{""gw-1"": {""1"": ""blocked"", ""2"": ""rx_and_data_rate""}}"
2025-04-10 02:06:51,"{""gw-1"": {""1"": ""blocked"", ""2"": ""rx_and_data_rate""}}"
2025-04-10 02:06:52,"{""gw-2"": {""1"": ""rx_and_data_rate"", ""2"": ""blocked""}}"
2025-04-10 02:06:54,"{""gw-2"": {""1"": ""blocked"", ""2"": ""rx_and_data_rate""}}"
2025-04-10 02:06:55,"{""gw-2"": {""1"": ""rx_and_data_rate"", ""2"": ""blocked""}}"
2025-04-10 02:06:56,"{""gw-2"": {""1"": ""blocked"", ""2"": ""rx_and_data_rate""}}"
2025-04-10 02:07:02,"{""gw-1"": {""1"": ""rx_and_data_rate"", ""2"": ""blocked""}}"
2025-04-10 02:07:07,"{""gw-2"": {""1"": ""rx_and_data_rate"", ""2"": ""blocked""}}"
2025-04-10 02:07:11,"{""gw-2"": {""1"": ""blocked"", ""2"": ""blocked""}}"
2025-04-10 02:07:12,"{""gw-1"": {""1"": ""blocked"", ""2"": ""rx_and_data_rate""}}"
2025-04-10 02:07:14,"{""gw-1"": {""1"": ""rx_and_data_rate"", ""2"": ""blocked""}}"
2025-04-10 02:07:19,"{""gw-1"": {""1"": ""blocked"", ""2"": ""rx_and_data_rate""}}"
2025-04-10 02:07:19,"{""gw-1"": {""1"": ""blocked"", ""2"": ""rx_and_data_rate""}}"
2025-04-10 02:07:19,"{""gw-2"": {""1"": ""rx_and_data_rate"", ""2"": ""blocked""}, ""gw-1"": {""1"": ""rx_and_data_rate"", ""2"": ""blocked""}}"
2025-04-10 02:07:19,"{""gw-2"": {""1"": ""rx_and_data_rate"", ""2"": ""blocked""}}"
2025-04-10 02:07:20,"{""gw-1"": {""1"": ""blocked"", ""2"": ""rx_and_data_rate""}}"
2025-04-10 02:07:20,"{""gw-2"": {""1"": ""rx_and_data_rate"", ""2"": ""blocked""}}"
2025-04-10 02:07:21,"{""gw-2"": {""1"": ""blocked"", ""2"": ""rx_and_data_rate""}}"
2025-04-10 02:07:22,"{""gw-1"": {""1"": ""rx_and_data_rate"", ""2"": ""blocked""}}"
2025-04-10 02:07:22,"{""gw-1"": {""1"": ""rx_and_data_rate"", ""2"": ""blocked""}}"
2025-04-10 02:07:27,"{""gw-2"": {""1"": ""blocked"", ""2"": ""rx_and_data_rate""}}"
2025-04-10 02:07:27,"{""gw-1"": {""1"": ""blocked"", ""2"": ""rx_and_data_rate""}}"
2025-04-10 02:07:29,"{""gw-2"": {""1"": ""rx_and_data_rate"", ""2"": ""blocked""}}"
2025-04-10 02:07:30,"{""gw-1"": {""1"": ""blocked"", ""2"": ""rx_and_data_rate""}}"
2025-04-10 02:07:30,"{""gw-1"": {""1"": ""rx_and_data_rate"", ""2"": ""conflict""}}"
2025-04-10 02:07:31,"{""gw-1"": {""1"": ""conflict"", ""2"": ""blocked""}}"
2025-04-10 02:07:35,"{""gw-1"": {""1"": ""rx_and_data_rate"", ""2"": ""blocked""}}"
2025-04-10 02:07:36,"{""gw-1"": {""1"": ""rx_and_data_rate"", ""2"": ""blocked""}}"
2025-04-10 02:07:41,"{""gw-2"": {""1"": ""blocked"", ""2"": ""conflict""}}"
2025-04-10 02:07:42,"{""gw-2"": {""1"": ""conflict"", ""2"": ""rx_and_data_rate""}}"
2025-04-10 02:07:43,"{""gw-1"": {""1"": ""conflict"", ""2"": ""rx_and_data_rate""}}"
2025-04-10 02:07:45,"{""gw-2"": {""1"": ""rx_and_data_rate"", ""2"": ""blocked""}}"
2025-04-10 02:07:46,"{""gw-2"": {""1"": ""rx_and_data_rate"", ""2"": ""blocked""}}"
2025-04-10 02:07:46,"{""gw-2"": {""1"": ""rx_and_data_rate"", ""2"": ""blocked""}}"
2025-04-10 02:07:48,"{""gw-1"": {""1"": ""rx_and_data_rate"", ""2"": ""blocked""}, ""gw-2"": {""1"": ""rx_and_data_rate"", ""2"": ""blocked""}}"
2025-04-10 02:07:50,"{""gw-2"": {""1"": ""rx_and_data_rate"", ""2"": ""blocked""}, ""gw-1"": {""1"": ""rx_and_data_rate"", ""2"": ""blocked""}}"
2025-04-10 02:07:50,"{""gw-2"": {""1"": ""rx_and_data_rate"", ""2"": ""blocked""}, ""gw-1"": {""1"": ""rx_and_data_rate"", ""2"": ""blocked""}}"
2025-04-10 02:07:53,"{""gw-2"": {""1"": ""blocked"", ""2"": ""rx_and_data_rate""}}"
2025-04-10 02:07:54,"{""gw-2"": {""1"": ""conflict"", ""2"": ""blocked""}}"
2025-04-10 02:07:56,"{""gw-2"": {""1"": ""blocked"", ""2"": ""rx_and_data_rate""}}"
2025-04-10 02:07:57,"{""gw-2"": {""1"": ""blocked"", ""2"": ""rx_and_data_rate""}}"
2025-04-10 02:07:57,"{""gw-2"": {""1"": ""rx_and_data_rate"", ""2"": ""blocked""}}"
2025-04-10 02:07:58,"{""gw-2"": {""1"": ""rx_and_data_rate"", ""2"": ""blocked""}}"
2025-04-10 02:07:59,"{""gw-1"": {""1"": ""rx_and_data_rate"", ""2"": ""blocked""}, ""gw-2"": {""1"": ""rx_and_data_rate"", ""2"": ""blocked""}}"
2025-04-10 02:07:59,"{""gw-1"": {""1"": ""rx_and_data_rate"", ""2"": ""blocked""}}"
2025-04-10 02:08:01,"{""gw-2"": {""1"": ""blocked"", ""2"": ""blocked""}}"
2025-04-10 02:08:02,"{""gw-1"": {""1"": ""rx_and_data_rate"", ""2"": ""blocked""}}"
2025-04-10 02:08:05,"{""gw-2"": {""1"": ""blocked"", ""2"": ""rx_and_data_rate""}}"
2025-04-10 02:08:06,"{""gw-2"": {""1"": ""conflict"", ""2"": ""blocked""}}"
2025-04-10 02:08:14,"{""gw-1"": {""1"": ""rx_and_data_rate"", ""2"": ""blocked""}}"
2025-04-10 02:08:15,"{""gw-2"": {""1"": ""rx_and_data_rate"", ""2"": ""blocked""}}"
2025-04-10 02:08:16,"{""gw-2"": {""1"": ""rx_and_data_rate"", ""2"": ""blocked""}}"
2025-04-10 02:08:17,"{""gw-2"": {""1"": ""conflict"", ""2"": ""rx_and_data_rate""}}"
2025-04-10 02:08:18,"{""gw-2"": {""1"": ""rx_and_data_rate"", ""2"": ""blocked""}}"
2025-04-10 02:08:18,"{""gw-2"": {""1"": ""conflict"", ""2"": ""rx_and_data_rate""}}"
2025-04-10 02:08:23,"{""gw-2"": {""1"": ""rx_and_data_rate"", ""2"": ""blocked""}}"
2025-04-10 02:08:23,"{""gw-1"": {""1"": ""blocked"", ""2"": ""rx_and_data_rate""}, ""gw-2"": {""1"": ""blocked"", ""2"": ""rx_and_data_rate""}}"
2025-04-10 02:08:25,"{""gw-2"": {""1"": ""blocked"", ""2"": ""rx_and_data_rate""}}"
2025-04-10 02:08:27,"{""gw-1"": {""1"": ""blocked"", ""2"": ""rx_and_data_rate""}}"
2025-04-10 02:08:29,"{""gw-2"": {""1"": ""blocked"", ""2"": ""rx_and_data_rate""}, ""gw-1"": {""1"": ""blocked"", ""2"": ""rx_and_data_rate""}}"
2025-04-10 02:08:29,"{""gw-2"": {""1"": ""blocked"", ""2"": ""rx_and_data_rate""}, ""gw-1"": {""1"": ""blocked"", ""2"": ""rx_and_data_rate""}}"
2025-04-10 02:08:29,"{""gw-1"": {""1"": ""blocked"", ""2"": ""rx_and_data_rate""}}"
2025-04-10 02:08:36,"{""gw-2"": {""1"": ""rx_and_data_rate"", ""2"": ""blocked""}, ""gw-1"": {""1"": ""rx_and_data_rate"", ""2"": ""blocked""}}"
2025-04-10 02:08:36,"{""gw-1"": {""1"": ""rx_and_data_rate"", ""2"": ""blocked""}, ""gw-2"": {""1"": ""rx_and_data_rate"", ""2"": ""blocked""}}"
2025-04-10 02:08:38,"{""gw-2"": {""1"": ""blocked"", ""2"": ""rx_and_data_rate""}}"
2025-04-10 02:08:41,"{""gw-2"": {""1"": ""rx_and_data_rate"", ""2"": ""blocked""}}"
2025-04-10 02:08:42,"{""gw-1"": {""1"": ""rx_and_data_rate"", ""2"": ""blocked""}}"
2025-04-10 02:08:44,"{""gw-1"": {""1"": ""blocked"", ""2"": ""rx_and_data_rate""}}"
2025-04-10 02:08:45,"{""gw-2"": {""1"": ""blocked"", ""2"": ""rx_and_data_rate""}}"
2025-04-10 02:08:56,"{""gw-2"": {""1"": ""blocked"", ""2"": ""rx_and_data_rate""}}"
2025-04-10 02:08:58,"{""gw-1"": {""1"": ""rx_and_data_rate"", ""2"": ""blocked""}}"
2025-04-10 02:08:59,"{""gw-2"": {""1"": ""blocked"", ""2"": ""rx_and_data_rate""}, ""gw-1"": {""1"": ""blocked"", ""2"": ""rx_and_data_rate""}}"
2025-04-10 02:08:59,"{""gw-1"": {""1"": ""blocked"", ""2"": ""blocked""}}"
2025-04-10 02:09:08,"{""gw-1"": {""1"": ""rx_and_data_rate"", ""2"": ""blocked""}}"
2025-04-10 02:09:09,"{""gw-2"": {""1"": ""blocked"", ""2"": ""rx_and_data_rate""}}"
2025-04-10 02:09:10,"{""gw-2"": {""1"": ""rx_and_data_rate"", ""2"": ""blocked""}}"
2025-04-10 02:09:14,"{""gw-2"": {""1"": ""conflict"", ""2"": ""rx_and_data_rate""}}"
2025-04-10 02:09:14,"{""gw-2"": {""1"": ""blocked"", ""2"": ""rx_and_data_rate""}}"
2025-04-10 02:09:14,"{""gw-2"": {""1"": ""blocked"", ""2"": ""conflict""}}"
2025-04-10 02:09:19,"{""gw-1"": {""1"": ""rx_and_data_rate"", ""2"": ""conflict""}}"
2025-04-10 02:09:20,"{""gw-1"": {""1"": ""conflict"", ""2"": ""blocked""}, ""gw-2"": {""1"": ""blocked"", ""2"": ""blocked""}}"
2025-04-10 02:09:20,"{""gw-1"": {""1"": ""rx_and_data_rate"", ""2"": ""blocked""}}"
2025-04-10 02:09:21,"{""gw-2"": {""1"": ""rx_and_data_rate"", ""2"": ""blocked""}, ""gw-1"": {""1"": ""rx_and_data_rate"", ""2"": ""blocked""}}"
2025-04-10 02:09:21,"{""gw-2"": {""1"": ""rx_and_data_rate"", ""2"": ""blocked""}}"
2025-04-10 02:09:22,"{""gw-2"": {""1"": ""rx_and_data_rate"", ""2"": ""blocked""}}"
2025-04-10 02:09:24,"{""gw-2"": {""1"": ""rx_and_data_rate"", ""2"": ""blocked""}}"
2025-04-10 02:09:25,"{""gw-2"": {""1"": ""blocked"", ""2"": ""blocked""}}"
2025-04-10 02:09:25,"{""gw-1"": {""1"": ""rx_and_data_rate"", ""2"": ""blocked""}, ""gw-2"": {""1"": ""rx_and_data_rate"", ""2"": ""blocked""}}"
2025-04-10 02:09:28,"{""gw-1"": {""1"": ""rx_and_data_rate"", ""2"": ""blocked""}}"
2025-04-10 02:09:29,"{""gw-1"": {""1"": ""rx_and_data_rate"", ""2"": ""blocked""}}"
2025-04-10 02:09:32,"{""gw-1"": {""1"": ""blocked"", ""2"": ""rx_and_data_rate""}}"
2025-04-10 02:09:53,"{""gw-1"": {""1"": ""blocked"", ""2"": ""rx_and_data_rate""}, ""gw-2"": {""1"": ""blocked"", ""2"": ""rx_and_data_rate""}}"
2025-04-10 02:09:53,"{""gw-2"": {""1"": ""blocked"", ""2"": ""rx_and_data_rate""}}"
2025-04-10 02:09:57,"{""gw-1"": {""1"": ""rx_and_data_rate"", ""2"": ""blocked""}}"
2025-04-10 02:09:58,"{""gw-2"": {""1"": ""blocked"", ""2"": ""rx_and_data_rate""}}"
2025-04-10 02:09:59,"{""gw-1"": {""1"": ""rx_and_data_rate"", ""2"": ""blocked""}, ""gw-2"": {""1"": ""rx_and_data_rate"", ""2"": ""blocked""}}"
2025-04-10 02:09:59,"{""gw-1"": {""1"": ""rx_and_data_rate"", ""2"": ""blocked""}}"
2025-04-10 02:10:08,"{""gw-2"": {""1"": ""rx_and_data_rate"", ""2"": ""blocked""}, ""gw-1"": {""1"": ""rx_and_data_rate"", ""2"": ""blocked""}}"
2025-04-10 02:10:08,"{""gw-2"": {""1"": ""rx_and_data_rate"", ""2"": ""blocked""}}"
2025-04-10 02:10:10,"{""gw-1"": {""1"": ""rx_and_data_rate"", ""2"": ""blocked""}}"
2025-04-10 02:10:13,"{""gw-1"": {""1"": ""rx_and_data_rate"", ""2"": ""blocked""}}"
2025-04-10 02:10:16,"{""gw-1"": {""1"": ""blocked"", ""2"": ""rx_and_data_rate""}}"
2025-04-10 02:10:18,"{""gw-1"": {""1"": ""blocked"", ""2"": ""rx_and_data_rate""}}"
2025-04-10 02:10:19,"{""gw-2"": {""1"": ""blocked"", ""2"": ""rx_and_data_rate""}}"
2025-04-10 02:10:19,"{""gw-2"": {""1"": ""rx_and_data_rate"", ""2"": ""blocked""}, ""gw-1"": {""1"": ""rx_and_data_rate"", ""2"": ""conflict""}}"
2025-04-10 02:10:19,"{""gw-1"": {""1"": ""rx_and_data_rate"", ""2"": ""blocked""}}"
2025-04-10 02:10:21,"{""gw-2"": {""1"": ""rx_and_data_rate"", ""2"": ""blocked""}}"
2025-04-10 02:10:21,"{""gw-2"": {""1"": ""rx_and_data_rate"", ""2"": ""blocked""}}"
2025-04-10 02:10:23,"{""gw-1"": {""1"": ""rx_and_data_rate"", ""2"": ""blocked""}}"
2025-04-10 02:10:23,"{""gw-2"": {""1"": ""blocked"", ""2"": ""rx_and_data_rate""}}"
2025-04-10 02:10:23,"{""gw-2"": {""1"": ""rx_and_data_rate"", ""2"": ""blocked""}, ""gw-1"": {""1"": ""rx_and_data_rate"", ""2"": ""blocked""}}"
2025-04-10 02:10:24,"{""gw-2"": {""1"": ""rx_and_data_rate"", ""2"": ""blocked""}}"
2025-04-10 02:10:24,"{""gw-2"": {""1"": ""blocked"", ""2"": ""blocked""}}"
2025-04-10 02:10:25,"{""gw-2"": {""1"": ""rx_and_data_rate"", ""2"": ""blocked""}, ""gw-1"": {""1"": ""rx_and_data_rate"", ""2"": ""blocked""}}"
2025-04-10 02:10:32,"{""gw-1"": {""1"": ""conflict"", ""2"": ""blocked""}, ""gw-2"": {""1"": ""conflict"", ""2"": ""conflict""}}"
2025-04-10 02:10:32,"{""gw-1"": {""1"": ""conflict"", ""2"": ""rx_and_data_rate""}}"
2025-04-10 02:10:34,"{""gw-1"": {""1"": ""rx_and_data_rate"", ""2"": ""blocked""}}"
2025-04-10 02:10:37,"{""gw-2"": {""1"": ""blocked"", ""2"": ""rx_and_data_rate""}}"
2025-04-10 02:10:38,"{""gw-1"": {""1"": ""blocked"", ""2"": ""rx_and_data_rate""}, ""gw-2"": {""1"": ""blocked"", ""2"": ""rx_and_data_rate""}}"
2025-04-10 02:10:38,"{""gw-2"": {""1"": ""blocked"", ""2"": ""rx_and_data_rate""}, ""gw-1"": {""1"": ""blocked"", ""2"": ""rx_and_data_rate""}}"
2025-04-10 02:10:38,"{""gw-1"": {""1"": ""rx_and_data_rate"", ""2"": ""blocked""}}"
2025-04-10 02:10:39,"{""gw-2"": {""1"": ""rx_and_data_rate"", ""2"": ""blocked""}}"
2025-04-10 02:10:39,"{""gw-1"": {""1"": ""rx_and_data_rate"", ""2"": ""blocked""}, ""gw-2"": {""1"": ""rx_and_data_rate"", ""2"": ""blocked""}}"
2025-04-10 02:10:54,"{""gw-1"": {""1"": ""blocked"", ""2"": ""rx_and_data_rate""}}"
2025-04-10 02:10:54,"{""gw-2"": {""1"": ""rx_and_data_rate"", ""2"": ""blocked""}}"
2025-04-10 02:10:54,"{""gw-2"": {""1"": ""rx_and_data_rate"", ""2"": ""blocked""}}"
2025-04-10 02:10:59,"{""gw-2"": {""1"": ""rx_and_data_rate"", ""2"": ""blocked""}}"
2025-04-10 02:11:03,"{""gw-2"": {""1"": ""rx_and_data_rate"", ""2"": ""blocked""}, ""gw-1"": {""1"": ""rx_and_data_rate"", ""2"": ""blocked""}}"
2025-04-10 02:11:03,"{""gw-2"": {""1"": ""rx_and_data_rate"", ""2"": ""blocked""}, ""gw-1"": {""1"": ""rx_and_data_rate"", ""2"": ""blocked""}}"
2025-04-10 02:11:05,"{""gw-2"": {""1"": ""rx_and_data_rate"", ""2"": ""blocked""}}"
2025-04-10 02:11:06,"{""gw-1"": {""1"": ""rx_and_data_rate"", ""2"": ""blocked""}}"
2025-04-10 02:11:06,"{""gw-1"": {""1"": ""rx_and_data_rate"", ""2"": ""blocked""}, ""gw-2"": {""1"": ""rx_and_data_rate"", ""2"": ""blocked""}}"
2025-04-10 02:11:07,"{""gw-1"": {""1"": ""rx_and_data_rate"", ""2"": ""blocked""}}"
2025-04-10 02:11:09,"{""gw-2"": {""1"": ""blocked"", ""2"": ""rx_and_data_rate""}}"
2025-04-10 02:11:10,"{""gw-2"": {""1"": ""blocked"", ""2"": ""rx_and_data_rate""}, ""gw-1"": {""1"": ""blocked"", ""2"": ""rx_and_data_rate""}}"
2025-04-10 02:11:10,"{""gw-1"": {""1"": ""blocked"", ""2"": ""rx_and_data_rate""}}"
2025-04-10 02:11:15,"{""gw-1"": {""1"": ""conflict"", ""2"": ""rx_and_data_rate""}}"
2025-04-10 02:11:20,"{""gw-2"": {""1"": ""rx_and_data_rate"", ""2"": ""blocked""}}"
2025-04-10 02:11:20,"{""gw-1"": {""1"": ""blocked"", ""2"": ""blocked""}}"
2025-04-10 02:11:23,"{""gw-2"": {""1"": ""blocked"", ""2"": ""rx_and_data_rate""}}"
2025-04-10 02:11:25,"{""gw-1"": {""1"": ""rx_and_data_rate"", ""2"": ""blocked""}}"
2025-04-10 02:11:29,"{""gw-1"": {""1"": ""blocked"", ""2"": ""rx_and_data_rate""}}"
2025-04-10 02:11:38,"{""gw-1"": {""1"": ""rx_and_data_rate"", ""2"": ""conflict""}}"
2025-04-10 02:11:40,"{""gw-1"": {""1"": ""conflict"", ""2"": ""rx_and_data_rate""}}"
2025-04-10 02:11:47,"{""gw-2"": {""1"": ""rx_and_data_rate"", ""2"": ""blocked""}}"
2025-04-10 02:11:48,"{""gw-1"": {""1"": ""blocked"", ""2"": ""blocked""}}"
2025-04-10 02:11:48,"{""gw-2"": {""1"": ""blocked"", ""2"": ""rx_and_data_rate""}, ""gw-1"": {""1"": ""blocked"", ""2"": ""rx_and_data_rate""}}"
2025-04-10 02:11:48,"{""gw-2"": {""1"": ""rx_and_data_rate"", ""2"": ""blocked""}}"
2025-04-10 02:11:55,"{""gw-1"": {""1"": ""blocked"", ""2"": ""blocked""}}"
2025-04-10 02:12:01,"{""gw-1"": {""1"": ""rx_and_data_rate"", ""2"": ""blocked""}}"
2025-04-10 02:12:02,"{""gw-2"": {""1"": ""rx_and_data_rate"", ""2"": ""blocked""}}"
2025-04-10 02:12:05,"{""gw-1"": {""1"": ""rx_and_data_rate"", ""2"": ""blocked""}}"
2025-04-10 02:12:09,"{""gw-2"": {""1"": ""rx_and_data_rate"", ""2"": ""blocked""}, ""gw-1"": {""1"": ""rx_and_data_rate"", ""2"": ""blocked""}}"
2025-04-10 02:12:10,"{""gw-1"": {""1"": ""blocked"", ""2"": ""rx_and_data_rate""}}"
2025-04-10 02:12:10,"{""gw-1"": {""1"": ""blocked"", ""2"": ""rx_and_data_rate""}, ""gw-2"": {""1"": ""blocked"", ""2"": ""rx_and_data_rate""}}"
2025-04-10 02:12:11,"{""gw-2"": {""1"": ""blocked"", ""2"": ""blocked""}}"
2025-04-10 02:12:12,"{""gw-1"": {""1"": ""blocked"", ""2"": ""blocked""}}"
2025-04-10 02:12:13,"{""gw-2"": {""1"": ""blocked"", ""2"": ""rx_and_data_rate""}}"
2025-04-10 02:12:15,"{""gw-2"": {""1"": ""rx_and_data_rate"", ""2"": ""blocked""}}"
2025-04-10 02:12:18,"{""gw-1"": {""1"": ""conflict"", ""2"": ""rx_and_data_rate""}}"
2025-04-10 02:12:18,"{""gw-2"": {""1"": ""rx_and_data_rate"", ""2"": ""conflict""}}"
2025-04-10 02:12:18,"{""gw-2"": {""1"": ""blocked"", ""2"": ""rx_and_data_rate""}}"
2025-04-10 02:12:21,"{""gw-1"": {""1"": ""rx_and_data_rate"", ""2"": ""blocked""}}"
2025-04-10 02:12:23,"{""gw-1"": {""1"": ""blocked"", ""2"": ""rx_and_data_rate""}}"
2025-04-10 02:12:23,"{""gw-2"": {""1"": ""blocked"", ""2"": ""rx_and_data_rate""}}"
2025-04-10 02:12:24,"{""gw-2"": {""1"": ""rx_and_data_rate"", ""2"": ""blocked""}}"
2025-04-10 02:12:24,"{""gw-2"": {""1"": ""rx_and_data_rate"", ""2"": ""blocked""}}"
2025-04-10 02:12:24,"{""gw-1"": {""1"": ""rx_and_data_rate"", ""2"": ""blocked""}}"
2025-04-10 02:12:25,"{""gw-1"": {""1"": ""rx_and_data_rate"", ""2"": ""blocked""}, ""gw-2"": {""1"": ""rx_and_data_rate"", ""2"": ""blocked""}}"
2025-04-10 02:12:27,"{""gw-1"": {""1"": ""rx_and_data_rate"", ""2"": ""blocked""}, ""gw-2"": {""1"": ""rx_and_data_rate"", ""2"": ""blocked""}}"
2025-04-10 02:12:29,"{""gw-1"": {""1"": ""blocked"", ""2"": ""rx_and_data_rate""}, ""gw-2"": {""1"": ""blocked"", ""2"": ""rx_and_data_rate""}}"
2025-04-10 02:12:31,"{""gw-1"": {""1"": ""blocked"", ""2"": ""rx_and_data_rate""}}"
2025-04-10 02:12:34,"{""gw-2"": {""1"": ""rx_and_data_rate"", ""2"": ""conflict""}}"
2025-04-10 02:12:39,"{""gw-1"": {""1"": ""conflict"", ""2"": ""rx_and_data_rate""}}"
2025-04-10 02:12:43,"{""gw-2"": {""1"": ""rx_and_data_rate"", ""2"": ""blocked""}}"
2025-04-10 02:12:43,"{""gw-1"": {""1"": ""rx_and_data_rate"", ""2"": ""blocked""}, ""gw-2"": {""1"": ""rx_and_data_rate"", ""2"": ""blocked""}}"
2025-04-10 02:12:47,"{""gw-1"": {""1"": ""blocked"", ""2"": ""blocked""}}"
2025-04-10 02:12:49,"{""gw-1"": {""1"": ""rx_and_data_rate"", ""2"": ""blocked""}}"
2025-04-10 02:12:53,"{""gw-2"": {""1"": ""blocked"", ""2"": ""rx_and_data_rate""}}"
2025-04-10 02:12:53,"{""gw-2"": {""1"": ""blocked"", ""2"": ""rx_and_data_rate""}, ""gw-1"": {""1"": ""blocked"", ""2"": ""rx_and_data_rate""}}"
2025-04-10 02:12:58,"{""gw-1"": {""1"": ""rx_and_data_rate"", ""2"": ""conflict""}, ""gw-2"": {""1"": ""rx_and_data_rate"", ""2"": ""conflict""}}"
2025-04-10 02:13:02,"{""gw-1"": {""1"": ""blocked"", ""2"": ""blocked""}}"
2025-04-10 02:13:03,"{""gw-1"": {""1"": ""blocked"", ""2"": ""blocked""}}"
2025-04-10 02:13:04,"{""gw-1"": {""1"": ""rx_and_data_rate"", ""2"": ""blocked""}}"
2025-04-10 02:13:05,"{""gw-2"": {""1"": ""rx_and_data_rate"", ""2"": ""blocked""}}"
2025-04-10 02:13:05,"{""gw-2"": {""1"": ""rx_and_data_rate"", ""2"": ""blocked""}, ""gw-1"": {""1"": ""rx_and_data_rate"", ""2"": ""blocked""}}"
2025-04-10 02:13:10,"{""gw-2"": {""1"": ""rx_and_data_rate"", ""2"": ""blocked""}}"
2025-04-10 02:13:10,"{""gw-2"": {""1"": ""blocked"", ""2"": ""rx_and_data_rate""}}"
2025-04-10 02:13:10,"{""gw-2"": {""1"": ""blocked"", ""2"": ""rx_and_data_rate""}, ""gw-1"": {""1"": ""blocked"", ""2"": ""rx_and_data_rate""}}"
2025-04-10 02:13:11,"{""gw-2"": {""1"": ""rx_and_data_rate"", ""2"": ""conflict""}}"
2025-04-10 02:13:12,"{""gw-1"": {""1"": ""conflict"", ""2"": ""rx_and_data_rate""}, ""gw-2"": {""1"": ""conflict"", ""2"": ""rx_and_data_rate""}}"
2025-04-10 02:13:14,"{""gw-2"": {""1"": ""blocked"", ""2"": ""blocked""}}"
2025-04-10 02:13:15,"{""gw-1"": {""1"": ""rx_and_data_rate"", ""2"": ""blocked""}}"
2025-04-10 02:13:16,"{""gw-2"": {""1"": ""rx_and_data_rate"", ""2"": ""blocked""}, ""gw-1"": {""1"": ""rx_and_data_rate"", ""2"": ""blocked""}}"
2025-04-10 02:13:18,"{""gw-1"": {""1"": ""rx_and_data_rate"", ""2"": ""blocked""}, ""gw-2"": {""1"": ""rx_and_data_rate"", ""2"": ""blocked""}}"
2025-04-10 02:13:19,"{""gw-2"": {""1"": ""rx_and_data_rate"", ""2"": ""blocked""}}"
2025-04-10 02:13:23,"{""gw-2"": {""1"": ""blocked"", ""2"": ""rx_and_data_rate""}}"
2025-04-10 02:13:31,"{""gw-2"": {""1"": ""blocked"", ""2"": ""rx_and_data_rate""}, ""gw-1"": {""1"": ""blocked"", ""2"": ""rx_and_data_rate""}}"
2025-04-10 02:13:32,"{""gw-2"": {""1"": ""rx_and_data_rate"", ""2"": ""blocked""}}"
2025-04-10 02:13:34,"{""gw-2"": {""1"": ""rx_and_data_rate"", ""2"": ""blocked""}}"
2025-04-10 02:13:34,"{""gw-1"": {""1"": ""blocked"", ""2"": ""rx_and_data_rate""}}"
2025-04-10 02:13:35,"{""gw-1"": {""1"": ""rx_and_data_rate"", ""2"": ""blocked""}}"
2025-04-10 02:13:42,"{""gw-1"": {""1"": ""blocked"", ""2"": ""rx_and_data_rate""}}"
2025-04-10 02:13:43,"{""gw-2"": {""1"": ""rx_and_data_rate"", ""2"": ""blocked""}}"
2025-04-10 02:13:45,"{""gw-2"": {""1"": ""blocked"", ""2"": ""rx_and_data_rate""}}"
2025-04-10 02:13:55,"{""gw-1"": {""1"": ""blocked"", ""2"": ""rx_and_data_rate""}}"
2025-04-10 02:13:57,"{""gw-1"": {""1"": ""blocked"", ""2"": ""rx_and_data_rate""}}"
2025-04-10 02:13:59,"{""gw-2"": {""1"": ""blocked"", ""2"": ""rx_and_data_rate""}}"
2025-04-10 02:14:00,"{""gw-2"": {""1"": ""rx_and_data_rate"", ""2"": ""blocked""}}"
2025-04-10 02:14:02,"{""gw-2"": {""1"": ""blocked"", ""2"": ""rx_and_data_rate""}}"
2025-04-10 02:14:03,"{""gw-2"": {""1"": ""blocked"", ""2"": ""blocked""}, ""gw-1"": {""1"": ""conflict"", ""2"": ""conflict""}}"
2025-04-10 02:14:07,"{""gw-2"": {""1"": ""blocked"", ""2"": ""rx_and_data_rate""}}"
2025-04-10 02:14:15,"{""gw-1"": {""1"": ""rx_and_data_rate"", ""2"": ""conflict""}, ""gw-2"": {""1"": ""rx_and_data_rate"", ""2"": ""blocked""}}"
2025-04-10 02:14:18,"{""gw-2"": {""1"": ""rx_and_data_rate"", ""2"": ""blocked""}}"
2025-04-10 02:14:19,"{""gw-1"": {""1"": ""rx_and_data_rate"", ""2"": ""blocked""}}"
2025-04-10 02:14:21,"{""gw-2"": {""1"": ""rx_and_data_rate"", ""2"": ""blocked""}}"
2025-04-10 02:14:21,"{""gw-1"": {""1"": ""blocked"", ""2"": ""rx_and_data_rate""}}"
2025-04-10 02:14:23,"{""gw-1"": {""1"": ""rx_and_data_rate"", ""2"": ""blocked""}, ""gw-2"": {""1"": ""rx_and_data_rate"", ""2"": ""blocked""}}"
2025-04-10 02:14:32,"{""gw-2"": {""1"": ""blocked"", ""2"": ""rx_and_data_rate""}}"
2025-04-10 02:14:38,"{""gw-1"": {""1"": ""blocked"", ""2"": ""rx_and_data_rate""}, ""gw-2"": {""1"": ""blocked"", ""2"": ""rx_and_data_rate""}}"
2025-04-10 02:14:39,"{""gw-1"": {""1"": ""blocked"", ""2"": ""rx_and_data_rate""}}"
2025-04-10 02:14:39,"{""gw-1"": {""1"": ""rx_and_data_rate"", ""2"": ""blocked""}}"
2025-04-10 02:14:44,"{""gw-2"": {""1"": ""rx_and_data_rate"", ""2"": ""conflict""}, ""gw-1"": {""1"": ""rx_and_data_rate"", ""2"": ""conflict""}}"
2025-04-10 02:14:49,"{""gw-1"": {""1"": ""rx_and_data_rate"", ""2"": ""blocked""}}"
2025-04-10 02:14:49,"{""gw-1"": {""1"": ""rx_and_data_rate"", ""2"": ""blocked""}, ""gw-2"": {""1"": ""rx_and_data_rate"", ""2"": ""blocked""}}"
2025-04-10 02:14:50,"{""gw-2"": {""1"": ""rx_and_data_rate"", ""2"": ""blocked""}}"
2025-04-10 02:14:52,"{""gw-1"": {""1"": ""blocked"", ""2"": ""rx_and_data_rate""}, ""gw-2"": {""1"": ""blocked"", ""2"": ""rx_and_data_rate""}}"
2025-04-10 02:14:54,"{""gw-2"": {""1"": ""rx_and_data_rate"", ""2"": ""blocked""}}"
2025-04-10 02:14:59,"{""gw-1"": {""1"": ""conflict"", ""2"": ""rx_and_data_rate""}, ""gw-2"": {""1"": ""blocked"", ""2"": ""rx_and_data_rate""}}"
2025-04-10 02:15:04,"{""gw-1"": {""1"": ""rx_and_data_rate"", ""2"": ""blocked""}, ""gw-2"": {""1"": ""rx_and_data_rate"", ""2"": ""blocked""}}"
2025-04-10 02:15:06,"{""gw-1"": {""1"": ""rx_and_data_rate"", ""2"": ""blocked""}}"
2025-04-10 02:15:07,"{""gw-2"": {""1"": ""blocked"", ""2"": ""rx_and_data_rate""}}"
2025-04-10 02:15:08,"{""gw-1"": {""1"": ""rx_and_data_rate"", ""2"": ""blocked""}, ""gw-2"": {""1"": ""rx_and_data_rate"", ""2"": ""blocked""}}"
2025-04-10 02:15:09,"{""gw-2"": {""1"": ""rx_and_data_rate"", ""2"": ""blocked""}}"
2025-04-10 02:15:12,"{""gw-2"": {""1"": ""rx_and_data_rate"", ""2"": ""blocked""}}"
2025-04-10 02:15:13,"{""gw-1"": {""1"": ""blocked"", ""2"": ""rx_and_data_rate""}}"
2025-04-10 02:15:13,"{""gw-2"": {""1"": ""rx_and_data_rate"", ""2"": ""blocked""}}"
2025-04-10 02:15:14,"{""gw-2"": {""1"": ""rx_and_data_rate"", ""2"": ""blocked""}}"
2025-04-10 02:15:14,"{""gw-1"": {""1"": ""rx_and_data_rate"", ""2"": ""blocked""}, ""gw-2"": {""1"": ""rx_and_data_rate"", ""2"": ""blocked""}}"
2025-04-10 02:15:16,"{""gw-2"": {""1"": ""rx_and_data_rate"", ""2"": ""conflict""}, ""gw-1"": {""1"": ""rx_and_data_rate"", ""2"": ""blocked""}}"
2025-04-10 02:15:17,"{""gw-1"": {""1"": ""rx_and_data_rate"", ""2"": ""blocked""}, ""gw-2"": {""1"": ""rx_and_data_rate"", ""2"": ""conflict""}}"
2025-04-10 02:15:18,"{""gw-1"": {""1"": ""blocked"", ""2"": ""blocked""}}"
2025-04-10 02:15:19,"{""gw-1"": {""1"": ""blocked"", ""2"": ""blocked""}}"
2025-04-10 02:15:23,"{""gw-2"": {""1"": ""rx_and_data_rate"", ""2"": ""blocked""}}"
2025-04-10 02:15:26,"{""gw-2"": {""1"": ""rx_and_data_rate"", ""2"": ""blocked""}, ""gw-1"": {""1"": ""rx_and_data_rate"", ""2"": ""conflict""}}"
2025-04-10 02:15:26,"{""gw-1"": {""1"": ""blocked"", ""2"": ""rx_and_data_rate""}}"
2025-04-10 02:15:27,"{""gw-2"": {""1"": ""rx_and_data_rate"", ""2"": ""blocked""}}"
2025-04-10 02:15:29,"{""gw-1"": {""1"": ""blocked"", ""2"": ""rx_and_data_rate""}}"
2025-04-10 02:15:30,"{""gw-1"": {""1"": ""blocked"", ""2"": ""rx_and_data_rate""}}"
2025-04-10 02:15:33,"{""gw-1"": {""1"": ""blocked"", ""2"": ""blocked""}}"
2025-04-10 02:15:41,"{""gw-2"": {""1"": ""rx_and_data_rate"", ""2"": ""conflict""}}"
2025-04-10 02:15:42,"{""gw-2"": {""1"": ""rx_and_data_rate"", ""2"": ""conflict""}}"
2025-04-10 02:15:44,"{""gw-1"": {""1"": ""blocked"", ""2"": ""rx_and_data_rate""}}"
2025-04-10 02:15:45,"{""gw-2"": {""1"": ""blocked"", ""2"": ""rx_and_data_rate""}}"
2025-04-10 02:15:48,"{""gw-2"": {""1"": ""rx_and_data_rate"", ""2"": ""blocked""}}"
2025-04-10 02:15:50,"{""gw-2"": {""1"": ""rx_and_data_rate"", ""2"": ""blocked""}}"
2025-04-10 02:15:53,"{""gw-2"": {""1"": ""blocked"", ""2"": ""rx_and_data_rate""}}"
2025-04-10 02:15:54,"{""gw-2"": {""1"": ""conflict"", ""2"": ""rx_and_data_rate""}}"
2025-04-10 02:15:56,"{""gw-2"": {""1"": ""blocked"", ""2"": ""blocked""}}"
2025-04-10 02:15:58,"{""gw-2"": {""1"": ""blocked"", ""2"": ""rx_and_data_rate""}}"
2025-04-10 02:15:59,"{""gw-1"": {""1"": ""rx_and_data_rate"", ""2"": ""blocked""}, ""gw-2"": {""1"": ""rx_and_data_rate"", ""2"": ""blocked""}}"
2025-04-10 02:16:00,"{""gw-2"": {""1"": ""blocked"", ""2"": ""rx_and_data_rate""}}"
2025-04-10 02:16:17,"{""gw-1"": {""1"": ""conflict"", ""2"": ""blocked""}}"
2025-04-10 02:16:19,"{""gw-2"": {""1"": ""rx_and_data_rate"", ""2"": ""blocked""}}"
2025-04-10 02:16:20,"{""gw-2"": {""1"": ""blocked"", ""2"": ""blocked""}}"
2025-04-10 02:16:20,"{""gw-2"": {""1"": ""rx_and_data_rate"", ""2"": ""blocked""}}"
2025-04-10 02:16:21,"{""gw-1"": {""1"": ""rx_and_data_rate"", ""2"": ""blocked""}}"
2025-04-10 02:16:22,"{""gw-1"": {""1"": ""blocked"", ""2"": ""blocked""}}"
2025-04-10 02:16:24,"{""gw-2"": {""1"": ""rx_and_data_rate"", ""2"": ""conflict""}}"
2025-04-10 02:16:24,"{""gw-2"": {""1"": ""rx_and_data_rate"", ""2"": ""conflict""}}"
2025-04-10 02:16:25,"{""gw-1"": {""1"": ""conflict"", ""2"": ""rx_and_data_rate""}, ""gw-2"": {""1"": ""blocked"", ""2"": ""rx_and_data_rate""}}"
2025-04-10 02:16:25,"{""gw-1"": {""1"": ""rx_and_data_rate"", ""2"": ""blocked""}, ""gw-2"": {""1"": ""rx_and_data_rate"", ""2"": ""conflict""}}"
2025-04-10 02:16:28,"{""gw-1"": {""1"": ""rx_and_data_rate"", ""2"": ""blocked""}}"
2025-04-10 02:16:33,"{""gw-1"": {""1"": ""rx_and_data_rate"", ""2"": ""blocked""}, ""gw-2"": {""1"": ""rx_and_data_rate"", ""2"": ""blocked""}}"
2025-04-10 02:16:35,"{""gw-1"": {""1"": ""rx_and_data_rate"", ""2"": ""blocked""}, ""gw-2"": {""1"": ""rx_and_data_rate"", ""2"": ""blocked""}}"
2025-04-10 02:16:35,"{""gw-1"": {""1"": ""rx_and_data_rate"", ""2"": ""blocked""}}"
2025-04-10 02:16:37,"{""gw-2"": {""1"": ""rx_and_data_rate"", ""2"": ""conflict""}, ""gw-1"": {""1"": ""rx_and_data_rate"", ""2"": ""blocked""}}"
2025-04-10 02:16:41,"{""gw-2"": {""1"": ""blocked"", ""2"": ""rx_and_data_rate""}}"
2025-04-10 02:16:42,"{""gw-1"": {""1"": ""blocked"", ""2"": ""rx_and_data_rate""}}"
2025-04-10 02:16:46,"{""gw-1"": {""1"": ""rx_and_data_rate"", ""2"": ""blocked""}}"
2025-04-10 02:16:46,"{""gw-2"": {""1"": ""rx_and_data_rate"", ""2"": ""blocked""}, ""gw-1"": {""1"": ""rx_and_data_rate"", ""2"": ""blocked""}}"
2025-04-10 02:16:50,"{""gw-2"": {""1"": ""rx_and_data_rate"", ""2"": ""conflict""}}"
2025-04-10 02:16:54,"{""gw-2"": {""1"": ""rx_and_data_rate"", ""2"": ""blocked""}, ""gw-1"": {""1"": ""rx_and_data_rate"", ""2"": ""conflict""}}"
2025-04-10 02:16:55,"{""gw-2"": {""1"": ""rx_and_data_rate"", ""2"": ""blocked""}}"
2025-04-10 02:16:55,"{""gw-2"": {""1"": ""blocked"", ""2"": ""blocked""}}"
2025-04-10 02:16:56,"{""gw-2"": {""1"": ""rx_and_data_rate"", ""2"": ""blocked""}}"
2025-04-10 02:16:57,"{""gw-1"": {""1"": ""rx_and_data_rate"", ""2"": ""blocked""}}"
2025-04-10 02:16:58,"{""gw-1"": {""1"": ""rx_and_data_rate"", ""2"": ""blocked""}, ""gw-2"": {""1"": ""rx_and_data_rate"", ""2"": ""blocked""}}"
2025-04-10 02:17:04,"{""gw-1"": {""1"": ""blocked"", ""2"": ""blocked""}}"
2025-04-10 02:17:05,"{""gw-1"": {""1"": ""blocked"", ""2"": ""rx_and_data_rate""}}"
2025-04-10 02:17:11,"{""gw-1"": {""1"": ""blocked"", ""2"": ""rx_and_data_rate""}}"
2025-04-10 02:17:12,"{""gw-2"": {""1"": ""rx_and_data_rate"", ""2"": ""blocked""}}"
2025-04-10 02:17:13,"{""gw-2"": {""1"": ""rx_and_data_rate"", ""2"": ""blocked""}}"
2025-04-10 02:17:13,"{""gw-2"": {""1"": ""rx_and_data_rate"", ""2"": ""blocked""}, ""gw-1"": {""1"": ""rx_and_data_rate"", ""2"": ""blocked""}}"
2025-04-10 02:17:17,"{""gw-1"": {""1"": ""rx_and_data_rate"", ""2"": ""blocked""}, ""gw-2"": {""1"": ""rx_and_data_rate"", ""2"": ""blocked""}}"
2025-04-10 02:17:19,"{""gw-1"": {""1"": ""blocked"", ""2"": ""blocked""}}"
2025-04-10 02:17:22,"{""gw-2"": {""1"": ""blocked"", ""2"": ""rx_and_data_rate""}}"
2025-04-10 02:17:25,"{""gw-2"": {""1"": ""blocked"", ""2"": ""rx_and_data_rate""}}"
2025-04-10 02:17:31,"{""gw-1"": {""1"": ""conflict"", ""2"": ""rx_and_data_rate""}, ""gw-2"": {""1"": ""conflict"", ""2"": ""rx_and_data_rate""}}"
2025-04-10 02:17:33,"{""gw-1"": {""1"": ""rx_and_data_rate"", ""2"": ""blocked""}, ""gw-2"": {""1"": ""rx_and_data_rate"", ""2"": ""blocked""}}"
2025-04-10 02:17:35,"{""gw-1"": {""1"": ""rx_and_data_rate"", ""2"": ""blocked""}}"
2025-04-10 02:17:37,"{""gw-2"": {""1"": ""blocked"", ""2"": ""rx_and_data_rate""}}"
2025-04-10 02:17:37,"{""gw-1"": {""1"": ""rx_and_data_rate"", ""2"": ""blocked""}}"
2025-04-10 02:17:37,"{""gw-2"": {""1"": ""blocked"", ""2"": ""blocked""}}"
2025-04-10 02:17:38,"{""gw-1"": {""1"": ""blocked"", ""2"": ""rx_and_data_rate""}}"
2025-04-10 02:17:38,"{""gw-1"": {""1"": ""blocked"", ""2"": ""rx_and_data_rate""}}"
2025-04-10 02:17:39,"{""gw-2"": {""1"": ""rx_and_data_rate"", ""2"": ""blocked""}, ""gw-1"": {""1"": ""rx_and_data_rate"", ""2"": ""blocked""}}"
2025-04-10 02:17:40,"{""gw-1"": {""1"": ""blocked"", ""2"": ""rx_and_data_rate""}}"
2025-04-10 02:17:42,"{""gw-2"": {""1"": ""blocked"", ""2"": ""rx_and_data_rate""}}"
2025-04-10 02:17:43,"{""gw-2"": {""1"": ""blocked"", ""2"": ""rx_and_data_rate""}}"
2025-04-10 02:17:46,"{""gw-1"": {""1"": ""blocked"", ""2"": ""rx_and_data_rate""}}"
2025-04-10 02:17:49,"{""gw-2"": {""1"": ""rx_and_data_rate"", ""2"": ""blocked""}, ""gw-1"": {""1"": ""rx_and_data_rate"", ""2"": ""blocked""}}"
2025-04-10 02:17:53,"{""gw-2"": {""1"": ""rx_and_data_rate"", ""2"": ""blocked""}}"
2025-04-10 02:17:54,"{""gw-2"": {""1"": ""rx_and_data_rate"", ""2"": ""blocked""}}"
2025-04-10 02:17:55,"{""gw-1"": {""1"": ""rx_and_data_rate"", ""2"": ""blocked""}}"
2025-04-10 02:17:55,"{""gw-2"": {""1"": ""blocked"", ""2"": ""rx_and_data_rate""}}"
2025-04-10 02:17:57,"{""gw-1"": {""1"": ""rx_and_data_rate"", ""2"": ""blocked""}}"
2025-04-10 02:17:58,"{""gw-2"": {""1"": ""rx_and_data_rate"", ""2"": ""conflict""}}"
2025-04-10 02:18:02,"{""gw-1"": {""1"": ""rx_and_data_rate"", ""2"": ""conflict""}}"
2025-04-10 02:18:03,"{""gw-1"": {""1"": ""rx_and_data_rate"", ""2"": ""blocked""}, ""gw-2"": {""1"": ""rx_and_data_rate"", ""2"": ""blocked""}}"
2025-04-10 02:18:06,"{""gw-2"": {""1"": ""rx_and_data_rate"", ""2"": ""blocked""}}"
2025-04-10 02:18:06,"{""gw-2"": {""1"": ""blocked"", ""2"": ""blocked""}}"
2025-04-10 02:18:07,"{""gw-2"": {""1"": ""blocked"", ""2"": ""rx_and_data_rate""}}"
2025-04-10 02:18:08,"{""gw-1"": {""1"": ""rx_and_data_rate"", ""2"": ""blocked""}}"
2025-04-10 02:18:10,"{""gw-2"": {""1"": ""rx_and_data_rate"", ""2"": ""conflict""}}"
2025-04-10 02:18:11,"{""gw-2"": {""1"": ""conflict"", ""2"": ""blocked""}}"
2025-04-10 02:18:12,"{""gw-1"": {""1"": ""rx_and_data_rate"", ""2"": ""blocked""}}"
2025-04-10 02:18:12,"{""gw-1"": {""1"": ""blocked"", ""2"": ""rx_and_data_rate""}}"
2025-04-10 02:18:13,"{""gw-1"": {""1"": ""rx_and_data_rate"", ""2"": ""blocked""}}"
2025-04-10 02:18:15,"{""gw-1"": {""1"": ""conflict"", ""2"": ""rx_and_data_rate""}}"
2025-04-10 02:18:16,"{""gw-2"": {""1"": ""rx_and_data_rate"", ""2"": ""blocked""}}"
2025-04-10 02:18:16,"{""gw-2"": {""1"": ""rx_and_data_rate"", ""2"": ""blocked""}}"
2025-04-10 02:18:18,"{""gw-2"": {""1"": ""blocked"", ""2"": ""blocked""}}"
2025-04-10 02:18:19,"{""gw-2"": {""1"": ""blocked"", ""2"": ""rx_and_data_rate""}}"
2025-04-10 02:18:19,"{""gw-2"": {""1"": ""blocked"", ""2"": ""rx_and_data_rate""}}"
2025-04-10 02:18:22,"{""gw-2"": {""1"": ""blocked"", ""2"": ""rx_and_data_rate""}}"
2025-04-10 02:18:23,"{""gw-1"": {""1"": ""blocked"", ""2"": ""blocked""}}"
2025-04-10 02:18:23,"{""gw-1"": {""1"": ""blocked"", ""2"": ""rx_and_data_rate""}}"
2025-04-10 02:18:24,"{""gw-2"": {""1"": ""blocked"", ""2"": ""rx_and_data_rate""}, ""gw-1"": {""1"": ""blocked"", ""2"": ""rx_and_data_rate""}}"
2025-04-10 02:18:25,"{""gw-1"": {""1"": ""blocked"", ""2"": ""rx_and_data_rate""}}"
2025-04-10 02:18:31,"{""gw-2"": {""1"": ""blocked"", ""2"": ""blocked""}}"
2025-04-10 02:18:34,"{""gw-2"": {""1"": ""rx_and_data_rate"", ""2"": ""blocked""}}"
2025-04-10 02:18:35,"{""gw-2"": {""1"": ""blocked"", ""2"": ""rx_and_data_rate""}}"
2025-04-10 02:18:39,"{""gw-1"": {""1"": ""blocked"", ""2"": ""rx_and_data_rate""}}"
2025-04-10 02:18:42,"{""gw-1"": {""1"": ""rx_and_data_rate"", ""2"": ""blocked""}, ""gw-2"": {""1"": ""rx_and_data_rate"", ""2"": ""blocked""}}"
2025-04-10 02:18:42,"{""gw-2"": {""1"": ""blocked"", ""2"": ""rx_and_data_rate""}}"
2025-04-10 02:18:44,"{""gw-2"": {""1"": ""blocked"", ""2"": ""rx_and_data_rate""}}"
2025-04-10 02:18:46,"{""gw-1"": {""1"": ""blocked"", ""2"": ""rx_and_data_rate""}}"
2025-04-10 02:18:47,"{""gw-2"": {""1"": ""rx_and_data_rate"", ""2"": ""blocked""}}"
2025-04-10 02:18:47,"{""gw-2"": {""1"": ""blocked"", ""2"": ""rx_and_data_rate""}}"
2025-04-10 02:18:47,"{""gw-2"": {""1"": ""rx_and_data_rate"", ""2"": ""blocked""}}"
2025-04-10 02:18:50,"{""gw-2"": {""1"": ""blocked"", ""2"": ""rx_and_data_rate""}, ""gw-1"": {""1"": ""blocked"", ""2"": ""rx_and_data_rate""}}"
2025-04-10 02:18:51,"{""gw-2"": {""1"": ""rx_and_data_rate"", ""2"": ""blocked""}}"
2025-04-10 02:18:52,"{""gw-1"": {""1"": ""rx_and_data_rate"", ""2"": ""conflict""}}"
2025-04-10 02:18:52,"{""gw-1"": {""1"": ""blocked"", ""2"": ""rx_and_data_rate""}}"
2025-04-10 02:18:53,"{""gw-1"": {""1"": ""rx_and_data_rate"", ""2"": ""blocked""}}"
2025-04-10 02:18:57,"{""gw-2"": {""1"": ""rx_and_data_rate"", ""2"": ""blocked""}}"
2025-04-10 02:18:58,"{""gw-1"": {""1"": ""blocked"", ""2"": ""rx_and_data_rate""}, ""gw-2"": {""1"": ""blocked"", ""2"": ""rx_and_data_rate""}}"
2025-04-10 02:18:58,"{""gw-1"": {""1"": ""blocked"", ""2"": ""rx_and_data_rate""}}"
2025-04-10 02:19:02,"{""gw-1"": {""1"": ""blocked"", ""2"": ""blocked""}}"
2025-04-10 02:19:02,"{""gw-1"": {""1"": ""rx_and_data_rate"", ""2"": ""blocked""}}"
2025-04-10 02:19:02,"{""gw-1"": {""1"": ""blocked"", ""2"": ""rx_and_data_rate""}}"
2025-04-10 02:19:07,"{""gw-2"": {""1"": ""blocked"", ""2"": ""rx_and_data_rate""}}"
2025-04-10 02:19:08,"{""gw-1"": {""1"": ""rx_and_data_rate"", ""2"": ""conflict""}}"
2025-04-10 02:19:10,"{""gw-2"": {""1"": ""rx_and_data_rate"", ""2"": ""blocked""}}"
2025-04-10 02:19:15,"{""gw-2"": {""1"": ""rx_and_data_rate"", ""2"": ""blocked""}, ""gw-1"": {""1"": ""rx_and_data_rate"", ""2"": ""blocked""}}"
2025-04-10 02:19:17,"{""gw-1"": {""1"": ""rx_and_data_rate"", ""2"": ""blocked""}}"
2025-04-10 02:19:21,"{""gw-2"": {""1"": ""rx_and_data_rate"", ""2"": ""blocked""}}"
2025-04-10 02:19:21,"{""gw-1"": {""1"": ""rx_and_data_rate"", ""2"": ""blocked""}}"
2025-04-10 02:19:22,"{""gw-1"": {""1"": ""conflict"", ""2"": ""rx_and_data_rate""}}"
2025-04-10 02:19:24,"{""gw-2"": {""1"": ""blocked"", ""2"": ""blocked""}}"
2025-04-10 02:19:28,"{""gw-1"": {""1"": ""blocked"", ""2"": ""blocked""}}"
2025-04-10 02:19:33,"{""gw-2"": {""1"": ""rx_and_data_rate"", ""2"": ""blocked""}}"
2025-04-10 02:19:35,"{""gw-1"": {""1"": ""rx_and_data_rate"", ""2"": ""conflict""}}"
2025-04-10 02:19:37,"{""gw-2"": {""1"": ""rx_and_data_rate"", ""2"": ""blocked""}}"
2025-04-10 02:19:40,"{""gw-2"": {""1"": ""rx_and_data_rate"", ""2"": ""conflict""}, ""gw-1"": {""1"": ""rx_and_data_rate"", ""2"": ""blocked""}}"
2025-04-10 02:19:45,"{""gw-2"": {""1"": ""blocked"", ""2"": ""rx_and_data_rate""}}"
2025-04-10 02:19:49,"{""gw-2"": {""1"": ""blocked"", ""2"": ""rx_and_data_rate""}, ""gw-1"": {""1"": ""blocked"", ""2"": ""rx_and_data_rate""}}"
2025-04-10 02:19:51,"{""gw-1"": {""1"": ""rx_and_data_rate"", ""2"": ""blocked""}}"
2025-04-10 02:19:52,"{""gw-2"": {""1"": ""conflict"", ""2"": ""rx_and_data_rate""}}"
2025-04-10 02:19:53,"{""gw-2"": {""1"": ""rx_and_data_rate"", ""2"": ""conflict""}}"
2025-04-10 02:19:55,"{""gw-2"": {""1"": ""rx_and_data_rate"", ""2"": ""blocked""}}"
2025-04-10 02:19:58,"{""gw-1"": {""1"": ""rx_and_data_rate"", ""2"": ""blocked""}}"
2025-04-10 02:20:00,"{""gw-1"": {""1"": ""blocked"", ""2"": ""rx_and_data_rate""}}"
2025-04-10 02:20:08,"{""gw-1"": {""1"": ""conflict"", ""2"": ""blocked""}}"
2025-04-10 02:20:14,"{""gw-1"": {""1"": ""rx_and_data_rate"", ""2"": ""blocked""}}"
2025-04-10 02:20:21,"{""gw-1"": {""1"": ""blocked"", ""2"": ""rx_and_data_rate""}}"
2025-04-10 02:20:22,"{""gw-1"": {""1"": ""blocked"", ""2"": ""rx_and_data_rate""}}"
2025-04-10 02:20:28,"{""gw-1"": {""1"": ""blocked"", ""2"": ""rx_and_data_rate""}}"
2025-04-10 02:20:30,"{""gw-1"": {""1"": ""rx_and_data_rate"", ""2"": ""blocked""}}"
2025-04-10 02:20:36,"{""gw-2"": {""1"": ""rx_and_data_rate"", ""2"": ""blocked""}}"
2025-04-10 02:20:36,"{""gw-1"": {""1"": ""rx_and_data_rate"", ""2"": ""blocked""}, ""gw-2"": {""1"": ""rx_and_data_rate"", ""2"": ""blocked""}}"
2025-04-10 02:20:38,"{""gw-2"": {""1"": ""rx_and_data_rate"", ""2"": ""blocked""}}"
2025-04-10 02:20:49,"{""gw-1"": {""1"": ""rx_and_data_rate"", ""2"": ""blocked""}, ""gw-2"": {""1"": ""rx_and_data_rate"", ""2"": ""blocked""}}"
2025-04-10 02:20:50,"{""gw-2"": {""1"": ""rx_and_data_rate"", ""2"": ""blocked""}}"
2025-04-10 02:20:52,"{""gw-1"": {""1"": ""rx_and_data_rate"", ""2"": ""blocked""}}"
2025-04-10 02:20:53,"{""gw-2"": {""1"": ""blocked"", ""2"": ""rx_and_data_rate""}}"
2025-04-10 02:20:54,"{""gw-2"": {""1"": ""rx_and_data_rate"", ""2"": ""blocked""}}"
2025-04-10 02:20:57,"{""gw-2"": {""1"": ""blocked"", ""2"": ""rx_and_data_rate""}}"
2025-04-10 02:21:00,"{""gw-1"": {""1"": ""rx_and_data_rate"", ""2"": ""conflict""}}"
2025-04-10 02:21:09,"{""gw-2"": {""1"": ""rx_and_data_rate"", ""2"": ""conflict""}, ""gw-1"": {""1"": ""rx_and_data_rate"", ""2"": ""blocked""}}"
2025-04-10 02:21:10,"{""gw-2"": {""1"": ""conflict"", ""2"": ""conflict""}}"
2025-04-10 02:21:11,"{""gw-1"": {""1"": ""rx_and_data_rate"", ""2"": ""conflict""}}"
2025-04-10 02:21:13,"{""gw-2"": {""1"": ""rx_and_data_rate"", ""2"": ""blocked""}}"
2025-04-10 02:21:13,"{""gw-2"": {""1"": ""rx_and_data_rate"", ""2"": ""blocked""}}"
2025-04-10 02:21:14,"{""gw-2"": {""1"": ""rx_and_data_rate"", ""2"": ""blocked""}}"
2025-04-10 02:21:15,"{""gw-2"": {""1"": ""blocked"", ""2"": ""rx_and_data_rate""}}"
2025-04-10 02:21:16,"{""gw-1"": {""1"": ""blocked"", ""2"": ""rx_and_data_rate""}}"
2025-04-10 02:21:18,"{""gw-1"": {""1"": ""blocked"", ""2"": ""rx_and_data_rate""}}"
2025-04-10 02:21:19,"{""gw-2"": {""1"": ""rx_and_data_rate"", ""2"": ""blocked""}}"
2025-04-10 02:21:21,"{""gw-2"": {""1"": ""blocked"", ""2"": ""rx_and_data_rate""}}"
2025-04-10 02:21:23,"{""gw-1"": {""1"": ""rx_and_data_rate"", ""2"": ""conflict""}}"
2025-04-10 02:21:25,"{""gw-1"": {""1"": ""conflict"", ""2"": ""rx_and_data_rate""}}"
2025-04-10 02:21:27,"{""gw-2"": {""1"": ""rx_and_data_rate"", ""2"": ""blocked""}}"
2025-04-10 02:21:32,"{""gw-2"": {""1"": ""rx_and_data_rate"", ""2"": ""blocked""}, ""gw-1"": {""1"": ""rx_and_data_rate"", ""2"": ""blocked""}}"
2025-04-10 02:21:33,"{""gw-1"": {""1"": ""blocked"", ""2"": ""rx_and_data_rate""}}"
2025-04-10 02:21:43,"{""gw-2"": {""1"": ""rx_and_data_rate"", ""2"": ""blocked""}, ""gw-1"": {""1"": ""rx_and_data_rate"", ""2"": ""blocked""}}"
2025-04-10 02:21:44,"{""gw-1"": {""1"": ""blocked"", ""2"": ""rx_and_data_rate""}}"
2025-04-10 02:21:44,"{""gw-2"": {""1"": ""blocked"", ""2"": ""rx_and_data_rate""}, ""gw-1"": {""1"": ""blocked"", ""2"": ""rx_and_data_rate""}}"
2025-04-10 02:21:45,"{""gw-1"": {""1"": ""blocked"", ""2"": ""blocked""}, ""gw-2"": {""1"": ""blocked"", ""2"": ""blocked""}}"
2025-04-10 02:21:45,"{""gw-1"": {""1"": ""blocked"", ""2"": ""rx_and_data_rate""}}"
2025-04-10 02:21:46,"{""gw-2"": {""1"": ""blocked"", ""2"": ""rx_and_data_rate""}}"
2025-04-10 02:21:47,"{""gw-1"": {""1"": ""blocked"", ""2"": ""rx_and_data_rate""}}"
2025-04-10 02:21:50,"{""gw-2"": {""1"": ""blocked"", ""2"": ""rx_and_data_rate""}}"
2025-04-10 02:21:52,"{""gw-2"": {""1"": ""conflict"", ""2"": ""blocked""}}"
2025-04-10 02:21:55,"{""gw-1"": {""1"": ""rx_and_data_rate"", ""2"": ""blocked""}}"
2025-04-10 02:21:57,"{""gw-2"": {""1"": ""rx_and_data_rate"", ""2"": ""blocked""}}"
2025-04-10 02:22:02,"{""gw-2"": {""1"": ""rx_and_data_rate"", ""2"": ""blocked""}, ""gw-1"": {""1"": ""rx_and_data_rate"", ""2"": ""conflict""}}"
2025-04-10 02:22:03,"{""gw-1"": {""1"": ""rx_and_data_rate"", ""2"": ""blocked""}}"
2025-04-10 02:22:06,"{""gw-1"": {""1"": ""blocked"", ""2"": ""blocked""}}"
2025-04-10 02:22:08,"{""gw-2"": {""1"": ""rx_and_data_rate"", ""2"": ""blocked""}}"
2025-04-10 02:22:09,"{""gw-1"": {""1"": ""blocked"", ""2"": ""rx_and_data_rate""}}"
2025-04-10 02:22:11,"{""gw-1"": {""1"": ""rx_and_data_rate"", ""2"": ""blocked""}}"
2025-04-10 02:22:13,"{""gw-1"": {""1"": ""rx_and_data_rate"", ""2"": ""blocked""}, ""gw-2"": {""1"": ""rx_and_data_rate"", ""2"": ""blocked""}}"
2025-04-10 02:22:13,"{""gw-2"": {""1"": ""rx_and_data_rate"", ""2"": ""blocked""}}"
2025-04-10 02:22:13,"{""gw-1"": {""1"": ""blocked"", ""2"": ""rx_and_data_rate""}}"
2025-04-10 02:22:15,"{""gw-2"": {""1"": ""rx_and_data_rate"", ""2"": ""blocked""}}"
2025-04-10 02:22:16,"{""gw-1"": {""1"": ""blocked"", ""2"": ""conflict""}}"
2025-04-10 02:22:16,"{""gw-2"": {""1"": ""rx_and_data_rate"", ""2"": ""blocked""}, ""gw-1"": {""1"": ""rx_and_data_rate"", ""2"": ""conflict""}}"
2025-04-10 02:22:24,"{""gw-1"": {""1"": ""rx_and_data_rate"", ""2"": ""blocked""}, ""gw-2"": {""1"": ""rx_and_data_rate"", ""2"": ""blocked""}}"
2025-04-10 02:22:26,"{""gw-2"": {""1"": ""rx_and_data_rate"", ""2"": ""blocked""}}"
2025-04-10 02:22:29,"{""gw-2"": {""1"": ""blocked"", ""2"": ""blocked""}}"
2025-04-10 02:22:34,"{""gw-2"": {""1"": ""rx_and_data_rate"", ""2"": ""conflict""}}"
2025-04-10 02:22:46,"{""gw-2"": {""1"": ""blocked"", ""2"": ""rx_and_data_rate""}}"
2025-04-10 02:22:47,"{""gw-1"": {""1"": ""conflict"", ""2"": ""blocked""}}"
2025-04-10 02:22:49,"{""gw-1"": {""1"": ""rx_and_data_rate"", ""2"": ""blocked""}}"
2025-04-10 02:22:52,"{""gw-2"": {""1"": ""rx_and_data_rate"", ""2"": ""blocked""}, ""gw-1"": {""1"": ""rx_and_data_rate"", ""2"": ""blocked""}}"
2025-04-10 02:22:54,"{""gw-2"": {""1"": ""rx_and_data_rate"", ""2"": ""blocked""}}"
2025-04-10 02:22:54,"{""gw-2"": {""1"": ""rx_and_data_rate"", ""2"": ""blocked""}}"
2025-04-10 02:22:58,"{""gw-2"": {""1"": ""rx_and_data_rate"", ""2"": ""blocked""}}"
2025-04-10 02:22:58,"{""gw-1"": {""1"": ""rx_and_data_rate"", ""2"": ""conflict""}}"
2025-04-10 02:22:59,"{""gw-2"": {""1"": ""blocked"", ""2"": ""rx_and_data_rate""}}"
2025-04-10 02:23:01,"{""gw-2"": {""1"": ""rx_and_data_rate"", ""2"": ""conflict""}, ""gw-1"": {""1"": ""rx_and_data_rate"", ""2"": ""blocked""}}"
2025-04-10 02:23:03,"{""gw-2"": {""1"": ""blocked"", ""2"": ""rx_and_data_rate""}}"
2025-04-10 02:23:07,"{""gw-1"": {""1"": ""rx_and_data_rate"", ""2"": ""blocked""}}"
2025-04-10 02:23:07,"{""gw-2"": {""1"": ""rx_and_data_rate"", ""2"": ""blocked""}, ""gw-1"": {""1"": ""rx_and_data_rate"", ""2"": ""blocked""}}"
2025-04-10 02:23:08,"{""gw-1"": {""1"": ""rx_and_data_rate"", ""2"": ""blocked""}, ""gw-2"": {""1"": ""rx_and_data_rate"", ""2"": ""blocked""}}"
2025-04-10 02:23:09,"{""gw-2"": {""1"": ""rx_and_data_rate"", ""2"": ""blocked""}}"
2025-04-10 02:23:10,"{""gw-2"": {""1"": ""rx_and_data_rate"", ""2"": ""blocked""}}"
2025-04-10 02:23:11,"{""gw-2"": {""1"": ""blocked"", ""2"": ""rx_and_data_rate""}}"
2025-04-10 02:23:12,"{""gw-1"": {""1"": ""conflict"", ""2"": ""rx_and_data_rate""}}"
2025-04-10 02:23:20,"{""gw-1"": {""1"": ""rx_and_data_rate"", ""2"": ""blocked""}, ""gw-2"": {""1"": ""rx_and_data_rate"", ""2"": ""conflict""}}"
2025-04-10 02:23:20,"{""gw-1"": {""1"": ""blocked"", ""2"": ""blocked""}}"
2025-04-10 02:23:23,"{""gw-2"": {""1"": ""rx_and_data_rate"", ""2"": ""blocked""}}"
2025-04-10 02:23:25,"{""gw-2"": {""1"": ""rx_and_data_rate"", ""2"": ""blocked""}}"
2025-04-10 02:23:30,"{""gw-1"": {""1"": ""rx_and_data_rate"", ""2"": ""blocked""}}"
2025-04-10 02:23:30,"{""gw-2"": {""1"": ""rx_and_data_rate"", ""2"": ""blocked""}}"
2025-04-10 02:23:34,"{""gw-1"": {""1"": ""blocked"", ""2"": ""rx_and_data_rate""}, ""gw-2"": {""1"": ""blocked"", ""2"": ""rx_and_data_rate""}}"
2025-04-10 02:23:36,"{""gw-1"": {""1"": ""blocked"", ""2"": ""rx_and_data_rate""}}"
2025-04-10 02:23:36,"{""gw-1"": {""1"": ""rx_and_data_rate"", ""2"": ""blocked""}}"
2025-04-10 02:23:37,"{""gw-1"": {""1"": ""rx_and_data_rate"", ""2"": ""conflict""}}"
2025-04-10 02:23:40,"{""gw-2"": {""1"": ""rx_and_data_rate"", ""2"": ""conflict""}}"
2025-04-10 02:23:44,"{""gw-1"": {""1"": ""rx_and_data_rate"", ""2"": ""blocked""}, ""gw-2"": {""1"": ""rx_and_data_rate"", ""2"": ""blocked""}}"
2025-04-10 02:23:46,"{""gw-1"": {""1"": ""blocked"", ""2"": ""rx_and_data_rate""}}"
2025-04-10 02:23:46,"{""gw-2"": {""1"": ""blocked"", ""2"": ""rx_and_data_rate""}, ""gw-1"": {""1"": ""blocked"", ""2"": ""rx_and_data_rate""}}"
2025-04-10 02:23:47,"{""gw-1"": {""1"": ""rx_and_data_rate"", ""2"": ""blocked""}}"
2025-04-10 02:23:47,"{""gw-2"": {""1"": ""rx_and_data_rate"", ""2"": ""blocked""}}"
2025-04-10 02:23:47,"{""gw-1"": {""1"": ""blocked"", ""2"": ""rx_and_data_rate""}}"
2025-04-10 02:23:47,"{""gw-1"": {""1"": ""rx_and_data_rate"", ""2"": ""blocked""}}"
2025-04-10 02:23:47,"{""gw-1"": {""1"": ""rx_and_data_rate"", ""2"": ""blocked""}, ""gw-2"": {""1"": ""rx_and_data_rate"", ""2"": ""blocked""}}"
2025-04-10 02:23:48,"{""gw-1"": {""1"": ""rx_and_data_rate"", ""2"": ""blocked""}}"
2025-04-10 02:23:53,"{""gw-1"": {""1"": ""blocked"", ""2"": ""blocked""}}"
2025-04-10 02:23:55,"{""gw-1"": {""1"": ""blocked"", ""2"": ""blocked""}}"
2025-04-10 02:23:56,"{""gw-1"": {""1"": ""rx_and_data_rate"", ""2"": ""blocked""}, ""gw-2"": {""1"": ""rx_and_data_rate"", ""2"": ""blocked""}}"
2025-04-10 02:23:59,"{""gw-2"": {""1"": ""rx_and_data_rate"", ""2"": ""blocked""}}"
2025-04-10 02:24:00,"{""gw-2"": {""1"": ""rx_and_data_rate"", ""2"": ""blocked""}, ""gw-1"": {""1"": ""rx_and_data_rate"", ""2"": ""blocked""}}"
2025-04-10 02:24:03,"{""gw-1"": {""1"": ""blocked"", ""2"": ""rx_and_data_rate""}}"
2025-04-10 02:24:05,"{""gw-2"": {""1"": ""rx_and_data_rate"", ""2"": ""blocked""}}"
2025-04-10 02:24:06,"{""gw-2"": {""1"": ""blocked"", ""2"": ""rx_and_data_rate""}}"
2025-04-10 02:24:06,"{""gw-2"": {""1"": ""blocked"", ""2"": ""conflict""}}"
2025-04-10 02:24:10,"{""gw-2"": {""1"": ""blocked"", ""2"": ""rx_and_data_rate""}}"
2025-04-10 02:24:11,"{""gw-2"": {""1"": ""rx_and_data_rate"", ""2"": ""blocked""}}"
2025-04-10 02:24:13,"{""gw-1"": {""1"": ""rx_and_data_rate"", ""2"": ""blocked""}}"
2025-04-10 02:24:15,"{""gw-1"": {""1"": ""blocked"", ""2"": ""rx_and_data_rate""}}"
2025-04-10 02:24:16,"{""gw-2"": {""1"": ""rx_and_data_rate"", ""2"": ""blocked""}}"
2025-04-10 02:24:26,"{""gw-1"": {""1"": ""rx_and_data_rate"", ""2"": ""blocked""}}"
2025-04-10 02:24:34,"{""gw-1"": {""1"": ""blocked"", ""2"": ""rx_and_data_rate""}}"
2025-04-10 02:24:38,"{""gw-1"": {""1"": ""blocked"", ""2"": ""rx_and_data_rate""}}"
2025-04-10 02:24:42,"{""gw-1"": {""1"": ""blocked"", ""2"": ""rx_and_data_rate""}}"
2025-04-10 02:24:48,"{""gw-2"": {""1"": ""rx_and_data_rate"", ""2"": ""blocked""}}"
2025-04-10 02:24:49,"{""gw-2"": {""1"": ""rx_and_data_rate"", ""2"": ""blocked""}}"
2025-04-10 02:24:52,"{""gw-1"": {""1"": ""blocked"", ""2"": ""blocked""}}"
2025-04-10 02:24:53,"{""gw-1"": {""1"": ""rx_and_data_rate"", ""2"": ""blocked""}}"
2025-04-10 02:24:57,"{""gw-2"": {""1"": ""rx_and_data_rate"", ""2"": ""conflict""}, ""gw-1"": {""1"": ""rx_and_data_rate"", ""2"": ""blocked""}}"
2025-04-10 02:24:57,"{""gw-2"": {""1"": ""conflict"", ""2"": ""conflict""}}"
2025-04-10 02:25:05,"{""gw-2"": {""1"": ""blocked"", ""2"": ""blocked""}, ""gw-1"": {""1"": ""blocked"", ""2"": ""blocked""}}"
2025-04-10 02:25:07,"{""gw-2"": {""1"": ""rx_and_data_rate"", ""2"": ""blocked""}}"
2025-04-10 02:25:08,"{""gw-1"": {""1"": ""rx_and_data_rate"", ""2"": ""blocked""}}"
2025-04-10 02:25:09,"{""gw-1"": {""1"": ""rx_and_data_rate"", ""2"": ""blocked""}}"
2025-04-10 02:25:10,"{""gw-1"": {""1"": ""blocked"", ""2"": ""rx_and_data_rate""}}"
2025-04-10 02:25:14,"{""gw-2"": {""1"": ""conflict"", ""2"": ""rx_and_data_rate""}}"
2025-04-10 02:25:17,"{""gw-1"": {""1"": ""blocked"", ""2"": ""rx_and_data_rate""}}"
2025-04-10 02:25:18,"{""gw-2"": {""1"": ""blocked"", ""2"": ""rx_and_data_rate""}}"
2025-04-10 02:25:18,"{""gw-2"": {""1"": ""blocked"", ""2"": ""rx_and_data_rate""}}"
2025-04-10 02:25:25,"{""gw-1"": {""1"": ""blocked"", ""2"": ""rx_and_data_rate""}}"
2025-04-10 02:25:28,"{""gw-1"": {""1"": ""rx_and_data_rate"", ""2"": ""blocked""}, ""gw-2"": {""1"": ""rx_and_data_rate"", ""2"": ""blocked""}}"
2025-04-10 02:25:33,"{""gw-2"": {""1"": ""rx_and_data_rate"", ""2"": ""blocked""}}"
2025-04-10 02:25:33,"{""gw-1"": {""1"": ""blocked"", ""2"": ""rx_and_data_rate""}}"
2025-04-10 02:25:39,"{""gw-1"": {""1"": ""rx_and_data_rate"", ""2"": ""blocked""}}"
2025-04-10 02:25:43,"{""gw-1"": {""1"": ""blocked"", ""2"": ""blocked""}}"
2025-04-10 02:25:44,"{""gw-1"": {""1"": ""rx_and_data_rate"", ""2"": ""blocked""}}"
2025-04-10 02:25:46,"{""gw-1"": {""1"": ""rx_and_data_rate"", ""2"": ""conflict""}, ""gw-2"": {""1"": ""rx_and_data_rate"", ""2"": ""blocked""}}"
2025-04-10 02:25:47,"{""gw-1"": {""1"": ""conflict"", ""2"": ""blocked""}}"
2025-04-10 02:25:48,"{""gw-2"": {""1"": ""rx_and_data_rate"", ""2"": ""blocked""}}"
2025-04-10 02:25:48,"{""gw-2"": {""1"": ""rx_and_data_rate"", ""2"": ""blocked""}}"
2025-04-10 02:25:50,"{""gw-2"": {""1"": ""rx_and_data_rate"", ""2"": ""blocked""}}"
2025-04-10 02:25:51,"{""gw-1"": {""1"": ""rx_and_data_rate"", ""2"": ""blocked""}, ""gw-2"": {""1"": ""rx_and_data_rate"", ""2"": ""blocked""}}"
2025-04-10 02:25:51,"{""gw-2"": {""1"": ""rx_and_data_rate"", ""2"": ""blocked""}, ""gw-1"": {""1"": ""rx_and_data_rate"", ""2"": ""blocked""}}"
2025-04-10 02:25:54,"{""gw-1"": {""1"": ""rx_and_data_rate"", ""2"": ""blocked""}}"
2025-04-10 02:25:58,"{""gw-1"": {""1"": ""blocked"", ""2"": ""rx_and_data_rate""}}"
2025-04-10 02:26:00,"{""gw-2"": {""1"": ""blocked"", ""2"": ""rx_and_data_rate""}}"
2025-04-10 02:26:03,"{""gw-1"": {""1"": ""rx_and_data_rate"", ""2"": ""blocked""}}"
2025-04-10 02:26:03,"{""gw-2"": {""1"": ""rx_and_data_rate"", ""2"": ""blocked""}}"
2025-04-10 02:26:04,"{""gw-2"": {""1"": ""rx_and_data_rate"", ""2"": ""blocked""}}"
2025-04-10 02:26:06,"{""gw-2"": {""1"": ""rx_and_data_rate"", ""2"": ""blocked""}, ""gw-1"": {""1"": ""rx_and_data_rate"", ""2"": ""blocked""}}"
2025-04-10 02:26:06,"{""gw-2"": {""1"": ""rx_and_data_rate"", ""2"": ""blocked""}}"
2025-04-10 02:26:07,"{""gw-2"": {""1"": ""blocked"", ""2"": ""rx_and_data_rate""}}"
2025-04-10 02:26:07,"{""gw-1"": {""1"": ""rx_and_data_rate"", ""2"": ""blocked""}}"
2025-04-10 02:26:09,"{""gw-1"": {""1"": ""blocked"", ""2"": ""rx_and_data_rate""}}"
2025-04-10 02:26:09,"{""gw-2"": {""1"": ""blocked"", ""2"": ""rx_and_data_rate""}}"
2025-04-10 02:26:20,"{""gw-2"": {""1"": ""rx_and_data_rate"", ""2"": ""conflict""}}"
2025-04-10 02:26:21,"{""gw-1"": {""1"": ""rx_and_data_rate"", ""2"": ""blocked""}}"
2025-04-10 02:26:36,"{""gw-1"": {""1"": ""blocked"", ""2"": ""rx_and_data_rate""}}"
2025-04-10 02:26:39,"{""gw-2"": {""1"": ""rx_and_data_rate"", ""2"": ""blocked""}}"
2025-04-10 02:26:39,"{""gw-2"": {""1"": ""blocked"", ""2"": ""blocked""}, ""gw-1"": {""1"": ""blocked"", ""2"": ""conflict""}}"
2025-04-10 02:26:40,"{""gw-1"": {""1"": ""conflict"", ""2"": ""rx_and_data_rate""}}"
2025-04-10 02:26:40,"{""gw-2"": {""1"": ""blocked"", ""2"": ""rx_and_data_rate""}, ""gw-1"": {""1"": ""conflict"", ""2"": ""rx_and_data_rate""}}"
2025-04-10 02:26:43,"{""gw-1"": {""1"": ""blocked"", ""2"": ""rx_and_data_rate""}}"
2025-04-10 02:26:45,"{""gw-2"": {""1"": ""rx_and_data_rate"", ""2"": ""blocked""}, ""gw-1"": {""1"": ""rx_and_data_rate"", ""2"": ""blocked""}}"
2025-04-10 02:26:45,"{""gw-1"": {""1"": ""blocked"", ""2"": ""rx_and_data_rate""}}"
2025-04-10 02:26:46,"{""gw-2"": {""1"": ""rx_and_data_rate"", ""2"": ""blocked""}}"
2025-04-10 02:26:47,"{""gw-1"": {""1"": ""blocked"", ""2"": ""rx_and_data_rate""}}"
2025-04-10 02:26:47,"{""gw-1"": {""1"": ""rx_and_data_rate"", ""2"": ""blocked""}}"
2025-04-10 02:26:49,"{""gw-2"": {""1"": ""rx_and_data_rate"", ""2"": ""conflict""}}"
2025-04-10 02:26:51,"{""gw-1"": {""1"": ""rx_and_data_rate"", ""2"": ""conflict""}}"
2025-04-10 02:26:56,"{""gw-1"": {""1"": ""rx_and_data_rate"", ""2"": ""blocked""}}"
2025-04-10 02:26:59,"{""gw-2"": {""1"": ""rx_and_data_rate"", ""2"": ""blocked""}}"
2025-04-10 02:26:59,"{""gw-2"": {""1"": ""blocked"", ""2"": ""blocked""}}"
2025-04-10 02:26:59,"{""gw-1"": {""1"": ""rx_and_data_rate"", ""2"": ""blocked""}, ""gw-2"": {""1"": ""rx_and_data_rate"", ""2"": ""blocked""}}"
2025-04-10 02:26:59,"{""gw-1"": {""1"": ""rx_and_data_rate"", ""2"": ""blocked""}, ""gw-2"": {""1"": ""rx_and_data_rate"", ""2"": ""blocked""}}"
2025-04-10 02:27:00,"{""gw-2"": {""1"": ""blocked"", ""2"": ""rx_and_data_rate""}, ""gw-1"": {""1"": ""blocked"", ""2"": ""rx_and_data_rate""}}"
2025-04-10 02:27:09,"{""gw-2"": {""1"": ""rx_and_data_rate"", ""2"": ""conflict""}}"
2025-04-10 02:27:09,"{""gw-2"": {""1"": ""rx_and_data_rate"", ""2"": ""conflict""}, ""gw-1"": {""1"": ""rx_and_data_rate"", ""2"": ""blocked""}}"
2025-04-10 02:27:10,"{""gw-1"": {""1"": ""blocked"", ""2"": ""blocked""}}"
2025-04-10 02:27:10,"{""gw-2"": {""1"": ""conflict"", ""2"": ""rx_and_data_rate""}}"
2025-04-10 02:27:11,"{""gw-1"": {""1"": ""rx_and_data_rate"", ""2"": ""blocked""}}"
2025-04-10 02:27:13,"{""gw-2"": {""1"": ""rx_and_data_rate"", ""2"": ""blocked""}, ""gw-1"": {""1"": ""rx_and_data_rate"", ""2"": ""blocked""}}"
2025-04-10 02:27:16,"{""gw-2"": {""1"": ""rx_and_data_rate"", ""2"": ""blocked""}}"
2025-04-10 02:27:16,"{""gw-2"": {""1"": ""rx_and_data_rate"", ""2"": ""blocked""}}"
2025-04-10 02:27:17,"{""gw-2"": {""1"": ""blocked"", ""2"": ""rx_and_data_rate""}}"
2025-04-10 02:27:19,"{""gw-2"": {""1"": ""rx_and_data_rate"", ""2"": ""blocked""}}"
2025-04-10 02:27:20,"{""gw-1"": {""1"": ""blocked"", ""2"": ""rx_and_data_rate""}}"
2025-04-10 02:27:21,"{""gw-2"": {""1"": ""rx_and_data_rate"", ""2"": ""conflict""}}"
2025-04-10 02:27:24,"{""gw-1"": {""1"": ""rx_and_data_rate"", ""2"": ""conflict""}}"
2025-04-10 02:27:25,"{""gw-2"": {""1"": ""blocked"", ""2"": ""blocked""}, ""gw-1"": {""1"": ""conflict"", ""2"": ""blocked""}}"
2025-04-10 02:27:29,"{""gw-2"": {""1"": ""blocked"", ""2"": ""blocked""}, ""gw-1"": {""1"": ""blocked"", ""2"": ""blocked""}}"
2025-04-10 02:27:30,"{""gw-1"": {""1"": ""rx_and_data_rate"", ""2"": ""blocked""}, ""gw-2"": {""1"": ""rx_and_data_rate"", ""2"": ""blocked""}}"
2025-04-10 02:27:32,"{""gw-2"": {""1"": ""rx_and_data_rate"", ""2"": ""blocked""}}"
2025-04-10 02:27:33,"{""gw-1"": {""1"": ""rx_and_data_rate"", ""2"": ""blocked""}}"
2025-04-10 02:27:35,"{""gw-1"": {""1"": ""rx_and_data_rate"", ""2"": ""conflict""}}"
2025-04-10 02:27:48,"{""gw-2"": {""1"": ""rx_and_data_rate"", ""2"": ""blocked""}}"
2025-04-10 02:27:52,"{""gw-2"": {""1"": ""conflict"", ""2"": ""rx_and_data_rate""}}"
