timestamp,results
2025-04-05 00:02:41,"{""gw-2"": {""1"": ""rx_and_data_rate"", ""2"": ""conflict""}, ""gw-1"": {""1"": ""rx_and_data_rate"", ""2"": ""conflict""}}"
2025-04-05 00:02:51,"{""gw-3"": {""1"": ""rx_and_data_rate"", ""2"": ""blocked""}}"
2025-04-05 00:02:51,"{""gw-3"": {""1"": ""rx_and_data_rate"", ""2"": ""blocked""}}"
2025-04-05 00:02:52,"{""gw-2"": {""1"": ""rx_and_data_rate"", ""2"": ""blocked""}}"
2025-04-05 00:02:52,"{""gw-2"": {""1"": ""rx_and_data_rate"", ""2"": ""blocked""}}"
2025-04-05 00:02:55,"{""gw-1"": {""1"": ""blocked"", ""2"": ""rx_and_data_rate""}, ""gw-3"": {""1"": ""blocked"", ""2"": ""rx_and_data_rate""}}"
2025-04-05 00:02:55,"{""gw-1"": {""1"": ""blocked"", ""2"": ""rx_and_data_rate""}}"
2025-04-05 00:02:58,"{""gw-1"": {""1"": ""blocked"", ""2"": ""rx_and_data_rate""}}"
2025-04-05 00:02:59,"{""gw-2"": {""1"": ""blocked"", ""2"": ""rx_and_data_rate""}, ""gw-3"": {""1"": ""blocked"", ""2"": ""rx_and_data_rate""}}"
2025-04-05 00:03:00,"{""gw-3"": {""1"": ""conflict"", ""2"": ""blocked""}}"
2025-04-05 00:03:04,"{""gw-2"": {""1"": ""rx_and_data_rate"", ""2"": ""conflict""}, ""gw-3"": {""1"": ""rx_and_data_rate"", ""2"": ""blocked""}}"
2025-04-05 00:03:04,"{""gw-3"": {""1"": ""rx_and_data_rate"", ""2"": ""blocked""}}"
2025-04-05 00:03:07,"{""gw-3"": {""1"": ""blocked"", ""2"": ""rx_and_data_rate""}, ""gw-1"": {""1"": ""conflict"", ""2"": ""rx_and_data_rate""}}"
2025-04-05 00:03:08,"{""gw-3"": {""1"": ""rx_and_data_rate"", ""2"": ""blocked""}}"
2025-04-05 00:03:09,"{""gw-2"": {""1"": ""blocked"", ""2"": ""rx_and_data_rate""}, ""gw-3"": {""1"": ""blocked"", ""2"": ""rx_and_data_rate""}}"
2025-04-05 00:03:11,"{""gw-2"": {""1"": ""blocked"", ""2"": ""rx_and_data_rate""}}"
2025-04-05 00:03:14,"{""gw-1"": {""1"": ""rx_and_data_rate"", ""2"": ""blocked""}}"
2025-04-05 00:03:14,"{""gw-3"": {""1"": ""rx_and_data_rate"", ""2"": ""conflict""}}"
2025-04-05 00:03:17,"{""gw-3"": {""1"": ""blocked"", ""2"": ""rx_and_data_rate""}}"
2025-04-05 00:03:21,"{""gw-2"": {""1"": ""rx_and_data_rate"", ""2"": ""blocked""}}"
2025-04-05 00:03:24,"{""gw-2"": {""1"": ""rx_and_data_rate"", ""2"": ""blocked""}}"
2025-04-05 00:03:27,"{""gw-3"": {""1"": ""conflict"", ""2"": ""blocked""}}"
2025-04-05 00:03:30,"{""gw-3"": {""1"": ""blocked"", ""2"": ""rx_and_data_rate""}}"
2025-04-05 00:03:42,"{""gw-3"": {""1"": ""rx_and_data_rate"", ""2"": ""blocked""}}"
2025-04-05 00:03:42,"{""gw-1"": {""1"": ""rx_and_data_rate"", ""2"": ""blocked""}}"
2025-04-05 00:03:44,"{""gw-2"": {""1"": ""rx_and_data_rate"", ""2"": ""blocked""}}"
2025-04-05 00:03:45,"{""gw-2"": {""1"": ""rx_and_data_rate"", ""2"": ""blocked""}}"
2025-04-05 00:03:47,"{""gw-2"": {""1"": ""rx_and_data_rate"", ""2"": ""blocked""}, ""gw-3"": {""1"": ""rx_and_data_rate"", ""2"": ""blocked""}}"
2025-04-05 00:03:48,"{""gw-3"": {""1"": ""rx_and_data_rate"", ""2"": ""blocked""}, ""gw-1"": {""1"": ""rx_and_data_rate"", ""2"": ""blocked""}}"
2025-04-05 00:03:48,"{""gw-1"": {""1"": ""rx_and_data_rate"", ""2"": ""blocked""}, ""gw-2"": {""1"": ""rx_and_data_rate"", ""2"": ""blocked""}}"
2025-04-05 00:03:49,"{""gw-3"": {""1"": ""rx_and_data_rate"", ""2"": ""blocked""}}"
2025-04-05 00:03:55,"{""gw-1"": {""1"": ""rx_and_data_rate"", ""2"": ""conflict""}}"
2025-04-05 00:03:56,"{""gw-1"": {""1"": ""conflict"", ""2"": ""blocked""}}"
2025-04-05 00:03:58,"{""gw-3"": {""1"": ""rx_and_data_rate"", ""2"": ""blocked""}}"
2025-04-05 00:04:00,"{""gw-1"": {""1"": ""blocked"", ""2"": ""rx_and_data_rate""}, ""gw-3"": {""1"": ""blocked"", ""2"": ""rx_and_data_rate""}}"
2025-04-05 00:04:02,"{""gw-2"": {""1"": ""blocked"", ""2"": ""rx_and_data_rate""}}"
2025-04-05 00:04:10,"{""gw-2"": {""1"": ""blocked"", ""2"": ""rx_and_data_rate""}, ""gw-3"": {""1"": ""blocked"", ""2"": ""rx_and_data_rate""}}"
2025-04-05 00:04:11,"{""gw-3"": {""1"": ""blocked"", ""2"": ""rx_and_data_rate""}}"
2025-04-05 00:04:15,"{""gw-3"": {""1"": ""rx_and_data_rate"", ""2"": ""blocked""}, ""gw-2"": {""1"": ""rx_and_data_rate"", ""2"": ""blocked""}, ""gw-1"": {""1"": ""rx_and_data_rate"", ""2"": ""blocked""}}"
2025-04-05 00:04:20,"{""gw-3"": {""1"": ""rx_and_data_rate"", ""2"": ""blocked""}}"
2025-04-05 00:04:21,"{""gw-1"": {""1"": ""rx_and_data_rate"", ""2"": ""conflict""}}"
2025-04-05 00:04:24,"{""gw-3"": {""1"": ""rx_and_data_rate"", ""2"": ""blocked""}}"
2025-04-05 00:04:24,"{""gw-1"": {""1"": ""blocked"", ""2"": ""rx_and_data_rate""}}"
2025-04-05 00:04:25,"{""gw-1"": {""1"": ""rx_and_data_rate"", ""2"": ""blocked""}, ""gw-3"": {""1"": ""rx_and_data_rate"", ""2"": ""blocked""}}"
2025-04-05 00:04:25,"{""gw-1"": {""1"": ""blocked"", ""2"": ""rx_and_data_rate""}}"
2025-04-05 00:04:26,"{""gw-1"": {""1"": ""rx_and_data_rate"", ""2"": ""blocked""}, ""gw-2"": {""1"": ""rx_and_data_rate"", ""2"": ""blocked""}}"
2025-04-05 00:04:26,"{""gw-2"": {""1"": ""rx_and_data_rate"", ""2"": ""blocked""}}"
2025-04-05 00:04:27,"{""gw-1"": {""1"": ""blocked"", ""2"": ""rx_and_data_rate""}, ""gw-3"": {""1"": ""blocked"", ""2"": ""rx_and_data_rate""}}"
2025-04-05 00:04:29,"{""gw-2"": {""1"": ""rx_and_data_rate"", ""2"": ""blocked""}}"
2025-04-05 00:04:29,"{""gw-1"": {""1"": ""blocked"", ""2"": ""rx_and_data_rate""}, ""gw-2"": {""1"": ""blocked"", ""2"": ""rx_and_data_rate""}}"
2025-04-05 00:04:33,"{""gw-2"": {""1"": ""blocked"", ""2"": ""rx_and_data_rate""}}"
2025-04-05 00:04:34,"{""gw-2"": {""1"": ""conflict"", ""2"": ""rx_and_data_rate""}}"
2025-04-05 00:04:35,"{""gw-1"": {""1"": ""rx_and_data_rate"", ""2"": ""blocked""}}"
2025-04-05 00:04:35,"{""gw-1"": {""1"": ""rx_and_data_rate"", ""2"": ""blocked""}, ""gw-3"": {""1"": ""rx_and_data_rate"", ""2"": ""blocked""}}"
2025-04-05 00:04:35,"{""gw-1"": {""1"": ""conflict"", ""2"": ""blocked""}}"
2025-04-05 00:04:39,"{""gw-3"": {""1"": ""blocked"", ""2"": ""rx_and_data_rate""}}"
2025-04-05 00:04:40,"{""gw-2"": {""1"": ""rx_and_data_rate"", ""2"": ""blocked""}}"
2025-04-05 00:04:42,"{""gw-3"": {""1"": ""blocked"", ""2"": ""rx_and_data_rate""}, ""gw-2"": {""1"": ""conflict"", ""2"": ""rx_and_data_rate""}}"
2025-04-05 00:04:43,"{""gw-2"": {""1"": ""blocked"", ""2"": ""blocked""}}"
2025-04-05 00:04:46,"{""gw-2"": {""1"": ""blocked"", ""2"": ""rx_and_data_rate""}}"
2025-04-05 00:04:47,"{""gw-2"": {""1"": ""blocked"", ""2"": ""rx_and_data_rate""}}"
2025-04-05 00:04:48,"{""gw-2"": {""1"": ""blocked"", ""2"": ""rx_and_data_rate""}}"
2025-04-05 00:04:48,"{""gw-2"": {""1"": ""rx_and_data_rate"", ""2"": ""conflict""}}"
2025-04-05 00:04:50,"{""gw-1"": {""1"": ""rx_and_data_rate"", ""2"": ""conflict""}}"
2025-04-05 00:04:51,"{""gw-1"": {""1"": ""conflict"", ""2"": ""rx_and_data_rate""}}"
2025-04-05 00:04:52,"{""gw-3"": {""1"": ""rx_and_data_rate"", ""2"": ""blocked""}}"
2025-04-05 00:04:53,"{""gw-2"": {""1"": ""rx_and_data_rate"", ""2"": ""blocked""}}"
2025-04-05 00:04:54,"{""gw-1"": {""1"": ""rx_and_data_rate"", ""2"": ""blocked""}}"
2025-04-05 00:04:55,"{""gw-3"": {""1"": ""rx_and_data_rate"", ""2"": ""blocked""}}"
2025-04-05 00:04:57,"{""gw-1"": {""1"": ""blocked"", ""2"": ""blocked""}}"
2025-04-05 00:04:58,"{""gw-1"": {""1"": ""blocked"", ""2"": ""rx_and_data_rate""}}"
2025-04-05 00:05:00,"{""gw-2"": {""1"": ""blocked"", ""2"": ""rx_and_data_rate""}}"
2025-04-05 00:05:02,"{""gw-3"": {""1"": ""blocked"", ""2"": ""rx_and_data_rate""}}"
2025-04-05 00:05:02,"{""gw-3"": {""1"": ""rx_and_data_rate"", ""2"": ""blocked""}}"
2025-04-05 00:05:03,"{""gw-3"": {""1"": ""rx_and_data_rate"", ""2"": ""blocked""}}"
2025-04-05 00:05:05,"{""gw-1"": {""1"": ""conflict"", ""2"": ""blocked""}}"
2025-04-05 00:05:08,"{""gw-2"": {""1"": ""blocked"", ""2"": ""rx_and_data_rate""}, ""gw-1"": {""1"": ""blocked"", ""2"": ""rx_and_data_rate""}}"
2025-04-05 00:05:08,"{""gw-2"": {""1"": ""rx_and_data_rate"", ""2"": ""blocked""}, ""gw-3"": {""1"": ""rx_and_data_rate"", ""2"": ""blocked""}}"
2025-04-05 00:05:09,"{""gw-3"": {""1"": ""blocked"", ""2"": ""rx_and_data_rate""}, ""gw-1"": {""1"": ""blocked"", ""2"": ""rx_and_data_rate""}}"
2025-04-05 00:05:09,"{""gw-2"": {""1"": ""rx_and_data_rate"", ""2"": ""blocked""}}"
2025-04-05 00:05:10,"{""gw-2"": {""1"": ""blocked"", ""2"": ""rx_and_data_rate""}}"
2025-04-05 00:05:12,"{""gw-3"": {""1"": ""conflict"", ""2"": ""rx_and_data_rate""}}"
2025-04-05 00:05:14,"{""gw-1"": {""1"": ""blocked"", ""2"": ""rx_and_data_rate""}}"
2025-04-05 00:05:14,"{""gw-2"": {""1"": ""blocked"", ""2"": ""conflict""}}"
2025-04-05 00:05:18,"{""gw-1"": {""1"": ""rx_and_data_rate"", ""2"": ""conflict""}, ""gw-3"": {""1"": ""rx_and_data_rate"", ""2"": ""blocked""}}"
2025-04-05 00:05:19,"{""gw-2"": {""1"": ""rx_and_data_rate"", ""2"": ""blocked""}}"
2025-04-05 00:05:19,"{""gw-2"": {""1"": ""rx_and_data_rate"", ""2"": ""blocked""}}"
2025-04-05 00:05:19,"{""gw-3"": {""1"": ""rx_and_data_rate"", ""2"": ""blocked""}, ""gw-2"": {""1"": ""rx_and_data_rate"", ""2"": ""blocked""}}"
2025-04-05 00:05:20,"{""gw-1"": {""1"": ""conflict"", ""2"": ""blocked""}, ""gw-2"": {""1"": ""blocked"", ""2"": ""blocked""}}"
2025-04-05 00:05:21,"{""gw-1"": {""1"": ""blocked"", ""2"": ""rx_and_data_rate""}}"
2025-04-05 00:05:21,"{""gw-2"": {""1"": ""blocked"", ""2"": ""rx_and_data_rate""}}"
2025-04-05 00:05:22,"{""gw-1"": {""1"": ""blocked"", ""2"": ""rx_and_data_rate""}}"
2025-04-05 00:05:23,"{""gw-2"": {""1"": ""rx_and_data_rate"", ""2"": ""blocked""}}"
2025-04-05 00:05:23,"{""gw-3"": {""1"": ""blocked"", ""2"": ""rx_and_data_rate""}, ""gw-1"": {""1"": ""blocked"", ""2"": ""rx_and_data_rate""}}"
2025-04-05 00:05:23,"{""gw-2"": {""1"": ""rx_and_data_rate"", ""2"": ""blocked""}}"
2025-04-05 00:05:24,"{""gw-2"": {""1"": ""rx_and_data_rate"", ""2"": ""blocked""}}"
2025-04-05 00:05:24,"{""gw-1"": {""1"": ""rx_and_data_rate"", ""2"": ""blocked""}}"
2025-04-05 00:05:24,"{""gw-3"": {""1"": ""conflict"", ""2"": ""rx_and_data_rate""}}"
2025-04-05 00:05:25,"{""gw-2"": {""1"": ""blocked"", ""2"": ""rx_and_data_rate""}, ""gw-1"": {""1"": ""conflict"", ""2"": ""rx_and_data_rate""}}"
2025-04-05 00:05:26,"{""gw-1"": {""1"": ""blocked"", ""2"": ""blocked""}}"
2025-04-05 00:05:29,"{""gw-3"": {""1"": ""rx_and_data_rate"", ""2"": ""blocked""}}"
2025-04-05 00:05:30,"{""gw-2"": {""1"": ""blocked"", ""2"": ""rx_and_data_rate""}}"
2025-04-05 00:05:33,"{""gw-1"": {""1"": ""conflict"", ""2"": ""rx_and_data_rate""}}"
2025-04-05 00:05:35,"{""gw-3"": {""1"": ""rx_and_data_rate"", ""2"": ""blocked""}}"
2025-04-05 00:05:36,"{""gw-1"": {""1"": ""rx_and_data_rate"", ""2"": ""blocked""}}"
2025-04-05 00:05:40,"{""gw-2"": {""1"": ""rx_and_data_rate"", ""2"": ""blocked""}, ""gw-3"": {""1"": ""rx_and_data_rate"", ""2"": ""conflict""}}"
2025-04-05 00:05:40,"{""gw-1"": {""1"": ""rx_and_data_rate"", ""2"": ""blocked""}}"
2025-04-05 00:05:41,"{""gw-1"": {""1"": ""blocked"", ""2"": ""rx_and_data_rate""}, ""gw-2"": {""1"": ""blocked"", ""2"": ""rx_and_data_rate""}}"
2025-04-05 00:05:42,"{""gw-1"": {""1"": ""blocked"", ""2"": ""rx_and_data_rate""}}"
2025-04-05 00:05:44,"{""gw-1"": {""1"": ""blocked"", ""2"": ""rx_and_data_rate""}}"
2025-04-05 00:05:49,"{""gw-3"": {""1"": ""rx_and_data_rate"", ""2"": ""blocked""}}"
2025-04-05 00:05:50,"{""gw-2"": {""1"": ""rx_and_data_rate"", ""2"": ""blocked""}}"
2025-04-05 00:05:51,"{""gw-1"": {""1"": ""blocked"", ""2"": ""blocked""}}"
2025-04-05 00:05:52,"{""gw-1"": {""1"": ""rx_and_data_rate"", ""2"": ""blocked""}}"
2025-04-05 00:05:55,"{""gw-3"": {""1"": ""rx_and_data_rate"", ""2"": ""conflict""}, ""gw-2"": {""1"": ""rx_and_data_rate"", ""2"": ""blocked""}}"
2025-04-05 00:05:55,"{""gw-2"": {""1"": ""rx_and_data_rate"", ""2"": ""blocked""}, ""gw-1"": {""1"": ""rx_and_data_rate"", ""2"": ""blocked""}}"
2025-04-05 00:05:56,"{""gw-2"": {""1"": ""rx_and_data_rate"", ""2"": ""blocked""}}"
2025-04-05 00:05:57,"{""gw-2"": {""1"": ""rx_and_data_rate"", ""2"": ""blocked""}}"
2025-04-05 00:05:57,"{""gw-2"": {""1"": ""blocked"", ""2"": ""rx_and_data_rate""}, ""gw-1"": {""1"": ""blocked"", ""2"": ""rx_and_data_rate""}}"
2025-04-05 00:06:00,"{""gw-2"": {""1"": ""conflict"", ""2"": ""blocked""}, ""gw-3"": {""1"": ""blocked"", ""2"": ""blocked""}}"
2025-04-05 00:06:00,"{""gw-1"": {""1"": ""rx_and_data_rate"", ""2"": ""conflict""}, ""gw-2"": {""1"": ""rx_and_data_rate"", ""2"": ""blocked""}}"
2025-04-05 00:06:01,"{""gw-3"": {""1"": ""blocked"", ""2"": ""rx_and_data_rate""}, ""gw-1"": {""1"": ""blocked"", ""2"": ""rx_and_data_rate""}}"
2025-04-05 00:06:01,"{""gw-3"": {""1"": ""blocked"", ""2"": ""rx_and_data_rate""}}"
2025-04-05 00:06:03,"{""gw-2"": {""1"": ""rx_and_data_rate"", ""2"": ""blocked""}, ""gw-3"": {""1"": ""rx_and_data_rate"", ""2"": ""blocked""}}"
2025-04-05 00:06:04,"{""gw-1"": {""1"": ""blocked"", ""2"": ""rx_and_data_rate""}}"
2025-04-05 00:06:05,"{""gw-1"": {""1"": ""rx_and_data_rate"", ""2"": ""blocked""}, ""gw-3"": {""1"": ""rx_and_data_rate"", ""2"": ""blocked""}, ""gw-2"": {""1"": ""rx_and_data_rate"", ""2"": ""blocked""}}"
2025-04-05 00:06:05,"{""gw-1"": {""1"": ""rx_and_data_rate"", ""2"": ""blocked""}}"
2025-04-05 00:06:06,"{""gw-1"": {""1"": ""blocked"", ""2"": ""rx_and_data_rate""}}"
2025-04-05 00:06:07,"{""gw-2"": {""1"": ""blocked"", ""2"": ""rx_and_data_rate""}}"
2025-04-05 00:06:07,"{""gw-1"": {""1"": ""blocked"", ""2"": ""rx_and_data_rate""}}"
2025-04-05 00:06:08,"{""gw-1"": {""1"": ""rx_and_data_rate"", ""2"": ""blocked""}, ""gw-2"": {""1"": ""rx_and_data_rate"", ""2"": ""blocked""}}"
2025-04-05 00:06:09,"{""gw-3"": {""1"": ""blocked"", ""2"": ""conflict""}, ""gw-1"": {""1"": ""blocked"", ""2"": ""blocked""}}"
2025-04-05 00:06:09,"{""gw-3"": {""1"": ""conflict"", ""2"": ""conflict""}}"
2025-04-05 00:06:13,"{""gw-1"": {""1"": ""blocked"", ""2"": ""rx_and_data_rate""}}"
2025-04-05 00:06:13,"{""gw-2"": {""1"": ""rx_and_data_rate"", ""2"": ""blocked""}}"
2025-04-05 00:06:17,"{""gw-3"": {""1"": ""rx_and_data_rate"", ""2"": ""blocked""}, ""gw-2"": {""1"": ""rx_and_data_rate"", ""2"": ""blocked""}}"
2025-04-05 00:06:18,"{""gw-1"": {""1"": ""rx_and_data_rate"", ""2"": ""conflict""}, ""gw-2"": {""1"": ""rx_and_data_rate"", ""2"": ""blocked""}, ""gw-3"": {""1"": ""rx_and_data_rate"", ""2"": ""blocked""}}"
2025-04-05 00:06:22,"{""gw-3"": {""1"": ""conflict"", ""2"": ""rx_and_data_rate""}}"
2025-04-05 00:06:25,"{""gw-1"": {""1"": ""blocked"", ""2"": ""rx_and_data_rate""}}"
2025-04-05 00:06:26,"{""gw-3"": {""1"": ""blocked"", ""2"": ""rx_and_data_rate""}, ""gw-1"": {""1"": ""blocked"", ""2"": ""rx_and_data_rate""}, ""gw-2"": {""1"": ""blocked"", ""2"": ""rx_and_data_rate""}}"
2025-04-05 00:06:28,"{""gw-1"": {""1"": ""rx_and_data_rate"", ""2"": ""blocked""}, ""gw-3"": {""1"": ""rx_and_data_rate"", ""2"": ""blocked""}}"
2025-04-05 00:06:28,"{""gw-3"": {""1"": ""rx_and_data_rate"", ""2"": ""blocked""}}"
2025-04-05 00:06:28,"{""gw-3"": {""1"": ""blocked"", ""2"": ""rx_and_data_rate""}, ""gw-1"": {""1"": ""blocked"", ""2"": ""rx_and_data_rate""}}"
2025-04-05 00:06:30,"{""gw-2"": {""1"": ""rx_and_data_rate"", ""2"": ""blocked""}}"
2025-04-05 00:06:31,"{""gw-1"": {""1"": ""conflict"", ""2"": ""blocked""}}"
2025-04-05 00:06:31,"{""gw-3"": {""1"": ""blocked"", ""2"": ""rx_and_data_rate""}}"
2025-04-05 00:06:32,"{""gw-2"": {""1"": ""blocked"", ""2"": ""rx_and_data_rate""}, ""gw-3"": {""1"": ""blocked"", ""2"": ""rx_and_data_rate""}}"
2025-04-05 00:06:32,"{""gw-1"": {""1"": ""conflict"", ""2"": ""rx_and_data_rate""}}"
2025-04-05 00:06:32,"{""gw-2"": {""1"": ""rx_and_data_rate"", ""2"": ""blocked""}}"
2025-04-05 00:06:34,"{""gw-2"": {""1"": ""rx_and_data_rate"", ""2"": ""blocked""}}"
2025-04-05 00:06:35,"{""gw-2"": {""1"": ""blocked"", ""2"": ""rx_and_data_rate""}}"
2025-04-05 00:06:36,"{""gw-2"": {""1"": ""rx_and_data_rate"", ""2"": ""blocked""}}"
2025-04-05 00:06:37,"{""gw-2"": {""1"": ""blocked"", ""2"": ""blocked""}}"
2025-04-05 00:06:38,"{""gw-1"": {""1"": ""blocked"", ""2"": ""rx_and_data_rate""}}"
2025-04-05 00:06:39,"{""gw-2"": {""1"": ""conflict"", ""2"": ""conflict""}}"
2025-04-05 00:06:43,"{""gw-2"": {""1"": ""rx_and_data_rate"", ""2"": ""blocked""}}"
2025-04-05 00:06:44,"{""gw-1"": {""1"": ""rx_and_data_rate"", ""2"": ""blocked""}}"
2025-04-05 00:06:47,"{""gw-1"": {""1"": ""rx_and_data_rate"", ""2"": ""blocked""}}"
2025-04-05 00:06:47,"{""gw-3"": {""1"": ""blocked"", ""2"": ""rx_and_data_rate""}}"
2025-04-05 00:06:47,"{""gw-1"": {""1"": ""conflict"", ""2"": ""rx_and_data_rate""}}"
2025-04-05 00:06:47,"{""gw-3"": {""1"": ""blocked"", ""2"": ""rx_and_data_rate""}}"
2025-04-05 00:06:48,"{""gw-1"": {""1"": ""blocked"", ""2"": ""rx_and_data_rate""}}"
2025-04-05 00:06:52,"{""gw-2"": {""1"": ""conflict"", ""2"": ""blocked""}}"
2025-04-05 00:06:52,"{""gw-3"": {""1"": ""rx_and_data_rate"", ""2"": ""blocked""}, ""gw-2"": {""1"": ""rx_and_data_rate"", ""2"": ""blocked""}}"
2025-04-05 00:06:53,"{""gw-1"": {""1"": ""rx_and_data_rate"", ""2"": ""blocked""}}"
2025-04-05 00:06:53,"{""gw-3"": {""1"": ""blocked"", ""2"": ""rx_and_data_rate""}}"
2025-04-05 00:06:54,"{""gw-2"": {""1"": ""blocked"", ""2"": ""rx_and_data_rate""}, ""gw-1"": {""1"": ""blocked"", ""2"": ""rx_and_data_rate""}, ""gw-3"": {""1"": ""blocked"", ""2"": ""rx_and_data_rate""}}"
2025-04-05 00:06:56,"{""gw-3"": {""1"": ""rx_and_data_rate"", ""2"": ""blocked""}}"
2025-04-05 00:06:58,"{""gw-2"": {""1"": ""blocked"", ""2"": ""rx_and_data_rate""}}"
2025-04-05 00:06:58,"{""gw-2"": {""1"": ""rx_and_data_rate"", ""2"": ""blocked""}}"
2025-04-05 00:06:58,"{""gw-2"": {""1"": ""blocked"", ""2"": ""rx_and_data_rate""}, ""gw-3"": {""1"": ""blocked"", ""2"": ""rx_and_data_rate""}}"
2025-04-05 00:06:59,"{""gw-3"": {""1"": ""rx_and_data_rate"", ""2"": ""blocked""}}"
2025-04-05 00:06:59,"{""gw-1"": {""1"": ""blocked"", ""2"": ""rx_and_data_rate""}}"
2025-04-05 00:07:04,"{""gw-1"": {""1"": ""blocked"", ""2"": ""rx_and_data_rate""}, ""gw-3"": {""1"": ""conflict"", ""2"": ""rx_and_data_rate""}}"
2025-04-05 00:07:04,"{""gw-1"": {""1"": ""blocked"", ""2"": ""rx_and_data_rate""}}"
2025-04-05 00:07:05,"{""gw-1"": {""1"": ""blocked"", ""2"": ""rx_and_data_rate""}}"
2025-04-05 00:07:11,"{""gw-2"": {""1"": ""blocked"", ""2"": ""rx_and_data_rate""}}"
2025-04-05 00:07:12,"{""gw-2"": {""1"": ""rx_and_data_rate"", ""2"": ""blocked""}}"
2025-04-05 00:07:13,"{""gw-3"": {""1"": ""blocked"", ""2"": ""blocked""}, ""gw-2"": {""1"": ""blocked"", ""2"": ""blocked""}}"
2025-04-05 00:07:14,"{""gw-2"": {""1"": ""rx_and_data_rate"", ""2"": ""conflict""}}"
2025-04-05 00:07:18,"{""gw-2"": {""1"": ""rx_and_data_rate"", ""2"": ""blocked""}}"
2025-04-05 00:07:18,"{""gw-1"": {""1"": ""rx_and_data_rate"", ""2"": ""blocked""}}"
2025-04-05 00:07:21,"{""gw-2"": {""1"": ""rx_and_data_rate"", ""2"": ""blocked""}}"
2025-04-05 00:07:22,"{""gw-3"": {""1"": ""rx_and_data_rate"", ""2"": ""blocked""}}"
2025-04-05 00:07:22,"{""gw-1"": {""1"": ""blocked"", ""2"": ""rx_and_data_rate""}}"
2025-04-05 00:07:24,"{""gw-2"": {""1"": ""blocked"", ""2"": ""blocked""}}"
2025-04-05 00:07:26,"{""gw-3"": {""1"": ""blocked"", ""2"": ""blocked""}}"
2025-04-05 00:07:26,"{""gw-1"": {""1"": ""conflict"", ""2"": ""blocked""}}"
2025-04-05 00:07:26,"{""gw-1"": {""1"": ""conflict"", ""2"": ""rx_and_data_rate""}, ""gw-3"": {""1"": ""blocked"", ""2"": ""rx_and_data_rate""}}"
2025-04-05 00:07:27,"{""gw-3"": {""1"": ""rx_and_data_rate"", ""2"": ""blocked""}}"
2025-04-05 00:07:27,"{""gw-3"": {""1"": ""blocked"", ""2"": ""rx_and_data_rate""}}"
2025-04-05 00:07:28,"{""gw-2"": {""1"": ""conflict"", ""2"": ""blocked""}}"
2025-04-05 00:07:28,"{""gw-3"": {""1"": ""blocked"", ""2"": ""rx_and_data_rate""}}"
2025-04-05 00:07:29,"{""gw-1"": {""1"": ""blocked"", ""2"": ""blocked""}}"
2025-04-05 00:07:30,"{""gw-1"": {""1"": ""blocked"", ""2"": ""rx_and_data_rate""}}"
2025-04-05 00:07:30,"{""gw-1"": {""1"": ""rx_and_data_rate"", ""2"": ""blocked""}}"
2025-04-05 00:07:32,"{""gw-2"": {""1"": ""blocked"", ""2"": ""rx_and_data_rate""}}"
2025-04-05 00:07:32,"{""gw-1"": {""1"": ""blocked"", ""2"": ""rx_and_data_rate""}}"
2025-04-05 00:07:33,"{""gw-3"": {""1"": ""blocked"", ""2"": ""rx_and_data_rate""}, ""gw-1"": {""1"": ""blocked"", ""2"": ""rx_and_data_rate""}}"
2025-04-05 00:07:33,"{""gw-2"": {""1"": ""blocked"", ""2"": ""rx_and_data_rate""}, ""gw-1"": {""1"": ""blocked"", ""2"": ""rx_and_data_rate""}}"
2025-04-05 00:07:34,"{""gw-3"": {""1"": ""blocked"", ""2"": ""blocked""}, ""gw-1"": {""1"": ""blocked"", ""2"": ""blocked""}}"
2025-04-05 00:07:34,"{""gw-3"": {""1"": ""rx_and_data_rate"", ""2"": ""blocked""}}"
2025-04-05 00:07:34,"{""gw-2"": {""1"": ""blocked"", ""2"": ""rx_and_data_rate""}}"
2025-04-05 00:07:34,"{""gw-1"": {""1"": ""blocked"", ""2"": ""rx_and_data_rate""}}"
2025-04-05 00:07:35,"{""gw-1"": {""1"": ""blocked"", ""2"": ""rx_and_data_rate""}}"
2025-04-05 00:07:36,"{""gw-2"": {""1"": ""rx_and_data_rate"", ""2"": ""blocked""}, ""gw-1"": {""1"": ""rx_and_data_rate"", ""2"": ""blocked""}}"
2025-04-05 00:07:36,"{""gw-2"": {""1"": ""rx_and_data_rate"", ""2"": ""blocked""}}"
2025-04-05 00:07:36,"{""gw-2"": {""1"": ""rx_and_data_rate"", ""2"": ""blocked""}}"
2025-04-05 00:07:38,"{""gw-3"": {""1"": ""blocked"", ""2"": ""rx_and_data_rate""}, ""gw-1"": {""1"": ""blocked"", ""2"": ""rx_and_data_rate""}}"
2025-04-05 00:07:39,"{""gw-3"": {""1"": ""rx_and_data_rate"", ""2"": ""blocked""}}"
2025-04-05 00:07:39,"{""gw-1"": {""1"": ""rx_and_data_rate"", ""2"": ""conflict""}}"
2025-04-05 00:07:40,"{""gw-2"": {""1"": ""rx_and_data_rate"", ""2"": ""blocked""}}"
2025-04-05 00:07:43,"{""gw-1"": {""1"": ""rx_and_data_rate"", ""2"": ""blocked""}}"
2025-04-05 00:07:44,"{""gw-2"": {""1"": ""blocked"", ""2"": ""rx_and_data_rate""}, ""gw-3"": {""1"": ""blocked"", ""2"": ""rx_and_data_rate""}}"
2025-04-05 00:07:45,"{""gw-2"": {""1"": ""rx_and_data_rate"", ""2"": ""blocked""}}"
2025-04-05 00:07:45,"{""gw-3"": {""1"": ""conflict"", ""2"": ""rx_and_data_rate""}}"
2025-04-05 00:07:45,"{""gw-3"": {""1"": ""conflict"", ""2"": ""rx_and_data_rate""}, ""gw-1"": {""1"": ""blocked"", ""2"": ""rx_and_data_rate""}}"
2025-04-05 00:07:46,"{""gw-1"": {""1"": ""rx_and_data_rate"", ""2"": ""blocked""}, ""gw-2"": {""1"": ""rx_and_data_rate"", ""2"": ""blocked""}}"
2025-04-05 00:07:47,"{""gw-2"": {""1"": ""rx_and_data_rate"", ""2"": ""blocked""}}"
2025-04-05 00:07:49,"{""gw-1"": {""1"": ""blocked"", ""2"": ""rx_and_data_rate""}}"
2025-04-05 00:07:54,"{""gw-3"": {""1"": ""conflict"", ""2"": ""rx_and_data_rate""}}"
2025-04-05 00:07:56,"{""gw-3"": {""1"": ""blocked"", ""2"": ""rx_and_data_rate""}}"
2025-04-05 00:07:58,"{""gw-2"": {""1"": ""blocked"", ""2"": ""rx_and_data_rate""}, ""gw-3"": {""1"": ""blocked"", ""2"": ""rx_and_data_rate""}}"
2025-04-05 00:07:58,"{""gw-2"": {""1"": ""rx_and_data_rate"", ""2"": ""blocked""}}"
2025-04-05 00:07:58,"{""gw-3"": {""1"": ""conflict"", ""2"": ""conflict""}}"
2025-04-05 00:07:59,"{""gw-2"": {""1"": ""rx_and_data_rate"", ""2"": ""blocked""}, ""gw-3"": {""1"": ""rx_and_data_rate"", ""2"": ""blocked""}}"
2025-04-05 00:07:59,"{""gw-1"": {""1"": ""blocked"", ""2"": ""blocked""}, ""gw-3"": {""1"": ""conflict"", ""2"": ""blocked""}}"
2025-04-05 00:08:01,"{""gw-3"": {""1"": ""blocked"", ""2"": ""rx_and_data_rate""}}"
2025-04-05 00:08:01,"{""gw-1"": {""1"": ""blocked"", ""2"": ""blocked""}, ""gw-3"": {""1"": ""blocked"", ""2"": ""blocked""}}"
2025-04-05 00:08:01,"{""gw-3"": {""1"": ""blocked"", ""2"": ""rx_and_data_rate""}}"
2025-04-05 00:08:02,"{""gw-1"": {""1"": ""rx_and_data_rate"", ""2"": ""blocked""}}"
2025-04-05 00:08:02,"{""gw-2"": {""1"": ""blocked"", ""2"": ""rx_and_data_rate""}, ""gw-3"": {""1"": ""blocked"", ""2"": ""rx_and_data_rate""}}"
2025-04-05 00:08:03,"{""gw-3"": {""1"": ""blocked"", ""2"": ""rx_and_data_rate""}}"
2025-04-05 00:08:03,"{""gw-1"": {""1"": ""blocked"", ""2"": ""rx_and_data_rate""}, ""gw-3"": {""1"": ""blocked"", ""2"": ""rx_and_data_rate""}}"
2025-04-05 00:08:04,"{""gw-1"": {""1"": ""blocked"", ""2"": ""rx_and_data_rate""}, ""gw-3"": {""1"": ""blocked"", ""2"": ""rx_and_data_rate""}}"
2025-04-05 00:08:04,"{""gw-3"": {""1"": ""blocked"", ""2"": ""rx_and_data_rate""}, ""gw-2"": {""1"": ""blocked"", ""2"": ""rx_and_data_rate""}}"
2025-04-05 00:08:05,"{""gw-2"": {""1"": ""rx_and_data_rate"", ""2"": ""blocked""}}"
2025-04-05 00:08:05,"{""gw-3"": {""1"": ""blocked"", ""2"": ""rx_and_data_rate""}, ""gw-1"": {""1"": ""blocked"", ""2"": ""rx_and_data_rate""}}"
2025-04-05 00:08:07,"{""gw-2"": {""1"": ""blocked"", ""2"": ""blocked""}}"
2025-04-05 00:08:07,"{""gw-2"": {""1"": ""blocked"", ""2"": ""rx_and_data_rate""}}"
2025-04-05 00:08:08,"{""gw-2"": {""1"": ""blocked"", ""2"": ""blocked""}, ""gw-3"": {""1"": ""blocked"", ""2"": ""blocked""}}"
2025-04-05 00:08:09,"{""gw-2"": {""1"": ""blocked"", ""2"": ""blocked""}}"
2025-04-05 00:08:09,"{""gw-1"": {""1"": ""rx_and_data_rate"", ""2"": ""blocked""}}"
2025-04-05 00:08:12,"{""gw-1"": {""1"": ""rx_and_data_rate"", ""2"": ""blocked""}}"
2025-04-05 00:08:12,"{""gw-2"": {""1"": ""blocked"", ""2"": ""rx_and_data_rate""}}"
2025-04-05 00:08:12,"{""gw-2"": {""1"": ""blocked"", ""2"": ""rx_and_data_rate""}}"
2025-04-05 00:08:13,"{""gw-2"": {""1"": ""rx_and_data_rate"", ""2"": ""blocked""}, ""gw-1"": {""1"": ""rx_and_data_rate"", ""2"": ""blocked""}}"
2025-04-05 00:08:13,"{""gw-1"": {""1"": ""blocked"", ""2"": ""rx_and_data_rate""}}"
2025-04-05 00:08:15,"{""gw-3"": {""1"": ""blocked"", ""2"": ""rx_and_data_rate""}, ""gw-1"": {""1"": ""blocked"", ""2"": ""rx_and_data_rate""}}"
2025-04-05 00:08:16,"{""gw-2"": {""1"": ""blocked"", ""2"": ""rx_and_data_rate""}}"
2025-04-05 00:08:17,"{""gw-2"": {""1"": ""blocked"", ""2"": ""rx_and_data_rate""}}"
2025-04-05 00:08:18,"{""gw-2"": {""1"": ""blocked"", ""2"": ""rx_and_data_rate""}}"
2025-04-05 00:08:22,"{""gw-1"": {""1"": ""blocked"", ""2"": ""blocked""}, ""gw-3"": {""1"": ""blocked"", ""2"": ""blocked""}}"
2025-04-05 00:08:24,"{""gw-1"": {""1"": ""blocked"", ""2"": ""blocked""}}"
2025-04-05 00:08:25,"{""gw-3"": {""1"": ""rx_and_data_rate"", ""2"": ""blocked""}}"
2025-04-05 00:08:26,"{""gw-1"": {""1"": ""blocked"", ""2"": ""rx_and_data_rate""}}"
2025-04-05 00:08:26,"{""gw-2"": {""1"": ""blocked"", ""2"": ""blocked""}}"
2025-04-05 00:08:27,"{""gw-1"": {""1"": ""blocked"", ""2"": ""rx_and_data_rate""}, ""gw-3"": {""1"": ""blocked"", ""2"": ""rx_and_data_rate""}}"
2025-04-05 00:08:27,"{""gw-3"": {""1"": ""blocked"", ""2"": ""rx_and_data_rate""}, ""gw-2"": {""1"": ""blocked"", ""2"": ""rx_and_data_rate""}}"
2025-04-05 00:08:28,"{""gw-1"": {""1"": ""blocked"", ""2"": ""rx_and_data_rate""}}"
2025-04-05 00:08:28,"{""gw-2"": {""1"": ""blocked"", ""2"": ""blocked""}}"
2025-04-05 00:08:28,"{""gw-2"": {""1"": ""rx_and_data_rate"", ""2"": ""blocked""}}"
2025-04-05 00:08:31,"{""gw-2"": {""1"": ""blocked"", ""2"": ""blocked""}}"
2025-04-05 00:08:32,"{""gw-2"": {""1"": ""blocked"", ""2"": ""rx_and_data_rate""}}"
2025-04-05 00:08:33,"{""gw-1"": {""1"": ""blocked"", ""2"": ""rx_and_data_rate""}}"
2025-04-05 00:08:33,"{""gw-2"": {""1"": ""conflict"", ""2"": ""conflict""}}"
2025-04-05 00:08:34,"{""gw-1"": {""1"": ""blocked"", ""2"": ""rx_and_data_rate""}}"
2025-04-05 00:08:34,"{""gw-2"": {""1"": ""conflict"", ""2"": ""rx_and_data_rate""}}"
2025-04-05 00:08:35,"{""gw-3"": {""1"": ""blocked"", ""2"": ""blocked""}}"
2025-04-05 00:08:37,"{""gw-3"": {""1"": ""blocked"", ""2"": ""blocked""}, ""gw-2"": {""1"": ""conflict"", ""2"": ""blocked""}}"
2025-04-05 00:08:37,"{""gw-3"": {""1"": ""blocked"", ""2"": ""blocked""}, ""gw-1"": {""1"": ""blocked"", ""2"": ""blocked""}}"
2025-04-05 00:08:37,"{""gw-2"": {""1"": ""blocked"", ""2"": ""blocked""}}"
2025-04-05 00:08:39,"{""gw-1"": {""1"": ""blocked"", ""2"": ""rx_and_data_rate""}}"
2025-04-05 00:08:40,"{""gw-1"": {""1"": ""rx_and_data_rate"", ""2"": ""blocked""}}"
2025-04-05 00:08:40,"{""gw-3"": {""1"": ""blocked"", ""2"": ""rx_and_data_rate""}, ""gw-2"": {""1"": ""blocked"", ""2"": ""rx_and_data_rate""}}"
2025-04-05 00:08:41,"{""gw-2"": {""1"": ""blocked"", ""2"": ""rx_and_data_rate""}, ""gw-1"": {""1"": ""blocked"", ""2"": ""rx_and_data_rate""}}"
2025-04-05 00:08:43,"{""gw-2"": {""1"": ""blocked"", ""2"": ""rx_and_data_rate""}}"
2025-04-05 00:08:43,"{""gw-2"": {""1"": ""rx_and_data_rate"", ""2"": ""blocked""}}"
2025-04-05 00:08:44,"{""gw-1"": {""1"": ""conflict"", ""2"": ""rx_and_data_rate""}}"
2025-04-05 00:08:45,"{""gw-2"": {""1"": ""blocked"", ""2"": ""conflict""}}"
2025-04-05 00:08:45,"{""gw-3"": {""1"": ""blocked"", ""2"": ""blocked""}}"
2025-04-05 00:08:46,"{""gw-3"": {""1"": ""blocked"", ""2"": ""rx_and_data_rate""}}"
2025-04-05 00:08:47,"{""gw-3"": {""1"": ""blocked"", ""2"": ""rx_and_data_rate""}, ""gw-1"": {""1"": ""blocked"", ""2"": ""rx_and_data_rate""}}"
2025-04-05 00:08:48,"{""gw-1"": {""1"": ""blocked"", ""2"": ""rx_and_data_rate""}}"
2025-04-05 00:08:48,"{""gw-1"": {""1"": ""blocked"", ""2"": ""rx_and_data_rate""}, ""gw-3"": {""1"": ""blocked"", ""2"": ""rx_and_data_rate""}}"
2025-04-05 00:08:48,"{""gw-2"": {""1"": ""blocked"", ""2"": ""rx_and_data_rate""}}"
2025-04-05 00:08:59,"{""gw-3"": {""1"": ""blocked"", ""2"": ""blocked""}}"
2025-04-05 00:09:00,"{""gw-3"": {""1"": ""blocked"", ""2"": ""blocked""}}"
2025-04-05 00:09:00,"{""gw-1"": {""1"": ""blocked"", ""2"": ""rx_and_data_rate""}, ""gw-2"": {""1"": ""conflict"", ""2"": ""rx_and_data_rate""}}"
2025-04-05 00:09:00,"{""gw-2"": {""1"": ""rx_and_data_rate"", ""2"": ""blocked""}}"
2025-04-05 00:09:00,"{""gw-1"": {""1"": ""blocked"", ""2"": ""rx_and_data_rate""}, ""gw-2"": {""1"": ""conflict"", ""2"": ""rx_and_data_rate""}, ""gw-3"": {""1"": ""blocked"", ""2"": ""rx_and_data_rate""}}"
2025-04-05 00:09:02,"{""gw-1"": {""1"": ""blocked"", ""2"": ""rx_and_data_rate""}, ""gw-3"": {""1"": ""blocked"", ""2"": ""rx_and_data_rate""}}"
2025-04-05 00:09:02,"{""gw-1"": {""1"": ""rx_and_data_rate"", ""2"": ""blocked""}, ""gw-3"": {""1"": ""rx_and_data_rate"", ""2"": ""blocked""}}"
2025-04-05 00:09:02,"{""gw-1"": {""1"": ""blocked"", ""2"": ""blocked""}}"
2025-04-05 00:09:03,"{""gw-3"": {""1"": ""blocked"", ""2"": ""rx_and_data_rate""}, ""gw-1"": {""1"": ""blocked"", ""2"": ""rx_and_data_rate""}}"
2025-04-05 00:09:04,"{""gw-2"": {""1"": ""blocked"", ""2"": ""rx_and_data_rate""}, ""gw-3"": {""1"": ""blocked"", ""2"": ""rx_and_data_rate""}}"
2025-04-05 00:09:04,"{""gw-1"": {""1"": ""blocked"", ""2"": ""rx_and_data_rate""}, ""gw-3"": {""1"": ""blocked"", ""2"": ""rx_and_data_rate""}}"
2025-04-05 00:09:08,"{""gw-2"": {""1"": ""rx_and_data_rate"", ""2"": ""blocked""}}"
2025-04-05 00:09:10,"{""gw-2"": {""1"": ""blocked"", ""2"": ""rx_and_data_rate""}, ""gw-3"": {""1"": ""blocked"", ""2"": ""rx_and_data_rate""}}"
2025-04-05 00:09:11,"{""gw-1"": {""1"": ""blocked"", ""2"": ""rx_and_data_rate""}, ""gw-3"": {""1"": ""conflict"", ""2"": ""rx_and_data_rate""}}"
2025-04-05 00:09:13,"{""gw-2"": {""1"": ""blocked"", ""2"": ""rx_and_data_rate""}, ""gw-3"": {""1"": ""blocked"", ""2"": ""rx_and_data_rate""}}"
2025-04-05 00:09:15,"{""gw-3"": {""1"": ""blocked"", ""2"": ""rx_and_data_rate""}, ""gw-1"": {""1"": ""blocked"", ""2"": ""rx_and_data_rate""}}"
2025-04-05 00:09:16,"{""gw-2"": {""1"": ""blocked"", ""2"": ""rx_and_data_rate""}}"
2025-04-05 00:09:20,"{""gw-2"": {""1"": ""rx_and_data_rate"", ""2"": ""blocked""}}"
2025-04-05 00:09:20,"{""gw-2"": {""1"": ""conflict"", ""2"": ""rx_and_data_rate""}}"
2025-04-05 00:09:22,"{""gw-1"": {""1"": ""blocked"", ""2"": ""rx_and_data_rate""}}"
2025-04-05 00:09:24,"{""gw-3"": {""1"": ""blocked"", ""2"": ""rx_and_data_rate""}}"
2025-04-05 00:09:33,"{""gw-2"": {""1"": ""conflict"", ""2"": ""rx_and_data_rate""}, ""gw-1"": {""1"": ""blocked"", ""2"": ""rx_and_data_rate""}}"
2025-04-05 00:09:34,"{""gw-1"": {""1"": ""blocked"", ""2"": ""rx_and_data_rate""}}"
2025-04-05 00:09:36,"{""gw-3"": {""1"": ""rx_and_data_rate"", ""2"": ""blocked""}, ""gw-2"": {""1"": ""rx_and_data_rate"", ""2"": ""blocked""}}"
2025-04-05 00:09:37,"{""gw-3"": {""1"": ""rx_and_data_rate"", ""2"": ""blocked""}, ""gw-2"": {""1"": ""rx_and_data_rate"", ""2"": ""blocked""}}"
2025-04-05 00:09:46,"{""gw-3"": {""1"": ""rx_and_data_rate"", ""2"": ""blocked""}, ""gw-1"": {""1"": ""rx_and_data_rate"", ""2"": ""blocked""}}"
2025-04-05 00:09:59,"{""gw-2"": {""1"": ""rx_and_data_rate"", ""2"": ""blocked""}}"
2025-04-05 00:10:00,"{""gw-2"": {""1"": ""blocked"", ""2"": ""rx_and_data_rate""}}"
2025-04-05 00:10:04,"{""gw-1"": {""1"": ""rx_and_data_rate"", ""2"": ""conflict""}}"
2025-04-05 00:10:06,"{""gw-2"": {""1"": ""blocked"", ""2"": ""rx_and_data_rate""}, ""gw-3"": {""1"": ""blocked"", ""2"": ""rx_and_data_rate""}}"
2025-04-05 00:10:08,"{""gw-2"": {""1"": ""rx_and_data_rate"", ""2"": ""blocked""}}"
2025-04-05 00:10:10,"{""gw-1"": {""1"": ""rx_and_data_rate"", ""2"": ""blocked""}}"
2025-04-05 00:10:14,"{""gw-2"": {""1"": ""rx_and_data_rate"", ""2"": ""blocked""}}"
2025-04-05 00:10:14,"{""gw-2"": {""1"": ""conflict"", ""2"": ""rx_and_data_rate""}}"
2025-04-05 00:10:16,"{""gw-3"": {""1"": ""rx_and_data_rate"", ""2"": ""blocked""}}"
2025-04-05 00:10:17,"{""gw-1"": {""1"": ""blocked"", ""2"": ""rx_and_data_rate""}, ""gw-3"": {""1"": ""blocked"", ""2"": ""rx_and_data_rate""}}"
2025-04-05 00:10:17,"{""gw-1"": {""1"": ""rx_and_data_rate"", ""2"": ""conflict""}, ""gw-3"": {""1"": ""rx_and_data_rate"", ""2"": ""blocked""}}"
2025-04-05 00:10:19,"{""gw-2"": {""1"": ""blocked"", ""2"": ""rx_and_data_rate""}, ""gw-3"": {""1"": ""blocked"", ""2"": ""rx_and_data_rate""}}"
2025-04-05 00:10:19,"{""gw-2"": {""1"": ""blocked"", ""2"": ""blocked""}}"
2025-04-05 00:10:20,"{""gw-2"": {""1"": ""rx_and_data_rate"", ""2"": ""blocked""}}"
2025-04-05 00:10:20,"{""gw-2"": {""1"": ""blocked"", ""2"": ""blocked""}, ""gw-1"": {""1"": ""blocked"", ""2"": ""blocked""}, ""gw-3"": {""1"": ""blocked"", ""2"": ""blocked""}}"
2025-04-05 00:10:22,"{""gw-3"": {""1"": ""rx_and_data_rate"", ""2"": ""blocked""}}"
2025-04-05 00:10:23,"{""gw-1"": {""1"": ""rx_and_data_rate"", ""2"": ""blocked""}}"
2025-04-05 00:10:27,"{""gw-1"": {""1"": ""rx_and_data_rate"", ""2"": ""blocked""}}"
2025-04-05 00:10:32,"{""gw-3"": {""1"": ""rx_and_data_rate"", ""2"": ""blocked""}}"
2025-04-05 00:10:36,"{""gw-2"": {""1"": ""rx_and_data_rate"", ""2"": ""blocked""}}"
2025-04-05 00:10:37,"{""gw-3"": {""1"": ""blocked"", ""2"": ""rx_and_data_rate""}}"
2025-04-05 00:10:39,"{""gw-3"": {""1"": ""blocked"", ""2"": ""rx_and_data_rate""}}"
2025-04-05 00:10:40,"{""gw-3"": {""1"": ""blocked"", ""2"": ""rx_and_data_rate""}, ""gw-2"": {""1"": ""blocked"", ""2"": ""rx_and_data_rate""}}"
2025-04-05 00:10:42,"{""gw-2"": {""1"": ""blocked"", ""2"": ""rx_and_data_rate""}}"
2025-04-05 00:10:43,"{""gw-3"": {""1"": ""conflict"", ""2"": ""rx_and_data_rate""}, ""gw-2"": {""1"": ""blocked"", ""2"": ""rx_and_data_rate""}}"
2025-04-05 00:10:43,"{""gw-2"": {""1"": ""blocked"", ""2"": ""rx_and_data_rate""}, ""gw-3"": {""1"": ""conflict"", ""2"": ""rx_and_data_rate""}}"
2025-04-05 00:10:44,"{""gw-2"": {""1"": ""rx_and_data_rate"", ""2"": ""blocked""}}"
2025-04-05 00:10:45,"{""gw-3"": {""1"": ""blocked"", ""2"": ""rx_and_data_rate""}, ""gw-1"": {""1"": ""blocked"", ""2"": ""rx_and_data_rate""}}"
2025-04-05 00:10:49,"{""gw-2"": {""1"": ""conflict"", ""2"": ""rx_and_data_rate""}, ""gw-1"": {""1"": ""blocked"", ""2"": ""rx_and_data_rate""}}"
2025-04-05 00:10:50,"{""gw-3"": {""1"": ""rx_and_data_rate"", ""2"": ""blocked""}, ""gw-1"": {""1"": ""rx_and_data_rate"", ""2"": ""blocked""}}"
2025-04-05 00:10:51,"{""gw-1"": {""1"": ""rx_and_data_rate"", ""2"": ""blocked""}}"
2025-04-05 00:10:53,"{""gw-2"": {""1"": ""blocked"", ""2"": ""rx_and_data_rate""}}"
2025-04-05 00:10:58,"{""gw-3"": {""1"": ""rx_and_data_rate"", ""2"": ""conflict""}, ""gw-2"": {""1"": ""rx_and_data_rate"", ""2"": ""blocked""}}"
2025-04-05 00:10:59,"{""gw-2"": {""1"": ""blocked"", ""2"": ""rx_and_data_rate""}}"
2025-04-05 00:11:05,"{""gw-1"": {""1"": ""rx_and_data_rate"", ""2"": ""blocked""}}"
2025-04-05 00:11:05,"{""gw-1"": {""1"": ""rx_and_data_rate"", ""2"": ""blocked""}}"
2025-04-05 00:11:07,"{""gw-3"": {""1"": ""rx_and_data_rate"", ""2"": ""blocked""}, ""gw-1"": {""1"": ""rx_and_data_rate"", ""2"": ""blocked""}}"
2025-04-05 00:11:08,"{""gw-2"": {""1"": ""rx_and_data_rate"", ""2"": ""blocked""}, ""gw-3"": {""1"": ""rx_and_data_rate"", ""2"": ""blocked""}, ""gw-1"": {""1"": ""rx_and_data_rate"", ""2"": ""conflict""}}"
2025-04-05 00:11:09,"{""gw-3"": {""1"": ""blocked"", ""2"": ""rx_and_data_rate""}}"
2025-04-05 00:11:12,"{""gw-2"": {""1"": ""rx_and_data_rate"", ""2"": ""blocked""}}"
2025-04-05 00:11:12,"{""gw-1"": {""1"": ""rx_and_data_rate"", ""2"": ""blocked""}}"
2025-04-05 00:11:13,"{""gw-2"": {""1"": ""blocked"", ""2"": ""blocked""}}"
2025-04-05 00:11:16,"{""gw-1"": {""1"": ""rx_and_data_rate"", ""2"": ""blocked""}}"
2025-04-05 00:11:16,"{""gw-3"": {""1"": ""conflict"", ""2"": ""rx_and_data_rate""}}"
2025-04-05 00:11:18,"{""gw-2"": {""1"": ""blocked"", ""2"": ""rx_and_data_rate""}}"
2025-04-05 00:11:21,"{""gw-3"": {""1"": ""rx_and_data_rate"", ""2"": ""blocked""}}"
2025-04-05 00:11:22,"{""gw-1"": {""1"": ""rx_and_data_rate"", ""2"": ""blocked""}}"
2025-04-05 00:11:24,"{""gw-2"": {""1"": ""conflict"", ""2"": ""conflict""}, ""gw-3"": {""1"": ""blocked"", ""2"": ""blocked""}}"
2025-04-05 00:11:30,"{""gw-2"": {""1"": ""blocked"", ""2"": ""blocked""}}"
2025-04-05 00:11:30,"{""gw-1"": {""1"": ""rx_and_data_rate"", ""2"": ""blocked""}, ""gw-2"": {""1"": ""rx_and_data_rate"", ""2"": ""blocked""}}"
2025-04-05 00:11:36,"{""gw-2"": {""1"": ""rx_and_data_rate"", ""2"": ""conflict""}}"
2025-04-05 00:11:37,"{""gw-1"": {""1"": ""conflict"", ""2"": ""rx_and_data_rate""}}"
2025-04-05 00:11:39,"{""gw-1"": {""1"": ""blocked"", ""2"": ""rx_and_data_rate""}}"
2025-04-05 00:11:40,"{""gw-2"": {""1"": ""blocked"", ""2"": ""rx_and_data_rate""}, ""gw-3"": {""1"": ""blocked"", ""2"": ""rx_and_data_rate""}}"
2025-04-05 00:11:42,"{""gw-2"": {""1"": ""blocked"", ""2"": ""blocked""}, ""gw-3"": {""1"": ""blocked"", ""2"": ""blocked""}}"
2025-04-05 00:11:43,"{""gw-1"": {""1"": ""rx_and_data_rate"", ""2"": ""blocked""}}"
2025-04-05 00:11:44,"{""gw-3"": {""1"": ""rx_and_data_rate"", ""2"": ""blocked""}}"
2025-04-05 00:11:46,"{""gw-1"": {""1"": ""blocked"", ""2"": ""blocked""}}"
2025-04-05 00:11:46,"{""gw-3"": {""1"": ""blocked"", ""2"": ""rx_and_data_rate""}, ""gw-1"": {""1"": ""blocked"", ""2"": ""rx_and_data_rate""}}"
2025-04-05 00:11:47,"{""gw-1"": {""1"": ""blocked"", ""2"": ""blocked""}}"
2025-04-05 00:11:49,"{""gw-2"": {""1"": ""blocked"", ""2"": ""rx_and_data_rate""}}"
2025-04-05 00:11:52,"{""gw-3"": {""1"": ""conflict"", ""2"": ""rx_and_data_rate""}}"
2025-04-05 00:11:52,"{""gw-2"": {""1"": ""conflict"", ""2"": ""blocked""}}"
2025-04-05 00:11:58,"{""gw-1"": {""1"": ""rx_and_data_rate"", ""2"": ""conflict""}}"
2025-04-05 00:12:01,"{""gw-3"": {""1"": ""rx_and_data_rate"", ""2"": ""blocked""}}"
2025-04-05 00:12:03,"{""gw-1"": {""1"": ""blocked"", ""2"": ""rx_and_data_rate""}}"
2025-04-05 00:12:04,"{""gw-1"": {""1"": ""rx_and_data_rate"", ""2"": ""blocked""}}"
2025-04-05 00:12:06,"{""gw-2"": {""1"": ""blocked"", ""2"": ""rx_and_data_rate""}, ""gw-3"": {""1"": ""conflict"", ""2"": ""rx_and_data_rate""}}"
2025-04-05 00:12:07,"{""gw-2"": {""1"": ""rx_and_data_rate"", ""2"": ""blocked""}, ""gw-1"": {""1"": ""rx_and_data_rate"", ""2"": ""blocked""}}"
2025-04-05 00:12:14,"{""gw-1"": {""1"": ""blocked"", ""2"": ""rx_and_data_rate""}}"
2025-04-05 00:12:15,"{""gw-3"": {""1"": ""rx_and_data_rate"", ""2"": ""blocked""}, ""gw-1"": {""1"": ""rx_and_data_rate"", ""2"": ""blocked""}}"
2025-04-05 00:12:17,"{""gw-2"": {""1"": ""blocked"", ""2"": ""rx_and_data_rate""}, ""gw-1"": {""1"": ""blocked"", ""2"": ""rx_and_data_rate""}}"
2025-04-05 00:12:21,"{""gw-3"": {""1"": ""rx_and_data_rate"", ""2"": ""blocked""}}"
2025-04-05 00:12:22,"{""gw-2"": {""1"": ""rx_and_data_rate"", ""2"": ""blocked""}, ""gw-1"": {""1"": ""rx_and_data_rate"", ""2"": ""blocked""}}"
2025-04-05 00:12:26,"{""gw-3"": {""1"": ""blocked"", ""2"": ""rx_and_data_rate""}, ""gw-1"": {""1"": ""blocked"", ""2"": ""rx_and_data_rate""}}"
2025-04-05 00:12:26,"{""gw-3"": {""1"": ""blocked"", ""2"": ""rx_and_data_rate""}, ""gw-2"": {""1"": ""blocked"", ""2"": ""rx_and_data_rate""}}"
2025-04-05 00:12:31,"{""gw-1"": {""1"": ""rx_and_data_rate"", ""2"": ""blocked""}}"
2025-04-05 00:12:33,"{""gw-3"": {""1"": ""conflict"", ""2"": ""rx_and_data_rate""}, ""gw-1"": {""1"": ""blocked"", ""2"": ""rx_and_data_rate""}, ""gw-2"": {""1"": ""blocked"", ""2"": ""rx_and_data_rate""}}"
2025-04-05 00:12:33,"{""gw-2"": {""1"": ""blocked"", ""2"": ""rx_and_data_rate""}}"
2025-04-05 00:12:33,"{""gw-1"": {""1"": ""blocked"", ""2"": ""rx_and_data_rate""}}"
2025-04-05 00:12:36,"{""gw-1"": {""1"": ""blocked"", ""2"": ""rx_and_data_rate""}}"
2025-04-05 00:12:38,"{""gw-3"": {""1"": ""rx_and_data_rate"", ""2"": ""blocked""}}"
2025-04-05 00:12:38,"{""gw-1"": {""1"": ""rx_and_data_rate"", ""2"": ""blocked""}}"
2025-04-05 00:12:38,"{""gw-1"": {""1"": ""blocked"", ""2"": ""rx_and_data_rate""}}"
2025-04-05 00:12:41,"{""gw-2"": {""1"": ""rx_and_data_rate"", ""2"": ""blocked""}}"
2025-04-05 00:12:42,"{""gw-1"": {""1"": ""conflict"", ""2"": ""rx_and_data_rate""}}"
2025-04-05 00:12:43,"{""gw-2"": {""1"": ""rx_and_data_rate"", ""2"": ""blocked""}, ""gw-3"": {""1"": ""rx_and_data_rate"", ""2"": ""blocked""}}"
2025-04-05 00:12:43,"{""gw-3"": {""1"": ""blocked"", ""2"": ""rx_and_data_rate""}}"
2025-04-05 00:12:45,"{""gw-3"": {""1"": ""rx_and_data_rate"", ""2"": ""blocked""}, ""gw-2"": {""1"": ""rx_and_data_rate"", ""2"": ""blocked""}, ""gw-1"": {""1"": ""rx_and_data_rate"", ""2"": ""blocked""}}"
2025-04-05 00:12:50,"{""gw-1"": {""1"": ""rx_and_data_rate"", ""2"": ""blocked""}, ""gw-3"": {""1"": ""rx_and_data_rate"", ""2"": ""blocked""}}"
2025-04-05 00:12:50,"{""gw-1"": {""1"": ""blocked"", ""2"": ""rx_and_data_rate""}}"
2025-04-05 00:12:51,"{""gw-3"": {""1"": ""rx_and_data_rate"", ""2"": ""blocked""}, ""gw-2"": {""1"": ""rx_and_data_rate"", ""2"": ""blocked""}}"
2025-04-05 00:12:53,"{""gw-2"": {""1"": ""blocked"", ""2"": ""rx_and_data_rate""}}"
2025-04-05 00:12:55,"{""gw-3"": {""1"": ""rx_and_data_rate"", ""2"": ""blocked""}}"
2025-04-05 00:12:57,"{""gw-1"": {""1"": ""rx_and_data_rate"", ""2"": ""blocked""}}"
2025-04-05 00:13:00,"{""gw-1"": {""1"": ""rx_and_data_rate"", ""2"": ""blocked""}}"
2025-04-05 00:13:01,"{""gw-1"": {""1"": ""rx_and_data_rate"", ""2"": ""blocked""}}"
2025-04-05 00:13:06,"{""gw-2"": {""1"": ""blocked"", ""2"": ""blocked""}, ""gw-3"": {""1"": ""conflict"", ""2"": ""blocked""}}"
2025-04-05 00:13:08,"{""gw-1"": {""1"": ""rx_and_data_rate"", ""2"": ""blocked""}}"
2025-04-05 00:13:10,"{""gw-1"": {""1"": ""rx_and_data_rate"", ""2"": ""blocked""}, ""gw-2"": {""1"": ""rx_and_data_rate"", ""2"": ""blocked""}}"
2025-04-05 00:13:14,"{""gw-1"": {""1"": ""blocked"", ""2"": ""rx_and_data_rate""}, ""gw-2"": {""1"": ""conflict"", ""2"": ""rx_and_data_rate""}}"
2025-04-05 00:13:16,"{""gw-2"": {""1"": ""blocked"", ""2"": ""rx_and_data_rate""}, ""gw-1"": {""1"": ""blocked"", ""2"": ""rx_and_data_rate""}}"
2025-04-05 00:13:20,"{""gw-1"": {""1"": ""blocked"", ""2"": ""rx_and_data_rate""}}"
2025-04-05 00:13:22,"{""gw-1"": {""1"": ""rx_and_data_rate"", ""2"": ""blocked""}}"
2025-04-05 00:13:24,"{""gw-2"": {""1"": ""rx_and_data_rate"", ""2"": ""blocked""}}"
2025-04-05 00:13:24,"{""gw-1"": {""1"": ""blocked"", ""2"": ""rx_and_data_rate""}}"
2025-04-05 00:13:25,"{""gw-1"": {""1"": ""blocked"", ""2"": ""rx_and_data_rate""}}"
2025-04-05 00:13:27,"{""gw-3"": {""1"": ""blocked"", ""2"": ""rx_and_data_rate""}, ""gw-1"": {""1"": ""blocked"", ""2"": ""rx_and_data_rate""}}"
2025-04-05 00:13:28,"{""gw-3"": {""1"": ""blocked"", ""2"": ""blocked""}, ""gw-2"": {""1"": ""conflict"", ""2"": ""conflict""}}"
2025-04-05 00:13:28,"{""gw-1"": {""1"": ""rx_and_data_rate"", ""2"": ""blocked""}}"
2025-04-05 00:13:30,"{""gw-3"": {""1"": ""blocked"", ""2"": ""rx_and_data_rate""}}"
2025-04-05 00:13:31,"{""gw-3"": {""1"": ""rx_and_data_rate"", ""2"": ""blocked""}}"
2025-04-05 00:13:32,"{""gw-2"": {""1"": ""blocked"", ""2"": ""rx_and_data_rate""}, ""gw-3"": {""1"": ""blocked"", ""2"": ""rx_and_data_rate""}}"
2025-04-05 00:13:33,"{""gw-3"": {""1"": ""blocked"", ""2"": ""rx_and_data_rate""}, ""gw-1"": {""1"": ""blocked"", ""2"": ""rx_and_data_rate""}}"
2025-04-05 00:13:33,"{""gw-3"": {""1"": ""blocked"", ""2"": ""rx_and_data_rate""}, ""gw-2"": {""1"": ""blocked"", ""2"": ""rx_and_data_rate""}}"
2025-04-05 00:13:44,"{""gw-1"": {""1"": ""rx_and_data_rate"", ""2"": ""blocked""}}"
2025-04-05 00:13:44,"{""gw-3"": {""1"": ""conflict"", ""2"": ""blocked""}}"
2025-04-05 00:13:46,"{""gw-2"": {""1"": ""blocked"", ""2"": ""blocked""}}"
2025-04-05 00:13:46,"{""gw-2"": {""1"": ""blocked"", ""2"": ""rx_and_data_rate""}}"
2025-04-05 00:13:52,"{""gw-1"": {""1"": ""blocked"", ""2"": ""rx_and_data_rate""}}"
2025-04-05 00:13:52,"{""gw-3"": {""1"": ""rx_and_data_rate"", ""2"": ""blocked""}}"
2025-04-05 00:13:53,"{""gw-2"": {""1"": ""rx_and_data_rate"", ""2"": ""blocked""}}"
2025-04-05 00:13:53,"{""gw-1"": {""1"": ""rx_and_data_rate"", ""2"": ""blocked""}}"
2025-04-05 00:14:00,"{""gw-1"": {""1"": ""blocked"", ""2"": ""rx_and_data_rate""}}"
2025-04-05 00:14:03,"{""gw-2"": {""1"": ""blocked"", ""2"": ""rx_and_data_rate""}}"
2025-04-05 00:14:04,"{""gw-2"": {""1"": ""blocked"", ""2"": ""rx_and_data_rate""}}"
2025-04-05 00:14:04,"{""gw-3"": {""1"": ""blocked"", ""2"": ""rx_and_data_rate""}}"
2025-04-05 00:14:05,"{""gw-3"": {""1"": ""blocked"", ""2"": ""rx_and_data_rate""}, ""gw-1"": {""1"": ""blocked"", ""2"": ""rx_and_data_rate""}}"
2025-04-05 00:14:05,"{""gw-2"": {""1"": ""blocked"", ""2"": ""rx_and_data_rate""}}"
2025-04-05 00:14:07,"{""gw-3"": {""1"": ""blocked"", ""2"": ""blocked""}}"
2025-04-05 00:14:08,"{""gw-3"": {""1"": ""blocked"", ""2"": ""rx_and_data_rate""}}"
2025-04-05 00:14:08,"{""gw-3"": {""1"": ""blocked"", ""2"": ""rx_and_data_rate""}}"
2025-04-05 00:14:09,"{""gw-2"": {""1"": ""rx_and_data_rate"", ""2"": ""conflict""}}"
2025-04-05 00:14:10,"{""gw-1"": {""1"": ""rx_and_data_rate"", ""2"": ""blocked""}, ""gw-3"": {""1"": ""rx_and_data_rate"", ""2"": ""blocked""}}"
2025-04-05 00:14:10,"{""gw-3"": {""1"": ""blocked"", ""2"": ""rx_and_data_rate""}, ""gw-1"": {""1"": ""blocked"", ""2"": ""rx_and_data_rate""}}"
2025-04-05 00:14:13,"{""gw-2"": {""1"": ""blocked"", ""2"": ""rx_and_data_rate""}}"
2025-04-05 00:14:14,"{""gw-1"": {""1"": ""blocked"", ""2"": ""rx_and_data_rate""}}"
2025-04-05 00:14:17,"{""gw-2"": {""1"": ""rx_and_data_rate"", ""2"": ""blocked""}}"
2025-04-05 00:14:21,"{""gw-2"": {""1"": ""rx_and_data_rate"", ""2"": ""conflict""}, ""gw-1"": {""1"": ""rx_and_data_rate"", ""2"": ""conflict""}}"
2025-04-05 00:14:24,"{""gw-3"": {""1"": ""rx_and_data_rate"", ""2"": ""conflict""}}"
2025-04-05 00:14:27,"{""gw-2"": {""1"": ""rx_and_data_rate"", ""2"": ""blocked""}, ""gw-1"": {""1"": ""rx_and_data_rate"", ""2"": ""blocked""}}"
2025-04-05 00:14:29,"{""gw-1"": {""1"": ""blocked"", ""2"": ""blocked""}}"
2025-04-05 00:14:30,"{""gw-3"": {""1"": ""rx_and_data_rate"", ""2"": ""blocked""}}"
2025-04-05 00:14:30,"{""gw-1"": {""1"": ""rx_and_data_rate"", ""2"": ""blocked""}, ""gw-3"": {""1"": ""rx_and_data_rate"", ""2"": ""blocked""}, ""gw-2"": {""1"": ""rx_and_data_rate"", ""2"": ""blocked""}}"
2025-04-05 00:14:31,"{""gw-2"": {""1"": ""rx_and_data_rate"", ""2"": ""blocked""}}"
2025-04-05 00:14:31,"{""gw-1"": {""1"": ""blocked"", ""2"": ""rx_and_data_rate""}}"
2025-04-05 00:14:33,"{""gw-1"": {""1"": ""blocked"", ""2"": ""rx_and_data_rate""}}"
2025-04-05 00:14:35,"{""gw-2"": {""1"": ""conflict"", ""2"": ""rx_and_data_rate""}}"
2025-04-05 00:14:39,"{""gw-2"": {""1"": ""rx_and_data_rate"", ""2"": ""blocked""}}"
2025-04-05 00:14:48,"{""gw-3"": {""1"": ""blocked"", ""2"": ""blocked""}}"
2025-04-05 00:14:49,"{""gw-1"": {""1"": ""blocked"", ""2"": ""rx_and_data_rate""}}"
2025-04-05 00:14:51,"{""gw-1"": {""1"": ""blocked"", ""2"": ""rx_and_data_rate""}}"
2025-04-05 00:14:52,"{""gw-1"": {""1"": ""blocked"", ""2"": ""rx_and_data_rate""}, ""gw-3"": {""1"": ""conflict"", ""2"": ""rx_and_data_rate""}, ""gw-2"": {""1"": ""blocked"", ""2"": ""rx_and_data_rate""}}"
2025-04-05 00:14:52,"{""gw-2"": {""1"": ""blocked"", ""2"": ""blocked""}}"
2025-04-05 00:14:54,"{""gw-2"": {""1"": ""blocked"", ""2"": ""blocked""}}"
2025-04-05 00:14:55,"{""gw-2"": {""1"": ""rx_and_data_rate"", ""2"": ""blocked""}, ""gw-1"": {""1"": ""rx_and_data_rate"", ""2"": ""blocked""}}"
2025-04-05 00:14:56,"{""gw-3"": {""1"": ""rx_and_data_rate"", ""2"": ""blocked""}}"
2025-04-05 00:15:01,"{""gw-2"": {""1"": ""conflict"", ""2"": ""rx_and_data_rate""}}"
2025-04-05 00:15:01,"{""gw-2"": {""1"": ""conflict"", ""2"": ""rx_and_data_rate""}}"
2025-04-05 00:15:04,"{""gw-3"": {""1"": ""blocked"", ""2"": ""rx_and_data_rate""}}"
2025-04-05 00:15:06,"{""gw-3"": {""1"": ""conflict"", ""2"": ""blocked""}, ""gw-1"": {""1"": ""blocked"", ""2"": ""conflict""}}"
2025-04-05 00:15:11,"{""gw-2"": {""1"": ""rx_and_data_rate"", ""2"": ""blocked""}, ""gw-3"": {""1"": ""rx_and_data_rate"", ""2"": ""blocked""}}"
2025-04-05 00:15:11,"{""gw-1"": {""1"": ""rx_and_data_rate"", ""2"": ""blocked""}, ""gw-3"": {""1"": ""rx_and_data_rate"", ""2"": ""blocked""}, ""gw-2"": {""1"": ""rx_and_data_rate"", ""2"": ""blocked""}}"
2025-04-05 00:15:13,"{""gw-3"": {""1"": ""blocked"", ""2"": ""rx_and_data_rate""}}"
2025-04-05 00:15:15,"{""gw-2"": {""1"": ""blocked"", ""2"": ""rx_and_data_rate""}}"
2025-04-05 00:15:20,"{""gw-2"": {""1"": ""conflict"", ""2"": ""blocked""}}"
2025-04-05 00:15:20,"{""gw-1"": {""1"": ""blocked"", ""2"": ""rx_and_data_rate""}}"
2025-04-05 00:15:21,"{""gw-1"": {""1"": ""blocked"", ""2"": ""rx_and_data_rate""}}"
2025-04-05 00:15:21,"{""gw-1"": {""1"": ""blocked"", ""2"": ""rx_and_data_rate""}, ""gw-3"": {""1"": ""blocked"", ""2"": ""rx_and_data_rate""}}"
2025-04-05 00:15:23,"{""gw-1"": {""1"": ""blocked"", ""2"": ""rx_and_data_rate""}, ""gw-3"": {""1"": ""conflict"", ""2"": ""rx_and_data_rate""}}"
2025-04-05 00:15:23,"{""gw-3"": {""1"": ""conflict"", ""2"": ""rx_and_data_rate""}, ""gw-1"": {""1"": ""blocked"", ""2"": ""rx_and_data_rate""}}"
2025-04-05 00:15:26,"{""gw-2"": {""1"": ""rx_and_data_rate"", ""2"": ""blocked""}}"
2025-04-05 00:15:27,"{""gw-2"": {""1"": ""rx_and_data_rate"", ""2"": ""blocked""}, ""gw-3"": {""1"": ""rx_and_data_rate"", ""2"": ""blocked""}, ""gw-1"": {""1"": ""rx_and_data_rate"", ""2"": ""conflict""}}"
2025-04-05 00:15:29,"{""gw-3"": {""1"": ""blocked"", ""2"": ""rx_and_data_rate""}}"
2025-04-05 00:15:30,"{""gw-1"": {""1"": ""rx_and_data_rate"", ""2"": ""blocked""}}"
2025-04-05 00:15:32,"{""gw-3"": {""1"": ""rx_and_data_rate"", ""2"": ""blocked""}, ""gw-2"": {""1"": ""rx_and_data_rate"", ""2"": ""conflict""}}"
2025-04-05 00:15:34,"{""gw-3"": {""1"": ""blocked"", ""2"": ""rx_and_data_rate""}}"
2025-04-05 00:15:37,"{""gw-2"": {""1"": ""rx_and_data_rate"", ""2"": ""blocked""}}"
2025-04-05 00:15:39,"{""gw-2"": {""1"": ""blocked"", ""2"": ""rx_and_data_rate""}}"
2025-04-05 00:15:39,"{""gw-2"": {""1"": ""blocked"", ""2"": ""rx_and_data_rate""}, ""gw-1"": {""1"": ""conflict"", ""2"": ""rx_and_data_rate""}}"
2025-04-05 00:15:40,"{""gw-2"": {""1"": ""blocked"", ""2"": ""rx_and_data_rate""}}"
2025-04-05 00:15:40,"{""gw-2"": {""1"": ""blocked"", ""2"": ""blocked""}}"
2025-04-05 00:15:42,"{""gw-3"": {""1"": ""rx_and_data_rate"", ""2"": ""blocked""}, ""gw-2"": {""1"": ""rx_and_data_rate"", ""2"": ""blocked""}}"
2025-04-05 00:15:43,"{""gw-2"": {""1"": ""blocked"", ""2"": ""rx_and_data_rate""}}"
2025-04-05 00:15:50,"{""gw-1"": {""1"": ""blocked"", ""2"": ""rx_and_data_rate""}}"
2025-04-05 00:15:51,"{""gw-2"": {""1"": ""blocked"", ""2"": ""rx_and_data_rate""}}"
2025-04-05 00:15:51,"{""gw-1"": {""1"": ""blocked"", ""2"": ""blocked""}}"
2025-04-05 00:15:55,"{""gw-2"": {""1"": ""blocked"", ""2"": ""blocked""}, ""gw-3"": {""1"": ""conflict"", ""2"": ""blocked""}}"
2025-04-05 00:15:55,"{""gw-2"": {""1"": ""blocked"", ""2"": ""rx_and_data_rate""}}"
2025-04-05 00:15:57,"{""gw-3"": {""1"": ""blocked"", ""2"": ""rx_and_data_rate""}}"
2025-04-05 00:15:58,"{""gw-3"": {""1"": ""rx_and_data_rate"", ""2"": ""blocked""}}"
2025-04-05 00:15:59,"{""gw-3"": {""1"": ""rx_and_data_rate"", ""2"": ""blocked""}}"
2025-04-05 00:16:00,"{""gw-1"": {""1"": ""blocked"", ""2"": ""rx_and_data_rate""}, ""gw-3"": {""1"": ""blocked"", ""2"": ""rx_and_data_rate""}}"
2025-04-05 00:16:02,"{""gw-1"": {""1"": ""conflict"", ""2"": ""rx_and_data_rate""}}"
2025-04-05 00:16:03,"{""gw-2"": {""1"": ""blocked"", ""2"": ""rx_and_data_rate""}}"
2025-04-05 00:16:03,"{""gw-3"": {""1"": ""rx_and_data_rate"", ""2"": ""blocked""}}"
2025-04-05 00:16:04,"{""gw-3"": {""1"": ""rx_and_data_rate"", ""2"": ""blocked""}}"
2025-04-05 00:16:04,"{""gw-3"": {""1"": ""rx_and_data_rate"", ""2"": ""blocked""}, ""gw-2"": {""1"": ""rx_and_data_rate"", ""2"": ""blocked""}}"
2025-04-05 00:16:06,"{""gw-1"": {""1"": ""rx_and_data_rate"", ""2"": ""blocked""}}"
2025-04-05 00:16:16,"{""gw-2"": {""1"": ""rx_and_data_rate"", ""2"": ""conflict""}}"
2025-04-05 00:16:16,"{""gw-1"": {""1"": ""blocked"", ""2"": ""rx_and_data_rate""}, ""gw-2"": {""1"": ""conflict"", ""2"": ""rx_and_data_rate""}}"
2025-04-05 00:16:23,"{""gw-3"": {""1"": ""blocked"", ""2"": ""rx_and_data_rate""}, ""gw-2"": {""1"": ""blocked"", ""2"": ""rx_and_data_rate""}, ""gw-1"": {""1"": ""blocked"", ""2"": ""rx_and_data_rate""}}"
2025-04-05 00:16:24,"{""gw-1"": {""1"": ""rx_and_data_rate"", ""2"": ""blocked""}, ""gw-3"": {""1"": ""rx_and_data_rate"", ""2"": ""blocked""}}"
2025-04-05 00:16:25,"{""gw-3"": {""1"": ""blocked"", ""2"": ""rx_and_data_rate""}}"
2025-04-05 00:16:25,"{""gw-1"": {""1"": ""blocked"", ""2"": ""rx_and_data_rate""}}"
2025-04-05 00:16:26,"{""gw-3"": {""1"": ""blocked"", ""2"": ""rx_and_data_rate""}}"
2025-04-05 00:16:29,"{""gw-3"": {""1"": ""blocked"", ""2"": ""rx_and_data_rate""}}"
2025-04-05 00:16:32,"{""gw-1"": {""1"": ""rx_and_data_rate"", ""2"": ""blocked""}}"
2025-04-05 00:16:32,"{""gw-3"": {""1"": ""blocked"", ""2"": ""conflict""}, ""gw-1"": {""1"": ""blocked"", ""2"": ""blocked""}}"
2025-04-05 00:16:33,"{""gw-2"": {""1"": ""blocked"", ""2"": ""blocked""}, ""gw-3"": {""1"": ""conflict"", ""2"": ""blocked""}}"
2025-04-05 00:16:34,"{""gw-2"": {""1"": ""rx_and_data_rate"", ""2"": ""blocked""}}"
2025-04-05 00:16:36,"{""gw-2"": {""1"": ""rx_and_data_rate"", ""2"": ""blocked""}}"
2025-04-05 00:16:41,"{""gw-2"": {""1"": ""conflict"", ""2"": ""blocked""}}"
2025-04-05 00:16:46,"{""gw-3"": {""1"": ""blocked"", ""2"": ""rx_and_data_rate""}}"
2025-04-05 00:16:55,"{""gw-2"": {""1"": ""rx_and_data_rate"", ""2"": ""conflict""}}"
2025-04-05 00:16:56,"{""gw-1"": {""1"": ""rx_and_data_rate"", ""2"": ""blocked""}}"
2025-04-05 00:16:56,"{""gw-3"": {""1"": ""blocked"", ""2"": ""blocked""}}"
2025-04-05 00:16:57,"{""gw-3"": {""1"": ""blocked"", ""2"": ""rx_and_data_rate""}}"
2025-04-05 00:16:58,"{""gw-3"": {""1"": ""blocked"", ""2"": ""rx_and_data_rate""}}"
2025-04-05 00:17:00,"{""gw-2"": {""1"": ""rx_and_data_rate"", ""2"": ""blocked""}}"
2025-04-05 00:17:06,"{""gw-2"": {""1"": ""blocked"", ""2"": ""rx_and_data_rate""}}"
2025-04-05 00:17:08,"{""gw-2"": {""1"": ""conflict"", ""2"": ""conflict""}}"
2025-04-05 00:17:08,"{""gw-1"": {""1"": ""rx_and_data_rate"", ""2"": ""blocked""}, ""gw-2"": {""1"": ""rx_and_data_rate"", ""2"": ""conflict""}}"
2025-04-05 00:17:10,"{""gw-1"": {""1"": ""rx_and_data_rate"", ""2"": ""blocked""}}"
2025-04-05 00:17:13,"{""gw-1"": {""1"": ""blocked"", ""2"": ""rx_and_data_rate""}}"
2025-04-05 00:17:20,"{""gw-2"": {""1"": ""blocked"", ""2"": ""rx_and_data_rate""}}"
2025-04-05 00:17:21,"{""gw-3"": {""1"": ""blocked"", ""2"": ""blocked""}}"
2025-04-05 00:17:25,"{""gw-2"": {""1"": ""rx_and_data_rate"", ""2"": ""blocked""}, ""gw-1"": {""1"": ""rx_and_data_rate"", ""2"": ""conflict""}}"
2025-04-05 00:17:26,"{""gw-3"": {""1"": ""blocked"", ""2"": ""rx_and_data_rate""}, ""gw-2"": {""1"": ""blocked"", ""2"": ""rx_and_data_rate""}, ""gw-1"": {""1"": ""conflict"", ""2"": ""rx_and_data_rate""}}"
2025-04-05 00:17:27,"{""gw-2"": {""1"": ""rx_and_data_rate"", ""2"": ""blocked""}}"
2025-04-05 00:17:28,"{""gw-2"": {""1"": ""rx_and_data_rate"", ""2"": ""blocked""}}"
2025-04-05 00:17:30,"{""gw-2"": {""1"": ""blocked"", ""2"": ""blocked""}, ""gw-1"": {""1"": ""blocked"", ""2"": ""blocked""}, ""gw-3"": {""1"": ""conflict"", ""2"": ""blocked""}}"
2025-04-05 00:17:31,"{""gw-1"": {""1"": ""rx_and_data_rate"", ""2"": ""blocked""}, ""gw-2"": {""1"": ""rx_and_data_rate"", ""2"": ""blocked""}}"
2025-04-05 00:17:33,"{""gw-2"": {""1"": ""blocked"", ""2"": ""rx_and_data_rate""}}"
2025-04-05 00:17:41,"{""gw-1"": {""1"": ""blocked"", ""2"": ""rx_and_data_rate""}}"
2025-04-05 00:17:43,"{""gw-2"": {""1"": ""rx_and_data_rate"", ""2"": ""blocked""}}"
2025-04-05 00:17:49,"{""gw-2"": {""1"": ""conflict"", ""2"": ""rx_and_data_rate""}}"
2025-04-05 00:17:54,"{""gw-3"": {""1"": ""blocked"", ""2"": ""rx_and_data_rate""}}"
2025-04-05 00:17:55,"{""gw-1"": {""1"": ""rx_and_data_rate"", ""2"": ""blocked""}}"
2025-04-05 00:17:56,"{""gw-2"": {""1"": ""blocked"", ""2"": ""rx_and_data_rate""}, ""gw-3"": {""1"": ""conflict"", ""2"": ""rx_and_data_rate""}}"
2025-04-05 00:17:56,"{""gw-2"": {""1"": ""rx_and_data_rate"", ""2"": ""blocked""}, ""gw-1"": {""1"": ""rx_and_data_rate"", ""2"": ""blocked""}}"
2025-04-05 00:17:58,"{""gw-1"": {""1"": ""blocked"", ""2"": ""rx_and_data_rate""}}"
2025-04-05 00:18:01,"{""gw-2"": {""1"": ""rx_and_data_rate"", ""2"": ""blocked""}}"
2025-04-05 00:18:02,"{""gw-1"": {""1"": ""conflict"", ""2"": ""rx_and_data_rate""}}"
2025-04-05 00:18:02,"{""gw-2"": {""1"": ""blocked"", ""2"": ""blocked""}, ""gw-3"": {""1"": ""blocked"", ""2"": ""blocked""}, ""gw-1"": {""1"": ""conflict"", ""2"": ""blocked""}}"
2025-04-05 00:18:06,"{""gw-2"": {""1"": ""conflict"", ""2"": ""rx_and_data_rate""}}"
2025-04-05 00:18:07,"{""gw-1"": {""1"": ""blocked"", ""2"": ""rx_and_data_rate""}}"
2025-04-05 00:18:08,"{""gw-1"": {""1"": ""rx_and_data_rate"", ""2"": ""blocked""}}"
2025-04-05 00:18:10,"{""gw-2"": {""1"": ""rx_and_data_rate"", ""2"": ""conflict""}}"
2025-04-05 00:18:12,"{""gw-3"": {""1"": ""blocked"", ""2"": ""rx_and_data_rate""}}"
2025-04-05 00:18:13,"{""gw-1"": {""1"": ""rx_and_data_rate"", ""2"": ""conflict""}}"
2025-04-05 00:18:15,"{""gw-2"": {""1"": ""rx_and_data_rate"", ""2"": ""blocked""}}"
2025-04-05 00:18:15,"{""gw-3"": {""1"": ""blocked"", ""2"": ""rx_and_data_rate""}}"
2025-04-05 00:18:16,"{""gw-3"": {""1"": ""conflict"", ""2"": ""rx_and_data_rate""}, ""gw-2"": {""1"": ""blocked"", ""2"": ""rx_and_data_rate""}}"
2025-04-05 00:18:18,"{""gw-2"": {""1"": ""blocked"", ""2"": ""blocked""}}"
2025-04-05 00:18:18,"{""gw-2"": {""1"": ""rx_and_data_rate"", ""2"": ""blocked""}}"
2025-04-05 00:18:42,"{""gw-2"": {""1"": ""rx_and_data_rate"", ""2"": ""blocked""}}"
2025-04-05 00:18:45,"{""gw-3"": {""1"": ""blocked"", ""2"": ""blocked""}}"
2025-04-05 00:18:47,"{""gw-1"": {""1"": ""blocked"", ""2"": ""rx_and_data_rate""}}"
2025-04-05 00:18:49,"{""gw-1"": {""1"": ""rx_and_data_rate"", ""2"": ""blocked""}}"
2025-04-05 00:18:49,"{""gw-2"": {""1"": ""rx_and_data_rate"", ""2"": ""blocked""}}"
2025-04-05 00:18:53,"{""gw-2"": {""1"": ""blocked"", ""2"": ""rx_and_data_rate""}}"
2025-04-05 00:18:53,"{""gw-2"": {""1"": ""blocked"", ""2"": ""rx_and_data_rate""}}"
2025-04-05 00:18:58,"{""gw-1"": {""1"": ""rx_and_data_rate"", ""2"": ""blocked""}, ""gw-2"": {""1"": ""rx_and_data_rate"", ""2"": ""blocked""}, ""gw-3"": {""1"": ""rx_and_data_rate"", ""2"": ""blocked""}}"
2025-04-05 00:19:01,"{""gw-2"": {""1"": ""rx_and_data_rate"", ""2"": ""blocked""}}"
2025-04-05 00:19:17,"{""gw-3"": {""1"": ""rx_and_data_rate"", ""2"": ""blocked""}}"
2025-04-05 00:19:24,"{""gw-1"": {""1"": ""rx_and_data_rate"", ""2"": ""blocked""}}"
2025-04-05 00:19:30,"{""gw-1"": {""1"": ""blocked"", ""2"": ""rx_and_data_rate""}}"
2025-04-05 00:19:33,"{""gw-1"": {""1"": ""rx_and_data_rate"", ""2"": ""conflict""}}"
2025-04-05 00:19:34,"{""gw-2"": {""1"": ""blocked"", ""2"": ""rx_and_data_rate""}}"
2025-04-05 00:19:34,"{""gw-3"": {""1"": ""blocked"", ""2"": ""rx_and_data_rate""}}"
2025-04-05 00:19:34,"{""gw-2"": {""1"": ""blocked"", ""2"": ""rx_and_data_rate""}}"
2025-04-05 00:19:36,"{""gw-2"": {""1"": ""rx_and_data_rate"", ""2"": ""conflict""}, ""gw-1"": {""1"": ""rx_and_data_rate"", ""2"": ""blocked""}, ""gw-3"": {""1"": ""rx_and_data_rate"", ""2"": ""blocked""}}"
2025-04-05 00:19:36,"{""gw-1"": {""1"": ""rx_and_data_rate"", ""2"": ""blocked""}}"
2025-04-05 00:19:37,"{""gw-1"": {""1"": ""rx_and_data_rate"", ""2"": ""blocked""}, ""gw-3"": {""1"": ""rx_and_data_rate"", ""2"": ""blocked""}}"
2025-04-05 00:19:38,"{""gw-1"": {""1"": ""rx_and_data_rate"", ""2"": ""blocked""}}"
2025-04-05 00:19:41,"{""gw-2"": {""1"": ""blocked"", ""2"": ""blocked""}}"
2025-04-05 00:19:43,"{""gw-1"": {""1"": ""rx_and_data_rate"", ""2"": ""blocked""}}"
2025-04-05 00:19:43,"{""gw-2"": {""1"": ""blocked"", ""2"": ""blocked""}}"
2025-04-05 00:19:43,"{""gw-3"": {""1"": ""blocked"", ""2"": ""rx_and_data_rate""}}"
2025-04-05 00:19:44,"{""gw-2"": {""1"": ""rx_and_data_rate"", ""2"": ""blocked""}}"
2025-04-05 00:19:50,"{""gw-3"": {""1"": ""rx_and_data_rate"", ""2"": ""blocked""}}"
2025-04-05 00:19:57,"{""gw-1"": {""1"": ""rx_and_data_rate"", ""2"": ""blocked""}}"
2025-04-05 00:20:02,"{""gw-3"": {""1"": ""rx_and_data_rate"", ""2"": ""conflict""}, ""gw-2"": {""1"": ""rx_and_data_rate"", ""2"": ""blocked""}}"
2025-04-05 00:20:03,"{""gw-3"": {""1"": ""conflict"", ""2"": ""blocked""}, ""gw-2"": {""1"": ""blocked"", ""2"": ""blocked""}}"
2025-04-05 00:20:04,"{""gw-2"": {""1"": ""blocked"", ""2"": ""rx_and_data_rate""}}"
2025-04-05 00:20:07,"{""gw-2"": {""1"": ""rx_and_data_rate"", ""2"": ""conflict""}}"
2025-04-05 00:20:17,"{""gw-3"": {""1"": ""blocked"", ""2"": ""conflict""}}"
2025-04-05 00:20:17,"{""gw-2"": {""1"": ""rx_and_data_rate"", ""2"": ""blocked""}}"
2025-04-05 00:20:18,"{""gw-3"": {""1"": ""conflict"", ""2"": ""rx_and_data_rate""}, ""gw-1"": {""1"": ""blocked"", ""2"": ""rx_and_data_rate""}}"
2025-04-05 00:20:18,"{""gw-1"": {""1"": ""rx_and_data_rate"", ""2"": ""blocked""}}"
2025-04-05 00:20:18,"{""gw-3"": {""1"": ""conflict"", ""2"": ""rx_and_data_rate""}}"
2025-04-05 00:20:20,"{""gw-3"": {""1"": ""rx_and_data_rate"", ""2"": ""blocked""}}"
2025-04-05 00:20:25,"{""gw-1"": {""1"": ""blocked"", ""2"": ""conflict""}}"
2025-04-05 00:20:25,"{""gw-3"": {""1"": ""blocked"", ""2"": ""blocked""}}"
2025-04-05 00:20:26,"{""gw-2"": {""1"": ""rx_and_data_rate"", ""2"": ""blocked""}}"
2025-04-05 00:20:27,"{""gw-3"": {""1"": ""blocked"", ""2"": ""rx_and_data_rate""}, ""gw-1"": {""1"": ""conflict"", ""2"": ""rx_and_data_rate""}}"
2025-04-05 00:20:28,"{""gw-2"": {""1"": ""blocked"", ""2"": ""rx_and_data_rate""}, ""gw-3"": {""1"": ""blocked"", ""2"": ""rx_and_data_rate""}}"
2025-04-05 00:20:30,"{""gw-1"": {""1"": ""rx_and_data_rate"", ""2"": ""blocked""}}"
2025-04-05 00:20:32,"{""gw-3"": {""1"": ""conflict"", ""2"": ""rx_and_data_rate""}}"
2025-04-05 00:20:32,"{""gw-1"": {""1"": ""rx_and_data_rate"", ""2"": ""blocked""}, ""gw-2"": {""1"": ""rx_and_data_rate"", ""2"": ""blocked""}}"
2025-04-05 00:20:33,"{""gw-1"": {""1"": ""blocked"", ""2"": ""rx_and_data_rate""}}"
2025-04-05 00:20:36,"{""gw-1"": {""1"": ""rx_and_data_rate"", ""2"": ""blocked""}}"
2025-04-05 00:20:39,"{""gw-3"": {""1"": ""blocked"", ""2"": ""rx_and_data_rate""}}"
2025-04-05 00:20:42,"{""gw-2"": {""1"": ""rx_and_data_rate"", ""2"": ""blocked""}}"
2025-04-05 00:20:46,"{""gw-2"": {""1"": ""blocked"", ""2"": ""rx_and_data_rate""}}"
2025-04-05 00:20:50,"{""gw-1"": {""1"": ""rx_and_data_rate"", ""2"": ""blocked""}}"
2025-04-05 00:20:54,"{""gw-2"": {""1"": ""rx_and_data_rate"", ""2"": ""blocked""}}"
2025-04-05 00:20:55,"{""gw-3"": {""1"": ""rx_and_data_rate"", ""2"": ""blocked""}, ""gw-2"": {""1"": ""rx_and_data_rate"", ""2"": ""blocked""}}"
2025-04-05 00:20:56,"{""gw-3"": {""1"": ""blocked"", ""2"": ""blocked""}, ""gw-1"": {""1"": ""blocked"", ""2"": ""conflict""}}"
2025-04-05 00:20:58,"{""gw-3"": {""1"": ""blocked"", ""2"": ""rx_and_data_rate""}}"
2025-04-05 00:21:00,"{""gw-3"": {""1"": ""rx_and_data_rate"", ""2"": ""blocked""}}"
2025-04-05 00:21:06,"{""gw-1"": {""1"": ""rx_and_data_rate"", ""2"": ""blocked""}}"
2025-04-05 00:21:06,"{""gw-1"": {""1"": ""rx_and_data_rate"", ""2"": ""blocked""}}"
2025-04-05 00:21:10,"{""gw-2"": {""1"": ""rx_and_data_rate"", ""2"": ""blocked""}}"
2025-04-05 00:21:13,"{""gw-1"": {""1"": ""blocked"", ""2"": ""rx_and_data_rate""}}"
2025-04-05 00:21:19,"{""gw-3"": {""1"": ""blocked"", ""2"": ""rx_and_data_rate""}}"
2025-04-05 00:21:21,"{""gw-3"": {""1"": ""blocked"", ""2"": ""rx_and_data_rate""}}"
2025-04-05 00:21:22,"{""gw-1"": {""1"": ""rx_and_data_rate"", ""2"": ""conflict""}, ""gw-2"": {""1"": ""rx_and_data_rate"", ""2"": ""blocked""}}"
2025-04-05 00:21:24,"{""gw-2"": {""1"": ""rx_and_data_rate"", ""2"": ""blocked""}}"
2025-04-05 00:21:25,"{""gw-1"": {""1"": ""blocked"", ""2"": ""rx_and_data_rate""}, ""gw-2"": {""1"": ""blocked"", ""2"": ""rx_and_data_rate""}, ""gw-3"": {""1"": ""conflict"", ""2"": ""rx_and_data_rate""}}"
2025-04-05 00:21:25,"{""gw-3"": {""1"": ""rx_and_data_rate"", ""2"": ""blocked""}}"
2025-04-05 00:21:26,"{""gw-2"": {""1"": ""blocked"", ""2"": ""rx_and_data_rate""}, ""gw-1"": {""1"": ""blocked"", ""2"": ""rx_and_data_rate""}}"
2025-04-05 00:21:26,"{""gw-1"": {""1"": ""rx_and_data_rate"", ""2"": ""blocked""}}"
2025-04-05 00:21:27,"{""gw-2"": {""1"": ""rx_and_data_rate"", ""2"": ""blocked""}}"
2025-04-05 00:21:27,"{""gw-1"": {""1"": ""blocked"", ""2"": ""rx_and_data_rate""}}"
2025-04-05 00:21:41,"{""gw-2"": {""1"": ""rx_and_data_rate"", ""2"": ""blocked""}}"
2025-04-05 00:21:43,"{""gw-2"": {""1"": ""rx_and_data_rate"", ""2"": ""blocked""}}"
2025-04-05 00:21:43,"{""gw-2"": {""1"": ""rx_and_data_rate"", ""2"": ""blocked""}, ""gw-1"": {""1"": ""rx_and_data_rate"", ""2"": ""blocked""}}"
2025-04-05 00:21:44,"{""gw-3"": {""1"": ""rx_and_data_rate"", ""2"": ""blocked""}}"
2025-04-05 00:21:44,"{""gw-1"": {""1"": ""blocked"", ""2"": ""rx_and_data_rate""}, ""gw-3"": {""1"": ""blocked"", ""2"": ""rx_and_data_rate""}}"
2025-04-05 00:21:46,"{""gw-1"": {""1"": ""rx_and_data_rate"", ""2"": ""blocked""}}"
2025-04-05 00:21:52,"{""gw-1"": {""1"": ""blocked"", ""2"": ""rx_and_data_rate""}}"
2025-04-05 00:21:52,"{""gw-1"": {""1"": ""blocked"", ""2"": ""rx_and_data_rate""}}"
2025-04-05 00:21:54,"{""gw-1"": {""1"": ""conflict"", ""2"": ""rx_and_data_rate""}, ""gw-2"": {""1"": ""blocked"", ""2"": ""rx_and_data_rate""}}"
2025-04-05 00:22:01,"{""gw-1"": {""1"": ""rx_and_data_rate"", ""2"": ""blocked""}}"
2025-04-05 00:22:01,"{""gw-1"": {""1"": ""rx_and_data_rate"", ""2"": ""blocked""}, ""gw-2"": {""1"": ""rx_and_data_rate"", ""2"": ""blocked""}, ""gw-3"": {""1"": ""rx_and_data_rate"", ""2"": ""conflict""}}"
2025-04-05 00:22:04,"{""gw-1"": {""1"": ""blocked"", ""2"": ""rx_and_data_rate""}}"
2025-04-05 00:22:04,"{""gw-2"": {""1"": ""blocked"", ""2"": ""rx_and_data_rate""}}"
2025-04-05 00:22:08,"{""gw-2"": {""1"": ""rx_and_data_rate"", ""2"": ""blocked""}}"
2025-04-05 00:22:09,"{""gw-2"": {""1"": ""blocked"", ""2"": ""rx_and_data_rate""}}"
2025-04-05 00:22:09,"{""gw-3"": {""1"": ""rx_and_data_rate"", ""2"": ""blocked""}}"
2025-04-05 00:22:16,"{""gw-1"": {""1"": ""blocked"", ""2"": ""rx_and_data_rate""}}"
2025-04-05 00:22:22,"{""gw-1"": {""1"": ""blocked"", ""2"": ""rx_and_data_rate""}, ""gw-2"": {""1"": ""blocked"", ""2"": ""rx_and_data_rate""}}"
2025-04-05 00:22:23,"{""gw-2"": {""1"": ""rx_and_data_rate"", ""2"": ""blocked""}}"
2025-04-05 00:22:25,"{""gw-1"": {""1"": ""rx_and_data_rate"", ""2"": ""blocked""}}"
2025-04-05 00:22:29,"{""gw-1"": {""1"": ""blocked"", ""2"": ""rx_and_data_rate""}}"
2025-04-05 00:22:30,"{""gw-1"": {""1"": ""blocked"", ""2"": ""rx_and_data_rate""}}"
2025-04-05 00:22:31,"{""gw-2"": {""1"": ""rx_and_data_rate"", ""2"": ""blocked""}}"
2025-04-05 00:22:34,"{""gw-2"": {""1"": ""rx_and_data_rate"", ""2"": ""blocked""}}"
2025-04-05 00:22:35,"{""gw-2"": {""1"": ""rx_and_data_rate"", ""2"": ""blocked""}}"
2025-04-05 00:22:35,"{""gw-3"": {""1"": ""blocked"", ""2"": ""rx_and_data_rate""}}"
2025-04-05 00:22:39,"{""gw-3"": {""1"": ""rx_and_data_rate"", ""2"": ""blocked""}}"
2025-04-05 00:22:41,"{""gw-1"": {""1"": ""blocked"", ""2"": ""rx_and_data_rate""}}"
2025-04-05 00:22:44,"{""gw-2"": {""1"": ""blocked"", ""2"": ""rx_and_data_rate""}}"
2025-04-05 00:22:48,"{""gw-1"": {""1"": ""rx_and_data_rate"", ""2"": ""conflict""}}"
2025-04-05 00:22:49,"{""gw-1"": {""1"": ""rx_and_data_rate"", ""2"": ""conflict""}}"
2025-04-05 00:22:50,"{""gw-2"": {""1"": ""blocked"", ""2"": ""rx_and_data_rate""}}"
2025-04-05 00:22:54,"{""gw-2"": {""1"": ""blocked"", ""2"": ""rx_and_data_rate""}}"
2025-04-05 00:22:54,"{""gw-3"": {""1"": ""rx_and_data_rate"", ""2"": ""blocked""}}"
2025-04-05 00:22:54,"{""gw-1"": {""1"": ""blocked"", ""2"": ""rx_and_data_rate""}}"
2025-04-05 00:22:54,"{""gw-1"": {""1"": ""blocked"", ""2"": ""rx_and_data_rate""}}"
2025-04-05 00:22:55,"{""gw-3"": {""1"": ""rx_and_data_rate"", ""2"": ""blocked""}}"
2025-04-05 00:22:56,"{""gw-1"": {""1"": ""blocked"", ""2"": ""rx_and_data_rate""}}"
2025-04-05 00:22:56,"{""gw-1"": {""1"": ""blocked"", ""2"": ""rx_and_data_rate""}}"
2025-04-05 00:23:00,"{""gw-3"": {""1"": ""rx_and_data_rate"", ""2"": ""conflict""}}"
2025-04-05 00:23:01,"{""gw-1"": {""1"": ""blocked"", ""2"": ""rx_and_data_rate""}}"
2025-04-05 00:23:03,"{""gw-1"": {""1"": ""blocked"", ""2"": ""rx_and_data_rate""}}"
2025-04-05 00:23:06,"{""gw-3"": {""1"": ""blocked"", ""2"": ""rx_and_data_rate""}, ""gw-1"": {""1"": ""blocked"", ""2"": ""rx_and_data_rate""}, ""gw-2"": {""1"": ""blocked"", ""2"": ""rx_and_data_rate""}}"
2025-04-05 00:23:06,"{""gw-3"": {""1"": ""blocked"", ""2"": ""rx_and_data_rate""}, ""gw-1"": {""1"": ""blocked"", ""2"": ""rx_and_data_rate""}}"
2025-04-05 00:23:06,"{""gw-3"": {""1"": ""blocked"", ""2"": ""rx_and_data_rate""}, ""gw-2"": {""1"": ""blocked"", ""2"": ""rx_and_data_rate""}}"
2025-04-05 00:23:07,"{""gw-3"": {""1"": ""blocked"", ""2"": ""rx_and_data_rate""}}"
2025-04-05 00:23:08,"{""gw-3"": {""1"": ""blocked"", ""2"": ""blocked""}, ""gw-2"": {""1"": ""blocked"", ""2"": ""blocked""}}"
2025-04-05 00:23:09,"{""gw-2"": {""1"": ""rx_and_data_rate"", ""2"": ""blocked""}}"
2025-04-05 00:23:09,"{""gw-3"": {""1"": ""blocked"", ""2"": ""rx_and_data_rate""}}"
2025-04-05 00:23:10,"{""gw-1"": {""1"": ""rx_and_data_rate"", ""2"": ""blocked""}}"
2025-04-05 00:23:11,"{""gw-3"": {""1"": ""blocked"", ""2"": ""blocked""}, ""gw-2"": {""1"": ""conflict"", ""2"": ""blocked""}, ""gw-1"": {""1"": ""blocked"", ""2"": ""blocked""}}"
2025-04-05 00:23:12,"{""gw-1"": {""1"": ""blocked"", ""2"": ""rx_and_data_rate""}, ""gw-3"": {""1"": ""blocked"", ""2"": ""rx_and_data_rate""}}"
2025-04-05 00:23:14,"{""gw-3"": {""1"": ""rx_and_data_rate"", ""2"": ""conflict""}}"
2025-04-05 00:23:20,"{""gw-2"": {""1"": ""rx_and_data_rate"", ""2"": ""blocked""}}"
2025-04-05 00:23:20,"{""gw-2"": {""1"": ""blocked"", ""2"": ""blocked""}, ""gw-3"": {""1"": ""blocked"", ""2"": ""blocked""}}"
2025-04-05 00:23:20,"{""gw-1"": {""1"": ""blocked"", ""2"": ""rx_and_data_rate""}}"
2025-04-05 00:23:25,"{""gw-1"": {""1"": ""rx_and_data_rate"", ""2"": ""blocked""}}"
2025-04-05 00:23:28,"{""gw-2"": {""1"": ""conflict"", ""2"": ""rx_and_data_rate""}}"
2025-04-05 00:23:32,"{""gw-1"": {""1"": ""rx_and_data_rate"", ""2"": ""blocked""}, ""gw-3"": {""1"": ""rx_and_data_rate"", ""2"": ""conflict""}}"
2025-04-05 00:23:32,"{""gw-1"": {""1"": ""blocked"", ""2"": ""rx_and_data_rate""}}"
2025-04-05 00:23:33,"{""gw-2"": {""1"": ""blocked"", ""2"": ""rx_and_data_rate""}}"
2025-04-05 00:23:33,"{""gw-2"": {""1"": ""rx_and_data_rate"", ""2"": ""blocked""}}"
2025-04-05 00:23:34,"{""gw-3"": {""1"": ""blocked"", ""2"": ""blocked""}, ""gw-2"": {""1"": ""blocked"", ""2"": ""blocked""}}"
2025-04-05 00:23:35,"{""gw-2"": {""1"": ""blocked"", ""2"": ""blocked""}}"
2025-04-05 00:23:35,"{""gw-3"": {""1"": ""blocked"", ""2"": ""rx_and_data_rate""}}"
2025-04-05 00:23:35,"{""gw-3"": {""1"": ""blocked"", ""2"": ""blocked""}, ""gw-2"": {""1"": ""blocked"", ""2"": ""blocked""}}"
2025-04-05 00:23:36,"{""gw-1"": {""1"": ""blocked"", ""2"": ""rx_and_data_rate""}, ""gw-3"": {""1"": ""blocked"", ""2"": ""rx_and_data_rate""}}"
2025-04-05 00:23:38,"{""gw-3"": {""1"": ""rx_and_data_rate"", ""2"": ""blocked""}, ""gw-2"": {""1"": ""rx_and_data_rate"", ""2"": ""blocked""}}"
2025-04-05 00:23:39,"{""gw-1"": {""1"": ""blocked"", ""2"": ""rx_and_data_rate""}}"
2025-04-05 00:23:40,"{""gw-3"": {""1"": ""blocked"", ""2"": ""blocked""}}"
2025-04-05 00:23:41,"{""gw-1"": {""1"": ""blocked"", ""2"": ""rx_and_data_rate""}, ""gw-3"": {""1"": ""blocked"", ""2"": ""rx_and_data_rate""}}"
2025-04-05 00:23:41,"{""gw-2"": {""1"": ""conflict"", ""2"": ""blocked""}, ""gw-1"": {""1"": ""blocked"", ""2"": ""blocked""}}"
2025-04-05 00:23:43,"{""gw-3"": {""1"": ""blocked"", ""2"": ""rx_and_data_rate""}, ""gw-1"": {""1"": ""blocked"", ""2"": ""rx_and_data_rate""}, ""gw-2"": {""1"": ""blocked"", ""2"": ""rx_and_data_rate""}}"
2025-04-05 00:23:44,"{""gw-3"": {""1"": ""blocked"", ""2"": ""rx_and_data_rate""}, ""gw-2"": {""1"": ""blocked"", ""2"": ""rx_and_data_rate""}}"
2025-04-05 00:23:44,"{""gw-2"": {""1"": ""blocked"", ""2"": ""blocked""}}"
2025-04-05 00:23:45,"{""gw-3"": {""1"": ""conflict"", ""2"": ""conflict""}}"
2025-04-05 00:23:46,"{""gw-2"": {""1"": ""blocked"", ""2"": ""rx_and_data_rate""}}"
2025-04-05 00:23:52,"{""gw-2"": {""1"": ""blocked"", ""2"": ""rx_and_data_rate""}, ""gw-3"": {""1"": ""conflict"", ""2"": ""rx_and_data_rate""}}"
2025-04-05 00:23:52,"{""gw-3"": {""1"": ""rx_and_data_rate"", ""2"": ""blocked""}}"
2025-04-05 00:23:52,"{""gw-2"": {""1"": ""blocked"", ""2"": ""rx_and_data_rate""}}"
2025-04-05 00:23:52,"{""gw-2"": {""1"": ""blocked"", ""2"": ""rx_and_data_rate""}, ""gw-3"": {""1"": ""blocked"", ""2"": ""rx_and_data_rate""}}"
2025-04-05 00:23:53,"{""gw-2"": {""1"": ""rx_and_data_rate"", ""2"": ""conflict""}}"
2025-04-05 00:23:55,"{""gw-1"": {""1"": ""rx_and_data_rate"", ""2"": ""blocked""}}"
2025-04-05 00:23:56,"{""gw-1"": {""1"": ""rx_and_data_rate"", ""2"": ""blocked""}}"
2025-04-05 00:23:56,"{""gw-3"": {""1"": ""rx_and_data_rate"", ""2"": ""blocked""}}"
2025-04-05 00:23:56,"{""gw-3"": {""1"": ""blocked"", ""2"": ""rx_and_data_rate""}}"
2025-04-05 00:23:56,"{""gw-3"": {""1"": ""blocked"", ""2"": ""rx_and_data_rate""}, ""gw-1"": {""1"": ""blocked"", ""2"": ""rx_and_data_rate""}}"
2025-04-05 00:24:05,"{""gw-2"": {""1"": ""blocked"", ""2"": ""rx_and_data_rate""}}"
2025-04-05 00:24:13,"{""gw-2"": {""1"": ""blocked"", ""2"": ""rx_and_data_rate""}, ""gw-1"": {""1"": ""blocked"", ""2"": ""rx_and_data_rate""}}"
2025-04-05 00:24:18,"{""gw-3"": {""1"": ""blocked"", ""2"": ""rx_and_data_rate""}}"
2025-04-05 00:24:24,"{""gw-3"": {""1"": ""conflict"", ""2"": ""blocked""}}"
2025-04-05 00:24:24,"{""gw-2"": {""1"": ""rx_and_data_rate"", ""2"": ""blocked""}, ""gw-3"": {""1"": ""rx_and_data_rate"", ""2"": ""blocked""}}"
2025-04-05 00:24:24,"{""gw-3"": {""1"": ""conflict"", ""2"": ""rx_and_data_rate""}}"
2025-04-05 00:24:24,"{""gw-3"": {""1"": ""conflict"", ""2"": ""rx_and_data_rate""}, ""gw-2"": {""1"": ""blocked"", ""2"": ""rx_and_data_rate""}}"
2025-04-05 00:24:28,"{""gw-1"": {""1"": ""rx_and_data_rate"", ""2"": ""blocked""}, ""gw-2"": {""1"": ""rx_and_data_rate"", ""2"": ""blocked""}, ""gw-3"": {""1"": ""rx_and_data_rate"", ""2"": ""blocked""}}"
2025-04-05 00:24:30,"{""gw-3"": {""1"": ""blocked"", ""2"": ""rx_and_data_rate""}}"
2025-04-05 00:24:31,"{""gw-3"": {""1"": ""blocked"", ""2"": ""rx_and_data_rate""}}"
2025-04-05 00:24:32,"{""gw-1"": {""1"": ""rx_and_data_rate"", ""2"": ""blocked""}}"
2025-04-05 00:24:33,"{""gw-3"": {""1"": ""blocked"", ""2"": ""rx_and_data_rate""}, ""gw-1"": {""1"": ""blocked"", ""2"": ""rx_and_data_rate""}}"
2025-04-05 00:24:34,"{""gw-3"": {""1"": ""blocked"", ""2"": ""rx_and_data_rate""}, ""gw-1"": {""1"": ""blocked"", ""2"": ""rx_and_data_rate""}}"
2025-04-05 00:24:39,"{""gw-3"": {""1"": ""blocked"", ""2"": ""rx_and_data_rate""}}"
2025-04-05 00:24:53,"{""gw-2"": {""1"": ""rx_and_data_rate"", ""2"": ""blocked""}, ""gw-3"": {""1"": ""rx_and_data_rate"", ""2"": ""conflict""}}"
2025-04-05 00:24:54,"{""gw-3"": {""1"": ""conflict"", ""2"": ""blocked""}, ""gw-2"": {""1"": ""conflict"", ""2"": ""blocked""}}"
2025-04-05 00:24:54,"{""gw-3"": {""1"": ""conflict"", ""2"": ""rx_and_data_rate""}}"
2025-04-05 00:25:09,"{""gw-1"": {""1"": ""rx_and_data_rate"", ""2"": ""blocked""}}"
2025-04-05 00:25:10,"{""gw-3"": {""1"": ""rx_and_data_rate"", ""2"": ""conflict""}}"
2025-04-05 00:25:11,"{""gw-1"": {""1"": ""blocked"", ""2"": ""rx_and_data_rate""}}"
2025-04-05 00:25:13,"{""gw-2"": {""1"": ""blocked"", ""2"": ""rx_and_data_rate""}}"
2025-04-05 00:25:14,"{""gw-1"": {""1"": ""rx_and_data_rate"", ""2"": ""blocked""}}"
2025-04-05 00:25:14,"{""gw-3"": {""1"": ""blocked"", ""2"": ""rx_and_data_rate""}}"
2025-04-05 00:25:15,"{""gw-3"": {""1"": ""rx_and_data_rate"", ""2"": ""blocked""}, ""gw-2"": {""1"": ""rx_and_data_rate"", ""2"": ""blocked""}}"
2025-04-05 00:25:16,"{""gw-1"": {""1"": ""blocked"", ""2"": ""rx_and_data_rate""}}"
2025-04-05 00:25:17,"{""gw-2"": {""1"": ""rx_and_data_rate"", ""2"": ""blocked""}}"
2025-04-05 00:25:20,"{""gw-3"": {""1"": ""blocked"", ""2"": ""rx_and_data_rate""}}"
2025-04-05 00:25:20,"{""gw-3"": {""1"": ""blocked"", ""2"": ""blocked""}}"
2025-04-05 00:25:22,"{""gw-3"": {""1"": ""conflict"", ""2"": ""conflict""}}"
2025-04-05 00:25:22,"{""gw-1"": {""1"": ""rx_and_data_rate"", ""2"": ""blocked""}}"
2025-04-05 00:25:23,"{""gw-2"": {""1"": ""blocked"", ""2"": ""rx_and_data_rate""}}"
2025-04-05 00:25:24,"{""gw-2"": {""1"": ""rx_and_data_rate"", ""2"": ""blocked""}}"
2025-04-05 00:25:26,"{""gw-3"": {""1"": ""rx_and_data_rate"", ""2"": ""blocked""}, ""gw-2"": {""1"": ""rx_and_data_rate"", ""2"": ""blocked""}}"
2025-04-05 00:25:26,"{""gw-1"": {""1"": ""rx_and_data_rate"", ""2"": ""blocked""}, ""gw-3"": {""1"": ""rx_and_data_rate"", ""2"": ""blocked""}}"
2025-04-05 00:25:27,"{""gw-1"": {""1"": ""rx_and_data_rate"", ""2"": ""blocked""}}"
2025-04-05 00:25:31,"{""gw-1"": {""1"": ""blocked"", ""2"": ""rx_and_data_rate""}}"
2025-04-05 00:25:31,"{""gw-3"": {""1"": ""rx_and_data_rate"", ""2"": ""blocked""}}"
2025-04-05 00:25:34,"{""gw-2"": {""1"": ""blocked"", ""2"": ""rx_and_data_rate""}, ""gw-3"": {""1"": ""blocked"", ""2"": ""rx_and_data_rate""}}"
2025-04-05 00:25:34,"{""gw-3"": {""1"": ""rx_and_data_rate"", ""2"": ""conflict""}}"
2025-04-05 00:25:36,"{""gw-1"": {""1"": ""blocked"", ""2"": ""blocked""}, ""gw-2"": {""1"": ""conflict"", ""2"": ""conflict""}}"
2025-04-05 00:25:38,"{""gw-1"": {""1"": ""blocked"", ""2"": ""rx_and_data_rate""}}"
2025-04-05 00:25:40,"{""gw-1"": {""1"": ""blocked"", ""2"": ""blocked""}}"
2025-04-05 00:25:41,"{""gw-2"": {""1"": ""blocked"", ""2"": ""rx_and_data_rate""}}"
2025-04-05 00:25:41,"{""gw-3"": {""1"": ""rx_and_data_rate"", ""2"": ""blocked""}, ""gw-2"": {""1"": ""rx_and_data_rate"", ""2"": ""blocked""}}"
2025-04-05 00:25:43,"{""gw-1"": {""1"": ""rx_and_data_rate"", ""2"": ""conflict""}, ""gw-3"": {""1"": ""rx_and_data_rate"", ""2"": ""blocked""}}"
2025-04-05 00:25:44,"{""gw-3"": {""1"": ""blocked"", ""2"": ""rx_and_data_rate""}}"
2025-04-05 00:25:53,"{""gw-2"": {""1"": ""conflict"", ""2"": ""rx_and_data_rate""}}"
2025-04-05 00:25:55,"{""gw-1"": {""1"": ""blocked"", ""2"": ""rx_and_data_rate""}}"
2025-04-05 00:25:56,"{""gw-1"": {""1"": ""blocked"", ""2"": ""rx_and_data_rate""}}"
2025-04-05 00:25:57,"{""gw-3"": {""1"": ""rx_and_data_rate"", ""2"": ""blocked""}}"
2025-04-05 00:26:00,"{""gw-2"": {""1"": ""rx_and_data_rate"", ""2"": ""blocked""}}"
2025-04-05 00:26:03,"{""gw-2"": {""1"": ""blocked"", ""2"": ""rx_and_data_rate""}, ""gw-1"": {""1"": ""blocked"", ""2"": ""rx_and_data_rate""}, ""gw-3"": {""1"": ""conflict"", ""2"": ""rx_and_data_rate""}}"
2025-04-05 00:26:03,"{""gw-2"": {""1"": ""rx_and_data_rate"", ""2"": ""blocked""}}"
2025-04-05 00:26:06,"{""gw-1"": {""1"": ""blocked"", ""2"": ""rx_and_data_rate""}, ""gw-2"": {""1"": ""blocked"", ""2"": ""rx_and_data_rate""}}"
2025-04-05 00:26:11,"{""gw-1"": {""1"": ""blocked"", ""2"": ""rx_and_data_rate""}}"
2025-04-05 00:26:12,"{""gw-2"": {""1"": ""rx_and_data_rate"", ""2"": ""blocked""}}"
2025-04-05 00:26:14,"{""gw-1"": {""1"": ""rx_and_data_rate"", ""2"": ""blocked""}}"
2025-04-05 00:26:15,"{""gw-2"": {""1"": ""blocked"", ""2"": ""rx_and_data_rate""}}"
2025-04-05 00:26:16,"{""gw-3"": {""1"": ""blocked"", ""2"": ""conflict""}}"
2025-04-05 00:26:17,"{""gw-2"": {""1"": ""blocked"", ""2"": ""blocked""}}"
2025-04-05 00:26:19,"{""gw-1"": {""1"": ""blocked"", ""2"": ""rx_and_data_rate""}}"
2025-04-05 00:26:19,"{""gw-1"": {""1"": ""rx_and_data_rate"", ""2"": ""blocked""}}"
2025-04-05 00:26:24,"{""gw-3"": {""1"": ""blocked"", ""2"": ""blocked""}, ""gw-1"": {""1"": ""blocked"", ""2"": ""blocked""}}"
2025-04-05 00:26:27,"{""gw-1"": {""1"": ""blocked"", ""2"": ""rx_and_data_rate""}}"
2025-04-05 00:26:29,"{""gw-1"": {""1"": ""blocked"", ""2"": ""rx_and_data_rate""}, ""gw-2"": {""1"": ""conflict"", ""2"": ""rx_and_data_rate""}}"
2025-04-05 00:26:30,"{""gw-2"": {""1"": ""rx_and_data_rate"", ""2"": ""blocked""}, ""gw-1"": {""1"": ""rx_and_data_rate"", ""2"": ""conflict""}}"
2025-04-05 00:26:31,"{""gw-3"": {""1"": ""blocked"", ""2"": ""rx_and_data_rate""}}"
2025-04-05 00:26:31,"{""gw-3"": {""1"": ""rx_and_data_rate"", ""2"": ""conflict""}}"
2025-04-05 00:26:32,"{""gw-3"": {""1"": ""conflict"", ""2"": ""blocked""}}"
2025-04-05 00:26:32,"{""gw-3"": {""1"": ""conflict"", ""2"": ""blocked""}}"
2025-04-05 00:26:32,"{""gw-2"": {""1"": ""blocked"", ""2"": ""rx_and_data_rate""}}"
2025-04-05 00:26:34,"{""gw-1"": {""1"": ""rx_and_data_rate"", ""2"": ""blocked""}, ""gw-3"": {""1"": ""rx_and_data_rate"", ""2"": ""blocked""}}"
2025-04-05 00:26:35,"{""gw-3"": {""1"": ""blocked"", ""2"": ""rx_and_data_rate""}}"
2025-04-05 00:26:38,"{""gw-3"": {""1"": ""blocked"", ""2"": ""rx_and_data_rate""}}"
2025-04-05 00:26:40,"{""gw-3"": {""1"": ""rx_and_data_rate"", ""2"": ""blocked""}}"
2025-04-05 00:26:41,"{""gw-2"": {""1"": ""blocked"", ""2"": ""rx_and_data_rate""}, ""gw-1"": {""1"": ""blocked"", ""2"": ""rx_and_data_rate""}}"
2025-04-05 00:26:42,"{""gw-2"": {""1"": ""blocked"", ""2"": ""rx_and_data_rate""}}"
2025-04-05 00:26:47,"{""gw-2"": {""1"": ""rx_and_data_rate"", ""2"": ""blocked""}}"
2025-04-05 00:26:49,"{""gw-2"": {""1"": ""blocked"", ""2"": ""rx_and_data_rate""}}"
2025-04-05 00:26:50,"{""gw-2"": {""1"": ""blocked"", ""2"": ""blocked""}}"
2025-04-05 00:26:57,"{""gw-1"": {""1"": ""blocked"", ""2"": ""rx_and_data_rate""}}"
2025-04-05 00:27:02,"{""gw-3"": {""1"": ""blocked"", ""2"": ""blocked""}}"
2025-04-05 00:27:03,"{""gw-1"": {""1"": ""rx_and_data_rate"", ""2"": ""blocked""}, ""gw-2"": {""1"": ""rx_and_data_rate"", ""2"": ""blocked""}}"
2025-04-05 00:27:05,"{""gw-3"": {""1"": ""rx_and_data_rate"", ""2"": ""blocked""}, ""gw-2"": {""1"": ""rx_and_data_rate"", ""2"": ""blocked""}}"
2025-04-05 00:27:08,"{""gw-2"": {""1"": ""rx_and_data_rate"", ""2"": ""blocked""}}"
2025-04-05 00:27:15,"{""gw-2"": {""1"": ""conflict"", ""2"": ""rx_and_data_rate""}}"
2025-04-05 00:27:16,"{""gw-2"": {""1"": ""rx_and_data_rate"", ""2"": ""blocked""}, ""gw-1"": {""1"": ""rx_and_data_rate"", ""2"": ""blocked""}}"
2025-04-05 00:27:17,"{""gw-3"": {""1"": ""blocked"", ""2"": ""rx_and_data_rate""}}"
2025-04-05 00:27:20,"{""gw-2"": {""1"": ""rx_and_data_rate"", ""2"": ""blocked""}, ""gw-1"": {""1"": ""rx_and_data_rate"", ""2"": ""blocked""}}"
2025-04-05 00:27:21,"{""gw-1"": {""1"": ""blocked"", ""2"": ""rx_and_data_rate""}}"
2025-04-05 00:27:21,"{""gw-1"": {""1"": ""blocked"", ""2"": ""rx_and_data_rate""}}"
2025-04-05 00:27:22,"{""gw-3"": {""1"": ""rx_and_data_rate"", ""2"": ""blocked""}}"
2025-04-05 00:27:26,"{""gw-3"": {""1"": ""blocked"", ""2"": ""rx_and_data_rate""}}"
2025-04-05 00:27:27,"{""gw-2"": {""1"": ""rx_and_data_rate"", ""2"": ""conflict""}}"
2025-04-05 00:27:30,"{""gw-2"": {""1"": ""blocked"", ""2"": ""rx_and_data_rate""}}"
2025-04-05 00:27:30,"{""gw-2"": {""1"": ""blocked"", ""2"": ""rx_and_data_rate""}, ""gw-3"": {""1"": ""conflict"", ""2"": ""rx_and_data_rate""}}"
2025-04-05 00:27:33,"{""gw-1"": {""1"": ""rx_and_data_rate"", ""2"": ""blocked""}}"
2025-04-05 00:27:35,"{""gw-2"": {""1"": ""blocked"", ""2"": ""rx_and_data_rate""}, ""gw-3"": {""1"": ""blocked"", ""2"": ""rx_and_data_rate""}}"
2025-04-05 00:27:39,"{""gw-2"": {""1"": ""blocked"", ""2"": ""rx_and_data_rate""}}"
2025-04-05 00:27:39,"{""gw-2"": {""1"": ""blocked"", ""2"": ""rx_and_data_rate""}}"
2025-04-05 00:27:41,"{""gw-3"": {""1"": ""blocked"", ""2"": ""rx_and_data_rate""}, ""gw-1"": {""1"": ""conflict"", ""2"": ""rx_and_data_rate""}}"
2025-04-05 00:27:41,"{""gw-3"": {""1"": ""blocked"", ""2"": ""rx_and_data_rate""}}"
2025-04-05 00:27:42,"{""gw-2"": {""1"": ""blocked"", ""2"": ""rx_and_data_rate""}, ""gw-3"": {""1"": ""blocked"", ""2"": ""rx_and_data_rate""}}"
2025-04-05 00:27:42,"{""gw-3"": {""1"": ""blocked"", ""2"": ""rx_and_data_rate""}, ""gw-2"": {""1"": ""conflict"", ""2"": ""rx_and_data_rate""}}"
2025-04-05 00:27:43,"{""gw-2"": {""1"": ""rx_and_data_rate"", ""2"": ""blocked""}}"
2025-04-05 00:27:44,"{""gw-3"": {""1"": ""blocked"", ""2"": ""blocked""}}"
2025-04-05 00:27:45,"{""gw-1"": {""1"": ""rx_and_data_rate"", ""2"": ""blocked""}}"
2025-04-05 00:27:46,"{""gw-2"": {""1"": ""blocked"", ""2"": ""blocked""}}"
2025-04-05 00:27:46,"{""gw-2"": {""1"": ""rx_and_data_rate"", ""2"": ""blocked""}}"
2025-04-05 00:27:54,"{""gw-1"": {""1"": ""conflict"", ""2"": ""rx_and_data_rate""}}"
2025-04-05 00:27:59,"{""gw-2"": {""1"": ""blocked"", ""2"": ""rx_and_data_rate""}}"
2025-04-05 00:28:01,"{""gw-3"": {""1"": ""rx_and_data_rate"", ""2"": ""blocked""}}"
2025-04-05 00:28:05,"{""gw-1"": {""1"": ""rx_and_data_rate"", ""2"": ""conflict""}}"
2025-04-05 00:28:07,"{""gw-1"": {""1"": ""rx_and_data_rate"", ""2"": ""blocked""}}"
2025-04-05 00:28:11,"{""gw-1"": {""1"": ""blocked"", ""2"": ""blocked""}}"
2025-04-05 00:28:12,"{""gw-2"": {""1"": ""blocked"", ""2"": ""rx_and_data_rate""}}"
2025-04-05 00:28:13,"{""gw-2"": {""1"": ""blocked"", ""2"": ""rx_and_data_rate""}}"
2025-04-05 00:28:21,"{""gw-3"": {""2"": ""blocked""}}"
2025-04-05 00:28:21,"{""gw-3"": {""2"": ""blocked""}}"
2025-04-05 00:28:22,"{""gw-2"": {""1"": ""rx_and_data_rate"", ""2"": ""blocked""}}"
2025-04-05 00:28:24,"{""gw-2"": {""1"": ""blocked"", ""2"": ""rx_and_data_rate""}}"
2025-04-05 00:28:26,"{""gw-3"": {""1"": ""rx_and_data_rate"", ""2"": ""blocked""}, ""gw-1"": {""1"": ""rx_and_data_rate"", ""2"": ""blocked""}}"
2025-04-05 00:28:26,"{""gw-2"": {""1"": ""rx_and_data_rate"", ""2"": ""blocked""}, ""gw-3"": {""1"": ""rx_and_data_rate"", ""2"": ""blocked""}}"
2025-04-05 00:28:29,"{""gw-3"": {""1"": ""rx_and_data_rate"", ""2"": ""blocked""}}"
2025-04-05 00:28:29,"{""gw-2"": {""1"": ""rx_and_data_rate"", ""2"": ""blocked""}}"
2025-04-05 00:28:30,"{""gw-2"": {""1"": ""rx_and_data_rate"", ""2"": ""blocked""}}"
2025-04-05 00:28:32,"{""gw-2"": {""1"": ""blocked"", ""2"": ""rx_and_data_rate""}}"
2025-04-05 00:28:35,"{""gw-3"": {""1"": ""rx_and_data_rate"", ""2"": ""blocked""}}"
2025-04-05 00:28:36,"{""gw-3"": {""1"": ""rx_and_data_rate"", ""2"": ""blocked""}}"
2025-04-05 00:28:41,"{""gw-1"": {""1"": ""rx_and_data_rate"", ""2"": ""blocked""}}"
2025-04-05 00:28:41,"{""gw-2"": {""1"": ""blocked"", ""2"": ""rx_and_data_rate""}}"
2025-04-05 00:28:42,"{""gw-1"": {""1"": ""blocked"", ""2"": ""rx_and_data_rate""}}"
2025-04-05 00:28:44,"{""gw-2"": {""1"": ""rx_and_data_rate"", ""2"": ""conflict""}}"
2025-04-05 00:28:44,"{""gw-2"": {""1"": ""rx_and_data_rate"", ""2"": ""conflict""}, ""gw-1"": {""1"": ""rx_and_data_rate"", ""2"": ""blocked""}}"
2025-04-05 00:28:45,"{""gw-2"": {""1"": ""conflict"", ""2"": ""rx_and_data_rate""}, ""gw-3"": {""1"": ""blocked"", ""2"": ""rx_and_data_rate""}}"
2025-04-05 00:28:47,"{""gw-1"": {""1"": ""blocked"", ""2"": ""rx_and_data_rate""}}"
2025-04-05 00:28:50,"{""gw-1"": {""1"": ""blocked"", ""2"": ""rx_and_data_rate""}}"
2025-04-05 00:28:50,"{""gw-3"": {""1"": ""blocked"", ""2"": ""blocked""}}"
2025-04-05 00:28:51,"{""gw-1"": {""1"": ""rx_and_data_rate"", ""2"": ""blocked""}, ""gw-3"": {""1"": ""rx_and_data_rate"", ""2"": ""blocked""}}"
2025-04-05 00:28:52,"{""gw-2"": {""1"": ""rx_and_data_rate"", ""2"": ""blocked""}, ""gw-1"": {""1"": ""rx_and_data_rate"", ""2"": ""blocked""}}"
2025-04-05 00:28:53,"{""gw-3"": {""1"": ""rx_and_data_rate"", ""2"": ""blocked""}}"
2025-04-05 00:28:53,"{""gw-1"": {""1"": ""blocked"", ""2"": ""blocked""}}"
2025-04-05 00:29:02,"{""gw-2"": {""1"": ""blocked"", ""2"": ""blocked""}}"
2025-04-05 00:29:10,"{""gw-1"": {""1"": ""blocked"", ""2"": ""blocked""}}"
2025-04-05 00:29:10,"{""gw-2"": {""1"": ""blocked"", ""2"": ""rx_and_data_rate""}}"
2025-04-05 00:29:14,"{""gw-1"": {""1"": ""rx_and_data_rate"", ""2"": ""blocked""}}"
2025-04-05 00:29:15,"{""gw-3"": {""1"": ""rx_and_data_rate"", ""2"": ""blocked""}}"
2025-04-05 00:29:16,"{""gw-1"": {""1"": ""blocked"", ""2"": ""rx_and_data_rate""}, ""gw-3"": {""1"": ""blocked"", ""2"": ""rx_and_data_rate""}}"
2025-04-05 00:29:22,"{""gw-1"": {""1"": ""blocked"", ""2"": ""rx_and_data_rate""}}"
2025-04-05 00:29:26,"{""gw-2"": {""1"": ""conflict"", ""2"": ""rx_and_data_rate""}}"
2025-04-05 00:29:27,"{""gw-2"": {""1"": ""rx_and_data_rate"", ""2"": ""blocked""}}"
2025-04-05 00:29:30,"{""gw-1"": {""1"": ""conflict"", ""2"": ""rx_and_data_rate""}, ""gw-3"": {""1"": ""blocked"", ""2"": ""rx_and_data_rate""}}"
2025-04-05 00:29:30,"{""gw-2"": {""1"": ""rx_and_data_rate"", ""2"": ""blocked""}}"
2025-04-05 00:29:33,"{""gw-1"": {""1"": ""blocked"", ""2"": ""blocked""}, ""gw-2"": {""1"": ""blocked"", ""2"": ""blocked""}}"
2025-04-05 00:29:34,"{""gw-3"": {""1"": ""rx_and_data_rate"", ""2"": ""conflict""}}"
2025-04-05 00:29:34,"{""gw-1"": {""1"": ""rx_and_data_rate"", ""2"": ""blocked""}}"
2025-04-05 00:29:34,"{""gw-2"": {""1"": ""blocked"", ""2"": ""rx_and_data_rate""}}"
2025-04-05 00:29:36,"{""gw-2"": {""1"": ""rx_and_data_rate"", ""2"": ""blocked""}}"
2025-04-05 00:29:38,"{""gw-3"": {""1"": ""rx_and_data_rate"", ""2"": ""blocked""}}"
2025-04-05 00:29:39,"{""gw-2"": {""1"": ""blocked"", ""2"": ""rx_and_data_rate""}}"
2025-04-05 00:29:39,"{""gw-3"": {""1"": ""blocked"", ""2"": ""rx_and_data_rate""}}"
2025-04-05 00:29:42,"{""gw-3"": {""1"": ""rx_and_data_rate"", ""2"": ""blocked""}}"
2025-04-05 00:29:50,"{""gw-2"": {""1"": ""rx_and_data_rate"", ""2"": ""blocked""}}"
2025-04-05 00:29:52,"{""gw-2"": {""1"": ""rx_and_data_rate"", ""2"": ""blocked""}, ""gw-3"": {""1"": ""rx_and_data_rate"", ""2"": ""blocked""}}"
2025-04-05 00:29:54,"{""gw-1"": {""1"": ""blocked"", ""2"": ""rx_and_data_rate""}, ""gw-3"": {""1"": ""blocked"", ""2"": ""rx_and_data_rate""}}"
2025-04-05 00:29:56,"{""gw-2"": {""1"": ""conflict"", ""2"": ""rx_and_data_rate""}}"
2025-04-05 00:30:02,"{""gw-2"": {""1"": ""blocked"", ""2"": ""blocked""}}"
2025-04-05 00:30:02,"{""gw-1"": {""1"": ""blocked"", ""2"": ""rx_and_data_rate""}, ""gw-3"": {""1"": ""blocked"", ""2"": ""rx_and_data_rate""}}"
2025-04-05 00:30:03,"{""gw-3"": {""1"": ""blocked"", ""2"": ""rx_and_data_rate""}, ""gw-2"": {""1"": ""blocked"", ""2"": ""rx_and_data_rate""}, ""gw-1"": {""1"": ""blocked"", ""2"": ""rx_and_data_rate""}}"
2025-04-05 00:30:04,"{""gw-2"": {""1"": ""blocked"", ""2"": ""rx_and_data_rate""}, ""gw-3"": {""1"": ""blocked"", ""2"": ""rx_and_data_rate""}}"
2025-04-05 00:30:04,"{""gw-1"": {""1"": ""blocked"", ""2"": ""rx_and_data_rate""}, ""gw-3"": {""1"": ""blocked"", ""2"": ""rx_and_data_rate""}}"
2025-04-05 00:30:11,"{""gw-2"": {""1"": ""conflict"", ""2"": ""rx_and_data_rate""}}"
2025-04-05 00:30:12,"{""gw-1"": {""1"": ""blocked"", ""2"": ""rx_and_data_rate""}}"
2025-04-05 00:30:12,"{""gw-1"": {""1"": ""blocked"", ""2"": ""rx_and_data_rate""}, ""gw-3"": {""1"": ""blocked"", ""2"": ""rx_and_data_rate""}}"
2025-04-05 00:30:13,"{""gw-1"": {""1"": ""blocked"", ""2"": ""rx_and_data_rate""}, ""gw-3"": {""1"": ""blocked"", ""2"": ""rx_and_data_rate""}}"
2025-04-05 00:30:17,"{""gw-2"": {""1"": ""blocked"", ""2"": ""rx_and_data_rate""}}"
2025-04-05 00:30:18,"{""gw-1"": {""1"": ""blocked"", ""2"": ""rx_and_data_rate""}}"
2025-04-05 00:30:19,"{""gw-1"": {""1"": ""conflict"", ""2"": ""rx_and_data_rate""}}"
2025-04-05 00:30:20,"{""gw-2"": {""1"": ""rx_and_data_rate"", ""2"": ""blocked""}}"
2025-04-05 00:30:21,"{""gw-3"": {""1"": ""blocked"", ""2"": ""rx_and_data_rate""}}"
2025-04-05 00:30:22,"{""gw-2"": {""1"": ""blocked"", ""2"": ""conflict""}, ""gw-3"": {""1"": ""blocked"", ""2"": ""blocked""}, ""gw-1"": {""1"": ""blocked"", ""2"": ""blocked""}}"
2025-04-05 00:30:23,"{""gw-2"": {""1"": ""rx_and_data_rate"", ""2"": ""conflict""}}"
2025-04-05 00:30:23,"{""gw-2"": {""1"": ""conflict"", ""2"": ""blocked""}, ""gw-3"": {""1"": ""blocked"", ""2"": ""blocked""}}"
2025-04-05 00:30:24,"{""gw-3"": {""1"": ""blocked"", ""2"": ""blocked""}, ""gw-1"": {""1"": ""blocked"", ""2"": ""blocked""}}"
2025-04-05 00:30:24,"{""gw-3"": {""1"": ""blocked"", ""2"": ""rx_and_data_rate""}}"
2025-04-05 00:30:28,"{""gw-1"": {""1"": ""blocked"", ""2"": ""rx_and_data_rate""}, ""gw-2"": {""1"": ""blocked"", ""2"": ""rx_and_data_rate""}}"
2025-04-05 00:30:29,"{""gw-1"": {""1"": ""blocked"", ""2"": ""rx_and_data_rate""}}"
2025-04-05 00:30:34,"{""gw-1"": {""1"": ""conflict"", ""2"": ""rx_and_data_rate""}}"
2025-04-05 00:30:39,"{""gw-3"": {""1"": ""rx_and_data_rate"", ""2"": ""blocked""}}"
2025-04-05 00:30:42,"{""gw-1"": {""1"": ""blocked"", ""2"": ""blocked""}}"
2025-04-05 00:30:44,"{""gw-2"": {""1"": ""conflict"", ""2"": ""rx_and_data_rate""}, ""gw-1"": {""1"": ""blocked"", ""2"": ""rx_and_data_rate""}}"
2025-04-05 00:30:45,"{""gw-1"": {""1"": ""blocked"", ""2"": ""rx_and_data_rate""}}"
2025-04-05 00:30:48,"{""gw-3"": {""1"": ""rx_and_data_rate"", ""2"": ""conflict""}, ""gw-1"": {""1"": ""rx_and_data_rate"", ""2"": ""blocked""}}"
2025-04-05 00:30:50,"{""gw-2"": {""1"": ""rx_and_data_rate"", ""2"": ""blocked""}}"
2025-04-05 00:30:50,"{""gw-3"": {""1"": ""blocked"", ""2"": ""blocked""}}"
2025-04-05 00:30:57,"{""gw-3"": {""1"": ""rx_and_data_rate"", ""2"": ""blocked""}, ""gw-2"": {""1"": ""rx_and_data_rate"", ""2"": ""blocked""}}"
2025-04-05 00:30:58,"{""gw-3"": {""1"": ""blocked"", ""2"": ""rx_and_data_rate""}}"
2025-04-05 00:31:00,"{""gw-2"": {""1"": ""blocked"", ""2"": ""rx_and_data_rate""}, ""gw-1"": {""1"": ""blocked"", ""2"": ""rx_and_data_rate""}, ""gw-3"": {""1"": ""blocked"", ""2"": ""rx_and_data_rate""}}"
2025-04-05 00:31:03,"{""gw-1"": {""1"": ""conflict"", ""2"": ""rx_and_data_rate""}, ""gw-3"": {""1"": ""blocked"", ""2"": ""rx_and_data_rate""}}"
2025-04-05 00:31:04,"{""gw-3"": {""1"": ""rx_and_data_rate"", ""2"": ""blocked""}}"
2025-04-05 00:31:07,"{""gw-1"": {""1"": ""blocked"", ""2"": ""rx_and_data_rate""}}"
2025-04-05 00:31:07,"{""gw-1"": {""1"": ""blocked"", ""2"": ""rx_and_data_rate""}}"
2025-04-05 00:31:13,"{""gw-3"": {""1"": ""rx_and_data_rate"", ""2"": ""blocked""}}"
2025-04-05 00:31:16,"{""gw-1"": {""1"": ""conflict"", ""2"": ""rx_and_data_rate""}, ""gw-3"": {""1"": ""blocked"", ""2"": ""rx_and_data_rate""}}"
2025-04-05 00:31:17,"{""gw-3"": {""1"": ""blocked"", ""2"": ""blocked""}}"
2025-04-05 00:31:20,"{""gw-2"": {""1"": ""rx_and_data_rate"", ""2"": ""conflict""}, ""gw-1"": {""1"": ""rx_and_data_rate"", ""2"": ""blocked""}}"
2025-04-05 00:31:21,"{""gw-3"": {""1"": ""blocked"", ""2"": ""blocked""}}"
2025-04-05 00:31:22,"{""gw-1"": {""1"": ""blocked"", ""2"": ""rx_and_data_rate""}}"
2025-04-05 00:31:23,"{""gw-3"": {""1"": ""rx_and_data_rate"", ""2"": ""blocked""}}"
2025-04-05 00:31:26,"{""gw-1"": {""1"": ""rx_and_data_rate"", ""2"": ""blocked""}}"
2025-04-05 00:31:26,"{""gw-2"": {""1"": ""blocked"", ""2"": ""rx_and_data_rate""}}"
2025-04-05 00:31:33,"{""gw-2"": {""1"": ""blocked"", ""2"": ""rx_and_data_rate""}}"
2025-04-05 00:31:38,"{""gw-2"": {""1"": ""blocked"", ""2"": ""rx_and_data_rate""}}"
2025-04-05 00:31:42,"{""gw-2"": {""1"": ""rx_and_data_rate"", ""2"": ""conflict""}}"
2025-04-05 00:31:46,"{""gw-3"": {""1"": ""blocked"", ""2"": ""rx_and_data_rate""}}"
2025-04-05 00:31:47,"{""gw-3"": {""1"": ""blocked"", ""2"": ""rx_and_data_rate""}, ""gw-2"": {""1"": ""blocked"", ""2"": ""rx_and_data_rate""}}"
2025-04-05 00:31:47,"{""gw-3"": {""1"": ""rx_and_data_rate"", ""2"": ""conflict""}, ""gw-2"": {""1"": ""rx_and_data_rate"", ""2"": ""blocked""}}"
2025-04-05 00:31:48,"{""gw-3"": {""1"": ""rx_and_data_rate"", ""2"": ""blocked""}}"
2025-04-05 00:31:53,"{""gw-1"": {""1"": ""rx_and_data_rate"", ""2"": ""blocked""}, ""gw-2"": {""1"": ""rx_and_data_rate"", ""2"": ""blocked""}, ""gw-3"": {""1"": ""rx_and_data_rate"", ""2"": ""blocked""}}"
2025-04-05 00:31:57,"{""gw-1"": {""1"": ""blocked"", ""2"": ""rx_and_data_rate""}}"
2025-04-05 00:32:02,"{""gw-3"": {""1"": ""blocked"", ""2"": ""rx_and_data_rate""}}"
2025-04-05 00:32:02,"{""gw-2"": {""1"": ""blocked"", ""2"": ""rx_and_data_rate""}}"
2025-04-05 00:32:05,"{""gw-2"": {""1"": ""blocked"", ""2"": ""rx_and_data_rate""}}"
2025-04-05 00:32:05,"{""gw-1"": {""1"": ""rx_and_data_rate"", ""2"": ""conflict""}}"
2025-04-05 00:32:07,"{""gw-1"": {""1"": ""conflict"", ""2"": ""blocked""}, ""gw-3"": {""1"": ""conflict"", ""2"": ""blocked""}}"
2025-04-05 00:32:09,"{""gw-3"": {""1"": ""blocked"", ""2"": ""rx_and_data_rate""}}"
2025-04-05 00:32:12,"{""gw-1"": {""1"": ""rx_and_data_rate"", ""2"": ""blocked""}}"
2025-04-05 00:32:13,"{""gw-1"": {""1"": ""blocked"", ""2"": ""blocked""}}"
2025-04-05 00:32:23,"{""gw-2"": {""1"": ""blocked"", ""2"": ""rx_and_data_rate""}, ""gw-1"": {""1"": ""blocked"", ""2"": ""rx_and_data_rate""}, ""gw-3"": {""1"": ""conflict"", ""2"": ""rx_and_data_rate""}}"
2025-04-05 00:32:24,"{""gw-1"": {""1"": ""blocked"", ""2"": ""rx_and_data_rate""}}"
2025-04-05 00:32:26,"{""gw-3"": {""1"": ""blocked"", ""2"": ""blocked""}}"
2025-04-05 00:32:27,"{""gw-2"": {""1"": ""blocked"", ""2"": ""blocked""}, ""gw-3"": {""1"": ""blocked"", ""2"": ""blocked""}}"
2025-04-05 00:32:29,"{""gw-3"": {""1"": ""blocked"", ""2"": ""blocked""}, ""gw-2"": {""1"": ""blocked"", ""2"": ""blocked""}}"
2025-04-05 00:32:29,"{""gw-2"": {""1"": ""blocked"", ""2"": ""blocked""}, ""gw-1"": {""1"": ""blocked"", ""2"": ""blocked""}}"
2025-04-05 00:32:31,"{""gw-2"": {""1"": ""blocked"", ""2"": ""blocked""}, ""gw-3"": {""1"": ""blocked"", ""2"": ""blocked""}}"
2025-04-05 00:32:31,"{""gw-2"": {""1"": ""blocked"", ""2"": ""rx_and_data_rate""}}"
2025-04-05 00:32:31,"{""gw-1"": {""1"": ""rx_and_data_rate"", ""2"": ""blocked""}}"
2025-04-05 00:32:39,"{""gw-1"": {""1"": ""rx_and_data_rate"", ""2"": ""conflict""}, ""gw-3"": {""1"": ""rx_and_data_rate"", ""2"": ""blocked""}}"
2025-04-05 00:32:43,"{""gw-3"": {""1"": ""rx_and_data_rate"", ""2"": ""blocked""}}"
2025-04-05 00:32:45,"{""gw-1"": {""1"": ""rx_and_data_rate"", ""2"": ""blocked""}}"
2025-04-05 00:32:46,"{""gw-3"": {""1"": ""rx_and_data_rate"", ""2"": ""blocked""}}"
2025-04-05 00:32:47,"{""gw-1"": {""1"": ""conflict"", ""2"": ""blocked""}}"
2025-04-05 00:32:48,"{""gw-3"": {""1"": ""blocked"", ""2"": ""blocked""}}"
2025-04-05 00:32:55,"{""gw-1"": {""1"": ""conflict"", ""2"": ""blocked""}, ""gw-3"": {""1"": ""blocked"", ""2"": ""blocked""}}"
2025-04-05 00:32:58,"{""gw-2"": {""1"": ""rx_and_data_rate"", ""2"": ""blocked""}, ""gw-3"": {""1"": ""rx_and_data_rate"", ""2"": ""blocked""}}"
2025-04-05 00:33:01,"{""gw-1"": {""1"": ""rx_and_data_rate"", ""2"": ""blocked""}, ""gw-3"": {""1"": ""rx_and_data_rate"", ""2"": ""blocked""}}"
2025-04-05 00:33:02,"{""gw-3"": {""1"": ""rx_and_data_rate"", ""2"": ""blocked""}}"
2025-04-05 00:33:08,"{""gw-3"": {""1"": ""rx_and_data_rate"", ""2"": ""blocked""}}"
2025-04-05 00:33:10,"{""gw-2"": {""1"": ""rx_and_data_rate"", ""2"": ""blocked""}}"
2025-04-05 00:33:12,"{""gw-1"": {""1"": ""blocked"", ""2"": ""rx_and_data_rate""}}"
2025-04-05 00:33:13,"{""gw-1"": {""1"": ""blocked"", ""2"": ""rx_and_data_rate""}, ""gw-2"": {""1"": ""blocked"", ""2"": ""rx_and_data_rate""}}"
2025-04-05 00:33:14,"{""gw-1"": {""1"": ""rx_and_data_rate"", ""2"": ""blocked""}}"
2025-04-05 00:33:14,"{""gw-3"": {""1"": ""rx_and_data_rate"", ""2"": ""blocked""}, ""gw-1"": {""1"": ""rx_and_data_rate"", ""2"": ""blocked""}}"
2025-04-05 00:33:14,"{""gw-2"": {""1"": ""rx_and_data_rate"", ""2"": ""blocked""}}"
2025-04-05 00:33:15,"{""gw-2"": {""1"": ""blocked"", ""2"": ""rx_and_data_rate""}}"
2025-04-05 00:33:16,"{""gw-2"": {""1"": ""rx_and_data_rate"", ""2"": ""blocked""}, ""gw-3"": {""1"": ""rx_and_data_rate"", ""2"": ""blocked""}}"
2025-04-05 00:33:22,"{""gw-3"": {""1"": ""blocked"", ""2"": ""rx_and_data_rate""}}"
2025-04-05 00:33:25,"{""gw-2"": {""1"": ""blocked"", ""2"": ""rx_and_data_rate""}, ""gw-3"": {""1"": ""blocked"", ""2"": ""rx_and_data_rate""}}"
2025-04-05 00:33:26,"{""gw-3"": {""1"": ""rx_and_data_rate"", ""2"": ""conflict""}}"
2025-04-05 00:33:27,"{""gw-2"": {""1"": ""rx_and_data_rate"", ""2"": ""blocked""}}"
2025-04-05 00:33:31,"{""gw-2"": {""1"": ""blocked"", ""2"": ""blocked""}}"
2025-04-05 00:33:33,"{""gw-1"": {""1"": ""rx_and_data_rate"", ""2"": ""blocked""}}"
2025-04-05 00:33:33,"{""gw-2"": {""1"": ""rx_and_data_rate"", ""2"": ""blocked""}, ""gw-1"": {""1"": ""rx_and_data_rate"", ""2"": ""blocked""}}"
2025-04-05 00:33:34,"{""gw-2"": {""1"": ""rx_and_data_rate"", ""2"": ""blocked""}}"
2025-04-05 00:33:42,"{""gw-2"": {""1"": ""rx_and_data_rate"", ""2"": ""blocked""}, ""gw-3"": {""1"": ""rx_and_data_rate"", ""2"": ""conflict""}}"
2025-04-05 00:33:42,"{""gw-2"": {""1"": ""blocked"", ""2"": ""blocked""}, ""gw-3"": {""1"": ""conflict"", ""2"": ""blocked""}}"
2025-04-05 00:33:43,"{""gw-2"": {""1"": ""rx_and_data_rate"", ""2"": ""blocked""}}"
2025-04-05 00:33:46,"{""gw-1"": {""1"": ""rx_and_data_rate"", ""2"": ""blocked""}}"
2025-04-05 00:33:48,"{""gw-2"": {""1"": ""conflict"", ""2"": ""blocked""}}"
2025-04-05 00:34:00,"{""gw-3"": {""1"": ""blocked"", ""2"": ""rx_and_data_rate""}, ""gw-1"": {""1"": ""blocked"", ""2"": ""rx_and_data_rate""}}"
2025-04-05 00:34:01,"{""gw-1"": {""1"": ""blocked"", ""2"": ""rx_and_data_rate""}, ""gw-2"": {""1"": ""blocked"", ""2"": ""rx_and_data_rate""}}"
2025-04-05 00:34:09,"{""gw-1"": {""1"": ""rx_and_data_rate"", ""2"": ""blocked""}}"
2025-04-05 00:34:13,"{""gw-2"": {""1"": ""rx_and_data_rate"", ""2"": ""blocked""}}"
2025-04-05 00:34:14,"{""gw-2"": {""1"": ""blocked"", ""2"": ""rx_and_data_rate""}}"
2025-04-05 00:34:15,"{""gw-2"": {""1"": ""blocked"", ""2"": ""blocked""}}"
2025-04-05 00:34:16,"{""gw-3"": {""1"": ""blocked"", ""2"": ""blocked""}, ""gw-2"": {""1"": ""blocked"", ""2"": ""blocked""}}"
2025-04-05 00:34:16,"{""gw-1"": {""1"": ""rx_and_data_rate"", ""2"": ""blocked""}, ""gw-2"": {""1"": ""rx_and_data_rate"", ""2"": ""blocked""}}"
2025-04-05 00:34:17,"{""gw-3"": {""1"": ""blocked"", ""2"": ""blocked""}}"
2025-04-05 00:34:19,"{""gw-1"": {""1"": ""blocked"", ""2"": ""rx_and_data_rate""}}"
2025-04-05 00:34:19,"{""gw-2"": {""1"": ""conflict"", ""2"": ""rx_and_data_rate""}, ""gw-1"": {""1"": ""blocked"", ""2"": ""rx_and_data_rate""}, ""gw-3"": {""1"": ""blocked"", ""2"": ""rx_and_data_rate""}}"
2025-04-05 00:34:24,"{""gw-2"": {""1"": ""blocked"", ""2"": ""blocked""}}"
2025-04-05 00:34:24,"{""gw-3"": {""1"": ""conflict"", ""2"": ""rx_and_data_rate""}}"
2025-04-05 00:34:24,"{""gw-3"": {""1"": ""rx_and_data_rate"", ""2"": ""blocked""}}"
2025-04-05 00:34:24,"{""gw-3"": {""1"": ""conflict"", ""2"": ""rx_and_data_rate""}}"
2025-04-05 00:34:25,"{""gw-1"": {""1"": ""blocked"", ""2"": ""rx_and_data_rate""}}"
2025-04-05 00:34:25,"{""gw-2"": {""1"": ""rx_and_data_rate"", ""2"": ""blocked""}}"
2025-04-05 00:34:26,"{""gw-1"": {""1"": ""rx_and_data_rate"", ""2"": ""blocked""}, ""gw-2"": {""1"": ""rx_and_data_rate"", ""2"": ""blocked""}}"
2025-04-05 00:34:27,"{""gw-3"": {""1"": ""rx_and_data_rate"", ""2"": ""blocked""}}"
2025-04-05 00:34:34,"{""gw-1"": {""1"": ""blocked"", ""2"": ""rx_and_data_rate""}}"
2025-04-05 00:34:43,"{""gw-2"": {""1"": ""rx_and_data_rate"", ""2"": ""blocked""}}"
2025-04-05 00:34:48,"{""gw-2"": {""1"": ""rx_and_data_rate"", ""2"": ""blocked""}, ""gw-3"": {""1"": ""rx_and_data_rate"", ""2"": ""blocked""}}"
2025-04-05 00:34:51,"{""gw-2"": {""1"": ""conflict"", ""2"": ""rx_and_data_rate""}}"
2025-04-05 00:34:51,"{""gw-3"": {""1"": ""rx_and_data_rate"", ""2"": ""blocked""}}"
2025-04-05 00:34:52,"{""gw-1"": {""1"": ""rx_and_data_rate"", ""2"": ""blocked""}}"
2025-04-05 00:34:53,"{""gw-1"": {""1"": ""rx_and_data_rate"", ""2"": ""blocked""}}"
2025-04-05 00:34:58,"{""gw-2"": {""1"": ""blocked"", ""2"": ""rx_and_data_rate""}, ""gw-1"": {""1"": ""blocked"", ""2"": ""rx_and_data_rate""}, ""gw-3"": {""1"": ""blocked"", ""2"": ""rx_and_data_rate""}}"
2025-04-05 00:35:07,"{""gw-3"": {""1"": ""rx_and_data_rate"", ""2"": ""blocked""}}"
2025-04-05 00:35:09,"{""gw-1"": {""1"": ""blocked"", ""2"": ""rx_and_data_rate""}}"
2025-04-05 00:35:09,"{""gw-2"": {""1"": ""blocked"", ""2"": ""rx_and_data_rate""}, ""gw-3"": {""1"": ""blocked"", ""2"": ""rx_and_data_rate""}}"
2025-04-05 00:35:09,"{""gw-1"": {""1"": ""rx_and_data_rate"", ""2"": ""blocked""}}"
2025-04-05 00:35:14,"{""gw-2"": {""1"": ""blocked"", ""2"": ""rx_and_data_rate""}}"
2025-04-05 00:35:14,"{""gw-2"": {""1"": ""rx_and_data_rate"", ""2"": ""blocked""}}"
2025-04-05 00:35:15,"{""gw-3"": {""1"": ""blocked"", ""2"": ""rx_and_data_rate""}, ""gw-1"": {""1"": ""blocked"", ""2"": ""rx_and_data_rate""}, ""gw-2"": {""1"": ""blocked"", ""2"": ""rx_and_data_rate""}}"
2025-04-05 00:35:16,"{""gw-1"": {""1"": ""blocked"", ""2"": ""rx_and_data_rate""}}"
2025-04-05 00:35:16,"{""gw-1"": {""1"": ""blocked"", ""2"": ""rx_and_data_rate""}}"
2025-04-05 00:35:17,"{""gw-1"": {""1"": ""conflict"", ""2"": ""conflict""}}"
2025-04-05 00:35:17,"{""gw-1"": {""1"": ""rx_and_data_rate"", ""2"": ""conflict""}}"
2025-04-05 00:35:18,"{""gw-2"": {""1"": ""rx_and_data_rate"", ""2"": ""conflict""}}"
2025-04-05 00:35:20,"{""gw-1"": {""1"": ""rx_and_data_rate"", ""2"": ""blocked""}}"
2025-04-05 00:35:21,"{""gw-3"": {""1"": ""blocked"", ""2"": ""blocked""}, ""gw-1"": {""1"": ""blocked"", ""2"": ""blocked""}}"
2025-04-05 00:35:21,"{""gw-3"": {""1"": ""blocked"", ""2"": ""rx_and_data_rate""}, ""gw-1"": {""1"": ""blocked"", ""2"": ""rx_and_data_rate""}}"
2025-04-05 00:35:22,"{""gw-1"": {""1"": ""blocked"", ""2"": ""rx_and_data_rate""}}"
2025-04-05 00:35:22,"{""gw-2"": {""1"": ""blocked"", ""2"": ""blocked""}, ""gw-1"": {""1"": ""blocked"", ""2"": ""blocked""}}"
2025-04-05 00:35:22,"{""gw-3"": {""1"": ""rx_and_data_rate"", ""2"": ""blocked""}, ""gw-2"": {""1"": ""rx_and_data_rate"", ""2"": ""blocked""}, ""gw-1"": {""1"": ""rx_and_data_rate"", ""2"": ""blocked""}}"
2025-04-05 00:35:23,"{""gw-2"": {""1"": ""rx_and_data_rate"", ""2"": ""blocked""}, ""gw-3"": {""1"": ""rx_and_data_rate"", ""2"": ""conflict""}}"
2025-04-05 00:35:24,"{""gw-1"": {""1"": ""rx_and_data_rate"", ""2"": ""blocked""}}"
2025-04-05 00:35:24,"{""gw-2"": {""1"": ""rx_and_data_rate"", ""2"": ""blocked""}}"
2025-04-05 00:35:29,"{""gw-3"": {""1"": ""blocked"", ""2"": ""rx_and_data_rate""}}"
2025-04-05 00:35:31,"{""gw-3"": {""1"": ""rx_and_data_rate"", ""2"": ""blocked""}}"
2025-04-05 00:35:32,"{""gw-1"": {""1"": ""conflict"", ""2"": ""rx_and_data_rate""}}"
2025-04-05 00:35:34,"{""gw-2"": {""1"": ""blocked"", ""2"": ""rx_and_data_rate""}, ""gw-3"": {""1"": ""blocked"", ""2"": ""rx_and_data_rate""}, ""gw-1"": {""1"": ""blocked"", ""2"": ""rx_and_data_rate""}}"
2025-04-05 00:35:38,"{""gw-3"": {""1"": ""conflict"", ""2"": ""blocked""}}"
2025-04-05 00:35:40,"{""gw-2"": {""1"": ""blocked"", ""2"": ""blocked""}}"
2025-04-05 00:35:41,"{""gw-2"": {""1"": ""blocked"", ""2"": ""rx_and_data_rate""}}"
2025-04-05 00:35:42,"{""gw-1"": {""1"": ""blocked"", ""2"": ""rx_and_data_rate""}, ""gw-2"": {""1"": ""blocked"", ""2"": ""rx_and_data_rate""}}"
2025-04-05 00:35:47,"{""gw-1"": {""1"": ""conflict"", ""2"": ""rx_and_data_rate""}}"
2025-04-05 00:35:47,"{""gw-2"": {""1"": ""rx_and_data_rate"", ""2"": ""blocked""}}"
2025-04-05 00:35:54,"{""gw-2"": {""1"": ""rx_and_data_rate"", ""2"": ""blocked""}}"
2025-04-05 00:35:55,"{""gw-1"": {""1"": ""blocked"", ""2"": ""rx_and_data_rate""}}"
2025-04-05 00:36:04,"{""gw-3"": {""1"": ""rx_and_data_rate"", ""2"": ""blocked""}}"
2025-04-05 00:36:11,"{""gw-3"": {""1"": ""blocked"", ""2"": ""rx_and_data_rate""}, ""gw-2"": {""1"": ""blocked"", ""2"": ""rx_and_data_rate""}}"
2025-04-05 00:36:14,"{""gw-1"": {""1"": ""rx_and_data_rate"", ""2"": ""blocked""}}"
2025-04-05 00:36:18,"{""gw-2"": {""1"": ""blocked"", ""2"": ""rx_and_data_rate""}, ""gw-3"": {""1"": ""blocked"", ""2"": ""rx_and_data_rate""}}"
2025-04-05 00:36:19,"{""gw-3"": {""1"": ""blocked"", ""2"": ""rx_and_data_rate""}, ""gw-2"": {""1"": ""blocked"", ""2"": ""rx_and_data_rate""}}"
2025-04-05 00:36:20,"{""gw-3"": {""1"": ""blocked"", ""2"": ""rx_and_data_rate""}}"
2025-04-05 00:36:20,"{""gw-1"": {""1"": ""blocked"", ""2"": ""rx_and_data_rate""}}"
2025-04-05 00:36:21,"{""gw-1"": {""1"": ""blocked"", ""2"": ""rx_and_data_rate""}}"
2025-04-05 00:36:25,"{""gw-2"": {""1"": ""rx_and_data_rate"", ""2"": ""blocked""}, ""gw-1"": {""1"": ""rx_and_data_rate"", ""2"": ""blocked""}}"
2025-04-05 00:36:26,"{""gw-3"": {""1"": ""rx_and_data_rate"", ""2"": ""conflict""}}"
2025-04-05 00:36:27,"{""gw-2"": {""1"": ""rx_and_data_rate"", ""2"": ""blocked""}, ""gw-3"": {""1"": ""rx_and_data_rate"", ""2"": ""conflict""}}"
2025-04-05 00:36:27,"{""gw-1"": {""1"": ""rx_and_data_rate"", ""2"": ""blocked""}}"
2025-04-05 00:36:29,"{""gw-2"": {""1"": ""rx_and_data_rate"", ""2"": ""blocked""}, ""gw-1"": {""1"": ""rx_and_data_rate"", ""2"": ""blocked""}}"
2025-04-05 00:36:36,"{""gw-3"": {""1"": ""rx_and_data_rate"", ""2"": ""blocked""}, ""gw-1"": {""1"": ""rx_and_data_rate"", ""2"": ""blocked""}}"
2025-04-05 00:36:46,"{""gw-2"": {""1"": ""blocked"", ""2"": ""rx_and_data_rate""}}"
2025-04-05 00:36:47,"{""gw-2"": {""1"": ""blocked"", ""2"": ""rx_and_data_rate""}}"
2025-04-05 00:36:54,"{""gw-1"": {""1"": ""blocked"", ""2"": ""rx_and_data_rate""}}"
2025-04-05 00:36:55,"{""gw-3"": {""1"": ""blocked"", ""2"": ""blocked""}, ""gw-1"": {""1"": ""blocked"", ""2"": ""blocked""}}"
2025-04-05 00:36:56,"{""gw-3"": {""1"": ""blocked"", ""2"": ""rx_and_data_rate""}}"
2025-04-05 00:36:57,"{""gw-1"": {""1"": ""rx_and_data_rate"", ""2"": ""blocked""}}"
2025-04-05 00:37:03,"{""gw-1"": {""1"": ""blocked"", ""2"": ""rx_and_data_rate""}}"
2025-04-05 00:37:03,"{""gw-2"": {""1"": ""rx_and_data_rate"", ""2"": ""blocked""}}"
2025-04-05 00:37:10,"{""gw-3"": {""1"": ""blocked"", ""2"": ""rx_and_data_rate""}, ""gw-1"": {""1"": ""blocked"", ""2"": ""rx_and_data_rate""}}"
2025-04-05 00:37:12,"{""gw-2"": {""1"": ""conflict"", ""2"": ""rx_and_data_rate""}}"
2025-04-05 00:37:13,"{""gw-3"": {""1"": ""blocked"", ""2"": ""rx_and_data_rate""}}"
2025-04-05 00:37:14,"{""gw-1"": {""1"": ""blocked"", ""2"": ""blocked""}}"
2025-04-05 00:37:17,"{""gw-1"": {""1"": ""rx_and_data_rate"", ""2"": ""blocked""}}"
2025-04-05 00:37:17,"{""gw-1"": {""1"": ""rx_and_data_rate"", ""2"": ""blocked""}}"
2025-04-05 00:37:18,"{""gw-2"": {""1"": ""blocked"", ""2"": ""rx_and_data_rate""}}"
2025-04-05 00:37:19,"{""gw-3"": {""1"": ""rx_and_data_rate"", ""2"": ""blocked""}, ""gw-2"": {""1"": ""rx_and_data_rate"", ""2"": ""blocked""}}"
2025-04-05 00:37:19,"{""gw-2"": {""1"": ""blocked"", ""2"": ""blocked""}, ""gw-3"": {""1"": ""blocked"", ""2"": ""blocked""}}"
2025-04-05 00:37:22,"{""gw-2"": {""1"": ""rx_and_data_rate"", ""2"": ""blocked""}}"
2025-04-05 00:37:24,"{""gw-1"": {""1"": ""rx_and_data_rate"", ""2"": ""conflict""}}"
2025-04-05 00:37:25,"{""gw-1"": {""1"": ""conflict"", ""2"": ""conflict""}}"
2025-04-05 00:37:26,"{""gw-3"": {""1"": ""conflict"", ""2"": ""blocked""}}"
2025-04-05 00:37:30,"{""gw-1"": {""1"": ""rx_and_data_rate"", ""2"": ""blocked""}}"
2025-04-05 00:37:33,"{""gw-3"": {""1"": ""blocked"", ""2"": ""rx_and_data_rate""}}"
2025-04-05 00:37:34,"{""gw-2"": {""1"": ""blocked"", ""2"": ""rx_and_data_rate""}}"
2025-04-05 00:37:35,"{""gw-2"": {""1"": ""blocked"", ""2"": ""rx_and_data_rate""}}"
2025-04-05 00:37:38,"{""gw-2"": {""1"": ""blocked"", ""2"": ""rx_and_data_rate""}}"
2025-04-05 00:37:43,"{""gw-2"": {""1"": ""blocked"", ""2"": ""rx_and_data_rate""}, ""gw-3"": {""1"": ""blocked"", ""2"": ""rx_and_data_rate""}}"
2025-04-05 00:37:44,"{""gw-1"": {""1"": ""blocked"", ""2"": ""rx_and_data_rate""}}"
2025-04-05 00:37:45,"{""gw-2"": {""1"": ""conflict"", ""2"": ""rx_and_data_rate""}, ""gw-1"": {""1"": ""conflict"", ""2"": ""rx_and_data_rate""}}"
2025-04-05 00:37:47,"{""gw-3"": {""1"": ""blocked"", ""2"": ""rx_and_data_rate""}, ""gw-1"": {""1"": ""blocked"", ""2"": ""rx_and_data_rate""}}"
2025-04-05 00:37:49,"{""gw-3"": {""1"": ""blocked"", ""2"": ""rx_and_data_rate""}, ""gw-1"": {""1"": ""blocked"", ""2"": ""rx_and_data_rate""}}"
2025-04-05 00:37:51,"{""gw-1"": {""1"": ""blocked"", ""2"": ""rx_and_data_rate""}}"
2025-04-05 00:37:54,"{""gw-2"": {""1"": ""rx_and_data_rate"", ""2"": ""blocked""}}"
2025-04-05 00:37:54,"{""gw-3"": {""1"": ""rx_and_data_rate"", ""2"": ""blocked""}, ""gw-1"": {""1"": ""rx_and_data_rate"", ""2"": ""blocked""}}"
2025-04-05 00:37:54,"{""gw-3"": {""1"": ""blocked"", ""2"": ""blocked""}, ""gw-2"": {""1"": ""blocked"", ""2"": ""blocked""}}"
2025-04-05 00:37:54,"{""gw-1"": {""1"": ""rx_and_data_rate"", ""2"": ""blocked""}}"
2025-04-05 00:37:55,"{""gw-3"": {""1"": ""blocked"", ""2"": ""rx_and_data_rate""}}"
2025-04-05 00:37:56,"{""gw-3"": {""1"": ""blocked"", ""2"": ""rx_and_data_rate""}, ""gw-2"": {""1"": ""blocked"", ""2"": ""rx_and_data_rate""}}"
2025-04-05 00:37:57,"{""gw-2"": {""1"": ""blocked"", ""2"": ""rx_and_data_rate""}}"
2025-04-05 00:37:58,"{""gw-3"": {""1"": ""blocked"", ""2"": ""blocked""}, ""gw-2"": {""1"": ""blocked"", ""2"": ""conflict""}}"
2025-04-05 00:37:59,"{""gw-1"": {""1"": ""conflict"", ""2"": ""blocked""}}"
2025-04-05 00:38:02,"{""gw-1"": {""1"": ""blocked"", ""2"": ""blocked""}}"
2025-04-05 00:38:03,"{""gw-1"": {""1"": ""blocked"", ""2"": ""rx_and_data_rate""}, ""gw-2"": {""1"": ""blocked"", ""2"": ""rx_and_data_rate""}}"
2025-04-05 00:38:05,"{""gw-2"": {""1"": ""rx_and_data_rate"", ""2"": ""blocked""}, ""gw-1"": {""1"": ""rx_and_data_rate"", ""2"": ""blocked""}, ""gw-3"": {""1"": ""rx_and_data_rate"", ""2"": ""blocked""}}"
2025-04-05 00:38:05,"{""gw-1"": {""1"": ""blocked"", ""2"": ""rx_and_data_rate""}}"
2025-04-05 00:38:09,"{""gw-3"": {""1"": ""blocked"", ""2"": ""rx_and_data_rate""}}"
2025-04-05 00:38:11,"{""gw-2"": {""1"": ""blocked"", ""2"": ""rx_and_data_rate""}}"
2025-04-05 00:38:14,"{""gw-1"": {""1"": ""rx_and_data_rate"", ""2"": ""blocked""}}"
2025-04-05 00:38:16,"{""gw-3"": {""1"": ""blocked"", ""2"": ""rx_and_data_rate""}}"
2025-04-05 00:38:19,"{""gw-2"": {""1"": ""blocked"", ""2"": ""rx_and_data_rate""}, ""gw-1"": {""1"": ""blocked"", ""2"": ""rx_and_data_rate""}}"
2025-04-05 00:38:23,"{""gw-3"": {""1"": ""blocked"", ""2"": ""rx_and_data_rate""}}"
2025-04-05 00:38:23,"{""gw-2"": {""1"": ""rx_and_data_rate"", ""2"": ""blocked""}, ""gw-3"": {""1"": ""rx_and_data_rate"", ""2"": ""blocked""}}"
2025-04-05 00:38:29,"{""gw-1"": {""1"": ""blocked"", ""2"": ""rx_and_data_rate""}, ""gw-2"": {""1"": ""blocked"", ""2"": ""rx_and_data_rate""}}"
2025-04-05 00:38:36,"{""gw-1"": {""1"": ""rx_and_data_rate"", ""2"": ""blocked""}}"
2025-04-05 00:38:38,"{""gw-2"": {""1"": ""rx_and_data_rate"", ""2"": ""blocked""}, ""gw-3"": {""1"": ""rx_and_data_rate"", ""2"": ""blocked""}, ""gw-1"": {""1"": ""rx_and_data_rate"", ""2"": ""blocked""}}"
2025-04-05 00:38:38,"{""gw-3"": {""1"": ""rx_and_data_rate"", ""2"": ""blocked""}, ""gw-2"": {""1"": ""rx_and_data_rate"", ""2"": ""blocked""}}"
2025-04-05 00:38:38,"{""gw-1"": {""1"": ""conflict"", ""2"": ""rx_and_data_rate""}}"
2025-04-05 00:38:40,"{""gw-2"": {""1"": ""rx_and_data_rate"", ""2"": ""blocked""}, ""gw-3"": {""1"": ""rx_and_data_rate"", ""2"": ""blocked""}}"
2025-04-05 00:38:40,"{""gw-1"": {""1"": ""rx_and_data_rate"", ""2"": ""blocked""}}"
2025-04-05 00:38:45,"{""gw-1"": {""1"": ""blocked"", ""2"": ""rx_and_data_rate""}}"
2025-04-05 00:38:47,"{""gw-1"": {""1"": ""blocked"", ""2"": ""blocked""}}"
2025-04-05 00:38:48,"{""gw-3"": {""1"": ""blocked"", ""2"": ""rx_and_data_rate""}, ""gw-1"": {""1"": ""blocked"", ""2"": ""rx_and_data_rate""}}"
2025-04-05 00:38:49,"{""gw-1"": {""1"": ""blocked"", ""2"": ""conflict""}, ""gw-2"": {""1"": ""blocked"", ""2"": ""conflict""}}"
2025-04-05 00:38:50,"{""gw-1"": {""1"": ""conflict"", ""2"": ""rx_and_data_rate""}, ""gw-3"": {""1"": ""blocked"", ""2"": ""rx_and_data_rate""}}"
2025-04-05 00:38:50,"{""gw-2"": {""1"": ""conflict"", ""2"": ""rx_and_data_rate""}, ""gw-3"": {""1"": ""blocked"", ""2"": ""rx_and_data_rate""}}"
2025-04-05 00:38:50,"{""gw-3"": {""1"": ""blocked"", ""2"": ""rx_and_data_rate""}, ""gw-1"": {""1"": ""conflict"", ""2"": ""rx_and_data_rate""}}"
2025-04-05 00:38:50,"{""gw-3"": {""1"": ""blocked"", ""2"": ""rx_and_data_rate""}}"
2025-04-05 00:38:52,"{""gw-3"": {""1"": ""blocked"", ""2"": ""rx_and_data_rate""}}"
2025-04-05 00:38:54,"{""gw-1"": {""1"": ""rx_and_data_rate"", ""2"": ""blocked""}}"
2025-04-05 00:38:55,"{""gw-2"": {""1"": ""blocked"", ""2"": ""blocked""}}"
2025-04-05 00:38:56,"{""gw-1"": {""1"": ""rx_and_data_rate"", ""2"": ""blocked""}}"
2025-04-05 00:38:59,"{""gw-1"": {""1"": ""rx_and_data_rate"", ""2"": ""blocked""}}"
2025-04-05 00:39:00,"{""gw-1"": {""1"": ""blocked"", ""2"": ""rx_and_data_rate""}}"
2025-04-05 00:39:01,"{""gw-1"": {""1"": ""blocked"", ""2"": ""rx_and_data_rate""}}"
2025-04-05 00:39:06,"{""gw-2"": {""1"": ""rx_and_data_rate"", ""2"": ""blocked""}}"
2025-04-05 00:39:08,"{""gw-3"": {""1"": ""blocked"", ""2"": ""rx_and_data_rate""}}"
2025-04-05 00:39:08,"{""gw-3"": {""1"": ""blocked"", ""2"": ""rx_and_data_rate""}}"
2025-04-05 00:39:08,"{""gw-2"": {""1"": ""blocked"", ""2"": ""rx_and_data_rate""}}"
2025-04-05 00:39:10,"{""gw-2"": {""1"": ""rx_and_data_rate"", ""2"": ""blocked""}, ""gw-1"": {""1"": ""rx_and_data_rate"", ""2"": ""blocked""}}"
2025-04-05 00:39:12,"{""gw-1"": {""1"": ""blocked"", ""2"": ""rx_and_data_rate""}, ""gw-3"": {""1"": ""blocked"", ""2"": ""rx_and_data_rate""}}"
2025-04-05 00:39:14,"{""gw-1"": {""1"": ""blocked"", ""2"": ""rx_and_data_rate""}, ""gw-2"": {""1"": ""blocked"", ""2"": ""rx_and_data_rate""}}"
2025-04-05 00:39:14,"{""gw-2"": {""1"": ""blocked"", ""2"": ""rx_and_data_rate""}, ""gw-3"": {""1"": ""blocked"", ""2"": ""rx_and_data_rate""}}"
2025-04-05 00:39:17,"{""gw-1"": {""1"": ""blocked"", ""2"": ""rx_and_data_rate""}}"
2025-04-05 00:39:29,"{""gw-1"": {""1"": ""rx_and_data_rate"", ""2"": ""blocked""}}"
2025-04-05 00:39:29,"{""gw-2"": {""1"": ""rx_and_data_rate"", ""2"": ""conflict""}, ""gw-1"": {""1"": ""rx_and_data_rate"", ""2"": ""blocked""}}"
2025-04-05 00:39:32,"{""gw-1"": {""1"": ""rx_and_data_rate"", ""2"": ""blocked""}}"
2025-04-05 00:39:37,"{""gw-2"": {""1"": ""rx_and_data_rate"", ""2"": ""blocked""}}"
2025-04-05 00:39:37,"{""gw-2"": {""1"": ""rx_and_data_rate"", ""2"": ""blocked""}}"
2025-04-05 00:39:39,"{""gw-1"": {""1"": ""blocked"", ""2"": ""rx_and_data_rate""}}"
2025-04-05 00:39:45,"{""gw-1"": {""1"": ""rx_and_data_rate"", ""2"": ""blocked""}}"
2025-04-05 00:39:46,"{""gw-1"": {""1"": ""rx_and_data_rate"", ""2"": ""blocked""}}"
2025-04-05 00:39:46,"{""gw-1"": {""1"": ""rx_and_data_rate"", ""2"": ""blocked""}}"
2025-04-05 00:39:46,"{""gw-3"": {""1"": ""rx_and_data_rate"", ""2"": ""blocked""}}"
2025-04-05 00:39:50,"{""gw-3"": {""1"": ""rx_and_data_rate"", ""2"": ""blocked""}}"
2025-04-05 00:39:56,"{""gw-3"": {""1"": ""blocked"", ""2"": ""rx_and_data_rate""}}"
2025-04-05 00:40:04,"{""gw-1"": {""1"": ""rx_and_data_rate"", ""2"": ""blocked""}}"
2025-04-05 00:40:08,"{""gw-3"": {""1"": ""blocked"", ""2"": ""rx_and_data_rate""}}"
2025-04-05 00:40:11,"{""gw-3"": {""1"": ""blocked"", ""2"": ""rx_and_data_rate""}}"
2025-04-05 00:40:15,"{""gw-1"": {""1"": ""rx_and_data_rate"", ""2"": ""blocked""}}"
2025-04-05 00:40:18,"{""gw-2"": {""1"": ""rx_and_data_rate"", ""2"": ""conflict""}}"
2025-04-05 00:40:21,"{""gw-1"": {""1"": ""blocked"", ""2"": ""rx_and_data_rate""}}"
2025-04-05 00:40:21,"{""gw-2"": {""1"": ""blocked"", ""2"": ""rx_and_data_rate""}}"
2025-04-05 00:40:22,"{""gw-2"": {""1"": ""blocked"", ""2"": ""rx_and_data_rate""}}"
2025-04-05 00:40:22,"{""gw-1"": {""1"": ""rx_and_data_rate"", ""2"": ""blocked""}}"
2025-04-05 00:40:23,"{""gw-1"": {""1"": ""rx_and_data_rate"", ""2"": ""blocked""}}"
2025-04-05 00:40:24,"{""gw-1"": {""1"": ""blocked"", ""2"": ""blocked""}, ""gw-2"": {""1"": ""blocked"", ""2"": ""blocked""}}"
2025-04-05 00:40:25,"{""gw-2"": {""1"": ""blocked"", ""2"": ""rx_and_data_rate""}}"
2025-04-05 00:40:26,"{""gw-3"": {""1"": ""blocked"", ""2"": ""rx_and_data_rate""}, ""gw-1"": {""1"": ""blocked"", ""2"": ""rx_and_data_rate""}}"
2025-04-05 00:40:28,"{""gw-3"": {""1"": ""blocked"", ""2"": ""rx_and_data_rate""}, ""gw-1"": {""1"": ""conflict"", ""2"": ""rx_and_data_rate""}}"
2025-04-05 00:40:29,"{""gw-2"": {""1"": ""rx_and_data_rate"", ""2"": ""blocked""}}"
2025-04-05 00:40:30,"{""gw-2"": {""1"": ""blocked"", ""2"": ""rx_and_data_rate""}}"
2025-04-05 00:40:32,"{""gw-2"": {""1"": ""blocked"", ""2"": ""rx_and_data_rate""}}"
2025-04-05 00:40:33,"{""gw-1"": {""1"": ""blocked"", ""2"": ""blocked""}}"
2025-04-05 00:40:37,"{""gw-2"": {""1"": ""blocked"", ""2"": ""rx_and_data_rate""}}"
2025-04-05 00:40:39,"{""gw-3"": {""1"": ""blocked"", ""2"": ""rx_and_data_rate""}, ""gw-1"": {""1"": ""blocked"", ""2"": ""rx_and_data_rate""}}"
2025-04-05 00:40:40,"{""gw-3"": {""1"": ""blocked"", ""2"": ""blocked""}}"
2025-04-05 00:40:41,"{""gw-2"": {""1"": ""blocked"", ""2"": ""rx_and_data_rate""}, ""gw-1"": {""1"": ""blocked"", ""2"": ""rx_and_data_rate""}}"
2025-04-05 00:40:42,"{""gw-1"": {""1"": ""blocked"", ""2"": ""rx_and_data_rate""}}"
2025-04-05 00:40:44,"{""gw-3"": {""1"": ""conflict"", ""2"": ""conflict""}, ""gw-1"": {""1"": ""conflict"", ""2"": ""blocked""}}"
2025-04-05 00:40:47,"{""gw-3"": {""1"": ""blocked"", ""2"": ""rx_and_data_rate""}}"
2025-04-05 00:40:48,"{""gw-1"": {""1"": ""rx_and_data_rate"", ""2"": ""blocked""}}"
2025-04-05 00:40:52,"{""gw-1"": {""1"": ""rx_and_data_rate"", ""2"": ""blocked""}}"
2025-04-05 00:40:57,"{""gw-1"": {""1"": ""conflict"", ""2"": ""rx_and_data_rate""}, ""gw-2"": {""1"": ""blocked"", ""2"": ""rx_and_data_rate""}, ""gw-3"": {""1"": ""blocked"", ""2"": ""rx_and_data_rate""}}"
2025-04-05 00:41:01,"{""gw-1"": {""1"": ""blocked"", ""2"": ""blocked""}, ""gw-3"": {""1"": ""blocked"", ""2"": ""blocked""}}"
2025-04-05 00:41:02,"{""gw-1"": {""1"": ""blocked"", ""2"": ""blocked""}, ""gw-3"": {""1"": ""blocked"", ""2"": ""blocked""}}"
2025-04-05 00:41:05,"{""gw-3"": {""1"": ""rx_and_data_rate"", ""2"": ""blocked""}}"
2025-04-05 00:41:05,"{""gw-2"": {""1"": ""blocked"", ""2"": ""blocked""}, ""gw-3"": {""1"": ""blocked"", ""2"": ""blocked""}}"
2025-04-05 00:41:07,"{""gw-2"": {""1"": ""blocked"", ""2"": ""rx_and_data_rate""}}"
2025-04-05 00:41:09,"{""gw-1"": {""1"": ""rx_and_data_rate"", ""2"": ""blocked""}}"
2025-04-05 00:41:11,"{""gw-1"": {""1"": ""blocked"", ""2"": ""rx_and_data_rate""}}"
2025-04-05 00:41:11,"{""gw-1"": {""1"": ""blocked"", ""2"": ""rx_and_data_rate""}, ""gw-2"": {""1"": ""blocked"", ""2"": ""rx_and_data_rate""}}"
2025-04-05 00:41:12,"{""gw-2"": {""1"": ""blocked"", ""2"": ""rx_and_data_rate""}}"
2025-04-05 00:41:15,"{""gw-2"": {""1"": ""rx_and_data_rate"", ""2"": ""blocked""}}"
2025-04-05 00:41:19,"{""gw-1"": {""1"": ""rx_and_data_rate"", ""2"": ""conflict""}}"
2025-04-05 00:41:20,"{""gw-2"": {""1"": ""blocked"", ""2"": ""rx_and_data_rate""}}"
2025-04-05 00:41:21,"{""gw-2"": {""1"": ""blocked"", ""2"": ""rx_and_data_rate""}}"
2025-04-05 00:41:26,"{""gw-2"": {""1"": ""blocked"", ""2"": ""rx_and_data_rate""}}"
2025-04-05 00:41:28,"{""gw-2"": {""1"": ""blocked"", ""2"": ""rx_and_data_rate""}}"
2025-04-05 00:41:28,"{""gw-1"": {""1"": ""blocked"", ""2"": ""rx_and_data_rate""}}"
2025-04-05 00:41:29,"{""gw-1"": {""1"": ""blocked"", ""2"": ""rx_and_data_rate""}, ""gw-3"": {""1"": ""blocked"", ""2"": ""rx_and_data_rate""}}"
2025-04-05 00:41:30,"{""gw-1"": {""1"": ""blocked"", ""2"": ""rx_and_data_rate""}}"
2025-04-05 00:41:34,"{""gw-3"": {""1"": ""blocked"", ""2"": ""rx_and_data_rate""}}"
2025-04-05 00:41:34,"{""gw-3"": {""1"": ""blocked"", ""2"": ""rx_and_data_rate""}, ""gw-1"": {""1"": ""conflict"", ""2"": ""rx_and_data_rate""}}"
2025-04-05 00:41:35,"{""gw-3"": {""1"": ""rx_and_data_rate"", ""2"": ""conflict""}}"
2025-04-05 00:41:36,"{""gw-3"": {""1"": ""rx_and_data_rate"", ""2"": ""blocked""}}"
2025-04-05 00:41:41,"{""gw-1"": {""1"": ""blocked"", ""2"": ""blocked""}, ""gw-3"": {""1"": ""blocked"", ""2"": ""blocked""}}"
2025-04-05 00:41:42,"{""gw-1"": {""1"": ""blocked"", ""2"": ""rx_and_data_rate""}}"
2025-04-05 00:41:43,"{""gw-1"": {""1"": ""blocked"", ""2"": ""rx_and_data_rate""}}"
2025-04-05 00:41:45,"{""gw-1"": {""1"": ""rx_and_data_rate"", ""2"": ""conflict""}}"
2025-04-05 00:41:46,"{""gw-1"": {""1"": ""conflict"", ""2"": ""rx_and_data_rate""}}"
2025-04-05 00:41:47,"{""gw-2"": {""1"": ""conflict"", ""2"": ""rx_and_data_rate""}}"
2025-04-05 00:41:52,"{""gw-2"": {""1"": ""rx_and_data_rate"", ""2"": ""blocked""}}"
2025-04-05 00:41:52,"{""gw-3"": {""1"": ""rx_and_data_rate"", ""2"": ""blocked""}}"
2025-04-05 00:41:54,"{""gw-2"": {""1"": ""rx_and_data_rate"", ""2"": ""blocked""}, ""gw-1"": {""1"": ""rx_and_data_rate"", ""2"": ""blocked""}}"
2025-04-05 00:42:01,"{""gw-1"": {""1"": ""rx_and_data_rate"", ""2"": ""blocked""}}"
2025-04-05 00:42:04,"{""gw-1"": {""1"": ""rx_and_data_rate"", ""2"": ""blocked""}}"
2025-04-05 00:42:11,"{""gw-2"": {""1"": ""rx_and_data_rate"", ""2"": ""blocked""}, ""gw-1"": {""1"": ""rx_and_data_rate"", ""2"": ""conflict""}}"
2025-04-05 00:42:13,"{""gw-2"": {""1"": ""rx_and_data_rate"", ""2"": ""blocked""}}"
2025-04-05 00:42:16,"{""gw-1"": {""1"": ""rx_and_data_rate"", ""2"": ""blocked""}, ""gw-3"": {""1"": ""rx_and_data_rate"", ""2"": ""blocked""}}"
2025-04-05 00:42:16,"{""gw-1"": {""1"": ""blocked"", ""2"": ""rx_and_data_rate""}, ""gw-3"": {""1"": ""blocked"", ""2"": ""rx_and_data_rate""}}"
2025-04-05 00:42:18,"{""gw-2"": {""1"": ""rx_and_data_rate"", ""2"": ""conflict""}, ""gw-1"": {""1"": ""rx_and_data_rate"", ""2"": ""blocked""}}"
2025-04-05 00:42:18,"{""gw-1"": {""1"": ""blocked"", ""2"": ""rx_and_data_rate""}}"
2025-04-05 00:42:21,"{""gw-3"": {""1"": ""rx_and_data_rate"", ""2"": ""blocked""}}"
2025-04-05 00:42:21,"{""gw-3"": {""1"": ""rx_and_data_rate"", ""2"": ""blocked""}, ""gw-1"": {""1"": ""rx_and_data_rate"", ""2"": ""blocked""}}"
2025-04-05 00:42:22,"{""gw-2"": {""1"": ""rx_and_data_rate"", ""2"": ""blocked""}}"
2025-04-05 00:42:25,"{""gw-1"": {""1"": ""blocked"", ""2"": ""conflict""}}"
2025-04-05 00:42:28,"{""gw-3"": {""1"": ""blocked"", ""2"": ""rx_and_data_rate""}}"
2025-04-05 00:42:29,"{""gw-1"": {""1"": ""blocked"", ""2"": ""blocked""}}"
2025-04-05 00:42:31,"{""gw-1"": {""1"": ""blocked"", ""2"": ""blocked""}}"
2025-04-05 00:42:31,"{""gw-2"": {""1"": ""rx_and_data_rate"", ""2"": ""conflict""}, ""gw-1"": {""1"": ""rx_and_data_rate"", ""2"": ""blocked""}}"
2025-04-05 00:42:33,"{""gw-3"": {""1"": ""blocked"", ""2"": ""rx_and_data_rate""}, ""gw-1"": {""1"": ""blocked"", ""2"": ""rx_and_data_rate""}}"
2025-04-05 00:42:36,"{""gw-2"": {""1"": ""rx_and_data_rate"", ""2"": ""blocked""}, ""gw-1"": {""1"": ""rx_and_data_rate"", ""2"": ""blocked""}}"
2025-04-05 00:42:39,"{""gw-2"": {""1"": ""blocked"", ""2"": ""rx_and_data_rate""}}"
2025-04-05 00:42:39,"{""gw-3"": {""1"": ""blocked"", ""2"": ""rx_and_data_rate""}}"
2025-04-05 00:42:40,"{""gw-2"": {""1"": ""blocked"", ""2"": ""rx_and_data_rate""}}"
2025-04-05 00:42:43,"{""gw-1"": {""1"": ""blocked"", ""2"": ""rx_and_data_rate""}, ""gw-2"": {""1"": ""blocked"", ""2"": ""rx_and_data_rate""}}"
2025-04-05 00:42:44,"{""gw-1"": {""1"": ""blocked"", ""2"": ""rx_and_data_rate""}}"
2025-04-05 00:42:45,"{""gw-3"": {""1"": ""blocked"", ""2"": ""rx_and_data_rate""}, ""gw-1"": {""1"": ""blocked"", ""2"": ""rx_and_data_rate""}}"
2025-04-05 00:42:47,"{""gw-1"": {""1"": ""rx_and_data_rate"", ""2"": ""blocked""}}"
2025-04-05 00:42:48,"{""gw-2"": {""1"": ""rx_and_data_rate"", ""2"": ""blocked""}}"
2025-04-05 00:42:48,"{""gw-2"": {""1"": ""rx_and_data_rate"", ""2"": ""blocked""}}"
2025-04-05 00:42:48,"{""gw-1"": {""1"": ""rx_and_data_rate"", ""2"": ""blocked""}}"
2025-04-05 00:42:50,"{""gw-1"": {""1"": ""blocked"", ""2"": ""rx_and_data_rate""}}"
2025-04-05 00:42:51,"{""gw-1"": {""1"": ""blocked"", ""2"": ""rx_and_data_rate""}, ""gw-3"": {""1"": ""blocked"", ""2"": ""rx_and_data_rate""}}"
2025-04-05 00:42:53,"{""gw-2"": {""1"": ""rx_and_data_rate"", ""2"": ""blocked""}}"
2025-04-05 00:42:57,"{""gw-3"": {""1"": ""blocked"", ""2"": ""rx_and_data_rate""}}"
2025-04-05 00:42:59,"{""gw-1"": {""1"": ""blocked"", ""2"": ""rx_and_data_rate""}, ""gw-3"": {""1"": ""blocked"", ""2"": ""rx_and_data_rate""}}"
2025-04-05 00:42:59,"{""gw-2"": {""1"": ""rx_and_data_rate"", ""2"": ""conflict""}}"
2025-04-05 00:43:03,"{""gw-3"": {""1"": ""conflict"", ""2"": ""rx_and_data_rate""}}"
2025-04-05 00:43:09,"{""gw-1"": {""1"": ""blocked"", ""2"": ""rx_and_data_rate""}}"
2025-04-05 00:43:11,"{""gw-3"": {""1"": ""rx_and_data_rate"", ""2"": ""blocked""}}"
2025-04-05 00:43:12,"{""gw-1"": {""1"": ""blocked"", ""2"": ""rx_and_data_rate""}}"
2025-04-05 00:43:16,"{""gw-1"": {""1"": ""blocked"", ""2"": ""rx_and_data_rate""}}"
2025-04-05 00:43:17,"{""gw-1"": {""1"": ""conflict"", ""2"": ""rx_and_data_rate""}}"
2025-04-05 00:43:20,"{""gw-3"": {""1"": ""rx_and_data_rate"", ""2"": ""blocked""}}"
2025-04-05 00:43:22,"{""gw-3"": {""1"": ""rx_and_data_rate"", ""2"": ""blocked""}, ""gw-2"": {""1"": ""rx_and_data_rate"", ""2"": ""blocked""}}"
2025-04-05 00:43:23,"{""gw-1"": {""1"": ""rx_and_data_rate"", ""2"": ""blocked""}}"
2025-04-05 00:43:28,"{""gw-2"": {""1"": ""rx_and_data_rate"", ""2"": ""conflict""}}"
2025-04-05 00:43:29,"{""gw-1"": {""1"": ""blocked"", ""2"": ""rx_and_data_rate""}}"
2025-04-05 00:43:30,"{""gw-2"": {""1"": ""conflict"", ""2"": ""blocked""}}"
2025-04-05 00:43:33,"{""gw-1"": {""1"": ""conflict"", ""2"": ""rx_and_data_rate""}}"
2025-04-05 00:43:36,"{""gw-2"": {""1"": ""rx_and_data_rate"", ""2"": ""blocked""}}"
2025-04-05 00:43:37,"{""gw-1"": {""1"": ""blocked"", ""2"": ""blocked""}}"
2025-04-05 00:43:38,"{""gw-2"": {""1"": ""blocked"", ""2"": ""rx_and_data_rate""}}"
2025-04-05 00:43:39,"{""gw-2"": {""1"": ""blocked"", ""2"": ""rx_and_data_rate""}, ""gw-1"": {""1"": ""blocked"", ""2"": ""rx_and_data_rate""}}"
2025-04-05 00:43:40,"{""gw-1"": {""1"": ""rx_and_data_rate"", ""2"": ""blocked""}}"
2025-04-05 00:43:41,"{""gw-1"": {""1"": ""blocked"", ""2"": ""rx_and_data_rate""}, ""gw-2"": {""1"": ""conflict"", ""2"": ""rx_and_data_rate""}}"
2025-04-05 00:43:47,"{""gw-1"": {""1"": ""rx_and_data_rate"", ""2"": ""conflict""}}"
2025-04-05 00:43:51,"{""gw-2"": {""1"": ""rx_and_data_rate"", ""2"": ""blocked""}, ""gw-3"": {""1"": ""rx_and_data_rate"", ""2"": ""blocked""}}"
2025-04-05 00:43:52,"{""gw-3"": {""1"": ""rx_and_data_rate"", ""2"": ""blocked""}, ""gw-2"": {""1"": ""rx_and_data_rate"", ""2"": ""conflict""}}"
2025-04-05 00:43:53,"{""gw-1"": {""1"": ""blocked"", ""2"": ""rx_and_data_rate""}}"
2025-04-05 00:43:55,"{""gw-3"": {""1"": ""rx_and_data_rate"", ""2"": ""blocked""}}"
2025-04-05 00:43:56,"{""gw-1"": {""1"": ""rx_and_data_rate"", ""2"": ""blocked""}, ""gw-3"": {""1"": ""rx_and_data_rate"", ""2"": ""blocked""}}"
2025-04-05 00:43:58,"{""gw-1"": {""1"": ""blocked"", ""2"": ""rx_and_data_rate""}}"
2025-04-05 00:43:59,"{""gw-2"": {""1"": ""rx_and_data_rate"", ""2"": ""blocked""}}"
2025-04-05 00:44:00,"{""gw-1"": {""1"": ""blocked"", ""2"": ""rx_and_data_rate""}}"
2025-04-05 00:44:00,"{""gw-3"": {""1"": ""blocked"", ""2"": ""rx_and_data_rate""}}"
2025-04-05 00:44:07,"{""gw-2"": {""1"": ""blocked"", ""2"": ""rx_and_data_rate""}}"
2025-04-05 00:44:08,"{""gw-2"": {""1"": ""blocked"", ""2"": ""rx_and_data_rate""}, ""gw-3"": {""1"": ""blocked"", ""2"": ""rx_and_data_rate""}}"
2025-04-05 00:44:09,"{""gw-2"": {""1"": ""blocked"", ""2"": ""rx_and_data_rate""}}"
2025-04-05 00:44:09,"{""gw-1"": {""1"": ""rx_and_data_rate"", ""2"": ""blocked""}}"
2025-04-05 00:44:10,"{""gw-1"": {""1"": ""blocked"", ""2"": ""rx_and_data_rate""}, ""gw-3"": {""1"": ""blocked"", ""2"": ""rx_and_data_rate""}, ""gw-2"": {""1"": ""blocked"", ""2"": ""rx_and_data_rate""}}"
2025-04-05 00:44:12,"{""gw-2"": {""1"": ""blocked"", ""2"": ""rx_and_data_rate""}, ""gw-1"": {""1"": ""blocked"", ""2"": ""rx_and_data_rate""}}"
2025-04-05 00:44:13,"{""gw-3"": {""1"": ""blocked"", ""2"": ""rx_and_data_rate""}, ""gw-1"": {""1"": ""blocked"", ""2"": ""rx_and_data_rate""}, ""gw-2"": {""1"": ""blocked"", ""2"": ""rx_and_data_rate""}}"
2025-04-05 00:44:14,"{""gw-3"": {""1"": ""blocked"", ""2"": ""rx_and_data_rate""}}"
2025-04-05 00:44:14,"{""gw-1"": {""1"": ""blocked"", ""2"": ""rx_and_data_rate""}, ""gw-2"": {""1"": ""blocked"", ""2"": ""rx_and_data_rate""}, ""gw-3"": {""1"": ""blocked"", ""2"": ""rx_and_data_rate""}}"
2025-04-05 00:44:14,"{""gw-3"": {""1"": ""blocked"", ""2"": ""rx_and_data_rate""}, ""gw-1"": {""1"": ""blocked"", ""2"": ""rx_and_data_rate""}}"
2025-04-05 00:44:21,"{""gw-1"": {""1"": ""blocked"", ""2"": ""blocked""}}"
2025-04-05 00:44:28,"{""gw-2"": {""1"": ""blocked"", ""2"": ""rx_and_data_rate""}, ""gw-1"": {""1"": ""blocked"", ""2"": ""rx_and_data_rate""}}"
2025-04-05 00:44:28,"{""gw-2"": {""1"": ""blocked"", ""2"": ""rx_and_data_rate""}}"
2025-04-05 00:44:29,"{""gw-1"": {""1"": ""blocked"", ""2"": ""rx_and_data_rate""}, ""gw-3"": {""1"": ""blocked"", ""2"": ""rx_and_data_rate""}, ""gw-2"": {""1"": ""blocked"", ""2"": ""rx_and_data_rate""}}"
2025-04-05 00:44:37,"{""gw-1"": {""1"": ""conflict"", ""2"": ""blocked""}}"
2025-04-05 00:44:40,"{""gw-3"": {""1"": ""rx_and_data_rate"", ""2"": ""blocked""}, ""gw-2"": {""1"": ""rx_and_data_rate"", ""2"": ""conflict""}}"
2025-04-05 00:44:40,"{""gw-2"": {""1"": ""rx_and_data_rate"", ""2"": ""blocked""}}"
2025-04-05 00:44:42,"{""gw-1"": {""1"": ""rx_and_data_rate"", ""2"": ""blocked""}, ""gw-3"": {""1"": ""rx_and_data_rate"", ""2"": ""blocked""}}"
2025-04-05 00:44:43,"{""gw-1"": {""1"": ""rx_and_data_rate"", ""2"": ""blocked""}}"
2025-04-05 00:44:47,"{""gw-1"": {""1"": ""blocked"", ""2"": ""rx_and_data_rate""}, ""gw-3"": {""1"": ""blocked"", ""2"": ""rx_and_data_rate""}}"
2025-04-05 00:44:48,"{""gw-2"": {""1"": ""blocked"", ""2"": ""rx_and_data_rate""}, ""gw-3"": {""1"": ""blocked"", ""2"": ""rx_and_data_rate""}}"
2025-04-05 00:44:48,"{""gw-3"": {""1"": ""blocked"", ""2"": ""rx_and_data_rate""}, ""gw-1"": {""1"": ""blocked"", ""2"": ""rx_and_data_rate""}}"
2025-04-05 00:44:48,"{""gw-3"": {""1"": ""blocked"", ""2"": ""rx_and_data_rate""}, ""gw-1"": {""1"": ""blocked"", ""2"": ""rx_and_data_rate""}}"
2025-04-05 00:44:48,"{""gw-2"": {""1"": ""blocked"", ""2"": ""rx_and_data_rate""}, ""gw-3"": {""1"": ""blocked"", ""2"": ""rx_and_data_rate""}}"
2025-04-05 00:44:50,"{""gw-2"": {""1"": ""rx_and_data_rate"", ""2"": ""blocked""}}"
2025-04-05 00:44:50,"{""gw-1"": {""1"": ""blocked"", ""2"": ""rx_and_data_rate""}}"
2025-04-05 00:44:51,"{""gw-3"": {""1"": ""blocked"", ""2"": ""rx_and_data_rate""}}"
2025-04-05 00:44:51,"{""gw-1"": {""1"": ""blocked"", ""2"": ""rx_and_data_rate""}}"
2025-04-05 00:44:52,"{""gw-3"": {""1"": ""conflict"", ""2"": ""rx_and_data_rate""}}"
2025-04-05 00:44:56,"{""gw-3"": {""1"": ""blocked"", ""2"": ""rx_and_data_rate""}}"
2025-04-05 00:44:57,"{""gw-3"": {""1"": ""conflict"", ""2"": ""rx_and_data_rate""}}"
2025-04-05 00:45:01,"{""gw-2"": {""1"": ""rx_and_data_rate"", ""2"": ""blocked""}}"
2025-04-05 00:45:02,"{""gw-2"": {""1"": ""rx_and_data_rate"", ""2"": ""blocked""}}"
2025-04-05 00:45:02,"{""gw-1"": {""1"": ""blocked"", ""2"": ""rx_and_data_rate""}}"
2025-04-05 00:45:02,"{""gw-3"": {""1"": ""blocked"", ""2"": ""rx_and_data_rate""}}"
2025-04-05 00:45:05,"{""gw-1"": {""1"": ""blocked"", ""2"": ""blocked""}}"
2025-04-05 00:45:08,"{""gw-2"": {""1"": ""rx_and_data_rate"", ""2"": ""conflict""}}"
2025-04-05 00:45:10,"{""gw-1"": {""1"": ""blocked"", ""2"": ""rx_and_data_rate""}, ""gw-3"": {""1"": ""blocked"", ""2"": ""rx_and_data_rate""}}"
2025-04-05 00:45:14,"{""gw-2"": {""1"": ""blocked"", ""2"": ""blocked""}}"
2025-04-05 00:45:19,"{""gw-3"": {""1"": ""blocked"", ""2"": ""rx_and_data_rate""}}"
2025-04-05 00:45:24,"{""gw-3"": {""1"": ""blocked"", ""2"": ""rx_and_data_rate""}}"
2025-04-05 00:45:25,"{""gw-3"": {""1"": ""blocked"", ""2"": ""rx_and_data_rate""}}"
2025-04-05 00:45:28,"{""gw-1"": {""1"": ""conflict"", ""2"": ""rx_and_data_rate""}}"
2025-04-05 00:45:28,"{""gw-3"": {""1"": ""conflict"", ""2"": ""blocked""}}"
2025-04-05 00:45:29,"{""gw-2"": {""1"": ""blocked"", ""2"": ""rx_and_data_rate""}}"
2025-04-05 00:45:32,"{""gw-2"": {""1"": ""blocked"", ""2"": ""blocked""}, ""gw-3"": {""1"": ""blocked"", ""2"": ""blocked""}}"
2025-04-05 00:45:32,"{""gw-3"": {""1"": ""blocked"", ""2"": ""rx_and_data_rate""}, ""gw-2"": {""1"": ""blocked"", ""2"": ""rx_and_data_rate""}}"
2025-04-05 00:45:33,"{""gw-2"": {""1"": ""rx_and_data_rate"", ""2"": ""blocked""}, ""gw-3"": {""1"": ""rx_and_data_rate"", ""2"": ""blocked""}}"
2025-04-05 00:45:36,"{""gw-1"": {""1"": ""blocked"", ""2"": ""blocked""}}"
2025-04-05 00:45:36,"{""gw-3"": {""1"": ""rx_and_data_rate"", ""2"": ""blocked""}, ""gw-2"": {""1"": ""rx_and_data_rate"", ""2"": ""conflict""}, ""gw-1"": {""1"": ""rx_and_data_rate"", ""2"": ""blocked""}}"
2025-04-05 00:45:37,"{""gw-3"": {""1"": ""rx_and_data_rate"", ""2"": ""blocked""}}"
2025-04-05 00:45:41,"{""gw-1"": {""1"": ""rx_and_data_rate"", ""2"": ""conflict""}}"
2025-04-05 00:45:41,"{""gw-3"": {""1"": ""conflict"", ""2"": ""rx_and_data_rate""}}"
2025-04-05 00:45:46,"{""gw-3"": {""1"": ""blocked"", ""2"": ""blocked""}, ""gw-2"": {""1"": ""blocked"", ""2"": ""blocked""}, ""gw-1"": {""1"": ""blocked"", ""2"": ""blocked""}}"
2025-04-05 00:45:51,"{""gw-1"": {""1"": ""blocked"", ""2"": ""blocked""}, ""gw-3"": {""1"": ""blocked"", ""2"": ""blocked""}}"
2025-04-05 00:45:51,"{""gw-2"": {""1"": ""blocked"", ""2"": ""rx_and_data_rate""}}"
2025-04-05 00:45:52,"{""gw-3"": {""1"": ""conflict"", ""2"": ""rx_and_data_rate""}}"
2025-04-05 00:45:53,"{""gw-2"": {""1"": ""blocked"", ""2"": ""rx_and_data_rate""}}"
2025-04-05 00:45:54,"{""gw-1"": {""1"": ""blocked"", ""2"": ""rx_and_data_rate""}}"
2025-04-05 00:45:56,"{""gw-2"": {""1"": ""rx_and_data_rate"", ""2"": ""conflict""}}"
2025-04-05 00:45:57,"{""gw-2"": {""1"": ""rx_and_data_rate"", ""2"": ""conflict""}, ""gw-3"": {""1"": ""rx_and_data_rate"", ""2"": ""blocked""}}"
2025-04-05 00:45:59,"{""gw-3"": {""1"": ""rx_and_data_rate"", ""2"": ""blocked""}}"
2025-04-05 00:45:59,"{""gw-1"": {""1"": ""rx_and_data_rate"", ""2"": ""blocked""}}"
2025-04-05 00:45:59,"{""gw-2"": {""1"": ""blocked"", ""2"": ""rx_and_data_rate""}}"
2025-04-05 00:46:01,"{""gw-2"": {""1"": ""blocked"", ""2"": ""rx_and_data_rate""}}"
2025-04-05 00:46:02,"{""gw-2"": {""1"": ""blocked"", ""2"": ""rx_and_data_rate""}, ""gw-3"": {""1"": ""blocked"", ""2"": ""rx_and_data_rate""}}"
2025-04-05 00:46:02,"{""gw-2"": {""1"": ""blocked"", ""2"": ""blocked""}, ""gw-1"": {""1"": ""blocked"", ""2"": ""blocked""}}"
2025-04-05 00:46:06,"{""gw-2"": {""1"": ""blocked"", ""2"": ""rx_and_data_rate""}}"
2025-04-05 00:46:10,"{""gw-3"": {""1"": ""conflict"", ""2"": ""blocked""}}"
2025-04-05 00:46:12,"{""gw-1"": {""1"": ""blocked"", ""2"": ""rx_and_data_rate""}}"
2025-04-05 00:46:16,"{""gw-2"": {""1"": ""rx_and_data_rate"", ""2"": ""blocked""}}"
2025-04-05 00:46:19,"{""gw-2"": {""1"": ""rx_and_data_rate"", ""2"": ""blocked""}, ""gw-1"": {""1"": ""rx_and_data_rate"", ""2"": ""blocked""}}"
2025-04-05 00:46:22,"{""gw-1"": {""1"": ""rx_and_data_rate"", ""2"": ""blocked""}, ""gw-2"": {""1"": ""rx_and_data_rate"", ""2"": ""blocked""}}"
2025-04-05 00:46:23,"{""gw-3"": {""1"": ""rx_and_data_rate"", ""2"": ""blocked""}}"
2025-04-05 00:46:29,"{""gw-3"": {""1"": ""rx_and_data_rate"", ""2"": ""blocked""}}"
2025-04-05 00:46:31,"{""gw-1"": {""1"": ""blocked"", ""2"": ""rx_and_data_rate""}}"
2025-04-05 00:46:32,"{""gw-1"": {""1"": ""blocked"", ""2"": ""rx_and_data_rate""}, ""gw-3"": {""1"": ""blocked"", ""2"": ""rx_and_data_rate""}}"
2025-04-05 00:46:35,"{""gw-2"": {""1"": ""rx_and_data_rate"", ""2"": ""blocked""}}"
2025-04-05 00:46:39,"{""gw-3"": {""1"": ""blocked"", ""2"": ""rx_and_data_rate""}, ""gw-1"": {""1"": ""blocked"", ""2"": ""rx_and_data_rate""}}"
2025-04-05 00:46:47,"{""gw-2"": {""1"": ""rx_and_data_rate"", ""2"": ""blocked""}, ""gw-3"": {""1"": ""rx_and_data_rate"", ""2"": ""conflict""}}"
2025-04-05 00:46:48,"{""gw-3"": {""1"": ""rx_and_data_rate"", ""2"": ""blocked""}, ""gw-2"": {""1"": ""rx_and_data_rate"", ""2"": ""blocked""}, ""gw-1"": {""1"": ""rx_and_data_rate"", ""2"": ""blocked""}}"
2025-04-05 00:46:55,"{""gw-1"": {""1"": ""blocked"", ""2"": ""rx_and_data_rate""}, ""gw-2"": {""1"": ""blocked"", ""2"": ""rx_and_data_rate""}}"
2025-04-05 00:46:56,"{""gw-1"": {""1"": ""blocked"", ""2"": ""rx_and_data_rate""}}"
2025-04-05 00:46:57,"{""gw-2"": {""1"": ""rx_and_data_rate"", ""2"": ""blocked""}}"
2025-04-05 00:46:58,"{""gw-3"": {""1"": ""rx_and_data_rate"", ""2"": ""blocked""}}"
2025-04-05 00:46:58,"{""gw-3"": {""1"": ""blocked"", ""2"": ""blocked""}}"
2025-04-05 00:47:02,"{""gw-1"": {""1"": ""rx_and_data_rate"", ""2"": ""blocked""}}"
2025-04-05 00:47:05,"{""gw-3"": {""1"": ""blocked"", ""2"": ""blocked""}, ""gw-2"": {""1"": ""blocked"", ""2"": ""blocked""}}"
2025-04-05 00:47:06,"{""gw-1"": {""1"": ""blocked"", ""2"": ""rx_and_data_rate""}}"
2025-04-05 00:47:08,"{""gw-1"": {""1"": ""blocked"", ""2"": ""blocked""}}"
2025-04-05 00:47:11,"{""gw-1"": {""1"": ""blocked"", ""2"": ""rx_and_data_rate""}}"
2025-04-05 00:47:13,"{""gw-1"": {""1"": ""conflict"", ""2"": ""rx_and_data_rate""}}"
2025-04-05 00:47:16,"{""gw-3"": {""1"": ""blocked"", ""2"": ""rx_and_data_rate""}}"
2025-04-05 00:47:20,"{""gw-2"": {""1"": ""blocked"", ""2"": ""conflict""}}"
2025-04-05 00:47:21,"{""gw-2"": {""1"": ""conflict"", ""2"": ""rx_and_data_rate""}}"
2025-04-05 00:47:25,"{""gw-1"": {""1"": ""blocked"", ""2"": ""rx_and_data_rate""}}"
2025-04-05 00:47:27,"{""gw-1"": {""1"": ""blocked"", ""2"": ""rx_and_data_rate""}}"
2025-04-05 00:47:28,"{""gw-3"": {""1"": ""blocked"", ""2"": ""conflict""}, ""gw-2"": {""1"": ""blocked"", ""2"": ""blocked""}}"
2025-04-05 00:47:33,"{""gw-3"": {""1"": ""rx_and_data_rate"", ""2"": ""blocked""}}"
2025-04-05 00:47:34,"{""gw-1"": {""1"": ""blocked"", ""2"": ""rx_and_data_rate""}}"
2025-04-05 00:47:38,"{""gw-2"": {""1"": ""rx_and_data_rate"", ""2"": ""blocked""}, ""gw-3"": {""1"": ""rx_and_data_rate"", ""2"": ""blocked""}}"
2025-04-05 00:47:40,"{""gw-2"": {""1"": ""blocked"", ""2"": ""blocked""}}"
2025-04-05 00:47:43,"{""gw-1"": {""1"": ""rx_and_data_rate"", ""2"": ""conflict""}, ""gw-3"": {""1"": ""rx_and_data_rate"", ""2"": ""blocked""}}"
2025-04-05 00:47:45,"{""gw-1"": {""1"": ""conflict"", ""2"": ""rx_and_data_rate""}}"
2025-04-05 00:47:45,"{""gw-2"": {""1"": ""rx_and_data_rate"", ""2"": ""conflict""}}"
2025-04-05 00:47:49,"{""gw-3"": {""1"": ""rx_and_data_rate"", ""2"": ""blocked""}, ""gw-1"": {""1"": ""rx_and_data_rate"", ""2"": ""blocked""}}"
2025-04-05 00:47:50,"{""gw-1"": {""1"": ""rx_and_data_rate"", ""2"": ""blocked""}}"
2025-04-05 00:47:52,"{""gw-1"": {""1"": ""rx_and_data_rate"", ""2"": ""blocked""}, ""gw-3"": {""1"": ""rx_and_data_rate"", ""2"": ""blocked""}}"
2025-04-05 00:47:52,"{""gw-2"": {""1"": ""rx_and_data_rate"", ""2"": ""blocked""}, ""gw-3"": {""1"": ""rx_and_data_rate"", ""2"": ""blocked""}}"
2025-04-05 00:47:53,"{""gw-3"": {""1"": ""blocked"", ""2"": ""rx_and_data_rate""}}"
2025-04-05 00:47:53,"{""gw-1"": {""1"": ""rx_and_data_rate"", ""2"": ""blocked""}, ""gw-3"": {""1"": ""rx_and_data_rate"", ""2"": ""blocked""}, ""gw-2"": {""1"": ""rx_and_data_rate"", ""2"": ""blocked""}}"
2025-04-05 00:47:54,"{""gw-1"": {""1"": ""rx_and_data_rate"", ""2"": ""blocked""}}"
2025-04-05 00:47:56,"{""gw-3"": {""1"": ""blocked"", ""2"": ""rx_and_data_rate""}}"
2025-04-05 00:47:57,"{""gw-2"": {""1"": ""blocked"", ""2"": ""rx_and_data_rate""}, ""gw-1"": {""1"": ""blocked"", ""2"": ""rx_and_data_rate""}, ""gw-3"": {""1"": ""blocked"", ""2"": ""rx_and_data_rate""}}"
2025-04-05 00:47:58,"{""gw-1"": {""1"": ""conflict"", ""2"": ""rx_and_data_rate""}, ""gw-2"": {""1"": ""blocked"", ""2"": ""rx_and_data_rate""}}"
2025-04-05 00:48:01,"{""gw-2"": {""1"": ""rx_and_data_rate"", ""2"": ""blocked""}, ""gw-1"": {""1"": ""rx_and_data_rate"", ""2"": ""blocked""}}"
2025-04-05 00:48:03,"{""gw-2"": {""1"": ""blocked"", ""2"": ""rx_and_data_rate""}}"
2025-04-05 00:48:04,"{""gw-1"": {""1"": ""blocked"", ""2"": ""blocked""}}"
2025-04-05 00:48:05,"{""gw-1"": {""1"": ""blocked"", ""2"": ""rx_and_data_rate""}}"
2025-04-05 00:48:16,"{""gw-3"": {""1"": ""blocked"", ""2"": ""blocked""}}"
2025-04-05 00:48:17,"{""gw-3"": {""1"": ""blocked"", ""2"": ""blocked""}}"
2025-04-05 00:48:18,"{""gw-2"": {""1"": ""blocked"", ""2"": ""blocked""}}"
2025-04-05 00:48:18,"{""gw-1"": {""1"": ""blocked"", ""2"": ""blocked""}, ""gw-3"": {""1"": ""blocked"", ""2"": ""blocked""}}"
2025-04-05 00:48:19,"{""gw-1"": {""1"": ""rx_and_data_rate"", ""2"": ""blocked""}, ""gw-2"": {""1"": ""rx_and_data_rate"", ""2"": ""blocked""}}"
2025-04-05 00:48:20,"{""gw-2"": {""1"": ""rx_and_data_rate"", ""2"": ""blocked""}}"
2025-04-05 00:48:22,"{""gw-1"": {""1"": ""blocked"", ""2"": ""rx_and_data_rate""}}"
2025-04-05 00:48:22,"{""gw-1"": {""1"": ""blocked"", ""2"": ""blocked""}}"
2025-04-05 00:48:22,"{""gw-1"": {""1"": ""rx_and_data_rate"", ""2"": ""blocked""}}"
2025-04-05 00:48:23,"{""gw-2"": {""1"": ""rx_and_data_rate"", ""2"": ""blocked""}, ""gw-1"": {""1"": ""rx_and_data_rate"", ""2"": ""blocked""}}"
2025-04-05 00:48:24,"{""gw-1"": {""1"": ""blocked"", ""2"": ""blocked""}}"
2025-04-05 00:48:25,"{""gw-1"": {""1"": ""blocked"", ""2"": ""rx_and_data_rate""}}"
2025-04-05 00:48:30,"{""gw-3"": {""1"": ""blocked"", ""2"": ""rx_and_data_rate""}, ""gw-2"": {""1"": ""blocked"", ""2"": ""rx_and_data_rate""}}"
2025-04-05 00:48:30,"{""gw-2"": {""1"": ""blocked"", ""2"": ""rx_and_data_rate""}}"
2025-04-05 00:48:34,"{""gw-3"": {""1"": ""rx_and_data_rate"", ""2"": ""blocked""}}"
2025-04-05 00:48:36,"{""gw-3"": {""1"": ""blocked"", ""2"": ""rx_and_data_rate""}, ""gw-2"": {""1"": ""blocked"", ""2"": ""rx_and_data_rate""}}"
2025-04-05 00:48:41,"{""gw-3"": {""1"": ""rx_and_data_rate"", ""2"": ""blocked""}}"
2025-04-05 00:48:41,"{""gw-2"": {""1"": ""rx_and_data_rate"", ""2"": ""blocked""}}"
2025-04-05 00:48:42,"{""gw-2"": {""1"": ""rx_and_data_rate"", ""2"": ""blocked""}}"
2025-04-05 00:48:43,"{""gw-3"": {""1"": ""blocked"", ""2"": ""rx_and_data_rate""}, ""gw-1"": {""1"": ""blocked"", ""2"": ""rx_and_data_rate""}}"
2025-04-05 00:49:01,"{""gw-3"": {""1"": ""conflict"", ""2"": ""rx_and_data_rate""}}"
2025-04-05 00:49:01,"{""gw-2"": {""1"": ""rx_and_data_rate"", ""2"": ""blocked""}}"
2025-04-05 00:49:03,"{""gw-2"": {""1"": ""blocked"", ""2"": ""rx_and_data_rate""}}"
2025-04-05 00:49:05,"{""gw-2"": {""1"": ""rx_and_data_rate"", ""2"": ""blocked""}, ""gw-3"": {""1"": ""rx_and_data_rate"", ""2"": ""blocked""}}"
2025-04-05 00:49:07,"{""gw-3"": {""1"": ""blocked"", ""2"": ""rx_and_data_rate""}, ""gw-2"": {""1"": ""blocked"", ""2"": ""rx_and_data_rate""}}"
2025-04-05 00:49:21,"{""gw-2"": {""1"": ""blocked"", ""2"": ""blocked""}}"
2025-04-05 00:49:23,"{""gw-1"": {""1"": ""rx_and_data_rate"", ""2"": ""blocked""}, ""gw-3"": {""1"": ""rx_and_data_rate"", ""2"": ""blocked""}}"
2025-04-05 00:49:23,"{""gw-3"": {""1"": ""rx_and_data_rate"", ""2"": ""blocked""}, ""gw-2"": {""1"": ""rx_and_data_rate"", ""2"": ""blocked""}}"
2025-04-05 00:49:24,"{""gw-1"": {""1"": ""blocked"", ""2"": ""blocked""}}"
2025-04-05 00:49:25,"{""gw-3"": {""1"": ""blocked"", ""2"": ""rx_and_data_rate""}}"
2025-04-05 00:49:27,"{""gw-2"": {""1"": ""blocked"", ""2"": ""rx_and_data_rate""}}"
2025-04-05 00:49:34,"{""gw-2"": {""1"": ""blocked"", ""2"": ""rx_and_data_rate""}}"
2025-04-05 00:49:34,"{""gw-2"": {""1"": ""blocked"", ""2"": ""rx_and_data_rate""}, ""gw-3"": {""1"": ""blocked"", ""2"": ""rx_and_data_rate""}}"
2025-04-05 00:49:43,"{""gw-3"": {""1"": ""blocked"", ""2"": ""rx_and_data_rate""}}"
2025-04-05 00:49:46,"{""gw-1"": {""1"": ""conflict"", ""2"": ""blocked""}, ""gw-3"": {""1"": ""blocked"", ""2"": ""blocked""}}"
2025-04-05 00:49:47,"{""gw-3"": {""1"": ""blocked"", ""2"": ""blocked""}}"
2025-04-05 00:49:50,"{""gw-2"": {""1"": ""rx_and_data_rate"", ""2"": ""blocked""}}"
2025-04-05 00:49:52,"{""gw-3"": {""1"": ""rx_and_data_rate"", ""2"": ""blocked""}}"
2025-04-05 00:49:53,"{""gw-1"": {""1"": ""blocked"", ""2"": ""rx_and_data_rate""}}"
2025-04-05 00:49:54,"{""gw-2"": {""1"": ""blocked"", ""2"": ""blocked""}, ""gw-1"": {""1"": ""blocked"", ""2"": ""blocked""}}"
2025-04-05 00:49:56,"{""gw-1"": {""1"": ""blocked"", ""2"": ""rx_and_data_rate""}}"
2025-04-05 00:49:57,"{""gw-3"": {""1"": ""blocked"", ""2"": ""rx_and_data_rate""}, ""gw-2"": {""1"": ""blocked"", ""2"": ""rx_and_data_rate""}}"
2025-04-05 00:50:00,"{""gw-2"": {""1"": ""rx_and_data_rate"", ""2"": ""conflict""}}"
2025-04-05 00:50:01,"{""gw-3"": {""1"": ""blocked"", ""2"": ""rx_and_data_rate""}}"
2025-04-05 00:50:01,"{""gw-3"": {""1"": ""rx_and_data_rate"", ""2"": ""blocked""}, ""gw-1"": {""1"": ""rx_and_data_rate"", ""2"": ""blocked""}}"
2025-04-05 00:50:05,"{""gw-2"": {""1"": ""rx_and_data_rate"", ""2"": ""blocked""}}"
2025-04-05 00:50:07,"{""gw-1"": {""1"": ""blocked"", ""2"": ""blocked""}, ""gw-3"": {""1"": ""blocked"", ""2"": ""blocked""}}"
2025-04-05 00:50:07,"{""gw-1"": {""1"": ""blocked"", ""2"": ""blocked""}, ""gw-2"": {""1"": ""blocked"", ""2"": ""blocked""}, ""gw-3"": {""1"": ""blocked"", ""2"": ""blocked""}}"
2025-04-05 00:50:09,"{""gw-2"": {""1"": ""rx_and_data_rate"", ""2"": ""blocked""}}"
2025-04-05 00:50:10,"{""gw-3"": {""1"": ""blocked"", ""2"": ""rx_and_data_rate""}, ""gw-1"": {""1"": ""blocked"", ""2"": ""rx_and_data_rate""}}"
2025-04-05 00:50:10,"{""gw-2"": {""1"": ""blocked"", ""2"": ""blocked""}}"
2025-04-05 00:50:16,"{""gw-2"": {""1"": ""rx_and_data_rate"", ""2"": ""conflict""}, ""gw-3"": {""1"": ""rx_and_data_rate"", ""2"": ""blocked""}}"
2025-04-05 00:50:16,"{""gw-2"": {""1"": ""rx_and_data_rate"", ""2"": ""blocked""}}"
2025-04-05 00:50:22,"{""gw-2"": {""1"": ""rx_and_data_rate"", ""2"": ""blocked""}}"
2025-04-05 00:50:22,"{""gw-2"": {""1"": ""blocked"", ""2"": ""rx_and_data_rate""}}"
2025-04-05 00:50:23,"{""gw-3"": {""1"": ""blocked"", ""2"": ""rx_and_data_rate""}, ""gw-2"": {""1"": ""blocked"", ""2"": ""rx_and_data_rate""}}"
2025-04-05 00:50:23,"{""gw-2"": {""1"": ""blocked"", ""2"": ""blocked""}}"
2025-04-05 00:50:24,"{""gw-3"": {""1"": ""conflict"", ""2"": ""blocked""}, ""gw-2"": {""1"": ""blocked"", ""2"": ""blocked""}}"
2025-04-05 00:50:26,"{""gw-1"": {""1"": ""blocked"", ""2"": ""rx_and_data_rate""}}"
2025-04-05 00:50:28,"{""gw-3"": {""1"": ""rx_and_data_rate"", ""2"": ""blocked""}, ""gw-1"": {""1"": ""rx_and_data_rate"", ""2"": ""blocked""}}"
2025-04-05 00:50:31,"{""gw-2"": {""1"": ""rx_and_data_rate"", ""2"": ""conflict""}, ""gw-3"": {""1"": ""rx_and_data_rate"", ""2"": ""blocked""}}"
2025-04-05 00:50:33,"{""gw-1"": {""1"": ""rx_and_data_rate"", ""2"": ""blocked""}, ""gw-3"": {""1"": ""rx_and_data_rate"", ""2"": ""blocked""}}"
2025-04-05 00:50:34,"{""gw-3"": {""1"": ""blocked"", ""2"": ""rx_and_data_rate""}}"
2025-04-05 00:50:38,"{""gw-2"": {""1"": ""blocked"", ""2"": ""rx_and_data_rate""}}"
2025-04-05 00:50:41,"{""gw-2"": {""1"": ""rx_and_data_rate"", ""2"": ""blocked""}, ""gw-1"": {""1"": ""rx_and_data_rate"", ""2"": ""blocked""}}"
2025-04-05 00:50:41,"{""gw-2"": {""1"": ""rx_and_data_rate"", ""2"": ""blocked""}}"
2025-04-05 00:50:42,"{""gw-2"": {""1"": ""blocked"", ""2"": ""rx_and_data_rate""}}"
2025-04-05 00:50:48,"{""gw-3"": {""1"": ""blocked"", ""2"": ""rx_and_data_rate""}}"
2025-04-05 00:50:55,"{""gw-3"": {""1"": ""blocked"", ""2"": ""rx_and_data_rate""}}"
2025-04-05 00:50:55,"{""gw-2"": {""1"": ""rx_and_data_rate"", ""2"": ""blocked""}}"
2025-04-05 00:50:56,"{""gw-3"": {""1"": ""blocked"", ""2"": ""rx_and_data_rate""}, ""gw-2"": {""1"": ""blocked"", ""2"": ""rx_and_data_rate""}}"
2025-04-05 00:51:00,"{""gw-3"": {""1"": ""rx_and_data_rate"", ""2"": ""blocked""}}"
2025-04-05 00:51:05,"{""gw-1"": {""1"": ""blocked"", ""2"": ""rx_and_data_rate""}}"
2025-04-05 00:51:05,"{""gw-1"": {""1"": ""blocked"", ""2"": ""rx_and_data_rate""}, ""gw-2"": {""1"": ""blocked"", ""2"": ""rx_and_data_rate""}}"
2025-04-05 00:51:11,"{""gw-3"": {""1"": ""rx_and_data_rate"", ""2"": ""blocked""}, ""gw-2"": {""1"": ""rx_and_data_rate"", ""2"": ""blocked""}, ""gw-1"": {""1"": ""rx_and_data_rate"", ""2"": ""blocked""}}"
2025-04-05 00:51:12,"{""gw-1"": {""1"": ""rx_and_data_rate"", ""2"": ""blocked""}}"
2025-04-05 00:51:13,"{""gw-1"": {""1"": ""rx_and_data_rate"", ""2"": ""blocked""}}"
2025-04-05 00:51:14,"{""gw-3"": {""1"": ""rx_and_data_rate"", ""2"": ""conflict""}, ""gw-1"": {""1"": ""rx_and_data_rate"", ""2"": ""blocked""}, ""gw-2"": {""1"": ""rx_and_data_rate"", ""2"": ""blocked""}}"
2025-04-05 00:51:15,"{""gw-1"": {""1"": ""conflict"", ""2"": ""rx_and_data_rate""}}"
2025-04-05 00:51:15,"{""gw-2"": {""1"": ""rx_and_data_rate"", ""2"": ""blocked""}, ""gw-3"": {""1"": ""rx_and_data_rate"", ""2"": ""blocked""}}"
2025-04-05 00:51:19,"{""gw-3"": {""1"": ""blocked"", ""2"": ""blocked""}}"
2025-04-05 00:51:25,"{""gw-1"": {""1"": ""blocked"", ""2"": ""rx_and_data_rate""}}"
2025-04-05 00:51:30,"{""gw-1"": {""1"": ""rx_and_data_rate"", ""2"": ""blocked""}}"
2025-04-05 00:51:31,"{""gw-2"": {""1"": ""blocked"", ""2"": ""rx_and_data_rate""}}"
2025-04-05 00:51:31,"{""gw-1"": {""1"": ""rx_and_data_rate"", ""2"": ""blocked""}}"
2025-04-05 00:51:35,"{""gw-3"": {""1"": ""blocked"", ""2"": ""rx_and_data_rate""}, ""gw-2"": {""1"": ""blocked"", ""2"": ""rx_and_data_rate""}}"
2025-04-05 00:51:37,"{""gw-2"": {""1"": ""blocked"", ""2"": ""rx_and_data_rate""}, ""gw-1"": {""1"": ""blocked"", ""2"": ""rx_and_data_rate""}}"
2025-04-05 00:51:39,"{""gw-3"": {""1"": ""rx_and_data_rate"", ""2"": ""conflict""}}"
2025-04-05 00:51:40,"{""gw-2"": {""1"": ""blocked"", ""2"": ""rx_and_data_rate""}}"
2025-04-05 00:51:43,"{""gw-2"": {""1"": ""rx_and_data_rate"", ""2"": ""conflict""}}"
2025-04-05 00:51:43,"{""gw-2"": {""1"": ""rx_and_data_rate"", ""2"": ""blocked""}}"
2025-04-05 00:51:44,"{""gw-3"": {""1"": ""blocked"", ""2"": ""blocked""}}"
2025-04-05 00:51:51,"{""gw-1"": {""1"": ""rx_and_data_rate"", ""2"": ""blocked""}}"
2025-04-05 00:51:56,"{""gw-3"": {""1"": ""rx_and_data_rate"", ""2"": ""conflict""}}"
2025-04-05 00:52:00,"{""gw-1"": {""1"": ""rx_and_data_rate"", ""2"": ""blocked""}}"
2025-04-05 00:52:03,"{""gw-2"": {""1"": ""rx_and_data_rate"", ""2"": ""blocked""}, ""gw-3"": {""1"": ""rx_and_data_rate"", ""2"": ""blocked""}, ""gw-1"": {""1"": ""rx_and_data_rate"", ""2"": ""blocked""}}"
2025-04-05 00:52:04,"{""gw-2"": {""1"": ""rx_and_data_rate"", ""2"": ""blocked""}}"
2025-04-05 00:52:08,"{""gw-2"": {""1"": ""blocked"", ""2"": ""rx_and_data_rate""}}"
2025-04-05 00:52:15,"{""gw-3"": {""1"": ""rx_and_data_rate"", ""2"": ""blocked""}}"
2025-04-05 00:52:16,"{""gw-3"": {""1"": ""blocked"", ""2"": ""rx_and_data_rate""}, ""gw-2"": {""1"": ""blocked"", ""2"": ""rx_and_data_rate""}}"
2025-04-05 00:52:17,"{""gw-2"": {""1"": ""rx_and_data_rate"", ""2"": ""blocked""}, ""gw-3"": {""1"": ""rx_and_data_rate"", ""2"": ""blocked""}}"
2025-04-05 00:52:18,"{""gw-3"": {""1"": ""blocked"", ""2"": ""rx_and_data_rate""}}"
2025-04-05 00:52:23,"{""gw-3"": {""1"": ""blocked"", ""2"": ""rx_and_data_rate""}, ""gw-1"": {""1"": ""blocked"", ""2"": ""rx_and_data_rate""}}"
2025-04-05 00:52:27,"{""gw-2"": {""1"": ""rx_and_data_rate"", ""2"": ""blocked""}}"
2025-04-05 00:52:28,"{""gw-2"": {""1"": ""rx_and_data_rate"", ""2"": ""blocked""}}"
2025-04-05 00:52:30,"{""gw-3"": {""1"": ""blocked"", ""2"": ""blocked""}}"
2025-04-05 00:52:30,"{""gw-3"": {""1"": ""rx_and_data_rate"", ""2"": ""blocked""}}"
2025-04-05 00:52:31,"{""gw-1"": {""1"": ""rx_and_data_rate"", ""2"": ""blocked""}}"
2025-04-05 00:52:39,"{""gw-1"": {""1"": ""blocked"", ""2"": ""rx_and_data_rate""}}"
2025-04-05 00:52:41,"{""gw-3"": {""1"": ""blocked"", ""2"": ""rx_and_data_rate""}}"
2025-04-05 00:52:42,"{""gw-3"": {""1"": ""blocked"", ""2"": ""rx_and_data_rate""}, ""gw-1"": {""1"": ""conflict"", ""2"": ""rx_and_data_rate""}}"
2025-04-05 00:52:44,"{""gw-3"": {""1"": ""rx_and_data_rate"", ""2"": ""blocked""}}"
2025-04-05 00:52:46,"{""gw-1"": {""1"": ""rx_and_data_rate"", ""2"": ""blocked""}, ""gw-3"": {""1"": ""rx_and_data_rate"", ""2"": ""blocked""}, ""gw-2"": {""1"": ""rx_and_data_rate"", ""2"": ""blocked""}}"
2025-04-05 00:52:54,"{""gw-3"": {""1"": ""blocked"", ""2"": ""rx_and_data_rate""}}"
2025-04-05 00:52:54,"{""gw-1"": {""1"": ""blocked"", ""2"": ""rx_and_data_rate""}}"
2025-04-05 00:52:59,"{""gw-2"": {""1"": ""blocked"", ""2"": ""rx_and_data_rate""}, ""gw-1"": {""1"": ""blocked"", ""2"": ""rx_and_data_rate""}}"
2025-04-05 00:53:00,"{""gw-2"": {""1"": ""blocked"", ""2"": ""rx_and_data_rate""}}"
2025-04-05 00:53:00,"{""gw-3"": {""1"": ""rx_and_data_rate"", ""2"": ""blocked""}, ""gw-1"": {""1"": ""rx_and_data_rate"", ""2"": ""conflict""}}"
2025-04-05 00:53:01,"{""gw-1"": {""1"": ""rx_and_data_rate"", ""2"": ""blocked""}}"
2025-04-05 00:53:02,"{""gw-3"": {""1"": ""blocked"", ""2"": ""rx_and_data_rate""}}"
2025-04-05 00:53:05,"{""gw-2"": {""1"": ""blocked"", ""2"": ""rx_and_data_rate""}}"
2025-04-05 00:53:08,"{""gw-2"": {""1"": ""conflict"", ""2"": ""rx_and_data_rate""}}"
2025-04-05 00:53:16,"{""gw-1"": {""1"": ""blocked"", ""2"": ""rx_and_data_rate""}}"
2025-04-05 00:53:18,"{""gw-1"": {""1"": ""blocked"", ""2"": ""conflict""}, ""gw-2"": {""1"": ""blocked"", ""2"": ""blocked""}}"
2025-04-05 00:53:18,"{""gw-2"": {""1"": ""blocked"", ""2"": ""rx_and_data_rate""}, ""gw-1"": {""1"": ""blocked"", ""2"": ""rx_and_data_rate""}}"
2025-04-05 00:53:21,"{""gw-1"": {""1"": ""blocked"", ""2"": ""rx_and_data_rate""}, ""gw-3"": {""1"": ""blocked"", ""2"": ""rx_and_data_rate""}}"
2025-04-05 00:53:21,"{""gw-3"": {""1"": ""blocked"", ""2"": ""rx_and_data_rate""}}"
2025-04-05 00:53:23,"{""gw-1"": {""1"": ""rx_and_data_rate"", ""2"": ""blocked""}}"
2025-04-05 00:53:32,"{""gw-3"": {""1"": ""blocked"", ""2"": ""rx_and_data_rate""}}"
2025-04-05 00:53:37,"{""gw-2"": {""1"": ""blocked"", ""2"": ""rx_and_data_rate""}}"
2025-04-05 00:53:44,"{""gw-3"": {""1"": ""rx_and_data_rate"", ""2"": ""blocked""}}"
2025-04-05 00:53:44,"{""gw-3"": {""1"": ""blocked"", ""2"": ""rx_and_data_rate""}, ""gw-2"": {""1"": ""blocked"", ""2"": ""rx_and_data_rate""}, ""gw-1"": {""1"": ""blocked"", ""2"": ""rx_and_data_rate""}}"
2025-04-05 00:53:45,"{""gw-2"": {""1"": ""blocked"", ""2"": ""rx_and_data_rate""}}"
2025-04-05 00:53:45,"{""gw-1"": {""1"": ""blocked"", ""2"": ""rx_and_data_rate""}, ""gw-3"": {""1"": ""blocked"", ""2"": ""rx_and_data_rate""}}"
2025-04-05 00:53:46,"{""gw-1"": {""1"": ""rx_and_data_rate"", ""2"": ""blocked""}}"
2025-04-05 00:53:48,"{""gw-3"": {""1"": ""rx_and_data_rate"", ""2"": ""conflict""}}"
2025-04-05 00:53:49,"{""gw-1"": {""1"": ""rx_and_data_rate"", ""2"": ""blocked""}, ""gw-3"": {""1"": ""rx_and_data_rate"", ""2"": ""blocked""}}"
2025-04-05 00:53:49,"{""gw-3"": {""1"": ""conflict"", ""2"": ""rx_and_data_rate""}, ""gw-1"": {""1"": ""blocked"", ""2"": ""rx_and_data_rate""}}"
2025-04-05 00:53:51,"{""gw-1"": {""1"": ""blocked"", ""2"": ""blocked""}}"
2025-04-05 00:53:56,"{""gw-2"": {""1"": ""blocked"", ""2"": ""rx_and_data_rate""}}"
2025-04-05 00:54:00,"{""gw-2"": {""1"": ""conflict"", ""2"": ""rx_and_data_rate""}}"
2025-04-05 00:54:07,"{""gw-3"": {""1"": ""rx_and_data_rate"", ""2"": ""blocked""}}"
2025-04-05 00:54:08,"{""gw-2"": {""1"": ""rx_and_data_rate"", ""2"": ""blocked""}}"
2025-04-05 00:54:08,"{""gw-2"": {""1"": ""rx_and_data_rate"", ""2"": ""blocked""}}"
2025-04-05 00:54:10,"{""gw-2"": {""1"": ""blocked"", ""2"": ""rx_and_data_rate""}}"
2025-04-05 00:54:12,"{""gw-1"": {""1"": ""blocked"", ""2"": ""rx_and_data_rate""}}"
2025-04-05 00:54:14,"{""gw-3"": {""1"": ""rx_and_data_rate"", ""2"": ""blocked""}}"
2025-04-05 00:54:16,"{""gw-3"": {""1"": ""blocked"", ""2"": ""rx_and_data_rate""}, ""gw-1"": {""1"": ""blocked"", ""2"": ""rx_and_data_rate""}, ""gw-2"": {""1"": ""blocked"", ""2"": ""rx_and_data_rate""}}"
2025-04-05 00:54:16,"{""gw-1"": {""1"": ""blocked"", ""2"": ""conflict""}}"
2025-04-05 00:54:20,"{""gw-2"": {""1"": ""rx_and_data_rate"", ""2"": ""blocked""}, ""gw-1"": {""1"": ""rx_and_data_rate"", ""2"": ""blocked""}}"
2025-04-05 00:54:26,"{""gw-1"": {""1"": ""rx_and_data_rate"", ""2"": ""blocked""}}"
2025-04-05 00:54:28,"{""gw-1"": {""1"": ""blocked"", ""2"": ""rx_and_data_rate""}}"
2025-04-05 00:54:30,"{""gw-1"": {""1"": ""conflict"", ""2"": ""rx_and_data_rate""}, ""gw-2"": {""1"": ""blocked"", ""2"": ""rx_and_data_rate""}}"
2025-04-05 00:54:37,"{""gw-1"": {""1"": ""rx_and_data_rate"", ""2"": ""blocked""}}"
2025-04-05 00:54:40,"{""gw-2"": {""1"": ""rx_and_data_rate"", ""2"": ""blocked""}, ""gw-3"": {""1"": ""rx_and_data_rate"", ""2"": ""blocked""}}"
2025-04-05 00:54:40,"{""gw-1"": {""1"": ""blocked"", ""2"": ""rx_and_data_rate""}}"
2025-04-05 00:54:44,"{""gw-3"": {""1"": ""conflict"", ""2"": ""rx_and_data_rate""}, ""gw-2"": {""1"": ""blocked"", ""2"": ""rx_and_data_rate""}}"
2025-04-05 00:54:45,"{""gw-2"": {""1"": ""blocked"", ""2"": ""rx_and_data_rate""}}"
2025-04-05 00:54:49,"{""gw-3"": {""1"": ""blocked"", ""2"": ""rx_and_data_rate""}}"
2025-04-05 00:54:49,"{""gw-2"": {""1"": ""blocked"", ""2"": ""rx_and_data_rate""}, ""gw-1"": {""1"": ""blocked"", ""2"": ""rx_and_data_rate""}}"
2025-04-05 00:54:51,"{""gw-1"": {""1"": ""blocked"", ""2"": ""rx_and_data_rate""}, ""gw-3"": {""1"": ""blocked"", ""2"": ""rx_and_data_rate""}}"
2025-04-05 00:54:53,"{""gw-1"": {""1"": ""blocked"", ""2"": ""rx_and_data_rate""}}"
2025-04-05 00:54:53,"{""gw-1"": {""1"": ""blocked"", ""2"": ""rx_and_data_rate""}}"
2025-04-05 00:54:55,"{""gw-1"": {""1"": ""blocked"", ""2"": ""rx_and_data_rate""}, ""gw-3"": {""1"": ""blocked"", ""2"": ""rx_and_data_rate""}}"
2025-04-05 00:54:57,"{""gw-1"": {""1"": ""blocked"", ""2"": ""rx_and_data_rate""}}"
2025-04-05 00:54:58,"{""gw-3"": {""1"": ""blocked"", ""2"": ""rx_and_data_rate""}}"
2025-04-05 00:54:59,"{""gw-2"": {""1"": ""blocked"", ""2"": ""rx_and_data_rate""}}"
2025-04-05 00:55:00,"{""gw-2"": {""1"": ""blocked"", ""2"": ""rx_and_data_rate""}}"
2025-04-05 00:55:01,"{""gw-2"": {""1"": ""blocked"", ""2"": ""rx_and_data_rate""}}"
2025-04-05 00:55:12,"{""gw-1"": {""1"": ""blocked"", ""2"": ""rx_and_data_rate""}}"
2025-04-05 00:55:14,"{""gw-3"": {""1"": ""rx_and_data_rate"", ""2"": ""conflict""}}"
2025-04-05 00:55:15,"{""gw-2"": {""1"": ""blocked"", ""2"": ""rx_and_data_rate""}}"
2025-04-05 00:55:22,"{""gw-3"": {""1"": ""rx_and_data_rate"", ""2"": ""blocked""}}"
2025-04-05 00:55:22,"{""gw-3"": {""1"": ""blocked"", ""2"": ""blocked""}}"
2025-04-05 00:55:25,"{""gw-3"": {""1"": ""blocked"", ""2"": ""rx_and_data_rate""}}"
2025-04-05 00:55:26,"{""gw-2"": {""1"": ""rx_and_data_rate"", ""2"": ""blocked""}}"
2025-04-05 00:55:27,"{""gw-3"": {""1"": ""rx_and_data_rate"", ""2"": ""conflict""}}"
2025-04-05 00:55:28,"{""gw-1"": {""1"": ""blocked"", ""2"": ""rx_and_data_rate""}}"
2025-04-05 00:55:35,"{""gw-2"": {""1"": ""blocked"", ""2"": ""blocked""}, ""gw-3"": {""1"": ""blocked"", ""2"": ""blocked""}, ""gw-1"": {""1"": ""blocked"", ""2"": ""blocked""}}"
2025-04-05 00:55:35,"{""gw-2"": {""1"": ""rx_and_data_rate"", ""2"": ""blocked""}, ""gw-3"": {""1"": ""rx_and_data_rate"", ""2"": ""blocked""}}"
2025-04-05 00:55:37,"{""gw-1"": {""1"": ""rx_and_data_rate"", ""2"": ""blocked""}}"
2025-04-05 00:55:41,"{""gw-2"": {""1"": ""blocked"", ""2"": ""rx_and_data_rate""}}"
2025-04-05 00:55:46,"{""gw-1"": {""1"": ""rx_and_data_rate"", ""2"": ""conflict""}}"
2025-04-05 00:55:47,"{""gw-1"": {""1"": ""rx_and_data_rate"", ""2"": ""blocked""}}"
2025-04-05 00:55:52,"{""gw-1"": {""1"": ""blocked"", ""2"": ""rx_and_data_rate""}}"
2025-04-05 00:55:54,"{""gw-2"": {""1"": ""rx_and_data_rate"", ""2"": ""blocked""}, ""gw-1"": {""1"": ""rx_and_data_rate"", ""2"": ""blocked""}}"
2025-04-05 00:55:54,"{""gw-3"": {""1"": ""rx_and_data_rate"", ""2"": ""blocked""}}"
2025-04-05 00:55:56,"{""gw-1"": {""1"": ""blocked"", ""2"": ""blocked""}}"
2025-04-05 00:55:57,"{""gw-1"": {""1"": ""blocked"", ""2"": ""rx_and_data_rate""}, ""gw-3"": {""1"": ""blocked"", ""2"": ""rx_and_data_rate""}}"
2025-04-05 00:56:00,"{""gw-1"": {""1"": ""blocked"", ""2"": ""rx_and_data_rate""}}"
2025-04-05 00:56:01,"{""gw-2"": {""1"": ""rx_and_data_rate"", ""2"": ""blocked""}, ""gw-3"": {""1"": ""rx_and_data_rate"", ""2"": ""conflict""}, ""gw-1"": {""1"": ""rx_and_data_rate"", ""2"": ""conflict""}}"
2025-04-05 00:56:03,"{""gw-3"": {""1"": ""blocked"", ""2"": ""rx_and_data_rate""}}"
2025-04-05 00:56:05,"{""gw-2"": {""1"": ""blocked"", ""2"": ""rx_and_data_rate""}, ""gw-3"": {""1"": ""blocked"", ""2"": ""rx_and_data_rate""}}"
2025-04-05 00:56:06,"{""gw-1"": {""1"": ""conflict"", ""2"": ""rx_and_data_rate""}, ""gw-3"": {""1"": ""blocked"", ""2"": ""rx_and_data_rate""}}"
2025-04-05 00:56:08,"{""gw-3"": {""1"": ""blocked"", ""2"": ""blocked""}}"
2025-04-05 00:56:08,"{""gw-2"": {""1"": ""rx_and_data_rate"", ""2"": ""blocked""}}"
2025-04-05 00:56:10,"{""gw-3"": {""1"": ""rx_and_data_rate"", ""2"": ""blocked""}}"
2025-04-05 00:56:14,"{""gw-2"": {""1"": ""blocked"", ""2"": ""conflict""}}"
2025-04-05 00:56:17,"{""gw-1"": {""1"": ""conflict"", ""2"": ""blocked""}, ""gw-3"": {""1"": ""conflict"", ""2"": ""blocked""}}"
2025-04-05 00:56:18,"{""gw-2"": {""1"": ""blocked"", ""2"": ""rx_and_data_rate""}}"
2025-04-05 00:56:18,"{""gw-2"": {""1"": ""blocked"", ""2"": ""blocked""}}"
2025-04-05 00:56:20,"{""gw-1"": {""1"": ""blocked"", ""2"": ""rx_and_data_rate""}, ""gw-2"": {""1"": ""blocked"", ""2"": ""rx_and_data_rate""}}"
2025-04-05 00:56:21,"{""gw-2"": {""1"": ""blocked"", ""2"": ""blocked""}, ""gw-1"": {""1"": ""blocked"", ""2"": ""blocked""}}"
2025-04-05 00:56:23,"{""gw-2"": {""1"": ""rx_and_data_rate"", ""2"": ""blocked""}, ""gw-3"": {""1"": ""rx_and_data_rate"", ""2"": ""blocked""}}"
2025-04-05 00:56:25,"{""gw-1"": {""1"": ""rx_and_data_rate"", ""2"": ""blocked""}}"
2025-04-05 00:56:26,"{""gw-1"": {""1"": ""rx_and_data_rate"", ""2"": ""blocked""}}"
2025-04-05 00:56:28,"{""gw-2"": {""1"": ""blocked"", ""2"": ""rx_and_data_rate""}}"
2025-04-05 00:56:32,"{""gw-1"": {""1"": ""conflict"", ""2"": ""rx_and_data_rate""}}"
2025-04-05 00:56:35,"{""gw-3"": {""1"": ""blocked"", ""2"": ""rx_and_data_rate""}}"
2025-04-05 00:56:43,"{""gw-3"": {""1"": ""blocked"", ""2"": ""rx_and_data_rate""}}"
2025-04-05 00:56:45,"{""gw-2"": {""1"": ""blocked"", ""2"": ""rx_and_data_rate""}}"
2025-04-05 00:56:47,"{""gw-1"": {""1"": ""blocked"", ""2"": ""rx_and_data_rate""}}"
2025-04-05 00:56:47,"{""gw-2"": {""1"": ""conflict"", ""2"": ""blocked""}}"
2025-04-05 00:56:50,"{""gw-1"": {""1"": ""rx_and_data_rate"", ""2"": ""blocked""}}"
2025-04-05 00:56:53,"{""gw-3"": {""1"": ""blocked"", ""2"": ""conflict""}}"
2025-04-05 00:56:53,"{""gw-1"": {""1"": ""rx_and_data_rate"", ""2"": ""blocked""}, ""gw-3"": {""1"": ""rx_and_data_rate"", ""2"": ""conflict""}}"
2025-04-05 00:56:53,"{""gw-1"": {""1"": ""blocked"", ""2"": ""blocked""}}"
2025-04-05 00:56:53,"{""gw-3"": {""1"": ""conflict"", ""2"": ""rx_and_data_rate""}}"
2025-04-05 00:56:56,"{""gw-2"": {""1"": ""rx_and_data_rate"", ""2"": ""blocked""}, ""gw-1"": {""1"": ""rx_and_data_rate"", ""2"": ""blocked""}}"
2025-04-05 00:56:59,"{""gw-2"": {""1"": ""blocked"", ""2"": ""rx_and_data_rate""}}"
2025-04-05 00:57:03,"{""gw-2"": {""1"": ""conflict"", ""2"": ""blocked""}}"
2025-04-05 00:57:06,"{""gw-2"": {""1"": ""blocked"", ""2"": ""rx_and_data_rate""}, ""gw-3"": {""1"": ""conflict"", ""2"": ""rx_and_data_rate""}}"
2025-04-05 00:57:06,"{""gw-2"": {""1"": ""blocked"", ""2"": ""rx_and_data_rate""}}"
2025-04-05 00:57:09,"{""gw-1"": {""1"": ""rx_and_data_rate"", ""2"": ""blocked""}, ""gw-3"": {""1"": ""rx_and_data_rate"", ""2"": ""blocked""}}"
2025-04-05 00:57:10,"{""gw-1"": {""1"": ""rx_and_data_rate"", ""2"": ""blocked""}, ""gw-3"": {""1"": ""rx_and_data_rate"", ""2"": ""blocked""}}"
2025-04-05 00:57:10,"{""gw-3"": {""1"": ""rx_and_data_rate"", ""2"": ""blocked""}, ""gw-1"": {""1"": ""rx_and_data_rate"", ""2"": ""blocked""}}"
2025-04-05 00:57:11,"{""gw-3"": {""1"": ""rx_and_data_rate"", ""2"": ""blocked""}}"
2025-04-05 00:57:20,"{""gw-2"": {""1"": ""blocked"", ""2"": ""blocked""}}"
2025-04-05 00:57:21,"{""gw-2"": {""1"": ""blocked"", ""2"": ""rx_and_data_rate""}}"
2025-04-05 00:57:21,"{""gw-3"": {""1"": ""rx_and_data_rate"", ""2"": ""blocked""}}"
2025-04-05 00:57:21,"{""gw-2"": {""1"": ""rx_and_data_rate"", ""2"": ""blocked""}}"
2025-04-05 00:57:22,"{""gw-1"": {""1"": ""conflict"", ""2"": ""rx_and_data_rate""}}"
2025-04-05 00:57:22,"{""gw-2"": {""1"": ""rx_and_data_rate"", ""2"": ""blocked""}}"
2025-04-05 00:57:24,"{""gw-3"": {""1"": ""blocked"", ""2"": ""blocked""}, ""gw-2"": {""1"": ""blocked"", ""2"": ""blocked""}}"
2025-04-05 00:57:28,"{""gw-1"": {""1"": ""blocked"", ""2"": ""rx_and_data_rate""}}"
2025-04-05 00:57:31,"{""gw-3"": {""1"": ""blocked"", ""2"": ""rx_and_data_rate""}, ""gw-1"": {""1"": ""blocked"", ""2"": ""rx_and_data_rate""}, ""gw-2"": {""1"": ""blocked"", ""2"": ""rx_and_data_rate""}}"
2025-04-05 00:57:34,"{""gw-3"": {""1"": ""conflict"", ""2"": ""rx_and_data_rate""}}"
2025-04-05 00:57:41,"{""gw-2"": {""1"": ""blocked"", ""2"": ""rx_and_data_rate""}}"
2025-04-05 00:57:41,"{""gw-1"": {""1"": ""blocked"", ""2"": ""rx_and_data_rate""}}"
2025-04-05 00:57:47,"{""gw-2"": {""1"": ""rx_and_data_rate"", ""2"": ""blocked""}}"
2025-04-05 00:57:48,"{""gw-2"": {""1"": ""blocked"", ""2"": ""rx_and_data_rate""}}"
2025-04-05 00:57:49,"{""gw-3"": {""1"": ""rx_and_data_rate"", ""2"": ""conflict""}}"
2025-04-05 00:57:52,"{""gw-1"": {""1"": ""rx_and_data_rate"", ""2"": ""blocked""}}"
2025-04-05 00:57:58,"{""gw-2"": {""1"": ""blocked"", ""2"": ""rx_and_data_rate""}}"
2025-04-05 00:58:00,"{""gw-2"": {""1"": ""rx_and_data_rate"", ""2"": ""blocked""}}"
2025-04-05 00:58:04,"{""gw-1"": {""1"": ""rx_and_data_rate"", ""2"": ""blocked""}, ""gw-2"": {""1"": ""rx_and_data_rate"", ""2"": ""blocked""}}"
2025-04-05 00:58:08,"{""gw-2"": {""1"": ""blocked"", ""2"": ""rx_and_data_rate""}}"
2025-04-05 00:58:13,"{""gw-2"": {""1"": ""rx_and_data_rate"", ""2"": ""blocked""}, ""gw-3"": {""1"": ""rx_and_data_rate"", ""2"": ""blocked""}}"
2025-04-05 00:58:14,"{""gw-2"": {""1"": ""rx_and_data_rate"", ""2"": ""blocked""}, ""gw-1"": {""1"": ""rx_and_data_rate"", ""2"": ""blocked""}}"
2025-04-05 00:58:15,"{""gw-2"": {""1"": ""blocked"", ""2"": ""rx_and_data_rate""}}"
2025-04-05 00:58:16,"{""gw-3"": {""1"": ""blocked"", ""2"": ""blocked""}}"
2025-04-05 00:58:16,"{""gw-3"": {""1"": ""blocked"", ""2"": ""blocked""}, ""gw-1"": {""1"": ""blocked"", ""2"": ""blocked""}}"
2025-04-05 00:58:17,"{""gw-1"": {""1"": ""rx_and_data_rate"", ""2"": ""blocked""}}"
2025-04-05 00:58:19,"{""gw-3"": {""1"": ""blocked"", ""2"": ""rx_and_data_rate""}}"
2025-04-05 00:58:19,"{""gw-3"": {""1"": ""rx_and_data_rate"", ""2"": ""blocked""}, ""gw-1"": {""1"": ""rx_and_data_rate"", ""2"": ""blocked""}}"
2025-04-05 00:58:21,"{""gw-1"": {""1"": ""rx_and_data_rate"", ""2"": ""blocked""}, ""gw-2"": {""1"": ""rx_and_data_rate"", ""2"": ""blocked""}}"
2025-04-05 00:58:21,"{""gw-2"": {""1"": ""blocked"", ""2"": ""blocked""}}"
2025-04-05 00:58:26,"{""gw-2"": {""1"": ""blocked"", ""2"": ""blocked""}}"
2025-04-05 00:58:29,"{""gw-2"": {""1"": ""rx_and_data_rate"", ""2"": ""conflict""}}"
2025-04-05 00:58:31,"{""gw-1"": {""1"": ""rx_and_data_rate"", ""2"": ""conflict""}, ""gw-3"": {""1"": ""rx_and_data_rate"", ""2"": ""blocked""}}"
2025-04-05 00:58:32,"{""gw-3"": {""1"": ""blocked"", ""2"": ""rx_and_data_rate""}}"
2025-04-05 00:58:32,"{""gw-3"": {""1"": ""rx_and_data_rate"", ""2"": ""blocked""}}"
2025-04-05 00:58:34,"{""gw-1"": {""1"": ""rx_and_data_rate"", ""2"": ""blocked""}}"
2025-04-05 00:58:35,"{""gw-1"": {""1"": ""rx_and_data_rate"", ""2"": ""blocked""}}"
2025-04-05 00:58:37,"{""gw-2"": {""1"": ""blocked"", ""2"": ""rx_and_data_rate""}}"
2025-04-05 00:58:39,"{""gw-1"": {""1"": ""rx_and_data_rate"", ""2"": ""blocked""}}"
2025-04-05 00:58:40,"{""gw-1"": {""1"": ""blocked"", ""2"": ""rx_and_data_rate""}}"
2025-04-05 00:58:43,"{""gw-3"": {""1"": ""blocked"", ""2"": ""blocked""}}"
2025-04-05 00:58:44,"{""gw-3"": {""1"": ""rx_and_data_rate"", ""2"": ""blocked""}}"
2025-04-05 00:58:46,"{""gw-2"": {""1"": ""blocked"", ""2"": ""blocked""}, ""gw-3"": {""1"": ""blocked"", ""2"": ""blocked""}, ""gw-1"": {""1"": ""conflict"", ""2"": ""blocked""}}"
2025-04-05 00:58:46,"{""gw-1"": {""1"": ""conflict"", ""2"": ""rx_and_data_rate""}, ""gw-2"": {""1"": ""blocked"", ""2"": ""rx_and_data_rate""}}"
2025-04-05 00:58:46,"{""gw-3"": {""1"": ""rx_and_data_rate"", ""2"": ""blocked""}, ""gw-2"": {""1"": ""rx_and_data_rate"", ""2"": ""blocked""}}"
2025-04-05 00:58:49,"{""gw-1"": {""1"": ""rx_and_data_rate"", ""2"": ""blocked""}, ""gw-3"": {""1"": ""rx_and_data_rate"", ""2"": ""blocked""}}"
2025-04-05 00:58:50,"{""gw-3"": {""1"": ""rx_and_data_rate"", ""2"": ""blocked""}}"
2025-04-05 00:58:50,"{""gw-1"": {""1"": ""blocked"", ""2"": ""rx_and_data_rate""}}"
2025-04-05 00:58:50,"{""gw-1"": {""1"": ""blocked"", ""2"": ""rx_and_data_rate""}}"
2025-04-05 00:58:56,"{""gw-1"": {""1"": ""blocked"", ""2"": ""rx_and_data_rate""}}"
2025-04-05 00:58:57,"{""gw-1"": {""1"": ""blocked"", ""2"": ""rx_and_data_rate""}}"
2025-04-05 00:58:57,"{""gw-1"": {""1"": ""rx_and_data_rate"", ""2"": ""conflict""}}"
2025-04-05 00:58:59,"{""gw-3"": {""1"": ""rx_and_data_rate"", ""2"": ""blocked""}}"
2025-04-05 00:59:23,"{""gw-1"": {""1"": ""blocked"", ""2"": ""blocked""}}"
2025-04-05 00:59:24,"{""gw-1"": {""1"": ""blocked"", ""2"": ""rx_and_data_rate""}, ""gw-2"": {""1"": ""blocked"", ""2"": ""rx_and_data_rate""}}"
2025-04-05 00:59:25,"{""gw-1"": {""1"": ""blocked"", ""2"": ""blocked""}}"
2025-04-05 00:59:27,"{""gw-2"": {""1"": ""blocked"", ""2"": ""rx_and_data_rate""}}"
2025-04-05 00:59:29,"{""gw-3"": {""1"": ""blocked"", ""2"": ""rx_and_data_rate""}, ""gw-2"": {""1"": ""blocked"", ""2"": ""rx_and_data_rate""}}"
2025-04-05 00:59:29,"{""gw-2"": {""1"": ""rx_and_data_rate"", ""2"": ""blocked""}}"
2025-04-05 00:59:32,"{""gw-2"": {""1"": ""rx_and_data_rate"", ""2"": ""blocked""}, ""gw-1"": {""1"": ""rx_and_data_rate"", ""2"": ""blocked""}}"
2025-04-05 00:59:35,"{""gw-2"": {""1"": ""blocked"", ""2"": ""rx_and_data_rate""}}"
2025-04-05 00:59:36,"{""gw-3"": {""1"": ""rx_and_data_rate"", ""2"": ""blocked""}, ""gw-1"": {""1"": ""rx_and_data_rate"", ""2"": ""blocked""}}"
2025-04-05 00:59:38,"{""gw-3"": {""1"": ""rx_and_data_rate"", ""2"": ""blocked""}, ""gw-1"": {""1"": ""rx_and_data_rate"", ""2"": ""blocked""}}"
2025-04-05 00:59:38,"{""gw-1"": {""1"": ""rx_and_data_rate"", ""2"": ""blocked""}}"
2025-04-05 00:59:41,"{""gw-2"": {""1"": ""rx_and_data_rate"", ""2"": ""blocked""}}"
2025-04-05 00:59:43,"{""gw-2"": {""1"": ""rx_and_data_rate"", ""2"": ""blocked""}, ""gw-1"": {""1"": ""rx_and_data_rate"", ""2"": ""blocked""}}"
2025-04-05 00:59:47,"{""gw-2"": {""1"": ""blocked"", ""2"": ""conflict""}}"
2025-04-05 00:59:48,"{""gw-3"": {""1"": ""blocked"", ""2"": ""rx_and_data_rate""}}"
2025-04-05 00:59:50,"{""gw-1"": {""1"": ""blocked"", ""2"": ""rx_and_data_rate""}, ""gw-3"": {""1"": ""blocked"", ""2"": ""rx_and_data_rate""}}"
2025-04-05 01:00:02,"{""gw-3"": {""1"": ""conflict"", ""2"": ""rx_and_data_rate""}}"
2025-04-05 01:00:03,"{""gw-2"": {""1"": ""blocked"", ""2"": ""rx_and_data_rate""}}"
2025-04-05 01:00:06,"{""gw-3"": {""1"": ""rx_and_data_rate"", ""2"": ""blocked""}}"
2025-04-05 01:00:06,"{""gw-1"": {""1"": ""rx_and_data_rate"", ""2"": ""blocked""}}"
2025-04-05 01:00:09,"{""gw-3"": {""1"": ""rx_and_data_rate"", ""2"": ""blocked""}, ""gw-1"": {""1"": ""rx_and_data_rate"", ""2"": ""blocked""}}"
2025-04-05 01:00:18,"{""gw-2"": {""1"": ""blocked"", ""2"": ""rx_and_data_rate""}, ""gw-3"": {""1"": ""conflict"", ""2"": ""rx_and_data_rate""}}"
2025-04-05 01:00:30,"{""gw-1"": {""1"": ""blocked"", ""2"": ""rx_and_data_rate""}}"
2025-04-05 01:00:32,"{""gw-1"": {""1"": ""blocked"", ""2"": ""rx_and_data_rate""}, ""gw-2"": {""1"": ""blocked"", ""2"": ""rx_and_data_rate""}}"
2025-04-05 01:00:32,"{""gw-3"": {""1"": ""conflict"", ""2"": ""rx_and_data_rate""}, ""gw-2"": {""1"": ""blocked"", ""2"": ""rx_and_data_rate""}}"
2025-04-05 01:00:33,"{""gw-3"": {""1"": ""rx_and_data_rate"", ""2"": ""blocked""}, ""gw-2"": {""1"": ""rx_and_data_rate"", ""2"": ""blocked""}}"
2025-04-05 01:00:34,"{""gw-3"": {""1"": ""blocked"", ""2"": ""rx_and_data_rate""}}"
2025-04-05 01:00:35,"{""gw-1"": {""1"": ""blocked"", ""2"": ""rx_and_data_rate""}, ""gw-2"": {""1"": ""blocked"", ""2"": ""rx_and_data_rate""}}"
2025-04-05 01:00:38,"{""gw-3"": {""1"": ""blocked"", ""2"": ""rx_and_data_rate""}}"
2025-04-05 01:00:39,"{""gw-3"": {""1"": ""blocked"", ""2"": ""blocked""}}"
2025-04-05 01:00:43,"{""gw-2"": {""1"": ""conflict"", ""2"": ""rx_and_data_rate""}}"
2025-04-05 01:00:44,"{""gw-1"": {""1"": ""rx_and_data_rate"", ""2"": ""blocked""}}"
2025-04-05 01:00:55,"{""gw-2"": {""1"": ""conflict"", ""2"": ""conflict""}}"
2025-04-05 01:00:59,"{""gw-1"": {""1"": ""rx_and_data_rate"", ""2"": ""blocked""}}"
2025-04-05 01:01:00,"{""gw-3"": {""1"": ""blocked"", ""2"": ""blocked""}, ""gw-1"": {""1"": ""blocked"", ""2"": ""blocked""}}"
2025-04-05 01:01:01,"{""gw-2"": {""1"": ""blocked"", ""2"": ""blocked""}}"
2025-04-05 01:01:02,"{""gw-1"": {""1"": ""blocked"", ""2"": ""rx_and_data_rate""}}"
2025-04-05 01:01:02,"{""gw-1"": {""1"": ""rx_and_data_rate"", ""2"": ""blocked""}, ""gw-2"": {""1"": ""rx_and_data_rate"", ""2"": ""blocked""}}"
2025-04-05 01:01:03,"{""gw-1"": {""1"": ""rx_and_data_rate"", ""2"": ""blocked""}}"
2025-04-05 01:01:04,"{""gw-2"": {""1"": ""rx_and_data_rate"", ""2"": ""blocked""}}"
2025-04-05 01:01:04,"{""gw-3"": {""1"": ""blocked"", ""2"": ""conflict""}}"
2025-04-05 01:01:04,"{""gw-2"": {""1"": ""rx_and_data_rate"", ""2"": ""blocked""}, ""gw-1"": {""1"": ""rx_and_data_rate"", ""2"": ""blocked""}}"
2025-04-05 01:01:09,"{""gw-3"": {""1"": ""rx_and_data_rate"", ""2"": ""blocked""}}"
2025-04-05 01:01:11,"{""gw-2"": {""1"": ""rx_and_data_rate"", ""2"": ""blocked""}}"
2025-04-05 01:01:17,"{""gw-2"": {""1"": ""rx_and_data_rate"", ""2"": ""blocked""}, ""gw-3"": {""1"": ""rx_and_data_rate"", ""2"": ""conflict""}}"
2025-04-05 01:01:21,"{""gw-2"": {""1"": ""rx_and_data_rate"", ""2"": ""conflict""}}"
2025-04-05 01:01:22,"{""gw-2"": {""1"": ""rx_and_data_rate"", ""2"": ""blocked""}}"
2025-04-05 01:01:24,"{""gw-1"": {""1"": ""blocked"", ""2"": ""blocked""}}"
2025-04-05 01:01:24,"{""gw-2"": {""1"": ""blocked"", ""2"": ""blocked""}, ""gw-3"": {""1"": ""blocked"", ""2"": ""blocked""}}"
2025-04-05 01:01:25,"{""gw-3"": {""1"": ""blocked"", ""2"": ""rx_and_data_rate""}}"
2025-04-05 01:01:26,"{""gw-1"": {""1"": ""blocked"", ""2"": ""rx_and_data_rate""}, ""gw-2"": {""1"": ""blocked"", ""2"": ""rx_and_data_rate""}}"
2025-04-05 01:01:26,"{""gw-1"": {""1"": ""rx_and_data_rate"", ""2"": ""blocked""}, ""gw-2"": {""1"": ""rx_and_data_rate"", ""2"": ""blocked""}}"
2025-04-05 01:01:28,"{""gw-2"": {""1"": ""blocked"", ""2"": ""blocked""}}"
2025-04-05 01:01:33,"{""gw-2"": {""1"": ""conflict"", ""2"": ""rx_and_data_rate""}}"
2025-04-05 01:01:33,"{""gw-2"": {""1"": ""conflict"", ""2"": ""rx_and_data_rate""}}"
2025-04-05 01:01:36,"{""gw-1"": {""1"": ""rx_and_data_rate"", ""2"": ""conflict""}}"
2025-04-05 01:01:36,"{""gw-3"": {""1"": ""rx_and_data_rate"", ""2"": ""blocked""}, ""gw-2"": {""1"": ""rx_and_data_rate"", ""2"": ""blocked""}, ""gw-1"": {""1"": ""rx_and_data_rate"", ""2"": ""blocked""}}"
2025-04-05 01:01:38,"{""gw-2"": {""1"": ""rx_and_data_rate"", ""2"": ""blocked""}}"
2025-04-05 01:01:39,"{""gw-2"": {""1"": ""rx_and_data_rate"", ""2"": ""blocked""}}"
2025-04-05 01:01:40,"{""gw-1"": {""1"": ""blocked"", ""2"": ""rx_and_data_rate""}}"
2025-04-05 01:01:41,"{""gw-2"": {""1"": ""rx_and_data_rate"", ""2"": ""blocked""}}"
2025-04-05 01:01:44,"{""gw-1"": {""1"": ""rx_and_data_rate"", ""2"": ""blocked""}}"
2025-04-05 01:01:44,"{""gw-1"": {""1"": ""blocked"", ""2"": ""rx_and_data_rate""}}"
2025-04-05 01:01:44,"{""gw-2"": {""1"": ""blocked"", ""2"": ""rx_and_data_rate""}, ""gw-3"": {""1"": ""blocked"", ""2"": ""rx_and_data_rate""}}"
2025-04-05 01:01:44,"{""gw-2"": {""1"": ""blocked"", ""2"": ""rx_and_data_rate""}}"
2025-04-05 01:01:45,"{""gw-1"": {""1"": ""blocked"", ""2"": ""rx_and_data_rate""}, ""gw-3"": {""1"": ""blocked"", ""2"": ""rx_and_data_rate""}, ""gw-2"": {""1"": ""blocked"", ""2"": ""rx_and_data_rate""}}"
2025-04-05 01:01:48,"{""gw-2"": {""1"": ""rx_and_data_rate"", ""2"": ""blocked""}}"
2025-04-05 01:01:49,"{""gw-3"": {""1"": ""blocked"", ""2"": ""rx_and_data_rate""}}"
2025-04-05 01:01:51,"{""gw-2"": {""1"": ""rx_and_data_rate"", ""2"": ""blocked""}}"
2025-04-05 01:01:55,"{""gw-1"": {""1"": ""blocked"", ""2"": ""rx_and_data_rate""}, ""gw-3"": {""1"": ""blocked"", ""2"": ""rx_and_data_rate""}}"
2025-04-05 01:01:58,"{""gw-3"": {""1"": ""rx_and_data_rate"", ""2"": ""conflict""}}"
2025-04-05 01:01:58,"{""gw-3"": {""1"": ""conflict"", ""2"": ""conflict""}, ""gw-1"": {""1"": ""blocked"", ""2"": ""blocked""}}"
2025-04-05 01:02:02,"{""gw-3"": {""1"": ""blocked"", ""2"": ""rx_and_data_rate""}}"
2025-04-05 01:02:03,"{""gw-2"": {""1"": ""rx_and_data_rate"", ""2"": ""blocked""}}"
2025-04-05 01:02:06,"{""gw-1"": {""1"": ""rx_and_data_rate"", ""2"": ""blocked""}}"
2025-04-05 01:02:13,"{""gw-2"": {""1"": ""rx_and_data_rate"", ""2"": ""blocked""}}"
2025-04-05 01:02:17,"{""gw-1"": {""1"": ""rx_and_data_rate"", ""2"": ""blocked""}}"
2025-04-05 01:02:17,"{""gw-1"": {""1"": ""blocked"", ""2"": ""rx_and_data_rate""}}"
2025-04-05 01:02:18,"{""gw-2"": {""1"": ""rx_and_data_rate"", ""2"": ""blocked""}, ""gw-1"": {""1"": ""rx_and_data_rate"", ""2"": ""blocked""}}"
2025-04-05 01:02:18,"{""gw-1"": {""1"": ""blocked"", ""2"": ""rx_and_data_rate""}}"
2025-04-05 01:02:22,"{""gw-3"": {""1"": ""rx_and_data_rate"", ""2"": ""blocked""}}"
2025-04-05 01:02:22,"{""gw-1"": {""1"": ""blocked"", ""2"": ""blocked""}, ""gw-2"": {""1"": ""blocked"", ""2"": ""blocked""}}"
2025-04-05 01:02:22,"{""gw-3"": {""1"": ""blocked"", ""2"": ""rx_and_data_rate""}, ""gw-1"": {""1"": ""blocked"", ""2"": ""rx_and_data_rate""}, ""gw-2"": {""1"": ""blocked"", ""2"": ""rx_and_data_rate""}}"
2025-04-05 01:02:23,"{""gw-3"": {""1"": ""blocked"", ""2"": ""blocked""}}"
2025-04-05 01:02:24,"{""gw-3"": {""1"": ""blocked"", ""2"": ""rx_and_data_rate""}, ""gw-2"": {""1"": ""blocked"", ""2"": ""rx_and_data_rate""}}"
2025-04-05 01:02:24,"{""gw-1"": {""1"": ""blocked"", ""2"": ""rx_and_data_rate""}}"
2025-04-05 01:02:25,"{""gw-2"": {""1"": ""rx_and_data_rate"", ""2"": ""blocked""}, ""gw-3"": {""1"": ""rx_and_data_rate"", ""2"": ""blocked""}}"
2025-04-05 01:02:25,"{""gw-3"": {""1"": ""blocked"", ""2"": ""rx_and_data_rate""}}"
2025-04-05 01:02:32,"{""gw-3"": {""1"": ""blocked"", ""2"": ""rx_and_data_rate""}}"
2025-04-05 01:02:33,"{""gw-1"": {""1"": ""blocked"", ""2"": ""rx_and_data_rate""}, ""gw-2"": {""1"": ""conflict"", ""2"": ""rx_and_data_rate""}}"
2025-04-05 01:02:35,"{""gw-3"": {""1"": ""rx_and_data_rate"", ""2"": ""blocked""}}"
2025-04-05 01:02:35,"{""gw-3"": {""1"": ""rx_and_data_rate"", ""2"": ""blocked""}}"
2025-04-05 01:02:36,"{""gw-2"": {""1"": ""rx_and_data_rate"", ""2"": ""blocked""}, ""gw-3"": {""1"": ""rx_and_data_rate"", ""2"": ""blocked""}}"
2025-04-05 01:02:37,"{""gw-1"": {""1"": ""conflict"", ""2"": ""rx_and_data_rate""}, ""gw-3"": {""1"": ""blocked"", ""2"": ""rx_and_data_rate""}}"
2025-04-05 01:02:38,"{""gw-3"": {""1"": ""blocked"", ""2"": ""rx_and_data_rate""}}"
